# all-quad mesh
v -1.24 -1.24 0
v -1.085 -1.24 0
v -1.085 -1.1625 0
v -1.1625 -1.1625 0
v -1.085 -1.085 0
v -1.1625 -1.085 0
v -1.24 -1.085 0
v -1.24 1.085 0
v -1.1625 1.085 0
v -1.1625 1.1625 0
v -1.24 1.24 0
v -1.085 1.085 0
v -1.085 1.1625 0
v -1.085 1.24 0
v -0.93 -1.24 0
v -1.0075 -1.1625 0
v -0.93 -1.085 0
v -1.0075 -1.085 0
v -1.0075 1.085 0
v -1.0075 1.1625 0
v -0.93 1.085 0
v -0.93 1.24 0
v -0.775 -1.24 0
v -0.775 -1.1625 0
v -0.8525 -1.1625 0
v -0.775 -1.085 0
v -0.8525 -1.085 0
v -0.8525 1.085 0
v -0.8525 1.1625 0
v -0.775 1.085 0
v -0.775 1.1625 0
v -0.775 1.24 0
v -0.62 -1.24 0
v -0.6975 -1.1625 0
v -0.62 -1.085 0
v -0.6975 -1.085 0
v -0.775 -0.62 0
v -0.6975 -0.62 0
v -0.6975 -0.5425 0
v -0.775 -0.5425 0
v -0.62 -0.62 0
v -0.62 -0.5425 0
v -0.62 -0.465 0
v -0.6975 -0.465 0
v -0.775 -0.465 0
v -0.6975 -0.3875 0
v -0.775 -0.3875 0
v -0.62 -0.3875 0
v -0.62 -0.31 0
v -0.6975 -0.31 0
v -0.775 -0.31 0
v -0.6975 -0.2325 0
v -0.775 -0.2325 0
v -0.62 -0.2325 0
v -0.62 -0.155 0
v -0.6975 -0.155 0
v -0.775 -0.155 0
v -0.6975 -0.0775 0
v -0.775 -0.0775 0
v -0.62 -0.0775 0
v -0.62 0 0
v -0.6975 0 0
v -0.775 0 0
v -0.6975 0.0775 0
v -0.775 0.0775 0
v -0.62 0.0775 0
v -0.62 0.155 0
v -0.6975 0.155 0
v -0.775 0.155 0
v -0.6975 0.2325 0
v -0.775 0.2325 0
v -0.62 0.2325 0
v -0.62 0.31 0
v -0.6975 0.31 0
v -0.775 0.31 0
v -0.6975 0.3875 0
v -0.775 0.3875 0
v -0.62 0.3875 0
v -0.62 0.465 0
v -0.6975 0.465 0
v -0.775 0.465 0
v -0.6975 0.5425 0
v -0.775 0.5425 0
v -0.62 0.5425 0
v -0.62 0.62 0
v -0.6975 0.62 0
v -0.775 0.62 0
v -0.6975 1.085 0
v -0.6975 1.1625 0
v -0.62 1.085 0
v -0.62 1.24 0
v -0.465 -1.24 0
v -0.465 -1.1625 0
v -0.5425 -1.1625 0
v -0.465 -1.085 0
v -0.5425 -1.085 0
v -0.5425 -0.62 0
v -0.5425 -0.5425 0
v -0.465 -0.62 0
v -0.465 -0.5425 0
v -0.465 -0.465 0
v -0.5425 -0.465 0
v -0.5425 0.465 0
v -0.5425 0.5425 0
v -0.465 0.465 0
v -0.465 0.5425 0
v -0.465 0.62 0
v -0.5425 0.62 0
v -0.5425 1.085 0
v -0.5425 1.1625 0
v -0.465 1.085 0
v -0.465 1.1625 0
v -0.465 1.24 0
v -0.31 -1.24 0
v -0.3875 -1.1625 0
v -0.31 -1.085 0
v -0.3875 -1.085 0
v -0.3875 0.465 0
v -0.3875 0.5425 0
v -0.31 0.465 0
v -0.31 0.5425 0
v -0.31 0.62 0
v -0.3875 0.62 0
v -0.3875 1.085 0
v -0.3875 1.1625 0
v -0.31 1.085 0
v -0.31 1.24 0
v -0.155 -1.24 0
v -0.155 -1.1625 0
v -0.2325 -1.1625 0
v -0.155 -1.085 0
v -0.2325 -1.085 0
v -0.2325 1.085 0
v -0.2325 1.1625 0
v -0.155 1.085 0
v -0.155 1.1625 0
v -0.155 1.24 0
v -0 -1.24 0
v -0.0775 -1.1625 0
v 0 -1.085 0
v -0.0775 -1.085 0
v -0.155 -0.155 0
v -0.0775 -0.155 0
v -0.0775 -0.0775 0
v -0.155 -0.0775 0
v 0 -0.155 0
v 0 -0.0775 0
v 0 0 0
v -0.0775 0 0
v -0.155 0 0
v -0.0775 1.085 0
v -0.0775 1.1625 0
v 0 1.085 0
v -0 1.24 0
v 0.155 -1.24 0
v 0.155 -1.1625 0
v 0.0775 -1.1625 0
v 0.155 -1.085 0
v 0.0775 -1.085 0
v 0.0775 1.085 0
v 0.0775 1.1625 0
v 0.155 1.085 0
v 0.155 1.1625 0
v 0.155 1.24 0
v 0.31 -1.24 0
v 0.2325 -1.1625 0
v 0.31 -1.085 0
v 0.2325 -1.085 0
v 0.2325 1.085 0
v 0.2325 1.1625 0
v 0.31 1.085 0
v 0.31 1.24 0
v 0.465 -1.24 0
v 0.465 -1.1625 0
v 0.3875 -1.1625 0
v 0.465 -1.085 0
v 0.3875 -1.085 0
v 0.31 -0.62 0
v 0.3875 -0.62 0
v 0.3875 -0.5425 0
v 0.31 -0.5425 0
v 0.465 -0.62 0
v 0.465 -0.5425 0
v 0.465 -0.465 0
v 0.3875 -0.465 0
v 0.31 -0.465 0
v 0.3875 1.085 0
v 0.3875 1.1625 0
v 0.465 1.085 0
v 0.465 1.1625 0
v 0.465 1.24 0
v 0.62 -1.24 0
v 0.5425 -1.1625 0
v 0.62 -1.085 0
v 0.5425 -1.085 0
v 0.5425 -0.62 0
v 0.5425 -0.5425 0
v 0.62 -0.62 0
v 0.62 -0.5425 0
v 0.62 -0.465 0
v 0.5425 -0.465 0
v 0.465 0.465 0
v 0.5425 0.465 0
v 0.5425 0.5425 0
v 0.465 0.5425 0
v 0.62 0.465 0
v 0.62 0.5425 0
v 0.62 0.62 0
v 0.5425 0.62 0
v 0.465 0.62 0
v 0.5425 1.085 0
v 0.5425 1.1625 0
v 0.62 1.085 0
v 0.62 1.24 0
v 0.775 -1.24 0
v 0.775 -1.1625 0
v 0.6975 -1.1625 0
v 0.775 -1.085 0
v 0.6975 -1.085 0
v 0.6975 -0.62 0
v 0.6975 -0.5425 0
v 0.775 -0.62 0
v 0.775 -0.5425 0
v 0.775 -0.465 0
v 0.6975 -0.465 0
v 0.6975 -0.3875 0
v 0.62 -0.3875 0
v 0.775 -0.3875 0
v 0.775 -0.31 0
v 0.6975 -0.31 0
v 0.62 -0.31 0
v 0.6975 -0.2325 0
v 0.62 -0.2325 0
v 0.775 -0.2325 0
v 0.775 -0.155 0
v 0.6975 -0.155 0
v 0.62 -0.155 0
v 0.6975 -0.0775 0
v 0.62 -0.0775 0
v 0.775 -0.0775 0
v 0.775 -0 0
v 0.6975 -0 0
v 0.62 -0 0
v 0.6975 0.0775 0
v 0.62 0.0775 0
v 0.775 0.0775 0
v 0.775 0.155 0
v 0.6975 0.155 0
v 0.62 0.155 0
v 0.6975 0.2325 0
v 0.62 0.2325 0
v 0.775 0.2325 0
v 0.775 0.31 0
v 0.6975 0.31 0
v 0.62 0.31 0
v 0.6975 0.3875 0
v 0.62 0.3875 0
v 0.775 0.3875 0
v 0.775 0.465 0
v 0.6975 0.465 0
v 0.6975 0.5425 0
v 0.775 0.5425 0
v 0.775 0.62 0
v 0.6975 0.62 0
v 0.6975 1.085 0
v 0.6975 1.1625 0
v 0.775 1.085 0
v 0.775 1.1625 0
v 0.775 1.24 0
v 0.93 -1.24 0
v 0.8525 -1.1625 0
v 0.93 -1.085 0
v 0.8525 -1.085 0
v 0.8525 1.085 0
v 0.8525 1.1625 0
v 0.93 1.085 0
v 0.93 1.24 0
v 1.085 -1.24 0
v 1.085 -1.1625 0
v 1.0075 -1.1625 0
v 1.085 -1.085 0
v 1.0075 -1.085 0
v 1.0075 1.085 0
v 1.0075 1.1625 0
v 1.085 1.085 0
v 1.085 1.1625 0
v 1.085 1.24 0
v 1.24 -1.24 0
v 1.1625 -1.1625 0
v 1.24 -1.085 0
v 1.1625 -1.085 0
v 1.1625 1.085 0
v 1.1625 1.1625 0
v 1.24 1.085 0
v 1.24 1.24 0
v -1.1625 -1.0075 0
v -1.24 -1.0075 0
v -1.1625 -0.93 0
v -1.24 -0.93 0
v -1.1625 -0.8525 0
v -1.24 -0.8525 0
v -1.1625 -0.775 0
v -1.24 -0.775 0
v -1.1625 -0.6975 0
v -1.24 -0.6975 0
v -1.1625 -0.62 0
v -1.24 -0.62 0
v -1.1625 -0.5425 0
v -1.24 -0.5425 0
v -1.1625 -0.465 0
v -1.24 -0.465 0
v -1.1625 -0.3875 0
v -1.24 -0.3875 0
v -1.1625 -0.31 0
v -1.24 -0.31 0
v -1.1625 -0.2325 0
v -1.24 -0.2325 0
v -1.1625 -0.155 0
v -1.24 -0.155 0
v -1.1625 -0.0775 0
v -1.24 -0.0775 0
v -1.1625 0 0
v -1.24 0 0
v -1.1625 0.0775 0
v -1.24 0.0775 0
v -1.1625 0.155 0
v -1.24 0.155 0
v -1.1625 0.2325 0
v -1.24 0.2325 0
v -1.1625 0.31 0
v -1.24 0.31 0
v -1.1625 0.3875 0
v -1.24 0.3875 0
v -1.1625 0.465 0
v -1.24 0.465 0
v -1.1625 0.5425 0
v -1.24 0.5425 0
v -1.1625 0.62 0
v -1.24 0.62 0
v -1.1625 0.6975 0
v -1.24 0.6975 0
v -1.1625 0.775 0
v -1.24 0.775 0
v -1.1625 0.8525 0
v -1.24 0.8525 0
v -1.1625 0.93 0
v -1.24 0.93 0
v -1.1625 1.0075 0
v -1.24 1.0075 0
v -1.085 -1.0075 0
v -1.085 -0.96875 0
v -1.12375 -0.96875 0
v -1.085 -0.93 0
v -1.12375 -0.93 0
v -1.12375 -0.89125 0
v -1.085 -0.89125 0
v -1.085 -0.8525 0
v -1.085 -0.81375 0
v -1.12375 -0.81375 0
v -1.085 -0.775 0
v -1.12375 -0.775 0
v -1.12375 -0.73625 0
v -1.085 -0.73625 0
v -1.085 -0.6975 0
v -1.085 -0.65875 0
v -1.12375 -0.65875 0
v -1.085 -0.62 0
v -1.12375 -0.62 0
v -1.12375 -0.58125 0
v -1.085 -0.58125 0
v -1.085 -0.5425 0
v -1.085 -0.50375 0
v -1.12375 -0.50375 0
v -1.085 -0.465 0
v -1.12375 -0.465 0
v -1.12375 -0.42625 0
v -1.085 -0.42625 0
v -1.085 -0.3875 0
v -1.085 -0.34875 0
v -1.12375 -0.34875 0
v -1.085 -0.31 0
v -1.12375 -0.31 0
v -1.12375 -0.27125 0
v -1.085 -0.27125 0
v -1.085 -0.2325 0
v -1.085 -0.19375 0
v -1.12375 -0.19375 0
v -1.085 -0.155 0
v -1.12375 -0.155 0
v -1.12375 -0.11625 0
v -1.085 -0.11625 0
v -1.085 -0.0775 0
v -1.085 -0.03875 0
v -1.12375 -0.03875 0
v -1.085 0 0
v -1.12375 0 0
v -1.12375 0.03875 0
v -1.085 0.03875 0
v -1.085 0.0775 0
v -1.085 0.11625 0
v -1.12375 0.11625 0
v -1.085 0.155 0
v -1.12375 0.155 0
v -1.12375 0.19375 0
v -1.085 0.19375 0
v -1.085 0.2325 0
v -1.085 0.27125 0
v -1.12375 0.27125 0
v -1.085 0.31 0
v -1.12375 0.31 0
v -1.12375 0.34875 0
v -1.085 0.34875 0
v -1.085 0.3875 0
v -1.085 0.42625 0
v -1.12375 0.42625 0
v -1.085 0.465 0
v -1.12375 0.465 0
v -1.12375 0.50375 0
v -1.085 0.50375 0
v -1.085 0.5425 0
v -1.085 0.58125 0
v -1.12375 0.58125 0
v -1.085 0.62 0
v -1.12375 0.62 0
v -1.12375 0.65875 0
v -1.085 0.65875 0
v -1.085 0.6975 0
v -1.085 0.73625 0
v -1.12375 0.73625 0
v -1.085 0.775 0
v -1.12375 0.775 0
v -1.12375 0.81375 0
v -1.085 0.81375 0
v -1.085 0.8525 0
v -1.085 0.89125 0
v -1.12375 0.89125 0
v -1.085 0.93 0
v -1.12375 0.93 0
v -1.12375 0.96875 0
v -1.085 0.96875 0
v -1.085 1.0075 0
v -1.0075 -1.0075 0
v -1.04625 -0.96875 0
v -1.0075 -0.93 0
v -1.04625 -0.93 0
v -1.04625 0.93 0
v -1.04625 0.96875 0
v -1.0075 0.93 0
v -1.0075 1.0075 0
v -0.93 -1.0075 0
v -0.93 -0.96875 0
v -0.96875 -0.96875 0
v -0.93 -0.93 0
v -0.96875 -0.93 0
v -0.96875 0.93 0
v -0.96875 0.96875 0
v -0.93 0.93 0
v -0.93 0.96875 0
v -0.93 1.0075 0
v -0.8525 -1.0075 0
v -0.89125 -0.96875 0
v -0.8525 -0.93 0
v -0.89125 -0.93 0
v -0.93 -0.6975 0
v -0.89125 -0.6975 0
v -0.89125 -0.65875 0
v -0.93 -0.65875 0
v -0.8525 -0.6975 0
v -0.8525 -0.65875 0
v -0.8525 -0.62 0
v -0.89125 -0.62 0
v -0.93 -0.62 0
v -0.89125 -0.58125 0
v -0.93 -0.58125 0
v -0.8525 -0.5425 0
v -0.93 -0.5425 0
v -0.89125 -0.50375 0
v -0.93 -0.50375 0
v -0.8525 -0.465 0
v -0.89125 -0.465 0
v -0.93 -0.465 0
v -0.89125 -0.42625 0
v -0.93 -0.42625 0
v -0.8525 -0.3875 0
v -0.93 -0.3875 0
v -0.89125 -0.34875 0
v -0.93 -0.34875 0
v -0.8525 -0.31 0
v -0.89125 -0.31 0
v -0.93 -0.31 0
v -0.89125 -0.27125 0
v -0.93 -0.27125 0
v -0.8525 -0.2325 0
v -0.93 -0.2325 0
v -0.89125 -0.19375 0
v -0.93 -0.19375 0
v -0.8525 -0.155 0
v -0.89125 -0.155 0
v -0.93 -0.155 0
v -0.89125 -0.11625 0
v -0.93 -0.11625 0
v -0.8525 -0.0775 0
v -0.93 -0.0775 0
v -0.89125 -0.03875 0
v -0.93 -0.03875 0
v -0.8525 0 0
v -0.89125 0 0
v -0.93 0 0
v -0.89125 0.03875 0
v -0.93 0.03875 0
v -0.8525 0.0775 0
v -0.93 0.0775 0
v -0.89125 0.11625 0
v -0.93 0.11625 0
v -0.8525 0.155 0
v -0.89125 0.155 0
v -0.93 0.155 0
v -0.89125 0.19375 0
v -0.93 0.19375 0
v -0.8525 0.2325 0
v -0.93 0.2325 0
v -0.89125 0.27125 0
v -0.93 0.27125 0
v -0.8525 0.31 0
v -0.89125 0.31 0
v -0.93 0.31 0
v -0.89125 0.34875 0
v -0.93 0.34875 0
v -0.8525 0.3875 0
v -0.93 0.3875 0
v -0.89125 0.42625 0
v -0.93 0.42625 0
v -0.8525 0.465 0
v -0.89125 0.465 0
v -0.93 0.465 0
v -0.89125 0.50375 0
v -0.93 0.50375 0
v -0.8525 0.5425 0
v -0.93 0.5425 0
v -0.89125 0.58125 0
v -0.93 0.58125 0
v -0.8525 0.62 0
v -0.89125 0.62 0
v -0.93 0.62 0
v -0.89125 0.65875 0
v -0.93 0.65875 0
v -0.8525 0.65875 0
v -0.8525 0.6975 0
v -0.89125 0.6975 0
v -0.93 0.6975 0
v -0.89125 0.93 0
v -0.89125 0.96875 0
v -0.8525 0.93 0
v -0.8525 1.0075 0
v -0.775 -1.0075 0
v -0.775 -0.96875 0
v -0.81375 -0.96875 0
v -0.775 -0.93 0
v -0.81375 -0.93 0
v -0.81375 -0.6975 0
v -0.81375 -0.65875 0
v -0.775 -0.6975 0
v -0.81375 0.65875 0
v -0.775 0.6975 0
v -0.81375 0.6975 0
v -0.81375 0.93 0
v -0.81375 0.96875 0
v -0.775 0.93 0
v -0.775 0.96875 0
v -0.775 1.0075 0
v -0.6975 -1.0075 0
v -0.73625 -0.96875 0
v -0.6975 -0.93 0
v -0.73625 -0.93 0
v -0.73625 -0.6975 0
v -0.73625 -0.65875 0
v -0.6975 -0.6975 0
v -0.6975 -0.65875 0
v -0.6975 0.65875 0
v -0.73625 0.65875 0
v -0.6975 0.6975 0
v -0.73625 0.6975 0
v -0.73625 0.93 0
v -0.73625 0.96875 0
v -0.6975 0.93 0
v -0.6975 1.0075 0
v -0.62 -1.0075 0
v -0.62 -0.96875 0
v -0.65875 -0.96875 0
v -0.62 -0.93 0
v -0.65875 -0.93 0
v -0.65875 -0.6975 0
v -0.65875 -0.65875 0
v -0.62 -0.6975 0
v -0.65875 0.65875 0
v -0.62 0.6975 0
v -0.65875 0.6975 0
v -0.65875 0.93 0
v -0.65875 0.96875 0
v -0.62 0.93 0
v -0.62 0.96875 0
v -0.62 1.0075 0
v -0.5425 -1.0075 0
v -0.58125 -0.96875 0
v -0.5425 -0.93 0
v -0.58125 -0.93 0
v -0.58125 -0.6975 0
v -0.58125 -0.65875 0
v -0.5425 -0.6975 0
v -0.5425 -0.65875 0
v -0.5425 -0.3875 0
v -0.5425 -0.31 0
v -0.5425 -0.2325 0
v -0.5425 -0.155 0
v -0.5425 -0.0775 0
v -0.5425 0 0
v -0.5425 0.0775 0
v -0.5425 0.155 0
v -0.5425 0.2325 0
v -0.5425 0.31 0
v -0.5425 0.3875 0
v -0.5425 0.65875 0
v -0.58125 0.65875 0
v -0.5425 0.6975 0
v -0.58125 0.6975 0
v -0.58125 0.93 0
v -0.58125 0.96875 0
v -0.5425 0.93 0
v -0.5425 1.0075 0
v -0.465 -1.0075 0
v -0.465 -0.96875 0
v -0.50375 -0.96875 0
v -0.465 -0.93 0
v -0.50375 -0.93 0
v -0.50375 -0.6975 0
v -0.50375 -0.65875 0
v -0.465 -0.6975 0
v -0.465 -0.3875 0
v -0.465 -0.34875 0
v -0.50375 -0.34875 0
v -0.465 -0.31 0
v -0.50375 -0.31 0
v -0.50375 -0.27125 0
v -0.465 -0.27125 0
v -0.465 -0.2325 0
v -0.465 -0.19375 0
v -0.50375 -0.19375 0
v -0.465 -0.155 0
v -0.50375 -0.155 0
v -0.50375 -0.11625 0
v -0.465 -0.11625 0
v -0.465 -0.0775 0
v -0.465 -0.03875 0
v -0.50375 -0.03875 0
v -0.465 0 0
v -0.50375 0 0
v -0.50375 0.03875 0
v -0.465 0.03875 0
v -0.465 0.0775 0
v -0.465 0.11625 0
v -0.50375 0.11625 0
v -0.465 0.155 0
v -0.50375 0.155 0
v -0.50375 0.19375 0
v -0.465 0.19375 0
v -0.465 0.2325 0
v -0.465 0.27125 0
v -0.50375 0.27125 0
v -0.465 0.31 0
v -0.50375 0.31 0
v -0.50375 0.34875 0
v -0.465 0.34875 0
v -0.465 0.3875 0
v -0.50375 0.65875 0
v -0.465 0.6975 0
v -0.50375 0.6975 0
v -0.50375 0.93 0
v -0.50375 0.96875 0
v -0.465 0.93 0
v -0.465 0.96875 0
v -0.465 1.0075 0
v -0.3875 -1.0075 0
v -0.42625 -0.96875 0
v -0.3875 -0.93 0
v -0.42625 -0.93 0
v -0.42625 -0.6975 0
v -0.42625 -0.65875 0
v -0.3875 -0.6975 0
v -0.3875 -0.65875 0
v -0.3875 -0.62 0
v -0.3875 -0.5425 0
v -0.3875 -0.465 0
v -0.3875 -0.42625 0
v -0.42625 -0.42625 0
v -0.3875 -0.3875 0
v -0.42625 -0.3875 0
v -0.42625 0.3875 0
v -0.42625 0.42625 0
v -0.3875 0.3875 0
v -0.3875 0.42625 0
v -0.3875 0.65875 0
v -0.42625 0.65875 0
v -0.3875 0.6975 0
v -0.42625 0.6975 0
v -0.42625 0.93 0
v -0.42625 0.96875 0
v -0.3875 0.93 0
v -0.3875 1.0075 0
v -0.31 -1.0075 0
v -0.31 -0.96875 0
v -0.34875 -0.96875 0
v -0.31 -0.93 0
v -0.34875 -0.93 0
v -0.34875 -0.6975 0
v -0.34875 -0.65875 0
v -0.31 -0.6975 0
v -0.31 -0.62 0
v -0.31 -0.5425 0
v -0.31 -0.50375 0
v -0.34875 -0.50375 0
v -0.31 -0.465 0
v -0.34875 -0.465 0
v -0.34875 -0.42625 0
v -0.31 -0.42625 0
v -0.31 -0.3875 0
v -0.34875 -0.3875 0
v -0.34875 0.3875 0
v -0.34875 0.42625 0
v -0.31 0.3875 0
v -0.34875 0.65875 0
v -0.31 0.6975 0
v -0.34875 0.6975 0
v -0.34875 0.93 0
v -0.34875 0.96875 0
v -0.31 0.93 0
v -0.31 0.96875 0
v -0.31 1.0075 0
v -0.2325 -1.0075 0
v -0.27125 -0.96875 0
v -0.2325 -0.93 0
v -0.27125 -0.93 0
v -0.27125 -0.6975 0
v -0.27125 -0.65875 0
v -0.2325 -0.6975 0
v -0.2325 -0.65875 0
v -0.2325 -0.62 0
v -0.2325 -0.5425 0
v -0.27125 -0.50375 0
v -0.2325 -0.465 0
v -0.27125 -0.465 0
v -0.27125 0.3875 0
v -0.27125 0.42625 0
v -0.2325 0.3875 0
v -0.2325 0.42625 0
v -0.2325 0.465 0
v -0.2325 0.5425 0
v -0.2325 0.62 0
v -0.2325 0.65875 0
v -0.27125 0.65875 0
v -0.2325 0.6975 0
v -0.27125 0.6975 0
v -0.27125 0.93 0
v -0.27125 0.96875 0
v -0.2325 0.93 0
v -0.2325 1.0075 0
v -0.155 -1.0075 0
v -0.155 -0.96875 0
v -0.19375 -0.96875 0
v -0.155 -0.93 0
v -0.19375 -0.93 0
v -0.19375 -0.6975 0
v -0.19375 -0.65875 0
v -0.155 -0.6975 0
v -0.155 -0.62 0
v -0.155 -0.5425 0
v -0.155 -0.50375 0
v -0.19375 -0.50375 0
v -0.155 -0.465 0
v -0.19375 -0.465 0
v -0.2325 -0.2325 0
v -0.19375 -0.2325 0
v -0.19375 -0.19375 0
v -0.2325 -0.19375 0
v -0.155 -0.2325 0
v -0.2325 -0.155 0
v -0.19375 -0.11625 0
v -0.2325 -0.11625 0
v -0.19375 -0.0775 0
v -0.2325 -0.0775 0
v -0.19375 -0.03875 0
v -0.2325 -0.03875 0
v -0.2325 0 0
v -0.19375 0.03875 0
v -0.2325 0.03875 0
v -0.155 0.0775 0
v -0.19375 0.0775 0
v -0.2325 0.0775 0
v -0.19375 0.11625 0
v -0.2325 0.11625 0
v -0.155 0.11625 0
v -0.155 0.155 0
v -0.19375 0.155 0
v -0.2325 0.155 0
v -0.19375 0.465 0
v -0.19375 0.50375 0
v -0.155 0.465 0
v -0.155 0.50375 0
v -0.155 0.5425 0
v -0.155 0.62 0
v -0.19375 0.65875 0
v -0.155 0.6975 0
v -0.19375 0.6975 0
v -0.19375 0.93 0
v -0.19375 0.96875 0
v -0.155 0.93 0
v -0.155 0.96875 0
v -0.155 1.0075 0
v -0.0775 -1.0075 0
v -0.11625 -0.96875 0
v -0.0775 -0.93 0
v -0.11625 -0.93 0
v -0.11625 -0.6975 0
v -0.11625 -0.65875 0
v -0.0775 -0.6975 0
v -0.0775 -0.65875 0
v -0.0775 -0.62 0
v -0.0775 -0.58125 0
v -0.11625 -0.58125 0
v -0.0775 -0.5425 0
v -0.11625 -0.5425 0
v -0.11625 -0.2325 0
v -0.11625 -0.19375 0
v -0.0775 -0.2325 0
v -0.0775 -0.19375 0
v -0.0775 0.0775 0
v -0.11625 0.11625 0
v -0.0775 0.155 0
v -0.11625 0.155 0
v -0.11625 0.19375 0
v -0.155 0.19375 0
v -0.0775 0.19375 0
v -0.0775 0.2325 0
v -0.11625 0.2325 0
v -0.155 0.2325 0
v -0.11625 0.465 0
v -0.11625 0.50375 0
v -0.0775 0.465 0
v -0.0775 0.50375 0
v -0.0775 0.5425 0
v -0.11625 0.5425 0
v -0.11625 0.58125 0
v -0.0775 0.58125 0
v -0.0775 0.62 0
v -0.0775 0.65875 0
v -0.11625 0.65875 0
v -0.0775 0.6975 0
v -0.11625 0.6975 0
v -0.11625 0.93 0
v -0.11625 0.96875 0
v -0.0775 0.93 0
v -0.0775 1.0075 0
v 0 -1.0075 0
v 0 -0.96875 0
v -0.03875 -0.96875 0
v 0 -0.93 0
v -0.03875 -0.93 0
v -0.03875 -0.6975 0
v -0.03875 -0.65875 0
v 0 -0.6975 0
v 0 -0.62 0
v -0.03875 -0.58125 0
v -0 -0.5425 0
v -0.03875 -0.5425 0
v -0.0775 -0.31 0
v -0.03875 -0.31 0
v -0.03875 -0.27125 0
v -0.0775 -0.27125 0
v 0 -0.31 0
v 0 -0.27125 0
v 0 -0.2325 0
v -0.03875 -0.2325 0
v -0.03875 -0.19375 0
v 0 0.0775 0
v 0 0.155 0
v -0.03875 0.19375 0
v -0 0.2325 0
v -0.03875 0.2325 0
v -0.03875 0.5425 0
v -0.03875 0.58125 0
v 0 0.5425 0
v 0 0.62 0
v -0.03875 0.65875 0
v 0 0.6975 0
v -0.03875 0.6975 0
v -0.03875 0.93 0
v -0.03875 0.96875 0
v 0 0.93 0
v 0 0.96875 0
v 0 1.0075 0
v 0.0775 -1.0075 0
v 0.03875 -0.96875 0
v 0.0775 -0.93 0
v 0.03875 -0.93 0
v 0.03875 -0.6975 0
v 0.03875 -0.65875 0
v 0.0775 -0.6975 0
v 0.0775 -0.65875 0
v 0.0775 -0.62 0
v 0.0775 -0.58125 0
v 0.03875 -0.58125 0
v 0.0775 -0.5425 0
v 0.03875 -0.5425 0
v 0.03875 -0.2325 0
v 0.03875 -0.19375 0
v 0.0775 -0.2325 0
v 0.0775 -0.19375 0
v 0.0775 -0.155 0
v 0.0775 -0.0775 0
v 0.0775 0 0
v 0.0775 0.0775 0
v 0.0775 0.155 0
v 0.0775 0.19375 0
v 0.03875 0.19375 0
v 0.0775 0.2325 0
v 0.03875 0.2325 0
v 0.03875 0.5425 0
v 0.03875 0.58125 0
v 0.0775 0.5425 0
v 0.0775 0.58125 0
v 0.0775 0.62 0
v 0.0775 0.65875 0
v 0.03875 0.65875 0
v 0.0775 0.6975 0
v 0.03875 0.6975 0
v 0.03875 0.93 0
v 0.03875 0.96875 0
v 0.0775 0.93 0
v 0.0775 1.0075 0
v 0.155 -1.0075 0
v 0.155 -0.96875 0
v 0.11625 -0.96875 0
v 0.155 -0.93 0
v 0.11625 -0.93 0
v 0.11625 -0.6975 0
v 0.11625 -0.65875 0
v 0.155 -0.6975 0
v 0.155 -0.62 0
v 0.11625 -0.58125 0
v 0.155 -0.5425 0
v 0.11625 -0.5425 0
v 0.11625 -0.50375 0
v 0.0775 -0.50375 0
v 0.155 -0.50375 0
v 0.155 -0.465 0
v 0.11625 -0.465 0
v 0.0775 -0.465 0
v 0.11625 -0.2325 0
v 0.11625 -0.19375 0
v 0.155 -0.2325 0
v 0.155 -0.19375 0
v 0.155 -0.155 0
v 0.11625 -0.155 0
v 0.11625 -0.11625 0
v 0.155 -0.11625 0
v 0.155 -0.0775 0
v 0.155 0 0
v 0.155 0.0775 0
v 0.155 0.11625 0
v 0.11625 0.11625 0
v 0.155 0.155 0
v 0.11625 0.155 0
v 0.11625 0.19375 0
v 0.155 0.19375 0
v 0.155 0.2325 0
v 0.11625 0.2325 0
v 0.11625 0.5425 0
v 0.11625 0.58125 0
v 0.155 0.5425 0
v 0.155 0.62 0
v 0.11625 0.65875 0
v 0.155 0.6975 0
v 0.11625 0.6975 0
v 0.11625 0.93 0
v 0.11625 0.96875 0
v 0.155 0.93 0
v 0.155 0.96875 0
v 0.155 1.0075 0
v 0.2325 -1.0075 0
v 0.19375 -0.96875 0
v 0.2325 -0.93 0
v 0.19375 -0.93 0
v 0.19375 -0.6975 0
v 0.19375 -0.65875 0
v 0.2325 -0.6975 0
v 0.2325 -0.65875 0
v 0.2325 -0.62 0
v 0.2325 -0.5425 0
v 0.19375 -0.50375 0
v 0.2325 -0.465 0
v 0.19375 -0.465 0
v 0.19375 -0.155 0
v 0.19375 -0.11625 0
v 0.2325 -0.155 0
v 0.2325 -0.11625 0
v 0.2325 -0.0775 0
v 0.19375 -0.0775 0
v 0.19375 -0.03875 0
v 0.2325 -0.03875 0
v 0.2325 0 0
v 0.2325 0.0775 0
v 0.19375 0.11625 0
v 0.2325 0.155 0
v 0.19375 0.155 0
v 0.19375 0.5425 0
v 0.19375 0.58125 0
v 0.2325 0.5425 0
v 0.2325 0.58125 0
v 0.2325 0.62 0
v 0.2325 0.65875 0
v 0.19375 0.65875 0
v 0.2325 0.6975 0
v 0.19375 0.6975 0
v 0.19375 0.93 0
v 0.19375 0.96875 0
v 0.2325 0.93 0
v 0.2325 1.0075 0
v 0.31 -1.0075 0
v 0.31 -0.96875 0
v 0.27125 -0.96875 0
v 0.31 -0.93 0
v 0.27125 -0.93 0
v 0.27125 -0.6975 0
v 0.27125 -0.65875 0
v 0.31 -0.6975 0
v 0.27125 -0.42625 0
v 0.2325 -0.42625 0
v 0.31 -0.3875 0
v 0.27125 -0.3875 0
v 0.2325 -0.3875 0
v 0.27125 -0.0775 0
v 0.27125 -0.03875 0
v 0.31 -0.0775 0
v 0.31 -0.03875 0
v 0.31 -0 0
v 0.27125 0 0
v 0.27125 0.03875 0
v 0.31 0.03875 0
v 0.31 0.0775 0
v 0.31 0.11625 0
v 0.27125 0.11625 0
v 0.31 0.155 0
v 0.27125 0.155 0
v 0.2325 0.465 0
v 0.27125 0.465 0
v 0.27125 0.50375 0
v 0.2325 0.50375 0
v 0.31 0.465 0
v 0.31 0.50375 0
v 0.31 0.5425 0
v 0.27125 0.5425 0
v 0.27125 0.58125 0
v 0.31 0.62 0
v 0.27125 0.65875 0
v 0.31 0.6975 0
v 0.27125 0.6975 0
v 0.27125 0.93 0
v 0.27125 0.96875 0
v 0.31 0.93 0
v 0.31 0.96875 0
v 0.31 1.0075 0
v 0.3875 -1.0075 0
v 0.34875 -0.96875 0
v 0.3875 -0.93 0
v 0.34875 -0.93 0
v 0.34875 -0.6975 0
v 0.34875 -0.65875 0
v 0.3875 -0.6975 0
v 0.3875 -0.65875 0
v 0.3875 -0.42625 0
v 0.34875 -0.42625 0
v 0.3875 -0.3875 0
v 0.34875 -0.3875 0
v 0.31 0.3875 0
v 0.34875 0.3875 0
v 0.34875 0.42625 0
v 0.31 0.42625 0
v 0.3875 0.3875 0
v 0.3875 0.42625 0
v 0.3875 0.465 0
v 0.34875 0.465 0
v 0.34875 0.50375 0
v 0.3875 0.5425 0
v 0.3875 0.62 0
v 0.3875 0.65875 0
v 0.34875 0.65875 0
v 0.3875 0.6975 0
v 0.34875 0.6975 0
v 0.34875 0.93 0
v 0.34875 0.96875 0
v 0.3875 0.93 0
v 0.3875 1.0075 0
v 0.465 -1.0075 0
v 0.465 -0.96875 0
v 0.42625 -0.96875 0
v 0.465 -0.93 0
v 0.42625 -0.93 0
v 0.42625 -0.6975 0
v 0.42625 -0.65875 0
v 0.465 -0.6975 0
v 0.42625 -0.42625 0
v 0.465 -0.3875 0
v 0.42625 -0.3875 0
v 0.3875 0.31 0
v 0.42625 0.31 0
v 0.42625 0.34875 0
v 0.3875 0.34875 0
v 0.465 0.31 0
v 0.465 0.34875 0
v 0.465 0.3875 0
v 0.42625 0.3875 0
v 0.42625 0.42625 0
v 0.42625 0.65875 0
v 0.465 0.6975 0
v 0.42625 0.6975 0
v 0.42625 0.93 0
v 0.42625 0.96875 0
v 0.465 0.93 0
v 0.465 0.96875 0
v 0.465 1.0075 0
v 0.5425 -1.0075 0
v 0.50375 -0.96875 0
v 0.5425 -0.93 0
v 0.50375 -0.93 0
v 0.50375 -0.6975 0
v 0.50375 -0.65875 0
v 0.5425 -0.6975 0
v 0.5425 -0.65875 0
v 0.5425 -0.3875 0
v 0.50375 -0.34875 0
v 0.465 -0.34875 0
v 0.5425 -0.31 0
v 0.50375 -0.31 0
v 0.465 -0.31 0
v 0.50375 -0.27125 0
v 0.465 -0.27125 0
v 0.5425 -0.2325 0
v 0.465 -0.2325 0
v 0.50375 -0.19375 0
v 0.465 -0.19375 0
v 0.5425 -0.155 0
v 0.50375 -0.155 0
v 0.465 -0.155 0
v 0.50375 -0.11625 0
v 0.465 -0.11625 0
v 0.5425 -0.0775 0
v 0.465 -0.0775 0
v 0.50375 -0.03875 0
v 0.465 -0.03875 0
v 0.5425 0 0
v 0.50375 0 0
v 0.465 -0 0
v 0.50375 0.31 0
v 0.50375 0.34875 0
v 0.5425 0.31 0
v 0.5425 0.3875 0
v 0.5425 0.65875 0
v 0.50375 0.65875 0
v 0.5425 0.6975 0
v 0.50375 0.6975 0
v 0.50375 0.93 0
v 0.50375 0.96875 0
v 0.5425 0.93 0
v 0.5425 1.0075 0
v 0.62 -1.0075 0
v 0.62 -0.96875 0
v 0.58125 -0.96875 0
v 0.62 -0.93 0
v 0.58125 -0.93 0
v 0.58125 -0.6975 0
v 0.58125 -0.65875 0
v 0.62 -0.6975 0
v 0.58125 0.03875 0
v 0.5425 0.03875 0
v 0.58125 0.0775 0
v 0.5425 0.0775 0
v 0.58125 0.11625 0
v 0.5425 0.11625 0
v 0.5425 0.155 0
v 0.58125 0.19375 0
v 0.5425 0.19375 0
v 0.58125 0.2325 0
v 0.5425 0.2325 0
v 0.58125 0.27125 0
v 0.5425 0.27125 0
v 0.58125 0.65875 0
v 0.62 0.6975 0
v 0.58125 0.6975 0
v 0.58125 0.93 0
v 0.58125 0.96875 0
v 0.62 0.93 0
v 0.62 0.96875 0
v 0.62 1.0075 0
v 0.6975 -1.0075 0
v 0.65875 -0.96875 0
v 0.6975 -0.93 0
v 0.65875 -0.93 0
v 0.65875 -0.6975 0
v 0.65875 -0.65875 0
v 0.6975 -0.6975 0
v 0.6975 -0.65875 0
v 0.6975 0.65875 0
v 0.65875 0.65875 0
v 0.6975 0.6975 0
v 0.65875 0.6975 0
v 0.65875 0.93 0
v 0.65875 0.96875 0
v 0.6975 0.93 0
v 0.6975 1.0075 0
v 0.775 -1.0075 0
v 0.775 -0.96875 0
v 0.73625 -0.96875 0
v 0.775 -0.93 0
v 0.73625 -0.93 0
v 0.73625 -0.6975 0
v 0.73625 -0.65875 0
v 0.775 -0.6975 0
v 0.73625 0.65875 0
v 0.775 0.6975 0
v 0.73625 0.6975 0
v 0.73625 0.93 0
v 0.73625 0.96875 0
v 0.775 0.93 0
v 0.775 0.96875 0
v 0.775 1.0075 0
v 0.8525 -1.0075 0
v 0.81375 -0.96875 0
v 0.8525 -0.93 0
v 0.81375 -0.93 0
v 0.81375 -0.6975 0
v 0.81375 -0.65875 0
v 0.8525 -0.6975 0
v 0.8525 -0.65875 0
v 0.8525 -0.62 0
v 0.8525 -0.5425 0
v 0.8525 -0.465 0
v 0.8525 -0.3875 0
v 0.8525 -0.31 0
v 0.8525 -0.2325 0
v 0.8525 -0.155 0
v 0.8525 -0.0775 0
v 0.8525 0 0
v 0.8525 0.0775 0
v 0.8525 0.155 0
v 0.8525 0.2325 0
v 0.8525 0.31 0
v 0.8525 0.3875 0
v 0.8525 0.465 0
v 0.8525 0.5425 0
v 0.8525 0.62 0
v 0.8525 0.65875 0
v 0.81375 0.65875 0
v 0.8525 0.6975 0
v 0.81375 0.6975 0
v 0.81375 0.93 0
v 0.81375 0.96875 0
v 0.8525 0.93 0
v 0.8525 1.0075 0
v 0.93 -1.0075 0
v 0.93 -0.96875 0
v 0.89125 -0.96875 0
v 0.93 -0.93 0
v 0.89125 -0.93 0
v 0.89125 -0.6975 0
v 0.89125 -0.65875 0
v 0.93 -0.6975 0
v 0.93 -0.65875 0
v 0.93 -0.62 0
v 0.89125 -0.62 0
v 0.89125 -0.58125 0
v 0.93 -0.58125 0
v 0.93 -0.5425 0
v 0.93 -0.50375 0
v 0.89125 -0.50375 0
v 0.93 -0.465 0
v 0.89125 -0.465 0
v 0.89125 -0.42625 0
v 0.93 -0.42625 0
v 0.93 -0.3875 0
v 0.93 -0.34875 0
v 0.89125 -0.34875 0
v 0.93 -0.31 0
v 0.89125 -0.31 0
v 0.89125 -0.27125 0
v 0.93 -0.27125 0
v 0.93 -0.2325 0
v 0.93 -0.19375 0
v 0.89125 -0.19375 0
v 0.93 -0.155 0
v 0.89125 -0.155 0
v 0.89125 -0.11625 0
v 0.93 -0.11625 0
v 0.93 -0.0775 0
v 0.93 -0.03875 0
v 0.89125 -0.03875 0
v 0.93 0 0
v 0.89125 0 0
v 0.89125 0.03875 0
v 0.93 0.03875 0
v 0.93 0.0775 0
v 0.93 0.11625 0
v 0.89125 0.11625 0
v 0.93 0.155 0
v 0.89125 0.155 0
v 0.89125 0.19375 0
v 0.93 0.19375 0
v 0.93 0.2325 0
v 0.93 0.27125 0
v 0.89125 0.27125 0
v 0.93 0.31 0
v 0.89125 0.31 0
v 0.89125 0.34875 0
v 0.93 0.34875 0
v 0.93 0.3875 0
v 0.93 0.42625 0
v 0.89125 0.42625 0
v 0.93 0.465 0
v 0.89125 0.465 0
v 0.89125 0.50375 0
v 0.93 0.50375 0
v 0.93 0.5425 0
v 0.93 0.58125 0
v 0.89125 0.58125 0
v 0.93 0.62 0
v 0.89125 0.62 0
v 0.89125 0.65875 0
v 0.93 0.65875 0
v 0.93 0.6975 0
v 0.89125 0.6975 0
v 0.89125 0.93 0
v 0.89125 0.96875 0
v 0.93 0.93 0
v 0.93 0.96875 0
v 0.93 1.0075 0
v 1.0075 -1.0075 0
v 0.96875 -0.96875 0
v 1.0075 -0.93 0
v 0.96875 -0.93 0
v 0.96875 0.93 0
v 0.96875 0.96875 0
v 1.0075 0.93 0
v 1.0075 1.0075 0
v 1.085 -1.0075 0
v 1.085 -0.96875 0
v 1.04625 -0.96875 0
v 1.085 -0.93 0
v 1.04625 -0.93 0
v 1.04625 0.93 0
v 1.04625 0.96875 0
v 1.085 0.93 0
v 1.085 0.96875 0
v 1.085 1.0075 0
v 1.1625 -1.0075 0
v 1.12375 -0.96875 0
v 1.1625 -0.93 0
v 1.12375 -0.93 0
v 1.12375 -0.89125 0
v 1.085 -0.89125 0
v 1.1625 -0.8525 0
v 1.085 -0.8525 0
v 1.12375 -0.81375 0
v 1.085 -0.81375 0
v 1.1625 -0.775 0
v 1.12375 -0.775 0
v 1.085 -0.775 0
v 1.12375 -0.73625 0
v 1.085 -0.73625 0
v 1.1625 -0.6975 0
v 1.085 -0.6975 0
v 1.12375 -0.65875 0
v 1.085 -0.65875 0
v 1.1625 -0.62 0
v 1.12375 -0.62 0
v 1.085 -0.62 0
v 1.12375 -0.58125 0
v 1.085 -0.58125 0
v 1.1625 -0.5425 0
v 1.085 -0.5425 0
v 1.12375 -0.50375 0
v 1.085 -0.50375 0
v 1.1625 -0.465 0
v 1.12375 -0.465 0
v 1.085 -0.465 0
v 1.12375 -0.42625 0
v 1.085 -0.42625 0
v 1.1625 -0.3875 0
v 1.085 -0.3875 0
v 1.12375 -0.34875 0
v 1.085 -0.34875 0
v 1.1625 -0.31 0
v 1.12375 -0.31 0
v 1.085 -0.31 0
v 1.12375 -0.27125 0
v 1.085 -0.27125 0
v 1.1625 -0.2325 0
v 1.085 -0.2325 0
v 1.12375 -0.19375 0
v 1.085 -0.19375 0
v 1.1625 -0.155 0
v 1.12375 -0.155 0
v 1.085 -0.155 0
v 1.12375 -0.11625 0
v 1.085 -0.11625 0
v 1.1625 -0.0775 0
v 1.085 -0.0775 0
v 1.12375 -0.03875 0
v 1.085 -0.03875 0
v 1.1625 0 0
v 1.12375 0 0
v 1.085 -0 0
v 1.12375 0.03875 0
v 1.085 0.03875 0
v 1.1625 0.0775 0
v 1.085 0.0775 0
v 1.12375 0.11625 0
v 1.085 0.11625 0
v 1.1625 0.155 0
v 1.12375 0.155 0
v 1.085 0.155 0
v 1.12375 0.19375 0
v 1.085 0.19375 0
v 1.1625 0.2325 0
v 1.085 0.2325 0
v 1.12375 0.27125 0
v 1.085 0.27125 0
v 1.1625 0.31 0
v 1.12375 0.31 0
v 1.085 0.31 0
v 1.12375 0.34875 0
v 1.085 0.34875 0
v 1.1625 0.3875 0
v 1.085 0.3875 0
v 1.12375 0.42625 0
v 1.085 0.42625 0
v 1.1625 0.465 0
v 1.12375 0.465 0
v 1.085 0.465 0
v 1.12375 0.50375 0
v 1.085 0.50375 0
v 1.1625 0.5425 0
v 1.085 0.5425 0
v 1.12375 0.58125 0
v 1.085 0.58125 0
v 1.1625 0.62 0
v 1.12375 0.62 0
v 1.085 0.62 0
v 1.12375 0.65875 0
v 1.085 0.65875 0
v 1.1625 0.6975 0
v 1.085 0.6975 0
v 1.12375 0.73625 0
v 1.085 0.73625 0
v 1.1625 0.775 0
v 1.12375 0.775 0
v 1.085 0.775 0
v 1.12375 0.81375 0
v 1.085 0.81375 0
v 1.1625 0.8525 0
v 1.085 0.8525 0
v 1.12375 0.89125 0
v 1.085 0.89125 0
v 1.1625 0.93 0
v 1.12375 0.93 0
v 1.12375 0.96875 0
v 1.1625 1.0075 0
v 1.24 -1.0075 0
v 1.24 -0.93 0
v 1.24 -0.8525 0
v 1.24 -0.775 0
v 1.24 -0.6975 0
v 1.24 -0.62 0
v 1.24 -0.5425 0
v 1.24 -0.465 0
v 1.24 -0.3875 0
v 1.24 -0.31 0
v 1.24 -0.2325 0
v 1.24 -0.155 0
v 1.24 -0.0775 0
v 1.24 0 0
v 1.24 0.0775 0
v 1.24 0.155 0
v 1.24 0.2325 0
v 1.24 0.31 0
v 1.24 0.3875 0
v 1.24 0.465 0
v 1.24 0.5425 0
v 1.24 0.62 0
v 1.24 0.6975 0
v 1.24 0.775 0
v 1.24 0.8525 0
v 1.24 0.93 0
v 1.24 1.0075 0
v -1.04625 -0.89125 0
v -1.04625 -0.8525 0
v -1.04625 -0.833125 0
v -1.065625 -0.833125 0
v -1.04625 -0.81375 0
v -1.065625 -0.81375 0
v -1.065625 -0.794375 0
v -1.04625 -0.794375 0
v -1.04625 -0.775 0
v -1.04625 -0.755625 0
v -1.065625 -0.755625 0
v -1.04625 -0.73625 0
v -1.065625 -0.73625 0
v -1.065625 -0.716875 0
v -1.04625 -0.716875 0
v -1.04625 -0.6975 0
v -1.04625 -0.678125 0
v -1.065625 -0.678125 0
v -1.04625 -0.65875 0
v -1.065625 -0.65875 0
v -1.065625 -0.639375 0
v -1.04625 -0.639375 0
v -1.04625 -0.62 0
v -1.04625 -0.600625 0
v -1.065625 -0.600625 0
v -1.04625 -0.58125 0
v -1.065625 -0.58125 0
v -1.065625 -0.561875 0
v -1.04625 -0.561875 0
v -1.04625 -0.5425 0
v -1.04625 -0.523125 0
v -1.065625 -0.523125 0
v -1.04625 -0.50375 0
v -1.065625 -0.50375 0
v -1.065625 -0.484375 0
v -1.04625 -0.484375 0
v -1.04625 -0.465 0
v -1.04625 -0.445625 0
v -1.065625 -0.445625 0
v -1.04625 -0.42625 0
v -1.065625 -0.42625 0
v -1.065625 -0.406875 0
v -1.04625 -0.406875 0
v -1.04625 -0.3875 0
v -1.04625 -0.368125 0
v -1.065625 -0.368125 0
v -1.04625 -0.34875 0
v -1.065625 -0.34875 0
v -1.065625 -0.329375 0
v -1.04625 -0.329375 0
v -1.04625 -0.31 0
v -1.04625 -0.290625 0
v -1.065625 -0.290625 0
v -1.04625 -0.27125 0
v -1.065625 -0.27125 0
v -1.065625 -0.251875 0
v -1.04625 -0.251875 0
v -1.04625 -0.2325 0
v -1.04625 -0.213125 0
v -1.065625 -0.213125 0
v -1.04625 -0.19375 0
v -1.065625 -0.19375 0
v -1.065625 -0.174375 0
v -1.04625 -0.174375 0
v -1.04625 -0.155 0
v -1.04625 -0.135625 0
v -1.065625 -0.135625 0
v -1.04625 -0.11625 0
v -1.065625 -0.11625 0
v -1.065625 -0.096875 0
v -1.04625 -0.096875 0
v -1.04625 -0.0775 0
v -1.04625 -0.058125 0
v -1.065625 -0.058125 0
v -1.04625 -0.03875 0
v -1.065625 -0.03875 0
v -1.065625 -0.019375 0
v -1.04625 -0.019375 0
v -1.04625 0 0
v -1.04625 0.019375 0
v -1.065625 0.019375 0
v -1.04625 0.03875 0
v -1.065625 0.03875 0
v -1.065625 0.058125 0
v -1.04625 0.058125 0
v -1.04625 0.0775 0
v -1.04625 0.096875 0
v -1.065625 0.096875 0
v -1.04625 0.11625 0
v -1.065625 0.11625 0
v -1.065625 0.135625 0
v -1.04625 0.135625 0
v -1.04625 0.155 0
v -1.04625 0.174375 0
v -1.065625 0.174375 0
v -1.04625 0.19375 0
v -1.065625 0.19375 0
v -1.065625 0.213125 0
v -1.04625 0.213125 0
v -1.04625 0.2325 0
v -1.04625 0.251875 0
v -1.065625 0.251875 0
v -1.04625 0.27125 0
v -1.065625 0.27125 0
v -1.065625 0.290625 0
v -1.04625 0.290625 0
v -1.04625 0.31 0
v -1.04625 0.329375 0
v -1.065625 0.329375 0
v -1.04625 0.34875 0
v -1.065625 0.34875 0
v -1.065625 0.368125 0
v -1.04625 0.368125 0
v -1.04625 0.3875 0
v -1.04625 0.406875 0
v -1.065625 0.406875 0
v -1.04625 0.42625 0
v -1.065625 0.42625 0
v -1.065625 0.445625 0
v -1.04625 0.445625 0
v -1.04625 0.465 0
v -1.04625 0.484375 0
v -1.065625 0.484375 0
v -1.04625 0.50375 0
v -1.065625 0.50375 0
v -1.065625 0.523125 0
v -1.04625 0.523125 0
v -1.04625 0.5425 0
v -1.04625 0.561875 0
v -1.065625 0.561875 0
v -1.04625 0.58125 0
v -1.065625 0.58125 0
v -1.065625 0.600625 0
v -1.04625 0.600625 0
v -1.04625 0.62 0
v -1.04625 0.639375 0
v -1.065625 0.639375 0
v -1.04625 0.65875 0
v -1.065625 0.65875 0
v -1.065625 0.678125 0
v -1.04625 0.678125 0
v -1.04625 0.6975 0
v -1.04625 0.716875 0
v -1.065625 0.716875 0
v -1.04625 0.73625 0
v -1.065625 0.73625 0
v -1.065625 0.755625 0
v -1.04625 0.755625 0
v -1.04625 0.775 0
v -1.04625 0.794375 0
v -1.065625 0.794375 0
v -1.04625 0.81375 0
v -1.065625 0.81375 0
v -1.065625 0.833125 0
v -1.04625 0.833125 0
v -1.04625 0.8525 0
v -1.04625 0.89125 0
v -1.0075 -0.89125 0
v -1.0075 -0.871875 0
v -1.026875 -0.871875 0
v -1.0075 -0.8525 0
v -1.026875 -0.8525 0
v -1.026875 0.8525 0
v -1.026875 0.871875 0
v -1.0075 0.8525 0
v -1.0075 0.871875 0
v -1.0075 0.89125 0
v -0.96875 -0.89125 0
v -0.988125 -0.871875 0
v -0.96875 -0.8525 0
v -0.988125 -0.8525 0
v -0.988125 0.8525 0
v -0.988125 0.871875 0
v -0.96875 0.8525 0
v -0.96875 0.89125 0
v -0.93 -0.89125 0
v -0.93 -0.871875 0
v -0.949375 -0.871875 0
v -0.93 -0.8525 0
v -0.949375 -0.8525 0
v -0.96875 -0.775 0
v -0.949375 -0.775 0
v -0.949375 -0.755625 0
v -0.96875 -0.755625 0
v -0.93 -0.775 0
v -0.93 -0.755625 0
v -0.93 -0.73625 0
v -0.949375 -0.73625 0
v -0.96875 -0.73625 0
v -0.949375 -0.716875 0
v -0.96875 -0.716875 0
v -0.96875 -0.6975 0
v -0.949375 -0.678125 0
v -0.96875 -0.678125 0
v -0.949375 -0.65875 0
v -0.96875 -0.65875 0
v -0.949375 -0.639375 0
v -0.96875 -0.639375 0
v -0.96875 -0.62 0
v -0.949375 -0.600625 0
v -0.96875 -0.600625 0
v -0.949375 -0.58125 0
v -0.96875 -0.58125 0
v -0.949375 -0.561875 0
v -0.96875 -0.561875 0
v -0.96875 -0.5425 0
v -0.949375 -0.523125 0
v -0.96875 -0.523125 0
v -0.949375 -0.50375 0
v -0.96875 -0.50375 0
v -0.949375 -0.484375 0
v -0.96875 -0.484375 0
v -0.96875 -0.465 0
v -0.949375 -0.445625 0
v -0.96875 -0.445625 0
v -0.949375 -0.42625 0
v -0.96875 -0.42625 0
v -0.949375 -0.406875 0
v -0.96875 -0.406875 0
v -0.96875 -0.3875 0
v -0.949375 -0.368125 0
v -0.96875 -0.368125 0
v -0.949375 -0.34875 0
v -0.96875 -0.34875 0
v -0.949375 -0.329375 0
v -0.96875 -0.329375 0
v -0.96875 -0.31 0
v -0.949375 -0.290625 0
v -0.96875 -0.290625 0
v -0.949375 -0.27125 0
v -0.96875 -0.27125 0
v -0.949375 -0.251875 0
v -0.96875 -0.251875 0
v -0.96875 -0.2325 0
v -0.949375 -0.213125 0
v -0.96875 -0.213125 0
v -0.949375 -0.19375 0
v -0.96875 -0.19375 0
v -0.949375 -0.174375 0
v -0.96875 -0.174375 0
v -0.96875 -0.155 0
v -0.949375 -0.135625 0
v -0.96875 -0.135625 0
v -0.949375 -0.11625 0
v -0.96875 -0.11625 0
v -0.949375 -0.096875 0
v -0.96875 -0.096875 0
v -0.96875 -0.0775 0
v -0.949375 -0.058125 0
v -0.96875 -0.058125 0
v -0.949375 -0.03875 0
v -0.96875 -0.03875 0
v -0.949375 -0.019375 0
v -0.96875 -0.019375 0
v -0.96875 0 0
v -0.949375 0.019375 0
v -0.96875 0.019375 0
v -0.949375 0.03875 0
v -0.96875 0.03875 0
v -0.949375 0.058125 0
v -0.96875 0.058125 0
v -0.96875 0.0775 0
v -0.949375 0.096875 0
v -0.96875 0.096875 0
v -0.949375 0.11625 0
v -0.96875 0.11625 0
v -0.949375 0.135625 0
v -0.96875 0.135625 0
v -0.96875 0.155 0
v -0.949375 0.174375 0
v -0.96875 0.174375 0
v -0.949375 0.19375 0
v -0.96875 0.19375 0
v -0.949375 0.213125 0
v -0.96875 0.213125 0
v -0.96875 0.2325 0
v -0.949375 0.251875 0
v -0.96875 0.251875 0
v -0.949375 0.27125 0
v -0.96875 0.27125 0
v -0.949375 0.290625 0
v -0.96875 0.290625 0
v -0.96875 0.31 0
v -0.949375 0.329375 0
v -0.96875 0.329375 0
v -0.949375 0.34875 0
v -0.96875 0.34875 0
v -0.949375 0.368125 0
v -0.96875 0.368125 0
v -0.96875 0.3875 0
v -0.949375 0.406875 0
v -0.96875 0.406875 0
v -0.949375 0.42625 0
v -0.96875 0.42625 0
v -0.949375 0.445625 0
v -0.96875 0.445625 0
v -0.96875 0.465 0
v -0.949375 0.484375 0
v -0.96875 0.484375 0
v -0.949375 0.50375 0
v -0.96875 0.50375 0
v -0.949375 0.523125 0
v -0.96875 0.523125 0
v -0.96875 0.5425 0
v -0.949375 0.561875 0
v -0.96875 0.561875 0
v -0.949375 0.58125 0
v -0.96875 0.58125 0
v -0.949375 0.600625 0
v -0.96875 0.600625 0
v -0.96875 0.62 0
v -0.949375 0.639375 0
v -0.96875 0.639375 0
v -0.949375 0.65875 0
v -0.96875 0.65875 0
v -0.949375 0.678125 0
v -0.96875 0.678125 0
v -0.96875 0.6975 0
v -0.949375 0.716875 0
v -0.96875 0.716875 0
v -0.93 0.73625 0
v -0.949375 0.73625 0
v -0.96875 0.73625 0
v -0.949375 0.755625 0
v -0.96875 0.755625 0
v -0.93 0.755625 0
v -0.93 0.775 0
v -0.949375 0.775 0
v -0.96875 0.775 0
v -0.949375 0.8525 0
v -0.949375 0.871875 0
v -0.93 0.8525 0
v -0.93 0.871875 0
v -0.93 0.89125 0
v -0.89125 -0.89125 0
v -0.910625 -0.871875 0
v -0.89125 -0.8525 0
v -0.910625 -0.8525 0
v -0.910625 -0.775 0
v -0.910625 -0.755625 0
v -0.89125 -0.775 0
v -0.89125 -0.73625 0
v -0.89125 0.73625 0
v -0.910625 0.755625 0
v -0.89125 0.775 0
v -0.910625 0.775 0
v -0.910625 0.8525 0
v -0.910625 0.871875 0
v -0.89125 0.8525 0
v -0.89125 0.89125 0
v -0.8525 -0.89125 0
v -0.8525 -0.871875 0
v -0.871875 -0.871875 0
v -0.8525 -0.8525 0
v -0.871875 -0.8525 0
v -0.871875 -0.775 0
v -0.871875 -0.755625 0
v -0.8525 -0.775 0
v -0.8525 -0.755625 0
v -0.8525 -0.73625 0
v -0.8525 0.73625 0
v -0.8525 0.755625 0
v -0.871875 0.755625 0
v -0.8525 0.775 0
v -0.871875 0.775 0
v -0.871875 0.8525 0
v -0.871875 0.871875 0
v -0.8525 0.8525 0
v -0.8525 0.871875 0
v -0.8525 0.89125 0
v -0.81375 -0.89125 0
v -0.833125 -0.871875 0
v -0.81375 -0.8525 0
v -0.833125 -0.8525 0
v -0.833125 -0.775 0
v -0.833125 -0.755625 0
v -0.81375 -0.775 0
v -0.81375 -0.73625 0
v -0.81375 0.73625 0
v -0.833125 0.755625 0
v -0.81375 0.775 0
v -0.833125 0.775 0
v -0.833125 0.8525 0
v -0.833125 0.871875 0
v -0.81375 0.8525 0
v -0.81375 0.89125 0
v -0.775 -0.89125 0
v -0.775 -0.871875 0
v -0.794375 -0.871875 0
v -0.775 -0.8525 0
v -0.794375 -0.8525 0
v -0.794375 -0.775 0
v -0.794375 -0.755625 0
v -0.775 -0.775 0
v -0.775 -0.755625 0
v -0.775 -0.73625 0
v -0.775 0.73625 0
v -0.775 0.755625 0
v -0.794375 0.755625 0
v -0.775 0.775 0
v -0.794375 0.775 0
v -0.794375 0.8525 0
v -0.794375 0.871875 0
v -0.775 0.8525 0
v -0.775 0.871875 0
v -0.775 0.89125 0
v -0.73625 -0.89125 0
v -0.755625 -0.871875 0
v -0.73625 -0.8525 0
v -0.755625 -0.8525 0
v -0.755625 -0.775 0
v -0.755625 -0.755625 0
v -0.73625 -0.775 0
v -0.73625 -0.73625 0
v -0.73625 0.73625 0
v -0.755625 0.755625 0
v -0.73625 0.775 0
v -0.755625 0.775 0
v -0.755625 0.8525 0
v -0.755625 0.871875 0
v -0.73625 0.8525 0
v -0.73625 0.89125 0
v -0.6975 -0.89125 0
v -0.6975 -0.871875 0
v -0.716875 -0.871875 0
v -0.6975 -0.8525 0
v -0.716875 -0.8525 0
v -0.716875 -0.775 0
v -0.716875 -0.755625 0
v -0.6975 -0.775 0
v -0.6975 -0.755625 0
v -0.6975 -0.73625 0
v -0.6975 0.73625 0
v -0.6975 0.755625 0
v -0.716875 0.755625 0
v -0.6975 0.775 0
v -0.716875 0.775 0
v -0.716875 0.8525 0
v -0.716875 0.871875 0
v -0.6975 0.8525 0
v -0.6975 0.871875 0
v -0.6975 0.89125 0
v -0.65875 -0.89125 0
v -0.678125 -0.871875 0
v -0.65875 -0.8525 0
v -0.678125 -0.8525 0
v -0.678125 -0.775 0
v -0.678125 -0.755625 0
v -0.65875 -0.775 0
v -0.65875 -0.73625 0
v -0.65875 0.73625 0
v -0.678125 0.755625 0
v -0.65875 0.775 0
v -0.678125 0.775 0
v -0.678125 0.8525 0
v -0.678125 0.871875 0
v -0.65875 0.8525 0
v -0.65875 0.89125 0
v -0.62 -0.89125 0
v -0.62 -0.871875 0
v -0.639375 -0.871875 0
v -0.62 -0.8525 0
v -0.639375 -0.8525 0
v -0.639375 -0.775 0
v -0.639375 -0.755625 0
v -0.62 -0.775 0
v -0.62 -0.755625 0
v -0.62 -0.73625 0
v -0.62 0.73625 0
v -0.62 0.755625 0
v -0.639375 0.755625 0
v -0.62 0.775 0
v -0.639375 0.775 0
v -0.639375 0.8525 0
v -0.639375 0.871875 0
v -0.62 0.8525 0
v -0.62 0.871875 0
v -0.62 0.89125 0
v -0.58125 -0.89125 0
v -0.600625 -0.871875 0
v -0.58125 -0.8525 0
v -0.600625 -0.8525 0
v -0.600625 -0.775 0
v -0.600625 -0.755625 0
v -0.58125 -0.775 0
v -0.58125 -0.73625 0
v -0.58125 0.73625 0
v -0.600625 0.755625 0
v -0.58125 0.775 0
v -0.600625 0.775 0
v -0.600625 0.8525 0
v -0.600625 0.871875 0
v -0.58125 0.8525 0
v -0.58125 0.89125 0
v -0.5425 -0.89125 0
v -0.5425 -0.871875 0
v -0.561875 -0.871875 0
v -0.5425 -0.8525 0
v -0.561875 -0.8525 0
v -0.561875 -0.775 0
v -0.561875 -0.755625 0
v -0.5425 -0.775 0
v -0.5425 -0.755625 0
v -0.5425 -0.73625 0
v -0.5425 0.73625 0
v -0.5425 0.755625 0
v -0.561875 0.755625 0
v -0.5425 0.775 0
v -0.561875 0.775 0
v -0.561875 0.8525 0
v -0.561875 0.871875 0
v -0.5425 0.8525 0
v -0.5425 0.871875 0
v -0.5425 0.89125 0
v -0.50375 -0.89125 0
v -0.523125 -0.871875 0
v -0.50375 -0.8525 0
v -0.523125 -0.8525 0
v -0.523125 -0.775 0
v -0.523125 -0.755625 0
v -0.50375 -0.775 0
v -0.50375 -0.73625 0
v -0.50375 0.73625 0
v -0.523125 0.755625 0
v -0.50375 0.775 0
v -0.523125 0.775 0
v -0.523125 0.8525 0
v -0.523125 0.871875 0
v -0.50375 0.8525 0
v -0.50375 0.89125 0
v -0.465 -0.89125 0
v -0.465 -0.871875 0
v -0.484375 -0.871875 0
v -0.465 -0.8525 0
v -0.484375 -0.8525 0
v -0.484375 -0.775 0
v -0.484375 -0.755625 0
v -0.465 -0.775 0
v -0.465 -0.755625 0
v -0.465 -0.73625 0
v -0.465 0.73625 0
v -0.465 0.755625 0
v -0.484375 0.755625 0
v -0.465 0.775 0
v -0.484375 0.775 0
v -0.484375 0.8525 0
v -0.484375 0.871875 0
v -0.465 0.8525 0
v -0.465 0.871875 0
v -0.465 0.89125 0
v -0.42625 -0.89125 0
v -0.445625 -0.871875 0
v -0.42625 -0.8525 0
v -0.445625 -0.8525 0
v -0.445625 -0.775 0
v -0.445625 -0.755625 0
v -0.42625 -0.775 0
v -0.42625 -0.73625 0
v -0.42625 -0.34875 0
v -0.42625 -0.31 0
v -0.42625 -0.27125 0
v -0.42625 -0.2325 0
v -0.42625 -0.19375 0
v -0.42625 -0.155 0
v -0.42625 -0.11625 0
v -0.42625 -0.0775 0
v -0.42625 -0.058125 0
v -0.445625 -0.058125 0
v -0.42625 -0.03875 0
v -0.445625 -0.03875 0
v -0.445625 -0.019375 0
v -0.42625 -0.019375 0
v -0.42625 0 0
v -0.42625 0.019375 0
v -0.445625 0.019375 0
v -0.42625 0.03875 0
v -0.445625 0.03875 0
v -0.445625 0.058125 0
v -0.42625 0.058125 0
v -0.42625 0.0775 0
v -0.42625 0.096875 0
v -0.445625 0.096875 0
v -0.42625 0.11625 0
v -0.445625 0.11625 0
v -0.445625 0.135625 0
v -0.42625 0.135625 0
v -0.42625 0.155 0
v -0.42625 0.174375 0
v -0.445625 0.174375 0
v -0.42625 0.19375 0
v -0.445625 0.19375 0
v -0.445625 0.213125 0
v -0.42625 0.213125 0
v -0.42625 0.2325 0
v -0.42625 0.251875 0
v -0.445625 0.251875 0
v -0.42625 0.27125 0
v -0.445625 0.27125 0
v -0.445625 0.290625 0
v -0.42625 0.290625 0
v -0.42625 0.31 0
v -0.42625 0.34875 0
v -0.42625 0.73625 0
v -0.445625 0.755625 0
v -0.42625 0.775 0
v -0.445625 0.775 0
v -0.445625 0.8525 0
v -0.445625 0.871875 0
v -0.42625 0.8525 0
v -0.42625 0.89125 0
v -0.3875 -0.89125 0
v -0.3875 -0.871875 0
v -0.406875 -0.871875 0
v -0.3875 -0.8525 0
v -0.406875 -0.8525 0
v -0.406875 -0.775 0
v -0.406875 -0.755625 0
v -0.3875 -0.775 0
v -0.3875 -0.755625 0
v -0.3875 -0.73625 0
v -0.3875 -0.34875 0
v -0.3875 -0.329375 0
v -0.406875 -0.329375 0
v -0.3875 -0.31 0
v -0.406875 -0.31 0
v -0.406875 -0.290625 0
v -0.3875 -0.290625 0
v -0.3875 -0.27125 0
v -0.3875 -0.251875 0
v -0.406875 -0.251875 0
v -0.3875 -0.2325 0
v -0.406875 -0.2325 0
v -0.406875 -0.213125 0
v -0.3875 -0.213125 0
v -0.3875 -0.19375 0
v -0.3875 -0.174375 0
v -0.406875 -0.174375 0
v -0.3875 -0.155 0
v -0.406875 -0.155 0
v -0.406875 -0.135625 0
v -0.3875 -0.135625 0
v -0.3875 -0.11625 0
v -0.3875 -0.096875 0
v -0.406875 -0.096875 0
v -0.3875 -0.0775 0
v -0.406875 -0.0775 0
v -0.406875 -0.058125 0
v -0.3875 -0.058125 0
v -0.3875 -0.03875 0
v -0.406875 -0.03875 0
v -0.406875 0.27125 0
v -0.406875 0.290625 0
v -0.3875 0.27125 0
v -0.3875 0.290625 0
v -0.3875 0.31 0
v -0.406875 0.31 0
v -0.406875 0.329375 0
v -0.3875 0.329375 0
v -0.3875 0.34875 0
v -0.3875 0.73625 0
v -0.3875 0.755625 0
v -0.406875 0.755625 0
v -0.3875 0.775 0
v -0.406875 0.775 0
v -0.406875 0.8525 0
v -0.406875 0.871875 0
v -0.3875 0.8525 0
v -0.3875 0.871875 0
v -0.3875 0.89125 0
v -0.34875 -0.89125 0
v -0.368125 -0.871875 0
v -0.34875 -0.8525 0
v -0.368125 -0.8525 0
v -0.368125 -0.775 0
v -0.368125 -0.755625 0
v -0.34875 -0.775 0
v -0.34875 -0.73625 0
v -0.34875 -0.368125 0
v -0.368125 -0.368125 0
v -0.34875 -0.34875 0
v -0.368125 -0.34875 0
v -0.368125 -0.329375 0
v -0.34875 -0.329375 0
v -0.34875 -0.31 0
v -0.368125 -0.31 0
v -0.368125 0.31 0
v -0.368125 0.329375 0
v -0.34875 0.31 0
v -0.34875 0.34875 0
v -0.34875 0.73625 0
v -0.368125 0.755625 0
v -0.34875 0.775 0
v -0.368125 0.775 0
v -0.368125 0.8525 0
v -0.368125 0.871875 0
v -0.34875 0.8525 0
v -0.34875 0.89125 0
v -0.31 -0.89125 0
v -0.31 -0.871875 0
v -0.329375 -0.871875 0
v -0.31 -0.8525 0
v -0.329375 -0.8525 0
v -0.329375 -0.775 0
v -0.329375 -0.755625 0
v -0.31 -0.775 0
v -0.31 -0.755625 0
v -0.31 -0.73625 0
v -0.329375 -0.368125 0
v -0.31 -0.34875 0
v -0.329375 -0.34875 0
v -0.34875 0.0775 0
v -0.329375 0.0775 0
v -0.329375 0.096875 0
v -0.34875 0.096875 0
v -0.31 0.0775 0
v -0.31 0.096875 0
v -0.31 0.11625 0
v -0.329375 0.11625 0
v -0.34875 0.11625 0
v -0.329375 0.135625 0
v -0.34875 0.135625 0
v -0.31 0.155 0
v -0.34875 0.155 0
v -0.329375 0.174375 0
v -0.34875 0.174375 0
v -0.31 0.19375 0
v -0.329375 0.19375 0
v -0.34875 0.19375 0
v -0.329375 0.31 0
v -0.329375 0.329375 0
v -0.31 0.31 0
v -0.31 0.329375 0
v -0.31 0.34875 0
v -0.31 0.73625 0
v -0.31 0.755625 0
v -0.329375 0.755625 0
v -0.31 0.775 0
v -0.329375 0.775 0
v -0.329375 0.8525 0
v -0.329375 0.871875 0
v -0.31 0.8525 0
v -0.31 0.871875 0
v -0.31 0.89125 0
v -0.27125 -0.89125 0
v -0.290625 -0.871875 0
v -0.27125 -0.8525 0
v -0.290625 -0.8525 0
v -0.290625 -0.775 0
v -0.290625 -0.755625 0
v -0.27125 -0.775 0
v -0.27125 -0.73625 0
v -0.27125 -0.42625 0
v -0.27125 -0.3875 0
v -0.27125 -0.368125 0
v -0.290625 -0.368125 0
v -0.27125 -0.34875 0
v -0.290625 -0.34875 0
v -0.31 -0.2325 0
v -0.290625 -0.2325 0
v -0.290625 -0.213125 0
v -0.31 -0.213125 0
v -0.27125 -0.2325 0
v -0.27125 -0.19375 0
v -0.31 -0.19375 0
v -0.290625 -0.174375 0
v -0.31 -0.174375 0
v -0.27125 -0.155 0
v -0.290625 -0.155 0
v -0.31 -0.155 0
v -0.290625 -0.135625 0
v -0.31 -0.135625 0
v -0.27125 -0.11625 0
v -0.31 -0.11625 0
v -0.290625 -0.096875 0
v -0.31 -0.096875 0
v -0.27125 -0.0775 0
v -0.290625 -0.0775 0
v -0.31 -0.0775 0
v -0.290625 -0.058125 0
v -0.31 -0.058125 0
v -0.27125 -0.03875 0
v -0.31 -0.03875 0
v -0.290625 -0.019375 0
v -0.31 -0.019375 0
v -0.27125 -0 0
v -0.290625 -0 0
v -0.31 -0 0
v -0.290625 0.019375 0
v -0.31 0.019375 0
v -0.27125 0.03875 0
v -0.31 0.03875 0
v -0.290625 0.058125 0
v -0.31 0.058125 0
v -0.27125 0.0775 0
v -0.290625 0.0775 0
v -0.290625 0.096875 0
v -0.27125 0.11625 0
v -0.27125 0.155 0
v -0.27125 0.19375 0
v -0.290625 0.213125 0
v -0.31 0.213125 0
v -0.27125 0.2325 0
v -0.290625 0.2325 0
v -0.31 0.2325 0
v -0.290625 0.31 0
v -0.290625 0.329375 0
v -0.27125 0.31 0
v -0.27125 0.329375 0
v -0.27125 0.34875 0
v -0.290625 0.34875 0
v -0.290625 0.368125 0
v -0.27125 0.368125 0
v -0.27125 0.73625 0
v -0.290625 0.755625 0
v -0.27125 0.775 0
v -0.290625 0.775 0
v -0.290625 0.8525 0
v -0.290625 0.871875 0
v -0.27125 0.8525 0
v -0.27125 0.89125 0
v -0.2325 -0.89125 0
v -0.2325 -0.871875 0
v -0.251875 -0.871875 0
v -0.2325 -0.8525 0
v -0.251875 -0.8525 0
v -0.251875 -0.775 0
v -0.251875 -0.755625 0
v -0.2325 -0.775 0
v -0.2325 -0.755625 0
v -0.2325 -0.73625 0
v -0.2325 -0.42625 0
v -0.2325 -0.406875 0
v -0.251875 -0.406875 0
v -0.2325 -0.3875 0
v -0.251875 -0.3875 0
v -0.27125 -0.27125 0
v -0.251875 -0.27125 0
v -0.251875 -0.251875 0
v -0.27125 -0.251875 0
v -0.2325 -0.27125 0
v -0.2325 0.19375 0
v -0.2325 0.213125 0
v -0.251875 0.213125 0
v -0.2325 0.2325 0
v -0.251875 0.2325 0
v -0.251875 0.34875 0
v -0.251875 0.368125 0
v -0.2325 0.34875 0
v -0.2325 0.73625 0
v -0.2325 0.755625 0
v -0.251875 0.755625 0
v -0.2325 0.775 0
v -0.251875 0.775 0
v -0.251875 0.8525 0
v -0.251875 0.871875 0
v -0.2325 0.8525 0
v -0.2325 0.871875 0
v -0.2325 0.89125 0
v -0.19375 -0.89125 0
v -0.213125 -0.871875 0
v -0.19375 -0.8525 0
v -0.213125 -0.8525 0
v -0.213125 -0.775 0
v -0.213125 -0.755625 0
v -0.19375 -0.775 0
v -0.19375 -0.73625 0
v -0.19375 -0.445625 0
v -0.213125 -0.445625 0
v -0.19375 -0.42625 0
v -0.213125 -0.42625 0
v -0.213125 -0.406875 0
v -0.19375 -0.406875 0
v -0.19375 -0.3875 0
v -0.213125 -0.3875 0
v -0.213125 -0.27125 0
v -0.213125 -0.251875 0
v -0.19375 -0.27125 0
v -0.19375 -0.251875 0
v -0.19375 0.19375 0
v -0.213125 0.213125 0
v -0.19375 0.2325 0
v -0.213125 0.2325 0
v -0.213125 0.34875 0
v -0.213125 0.368125 0
v -0.19375 0.34875 0
v -0.19375 0.368125 0
v -0.19375 0.3875 0
v -0.19375 0.42625 0
v -0.19375 0.73625 0
v -0.213125 0.755625 0
v -0.19375 0.775 0
v -0.213125 0.775 0
v -0.213125 0.8525 0
v -0.213125 0.871875 0
v -0.19375 0.8525 0
v -0.19375 0.89125 0
v -0.155 -0.89125 0
v -0.155 -0.871875 0
v -0.174375 -0.871875 0
v -0.155 -0.8525 0
v -0.174375 -0.8525 0
v -0.174375 -0.775 0
v -0.174375 -0.755625 0
v -0.155 -0.775 0
v -0.155 -0.755625 0
v -0.155 -0.73625 0
v -0.174375 -0.445625 0
v -0.155 -0.42625 0
v -0.174375 -0.42625 0
v -0.19375 -0.31 0
v -0.174375 -0.31 0
v -0.174375 -0.290625 0
v -0.19375 -0.290625 0
v -0.155 -0.31 0
v -0.155 -0.290625 0
v -0.155 -0.27125 0
v -0.174375 -0.27125 0
v -0.174375 -0.251875 0
v -0.174375 0.251875 0
v -0.19375 0.251875 0
v -0.155 0.27125 0
v -0.174375 0.27125 0
v -0.19375 0.27125 0
v -0.174375 0.3875 0
v -0.174375 0.406875 0
v -0.155 0.3875 0
v -0.155 0.406875 0
v -0.155 0.42625 0
v -0.155 0.73625 0
v -0.155 0.755625 0
v -0.174375 0.755625 0
v -0.155 0.775 0
v -0.174375 0.775 0
v -0.174375 0.8525 0
v -0.174375 0.871875 0
v -0.155 0.8525 0
v -0.155 0.871875 0
v -0.155 0.89125 0
v -0.11625 -0.89125 0
v -0.135625 -0.871875 0
v -0.11625 -0.8525 0
v -0.135625 -0.8525 0
v -0.135625 -0.775 0
v -0.135625 -0.755625 0
v -0.11625 -0.775 0
v -0.11625 -0.73625 0
v -0.11625 -0.50375 0
v -0.11625 -0.465 0
v -0.11625 -0.445625 0
v -0.135625 -0.445625 0
v -0.11625 -0.42625 0
v -0.135625 -0.42625 0
v -0.135625 -0.31 0
v -0.135625 -0.290625 0
v -0.11625 -0.31 0
v -0.11625 -0.27125 0
v -0.11625 0.251875 0
v -0.135625 0.251875 0
v -0.11625 0.27125 0
v -0.135625 0.27125 0
v -0.135625 0.3875 0
v -0.135625 0.406875 0
v -0.11625 0.3875 0
v -0.11625 0.42625 0
v -0.11625 0.73625 0
v -0.135625 0.755625 0
v -0.11625 0.775 0
v -0.135625 0.775 0
v -0.135625 0.8525 0
v -0.135625 0.871875 0
v -0.11625 0.8525 0
v -0.11625 0.89125 0
v -0.0775 -0.89125 0
v -0.0775 -0.871875 0
v -0.096875 -0.871875 0
v -0.0775 -0.8525 0
v -0.096875 -0.8525 0
v -0.096875 -0.775 0
v -0.096875 -0.755625 0
v -0.0775 -0.775 0
v -0.0775 -0.755625 0
v -0.0775 -0.73625 0
v -0.0775 -0.50375 0
v -0.0775 -0.484375 0
v -0.096875 -0.484375 0
v -0.0775 -0.465 0
v -0.096875 -0.465 0
v -0.11625 -0.34875 0
v -0.096875 -0.34875 0
v -0.096875 -0.329375 0
v -0.11625 -0.329375 0
v -0.0775 -0.34875 0
v -0.096875 0.251875 0
v -0.0775 0.27125 0
v -0.096875 0.27125 0
v -0.096875 0.290625 0
v -0.11625 0.290625 0
v -0.0775 0.290625 0
v -0.0775 0.31 0
v -0.096875 0.31 0
v -0.11625 0.31 0
v -0.096875 0.3875 0
v -0.096875 0.406875 0
v -0.0775 0.3875 0
v -0.0775 0.406875 0
v -0.0775 0.42625 0
v -0.0775 0.73625 0
v -0.0775 0.755625 0
v -0.096875 0.755625 0
v -0.0775 0.775 0
v -0.096875 0.775 0
v -0.096875 0.8525 0
v -0.096875 0.871875 0
v -0.0775 0.8525 0
v -0.0775 0.871875 0
v -0.0775 0.89125 0
v -0.03875 -0.89125 0
v -0.058125 -0.871875 0
v -0.03875 -0.8525 0
v -0.058125 -0.8525 0
v -0.058125 -0.775 0
v -0.058125 -0.755625 0
v -0.03875 -0.775 0
v -0.03875 -0.73625 0
v -0.03875 -0.50375 0
v -0.058125 -0.484375 0
v -0.03875 -0.465 0
v -0.058125 -0.465 0
v -0.058125 -0.34875 0
v -0.058125 -0.329375 0
v -0.03875 -0.34875 0
v -0.03875 -0.329375 0
v -0.03875 0.27125 0
v -0.058125 0.290625 0
v -0.03875 0.31 0
v -0.058125 0.31 0
v -0.058125 0.42625 0
v -0.058125 0.445625 0
v -0.03875 0.42625 0
v -0.03875 0.445625 0
v -0.03875 0.465 0
v -0.03875 0.50375 0
v -0.03875 0.73625 0
v -0.058125 0.755625 0
v -0.03875 0.775 0
v -0.058125 0.775 0
v -0.058125 0.8525 0
v -0.058125 0.871875 0
v -0.03875 0.8525 0
v -0.03875 0.89125 0
v 0 -0.89125 0
v 0 -0.871875 0
v -0.019375 -0.871875 0
v 0 -0.8525 0
v -0.019375 -0.8525 0
v -0.019375 -0.775 0
v -0.019375 -0.755625 0
v 0 -0.775 0
v 0 -0.755625 0
v 0 -0.73625 0
v 0 -0.50375 0
v 0 -0.484375 0
v -0.019375 -0.484375 0
v 0 -0.465 0
v -0.019375 -0.465 0
v -0.019375 -0.34875 0
v -0.019375 -0.329375 0
v 0 -0.34875 0
v 0 0.27125 0
v 0 0.290625 0
v -0.019375 0.290625 0
v 0 0.31 0
v -0.019375 0.31 0
v -0.019375 0.42625 0
v -0.019375 0.445625 0
v 0 0.42625 0
v 0 0.445625 0
v 0 0.465 0
v -0.019375 0.465 0
v -0.019375 0.484375 0
v 0 0.484375 0
v 0 0.50375 0
v 0 0.73625 0
v 0 0.755625 0
v -0.019375 0.755625 0
v 0 0.775 0
v -0.019375 0.775 0
v -0.019375 0.8525 0
v -0.019375 0.871875 0
v 0 0.8525 0
v 0 0.871875 0
v 0 0.89125 0
v 0.03875 -0.89125 0
v 0.019375 -0.871875 0
v 0.03875 -0.8525 0
v 0.019375 -0.8525 0
v 0.019375 -0.775 0
v 0.019375 -0.755625 0
v 0.03875 -0.775 0
v 0.03875 -0.73625 0
v 0.03875 -0.50375 0
v 0.019375 -0.484375 0
v 0.03875 -0.465 0
v 0.019375 -0.465 0
v 0.019375 -0.34875 0
v 0.019375 -0.329375 0
v 0.03875 -0.34875 0
v 0.03875 -0.329375 0
v 0.03875 -0.31 0
v 0.03875 -0.27125 0
v 0.03875 0.27125 0
v 0.019375 0.290625 0
v 0.03875 0.31 0
v 0.019375 0.31 0
v 0.019375 0.329375 0
v 0 0.329375 0
v 0.03875 0.329375 0
v 0.03875 0.34875 0
v 0.019375 0.34875 0
v 0 0.34875 0
v 0.019375 0.465 0
v 0.019375 0.484375 0
v 0.03875 0.465 0
v 0.03875 0.50375 0
v 0.03875 0.73625 0
v 0.019375 0.755625 0
v 0.03875 0.775 0
v 0.019375 0.775 0
v 0.019375 0.8525 0
v 0.019375 0.871875 0
v 0.03875 0.8525 0
v 0.03875 0.89125 0
v 0.0775 -0.89125 0
v 0.0775 -0.871875 0
v 0.058125 -0.871875 0
v 0.0775 -0.8525 0
v 0.058125 -0.8525 0
v 0.058125 -0.775 0
v 0.058125 -0.755625 0
v 0.0775 -0.775 0
v 0.0775 -0.755625 0
v 0.0775 -0.73625 0
v 0.058125 -0.445625 0
v 0.03875 -0.445625 0
v 0.0775 -0.42625 0
v 0.058125 -0.42625 0
v 0.03875 -0.42625 0
v 0.058125 -0.31 0
v 0.058125 -0.290625 0
v 0.0775 -0.31 0
v 0.0775 -0.290625 0
v 0.0775 -0.27125 0
v 0.0775 0.27125 0
v 0.0775 0.31 0
v 0.058125 0.329375 0
v 0.0775 0.34875 0
v 0.058125 0.34875 0
v 0.058125 0.465 0
v 0.058125 0.484375 0
v 0.0775 0.465 0
v 0.0775 0.484375 0
v 0.0775 0.50375 0
v 0.0775 0.73625 0
v 0.0775 0.755625 0
v 0.058125 0.755625 0
v 0.0775 0.775 0
v 0.058125 0.775 0
v 0.058125 0.8525 0
v 0.058125 0.871875 0
v 0.0775 0.8525 0
v 0.0775 0.871875 0
v 0.0775 0.89125 0
v 0.11625 -0.89125 0
v 0.096875 -0.871875 0
v 0.11625 -0.8525 0
v 0.096875 -0.8525 0
v 0.096875 -0.775 0
v 0.096875 -0.755625 0
v 0.11625 -0.775 0
v 0.11625 -0.73625 0
v 0.11625 -0.445625 0
v 0.096875 -0.445625 0
v 0.11625 -0.42625 0
v 0.096875 -0.42625 0
v 0.096875 -0.31 0
v 0.096875 -0.290625 0
v 0.11625 -0.31 0
v 0.11625 -0.290625 0
v 0.11625 -0.27125 0
v 0.096875 -0.27125 0
v 0.096875 -0.251875 0
v 0.11625 -0.251875 0
v 0.11625 0.27125 0
v 0.11625 0.31 0
v 0.11625 0.329375 0
v 0.096875 0.329375 0
v 0.11625 0.34875 0
v 0.096875 0.34875 0
v 0.096875 0.465 0
v 0.096875 0.484375 0
v 0.11625 0.465 0
v 0.11625 0.50375 0
v 0.11625 0.73625 0
v 0.096875 0.755625 0
v 0.11625 0.775 0
v 0.096875 0.775 0
v 0.096875 0.8525 0
v 0.096875 0.871875 0
v 0.11625 0.8525 0
v 0.11625 0.89125 0
v 0.155 -0.89125 0
v 0.155 -0.871875 0
v 0.135625 -0.871875 0
v 0.155 -0.8525 0
v 0.135625 -0.8525 0
v 0.135625 -0.775 0
v 0.135625 -0.755625 0
v 0.155 -0.775 0
v 0.155 -0.755625 0
v 0.155 -0.73625 0
v 0.135625 -0.445625 0
v 0.155 -0.42625 0
v 0.135625 -0.42625 0
v 0.135625 -0.406875 0
v 0.11625 -0.406875 0
v 0.155 -0.406875 0
v 0.155 -0.3875 0
v 0.135625 -0.3875 0
v 0.11625 -0.3875 0
v 0.135625 -0.27125 0
v 0.135625 -0.251875 0
v 0.155 -0.27125 0
v 0.155 0.27125 0
v 0.155 0.290625 0
v 0.135625 0.290625 0
v 0.155 0.31 0
v 0.135625 0.31 0
v 0.135625 0.465 0
v 0.135625 0.484375 0
v 0.155 0.465 0
v 0.155 0.484375 0
v 0.155 0.50375 0
v 0.155 0.73625 0
v 0.155 0.755625 0
v 0.135625 0.755625 0
v 0.155 0.775 0
v 0.135625 0.775 0
v 0.135625 0.8525 0
v 0.135625 0.871875 0
v 0.155 0.8525 0
v 0.155 0.871875 0
v 0.155 0.89125 0
v 0.19375 -0.89125 0
v 0.174375 -0.871875 0
v 0.19375 -0.8525 0
v 0.174375 -0.8525 0
v 0.174375 -0.775 0
v 0.174375 -0.755625 0
v 0.19375 -0.775 0
v 0.19375 -0.73625 0
v 0.19375 -0.42625 0
v 0.174375 -0.406875 0
v 0.19375 -0.3875 0
v 0.174375 -0.3875 0
v 0.174375 -0.27125 0
v 0.174375 -0.251875 0
v 0.19375 -0.27125 0
v 0.19375 -0.251875 0
v 0.19375 -0.2325 0
v 0.19375 -0.19375 0
v 0.19375 0.19375 0
v 0.19375 0.2325 0
v 0.19375 0.251875 0
v 0.174375 0.251875 0
v 0.19375 0.27125 0
v 0.174375 0.27125 0
v 0.155 0.42625 0
v 0.174375 0.42625 0
v 0.174375 0.445625 0
v 0.155 0.445625 0
v 0.19375 0.42625 0
v 0.19375 0.445625 0
v 0.19375 0.465 0
v 0.174375 0.465 0
v 0.174375 0.484375 0
v 0.19375 0.50375 0
v 0.19375 0.73625 0
v 0.174375 0.755625 0
v 0.19375 0.775 0
v 0.174375 0.775 0
v 0.174375 0.8525 0
v 0.174375 0.871875 0
v 0.19375 0.8525 0
v 0.19375 0.89125 0
v 0.2325 -0.89125 0
v 0.2325 -0.871875 0
v 0.213125 -0.871875 0
v 0.2325 -0.8525 0
v 0.213125 -0.8525 0
v 0.213125 -0.775 0
v 0.213125 -0.755625 0
v 0.2325 -0.775 0
v 0.2325 -0.755625 0
v 0.2325 -0.73625 0
v 0.213125 -0.368125 0
v 0.19375 -0.368125 0
v 0.2325 -0.34875 0
v 0.213125 -0.34875 0
v 0.19375 -0.34875 0
v 0.213125 -0.27125 0
v 0.213125 -0.251875 0
v 0.2325 -0.27125 0
v 0.2325 -0.251875 0
v 0.2325 -0.2325 0
v 0.213125 -0.2325 0
v 0.213125 -0.213125 0
v 0.2325 -0.213125 0
v 0.2325 -0.19375 0
v 0.2325 0.19375 0
v 0.2325 0.213125 0
v 0.213125 0.213125 0
v 0.2325 0.2325 0
v 0.213125 0.2325 0
v 0.213125 0.251875 0
v 0.2325 0.251875 0
v 0.2325 0.27125 0
v 0.213125 0.27125 0
v 0.19375 0.3875 0
v 0.213125 0.3875 0
v 0.213125 0.406875 0
v 0.19375 0.406875 0
v 0.2325 0.3875 0
v 0.2325 0.406875 0
v 0.2325 0.42625 0
v 0.213125 0.42625 0
v 0.213125 0.445625 0
v 0.2325 0.73625 0
v 0.2325 0.755625 0
v 0.213125 0.755625 0
v 0.2325 0.775 0
v 0.213125 0.775 0
v 0.213125 0.8525 0
v 0.213125 0.871875 0
v 0.2325 0.8525 0
v 0.2325 0.871875 0
v 0.2325 0.89125 0
v 0.27125 -0.89125 0
v 0.251875 -0.871875 0
v 0.27125 -0.8525 0
v 0.251875 -0.8525 0
v 0.251875 -0.775 0
v 0.251875 -0.755625 0
v 0.27125 -0.775 0
v 0.27125 -0.73625 0
v 0.27125 -0.368125 0
v 0.251875 -0.368125 0
v 0.27125 -0.34875 0
v 0.251875 -0.34875 0
v 0.251875 -0.2325 0
v 0.251875 -0.213125 0
v 0.27125 -0.2325 0
v 0.27125 -0.19375 0
v 0.27125 -0.155 0
v 0.27125 -0.11625 0
v 0.27125 0.174375 0
v 0.251875 0.174375 0
v 0.27125 0.19375 0
v 0.251875 0.19375 0
v 0.251875 0.213125 0
v 0.27125 0.213125 0
v 0.27125 0.2325 0
v 0.251875 0.2325 0
v 0.2325 0.34875 0
v 0.251875 0.34875 0
v 0.251875 0.368125 0
v 0.2325 0.368125 0
v 0.27125 0.34875 0
v 0.27125 0.368125 0
v 0.27125 0.3875 0
v 0.251875 0.3875 0
v 0.251875 0.406875 0
v 0.27125 0.42625 0
v 0.27125 0.73625 0
v 0.251875 0.755625 0
v 0.27125 0.775 0
v 0.251875 0.775 0
v 0.251875 0.8525 0
v 0.251875 0.871875 0
v 0.27125 0.8525 0
v 0.27125 0.89125 0
v 0.31 -0.89125 0
v 0.31 -0.871875 0
v 0.290625 -0.871875 0
v 0.31 -0.8525 0
v 0.290625 -0.8525 0
v 0.290625 -0.775 0
v 0.290625 -0.755625 0
v 0.31 -0.775 0
v 0.31 -0.755625 0
v 0.31 -0.73625 0
v 0.290625 -0.368125 0
v 0.31 -0.34875 0
v 0.290625 -0.34875 0
v 0.290625 -0.2325 0
v 0.290625 -0.213125 0
v 0.31 -0.2325 0
v 0.31 -0.213125 0
v 0.31 -0.19375 0
v 0.31 -0.174375 0
v 0.290625 -0.174375 0
v 0.31 -0.155 0
v 0.290625 -0.155 0
v 0.290625 -0.135625 0
v 0.31 -0.135625 0
v 0.31 -0.11625 0
v 0.290625 0.174375 0
v 0.31 0.19375 0
v 0.290625 0.19375 0
v 0.290625 0.34875 0
v 0.290625 0.368125 0
v 0.31 0.34875 0
v 0.31 0.73625 0
v 0.31 0.755625 0
v 0.290625 0.755625 0
v 0.31 0.775 0
v 0.290625 0.775 0
v 0.290625 0.8525 0
v 0.290625 0.871875 0
v 0.31 0.8525 0
v 0.31 0.871875 0
v 0.31 0.89125 0
v 0.34875 -0.89125 0
v 0.329375 -0.871875 0
v 0.34875 -0.8525 0
v 0.329375 -0.8525 0
v 0.329375 -0.775 0
v 0.329375 -0.755625 0
v 0.34875 -0.775 0
v 0.34875 -0.73625 0
v 0.34875 -0.34875 0
v 0.329375 -0.329375 0
v 0.31 -0.329375 0
v 0.34875 -0.31 0
v 0.329375 -0.31 0
v 0.31 -0.31 0
v 0.329375 -0.11625 0
v 0.329375 -0.096875 0
v 0.34875 -0.11625 0
v 0.34875 -0.096875 0
v 0.34875 -0.0775 0
v 0.34875 -0.058125 0
v 0.329375 -0.058125 0
v 0.34875 -0.03875 0
v 0.329375 -0.03875 0
v 0.329375 -0.019375 0
v 0.34875 -0.019375 0
v 0.34875 -0 0
v 0.34875 0.019375 0
v 0.329375 0.019375 0
v 0.34875 0.03875 0
v 0.329375 0.03875 0
v 0.329375 0.058125 0
v 0.34875 0.058125 0
v 0.34875 0.0775 0
v 0.34875 0.096875 0
v 0.329375 0.096875 0
v 0.34875 0.11625 0
v 0.329375 0.11625 0
v 0.329375 0.135625 0
v 0.34875 0.135625 0
v 0.34875 0.155 0
v 0.34875 0.174375 0
v 0.329375 0.174375 0
v 0.34875 0.19375 0
v 0.329375 0.19375 0
v 0.31 0.31 0
v 0.329375 0.31 0
v 0.329375 0.329375 0
v 0.31 0.329375 0
v 0.34875 0.31 0
v 0.34875 0.34875 0
v 0.34875 0.73625 0
v 0.329375 0.755625 0
v 0.34875 0.775 0
v 0.329375 0.775 0
v 0.329375 0.8525 0
v 0.329375 0.871875 0
v 0.34875 0.8525 0
v 0.34875 0.89125 0
v 0.3875 -0.89125 0
v 0.3875 -0.871875 0
v 0.368125 -0.871875 0
v 0.3875 -0.8525 0
v 0.368125 -0.8525 0
v 0.368125 -0.775 0
v 0.368125 -0.755625 0
v 0.3875 -0.775 0
v 0.3875 -0.755625 0
v 0.3875 -0.73625 0
v 0.3875 -0.34875 0
v 0.3875 -0.329375 0
v 0.368125 -0.329375 0
v 0.3875 -0.31 0
v 0.368125 -0.31 0
v 0.34875 0.27125 0
v 0.368125 0.27125 0
v 0.368125 0.290625 0
v 0.34875 0.290625 0
v 0.3875 0.27125 0
v 0.3875 0.73625 0
v 0.3875 0.755625 0
v 0.368125 0.755625 0
v 0.3875 0.775 0
v 0.368125 0.775 0
v 0.368125 0.8525 0
v 0.368125 0.871875 0
v 0.3875 0.8525 0
v 0.3875 0.871875 0
v 0.3875 0.89125 0
v 0.42625 -0.89125 0
v 0.406875 -0.871875 0
v 0.42625 -0.8525 0
v 0.406875 -0.8525 0
v 0.406875 -0.775 0
v 0.406875 -0.755625 0
v 0.42625 -0.775 0
v 0.42625 -0.73625 0
v 0.42625 -0.34875 0
v 0.406875 -0.329375 0
v 0.42625 -0.31 0
v 0.406875 -0.31 0
v 0.406875 -0.290625 0
v 0.3875 -0.290625 0
v 0.42625 -0.27125 0
v 0.3875 -0.27125 0
v 0.406875 -0.251875 0
v 0.3875 -0.251875 0
v 0.42625 -0.2325 0
v 0.406875 -0.2325 0
v 0.3875 -0.2325 0
v 0.406875 -0.213125 0
v 0.3875 -0.213125 0
v 0.42625 -0.213125 0
v 0.42625 -0.19375 0
v 0.406875 -0.19375 0
v 0.3875 -0.19375 0
v 0.406875 0.27125 0
v 0.406875 0.290625 0
v 0.42625 0.27125 0
v 0.42625 0.290625 0
v 0.42625 0.73625 0
v 0.406875 0.755625 0
v 0.42625 0.775 0
v 0.406875 0.775 0
v 0.406875 0.8525 0
v 0.406875 0.871875 0
v 0.42625 0.8525 0
v 0.42625 0.89125 0
v 0.465 -0.89125 0
v 0.465 -0.871875 0
v 0.445625 -0.871875 0
v 0.465 -0.8525 0
v 0.445625 -0.8525 0
v 0.445625 -0.775 0
v 0.445625 -0.755625 0
v 0.465 -0.775 0
v 0.465 -0.755625 0
v 0.465 -0.73625 0
v 0.445625 -0.213125 0
v 0.445625 -0.19375 0
v 0.445625 -0.174375 0
v 0.42625 -0.174375 0
v 0.42625 -0.155 0
v 0.445625 -0.135625 0
v 0.42625 -0.135625 0
v 0.445625 -0.11625 0
v 0.42625 -0.11625 0
v 0.445625 -0.096875 0
v 0.42625 -0.096875 0
v 0.42625 -0.0775 0
v 0.445625 -0.058125 0
v 0.42625 -0.058125 0
v 0.445625 -0.03875 0
v 0.42625 -0.03875 0
v 0.445625 -0.019375 0
v 0.42625 -0.019375 0
v 0.42625 -0 0
v 0.445625 0.019375 0
v 0.42625 0.019375 0
v 0.465 0.03875 0
v 0.445625 0.03875 0
v 0.42625 0.03875 0
v 0.445625 0.058125 0
v 0.42625 0.058125 0
v 0.465 0.058125 0
v 0.465 0.0775 0
v 0.445625 0.0775 0
v 0.42625 0.0775 0
v 0.42625 0.2325 0
v 0.445625 0.2325 0
v 0.445625 0.251875 0
v 0.42625 0.251875 0
v 0.465 0.2325 0
v 0.465 0.251875 0
v 0.465 0.27125 0
v 0.445625 0.27125 0
v 0.445625 0.290625 0
v 0.465 0.73625 0
v 0.465 0.755625 0
v 0.445625 0.755625 0
v 0.465 0.775 0
v 0.445625 0.775 0
v 0.445625 0.8525 0
v 0.445625 0.871875 0
v 0.465 0.8525 0
v 0.465 0.871875 0
v 0.465 0.89125 0
v 0.50375 -0.89125 0
v 0.484375 -0.871875 0
v 0.50375 -0.8525 0
v 0.484375 -0.8525 0
v 0.484375 -0.775 0
v 0.484375 -0.755625 0
v 0.50375 -0.775 0
v 0.50375 -0.73625 0
v 0.50375 0.03875 0
v 0.484375 0.058125 0
v 0.50375 0.0775 0
v 0.484375 0.0775 0
v 0.484375 0.096875 0
v 0.465 0.096875 0
v 0.50375 0.11625 0
v 0.465 0.11625 0
v 0.484375 0.135625 0
v 0.465 0.135625 0
v 0.50375 0.155 0
v 0.484375 0.155 0
v 0.465 0.155 0
v 0.484375 0.174375 0
v 0.465 0.174375 0
v 0.50375 0.19375 0
v 0.465 0.19375 0
v 0.484375 0.213125 0
v 0.465 0.213125 0
v 0.50375 0.2325 0
v 0.484375 0.2325 0
v 0.484375 0.251875 0
v 0.50375 0.27125 0
v 0.50375 0.73625 0
v 0.484375 0.755625 0
v 0.50375 0.775 0
v 0.484375 0.775 0
v 0.484375 0.8525 0
v 0.484375 0.871875 0
v 0.50375 0.8525 0
v 0.50375 0.89125 0
v 0.5425 -0.89125 0
v 0.5425 -0.871875 0
v 0.523125 -0.871875 0
v 0.5425 -0.8525 0
v 0.523125 -0.8525 0
v 0.523125 -0.775 0
v 0.523125 -0.755625 0
v 0.5425 -0.775 0
v 0.5425 -0.755625 0
v 0.5425 -0.73625 0
v 0.5425 0.73625 0
v 0.5425 0.755625 0
v 0.523125 0.755625 0
v 0.5425 0.775 0
v 0.523125 0.775 0
v 0.523125 0.8525 0
v 0.523125 0.871875 0
v 0.5425 0.8525 0
v 0.5425 0.871875 0
v 0.5425 0.89125 0
v 0.58125 -0.89125 0
v 0.561875 -0.871875 0
v 0.58125 -0.8525 0
v 0.561875 -0.8525 0
v 0.561875 -0.775 0
v 0.561875 -0.755625 0
v 0.58125 -0.775 0
v 0.58125 -0.73625 0
v 0.58125 0.73625 0
v 0.561875 0.755625 0
v 0.58125 0.775 0
v 0.561875 0.775 0
v 0.561875 0.8525 0
v 0.561875 0.871875 0
v 0.58125 0.8525 0
v 0.58125 0.89125 0
v 0.62 -0.89125 0
v 0.62 -0.871875 0
v 0.600625 -0.871875 0
v 0.62 -0.8525 0
v 0.600625 -0.8525 0
v 0.600625 -0.775 0
v 0.600625 -0.755625 0
v 0.62 -0.775 0
v 0.62 -0.755625 0
v 0.62 -0.73625 0
v 0.62 0.73625 0
v 0.62 0.755625 0
v 0.600625 0.755625 0
v 0.62 0.775 0
v 0.600625 0.775 0
v 0.600625 0.8525 0
v 0.600625 0.871875 0
v 0.62 0.8525 0
v 0.62 0.871875 0
v 0.62 0.89125 0
v 0.65875 -0.89125 0
v 0.639375 -0.871875 0
v 0.65875 -0.8525 0
v 0.639375 -0.8525 0
v 0.639375 -0.775 0
v 0.639375 -0.755625 0
v 0.65875 -0.775 0
v 0.65875 -0.73625 0
v 0.65875 0.73625 0
v 0.639375 0.755625 0
v 0.65875 0.775 0
v 0.639375 0.775 0
v 0.639375 0.8525 0
v 0.639375 0.871875 0
v 0.65875 0.8525 0
v 0.65875 0.89125 0
v 0.6975 -0.89125 0
v 0.6975 -0.871875 0
v 0.678125 -0.871875 0
v 0.6975 -0.8525 0
v 0.678125 -0.8525 0
v 0.678125 -0.775 0
v 0.678125 -0.755625 0
v 0.6975 -0.775 0
v 0.6975 -0.755625 0
v 0.6975 -0.73625 0
v 0.6975 0.73625 0
v 0.6975 0.755625 0
v 0.678125 0.755625 0
v 0.6975 0.775 0
v 0.678125 0.775 0
v 0.678125 0.8525 0
v 0.678125 0.871875 0
v 0.6975 0.8525 0
v 0.6975 0.871875 0
v 0.6975 0.89125 0
v 0.73625 -0.89125 0
v 0.716875 -0.871875 0
v 0.73625 -0.8525 0
v 0.716875 -0.8525 0
v 0.716875 -0.775 0
v 0.716875 -0.755625 0
v 0.73625 -0.775 0
v 0.73625 -0.73625 0
v 0.73625 0.73625 0
v 0.716875 0.755625 0
v 0.73625 0.775 0
v 0.716875 0.775 0
v 0.716875 0.8525 0
v 0.716875 0.871875 0
v 0.73625 0.8525 0
v 0.73625 0.89125 0
v 0.775 -0.89125 0
v 0.775 -0.871875 0
v 0.755625 -0.871875 0
v 0.775 -0.8525 0
v 0.755625 -0.8525 0
v 0.755625 -0.775 0
v 0.755625 -0.755625 0
v 0.775 -0.775 0
v 0.775 -0.755625 0
v 0.775 -0.73625 0
v 0.775 0.73625 0
v 0.775 0.755625 0
v 0.755625 0.755625 0
v 0.775 0.775 0
v 0.755625 0.775 0
v 0.755625 0.8525 0
v 0.755625 0.871875 0
v 0.775 0.8525 0
v 0.775 0.871875 0
v 0.775 0.89125 0
v 0.81375 -0.89125 0
v 0.794375 -0.871875 0
v 0.81375 -0.8525 0
v 0.794375 -0.8525 0
v 0.794375 -0.775 0
v 0.794375 -0.755625 0
v 0.81375 -0.775 0
v 0.81375 -0.73625 0
v 0.81375 0.73625 0
v 0.794375 0.755625 0
v 0.81375 0.775 0
v 0.794375 0.775 0
v 0.794375 0.8525 0
v 0.794375 0.871875 0
v 0.81375 0.8525 0
v 0.81375 0.89125 0
v 0.8525 -0.89125 0
v 0.8525 -0.871875 0
v 0.833125 -0.871875 0
v 0.8525 -0.8525 0
v 0.833125 -0.8525 0
v 0.833125 -0.775 0
v 0.833125 -0.755625 0
v 0.8525 -0.775 0
v 0.8525 -0.755625 0
v 0.8525 -0.73625 0
v 0.8525 0.73625 0
v 0.8525 0.755625 0
v 0.833125 0.755625 0
v 0.8525 0.775 0
v 0.833125 0.775 0
v 0.833125 0.8525 0
v 0.833125 0.871875 0
v 0.8525 0.8525 0
v 0.8525 0.871875 0
v 0.8525 0.89125 0
v 0.89125 -0.89125 0
v 0.871875 -0.871875 0
v 0.89125 -0.8525 0
v 0.871875 -0.8525 0
v 0.871875 -0.775 0
v 0.871875 -0.755625 0
v 0.89125 -0.775 0
v 0.89125 -0.73625 0
v 0.89125 0.73625 0
v 0.871875 0.755625 0
v 0.89125 0.775 0
v 0.871875 0.775 0
v 0.871875 0.8525 0
v 0.871875 0.871875 0
v 0.89125 0.8525 0
v 0.89125 0.89125 0
v 0.93 -0.89125 0
v 0.93 -0.871875 0
v 0.910625 -0.871875 0
v 0.93 -0.8525 0
v 0.910625 -0.8525 0
v 0.910625 -0.775 0
v 0.910625 -0.755625 0
v 0.93 -0.775 0
v 0.93 -0.755625 0
v 0.93 -0.73625 0
v 0.93 0.73625 0
v 0.93 0.755625 0
v 0.910625 0.755625 0
v 0.93 0.775 0
v 0.910625 0.775 0
v 0.910625 0.8525 0
v 0.910625 0.871875 0
v 0.93 0.8525 0
v 0.93 0.871875 0
v 0.93 0.89125 0
v 0.96875 -0.89125 0
v 0.949375 -0.871875 0
v 0.96875 -0.8525 0
v 0.949375 -0.8525 0
v 0.949375 -0.775 0
v 0.949375 -0.755625 0
v 0.96875 -0.775 0
v 0.96875 -0.755625 0
v 0.96875 -0.73625 0
v 0.949375 -0.73625 0
v 0.949375 -0.716875 0
v 0.96875 -0.716875 0
v 0.96875 -0.6975 0
v 0.96875 -0.678125 0
v 0.949375 -0.678125 0
v 0.96875 -0.65875 0
v 0.949375 -0.65875 0
v 0.949375 -0.639375 0
v 0.96875 -0.639375 0
v 0.96875 -0.62 0
v 0.96875 -0.600625 0
v 0.949375 -0.600625 0
v 0.96875 -0.58125 0
v 0.949375 -0.58125 0
v 0.949375 -0.561875 0
v 0.96875 -0.561875 0
v 0.96875 -0.5425 0
v 0.96875 -0.523125 0
v 0.949375 -0.523125 0
v 0.96875 -0.50375 0
v 0.949375 -0.50375 0
v 0.949375 -0.484375 0
v 0.96875 -0.484375 0
v 0.96875 -0.465 0
v 0.96875 -0.445625 0
v 0.949375 -0.445625 0
v 0.96875 -0.42625 0
v 0.949375 -0.42625 0
v 0.949375 -0.406875 0
v 0.96875 -0.406875 0
v 0.96875 -0.3875 0
v 0.96875 -0.368125 0
v 0.949375 -0.368125 0
v 0.96875 -0.34875 0
v 0.949375 -0.34875 0
v 0.949375 -0.329375 0
v 0.96875 -0.329375 0
v 0.96875 -0.31 0
v 0.96875 -0.290625 0
v 0.949375 -0.290625 0
v 0.96875 -0.27125 0
v 0.949375 -0.27125 0
v 0.949375 -0.251875 0
v 0.96875 -0.251875 0
v 0.96875 -0.2325 0
v 0.96875 -0.213125 0
v 0.949375 -0.213125 0
v 0.96875 -0.19375 0
v 0.949375 -0.19375 0
v 0.949375 -0.174375 0
v 0.96875 -0.174375 0
v 0.96875 -0.155 0
v 0.96875 -0.135625 0
v 0.949375 -0.135625 0
v 0.96875 -0.11625 0
v 0.949375 -0.11625 0
v 0.949375 -0.096875 0
v 0.96875 -0.096875 0
v 0.96875 -0.0775 0
v 0.96875 -0.058125 0
v 0.949375 -0.058125 0
v 0.96875 -0.03875 0
v 0.949375 -0.03875 0
v 0.949375 -0.019375 0
v 0.96875 -0.019375 0
v 0.96875 0 0
v 0.96875 0.019375 0
v 0.949375 0.019375 0
v 0.96875 0.03875 0
v 0.949375 0.03875 0
v 0.949375 0.058125 0
v 0.96875 0.058125 0
v 0.96875 0.0775 0
v 0.96875 0.096875 0
v 0.949375 0.096875 0
v 0.96875 0.11625 0
v 0.949375 0.11625 0
v 0.949375 0.135625 0
v 0.96875 0.135625 0
v 0.96875 0.155 0
v 0.96875 0.174375 0
v 0.949375 0.174375 0
v 0.96875 0.19375 0
v 0.949375 0.19375 0
v 0.949375 0.213125 0
v 0.96875 0.213125 0
v 0.96875 0.2325 0
v 0.96875 0.251875 0
v 0.949375 0.251875 0
v 0.96875 0.27125 0
v 0.949375 0.27125 0
v 0.949375 0.290625 0
v 0.96875 0.290625 0
v 0.96875 0.31 0
v 0.96875 0.329375 0
v 0.949375 0.329375 0
v 0.96875 0.34875 0
v 0.949375 0.34875 0
v 0.949375 0.368125 0
v 0.96875 0.368125 0
v 0.96875 0.3875 0
v 0.96875 0.406875 0
v 0.949375 0.406875 0
v 0.96875 0.42625 0
v 0.949375 0.42625 0
v 0.949375 0.445625 0
v 0.96875 0.445625 0
v 0.96875 0.465 0
v 0.96875 0.484375 0
v 0.949375 0.484375 0
v 0.96875 0.50375 0
v 0.949375 0.50375 0
v 0.949375 0.523125 0
v 0.96875 0.523125 0
v 0.96875 0.5425 0
v 0.96875 0.561875 0
v 0.949375 0.561875 0
v 0.96875 0.58125 0
v 0.949375 0.58125 0
v 0.949375 0.600625 0
v 0.96875 0.600625 0
v 0.96875 0.62 0
v 0.96875 0.639375 0
v 0.949375 0.639375 0
v 0.96875 0.65875 0
v 0.949375 0.65875 0
v 0.949375 0.678125 0
v 0.96875 0.678125 0
v 0.96875 0.6975 0
v 0.96875 0.716875 0
v 0.949375 0.716875 0
v 0.96875 0.73625 0
v 0.949375 0.73625 0
v 0.949375 0.755625 0
v 0.96875 0.755625 0
v 0.96875 0.775 0
v 0.949375 0.775 0
v 0.949375 0.8525 0
v 0.949375 0.871875 0
v 0.96875 0.8525 0
v 0.96875 0.89125 0
v 1.0075 -0.89125 0
v 1.0075 -0.871875 0
v 0.988125 -0.871875 0
v 1.0075 -0.8525 0
v 0.988125 -0.8525 0
v 0.988125 0.8525 0
v 0.988125 0.871875 0
v 1.0075 0.8525 0
v 1.0075 0.871875 0
v 1.0075 0.89125 0
v 1.04625 -0.89125 0
v 1.026875 -0.871875 0
v 1.04625 -0.8525 0
v 1.026875 -0.8525 0
v 1.026875 0.8525 0
v 1.026875 0.871875 0
v 1.04625 0.8525 0
v 1.04625 0.89125 0
v 1.065625 -0.833125 0
v 1.04625 -0.833125 0
v 1.065625 -0.81375 0
v 1.04625 -0.81375 0
v 1.065625 -0.794375 0
v 1.04625 -0.794375 0
v 1.04625 -0.775 0
v 1.065625 -0.755625 0
v 1.04625 -0.755625 0
v 1.065625 -0.73625 0
v 1.04625 -0.73625 0
v 1.065625 -0.716875 0
v 1.04625 -0.716875 0
v 1.04625 -0.6975 0
v 1.065625 -0.678125 0
v 1.04625 -0.678125 0
v 1.065625 -0.65875 0
v 1.04625 -0.65875 0
v 1.065625 -0.639375 0
v 1.04625 -0.639375 0
v 1.04625 -0.62 0
v 1.065625 -0.600625 0
v 1.04625 -0.600625 0
v 1.065625 -0.58125 0
v 1.04625 -0.58125 0
v 1.065625 -0.561875 0
v 1.04625 -0.561875 0
v 1.04625 -0.5425 0
v 1.065625 -0.523125 0
v 1.04625 -0.523125 0
v 1.065625 -0.50375 0
v 1.04625 -0.50375 0
v 1.065625 -0.484375 0
v 1.04625 -0.484375 0
v 1.04625 -0.465 0
v 1.065625 -0.445625 0
v 1.04625 -0.445625 0
v 1.065625 -0.42625 0
v 1.04625 -0.42625 0
v 1.065625 -0.406875 0
v 1.04625 -0.406875 0
v 1.04625 -0.3875 0
v 1.065625 -0.368125 0
v 1.04625 -0.368125 0
v 1.065625 -0.34875 0
v 1.04625 -0.34875 0
v 1.065625 -0.329375 0
v 1.04625 -0.329375 0
v 1.04625 -0.31 0
v 1.065625 -0.290625 0
v 1.04625 -0.290625 0
v 1.065625 -0.27125 0
v 1.04625 -0.27125 0
v 1.065625 -0.251875 0
v 1.04625 -0.251875 0
v 1.04625 -0.2325 0
v 1.065625 -0.213125 0
v 1.04625 -0.213125 0
v 1.065625 -0.19375 0
v 1.04625 -0.19375 0
v 1.065625 -0.174375 0
v 1.04625 -0.174375 0
v 1.04625 -0.155 0
v 1.065625 -0.135625 0
v 1.04625 -0.135625 0
v 1.065625 -0.11625 0
v 1.04625 -0.11625 0
v 1.065625 -0.096875 0
v 1.04625 -0.096875 0
v 1.04625 -0.0775 0
v 1.065625 -0.058125 0
v 1.04625 -0.058125 0
v 1.065625 -0.03875 0
v 1.04625 -0.03875 0
v 1.065625 -0.019375 0
v 1.04625 -0.019375 0
v 1.04625 -0 0
v 1.065625 0.019375 0
v 1.04625 0.019375 0
v 1.065625 0.03875 0
v 1.04625 0.03875 0
v 1.065625 0.058125 0
v 1.04625 0.058125 0
v 1.04625 0.0775 0
v 1.065625 0.096875 0
v 1.04625 0.096875 0
v 1.065625 0.11625 0
v 1.04625 0.11625 0
v 1.065625 0.135625 0
v 1.04625 0.135625 0
v 1.04625 0.155 0
v 1.065625 0.174375 0
v 1.04625 0.174375 0
v 1.065625 0.19375 0
v 1.04625 0.19375 0
v 1.065625 0.213125 0
v 1.04625 0.213125 0
v 1.04625 0.2325 0
v 1.065625 0.251875 0
v 1.04625 0.251875 0
v 1.065625 0.27125 0
v 1.04625 0.27125 0
v 1.065625 0.290625 0
v 1.04625 0.290625 0
v 1.04625 0.31 0
v 1.065625 0.329375 0
v 1.04625 0.329375 0
v 1.065625 0.34875 0
v 1.04625 0.34875 0
v 1.065625 0.368125 0
v 1.04625 0.368125 0
v 1.04625 0.3875 0
v 1.065625 0.406875 0
v 1.04625 0.406875 0
v 1.065625 0.42625 0
v 1.04625 0.42625 0
v 1.065625 0.445625 0
v 1.04625 0.445625 0
v 1.04625 0.465 0
v 1.065625 0.484375 0
v 1.04625 0.484375 0
v 1.065625 0.50375 0
v 1.04625 0.50375 0
v 1.065625 0.523125 0
v 1.04625 0.523125 0
v 1.04625 0.5425 0
v 1.065625 0.561875 0
v 1.04625 0.561875 0
v 1.065625 0.58125 0
v 1.04625 0.58125 0
v 1.065625 0.600625 0
v 1.04625 0.600625 0
v 1.04625 0.62 0
v 1.065625 0.639375 0
v 1.04625 0.639375 0
v 1.065625 0.65875 0
v 1.04625 0.65875 0
v 1.065625 0.678125 0
v 1.04625 0.678125 0
v 1.04625 0.6975 0
v 1.065625 0.716875 0
v 1.04625 0.716875 0
v 1.065625 0.73625 0
v 1.04625 0.73625 0
v 1.065625 0.755625 0
v 1.04625 0.755625 0
v 1.04625 0.775 0
v 1.065625 0.794375 0
v 1.04625 0.794375 0
v 1.065625 0.81375 0
v 1.04625 0.81375 0
v 1.065625 0.833125 0
v 1.04625 0.833125 0
v -1.026875 -0.833125 0
v -1.026875 -0.81375 0
v -1.026875 -0.794375 0
v -1.026875 -0.775 0
v -1.026875 -0.755625 0
v -1.026875 -0.73625 0
v -1.026875 -0.716875 0
v -1.026875 -0.6975 0
v -1.026875 -0.678125 0
v -1.026875 -0.65875 0
v -1.026875 -0.639375 0
v -1.026875 -0.62 0
v -1.026875 -0.600625 0
v -1.026875 -0.58125 0
v -1.026875 -0.561875 0
v -1.026875 -0.5425 0
v -1.026875 -0.523125 0
v -1.026875 -0.50375 0
v -1.026875 -0.484375 0
v -1.026875 -0.465 0
v -1.026875 -0.445625 0
v -1.026875 -0.42625 0
v -1.026875 -0.406875 0
v -1.026875 -0.3875 0
v -1.026875 -0.368125 0
v -1.026875 -0.34875 0
v -1.026875 -0.329375 0
v -1.026875 -0.31 0
v -1.026875 -0.290625 0
v -1.026875 -0.27125 0
v -1.026875 -0.251875 0
v -1.026875 -0.2325 0
v -1.026875 -0.213125 0
v -1.026875 -0.19375 0
v -1.026875 -0.174375 0
v -1.026875 -0.155 0
v -1.026875 -0.135625 0
v -1.026875 -0.11625 0
v -1.026875 -0.096875 0
v -1.026875 -0.0775 0
v -1.026875 -0.058125 0
v -1.026875 -0.03875 0
v -1.026875 -0.019375 0
v -1.026875 0 0
v -1.026875 0.019375 0
v -1.026875 0.03875 0
v -1.026875 0.058125 0
v -1.026875 0.0775 0
v -1.026875 0.096875 0
v -1.026875 0.11625 0
v -1.026875 0.135625 0
v -1.026875 0.155 0
v -1.026875 0.174375 0
v -1.026875 0.19375 0
v -1.026875 0.213125 0
v -1.026875 0.2325 0
v -1.026875 0.251875 0
v -1.026875 0.27125 0
v -1.026875 0.290625 0
v -1.026875 0.31 0
v -1.026875 0.329375 0
v -1.026875 0.34875 0
v -1.026875 0.368125 0
v -1.026875 0.3875 0
v -1.026875 0.406875 0
v -1.026875 0.42625 0
v -1.026875 0.445625 0
v -1.026875 0.465 0
v -1.026875 0.484375 0
v -1.026875 0.50375 0
v -1.026875 0.523125 0
v -1.026875 0.5425 0
v -1.026875 0.561875 0
v -1.026875 0.58125 0
v -1.026875 0.600625 0
v -1.026875 0.62 0
v -1.026875 0.639375 0
v -1.026875 0.65875 0
v -1.026875 0.678125 0
v -1.026875 0.6975 0
v -1.026875 0.716875 0
v -1.026875 0.73625 0
v -1.026875 0.755625 0
v -1.026875 0.775 0
v -1.026875 0.794375 0
v -1.026875 0.81375 0
v -1.026875 0.833125 0
v -1.0075 -0.833125 0
v -1.00529835863 -0.822428414373 0
v -1.0171875 -0.8234375 0
v -1.0075 -0.81375 0
v -1.0171875 -0.81375 0
v -1.0171875 -0.8040625 0
v -1.0075 -0.8040625 0
v -1.0075 -0.794375 0
v -1.0075 -0.7846875 0
v -1.0171875 -0.7846875 0
v -1.0075 -0.775 0
v -1.0171875 -0.775 0
v -1.0171875 -0.7653125 0
v -1.0075 -0.7653125 0
v -1.0075 -0.755625 0
v -1.0075 -0.7459375 0
v -1.0171875 -0.7459375 0
v -1.0075 -0.73625 0
v -1.0171875 -0.73625 0
v -1.0171875 -0.7265625 0
v -1.0075 -0.7265625 0
v -1.0075 -0.716875 0
v -1.0075 -0.7071875 0
v -1.0171875 -0.7071875 0
v -1.0075 -0.6975 0
v -1.0171875 -0.6975 0
v -1.0171875 -0.6878125 0
v -1.0075 -0.6878125 0
v -1.0075 -0.678125 0
v -1.0075 -0.6684375 0
v -1.0171875 -0.6684375 0
v -1.0075 -0.65875 0
v -1.0171875 -0.65875 0
v -1.0171875 -0.6490625 0
v -1.0075 -0.6490625 0
v -1.0075 -0.639375 0
v -1.0075 -0.6296875 0
v -1.0171875 -0.6296875 0
v -1.0075 -0.62 0
v -1.0171875 -0.62 0
v -1.0171875 -0.6103125 0
v -1.0075 -0.6103125 0
v -1.0075 -0.600625 0
v -1.0075 -0.5909375 0
v -1.0171875 -0.5909375 0
v -1.0075 -0.58125 0
v -1.0171875 -0.58125 0
v -1.0171875 -0.5715625 0
v -1.0075 -0.5715625 0
v -1.0075 -0.561875 0
v -1.0075 -0.5521875 0
v -1.0171875 -0.5521875 0
v -1.0075 -0.5425 0
v -1.0171875 -0.5425 0
v -1.0171875 -0.5328125 0
v -1.0075 -0.5328125 0
v -1.0075 -0.523125 0
v -1.0075 -0.5134375 0
v -1.0171875 -0.5134375 0
v -1.0075 -0.50375 0
v -1.0171875 -0.50375 0
v -1.0171875 -0.4940625 0
v -1.0075 -0.4940625 0
v -1.0075 -0.484375 0
v -1.0075 -0.4746875 0
v -1.0171875 -0.4746875 0
v -1.0075 -0.465 0
v -1.0171875 -0.465 0
v -1.0171875 -0.4553125 0
v -1.0075 -0.4553125 0
v -1.0075 -0.445625 0
v -1.0075 -0.4359375 0
v -1.0171875 -0.4359375 0
v -1.0075 -0.42625 0
v -1.0171875 -0.42625 0
v -1.0171875 -0.4165625 0
v -1.0075 -0.4165625 0
v -1.0075 -0.406875 0
v -1.0075 -0.3971875 0
v -1.0171875 -0.3971875 0
v -1.0075 -0.3875 0
v -1.0171875 -0.3875 0
v -1.0171875 -0.3778125 0
v -1.0075 -0.3778125 0
v -1.0075 -0.368125 0
v -1.0075 -0.3584375 0
v -1.0171875 -0.3584375 0
v -1.0075 -0.34875 0
v -1.0171875 -0.34875 0
v -1.0171875 -0.3390625 0
v -1.0075 -0.3390625 0
v -1.0075 -0.329375 0
v -1.0075 -0.3196875 0
v -1.0171875 -0.3196875 0
v -1.0075 -0.31 0
v -1.0171875 -0.31 0
v -1.0171875 -0.3003125 0
v -1.0075 -0.3003125 0
v -1.0075 -0.290625 0
v -1.0075 -0.2809375 0
v -1.0171875 -0.2809375 0
v -1.0075 -0.27125 0
v -1.0171875 -0.27125 0
v -1.0171875 -0.2615625 0
v -1.0075 -0.2615625 0
v -1.0075 -0.251875 0
v -1.0075 -0.2421875 0
v -1.0171875 -0.2421875 0
v -1.0075 -0.2325 0
v -1.0171875 -0.2325 0
v -1.0171875 -0.2228125 0
v -1.0075 -0.2228125 0
v -1.0075 -0.213125 0
v -1.0075 -0.2034375 0
v -1.0171875 -0.2034375 0
v -1.0075 -0.19375 0
v -1.0171875 -0.19375 0
v -1.0171875 -0.1840625 0
v -1.0075 -0.1840625 0
v -1.0075 -0.174375 0
v -1.0075 -0.1646875 0
v -1.0171875 -0.1646875 0
v -1.0075 -0.155 0
v -1.0171875 -0.155 0
v -1.0171875 -0.1453125 0
v -1.0075 -0.1453125 0
v -1.0075 -0.135625 0
v -1.0075 -0.1259375 0
v -1.0171875 -0.1259375 0
v -1.0075 -0.11625 0
v -1.0171875 -0.11625 0
v -1.0171875 -0.1065625 0
v -1.0075 -0.1065625 0
v -1.0075 -0.096875 0
v -1.0075 -0.0871875 0
v -1.0171875 -0.0871875 0
v -1.0075 -0.0775 0
v -1.0171875 -0.0775 0
v -1.0171875 -0.0678125 0
v -1.0075 -0.0678125 0
v -1.0075 -0.058125 0
v -1.0075 -0.0484375 0
v -1.0171875 -0.0484375 0
v -1.0075 -0.03875 0
v -1.0171875 -0.03875 0
v -1.0171875 -0.0290625 0
v -1.0075 -0.0290625 0
v -1.0075 -0.019375 0
v -1.0075 -0.0096875 0
v -1.0171875 -0.0096875 0
v -1.0075 0 0
v -1.0171875 0 0
v -1.0171875 0.0096875 0
v -1.0075 0.0096875 0
v -1.0075 0.019375 0
v -1.0075 0.0290625 0
v -1.0171875 0.0290625 0
v -1.0075 0.03875 0
v -1.0171875 0.03875 0
v -1.0171875 0.0484375 0
v -1.0075 0.0484375 0
v -1.0075 0.058125 0
v -1.0075 0.0678125 0
v -1.0171875 0.0678125 0
v -1.0075 0.0775 0
v -1.0171875 0.0775 0
v -1.0171875 0.0871875 0
v -1.0075 0.0871875 0
v -1.0075 0.096875 0
v -1.0075 0.1065625 0
v -1.0171875 0.1065625 0
v -1.0075 0.11625 0
v -1.0171875 0.11625 0
v -1.0171875 0.1259375 0
v -1.0075 0.1259375 0
v -1.0075 0.135625 0
v -1.0075 0.1453125 0
v -1.0171875 0.1453125 0
v -1.0075 0.155 0
v -1.0171875 0.155 0
v -1.0171875 0.1646875 0
v -1.0075 0.1646875 0
v -1.0075 0.174375 0
v -1.0075 0.1840625 0
v -1.0171875 0.1840625 0
v -1.0075 0.19375 0
v -1.0171875 0.19375 0
v -1.0171875 0.2034375 0
v -1.0075 0.2034375 0
v -1.0075 0.213125 0
v -1.0075 0.2228125 0
v -1.0171875 0.2228125 0
v -1.0075 0.2325 0
v -1.0171875 0.2325 0
v -1.0171875 0.2421875 0
v -1.0075 0.2421875 0
v -1.0075 0.251875 0
v -1.0075 0.2615625 0
v -1.0171875 0.2615625 0
v -1.0075 0.27125 0
v -1.0171875 0.27125 0
v -1.0171875 0.2809375 0
v -1.0075 0.2809375 0
v -1.0075 0.290625 0
v -1.0075 0.3003125 0
v -1.0171875 0.3003125 0
v -1.0075 0.31 0
v -1.0171875 0.31 0
v -1.0171875 0.3196875 0
v -1.0075 0.3196875 0
v -1.0075 0.329375 0
v -1.0075 0.3390625 0
v -1.0171875 0.3390625 0
v -1.0075 0.34875 0
v -1.0171875 0.34875 0
v -1.0171875 0.3584375 0
v -1.0075 0.3584375 0
v -1.0075 0.368125 0
v -1.0075 0.3778125 0
v -1.0171875 0.3778125 0
v -1.0075 0.3875 0
v -1.0171875 0.3875 0
v -1.0171875 0.3971875 0
v -1.0075 0.3971875 0
v -1.0075 0.406875 0
v -1.0075 0.4165625 0
v -1.0171875 0.4165625 0
v -1.0075 0.42625 0
v -1.0171875 0.42625 0
v -1.0171875 0.4359375 0
v -1.0075 0.4359375 0
v -1.0075 0.445625 0
v -1.0075 0.4553125 0
v -1.0171875 0.4553125 0
v -1.0075 0.465 0
v -1.0171875 0.465 0
v -1.0171875 0.4746875 0
v -1.0075 0.4746875 0
v -1.0075 0.484375 0
v -1.0075 0.4940625 0
v -1.0171875 0.4940625 0
v -1.0075 0.50375 0
v -1.0171875 0.50375 0
v -1.0171875 0.5134375 0
v -1.0075 0.5134375 0
v -1.0075 0.523125 0
v -1.0075 0.5328125 0
v -1.0171875 0.5328125 0
v -1.0075 0.5425 0
v -1.0171875 0.5425 0
v -1.0171875 0.5521875 0
v -1.0075 0.5521875 0
v -1.0075 0.561875 0
v -1.0075 0.5715625 0
v -1.0171875 0.5715625 0
v -1.0075 0.58125 0
v -1.0171875 0.58125 0
v -1.0171875 0.5909375 0
v -1.0075 0.5909375 0
v -1.0075 0.600625 0
v -1.0075 0.6103125 0
v -1.0171875 0.6103125 0
v -1.0075 0.62 0
v -1.0171875 0.62 0
v -1.0171875 0.6296875 0
v -1.0075 0.6296875 0
v -1.0075 0.639375 0
v -1.0075 0.6490625 0
v -1.0171875 0.6490625 0
v -1.0075 0.65875 0
v -1.0171875 0.65875 0
v -1.0171875 0.6684375 0
v -1.0075 0.6684375 0
v -1.0075 0.678125 0
v -1.0075 0.6878125 0
v -1.0171875 0.6878125 0
v -1.0075 0.6975 0
v -1.0171875 0.6975 0
v -1.0171875 0.7071875 0
v -1.0075 0.7071875 0
v -1.0075 0.716875 0
v -1.0075 0.7265625 0
v -1.0171875 0.7265625 0
v -1.0075 0.73625 0
v -1.0171875 0.73625 0
v -1.0171875 0.7459375 0
v -1.0075 0.7459375 0
v -1.0075 0.755625 0
v -1.0075 0.7653125 0
v -1.0171875 0.7653125 0
v -1.0075 0.775 0
v -1.0171875 0.775 0
v -1.0171875 0.7846875 0
v -1.0075 0.7846875 0
v -1.0075 0.794375 0
v -1.0075 0.8040625 0
v -1.0171875 0.8040625 0
v -1.0075 0.81375 0
v -1.0171875 0.81375 0
v -1.0171875 0.8234375 0
v -1.00529835863 0.822428414373 0
v -1.0075 0.833125 0
v -0.988125 -0.8428125 0
v -0.9978125 -0.8428125 0
v -0.988125 -0.833125 0
v -0.998210653797 -0.830736077216 0
v -0.99878125 -0.833125 0
v -0.993453125 -0.833125 0
v -0.9937578125 -0.8265625 0
v -0.999390625 -0.8265625 0
v -0.988125 -0.8265625 0
v -0.988125 -0.82 0
v -0.9940625 -0.82 0
v -1 -0.82 0
v -0.988125 -0.816875 0
v -0.9940625 -0.816875 0
v -0.988125 -0.81375 0
v -0.9940625 -0.81375 0
v -1 -0.81375 0
v -1 -0.816875 0
v -1.00375 -0.81375 0
v -1.00375 -0.816765625 0
v -1.0075 -0.81665625 0
v -1.0075 -0.8195625 0
v -1.00375 -0.81978125 0
v -1.0075 -0.82634375 0
v -1.0034453125 -0.826453125 0
v -1.003140625 -0.833125 0
v -0.9940625 -0.8040625 0
v -1 -0.8040625 0
v -0.988125 -0.8040625 0
v -0.988125 -0.794375 0
v -0.9940625 -0.794375 0
v -1 -0.794375 0
v -1.00375 -0.794375 0
v -1.00375 -0.8040625 0
v -0.9940625 -0.7846875 0
v -1 -0.7846875 0
v -0.988125 -0.7846875 0
v -0.988125 -0.775 0
v -0.9940625 -0.775 0
v -1 -0.775 0
v -1.00375 -0.775 0
v -1.00375 -0.7846875 0
v -0.9940625 -0.7653125 0
v -1 -0.7653125 0
v -0.988125 -0.7653125 0
v -0.988125 -0.755625 0
v -0.9940625 -0.755625 0
v -1 -0.755625 0
v -1.00375 -0.755625 0
v -1.00375 -0.7653125 0
v -0.9940625 -0.7459375 0
v -1 -0.7459375 0
v -0.988125 -0.7459375 0
v -0.988125 -0.73625 0
v -0.9940625 -0.73625 0
v -1 -0.73625 0
v -1.00375 -0.73625 0
v -1.00375 -0.7459375 0
v -0.9940625 -0.7265625 0
v -1 -0.7265625 0
v -0.988125 -0.7265625 0
v -0.988125 -0.716875 0
v -0.9940625 -0.716875 0
v -1 -0.716875 0
v -1.00375 -0.716875 0
v -1.00375 -0.7265625 0
v -0.9940625 -0.7071875 0
v -1 -0.7071875 0
v -0.988125 -0.7071875 0
v -0.988125 -0.6975 0
v -0.9940625 -0.6975 0
v -1 -0.6975 0
v -1.00375 -0.6975 0
v -1.00375 -0.7071875 0
v -0.9940625 -0.6878125 0
v -1 -0.6878125 0
v -0.988125 -0.6878125 0
v -0.988125 -0.678125 0
v -0.9940625 -0.678125 0
v -1 -0.678125 0
v -1.00375 -0.678125 0
v -1.00375 -0.6878125 0
v -0.9940625 -0.6684375 0
v -1 -0.6684375 0
v -0.988125 -0.6684375 0
v -0.988125 -0.65875 0
v -0.9940625 -0.65875 0
v -1 -0.65875 0
v -1.00375 -0.65875 0
v -1.00375 -0.6684375 0
v -0.9940625 -0.6490625 0
v -1 -0.6490625 0
v -0.988125 -0.6490625 0
v -0.988125 -0.639375 0
v -0.9940625 -0.639375 0
v -1 -0.639375 0
v -1.00375 -0.639375 0
v -1.00375 -0.6490625 0
v -0.9940625 -0.6296875 0
v -1 -0.6296875 0
v -0.988125 -0.6296875 0
v -0.988125 -0.62 0
v -0.9940625 -0.62 0
v -1 -0.62 0
v -1.00375 -0.62 0
v -1.00375 -0.6296875 0
v -0.9940625 -0.6103125 0
v -1 -0.6103125 0
v -0.988125 -0.6103125 0
v -0.988125 -0.600625 0
v -0.9940625 -0.600625 0
v -1 -0.600625 0
v -1.00375 -0.600625 0
v -1.00375 -0.6103125 0
v -0.9940625 -0.5909375 0
v -1 -0.5909375 0
v -0.988125 -0.5909375 0
v -0.988125 -0.58125 0
v -0.9940625 -0.58125 0
v -1 -0.58125 0
v -1.00375 -0.58125 0
v -1.00375 -0.5909375 0
v -0.9940625 -0.5715625 0
v -1 -0.5715625 0
v -0.988125 -0.5715625 0
v -0.988125 -0.561875 0
v -0.9940625 -0.561875 0
v -1 -0.561875 0
v -1.00375 -0.561875 0
v -1.00375 -0.5715625 0
v -0.9940625 -0.5521875 0
v -1 -0.5521875 0
v -0.988125 -0.5521875 0
v -0.988125 -0.5425 0
v -0.9940625 -0.5425 0
v -1 -0.5425 0
v -1.00375 -0.5425 0
v -1.00375 -0.5521875 0
v -0.9940625 -0.5328125 0
v -1 -0.5328125 0
v -0.988125 -0.5328125 0
v -0.988125 -0.523125 0
v -0.9940625 -0.523125 0
v -1 -0.523125 0
v -1.00375 -0.523125 0
v -1.00375 -0.5328125 0
v -0.9940625 -0.5134375 0
v -1 -0.5134375 0
v -0.988125 -0.5134375 0
v -0.988125 -0.50375 0
v -0.9940625 -0.50375 0
v -1 -0.50375 0
v -1.00375 -0.50375 0
v -1.00375 -0.5134375 0
v -0.9940625 -0.4940625 0
v -1 -0.4940625 0
v -0.988125 -0.4940625 0
v -0.988125 -0.484375 0
v -0.9940625 -0.484375 0
v -1 -0.484375 0
v -1.00375 -0.484375 0
v -1.00375 -0.4940625 0
v -0.9940625 -0.4746875 0
v -1 -0.4746875 0
v -0.988125 -0.4746875 0
v -0.988125 -0.465 0
v -0.9940625 -0.465 0
v -1 -0.465 0
v -1.00375 -0.465 0
v -1.00375 -0.4746875 0
v -0.9940625 -0.4553125 0
v -1 -0.4553125 0
v -0.988125 -0.4553125 0
v -0.988125 -0.445625 0
v -0.9940625 -0.445625 0
v -1 -0.445625 0
v -1.00375 -0.445625 0
v -1.00375 -0.4553125 0
v -0.9940625 -0.4359375 0
v -1 -0.4359375 0
v -0.988125 -0.4359375 0
v -0.988125 -0.42625 0
v -0.9940625 -0.42625 0
v -1 -0.42625 0
v -1.00375 -0.42625 0
v -1.00375 -0.4359375 0
v -0.9940625 -0.4165625 0
v -1 -0.4165625 0
v -0.988125 -0.4165625 0
v -0.988125 -0.406875 0
v -0.9940625 -0.406875 0
v -1 -0.406875 0
v -1.00375 -0.406875 0
v -1.00375 -0.4165625 0
v -0.9940625 -0.3971875 0
v -1 -0.3971875 0
v -0.988125 -0.3971875 0
v -0.988125 -0.3875 0
v -0.9940625 -0.3875 0
v -1 -0.3875 0
v -1.00375 -0.3875 0
v -1.00375 -0.3971875 0
v -0.9940625 -0.3778125 0
v -1 -0.3778125 0
v -0.988125 -0.3778125 0
v -0.988125 -0.368125 0
v -0.9940625 -0.368125 0
v -1 -0.368125 0
v -1.00375 -0.368125 0
v -1.00375 -0.3778125 0
v -0.9940625 -0.3584375 0
v -1 -0.3584375 0
v -0.988125 -0.3584375 0
v -0.988125 -0.34875 0
v -0.9940625 -0.34875 0
v -1 -0.34875 0
v -1.00375 -0.34875 0
v -1.00375 -0.3584375 0
v -0.9940625 -0.3390625 0
v -1 -0.3390625 0
v -0.988125 -0.3390625 0
v -0.988125 -0.329375 0
v -0.9940625 -0.329375 0
v -1 -0.329375 0
v -1.00375 -0.329375 0
v -1.00375 -0.3390625 0
v -0.9940625 -0.3196875 0
v -1 -0.3196875 0
v -0.988125 -0.3196875 0
v -0.988125 -0.31 0
v -0.9940625 -0.31 0
v -1 -0.31 0
v -1.00375 -0.31 0
v -1.00375 -0.3196875 0
v -0.9940625 -0.3003125 0
v -1 -0.3003125 0
v -0.988125 -0.3003125 0
v -0.988125 -0.290625 0
v -0.9940625 -0.290625 0
v -1 -0.290625 0
v -1.00375 -0.290625 0
v -1.00375 -0.3003125 0
v -0.9940625 -0.2809375 0
v -1 -0.2809375 0
v -0.988125 -0.2809375 0
v -0.988125 -0.27125 0
v -0.9940625 -0.27125 0
v -1 -0.27125 0
v -1.00375 -0.27125 0
v -1.00375 -0.2809375 0
v -0.9940625 -0.2615625 0
v -1 -0.2615625 0
v -0.988125 -0.2615625 0
v -0.988125 -0.251875 0
v -0.9940625 -0.251875 0
v -1 -0.251875 0
v -1.00375 -0.251875 0
v -1.00375 -0.2615625 0
v -0.9940625 -0.2421875 0
v -1 -0.2421875 0
v -0.988125 -0.2421875 0
v -0.988125 -0.2325 0
v -0.9940625 -0.2325 0
v -1 -0.2325 0
v -1.00375 -0.2325 0
v -1.00375 -0.2421875 0
v -0.9940625 -0.2228125 0
v -1 -0.2228125 0
v -0.988125 -0.2228125 0
v -0.988125 -0.213125 0
v -0.9940625 -0.213125 0
v -1 -0.213125 0
v -1.00375 -0.213125 0
v -1.00375 -0.2228125 0
v -0.9940625 -0.2034375 0
v -1 -0.2034375 0
v -0.988125 -0.2034375 0
v -0.988125 -0.19375 0
v -0.9940625 -0.19375 0
v -1 -0.19375 0
v -1.00375 -0.19375 0
v -1.00375 -0.2034375 0
v -0.9940625 -0.1840625 0
v -1 -0.1840625 0
v -0.988125 -0.1840625 0
v -0.988125 -0.174375 0
v -0.9940625 -0.174375 0
v -1 -0.174375 0
v -1.00375 -0.174375 0
v -1.00375 -0.1840625 0
v -0.9940625 -0.1646875 0
v -1 -0.1646875 0
v -0.988125 -0.1646875 0
v -0.988125 -0.155 0
v -0.9940625 -0.155 0
v -1 -0.155 0
v -1.00375 -0.155 0
v -1.00375 -0.1646875 0
v -0.9940625 -0.1453125 0
v -1 -0.1453125 0
v -0.988125 -0.1453125 0
v -0.988125 -0.135625 0
v -0.9940625 -0.135625 0
v -1 -0.135625 0
v -1.00375 -0.135625 0
v -1.00375 -0.1453125 0
v -0.9940625 -0.1259375 0
v -1 -0.1259375 0
v -0.988125 -0.1259375 0
v -0.988125 -0.11625 0
v -0.9940625 -0.11625 0
v -1 -0.11625 0
v -1.00375 -0.11625 0
v -1.00375 -0.1259375 0
v -0.9940625 -0.1065625 0
v -1 -0.1065625 0
v -0.988125 -0.1065625 0
v -0.988125 -0.096875 0
v -0.9940625 -0.096875 0
v -1 -0.096875 0
v -1.00375 -0.096875 0
v -1.00375 -0.1065625 0
v -0.9940625 -0.0871875 0
v -1 -0.0871875 0
v -0.988125 -0.0871875 0
v -0.988125 -0.0775 0
v -0.9940625 -0.0775 0
v -1 -0.0775 0
v -1.00375 -0.0775 0
v -1.00375 -0.0871875 0
v -0.9940625 -0.0678125 0
v -1 -0.0678125 0
v -0.988125 -0.0678125 0
v -0.988125 -0.058125 0
v -0.9940625 -0.058125 0
v -1 -0.058125 0
v -1.00375 -0.058125 0
v -1.00375 -0.0678125 0
v -0.9940625 -0.0484375 0
v -1 -0.0484375 0
v -0.988125 -0.0484375 0
v -0.988125 -0.03875 0
v -0.9940625 -0.03875 0
v -1 -0.03875 0
v -1.00375 -0.03875 0
v -1.00375 -0.0484375 0
v -0.9940625 -0.0290625 0
v -1 -0.0290625 0
v -0.988125 -0.0290625 0
v -0.988125 -0.019375 0
v -0.9940625 -0.019375 0
v -1 -0.019375 0
v -1.00375 -0.019375 0
v -1.00375 -0.0290625 0
v -0.9940625 -0.0096875 0
v -1 -0.0096875 0
v -0.988125 -0.0096875 0
v -0.988125 0 0
v -0.9940625 0 0
v -1 0 0
v -1.00375 0 0
v -1.00375 -0.0096875 0
v -0.9940625 0.0096875 0
v -1 0.0096875 0
v -0.988125 0.0096875 0
v -0.988125 0.019375 0
v -0.9940625 0.019375 0
v -1 0.019375 0
v -1.00375 0.019375 0
v -1.00375 0.0096875 0
v -0.9940625 0.0290625 0
v -1 0.0290625 0
v -0.988125 0.0290625 0
v -0.988125 0.03875 0
v -0.9940625 0.03875 0
v -1 0.03875 0
v -1.00375 0.03875 0
v -1.00375 0.0290625 0
v -0.9940625 0.0484375 0
v -1 0.0484375 0
v -0.988125 0.0484375 0
v -0.988125 0.058125 0
v -0.9940625 0.058125 0
v -1 0.058125 0
v -1.00375 0.058125 0
v -1.00375 0.0484375 0
v -0.9940625 0.0678125 0
v -1 0.0678125 0
v -0.988125 0.0678125 0
v -0.988125 0.0775 0
v -0.9940625 0.0775 0
v -1 0.0775 0
v -1.00375 0.0775 0
v -1.00375 0.0678125 0
v -0.9940625 0.0871875 0
v -1 0.0871875 0
v -0.988125 0.0871875 0
v -0.988125 0.096875 0
v -0.9940625 0.096875 0
v -1 0.096875 0
v -1.00375 0.096875 0
v -1.00375 0.0871875 0
v -0.9940625 0.1065625 0
v -1 0.1065625 0
v -0.988125 0.1065625 0
v -0.988125 0.11625 0
v -0.9940625 0.11625 0
v -1 0.11625 0
v -1.00375 0.11625 0
v -1.00375 0.1065625 0
v -0.9940625 0.1259375 0
v -1 0.1259375 0
v -0.988125 0.1259375 0
v -0.988125 0.135625 0
v -0.9940625 0.135625 0
v -1 0.135625 0
v -1.00375 0.135625 0
v -1.00375 0.1259375 0
v -0.9940625 0.1453125 0
v -1 0.1453125 0
v -0.988125 0.1453125 0
v -0.988125 0.155 0
v -0.9940625 0.155 0
v -1 0.155 0
v -1.00375 0.155 0
v -1.00375 0.1453125 0
v -0.9940625 0.1646875 0
v -1 0.1646875 0
v -0.988125 0.1646875 0
v -0.988125 0.174375 0
v -0.9940625 0.174375 0
v -1 0.174375 0
v -1.00375 0.174375 0
v -1.00375 0.1646875 0
v -0.9940625 0.1840625 0
v -1 0.1840625 0
v -0.988125 0.1840625 0
v -0.988125 0.19375 0
v -0.9940625 0.19375 0
v -1 0.19375 0
v -1.00375 0.19375 0
v -1.00375 0.1840625 0
v -0.9940625 0.2034375 0
v -1 0.2034375 0
v -0.988125 0.2034375 0
v -0.988125 0.213125 0
v -0.9940625 0.213125 0
v -1 0.213125 0
v -1.00375 0.213125 0
v -1.00375 0.2034375 0
v -0.9940625 0.2228125 0
v -1 0.2228125 0
v -0.988125 0.2228125 0
v -0.988125 0.2325 0
v -0.9940625 0.2325 0
v -1 0.2325 0
v -1.00375 0.2325 0
v -1.00375 0.2228125 0
v -0.9940625 0.2421875 0
v -1 0.2421875 0
v -0.988125 0.2421875 0
v -0.988125 0.251875 0
v -0.9940625 0.251875 0
v -1 0.251875 0
v -1.00375 0.251875 0
v -1.00375 0.2421875 0
v -0.9940625 0.2615625 0
v -1 0.2615625 0
v -0.988125 0.2615625 0
v -0.988125 0.27125 0
v -0.9940625 0.27125 0
v -1 0.27125 0
v -1.00375 0.27125 0
v -1.00375 0.2615625 0
v -0.9940625 0.2809375 0
v -1 0.2809375 0
v -0.988125 0.2809375 0
v -0.988125 0.290625 0
v -0.9940625 0.290625 0
v -1 0.290625 0
v -1.00375 0.290625 0
v -1.00375 0.2809375 0
v -0.9940625 0.3003125 0
v -1 0.3003125 0
v -0.988125 0.3003125 0
v -0.988125 0.31 0
v -0.9940625 0.31 0
v -1 0.31 0
v -1.00375 0.31 0
v -1.00375 0.3003125 0
v -0.9940625 0.3196875 0
v -1 0.3196875 0
v -0.988125 0.3196875 0
v -0.988125 0.329375 0
v -0.9940625 0.329375 0
v -1 0.329375 0
v -1.00375 0.329375 0
v -1.00375 0.3196875 0
v -0.9940625 0.3390625 0
v -1 0.3390625 0
v -0.988125 0.3390625 0
v -0.988125 0.34875 0
v -0.9940625 0.34875 0
v -1 0.34875 0
v -1.00375 0.34875 0
v -1.00375 0.3390625 0
v -0.9940625 0.3584375 0
v -1 0.3584375 0
v -0.988125 0.3584375 0
v -0.988125 0.368125 0
v -0.9940625 0.368125 0
v -1 0.368125 0
v -1.00375 0.368125 0
v -1.00375 0.3584375 0
v -0.9940625 0.3778125 0
v -1 0.3778125 0
v -0.988125 0.3778125 0
v -0.988125 0.3875 0
v -0.9940625 0.3875 0
v -1 0.3875 0
v -1.00375 0.3875 0
v -1.00375 0.3778125 0
v -0.9940625 0.3971875 0
v -1 0.3971875 0
v -0.988125 0.3971875 0
v -0.988125 0.406875 0
v -0.9940625 0.406875 0
v -1 0.406875 0
v -1.00375 0.406875 0
v -1.00375 0.3971875 0
v -0.9940625 0.4165625 0
v -1 0.4165625 0
v -0.988125 0.4165625 0
v -0.988125 0.42625 0
v -0.9940625 0.42625 0
v -1 0.42625 0
v -1.00375 0.42625 0
v -1.00375 0.4165625 0
v -0.9940625 0.4359375 0
v -1 0.4359375 0
v -0.988125 0.4359375 0
v -0.988125 0.445625 0
v -0.9940625 0.445625 0
v -1 0.445625 0
v -1.00375 0.445625 0
v -1.00375 0.4359375 0
v -0.9940625 0.4553125 0
v -1 0.4553125 0
v -0.988125 0.4553125 0
v -0.988125 0.465 0
v -0.9940625 0.465 0
v -1 0.465 0
v -1.00375 0.465 0
v -1.00375 0.4553125 0
v -0.9940625 0.4746875 0
v -1 0.4746875 0
v -0.988125 0.4746875 0
v -0.988125 0.484375 0
v -0.9940625 0.484375 0
v -1 0.484375 0
v -1.00375 0.484375 0
v -1.00375 0.4746875 0
v -0.9940625 0.4940625 0
v -1 0.4940625 0
v -0.988125 0.4940625 0
v -0.988125 0.50375 0
v -0.9940625 0.50375 0
v -1 0.50375 0
v -1.00375 0.50375 0
v -1.00375 0.4940625 0
v -0.9940625 0.5134375 0
v -1 0.5134375 0
v -0.988125 0.5134375 0
v -0.988125 0.523125 0
v -0.9940625 0.523125 0
v -1 0.523125 0
v -1.00375 0.523125 0
v -1.00375 0.5134375 0
v -0.9940625 0.5328125 0
v -1 0.5328125 0
v -0.988125 0.5328125 0
v -0.988125 0.5425 0
v -0.9940625 0.5425 0
v -1 0.5425 0
v -1.00375 0.5425 0
v -1.00375 0.5328125 0
v -0.9940625 0.5521875 0
v -1 0.5521875 0
v -0.988125 0.5521875 0
v -0.988125 0.561875 0
v -0.9940625 0.561875 0
v -1 0.561875 0
v -1.00375 0.561875 0
v -1.00375 0.5521875 0
v -0.9940625 0.5715625 0
v -1 0.5715625 0
v -0.988125 0.5715625 0
v -0.988125 0.58125 0
v -0.9940625 0.58125 0
v -1 0.58125 0
v -1.00375 0.58125 0
v -1.00375 0.5715625 0
v -0.9940625 0.5909375 0
v -1 0.5909375 0
v -0.988125 0.5909375 0
v -0.988125 0.600625 0
v -0.9940625 0.600625 0
v -1 0.600625 0
v -1.00375 0.600625 0
v -1.00375 0.5909375 0
v -0.9940625 0.6103125 0
v -1 0.6103125 0
v -0.988125 0.6103125 0
v -0.988125 0.62 0
v -0.9940625 0.62 0
v -1 0.62 0
v -1.00375 0.62 0
v -1.00375 0.6103125 0
v -0.9940625 0.6296875 0
v -1 0.6296875 0
v -0.988125 0.6296875 0
v -0.988125 0.639375 0
v -0.9940625 0.639375 0
v -1 0.639375 0
v -1.00375 0.639375 0
v -1.00375 0.6296875 0
v -0.9940625 0.6490625 0
v -1 0.6490625 0
v -0.988125 0.6490625 0
v -0.988125 0.65875 0
v -0.9940625 0.65875 0
v -1 0.65875 0
v -1.00375 0.65875 0
v -1.00375 0.6490625 0
v -0.9940625 0.6684375 0
v -1 0.6684375 0
v -0.988125 0.6684375 0
v -0.988125 0.678125 0
v -0.9940625 0.678125 0
v -1 0.678125 0
v -1.00375 0.678125 0
v -1.00375 0.6684375 0
v -0.9940625 0.6878125 0
v -1 0.6878125 0
v -0.988125 0.6878125 0
v -0.988125 0.6975 0
v -0.9940625 0.6975 0
v -1 0.6975 0
v -1.00375 0.6975 0
v -1.00375 0.6878125 0
v -0.9940625 0.7071875 0
v -1 0.7071875 0
v -0.988125 0.7071875 0
v -0.988125 0.716875 0
v -0.9940625 0.716875 0
v -1 0.716875 0
v -1.00375 0.716875 0
v -1.00375 0.7071875 0
v -0.9940625 0.7265625 0
v -1 0.7265625 0
v -0.988125 0.7265625 0
v -0.988125 0.73625 0
v -0.9940625 0.73625 0
v -1 0.73625 0
v -1.00375 0.73625 0
v -1.00375 0.7265625 0
v -0.9940625 0.7459375 0
v -1 0.7459375 0
v -0.988125 0.7459375 0
v -0.988125 0.755625 0
v -0.9940625 0.755625 0
v -1 0.755625 0
v -1.00375 0.755625 0
v -1.00375 0.7459375 0
v -0.9940625 0.7653125 0
v -1 0.7653125 0
v -0.988125 0.7653125 0
v -0.988125 0.775 0
v -0.9940625 0.775 0
v -1 0.775 0
v -1.00375 0.775 0
v -1.00375 0.7653125 0
v -0.9940625 0.7846875 0
v -1 0.7846875 0
v -0.988125 0.7846875 0
v -0.988125 0.794375 0
v -0.9940625 0.794375 0
v -1 0.794375 0
v -1.00375 0.794375 0
v -1.00375 0.7846875 0
v -0.9940625 0.8040625 0
v -1 0.8040625 0
v -0.988125 0.8040625 0
v -0.988125 0.81375 0
v -0.9940625 0.81375 0
v -1 0.81375 0
v -1.00375 0.81375 0
v -1.00375 0.8040625 0
v -0.9940625 0.816875 0
v -1 0.816875 0
v -0.988125 0.816875 0
v -0.988125 0.82 0
v -0.9940625 0.82 0
v -1 0.82 0
v -0.988125 0.8265625 0
v -0.994484375 0.8265625 0
v -0.988125 0.833125 0
v -0.99490625 0.833125 0
v -1.0016875 0.833125 0
v -1.00084375 0.8265625 0
v -1.00459375 0.833125 0
v -1.004171875 0.826453125 0
v -1.0075 0.82634375 0
v -1.0075 0.8195625 0
v -1.00375 0.81978125 0
v -1.0075 0.81665625 0
v -1.00375 0.816765625 0
v -0.998210653797 0.830736077216 0
v -0.9978125 0.8428125 0
v -0.988125 0.8428125 0
v -0.9784375 -0.8428125 0
v -0.96875 -0.833125 0
v -0.9784375 -0.833125 0
v -0.96875 -0.82 0
v -0.96875 -0.816875 0
v -0.9784375 -0.816875 0
v -0.9784375 -0.82 0
v -0.96875 -0.81375 0
v -0.9784375 -0.81375 0
v -0.9784375 -0.8265625 0
v -0.96875 -0.8265625 0
v -0.9784375 -0.8040625 0
v -0.96875 -0.8040625 0
v -0.96875 -0.794375 0
v -0.9784375 -0.794375 0
v -0.9784375 -0.7846875 0
v -0.9784375 -0.7653125 0
v -0.9784375 -0.755625 0
v -0.9784375 -0.7459375 0
v -0.9784375 -0.7265625 0
v -0.9784375 -0.716875 0
v -0.9784375 -0.7071875 0
v -0.9784375 -0.6878125 0
v -0.9784375 -0.678125 0
v -0.9784375 -0.6684375 0
v -0.9784375 -0.6490625 0
v -0.9784375 -0.639375 0
v -0.9784375 -0.6296875 0
v -0.9784375 -0.6103125 0
v -0.9784375 -0.600625 0
v -0.9784375 -0.5909375 0
v -0.9784375 -0.5715625 0
v -0.9784375 -0.561875 0
v -0.9784375 -0.5521875 0
v -0.9784375 -0.5328125 0
v -0.9784375 -0.523125 0
v -0.9784375 -0.5134375 0
v -0.9784375 -0.4940625 0
v -0.9784375 -0.484375 0
v -0.9784375 -0.4746875 0
v -0.9784375 -0.4553125 0
v -0.9784375 -0.445625 0
v -0.9784375 -0.4359375 0
v -0.9784375 -0.4165625 0
v -0.9784375 -0.406875 0
v -0.9784375 -0.3971875 0
v -0.9784375 -0.3778125 0
v -0.9784375 -0.368125 0
v -0.9784375 -0.3584375 0
v -0.9784375 -0.3390625 0
v -0.9784375 -0.329375 0
v -0.9784375 -0.3196875 0
v -0.9784375 -0.3003125 0
v -0.9784375 -0.290625 0
v -0.9784375 -0.2809375 0
v -0.9784375 -0.2615625 0
v -0.9784375 -0.251875 0
v -0.9784375 -0.2421875 0
v -0.9784375 -0.2228125 0
v -0.9784375 -0.213125 0
v -0.9784375 -0.2034375 0
v -0.9784375 -0.1840625 0
v -0.9784375 -0.174375 0
v -0.9784375 -0.1646875 0
v -0.9784375 -0.1453125 0
v -0.9784375 -0.135625 0
v -0.9784375 -0.1259375 0
v -0.9784375 -0.1065625 0
v -0.9784375 -0.096875 0
v -0.9784375 -0.0871875 0
v -0.9784375 -0.0678125 0
v -0.9784375 -0.058125 0
v -0.9784375 -0.0484375 0
v -0.9784375 -0.0290625 0
v -0.9784375 -0.019375 0
v -0.9784375 -0.0096875 0
v -0.9784375 0.0096875 0
v -0.9784375 0.019375 0
v -0.9784375 0.0290625 0
v -0.9784375 0.0484375 0
v -0.9784375 0.058125 0
v -0.9784375 0.0678125 0
v -0.9784375 0.0871875 0
v -0.9784375 0.096875 0
v -0.9784375 0.1065625 0
v -0.9784375 0.1259375 0
v -0.9784375 0.135625 0
v -0.9784375 0.1453125 0
v -0.9784375 0.1646875 0
v -0.9784375 0.174375 0
v -0.9784375 0.1840625 0
v -0.9784375 0.2034375 0
v -0.9784375 0.213125 0
v -0.9784375 0.2228125 0
v -0.9784375 0.2421875 0
v -0.9784375 0.251875 0
v -0.9784375 0.2615625 0
v -0.9784375 0.2809375 0
v -0.9784375 0.290625 0
v -0.9784375 0.3003125 0
v -0.9784375 0.3196875 0
v -0.9784375 0.329375 0
v -0.9784375 0.3390625 0
v -0.9784375 0.3584375 0
v -0.9784375 0.368125 0
v -0.9784375 0.3778125 0
v -0.9784375 0.3971875 0
v -0.9784375 0.406875 0
v -0.9784375 0.4165625 0
v -0.9784375 0.4359375 0
v -0.9784375 0.445625 0
v -0.9784375 0.4553125 0
v -0.9784375 0.4746875 0
v -0.9784375 0.484375 0
v -0.9784375 0.4940625 0
v -0.9784375 0.5134375 0
v -0.9784375 0.523125 0
v -0.9784375 0.5328125 0
v -0.9784375 0.5521875 0
v -0.9784375 0.561875 0
v -0.9784375 0.5715625 0
v -0.9784375 0.5909375 0
v -0.9784375 0.600625 0
v -0.9784375 0.6103125 0
v -0.9784375 0.6296875 0
v -0.9784375 0.639375 0
v -0.9784375 0.6490625 0
v -0.9784375 0.6684375 0
v -0.9784375 0.678125 0
v -0.9784375 0.6878125 0
v -0.9784375 0.7071875 0
v -0.9784375 0.716875 0
v -0.9784375 0.7265625 0
v -0.9784375 0.7459375 0
v -0.9784375 0.755625 0
v -0.9784375 0.7653125 0
v -0.9784375 0.7846875 0
v -0.96875 0.794375 0
v -0.9784375 0.794375 0
v -0.9784375 0.8040625 0
v -0.96875 0.8040625 0
v -0.96875 0.81375 0
v -0.9784375 0.81375 0
v -0.96875 0.82 0
v -0.96875 0.8265625 0
v -0.9784375 0.8265625 0
v -0.9784375 0.82 0
v -0.96875 0.833125 0
v -0.9784375 0.833125 0
v -0.9784375 0.816875 0
v -0.96875 0.816875 0
v -0.9784375 0.8428125 0
v -0.949375 -0.8428125 0
v -0.9590625 -0.8428125 0
v -0.949375 -0.833125 0
v -0.9590625 -0.833125 0
v -0.949375 -0.82 0
v -0.949375 -0.816875 0
v -0.9590625 -0.816875 0
v -0.9590625 -0.82 0
v -0.949375 -0.81375 0
v -0.9590625 -0.81375 0
v -0.9590625 -0.8265625 0
v -0.949375 -0.8265625 0
v -0.9590625 -0.8040625 0
v -0.949375 -0.794375 0
v -0.949375 0.794375 0
v -0.9590625 0.8040625 0
v -0.949375 0.81375 0
v -0.9590625 0.81375 0
v -0.949375 0.82 0
v -0.949375 0.8265625 0
v -0.9590625 0.8265625 0
v -0.9590625 0.82 0
v -0.949375 0.833125 0
v -0.9590625 0.833125 0
v -0.9590625 0.816875 0
v -0.949375 0.816875 0
v -0.9590625 0.8428125 0
v -0.949375 0.8428125 0
v -0.9396875 -0.8428125 0
v -0.93 -0.833125 0
v -0.9396875 -0.833125 0
v -0.93 -0.82 0
v -0.93 -0.816875 0
v -0.9396875 -0.816875 0
v -0.9396875 -0.82 0
v -0.93 -0.81375 0
v -0.9396875 -0.81375 0
v -0.9396875 -0.8265625 0
v -0.93 -0.8265625 0
v -0.9396875 -0.8040625 0
v -0.93 -0.8040625 0
v -0.93 -0.794375 0
v -0.93 0.794375 0
v -0.93 0.8040625 0
v -0.9396875 0.8040625 0
v -0.93 0.81375 0
v -0.9396875 0.81375 0
v -0.93 0.82 0
v -0.93 0.8265625 0
v -0.9396875 0.8265625 0
v -0.9396875 0.82 0
v -0.93 0.833125 0
v -0.9396875 0.833125 0
v -0.9396875 0.816875 0
v -0.93 0.816875 0
v -0.9396875 0.8428125 0
v -0.910625 -0.8428125 0
v -0.9203125 -0.8428125 0
v -0.910625 -0.833125 0
v -0.9203125 -0.833125 0
v -0.910625 -0.82 0
v -0.910625 -0.816875 0
v -0.9203125 -0.816875 0
v -0.9203125 -0.82 0
v -0.910625 -0.81375 0
v -0.9203125 -0.81375 0
v -0.9203125 -0.8265625 0
v -0.910625 -0.8265625 0
v -0.9203125 -0.8040625 0
v -0.910625 -0.794375 0
v -0.910625 0.794375 0
v -0.9203125 0.8040625 0
v -0.910625 0.81375 0
v -0.9203125 0.81375 0
v -0.910625 0.82 0
v -0.910625 0.8265625 0
v -0.9203125 0.8265625 0
v -0.9203125 0.82 0
v -0.910625 0.833125 0
v -0.9203125 0.833125 0
v -0.9203125 0.816875 0
v -0.910625 0.816875 0
v -0.9203125 0.8428125 0
v -0.910625 0.8428125 0
v -0.9009375 -0.8428125 0
v -0.89125 -0.833125 0
v -0.9009375 -0.833125 0
v -0.89125 -0.82 0
v -0.89125 -0.816875 0
v -0.9009375 -0.816875 0
v -0.9009375 -0.82 0
v -0.89125 -0.81375 0
v -0.9009375 -0.81375 0
v -0.9009375 -0.8265625 0
v -0.89125 -0.8265625 0
v -0.9009375 -0.8040625 0
v -0.89125 -0.8040625 0
v -0.89125 -0.794375 0
v -0.89125 0.794375 0
v -0.89125 0.8040625 0
v -0.9009375 0.8040625 0
v -0.89125 0.81375 0
v -0.9009375 0.81375 0
v -0.89125 0.82 0
v -0.89125 0.8265625 0
v -0.9009375 0.8265625 0
v -0.9009375 0.82 0
v -0.89125 0.833125 0
v -0.9009375 0.833125 0
v -0.9009375 0.816875 0
v -0.89125 0.816875 0
v -0.9009375 0.8428125 0
v -0.871875 -0.8428125 0
v -0.8815625 -0.8428125 0
v -0.871875 -0.833125 0
v -0.8815625 -0.833125 0
v -0.871875 -0.82 0
v -0.871875 -0.816875 0
v -0.8815625 -0.816875 0
v -0.8815625 -0.82 0
v -0.871875 -0.81375 0
v -0.8815625 -0.81375 0
v -0.8815625 -0.8265625 0
v -0.871875 -0.8265625 0
v -0.8815625 -0.8040625 0
v -0.871875 -0.794375 0
v -0.871875 0.794375 0
v -0.8815625 0.8040625 0
v -0.871875 0.81375 0
v -0.8815625 0.81375 0
v -0.871875 0.82 0
v -0.871875 0.8265625 0
v -0.8815625 0.8265625 0
v -0.8815625 0.82 0
v -0.871875 0.833125 0
v -0.8815625 0.833125 0
v -0.8815625 0.816875 0
v -0.871875 0.816875 0
v -0.8815625 0.8428125 0
v -0.871875 0.8428125 0
v -0.8621875 -0.8428125 0
v -0.8525 -0.833125 0
v -0.8621875 -0.833125 0
v -0.8525 -0.82 0
v -0.8525 -0.816875 0
v -0.8621875 -0.816875 0
v -0.8621875 -0.82 0
v -0.8525 -0.81375 0
v -0.8621875 -0.81375 0
v -0.8621875 -0.8265625 0
v -0.8525 -0.8265625 0
v -0.8621875 -0.8040625 0
v -0.8525 -0.8040625 0
v -0.8525 -0.794375 0
v -0.8525 0.794375 0
v -0.8525 0.8040625 0
v -0.8621875 0.8040625 0
v -0.8525 0.81375 0
v -0.8621875 0.81375 0
v -0.8525 0.82 0
v -0.8525 0.8265625 0
v -0.8621875 0.8265625 0
v -0.8621875 0.82 0
v -0.8525 0.833125 0
v -0.8621875 0.833125 0
v -0.8621875 0.816875 0
v -0.8525 0.816875 0
v -0.8621875 0.8428125 0
v -0.833125 -0.8428125 0
v -0.8428125 -0.8428125 0
v -0.833125 -0.833125 0
v -0.8428125 -0.833125 0
v -0.833125 -0.82 0
v -0.833125 -0.816875 0
v -0.8428125 -0.816875 0
v -0.8428125 -0.82 0
v -0.833125 -0.81375 0
v -0.8428125 -0.81375 0
v -0.8428125 -0.8265625 0
v -0.833125 -0.8265625 0
v -0.8428125 -0.8040625 0
v -0.833125 -0.794375 0
v -0.833125 0.794375 0
v -0.8428125 0.8040625 0
v -0.833125 0.81375 0
v -0.8428125 0.81375 0
v -0.833125 0.82 0
v -0.833125 0.8265625 0
v -0.8428125 0.8265625 0
v -0.8428125 0.82 0
v -0.833125 0.833125 0
v -0.8428125 0.833125 0
v -0.8428125 0.816875 0
v -0.833125 0.816875 0
v -0.8428125 0.8428125 0
v -0.833125 0.8428125 0
v -0.8234375 -0.8428125 0
v -0.81375 -0.833125 0
v -0.8234375 -0.833125 0
v -0.81375 -0.82 0
v -0.81375 -0.816875 0
v -0.8234375 -0.816875 0
v -0.8234375 -0.82 0
v -0.81375 -0.81375 0
v -0.8234375 -0.81375 0
v -0.8234375 -0.8265625 0
v -0.81375 -0.8265625 0
v -0.8234375 -0.8040625 0
v -0.81375 -0.8040625 0
v -0.81375 -0.794375 0
v -0.81375 0.794375 0
v -0.81375 0.8040625 0
v -0.8234375 0.8040625 0
v -0.81375 0.81375 0
v -0.8234375 0.81375 0
v -0.81375 0.82 0
v -0.81375 0.8265625 0
v -0.8234375 0.8265625 0
v -0.8234375 0.82 0
v -0.81375 0.833125 0
v -0.8234375 0.833125 0
v -0.8234375 0.816875 0
v -0.81375 0.816875 0
v -0.8234375 0.8428125 0
v -0.794375 -0.8428125 0
v -0.8040625 -0.8428125 0
v -0.794375 -0.833125 0
v -0.8040625 -0.833125 0
v -0.794375 -0.82 0
v -0.794375 -0.816875 0
v -0.8040625 -0.816875 0
v -0.8040625 -0.82 0
v -0.794375 -0.81375 0
v -0.8040625 -0.81375 0
v -0.8040625 -0.8265625 0
v -0.794375 -0.8265625 0
v -0.8040625 -0.8040625 0
v -0.794375 -0.794375 0
v -0.794375 0.794375 0
v -0.8040625 0.8040625 0
v -0.794375 0.81375 0
v -0.8040625 0.81375 0
v -0.794375 0.82 0
v -0.794375 0.8265625 0
v -0.8040625 0.8265625 0
v -0.8040625 0.82 0
v -0.794375 0.833125 0
v -0.8040625 0.833125 0
v -0.8040625 0.816875 0
v -0.794375 0.816875 0
v -0.8040625 0.8428125 0
v -0.794375 0.8428125 0
v -0.7846875 -0.8428125 0
v -0.775 -0.833125 0
v -0.7846875 -0.833125 0
v -0.775 -0.82 0
v -0.775 -0.816875 0
v -0.7846875 -0.816875 0
v -0.7846875 -0.82 0
v -0.775 -0.81375 0
v -0.7846875 -0.81375 0
v -0.7846875 -0.8265625 0
v -0.775 -0.8265625 0
v -0.7846875 -0.8040625 0
v -0.775 -0.8040625 0
v -0.775 -0.794375 0
v -0.775 0.794375 0
v -0.775 0.8040625 0
v -0.7846875 0.8040625 0
v -0.775 0.81375 0
v -0.7846875 0.81375 0
v -0.775 0.82 0
v -0.775 0.8265625 0
v -0.7846875 0.8265625 0
v -0.7846875 0.82 0
v -0.775 0.833125 0
v -0.7846875 0.833125 0
v -0.7846875 0.816875 0
v -0.775 0.816875 0
v -0.7846875 0.8428125 0
v -0.755625 -0.8428125 0
v -0.7653125 -0.8428125 0
v -0.755625 -0.833125 0
v -0.7653125 -0.833125 0
v -0.755625 -0.82 0
v -0.755625 -0.816875 0
v -0.7653125 -0.816875 0
v -0.7653125 -0.82 0
v -0.755625 -0.81375 0
v -0.7653125 -0.81375 0
v -0.7653125 -0.8265625 0
v -0.755625 -0.8265625 0
v -0.7653125 -0.8040625 0
v -0.755625 -0.794375 0
v -0.755625 0.794375 0
v -0.7653125 0.8040625 0
v -0.755625 0.81375 0
v -0.7653125 0.81375 0
v -0.755625 0.82 0
v -0.755625 0.8265625 0
v -0.7653125 0.8265625 0
v -0.7653125 0.82 0
v -0.755625 0.833125 0
v -0.7653125 0.833125 0
v -0.7653125 0.816875 0
v -0.755625 0.816875 0
v -0.7653125 0.8428125 0
v -0.755625 0.8428125 0
v -0.7459375 -0.8428125 0
v -0.73625 -0.833125 0
v -0.7459375 -0.833125 0
v -0.73625 -0.82 0
v -0.73625 -0.816875 0
v -0.7459375 -0.816875 0
v -0.7459375 -0.82 0
v -0.73625 -0.81375 0
v -0.7459375 -0.81375 0
v -0.7459375 -0.8265625 0
v -0.73625 -0.8265625 0
v -0.7459375 -0.8040625 0
v -0.73625 -0.8040625 0
v -0.73625 -0.794375 0
v -0.73625 0.794375 0
v -0.73625 0.8040625 0
v -0.7459375 0.8040625 0
v -0.73625 0.81375 0
v -0.7459375 0.81375 0
v -0.73625 0.82 0
v -0.73625 0.8265625 0
v -0.7459375 0.8265625 0
v -0.7459375 0.82 0
v -0.73625 0.833125 0
v -0.7459375 0.833125 0
v -0.7459375 0.816875 0
v -0.73625 0.816875 0
v -0.7459375 0.8428125 0
v -0.716875 -0.8428125 0
v -0.7265625 -0.8428125 0
v -0.716875 -0.833125 0
v -0.7265625 -0.833125 0
v -0.716875 -0.82 0
v -0.716875 -0.816875 0
v -0.7265625 -0.816875 0
v -0.7265625 -0.82 0
v -0.716875 -0.81375 0
v -0.7265625 -0.81375 0
v -0.7265625 -0.8265625 0
v -0.716875 -0.8265625 0
v -0.7265625 -0.8040625 0
v -0.716875 -0.794375 0
v -0.716875 0.794375 0
v -0.7265625 0.8040625 0
v -0.716875 0.81375 0
v -0.7265625 0.81375 0
v -0.716875 0.82 0
v -0.716875 0.8265625 0
v -0.7265625 0.8265625 0
v -0.7265625 0.82 0
v -0.716875 0.833125 0
v -0.7265625 0.833125 0
v -0.7265625 0.816875 0
v -0.716875 0.816875 0
v -0.7265625 0.8428125 0
v -0.716875 0.8428125 0
v -0.7071875 -0.8428125 0
v -0.6975 -0.833125 0
v -0.7071875 -0.833125 0
v -0.6975 -0.82 0
v -0.6975 -0.816875 0
v -0.7071875 -0.816875 0
v -0.7071875 -0.82 0
v -0.6975 -0.81375 0
v -0.7071875 -0.81375 0
v -0.7071875 -0.8265625 0
v -0.6975 -0.8265625 0
v -0.7071875 -0.8040625 0
v -0.6975 -0.8040625 0
v -0.6975 -0.794375 0
v -0.6975 0.794375 0
v -0.6975 0.8040625 0
v -0.7071875 0.8040625 0
v -0.6975 0.81375 0
v -0.7071875 0.81375 0
v -0.6975 0.82 0
v -0.6975 0.8265625 0
v -0.7071875 0.8265625 0
v -0.7071875 0.82 0
v -0.6975 0.833125 0
v -0.7071875 0.833125 0
v -0.7071875 0.816875 0
v -0.6975 0.816875 0
v -0.7071875 0.8428125 0
v -0.678125 -0.8428125 0
v -0.6878125 -0.8428125 0
v -0.678125 -0.833125 0
v -0.6878125 -0.833125 0
v -0.678125 -0.82 0
v -0.678125 -0.816875 0
v -0.6878125 -0.816875 0
v -0.6878125 -0.82 0
v -0.678125 -0.81375 0
v -0.6878125 -0.81375 0
v -0.6878125 -0.8265625 0
v -0.678125 -0.8265625 0
v -0.6878125 -0.8040625 0
v -0.678125 -0.794375 0
v -0.678125 0.794375 0
v -0.6878125 0.8040625 0
v -0.678125 0.81375 0
v -0.6878125 0.81375 0
v -0.678125 0.82 0
v -0.678125 0.8265625 0
v -0.6878125 0.8265625 0
v -0.6878125 0.82 0
v -0.678125 0.833125 0
v -0.6878125 0.833125 0
v -0.6878125 0.816875 0
v -0.678125 0.816875 0
v -0.6878125 0.8428125 0
v -0.678125 0.8428125 0
v -0.6684375 -0.8428125 0
v -0.65875 -0.833125 0
v -0.6684375 -0.833125 0
v -0.65875 -0.82 0
v -0.65875 -0.816875 0
v -0.6684375 -0.816875 0
v -0.6684375 -0.82 0
v -0.65875 -0.81375 0
v -0.6684375 -0.81375 0
v -0.6684375 -0.8265625 0
v -0.65875 -0.8265625 0
v -0.6684375 -0.8040625 0
v -0.65875 -0.8040625 0
v -0.65875 -0.794375 0
v -0.65875 0.794375 0
v -0.65875 0.8040625 0
v -0.6684375 0.8040625 0
v -0.65875 0.81375 0
v -0.6684375 0.81375 0
v -0.65875 0.82 0
v -0.65875 0.8265625 0
v -0.6684375 0.8265625 0
v -0.6684375 0.82 0
v -0.65875 0.833125 0
v -0.6684375 0.833125 0
v -0.6684375 0.816875 0
v -0.65875 0.816875 0
v -0.6684375 0.8428125 0
v -0.639375 -0.8428125 0
v -0.6490625 -0.8428125 0
v -0.639375 -0.833125 0
v -0.6490625 -0.833125 0
v -0.639375 -0.82 0
v -0.639375 -0.816875 0
v -0.6490625 -0.816875 0
v -0.6490625 -0.82 0
v -0.639375 -0.81375 0
v -0.6490625 -0.81375 0
v -0.6490625 -0.8265625 0
v -0.639375 -0.8265625 0
v -0.6490625 -0.8040625 0
v -0.639375 -0.794375 0
v -0.639375 0.794375 0
v -0.6490625 0.8040625 0
v -0.639375 0.81375 0
v -0.6490625 0.81375 0
v -0.639375 0.82 0
v -0.639375 0.8265625 0
v -0.6490625 0.8265625 0
v -0.6490625 0.82 0
v -0.639375 0.833125 0
v -0.6490625 0.833125 0
v -0.6490625 0.816875 0
v -0.639375 0.816875 0
v -0.6490625 0.8428125 0
v -0.639375 0.8428125 0
v -0.6296875 -0.8428125 0
v -0.62 -0.833125 0
v -0.6296875 -0.833125 0
v -0.62 -0.82 0
v -0.62 -0.816875 0
v -0.6296875 -0.816875 0
v -0.6296875 -0.82 0
v -0.62 -0.81375 0
v -0.6296875 -0.81375 0
v -0.6296875 -0.8265625 0
v -0.62 -0.8265625 0
v -0.6296875 -0.8040625 0
v -0.62 -0.8040625 0
v -0.62 -0.794375 0
v -0.62 0.794375 0
v -0.62 0.8040625 0
v -0.6296875 0.8040625 0
v -0.62 0.81375 0
v -0.6296875 0.81375 0
v -0.62 0.82 0
v -0.62 0.8265625 0
v -0.6296875 0.8265625 0
v -0.6296875 0.82 0
v -0.62 0.833125 0
v -0.6296875 0.833125 0
v -0.6296875 0.816875 0
v -0.62 0.816875 0
v -0.6296875 0.8428125 0
v -0.600625 -0.8428125 0
v -0.6103125 -0.8428125 0
v -0.600625 -0.833125 0
v -0.6103125 -0.833125 0
v -0.600625 -0.82 0
v -0.600625 -0.816875 0
v -0.6103125 -0.816875 0
v -0.6103125 -0.82 0
v -0.600625 -0.81375 0
v -0.6103125 -0.81375 0
v -0.6103125 -0.8265625 0
v -0.600625 -0.8265625 0
v -0.6103125 -0.8040625 0
v -0.600625 -0.794375 0
v -0.600625 0.794375 0
v -0.6103125 0.8040625 0
v -0.600625 0.81375 0
v -0.6103125 0.81375 0
v -0.600625 0.82 0
v -0.600625 0.8265625 0
v -0.6103125 0.8265625 0
v -0.6103125 0.82 0
v -0.600625 0.833125 0
v -0.6103125 0.833125 0
v -0.6103125 0.816875 0
v -0.600625 0.816875 0
v -0.6103125 0.8428125 0
v -0.600625 0.8428125 0
v -0.5909375 -0.8428125 0
v -0.58125 -0.833125 0
v -0.5909375 -0.833125 0
v -0.58125 -0.82 0
v -0.58125 -0.816875 0
v -0.5909375 -0.816875 0
v -0.5909375 -0.82 0
v -0.58125 -0.81375 0
v -0.5909375 -0.81375 0
v -0.5909375 -0.8265625 0
v -0.58125 -0.8265625 0
v -0.5909375 -0.8040625 0
v -0.58125 -0.8040625 0
v -0.58125 -0.794375 0
v -0.58125 0.794375 0
v -0.58125 0.8040625 0
v -0.5909375 0.8040625 0
v -0.58125 0.81375 0
v -0.5909375 0.81375 0
v -0.58125 0.82 0
v -0.58125 0.8265625 0
v -0.5909375 0.8265625 0
v -0.5909375 0.82 0
v -0.58125 0.833125 0
v -0.5909375 0.833125 0
v -0.5909375 0.816875 0
v -0.58125 0.816875 0
v -0.5909375 0.8428125 0
v -0.561875 -0.8428125 0
v -0.5715625 -0.8428125 0
v -0.561875 -0.833125 0
v -0.5715625 -0.833125 0
v -0.561875 -0.82 0
v -0.561875 -0.816875 0
v -0.5715625 -0.816875 0
v -0.5715625 -0.82 0
v -0.561875 -0.81375 0
v -0.5715625 -0.81375 0
v -0.5715625 -0.8265625 0
v -0.561875 -0.8265625 0
v -0.5715625 -0.8040625 0
v -0.561875 -0.794375 0
v -0.561875 0.794375 0
v -0.5715625 0.8040625 0
v -0.561875 0.81375 0
v -0.5715625 0.81375 0
v -0.561875 0.82 0
v -0.561875 0.8265625 0
v -0.5715625 0.8265625 0
v -0.5715625 0.82 0
v -0.561875 0.833125 0
v -0.5715625 0.833125 0
v -0.5715625 0.816875 0
v -0.561875 0.816875 0
v -0.5715625 0.8428125 0
v -0.561875 0.8428125 0
v -0.5521875 -0.8428125 0
v -0.5425 -0.833125 0
v -0.5521875 -0.833125 0
v -0.5425 -0.82 0
v -0.5425 -0.816875 0
v -0.5521875 -0.816875 0
v -0.5521875 -0.82 0
v -0.5425 -0.81375 0
v -0.5521875 -0.81375 0
v -0.5521875 -0.8265625 0
v -0.5425 -0.8265625 0
v -0.5521875 -0.8040625 0
v -0.5425 -0.8040625 0
v -0.5425 -0.794375 0
v -0.5425 0.794375 0
v -0.5425 0.8040625 0
v -0.5521875 0.8040625 0
v -0.5425 0.81375 0
v -0.5521875 0.81375 0
v -0.5425 0.82 0
v -0.5425 0.8265625 0
v -0.5521875 0.8265625 0
v -0.5521875 0.82 0
v -0.5425 0.833125 0
v -0.5521875 0.833125 0
v -0.5521875 0.816875 0
v -0.5425 0.816875 0
v -0.5521875 0.8428125 0
v -0.523125 -0.8428125 0
v -0.5328125 -0.8428125 0
v -0.523125 -0.833125 0
v -0.5328125 -0.833125 0
v -0.523125 -0.82 0
v -0.523125 -0.816875 0
v -0.5328125 -0.816875 0
v -0.5328125 -0.82 0
v -0.523125 -0.81375 0
v -0.5328125 -0.81375 0
v -0.5328125 -0.8265625 0
v -0.523125 -0.8265625 0
v -0.5328125 -0.8040625 0
v -0.523125 -0.794375 0
v -0.523125 0.794375 0
v -0.5328125 0.8040625 0
v -0.523125 0.81375 0
v -0.5328125 0.81375 0
v -0.523125 0.82 0
v -0.523125 0.8265625 0
v -0.5328125 0.8265625 0
v -0.5328125 0.82 0
v -0.523125 0.833125 0
v -0.5328125 0.833125 0
v -0.5328125 0.816875 0
v -0.523125 0.816875 0
v -0.5328125 0.8428125 0
v -0.523125 0.8428125 0
v -0.5134375 -0.8428125 0
v -0.50375 -0.833125 0
v -0.5134375 -0.833125 0
v -0.50375 -0.82 0
v -0.50375 -0.816875 0
v -0.5134375 -0.816875 0
v -0.5134375 -0.82 0
v -0.50375 -0.81375 0
v -0.5134375 -0.81375 0
v -0.5134375 -0.8265625 0
v -0.50375 -0.8265625 0
v -0.5134375 -0.8040625 0
v -0.50375 -0.8040625 0
v -0.50375 -0.794375 0
v -0.50375 0.794375 0
v -0.50375 0.8040625 0
v -0.5134375 0.8040625 0
v -0.50375 0.81375 0
v -0.5134375 0.81375 0
v -0.50375 0.82 0
v -0.50375 0.8265625 0
v -0.5134375 0.8265625 0
v -0.5134375 0.82 0
v -0.50375 0.833125 0
v -0.5134375 0.833125 0
v -0.5134375 0.816875 0
v -0.50375 0.816875 0
v -0.5134375 0.8428125 0
v -0.484375 -0.8428125 0
v -0.4940625 -0.8428125 0
v -0.484375 -0.833125 0
v -0.4940625 -0.833125 0
v -0.484375 -0.82 0
v -0.484375 -0.816875 0
v -0.4940625 -0.816875 0
v -0.4940625 -0.82 0
v -0.484375 -0.81375 0
v -0.4940625 -0.81375 0
v -0.4940625 -0.8265625 0
v -0.484375 -0.8265625 0
v -0.4940625 -0.8040625 0
v -0.484375 -0.794375 0
v -0.484375 0.794375 0
v -0.4940625 0.8040625 0
v -0.484375 0.81375 0
v -0.4940625 0.81375 0
v -0.484375 0.82 0
v -0.484375 0.8265625 0
v -0.4940625 0.8265625 0
v -0.4940625 0.82 0
v -0.484375 0.833125 0
v -0.4940625 0.833125 0
v -0.4940625 0.816875 0
v -0.484375 0.816875 0
v -0.4940625 0.8428125 0
v -0.484375 0.8428125 0
v -0.4746875 -0.8428125 0
v -0.465 -0.833125 0
v -0.4746875 -0.833125 0
v -0.465 -0.82 0
v -0.465 -0.816875 0
v -0.4746875 -0.816875 0
v -0.4746875 -0.82 0
v -0.465 -0.81375 0
v -0.4746875 -0.81375 0
v -0.4746875 -0.8265625 0
v -0.465 -0.8265625 0
v -0.4746875 -0.8040625 0
v -0.465 -0.8040625 0
v -0.465 -0.794375 0
v -0.465 0.794375 0
v -0.465 0.8040625 0
v -0.4746875 0.8040625 0
v -0.465 0.81375 0
v -0.4746875 0.81375 0
v -0.465 0.82 0
v -0.465 0.8265625 0
v -0.4746875 0.8265625 0
v -0.4746875 0.82 0
v -0.465 0.833125 0
v -0.4746875 0.833125 0
v -0.4746875 0.816875 0
v -0.465 0.816875 0
v -0.4746875 0.8428125 0
v -0.445625 -0.8428125 0
v -0.4553125 -0.8428125 0
v -0.445625 -0.833125 0
v -0.4553125 -0.833125 0
v -0.445625 -0.82 0
v -0.445625 -0.816875 0
v -0.4553125 -0.816875 0
v -0.4553125 -0.82 0
v -0.445625 -0.81375 0
v -0.4553125 -0.81375 0
v -0.4553125 -0.8265625 0
v -0.445625 -0.8265625 0
v -0.4553125 -0.8040625 0
v -0.445625 -0.794375 0
v -0.445625 0.794375 0
v -0.4553125 0.8040625 0
v -0.445625 0.81375 0
v -0.4553125 0.81375 0
v -0.445625 0.82 0
v -0.445625 0.8265625 0
v -0.4553125 0.8265625 0
v -0.4553125 0.82 0
v -0.445625 0.833125 0
v -0.4553125 0.833125 0
v -0.4553125 0.816875 0
v -0.445625 0.816875 0
v -0.4553125 0.8428125 0
v -0.445625 0.8428125 0
v -0.4359375 -0.8428125 0
v -0.42625 -0.833125 0
v -0.4359375 -0.833125 0
v -0.42625 -0.82 0
v -0.42625 -0.816875 0
v -0.4359375 -0.816875 0
v -0.4359375 -0.82 0
v -0.42625 -0.81375 0
v -0.4359375 -0.81375 0
v -0.4359375 -0.8265625 0
v -0.42625 -0.8265625 0
v -0.4359375 -0.8040625 0
v -0.42625 -0.8040625 0
v -0.42625 -0.794375 0
v -0.42625 0.794375 0
v -0.42625 0.8040625 0
v -0.4359375 0.8040625 0
v -0.42625 0.81375 0
v -0.4359375 0.81375 0
v -0.42625 0.82 0
v -0.42625 0.8265625 0
v -0.4359375 0.8265625 0
v -0.4359375 0.82 0
v -0.42625 0.833125 0
v -0.4359375 0.833125 0
v -0.4359375 0.816875 0
v -0.42625 0.816875 0
v -0.4359375 0.8428125 0
v -0.406875 -0.8428125 0
v -0.4165625 -0.8428125 0
v -0.406875 -0.833125 0
v -0.4165625 -0.833125 0
v -0.406875 -0.82 0
v -0.406875 -0.816875 0
v -0.4165625 -0.816875 0
v -0.4165625 -0.82 0
v -0.406875 -0.81375 0
v -0.4165625 -0.81375 0
v -0.4165625 -0.8265625 0
v -0.406875 -0.8265625 0
v -0.4165625 -0.8040625 0
v -0.406875 -0.794375 0
v -0.406875 -0.019375 0
v -0.406875 0 0
v -0.406875 0.019375 0
v -0.406875 0.03875 0
v -0.406875 0.058125 0
v -0.406875 0.0775 0
v -0.406875 0.096875 0
v -0.406875 0.11625 0
v -0.406875 0.135625 0
v -0.406875 0.155 0
v -0.406875 0.174375 0
v -0.406875 0.19375 0
v -0.406875 0.213125 0
v -0.406875 0.2325 0
v -0.406875 0.251875 0
v -0.406875 0.794375 0
v -0.4165625 0.8040625 0
v -0.406875 0.81375 0
v -0.4165625 0.81375 0
v -0.406875 0.82 0
v -0.406875 0.8265625 0
v -0.4165625 0.8265625 0
v -0.4165625 0.82 0
v -0.406875 0.833125 0
v -0.4165625 0.833125 0
v -0.4165625 0.816875 0
v -0.406875 0.816875 0
v -0.4165625 0.8428125 0
v -0.406875 0.8428125 0
v -0.3971875 -0.8428125 0
v -0.3875 -0.833125 0
v -0.3971875 -0.833125 0
v -0.3875 -0.82 0
v -0.3875 -0.816875 0
v -0.3971875 -0.816875 0
v -0.3971875 -0.82 0
v -0.3875 -0.81375 0
v -0.3971875 -0.81375 0
v -0.3971875 -0.8265625 0
v -0.3875 -0.8265625 0
v -0.3971875 -0.8040625 0
v -0.3875 -0.8040625 0
v -0.3875 -0.794375 0
v -0.3875 -0.019375 0
v -0.3875 0 0
v -0.3875 0.019375 0
v -0.3875 0.0290625 0
v -0.3971875 0.0290625 0
v -0.3875 0.03875 0
v -0.3971875 0.03875 0
v -0.3971875 0.0484375 0
v -0.3875 0.0484375 0
v -0.3875 0.058125 0
v -0.3875 0.0678125 0
v -0.3971875 0.0678125 0
v -0.3875 0.0775 0
v -0.3971875 0.0775 0
v -0.3971875 0.0871875 0
v -0.3875 0.0871875 0
v -0.3875 0.096875 0
v -0.3875 0.1065625 0
v -0.3971875 0.1065625 0
v -0.3875 0.11625 0
v -0.3971875 0.11625 0
v -0.3971875 0.1259375 0
v -0.3875 0.1259375 0
v -0.3875 0.135625 0
v -0.3875 0.1453125 0
v -0.3971875 0.1453125 0
v -0.3875 0.155 0
v -0.3971875 0.155 0
v -0.3971875 0.1646875 0
v -0.3875 0.1646875 0
v -0.3875 0.174375 0
v -0.3875 0.1840625 0
v -0.3971875 0.1840625 0
v -0.3875 0.19375 0
v -0.3971875 0.19375 0
v -0.3971875 0.2034375 0
v -0.3875 0.2034375 0
v -0.3875 0.213125 0
v -0.3875 0.2228125 0
v -0.3971875 0.2228125 0
v -0.3875 0.2325 0
v -0.3971875 0.2325 0
v -0.3971875 0.2421875 0
v -0.385175 0.241509375 0
v -0.3875 0.251875 0
v -0.3875 0.794375 0
v -0.3875 0.8040625 0
v -0.3971875 0.8040625 0
v -0.3875 0.81375 0
v -0.3971875 0.81375 0
v -0.3875 0.82 0
v -0.3875 0.8265625 0
v -0.3971875 0.8265625 0
v -0.3971875 0.82 0
v -0.3875 0.833125 0
v -0.3971875 0.833125 0
v -0.3971875 0.816875 0
v -0.3875 0.816875 0
v -0.3971875 0.8428125 0
v -0.368125 -0.8428125 0
v -0.3778125 -0.8428125 0
v -0.368125 -0.833125 0
v -0.3778125 -0.833125 0
v -0.368125 -0.82 0
v -0.368125 -0.816875 0
v -0.3778125 -0.816875 0
v -0.3778125 -0.82 0
v -0.368125 -0.81375 0
v -0.3778125 -0.81375 0
v -0.3778125 -0.8265625 0
v -0.368125 -0.8265625 0
v -0.3778125 -0.8040625 0
v -0.368125 -0.794375 0
v -0.368125 -0.3003125 0
v -0.3778125 -0.3003125 0
v -0.368125 -0.290625 0
v -0.3778125 -0.290625 0
v -0.3778125 -0.2809375 0
v -0.36570635824 -0.28081239784 0
v -0.368125 -0.27125 0
v -0.368125 -0.2615625 0
v -0.3778125 -0.2615625 0
v -0.368125 -0.251875 0
v -0.3778125 -0.251875 0
v -0.3778125 -0.2421875 0
v -0.368125 -0.2421875 0
v -0.368125 -0.2325 0
v -0.368125 -0.2228125 0
v -0.3778125 -0.2228125 0
v -0.368125 -0.213125 0
v -0.3778125 -0.213125 0
v -0.3778125 -0.2034375 0
v -0.368125 -0.2034375 0
v -0.368125 -0.19375 0
v -0.368125 -0.1840625 0
v -0.3778125 -0.1840625 0
v -0.368125 -0.174375 0
v -0.3778125 -0.174375 0
v -0.3778125 -0.1646875 0
v -0.368125 -0.1646875 0
v -0.368125 -0.155 0
v -0.368125 -0.1453125 0
v -0.3778125 -0.1453125 0
v -0.368125 -0.135625 0
v -0.3778125 -0.135625 0
v -0.3778125 -0.1259375 0
v -0.368125 -0.1259375 0
v -0.368125 -0.11625 0
v -0.368125 -0.1065625 0
v -0.3778125 -0.1065625 0
v -0.368125 -0.096875 0
v -0.3778125 -0.096875 0
v -0.3778125 -0.0871875 0
v -0.368125 -0.0871875 0
v -0.368125 -0.0775 0
v -0.368125 -0.0678125 0
v -0.3778125 -0.0678125 0
v -0.368125 -0.058125 0
v -0.3778125 -0.058125 0
v -0.377973233392 -0.0484467730803 0
v -0.368446466784 -0.0484560461606 0
v -0.368767933567 -0.0387870923212 0
v -0.369324973744 -0.0291317292545 0
v -0.378412486872 -0.0290971146272 0
v -0.369882013921 -0.0194763661878 0
v -0.378691006961 -0.0194256830939 0
v -0.378969527049 -0.00975425156052 0
v -0.370439054098 -0.00982100312104 0
v -0.370996094275 -0.000165640054324 0
v -0.371553134452 0.00948972301239 0
v -0.379526567226 0.0095886115062 0
v -0.372110174629 0.0191450860791 0
v -0.379805087314 0.0192600430396 0
v -0.367831505713 0.0290794323627 0
v -0.365692171255 0.0340466055045 0
v -0.36659530077 0.035684526947 0
v -0.368116532756 0.0340199010974 0
v -0.363552836798 0.0390137786463 0
v -0.365977198298 0.0389870742392 0
v -0.368401559798 0.0389603698321 0
v -0.377950779899 0.0388551849161 0
v -0.378192340399 0.0293820863487 0
v -0.369970840171 0.0241122592209 0
v -0.366534397668 0.0486451966511 0
v -0.368958918361 0.0486212515891 0
v -0.364109876975 0.048669141713 0
v -0.364666917152 0.0583245047797 0
v -0.367091597038 0.0583033190629 0
v -0.369516276924 0.0582821333461 0
v -0.378508138462 0.0582035666731 0
v -0.37822945918 0.0485293757946 0
v -0.367648812788 0.0679617253973 0
v -0.370073668247 0.0679435829481 0
v -0.365223957328 0.0679798678464 0
v -0.365780997505 0.0776352309132 0
v -0.368206028538 0.0776201317316 0
v -0.37063105957 0.0776050325501 0
v -0.379065529785 0.0775525162751 0
v -0.378786834124 0.0678780414741 0
v -0.368763263333 0.0872788681865 0
v -0.371188488984 0.0872671423931 0
v -0.366338037682 0.0872905939799 0
v -0.366895077859 0.0969459570466 0
v -0.369320498129 0.0969376046414 0
v -0.371745918398 0.0969292522362 0
v -0.379622959199 0.0969021261181 0
v -0.379344244492 0.0872273211966 0
v -0.369877755246 0.106596728012 0
v -0.372303392456 0.106592135911 0
v -0.367452118036 0.106601320113 0
v -0.368009158213 0.11625668318 0
v -0.370435012364 0.116255851383 0
v -0.372860866515 0.116255019586 0
v -0.380180433257 0.116252509793 0
v -0.379901696228 0.106577317956 0
v -0.370743347528 0.125940425692 0
v -0.37341961595 0.125940009793 0
v -0.368067079107 0.12594084159 0
v -0.368125 0.135625 0
v -0.371051682692 0.135625 0
v -0.373978365385 0.135625 0
v -0.380739182692 0.135625 0
v -0.380459807975 0.125938754897 0
v -0.371331129808 0.1453125 0
v -0.374537259615 0.1453125 0
v -0.368125 0.1453125 0
v -0.368125 0.155 0
v -0.371610576923 0.155 0
v -0.375096153846 0.155 0
v -0.381298076923 0.155 0
v -0.381018629808 0.1453125 0
v -0.371890024038 0.1646875 0
v -0.375655048077 0.1646875 0
v -0.368125 0.1646875 0
v -0.368125 0.174375 0
v -0.372169471154 0.174375 0
v -0.376213942308 0.174375 0
v -0.381856971154 0.174375 0
v -0.381577524038 0.1646875 0
v -0.372448918269 0.1840625 0
v -0.376772836538 0.1840625 0
v -0.368125 0.1840625 0
v -0.368125 0.19375 0
v -0.372728365385 0.19375 0
v -0.377331730769 0.19375 0
v -0.382415865385 0.19375 0
v -0.382136418269 0.1840625 0
v -0.3730078125 0.2034375 0
v -0.377890625 0.2034375 0
v -0.368125 0.2034375 0
v -0.368125 0.213125 0
v -0.373287259615 0.213125 0
v -0.378449519231 0.213125 0
v -0.382974759615 0.213125 0
v -0.3826953125 0.2034375 0
v -0.373566706731 0.2228125 0
v -0.379008413462 0.2228125 0
v -0.368125 0.2228125 0
v -0.368125 0.2325 0
v -0.373846153846 0.2325 0
v -0.379567307692 0.2325 0
v -0.383533653846 0.2325 0
v -0.383254206731 0.2228125 0
v -0.373954326923 0.237411684783 0
v -0.379783653846 0.23625 0
v -0.368125 0.238573369565 0
v -0.368125 0.24464673913 0
v -0.3740625 0.242323369565 0
v -0.38 0.24 0
v -0.368125 0.248260869565 0
v -0.374484375 0.247099184783 0
v -0.368125 0.251875 0
v -0.37490625 0.251875 0
v -0.3816875 0.251875 0
v -0.38084375 0.2459375 0
v -0.38459375 0.251875 0
v -0.384171875 0.245515625 0
v -0.3875 0.24509375 0
v -0.3875 0.2383125 0
v -0.38375 0.23915625 0
v -0.3875 0.23540625 0
v -0.383641826923 0.235828125 0
v -0.378251252759 0.249493199309 0
v -0.3778125 0.2615625 0
v -0.368125 0.2615625 0
v -0.368125 0.27125 0
v -0.368125 0.290625 0
v -0.368125 0.794375 0
v -0.3778125 0.8040625 0
v -0.368125 0.81375 0
v -0.3778125 0.81375 0
v -0.368125 0.82 0
v -0.368125 0.8265625 0
v -0.3778125 0.8265625 0
v -0.3778125 0.82 0
v -0.368125 0.833125 0
v -0.3778125 0.833125 0
v -0.3778125 0.816875 0
v -0.368125 0.816875 0
v -0.3778125 0.8428125 0
v -0.368125 0.8428125 0
v -0.3584375 -0.8428125 0
v -0.34875 -0.833125 0
v -0.3584375 -0.833125 0
v -0.34875 -0.82 0
v -0.34875 -0.816875 0
v -0.3584375 -0.816875 0
v -0.3584375 -0.82 0
v -0.34875 -0.81375 0
v -0.3584375 -0.81375 0
v -0.3584375 -0.8265625 0
v -0.34875 -0.8265625 0
v -0.3584375 -0.8040625 0
v -0.34875 -0.8040625 0
v -0.34875 -0.794375 0
v -0.3584375 -0.3003125 0
v -0.34875 -0.290625 0
v -0.356931379183 -0.288728403416 0
v -0.35359375 -0.290625 0
v -0.351171875 -0.290625 0
v -0.349904326039 -0.285630585348 0
v -0.351796875 -0.2853125 0
v -0.348011777079 -0.285948670697 0
v -0.347273554157 -0.281272341393 0
v -0.348636777079 -0.280636170697 0
v -0.35 -0.28 0
v -0.346468415713 -0.276172130618 0
v -0.348362423701 -0.275863657345 0
v -0.345663277269 -0.271071919842 0
v -0.348088070323 -0.271091143993 0
v -0.350512863376 -0.271110368143 0
v -0.350256431688 -0.275555184071 0
v -0.359318931688 -0.271180184071 0
v -0.359190715844 -0.274855717036 0
v -0.368125 -0.27415625 0
v -0.368125 -0.2770625 0
v -0.3590625 -0.27853125 0
v -0.368125 -0.28384375 0
v -0.3599609375 -0.284578125 0
v -0.360859375 -0.290625 0
v -0.348645292098 -0.261432633219 0
v -0.35107026675 -0.261448709662 0
v -0.346220317446 -0.261416556776 0
v -0.346777357623 -0.251761193709 0
v -0.349202513874 -0.251774122445 0
v -0.351627670124 -0.251787051182 0
v -0.359876335062 -0.251831025591 0
v -0.359597633375 -0.261505604831 0
v -0.349759755711 -0.242115263935 0
v -0.352185113621 -0.242124697228 0
v -0.3473343978 -0.242105830642 0
v -0.347891437977 -0.232450467576 0
v -0.350316997548 -0.232456405425 0
v -0.352742557119 -0.232462343275 0
v -0.360433778559 -0.232481171637 0
v -0.360155056811 -0.242156098614 0
v -0.350810542043 -0.222790702713 0
v -0.353300365098 -0.222793671637 0
v -0.348320718989 -0.222787733788 0
v -0.34875 -0.213125 0
v -0.351304086538 -0.213125 0
v -0.353858173077 -0.213125 0
v -0.360991586538 -0.213125 0
v -0.360712682549 -0.222803085819 0
v -0.351583533654 -0.2034375 0
v -0.354417067308 -0.2034375 0
v -0.34875 -0.2034375 0
v -0.34875 -0.19375 0
v -0.351862980769 -0.19375 0
v -0.354975961538 -0.19375 0
v -0.361550480769 -0.19375 0
v -0.361271033654 -0.2034375 0
v -0.352142427885 -0.1840625 0
v -0.355534855769 -0.1840625 0
v -0.34875 -0.1840625 0
v -0.34875 -0.174375 0
v -0.352421875 -0.174375 0
v -0.35609375 -0.174375 0
v -0.362109375 -0.174375 0
v -0.361829927885 -0.1840625 0
v -0.352701322115 -0.1646875 0
v -0.356652644231 -0.1646875 0
v -0.34875 -0.1646875 0
v -0.34875 -0.155 0
v -0.352980769231 -0.155 0
v -0.357211538462 -0.155 0
v -0.362668269231 -0.155 0
v -0.362388822115 -0.1646875 0
v -0.353260216346 -0.1453125 0
v -0.357770432692 -0.1453125 0
v -0.34875 -0.1453125 0
v -0.34875 -0.135625 0
v -0.353539663462 -0.135625 0
v -0.358329326923 -0.135625 0
v -0.363227163462 -0.135625 0
v -0.362947716346 -0.1453125 0
v -0.353819110577 -0.1259375 0
v -0.358888221154 -0.1259375 0
v -0.34875 -0.1259375 0
v -0.34875 -0.11625 0
v -0.354098557692 -0.11625 0
v -0.359447115385 -0.11625 0
v -0.363786057692 -0.11625 0
v -0.363506610577 -0.1259375 0
v -0.354378004808 -0.1065625 0
v -0.360006009615 -0.1065625 0
v -0.34875 -0.1065625 0
v -0.34875 -0.096875 0
v -0.354657451923 -0.096875 0
v -0.360564903846 -0.096875 0
v -0.364344951923 -0.096875 0
v -0.364065504808 -0.1065625 0
v -0.354936899038 -0.0871875 0
v -0.361123798077 -0.0871875 0
v -0.34875 -0.0871875 0
v -0.34875 -0.0775 0
v -0.355216346154 -0.0775 0
v -0.361682692308 -0.0775 0
v -0.364903846154 -0.0775 0
v -0.364624399038 -0.0871875 0
v -0.355495793269 -0.0678125 0
v -0.362241586538 -0.0678125 0
v -0.34875 -0.0678125 0
v -0.34875 -0.058125 0
v -0.355775240385 -0.058125 0
v -0.362800480769 -0.058125 0
v -0.365462740385 -0.058125 0
v -0.365183293269 -0.0678125 0
v -0.356054282167 -0.0484445257773 0
v -0.363358564333 -0.0484515515547 0
v -0.34875 -0.0484375 0
v -0.34875 -0.03875 0
v -0.356333323949 -0.0387640515547 0
v -0.363916647898 -0.0387781031093 0
v -0.366342290732 -0.0387825977152 0
v -0.365902515559 -0.0484537988576 0
v -0.356612049963 -0.029089050642 0
v -0.364474099926 -0.0291156012841 0
v -0.34875 -0.0290625 0
v -0.34875 -0.019375 0
v -0.356890775977 -0.0194140497294 0
v -0.365031551954 -0.0194530994589 0
v -0.367456782938 -0.0194647328233 0
v -0.366899536835 -0.0291236652693 0
v -0.357169481306 -0.00973940736047 0
v -0.365588962612 -0.00979131472095 0
v -0.34875 -0.0096875 0
v -0.34875 0 0
v -0.357448186635 -6.4764991506e-05 0
v -0.36614637327 -0.000129529983012 0
v -0.368571233773 -0.000147585018668 0
v -0.368014008355 -0.00980615892099 0
v -0.357726874247 0.00960957027374 0
v -0.366703748493 0.00953164054749 0
v -0.34875 0.0096875 0
v -0.34875 0.019375 0
v -0.358005561858 0.019283905539 0
v -0.367261123716 0.019192811078 0
v -0.369685649172 0.0191689485785 0
v -0.369128441472 0.00951068177994 0
v -0.357765378299 0.0287490469272 0
v -0.367546314715 0.0241361217203 0
v -0.34875 0.0290625 0
v -0.34875 0.03875 0
v -0.356151418399 0.0388818893231 0
v -0.369067601353 0.0224724431733 0
v -0.356429938487 0.0485533208565 0
v -0.34875 0.0484375 0
v -0.34875 0.058125 0
v -0.356708458576 0.0582247523899 0
v -0.356986978664 0.0678961839232 0
v -0.357544018841 0.0872390469899 0
v -0.35782253893 0.0969104785233 0
v -0.358101059018 0.106581910057 0
v -0.358408539553 0.125939170795 0
v -0.3584375 0.135625 0
v -0.3584375 0.1453125 0
v -0.3584375 0.1646875 0
v -0.3584375 0.174375 0
v -0.3584375 0.1840625 0
v -0.3584375 0.2034375 0
v -0.34875 0.213125 0
v -0.3584375 0.213125 0
v -0.3584375 0.2228125 0
v -0.34875 0.2228125 0
v -0.34875 0.2325 0
v -0.3584375 0.2325 0
v -0.355901048331 0.249430024566 0
v -0.362013024165 0.250652512283 0
v -0.364050349444 0.248650587899 0
v -0.362013024165 0.247038381848 0
v -0.35759797298 0.240249337812 0
v -0.347927408852 0.240085322622 0
v -0.347104817704 0.247670645245 0
v -0.351502933018 0.248550334905 0
v -0.350154650151 0.249944820955 0
v -0.351679566374 0.25108190881 0
v -0.347281451061 0.25020221915 0
v -0.347458084417 0.252733793054 0
v -0.348104042208 0.261991896527 0
v -0.358108008838 0.260903258479 0
v -0.34875 0.27125 0
v -0.3584375 0.27125 0
v -0.3584375 0.2809375 0
v -0.34875 0.2809375 0
v -0.34875 0.290625 0
v -0.34875 0.794375 0
v -0.34875 0.8040625 0
v -0.3584375 0.8040625 0
v -0.34875 0.81375 0
v -0.3584375 0.81375 0
v -0.34875 0.82 0
v -0.34875 0.8265625 0
v -0.3584375 0.8265625 0
v -0.3584375 0.82 0
v -0.34875 0.833125 0
v -0.3584375 0.833125 0
v -0.3584375 0.816875 0
v -0.34875 0.816875 0
v -0.3584375 0.8428125 0
v -0.329375 -0.8428125 0
v -0.3390625 -0.8428125 0
v -0.329375 -0.833125 0
v -0.3390625 -0.833125 0
v -0.329375 -0.82 0
v -0.329375 -0.816875 0
v -0.3390625 -0.816875 0
v -0.3390625 -0.82 0
v -0.329375 -0.81375 0
v -0.3390625 -0.81375 0
v -0.3390625 -0.8265625 0
v -0.329375 -0.8265625 0
v -0.3390625 -0.8040625 0
v -0.329375 -0.794375 0
v -0.329375 -0.329375 0
v -0.329375 -0.31 0
v -0.330207569897 -0.302096578351 0
v -0.339478784948 -0.301204539175 0
v -0.331040139794 -0.294193156701 0
v -0.339895069897 -0.292409078351 0
v -0.330664909673 -0.289023042153 0
v -0.330019954836 -0.280136521076 0
v -0.338244185275 -0.278154325847 0
v -0.338969231915 -0.285147691773 0
v -0.329375 -0.27125 0
v -0.337519138635 -0.271160959921 0
v -0.339432150906 -0.288778385062 0
v -0.330852524733 -0.291608099427 0
v -0.337797658723 -0.261489528388 0
v -0.329375 -0.251875 0
v -0.3383546989 -0.242146665321 0
v -0.329375 -0.2325 0
v -0.338633218989 -0.232475233788 0
v -0.338847859494 -0.222800116894 0
v -0.329375 -0.213125 0
v -0.3390625 -0.2034375 0
v -0.329375 -0.19375 0
v -0.3390625 -0.19375 0
v -0.3390625 -0.1840625 0
v -0.329375 -0.174375 0
v -0.3390625 -0.1646875 0
v -0.329375 -0.155 0
v -0.3390625 -0.155 0
v -0.3390625 -0.1453125 0
v -0.329375 -0.135625 0
v -0.3390625 -0.1259375 0
v -0.329375 -0.11625 0
v -0.3390625 -0.11625 0
v -0.3390625 -0.1065625 0
v -0.329375 -0.096875 0
v -0.3390625 -0.0871875 0
v -0.329375 -0.0775 0
v -0.3390625 -0.0775 0
v -0.3390625 -0.0678125 0
v -0.329375 -0.058125 0
v -0.3390625 -0.0484375 0
v -0.329375 -0.03875 0
v -0.3390625 -0.03875 0
v -0.3390625 -0.0290625 0
v -0.329375 -0.019375 0
v -0.3390625 -0.0096875 0
v -0.329375 0 0
v -0.3390625 0 0
v -0.3390625 0.0096875 0
v -0.329375 0.019375 0
v -0.3390625 0.0290625 0
v -0.329375 0.03875 0
v -0.3390625 0.03875 0
v -0.3390625 0.0484375 0
v -0.329375 0.058125 0
v -0.329375 0.213125 0
v -0.3390625 0.2228125 0
v -0.329375 0.2325 0
v -0.3390625 0.2325 0
v -0.338651204426 0.241136411311 0
v -0.329375 0.2421875 0
v -0.329375 0.251875 0
v -0.338239908852 0.249772822622 0
v -0.329375 0.259809782609 0
v -0.329375 0.265529891304 0
v -0.338739521104 0.263760893916 0
v -0.338416542208 0.256271787831 0
v -0.329375 0.27125 0
v -0.3390625 0.27125 0
v -0.33832822553 0.253022305227 0
v -0.329375 0.255842391304 0
v -0.3390625 0.2809375 0
v -0.329375 0.290625 0
v -0.329375 0.794375 0
v -0.3390625 0.8040625 0
v -0.329375 0.81375 0
v -0.3390625 0.81375 0
v -0.329375 0.82 0
v -0.329375 0.8265625 0
v -0.3390625 0.8265625 0
v -0.3390625 0.82 0
v -0.329375 0.833125 0
v -0.3390625 0.833125 0
v -0.3390625 0.816875 0
v -0.329375 0.816875 0
v -0.3390625 0.8428125 0
v -0.329375 0.8428125 0
v -0.3196875 -0.8428125 0
v -0.31 -0.833125 0
v -0.3196875 -0.833125 0
v -0.31 -0.82 0
v -0.31 -0.816875 0
v -0.3196875 -0.816875 0
v -0.3196875 -0.82 0
v -0.31 -0.81375 0
v -0.3196875 -0.81375 0
v -0.3196875 -0.8265625 0
v -0.31 -0.8265625 0
v -0.3196875 -0.8040625 0
v -0.31 -0.8040625 0
v -0.31 -0.794375 0
v -0.31 -0.329375 0
v -0.31 -0.3196875 0
v -0.3196875 -0.3196875 0
v -0.31 -0.31 0
v -0.3196875 -0.31 0
v -0.31 -0.298666666667 0
v -0.31 -0.294645833333 0
v -0.314213022554 -0.29402003392 0
v -0.31631953383 -0.295717550879 0
v -0.31 -0.290625 0
v -0.31631953383 -0.291696717546 0
v -0.322639067661 -0.292768435092 0
v -0.326839603727 -0.293480795896 0
v -0.320708702947 -0.302209133426 0
v -0.31 -0.304333333333 0
v -0.31997236397 -0.281456659222 0
v -0.326651988667 -0.290895738622 0
v -0.31 -0.2809375 0
v -0.31 -0.27125 0
v -0.3196875 -0.27125 0
v -0.328114705709 -0.291994877982 0
v -0.3196875 -0.2615625 0
v -0.31 -0.2615625 0
v -0.31 -0.251875 0
v -0.3196875 0.2421875 0
v -0.31 0.251875 0
v -0.3196875 0.251875 0
v -0.310341241863 0.267257774923 0
v -0.310398437489 0.269836085331 0
v -0.319886718744 0.267682988318 0
v -0.319858120931 0.263533778766 0
v -0.310455633115 0.272414395739 0
v -0.319915316558 0.271832197869 0
v -0.319772810466 0.257704389383 0
v -0.310170620931 0.259566387462 0
v -0.319801408279 0.281228598935 0
v -0.310227816558 0.281519697869 0
v -0.31 0.290625 0
v -0.31 0.794375 0
v -0.31 0.8040625 0
v -0.3196875 0.8040625 0
v -0.31 0.81375 0
v -0.3196875 0.81375 0
v -0.31 0.82 0
v -0.31 0.8265625 0
v -0.3196875 0.8265625 0
v -0.3196875 0.82 0
v -0.31 0.833125 0
v -0.3196875 0.833125 0
v -0.3196875 0.816875 0
v -0.31 0.816875 0
v -0.3196875 0.8428125 0
v -0.290625 -0.8428125 0
v -0.3003125 -0.8428125 0
v -0.290625 -0.833125 0
v -0.3003125 -0.833125 0
v -0.290625 -0.82 0
v -0.290625 -0.816875 0
v -0.3003125 -0.816875 0
v -0.3003125 -0.82 0
v -0.290625 -0.81375 0
v -0.3003125 -0.81375 0
v -0.3003125 -0.8265625 0
v -0.290625 -0.8265625 0
v -0.3003125 -0.8040625 0
v -0.290625 -0.794375 0
v -0.290625 -0.3390625 0
v -0.3003125 -0.3390625 0
v -0.290625 -0.329375 0
v -0.3003125 -0.329375 0
v -0.300605039511 -0.32031437038 0
v -0.291210079021 -0.320941240759 0
v -0.291795158042 -0.312507481519 0
v -0.300897579021 -0.311253740759 0
v -0.291516283439 -0.307292401062 0
v -0.29107064172 -0.298958700531 0
v -0.30053532086 -0.296802266932 0
v -0.30075814172 -0.302979533864 0
v -0.290625 -0.290625 0
v -0.3003125 -0.290625 0
v -0.30082786037 -0.307116637312 0
v -0.291655720741 -0.30989994129 0
v -0.3003125 -0.2809375 0
v -0.290625 -0.2809375 0
v -0.290625 -0.27125 0
v -0.3003125 -0.27125 0
v -0.3003125 -0.2615625 0
v -0.290625 -0.251875 0
v -0.290625 0.2421875 0
v -0.3003125 0.2421875 0
v -0.290625 0.251875 0
v -0.3003125 0.251875 0
v -0.300289446721 0.271191086066 0
v -0.305372539918 0.271802740902 0
v -0.3070287739 0.270287752243 0
v -0.305315344292 0.269224430494 0
v -0.300028201511 0.26098972582 0
v -0.290374130164 0.260921388196 0
v -0.290123260327 0.269967776392 0
v -0.295206353524 0.270579431229 0
v -0.293553704472 0.27209301709 0
v -0.295268926544 0.273155637439 0
v -0.290185833347 0.272543982603 0
v -0.290248406367 0.275120188813 0
v -0.290436703183 0.282872594406 0
v -0.300572684861 0.281451061504 0
v -0.290625 0.290625 0
v -0.3003125 0.290625 0
v -0.3003125 0.3003125 0
v -0.290625 0.3003125 0
v -0.290625 0.794375 0
v -0.3003125 0.8040625 0
v -0.290625 0.81375 0
v -0.3003125 0.81375 0
v -0.290625 0.82 0
v -0.290625 0.8265625 0
v -0.3003125 0.8265625 0
v -0.3003125 0.82 0
v -0.290625 0.833125 0
v -0.3003125 0.833125 0
v -0.3003125 0.816875 0
v -0.290625 0.816875 0
v -0.3003125 0.8428125 0
v -0.290625 0.8428125 0
v -0.2809375 -0.8428125 0
v -0.27125 -0.833125 0
v -0.2809375 -0.833125 0
v -0.27125 -0.82 0
v -0.27125 -0.816875 0
v -0.2809375 -0.816875 0
v -0.2809375 -0.82 0
v -0.27125 -0.81375 0
v -0.2809375 -0.81375 0
v -0.2809375 -0.8265625 0
v -0.27125 -0.8265625 0
v -0.2809375 -0.8040625 0
v -0.27125 -0.8040625 0
v -0.27125 -0.794375 0
v -0.2809375 -0.3390625 0
v -0.27125 -0.329375 0
v -0.2809375 -0.329375 0
v -0.27125 -0.31675 0
v -0.27125 -0.313375 0
v -0.27507188982 -0.312716451417 0
v -0.27698283473 -0.314074677126 0
v -0.27125 -0.31 0
v -0.27698283473 -0.310699677126 0
v -0.28271566946 -0.311399354252 0
v -0.287255413751 -0.311953417885 0
v -0.281719928259 -0.321101119954 0
v -0.27125 -0.3230625 0
v -0.280989490427 -0.300478815226 0
v -0.287115976449 -0.309345877657 0
v -0.27125 -0.3003125 0
v -0.27125 -0.290625 0
v -0.2809375 -0.290625 0
v -0.288675703647 -0.310399745611 0
v -0.2809375 -0.2809375 0
v -0.2809375 0.2421875 0
v -0.27125 0.251875 0
v -0.2809375 0.251875 0
v -0.280812065082 0.261241944098 0
v -0.27125 0.2615625 0
v -0.27125 0.27125 0
v -0.280686630164 0.270608888196 0
v -0.27125 0.282554347826 0
v -0.27125 0.286589673913 0
v -0.280843351592 0.28473113416 0
v -0.280749203183 0.27883726832 0
v -0.27125 0.290625 0
v -0.2809375 0.290625 0
v -0.280717916674 0.274723078258 0
v -0.27125 0.276902173913 0
v -0.2809375 0.3003125 0
v -0.27125 0.794375 0
v -0.27125 0.8040625 0
v -0.2809375 0.8040625 0
v -0.27125 0.81375 0
v -0.2809375 0.81375 0
v -0.27125 0.82 0
v -0.27125 0.8265625 0
v -0.2809375 0.8265625 0
v -0.2809375 0.82 0
v -0.27125 0.833125 0
v -0.2809375 0.833125 0
v -0.2809375 0.816875 0
v -0.27125 0.816875 0
v -0.2809375 0.8428125 0
v -0.251875 -0.8428125 0
v -0.2615625 -0.8428125 0
v -0.251875 -0.833125 0
v -0.2615625 -0.833125 0
v -0.251875 -0.82 0
v -0.251875 -0.816875 0
v -0.2615625 -0.816875 0
v -0.2615625 -0.82 0
v -0.251875 -0.81375 0
v -0.2615625 -0.81375 0
v -0.2615625 -0.8265625 0
v -0.251875 -0.8265625 0
v -0.2615625 -0.8040625 0
v -0.251875 -0.794375 0
v -0.251875 -0.368125 0
v -0.251875 -0.34875 0
v -0.252212588145 -0.339785903168 0
v -0.261731294073 -0.339424201584 0
v -0.25255017629 -0.330821806336 0
v -0.261900088145 -0.330098403168 0
v -0.2523794337 -0.325556264274 0
v -0.25212721685 -0.317778132137 0
v -0.261688608425 -0.315576566068 0
v -0.26181471685 -0.321153132137 0
v -0.251875 -0.31 0
v -0.2615625 -0.31 0
v -0.261857402497 -0.325625767652 0
v -0.252464804995 -0.328189035305 0
v -0.2615625 -0.3003125 0
v -0.251875 -0.290625 0
v -0.251875 0.251875 0
v -0.2615625 0.2615625 0
v -0.251875 0.27125 0
v -0.2615625 0.27125 0
v -0.25312877256 0.289645262911 0
v -0.253301424149 0.292178394899 0
v -0.262275712074 0.289384034406 0
v -0.26218938628 0.286099805369 0
v -0.253474075738 0.294711526886 0
v -0.262362037869 0.292668263443 0
v -0.26187594314 0.278674902684 0
v -0.25250188628 0.280447631456 0
v -0.261962268935 0.301334131722 0
v -0.252674537869 0.302355763443 0
v -0.251875 0.31 0
v -0.251875 0.329375 0
v -0.251875 0.794375 0
v -0.2615625 0.8040625 0
v -0.251875 0.81375 0
v -0.2615625 0.81375 0
v -0.251875 0.82 0
v -0.251875 0.8265625 0
v -0.2615625 0.8265625 0
v -0.2615625 0.82 0
v -0.251875 0.833125 0
v -0.2615625 0.833125 0
v -0.2615625 0.816875 0
v -0.251875 0.816875 0
v -0.2615625 0.8428125 0
v -0.251875 0.8428125 0
v -0.2421875 -0.8428125 0
v -0.2325 -0.833125 0
v -0.2421875 -0.833125 0
v -0.2325 -0.82 0
v -0.2325 -0.816875 0
v -0.2421875 -0.816875 0
v -0.2421875 -0.82 0
v -0.2325 -0.81375 0
v -0.2421875 -0.81375 0
v -0.2421875 -0.8265625 0
v -0.2325 -0.8265625 0
v -0.2421875 -0.8040625 0
v -0.2325 -0.8040625 0
v -0.2325 -0.794375 0
v -0.2325 -0.368125 0
v -0.2325 -0.3584375 0
v -0.2421875 -0.3584375 0
v -0.2325 -0.34875 0
v -0.2421875 -0.34875 0
v -0.2325 -0.334833333333 0
v -0.2325 -0.332104166667 0
v -0.23587668304 -0.33143810347 0
v -0.237565024561 -0.332469655205 0
v -0.2325 -0.329375 0
v -0.237565024561 -0.329740488538 0
v -0.242630049121 -0.330105977077 0
v -0.247590112706 -0.330463891706 0
v -0.242748509746 -0.340008345247 0
v -0.2325 -0.341791666667 0
v -0.242000635401 -0.319494595461 0
v -0.24750474141 -0.327831120675 0
v -0.2325 -0.3196875 0
v -0.2325 -0.31 0
v -0.2421875 -0.31 0
v -0.249186553037 -0.328828015895 0
v -0.2421875 -0.3003125 0
v -0.2325 -0.3003125 0
v -0.2325 -0.290625 0
v -0.2325 0.251875 0
v -0.2325 0.2615625 0
v -0.2421875 0.2615625 0
v -0.2325 0.27125 0
v -0.2421875 0.27125 0
v -0.244600137307 0.292982554967 0
v -0.249037106522 0.293847040927 0
v -0.250400995201 0.292446448255 0
v -0.248864454933 0.291313908939 0
v -0.242493868276 0.281557866877 0
v -0.2325 0.2809375 0
v -0.2325 0.290625 0
v -0.238550068653 0.291803777483 0
v -0.236533379102 0.293774982091 0
v -0.238550068653 0.295349973136 0
v -0.2325 0.294171195652 0
v -0.2325 0.297717391304 0
v -0.2325 0.303858695652 0
v -0.243004673931 0.302197113191 0
v -0.2325 0.31 0
v -0.2421875 0.31 0
v -0.2421875 0.3196875 0
v -0.2325 0.3196875 0
v -0.2325 0.329375 0
v -0.2325 0.794375 0
v -0.2325 0.8040625 0
v -0.2421875 0.8040625 0
v -0.2325 0.81375 0
v -0.2421875 0.81375 0
v -0.2325 0.82 0
v -0.2325 0.8265625 0
v -0.2421875 0.8265625 0
v -0.2421875 0.82 0
v -0.2325 0.833125 0
v -0.2421875 0.833125 0
v -0.2421875 0.816875 0
v -0.2325 0.816875 0
v -0.2421875 0.8428125 0
v -0.213125 -0.8428125 0
v -0.2228125 -0.8428125 0
v -0.213125 -0.833125 0
v -0.2228125 -0.833125 0
v -0.213125 -0.82 0
v -0.213125 -0.816875 0
v -0.2228125 -0.816875 0
v -0.2228125 -0.82 0
v -0.213125 -0.81375 0
v -0.2228125 -0.81375 0
v -0.2228125 -0.8265625 0
v -0.213125 -0.8265625 0
v -0.2228125 -0.8040625 0
v -0.213125 -0.794375 0
v -0.213125 -0.3778125 0
v -0.2228125 -0.3778125 0
v -0.213125 -0.368125 0
v -0.2228125 -0.368125 0
v -0.222857548635 -0.358534032788 0
v -0.213215097269 -0.358630565577 0
v -0.213305194538 -0.349136131154 0
v -0.222902597269 -0.348943065577 0
v -0.213256659944 -0.343813558693 0
v -0.213190829972 -0.336594279346 0
v -0.222845414986 -0.334349223007 0
v -0.222878329972 -0.339323446013 0
v -0.213125 -0.329375 0
v -0.2228125 -0.329375 0
v -0.222890463621 -0.344133255795 0
v -0.213280927241 -0.346474844923 0
v -0.2228125 -0.3196875 0
v -0.213125 -0.3196875 0
v -0.213125 -0.31 0
v -0.2228125 -0.31 0
v -0.2228125 -0.3003125 0
v -0.213125 -0.290625 0
v -0.213125 0.251875 0
v -0.2228125 0.2615625 0
v -0.213125 0.27125 0
v -0.2228125 0.27125 0
v -0.2228125 0.2809375 0
v -0.213125 0.2809375 0
v -0.213125 0.290625 0
v -0.2228125 0.290625 0
v -0.213250342855 0.305249865839 0
v -0.213272557657 0.307841864396 0
v -0.222886278829 0.305850280024 0
v -0.222875171428 0.301483628572 0
v -0.213294772459 0.310433862952 0
v -0.22289738623 0.310216931476 0
v -0.222843835714 0.296054314286 0
v -0.213187671428 0.29793743292 0
v -0.222854943115 0.319795965738 0
v -0.21320988623 0.319904431476 0
v -0.213125 0.329375 0
v -0.2228125 0.329375 0
v -0.2228125 0.3390625 0
v -0.213125 0.3390625 0
v -0.213125 0.794375 0
v -0.2228125 0.8040625 0
v -0.213125 0.81375 0
v -0.2228125 0.81375 0
v -0.213125 0.82 0
v -0.213125 0.8265625 0
v -0.2228125 0.8265625 0
v -0.2228125 0.82 0
v -0.213125 0.833125 0
v -0.2228125 0.833125 0
v -0.2228125 0.816875 0
v -0.213125 0.816875 0
v -0.2228125 0.8428125 0
v -0.213125 0.8428125 0
v -0.2034375 -0.8428125 0
v -0.19375 -0.833125 0
v -0.2034375 -0.833125 0
v -0.19375 -0.82 0
v -0.19375 -0.816875 0
v -0.2034375 -0.816875 0
v -0.2034375 -0.82 0
v -0.19375 -0.81375 0
v -0.2034375 -0.81375 0
v -0.2034375 -0.8265625 0
v -0.19375 -0.8265625 0
v -0.2034375 -0.8040625 0
v -0.19375 -0.8040625 0
v -0.19375 -0.794375 0
v -0.2034375 -0.3778125 0
v -0.19375 -0.368125 0
v -0.2034375 -0.368125 0
v -0.193415817766 -0.353072618376 0
v -0.193357090811 -0.350427413319 0
v -0.19667198694 -0.349771332116 0
v -0.198358798481 -0.350765894042 0
v -0.193298363856 -0.347782208262 0
v -0.198300071526 -0.348120688985 0
v -0.203301779197 -0.348459169708 0
v -0.208303486868 -0.348797650431 0
v -0.203740497374 -0.358856469907 0
v -0.193582908883 -0.360598809188 0
v -0.202990883589 -0.338350969566 0
v -0.20827921957 -0.3461363642 0
v -0.193524181928 -0.338578604131 0
v -0.19375 -0.329375 0
v -0.2034375 -0.329375 0
v -0.20995454456 -0.347136286518 0
v -0.2034375 -0.3196875 0
v -0.2034375 0.2809375 0
v -0.19375 0.290625 0
v -0.2034375 0.290625 0
v -0.203128586066 0.309210553279 0
v -0.208211679263 0.309822208115 0
v -0.209891233793 0.308298094023 0
v -0.20818946446 0.307230209559 0
v -0.203003193729 0.299372547689 0
v -0.193356199836 0.299306121803 0
v -0.192962399672 0.307987243605 0
v -0.198045492869 0.308598898442 0
v -0.19641406819 0.310104179114 0
v -0.198139902449 0.311162646868 0
v -0.193056809252 0.310550992031 0
v -0.193151218832 0.313114740457 0
v -0.193450609416 0.321244870229 0
v -0.203548626491 0.319834000165 0
v -0.19375 0.329375 0
v -0.2034375 0.329375 0
v -0.2034375 0.3390625 0
v -0.19375 0.794375 0
v -0.19375 0.8040625 0
v -0.2034375 0.8040625 0
v -0.19375 0.81375 0
v -0.2034375 0.81375 0
v -0.19375 0.82 0
v -0.19375 0.8265625 0
v -0.2034375 0.8265625 0
v -0.2034375 0.82 0
v -0.19375 0.833125 0
v -0.2034375 0.833125 0
v -0.2034375 0.816875 0
v -0.19375 0.816875 0
v -0.2034375 0.8428125 0
v -0.174375 -0.8428125 0
v -0.1840625 -0.8428125 0
v -0.174375 -0.833125 0
v -0.1840625 -0.833125 0
v -0.174375 -0.82 0
v -0.174375 -0.816875 0
v -0.1840625 -0.816875 0
v -0.1840625 -0.82 0
v -0.174375 -0.81375 0
v -0.1840625 -0.81375 0
v -0.1840625 -0.8265625 0
v -0.174375 -0.8265625 0
v -0.1840625 -0.8040625 0
v -0.174375 -0.794375 0
v -0.174375 -0.406875 0
v -0.174375 -0.3875 0
v -0.174375 -0.3778125 0
v -0.1840625 -0.3778125 0
v -0.174375 -0.368125 0
v -0.1840625 -0.368125 0
v -0.174375 -0.361958333333 0
v -0.174375 -0.355354166667 0
v -0.183866045405 -0.352890789993 0
v -0.183895408883 -0.357515475855 0
v -0.174375 -0.34875 0
v -0.183836681928 -0.348266104131 0
v -0.183978954441 -0.362820237927 0
v -0.174375 -0.365041666667 0
v -0.183949590964 -0.338820552066 0
v -0.174375 -0.329375 0
v -0.174375 0.290625 0
v -0.183865599918 0.299809310901 0
v -0.174375 0.31 0
v -0.183668699836 0.308993621803 0
v -0.174375 0.320461956522 0
v -0.174375 0.324918478261 0
v -0.183912804708 0.323081674245 0
v -0.183763109416 0.316788348489 0
v -0.174375 0.329375 0
v -0.1840625 0.329375 0
v -0.183715904626 0.312890985146 0
v -0.174375 0.315230978261 0
v -0.1840625 0.3390625 0
v -0.174375 0.3390625 0
v -0.174375 0.34875 0
v -0.174375 0.368125 0
v -0.174375 0.794375 0
v -0.1840625 0.8040625 0
v -0.174375 0.81375 0
v -0.1840625 0.81375 0
v -0.174375 0.82 0
v -0.174375 0.8265625 0
v -0.1840625 0.8265625 0
v -0.1840625 0.82 0
v -0.174375 0.833125 0
v -0.1840625 0.833125 0
v -0.1840625 0.816875 0
v -0.174375 0.816875 0
v -0.1840625 0.8428125 0
v -0.174375 0.8428125 0
v -0.1646875 -0.8428125 0
v -0.155 -0.833125 0
v -0.1646875 -0.833125 0
v -0.155 -0.82 0
v -0.155 -0.816875 0
v -0.1646875 -0.816875 0
v -0.1646875 -0.82 0
v -0.155 -0.81375 0
v -0.1646875 -0.81375 0
v -0.1646875 -0.8265625 0
v -0.155 -0.8265625 0
v -0.1646875 -0.8040625 0
v -0.155 -0.8040625 0
v -0.155 -0.794375 0
v -0.155 -0.406875 0
v -0.155 -0.3971875 0
v -0.1646875 -0.3971875 0
v -0.155 -0.3875 0
v -0.1646875 -0.3875 0
v -0.154285006336 -0.37133366371 0
v -0.15416919422 -0.368715098395 0
v -0.157275847562 -0.368156197158 0
v -0.158887080291 -0.369186029198 0
v -0.154053382104 -0.36609653308 0
v -0.158771268175 -0.366567463883 0
v -0.163489154246 -0.367038394685 0
v -0.168932077123 -0.367581697343 0
v -0.164742641301 -0.377807414188 0
v -0.154642503168 -0.379416831855 0
v -0.164007123031 -0.357237319241 0
v -0.168932077123 -0.364498364009 0
v -0.154526691052 -0.35742326654 0
v -0.155 -0.34875 0
v -0.1646875 -0.34875 0
v -0.170746384749 -0.365707242673 0
v -0.1646875 -0.3390625 0
v -0.155 -0.3390625 0
v -0.155 -0.329375 0
v -0.155 0.290625 0
v -0.155 0.3003125 0
v -0.1646875 0.3003125 0
v -0.155 0.31 0
v -0.1646875 0.31 0
v -0.156019363718 0.327644596806 0
v -0.1561662894 0.330187795453 0
v -0.1652706447 0.327553136857 0
v -0.165197181859 0.324053276664 0
v -0.156313215082 0.332730994099 0
v -0.165344107541 0.33105299705 0
v -0.164942340929 0.317026638332 0
v -0.155509681859 0.318822298403 0
v -0.165015803771 0.339901498525 0
v -0.155656607541 0.34074049705 0
v -0.155 0.34875 0
v -0.1646875 0.34875 0
v -0.1646875 0.3584375 0
v -0.155 0.3584375 0
v -0.155 0.368125 0
v -0.155 0.794375 0
v -0.155 0.8040625 0
v -0.1646875 0.8040625 0
v -0.155 0.81375 0
v -0.1646875 0.81375 0
v -0.155 0.82 0
v -0.155 0.8265625 0
v -0.1646875 0.8265625 0
v -0.1646875 0.82 0
v -0.155 0.833125 0
v -0.1646875 0.833125 0
v -0.1646875 0.816875 0
v -0.155 0.816875 0
v -0.1646875 0.8428125 0
v -0.135625 -0.8428125 0
v -0.1453125 -0.8428125 0
v -0.135625 -0.833125 0
v -0.1453125 -0.833125 0
v -0.135625 -0.82 0
v -0.135625 -0.816875 0
v -0.1453125 -0.816875 0
v -0.1453125 -0.82 0
v -0.135625 -0.81375 0
v -0.1453125 -0.81375 0
v -0.1453125 -0.8265625 0
v -0.135625 -0.8265625 0
v -0.1453125 -0.8040625 0
v -0.135625 -0.794375 0
v -0.135625 -0.4165625 0
v -0.1453125 -0.4165625 0
v -0.135625 -0.406875 0
v -0.1453125 -0.406875 0
v -0.1453125 -0.3971875 0
v -0.135625 -0.3971875 0
v -0.135625 -0.3875 0
v -0.1453125 -0.3875 0
v -0.135625 -0.380041666667 0
v -0.135625 -0.374083333333 0
v -0.14489709711 -0.371399215864 0
v -0.144955003168 -0.375687665188 0
v -0.135625 -0.368125 0
v -0.144839191052 -0.36711076654 0
v -0.145133751584 -0.381593832594 0
v -0.135625 -0.383770833333 0
v -0.145075845526 -0.35793038327 0
v -0.135625 -0.3584375 0
v -0.135625 -0.34875 0
v -0.1453125 -0.34875 0
v -0.1453125 -0.3390625 0
v -0.135625 -0.329375 0
v -0.135625 0.290625 0
v -0.1453125 0.3003125 0
v -0.135625 0.31 0
v -0.1453125 0.31 0
v -0.146916330372 0.331206653333 0
v -0.151614772727 0.331968823716 0
v -0.153082969724 0.330527414746 0
v -0.151467847045 0.329425625069 0
v -0.145473898212 0.320065400375 0
v -0.135625 0.3196875 0
v -0.135625 0.329375 0
v -0.141270665186 0.330290826666 0
v -0.139388776791 0.332068884444 0
v -0.141270665186 0.333415826666 0
v -0.135625 0.3325 0
v -0.135625 0.335625 0
v -0.135625 0.3421875 0
v -0.145995003011 0.340618796363 0
v -0.135625 0.34875 0
v -0.1453125 0.34875 0
v -0.1453125 0.3584375 0
v -0.135625 0.368125 0
v -0.135625 0.794375 0
v -0.1453125 0.8040625 0
v -0.135625 0.81375 0
v -0.1453125 0.81375 0
v -0.135625 0.82 0
v -0.135625 0.8265625 0
v -0.1453125 0.8265625 0
v -0.1453125 0.82 0
v -0.135625 0.833125 0
v -0.1453125 0.833125 0
v -0.1453125 0.816875 0
v -0.135625 0.816875 0
v -0.1453125 0.8428125 0
v -0.135625 0.8428125 0
v -0.1259375 -0.8428125 0
v -0.11625 -0.833125 0
v -0.1259375 -0.833125 0
v -0.11625 -0.82 0
v -0.11625 -0.816875 0
v -0.1259375 -0.816875 0
v -0.1259375 -0.82 0
v -0.11625 -0.81375 0
v -0.1259375 -0.81375 0
v -0.1259375 -0.8265625 0
v -0.11625 -0.8265625 0
v -0.1259375 -0.8040625 0
v -0.11625 -0.8040625 0
v -0.11625 -0.794375 0
v -0.1259375 -0.4165625 0
v -0.11625 -0.406875 0
v -0.1259375 -0.406875 0
v -0.115141447297 -0.389600657928 0
v -0.114974923825 -0.387005757913 0
v -0.117816250584 -0.386570675748 0
v -0.1193201757 -0.387650584673 0
v -0.114808400352 -0.384410857897 0
v -0.119153652228 -0.385055684658 0
v -0.123498904103 -0.385700511418 0
v -0.129561952052 -0.386600255709 0
v -0.125757071788 -0.396827094307 0
v -0.115695723649 -0.398237828964 0
v -0.125026407247 -0.376135591711 0
v -0.129561952052 -0.382871089043 0
v -0.115529200176 -0.376267928949 0
v -0.11625 -0.368125 0
v -0.1259375 -0.368125 0
v -0.131582968034 -0.384414059362 0
v -0.1259375 -0.3584375 0
v -0.1259375 0.3196875 0
v -0.11625 0.329375 0
v -0.1259375 0.329375 0
v -0.11625 0.343206521739 0
v -0.11625 0.34597826087 0
v -0.1259375 0.344082880435 0
v -0.1259375 0.33941576087 0
v -0.11625 0.34875 0
v -0.1259375 0.34875 0
v -0.1259375 0.334395380435 0
v -0.11625 0.33629076087 0
v -0.1259375 0.3584375 0
v -0.11625 0.3584375 0
v -0.11625 0.368125 0
v -0.11625 0.794375 0
v -0.11625 0.8040625 0
v -0.1259375 0.8040625 0
v -0.11625 0.81375 0
v -0.1259375 0.81375 0
v -0.11625 0.82 0
v -0.11625 0.8265625 0
v -0.1259375 0.8265625 0
v -0.1259375 0.82 0
v -0.11625 0.833125 0
v -0.1259375 0.833125 0
v -0.1259375 0.816875 0
v -0.11625 0.816875 0
v -0.1259375 0.8428125 0
v -0.096875 -0.8428125 0
v -0.1065625 -0.8428125 0
v -0.096875 -0.833125 0
v -0.1065625 -0.833125 0
v -0.096875 -0.82 0
v -0.096875 -0.816875 0
v -0.1065625 -0.816875 0
v -0.1065625 -0.82 0
v -0.096875 -0.81375 0
v -0.1065625 -0.81375 0
v -0.1065625 -0.8265625 0
v -0.096875 -0.8265625 0
v -0.1065625 -0.8040625 0
v -0.096875 -0.794375 0
v -0.096875 -0.445625 0
v -0.096875 -0.42625 0
v -0.096875 -0.4165625 0
v -0.1065625 -0.4165625 0
v -0.096875 -0.406875 0
v -0.1065625 -0.406875 0
v -0.096875 -0.398125 0
v -0.096875 -0.3928125 0
v -0.105924961912 -0.389909128956 0
v -0.106008223649 -0.393862828964 0
v -0.096875 -0.3875 0
v -0.105841700176 -0.385955428949 0
v -0.106285361824 -0.400368914482 0
v -0.096875 -0.4025 0
v -0.106202100088 -0.377040214474 0
v -0.096875 -0.368125 0
v -0.096875 0.3196875 0
v -0.1065625 0.3196875 0
v -0.096875 0.329375 0
v -0.1065625 0.329375 0
v -0.105700249724 0.34733468489 0
v -0.110975124862 0.348042342445 0
v -0.112733416575 0.34643040221 0
v -0.110975124862 0.345270603315 0
v -0.105987964594 0.337775957196 0
v -0.096338269508 0.337690855409 0
v -0.095801539016 0.346006710819 0
v -0.10075089437 0.346670697855 0
v -0.0991836867846 0.348150850098 0
v -0.100874760669 0.349222919738 0
v -0.0959254053147 0.348558932702 0
v -0.0960492716134 0.351111154586 0
v -0.0964621358067 0.359618077293 0
v -0.106524833945 0.358265381046 0
v -0.096875 0.368125 0
v -0.1065625 0.368125 0
v -0.1065625 0.3778125 0
v -0.096875 0.3778125 0
v -0.096875 0.794375 0
v -0.1065625 0.8040625 0
v -0.096875 0.81375 0
v -0.1065625 0.81375 0
v -0.096875 0.82 0
v -0.096875 0.8265625 0
v -0.1065625 0.8265625 0
v -0.1065625 0.82 0
v -0.096875 0.833125 0
v -0.1065625 0.833125 0
v -0.1065625 0.816875 0
v -0.096875 0.816875 0
v -0.1065625 0.8428125 0
v -0.096875 0.8428125 0
v -0.0871875 -0.8428125 0
v -0.0775 -0.833125 0
v -0.0871875 -0.833125 0
v -0.0775 -0.82 0
v -0.0775 -0.816875 0
v -0.0871875 -0.816875 0
v -0.0871875 -0.82 0
v -0.0775 -0.81375 0
v -0.0871875 -0.81375 0
v -0.0871875 -0.8265625 0
v -0.0775 -0.8265625 0
v -0.0871875 -0.8040625 0
v -0.0775 -0.8040625 0
v -0.0775 -0.794375 0
v -0.0775 -0.445625 0
v -0.0775 -0.4359375 0
v -0.0871875 -0.4359375 0
v -0.0775 -0.42625 0
v -0.0871875 -0.42625 0
v -0.07598716275 -0.407872657383 0
v -0.0757752906752 -0.405298920049 0
v -0.078398608681 -0.404965575303 0
v -0.0798162037213 -0.406085771597 0
v -0.0755634186003 -0.402725182715 0
v -0.0796043316464 -0.403512034263 0
v -0.0836452446926 -0.40429888581 0
v -0.0902601223463 -0.405586942905 0
v -0.0867773886034 -0.415851585545 0
v -0.076743581375 -0.417061328692 0
v -0.0860271194428 -0.395021097723 0
v -0.0902601223463 -0.401211942905 0
v -0.0765317093001 -0.395112591357 0
v -0.0775 -0.3875 0
v -0.0871875 -0.3875 0
v -0.0924650815642 -0.403099628603 0
v -0.0871875 -0.3778125 0
v -0.0775 -0.3778125 0
v -0.0775 -0.368125 0
v -0.0871875 0.3196875 0
v -0.0775 0.329375 0
v -0.0871875 0.329375 0
v -0.086919134754 0.338376677705 0
v -0.0775 0.3390625 0
v -0.0775 0.34875 0
v -0.086650769508 0.347378355409 0
v -0.0775 0.358369565217 0
v -0.0775 0.363247282609 0
v -0.0869810679033 0.361432679951 0
v -0.0867746358067 0.354740359902 0
v -0.0775 0.368125 0
v -0.0871875 0.368125 0
v -0.0867127026573 0.351059357656 0
v -0.0775 0.353559782609 0
v -0.0871875 0.3778125 0
v -0.0775 0.794375 0
v -0.0775 0.8040625 0
v -0.0871875 0.8040625 0
v -0.0775 0.81375 0
v -0.0871875 0.81375 0
v -0.0775 0.82 0
v -0.0775 0.8265625 0
v -0.0871875 0.8265625 0
v -0.0871875 0.82 0
v -0.0775 0.833125 0
v -0.0871875 0.833125 0
v -0.0871875 0.816875 0
v -0.0775 0.816875 0
v -0.0871875 0.8428125 0
v -0.058125 -0.8428125 0
v -0.0678125 -0.8428125 0
v -0.058125 -0.833125 0
v -0.0678125 -0.833125 0
v -0.058125 -0.82 0
v -0.058125 -0.816875 0
v -0.0678125 -0.816875 0
v -0.0678125 -0.82 0
v -0.058125 -0.81375 0
v -0.0678125 -0.81375 0
v -0.0678125 -0.8265625 0
v -0.058125 -0.8265625 0
v -0.0678125 -0.8040625 0
v -0.058125 -0.794375 0
v -0.058125 -0.445625 0
v -0.0678125 -0.4359375 0
v -0.058125 -0.42625 0
v -0.0678125 -0.42625 0
v -0.058125 -0.416208333333 0
v -0.058125 -0.411541666667 0
v -0.0669501453376 -0.408420293358 0
v -0.067056081375 -0.412040495358 0
v -0.058125 -0.406875 0
v -0.0668442093001 -0.404800091357 0
v -0.0674342906875 -0.419145247679 0
v -0.058125 -0.421229166667 0
v -0.0673283546501 -0.396150045679 0
v -0.058125 -0.3971875 0
v -0.058125 -0.3875 0
v -0.0678125 -0.3875 0
v -0.0678125 -0.3778125 0
v -0.058125 -0.368125 0
v -0.058125 0.329375 0
v -0.0678125 0.3390625 0
v -0.058125 0.34875 0
v -0.0678125 0.34875 0
v -0.0589138243203 0.36564241657 0
v -0.0590330893735 0.368196438941 0
v -0.0682665446867 0.365721860775 0
v -0.0682069121601 0.362005990894 0
v -0.0591523544267 0.370750461313 0
v -0.0683261772133 0.369437730656 0
v -0.0680097060801 0.355377995447 0
v -0.0585194121601 0.357196208285 0
v -0.0680693386067 0.378468865328 0
v -0.0586386772133 0.379125230656 0
v -0.058125 0.3875 0
v -0.058125 0.406875 0
v -0.058125 0.794375 0
v -0.0678125 0.8040625 0
v -0.058125 0.81375 0
v -0.0678125 0.81375 0
v -0.058125 0.82 0
v -0.058125 0.8265625 0
v -0.0678125 0.8265625 0
v -0.0678125 0.82 0
v -0.058125 0.833125 0
v -0.0678125 0.833125 0
v -0.0678125 0.816875 0
v -0.058125 0.816875 0
v -0.0678125 0.8428125 0
v -0.058125 0.8428125 0
v -0.0484375 -0.8428125 0
v -0.03875 -0.833125 0
v -0.0484375 -0.833125 0
v -0.03875 -0.82 0
v -0.03875 -0.816875 0
v -0.0484375 -0.816875 0
v -0.0484375 -0.82 0
v -0.03875 -0.81375 0
v -0.0484375 -0.81375 0
v -0.0484375 -0.8265625 0
v -0.03875 -0.8265625 0
v -0.0484375 -0.8040625 0
v -0.03875 -0.8040625 0
v -0.03875 -0.794375 0
v -0.03875 -0.445625 0
v -0.03875 -0.4359375 0
v -0.0484375 -0.4359375 0
v -0.03875 -0.42625 0
v -0.0490248909669 -0.423900436132 0
v -0.0534243984212 -0.408077446738 0
v -0.0557746992106 -0.407476223369 0
v -0.0549185996053 -0.411623528351 0
v -0.0517121992106 -0.414038723369 0
v -0.058125 -0.409208333333 0
v -0.0540625 -0.415770833333 0
v -0.05 -0.42 0
v -0.058125 -0.413875 0
v -0.0554166666667 -0.415916666667 0
v -0.0540625 -0.418104166667 0
v -0.0493618984212 -0.414639946738 0
v -0.0507160650879 -0.412452446738 0
v -0.0487237968424 -0.409279893477 0
v -0.0510740976318 -0.408678670107 0
v -0.044375 -0.417609375 0
v -0.0425 -0.415421875 0
v -0.044375 -0.4155234375 0
v -0.03875 -0.41521875 0
v -0.03875 -0.4131328125 0
v -0.03875 -0.411046875 0
v -0.03875 -0.4089609375 0
v -0.0428092246053 -0.411499830435 0
v -0.03875 -0.406875 0
v -0.0412434492106 -0.407476223369 0
v -0.0437368984212 -0.408077446738 0
v -0.0468684492106 -0.414038723369 0
v -0.0462303476318 -0.408678670107 0
v -0.0474868984212 -0.412452446738 0
v -0.0438874454834 -0.425075218066 0
v -0.0413187227417 -0.425662609033 0
v -0.0428468613709 -0.423014898267 0
v -0.0469437227417 -0.422537609033 0
v -0.03875 -0.4234921875 0
v -0.03875 -0.420734375 0
v -0.044375 -0.4203671875 0
v -0.03875 -0.4179765625 0
v -0.0425 -0.418651041667 0
v -0.0495124454834 -0.421950218066 0
v -0.0476374454835 -0.422991884733 0
v -0.0464561682252 -0.424487827099 0
v -0.0554166666667 -0.419145833333 0
v -0.0540625 -0.420614583333 0
v -0.058125 -0.41871875 0
v -0.058125 -0.423739583333 0
v -0.0549562363709 -0.423138596183 0
v -0.0558499727417 -0.425662609033 0
v -0.0535749454834 -0.425075218066 0
v -0.0517874727417 -0.422537609033 0
v -0.0512999182252 -0.424487827099 0
v -0.0508666121501 -0.422991884733 0
v -0.0484375 -0.3971875 0
v -0.03875 -0.3875 0
v -0.03875 -0.368125 0
v -0.03875 0.329375 0
v -0.03875 0.3390625 0
v -0.0484375 0.3390625 0
v -0.03875 0.34875 0
v -0.0484375 0.34875 0
v -0.0491494758815 0.369463248568 0
v -0.0541509151541 0.37010685494 0
v -0.0557385515428 0.368618708817 0
v -0.0540316501009 0.367552832569 0
v -0.0484511509169 0.358569727432 0
v -0.03875 0.3584375 0
v -0.03875 0.368125 0
v -0.0439497379407 0.368794124284 0
v -0.0422164919605 0.370373619088 0
v -0.0439497379407 0.371497928632 0
v -0.03875 0.370828804348 0
v -0.03875 0.373532608696 0
v -0.03875 0.380516304348 0
v -0.0489917805094 0.379047838122 0
v -0.03875 0.3875 0
v -0.0484375 0.3875 0
v -0.0484375 0.3971875 0
v -0.03875 0.3971875 0
v -0.03875 0.406875 0
v -0.03875 0.794375 0
v -0.03875 0.8040625 0
v -0.0484375 0.8040625 0
v -0.03875 0.81375 0
v -0.0484375 0.81375 0
v -0.03875 0.82 0
v -0.03875 0.8265625 0
v -0.0484375 0.8265625 0
v -0.0484375 0.82 0
v -0.03875 0.833125 0
v -0.0484375 0.833125 0
v -0.0484375 0.816875 0
v -0.03875 0.816875 0
v -0.0484375 0.8428125 0
v -0.019375 -0.8428125 0
v -0.0290625 -0.8428125 0
v -0.019375 -0.833125 0
v -0.0290625 -0.833125 0
v -0.019375 -0.82 0
v -0.019375 -0.816875 0
v -0.0290625 -0.816875 0
v -0.0290625 -0.82 0
v -0.019375 -0.81375 0
v -0.0290625 -0.81375 0
v -0.0290625 -0.8265625 0
v -0.019375 -0.8265625 0
v -0.0290625 -0.8040625 0
v -0.019375 -0.794375 0
v -0.019375 -0.445625 0
v -0.0290625 -0.4359375 0
v -0.019375 -0.42625 0
v -0.0290625 -0.42625 0
v -0.02083214633 -0.40760366219 0
v -0.0210311805613 -0.405056725457 0
v -0.0298905902807 -0.408051800228 0
v -0.029791073165 -0.411411206095 0
v -0.0212302147927 -0.402509788723 0
v -0.0299901073964 -0.404692394362 0
v -0.0294267865825 -0.418830603048 0
v -0.020103573165 -0.416926831095 0
v -0.0295263036982 -0.396096197181 0
v -0.0203026073964 -0.395004894362 0
v -0.019375 -0.3875 0
v -0.019375 -0.368125 0
v -0.019375 0.329375 0
v -0.0290625 0.3390625 0
v -0.019375 0.34875 0
v -0.0290625 0.34875 0
v -0.0290625 0.3584375 0
v -0.019375 0.3584375 0
v -0.019375 0.368125 0
v -0.0290625 0.368125 0
v -0.019375 0.381114130435 0
v -0.019375 0.384307065217 0
v -0.0290625 0.382411684783 0
v -0.0290625 0.377323369565 0
v -0.019375 0.3875 0
v -0.0290625 0.3875 0
v -0.0290625 0.372724184783 0
v -0.019375 0.374619565217 0
v -0.0290625 0.3971875 0
v -0.019375 0.3971875 0
v -0.019375 0.406875 0
v -0.0290625 0.406875 0
v -0.0290625 0.4165625 0
v -0.019375 0.4165625 0
v -0.019375 0.794375 0
v -0.0290625 0.8040625 0
v -0.019375 0.81375 0
v -0.0290625 0.81375 0
v -0.019375 0.82 0
v -0.019375 0.8265625 0
v -0.0290625 0.8265625 0
v -0.0290625 0.82 0
v -0.019375 0.833125 0
v -0.0290625 0.833125 0
v -0.0290625 0.816875 0
v -0.019375 0.816875 0
v -0.0290625 0.8428125 0
v -0.019375 0.8428125 0
v -0.0096875 -0.8428125 0
v 0 -0.833125 0
v -0.0096875 -0.833125 0
v 0 -0.82 0
v 0 -0.816875 0
v -0.0096875 -0.816875 0
v -0.0096875 -0.82 0
v 0 -0.81375 0
v -0.0096875 -0.81375 0
v -0.0096875 -0.8265625 0
v 0 -0.8265625 0
v -0.0096875 -0.8040625 0
v 0 -0.8040625 0
v 0 -0.794375 0
v 0 -0.445625 0
v 0 -0.4359375 0
v -0.0096875 -0.4359375 0
v 0 -0.42625 0
v -0.0096875 -0.42625 0
v -0.012884285774 -0.404225821454 0
v -0.0170572502834 -0.403367805089 0
v -0.0183155489656 -0.404779757456 0
v -0.016858216052 -0.405914741822 0
v -0.0100913042185 -0.415817573858 0
v 0 -0.4165625 0
v 0 -0.406875 0
v -0.00644214288702 -0.405550410727 0
v -0.00429476192468 -0.403283607151 0
v -0.00644214288702 -0.401487910727 0
v -2.77555756156e-17 -0.4028125 0
v -5.55111512313e-17 -0.39875 0
v -2.77555756156e-17 -0.393125 0
v -0.0107077589829 -0.395060738497 0
v 0 -0.3875 0
v -0.0096875 -0.3875 0
v -0.0096875 -0.3778125 0
v 0 -0.3778125 0
v 0 -0.368125 0
v -0.0096875 0.3584375 0
v 0 0.368125 0
v -0.0096875 0.368125 0
v -0.00794807396842 0.385585536273 0
v -0.0136615369842 0.386542768137 0
v -0.0155660246561 0.384733222236 0
v -0.0136615369842 0.383349833354 0
v -0.00898372072451 0.376203708328 0
v 0.000679660819884 0.376075589016 0
v 0.00135932163977 0.384026178032 0
v -0.00329437616433 0.384805857152 0
v -0.00184394383462 0.386240314731 0
v -0.00344557657181 0.387347383081 0
v 0.00120812123228 0.38656770396 0
v 0.0010569208248 0.389109229888 0
v 0.0005284604124 0.397992114944 0
v -0.00950253103846 0.396770303877 0
v 0 0.406875 0
v -0.0096875 0.406875 0
v -0.0096875 0.4165625 0
v 0 0.794375 0
v 0 0.8040625 0
v -0.0096875 0.8040625 0
v 0 0.81375 0
v -0.0096875 0.81375 0
v 0 0.82 0
v 0 0.8265625 0
v -0.0096875 0.8265625 0
v -0.0096875 0.82 0
v 0 0.833125 0
v -0.0096875 0.833125 0
v -0.0096875 0.816875 0
v 0 0.816875 0
v -0.0096875 0.8428125 0
v 0.019375 -0.8428125 0
v 0.0096875 -0.8428125 0
v 0.019375 -0.833125 0
v 0.0096875 -0.833125 0
v 0.019375 -0.82 0
v 0.019375 -0.816875 0
v 0.0096875 -0.816875 0
v 0.0096875 -0.82 0
v 0.019375 -0.81375 0
v 0.0096875 -0.81375 0
v 0.0096875 -0.8265625 0
v 0.019375 -0.8265625 0
v 0.0096875 -0.8040625 0
v 0.019375 -0.794375 0
v 0.019375 -0.445625 0
v 0.0096875 -0.4359375 0
v 0.019375 -0.42625 0
v 0.0096875 -0.42625 0
v 0.0096875 -0.4165625 0
v 0.019375 -0.4165625 0
v 0.019375 -0.406875 0
v 0.0096875 -0.406875 0
v 0.018762896427 -0.390775769019 0
v 0.0186644350469 -0.388186088823 0
v 0.00933221752344 -0.390655544412 0
v 0.00938144821348 -0.394762884509 0
v 0.0185659736668 -0.385596408628 0
v 0.0092829868334 -0.386548204314 0
v 0.00953447410674 -0.400818942255 0
v 0.0190689482135 -0.398825384509 0
v 0.0094852434167 -0.377336602157 0
v 0.0189704868334 -0.376860704314 0
v 0.019375 -0.368125 0
v 0.0096875 -0.368125 0
v 0.0096875 -0.3584375 0
v 0.019375 -0.3584375 0
v 0.019375 0.368125 0
v 0.0100273304099 0.376944044508 0
v 0.019375 0.3875 0
v 0.0103671608199 0.385763089016 0
v 0.019375 0.396277173913 0
v 0.019375 0.401576086957 0
v 0.0099517302062 0.39978410095 0
v 0.0102159604124 0.392693201901 0
v 0.019375 0.406875 0
v 0.0096875 0.406875 0
v 0.0102915606161 0.389228145458 0
v 0.019375 0.391888586957 0
v 0.0096875 0.4165625 0
v 0.019375 0.4165625 0
v 0.019375 0.42625 0
v 0.019375 0.445625 0
v 0.019375 0.794375 0
v 0.0096875 0.8040625 0
v 0.019375 0.81375 0
v 0.0096875 0.81375 0
v 0.019375 0.82 0
v 0.019375 0.8265625 0
v 0.0096875 0.8265625 0
v 0.0096875 0.82 0
v 0.019375 0.833125 0
v 0.0096875 0.833125 0
v 0.0096875 0.816875 0
v 0.019375 0.816875 0
v 0.0096875 0.8428125 0
v 0.019375 0.8428125 0
v 0.0290625 -0.8428125 0
v 0.03875 -0.833125 0
v 0.0290625 -0.833125 0
v 0.03875 -0.82 0
v 0.03875 -0.816875 0
v 0.0290625 -0.816875 0
v 0.0290625 -0.82 0
v 0.03875 -0.81375 0
v 0.0290625 -0.81375 0
v 0.0290625 -0.8265625 0
v 0.03875 -0.8265625 0
v 0.0290625 -0.8040625 0
v 0.03875 -0.8040625 0
v 0.03875 -0.794375 0
v 0.0290625 -0.4165625 0
v 0.03875 -0.406875 0
v 0.0290625 -0.406875 0
v 0.0286659608258 -0.386566966649 0
v 0.0236159672463 -0.386081687638 0
v 0.0219982769732 -0.387646381432 0
v 0.0237144286264 -0.388671367834 0
v 0.0291742569112 -0.397270780455 0
v 0.0387579739924 -0.397206262335 0
v 0.0387659479849 -0.38753752467 0
v 0.0337159544054 -0.38705224566 0
v 0.0353978448485 -0.385460266794 0
v 0.0337137932803 -0.384421637856 0
v 0.0387637868598 -0.384906916867 0
v 0.0387616257348 -0.382276309063 0
v 0.0387558128674 -0.375200654531 0
v 0.0285333229816 -0.376791082841 0
v 0.03875 -0.368125 0
v 0.0290625 -0.368125 0
v 0.0290625 -0.3584375 0
v 0.03875 0.368125 0
v 0.03875 0.3778125 0
v 0.0290625 0.3778125 0
v 0.03875 0.3875 0
v 0.0290625 0.3875 0
v 0.0381873920735 0.403638544724 0
v 0.0380979491513 0.406204236625 0
v 0.0287364745756 0.403890161791 0
v 0.0287811960367 0.399957859319 0
v 0.0380085062291 0.408769928526 0
v 0.0286917531145 0.407822464263 0
v 0.0289218480184 0.393728929659 0
v 0.0384686960367 0.395569272362 0
v 0.0288771265573 0.417036232131 0
v 0.0383792531145 0.417509964263 0
v 0.03875 0.42625 0
v 0.0290625 0.42625 0
v 0.0290625 0.4359375 0
v 0.03875 0.4359375 0
v 0.03875 0.445625 0
v 0.03875 0.794375 0
v 0.03875 0.8040625 0
v 0.0290625 0.8040625 0
v 0.03875 0.81375 0
v 0.0290625 0.81375 0
v 0.03875 0.82 0
v 0.03875 0.8265625 0
v 0.0290625 0.8265625 0
v 0.0290625 0.82 0
v 0.03875 0.833125 0
v 0.0290625 0.833125 0
v 0.0290625 0.816875 0
v 0.03875 0.816875 0
v 0.0290625 0.8428125 0
v 0.058125 -0.8428125 0
v 0.0484375 -0.8428125 0
v 0.058125 -0.833125 0
v 0.0484375 -0.833125 0
v 0.058125 -0.82 0
v 0.058125 -0.816875 0
v 0.0484375 -0.816875 0
v 0.0484375 -0.82 0
v 0.058125 -0.81375 0
v 0.0484375 -0.81375 0
v 0.0484375 -0.8265625 0
v 0.058125 -0.8265625 0
v 0.0484375 -0.8040625 0
v 0.058125 -0.794375 0
v 0.058125 -0.406875 0
v 0.0484414869962 -0.397196881168 0
v 0.058125 -0.3875 0
v 0.0484454739924 -0.387518762335 0
v 0.058125 -0.374046875 0
v 0.058125 -0.3710859375 0
v 0.0484404064337 -0.373143296016 0
v 0.0484433128674 -0.378161592031 0
v 0.058125 -0.368125 0
v 0.0484375 -0.368125 0
v 0.0484443934299 -0.382840177183 0
v 0.058125 -0.3807734375 0
v 0.0484375 -0.3584375 0
v 0.058125 -0.3584375 0
v 0.058125 -0.34875 0
v 0.058125 -0.329375 0
v 0.058125 0.368125 0
v 0.0484375 0.3778125 0
v 0.058125 0.3875 0
v 0.0484375 0.3875 0
v 0.048174692623 0.407546618852 0
v 0.043091599426 0.408158273689 0
v 0.0414568636418 0.406651697367 0
v 0.0431810423482 0.405592581788 0
v 0.0485726189681 0.396981802936 0
v 0.0582329395084 0.39691165459 0
v 0.0583408790168 0.406323309179 0
v 0.0532577858199 0.406934964016 0
v 0.0549334461712 0.408457554298 0
v 0.0532297297484 0.409524676858 0
v 0.0583128229453 0.408913022021 0
v 0.0582847668738 0.411502734864 0
v 0.0582048834369 0.418876367432 0
v 0.0480274505803 0.417443222977 0
v 0.058125 0.42625 0
v 0.0484375 0.42625 0
v 0.0484375 0.4359375 0
v 0.058125 0.445625 0
v 0.058125 0.794375 0
v 0.0484375 0.8040625 0
v 0.058125 0.81375 0
v 0.0484375 0.81375 0
v 0.058125 0.82 0
v 0.058125 0.8265625 0
v 0.0484375 0.8265625 0
v 0.0484375 0.82 0
v 0.058125 0.833125 0
v 0.0484375 0.833125 0
v 0.0484375 0.816875 0
v 0.058125 0.816875 0
v 0.0484375 0.8428125 0
v 0.058125 0.8428125 0
v 0.0678125 -0.8428125 0
v 0.0775 -0.833125 0
v 0.0678125 -0.833125 0
v 0.0775 -0.82 0
v 0.0775 -0.816875 0
v 0.0678125 -0.816875 0
v 0.0678125 -0.82 0
v 0.0775 -0.81375 0
v 0.0678125 -0.81375 0
v 0.0678125 -0.8265625 0
v 0.0775 -0.8265625 0
v 0.0678125 -0.8040625 0
v 0.0775 -0.8040625 0
v 0.0775 -0.794375 0
v 0.0775 -0.406875 0
v 0.0775 -0.3971875 0
v 0.0678125 -0.3971875 0
v 0.0775 -0.3875 0
v 0.0678125 -0.3875 0
v 0.0689454694836 -0.369448175469 0
v 0.0635352347418 -0.368786587735 0
v 0.0617318231612 -0.370540016823 0
v 0.0635352347418 -0.371747525235 0
v 0.0684541760715 -0.379095672982 0
v 0.0780310682222 -0.379062072288 0
v 0.0785621364444 -0.370624144575 0
v 0.073753802964 -0.370036160022 0
v 0.075273117684 -0.368513275839 0
v 0.0736286083037 -0.367457841471 0
v 0.0784369417841 -0.368045826024 0
v 0.0783117471239 -0.365467507472 0
v 0.0779058735619 -0.357108753736 0
v 0.0678285595029 -0.358562516017 0
v 0.0775 -0.34875 0
v 0.0678125 -0.34875 0
v 0.0678125 -0.3390625 0
v 0.0775 -0.3390625 0
v 0.0775 -0.329375 0
v 0.0775 0.368125 0
v 0.0775 0.3875 0
v 0.0678664697542 0.397049577295 0
v 0.0775 0.406875 0
v 0.0679204395084 0.40659915459 0
v 0.0775 0.41902173913 0
v 0.0775 0.422635869565 0
v 0.0678524417185 0.420756118499 0
v 0.0678923834369 0.415262236997 0
v 0.0775 0.42625 0
v 0.0678125 0.42625 0
v 0.0679064114727 0.410930695793 0
v 0.0775 0.412948369565 0
v 0.0678125 0.4359375 0
v 0.0775 0.4359375 0
v 0.0775 0.445625 0
v 0.0775 0.794375 0
v 0.0775 0.8040625 0
v 0.0678125 0.8040625 0
v 0.0775 0.81375 0
v 0.0678125 0.81375 0
v 0.0775 0.82 0
v 0.0775 0.8265625 0
v 0.0678125 0.8265625 0
v 0.0678125 0.82 0
v 0.0775 0.833125 0
v 0.0678125 0.833125 0
v 0.0678125 0.816875 0
v 0.0775 0.816875 0
v 0.0678125 0.8428125 0
v 0.096875 -0.8428125 0
v 0.0871875 -0.8428125 0
v 0.096875 -0.833125 0
v 0.0871875 -0.833125 0
v 0.096875 -0.82 0
v 0.096875 -0.816875 0
v 0.0871875 -0.816875 0
v 0.0871875 -0.82 0
v 0.096875 -0.81375 0
v 0.0871875 -0.81375 0
v 0.0871875 -0.8265625 0
v 0.096875 -0.8265625 0
v 0.0871875 -0.8040625 0
v 0.096875 -0.794375 0
v 0.096875 -0.406875 0
v 0.0871875 -0.3971875 0
v 0.096875 -0.3875 0
v 0.0871875 -0.3875 0
v 0.0874530341111 -0.378437286144 0
v 0.096875 -0.3778125 0
v 0.096875 -0.368125 0
v 0.0877185682222 -0.369374572288 0
v 0.096875 -0.357578125 0
v 0.096875 -0.3531640625 0
v 0.087390436781 -0.355136408118 0
v 0.0875933735619 -0.361522816236 0
v 0.096875 -0.34875 0
v 0.0871875 -0.34875 0
v 0.0876559708921 -0.365448694262 0
v 0.096875 -0.3628515625 0
v 0.0871875 -0.3390625 0
v 0.096875 -0.329375 0
v 0.096875 0.368125 0
v 0.096875 0.3875 0
v 0.0957641421476 0.395613784709 0
v 0.0866320710738 0.396400642355 0
v 0.0946532842951 0.403727569418 0
v 0.0851513600263 0.407539438303 0
v 0.0783576642148 0.406717628471 0
v 0.0865054742549 0.405222598944 0
v 0.087052754203 0.409928934478 0
v 0.0791788321074 0.413358814235 0
v 0.0949266762987 0.40649905472 0
v 0.0952000683022 0.409270540022 0
v 0.0876000341511 0.414635270011 0
v 0.08 0.42 0
v 0.0960375341511 0.417760270011 0
v 0.0886047045755 0.420442635005 0
v 0.096875 0.42625 0
v 0.089609375 0.42625 0
v 0.08234375 0.42625 0
v 0.081171875 0.423125 0
v 0.079921875 0.42625 0
v 0.0793359375 0.422880434783 0
v 0.07875 0.419510869565 0
v 0.0783394160537 0.4131535919 0
v 0.0779288321074 0.406796314235 0
v 0.085359939751 0.424660817175 0
v 0.0871875 0.4359375 0
v 0.096875 0.445625 0
v 0.096875 0.794375 0
v 0.0871875 0.8040625 0
v 0.096875 0.81375 0
v 0.0871875 0.81375 0
v 0.096875 0.82 0
v 0.096875 0.8265625 0
v 0.0871875 0.8265625 0
v 0.0871875 0.82 0
v 0.096875 0.833125 0
v 0.0871875 0.833125 0
v 0.0871875 0.816875 0
v 0.096875 0.816875 0
v 0.0871875 0.8428125 0
v 0.096875 0.8428125 0
v 0.1065625 -0.8428125 0
v 0.11625 -0.833125 0
v 0.1065625 -0.833125 0
v 0.11625 -0.82 0
v 0.11625 -0.816875 0
v 0.1065625 -0.816875 0
v 0.1065625 -0.82 0
v 0.11625 -0.81375 0
v 0.1065625 -0.81375 0
v 0.1065625 -0.8265625 0
v 0.11625 -0.8265625 0
v 0.1065625 -0.8040625 0
v 0.11625 -0.8040625 0
v 0.11625 -0.794375 0
v 0.1065625 -0.3778125 0
v 0.11625 -0.368125 0
v 0.1065625 -0.368125 0
v 0.114937070881 -0.349901744876 0
v 0.114753110416 -0.347348401791 0
v 0.105814055208 -0.350256232146 0
v 0.10590603544 -0.353739934938 0
v 0.114569149951 -0.344795058707 0
v 0.105722074975 -0.346772529354 0
v 0.10623426772 -0.360932467469 0
v 0.11559353544 -0.359013372438 0
v 0.106142287488 -0.338073764677 0
v 0.115409574975 -0.337085029354 0
v 0.11625 -0.329375 0
v 0.11625 0.368125 0
v 0.11625 0.3778125 0
v 0.1065625 0.3778125 0
v 0.11625 0.3875 0
v 0.1065625 0.3875 0
v 0.11625 0.394411764706 0
v 0.11625 0.400643382353 0
v 0.111371747758 0.402009648641 0
v 0.108932621637 0.399576972962 0
v 0.11625 0.406875 0
v 0.108932621637 0.405808590609 0
v 0.101615243274 0.404742181218 0
v 0.0981342637846 0.404234875318 0
v 0.104593211379 0.394803116856 0
v 0.11625 0.390955882353 0
v 0.106154560132 0.416031311925 0
v 0.0984076557881 0.40700636062 0
v 0.11625 0.4165625 0
v 0.11625 0.42625 0
v 0.1065625 0.42625 0
v 0.0971561986238 0.405913430219 0
v 0.1065625 0.4359375 0
v 0.11625 0.4359375 0
v 0.11625 0.445625 0
v 0.11625 0.794375 0
v 0.11625 0.8040625 0
v 0.1065625 0.8040625 0
v 0.11625 0.81375 0
v 0.1065625 0.81375 0
v 0.11625 0.82 0
v 0.11625 0.8265625 0
v 0.1065625 0.8265625 0
v 0.1065625 0.82 0
v 0.11625 0.833125 0
v 0.1065625 0.833125 0
v 0.1065625 0.816875 0
v 0.11625 0.816875 0
v 0.1065625 0.8428125 0
v 0.135625 -0.8428125 0
v 0.1259375 -0.8428125 0
v 0.135625 -0.833125 0
v 0.1259375 -0.833125 0
v 0.135625 -0.82 0
v 0.135625 -0.816875 0
v 0.1259375 -0.816875 0
v 0.1259375 -0.82 0
v 0.135625 -0.81375 0
v 0.1259375 -0.81375 0
v 0.1259375 -0.8265625 0
v 0.135625 -0.8265625 0
v 0.1259375 -0.8040625 0
v 0.135625 -0.794375 0
v 0.135625 -0.3778125 0
v 0.1259375 -0.3778125 0
v 0.135625 -0.368125 0
v 0.1259375 -0.368125 0
v 0.123157247804 -0.346408169683 0
v 0.118863198877 -0.345601614195 0
v 0.117554489545 -0.347034991089 0
v 0.119047159342 -0.34815495728 0
v 0.12561739649 -0.357827580268 0
v 0.135625 -0.3584375 0
v 0.135625 -0.34875 0
v 0.129391123902 -0.347579084842 0
v 0.131469082601 -0.345422514894 0
v 0.129391123902 -0.343758772342 0
v 0.135625 -0.3449296875 0
v 0.135625 -0.341109375 0
v 0.135625 -0.3352421875 0
v 0.12500480279 -0.337124611713 0
v 0.135625 -0.329375 0
v 0.1259375 -0.329375 0
v 0.1259375 -0.3196875 0
v 0.135625 -0.3196875 0
v 0.135625 -0.31 0
v 0.135625 -0.290625 0
v 0.135625 0.329375 0
v 0.135625 0.34875 0
v 0.135625 0.3584375 0
v 0.1259375 0.3584375 0
v 0.135625 0.368125 0
v 0.1259375 0.368125 0
v 0.135625 0.380735294118 0
v 0.135625 0.384117647059 0
v 0.132430555556 0.385245098039 0
v 0.130833333333 0.384117647059 0
v 0.135625 0.3875 0
v 0.130833333333 0.3875 0
v 0.126041666667 0.3875 0
v 0.121145833333 0.3875 0
v 0.125323850497 0.377110055664 0
v 0.135625 0.374430147059 0
v 0.126573911856 0.39791901951 0
v 0.121145833333 0.390955882353 0
v 0.135625 0.3971875 0
v 0.135625 0.406875 0
v 0.1259375 0.406875 0
v 0.119513888889 0.389803921569 0
v 0.1259375 0.4165625 0
v 0.135625 0.4165625 0
v 0.135625 0.42625 0
v 0.1259375 0.42625 0
v 0.1259375 0.4359375 0
v 0.135625 0.445625 0
v 0.135625 0.794375 0
v 0.1259375 0.8040625 0
v 0.135625 0.81375 0
v 0.1259375 0.81375 0
v 0.135625 0.82 0
v 0.135625 0.8265625 0
v 0.1259375 0.8265625 0
v 0.1259375 0.82 0
v 0.135625 0.833125 0
v 0.1259375 0.833125 0
v 0.1259375 0.816875 0
v 0.135625 0.816875 0
v 0.1259375 0.8428125 0
v 0.135625 0.8428125 0
v 0.1453125 -0.8428125 0
v 0.155 -0.833125 0
v 0.1453125 -0.833125 0
v 0.155 -0.82 0
v 0.155 -0.816875 0
v 0.1453125 -0.816875 0
v 0.1453125 -0.82 0
v 0.155 -0.81375 0
v 0.1453125 -0.81375 0
v 0.1453125 -0.8265625 0
v 0.155 -0.8265625 0
v 0.1453125 -0.8040625 0
v 0.155 -0.8040625 0
v 0.155 -0.794375 0
v 0.1453125 -0.3778125 0
v 0.155 -0.368125 0
v 0.1453125 -0.368125 0
v 0.1453125 -0.3584375 0
v 0.155 -0.3584375 0
v 0.155 -0.34875 0
v 0.1453125 -0.34875 0
v 0.154523359462 -0.333077572229 0
v 0.154444348936 -0.33047962542 0
v 0.145034674468 -0.33286090646 0
v 0.145074179731 -0.337093473614 0
v 0.15436533841 -0.327881678612 0
v 0.144995169205 -0.328628339306 0
v 0.145193339866 -0.342921736807 0
v 0.154761679731 -0.340913786114 0
v 0.145153834603 -0.319314169653 0
v 0.154682669205 -0.318940839306 0
v 0.155 -0.31 0
v 0.1453125 -0.31 0
v 0.1453125 -0.3003125 0
v 0.155 -0.3003125 0
v 0.155 -0.290625 0
v 0.155 0.329375 0
v 0.155 0.3390625 0
v 0.1453125 0.3390625 0
v 0.155 0.34875 0
v 0.1453125 0.34875 0
v 0.156730585321 0.365837233891 0
v 0.157010792545 0.368603908449 0
v 0.154794564294 0.369180148897 0
v 0.153546346556 0.368084931843 0
v 0.15729099977 0.371370583007 0
v 0.15382655378 0.370851606401 0
v 0.150362107791 0.370332629794 0
v 0.142993553896 0.369228814897 0
v 0.14574766468 0.359001865635 0
v 0.155865292661 0.357293616945 0
v 0.147325929547 0.380243176113 0
v 0.142993553896 0.375533961956 0
v 0.156145499885 0.379435291503 0
v 0.155 0.3875 0
v 0.1453125 0.3875 0
v 0.140537369264 0.373064307971 0
v 0.1453125 0.3971875 0
v 0.155 0.3971875 0
v 0.155 0.406875 0
v 0.1453125 0.406875 0
v 0.1453125 0.4165625 0
v 0.155 0.794375 0
v 0.155 0.8040625 0
v 0.1453125 0.8040625 0
v 0.155 0.81375 0
v 0.1453125 0.81375 0
v 0.155 0.82 0
v 0.155 0.8265625 0
v 0.1453125 0.8265625 0
v 0.1453125 0.82 0
v 0.155 0.833125 0
v 0.1453125 0.833125 0
v 0.1453125 0.816875 0
v 0.155 0.816875 0
v 0.1453125 0.8428125 0
v 0.174375 -0.8428125 0
v 0.1646875 -0.8428125 0
v 0.174375 -0.833125 0
v 0.1646875 -0.833125 0
v 0.174375 -0.82 0
v 0.174375 -0.816875 0
v 0.1646875 -0.816875 0
v 0.1646875 -0.82 0
v 0.174375 -0.81375 0
v 0.1646875 -0.81375 0
v 0.1646875 -0.8265625 0
v 0.174375 -0.8265625 0
v 0.1646875 -0.8040625 0
v 0.174375 -0.794375 0
v 0.174375 -0.368125 0
v 0.1646875 -0.3584375 0
v 0.174375 -0.34875 0
v 0.1646875 -0.34875 0
v 0.164465325569 -0.328852236633 0
v 0.15941533199 -0.328366957623 0
v 0.15778467448 -0.329937162491 0
v 0.159494342516 -0.330964904431 0
v 0.164890494291 -0.339351979895 0
v 0.174470156364 -0.339286397327 0
v 0.174565312728 -0.329822794654 0
v 0.169515319149 -0.329337515644 0
v 0.171181875789 -0.327752053645 0
v 0.169490157319 -0.326716683139 0
v 0.174540150898 -0.32720196215 0
v 0.174514989069 -0.324581129646 0
v 0.174444994534 -0.317290564823 0
v 0.164250676808 -0.318872398522 0
v 0.174375 -0.31 0
v 0.1646875 -0.31 0
v 0.1646875 -0.3003125 0
v 0.174375 -0.290625 0
v 0.174375 0.290625 0
v 0.174375 0.31 0
v 0.174375 0.3196875 0
v 0.1646875 0.3196875 0
v 0.174375 0.329375 0
v 0.1646875 0.329375 0
v 0.1645347847 0.338846153324 0
v 0.174069569399 0.338629806649 0
v 0.173764138799 0.347884613298 0
v 0.164382069399 0.348317306649 0
v 0.17393934342 0.353689875233 0
v 0.17415717171 0.360907437617 0
v 0.165583982128 0.364755673033 0
v 0.16533496437 0.359763554562 0
v 0.174375 0.368125 0
v 0.165832999885 0.369747791503 0
v 0.164858516885 0.354040430606 0
v 0.173851741109 0.350787244266 0
v 0.165260249942 0.378623895752 0
v 0.174375 0.3778125 0
v 0.174375 0.3875 0
v 0.1646875 0.3875 0
v 0.1646875 0.3971875 0
v 0.174375 0.406875 0
v 0.174375 0.794375 0
v 0.1646875 0.8040625 0
v 0.174375 0.81375 0
v 0.1646875 0.81375 0
v 0.174375 0.82 0
v 0.174375 0.8265625 0
v 0.1646875 0.8265625 0
v 0.1646875 0.82 0
v 0.174375 0.833125 0
v 0.1646875 0.833125 0
v 0.1646875 0.816875 0
v 0.174375 0.816875 0
v 0.1646875 0.8428125 0
v 0.174375 0.8428125 0
v 0.1840625 -0.8428125 0
v 0.19375 -0.833125 0
v 0.1840625 -0.833125 0
v 0.19375 -0.82 0
v 0.19375 -0.816875 0
v 0.1840625 -0.816875 0
v 0.1840625 -0.82 0
v 0.19375 -0.81375 0
v 0.1840625 -0.81375 0
v 0.1840625 -0.8265625 0
v 0.19375 -0.8265625 0
v 0.1840625 -0.8040625 0
v 0.19375 -0.8040625 0
v 0.19375 -0.794375 0
v 0.184110078182 -0.339174448664 0
v 0.19375 -0.329375 0
v 0.184157656364 -0.329598897327 0
v 0.19375 -0.31640625 0
v 0.19375 -0.313203125 0
v 0.184097497267 -0.315246844911 0
v 0.184132494534 -0.320493689823 0
v 0.19375 -0.31 0
v 0.1840625 -0.31 0
v 0.184145075449 -0.325046293575 0
v 0.19375 -0.322890625 0
v 0.1840625 -0.3003125 0
v 0.19375 -0.3003125 0
v 0.19375 -0.290625 0
v 0.19375 0.290625 0
v 0.19375 0.3003125 0
v 0.1840625 0.3003125 0
v 0.19375 0.31 0
v 0.1840625 0.31 0
v 0.1840625 0.3196875 0
v 0.19375 0.3196875 0
v 0.19375 0.329375 0
v 0.1840625 0.329375 0
v 0.19375 0.339705882353 0
v 0.19375 0.344227941176 0
v 0.189726004921 0.34556105535 0
v 0.187714007382 0.343966583025 0
v 0.19375 0.34875 0
v 0.187714007382 0.348488641848 0
v 0.181678014763 0.348227283696 0
v 0.177721076781 0.348055948497 0
v 0.182997814441 0.337755223136 0
v 0.19375 0.334540441176 0
v 0.184299953995 0.358684620829 0
v 0.177808679091 0.350958579465 0
v 0.19375 0.3584375 0
v 0.19375 0.368125 0
v 0.1840625 0.368125 0
v 0.176460498994 0.349933924076 0
v 0.1840625 0.3778125 0
v 0.19375 0.794375 0
v 0.19375 0.8040625 0
v 0.1840625 0.8040625 0
v 0.19375 0.81375 0
v 0.1840625 0.81375 0
v 0.19375 0.82 0
v 0.19375 0.8265625 0
v 0.1840625 0.8265625 0
v 0.1840625 0.82 0
v 0.19375 0.833125 0
v 0.1840625 0.833125 0
v 0.1840625 0.816875 0
v 0.19375 0.816875 0
v 0.1840625 0.8428125 0
v 0.213125 -0.8428125 0
v 0.2034375 -0.8428125 0
v 0.213125 -0.833125 0
v 0.2034375 -0.833125 0
v 0.213125 -0.82 0
v 0.213125 -0.816875 0
v 0.2034375 -0.816875 0
v 0.2034375 -0.82 0
v 0.213125 -0.81375 0
v 0.2034375 -0.81375 0
v 0.2034375 -0.8265625 0
v 0.213125 -0.8265625 0
v 0.2034375 -0.8040625 0
v 0.213125 -0.794375 0
v 0.213125 -0.3390625 0
v 0.2034375 -0.3390625 0
v 0.213125 -0.329375 0
v 0.2034375 -0.329375 0
v 0.205065366001 -0.31159721945 0
v 0.199407683 -0.310798609725 0
v 0.197521788667 -0.31266782315 0
v 0.199407683 -0.314001734725 0
v 0.204158257645 -0.321152382341 0
v 0.213743250594 -0.32114220728 0
v 0.214361501188 -0.312909414559 0
v 0.209713433594 -0.312253317004 0
v 0.21116768802 -0.310758083446 0
v 0.209570781437 -0.309682417889 0
v 0.21421884903 -0.310338515444 0
v 0.214076196873 -0.307767616329 0
v 0.213600598437 -0.299196308164 0
v 0.203540374864 -0.300575323575 0
v 0.213125 -0.290625 0
v 0.2034375 -0.290625 0
v 0.2034375 -0.2809375 0
v 0.213125 -0.2809375 0
v 0.213125 0.290625 0
v 0.2034375 0.3003125 0
v 0.213125 0.31 0
v 0.2034375 0.31 0
v 0.214013470555 0.325402256079 0
v 0.214177783661 0.328250738249 0
v 0.211729672676 0.328990660628 0
v 0.210423460631 0.327936380731 0
v 0.214342096767 0.33109922042 0
v 0.210587773737 0.330784862902 0
v 0.206833450706 0.330470505384 0
v 0.200291725353 0.329922752692 0
v 0.203445919504 0.319735193163 0
v 0.213569235278 0.317701128039 0
v 0.20481835265 0.340773350745 0
v 0.200291725353 0.335088193868 0
v 0.213733548384 0.33992461021 0
v 0.213125 0.34875 0
v 0.2034375 0.34875 0
v 0.198111150235 0.333183795912 0
v 0.2034375 0.3584375 0
v 0.213125 0.368125 0
v 0.213125 0.794375 0
v 0.2034375 0.8040625 0
v 0.213125 0.81375 0
v 0.2034375 0.81375 0
v 0.213125 0.82 0
v 0.213125 0.8265625 0
v 0.2034375 0.8265625 0
v 0.2034375 0.82 0
v 0.213125 0.833125 0
v 0.2034375 0.833125 0
v 0.2034375 0.816875 0
v 0.213125 0.816875 0
v 0.2034375 0.8428125 0
v 0.213125 0.8428125 0
v 0.2228125 -0.8428125 0
v 0.2325 -0.833125 0
v 0.2228125 -0.833125 0
v 0.2325 -0.82 0
v 0.2325 -0.816875 0
v 0.2228125 -0.816875 0
v 0.2228125 -0.82 0
v 0.2325 -0.81375 0
v 0.2228125 -0.81375 0
v 0.2228125 -0.8265625 0
v 0.2325 -0.8265625 0
v 0.2228125 -0.8040625 0
v 0.2325 -0.8040625 0
v 0.2325 -0.794375 0
v 0.2228125 -0.3390625 0
v 0.2325 -0.329375 0
v 0.2228125 -0.329375 0
v 0.223121625297 -0.32041485364 0
v 0.2325 -0.3196875 0
v 0.2325 -0.31 0
v 0.223430750594 -0.31145470728 0
v 0.2325 -0.2999375 0
v 0.2325 -0.29528125 0
v 0.223050299218 -0.297238779082 0
v 0.223288098437 -0.303852558164 0
v 0.2325 -0.290625 0
v 0.2228125 -0.290625 0
v 0.223359424515 -0.307653632722 0
v 0.2325 -0.30496875 0
v 0.2228125 -0.2809375 0
v 0.2325 0.290625 0
v 0.231657617898 0.299119125356 0
v 0.222391308949 0.299715812678 0
v 0.230815235796 0.307613250711 0
v 0.221970117898 0.308806625356 0
v 0.231250461326 0.313234968476 0
v 0.231875230663 0.321304984238 0
v 0.223026507162 0.324777861244 0
v 0.22263196594 0.319318612277 0
v 0.2325 0.329375 0
v 0.223421048384 0.33023711021 0
v 0.222301041919 0.314062618817 0
v 0.231032848561 0.310424109594 0
v 0.223116774192 0.339493555105 0
v 0.2325 0.794375 0
v 0.2325 0.8040625 0
v 0.2228125 0.8040625 0
v 0.2325 0.81375 0
v 0.2228125 0.81375 0
v 0.2325 0.82 0
v 0.2325 0.8265625 0
v 0.2228125 0.8265625 0
v 0.2228125 0.82 0
v 0.2325 0.833125 0
v 0.2228125 0.833125 0
v 0.2228125 0.816875 0
v 0.2325 0.816875 0
v 0.2228125 0.8428125 0
v 0.251875 -0.8428125 0
v 0.2421875 -0.8428125 0
v 0.251875 -0.833125 0
v 0.2421875 -0.833125 0
v 0.251875 -0.82 0
v 0.251875 -0.816875 0
v 0.2421875 -0.816875 0
v 0.2421875 -0.82 0
v 0.251875 -0.81375 0
v 0.2421875 -0.81375 0
v 0.2421875 -0.8265625 0
v 0.251875 -0.8265625 0
v 0.2421875 -0.8040625 0
v 0.251875 -0.794375 0
v 0.251875 -0.329375 0
v 0.2421875 -0.3196875 0
v 0.251875 -0.31 0
v 0.2421875 -0.31 0
v 0.250705048468 -0.292200354401 0
v 0.250536781581 -0.289640341546 0
v 0.241518390791 -0.292460795773 0
v 0.241602524234 -0.2960689272 0
v 0.250368514694 -0.287080328691 0
v 0.241434257347 -0.288852664346 0
v 0.241895012117 -0.3030344636 0
v 0.251290024234 -0.3011001772 0
v 0.241810878673 -0.280051332173 0
v 0.251121757347 -0.279165164346 0
v 0.251875 -0.27125 0
v 0.251875 -0.251875 0
v 0.251875 0.251875 0
v 0.251875 0.27125 0
v 0.251875 0.2809375 0
v 0.2421875 0.2809375 0
v 0.251875 0.290625 0
v 0.2421875 0.290625 0
v 0.251875 0.298676470588 0
v 0.251875 0.304338235294 0
v 0.247267525906 0.305703315047 0
v 0.244963788859 0.30355497257 0
v 0.251875 0.31 0
v 0.244963788859 0.309216737276 0
v 0.238052577718 0.308433474552 0
v 0.234433906757 0.308023362632 0
v 0.240543899975 0.298288057203 0
v 0.251875 0.294650735294 0
v 0.241991945762 0.319414102805 0
v 0.234651519522 0.310834221514 0
v 0.251875 0.3196875 0
v 0.251875 0.329375 0
v 0.2421875 0.329375 0
v 0.23337275828 0.30976056458 0
v 0.2421875 0.3390625 0
v 0.251875 0.3390625 0
v 0.251875 0.794375 0
v 0.2421875 0.8040625 0
v 0.251875 0.81375 0
v 0.2421875 0.81375 0
v 0.251875 0.82 0
v 0.251875 0.8265625 0
v 0.2421875 0.8265625 0
v 0.2421875 0.82 0
v 0.251875 0.833125 0
v 0.2421875 0.833125 0
v 0.2421875 0.816875 0
v 0.251875 0.816875 0
v 0.2421875 0.8428125 0
v 0.251875 0.8428125 0
v 0.2615625 -0.8428125 0
v 0.27125 -0.833125 0
v 0.2615625 -0.833125 0
v 0.27125 -0.82 0
v 0.27125 -0.816875 0
v 0.2615625 -0.816875 0
v 0.2615625 -0.82 0
v 0.27125 -0.81375 0
v 0.2615625 -0.81375 0
v 0.2615625 -0.8265625 0
v 0.27125 -0.8265625 0
v 0.2615625 -0.8040625 0
v 0.27125 -0.8040625 0
v 0.27125 -0.794375 0
v 0.27125 -0.329375 0
v 0.27125 -0.3196875 0
v 0.2615625 -0.3196875 0
v 0.27125 -0.31 0
v 0.2615625 -0.31 0
v 0.259217671417 -0.288582489648 0
v 0.254793093055 -0.28783140917 0
v 0.253430411526 -0.289287724247 0
v 0.254961359943 -0.290391422024 0
v 0.261326956254 -0.299838192358 0
v 0.27125 -0.3003125 0
v 0.27125 -0.290625 0
v 0.265233835708 -0.289603744824 0
v 0.267239223806 -0.287558746549 0
v 0.265233835708 -0.286025619824 0
v 0.27125 -0.287046875 0
v 0.27125 -0.28346875 0
v 0.27125 -0.277359375 0
v 0.260714816286 -0.279186759714 0
v 0.27125 -0.27125 0
v 0.2615625 -0.27125 0
v 0.2615625 -0.2615625 0
v 0.27125 -0.2615625 0
v 0.27125 -0.251875 0
v 0.27125 0.251875 0
v 0.27125 0.2615625 0
v 0.2615625 0.2615625 0
v 0.27125 0.27125 0
v 0.2615625 0.27125 0
v 0.271350051867 0.284929375153 0
v 0.271371622816 0.287878616493 0
v 0.268619663067 0.288833020352 0
v 0.267232897718 0.287835601611 0
v 0.271393193765 0.290827857834 0
v 0.267254468667 0.290784842951 0
v 0.263115743569 0.290741828069 0
v 0.257495371784 0.290683414035 0
v 0.261132611753 0.2804605796 0
v 0.271300025934 0.278089687576 0
v 0.262399644971 0.301312890647 0
v 0.257495371784 0.294709149329 0
v 0.271321596882 0.300413928917 0
v 0.27125 0.31 0
v 0.2615625 0.31 0
v 0.255621914523 0.293347766219 0
v 0.2615625 0.3196875 0
v 0.27125 0.3196875 0
v 0.27125 0.329375 0
v 0.2615625 0.329375 0
v 0.2615625 0.3390625 0
v 0.27125 0.794375 0
v 0.27125 0.8040625 0
v 0.2615625 0.8040625 0
v 0.27125 0.81375 0
v 0.2615625 0.81375 0
v 0.27125 0.82 0
v 0.27125 0.8265625 0
v 0.2615625 0.8265625 0
v 0.2615625 0.82 0
v 0.27125 0.833125 0
v 0.2615625 0.833125 0
v 0.2615625 0.816875 0
v 0.27125 0.816875 0
v 0.2615625 0.8428125 0
v 0.290625 -0.8428125 0
v 0.2809375 -0.8428125 0
v 0.290625 -0.833125 0
v 0.2809375 -0.833125 0
v 0.290625 -0.82 0
v 0.290625 -0.816875 0
v 0.2809375 -0.816875 0
v 0.2809375 -0.82 0
v 0.290625 -0.81375 0
v 0.2809375 -0.81375 0
v 0.2809375 -0.8265625 0
v 0.290625 -0.8265625 0
v 0.2809375 -0.8040625 0
v 0.290625 -0.794375 0
v 0.290625 -0.329375 0
v 0.2809375 -0.3196875 0
v 0.290625 -0.31 0
v 0.2809375 -0.31 0
v 0.2809375 -0.3003125 0
v 0.290625 -0.3003125 0
v 0.290625 -0.290625 0
v 0.2809375 -0.290625 0
v 0.290281997833 -0.275380150921 0
v 0.290223350493 -0.272773549758 0
v 0.280736675247 -0.275066462379 0
v 0.280765998917 -0.27942445046 0
v 0.290164703153 -0.270166948596 0
v 0.280707351577 -0.270708474298 0
v 0.280851749458 -0.28502472523 0
v 0.290453498917 -0.28300257546 0
v 0.280822425788 -0.261291737149 0
v 0.290394851577 -0.261020974298 0
v 0.290625 -0.251875 0
v 0.2809375 -0.251875 0
v 0.2809375 -0.2421875 0
v 0.290625 -0.2421875 0
v 0.290625 0.213125 0
v 0.290625 0.2325 0
v 0.290625 0.2421875 0
v 0.2809375 0.2421875 0
v 0.290625 0.251875 0
v 0.2809375 0.251875 0
v 0.280247833198 0.260585472031 0
v 0.289245666397 0.259608444062 0
v 0.287866332794 0.267341888125 0
v 0.279558166397 0.269295944062 0
v 0.288514596658 0.272813225889 0
v 0.289569798329 0.281719112944 0
v 0.280470710572 0.284798864719 0
v 0.279932324262 0.278871300521 0
v 0.290625 0.290625 0
v 0.281009096882 0.290726428917 0
v 0.27974524533 0.274083622292 0
v 0.288190464726 0.270077557007 0
v 0.280973298441 0.300363214458 0
v 0.290625 0.3003125 0
v 0.290625 0.31 0
v 0.2809375 0.31 0
v 0.2809375 0.3196875 0
v 0.290625 0.329375 0
v 0.290625 0.794375 0
v 0.2809375 0.8040625 0
v 0.290625 0.81375 0
v 0.2809375 0.81375 0
v 0.290625 0.82 0
v 0.290625 0.8265625 0
v 0.2809375 0.8265625 0
v 0.2809375 0.82 0
v 0.290625 0.833125 0
v 0.2809375 0.833125 0
v 0.2809375 0.816875 0
v 0.290625 0.816875 0
v 0.2809375 0.8428125 0
v 0.290625 0.8428125 0
v 0.3003125 -0.8428125 0
v 0.31 -0.833125 0
v 0.3003125 -0.833125 0
v 0.31 -0.82 0
v 0.31 -0.816875 0
v 0.3003125 -0.816875 0
v 0.3003125 -0.82 0
v 0.31 -0.81375 0
v 0.3003125 -0.81375 0
v 0.3003125 -0.8265625 0
v 0.31 -0.8265625 0
v 0.3003125 -0.8040625 0
v 0.31 -0.8040625 0
v 0.31 -0.794375 0
v 0.3003125 -0.3003125 0
v 0.31 -0.290625 0
v 0.3003125 -0.290625 0
v 0.300264690312 -0.271137506617 0
v 0.295214696733 -0.270652227607 0
v 0.293570463766 -0.272228202045 0
v 0.295273344073 -0.273258828769 0
v 0.300607009611 -0.281433211125 0
v 0.310182338736 -0.281366532319 0
v 0.310364677471 -0.272108064639 0
v 0.305314683892 -0.271622785628 0
v 0.306966635323 -0.270043530842 0
v 0.305267614249 -0.269011263944 0
v 0.310317607829 -0.269496542955 0
v 0.310270538186 -0.266885021271 0
v 0.310135269093 -0.259380010635 0
v 0.299967676963 -0.260953680538 0
v 0.31 -0.251875 0
v 0.3003125 -0.251875 0
v 0.3003125 -0.2421875 0
v 0.31 0.213125 0
v 0.31 0.2228125 0
v 0.3003125 0.2228125 0
v 0.31 0.2325 0
v 0.3003125 0.2325 0
v 0.300294022575 0.242161323648 0
v 0.30996304515 0.242135147296 0
v 0.3099260903 0.251770294591 0
v 0.30027554515 0.251822647296 0
v 0.30994852572 0.257683393609 0
v 0.30997426286 0.264466696805 0
v 0.304844524109 0.265820532001 0
v 0.302266786164 0.263105798002 0
v 0.31 0.27125 0
v 0.302292523304 0.269889101197 0
v 0.294585046608 0.268528202394 0
v 0.291225689701 0.26793504526 0
v 0.29799134671 0.258799948668 0
v 0.30993730801 0.2547268441 0
v 0.299694570735 0.280149608414 0
v 0.291549821633 0.270670714142 0
v 0.31 0.2809375 0
v 0.31 0.290625 0
v 0.3003125 0.290625 0
v 0.29032199202 0.269561105469 0
v 0.3003125 0.3003125 0
v 0.31 0.794375 0
v 0.31 0.8040625 0
v 0.3003125 0.8040625 0
v 0.31 0.81375 0
v 0.3003125 0.81375 0
v 0.31 0.82 0
v 0.31 0.8265625 0
v 0.3003125 0.8265625 0
v 0.3003125 0.82 0
v 0.31 0.833125 0
v 0.3003125 0.833125 0
v 0.3003125 0.816875 0
v 0.31 0.816875 0
v 0.3003125 0.8428125 0
v 0.329375 -0.8428125 0
v 0.3196875 -0.8428125 0
v 0.329375 -0.833125 0
v 0.3196875 -0.833125 0
v 0.329375 -0.82 0
v 0.329375 -0.816875 0
v 0.3196875 -0.816875 0
v 0.3196875 -0.82 0
v 0.329375 -0.81375 0
v 0.3196875 -0.81375 0
v 0.3196875 -0.8265625 0
v 0.329375 -0.8265625 0
v 0.3196875 -0.8040625 0
v 0.329375 -0.794375 0
v 0.329375 -0.290625 0
v 0.319778669368 -0.28115201616 0
v 0.329375 -0.27125 0
v 0.319869838736 -0.271679032319 0
v 0.329375 -0.258765625 0
v 0.329375 -0.2553203125 0
v 0.319755134546 -0.257350161568 0
v 0.319822769093 -0.262825323135 0
v 0.329375 -0.251875 0
v 0.3196875 -0.251875 0
v 0.319846303914 -0.267252177727 0
v 0.329375 -0.2650078125 0
v 0.3196875 -0.2421875 0
v 0.329375 -0.2421875 0
v 0.329375 -0.2325 0
v 0.329375 -0.213125 0
v 0.329375 -0.19375 0
v 0.329375 -0.174375 0
v 0.329375 -0.155 0
v 0.329375 -0.135625 0
v 0.329375 0.2034375 0
v 0.3196875 0.2034375 0
v 0.329375 0.213125 0
v 0.3196875 0.213125 0
v 0.3196875 0.2228125 0
v 0.329375 0.2228125 0
v 0.329375 0.2325 0
v 0.3196875 0.2325 0
v 0.329375 0.243970588235 0
v 0.329375 0.247922794118 0
v 0.325670613671 0.249220253095 0
v 0.323818420507 0.247892879642 0
v 0.329375 0.251875 0
v 0.323818420507 0.251845085525 0
v 0.318261841013 0.25181517105 0
v 0.314093965656 0.25179273282 0
v 0.31888295826 0.24123212328 0
v 0.329375 0.238235294118 0
v 0.3201461123 0.262073688368 0
v 0.314105183366 0.25474928233 0
v 0.329375 0.2615625 0
v 0.329375 0.27125 0
v 0.3196875 0.27125 0
v 0.312712152344 0.253756286417 0
v 0.3196875 0.2809375 0
v 0.329375 0.290625 0
v 0.329375 0.794375 0
v 0.3196875 0.8040625 0
v 0.329375 0.81375 0
v 0.3196875 0.81375 0
v 0.329375 0.82 0
v 0.329375 0.8265625 0
v 0.3196875 0.8265625 0
v 0.3196875 0.82 0
v 0.329375 0.833125 0
v 0.3196875 0.833125 0
v 0.3196875 0.816875 0
v 0.329375 0.816875 0
v 0.3196875 0.8428125 0
v 0.329375 0.8428125 0
v 0.3390625 -0.8428125 0
v 0.34875 -0.833125 0
v 0.3390625 -0.833125 0
v 0.34875 -0.82 0
v 0.34875 -0.816875 0
v 0.3390625 -0.816875 0
v 0.3390625 -0.82 0
v 0.34875 -0.81375 0
v 0.3390625 -0.81375 0
v 0.3390625 -0.8265625 0
v 0.34875 -0.8265625 0
v 0.3390625 -0.8040625 0
v 0.34875 -0.8040625 0
v 0.34875 -0.794375 0
v 0.34875 -0.290625 0
v 0.34875 -0.2809375 0
v 0.3390625 -0.2809375 0
v 0.34875 -0.27125 0
v 0.3390625 -0.27125 0
v 0.341159713448 -0.253757121785 0
v 0.335267356724 -0.252816060892 0
v 0.333303237816 -0.254799248928 0
v 0.335267356724 -0.256261373392 0
v 0.339864592879 -0.263211420885 0
v 0.349455432965 -0.263222342272 0
v 0.350160865931 -0.255194684543 0
v 0.345660289689 -0.254475903164 0
v 0.346998122542 -0.253030148775 0
v 0.345416750847 -0.25194788089 0
v 0.349917327088 -0.252666662269 0
v 0.349673788245 -0.250138639996 0
v 0.348817995375 -0.241255196946 0
v 0.33905261431 -0.24262341692 0
v 0.347962202504 -0.232371753896 0
v 0.338668601252 -0.232435876948 0
v 0.338865550626 -0.222780438474 0
v 0.348356101252 -0.222748376948 0
v 0.34875 -0.213125 0
v 0.34875 -0.2034375 0
v 0.3390625 -0.2034375 0
v 0.34875 -0.19375 0
v 0.3390625 -0.19375 0
v 0.3390625 -0.1840625 0
v 0.34875 -0.1840625 0
v 0.34875 -0.174375 0
v 0.34875 -0.1646875 0
v 0.3390625 -0.1646875 0
v 0.34875 -0.155 0
v 0.3390625 -0.155 0
v 0.3390625 -0.1453125 0
v 0.34875 -0.1453125 0
v 0.34875 -0.135625 0
v 0.3390625 0.2034375 0
v 0.34875 0.213125 0
v 0.3390625 0.213125 0
v 0.350053809482 0.229373781542 0
v 0.350278928875 0.232179341628 0
v 0.347954041521 0.23283228262 0
v 0.346679038147 0.231755973073 0
v 0.350504048268 0.234984901714 0
v 0.34690415754 0.234561533158 0
v 0.343304266812 0.234138164603 0
v 0.336339633406 0.233319082302 0
v 0.339285602363 0.22311923352 0
v 0.349401904741 0.221249390771 0
v 0.340746593749 0.244258446487 0
v 0.336339633406 0.239054376419 0
v 0.349627024134 0.243429950857 0
v 0.34875 0.251875 0
v 0.3390625 0.251875 0
v 0.334018088937 0.23686958428 0
v 0.3390625 0.2615625 0
v 0.34875 0.794375 0
v 0.34875 0.8040625 0
v 0.3390625 0.8040625 0
v 0.34875 0.81375 0
v 0.3390625 0.81375 0
v 0.34875 0.82 0
v 0.34875 0.8265625 0
v 0.3390625 0.8265625 0
v 0.3390625 0.82 0
v 0.34875 0.833125 0
v 0.3390625 0.833125 0
v 0.3390625 0.816875 0
v 0.34875 0.816875 0
v 0.3390625 0.8428125 0
v 0.368125 -0.8428125 0
v 0.3584375 -0.8428125 0
v 0.368125 -0.833125 0
v 0.3584375 -0.833125 0
v 0.368125 -0.82 0
v 0.368125 -0.816875 0
v 0.3584375 -0.816875 0
v 0.3584375 -0.82 0
v 0.368125 -0.81375 0
v 0.3584375 -0.81375 0
v 0.3584375 -0.8265625 0
v 0.368125 -0.8265625 0
v 0.3584375 -0.8040625 0
v 0.368125 -0.794375 0
v 0.368125 -0.290625 0
v 0.3584375 -0.2809375 0
v 0.368125 -0.27125 0
v 0.3584375 -0.27125 0
v 0.358790216483 -0.262392421136 0
v 0.368125 -0.2615625 0
v 0.368125 -0.251875 0
v 0.356884007351 -0.252661496073 0
v 0.351059072634 -0.255028700316 0
v 0.359592036317 -0.253451850158 0
v 0.359327268159 -0.251952487579 0
v 0.350529536317 -0.252514350158 0
v 0.368125 -0.251390625 0
v 0.368125 -0.25090625 0
v 0.3590625 -0.250453125 0
v 0.35 -0.25 0
v 0.368125 -0.241703125 0
v 0.359778659582 -0.241452296498 0
v 0.368125 -0.2325 0
v 0.360494819163 -0.232451467996 0
v 0.352864638327 -0.232402935992 0
v 0.351432319163 -0.241201467996 0
v 0.350413420415 -0.232387344944 0
v 0.350125157269 -0.241228332471 0
v 0.349836894123 -0.250069319998 0
v 0.350223431703 -0.252590506214 0
v 0.350609969283 -0.25511169243 0
v 0.361279386326 -0.222788233998 0
v 0.354433772652 -0.222763967996 0
v 0.368125 -0.2228125 0
v 0.368125 -0.213125 0
v 0.362063953488 -0.213125 0
v 0.356002906977 -0.213125 0
v 0.352376453488 -0.213125 0
v 0.351394936952 -0.222756172472 0
v 0.36285247093 -0.2034375 0
v 0.35757994186 -0.2034375 0
v 0.368125 -0.2034375 0
v 0.368125 -0.19375 0
v 0.363640988372 -0.19375 0
v 0.359156976744 -0.19375 0
v 0.353953488372 -0.19375 0
v 0.35316497093 -0.2034375 0
v 0.364429505814 -0.1840625 0
v 0.360734011628 -0.1840625 0
v 0.368125 -0.1840625 0
v 0.368125 -0.174375 0
v 0.365218023256 -0.174375 0
v 0.362311046512 -0.174375 0
v 0.355530523256 -0.174375 0
v 0.354742005814 -0.1840625 0
v 0.366542727082 -0.164845498461 0
v 0.363865653151 -0.164825273501 0
v 0.369219801014 -0.164865723421 0
v 0.370314602027 -0.155356446842 0
v 0.367867430909 -0.155315996922 0
v 0.36542025979 -0.155275547003 0
v 0.357085129895 -0.155137773501 0
v 0.356307826575 -0.164756386751 0
v 0.36760165617 -0.151924255676 0
v 0.366245183241 -0.150208160092 0
v 0.368692354359 -0.150248610012 0
v 0.367070106691 -0.145140773182 0
v 0.365447859023 -0.140032936353 0
v 0.357393550953 -0.145349095403 0
v 0.363825611355 -0.134925099523 0
v 0.356287805678 -0.135275049761 0
v 0.357055966241 -0.125712599156 0
v 0.365361932483 -0.125487698311 0
v 0.36689825361 -0.116050297099 0
v 0.367511626805 -0.10646264855 0
v 0.358130813403 -0.106512574275 0
v 0.368125 -0.096875 0
v 0.3584375 -0.096875 0
v 0.3584375 -0.0871875 0
v 0.368125 -0.0871875 0
v 0.368125 -0.0775 0
v 0.368125 -0.0678125 0
v 0.3584375 -0.0678125 0
v 0.368125 -0.058125 0
v 0.3584375 -0.058125 0
v 0.3584375 -0.0484375 0
v 0.368125 -0.0484375 0
v 0.368125 -0.03875 0
v 0.368125 -0.0290625 0
v 0.3584375 -0.0290625 0
v 0.368125 -0.019375 0
v 0.3584375 -0.019375 0
v 0.3584375 -0.0096875 0
v 0.368125 -0.0096875 0
v 0.368125 0 0
v 0.368125 0.019375 0
v 0.368125 0.03875 0
v 0.368125 0.058125 0
v 0.368125 0.0775 0
v 0.368125 0.096875 0
v 0.368125 0.11625 0
v 0.368125 0.135625 0
v 0.368125 0.155 0
v 0.368125 0.174375 0
v 0.368125 0.19375 0
v 0.367551093649 0.202624466002 0
v 0.358150546824 0.203030983001 0
v 0.366977187297 0.211498932005 0
v 0.357863593649 0.212311966002 0
v 0.367289195812 0.217207626485 0
v 0.367707097906 0.224853813243 0
v 0.358993013391 0.228516577435 0
v 0.358671502647 0.223290704014 0
v 0.368125 0.2325 0
v 0.359314524134 0.233742450857 0
v 0.358267548148 0.217801335008 0
v 0.367133191555 0.214353279245 0
v 0.358876012067 0.242808725428 0
v 0.368125 0.251875 0
v 0.368125 0.794375 0
v 0.3584375 0.8040625 0
v 0.368125 0.81375 0
v 0.3584375 0.81375 0
v 0.368125 0.82 0
v 0.368125 0.8265625 0
v 0.3584375 0.8265625 0
v 0.3584375 0.82 0
v 0.368125 0.833125 0
v 0.3584375 0.833125 0
v 0.3584375 0.816875 0
v 0.368125 0.816875 0
v 0.3584375 0.8428125 0
v 0.368125 0.8428125 0
v 0.3778125 -0.8428125 0
v 0.3875 -0.833125 0
v 0.3778125 -0.833125 0
v 0.3875 -0.82 0
v 0.3875 -0.816875 0
v 0.3778125 -0.816875 0
v 0.3778125 -0.82 0
v 0.3875 -0.81375 0
v 0.3778125 -0.81375 0
v 0.3778125 -0.8265625 0
v 0.3875 -0.8265625 0
v 0.3778125 -0.8040625 0
v 0.3875 -0.8040625 0
v 0.3875 -0.794375 0
v 0.3778125 -0.2615625 0
v 0.3778125 -0.251875 0
v 0.3778125 -0.2421875 0
v 0.365900933853 -0.243146149201 0
v 0.3778125 -0.2228125 0
v 0.3778125 -0.213125 0
v 0.3778125 -0.2034375 0
v 0.3778125 -0.1840625 0
v 0.3875 -0.174375 0
v 0.3778125 -0.174375 0
v 0.378359900507 -0.16477661171 0
v 0.3875 -0.1646875 0
v 0.3875 -0.155 0
v 0.378907301014 -0.155178223421 0
v 0.368709618165 -0.135069488413 0
v 0.36626761476 -0.134997293968 0
v 0.366535112071 -0.138378453706 0
v 0.367889862428 -0.140105130798 0
v 0.377801168637 -0.145122839016 0
v 0.3875 -0.1453125 0
v 0.3875 -0.135625 0
v 0.378104809083 -0.135347244206 0
v 0.378876912962 -0.125760570375 0
v 0.370253825924 -0.12558364075 0
v 0.3875 -0.1259375 0
v 0.3875 -0.11625 0
v 0.379649016842 -0.116173896544 0
v 0.371798033684 -0.116097793087 0
v 0.369348143647 -0.116074045093 0
v 0.367807879203 -0.125535669531 0
v 0.380431339816 -0.106524448272 0
v 0.373362679632 -0.106486396544 0
v 0.3875 -0.1065625 0
v 0.3875 -0.096875 0
v 0.381213662791 -0.096875 0
v 0.374927325581 -0.096875 0
v 0.371526162791 -0.096875 0
v 0.370437153219 -0.106474522547 0
v 0.382002180233 -0.0871875 0
v 0.376504360465 -0.0871875 0
v 0.3875 -0.0871875 0
v 0.3875 -0.0775 0
v 0.382790697674 -0.0775 0
v 0.378081395349 -0.0775 0
v 0.373103197674 -0.0775 0
v 0.372314680233 -0.0871875 0
v 0.383579215116 -0.0678125 0
v 0.379658430233 -0.0678125 0
v 0.3875 -0.0678125 0
v 0.3875 -0.058125 0
v 0.384367732558 -0.058125 0
v 0.381235465116 -0.058125 0
v 0.374680232558 -0.058125 0
v 0.373891715116 -0.0678125 0
v 0.385585003276 -0.0485634804164 0
v 0.382794679984 -0.0485469658103 0
v 0.388375326567 -0.0485799950225 0
v 0.389250653134 -0.0390349900451 0
v 0.386802273993 -0.0390019608328 0
v 0.384353894852 -0.0389689316205 0
v 0.376239447426 -0.0388594658103 0
v 0.375459839992 -0.0484922329051 0
v 0.386536901928 -0.0356077460171 0
v 0.385180026325 -0.0338941240031 0
v 0.387628405466 -0.0339271532154 0
v 0.386006157798 -0.0288193163857 0
v 0.38438391013 -0.023711479556 0
v 0.376548994911 -0.0290677276017 0
v 0.382761662461 -0.0186036427263 0
v 0.375443331231 -0.0189893213631 0
v 0.376211491794 -0.00942687075724 0
v 0.384297983589 -0.00916624151448 0
v 0.385834304716 0.00027115969732 0
v 0.376979652358 0.00013557984866 0
v 0.377396076179 0.00975528992433 0
v 0.386667152358 0.00982307984866 0
v 0.3875 0.019375 0
v 0.3875 0.0290625 0
v 0.3778125 0.0290625 0
v 0.3875 0.03875 0
v 0.3778125 0.03875 0
v 0.3778125 0.0484375 0
v 0.3875 0.0484375 0
v 0.3875 0.058125 0
v 0.3875 0.0678125 0
v 0.3778125 0.0678125 0
v 0.3875 0.0775 0
v 0.3778125 0.0775 0
v 0.3778125 0.0871875 0
v 0.3875 0.0871875 0
v 0.3875 0.096875 0
v 0.3875 0.1065625 0
v 0.3778125 0.1065625 0
v 0.3875 0.11625 0
v 0.3778125 0.11625 0
v 0.3778125 0.1259375 0
v 0.3875 0.1259375 0
v 0.3875 0.135625 0
v 0.3875 0.155 0
v 0.3875 0.174375 0
v 0.3875 0.1840625 0
v 0.3778125 0.1840625 0
v 0.3875 0.19375 0
v 0.3778125 0.19375 0
v 0.3875 0.202941176471 0
v 0.3875 0.208033088235 0
v 0.383176289852 0.209387815006 0
v 0.381014434778 0.20751922251 0
v 0.3875 0.213125 0
v 0.381014434778 0.212611134274 0
v 0.374528869556 0.212097268549 0
v 0.370753028427 0.211798100277 0
v 0.376469102785 0.201772996113 0
v 0.3875 0.198345588235 0
v 0.377831986343 0.222798358423 0
v 0.370909032684 0.214652447517 0
v 0.3875 0.2228125 0
v 0.3875 0.2325 0
v 0.3778125 0.2325 0
v 0.369598417555 0.21360127568 0
v 0.3778125 0.2421875 0
v 0.3875 0.2421875 0
v 0.3875 0.251875 0
v 0.3875 0.794375 0
v 0.3875 0.8040625 0
v 0.3778125 0.8040625 0
v 0.3875 0.81375 0
v 0.3778125 0.81375 0
v 0.3875 0.82 0
v 0.3875 0.8265625 0
v 0.3778125 0.8265625 0
v 0.3778125 0.82 0
v 0.3875 0.833125 0
v 0.3778125 0.833125 0
v 0.3778125 0.816875 0
v 0.3875 0.816875 0
v 0.3778125 0.8428125 0
v 0.406875 -0.8428125 0
v 0.3971875 -0.8428125 0
v 0.406875 -0.833125 0
v 0.3971875 -0.833125 0
v 0.406875 -0.82 0
v 0.406875 -0.816875 0
v 0.3971875 -0.816875 0
v 0.3971875 -0.82 0
v 0.406875 -0.81375 0
v 0.3971875 -0.81375 0
v 0.3971875 -0.8265625 0
v 0.406875 -0.8265625 0
v 0.3971875 -0.8040625 0
v 0.406875 -0.794375 0
v 0.406875 -0.174375 0
v 0.3971875 -0.1646875 0
v 0.406875 -0.155 0
v 0.3971875 -0.155 0
v 0.3971875 -0.1453125 0
v 0.406875 -0.135625 0
v 0.3971875 -0.1259375 0
v 0.406875 -0.11625 0
v 0.3971875 -0.11625 0
v 0.3971875 -0.1065625 0
v 0.406875 -0.096875 0
v 0.3971875 -0.0871875 0
v 0.406875 -0.0775 0
v 0.3971875 -0.0775 0
v 0.3971875 -0.0678125 0
v 0.406875 -0.058125 0
v 0.397625163283 -0.0485087475113 0
v 0.406875 -0.03875 0
v 0.398062826567 -0.0388924950225 0
v 0.387643751048 -0.0187598149914 0
v 0.385202706755 -0.0186817288588 0
v 0.385470523769 -0.0220609247011 0
v 0.386824954423 -0.0237895656885 0
v 0.396956615773 -0.028840575331 0
v 0.406875 -0.0290625 0
v 0.406875 -0.019375 0
v 0.397259375524 -0.0190674074957 0
v 0.398031323399 -0.00948169197996 0
v 0.389187646797 -0.00927588395992 0
v 0.406875 -0.0096875 0
v 0.406875 0 0
v 0.398803271273 0.000104023535767 0
v 0.390731542547 0.000208047071534 0
v 0.388282923631 0.000239603384427 0
v 0.386742815193 -0.0092210627372 0
v 0.399583321683 0.00973951176788 0
v 0.392291643366 0.00979152353577 0
v 0.406875 0.0096875 0
v 0.406875 0.019375 0
v 0.400363372093 0.019375 0
v 0.393851744186 0.019375 0
v 0.390675872093 0.019375 0
v 0.389479397862 0.00980730169221 0
v 0.401151889535 0.0290625 0
v 0.39542877907 0.0290625 0
v 0.406875 0.0290625 0
v 0.406875 0.03875 0
v 0.401940406977 0.03875 0
v 0.397005813953 0.03875 0
v 0.392252906977 0.03875 0
v 0.391464389535 0.0290625 0
v 0.402728924419 0.0484375 0
v 0.398582848837 0.0484375 0
v 0.406875 0.0484375 0
v 0.406875 0.058125 0
v 0.40351744186 0.058125 0
v 0.400159883721 0.058125 0
v 0.39382994186 0.058125 0
v 0.393041424419 0.0484375 0
v 0.404627253201 0.0677183762675 0
v 0.401723654282 0.0677310191592 0
v 0.40753085212 0.0677057333758 0
v 0.40818670424 0.0772864667516 0
v 0.405737064541 0.077311752535 0
v 0.403287424843 0.0773370383183 0
v 0.395393712421 0.0774185191592 0
v 0.394611827141 0.0677717595796 0
v 0.407277298046 0.0867731869184 0
v 0.404831570724 0.0868225058735 0
v 0.409723025368 0.0867238679634 0
v 0.411259346495 0.0961612691752 0
v 0.40881753155 0.0962346213019 0
v 0.406375716605 0.0963079734286 0
v 0.396937858302 0.0965914867143 0
v 0.396165785362 0.0870050029367 0
v 0.40854997142 0.0996153951461 0
v 0.407195283882 0.101342458132 0
v 0.409637098827 0.101269106005 0
v 0.408014851159 0.106376942835 0
v 0.406392603491 0.111484779664 0
v 0.397241325538 0.106366604609 0
v 0.404770355823 0.116592616494 0
v 0.396135177911 0.116421308247 0
v 0.396661338956 0.126023154123 0
v 0.405822677911 0.126108808247 0
v 0.406875 0.135625 0
v 0.3971875 0.135625 0
v 0.3971875 0.1453125 0
v 0.406875 0.1453125 0
v 0.406875 0.155 0
v 0.406875 0.1646875 0
v 0.3971875 0.1646875 0
v 0.406875 0.174375 0
v 0.3971875 0.174375 0
v 0.407361446865 0.188921331625 0
v 0.407458296065 0.191817435376 0
v 0.404869221424 0.192656861512 0
v 0.403526259503 0.191628522704 0
v 0.407555145266 0.194713539127 0
v 0.403623108703 0.194524626455 0
v 0.39969107214 0.194335713783 0
v 0.39359553607 0.194042856892 0
v 0.396978344864 0.183849227945 0
v 0.407118223432 0.181648165812 0
v 0.398287052443 0.20479062686 0
v 0.39359553607 0.198638445127 0
v 0.407215072633 0.203919269563 0
v 0.406875 0.213125 0
v 0.3971875 0.213125 0
v 0.391563690714 0.197008963418 0
v 0.3971875 0.2228125 0
v 0.406875 0.2228125 0
v 0.406875 0.2325 0
v 0.3971875 0.2325 0
v 0.3971875 0.2421875 0
v 0.406875 0.251875 0
v 0.406875 0.794375 0
v 0.3971875 0.8040625 0
v 0.406875 0.81375 0
v 0.3971875 0.81375 0
v 0.406875 0.82 0
v 0.406875 0.8265625 0
v 0.3971875 0.8265625 0
v 0.3971875 0.82 0
v 0.406875 0.833125 0
v 0.3971875 0.833125 0
v 0.3971875 0.816875 0
v 0.406875 0.816875 0
v 0.3971875 0.8428125 0
v 0.406875 0.8428125 0
v 0.4165625 -0.8428125 0
v 0.42625 -0.833125 0
v 0.4165625 -0.833125 0
v 0.42625 -0.82 0
v 0.42625 -0.816875 0
v 0.4165625 -0.816875 0
v 0.4165625 -0.82 0
v 0.42625 -0.81375 0
v 0.4165625 -0.81375 0
v 0.4165625 -0.8265625 0
v 0.42625 -0.8265625 0
v 0.4165625 -0.8040625 0
v 0.42625 -0.8040625 0
v 0.42625 -0.794375 0
v 0.4165625 -0.0290625 0
v 0.4165625 -0.019375 0
v 0.4165625 -0.0096875 0
v 0.4165625 0.0096875 0
v 0.4165625 0.019375 0
v 0.4165625 0.0290625 0
v 0.4165625 0.0484375 0
v 0.4165625 0.058125 0
v 0.41689042606 0.0677591166879 0
v 0.417986512684 0.0869556839817 0
v 0.42625 0.096875 0
v 0.418754673248 0.0965181345876 0
v 0.409665157791 0.116514540718 0
v 0.407217756807 0.116553578606 0
v 0.407483454924 0.113161366682 0
v 0.408840004475 0.111445741776 0
v 0.417648943764 0.106593010027 0
v 0.42625 0.1065625 0
v 0.42625 0.11625 0
v 0.417957578896 0.116382270359 0
v 0.418735330145 0.126003635179 0
v 0.411220660291 0.126069770359 0
v 0.42625 0.1259375 0
v 0.42625 0.135625 0
v 0.419513081395 0.135625 0
v 0.412776162791 0.135625 0
v 0.409825581395 0.135625 0
v 0.408521669101 0.126089289303 0
v 0.420301598837 0.1453125 0
v 0.414353197674 0.1453125 0
v 0.42625 0.1453125 0
v 0.42625 0.155 0
v 0.421090116279 0.155 0
v 0.415930232558 0.155 0
v 0.411402616279 0.155 0
v 0.410614098837 0.1453125 0
v 0.421878633721 0.1646875 0
v 0.417507267442 0.1646875 0
v 0.42625 0.1646875 0
v 0.42625 0.174375 0
v 0.422667151163 0.174375 0
v 0.419084302326 0.174375 0
v 0.412979651163 0.174375 0
v 0.412191133721 0.1646875 0
v 0.422896075581 0.176265625 0
v 0.419542151163 0.1771875 0
v 0.42625 0.17534375 0
v 0.42625 0.1763125 0
v 0.423125 0.17815625 0
v 0.42 0.18 0
v 0.42625 0.18503125 0
v 0.424453814316 0.185965169239 0
v 0.42625 0.19375 0
v 0.425782628632 0.193774088478 0
v 0.425315257263 0.193798176956 0
v 0.422657628632 0.186899088478 0
v 0.416435201265 0.194255858042 0
v 0.415057962349 0.189358261927 0
v 0.413680723432 0.184460665812 0
v 0.413330187298 0.179417832906 0
v 0.417417616613 0.191865293657 0
v 0.416732536317 0.203678384782 0
v 0.42625 0.2034375 0
v 0.42625 0.213125 0
v 0.4165625 0.213125 0
v 0.4165625 0.2228125 0
v 0.42625 0.794375 0
v 0.42625 0.8040625 0
v 0.4165625 0.8040625 0
v 0.42625 0.81375 0
v 0.4165625 0.81375 0
v 0.42625 0.82 0
v 0.42625 0.8265625 0
v 0.4165625 0.8265625 0
v 0.4165625 0.82 0
v 0.42625 0.833125 0
v 0.4165625 0.833125 0
v 0.4165625 0.816875 0
v 0.42625 0.816875 0
v 0.4165625 0.8428125 0
v 0.445625 -0.8428125 0
v 0.4359375 -0.8428125 0
v 0.445625 -0.833125 0
v 0.4359375 -0.833125 0
v 0.445625 -0.82 0
v 0.445625 -0.816875 0
v 0.4359375 -0.816875 0
v 0.4359375 -0.82 0
v 0.445625 -0.81375 0
v 0.4359375 -0.81375 0
v 0.4359375 -0.8265625 0
v 0.445625 -0.8265625 0
v 0.4359375 -0.8040625 0
v 0.445625 -0.794375 0
v 0.445625 0.096875 0
v 0.4359375 0.1065625 0
v 0.445625 0.11625 0
v 0.4359375 0.11625 0
v 0.4359375 0.1259375 0
v 0.445625 0.135625 0
v 0.4359375 0.1453125 0
v 0.445625 0.155 0
v 0.4359375 0.155 0
v 0.4359375 0.1646875 0
v 0.445625 0.174375 0
v 0.4359375 0.1840625 0
v 0.424219394367 0.182742606338 0
v 0.445625 0.19375 0
v 0.4359375 0.19375 0
v 0.4359375 0.2034375 0
v 0.445625 0.213125 0
v 0.445625 0.794375 0
v 0.4359375 0.8040625 0
v 0.445625 0.81375 0
v 0.4359375 0.81375 0
v 0.445625 0.82 0
v 0.445625 0.8265625 0
v 0.4359375 0.8265625 0
v 0.4359375 0.82 0
v 0.445625 0.833125 0
v 0.4359375 0.833125 0
v 0.4359375 0.816875 0
v 0.445625 0.816875 0
v 0.4359375 0.8428125 0
v 0.445625 0.8428125 0
v 0.4553125 -0.8428125 0
v 0.465 -0.833125 0
v 0.4553125 -0.833125 0
v 0.465 -0.82 0
v 0.465 -0.816875 0
v 0.4553125 -0.816875 0
v 0.4553125 -0.82 0
v 0.465 -0.81375 0
v 0.4553125 -0.81375 0
v 0.4553125 -0.8265625 0
v 0.465 -0.8265625 0
v 0.4553125 -0.8040625 0
v 0.465 -0.8040625 0
v 0.465 -0.794375 0
v 0.465 0.794375 0
v 0.465 0.8040625 0
v 0.4553125 0.8040625 0
v 0.465 0.81375 0
v 0.4553125 0.81375 0
v 0.465 0.82 0
v 0.465 0.8265625 0
v 0.4553125 0.8265625 0
v 0.4553125 0.82 0
v 0.465 0.833125 0
v 0.4553125 0.833125 0
v 0.4553125 0.816875 0
v 0.465 0.816875 0
v 0.4553125 0.8428125 0
v 0.484375 -0.8428125 0
v 0.4746875 -0.8428125 0
v 0.484375 -0.833125 0
v 0.4746875 -0.833125 0
v 0.484375 -0.82 0
v 0.484375 -0.816875 0
v 0.4746875 -0.816875 0
v 0.4746875 -0.82 0
v 0.484375 -0.81375 0
v 0.4746875 -0.81375 0
v 0.4746875 -0.8265625 0
v 0.484375 -0.8265625 0
v 0.4746875 -0.8040625 0
v 0.484375 -0.794375 0
v 0.484375 0.794375 0
v 0.4746875 0.8040625 0
v 0.484375 0.81375 0
v 0.4746875 0.81375 0
v 0.484375 0.82 0
v 0.484375 0.8265625 0
v 0.4746875 0.8265625 0
v 0.4746875 0.82 0
v 0.484375 0.833125 0
v 0.4746875 0.833125 0
v 0.4746875 0.816875 0
v 0.484375 0.816875 0
v 0.4746875 0.8428125 0
v 0.484375 0.8428125 0
v 0.4940625 -0.8428125 0
v 0.50375 -0.833125 0
v 0.4940625 -0.833125 0
v 0.50375 -0.82 0
v 0.50375 -0.816875 0
v 0.4940625 -0.816875 0
v 0.4940625 -0.82 0
v 0.50375 -0.81375 0
v 0.4940625 -0.81375 0
v 0.4940625 -0.8265625 0
v 0.50375 -0.8265625 0
v 0.4940625 -0.8040625 0
v 0.50375 -0.8040625 0
v 0.50375 -0.794375 0
v 0.50375 0.794375 0
v 0.50375 0.8040625 0
v 0.4940625 0.8040625 0
v 0.50375 0.81375 0
v 0.4940625 0.81375 0
v 0.50375 0.82 0
v 0.50375 0.8265625 0
v 0.4940625 0.8265625 0
v 0.4940625 0.82 0
v 0.50375 0.833125 0
v 0.4940625 0.833125 0
v 0.4940625 0.816875 0
v 0.50375 0.816875 0
v 0.4940625 0.8428125 0
v 0.523125 -0.8428125 0
v 0.5134375 -0.8428125 0
v 0.523125 -0.833125 0
v 0.5134375 -0.833125 0
v 0.523125 -0.82 0
v 0.523125 -0.816875 0
v 0.5134375 -0.816875 0
v 0.5134375 -0.82 0
v 0.523125 -0.81375 0
v 0.5134375 -0.81375 0
v 0.5134375 -0.8265625 0
v 0.523125 -0.8265625 0
v 0.5134375 -0.8040625 0
v 0.523125 -0.794375 0
v 0.523125 0.794375 0
v 0.5134375 0.8040625 0
v 0.523125 0.81375 0
v 0.5134375 0.81375 0
v 0.523125 0.82 0
v 0.523125 0.8265625 0
v 0.5134375 0.8265625 0
v 0.5134375 0.82 0
v 0.523125 0.833125 0
v 0.5134375 0.833125 0
v 0.5134375 0.816875 0
v 0.523125 0.816875 0
v 0.5134375 0.8428125 0
v 0.523125 0.8428125 0
v 0.5328125 -0.8428125 0
v 0.5425 -0.833125 0
v 0.5328125 -0.833125 0
v 0.5425 -0.82 0
v 0.5425 -0.816875 0
v 0.5328125 -0.816875 0
v 0.5328125 -0.82 0
v 0.5425 -0.81375 0
v 0.5328125 -0.81375 0
v 0.5328125 -0.8265625 0
v 0.5425 -0.8265625 0
v 0.5328125 -0.8040625 0
v 0.5425 -0.8040625 0
v 0.5425 -0.794375 0
v 0.5425 0.794375 0
v 0.5425 0.8040625 0
v 0.5328125 0.8040625 0
v 0.5425 0.81375 0
v 0.5328125 0.81375 0
v 0.5425 0.82 0
v 0.5425 0.8265625 0
v 0.5328125 0.8265625 0
v 0.5328125 0.82 0
v 0.5425 0.833125 0
v 0.5328125 0.833125 0
v 0.5328125 0.816875 0
v 0.5425 0.816875 0
v 0.5328125 0.8428125 0
v 0.561875 -0.8428125 0
v 0.5521875 -0.8428125 0
v 0.561875 -0.833125 0
v 0.5521875 -0.833125 0
v 0.561875 -0.82 0
v 0.561875 -0.816875 0
v 0.5521875 -0.816875 0
v 0.5521875 -0.82 0
v 0.561875 -0.81375 0
v 0.5521875 -0.81375 0
v 0.5521875 -0.8265625 0
v 0.561875 -0.8265625 0
v 0.5521875 -0.8040625 0
v 0.561875 -0.794375 0
v 0.561875 0.794375 0
v 0.5521875 0.8040625 0
v 0.561875 0.81375 0
v 0.5521875 0.81375 0
v 0.561875 0.82 0
v 0.561875 0.8265625 0
v 0.5521875 0.8265625 0
v 0.5521875 0.82 0
v 0.561875 0.833125 0
v 0.5521875 0.833125 0
v 0.5521875 0.816875 0
v 0.561875 0.816875 0
v 0.5521875 0.8428125 0
v 0.561875 0.8428125 0
v 0.5715625 -0.8428125 0
v 0.58125 -0.833125 0
v 0.5715625 -0.833125 0
v 0.58125 -0.82 0
v 0.58125 -0.816875 0
v 0.5715625 -0.816875 0
v 0.5715625 -0.82 0
v 0.58125 -0.81375 0
v 0.5715625 -0.81375 0
v 0.5715625 -0.8265625 0
v 0.58125 -0.8265625 0
v 0.5715625 -0.8040625 0
v 0.58125 -0.8040625 0
v 0.58125 -0.794375 0
v 0.58125 0.794375 0
v 0.58125 0.8040625 0
v 0.5715625 0.8040625 0
v 0.58125 0.81375 0
v 0.5715625 0.81375 0
v 0.58125 0.82 0
v 0.58125 0.8265625 0
v 0.5715625 0.8265625 0
v 0.5715625 0.82 0
v 0.58125 0.833125 0
v 0.5715625 0.833125 0
v 0.5715625 0.816875 0
v 0.58125 0.816875 0
v 0.5715625 0.8428125 0
v 0.600625 -0.8428125 0
v 0.5909375 -0.8428125 0
v 0.600625 -0.833125 0
v 0.5909375 -0.833125 0
v 0.600625 -0.82 0
v 0.600625 -0.816875 0
v 0.5909375 -0.816875 0
v 0.5909375 -0.82 0
v 0.600625 -0.81375 0
v 0.5909375 -0.81375 0
v 0.5909375 -0.8265625 0
v 0.600625 -0.8265625 0
v 0.5909375 -0.8040625 0
v 0.600625 -0.794375 0
v 0.600625 0.794375 0
v 0.5909375 0.8040625 0
v 0.600625 0.81375 0
v 0.5909375 0.81375 0
v 0.600625 0.82 0
v 0.600625 0.8265625 0
v 0.5909375 0.8265625 0
v 0.5909375 0.82 0
v 0.600625 0.833125 0
v 0.5909375 0.833125 0
v 0.5909375 0.816875 0
v 0.600625 0.816875 0
v 0.5909375 0.8428125 0
v 0.600625 0.8428125 0
v 0.6103125 -0.8428125 0
v 0.62 -0.833125 0
v 0.6103125 -0.833125 0
v 0.62 -0.82 0
v 0.62 -0.816875 0
v 0.6103125 -0.816875 0
v 0.6103125 -0.82 0
v 0.62 -0.81375 0
v 0.6103125 -0.81375 0
v 0.6103125 -0.8265625 0
v 0.62 -0.8265625 0
v 0.6103125 -0.8040625 0
v 0.62 -0.8040625 0
v 0.62 -0.794375 0
v 0.62 0.794375 0
v 0.62 0.8040625 0
v 0.6103125 0.8040625 0
v 0.62 0.81375 0
v 0.6103125 0.81375 0
v 0.62 0.82 0
v 0.62 0.8265625 0
v 0.6103125 0.8265625 0
v 0.6103125 0.82 0
v 0.62 0.833125 0
v 0.6103125 0.833125 0
v 0.6103125 0.816875 0
v 0.62 0.816875 0
v 0.6103125 0.8428125 0
v 0.639375 -0.8428125 0
v 0.6296875 -0.8428125 0
v 0.639375 -0.833125 0
v 0.6296875 -0.833125 0
v 0.639375 -0.82 0
v 0.639375 -0.816875 0
v 0.6296875 -0.816875 0
v 0.6296875 -0.82 0
v 0.639375 -0.81375 0
v 0.6296875 -0.81375 0
v 0.6296875 -0.8265625 0
v 0.639375 -0.8265625 0
v 0.6296875 -0.8040625 0
v 0.639375 -0.794375 0
v 0.639375 0.794375 0
v 0.6296875 0.8040625 0
v 0.639375 0.81375 0
v 0.6296875 0.81375 0
v 0.639375 0.82 0
v 0.639375 0.8265625 0
v 0.6296875 0.8265625 0
v 0.6296875 0.82 0
v 0.639375 0.833125 0
v 0.6296875 0.833125 0
v 0.6296875 0.816875 0
v 0.639375 0.816875 0
v 0.6296875 0.8428125 0
v 0.639375 0.8428125 0
v 0.6490625 -0.8428125 0
v 0.65875 -0.833125 0
v 0.6490625 -0.833125 0
v 0.65875 -0.82 0
v 0.65875 -0.816875 0
v 0.6490625 -0.816875 0
v 0.6490625 -0.82 0
v 0.65875 -0.81375 0
v 0.6490625 -0.81375 0
v 0.6490625 -0.8265625 0
v 0.65875 -0.8265625 0
v 0.6490625 -0.8040625 0
v 0.65875 -0.8040625 0
v 0.65875 -0.794375 0
v 0.65875 0.794375 0
v 0.65875 0.8040625 0
v 0.6490625 0.8040625 0
v 0.65875 0.81375 0
v 0.6490625 0.81375 0
v 0.65875 0.82 0
v 0.65875 0.8265625 0
v 0.6490625 0.8265625 0
v 0.6490625 0.82 0
v 0.65875 0.833125 0
v 0.6490625 0.833125 0
v 0.6490625 0.816875 0
v 0.65875 0.816875 0
v 0.6490625 0.8428125 0
v 0.678125 -0.8428125 0
v 0.6684375 -0.8428125 0
v 0.678125 -0.833125 0
v 0.6684375 -0.833125 0
v 0.678125 -0.82 0
v 0.678125 -0.816875 0
v 0.6684375 -0.816875 0
v 0.6684375 -0.82 0
v 0.678125 -0.81375 0
v 0.6684375 -0.81375 0
v 0.6684375 -0.8265625 0
v 0.678125 -0.8265625 0
v 0.6684375 -0.8040625 0
v 0.678125 -0.794375 0
v 0.678125 0.794375 0
v 0.6684375 0.8040625 0
v 0.678125 0.81375 0
v 0.6684375 0.81375 0
v 0.678125 0.82 0
v 0.678125 0.8265625 0
v 0.6684375 0.8265625 0
v 0.6684375 0.82 0
v 0.678125 0.833125 0
v 0.6684375 0.833125 0
v 0.6684375 0.816875 0
v 0.678125 0.816875 0
v 0.6684375 0.8428125 0
v 0.678125 0.8428125 0
v 0.6878125 -0.8428125 0
v 0.6975 -0.833125 0
v 0.6878125 -0.833125 0
v 0.6975 -0.82 0
v 0.6975 -0.816875 0
v 0.6878125 -0.816875 0
v 0.6878125 -0.82 0
v 0.6975 -0.81375 0
v 0.6878125 -0.81375 0
v 0.6878125 -0.8265625 0
v 0.6975 -0.8265625 0
v 0.6878125 -0.8040625 0
v 0.6975 -0.8040625 0
v 0.6975 -0.794375 0
v 0.6975 0.794375 0
v 0.6975 0.8040625 0
v 0.6878125 0.8040625 0
v 0.6975 0.81375 0
v 0.6878125 0.81375 0
v 0.6975 0.82 0
v 0.6975 0.8265625 0
v 0.6878125 0.8265625 0
v 0.6878125 0.82 0
v 0.6975 0.833125 0
v 0.6878125 0.833125 0
v 0.6878125 0.816875 0
v 0.6975 0.816875 0
v 0.6878125 0.8428125 0
v 0.716875 -0.8428125 0
v 0.7071875 -0.8428125 0
v 0.716875 -0.833125 0
v 0.7071875 -0.833125 0
v 0.716875 -0.82 0
v 0.716875 -0.816875 0
v 0.7071875 -0.816875 0
v 0.7071875 -0.82 0
v 0.716875 -0.81375 0
v 0.7071875 -0.81375 0
v 0.7071875 -0.8265625 0
v 0.716875 -0.8265625 0
v 0.7071875 -0.8040625 0
v 0.716875 -0.794375 0
v 0.716875 0.794375 0
v 0.7071875 0.8040625 0
v 0.716875 0.81375 0
v 0.7071875 0.81375 0
v 0.716875 0.82 0
v 0.716875 0.8265625 0
v 0.7071875 0.8265625 0
v 0.7071875 0.82 0
v 0.716875 0.833125 0
v 0.7071875 0.833125 0
v 0.7071875 0.816875 0
v 0.716875 0.816875 0
v 0.7071875 0.8428125 0
v 0.716875 0.8428125 0
v 0.7265625 -0.8428125 0
v 0.73625 -0.833125 0
v 0.7265625 -0.833125 0
v 0.73625 -0.82 0
v 0.73625 -0.816875 0
v 0.7265625 -0.816875 0
v 0.7265625 -0.82 0
v 0.73625 -0.81375 0
v 0.7265625 -0.81375 0
v 0.7265625 -0.8265625 0
v 0.73625 -0.8265625 0
v 0.7265625 -0.8040625 0
v 0.73625 -0.8040625 0
v 0.73625 -0.794375 0
v 0.73625 0.794375 0
v 0.73625 0.8040625 0
v 0.7265625 0.8040625 0
v 0.73625 0.81375 0
v 0.7265625 0.81375 0
v 0.73625 0.82 0
v 0.73625 0.8265625 0
v 0.7265625 0.8265625 0
v 0.7265625 0.82 0
v 0.73625 0.833125 0
v 0.7265625 0.833125 0
v 0.7265625 0.816875 0
v 0.73625 0.816875 0
v 0.7265625 0.8428125 0
v 0.755625 -0.8428125 0
v 0.7459375 -0.8428125 0
v 0.755625 -0.833125 0
v 0.7459375 -0.833125 0
v 0.755625 -0.82 0
v 0.755625 -0.816875 0
v 0.7459375 -0.816875 0
v 0.7459375 -0.82 0
v 0.755625 -0.81375 0
v 0.7459375 -0.81375 0
v 0.7459375 -0.8265625 0
v 0.755625 -0.8265625 0
v 0.7459375 -0.8040625 0
v 0.755625 -0.794375 0
v 0.755625 0.794375 0
v 0.7459375 0.8040625 0
v 0.755625 0.81375 0
v 0.7459375 0.81375 0
v 0.755625 0.82 0
v 0.755625 0.8265625 0
v 0.7459375 0.8265625 0
v 0.7459375 0.82 0
v 0.755625 0.833125 0
v 0.7459375 0.833125 0
v 0.7459375 0.816875 0
v 0.755625 0.816875 0
v 0.7459375 0.8428125 0
v 0.755625 0.8428125 0
v 0.7653125 -0.8428125 0
v 0.775 -0.833125 0
v 0.7653125 -0.833125 0
v 0.775 -0.82 0
v 0.775 -0.816875 0
v 0.7653125 -0.816875 0
v 0.7653125 -0.82 0
v 0.775 -0.81375 0
v 0.7653125 -0.81375 0
v 0.7653125 -0.8265625 0
v 0.775 -0.8265625 0
v 0.7653125 -0.8040625 0
v 0.775 -0.8040625 0
v 0.775 -0.794375 0
v 0.775 0.794375 0
v 0.775 0.8040625 0
v 0.7653125 0.8040625 0
v 0.775 0.81375 0
v 0.7653125 0.81375 0
v 0.775 0.82 0
v 0.775 0.8265625 0
v 0.7653125 0.8265625 0
v 0.7653125 0.82 0
v 0.775 0.833125 0
v 0.7653125 0.833125 0
v 0.7653125 0.816875 0
v 0.775 0.816875 0
v 0.7653125 0.8428125 0
v 0.794375 -0.8428125 0
v 0.7846875 -0.8428125 0
v 0.794375 -0.833125 0
v 0.7846875 -0.833125 0
v 0.794375 -0.82 0
v 0.794375 -0.816875 0
v 0.7846875 -0.816875 0
v 0.7846875 -0.82 0
v 0.794375 -0.81375 0
v 0.7846875 -0.81375 0
v 0.7846875 -0.8265625 0
v 0.794375 -0.8265625 0
v 0.7846875 -0.8040625 0
v 0.794375 -0.794375 0
v 0.794375 0.794375 0
v 0.7846875 0.8040625 0
v 0.794375 0.81375 0
v 0.7846875 0.81375 0
v 0.794375 0.82 0
v 0.794375 0.8265625 0
v 0.7846875 0.8265625 0
v 0.7846875 0.82 0
v 0.794375 0.833125 0
v 0.7846875 0.833125 0
v 0.7846875 0.816875 0
v 0.794375 0.816875 0
v 0.7846875 0.8428125 0
v 0.794375 0.8428125 0
v 0.8040625 -0.8428125 0
v 0.81375 -0.833125 0
v 0.8040625 -0.833125 0
v 0.81375 -0.82 0
v 0.81375 -0.816875 0
v 0.8040625 -0.816875 0
v 0.8040625 -0.82 0
v 0.81375 -0.81375 0
v 0.8040625 -0.81375 0
v 0.8040625 -0.8265625 0
v 0.81375 -0.8265625 0
v 0.8040625 -0.8040625 0
v 0.81375 -0.8040625 0
v 0.81375 -0.794375 0
v 0.81375 0.794375 0
v 0.81375 0.8040625 0
v 0.8040625 0.8040625 0
v 0.81375 0.81375 0
v 0.8040625 0.81375 0
v 0.81375 0.82 0
v 0.81375 0.8265625 0
v 0.8040625 0.8265625 0
v 0.8040625 0.82 0
v 0.81375 0.833125 0
v 0.8040625 0.833125 0
v 0.8040625 0.816875 0
v 0.81375 0.816875 0
v 0.8040625 0.8428125 0
v 0.833125 -0.8428125 0
v 0.8234375 -0.8428125 0
v 0.833125 -0.833125 0
v 0.8234375 -0.833125 0
v 0.833125 -0.82 0
v 0.833125 -0.816875 0
v 0.8234375 -0.816875 0
v 0.8234375 -0.82 0
v 0.833125 -0.81375 0
v 0.8234375 -0.81375 0
v 0.8234375 -0.8265625 0
v 0.833125 -0.8265625 0
v 0.8234375 -0.8040625 0
v 0.833125 -0.794375 0
v 0.833125 0.794375 0
v 0.8234375 0.8040625 0
v 0.833125 0.81375 0
v 0.8234375 0.81375 0
v 0.833125 0.82 0
v 0.833125 0.8265625 0
v 0.8234375 0.8265625 0
v 0.8234375 0.82 0
v 0.833125 0.833125 0
v 0.8234375 0.833125 0
v 0.8234375 0.816875 0
v 0.833125 0.816875 0
v 0.8234375 0.8428125 0
v 0.833125 0.8428125 0
v 0.8428125 -0.8428125 0
v 0.8525 -0.833125 0
v 0.8428125 -0.833125 0
v 0.8525 -0.82 0
v 0.8525 -0.816875 0
v 0.8428125 -0.816875 0
v 0.8428125 -0.82 0
v 0.8525 -0.81375 0
v 0.8428125 -0.81375 0
v 0.8428125 -0.8265625 0
v 0.8525 -0.8265625 0
v 0.8428125 -0.8040625 0
v 0.8525 -0.8040625 0
v 0.8525 -0.794375 0
v 0.8525 0.794375 0
v 0.8525 0.8040625 0
v 0.8428125 0.8040625 0
v 0.8525 0.81375 0
v 0.8428125 0.81375 0
v 0.8525 0.82 0
v 0.8525 0.8265625 0
v 0.8428125 0.8265625 0
v 0.8428125 0.82 0
v 0.8525 0.833125 0
v 0.8428125 0.833125 0
v 0.8428125 0.816875 0
v 0.8525 0.816875 0
v 0.8428125 0.8428125 0
v 0.871875 -0.8428125 0
v 0.8621875 -0.8428125 0
v 0.871875 -0.833125 0
v 0.8621875 -0.833125 0
v 0.871875 -0.82 0
v 0.871875 -0.816875 0
v 0.8621875 -0.816875 0
v 0.8621875 -0.82 0
v 0.871875 -0.81375 0
v 0.8621875 -0.81375 0
v 0.8621875 -0.8265625 0
v 0.871875 -0.8265625 0
v 0.8621875 -0.8040625 0
v 0.871875 -0.794375 0
v 0.871875 0.794375 0
v 0.8621875 0.8040625 0
v 0.871875 0.81375 0
v 0.8621875 0.81375 0
v 0.871875 0.82 0
v 0.871875 0.8265625 0
v 0.8621875 0.8265625 0
v 0.8621875 0.82 0
v 0.871875 0.833125 0
v 0.8621875 0.833125 0
v 0.8621875 0.816875 0
v 0.871875 0.816875 0
v 0.8621875 0.8428125 0
v 0.871875 0.8428125 0
v 0.8815625 -0.8428125 0
v 0.89125 -0.833125 0
v 0.8815625 -0.833125 0
v 0.89125 -0.82 0
v 0.89125 -0.816875 0
v 0.8815625 -0.816875 0
v 0.8815625 -0.82 0
v 0.89125 -0.81375 0
v 0.8815625 -0.81375 0
v 0.8815625 -0.8265625 0
v 0.89125 -0.8265625 0
v 0.8815625 -0.8040625 0
v 0.89125 -0.8040625 0
v 0.89125 -0.794375 0
v 0.89125 0.794375 0
v 0.89125 0.8040625 0
v 0.8815625 0.8040625 0
v 0.89125 0.81375 0
v 0.8815625 0.81375 0
v 0.89125 0.82 0
v 0.89125 0.8265625 0
v 0.8815625 0.8265625 0
v 0.8815625 0.82 0
v 0.89125 0.833125 0
v 0.8815625 0.833125 0
v 0.8815625 0.816875 0
v 0.89125 0.816875 0
v 0.8815625 0.8428125 0
v 0.910625 -0.8428125 0
v 0.9009375 -0.8428125 0
v 0.910625 -0.833125 0
v 0.9009375 -0.833125 0
v 0.910625 -0.82 0
v 0.910625 -0.816875 0
v 0.9009375 -0.816875 0
v 0.9009375 -0.82 0
v 0.910625 -0.81375 0
v 0.9009375 -0.81375 0
v 0.9009375 -0.8265625 0
v 0.910625 -0.8265625 0
v 0.9009375 -0.8040625 0
v 0.910625 -0.794375 0
v 0.910625 0.794375 0
v 0.9009375 0.8040625 0
v 0.910625 0.81375 0
v 0.9009375 0.81375 0
v 0.910625 0.82 0
v 0.910625 0.8265625 0
v 0.9009375 0.8265625 0
v 0.9009375 0.82 0
v 0.910625 0.833125 0
v 0.9009375 0.833125 0
v 0.9009375 0.816875 0
v 0.910625 0.816875 0
v 0.9009375 0.8428125 0
v 0.910625 0.8428125 0
v 0.9203125 -0.8428125 0
v 0.93 -0.833125 0
v 0.9203125 -0.833125 0
v 0.93 -0.82 0
v 0.93 -0.816875 0
v 0.9203125 -0.816875 0
v 0.9203125 -0.82 0
v 0.93 -0.81375 0
v 0.9203125 -0.81375 0
v 0.9203125 -0.8265625 0
v 0.93 -0.8265625 0
v 0.9203125 -0.8040625 0
v 0.93 -0.8040625 0
v 0.93 -0.794375 0
v 0.93 0.794375 0
v 0.93 0.8040625 0
v 0.9203125 0.8040625 0
v 0.93 0.81375 0
v 0.9203125 0.81375 0
v 0.93 0.82 0
v 0.93 0.8265625 0
v 0.9203125 0.8265625 0
v 0.9203125 0.82 0
v 0.93 0.833125 0
v 0.9203125 0.833125 0
v 0.9203125 0.816875 0
v 0.93 0.816875 0
v 0.9203125 0.8428125 0
v 0.949375 -0.8428125 0
v 0.9396875 -0.8428125 0
v 0.949375 -0.833125 0
v 0.9396875 -0.833125 0
v 0.949375 -0.82 0
v 0.949375 -0.816875 0
v 0.9396875 -0.816875 0
v 0.9396875 -0.82 0
v 0.949375 -0.81375 0
v 0.9396875 -0.81375 0
v 0.9396875 -0.8265625 0
v 0.949375 -0.8265625 0
v 0.9396875 -0.8040625 0
v 0.949375 -0.794375 0
v 0.949375 0.794375 0
v 0.9396875 0.8040625 0
v 0.949375 0.81375 0
v 0.9396875 0.81375 0
v 0.949375 0.82 0
v 0.949375 0.8265625 0
v 0.9396875 0.8265625 0
v 0.9396875 0.82 0
v 0.949375 0.833125 0
v 0.9396875 0.833125 0
v 0.9396875 0.816875 0
v 0.949375 0.816875 0
v 0.9396875 0.8428125 0
v 0.949375 0.8428125 0
v 0.9590625 -0.8428125 0
v 0.96875 -0.833125 0
v 0.9590625 -0.833125 0
v 0.96875 -0.82 0
v 0.96875 -0.816875 0
v 0.9590625 -0.816875 0
v 0.9590625 -0.82 0
v 0.96875 -0.81375 0
v 0.9590625 -0.81375 0
v 0.9590625 -0.8265625 0
v 0.96875 -0.8265625 0
v 0.9590625 -0.8040625 0
v 0.96875 -0.8040625 0
v 0.96875 -0.794375 0
v 0.96875 0.794375 0
v 0.96875 0.8040625 0
v 0.9590625 0.8040625 0
v 0.96875 0.81375 0
v 0.9590625 0.81375 0
v 0.96875 0.82 0
v 0.96875 0.8265625 0
v 0.9590625 0.8265625 0
v 0.9590625 0.82 0
v 0.96875 0.833125 0
v 0.9590625 0.833125 0
v 0.9590625 0.816875 0
v 0.96875 0.816875 0
v 0.9590625 0.8428125 0
v 0.988125 -0.8428125 0
v 0.9784375 -0.8428125 0
v 0.988125 -0.833125 0
v 0.9784375 -0.833125 0
v 0.988125 -0.82 0
v 0.988125 -0.816875 0
v 0.9784375 -0.816875 0
v 0.9784375 -0.82 0
v 0.988125 -0.81375 0
v 0.9784375 -0.81375 0
v 0.9784375 -0.8265625 0
v 0.988125 -0.8265625 0
v 0.9784375 -0.8040625 0
v 0.988125 -0.8040625 0
v 0.988125 -0.794375 0
v 0.9784375 -0.794375 0
v 0.9784375 -0.7846875 0
v 0.988125 -0.7846875 0
v 0.988125 -0.775 0
v 0.988125 -0.7653125 0
v 0.9784375 -0.7653125 0
v 0.988125 -0.755625 0
v 0.9784375 -0.755625 0
v 0.9784375 -0.7459375 0
v 0.988125 -0.7459375 0
v 0.988125 -0.73625 0
v 0.988125 -0.7265625 0
v 0.9784375 -0.7265625 0
v 0.988125 -0.716875 0
v 0.9784375 -0.716875 0
v 0.9784375 -0.7071875 0
v 0.988125 -0.7071875 0
v 0.988125 -0.6975 0
v 0.988125 -0.6878125 0
v 0.9784375 -0.6878125 0
v 0.988125 -0.678125 0
v 0.9784375 -0.678125 0
v 0.9784375 -0.6684375 0
v 0.988125 -0.6684375 0
v 0.988125 -0.65875 0
v 0.988125 -0.6490625 0
v 0.9784375 -0.6490625 0
v 0.988125 -0.639375 0
v 0.9784375 -0.639375 0
v 0.9784375 -0.6296875 0
v 0.988125 -0.6296875 0
v 0.988125 -0.62 0
v 0.988125 -0.6103125 0
v 0.9784375 -0.6103125 0
v 0.988125 -0.600625 0
v 0.9784375 -0.600625 0
v 0.9784375 -0.5909375 0
v 0.988125 -0.5909375 0
v 0.988125 -0.58125 0
v 0.988125 -0.5715625 0
v 0.9784375 -0.5715625 0
v 0.988125 -0.561875 0
v 0.9784375 -0.561875 0
v 0.9784375 -0.5521875 0
v 0.988125 -0.5521875 0
v 0.988125 -0.5425 0
v 0.988125 -0.5328125 0
v 0.9784375 -0.5328125 0
v 0.988125 -0.523125 0
v 0.9784375 -0.523125 0
v 0.9784375 -0.5134375 0
v 0.988125 -0.5134375 0
v 0.988125 -0.50375 0
v 0.988125 -0.4940625 0
v 0.9784375 -0.4940625 0
v 0.988125 -0.484375 0
v 0.9784375 -0.484375 0
v 0.9784375 -0.4746875 0
v 0.988125 -0.4746875 0
v 0.988125 -0.465 0
v 0.988125 -0.4553125 0
v 0.9784375 -0.4553125 0
v 0.988125 -0.445625 0
v 0.9784375 -0.445625 0
v 0.9784375 -0.4359375 0
v 0.988125 -0.4359375 0
v 0.988125 -0.42625 0
v 0.988125 -0.4165625 0
v 0.9784375 -0.4165625 0
v 0.988125 -0.406875 0
v 0.9784375 -0.406875 0
v 0.9784375 -0.3971875 0
v 0.988125 -0.3971875 0
v 0.988125 -0.3875 0
v 0.988125 -0.3778125 0
v 0.9784375 -0.3778125 0
v 0.988125 -0.368125 0
v 0.9784375 -0.368125 0
v 0.9784375 -0.3584375 0
v 0.988125 -0.3584375 0
v 0.988125 -0.34875 0
v 0.988125 -0.3390625 0
v 0.9784375 -0.3390625 0
v 0.988125 -0.329375 0
v 0.9784375 -0.329375 0
v 0.9784375 -0.3196875 0
v 0.988125 -0.3196875 0
v 0.988125 -0.31 0
v 0.988125 -0.3003125 0
v 0.9784375 -0.3003125 0
v 0.988125 -0.290625 0
v 0.9784375 -0.290625 0
v 0.9784375 -0.2809375 0
v 0.988125 -0.2809375 0
v 0.988125 -0.27125 0
v 0.988125 -0.2615625 0
v 0.9784375 -0.2615625 0
v 0.988125 -0.251875 0
v 0.9784375 -0.251875 0
v 0.9784375 -0.2421875 0
v 0.988125 -0.2421875 0
v 0.988125 -0.2325 0
v 0.988125 -0.2228125 0
v 0.9784375 -0.2228125 0
v 0.988125 -0.213125 0
v 0.9784375 -0.213125 0
v 0.9784375 -0.2034375 0
v 0.988125 -0.2034375 0
v 0.988125 -0.19375 0
v 0.988125 -0.1840625 0
v 0.9784375 -0.1840625 0
v 0.988125 -0.174375 0
v 0.9784375 -0.174375 0
v 0.9784375 -0.1646875 0
v 0.988125 -0.1646875 0
v 0.988125 -0.155 0
v 0.988125 -0.1453125 0
v 0.9784375 -0.1453125 0
v 0.988125 -0.135625 0
v 0.9784375 -0.135625 0
v 0.9784375 -0.1259375 0
v 0.988125 -0.1259375 0
v 0.988125 -0.11625 0
v 0.988125 -0.1065625 0
v 0.9784375 -0.1065625 0
v 0.988125 -0.096875 0
v 0.9784375 -0.096875 0
v 0.9784375 -0.0871875 0
v 0.988125 -0.0871875 0
v 0.988125 -0.0775 0
v 0.988125 -0.0678125 0
v 0.9784375 -0.0678125 0
v 0.988125 -0.058125 0
v 0.9784375 -0.058125 0
v 0.9784375 -0.0484375 0
v 0.988125 -0.0484375 0
v 0.988125 -0.03875 0
v 0.988125 -0.0290625 0
v 0.9784375 -0.0290625 0
v 0.988125 -0.019375 0
v 0.9784375 -0.019375 0
v 0.9784375 -0.0096875 0
v 0.988125 -0.0096875 0
v 0.988125 0 0
v 0.988125 0.0096875 0
v 0.9784375 0.0096875 0
v 0.988125 0.019375 0
v 0.9784375 0.019375 0
v 0.9784375 0.0290625 0
v 0.988125 0.0290625 0
v 0.988125 0.03875 0
v 0.988125 0.0484375 0
v 0.9784375 0.0484375 0
v 0.988125 0.058125 0
v 0.9784375 0.058125 0
v 0.9784375 0.0678125 0
v 0.988125 0.0678125 0
v 0.988125 0.0775 0
v 0.988125 0.0871875 0
v 0.9784375 0.0871875 0
v 0.988125 0.096875 0
v 0.9784375 0.096875 0
v 0.9784375 0.1065625 0
v 0.988125 0.1065625 0
v 0.988125 0.11625 0
v 0.988125 0.1259375 0
v 0.9784375 0.1259375 0
v 0.988125 0.135625 0
v 0.9784375 0.135625 0
v 0.9784375 0.1453125 0
v 0.988125 0.1453125 0
v 0.988125 0.155 0
v 0.988125 0.1646875 0
v 0.9784375 0.1646875 0
v 0.988125 0.174375 0
v 0.9784375 0.174375 0
v 0.9784375 0.1840625 0
v 0.988125 0.1840625 0
v 0.988125 0.19375 0
v 0.988125 0.2034375 0
v 0.9784375 0.2034375 0
v 0.988125 0.213125 0
v 0.9784375 0.213125 0
v 0.9784375 0.2228125 0
v 0.988125 0.2228125 0
v 0.988125 0.2325 0
v 0.988125 0.2421875 0
v 0.9784375 0.2421875 0
v 0.988125 0.251875 0
v 0.9784375 0.251875 0
v 0.9784375 0.2615625 0
v 0.988125 0.2615625 0
v 0.988125 0.27125 0
v 0.988125 0.2809375 0
v 0.9784375 0.2809375 0
v 0.988125 0.290625 0
v 0.9784375 0.290625 0
v 0.9784375 0.3003125 0
v 0.988125 0.3003125 0
v 0.988125 0.31 0
v 0.988125 0.3196875 0
v 0.9784375 0.3196875 0
v 0.988125 0.329375 0
v 0.9784375 0.329375 0
v 0.9784375 0.3390625 0
v 0.988125 0.3390625 0
v 0.988125 0.34875 0
v 0.988125 0.3584375 0
v 0.9784375 0.3584375 0
v 0.988125 0.368125 0
v 0.9784375 0.368125 0
v 0.9784375 0.3778125 0
v 0.988125 0.3778125 0
v 0.988125 0.3875 0
v 0.988125 0.3971875 0
v 0.9784375 0.3971875 0
v 0.988125 0.406875 0
v 0.9784375 0.406875 0
v 0.9784375 0.4165625 0
v 0.988125 0.4165625 0
v 0.988125 0.42625 0
v 0.988125 0.4359375 0
v 0.9784375 0.4359375 0
v 0.988125 0.445625 0
v 0.9784375 0.445625 0
v 0.9784375 0.4553125 0
v 0.988125 0.4553125 0
v 0.988125 0.465 0
v 0.988125 0.4746875 0
v 0.9784375 0.4746875 0
v 0.988125 0.484375 0
v 0.9784375 0.484375 0
v 0.9784375 0.4940625 0
v 0.988125 0.4940625 0
v 0.988125 0.50375 0
v 0.988125 0.5134375 0
v 0.9784375 0.5134375 0
v 0.988125 0.523125 0
v 0.9784375 0.523125 0
v 0.9784375 0.5328125 0
v 0.988125 0.5328125 0
v 0.988125 0.5425 0
v 0.988125 0.5521875 0
v 0.9784375 0.5521875 0
v 0.988125 0.561875 0
v 0.9784375 0.561875 0
v 0.9784375 0.5715625 0
v 0.988125 0.5715625 0
v 0.988125 0.58125 0
v 0.988125 0.5909375 0
v 0.9784375 0.5909375 0
v 0.988125 0.600625 0
v 0.9784375 0.600625 0
v 0.9784375 0.6103125 0
v 0.988125 0.6103125 0
v 0.988125 0.62 0
v 0.988125 0.6296875 0
v 0.9784375 0.6296875 0
v 0.988125 0.639375 0
v 0.9784375 0.639375 0
v 0.9784375 0.6490625 0
v 0.988125 0.6490625 0
v 0.988125 0.65875 0
v 0.988125 0.6684375 0
v 0.9784375 0.6684375 0
v 0.988125 0.678125 0
v 0.9784375 0.678125 0
v 0.9784375 0.6878125 0
v 0.988125 0.6878125 0
v 0.988125 0.6975 0
v 0.988125 0.7071875 0
v 0.9784375 0.7071875 0
v 0.988125 0.716875 0
v 0.9784375 0.716875 0
v 0.9784375 0.7265625 0
v 0.988125 0.7265625 0
v 0.988125 0.73625 0
v 0.988125 0.7459375 0
v 0.9784375 0.7459375 0
v 0.988125 0.755625 0
v 0.9784375 0.755625 0
v 0.9784375 0.7653125 0
v 0.988125 0.7653125 0
v 0.988125 0.775 0
v 0.988125 0.7846875 0
v 0.9784375 0.7846875 0
v 0.988125 0.794375 0
v 0.9784375 0.794375 0
v 0.9784375 0.8040625 0
v 0.988125 0.8040625 0
v 0.988125 0.81375 0
v 0.9784375 0.81375 0
v 0.988125 0.82 0
v 0.988125 0.8265625 0
v 0.9784375 0.8265625 0
v 0.9784375 0.82 0
v 0.988125 0.833125 0
v 0.9784375 0.833125 0
v 0.9784375 0.816875 0
v 0.988125 0.816875 0
v 0.9784375 0.8428125 0
v 0.988125 0.8428125 0
v 0.9978125 -0.8428125 0
v 1.0075 -0.833125 0
v 0.998210653797 -0.830736077216 0
v 1.0016875 -0.833125 0
v 1.00459375 -0.833125 0
v 1.004171875 -0.826453125 0
v 1.00084375 -0.8265625 0
v 1.0075 -0.82634375 0
v 1.0075 -0.8195625 0
v 1.00375 -0.81978125 0
v 1 -0.82 0
v 1.0075 -0.81665625 0
v 1.00375 -0.816765625 0
v 1.0075 -0.81375 0
v 1.00375 -0.81375 0
v 1 -0.81375 0
v 1 -0.816875 0
v 0.9940625 -0.81375 0
v 0.9940625 -0.816875 0
v 0.9940625 -0.82 0
v 0.994484375 -0.8265625 0
v 0.99490625 -0.833125 0
v 1.00375 -0.8040625 0
v 1 -0.8040625 0
v 1.0075 -0.8040625 0
v 1.0075 -0.794375 0
v 1.00375 -0.794375 0
v 1 -0.794375 0
v 0.9940625 -0.794375 0
v 0.9940625 -0.8040625 0
v 1.00375 -0.7846875 0
v 1 -0.7846875 0
v 1.0075 -0.7846875 0
v 1.0075 -0.775 0
v 1.00375 -0.775 0
v 1 -0.775 0
v 0.9940625 -0.775 0
v 0.9940625 -0.7846875 0
v 1.00375 -0.7653125 0
v 1 -0.7653125 0
v 1.0075 -0.7653125 0
v 1.0075 -0.755625 0
v 1.00375 -0.755625 0
v 1 -0.755625 0
v 0.9940625 -0.755625 0
v 0.9940625 -0.7653125 0
v 1.00375 -0.7459375 0
v 1 -0.7459375 0
v 1.0075 -0.7459375 0
v 1.0075 -0.73625 0
v 1.00375 -0.73625 0
v 1 -0.73625 0
v 0.9940625 -0.73625 0
v 0.9940625 -0.7459375 0
v 1.00375 -0.7265625 0
v 1 -0.7265625 0
v 1.0075 -0.7265625 0
v 1.0075 -0.716875 0
v 1.00375 -0.716875 0
v 1 -0.716875 0
v 0.9940625 -0.716875 0
v 0.9940625 -0.7265625 0
v 1.00375 -0.7071875 0
v 1 -0.7071875 0
v 1.0075 -0.7071875 0
v 1.0075 -0.6975 0
v 1.00375 -0.6975 0
v 1 -0.6975 0
v 0.9940625 -0.6975 0
v 0.9940625 -0.7071875 0
v 1.00375 -0.6878125 0
v 1 -0.6878125 0
v 1.0075 -0.6878125 0
v 1.0075 -0.678125 0
v 1.00375 -0.678125 0
v 1 -0.678125 0
v 0.9940625 -0.678125 0
v 0.9940625 -0.6878125 0
v 1.00375 -0.6684375 0
v 1 -0.6684375 0
v 1.0075 -0.6684375 0
v 1.0075 -0.65875 0
v 1.00375 -0.65875 0
v 1 -0.65875 0
v 0.9940625 -0.65875 0
v 0.9940625 -0.6684375 0
v 1.00375 -0.6490625 0
v 1 -0.6490625 0
v 1.0075 -0.6490625 0
v 1.0075 -0.639375 0
v 1.00375 -0.639375 0
v 1 -0.639375 0
v 0.9940625 -0.639375 0
v 0.9940625 -0.6490625 0
v 1.00375 -0.6296875 0
v 1 -0.6296875 0
v 1.0075 -0.6296875 0
v 1.0075 -0.62 0
v 1.00375 -0.62 0
v 1 -0.62 0
v 0.9940625 -0.62 0
v 0.9940625 -0.6296875 0
v 1.00375 -0.6103125 0
v 1 -0.6103125 0
v 1.0075 -0.6103125 0
v 1.0075 -0.600625 0
v 1.00375 -0.600625 0
v 1 -0.600625 0
v 0.9940625 -0.600625 0
v 0.9940625 -0.6103125 0
v 1.00375 -0.5909375 0
v 1 -0.5909375 0
v 1.0075 -0.5909375 0
v 1.0075 -0.58125 0
v 1.00375 -0.58125 0
v 1 -0.58125 0
v 0.9940625 -0.58125 0
v 0.9940625 -0.5909375 0
v 1.00375 -0.5715625 0
v 1 -0.5715625 0
v 1.0075 -0.5715625 0
v 1.0075 -0.561875 0
v 1.00375 -0.561875 0
v 1 -0.561875 0
v 0.9940625 -0.561875 0
v 0.9940625 -0.5715625 0
v 1.00375 -0.5521875 0
v 1 -0.5521875 0
v 1.0075 -0.5521875 0
v 1.0075 -0.5425 0
v 1.00375 -0.5425 0
v 1 -0.5425 0
v 0.9940625 -0.5425 0
v 0.9940625 -0.5521875 0
v 1.00375 -0.5328125 0
v 1 -0.5328125 0
v 1.0075 -0.5328125 0
v 1.0075 -0.523125 0
v 1.00375 -0.523125 0
v 1 -0.523125 0
v 0.9940625 -0.523125 0
v 0.9940625 -0.5328125 0
v 1.00375 -0.5134375 0
v 1 -0.5134375 0
v 1.0075 -0.5134375 0
v 1.0075 -0.50375 0
v 1.00375 -0.50375 0
v 1 -0.50375 0
v 0.9940625 -0.50375 0
v 0.9940625 -0.5134375 0
v 1.00375 -0.4940625 0
v 1 -0.4940625 0
v 1.0075 -0.4940625 0
v 1.0075 -0.484375 0
v 1.00375 -0.484375 0
v 1 -0.484375 0
v 0.9940625 -0.484375 0
v 0.9940625 -0.4940625 0
v 1.00375 -0.4746875 0
v 1 -0.4746875 0
v 1.0075 -0.4746875 0
v 1.0075 -0.465 0
v 1.00375 -0.465 0
v 1 -0.465 0
v 0.9940625 -0.465 0
v 0.9940625 -0.4746875 0
v 1.00375 -0.4553125 0
v 1 -0.4553125 0
v 1.0075 -0.4553125 0
v 1.0075 -0.445625 0
v 1.00375 -0.445625 0
v 1 -0.445625 0
v 0.9940625 -0.445625 0
v 0.9940625 -0.4553125 0
v 1.00375 -0.4359375 0
v 1 -0.4359375 0
v 1.0075 -0.4359375 0
v 1.0075 -0.42625 0
v 1.00375 -0.42625 0
v 1 -0.42625 0
v 0.9940625 -0.42625 0
v 0.9940625 -0.4359375 0
v 1.00375 -0.4165625 0
v 1 -0.4165625 0
v 1.0075 -0.4165625 0
v 1.0075 -0.406875 0
v 1.00375 -0.406875 0
v 1 -0.406875 0
v 0.9940625 -0.406875 0
v 0.9940625 -0.4165625 0
v 1.00375 -0.3971875 0
v 1 -0.3971875 0
v 1.0075 -0.3971875 0
v 1.0075 -0.3875 0
v 1.00375 -0.3875 0
v 1 -0.3875 0
v 0.9940625 -0.3875 0
v 0.9940625 -0.3971875 0
v 1.00375 -0.3778125 0
v 1 -0.3778125 0
v 1.0075 -0.3778125 0
v 1.0075 -0.368125 0
v 1.00375 -0.368125 0
v 1 -0.368125 0
v 0.9940625 -0.368125 0
v 0.9940625 -0.3778125 0
v 1.00375 -0.3584375 0
v 1 -0.3584375 0
v 1.0075 -0.3584375 0
v 1.0075 -0.34875 0
v 1.00375 -0.34875 0
v 1 -0.34875 0
v 0.9940625 -0.34875 0
v 0.9940625 -0.3584375 0
v 1.00375 -0.3390625 0
v 1 -0.3390625 0
v 1.0075 -0.3390625 0
v 1.0075 -0.329375 0
v 1.00375 -0.329375 0
v 1 -0.329375 0
v 0.9940625 -0.329375 0
v 0.9940625 -0.3390625 0
v 1.00375 -0.3196875 0
v 1 -0.3196875 0
v 1.0075 -0.3196875 0
v 1.0075 -0.31 0
v 1.00375 -0.31 0
v 1 -0.31 0
v 0.9940625 -0.31 0
v 0.9940625 -0.3196875 0
v 1.00375 -0.3003125 0
v 1 -0.3003125 0
v 1.0075 -0.3003125 0
v 1.0075 -0.290625 0
v 1.00375 -0.290625 0
v 1 -0.290625 0
v 0.9940625 -0.290625 0
v 0.9940625 -0.3003125 0
v 1.00375 -0.2809375 0
v 1 -0.2809375 0
v 1.0075 -0.2809375 0
v 1.0075 -0.27125 0
v 1.00375 -0.27125 0
v 1 -0.27125 0
v 0.9940625 -0.27125 0
v 0.9940625 -0.2809375 0
v 1.00375 -0.2615625 0
v 1 -0.2615625 0
v 1.0075 -0.2615625 0
v 1.0075 -0.251875 0
v 1.00375 -0.251875 0
v 1 -0.251875 0
v 0.9940625 -0.251875 0
v 0.9940625 -0.2615625 0
v 1.00375 -0.2421875 0
v 1 -0.2421875 0
v 1.0075 -0.2421875 0
v 1.0075 -0.2325 0
v 1.00375 -0.2325 0
v 1 -0.2325 0
v 0.9940625 -0.2325 0
v 0.9940625 -0.2421875 0
v 1.00375 -0.2228125 0
v 1 -0.2228125 0
v 1.0075 -0.2228125 0
v 1.0075 -0.213125 0
v 1.00375 -0.213125 0
v 1 -0.213125 0
v 0.9940625 -0.213125 0
v 0.9940625 -0.2228125 0
v 1.00375 -0.2034375 0
v 1 -0.2034375 0
v 1.0075 -0.2034375 0
v 1.0075 -0.19375 0
v 1.00375 -0.19375 0
v 1 -0.19375 0
v 0.9940625 -0.19375 0
v 0.9940625 -0.2034375 0
v 1.00375 -0.1840625 0
v 1 -0.1840625 0
v 1.0075 -0.1840625 0
v 1.0075 -0.174375 0
v 1.00375 -0.174375 0
v 1 -0.174375 0
v 0.9940625 -0.174375 0
v 0.9940625 -0.1840625 0
v 1.00375 -0.1646875 0
v 1 -0.1646875 0
v 1.0075 -0.1646875 0
v 1.0075 -0.155 0
v 1.00375 -0.155 0
v 1 -0.155 0
v 0.9940625 -0.155 0
v 0.9940625 -0.1646875 0
v 1.00375 -0.1453125 0
v 1 -0.1453125 0
v 1.0075 -0.1453125 0
v 1.0075 -0.135625 0
v 1.00375 -0.135625 0
v 1 -0.135625 0
v 0.9940625 -0.135625 0
v 0.9940625 -0.1453125 0
v 1.00375 -0.1259375 0
v 1 -0.1259375 0
v 1.0075 -0.1259375 0
v 1.0075 -0.11625 0
v 1.00375 -0.11625 0
v 1 -0.11625 0
v 0.9940625 -0.11625 0
v 0.9940625 -0.1259375 0
v 1.00375 -0.1065625 0
v 1 -0.1065625 0
v 1.0075 -0.1065625 0
v 1.0075 -0.096875 0
v 1.00375 -0.096875 0
v 1 -0.096875 0
v 0.9940625 -0.096875 0
v 0.9940625 -0.1065625 0
v 1.00375 -0.0871875 0
v 1 -0.0871875 0
v 1.0075 -0.0871875 0
v 1.0075 -0.0775 0
v 1.00375 -0.0775 0
v 1 -0.0775 0
v 0.9940625 -0.0775 0
v 0.9940625 -0.0871875 0
v 1.00375 -0.0678125 0
v 1 -0.0678125 0
v 1.0075 -0.0678125 0
v 1.0075 -0.058125 0
v 1.00375 -0.058125 0
v 1 -0.058125 0
v 0.9940625 -0.058125 0
v 0.9940625 -0.0678125 0
v 1.00375 -0.0484375 0
v 1 -0.0484375 0
v 1.0075 -0.0484375 0
v 1.0075 -0.03875 0
v 1.00375 -0.03875 0
v 1 -0.03875 0
v 0.9940625 -0.03875 0
v 0.9940625 -0.0484375 0
v 1.00375 -0.0290625 0
v 1 -0.0290625 0
v 1.0075 -0.0290625 0
v 1.0075 -0.019375 0
v 1.00375 -0.019375 0
v 1 -0.019375 0
v 0.9940625 -0.019375 0
v 0.9940625 -0.0290625 0
v 1.00375 -0.0096875 0
v 1 -0.0096875 0
v 1.0075 -0.0096875 0
v 1.0075 0 0
v 1.00375 0 0
v 1 0 0
v 0.9940625 0 0
v 0.9940625 -0.0096875 0
v 1.00375 0.0096875 0
v 1 0.0096875 0
v 1.0075 0.0096875 0
v 1.0075 0.019375 0
v 1.00375 0.019375 0
v 1 0.019375 0
v 0.9940625 0.019375 0
v 0.9940625 0.0096875 0
v 1.00375 0.0290625 0
v 1 0.0290625 0
v 1.0075 0.0290625 0
v 1.0075 0.03875 0
v 1.00375 0.03875 0
v 1 0.03875 0
v 0.9940625 0.03875 0
v 0.9940625 0.0290625 0
v 1.00375 0.0484375 0
v 1 0.0484375 0
v 1.0075 0.0484375 0
v 1.0075 0.058125 0
v 1.00375 0.058125 0
v 1 0.058125 0
v 0.9940625 0.058125 0
v 0.9940625 0.0484375 0
v 1.00375 0.0678125 0
v 1 0.0678125 0
v 1.0075 0.0678125 0
v 1.0075 0.0775 0
v 1.00375 0.0775 0
v 1 0.0775 0
v 0.9940625 0.0775 0
v 0.9940625 0.0678125 0
v 1.00375 0.0871875 0
v 1 0.0871875 0
v 1.0075 0.0871875 0
v 1.0075 0.096875 0
v 1.00375 0.096875 0
v 1 0.096875 0
v 0.9940625 0.096875 0
v 0.9940625 0.0871875 0
v 1.00375 0.1065625 0
v 1 0.1065625 0
v 1.0075 0.1065625 0
v 1.0075 0.11625 0
v 1.00375 0.11625 0
v 1 0.11625 0
v 0.9940625 0.11625 0
v 0.9940625 0.1065625 0
v 1.00375 0.1259375 0
v 1 0.1259375 0
v 1.0075 0.1259375 0
v 1.0075 0.135625 0
v 1.00375 0.135625 0
v 1 0.135625 0
v 0.9940625 0.135625 0
v 0.9940625 0.1259375 0
v 1.00375 0.1453125 0
v 1 0.1453125 0
v 1.0075 0.1453125 0
v 1.0075 0.155 0
v 1.00375 0.155 0
v 1 0.155 0
v 0.9940625 0.155 0
v 0.9940625 0.1453125 0
v 1.00375 0.1646875 0
v 1 0.1646875 0
v 1.0075 0.1646875 0
v 1.0075 0.174375 0
v 1.00375 0.174375 0
v 1 0.174375 0
v 0.9940625 0.174375 0
v 0.9940625 0.1646875 0
v 1.00375 0.1840625 0
v 1 0.1840625 0
v 1.0075 0.1840625 0
v 1.0075 0.19375 0
v 1.00375 0.19375 0
v 1 0.19375 0
v 0.9940625 0.19375 0
v 0.9940625 0.1840625 0
v 1.00375 0.2034375 0
v 1 0.2034375 0
v 1.0075 0.2034375 0
v 1.0075 0.213125 0
v 1.00375 0.213125 0
v 1 0.213125 0
v 0.9940625 0.213125 0
v 0.9940625 0.2034375 0
v 1.00375 0.2228125 0
v 1 0.2228125 0
v 1.0075 0.2228125 0
v 1.0075 0.2325 0
v 1.00375 0.2325 0
v 1 0.2325 0
v 0.9940625 0.2325 0
v 0.9940625 0.2228125 0
v 1.00375 0.2421875 0
v 1 0.2421875 0
v 1.0075 0.2421875 0
v 1.0075 0.251875 0
v 1.00375 0.251875 0
v 1 0.251875 0
v 0.9940625 0.251875 0
v 0.9940625 0.2421875 0
v 1.00375 0.2615625 0
v 1 0.2615625 0
v 1.0075 0.2615625 0
v 1.0075 0.27125 0
v 1.00375 0.27125 0
v 1 0.27125 0
v 0.9940625 0.27125 0
v 0.9940625 0.2615625 0
v 1.00375 0.2809375 0
v 1 0.2809375 0
v 1.0075 0.2809375 0
v 1.0075 0.290625 0
v 1.00375 0.290625 0
v 1 0.290625 0
v 0.9940625 0.290625 0
v 0.9940625 0.2809375 0
v 1.00375 0.3003125 0
v 1 0.3003125 0
v 1.0075 0.3003125 0
v 1.0075 0.31 0
v 1.00375 0.31 0
v 1 0.31 0
v 0.9940625 0.31 0
v 0.9940625 0.3003125 0
v 1.00375 0.3196875 0
v 1 0.3196875 0
v 1.0075 0.3196875 0
v 1.0075 0.329375 0
v 1.00375 0.329375 0
v 1 0.329375 0
v 0.9940625 0.329375 0
v 0.9940625 0.3196875 0
v 1.00375 0.3390625 0
v 1 0.3390625 0
v 1.0075 0.3390625 0
v 1.0075 0.34875 0
v 1.00375 0.34875 0
v 1 0.34875 0
v 0.9940625 0.34875 0
v 0.9940625 0.3390625 0
v 1.00375 0.3584375 0
v 1 0.3584375 0
v 1.0075 0.3584375 0
v 1.0075 0.368125 0
v 1.00375 0.368125 0
v 1 0.368125 0
v 0.9940625 0.368125 0
v 0.9940625 0.3584375 0
v 1.00375 0.3778125 0
v 1 0.3778125 0
v 1.0075 0.3778125 0
v 1.0075 0.3875 0
v 1.00375 0.3875 0
v 1 0.3875 0
v 0.9940625 0.3875 0
v 0.9940625 0.3778125 0
v 1.00375 0.3971875 0
v 1 0.3971875 0
v 1.0075 0.3971875 0
v 1.0075 0.406875 0
v 1.00375 0.406875 0
v 1 0.406875 0
v 0.9940625 0.406875 0
v 0.9940625 0.3971875 0
v 1.00375 0.4165625 0
v 1 0.4165625 0
v 1.0075 0.4165625 0
v 1.0075 0.42625 0
v 1.00375 0.42625 0
v 1 0.42625 0
v 0.9940625 0.42625 0
v 0.9940625 0.4165625 0
v 1.00375 0.4359375 0
v 1 0.4359375 0
v 1.0075 0.4359375 0
v 1.0075 0.445625 0
v 1.00375 0.445625 0
v 1 0.445625 0
v 0.9940625 0.445625 0
v 0.9940625 0.4359375 0
v 1.00375 0.4553125 0
v 1 0.4553125 0
v 1.0075 0.4553125 0
v 1.0075 0.465 0
v 1.00375 0.465 0
v 1 0.465 0
v 0.9940625 0.465 0
v 0.9940625 0.4553125 0
v 1.00375 0.4746875 0
v 1 0.4746875 0
v 1.0075 0.4746875 0
v 1.0075 0.484375 0
v 1.00375 0.484375 0
v 1 0.484375 0
v 0.9940625 0.484375 0
v 0.9940625 0.4746875 0
v 1.00375 0.4940625 0
v 1 0.4940625 0
v 1.0075 0.4940625 0
v 1.0075 0.50375 0
v 1.00375 0.50375 0
v 1 0.50375 0
v 0.9940625 0.50375 0
v 0.9940625 0.4940625 0
v 1.00375 0.5134375 0
v 1 0.5134375 0
v 1.0075 0.5134375 0
v 1.0075 0.523125 0
v 1.00375 0.523125 0
v 1 0.523125 0
v 0.9940625 0.523125 0
v 0.9940625 0.5134375 0
v 1.00375 0.5328125 0
v 1 0.5328125 0
v 1.0075 0.5328125 0
v 1.0075 0.5425 0
v 1.00375 0.5425 0
v 1 0.5425 0
v 0.9940625 0.5425 0
v 0.9940625 0.5328125 0
v 1.00375 0.5521875 0
v 1 0.5521875 0
v 1.0075 0.5521875 0
v 1.0075 0.561875 0
v 1.00375 0.561875 0
v 1 0.561875 0
v 0.9940625 0.561875 0
v 0.9940625 0.5521875 0
v 1.00375 0.5715625 0
v 1 0.5715625 0
v 1.0075 0.5715625 0
v 1.0075 0.58125 0
v 1.00375 0.58125 0
v 1 0.58125 0
v 0.9940625 0.58125 0
v 0.9940625 0.5715625 0
v 1.00375 0.5909375 0
v 1 0.5909375 0
v 1.0075 0.5909375 0
v 1.0075 0.600625 0
v 1.00375 0.600625 0
v 1 0.600625 0
v 0.9940625 0.600625 0
v 0.9940625 0.5909375 0
v 1.00375 0.6103125 0
v 1 0.6103125 0
v 1.0075 0.6103125 0
v 1.0075 0.62 0
v 1.00375 0.62 0
v 1 0.62 0
v 0.9940625 0.62 0
v 0.9940625 0.6103125 0
v 1.00375 0.6296875 0
v 1 0.6296875 0
v 1.0075 0.6296875 0
v 1.0075 0.639375 0
v 1.00375 0.639375 0
v 1 0.639375 0
v 0.9940625 0.639375 0
v 0.9940625 0.6296875 0
v 1.00375 0.6490625 0
v 1 0.6490625 0
v 1.0075 0.6490625 0
v 1.0075 0.65875 0
v 1.00375 0.65875 0
v 1 0.65875 0
v 0.9940625 0.65875 0
v 0.9940625 0.6490625 0
v 1.00375 0.6684375 0
v 1 0.6684375 0
v 1.0075 0.6684375 0
v 1.0075 0.678125 0
v 1.00375 0.678125 0
v 1 0.678125 0
v 0.9940625 0.678125 0
v 0.9940625 0.6684375 0
v 1.00375 0.6878125 0
v 1 0.6878125 0
v 1.0075 0.6878125 0
v 1.0075 0.6975 0
v 1.00375 0.6975 0
v 1 0.6975 0
v 0.9940625 0.6975 0
v 0.9940625 0.6878125 0
v 1.00375 0.7071875 0
v 1 0.7071875 0
v 1.0075 0.7071875 0
v 1.0075 0.716875 0
v 1.00375 0.716875 0
v 1 0.716875 0
v 0.9940625 0.716875 0
v 0.9940625 0.7071875 0
v 1.00375 0.7265625 0
v 1 0.7265625 0
v 1.0075 0.7265625 0
v 1.0075 0.73625 0
v 1.00375 0.73625 0
v 1 0.73625 0
v 0.9940625 0.73625 0
v 0.9940625 0.7265625 0
v 1.00375 0.7459375 0
v 1 0.7459375 0
v 1.0075 0.7459375 0
v 1.0075 0.755625 0
v 1.00375 0.755625 0
v 1 0.755625 0
v 0.9940625 0.755625 0
v 0.9940625 0.7459375 0
v 1.00375 0.7653125 0
v 1 0.7653125 0
v 1.0075 0.7653125 0
v 1.0075 0.775 0
v 1.00375 0.775 0
v 1 0.775 0
v 0.9940625 0.775 0
v 0.9940625 0.7653125 0
v 1.00375 0.7846875 0
v 1 0.7846875 0
v 1.0075 0.7846875 0
v 1.0075 0.794375 0
v 1.00375 0.794375 0
v 1 0.794375 0
v 0.9940625 0.794375 0
v 0.9940625 0.7846875 0
v 1.00375 0.8040625 0
v 1 0.8040625 0
v 1.0075 0.8040625 0
v 1.0075 0.81375 0
v 1.00375 0.81375 0
v 1 0.81375 0
v 0.9940625 0.81375 0
v 0.9940625 0.8040625 0
v 1.00375 0.816765625 0
v 1 0.816875 0
v 1.0075 0.81665625 0
v 1.0075 0.8195625 0
v 1.00375 0.81978125 0
v 1 0.82 0
v 1.0075 0.82634375 0
v 1.0034453125 0.826453125 0
v 1.0075 0.833125 0
v 1.003140625 0.833125 0
v 0.99878125 0.833125 0
v 0.999390625 0.8265625 0
v 0.993453125 0.833125 0
v 0.9937578125 0.8265625 0
v 0.9940625 0.82 0
v 0.9940625 0.816875 0
v 0.998210653797 0.830736077216 0
v 0.9978125 0.8428125 0
v 1.026875 -0.833125 0
v 1.0171875 -0.8234375 0
v 1.00529835863 -0.822428414373 0
v 1.026875 -0.81375 0
v 1.0171875 -0.81375 0
v 1.0171875 -0.8040625 0
v 1.026875 -0.794375 0
v 1.0171875 -0.7846875 0
v 1.026875 -0.775 0
v 1.0171875 -0.775 0
v 1.0171875 -0.7653125 0
v 1.026875 -0.755625 0
v 1.0171875 -0.7459375 0
v 1.026875 -0.73625 0
v 1.0171875 -0.73625 0
v 1.0171875 -0.7265625 0
v 1.026875 -0.716875 0
v 1.0171875 -0.7071875 0
v 1.026875 -0.6975 0
v 1.0171875 -0.6975 0
v 1.0171875 -0.6878125 0
v 1.026875 -0.678125 0
v 1.0171875 -0.6684375 0
v 1.026875 -0.65875 0
v 1.0171875 -0.65875 0
v 1.0171875 -0.6490625 0
v 1.026875 -0.639375 0
v 1.0171875 -0.6296875 0
v 1.026875 -0.62 0
v 1.0171875 -0.62 0
v 1.0171875 -0.6103125 0
v 1.026875 -0.600625 0
v 1.0171875 -0.5909375 0
v 1.026875 -0.58125 0
v 1.0171875 -0.58125 0
v 1.0171875 -0.5715625 0
v 1.026875 -0.561875 0
v 1.0171875 -0.5521875 0
v 1.026875 -0.5425 0
v 1.0171875 -0.5425 0
v 1.0171875 -0.5328125 0
v 1.026875 -0.523125 0
v 1.0171875 -0.5134375 0
v 1.026875 -0.50375 0
v 1.0171875 -0.50375 0
v 1.0171875 -0.4940625 0
v 1.026875 -0.484375 0
v 1.0171875 -0.4746875 0
v 1.026875 -0.465 0
v 1.0171875 -0.465 0
v 1.0171875 -0.4553125 0
v 1.026875 -0.445625 0
v 1.0171875 -0.4359375 0
v 1.026875 -0.42625 0
v 1.0171875 -0.42625 0
v 1.0171875 -0.4165625 0
v 1.026875 -0.406875 0
v 1.0171875 -0.3971875 0
v 1.026875 -0.3875 0
v 1.0171875 -0.3875 0
v 1.0171875 -0.3778125 0
v 1.026875 -0.368125 0
v 1.0171875 -0.3584375 0
v 1.026875 -0.34875 0
v 1.0171875 -0.34875 0
v 1.0171875 -0.3390625 0
v 1.026875 -0.329375 0
v 1.0171875 -0.3196875 0
v 1.026875 -0.31 0
v 1.0171875 -0.31 0
v 1.0171875 -0.3003125 0
v 1.026875 -0.290625 0
v 1.0171875 -0.2809375 0
v 1.026875 -0.27125 0
v 1.0171875 -0.27125 0
v 1.0171875 -0.2615625 0
v 1.026875 -0.251875 0
v 1.0171875 -0.2421875 0
v 1.026875 -0.2325 0
v 1.0171875 -0.2325 0
v 1.0171875 -0.2228125 0
v 1.026875 -0.213125 0
v 1.0171875 -0.2034375 0
v 1.026875 -0.19375 0
v 1.0171875 -0.19375 0
v 1.0171875 -0.1840625 0
v 1.026875 -0.174375 0
v 1.0171875 -0.1646875 0
v 1.026875 -0.155 0
v 1.0171875 -0.155 0
v 1.0171875 -0.1453125 0
v 1.026875 -0.135625 0
v 1.0171875 -0.1259375 0
v 1.026875 -0.11625 0
v 1.0171875 -0.11625 0
v 1.0171875 -0.1065625 0
v 1.026875 -0.096875 0
v 1.0171875 -0.0871875 0
v 1.026875 -0.0775 0
v 1.0171875 -0.0775 0
v 1.0171875 -0.0678125 0
v 1.026875 -0.058125 0
v 1.0171875 -0.0484375 0
v 1.026875 -0.03875 0
v 1.0171875 -0.03875 0
v 1.0171875 -0.0290625 0
v 1.026875 -0.019375 0
v 1.0171875 -0.0096875 0
v 1.026875 0 0
v 1.0171875 0 0
v 1.0171875 0.0096875 0
v 1.026875 0.019375 0
v 1.0171875 0.0290625 0
v 1.026875 0.03875 0
v 1.0171875 0.03875 0
v 1.0171875 0.0484375 0
v 1.026875 0.058125 0
v 1.0171875 0.0678125 0
v 1.026875 0.0775 0
v 1.0171875 0.0775 0
v 1.0171875 0.0871875 0
v 1.026875 0.096875 0
v 1.0171875 0.1065625 0
v 1.026875 0.11625 0
v 1.0171875 0.11625 0
v 1.0171875 0.1259375 0
v 1.026875 0.135625 0
v 1.0171875 0.1453125 0
v 1.026875 0.155 0
v 1.0171875 0.155 0
v 1.0171875 0.1646875 0
v 1.026875 0.174375 0
v 1.0171875 0.1840625 0
v 1.026875 0.19375 0
v 1.0171875 0.19375 0
v 1.0171875 0.2034375 0
v 1.026875 0.213125 0
v 1.0171875 0.2228125 0
v 1.026875 0.2325 0
v 1.0171875 0.2325 0
v 1.0171875 0.2421875 0
v 1.026875 0.251875 0
v 1.0171875 0.2615625 0
v 1.026875 0.27125 0
v 1.0171875 0.27125 0
v 1.0171875 0.2809375 0
v 1.026875 0.290625 0
v 1.0171875 0.3003125 0
v 1.026875 0.31 0
v 1.0171875 0.31 0
v 1.0171875 0.3196875 0
v 1.026875 0.329375 0
v 1.0171875 0.3390625 0
v 1.026875 0.34875 0
v 1.0171875 0.34875 0
v 1.0171875 0.3584375 0
v 1.026875 0.368125 0
v 1.0171875 0.3778125 0
v 1.026875 0.3875 0
v 1.0171875 0.3875 0
v 1.0171875 0.3971875 0
v 1.026875 0.406875 0
v 1.0171875 0.4165625 0
v 1.026875 0.42625 0
v 1.0171875 0.42625 0
v 1.0171875 0.4359375 0
v 1.026875 0.445625 0
v 1.0171875 0.4553125 0
v 1.026875 0.465 0
v 1.0171875 0.465 0
v 1.0171875 0.4746875 0
v 1.026875 0.484375 0
v 1.0171875 0.4940625 0
v 1.026875 0.50375 0
v 1.0171875 0.50375 0
v 1.0171875 0.5134375 0
v 1.026875 0.523125 0
v 1.0171875 0.5328125 0
v 1.026875 0.5425 0
v 1.0171875 0.5425 0
v 1.0171875 0.5521875 0
v 1.026875 0.561875 0
v 1.0171875 0.5715625 0
v 1.026875 0.58125 0
v 1.0171875 0.58125 0
v 1.0171875 0.5909375 0
v 1.026875 0.600625 0
v 1.0171875 0.6103125 0
v 1.026875 0.62 0
v 1.0171875 0.62 0
v 1.0171875 0.6296875 0
v 1.026875 0.639375 0
v 1.0171875 0.6490625 0
v 1.026875 0.65875 0
v 1.0171875 0.65875 0
v 1.0171875 0.6684375 0
v 1.026875 0.678125 0
v 1.0171875 0.6878125 0
v 1.026875 0.6975 0
v 1.0171875 0.6975 0
v 1.0171875 0.7071875 0
v 1.026875 0.716875 0
v 1.0171875 0.7265625 0
v 1.026875 0.73625 0
v 1.0171875 0.73625 0
v 1.0171875 0.7459375 0
v 1.026875 0.755625 0
v 1.0171875 0.7653125 0
v 1.026875 0.775 0
v 1.0171875 0.775 0
v 1.0171875 0.7846875 0
v 1.026875 0.794375 0
v 1.0171875 0.8040625 0
v 1.026875 0.81375 0
v 1.0171875 0.81375 0
v 1.0171875 0.8234375 0
v 1.00529835863 0.822428414373 0
v 1.026875 0.833125 0
g exterior
f 1 2 3 4
f 4 3 5 6
f 1 4 6 7
f 8 9 10 11
f 9 12 13 10
f 10 13 14 11
f 2 15 16 3
f 15 17 18 16
f 16 18 5 3
f 12 19 20 13
f 19 21 22 20
f 13 20 22 14
f 15 23 24 25
f 25 24 26 27
f 15 25 27 17
f 21 28 29 22
f 28 30 31 29
f 29 31 32 22
f 23 33 34 24
f 33 35 36 34
f 34 36 26 24
g interior
f 37 38 39 40
f 38 41 42 39
f 39 42 43 44
f 40 39 44 45
f 45 44 46 47
f 44 43 48 46
f 46 48 49 50
f 47 46 50 51
f 51 50 52 53
f 50 49 54 52
f 52 54 55 56
f 53 52 56 57
f 57 56 58 59
f 56 55 60 58
f 58 60 61 62
f 59 58 62 63
f 63 62 64 65
f 62 61 66 64
f 64 66 67 68
f 65 64 68 69
f 69 68 70 71
f 68 67 72 70
f 70 72 73 74
f 71 70 74 75
f 75 74 76 77
f 74 73 78 76
f 76 78 79 80
f 77 76 80 81
f 81 80 82 83
f 80 79 84 82
f 82 84 85 86
f 83 82 86 87
g exterior
f 30 88 89 31
f 88 90 91 89
f 31 89 91 32
f 33 92 93 94
f 94 93 95 96
f 33 94 96 35
g interior
f 41 97 98 42
f 97 99 100 98
f 98 100 101 102
f 42 98 102 43
f 79 103 104 84
f 103 105 106 104
f 104 106 107 108
f 84 104 108 85
g exterior
f 90 109 110 91
f 109 111 112 110
f 110 112 113 91
f 92 114 115 93
f 114 116 117 115
f 115 117 95 93
g interior
f 105 118 119 106
f 118 120 121 119
f 119 121 122 123
f 106 119 123 107
g exterior
f 111 124 125 112
f 124 126 127 125
f 112 125 127 113
f 114 128 129 130
f 130 129 131 132
f 114 130 132 116
f 126 133 134 127
f 133 135 136 134
f 134 136 137 127
f 128 138 139 129
f 138 140 141 139
f 139 141 131 129
f 142 143 144 145
f 143 146 147 144
f 144 147 148 149
f 145 144 149 150
f 135 151 152 136
f 151 153 154 152
f 136 152 154 137
f 138 155 156 157
f 157 156 158 159
f 138 157 159 140
f 153 160 161 154
f 160 162 163 161
f 161 163 164 154
f 155 165 166 156
f 165 167 168 166
f 166 168 158 156
f 162 169 170 163
f 169 171 172 170
f 163 170 172 164
f 165 173 174 175
f 175 174 176 177
f 165 175 177 167
g interior
f 178 179 180 181
f 179 182 183 180
f 180 183 184 185
f 181 180 185 186
g exterior
f 171 187 188 172
f 187 189 190 188
f 188 190 191 172
f 173 192 193 174
f 192 194 195 193
f 193 195 176 174
g interior
f 182 196 197 183
f 196 198 199 197
f 197 199 200 201
f 183 197 201 184
f 202 203 204 205
f 203 206 207 204
f 204 207 208 209
f 205 204 209 210
g exterior
f 189 211 212 190
f 211 213 214 212
f 190 212 214 191
f 192 215 216 217
f 217 216 218 219
f 192 217 219 194
g interior
f 198 220 221 199
f 220 222 223 221
f 221 223 224 225
f 199 221 225 200
f 200 225 226 227
f 225 224 228 226
f 226 228 229 230
f 227 226 230 231
f 231 230 232 233
f 230 229 234 232
f 232 234 235 236
f 233 232 236 237
f 237 236 238 239
f 236 235 240 238
f 238 240 241 242
f 239 238 242 243
f 243 242 244 245
f 242 241 246 244
f 244 246 247 248
f 245 244 248 249
f 249 248 250 251
f 248 247 252 250
f 250 252 253 254
f 251 250 254 255
f 255 254 256 257
f 254 253 258 256
f 256 258 259 260
f 257 256 260 206
f 206 260 261 207
f 260 259 262 261
f 261 262 263 264
f 207 261 264 208
g exterior
f 213 265 266 214
f 265 267 268 266
f 266 268 269 214
f 215 270 271 216
f 270 272 273 271
f 271 273 218 216
f 267 274 275 268
f 274 276 277 275
f 268 275 277 269
f 270 278 279 280
f 280 279 281 282
f 270 280 282 272
f 276 283 284 277
f 283 285 286 284
f 284 286 287 277
f 278 288 289 279
f 288 290 291 289
f 289 291 281 279
f 285 292 293 286
f 292 294 295 293
f 286 293 295 287
f 7 6 296 297
f 297 296 298 299
f 299 298 300 301
f 301 300 302 303
f 303 302 304 305
f 305 304 306 307
f 307 306 308 309
f 309 308 310 311
f 311 310 312 313
f 313 312 314 315
f 315 314 316 317
f 317 316 318 319
f 319 318 320 321
f 321 320 322 323
f 323 322 324 325
f 325 324 326 327
f 327 326 328 329
f 329 328 330 331
f 331 330 332 333
f 333 332 334 335
f 335 334 336 337
f 337 336 338 339
f 339 338 340 341
f 341 340 342 343
f 343 342 344 345
f 345 344 346 347
f 347 346 348 349
f 349 348 9 8
f 6 5 350 296
f 296 350 351 352
f 352 351 353 354
f 296 352 354 298
f 298 354 355 300
f 354 353 356 355
f 355 356 357 300
f 300 357 358 359
f 359 358 360 361
f 300 359 361 302
f 302 361 362 304
f 361 360 363 362
f 362 363 364 304
f 304 364 365 366
f 366 365 367 368
f 304 366 368 306
f 306 368 369 308
f 368 367 370 369
f 369 370 371 308
f 308 371 372 373
f 373 372 374 375
f 308 373 375 310
f 310 375 376 312
f 375 374 377 376
f 376 377 378 312
f 312 378 379 380
f 380 379 381 382
f 312 380 382 314
f 314 382 383 316
f 382 381 384 383
f 383 384 385 316
f 316 385 386 387
f 387 386 388 389
f 316 387 389 318
f 318 389 390 320
f 389 388 391 390
f 390 391 392 320
f 320 392 393 394
f 394 393 395 396
f 320 394 396 322
f 322 396 397 324
f 396 395 398 397
f 397 398 399 324
f 324 399 400 401
f 401 400 402 403
f 324 401 403 326
f 326 403 404 328
f 403 402 405 404
f 404 405 406 328
f 328 406 407 408
f 408 407 409 410
f 328 408 410 330
f 330 410 411 332
f 410 409 412 411
f 411 412 413 332
f 332 413 414 415
f 415 414 416 417
f 332 415 417 334
f 334 417 418 336
f 417 416 419 418
f 418 419 420 336
f 336 420 421 422
f 422 421 423 424
f 336 422 424 338
f 338 424 425 340
f 424 423 426 425
f 425 426 427 340
f 340 427 428 429
f 429 428 430 431
f 340 429 431 342
f 342 431 432 344
f 431 430 433 432
f 432 433 434 344
f 344 434 435 436
f 436 435 437 438
f 344 436 438 346
f 346 438 439 348
f 438 437 440 439
f 439 440 441 348
f 348 441 12 9
f 5 18 442 350
f 350 442 443 351
f 442 444 445 443
f 443 445 353 351
f 437 446 447 440
f 446 448 449 447
f 440 447 449 441
f 441 449 19 12
f 18 17 450 442
f 442 450 451 452
f 452 451 453 454
f 442 452 454 444
f 448 455 456 449
f 455 457 458 456
f 456 458 459 449
f 449 459 21 19
f 17 27 460 450
f 450 460 461 451
f 460 462 463 461
f 461 463 453 451
g interior
f 464 465 466 467
f 465 468 469 466
f 466 469 470 471
f 467 466 471 472
f 472 471 473 474
f 471 470 475 473
f 474 473 475 476
f 476 475 477 478
f 475 479 480 477
f 477 480 481 478
f 481 480 482 483
f 480 479 484 482
f 483 482 484 485
f 485 484 486 487
f 484 488 489 486
f 486 489 490 487
f 490 489 491 492
f 489 488 493 491
f 492 491 493 494
f 494 493 495 496
f 493 497 498 495
f 495 498 499 496
f 499 498 500 501
f 498 497 502 500
f 501 500 502 503
f 503 502 504 505
f 502 506 507 504
f 504 507 508 505
f 508 507 509 510
f 507 506 511 509
f 510 509 511 512
f 512 511 513 514
f 511 515 516 513
f 513 516 517 514
f 517 516 518 519
f 516 515 520 518
f 519 518 520 521
f 521 520 522 523
f 520 524 525 522
f 522 525 526 523
f 526 525 527 528
f 525 524 529 527
f 528 527 529 530
f 530 529 531 532
f 529 533 534 531
f 531 534 535 532
f 535 534 536 537
f 534 533 538 536
f 537 536 538 539
f 539 538 540 541
f 538 542 543 540
f 540 543 544 541
f 544 543 545 546
f 543 542 547 545
f 545 547 548 549
f 546 545 549 550
g exterior
f 457 551 552 458
f 551 553 554 552
f 458 552 554 459
f 459 554 28 21
f 27 26 555 460
f 460 555 556 557
f 557 556 558 559
f 460 557 559 462
g interior
f 468 560 561 469
f 560 562 37 561
f 469 561 37 470
f 470 37 40 475
f 475 40 45 479
f 479 45 47 484
f 484 47 51 488
f 488 51 53 493
f 493 53 57 497
f 497 57 59 502
f 502 59 63 506
f 506 63 65 511
f 511 65 69 515
f 515 69 71 520
f 520 71 75 524
f 524 75 77 529
f 529 77 81 533
f 533 81 83 538
f 538 83 87 542
f 542 87 563 547
f 87 564 565 563
f 563 565 548 547
g exterior
f 553 566 567 554
f 566 568 569 567
f 567 569 570 554
f 554 570 30 28
f 26 36 571 555
f 555 571 572 556
f 571 573 574 572
f 572 574 558 556
g interior
f 562 575 576 37
f 575 577 578 576
f 576 578 38 37
f 87 86 579 580
f 580 579 581 582
f 87 580 582 564
g exterior
f 568 583 584 569
f 583 585 586 584
f 569 584 586 570
f 570 586 88 30
f 36 35 587 571
f 571 587 588 589
f 589 588 590 591
f 571 589 591 573
g interior
f 577 592 593 578
f 592 594 41 593
f 578 593 41 38
f 86 85 595 579
f 85 596 597 595
f 595 597 581 579
g exterior
f 585 598 599 586
f 598 600 601 599
f 599 601 602 586
f 586 602 90 88
f 35 96 603 587
f 587 603 604 588
f 603 605 606 604
f 604 606 590 588
g interior
f 594 607 608 41
f 607 609 610 608
f 608 610 97 41
f 43 102 611 48
f 48 611 612 49
f 49 612 613 54
f 54 613 614 55
f 55 614 615 60
f 60 615 616 61
f 61 616 617 66
f 66 617 618 67
f 67 618 619 72
f 72 619 620 73
f 73 620 621 78
f 78 621 103 79
f 85 108 622 623
f 623 622 624 625
f 85 623 625 596
g exterior
f 600 626 627 601
f 626 628 629 627
f 601 627 629 602
f 602 629 109 90
f 96 95 630 603
f 603 630 631 632
f 632 631 633 634
f 603 632 634 605
g interior
f 609 635 636 610
f 635 637 99 636
f 610 636 99 97
f 102 101 638 611
f 611 638 639 640
f 640 639 641 642
f 611 640 642 612
f 612 642 643 613
f 642 641 644 643
f 643 644 645 613
f 613 645 646 647
f 647 646 648 649
f 613 647 649 614
f 614 649 650 615
f 649 648 651 650
f 650 651 652 615
f 615 652 653 654
f 654 653 655 656
f 615 654 656 616
f 616 656 657 617
f 656 655 658 657
f 657 658 659 617
f 617 659 660 661
f 661 660 662 663
f 617 661 663 618
f 618 663 664 619
f 663 662 665 664
f 664 665 666 619
f 619 666 667 668
f 668 667 669 670
f 619 668 670 620
f 620 670 671 621
f 670 669 672 671
f 671 672 673 621
f 621 673 105 103
f 108 107 674 622
f 107 675 676 674
f 674 676 624 622
g exterior
f 628 677 678 629
f 677 679 680 678
f 678 680 681 629
f 629 681 111 109
f 95 117 682 630
f 630 682 683 631
f 682 684 685 683
f 683 685 633 631
g interior
f 637 686 687 99
f 686 688 689 687
f 687 689 690 99
f 99 690 691 100
f 100 691 692 101
f 101 692 693 694
f 694 693 695 696
f 101 694 696 638
f 673 697 698 105
f 697 699 700 698
f 698 700 118 105
f 107 123 701 702
f 702 701 703 704
f 107 702 704 675
g exterior
f 679 705 706 680
f 705 707 708 706
f 680 706 708 681
f 681 708 124 111
f 117 116 709 682
f 682 709 710 711
f 711 710 712 713
f 682 711 713 684
g interior
f 688 714 715 689
f 714 716 717 715
f 689 715 717 690
f 690 717 718 691
f 691 718 719 720
f 720 719 721 722
f 691 720 722 692
f 692 722 723 693
f 722 721 724 723
f 723 724 725 726
f 693 723 726 695
f 699 727 728 700
f 727 729 120 728
f 700 728 120 118
f 123 122 730 701
f 122 731 732 730
f 730 732 703 701
g exterior
f 707 733 734 708
f 733 735 736 734
f 734 736 737 708
f 708 737 126 124
f 116 132 738 709
f 709 738 739 710
f 738 740 741 739
f 739 741 712 710
g interior
f 716 742 743 717
f 742 744 745 743
f 743 745 746 717
f 717 746 747 718
f 718 747 748 719
f 747 749 750 748
f 748 750 721 719
f 729 751 752 120
f 751 753 754 752
f 752 754 755 120
f 120 755 756 121
f 121 756 757 122
f 122 757 758 759
f 759 758 760 761
f 122 759 761 731
g exterior
f 735 762 763 736
f 762 764 765 763
f 736 763 765 737
f 737 765 133 126
f 132 131 766 738
f 738 766 767 768
f 768 767 769 770
f 738 768 770 740
g interior
f 744 771 772 745
f 771 773 774 772
f 745 772 774 746
f 746 774 775 747
f 747 775 776 777
f 777 776 778 779
f 747 777 779 749
g exterior
f 780 781 782 783
f 781 784 142 782
f 783 782 142 785
f 785 142 786 787
f 142 145 788 786
f 786 788 789 787
f 789 788 790 791
f 788 145 150 790
f 791 790 150 792
f 792 150 793 794
f 150 795 796 793
f 793 796 797 794
f 797 796 798 799
f 796 795 800 798
f 798 800 801 802
f 799 798 802 803
g interior
f 755 804 805 756
f 804 806 807 805
f 805 807 808 756
f 756 808 809 757
f 757 809 810 758
f 809 811 812 810
f 810 812 760 758
g exterior
f 764 813 814 765
f 813 815 816 814
f 814 816 817 765
f 765 817 135 133
f 131 141 818 766
f 766 818 819 767
f 818 820 821 819
f 819 821 769 767
g interior
f 773 822 823 774
f 822 824 825 823
f 823 825 826 774
f 774 826 827 828
f 828 827 829 830
f 774 828 830 775
g exterior
f 784 831 832 142
f 831 833 834 832
f 832 834 143 142
f 150 149 835 795
f 795 835 836 800
f 835 837 838 836
f 836 838 801 800
f 801 838 839 840
f 838 837 841 839
f 839 841 842 843
f 840 839 843 844
g interior
f 806 845 846 807
f 845 847 848 846
f 846 848 849 850
f 807 846 850 808
f 808 850 851 809
f 850 849 852 851
f 851 852 853 809
f 809 853 854 855
f 855 854 856 857
f 809 855 857 811
g exterior
f 815 858 859 816
f 858 860 861 859
f 816 859 861 817
f 817 861 151 135
f 141 140 862 818
f 818 862 863 864
f 864 863 865 866
f 818 864 866 820
g interior
f 824 867 868 825
f 867 869 870 868
f 825 868 870 826
f 826 870 871 827
f 870 872 873 871
f 871 873 829 827
g exterior
f 874 875 876 877
f 875 878 879 876
f 876 879 880 881
f 877 876 881 833
f 833 881 882 834
f 881 880 146 882
f 834 882 146 143
f 149 148 883 835
f 835 883 884 837
f 837 884 885 841
f 884 886 887 885
f 885 887 842 841
g interior
f 849 888 889 852
f 888 890 891 889
f 852 889 891 853
f 853 891 892 854
f 891 893 894 892
f 892 894 856 854
g exterior
f 860 895 896 861
f 895 897 898 896
f 896 898 899 861
f 861 899 153 151
f 140 159 900 862
f 862 900 901 863
f 900 902 903 901
f 901 903 865 863
g interior
f 869 904 905 870
f 904 906 907 905
f 905 907 908 870
f 870 908 909 910
f 910 909 911 912
f 870 910 912 872
g exterior
f 880 913 914 146
f 913 915 916 914
f 914 916 917 146
f 146 917 918 147
f 147 918 919 148
f 148 919 920 883
f 883 920 921 884
f 884 921 922 923
f 923 922 924 925
f 884 923 925 886
g interior
f 890 926 927 891
f 926 928 929 927
f 927 929 930 891
f 891 930 931 932
f 932 931 933 934
f 891 932 934 893
g exterior
f 897 935 936 898
f 935 937 938 936
f 898 936 938 899
f 899 938 160 153
f 159 158 939 900
f 900 939 940 941
f 941 940 942 943
f 900 941 943 902
g interior
f 906 944 945 907
f 944 946 947 945
f 907 945 947 908
f 908 947 948 909
f 947 949 950 948
f 948 950 911 909
f 911 950 951 952
f 950 949 953 951
f 951 953 954 955
f 952 951 955 956
g exterior
f 915 957 958 916
f 957 959 960 958
f 958 960 961 962
f 916 958 962 917
f 917 962 963 918
f 962 961 964 963
f 963 964 965 918
f 918 965 966 919
f 919 966 967 920
f 920 967 968 969
f 969 968 970 971
f 920 969 971 921
f 921 971 972 922
f 971 970 973 972
f 972 973 974 975
f 922 972 975 924
g interior
f 928 976 977 929
f 976 978 979 977
f 929 977 979 930
f 930 979 980 931
f 979 981 982 980
f 980 982 933 931
g exterior
f 937 983 984 938
f 983 985 986 984
f 984 986 987 938
f 938 987 162 160
f 158 168 988 939
f 939 988 989 940
f 988 990 991 989
f 989 991 942 940
g interior
f 946 992 993 947
f 992 994 995 993
f 993 995 996 947
f 947 996 997 949
f 949 997 998 953
f 997 999 1000 998
f 998 1000 954 953
g exterior
f 961 1001 1002 964
f 1001 1003 1004 1002
f 1002 1004 1005 1006
f 964 1002 1006 965
f 965 1006 1007 966
f 1006 1005 1008 1007
f 1007 1008 1009 966
f 966 1009 1010 967
f 967 1010 1011 968
f 1010 1012 1013 1011
f 1011 1013 970 968
g interior
f 978 1014 1015 979
f 1014 1016 1017 1015
f 1015 1017 1018 979
f 979 1018 1019 1020
f 1020 1019 1021 1022
f 979 1020 1022 981
g exterior
f 985 1023 1024 986
f 1023 1025 1026 1024
f 986 1024 1026 987
f 987 1026 169 162
f 168 167 1027 988
f 988 1027 1028 1029
f 1029 1028 1030 1031
f 988 1029 1031 990
g interior
f 994 1032 1033 995
f 1032 1034 178 1033
f 995 1033 178 996
f 996 178 181 997
f 997 181 186 999
f 999 186 1035 1036
f 186 1037 1038 1035
f 1035 1038 1039 1036
g exterior
f 1005 1040 1041 1008
f 1040 1042 1043 1041
f 1041 1043 1044 1045
f 1008 1041 1045 1009
f 1009 1045 1046 1010
f 1045 1044 1047 1046
f 1046 1047 1048 1010
f 1010 1048 1049 1050
f 1050 1049 1051 1052
f 1010 1050 1052 1012
g interior
f 1053 1054 1055 1056
f 1054 1057 1058 1055
f 1055 1058 1059 1060
f 1056 1055 1060 1016
f 1016 1060 1061 1017
f 1060 1059 1062 1061
f 1017 1061 1062 1018
f 1018 1062 1063 1019
f 1062 1064 1065 1063
f 1063 1065 1021 1019
g exterior
f 1025 1066 1067 1026
f 1066 1068 1069 1067
f 1067 1069 1070 1026
f 1026 1070 171 169
f 167 177 1071 1027
f 1027 1071 1072 1028
f 1071 1073 1074 1072
f 1072 1074 1030 1028
g interior
f 1034 1075 1076 178
f 1075 1077 1078 1076
f 1076 1078 179 178
f 186 185 1079 1080
f 1080 1079 1081 1082
f 186 1080 1082 1037
f 1083 1084 1085 1086
f 1084 1087 1088 1085
f 1085 1088 1089 1090
f 1086 1085 1090 1057
f 1057 1090 1091 1058
f 1090 1089 1092 1091
f 1058 1091 1092 1059
f 1059 1092 1093 1062
f 1062 1093 1094 1095
f 1095 1094 1096 1097
f 1062 1095 1097 1064
g exterior
f 1068 1098 1099 1069
f 1098 1100 1101 1099
f 1069 1099 1101 1070
f 1070 1101 187 171
f 177 176 1102 1071
f 1071 1102 1103 1104
f 1104 1103 1105 1106
f 1071 1104 1106 1073
g interior
f 1077 1107 1108 1078
f 1107 1109 182 1108
f 1078 1108 182 179
f 185 184 1110 1079
f 184 1111 1112 1110
f 1110 1112 1081 1079
f 1113 1114 1115 1116
f 1114 1117 1118 1115
f 1115 1118 1119 1120
f 1116 1115 1120 1087
f 1087 1120 1121 1088
f 1120 1119 202 1121
f 1088 1121 202 1089
f 1089 202 205 1092
f 1092 205 210 1093
f 1093 210 1122 1094
f 210 1123 1124 1122
f 1122 1124 1096 1094
g exterior
f 1100 1125 1126 1101
f 1125 1127 1128 1126
f 1126 1128 1129 1101
f 1101 1129 189 187
f 176 195 1130 1102
f 1102 1130 1131 1103
f 1130 1132 1133 1131
f 1131 1133 1105 1103
g interior
f 1109 1134 1135 182
f 1134 1136 1137 1135
f 1135 1137 196 182
f 184 201 1138 1111
f 1111 1138 1139 1140
f 1138 1141 1142 1139
f 1139 1142 1143 1140
f 1143 1142 1144 1145
f 1142 1141 1146 1144
f 1145 1144 1146 1147
f 1147 1146 1148 1149
f 1146 1150 1151 1148
f 1148 1151 1152 1149
f 1152 1151 1153 1154
f 1151 1150 1155 1153
f 1154 1153 1155 1156
f 1156 1155 1157 1158
f 1155 1159 1160 1157
f 1157 1160 1161 1158
f 1117 1162 1163 1118
f 1162 1164 1165 1163
f 1118 1163 1165 1119
f 1119 1165 203 202
f 210 209 1166 1167
f 1167 1166 1168 1169
f 210 1167 1169 1123
g exterior
f 1127 1170 1171 1128
f 1170 1172 1173 1171
f 1128 1171 1173 1129
f 1129 1173 211 189
f 195 194 1174 1130
f 1130 1174 1175 1176
f 1176 1175 1177 1178
f 1130 1176 1178 1132
g interior
f 1136 1179 1180 1137
f 1179 1181 198 1180
f 1137 1180 198 196
f 201 200 227 1138
f 1138 227 231 1141
f 1141 231 233 1146
f 1146 233 237 1150
f 1150 237 239 1155
f 1155 239 243 1159
f 1159 243 1182 1183
f 243 245 1184 1182
f 1182 1184 1185 1183
f 1185 1184 1186 1187
f 1184 245 249 1186
f 1187 1186 249 1188
f 1188 249 1189 1190
f 249 251 1191 1189
f 1189 1191 1192 1190
f 1192 1191 1193 1194
f 1191 251 255 1193
f 1194 1193 255 1164
f 1164 255 257 1165
f 1165 257 206 203
f 209 208 1195 1166
f 208 1196 1197 1195
f 1195 1197 1168 1166
g exterior
f 1172 1198 1199 1173
f 1198 1200 1201 1199
f 1199 1201 1202 1173
f 1173 1202 213 211
f 194 219 1203 1174
f 1174 1203 1204 1175
f 1203 1205 1206 1204
f 1204 1206 1177 1175
g interior
f 1181 1207 1208 198
f 1207 1209 1210 1208
f 1208 1210 220 198
f 208 264 1211 1212
f 1212 1211 1213 1214
f 208 1212 1214 1196
g exterior
f 1200 1215 1216 1201
f 1215 1217 1218 1216
f 1201 1216 1218 1202
f 1202 1218 265 213
f 219 218 1219 1203
f 1203 1219 1220 1221
f 1221 1220 1222 1223
f 1203 1221 1223 1205
g interior
f 1209 1224 1225 1210
f 1224 1226 222 1225
f 1210 1225 222 220
f 264 263 1227 1211
f 263 1228 1229 1227
f 1227 1229 1213 1211
g exterior
f 1217 1230 1231 1218
f 1230 1232 1233 1231
f 1231 1233 1234 1218
f 1218 1234 267 265
f 218 273 1235 1219
f 1219 1235 1236 1220
f 1235 1237 1238 1236
f 1236 1238 1222 1220
g interior
f 1226 1239 1240 222
f 1239 1241 1242 1240
f 1240 1242 1243 222
f 222 1243 1244 223
f 223 1244 1245 224
f 224 1245 1246 228
f 228 1246 1247 229
f 229 1247 1248 234
f 234 1248 1249 235
f 235 1249 1250 240
f 240 1250 1251 241
f 241 1251 1252 246
f 246 1252 1253 247
f 247 1253 1254 252
f 252 1254 1255 253
f 253 1255 1256 258
f 258 1256 1257 259
f 259 1257 1258 262
f 262 1258 1259 263
f 263 1259 1260 1261
f 1261 1260 1262 1263
f 263 1261 1263 1228
g exterior
f 1232 1264 1265 1233
f 1264 1266 1267 1265
f 1233 1265 1267 1234
f 1234 1267 274 267
f 273 272 1268 1235
f 1235 1268 1269 1270
f 1270 1269 1271 1272
f 1235 1270 1272 1237
g interior
f 1241 1273 1274 1242
f 1273 1275 1276 1274
f 1274 1276 1277 1278
f 1242 1274 1278 1243
f 1243 1278 1279 1244
f 1278 1277 1280 1279
f 1279 1280 1281 1244
f 1244 1281 1282 1283
f 1283 1282 1284 1285
f 1244 1283 1285 1245
f 1245 1285 1286 1246
f 1285 1284 1287 1286
f 1286 1287 1288 1246
f 1246 1288 1289 1290
f 1290 1289 1291 1292
f 1246 1290 1292 1247
f 1247 1292 1293 1248
f 1292 1291 1294 1293
f 1293 1294 1295 1248
f 1248 1295 1296 1297
f 1297 1296 1298 1299
f 1248 1297 1299 1249
f 1249 1299 1300 1250
f 1299 1298 1301 1300
f 1300 1301 1302 1250
f 1250 1302 1303 1304
f 1304 1303 1305 1306
f 1250 1304 1306 1251
f 1251 1306 1307 1252
f 1306 1305 1308 1307
f 1307 1308 1309 1252
f 1252 1309 1310 1311
f 1311 1310 1312 1313
f 1252 1311 1313 1253
f 1253 1313 1314 1254
f 1313 1312 1315 1314
f 1314 1315 1316 1254
f 1254 1316 1317 1318
f 1318 1317 1319 1320
f 1254 1318 1320 1255
f 1255 1320 1321 1256
f 1320 1319 1322 1321
f 1321 1322 1323 1256
f 1256 1323 1324 1325
f 1325 1324 1326 1327
f 1256 1325 1327 1257
f 1257 1327 1328 1258
f 1327 1326 1329 1328
f 1328 1329 1330 1258
f 1258 1330 1331 1332
f 1332 1331 1333 1334
f 1258 1332 1334 1259
f 1259 1334 1335 1260
f 1334 1333 1336 1335
f 1335 1336 1337 1338
f 1260 1335 1338 1262
g exterior
f 1266 1339 1340 1267
f 1339 1341 1342 1340
f 1340 1342 1343 1267
f 1267 1343 276 274
f 272 282 1344 1268
f 1268 1344 1345 1269
f 1344 1346 1347 1345
f 1345 1347 1271 1269
f 1341 1348 1349 1342
f 1348 1350 1351 1349
f 1342 1349 1351 1343
f 1343 1351 283 276
f 282 281 1352 1344
f 1344 1352 1353 1354
f 1354 1353 1355 1356
f 1344 1354 1356 1346
f 1350 1357 1358 1351
f 1357 1359 1360 1358
f 1358 1360 1361 1351
f 1351 1361 285 283
f 281 291 1362 1352
f 1352 1362 1363 1353
f 1362 1364 1365 1363
f 1363 1365 1355 1353
f 1355 1365 1366 1367
f 1365 1364 1368 1366
f 1367 1366 1368 1369
f 1369 1368 1370 1371
f 1368 1372 1373 1370
f 1370 1373 1374 1371
f 1374 1373 1375 1376
f 1373 1372 1377 1375
f 1376 1375 1377 1378
f 1378 1377 1379 1380
f 1377 1381 1382 1379
f 1379 1382 1383 1380
f 1383 1382 1384 1385
f 1382 1381 1386 1384
f 1385 1384 1386 1387
f 1387 1386 1388 1389
f 1386 1390 1391 1388
f 1388 1391 1392 1389
f 1392 1391 1393 1394
f 1391 1390 1395 1393
f 1394 1393 1395 1396
f 1396 1395 1397 1398
f 1395 1399 1400 1397
f 1397 1400 1401 1398
f 1401 1400 1402 1403
f 1400 1399 1404 1402
f 1403 1402 1404 1405
f 1405 1404 1406 1407
f 1404 1408 1409 1406
f 1406 1409 1410 1407
f 1410 1409 1411 1412
f 1409 1408 1413 1411
f 1412 1411 1413 1414
f 1414 1413 1415 1416
f 1413 1417 1418 1415
f 1415 1418 1419 1416
f 1419 1418 1420 1421
f 1418 1417 1422 1420
f 1421 1420 1422 1423
f 1423 1422 1424 1425
f 1422 1426 1427 1424
f 1424 1427 1428 1425
f 1428 1427 1429 1430
f 1427 1426 1431 1429
f 1430 1429 1431 1432
f 1432 1431 1433 1434
f 1431 1435 1436 1433
f 1433 1436 1437 1434
f 1437 1436 1438 1439
f 1436 1435 1440 1438
f 1439 1438 1440 1441
f 1441 1440 1442 1443
f 1440 1444 1445 1442
f 1442 1445 1446 1443
f 1446 1445 1447 1448
f 1445 1444 1449 1447
f 1448 1447 1449 1450
f 1450 1449 1451 1452
f 1449 1453 1454 1451
f 1451 1454 1455 1452
f 1455 1454 1456 1457
f 1454 1453 1458 1456
f 1457 1456 1458 1459
f 1459 1458 1460 1461
f 1458 1462 1463 1460
f 1460 1463 1464 1461
f 1464 1463 1465 1466
f 1463 1462 1467 1465
f 1466 1465 1467 1468
f 1468 1467 1469 1470
f 1467 1471 1472 1469
f 1469 1472 1359 1470
f 1359 1472 1473 1360
f 1472 1471 1474 1473
f 1360 1473 1474 1361
f 1361 1474 292 285
f 291 290 1475 1362
f 1362 1475 1476 1364
f 1364 1476 1477 1368
f 1368 1477 1478 1372
f 1372 1478 1479 1377
f 1377 1479 1480 1381
f 1381 1480 1481 1386
f 1386 1481 1482 1390
f 1390 1482 1483 1395
f 1395 1483 1484 1399
f 1399 1484 1485 1404
f 1404 1485 1486 1408
f 1408 1486 1487 1413
f 1413 1487 1488 1417
f 1417 1488 1489 1422
f 1422 1489 1490 1426
f 1426 1490 1491 1431
f 1431 1491 1492 1435
f 1435 1492 1493 1440
f 1440 1493 1494 1444
f 1444 1494 1495 1449
f 1449 1495 1496 1453
f 1453 1496 1497 1458
f 1458 1497 1498 1462
f 1462 1498 1499 1467
f 1467 1499 1500 1471
f 1471 1500 1501 1474
f 1474 1501 294 292
f 353 445 1502 356
f 356 1502 1503 357
f 357 1503 1504 1505
f 1505 1504 1506 1507
f 357 1505 1507 358
f 358 1507 1508 360
f 1507 1506 1509 1508
f 1508 1509 1510 360
f 360 1510 1511 1512
f 1512 1511 1513 1514
f 360 1512 1514 363
f 363 1514 1515 364
f 1514 1513 1516 1515
f 1515 1516 1517 364
f 364 1517 1518 1519
f 1519 1518 1520 1521
f 364 1519 1521 365
f 365 1521 1522 367
f 1521 1520 1523 1522
f 1522 1523 1524 367
f 367 1524 1525 1526
f 1526 1525 1527 1528
f 367 1526 1528 370
f 370 1528 1529 371
f 1528 1527 1530 1529
f 1529 1530 1531 371
f 371 1531 1532 1533
f 1533 1532 1534 1535
f 371 1533 1535 372
f 372 1535 1536 374
f 1535 1534 1537 1536
f 1536 1537 1538 374
f 374 1538 1539 1540
f 1540 1539 1541 1542
f 374 1540 1542 377
f 377 1542 1543 378
f 1542 1541 1544 1543
f 1543 1544 1545 378
f 378 1545 1546 1547
f 1547 1546 1548 1549
f 378 1547 1549 379
f 379 1549 1550 381
f 1549 1548 1551 1550
f 1550 1551 1552 381
f 381 1552 1553 1554
f 1554 1553 1555 1556
f 381 1554 1556 384
f 384 1556 1557 385
f 1556 1555 1558 1557
f 1557 1558 1559 385
f 385 1559 1560 1561
f 1561 1560 1562 1563
f 385 1561 1563 386
f 386 1563 1564 388
f 1563 1562 1565 1564
f 1564 1565 1566 388
f 388 1566 1567 1568
f 1568 1567 1569 1570
f 388 1568 1570 391
f 391 1570 1571 392
f 1570 1569 1572 1571
f 1571 1572 1573 392
f 392 1573 1574 1575
f 1575 1574 1576 1577
f 392 1575 1577 393
f 393 1577 1578 395
f 1577 1576 1579 1578
f 1578 1579 1580 395
f 395 1580 1581 1582
f 1582 1581 1583 1584
f 395 1582 1584 398
f 398 1584 1585 399
f 1584 1583 1586 1585
f 1585 1586 1587 399
f 399 1587 1588 1589
f 1589 1588 1590 1591
f 399 1589 1591 400
f 400 1591 1592 402
f 1591 1590 1593 1592
f 1592 1593 1594 402
f 402 1594 1595 1596
f 1596 1595 1597 1598
f 402 1596 1598 405
f 405 1598 1599 406
f 1598 1597 1600 1599
f 1599 1600 1601 406
f 406 1601 1602 1603
f 1603 1602 1604 1605
f 406 1603 1605 407
f 407 1605 1606 409
f 1605 1604 1607 1606
f 1606 1607 1608 409
f 409 1608 1609 1610
f 1610 1609 1611 1612
f 409 1610 1612 412
f 412 1612 1613 413
f 1612 1611 1614 1613
f 1613 1614 1615 413
f 413 1615 1616 1617
f 1617 1616 1618 1619
f 413 1617 1619 414
f 414 1619 1620 416
f 1619 1618 1621 1620
f 1620 1621 1622 416
f 416 1622 1623 1624
f 1624 1623 1625 1626
f 416 1624 1626 419
f 419 1626 1627 420
f 1626 1625 1628 1627
f 1627 1628 1629 420
f 420 1629 1630 1631
f 1631 1630 1632 1633
f 420 1631 1633 421
f 421 1633 1634 423
f 1633 1632 1635 1634
f 1634 1635 1636 423
f 423 1636 1637 1638
f 1638 1637 1639 1640
f 423 1638 1640 426
f 426 1640 1641 427
f 1640 1639 1642 1641
f 1641 1642 1643 427
f 427 1643 1644 1645
f 1645 1644 1646 1647
f 427 1645 1647 428
f 428 1647 1648 430
f 1647 1646 1649 1648
f 1648 1649 1650 430
f 430 1650 1651 1652
f 1652 1651 1653 1654
f 430 1652 1654 433
f 433 1654 1655 434
f 1654 1653 1656 1655
f 1655 1656 1657 434
f 434 1657 1658 435
f 435 1658 446 437
f 445 444 1659 1502
f 1502 1659 1660 1661
f 1661 1660 1662 1663
f 1502 1661 1663 1503
f 1657 1664 1665 1658
f 1664 1666 1667 1665
f 1665 1667 1668 1658
f 1658 1668 448 446
f 444 454 1669 1659
f 1659 1669 1670 1660
f 1669 1671 1672 1670
f 1670 1672 1662 1660
f 1666 1673 1674 1667
f 1673 1675 1676 1674
f 1667 1674 1676 1668
f 1668 1676 455 448
f 454 453 1677 1669
f 1669 1677 1678 1679
f 1679 1678 1680 1681
f 1669 1679 1681 1671
g interior
f 1682 1683 1684 1685
f 1683 1686 1687 1684
f 1684 1687 1688 1689
f 1685 1684 1689 1690
f 1690 1689 1691 1692
f 1689 1688 464 1691
f 1692 1691 464 1693
f 1693 464 1694 1695
f 464 467 1696 1694
f 1694 1696 1697 1695
f 1697 1696 1698 1699
f 1696 467 472 1698
f 1699 1698 472 1700
f 1700 472 1701 1702
f 472 474 1703 1701
f 1701 1703 1704 1702
f 1704 1703 1705 1706
f 1703 474 476 1705
f 1706 1705 476 1707
f 1707 476 1708 1709
f 476 478 1710 1708
f 1708 1710 1711 1709
f 1711 1710 1712 1713
f 1710 478 481 1712
f 1713 1712 481 1714
f 1714 481 1715 1716
f 481 483 1717 1715
f 1715 1717 1718 1716
f 1718 1717 1719 1720
f 1717 483 485 1719
f 1720 1719 485 1721
f 1721 485 1722 1723
f 485 487 1724 1722
f 1722 1724 1725 1723
f 1725 1724 1726 1727
f 1724 487 490 1726
f 1727 1726 490 1728
f 1728 490 1729 1730
f 490 492 1731 1729
f 1729 1731 1732 1730
f 1732 1731 1733 1734
f 1731 492 494 1733
f 1734 1733 494 1735
f 1735 494 1736 1737
f 494 496 1738 1736
f 1736 1738 1739 1737
f 1739 1738 1740 1741
f 1738 496 499 1740
f 1741 1740 499 1742
f 1742 499 1743 1744
f 499 501 1745 1743
f 1743 1745 1746 1744
f 1746 1745 1747 1748
f 1745 501 503 1747
f 1748 1747 503 1749
f 1749 503 1750 1751
f 503 505 1752 1750
f 1750 1752 1753 1751
f 1753 1752 1754 1755
f 1752 505 508 1754
f 1755 1754 508 1756
f 1756 508 1757 1758
f 508 510 1759 1757
f 1757 1759 1760 1758
f 1760 1759 1761 1762
f 1759 510 512 1761
f 1762 1761 512 1763
f 1763 512 1764 1765
f 512 514 1766 1764
f 1764 1766 1767 1765
f 1767 1766 1768 1769
f 1766 514 517 1768
f 1769 1768 517 1770
f 1770 517 1771 1772
f 517 519 1773 1771
f 1771 1773 1774 1772
f 1774 1773 1775 1776
f 1773 519 521 1775
f 1776 1775 521 1777
f 1777 521 1778 1779
f 521 523 1780 1778
f 1778 1780 1781 1779
f 1781 1780 1782 1783
f 1780 523 526 1782
f 1783 1782 526 1784
f 1784 526 1785 1786
f 526 528 1787 1785
f 1785 1787 1788 1786
f 1788 1787 1789 1790
f 1787 528 530 1789
f 1790 1789 530 1791
f 1791 530 1792 1793
f 530 532 1794 1792
f 1792 1794 1795 1793
f 1795 1794 1796 1797
f 1794 532 535 1796
f 1797 1796 535 1798
f 1798 535 1799 1800
f 535 537 1801 1799
f 1799 1801 1802 1800
f 1802 1801 1803 1804
f 1801 537 539 1803
f 1804 1803 539 1805
f 1805 539 1806 1807
f 539 541 1808 1806
f 1806 1808 1809 1807
f 1809 1808 1810 1811
f 1808 541 544 1810
f 1811 1810 544 1812
f 1812 544 1813 1814
f 544 546 1815 1813
f 1813 1815 1816 1814
f 1816 1815 1817 1818
f 1815 546 550 1817
f 1818 1817 550 1819
f 1819 550 1820 1821
f 550 1822 1823 1820
f 1820 1823 1824 1821
f 1824 1823 1825 1826
f 1823 1822 1827 1825
f 1825 1827 1828 1829
f 1826 1825 1829 1830
g exterior
f 1675 1831 1832 1676
f 1831 1833 1834 1832
f 1832 1834 1835 1676
f 1676 1835 457 455
f 453 463 1836 1677
f 1677 1836 1837 1678
f 1836 1838 1839 1837
f 1837 1839 1680 1678
g interior
f 1686 1840 1841 1687
f 1840 1842 1843 1841
f 1687 1841 1843 1688
f 1688 1843 465 464
f 550 549 1844 1822
f 1822 1844 1845 1827
f 1844 1846 1847 1845
f 1845 1847 1828 1827
g exterior
f 1833 1848 1849 1834
f 1848 1850 1851 1849
f 1834 1849 1851 1835
f 1835 1851 551 457
f 463 462 1852 1836
f 1836 1852 1853 1854
f 1854 1853 1855 1856
f 1836 1854 1856 1838
g interior
f 1842 1857 1858 1843
f 1857 1859 1860 1858
f 1858 1860 1861 1843
f 1843 1861 468 465
f 549 548 1862 1844
f 1844 1862 1863 1864
f 1864 1863 1865 1866
f 1844 1864 1866 1846
g exterior
f 1850 1867 1868 1851
f 1867 1869 1870 1868
f 1868 1870 1871 1851
f 1851 1871 553 551
f 462 559 1872 1852
f 1852 1872 1873 1853
f 1872 1874 1875 1873
f 1873 1875 1855 1853
g interior
f 1859 1876 1877 1860
f 1876 1878 1879 1877
f 1860 1877 1879 1861
f 1861 1879 560 468
f 548 565 1880 1862
f 1862 1880 1881 1863
f 1880 1882 1883 1881
f 1881 1883 1865 1863
g exterior
f 1869 1884 1885 1870
f 1884 1886 1887 1885
f 1870 1885 1887 1871
f 1871 1887 566 553
f 559 558 1888 1872
f 1872 1888 1889 1890
f 1890 1889 1891 1892
f 1872 1890 1892 1874
g interior
f 1878 1893 1894 1879
f 1893 1895 1896 1894
f 1894 1896 1897 1879
f 1879 1897 562 560
f 565 564 1898 1880
f 1880 1898 1899 1900
f 1900 1899 1901 1902
f 1880 1900 1902 1882
g exterior
f 1886 1903 1904 1887
f 1903 1905 1906 1904
f 1904 1906 1907 1887
f 1887 1907 568 566
f 558 574 1908 1888
f 1888 1908 1909 1889
f 1908 1910 1911 1909
f 1909 1911 1891 1889
g interior
f 1895 1912 1913 1896
f 1912 1914 1915 1913
f 1896 1913 1915 1897
f 1897 1915 575 562
f 564 582 1916 1898
f 1898 1916 1917 1899
f 1916 1918 1919 1917
f 1917 1919 1901 1899
g exterior
f 1905 1920 1921 1906
f 1920 1922 1923 1921
f 1906 1921 1923 1907
f 1907 1923 583 568
f 574 573 1924 1908
f 1908 1924 1925 1926
f 1926 1925 1927 1928
f 1908 1926 1928 1910
g interior
f 1914 1929 1930 1915
f 1929 1931 1932 1930
f 1930 1932 1933 1915
f 1915 1933 577 575
f 582 581 1934 1916
f 1916 1934 1935 1936
f 1936 1935 1937 1938
f 1916 1936 1938 1918
g exterior
f 1922 1939 1940 1923
f 1939 1941 1942 1940
f 1940 1942 1943 1923
f 1923 1943 585 583
f 573 591 1944 1924
f 1924 1944 1945 1925
f 1944 1946 1947 1945
f 1945 1947 1927 1925
g interior
f 1931 1948 1949 1932
f 1948 1950 1951 1949
f 1932 1949 1951 1933
f 1933 1951 592 577
f 581 597 1952 1934
f 1934 1952 1953 1935
f 1952 1954 1955 1953
f 1953 1955 1937 1935
g exterior
f 1941 1956 1957 1942
f 1956 1958 1959 1957
f 1942 1957 1959 1943
f 1943 1959 598 585
f 591 590 1960 1944
f 1944 1960 1961 1962
f 1962 1961 1963 1964
f 1944 1962 1964 1946
g interior
f 1950 1965 1966 1951
f 1965 1967 1968 1966
f 1966 1968 1969 1951
f 1951 1969 594 592
f 597 596 1970 1952
f 1952 1970 1971 1972
f 1972 1971 1973 1974
f 1952 1972 1974 1954
g exterior
f 1958 1975 1976 1959
f 1975 1977 1978 1976
f 1976 1978 1979 1959
f 1959 1979 600 598
f 590 606 1980 1960
f 1960 1980 1981 1961
f 1980 1982 1983 1981
f 1981 1983 1963 1961
g interior
f 1967 1984 1985 1968
f 1984 1986 1987 1985
f 1968 1985 1987 1969
f 1969 1987 607 594
f 596 625 1988 1970
f 1970 1988 1989 1971
f 1988 1990 1991 1989
f 1989 1991 1973 1971
g exterior
f 1977 1992 1993 1978
f 1992 1994 1995 1993
f 1978 1993 1995 1979
f 1979 1995 626 600
f 606 605 1996 1980
f 1980 1996 1997 1998
f 1998 1997 1999 2000
f 1980 1998 2000 1982
g interior
f 1986 2001 2002 1987
f 2001 2003 2004 2002
f 2002 2004 2005 1987
f 1987 2005 609 607
f 625 624 2006 1988
f 1988 2006 2007 2008
f 2008 2007 2009 2010
f 1988 2008 2010 1990
g exterior
f 1994 2011 2012 1995
f 2011 2013 2014 2012
f 2012 2014 2015 1995
f 1995 2015 628 626
f 605 634 2016 1996
f 1996 2016 2017 1997
f 2016 2018 2019 2017
f 2017 2019 1999 1997
g interior
f 2003 2020 2021 2004
f 2020 2022 2023 2021
f 2004 2021 2023 2005
f 2005 2023 635 609
f 624 676 2024 2006
f 2006 2024 2025 2007
f 2024 2026 2027 2025
f 2025 2027 2009 2007
g exterior
f 2013 2028 2029 2014
f 2028 2030 2031 2029
f 2014 2029 2031 2015
f 2015 2031 677 628
f 634 633 2032 2016
f 2016 2032 2033 2034
f 2034 2033 2035 2036
f 2016 2034 2036 2018
g interior
f 2022 2037 2038 2023
f 2037 2039 2040 2038
f 2038 2040 2041 2023
f 2023 2041 637 635
f 676 675 2042 2024
f 2024 2042 2043 2044
f 2044 2043 2045 2046
f 2024 2044 2046 2026
g exterior
f 2030 2047 2048 2031
f 2047 2049 2050 2048
f 2048 2050 2051 2031
f 2031 2051 679 677
f 633 685 2052 2032
f 2032 2052 2053 2033
f 2052 2054 2055 2053
f 2053 2055 2035 2033
g interior
f 2039 2056 2057 2040
f 2056 2058 2059 2057
f 2040 2057 2059 2041
f 2041 2059 686 637
f 638 696 2060 639
f 639 2060 2061 641
f 641 2061 2062 644
f 644 2062 2063 645
f 645 2063 2064 646
f 646 2064 2065 648
f 648 2065 2066 651
f 651 2066 2067 652
f 652 2067 2068 2069
f 2069 2068 2070 2071
f 652 2069 2071 653
f 653 2071 2072 655
f 2071 2070 2073 2072
f 2072 2073 2074 655
f 655 2074 2075 2076
f 2076 2075 2077 2078
f 655 2076 2078 658
f 658 2078 2079 659
f 2078 2077 2080 2079
f 2079 2080 2081 659
f 659 2081 2082 2083
f 2083 2082 2084 2085
f 659 2083 2085 660
f 660 2085 2086 662
f 2085 2084 2087 2086
f 2086 2087 2088 662
f 662 2088 2089 2090
f 2090 2089 2091 2092
f 662 2090 2092 665
f 665 2092 2093 666
f 2092 2091 2094 2093
f 2093 2094 2095 666
f 666 2095 2096 2097
f 2097 2096 2098 2099
f 666 2097 2099 667
f 667 2099 2100 669
f 2099 2098 2101 2100
f 2100 2101 2102 669
f 669 2102 2103 672
f 672 2103 697 673
f 675 704 2104 2042
f 2042 2104 2105 2043
f 2104 2106 2107 2105
f 2105 2107 2045 2043
g exterior
f 2049 2108 2109 2050
f 2108 2110 2111 2109
f 2050 2109 2111 2051
f 2051 2111 705 679
f 685 684 2112 2052
f 2052 2112 2113 2114
f 2114 2113 2115 2116
f 2052 2114 2116 2054
g interior
f 2058 2117 2118 2059
f 2117 2119 2120 2118
f 2118 2120 2121 2059
f 2059 2121 688 686
f 696 695 2122 2060
f 2060 2122 2123 2124
f 2124 2123 2125 2126
f 2060 2124 2126 2061
f 2061 2126 2127 2062
f 2126 2125 2128 2127
f 2127 2128 2129 2062
f 2062 2129 2130 2131
f 2131 2130 2132 2133
f 2062 2131 2133 2063
f 2063 2133 2134 2064
f 2133 2132 2135 2134
f 2134 2135 2136 2064
f 2064 2136 2137 2138
f 2138 2137 2139 2140
f 2064 2138 2140 2065
f 2065 2140 2141 2066
f 2140 2139 2142 2141
f 2141 2142 2143 2066
f 2066 2143 2144 2145
f 2145 2144 2146 2147
f 2066 2145 2147 2067
f 2067 2147 2148 2068
f 2147 2146 2149 2148
f 2148 2149 2150 2151
f 2068 2148 2151 2070
f 2098 2152 2153 2101
f 2152 2154 2155 2153
f 2153 2155 2156 2157
f 2101 2153 2157 2102
f 2102 2157 2158 2103
f 2157 2156 2159 2158
f 2158 2159 2160 2103
f 2103 2160 699 697
f 704 703 2161 2104
f 2104 2161 2162 2163
f 2163 2162 2164 2165
f 2104 2163 2165 2106
g exterior
f 2110 2166 2167 2111
f 2166 2168 2169 2167
f 2167 2169 2170 2111
f 2111 2170 707 705
f 684 713 2171 2112
f 2112 2171 2172 2113
f 2171 2173 2174 2172
f 2172 2174 2115 2113
g interior
f 2119 2175 2176 2120
f 2175 2177 2178 2176
f 2120 2176 2178 2121
f 2121 2178 714 688
f 695 726 2179 2180
f 2180 2179 2181 2182
f 695 2180 2182 2122
f 2122 2182 2183 2123
f 2182 2181 2184 2183
f 2183 2184 2185 2186
f 2123 2183 2186 2125
f 2156 2187 2188 2159
f 2187 2189 2190 2188
f 2159 2188 2190 2160
f 2160 2190 727 699
f 703 732 2191 2161
f 2161 2191 2192 2162
f 2191 2193 2194 2192
f 2192 2194 2164 2162
g exterior
f 2168 2195 2196 2169
f 2195 2197 2198 2196
f 2169 2196 2198 2170
f 2170 2198 733 707
f 713 712 2199 2171
f 2171 2199 2200 2201
f 2201 2200 2202 2203
f 2171 2201 2203 2173
g interior
f 2177 2204 2205 2178
f 2204 2206 2207 2205
f 2205 2207 2208 2178
f 2178 2208 716 714
f 726 725 2209 2179
f 725 2210 2211 2209
f 2209 2211 2181 2179
g exterior
f 2212 2213 2214 2215
f 2213 2216 2217 2214
f 2214 2217 2218 2219
f 2215 2214 2219 2220
f 2220 2219 2221 2222
f 2219 2218 2223 2221
f 2222 2221 2223 2224
f 2224 2223 2225 2226
f 2223 2227 2228 2225
f 2225 2228 2229 2226
g interior
f 2189 2230 2231 2190
f 2230 2232 2233 2231
f 2231 2233 2234 2190
f 2190 2234 729 727
f 732 731 2235 2191
f 2191 2235 2236 2237
f 2237 2236 2238 2239
f 2191 2237 2239 2193
g exterior
f 2197 2240 2241 2198
f 2240 2242 2243 2241
f 2241 2243 2244 2198
f 2198 2244 735 733
f 712 741 2245 2199
f 2199 2245 2246 2200
f 2245 2247 2248 2246
f 2246 2248 2202 2200
g interior
f 2206 2249 2250 2207
f 2249 2251 2252 2250
f 2207 2250 2252 2208
f 2208 2252 742 716
f 721 750 2253 724
f 724 2253 2254 725
f 725 2254 2255 2256
f 2256 2255 2257 2258
f 725 2256 2258 2210
g exterior
f 2259 2260 2261 2262
f 2260 2263 2264 2261
f 2262 2261 2264 2265
f 2265 2264 2266 2267
f 2264 2268 2269 2266
f 2266 2269 2270 2267
f 2270 2269 2271 2272
f 2269 2268 2273 2271
f 2272 2271 2273 2274
f 2274 2273 2275 2276
f 2273 2277 2278 2275
f 2275 2278 2279 2276
f 2279 2278 2280 2281
f 2278 2277 2282 2280
f 2281 2280 2282 2283
f 2283 2282 2284 2285
f 2282 2286 2287 2284
f 2284 2287 2288 2285
f 2288 2287 2289 2290
f 2287 2286 2291 2289
f 2290 2289 2291 2292
f 2292 2291 2293 2294
f 2291 2295 2296 2293
f 2293 2296 2216 2294
f 2216 2296 2297 2217
f 2296 2295 2298 2297
f 2217 2297 2298 2218
f 2218 2298 2299 2223
f 2223 2299 2300 2227
f 2227 2300 2301 2302
f 2300 2303 2304 2301
f 2301 2304 2305 2302
g interior
f 2232 2306 2307 2233
f 2306 2308 2309 2307
f 2307 2309 2310 2311
f 2233 2307 2311 2234
f 2234 2311 2312 729
f 2311 2310 2313 2312
f 2312 2313 751 729
f 731 761 2314 2235
f 2235 2314 2315 2236
f 2314 2316 2317 2315
f 2315 2317 2238 2236
g exterior
f 2242 2318 2319 2243
f 2318 2320 2321 2319
f 2243 2319 2321 2244
f 2244 2321 762 735
f 741 740 2322 2245
f 2245 2322 2323 2324
f 2324 2323 2325 2326
f 2245 2324 2326 2247
g interior
f 2251 2327 2328 2252
f 2327 2329 2330 2328
f 2328 2330 2331 2252
f 2252 2331 744 742
f 750 749 2332 2253
f 2253 2332 2333 2334
f 2334 2333 2335 2336
f 2253 2334 2336 2254
g exterior
f 2337 2338 2339 2340
f 2338 2341 780 2339
f 2340 2339 780 2263
f 2263 780 783 2264
f 2264 783 785 2268
f 2268 785 787 2273
f 2273 787 789 2277
f 2277 789 791 2282
f 2282 791 792 2286
f 2286 792 794 2291
f 2291 794 797 2295
f 2295 797 799 2298
f 2298 799 803 2299
f 2299 803 2342 2300
f 2300 2342 2343 2344
f 2344 2343 2345 2346
f 2300 2344 2346 2303
g interior
f 2310 2347 2348 2313
f 2347 2349 753 2348
f 2313 2348 753 751
f 761 760 2350 2314
f 2314 2350 2351 2352
f 2352 2351 2353 2354
f 2314 2352 2354 2316
g exterior
f 2320 2355 2356 2321
f 2355 2357 2358 2356
f 2356 2358 2359 2321
f 2321 2359 764 762
f 740 770 2360 2322
f 2322 2360 2361 2323
f 2360 2362 2363 2361
f 2361 2363 2325 2323
g interior
f 2329 2364 2365 2330
f 2364 2366 2367 2365
f 2330 2365 2367 2331
f 2331 2367 771 744
f 749 779 2368 2369
f 2369 2368 2370 2371
f 749 2369 2371 2332
f 2332 2371 2372 2333
f 2371 2370 2373 2372
f 2372 2373 2374 2375
f 2333 2372 2375 2335
g exterior
f 2341 2376 2377 780
f 2376 2378 2379 2377
f 2377 2379 781 780
f 803 802 2380 2342
f 2342 2380 2381 2343
f 2380 2382 2383 2381
f 2381 2383 2345 2343
g interior
f 2349 2384 2385 753
f 2384 2386 2387 2385
f 2385 2387 2388 753
f 753 2388 2389 754
f 754 2389 804 755
f 760 812 2390 2350
f 2350 2390 2391 2351
f 2390 2392 2393 2391
f 2391 2393 2353 2351
g exterior
f 2357 2394 2395 2358
f 2394 2396 2397 2395
f 2358 2395 2397 2359
f 2359 2397 813 764
f 770 769 2398 2360
f 2360 2398 2399 2400
f 2400 2399 2401 2402
f 2360 2400 2402 2362
g interior
f 2366 2403 2404 2367
f 2403 2405 2406 2404
f 2404 2406 2407 2367
f 2367 2407 773 771
f 779 778 2408 2368
f 778 2409 2410 2408
f 2408 2410 2370 2368
g exterior
f 2411 2412 2413 2414
f 2412 2415 2416 2413
f 2413 2416 2417 2418
f 2414 2413 2418 2378
f 2378 2418 2419 2379
f 2418 2417 784 2419
f 2379 2419 784 781
f 802 801 840 2380
f 2380 840 844 2382
f 2382 844 2420 2421
f 844 2422 2423 2420
f 2420 2423 2424 2421
g interior
f 2388 2425 2426 2389
f 2425 2427 2428 2426
f 2426 2428 2429 2389
f 2389 2429 806 804
f 812 811 2430 2390
f 2390 2430 2431 2432
f 2432 2431 2433 2434
f 2390 2432 2434 2392
g exterior
f 2396 2435 2436 2397
f 2435 2437 2438 2436
f 2436 2438 2439 2397
f 2397 2439 815 813
f 769 821 2440 2398
f 2398 2440 2441 2399
f 2440 2442 2443 2441
f 2441 2443 2401 2399
g interior
f 2405 2444 2445 2406
f 2444 2446 2447 2445
f 2406 2445 2447 2407
f 2407 2447 822 773
f 775 830 2448 776
f 776 2448 2449 778
f 778 2449 2450 2451
f 2451 2450 2452 2453
f 778 2451 2453 2409
g exterior
f 2415 2454 2455 2416
f 2454 2456 2457 2455
f 2416 2455 2457 2417
f 2417 2457 831 784
f 844 843 2458 2459
f 2459 2458 2460 2461
f 844 2459 2461 2422
g interior
f 2427 2462 2463 2428
f 2462 2464 2465 2463
f 2428 2463 2465 2429
f 2429 2465 845 806
f 811 857 2466 2430
f 2430 2466 2467 2431
f 2466 2468 2469 2467
f 2467 2469 2433 2431
g exterior
f 2437 2470 2471 2438
f 2470 2472 2473 2471
f 2438 2471 2473 2439
f 2439 2473 858 815
f 821 820 2474 2440
f 2440 2474 2475 2476
f 2476 2475 2477 2478
f 2440 2476 2478 2442
g interior
f 2446 2479 2480 2447
f 2479 2481 2482 2480
f 2480 2482 2483 2447
f 2447 2483 824 822
f 830 829 2484 2448
f 2448 2484 2485 2486
f 2486 2485 2487 2488
f 2448 2486 2488 2449
g exterior
f 2489 2490 2491 2492
f 2490 2493 874 2491
f 2492 2491 874 2456
f 2456 874 877 2457
f 2457 877 833 831
f 843 842 2494 2458
f 842 2495 2496 2494
f 2494 2496 2460 2458
f 2460 2496 2497 2498
f 2496 2495 2499 2497
f 2497 2499 2500 2501
f 2498 2497 2501 2502
g interior
f 2464 2503 2504 2465
f 2503 2505 2506 2504
f 2504 2506 2507 2465
f 2465 2507 847 845
f 857 856 2508 2466
f 2466 2508 2509 2510
f 2510 2509 2511 2512
f 2466 2510 2512 2468
g exterior
f 2472 2513 2514 2473
f 2513 2515 2516 2514
f 2514 2516 2517 2473
f 2473 2517 860 858
f 820 866 2518 2474
f 2474 2518 2519 2475
f 2518 2520 2521 2519
f 2519 2521 2477 2475
g interior
f 2481 2522 2523 2482
f 2522 2524 2525 2523
f 2482 2523 2525 2483
f 2483 2525 867 824
f 829 873 2526 2484
f 2484 2526 2527 2485
f 2526 2528 2529 2527
f 2527 2529 2487 2485
g exterior
f 2493 2530 2531 874
f 2530 2532 2533 2531
f 2531 2533 875 874
f 842 887 2534 2495
f 2495 2534 2535 2499
f 2534 2536 2537 2535
f 2535 2537 2500 2499
g interior
f 2507 2538 2539 847
f 2538 2540 2541 2539
f 2539 2541 2542 847
f 847 2542 2543 848
f 848 2543 888 849
f 856 894 2544 2508
f 2508 2544 2545 2509
f 2544 2546 2547 2545
f 2545 2547 2511 2509
g exterior
f 2515 2548 2549 2516
f 2548 2550 2551 2549
f 2516 2549 2551 2517
f 2517 2551 895 860
f 866 865 2552 2518
f 2518 2552 2553 2554
f 2554 2553 2555 2556
f 2518 2554 2556 2520
g interior
f 2524 2557 2558 2525
f 2557 2559 2560 2558
f 2558 2560 2561 2525
f 2525 2561 869 867
f 873 872 2562 2526
f 2526 2562 2563 2564
f 2564 2563 2565 2566
f 2526 2564 2566 2528
g exterior
f 2532 2567 2568 2533
f 2567 2569 878 2568
f 2533 2568 878 875
f 887 886 2570 2534
f 2534 2570 2571 2572
f 2572 2571 2573 2574
f 2534 2572 2574 2536
g interior
f 2540 2575 2576 2541
f 2575 2577 2578 2576
f 2576 2578 2579 2580
f 2541 2576 2580 2542
f 2542 2580 2581 2543
f 2580 2579 2582 2581
f 2581 2582 2583 2543
f 2543 2583 890 888
f 894 893 2584 2544
f 2544 2584 2585 2586
f 2586 2585 2587 2588
f 2544 2586 2588 2546
g exterior
f 2550 2589 2590 2551
f 2589 2591 2592 2590
f 2590 2592 2593 2551
f 2551 2593 897 895
f 865 903 2594 2552
f 2552 2594 2595 2553
f 2594 2596 2597 2595
f 2595 2597 2555 2553
g interior
f 2559 2598 2599 2560
f 2598 2600 2601 2599
f 2560 2599 2601 2561
f 2561 2601 904 869
f 872 912 2602 2562
f 2562 2602 2603 2563
f 2602 2604 2605 2603
f 2603 2605 2565 2563
g exterior
f 2569 2606 2607 878
f 2606 2608 2609 2607
f 2607 2609 2610 878
f 878 2610 2611 879
f 879 2611 913 880
f 886 925 2612 2570
f 2570 2612 2613 2571
f 2612 2614 2615 2613
f 2613 2615 2573 2571
f 2573 2615 2616 2617
f 2615 2614 2618 2616
f 2616 2618 2619 2620
f 2617 2616 2620 2621
g interior
f 2579 2622 2623 2582
f 2622 2624 2625 2623
f 2582 2623 2625 2583
f 2583 2625 926 890
f 893 934 2626 2584
f 2584 2626 2627 2585
f 2626 2628 2629 2627
f 2627 2629 2587 2585
g exterior
f 2591 2630 2631 2592
f 2630 2632 2633 2631
f 2592 2631 2633 2593
f 2593 2633 935 897
f 903 902 2634 2594
f 2594 2634 2635 2636
f 2636 2635 2637 2638
f 2594 2636 2638 2596
g interior
f 2600 2639 2640 2601
f 2639 2641 2642 2640
f 2640 2642 2643 2601
f 2601 2643 906 904
f 912 911 952 2602
f 2602 952 956 2604
f 2604 956 2644 2645
f 956 2646 2647 2644
f 2644 2647 2648 2645
g exterior
f 2610 2649 2650 2611
f 2649 2651 2652 2650
f 2650 2652 2653 2611
f 2611 2653 915 913
f 925 924 2654 2612
f 2612 2654 2655 2614
f 2614 2655 2656 2618
f 2655 2657 2658 2656
f 2656 2658 2619 2618
g interior
f 2624 2659 2660 2625
f 2659 2661 2662 2660
f 2660 2662 2663 2625
f 2625 2663 928 926
f 934 933 2664 2626
f 2626 2664 2665 2666
f 2666 2665 2667 2668
f 2626 2666 2668 2628
g exterior
f 2632 2669 2670 2633
f 2669 2671 2672 2670
f 2670 2672 2673 2633
f 2633 2673 937 935
f 902 943 2674 2634
f 2634 2674 2675 2635
f 2674 2676 2677 2675
f 2675 2677 2637 2635
g interior
f 2641 2678 2679 2642
f 2678 2680 2681 2679
f 2642 2679 2681 2643
f 2643 2681 944 906
f 956 955 2682 2683
f 2683 2682 2684 2685
f 956 2683 2685 2646
g exterior
f 2651 2686 2687 2652
f 2686 2688 2689 2687
f 2687 2689 2690 2691
f 2652 2687 2691 2653
f 2653 2691 2692 915
f 2691 2690 2693 2692
f 2692 2693 957 915
f 924 975 2694 2654
f 2654 2694 2695 2655
f 2655 2695 2696 2697
f 2697 2696 2698 2699
f 2655 2697 2699 2657
g interior
f 2661 2700 2701 2662
f 2700 2702 2703 2701
f 2662 2701 2703 2663
f 2663 2703 976 928
f 933 982 2704 2664
f 2664 2704 2705 2665
f 2704 2706 2707 2705
f 2705 2707 2667 2665
g exterior
f 2671 2708 2709 2672
f 2708 2710 2711 2709
f 2672 2709 2711 2673
f 2673 2711 983 937
f 943 942 2712 2674
f 2674 2712 2713 2714
f 2714 2713 2715 2716
f 2674 2714 2716 2676
g interior
f 2680 2717 2718 2681
f 2717 2719 2720 2718
f 2718 2720 2721 2681
f 2681 2721 946 944
f 955 954 2722 2682
f 954 2723 2724 2722
f 2722 2724 2684 2682
f 2684 2724 2725 2726
f 2724 2723 2727 2725
f 2725 2727 2728 2729
f 2726 2725 2729 2730
g exterior
f 2690 2731 2732 2693
f 2731 2733 959 2732
f 2693 2732 959 957
f 975 974 2734 2694
f 2694 2734 2735 2736
f 2736 2735 2737 2738
f 2694 2736 2738 2695
g interior
f 2702 2739 2740 2703
f 2739 2741 2742 2740
f 2740 2742 2743 2703
f 2703 2743 978 976
f 982 981 2744 2704
f 2704 2744 2745 2746
f 2746 2745 2747 2748
f 2704 2746 2748 2706
g exterior
f 2710 2749 2750 2711
f 2749 2751 2752 2750
f 2750 2752 2753 2711
f 2711 2753 985 983
f 942 991 2754 2712
f 2712 2754 2755 2713
f 2754 2756 2757 2755
f 2755 2757 2715 2713
g interior
f 2719 2758 2759 2720
f 2758 2760 2761 2759
f 2720 2759 2761 2721
f 2721 2761 992 946
f 954 1000 2762 2723
f 2723 2762 2763 2727
f 2762 2764 2765 2763
f 2763 2765 2728 2727
g exterior
f 2733 2766 2767 959
f 2766 2768 2769 2767
f 2767 2769 2770 959
f 959 2770 2771 960
f 960 2771 1001 961
f 970 1013 2772 973
f 973 2772 2773 974
f 974 2773 2774 2775
f 2775 2774 2776 2777
f 974 2775 2777 2734
g interior
f 2778 2779 2780 2781
f 2779 2782 2783 2780
f 2780 2783 2784 2785
f 2781 2780 2785 2741
f 2741 2785 2786 2742
f 2785 2784 2787 2786
f 2742 2786 2787 2743
f 2743 2787 1014 978
f 981 1022 2788 2744
f 2744 2788 2789 2745
f 2788 2790 2791 2789
f 2789 2791 2747 2745
g exterior
f 2751 2792 2793 2752
f 2792 2794 2795 2793
f 2752 2793 2795 2753
f 2753 2795 1023 985
f 991 990 2796 2754
f 2754 2796 2797 2798
f 2798 2797 2799 2800
f 2754 2798 2800 2756
g interior
f 2760 2801 2802 2761
f 2801 2803 2804 2802
f 2802 2804 2805 2761
f 2761 2805 994 992
f 1000 999 1036 2762
f 2762 1036 1039 2764
f 2764 1039 2806 2807
f 1039 2808 2809 2806
f 2806 2809 2810 2807
g exterior
f 2768 2811 2812 2769
f 2811 2813 2814 2812
f 2812 2814 2815 2816
f 2769 2812 2816 2770
f 2770 2816 2817 2771
f 2816 2815 2818 2817
f 2817 2818 2819 2771
f 2771 2819 1003 1001
f 1013 1012 2820 2772
f 2772 2820 2821 2822
f 2822 2821 2823 2824
f 2772 2822 2824 2773
f 2773 2824 2825 2774
f 2824 2823 2826 2825
f 2825 2826 2827 2828
f 2774 2825 2828 2776
g interior
f 2829 2830 2831 2832
f 2830 2833 2834 2831
f 2831 2834 2835 2836
f 2832 2831 2836 2782
f 2782 2836 2837 2783
f 2836 2835 1053 2837
f 2783 2837 1053 2784
f 2784 1053 1056 2787
f 2787 1056 1016 1014
f 1022 1021 2838 2788
f 2788 2838 2839 2840
f 2840 2839 2841 2842
f 2788 2840 2842 2790
g exterior
f 2794 2843 2844 2795
f 2843 2845 2846 2844
f 2844 2846 2847 2795
f 2795 2847 1025 1023
f 990 1031 2848 2796
f 2796 2848 2849 2797
f 2848 2850 2851 2849
f 2849 2851 2799 2797
g interior
f 2803 2852 2853 2804
f 2852 2854 2855 2853
f 2804 2853 2855 2805
f 2805 2855 1032 994
f 1039 1038 2856 2857
f 2857 2856 2858 2859
f 1039 2857 2859 2808
g exterior
f 2815 2860 2861 2818
f 2860 2862 2863 2861
f 2818 2861 2863 2819
f 2819 2863 2864 1003
f 1003 2864 2865 1004
f 1004 2865 1040 1005
f 1012 1052 2866 2867
f 2867 2866 2868 2869
f 1012 2867 2869 2820
f 2820 2869 2870 2821
f 2869 2868 2871 2870
f 2870 2871 2872 2873
f 2821 2870 2873 2823
g interior
f 2874 2875 2876 2877
f 2875 2878 2879 2876
f 2876 2879 2880 2881
f 2877 2876 2881 2833
f 2833 2881 2882 2834
f 2881 2880 2883 2882
f 2834 2882 2883 2835
f 2835 2883 1054 1053
f 1021 1065 2884 2838
f 2838 2884 2885 2839
f 2884 2886 2887 2885
f 2885 2887 2841 2839
g exterior
f 2845 2888 2889 2846
f 2888 2890 2891 2889
f 2846 2889 2891 2847
f 2847 2891 1066 1025
f 1031 1030 2892 2848
f 2848 2892 2893 2894
f 2894 2893 2895 2896
f 2848 2894 2896 2850
g interior
f 2854 2897 2898 2855
f 2897 2899 2900 2898
f 2898 2900 2901 2855
f 2855 2901 1034 1032
f 1038 1037 2902 2856
f 1037 2903 2904 2902
f 2902 2904 2858 2856
g exterior
f 2862 2905 2906 2863
f 2905 2907 2908 2906
f 2906 2908 2909 2863
f 2863 2909 2910 2911
f 2911 2910 2912 2913
f 2863 2911 2913 2864
f 2864 2913 2914 2865
f 2913 2912 2915 2914
f 2914 2915 2916 2865
f 2865 2916 1042 1040
f 1052 1051 2917 2866
f 1051 2918 2919 2917
f 2917 2919 2868 2866
g interior
f 2878 2920 2921 2879
f 2920 2922 1083 2921
f 2879 2921 1083 2880
f 2880 1083 1086 2883
f 2883 1086 1057 1054
f 1065 1064 2923 2884
f 2884 2923 2924 2925
f 2925 2924 2926 2927
f 2884 2925 2927 2886
g exterior
f 2890 2928 2929 2891
f 2928 2930 2931 2929
f 2929 2931 2932 2891
f 2891 2932 1068 1066
f 1030 1074 2933 2892
f 2892 2933 2934 2893
f 2933 2935 2936 2934
f 2934 2936 2895 2893
g interior
f 2899 2937 2938 2900
f 2937 2939 2940 2938
f 2900 2938 2940 2901
f 2901 2940 1075 1034
f 1037 1082 2941 2903
f 2903 2941 2942 2943
f 2941 2944 2945 2942
f 2942 2945 2946 2943
g exterior
f 2916 2947 2948 1042
f 2947 2949 2950 2948
f 2948 2950 2951 1042
f 1042 2951 2952 2953
f 2953 2952 2954 2955
f 1042 2953 2955 1043
f 1043 2955 2956 1044
f 2955 2954 2957 2956
f 2956 2957 2958 1044
f 1044 2958 2959 2960
f 2960 2959 2961 2962
f 1044 2960 2962 1047
f 1047 2962 2963 1048
f 2962 2961 2964 2963
f 2963 2964 2965 1048
f 1048 2965 2966 2967
f 2967 2966 2968 2969
f 1048 2967 2969 1049
f 1049 2969 2970 1051
f 2969 2968 2971 2970
f 2970 2971 2972 1051
f 1051 2972 2973 2974
f 2974 2973 2975 2976
f 1051 2974 2976 2918
g interior
f 2977 2978 2979 2980
f 2978 2981 2982 2979
f 2980 2979 2982 2922
f 2922 2982 1084 1083
f 1064 1097 2983 2923
f 2923 2983 2984 2924
f 2983 2985 2986 2984
f 2984 2986 2926 2924
g exterior
f 2930 2987 2988 2931
f 2987 2989 2990 2988
f 2931 2988 2990 2932
f 2932 2990 1098 1068
f 1074 1073 2991 2933
f 2933 2991 2992 2993
f 2993 2992 2994 2995
f 2933 2993 2995 2935
g interior
f 2939 2996 2997 2940
f 2996 2998 2999 2997
f 2997 2999 3000 2940
f 2940 3000 1077 1075
f 1082 1081 3001 2941
f 2941 3001 3002 3003
f 3003 3002 3004 3005
f 2941 3003 3005 2944
f 3006 3007 3008 3009
f 3007 3010 1113 3008
f 3009 3008 1113 2981
f 2981 1113 1116 2982
f 2982 1116 1087 1084
f 1097 1096 3011 2983
f 2983 3011 3012 3013
f 3013 3012 3014 3015
f 2983 3013 3015 2985
g exterior
f 2989 3016 3017 2990
f 3016 3018 3019 3017
f 3017 3019 3020 2990
f 2990 3020 1100 1098
f 1073 1106 3021 2991
f 2991 3021 3022 2992
f 3021 3023 3024 3022
f 3022 3024 2994 2992
g interior
f 2998 3025 3026 2999
f 3025 3027 3028 3026
f 2999 3026 3028 3000
f 3000 3028 1107 1077
f 1081 1112 3029 3001
f 3001 3029 3030 3002
f 3029 3031 3032 3030
f 3030 3032 3004 3002
f 3004 3032 3033 3034
f 3032 3031 3035 3033
f 3034 3033 3035 3036
f 3036 3035 3037 3038
f 3035 3039 3040 3037
f 3037 3040 3041 3038
f 3041 3040 3042 3043
f 3040 3039 3044 3042
f 3042 3044 3045 3046
f 3043 3042 3046 3047
f 3010 3048 3049 1113
f 3048 3050 3051 3049
f 3049 3051 1114 1113
f 1096 1124 3052 3011
f 3011 3052 3053 3012
f 3052 3054 3055 3053
f 3053 3055 3014 3012
g exterior
f 3018 3056 3057 3019
f 3056 3058 3059 3057
f 3019 3057 3059 3020
f 3020 3059 1125 1100
f 1106 1105 3060 3021
f 3021 3060 3061 3062
f 3062 3061 3063 3064
f 3021 3062 3064 3023
g interior
f 3027 3065 3066 3028
f 3065 3067 3068 3066
f 3066 3068 3069 3028
f 3028 3069 1109 1107
f 1112 1111 1140 3029
f 3029 1140 1143 3031
f 3031 1143 1145 3035
f 3035 1145 1147 3039
f 3039 1147 3070 3044
f 1147 1149 3071 3070
f 3070 3071 3045 3044
f 3045 3071 3072 3073
f 3071 1149 1152 3072
f 3073 3072 1152 3074
f 3074 1152 3075 3076
f 1152 1154 3077 3075
f 3075 3077 3078 3076
f 3078 3077 3079 3080
f 3077 1154 1156 3079
f 3080 3079 1156 3081
f 3081 1156 3082 3083
f 1156 1158 3084 3082
f 3082 3084 3085 3083
f 3085 3084 3086 3087
f 3084 1158 1161 3086
f 3087 3086 1161 3088
f 3088 1161 3089 3090
f 1161 3091 3092 3089
f 3089 3092 3093 3090
f 3093 3092 3094 3095
f 3092 3091 3096 3094
f 3094 3096 3097 3098
f 3095 3094 3098 3099
f 3100 3101 3102 3103
f 3101 3104 3105 3102
f 3102 3105 3106 3107
f 3103 3102 3107 3050
f 3050 3107 3108 3051
f 3107 3106 1117 3108
f 3051 3108 1117 1114
f 1124 1123 3109 3052
f 3052 3109 3110 3111
f 3111 3110 3112 3113
f 3052 3111 3113 3054
g exterior
f 3058 3114 3115 3059
f 3114 3116 3117 3115
f 3115 3117 3118 3059
f 3059 3118 1127 1125
f 1105 1133 3119 3060
f 3060 3119 3120 3061
f 3119 3121 3122 3120
f 3120 3122 3063 3061
g interior
f 3067 3123 3124 3068
f 3123 3125 3126 3124
f 3068 3124 3126 3069
f 3069 3126 1134 1109
f 1161 1160 3127 3091
f 3091 3127 3128 3096
f 3127 3129 3130 3128
f 3128 3130 3097 3096
f 3097 3130 3131 3132
f 3130 3129 3133 3131
f 3132 3131 3133 3134
f 3134 3133 3135 3136
f 3133 3137 3138 3135
f 3135 3138 3139 3136
f 3139 3138 3140 3141
f 3138 3137 3142 3140
f 3141 3140 3142 3143
f 3143 3142 3144 3145
f 3142 3146 3147 3144
f 3144 3147 3104 3145
f 3104 3147 3148 3105
f 3147 3146 3149 3148
f 3105 3148 3149 3106
f 3106 3149 1162 1117
f 1123 1169 3150 3109
f 3109 3150 3151 3110
f 3150 3152 3153 3151
f 3151 3153 3112 3110
g exterior
f 3116 3154 3155 3117
f 3154 3156 3157 3155
f 3117 3155 3157 3118
f 3118 3157 1170 1127
f 1133 1132 3158 3119
f 3119 3158 3159 3160
f 3160 3159 3161 3162
f 3119 3160 3162 3121
g interior
f 3125 3163 3164 3126
f 3163 3165 3166 3164
f 3164 3166 3167 3126
f 3126 3167 1136 1134
f 1160 1159 1183 3127
f 3127 1183 1185 3129
f 3129 1185 1187 3133
f 3133 1187 1188 3137
f 3137 1188 1190 3142
f 3142 1190 1192 3146
f 3146 1192 1194 3149
f 3149 1194 1164 1162
f 1169 1168 3168 3150
f 3150 3168 3169 3170
f 3170 3169 3171 3172
f 3150 3170 3172 3152
g exterior
f 3156 3173 3174 3157
f 3173 3175 3176 3174
f 3174 3176 3177 3157
f 3157 3177 1172 1170
f 1132 1178 3178 3158
f 3158 3178 3179 3159
f 3178 3180 3181 3179
f 3179 3181 3161 3159
g interior
f 3165 3182 3183 3166
f 3182 3184 3185 3183
f 3166 3183 3185 3167
f 3167 3185 1179 1136
f 1168 1197 3186 3168
f 3168 3186 3187 3169
f 3186 3188 3189 3187
f 3187 3189 3171 3169
g exterior
f 3175 3190 3191 3176
f 3190 3192 3193 3191
f 3176 3191 3193 3177
f 3177 3193 1198 1172
f 1178 1177 3194 3178
f 3178 3194 3195 3196
f 3196 3195 3197 3198
f 3178 3196 3198 3180
g interior
f 3184 3199 3200 3185
f 3199 3201 3202 3200
f 3200 3202 3203 3185
f 3185 3203 1181 1179
f 1197 1196 3204 3186
f 3186 3204 3205 3206
f 3206 3205 3207 3208
f 3186 3206 3208 3188
g exterior
f 3192 3209 3210 3193
f 3209 3211 3212 3210
f 3210 3212 3213 3193
f 3193 3213 1200 1198
f 1177 1206 3214 3194
f 3194 3214 3215 3195
f 3214 3216 3217 3215
f 3215 3217 3197 3195
g interior
f 3201 3218 3219 3202
f 3218 3220 3221 3219
f 3202 3219 3221 3203
f 3203 3221 1207 1181
f 1196 1214 3222 3204
f 3204 3222 3223 3205
f 3222 3224 3225 3223
f 3223 3225 3207 3205
g exterior
f 3211 3226 3227 3212
f 3226 3228 3229 3227
f 3212 3227 3229 3213
f 3213 3229 1215 1200
f 1206 1205 3230 3214
f 3214 3230 3231 3232
f 3232 3231 3233 3234
f 3214 3232 3234 3216
g interior
f 3220 3235 3236 3221
f 3235 3237 3238 3236
f 3236 3238 3239 3221
f 3221 3239 1209 1207
f 1214 1213 3240 3222
f 3222 3240 3241 3242
f 3242 3241 3243 3244
f 3222 3242 3244 3224
g exterior
f 3228 3245 3246 3229
f 3245 3247 3248 3246
f 3246 3248 3249 3229
f 3229 3249 1217 1215
f 1205 1223 3250 3230
f 3230 3250 3251 3231
f 3250 3252 3253 3251
f 3251 3253 3233 3231
g interior
f 3237 3254 3255 3238
f 3254 3256 3257 3255
f 3238 3255 3257 3239
f 3239 3257 1224 1209
f 1213 1229 3258 3240
f 3240 3258 3259 3241
f 3258 3260 3261 3259
f 3259 3261 3243 3241
g exterior
f 3247 3262 3263 3248
f 3262 3264 3265 3263
f 3248 3263 3265 3249
f 3249 3265 1230 1217
f 1223 1222 3266 3250
f 3250 3266 3267 3268
f 3268 3267 3269 3270
f 3250 3268 3270 3252
g interior
f 3256 3271 3272 3257
f 3271 3273 3274 3272
f 3272 3274 3275 3257
f 3257 3275 1226 1224
f 1229 1228 3276 3258
f 3258 3276 3277 3278
f 3278 3277 3279 3280
f 3258 3278 3280 3260
g exterior
f 3264 3281 3282 3265
f 3281 3283 3284 3282
f 3282 3284 3285 3265
f 3265 3285 1232 1230
f 1222 1238 3286 3266
f 3266 3286 3287 3267
f 3286 3288 3289 3287
f 3287 3289 3269 3267
g interior
f 3273 3290 3291 3274
f 3290 3292 3293 3291
f 3274 3291 3293 3275
f 3275 3293 1239 1226
f 1228 1263 3294 3276
f 3276 3294 3295 3277
f 3294 3296 3297 3295
f 3295 3297 3279 3277
g exterior
f 3283 3298 3299 3284
f 3298 3300 3301 3299
f 3284 3299 3301 3285
f 3285 3301 1264 1232
f 1238 1237 3302 3286
f 3286 3302 3303 3304
f 3304 3303 3305 3306
f 3286 3304 3306 3288
g interior
f 3292 3307 3308 3293
f 3307 3309 3310 3308
f 3308 3310 3311 3293
f 3293 3311 1241 1239
f 1263 1262 3312 3294
f 3294 3312 3313 3314
f 3314 3313 3315 3316
f 3294 3314 3316 3296
g exterior
f 3300 3317 3318 3301
f 3317 3319 3320 3318
f 3318 3320 3321 3301
f 3301 3321 1266 1264
f 1237 1272 3322 3302
f 3302 3322 3323 3303
f 3322 3324 3325 3323
f 3323 3325 3305 3303
g interior
f 3309 3326 3327 3310
f 3326 3328 3329 3327
f 3310 3327 3329 3311
f 3311 3329 1273 1241
f 1262 1338 3330 3312
f 3312 3330 3331 3313
f 3330 3332 3333 3331
f 3331 3333 3315 3313
g exterior
f 3319 3334 3335 3320
f 3334 3336 3337 3335
f 3320 3335 3337 3321
f 3321 3337 1339 1266
f 1272 1271 3338 3322
f 3322 3338 3339 3340
f 3340 3339 3341 3342
f 3322 3340 3342 3324
g interior
f 3328 3343 3344 3329
f 3343 3345 3346 3344
f 3344 3346 3347 3329
f 3329 3347 1275 1273
f 1338 1337 3348 3330
f 3330 3348 3349 3350
f 3350 3349 3351 3352
f 3330 3350 3352 3332
g exterior
f 3336 3353 3354 3337
f 3353 3355 3356 3354
f 3354 3356 3357 3337
f 3337 3357 1341 1339
f 1271 1347 3358 3338
f 3338 3358 3359 3339
f 3358 3360 3361 3359
f 3359 3361 3341 3339
g interior
f 3345 3362 3363 3346
f 3362 3364 3365 3363
f 3363 3365 3366 3367
f 3346 3363 3367 3347
f 3347 3367 3368 1275
f 3367 3366 3369 3368
f 3368 3369 3370 1275
f 1275 3370 3371 3372
f 3372 3371 3373 3374
f 1275 3372 3374 1276
f 1276 3374 3375 1277
f 3374 3373 3376 3375
f 3375 3376 3377 1277
f 1277 3377 3378 3379
f 3379 3378 3380 3381
f 1277 3379 3381 1280
f 1280 3381 3382 1281
f 3381 3380 3383 3382
f 3382 3383 3384 1281
f 1281 3384 3385 3386
f 3386 3385 3387 3388
f 1281 3386 3388 1282
f 1282 3388 3389 1284
f 3388 3387 3390 3389
f 3389 3390 3391 1284
f 1284 3391 3392 3393
f 3393 3392 3394 3395
f 1284 3393 3395 1287
f 1287 3395 3396 1288
f 3395 3394 3397 3396
f 3396 3397 3398 1288
f 1288 3398 3399 3400
f 3400 3399 3401 3402
f 1288 3400 3402 1289
f 1289 3402 3403 1291
f 3402 3401 3404 3403
f 3403 3404 3405 1291
f 1291 3405 3406 3407
f 3407 3406 3408 3409
f 1291 3407 3409 1294
f 1294 3409 3410 1295
f 3409 3408 3411 3410
f 3410 3411 3412 1295
f 1295 3412 3413 3414
f 3414 3413 3415 3416
f 1295 3414 3416 1296
f 1296 3416 3417 1298
f 3416 3415 3418 3417
f 3417 3418 3419 1298
f 1298 3419 3420 3421
f 3421 3420 3422 3423
f 1298 3421 3423 1301
f 1301 3423 3424 1302
f 3423 3422 3425 3424
f 3424 3425 3426 1302
f 1302 3426 3427 3428
f 3428 3427 3429 3430
f 1302 3428 3430 1303
f 1303 3430 3431 1305
f 3430 3429 3432 3431
f 3431 3432 3433 1305
f 1305 3433 3434 3435
f 3435 3434 3436 3437
f 1305 3435 3437 1308
f 1308 3437 3438 1309
f 3437 3436 3439 3438
f 3438 3439 3440 1309
f 1309 3440 3441 3442
f 3442 3441 3443 3444
f 1309 3442 3444 1310
f 1310 3444 3445 1312
f 3444 3443 3446 3445
f 3445 3446 3447 1312
f 1312 3447 3448 3449
f 3449 3448 3450 3451
f 1312 3449 3451 1315
f 1315 3451 3452 1316
f 3451 3450 3453 3452
f 3452 3453 3454 1316
f 1316 3454 3455 3456
f 3456 3455 3457 3458
f 1316 3456 3458 1317
f 1317 3458 3459 1319
f 3458 3457 3460 3459
f 3459 3460 3461 1319
f 1319 3461 3462 3463
f 3463 3462 3464 3465
f 1319 3463 3465 1322
f 1322 3465 3466 1323
f 3465 3464 3467 3466
f 3466 3467 3468 1323
f 1323 3468 3469 3470
f 3470 3469 3471 3472
f 1323 3470 3472 1324
f 1324 3472 3473 1326
f 3472 3471 3474 3473
f 3473 3474 3475 1326
f 1326 3475 3476 3477
f 3477 3476 3478 3479
f 1326 3477 3479 1329
f 1329 3479 3480 1330
f 3479 3478 3481 3480
f 3480 3481 3482 1330
f 1330 3482 3483 3484
f 3484 3483 3485 3486
f 1330 3484 3486 1331
f 1331 3486 3487 1333
f 3486 3485 3488 3487
f 3487 3488 3489 1333
f 1333 3489 3490 3491
f 3491 3490 3492 3493
f 1333 3491 3493 1336
f 1336 3493 3494 1337
f 3493 3492 3495 3494
f 3494 3495 3496 1337
f 1337 3496 3497 3498
f 3498 3497 3499 3500
f 1337 3498 3500 3348
f 3348 3500 3501 3349
f 3500 3499 3502 3501
f 3501 3502 3503 3504
f 3349 3501 3504 3351
g exterior
f 3355 3505 3506 3356
f 3505 3507 3508 3506
f 3356 3506 3508 3357
f 3357 3508 1348 1341
f 1347 1346 3509 3358
f 3358 3509 3510 3511
f 3511 3510 3512 3513
f 3358 3511 3513 3360
f 3507 3514 3515 3508
f 3514 3516 3517 3515
f 3515 3517 3518 3508
f 3508 3518 1350 1348
f 1346 1356 3519 3509
f 3509 3519 3520 3510
f 3519 3521 3522 3520
f 3520 3522 3512 3510
f 3516 3523 3524 3517
f 3523 3525 3526 3524
f 3517 3524 3526 3518
f 3518 3526 1357 1350
f 1356 1355 1367 3519
f 3519 1367 1369 3521
f 3521 1369 3527 3528
f 1369 1371 3529 3527
f 3527 3529 3530 3528
f 3530 3529 3531 3532
f 3529 1371 1374 3531
f 3532 3531 1374 3533
f 3533 1374 3534 3535
f 1374 1376 3536 3534
f 3534 3536 3537 3535
f 3537 3536 3538 3539
f 3536 1376 1378 3538
f 3539 3538 1378 3540
f 3540 1378 3541 3542
f 1378 1380 3543 3541
f 3541 3543 3544 3542
f 3544 3543 3545 3546
f 3543 1380 1383 3545
f 3546 3545 1383 3547
f 3547 1383 3548 3549
f 1383 1385 3550 3548
f 3548 3550 3551 3549
f 3551 3550 3552 3553
f 3550 1385 1387 3552
f 3553 3552 1387 3554
f 3554 1387 3555 3556
f 1387 1389 3557 3555
f 3555 3557 3558 3556
f 3558 3557 3559 3560
f 3557 1389 1392 3559
f 3560 3559 1392 3561
f 3561 1392 3562 3563
f 1392 1394 3564 3562
f 3562 3564 3565 3563
f 3565 3564 3566 3567
f 3564 1394 1396 3566
f 3567 3566 1396 3568
f 3568 1396 3569 3570
f 1396 1398 3571 3569
f 3569 3571 3572 3570
f 3572 3571 3573 3574
f 3571 1398 1401 3573
f 3574 3573 1401 3575
f 3575 1401 3576 3577
f 1401 1403 3578 3576
f 3576 3578 3579 3577
f 3579 3578 3580 3581
f 3578 1403 1405 3580
f 3581 3580 1405 3582
f 3582 1405 3583 3584
f 1405 1407 3585 3583
f 3583 3585 3586 3584
f 3586 3585 3587 3588
f 3585 1407 1410 3587
f 3588 3587 1410 3589
f 3589 1410 3590 3591
f 1410 1412 3592 3590
f 3590 3592 3593 3591
f 3593 3592 3594 3595
f 3592 1412 1414 3594
f 3595 3594 1414 3596
f 3596 1414 3597 3598
f 1414 1416 3599 3597
f 3597 3599 3600 3598
f 3600 3599 3601 3602
f 3599 1416 1419 3601
f 3602 3601 1419 3603
f 3603 1419 3604 3605
f 1419 1421 3606 3604
f 3604 3606 3607 3605
f 3607 3606 3608 3609
f 3606 1421 1423 3608
f 3609 3608 1423 3610
f 3610 1423 3611 3612
f 1423 1425 3613 3611
f 3611 3613 3614 3612
f 3614 3613 3615 3616
f 3613 1425 1428 3615
f 3616 3615 1428 3617
f 3617 1428 3618 3619
f 1428 1430 3620 3618
f 3618 3620 3621 3619
f 3621 3620 3622 3623
f 3620 1430 1432 3622
f 3623 3622 1432 3624
f 3624 1432 3625 3626
f 1432 1434 3627 3625
f 3625 3627 3628 3626
f 3628 3627 3629 3630
f 3627 1434 1437 3629
f 3630 3629 1437 3631
f 3631 1437 3632 3633
f 1437 1439 3634 3632
f 3632 3634 3635 3633
f 3635 3634 3636 3637
f 3634 1439 1441 3636
f 3637 3636 1441 3638
f 3638 1441 3639 3640
f 1441 1443 3641 3639
f 3639 3641 3642 3640
f 3642 3641 3643 3644
f 3641 1443 1446 3643
f 3644 3643 1446 3645
f 3645 1446 3646 3647
f 1446 1448 3648 3646
f 3646 3648 3649 3647
f 3649 3648 3650 3651
f 3648 1448 1450 3650
f 3651 3650 1450 3652
f 3652 1450 3653 3654
f 1450 1452 3655 3653
f 3653 3655 3656 3654
f 3656 3655 3657 3658
f 3655 1452 1455 3657
f 3658 3657 1455 3659
f 3659 1455 3660 3661
f 1455 1457 3662 3660
f 3660 3662 3663 3661
f 3663 3662 3664 3665
f 3662 1457 1459 3664
f 3665 3664 1459 3666
f 3666 1459 3667 3668
f 1459 1461 3669 3667
f 3667 3669 3670 3668
f 3670 3669 3671 3672
f 3669 1461 1464 3671
f 3672 3671 1464 3673
f 3673 1464 3674 3675
f 1464 1466 3676 3674
f 3674 3676 3677 3675
f 3677 3676 3678 3679
f 3676 1466 1468 3678
f 3679 3678 1468 3525
f 3525 1468 1470 3526
f 3526 1470 1359 1357
f 1503 1663 3680 1504
f 1504 3680 3681 1506
f 1506 3681 3682 1509
f 1509 3682 3683 1510
f 1510 3683 3684 1511
f 1511 3684 3685 1513
f 1513 3685 3686 1516
f 1516 3686 3687 1517
f 1517 3687 3688 1518
f 1518 3688 3689 1520
f 1520 3689 3690 1523
f 1523 3690 3691 1524
f 1524 3691 3692 1525
f 1525 3692 3693 1527
f 1527 3693 3694 1530
f 1530 3694 3695 1531
f 1531 3695 3696 1532
f 1532 3696 3697 1534
f 1534 3697 3698 1537
f 1537 3698 3699 1538
f 1538 3699 3700 1539
f 1539 3700 3701 1541
f 1541 3701 3702 1544
f 1544 3702 3703 1545
f 1545 3703 3704 1546
f 1546 3704 3705 1548
f 1548 3705 3706 1551
f 1551 3706 3707 1552
f 1552 3707 3708 1553
f 1553 3708 3709 1555
f 1555 3709 3710 1558
f 1558 3710 3711 1559
f 1559 3711 3712 1560
f 1560 3712 3713 1562
f 1562 3713 3714 1565
f 1565 3714 3715 1566
f 1566 3715 3716 1567
f 1567 3716 3717 1569
f 1569 3717 3718 1572
f 1572 3718 3719 1573
f 1573 3719 3720 1574
f 1574 3720 3721 1576
f 1576 3721 3722 1579
f 1579 3722 3723 1580
f 1580 3723 3724 1581
f 1581 3724 3725 1583
f 1583 3725 3726 1586
f 1586 3726 3727 1587
f 1587 3727 3728 1588
f 1588 3728 3729 1590
f 1590 3729 3730 1593
f 1593 3730 3731 1594
f 1594 3731 3732 1595
f 1595 3732 3733 1597
f 1597 3733 3734 1600
f 1600 3734 3735 1601
f 1601 3735 3736 1602
f 1602 3736 3737 1604
f 1604 3737 3738 1607
f 1607 3738 3739 1608
f 1608 3739 3740 1609
f 1609 3740 3741 1611
f 1611 3741 3742 1614
f 1614 3742 3743 1615
f 1615 3743 3744 1616
f 1616 3744 3745 1618
f 1618 3745 3746 1621
f 1621 3746 3747 1622
f 1622 3747 3748 1623
f 1623 3748 3749 1625
f 1625 3749 3750 1628
f 1628 3750 3751 1629
f 1629 3751 3752 1630
f 1630 3752 3753 1632
f 1632 3753 3754 1635
f 1635 3754 3755 1636
f 1636 3755 3756 1637
f 1637 3756 3757 1639
f 1639 3757 3758 1642
f 1642 3758 3759 1643
f 1643 3759 3760 1644
f 1644 3760 3761 1646
f 1646 3761 3762 1649
f 1649 3762 3763 1650
f 1650 3763 3764 1651
f 1651 3764 3765 1653
f 1653 3765 3766 1656
f 1656 3766 1664 1657
f 1663 1662 3767 3680
f 3680 3767 3768 3769
f 3769 3768 3770 3771
f 3680 3769 3771 3681
f 3681 3771 3772 3682
f 3771 3770 3773 3772
f 3772 3773 3774 3682
f 3682 3774 3775 3776
f 3776 3775 3777 3778
f 3682 3776 3778 3683
f 3683 3778 3779 3684
f 3778 3777 3780 3779
f 3779 3780 3781 3684
f 3684 3781 3782 3783
f 3783 3782 3784 3785
f 3684 3783 3785 3685
f 3685 3785 3786 3686
f 3785 3784 3787 3786
f 3786 3787 3788 3686
f 3686 3788 3789 3790
f 3790 3789 3791 3792
f 3686 3790 3792 3687
f 3687 3792 3793 3688
f 3792 3791 3794 3793
f 3793 3794 3795 3688
f 3688 3795 3796 3797
f 3797 3796 3798 3799
f 3688 3797 3799 3689
f 3689 3799 3800 3690
f 3799 3798 3801 3800
f 3800 3801 3802 3690
f 3690 3802 3803 3804
f 3804 3803 3805 3806
f 3690 3804 3806 3691
f 3691 3806 3807 3692
f 3806 3805 3808 3807
f 3807 3808 3809 3692
f 3692 3809 3810 3811
f 3811 3810 3812 3813
f 3692 3811 3813 3693
f 3693 3813 3814 3694
f 3813 3812 3815 3814
f 3814 3815 3816 3694
f 3694 3816 3817 3818
f 3818 3817 3819 3820
f 3694 3818 3820 3695
f 3695 3820 3821 3696
f 3820 3819 3822 3821
f 3821 3822 3823 3696
f 3696 3823 3824 3825
f 3825 3824 3826 3827
f 3696 3825 3827 3697
f 3697 3827 3828 3698
f 3827 3826 3829 3828
f 3828 3829 3830 3698
f 3698 3830 3831 3832
f 3832 3831 3833 3834
f 3698 3832 3834 3699
f 3699 3834 3835 3700
f 3834 3833 3836 3835
f 3835 3836 3837 3700
f 3700 3837 3838 3839
f 3839 3838 3840 3841
f 3700 3839 3841 3701
f 3701 3841 3842 3702
f 3841 3840 3843 3842
f 3842 3843 3844 3702
f 3702 3844 3845 3846
f 3846 3845 3847 3848
f 3702 3846 3848 3703
f 3703 3848 3849 3704
f 3848 3847 3850 3849
f 3849 3850 3851 3704
f 3704 3851 3852 3853
f 3853 3852 3854 3855
f 3704 3853 3855 3705
f 3705 3855 3856 3706
f 3855 3854 3857 3856
f 3856 3857 3858 3706
f 3706 3858 3859 3860
f 3860 3859 3861 3862
f 3706 3860 3862 3707
f 3707 3862 3863 3708
f 3862 3861 3864 3863
f 3863 3864 3865 3708
f 3708 3865 3866 3867
f 3867 3866 3868 3869
f 3708 3867 3869 3709
f 3709 3869 3870 3710
f 3869 3868 3871 3870
f 3870 3871 3872 3710
f 3710 3872 3873 3874
f 3874 3873 3875 3876
f 3710 3874 3876 3711
f 3711 3876 3877 3712
f 3876 3875 3878 3877
f 3877 3878 3879 3712
f 3712 3879 3880 3881
f 3881 3880 3882 3883
f 3712 3881 3883 3713
f 3713 3883 3884 3714
f 3883 3882 3885 3884
f 3884 3885 3886 3714
f 3714 3886 3887 3888
f 3888 3887 3889 3890
f 3714 3888 3890 3715
f 3715 3890 3891 3716
f 3890 3889 3892 3891
f 3891 3892 3893 3716
f 3716 3893 3894 3895
f 3895 3894 3896 3897
f 3716 3895 3897 3717
f 3717 3897 3898 3718
f 3897 3896 3899 3898
f 3898 3899 3900 3718
f 3718 3900 3901 3902
f 3902 3901 3903 3904
f 3718 3902 3904 3719
f 3719 3904 3905 3720
f 3904 3903 3906 3905
f 3905 3906 3907 3720
f 3720 3907 3908 3909
f 3909 3908 3910 3911
f 3720 3909 3911 3721
f 3721 3911 3912 3722
f 3911 3910 3913 3912
f 3912 3913 3914 3722
f 3722 3914 3915 3916
f 3916 3915 3917 3918
f 3722 3916 3918 3723
f 3723 3918 3919 3724
f 3918 3917 3920 3919
f 3919 3920 3921 3724
f 3724 3921 3922 3923
f 3923 3922 3924 3925
f 3724 3923 3925 3725
f 3725 3925 3926 3726
f 3925 3924 3927 3926
f 3926 3927 3928 3726
f 3726 3928 3929 3930
f 3930 3929 3931 3932
f 3726 3930 3932 3727
f 3727 3932 3933 3728
f 3932 3931 3934 3933
f 3933 3934 3935 3728
f 3728 3935 3936 3937
f 3937 3936 3938 3939
f 3728 3937 3939 3729
f 3729 3939 3940 3730
f 3939 3938 3941 3940
f 3940 3941 3942 3730
f 3730 3942 3943 3944
f 3944 3943 3945 3946
f 3730 3944 3946 3731
f 3731 3946 3947 3732
f 3946 3945 3948 3947
f 3947 3948 3949 3732
f 3732 3949 3950 3951
f 3951 3950 3952 3953
f 3732 3951 3953 3733
f 3733 3953 3954 3734
f 3953 3952 3955 3954
f 3954 3955 3956 3734
f 3734 3956 3957 3958
f 3958 3957 3959 3960
f 3734 3958 3960 3735
f 3735 3960 3961 3736
f 3960 3959 3962 3961
f 3961 3962 3963 3736
f 3736 3963 3964 3965
f 3965 3964 3966 3967
f 3736 3965 3967 3737
f 3737 3967 3968 3738
f 3967 3966 3969 3968
f 3968 3969 3970 3738
f 3738 3970 3971 3972
f 3972 3971 3973 3974
f 3738 3972 3974 3739
f 3739 3974 3975 3740
f 3974 3973 3976 3975
f 3975 3976 3977 3740
f 3740 3977 3978 3979
f 3979 3978 3980 3981
f 3740 3979 3981 3741
f 3741 3981 3982 3742
f 3981 3980 3983 3982
f 3982 3983 3984 3742
f 3742 3984 3985 3986
f 3986 3985 3987 3988
f 3742 3986 3988 3743
f 3743 3988 3989 3744
f 3988 3987 3990 3989
f 3989 3990 3991 3744
f 3744 3991 3992 3993
f 3993 3992 3994 3995
f 3744 3993 3995 3745
f 3745 3995 3996 3746
f 3995 3994 3997 3996
f 3996 3997 3998 3746
f 3746 3998 3999 4000
f 4000 3999 4001 4002
f 3746 4000 4002 3747
f 3747 4002 4003 3748
f 4002 4001 4004 4003
f 4003 4004 4005 3748
f 3748 4005 4006 4007
f 4007 4006 4008 4009
f 3748 4007 4009 3749
f 3749 4009 4010 3750
f 4009 4008 4011 4010
f 4010 4011 4012 3750
f 3750 4012 4013 4014
f 4014 4013 4015 4016
f 3750 4014 4016 3751
f 3751 4016 4017 3752
f 4016 4015 4018 4017
f 4017 4018 4019 3752
f 3752 4019 4020 4021
f 4021 4020 4022 4023
f 3752 4021 4023 3753
f 3753 4023 4024 3754
f 4023 4022 4025 4024
f 4024 4025 4026 3754
f 3754 4026 4027 4028
f 4028 4027 4029 4030
f 3754 4028 4030 3755
f 3755 4030 4031 3756
f 4030 4029 4032 4031
f 4031 4032 4033 3756
f 3756 4033 4034 4035
f 4035 4034 4036 4037
f 3756 4035 4037 3757
f 3757 4037 4038 3758
f 4037 4036 4039 4038
f 4038 4039 4040 3758
f 3758 4040 4041 4042
f 4042 4041 4043 4044
f 3758 4042 4044 3759
f 3759 4044 4045 3760
f 4044 4043 4046 4045
f 4045 4046 4047 3760
f 3760 4047 4048 4049
f 4049 4048 4050 4051
f 3760 4049 4051 3761
f 3761 4051 4052 3762
f 4051 4050 4053 4052
f 4052 4053 4054 3762
f 3762 4054 4055 4056
f 4056 4055 4057 4058
f 3762 4056 4058 3763
f 3763 4058 4059 3764
f 4058 4057 4060 4059
f 4059 4060 4061 3764
f 3764 4061 4062 4063
f 4063 4062 4064 4065
f 3764 4063 4065 3765
f 3765 4065 4066 3766
f 4065 4064 4067 4066
f 4066 4067 4068 3766
f 3766 4068 1666 1664
f 1662 1672 4069 4070
f 4070 4069 4071 4072
f 1662 4070 4072 3767
f 4073 4074 4075 4076
f 4071 4077 4075 4074
f 4078 4079 4075 4077
f 4080 4076 4075 4079
g interior
f 4078 4081 4082 4079
f 4083 4084 4082 4081
f 4085 4086 4082 4084
f 4080 4079 4082 4086
g exterior
f 4085 4087 4088 4086
f 3770 4089 4088 4087
f 4090 4091 4088 4089
f 4080 4086 4088 4091
f 4090 4092 4093 4091
f 3767 4094 4093 4092
f 4073 4076 4093 4094
f 4080 4091 4093 4076
g interior
f 4085 4084 4095 4096
f 4083 4097 4095 4084
f 4098 4099 4095 4097
f 4100 4096 4095 4099
g exterior
f 4100 4101 4102 4096
f 3774 3773 4102 4101
f 3770 4087 4102 3773
f 4085 4096 4102 4087
g interior
f 4100 4099 4103 4104
f 4098 4105 4103 4099
f 4106 4107 4103 4105
f 4108 4104 4103 4107
g exterior
f 4108 4109 4110 4104
f 3777 3775 4110 4109
f 3774 4101 4110 3775
f 4100 4104 4110 4101
g interior
f 4108 4107 4111 4112
f 4106 4113 4111 4107
f 4114 4115 4111 4113
f 4116 4112 4111 4115
g exterior
f 4116 4117 4118 4112
f 3781 3780 4118 4117
f 3777 4109 4118 3780
f 4108 4112 4118 4109
g interior
f 4116 4115 4119 4120
f 4114 4121 4119 4115
f 4122 4123 4119 4121
f 4124 4120 4119 4123
g exterior
f 4124 4125 4126 4120
f 3784 3782 4126 4125
f 3781 4117 4126 3782
f 4116 4120 4126 4117
g interior
f 4124 4123 4127 4128
f 4122 4129 4127 4123
f 4130 4131 4127 4129
f 4132 4128 4127 4131
g exterior
f 4132 4133 4134 4128
f 3788 3787 4134 4133
f 3784 4125 4134 3787
f 4124 4128 4134 4125
g interior
f 4132 4131 4135 4136
f 4130 4137 4135 4131
f 4138 4139 4135 4137
f 4140 4136 4135 4139
g exterior
f 4140 4141 4142 4136
f 3791 3789 4142 4141
f 3788 4133 4142 3789
f 4132 4136 4142 4133
g interior
f 4140 4139 4143 4144
f 4138 4145 4143 4139
f 4146 4147 4143 4145
f 4148 4144 4143 4147
g exterior
f 4148 4149 4150 4144
f 3795 3794 4150 4149
f 3791 4141 4150 3794
f 4140 4144 4150 4141
g interior
f 4148 4147 4151 4152
f 4146 4153 4151 4147
f 4154 4155 4151 4153
f 4156 4152 4151 4155
g exterior
f 4156 4157 4158 4152
f 3798 3796 4158 4157
f 3795 4149 4158 3796
f 4148 4152 4158 4149
g interior
f 4156 4155 4159 4160
f 4154 4161 4159 4155
f 4162 4163 4159 4161
f 4164 4160 4159 4163
g exterior
f 4164 4165 4166 4160
f 3802 3801 4166 4165
f 3798 4157 4166 3801
f 4156 4160 4166 4157
g interior
f 4164 4163 4167 4168
f 4162 4169 4167 4163
f 4170 4171 4167 4169
f 4172 4168 4167 4171
g exterior
f 4172 4173 4174 4168
f 3805 3803 4174 4173
f 3802 4165 4174 3803
f 4164 4168 4174 4165
g interior
f 4172 4171 4175 4176
f 4170 4177 4175 4171
f 4178 4179 4175 4177
f 4180 4176 4175 4179
g exterior
f 4180 4181 4182 4176
f 3809 3808 4182 4181
f 3805 4173 4182 3808
f 4172 4176 4182 4173
g interior
f 4180 4179 4183 4184
f 4178 4185 4183 4179
f 4186 4187 4183 4185
f 4188 4184 4183 4187
g exterior
f 4188 4189 4190 4184
f 3812 3810 4190 4189
f 3809 4181 4190 3810
f 4180 4184 4190 4181
g interior
f 4188 4187 4191 4192
f 4186 4193 4191 4187
f 4194 4195 4191 4193
f 4196 4192 4191 4195
g exterior
f 4196 4197 4198 4192
f 3816 3815 4198 4197
f 3812 4189 4198 3815
f 4188 4192 4198 4189
g interior
f 4196 4195 4199 4200
f 4194 4201 4199 4195
f 4202 4203 4199 4201
f 4204 4200 4199 4203
g exterior
f 4204 4205 4206 4200
f 3819 3817 4206 4205
f 3816 4197 4206 3817
f 4196 4200 4206 4197
g interior
f 4204 4203 4207 4208
f 4202 4209 4207 4203
f 4210 4211 4207 4209
f 4212 4208 4207 4211
g exterior
f 4212 4213 4214 4208
f 3823 3822 4214 4213
f 3819 4205 4214 3822
f 4204 4208 4214 4205
g interior
f 4212 4211 4215 4216
f 4210 4217 4215 4211
f 4218 4219 4215 4217
f 4220 4216 4215 4219
g exterior
f 4220 4221 4222 4216
f 3826 3824 4222 4221
f 3823 4213 4222 3824
f 4212 4216 4222 4213
g interior
f 4220 4219 4223 4224
f 4218 4225 4223 4219
f 4226 4227 4223 4225
f 4228 4224 4223 4227
g exterior
f 4228 4229 4230 4224
f 3830 3829 4230 4229
f 3826 4221 4230 3829
f 4220 4224 4230 4221
g interior
f 4228 4227 4231 4232
f 4226 4233 4231 4227
f 4234 4235 4231 4233
f 4236 4232 4231 4235
g exterior
f 4236 4237 4238 4232
f 3833 3831 4238 4237
f 3830 4229 4238 3831
f 4228 4232 4238 4229
g interior
f 4236 4235 4239 4240
f 4234 4241 4239 4235
f 4242 4243 4239 4241
f 4244 4240 4239 4243
g exterior
f 4244 4245 4246 4240
f 3837 3836 4246 4245
f 3833 4237 4246 3836
f 4236 4240 4246 4237
g interior
f 4244 4243 4247 4248
f 4242 4249 4247 4243
f 4250 4251 4247 4249
f 4252 4248 4247 4251
g exterior
f 4252 4253 4254 4248
f 3840 3838 4254 4253
f 3837 4245 4254 3838
f 4244 4248 4254 4245
g interior
f 4252 4251 4255 4256
f 4250 4257 4255 4251
f 4258 4259 4255 4257
f 4260 4256 4255 4259
g exterior
f 4260 4261 4262 4256
f 3844 3843 4262 4261
f 3840 4253 4262 3843
f 4252 4256 4262 4253
g interior
f 4260 4259 4263 4264
f 4258 4265 4263 4259
f 4266 4267 4263 4265
f 4268 4264 4263 4267
g exterior
f 4268 4269 4270 4264
f 3847 3845 4270 4269
f 3844 4261 4270 3845
f 4260 4264 4270 4261
g interior
f 4268 4267 4271 4272
f 4266 4273 4271 4267
f 4274 4275 4271 4273
f 4276 4272 4271 4275
g exterior
f 4276 4277 4278 4272
f 3851 3850 4278 4277
f 3847 4269 4278 3850
f 4268 4272 4278 4269
g interior
f 4276 4275 4279 4280
f 4274 4281 4279 4275
f 4282 4283 4279 4281
f 4284 4280 4279 4283
g exterior
f 4284 4285 4286 4280
f 3854 3852 4286 4285
f 3851 4277 4286 3852
f 4276 4280 4286 4277
g interior
f 4284 4283 4287 4288
f 4282 4289 4287 4283
f 4290 4291 4287 4289
f 4292 4288 4287 4291
g exterior
f 4292 4293 4294 4288
f 3858 3857 4294 4293
f 3854 4285 4294 3857
f 4284 4288 4294 4285
g interior
f 4292 4291 4295 4296
f 4290 4297 4295 4291
f 4298 4299 4295 4297
f 4300 4296 4295 4299
g exterior
f 4300 4301 4302 4296
f 3861 3859 4302 4301
f 3858 4293 4302 3859
f 4292 4296 4302 4293
g interior
f 4300 4299 4303 4304
f 4298 4305 4303 4299
f 4306 4307 4303 4305
f 4308 4304 4303 4307
g exterior
f 4308 4309 4310 4304
f 3865 3864 4310 4309
f 3861 4301 4310 3864
f 4300 4304 4310 4301
g interior
f 4308 4307 4311 4312
f 4306 4313 4311 4307
f 4314 4315 4311 4313
f 4316 4312 4311 4315
g exterior
f 4316 4317 4318 4312
f 3868 3866 4318 4317
f 3865 4309 4318 3866
f 4308 4312 4318 4309
g interior
f 4316 4315 4319 4320
f 4314 4321 4319 4315
f 4322 4323 4319 4321
f 4324 4320 4319 4323
g exterior
f 4324 4325 4326 4320
f 3872 3871 4326 4325
f 3868 4317 4326 3871
f 4316 4320 4326 4317
g interior
f 4324 4323 4327 4328
f 4322 4329 4327 4323
f 4330 4331 4327 4329
f 4332 4328 4327 4331
g exterior
f 4332 4333 4334 4328
f 3875 3873 4334 4333
f 3872 4325 4334 3873
f 4324 4328 4334 4325
g interior
f 4332 4331 4335 4336
f 4330 4337 4335 4331
f 4338 4339 4335 4337
f 4340 4336 4335 4339
g exterior
f 4340 4341 4342 4336
f 3879 3878 4342 4341
f 3875 4333 4342 3878
f 4332 4336 4342 4333
g interior
f 4340 4339 4343 4344
f 4338 4345 4343 4339
f 4346 4347 4343 4345
f 4348 4344 4343 4347
g exterior
f 4348 4349 4350 4344
f 3882 3880 4350 4349
f 3879 4341 4350 3880
f 4340 4344 4350 4341
g interior
f 4348 4347 4351 4352
f 4346 4353 4351 4347
f 4354 4355 4351 4353
f 4356 4352 4351 4355
g exterior
f 4356 4357 4358 4352
f 3886 3885 4358 4357
f 3882 4349 4358 3885
f 4348 4352 4358 4349
g interior
f 4356 4355 4359 4360
f 4354 4361 4359 4355
f 4362 4363 4359 4361
f 4364 4360 4359 4363
g exterior
f 4364 4365 4366 4360
f 3889 3887 4366 4365
f 3886 4357 4366 3887
f 4356 4360 4366 4357
g interior
f 4364 4363 4367 4368
f 4362 4369 4367 4363
f 4370 4371 4367 4369
f 4372 4368 4367 4371
g exterior
f 4372 4373 4374 4368
f 3893 3892 4374 4373
f 3889 4365 4374 3892
f 4364 4368 4374 4365
g interior
f 4372 4371 4375 4376
f 4370 4377 4375 4371
f 4378 4379 4375 4377
f 4380 4376 4375 4379
g exterior
f 4380 4381 4382 4376
f 3896 3894 4382 4381
f 3893 4373 4382 3894
f 4372 4376 4382 4373
g interior
f 4380 4379 4383 4384
f 4378 4385 4383 4379
f 4386 4387 4383 4385
f 4388 4384 4383 4387
g exterior
f 4388 4389 4390 4384
f 3900 3899 4390 4389
f 3896 4381 4390 3899
f 4380 4384 4390 4381
g interior
f 4388 4387 4391 4392
f 4386 4393 4391 4387
f 4394 4395 4391 4393
f 4396 4392 4391 4395
g exterior
f 4396 4397 4398 4392
f 3903 3901 4398 4397
f 3900 4389 4398 3901
f 4388 4392 4398 4389
g interior
f 4396 4395 4399 4400
f 4394 4401 4399 4395
f 4402 4403 4399 4401
f 4404 4400 4399 4403
g exterior
f 4404 4405 4406 4400
f 3907 3906 4406 4405
f 3903 4397 4406 3906
f 4396 4400 4406 4397
g interior
f 4404 4403 4407 4408
f 4402 4409 4407 4403
f 4410 4411 4407 4409
f 4412 4408 4407 4411
g exterior
f 4412 4413 4414 4408
f 3910 3908 4414 4413
f 3907 4405 4414 3908
f 4404 4408 4414 4405
g interior
f 4412 4411 4415 4416
f 4410 4417 4415 4411
f 4418 4419 4415 4417
f 4420 4416 4415 4419
g exterior
f 4420 4421 4422 4416
f 3914 3913 4422 4421
f 3910 4413 4422 3913
f 4412 4416 4422 4413
g interior
f 4420 4419 4423 4424
f 4418 4425 4423 4419
f 4426 4427 4423 4425
f 4428 4424 4423 4427
g exterior
f 4428 4429 4430 4424
f 3917 3915 4430 4429
f 3914 4421 4430 3915
f 4420 4424 4430 4421
g interior
f 4428 4427 4431 4432
f 4426 4433 4431 4427
f 4434 4435 4431 4433
f 4436 4432 4431 4435
g exterior
f 4436 4437 4438 4432
f 3921 3920 4438 4437
f 3917 4429 4438 3920
f 4428 4432 4438 4429
g interior
f 4436 4435 4439 4440
f 4434 4441 4439 4435
f 4442 4443 4439 4441
f 4444 4440 4439 4443
g exterior
f 4444 4445 4446 4440
f 3924 3922 4446 4445
f 3921 4437 4446 3922
f 4436 4440 4446 4437
g interior
f 4444 4443 4447 4448
f 4442 4449 4447 4443
f 4450 4451 4447 4449
f 4452 4448 4447 4451
g exterior
f 4452 4453 4454 4448
f 3928 3927 4454 4453
f 3924 4445 4454 3927
f 4444 4448 4454 4445
g interior
f 4452 4451 4455 4456
f 4450 4457 4455 4451
f 4458 4459 4455 4457
f 4460 4456 4455 4459
g exterior
f 4460 4461 4462 4456
f 3931 3929 4462 4461
f 3928 4453 4462 3929
f 4452 4456 4462 4453
g interior
f 4460 4459 4463 4464
f 4458 4465 4463 4459
f 4466 4467 4463 4465
f 4468 4464 4463 4467
g exterior
f 4468 4469 4470 4464
f 3935 3934 4470 4469
f 3931 4461 4470 3934
f 4460 4464 4470 4461
g interior
f 4468 4467 4471 4472
f 4466 4473 4471 4467
f 4474 4475 4471 4473
f 4476 4472 4471 4475
g exterior
f 4476 4477 4478 4472
f 3938 3936 4478 4477
f 3935 4469 4478 3936
f 4468 4472 4478 4469
g interior
f 4476 4475 4479 4480
f 4474 4481 4479 4475
f 4482 4483 4479 4481
f 4484 4480 4479 4483
g exterior
f 4484 4485 4486 4480
f 3942 3941 4486 4485
f 3938 4477 4486 3941
f 4476 4480 4486 4477
g interior
f 4484 4483 4487 4488
f 4482 4489 4487 4483
f 4490 4491 4487 4489
f 4492 4488 4487 4491
g exterior
f 4492 4493 4494 4488
f 3945 3943 4494 4493
f 3942 4485 4494 3943
f 4484 4488 4494 4485
g interior
f 4492 4491 4495 4496
f 4490 4497 4495 4491
f 4498 4499 4495 4497
f 4500 4496 4495 4499
g exterior
f 4500 4501 4502 4496
f 3949 3948 4502 4501
f 3945 4493 4502 3948
f 4492 4496 4502 4493
g interior
f 4500 4499 4503 4504
f 4498 4505 4503 4499
f 4506 4507 4503 4505
f 4508 4504 4503 4507
g exterior
f 4508 4509 4510 4504
f 3952 3950 4510 4509
f 3949 4501 4510 3950
f 4500 4504 4510 4501
g interior
f 4508 4507 4511 4512
f 4506 4513 4511 4507
f 4514 4515 4511 4513
f 4516 4512 4511 4515
g exterior
f 4516 4517 4518 4512
f 3956 3955 4518 4517
f 3952 4509 4518 3955
f 4508 4512 4518 4509
g interior
f 4516 4515 4519 4520
f 4514 4521 4519 4515
f 4522 4523 4519 4521
f 4524 4520 4519 4523
g exterior
f 4524 4525 4526 4520
f 3959 3957 4526 4525
f 3956 4517 4526 3957
f 4516 4520 4526 4517
g interior
f 4524 4523 4527 4528
f 4522 4529 4527 4523
f 4530 4531 4527 4529
f 4532 4528 4527 4531
g exterior
f 4532 4533 4534 4528
f 3963 3962 4534 4533
f 3959 4525 4534 3962
f 4524 4528 4534 4525
g interior
f 4532 4531 4535 4536
f 4530 4537 4535 4531
f 4538 4539 4535 4537
f 4540 4536 4535 4539
g exterior
f 4540 4541 4542 4536
f 3966 3964 4542 4541
f 3963 4533 4542 3964
f 4532 4536 4542 4533
g interior
f 4540 4539 4543 4544
f 4538 4545 4543 4539
f 4546 4547 4543 4545
f 4548 4544 4543 4547
g exterior
f 4548 4549 4550 4544
f 3970 3969 4550 4549
f 3966 4541 4550 3969
f 4540 4544 4550 4541
g interior
f 4548 4547 4551 4552
f 4546 4553 4551 4547
f 4554 4555 4551 4553
f 4556 4552 4551 4555
g exterior
f 4556 4557 4558 4552
f 3973 3971 4558 4557
f 3970 4549 4558 3971
f 4548 4552 4558 4549
g interior
f 4556 4555 4559 4560
f 4554 4561 4559 4555
f 4562 4563 4559 4561
f 4564 4560 4559 4563
g exterior
f 4564 4565 4566 4560
f 3977 3976 4566 4565
f 3973 4557 4566 3976
f 4556 4560 4566 4557
g interior
f 4564 4563 4567 4568
f 4562 4569 4567 4563
f 4570 4571 4567 4569
f 4572 4568 4567 4571
g exterior
f 4572 4573 4574 4568
f 3980 3978 4574 4573
f 3977 4565 4574 3978
f 4564 4568 4574 4565
g interior
f 4572 4571 4575 4576
f 4570 4577 4575 4571
f 4578 4579 4575 4577
f 4580 4576 4575 4579
g exterior
f 4580 4581 4582 4576
f 3984 3983 4582 4581
f 3980 4573 4582 3983
f 4572 4576 4582 4573
g interior
f 4580 4579 4583 4584
f 4578 4585 4583 4579
f 4586 4587 4583 4585
f 4588 4584 4583 4587
g exterior
f 4588 4589 4590 4584
f 3987 3985 4590 4589
f 3984 4581 4590 3985
f 4580 4584 4590 4581
g interior
f 4588 4587 4591 4592
f 4586 4593 4591 4587
f 4594 4595 4591 4593
f 4596 4592 4591 4595
g exterior
f 4596 4597 4598 4592
f 3991 3990 4598 4597
f 3987 4589 4598 3990
f 4588 4592 4598 4589
g interior
f 4596 4595 4599 4600
f 4594 4601 4599 4595
f 4602 4603 4599 4601
f 4604 4600 4599 4603
g exterior
f 4604 4605 4606 4600
f 3994 3992 4606 4605
f 3991 4597 4606 3992
f 4596 4600 4606 4597
g interior
f 4604 4603 4607 4608
f 4602 4609 4607 4603
f 4610 4611 4607 4609
f 4612 4608 4607 4611
g exterior
f 4612 4613 4614 4608
f 3998 3997 4614 4613
f 3994 4605 4614 3997
f 4604 4608 4614 4605
g interior
f 4612 4611 4615 4616
f 4610 4617 4615 4611
f 4618 4619 4615 4617
f 4620 4616 4615 4619
g exterior
f 4620 4621 4622 4616
f 4001 3999 4622 4621
f 3998 4613 4622 3999
f 4612 4616 4622 4613
g interior
f 4620 4619 4623 4624
f 4618 4625 4623 4619
f 4626 4627 4623 4625
f 4628 4624 4623 4627
g exterior
f 4628 4629 4630 4624
f 4005 4004 4630 4629
f 4001 4621 4630 4004
f 4620 4624 4630 4621
g interior
f 4628 4627 4631 4632
f 4626 4633 4631 4627
f 4634 4635 4631 4633
f 4636 4632 4631 4635
g exterior
f 4636 4637 4638 4632
f 4008 4006 4638 4637
f 4005 4629 4638 4006
f 4628 4632 4638 4629
g interior
f 4636 4635 4639 4640
f 4634 4641 4639 4635
f 4642 4643 4639 4641
f 4644 4640 4639 4643
g exterior
f 4644 4645 4646 4640
f 4012 4011 4646 4645
f 4008 4637 4646 4011
f 4636 4640 4646 4637
g interior
f 4644 4643 4647 4648
f 4642 4649 4647 4643
f 4650 4651 4647 4649
f 4652 4648 4647 4651
g exterior
f 4652 4653 4654 4648
f 4015 4013 4654 4653
f 4012 4645 4654 4013
f 4644 4648 4654 4645
g interior
f 4652 4651 4655 4656
f 4650 4657 4655 4651
f 4658 4659 4655 4657
f 4660 4656 4655 4659
g exterior
f 4660 4661 4662 4656
f 4019 4018 4662 4661
f 4015 4653 4662 4018
f 4652 4656 4662 4653
g interior
f 4660 4659 4663 4664
f 4658 4665 4663 4659
f 4666 4667 4663 4665
f 4668 4664 4663 4667
g exterior
f 4668 4669 4670 4664
f 4022 4020 4670 4669
f 4019 4661 4670 4020
f 4660 4664 4670 4661
g interior
f 4668 4667 4671 4672
f 4666 4673 4671 4667
f 4674 4675 4671 4673
f 4676 4672 4671 4675
g exterior
f 4676 4677 4678 4672
f 4026 4025 4678 4677
f 4022 4669 4678 4025
f 4668 4672 4678 4669
g interior
f 4676 4675 4679 4680
f 4674 4681 4679 4675
f 4682 4683 4679 4681
f 4684 4680 4679 4683
g exterior
f 4684 4685 4686 4680
f 4029 4027 4686 4685
f 4026 4677 4686 4027
f 4676 4680 4686 4677
g interior
f 4684 4683 4687 4688
f 4682 4689 4687 4683
f 4690 4691 4687 4689
f 4692 4688 4687 4691
g exterior
f 4692 4693 4694 4688
f 4033 4032 4694 4693
f 4029 4685 4694 4032
f 4684 4688 4694 4685
g interior
f 4692 4691 4695 4696
f 4690 4697 4695 4691
f 4698 4699 4695 4697
f 4700 4696 4695 4699
g exterior
f 4700 4701 4702 4696
f 4036 4034 4702 4701
f 4033 4693 4702 4034
f 4692 4696 4702 4693
g interior
f 4700 4699 4703 4704
f 4698 4705 4703 4699
f 4706 4707 4703 4705
f 4708 4704 4703 4707
g exterior
f 4708 4709 4710 4704
f 4040 4039 4710 4709
f 4036 4701 4710 4039
f 4700 4704 4710 4701
g interior
f 4708 4707 4711 4712
f 4706 4713 4711 4707
f 4714 4715 4711 4713
f 4716 4712 4711 4715
g exterior
f 4716 4717 4718 4712
f 4043 4041 4718 4717
f 4040 4709 4718 4041
f 4708 4712 4718 4709
g interior
f 4716 4715 4719 4720
f 4714 4721 4719 4715
f 4722 4723 4719 4721
f 4724 4720 4719 4723
g exterior
f 4724 4725 4726 4720
f 4047 4046 4726 4725
f 4043 4717 4726 4046
f 4716 4720 4726 4717
g interior
f 4724 4723 4727 4728
f 4722 4729 4727 4723
f 4730 4731 4727 4729
f 4732 4728 4727 4731
g exterior
f 4732 4733 4734 4728
f 4050 4048 4734 4733
f 4047 4725 4734 4048
f 4724 4728 4734 4725
g interior
f 4732 4731 4735 4736
f 4730 4737 4735 4731
f 4738 4739 4735 4737
f 4740 4736 4735 4739
g exterior
f 4740 4741 4742 4736
f 4054 4053 4742 4741
f 4050 4733 4742 4053
f 4732 4736 4742 4733
g interior
f 4740 4739 4743 4744
f 4738 4745 4743 4739
f 4746 4747 4743 4745
f 4748 4744 4743 4747
g exterior
f 4748 4749 4750 4744
f 4057 4055 4750 4749
f 4054 4741 4750 4055
f 4740 4744 4750 4741
g interior
f 4748 4747 4751 4752
f 4746 4753 4751 4747
f 4754 4755 4751 4753
f 4756 4752 4751 4755
g exterior
f 4756 4757 4758 4752
f 4061 4060 4758 4757
f 4057 4749 4758 4060
f 4748 4752 4758 4749
g interior
f 4756 4755 4759 4760
f 4754 4761 4759 4755
f 4762 4763 4759 4761
f 4764 4760 4759 4763
g exterior
f 4764 4765 4766 4760
f 4064 4062 4766 4765
f 4061 4757 4766 4062
f 4756 4760 4766 4757
g interior
f 4764 4763 4767 4768
f 4762 4769 4767 4763
f 4770 4771 4767 4769
f 4772 4768 4767 4771
g exterior
f 4770 4773 4774 4771
f 4775 4776 4774 4773
f 4777 4778 4774 4776
f 4772 4771 4774 4778
f 4777 4779 4780 4778
f 4068 4781 4780 4779
f 4782 4783 4780 4781
f 4772 4778 4780 4783
f 4782 4784 4785 4783
f 4064 4765 4785 4784
f 4764 4768 4785 4765
f 4772 4783 4785 4768
f 4068 4786 4787 1666
f 4786 4775 4788 4787
f 4787 4788 1673 1666
f 1672 1671 4789 4069
f 1671 4790 4791 4789
f 4789 4791 4071 4069
g interior
f 4792 4793 4794 4795
f 4796 4797 4794 4793
f 4083 4081 4794 4797
f 4078 4795 4794 4081
g exterior
f 4078 4077 4798 4795
f 4071 4791 4798 4077
f 4790 4799 4798 4791
f 4792 4795 4798 4799
g interior
f 4083 4797 4800 4097
f 4797 4796 4801 4800
f 4800 4801 4802 4803
f 4097 4800 4803 4098
f 4098 4803 4804 4105
f 4803 4802 1682 4804
f 4105 4804 1682 4106
f 4106 1682 4805 4113
f 1682 1685 4806 4805
f 4805 4806 4114 4113
f 4114 4806 4807 4121
f 4806 1685 1690 4807
f 4121 4807 1690 4122
f 4122 1690 4808 4129
f 1690 1692 4809 4808
f 4808 4809 4130 4129
f 4130 4809 4810 4137
f 4809 1692 1693 4810
f 4137 4810 1693 4138
f 4138 1693 4811 4145
f 1693 1695 4812 4811
f 4811 4812 4146 4145
f 4146 4812 4813 4153
f 4812 1695 1697 4813
f 4153 4813 1697 4154
f 4154 1697 4814 4161
f 1697 1699 4815 4814
f 4814 4815 4162 4161
f 4162 4815 4816 4169
f 4815 1699 1700 4816
f 4169 4816 1700 4170
f 4170 1700 4817 4177
f 1700 1702 4818 4817
f 4817 4818 4178 4177
f 4178 4818 4819 4185
f 4818 1702 1704 4819
f 4185 4819 1704 4186
f 4186 1704 4820 4193
f 1704 1706 4821 4820
f 4820 4821 4194 4193
f 4194 4821 4822 4201
f 4821 1706 1707 4822
f 4201 4822 1707 4202
f 4202 1707 4823 4209
f 1707 1709 4824 4823
f 4823 4824 4210 4209
f 4210 4824 4825 4217
f 4824 1709 1711 4825
f 4217 4825 1711 4218
f 4218 1711 4826 4225
f 1711 1713 4827 4826
f 4826 4827 4226 4225
f 4226 4827 4828 4233
f 4827 1713 1714 4828
f 4233 4828 1714 4234
f 4234 1714 4829 4241
f 1714 1716 4830 4829
f 4829 4830 4242 4241
f 4242 4830 4831 4249
f 4830 1716 1718 4831
f 4249 4831 1718 4250
f 4250 1718 4832 4257
f 1718 1720 4833 4832
f 4832 4833 4258 4257
f 4258 4833 4834 4265
f 4833 1720 1721 4834
f 4265 4834 1721 4266
f 4266 1721 4835 4273
f 1721 1723 4836 4835
f 4835 4836 4274 4273
f 4274 4836 4837 4281
f 4836 1723 1725 4837
f 4281 4837 1725 4282
f 4282 1725 4838 4289
f 1725 1727 4839 4838
f 4838 4839 4290 4289
f 4290 4839 4840 4297
f 4839 1727 1728 4840
f 4297 4840 1728 4298
f 4298 1728 4841 4305
f 1728 1730 4842 4841
f 4841 4842 4306 4305
f 4306 4842 4843 4313
f 4842 1730 1732 4843
f 4313 4843 1732 4314
f 4314 1732 4844 4321
f 1732 1734 4845 4844
f 4844 4845 4322 4321
f 4322 4845 4846 4329
f 4845 1734 1735 4846
f 4329 4846 1735 4330
f 4330 1735 4847 4337
f 1735 1737 4848 4847
f 4847 4848 4338 4337
f 4338 4848 4849 4345
f 4848 1737 1739 4849
f 4345 4849 1739 4346
f 4346 1739 4850 4353
f 1739 1741 4851 4850
f 4850 4851 4354 4353
f 4354 4851 4852 4361
f 4851 1741 1742 4852
f 4361 4852 1742 4362
f 4362 1742 4853 4369
f 1742 1744 4854 4853
f 4853 4854 4370 4369
f 4370 4854 4855 4377
f 4854 1744 1746 4855
f 4377 4855 1746 4378
f 4378 1746 4856 4385
f 1746 1748 4857 4856
f 4856 4857 4386 4385
f 4386 4857 4858 4393
f 4857 1748 1749 4858
f 4393 4858 1749 4394
f 4394 1749 4859 4401
f 1749 1751 4860 4859
f 4859 4860 4402 4401
f 4402 4860 4861 4409
f 4860 1751 1753 4861
f 4409 4861 1753 4410
f 4410 1753 4862 4417
f 1753 1755 4863 4862
f 4862 4863 4418 4417
f 4418 4863 4864 4425
f 4863 1755 1756 4864
f 4425 4864 1756 4426
f 4426 1756 4865 4433
f 1756 1758 4866 4865
f 4865 4866 4434 4433
f 4434 4866 4867 4441
f 4866 1758 1760 4867
f 4441 4867 1760 4442
f 4442 1760 4868 4449
f 1760 1762 4869 4868
f 4868 4869 4450 4449
f 4450 4869 4870 4457
f 4869 1762 1763 4870
f 4457 4870 1763 4458
f 4458 1763 4871 4465
f 1763 1765 4872 4871
f 4871 4872 4466 4465
f 4466 4872 4873 4473
f 4872 1765 1767 4873
f 4473 4873 1767 4474
f 4474 1767 4874 4481
f 1767 1769 4875 4874
f 4874 4875 4482 4481
f 4482 4875 4876 4489
f 4875 1769 1770 4876
f 4489 4876 1770 4490
f 4490 1770 4877 4497
f 1770 1772 4878 4877
f 4877 4878 4498 4497
f 4498 4878 4879 4505
f 4878 1772 1774 4879
f 4505 4879 1774 4506
f 4506 1774 4880 4513
f 1774 1776 4881 4880
f 4880 4881 4514 4513
f 4514 4881 4882 4521
f 4881 1776 1777 4882
f 4521 4882 1777 4522
f 4522 1777 4883 4529
f 1777 1779 4884 4883
f 4883 4884 4530 4529
f 4530 4884 4885 4537
f 4884 1779 1781 4885
f 4537 4885 1781 4538
f 4538 1781 4886 4545
f 1781 1783 4887 4886
f 4886 4887 4546 4545
f 4546 4887 4888 4553
f 4887 1783 1784 4888
f 4553 4888 1784 4554
f 4554 1784 4889 4561
f 1784 1786 4890 4889
f 4889 4890 4562 4561
f 4562 4890 4891 4569
f 4890 1786 1788 4891
f 4569 4891 1788 4570
f 4570 1788 4892 4577
f 1788 1790 4893 4892
f 4892 4893 4578 4577
f 4578 4893 4894 4585
f 4893 1790 1791 4894
f 4585 4894 1791 4586
f 4586 1791 4895 4593
f 1791 1793 4896 4895
f 4895 4896 4594 4593
f 4594 4896 4897 4601
f 4896 1793 1795 4897
f 4601 4897 1795 4602
f 4602 1795 4898 4609
f 1795 1797 4899 4898
f 4898 4899 4610 4609
f 4610 4899 4900 4617
f 4899 1797 1798 4900
f 4617 4900 1798 4618
f 4618 1798 4901 4625
f 1798 1800 4902 4901
f 4901 4902 4626 4625
f 4626 4902 4903 4633
f 4902 1800 1802 4903
f 4633 4903 1802 4634
f 4634 1802 4904 4641
f 1802 1804 4905 4904
f 4904 4905 4642 4641
f 4642 4905 4906 4649
f 4905 1804 1805 4906
f 4649 4906 1805 4650
f 4650 1805 4907 4657
f 1805 1807 4908 4907
f 4907 4908 4658 4657
f 4658 4908 4909 4665
f 4908 1807 1809 4909
f 4665 4909 1809 4666
f 4666 1809 4910 4673
f 1809 1811 4911 4910
f 4910 4911 4674 4673
f 4674 4911 4912 4681
f 4911 1811 1812 4912
f 4681 4912 1812 4682
f 4682 1812 4913 4689
f 1812 1814 4914 4913
f 4913 4914 4690 4689
f 4690 4914 4915 4697
f 4914 1814 1816 4915
f 4697 4915 1816 4698
f 4698 1816 4916 4705
f 1816 1818 4917 4916
f 4916 4917 4706 4705
f 4706 4917 4918 4713
f 4917 1818 1819 4918
f 4713 4918 1819 4714
f 4714 1819 4919 4721
f 1819 1821 4920 4919
f 4919 4920 4722 4721
f 4722 4920 4921 4729
f 4920 1821 1824 4921
f 4729 4921 1824 4730
f 4730 1824 4922 4737
f 1824 1826 4923 4922
f 4922 4923 4738 4737
f 4738 4923 4924 4745
f 4923 1826 1830 4924
f 4745 4924 1830 4746
f 4746 1830 4925 4753
f 1830 4926 4927 4925
f 4925 4927 4754 4753
f 4754 4927 4928 4761
f 4927 4926 4929 4928
f 4928 4929 4930 4931
f 4761 4928 4931 4762
g exterior
f 4932 4933 4934 4935
f 4936 4937 4934 4933
f 4775 4773 4934 4937
f 4770 4935 4934 4773
g interior
f 4770 4769 4938 4935
f 4762 4931 4938 4769
f 4930 4939 4938 4931
f 4932 4935 4938 4939
g exterior
f 4775 4937 4940 4788
f 4937 4936 1675 4940
f 4788 4940 1675 1673
f 1671 1681 4941 4942
f 4942 4941 4943 4944
f 1671 4942 4944 4790
g interior
f 4945 4946 4947 4948
f 4949 4950 4947 4946
f 4796 4793 4947 4950
f 4792 4948 4947 4793
g exterior
f 4792 4799 4951 4948
f 4790 4944 4951 4799
f 4943 4952 4951 4944
f 4945 4948 4951 4952
g interior
f 4796 4950 4953 4801
f 4950 4949 4954 4953
f 4801 4953 4954 4802
f 4802 4954 1683 1682
f 1830 1829 4955 4926
f 4926 4955 4956 4929
f 4955 4957 4958 4956
f 4956 4958 4930 4929
g exterior
f 4959 4960 4961 4962
f 4963 4964 4961 4960
f 4936 4933 4961 4964
f 4932 4962 4961 4933
g interior
f 4932 4939 4965 4962
f 4930 4958 4965 4939
f 4957 4966 4965 4958
f 4959 4962 4965 4966
g exterior
f 4936 4964 4967 1675
f 4964 4963 4968 4967
f 4967 4968 1831 1675
f 1681 1680 4969 4941
f 1680 4970 4971 4969
f 4969 4971 4943 4941
g interior
f 4972 4973 4974 4975
f 4976 4977 4974 4973
f 4949 4946 4974 4977
f 4945 4975 4974 4946
g exterior
f 4945 4952 4978 4975
f 4943 4971 4978 4952
f 4970 4979 4978 4971
f 4972 4975 4978 4979
g interior
f 4949 4977 4980 4954
f 4977 4976 4981 4980
f 4980 4981 4982 4954
f 4954 4982 1686 1683
f 1829 1828 4983 4955
f 4955 4983 4984 4985
f 4985 4984 4986 4987
f 4955 4985 4987 4957
g exterior
f 4988 4989 4990 4991
f 4992 4993 4990 4989
f 4963 4960 4990 4993
f 4959 4991 4990 4960
g interior
f 4959 4966 4994 4991
f 4957 4987 4994 4966
f 4986 4995 4994 4987
f 4988 4991 4994 4995
g exterior
f 4963 4993 4996 4968
f 4993 4992 1833 4996
f 4968 4996 1833 1831
f 1680 1839 4997 4998
f 4998 4997 4999 5000
f 1680 4998 5000 4970
g interior
f 5001 5002 5003 5004
f 5005 5006 5003 5002
f 4976 4973 5003 5006
f 4972 5004 5003 4973
g exterior
f 4972 4979 5007 5004
f 4970 5000 5007 4979
f 4999 5008 5007 5000
f 5001 5004 5007 5008
g interior
f 4976 5006 5009 4981
f 5006 5005 5010 5009
f 4981 5009 5010 4982
f 4982 5010 1840 1686
f 1828 1847 5011 4983
f 4983 5011 5012 4984
f 5011 5013 5014 5012
f 5012 5014 4986 4984
g exterior
f 5015 5016 5017 5018
f 5019 5020 5017 5016
f 4992 4989 5017 5020
f 4988 5018 5017 4989
g interior
f 4988 4995 5021 5018
f 4986 5014 5021 4995
f 5013 5022 5021 5014
f 5015 5018 5021 5022
g exterior
f 4992 5020 5023 1833
f 5020 5019 5024 5023
f 5023 5024 1848 1833
f 1839 1838 5025 4997
f 1838 5026 5027 5025
f 5025 5027 4999 4997
g interior
f 5028 5029 5030 5031
f 5032 5033 5030 5029
f 5005 5002 5030 5033
f 5001 5031 5030 5002
g exterior
f 5001 5008 5034 5031
f 4999 5027 5034 5008
f 5026 5035 5034 5027
f 5028 5031 5034 5035
g interior
f 5005 5033 5036 5010
f 5033 5032 5037 5036
f 5036 5037 5038 5010
f 5010 5038 1842 1840
f 1847 1846 5039 5011
f 5011 5039 5040 5041
f 5041 5040 5042 5043
f 5011 5041 5043 5013
g exterior
f 5044 5045 5046 5047
f 5048 5049 5046 5045
f 5019 5016 5046 5049
f 5015 5047 5046 5016
g interior
f 5015 5022 5050 5047
f 5013 5043 5050 5022
f 5042 5051 5050 5043
f 5044 5047 5050 5051
g exterior
f 5019 5049 5052 5024
f 5049 5048 1850 5052
f 5024 5052 1850 1848
f 1838 1856 5053 5054
f 5054 5053 5055 5056
f 1838 5054 5056 5026
g interior
f 5057 5058 5059 5060
f 5061 5062 5059 5058
f 5032 5029 5059 5062
f 5028 5060 5059 5029
g exterior
f 5028 5035 5063 5060
f 5026 5056 5063 5035
f 5055 5064 5063 5056
f 5057 5060 5063 5064
g interior
f 5032 5062 5065 5037
f 5062 5061 5066 5065
f 5037 5065 5066 5038
f 5038 5066 1857 1842
f 1846 1866 5067 5039
f 5039 5067 5068 5040
f 5067 5069 5070 5068
f 5068 5070 5042 5040
g exterior
f 5071 5072 5073 5074
f 5075 5076 5073 5072
f 5048 5045 5073 5076
f 5044 5074 5073 5045
g interior
f 5044 5051 5077 5074
f 5042 5070 5077 5051
f 5069 5078 5077 5070
f 5071 5074 5077 5078
g exterior
f 5048 5076 5079 1850
f 5076 5075 5080 5079
f 5079 5080 1867 1850
f 1856 1855 5081 5053
f 1855 5082 5083 5081
f 5081 5083 5055 5053
g interior
f 5084 5085 5086 5087
f 5088 5089 5086 5085
f 5061 5058 5086 5089
f 5057 5087 5086 5058
g exterior
f 5057 5064 5090 5087
f 5055 5083 5090 5064
f 5082 5091 5090 5083
f 5084 5087 5090 5091
g interior
f 5061 5089 5092 5066
f 5089 5088 5093 5092
f 5092 5093 5094 5066
f 5066 5094 1859 1857
f 1866 1865 5095 5067
f 5067 5095 5096 5097
f 5097 5096 5098 5099
f 5067 5097 5099 5069
g exterior
f 5100 5101 5102 5103
f 5104 5105 5102 5101
f 5075 5072 5102 5105
f 5071 5103 5102 5072
g interior
f 5071 5078 5106 5103
f 5069 5099 5106 5078
f 5098 5107 5106 5099
f 5100 5103 5106 5107
g exterior
f 5075 5105 5108 5080
f 5105 5104 1869 5108
f 5080 5108 1869 1867
f 1855 1875 5109 5110
f 5110 5109 5111 5112
f 1855 5110 5112 5082
g interior
f 5113 5114 5115 5116
f 5117 5118 5115 5114
f 5088 5085 5115 5118
f 5084 5116 5115 5085
g exterior
f 5084 5091 5119 5116
f 5082 5112 5119 5091
f 5111 5120 5119 5112
f 5113 5116 5119 5120
g interior
f 5088 5118 5121 5093
f 5118 5117 5122 5121
f 5093 5121 5122 5094
f 5094 5122 1876 1859
f 1865 1883 5123 5095
f 5095 5123 5124 5096
f 5123 5125 5126 5124
f 5124 5126 5098 5096
g exterior
f 5127 5128 5129 5130
f 5131 5132 5129 5128
f 5104 5101 5129 5132
f 5100 5130 5129 5101
g interior
f 5100 5107 5133 5130
f 5098 5126 5133 5107
f 5125 5134 5133 5126
f 5127 5130 5133 5134
g exterior
f 5104 5132 5135 1869
f 5132 5131 5136 5135
f 5135 5136 1884 1869
f 1875 1874 5137 5109
f 1874 5138 5139 5137
f 5137 5139 5111 5109
g interior
f 5140 5141 5142 5143
f 5144 5145 5142 5141
f 5117 5114 5142 5145
f 5113 5143 5142 5114
g exterior
f 5113 5120 5146 5143
f 5111 5139 5146 5120
f 5138 5147 5146 5139
f 5140 5143 5146 5147
g interior
f 5117 5145 5148 5122
f 5145 5144 5149 5148
f 5148 5149 5150 5122
f 5122 5150 1878 1876
f 1883 1882 5151 5123
f 5123 5151 5152 5153
f 5153 5152 5154 5155
f 5123 5153 5155 5125
g exterior
f 5156 5157 5158 5159
f 5160 5161 5158 5157
f 5131 5128 5158 5161
f 5127 5159 5158 5128
g interior
f 5127 5134 5162 5159
f 5125 5155 5162 5134
f 5154 5163 5162 5155
f 5156 5159 5162 5163
g exterior
f 5131 5161 5164 5136
f 5161 5160 1886 5164
f 5136 5164 1886 1884
f 1874 1892 5165 5166
f 5166 5165 5167 5168
f 1874 5166 5168 5138
g interior
f 5169 5170 5171 5172
f 5173 5174 5171 5170
f 5144 5141 5171 5174
f 5140 5172 5171 5141
g exterior
f 5140 5147 5175 5172
f 5138 5168 5175 5147
f 5167 5176 5175 5168
f 5169 5172 5175 5176
g interior
f 5144 5174 5177 5149
f 5174 5173 5178 5177
f 5149 5177 5178 5150
f 5150 5178 1893 1878
f 1882 1902 5179 5151
f 5151 5179 5180 5152
f 5179 5181 5182 5180
f 5180 5182 5154 5152
g exterior
f 5183 5184 5185 5186
f 5187 5188 5185 5184
f 5160 5157 5185 5188
f 5156 5186 5185 5157
g interior
f 5156 5163 5189 5186
f 5154 5182 5189 5163
f 5181 5190 5189 5182
f 5183 5186 5189 5190
g exterior
f 5160 5188 5191 1886
f 5188 5187 5192 5191
f 5191 5192 1903 1886
f 1892 1891 5193 5165
f 1891 5194 5195 5193
f 5193 5195 5167 5165
g interior
f 5196 5197 5198 5199
f 5200 5201 5198 5197
f 5173 5170 5198 5201
f 5169 5199 5198 5170
g exterior
f 5169 5176 5202 5199
f 5167 5195 5202 5176
f 5194 5203 5202 5195
f 5196 5199 5202 5203
g interior
f 5173 5201 5204 5178
f 5201 5200 5205 5204
f 5204 5205 5206 5178
f 5178 5206 1895 1893
f 1902 1901 5207 5179
f 5179 5207 5208 5209
f 5209 5208 5210 5211
f 5179 5209 5211 5181
g exterior
f 5212 5213 5214 5215
f 5216 5217 5214 5213
f 5187 5184 5214 5217
f 5183 5215 5214 5184
g interior
f 5183 5190 5218 5215
f 5181 5211 5218 5190
f 5210 5219 5218 5211
f 5212 5215 5218 5219
g exterior
f 5187 5217 5220 5192
f 5217 5216 1905 5220
f 5192 5220 1905 1903
f 1891 1911 5221 5222
f 5222 5221 5223 5224
f 1891 5222 5224 5194
g interior
f 5225 5226 5227 5228
f 5229 5230 5227 5226
f 5200 5197 5227 5230
f 5196 5228 5227 5197
g exterior
f 5196 5203 5231 5228
f 5194 5224 5231 5203
f 5223 5232 5231 5224
f 5225 5228 5231 5232
g interior
f 5200 5230 5233 5205
f 5230 5229 5234 5233
f 5205 5233 5234 5206
f 5206 5234 1912 1895
f 1901 1919 5235 5207
f 5207 5235 5236 5208
f 5235 5237 5238 5236
f 5236 5238 5210 5208
g exterior
f 5239 5240 5241 5242
f 5243 5244 5241 5240
f 5216 5213 5241 5244
f 5212 5242 5241 5213
g interior
f 5212 5219 5245 5242
f 5210 5238 5245 5219
f 5237 5246 5245 5238
f 5239 5242 5245 5246
g exterior
f 5216 5244 5247 1905
f 5244 5243 5248 5247
f 5247 5248 1920 1905
f 1911 1910 5249 5221
f 1910 5250 5251 5249
f 5249 5251 5223 5221
g interior
f 5252 5253 5254 5255
f 5256 5257 5254 5253
f 5229 5226 5254 5257
f 5225 5255 5254 5226
g exterior
f 5225 5232 5258 5255
f 5223 5251 5258 5232
f 5250 5259 5258 5251
f 5252 5255 5258 5259
g interior
f 5229 5257 5260 5234
f 5257 5256 5261 5260
f 5260 5261 5262 5234
f 5234 5262 1914 1912
f 1919 1918 5263 5235
f 5235 5263 5264 5265
f 5265 5264 5266 5267
f 5235 5265 5267 5237
g exterior
f 5268 5269 5270 5271
f 5272 5273 5270 5269
f 5243 5240 5270 5273
f 5239 5271 5270 5240
g interior
f 5239 5246 5274 5271
f 5237 5267 5274 5246
f 5266 5275 5274 5267
f 5268 5271 5274 5275
g exterior
f 5243 5273 5276 5248
f 5273 5272 1922 5276
f 5248 5276 1922 1920
f 1910 1928 5277 5278
f 5278 5277 5279 5280
f 1910 5278 5280 5250
g interior
f 5281 5282 5283 5284
f 5285 5286 5283 5282
f 5256 5253 5283 5286
f 5252 5284 5283 5253
g exterior
f 5252 5259 5287 5284
f 5250 5280 5287 5259
f 5279 5288 5287 5280
f 5281 5284 5287 5288
g interior
f 5256 5286 5289 5261
f 5286 5285 5290 5289
f 5261 5289 5290 5262
f 5262 5290 1929 1914
f 1918 1938 5291 5263
f 5263 5291 5292 5264
f 5291 5293 5294 5292
f 5292 5294 5266 5264
g exterior
f 5295 5296 5297 5298
f 5299 5300 5297 5296
f 5272 5269 5297 5300
f 5268 5298 5297 5269
g interior
f 5268 5275 5301 5298
f 5266 5294 5301 5275
f 5293 5302 5301 5294
f 5295 5298 5301 5302
g exterior
f 5272 5300 5303 1922
f 5300 5299 5304 5303
f 5303 5304 1939 1922
f 1928 1927 5305 5277
f 1927 5306 5307 5305
f 5305 5307 5279 5277
g interior
f 5308 5309 5310 5311
f 5312 5313 5310 5309
f 5285 5282 5310 5313
f 5281 5311 5310 5282
g exterior
f 5281 5288 5314 5311
f 5279 5307 5314 5288
f 5306 5315 5314 5307
f 5308 5311 5314 5315
g interior
f 5285 5313 5316 5290
f 5313 5312 5317 5316
f 5316 5317 5318 5290
f 5290 5318 1931 1929
f 1938 1937 5319 5291
f 5291 5319 5320 5321
f 5321 5320 5322 5323
f 5291 5321 5323 5293
g exterior
f 5324 5325 5326 5327
f 5328 5329 5326 5325
f 5299 5296 5326 5329
f 5295 5327 5326 5296
g interior
f 5295 5302 5330 5327
f 5293 5323 5330 5302
f 5322 5331 5330 5323
f 5324 5327 5330 5331
g exterior
f 5299 5329 5332 5304
f 5329 5328 1941 5332
f 5304 5332 1941 1939
f 1927 1947 5333 5334
f 5334 5333 5335 5336
f 1927 5334 5336 5306
g interior
f 5337 5338 5339 5340
f 5341 5342 5339 5338
f 5312 5309 5339 5342
f 5308 5340 5339 5309
g exterior
f 5308 5315 5343 5340
f 5306 5336 5343 5315
f 5335 5344 5343 5336
f 5337 5340 5343 5344
g interior
f 5312 5342 5345 5317
f 5342 5341 5346 5345
f 5317 5345 5346 5318
f 5318 5346 1948 1931
f 1937 1955 5347 5319
f 5319 5347 5348 5320
f 5347 5349 5350 5348
f 5348 5350 5322 5320
g exterior
f 5351 5352 5353 5354
f 5355 5356 5353 5352
f 5328 5325 5353 5356
f 5324 5354 5353 5325
g interior
f 5324 5331 5357 5354
f 5322 5350 5357 5331
f 5349 5358 5357 5350
f 5351 5354 5357 5358
g exterior
f 5328 5356 5359 1941
f 5356 5355 5360 5359
f 5359 5360 1956 1941
f 1947 1946 5361 5333
f 1946 5362 5363 5361
f 5361 5363 5335 5333
g interior
f 5364 5365 5366 5367
f 5368 5369 5366 5365
f 5341 5338 5366 5369
f 5337 5367 5366 5338
g exterior
f 5337 5344 5370 5367
f 5335 5363 5370 5344
f 5362 5371 5370 5363
f 5364 5367 5370 5371
g interior
f 5341 5369 5372 5346
f 5369 5368 5373 5372
f 5372 5373 5374 5346
f 5346 5374 1950 1948
f 1955 1954 5375 5347
f 5347 5375 5376 5377
f 5377 5376 5378 5379
f 5347 5377 5379 5349
g exterior
f 5380 5381 5382 5383
f 5384 5385 5382 5381
f 5355 5352 5382 5385
f 5351 5383 5382 5352
g interior
f 5351 5358 5386 5383
f 5349 5379 5386 5358
f 5378 5387 5386 5379
f 5380 5383 5386 5387
g exterior
f 5355 5385 5388 5360
f 5385 5384 1958 5388
f 5360 5388 1958 1956
f 1946 1964 5389 5390
f 5390 5389 5391 5392
f 1946 5390 5392 5362
g interior
f 5393 5394 5395 5396
f 5397 5398 5395 5394
f 5368 5365 5395 5398
f 5364 5396 5395 5365
g exterior
f 5364 5371 5399 5396
f 5362 5392 5399 5371
f 5391 5400 5399 5392
f 5393 5396 5399 5400
g interior
f 5368 5398 5401 5373
f 5398 5397 5402 5401
f 5373 5401 5402 5374
f 5374 5402 1965 1950
f 1954 1974 5403 5375
f 5375 5403 5404 5376
f 5403 5405 5406 5404
f 5404 5406 5378 5376
g exterior
f 5407 5408 5409 5410
f 5411 5412 5409 5408
f 5384 5381 5409 5412
f 5380 5410 5409 5381
g interior
f 5380 5387 5413 5410
f 5378 5406 5413 5387
f 5405 5414 5413 5406
f 5407 5410 5413 5414
g exterior
f 5384 5412 5415 1958
f 5412 5411 5416 5415
f 5415 5416 1975 1958
f 1964 1963 5417 5389
f 1963 5418 5419 5417
f 5417 5419 5391 5389
g interior
f 5420 5421 5422 5423
f 5424 5425 5422 5421
f 5397 5394 5422 5425
f 5393 5423 5422 5394
g exterior
f 5393 5400 5426 5423
f 5391 5419 5426 5400
f 5418 5427 5426 5419
f 5420 5423 5426 5427
g interior
f 5397 5425 5428 5402
f 5425 5424 5429 5428
f 5428 5429 5430 5402
f 5402 5430 1967 1965
f 1974 1973 5431 5403
f 5403 5431 5432 5433
f 5433 5432 5434 5435
f 5403 5433 5435 5405
g exterior
f 5436 5437 5438 5439
f 5440 5441 5438 5437
f 5411 5408 5438 5441
f 5407 5439 5438 5408
g interior
f 5407 5414 5442 5439
f 5405 5435 5442 5414
f 5434 5443 5442 5435
f 5436 5439 5442 5443
g exterior
f 5411 5441 5444 5416
f 5441 5440 1977 5444
f 5416 5444 1977 1975
f 1963 1983 5445 5446
f 5446 5445 5447 5448
f 1963 5446 5448 5418
g interior
f 5449 5450 5451 5452
f 5453 5454 5451 5450
f 5424 5421 5451 5454
f 5420 5452 5451 5421
g exterior
f 5420 5427 5455 5452
f 5418 5448 5455 5427
f 5447 5456 5455 5448
f 5449 5452 5455 5456
g interior
f 5424 5454 5457 5429
f 5454 5453 5458 5457
f 5429 5457 5458 5430
f 5430 5458 1984 1967
f 1973 1991 5459 5431
f 5431 5459 5460 5432
f 5459 5461 5462 5460
f 5460 5462 5434 5432
g exterior
f 5463 5464 5465 5466
f 5467 5468 5465 5464
f 5440 5437 5465 5468
f 5436 5466 5465 5437
g interior
f 5436 5443 5469 5466
f 5434 5462 5469 5443
f 5461 5470 5469 5462
f 5463 5466 5469 5470
g exterior
f 5440 5468 5471 1977
f 5468 5467 5472 5471
f 5471 5472 1992 1977
f 1983 1982 5473 5445
f 1982 5474 5475 5473
f 5473 5475 5447 5445
g interior
f 5476 5477 5478 5479
f 5480 5481 5478 5477
f 5453 5450 5478 5481
f 5449 5479 5478 5450
g exterior
f 5449 5456 5482 5479
f 5447 5475 5482 5456
f 5474 5483 5482 5475
f 5476 5479 5482 5483
g interior
f 5453 5481 5484 5458
f 5481 5480 5485 5484
f 5484 5485 5486 5458
f 5458 5486 1986 1984
f 1991 1990 5487 5459
f 5459 5487 5488 5489
f 5489 5488 5490 5491
f 5459 5489 5491 5461
g exterior
f 5492 5493 5494 5495
f 5496 5497 5494 5493
f 5467 5464 5494 5497
f 5463 5495 5494 5464
g interior
f 5463 5470 5498 5495
f 5461 5491 5498 5470
f 5490 5499 5498 5491
f 5492 5495 5498 5499
g exterior
f 5467 5497 5500 5472
f 5497 5496 1994 5500
f 5472 5500 1994 1992
f 1982 2000 5501 5502
f 5502 5501 5503 5504
f 1982 5502 5504 5474
g interior
f 5505 5506 5507 5508
f 5509 5510 5507 5506
f 5480 5477 5507 5510
f 5476 5508 5507 5477
g exterior
f 5476 5483 5511 5508
f 5474 5504 5511 5483
f 5503 5512 5511 5504
f 5505 5508 5511 5512
g interior
f 5480 5510 5513 5485
f 5510 5509 5514 5513
f 5485 5513 5514 5486
f 5486 5514 2001 1986
f 1990 2010 5515 5487
f 5487 5515 5516 5488
f 5515 5517 5518 5516
f 5516 5518 5490 5488
g exterior
f 5519 5520 5521 5522
f 5523 5524 5521 5520
f 5496 5493 5521 5524
f 5492 5522 5521 5493
g interior
f 5492 5499 5525 5522
f 5490 5518 5525 5499
f 5517 5526 5525 5518
f 5519 5522 5525 5526
g exterior
f 5496 5524 5527 1994
f 5524 5523 5528 5527
f 5527 5528 2011 1994
f 2000 1999 5529 5501
f 1999 5530 5531 5529
f 5529 5531 5503 5501
g interior
f 5532 5533 5534 5535
f 5536 5537 5534 5533
f 5509 5506 5534 5537
f 5505 5535 5534 5506
g exterior
f 5505 5512 5538 5535
f 5503 5531 5538 5512
f 5530 5539 5538 5531
f 5532 5535 5538 5539
g interior
f 5509 5537 5540 5514
f 5537 5536 5541 5540
f 5540 5541 5542 5514
f 5514 5542 2003 2001
f 2010 2009 5543 5515
f 5515 5543 5544 5545
f 5545 5544 5546 5547
f 5515 5545 5547 5517
g exterior
f 5548 5549 5550 5551
f 5552 5553 5550 5549
f 5523 5520 5550 5553
f 5519 5551 5550 5520
g interior
f 5519 5526 5554 5551
f 5517 5547 5554 5526
f 5546 5555 5554 5547
f 5548 5551 5554 5555
g exterior
f 5523 5553 5556 5528
f 5553 5552 2013 5556
f 5528 5556 2013 2011
f 1999 2019 5557 5558
f 5558 5557 5559 5560
f 1999 5558 5560 5530
g interior
f 5561 5562 5563 5564
f 5565 5566 5563 5562
f 5536 5533 5563 5566
f 5532 5564 5563 5533
g exterior
f 5532 5539 5567 5564
f 5530 5560 5567 5539
f 5559 5568 5567 5560
f 5561 5564 5567 5568
g interior
f 5536 5566 5569 5541
f 5566 5565 5570 5569
f 5541 5569 5570 5542
f 5542 5570 2020 2003
f 2009 2027 5571 5543
f 5543 5571 5572 5544
f 5571 5573 5574 5572
f 5572 5574 5546 5544
g exterior
f 5575 5576 5577 5578
f 5579 5580 5577 5576
f 5552 5549 5577 5580
f 5548 5578 5577 5549
g interior
f 5548 5555 5581 5578
f 5546 5574 5581 5555
f 5573 5582 5581 5574
f 5575 5578 5581 5582
g exterior
f 5552 5580 5583 2013
f 5580 5579 5584 5583
f 5583 5584 2028 2013
f 2019 2018 5585 5557
f 2018 5586 5587 5585
f 5585 5587 5559 5557
g interior
f 5588 5589 5590 5591
f 5592 5593 5590 5589
f 5565 5562 5590 5593
f 5561 5591 5590 5562
g exterior
f 5561 5568 5594 5591
f 5559 5587 5594 5568
f 5586 5595 5594 5587
f 5588 5591 5594 5595
g interior
f 5565 5593 5596 5570
f 5593 5592 5597 5596
f 5596 5597 5598 5570
f 5570 5598 2022 2020
f 2027 2026 5599 5571
f 5571 5599 5600 5601
f 5601 5600 5602 5603
f 5571 5601 5603 5573
g exterior
f 5604 5605 5606 5607
f 5608 5609 5606 5605
f 5579 5576 5606 5609
f 5575 5607 5606 5576
g interior
f 5575 5582 5610 5607
f 5573 5603 5610 5582
f 5602 5611 5610 5603
f 5604 5607 5610 5611
g exterior
f 5579 5609 5612 5584
f 5609 5608 2030 5612
f 5584 5612 2030 2028
f 2018 2036 5613 5614
f 5614 5613 5615 5616
f 2018 5614 5616 5586
g interior
f 5617 5618 5619 5620
f 5621 5622 5619 5618
f 5592 5589 5619 5622
f 5588 5620 5619 5589
g exterior
f 5588 5595 5623 5620
f 5586 5616 5623 5595
f 5615 5624 5623 5616
f 5617 5620 5623 5624
g interior
f 5592 5622 5625 5597
f 5622 5621 5626 5625
f 5597 5625 5626 5598
f 5598 5626 2037 2022
f 2026 2046 5627 5599
f 5599 5627 5628 5600
f 5627 5629 5630 5628
f 5628 5630 5602 5600
g exterior
f 5631 5632 5633 5634
f 5635 5636 5633 5632
f 5608 5605 5633 5636
f 5604 5634 5633 5605
g interior
f 5604 5611 5637 5634
f 5602 5630 5637 5611
f 5629 5638 5637 5630
f 5631 5634 5637 5638
g exterior
f 5608 5636 5639 2030
f 5636 5635 5640 5639
f 5639 5640 2047 2030
f 2036 2035 5641 5613
f 2035 5642 5643 5641
f 5641 5643 5615 5613
g interior
f 5644 5645 5646 5647
f 5648 5649 5646 5645
f 5621 5618 5646 5649
f 5617 5647 5646 5618
g exterior
f 5617 5624 5650 5647
f 5615 5643 5650 5624
f 5642 5651 5650 5643
f 5644 5647 5650 5651
g interior
f 5621 5649 5652 5626
f 5649 5648 5653 5652
f 5652 5653 5654 5626
f 5626 5654 2039 2037
f 2046 2045 5655 5627
f 5627 5655 5656 5657
f 5657 5656 5658 5659
f 5627 5657 5659 5629
g exterior
f 5660 5661 5662 5663
f 5664 5665 5662 5661
f 5635 5632 5662 5665
f 5631 5663 5662 5632
g interior
f 5631 5638 5666 5663
f 5629 5659 5666 5638
f 5658 5667 5666 5659
f 5660 5663 5666 5667
g exterior
f 5635 5665 5668 5640
f 5665 5664 2049 5668
f 5640 5668 2049 2047
f 2035 2055 5669 5670
f 5670 5669 5671 5672
f 2035 5670 5672 5642
g interior
f 5673 5674 5675 5676
f 5677 5678 5675 5674
f 5648 5645 5675 5678
f 5644 5676 5675 5645
g exterior
f 5644 5651 5679 5676
f 5642 5672 5679 5651
f 5671 5680 5679 5672
f 5673 5676 5679 5680
g interior
f 5648 5678 5681 5653
f 5678 5677 5682 5681
f 5653 5681 5682 5654
f 5654 5682 2056 2039
f 2045 2107 5683 5655
f 5655 5683 5684 5656
f 5683 5685 5686 5684
f 5684 5686 5658 5656
g exterior
f 5687 5688 5689 5690
f 5691 5692 5689 5688
f 5664 5661 5689 5692
f 5660 5690 5689 5661
g interior
f 5660 5667 5693 5690
f 5658 5686 5693 5667
f 5685 5694 5693 5686
f 5687 5690 5693 5694
g exterior
f 5664 5692 5695 2049
f 5692 5691 5696 5695
f 5695 5696 2108 2049
f 2055 2054 5697 5669
f 2054 5698 5699 5697
f 5697 5699 5671 5669
g interior
f 5700 5701 5702 5703
f 5704 5705 5702 5701
f 5677 5674 5702 5705
f 5673 5703 5702 5674
g exterior
f 5673 5680 5706 5703
f 5671 5699 5706 5680
f 5698 5707 5706 5699
f 5700 5703 5706 5707
g interior
f 5677 5705 5708 5682
f 5705 5704 5709 5708
f 5708 5709 5710 5682
f 5682 5710 2058 2056
f 2107 2106 5711 5683
f 5683 5711 5712 5713
f 5713 5712 5714 5715
f 5683 5713 5715 5685
g exterior
f 5716 5717 5718 5719
f 5720 5721 5718 5717
f 5691 5688 5718 5721
f 5687 5719 5718 5688
g interior
f 5687 5694 5722 5719
f 5685 5715 5722 5694
f 5714 5723 5722 5715
f 5716 5719 5722 5723
g exterior
f 5691 5721 5724 5696
f 5721 5720 2110 5724
f 5696 5724 2110 2108
f 2054 2116 5725 5726
f 5726 5725 5727 5728
f 2054 5726 5728 5698
g interior
f 5729 5730 5731 5732
f 5733 5734 5731 5730
f 5704 5701 5731 5734
f 5700 5732 5731 5701
g exterior
f 5700 5707 5735 5732
f 5698 5728 5735 5707
f 5727 5736 5735 5728
f 5729 5732 5735 5736
g interior
f 5704 5734 5737 5709
f 5734 5733 5738 5737
f 5709 5737 5738 5710
f 5710 5738 2117 2058
f 2070 2151 5739 2073
f 2073 5739 5740 2074
f 2074 5740 5741 2075
f 2075 5741 5742 2077
f 2077 5742 5743 2080
f 2080 5743 5744 2081
f 2081 5744 5745 2082
f 2082 5745 5746 2084
f 2084 5746 5747 2087
f 2087 5747 5748 2088
f 2088 5748 5749 2089
f 2089 5749 5750 2091
f 2091 5750 5751 2094
f 2094 5751 5752 2095
f 2095 5752 5753 2096
f 2096 5753 2152 2098
f 2106 2165 5754 5711
f 5711 5754 5755 5712
f 5754 5756 5757 5755
f 5755 5757 5714 5712
g exterior
f 5758 5759 5760 5761
f 5762 5763 5760 5759
f 5720 5717 5760 5763
f 5716 5761 5760 5717
g interior
f 5716 5723 5764 5761
f 5714 5757 5764 5723
f 5756 5765 5764 5757
f 5758 5761 5764 5765
g exterior
f 5720 5763 5766 2110
f 5763 5762 5767 5766
f 5766 5767 2166 2110
f 2116 2115 5768 5725
f 2115 5769 5770 5768
f 5768 5770 5727 5725
g interior
f 5771 5772 5773 5774
f 5775 5776 5773 5772
f 5733 5730 5773 5776
f 5729 5774 5773 5730
g exterior
f 5729 5736 5777 5774
f 5727 5770 5777 5736
f 5769 5778 5777 5770
f 5771 5774 5777 5778
g interior
f 5733 5776 5779 5738
f 5776 5775 5780 5779
f 5779 5780 5781 5738
f 5738 5781 2119 2117
f 2151 2150 5782 5739
f 5739 5782 5783 5740
f 5740 5783 5784 5741
f 5741 5784 5785 5786
f 5786 5785 5787 5788
f 5741 5786 5788 5742
f 5742 5788 5789 5743
f 5788 5787 5790 5789
f 5789 5790 5791 5743
f 5743 5791 5792 5793
f 5793 5792 5794 5795
f 5743 5793 5795 5744
f 5744 5795 5796 5745
f 5795 5794 5797 5796
f 5796 5797 5798 5745
f 5745 5798 5799 5800
f 5800 5799 5801 5802
f 5745 5800 5802 5746
f 5746 5802 5803 5747
f 5802 5801 5804 5803
f 5803 5804 5805 5747
f 5747 5805 5806 5807
f 5807 5806 5808 5809
f 5747 5807 5809 5748
f 5748 5809 5810 5749
f 5809 5808 5811 5810
f 5810 5811 5812 5749
f 5749 5812 5813 5814
f 5814 5813 5815 5816
f 5749 5814 5816 5750
f 5750 5816 5817 5751
f 5816 5815 5818 5817
f 5817 5818 5819 5751
f 5751 5819 5820 5821
f 5821 5820 5822 5823
f 5751 5821 5823 5752
f 5752 5823 5824 5753
f 5823 5822 5825 5824
f 5824 5825 5826 5753
f 5753 5826 2154 2152
f 2165 2164 5827 5754
f 5754 5827 5828 5829
f 5829 5828 5830 5831
f 5754 5829 5831 5756
g exterior
f 5832 5833 5834 5835
f 5836 5837 5834 5833
f 5762 5759 5834 5837
f 5758 5835 5834 5759
g interior
f 5758 5765 5838 5835
f 5756 5831 5838 5765
f 5830 5839 5838 5831
f 5832 5835 5838 5839
g exterior
f 5762 5837 5840 5767
f 5837 5836 2168 5840
f 5767 5840 2168 2166
f 2115 2174 5841 5842
f 5842 5841 5843 5844
f 2115 5842 5844 5769
g interior
f 5845 5846 5847 5848
f 5849 5850 5847 5846
f 5775 5772 5847 5850
f 5771 5848 5847 5772
g exterior
f 5771 5778 5851 5848
f 5769 5844 5851 5778
f 5843 5852 5851 5844
f 5845 5848 5851 5852
g interior
f 5775 5850 5853 5780
f 5850 5849 5854 5853
f 5780 5853 5854 5781
f 5781 5854 2175 2119
f 2125 2186 5855 5856
f 5856 5855 5857 5858
f 2125 5856 5858 2128
f 2128 5858 5859 2129
f 5858 5857 5860 5859
f 5859 5860 5861 2129
f 2129 5861 5862 5863
f 5863 5862 5864 5865
f 2129 5863 5865 2130
f 2130 5865 5866 2132
f 5865 5864 5867 5866
f 5866 5867 5868 2132
f 2132 5868 5869 5870
f 5870 5869 5871 5872
f 2132 5870 5872 2135
f 2135 5872 5873 2136
f 5872 5871 5874 5873
f 5873 5874 5875 2136
f 2136 5875 5876 5877
f 5877 5876 5878 5879
f 2136 5877 5879 2137
f 2137 5879 5880 2139
f 5879 5878 5881 5880
f 5880 5881 5882 2139
f 2139 5882 5883 5884
f 5884 5883 5885 5886
f 2139 5884 5886 2142
f 2142 5886 5887 2143
f 5886 5885 5888 5887
f 5887 5888 5889 2143
f 2143 5889 5890 5891
f 5891 5890 5892 5893
f 2143 5891 5893 2144
f 2144 5893 5894 2146
f 5893 5892 5895 5894
f 5894 5895 5896 2146
f 2146 5896 5897 5898
f 5898 5897 5899 5900
f 2146 5898 5900 2149
f 2149 5900 5901 2150
f 5900 5899 5902 5901
f 5901 5902 5903 2150
f 2150 5903 5904 5905
f 5905 5904 5906 5907
f 2150 5905 5907 5782
f 5782 5907 5908 5783
f 5907 5906 5909 5908
f 5908 5909 5910 5783
f 5783 5910 5911 5912
f 5912 5911 5913 5914
f 5783 5912 5914 5784
g exterior
f 5915 5916 5917 5918
f 5919 5920 5917 5916
f 5921 5918 5917 5920
g interior
f 5921 5922 5923 5918
f 5787 5785 5923 5922
f 5784 5914 5923 5785
f 5913 5924 5923 5914
f 5915 5918 5923 5924
g exterior
f 5921 5920 5925 5926
f 5919 5927 5925 5920
f 5928 5929 5925 5927
f 5930 5926 5925 5929
g interior
f 5930 5931 5932 5926
f 5791 5790 5932 5931
f 5787 5922 5932 5790
f 5921 5926 5932 5922
g exterior
f 5930 5929 5933 5934
f 5928 5935 5933 5929
f 5936 5937 5933 5935
f 5938 5934 5933 5937
g interior
f 5938 5939 5940 5934
f 5794 5792 5940 5939
f 5791 5931 5940 5792
f 5930 5934 5940 5931
g exterior
f 5938 5937 5941 5942
f 5936 5943 5941 5937
f 5944 5945 5941 5943
f 5946 5942 5941 5945
g interior
f 5946 5947 5948 5942
f 5798 5797 5948 5947
f 5794 5939 5948 5797
f 5938 5942 5948 5939
g exterior
f 5946 5945 5949 5950
f 5944 5951 5949 5945
f 5952 5953 5949 5951
f 5954 5950 5949 5953
g interior
f 5954 5955 5956 5950
f 5801 5799 5956 5955
f 5798 5947 5956 5799
f 5946 5950 5956 5947
g exterior
f 5954 5953 5957 5958
f 5952 5959 5957 5953
f 5960 5961 5957 5959
f 5962 5958 5957 5961
g interior
f 5962 5963 5964 5958
f 5805 5804 5964 5963
f 5801 5955 5964 5804
f 5954 5958 5964 5955
g exterior
f 5962 5961 5965 5966
f 5960 5967 5965 5961
f 5968 5969 5965 5967
f 5970 5966 5965 5969
g interior
f 5970 5971 5972 5966
f 5808 5806 5972 5971
f 5805 5963 5972 5806
f 5962 5966 5972 5963
g exterior
f 5970 5969 5973 5974
f 5968 5975 5973 5969
f 5976 5977 5973 5975
f 5978 5974 5973 5977
g interior
f 5978 5979 5980 5974
f 5812 5811 5980 5979
f 5808 5971 5980 5811
f 5970 5974 5980 5971
g exterior
f 5978 5977 5981 5982
f 5976 5983 5981 5977
f 5984 5985 5981 5983
f 5986 5982 5981 5985
g interior
f 5986 5987 5988 5982
f 5815 5813 5988 5987
f 5812 5979 5988 5813
f 5978 5982 5988 5979
g exterior
f 5986 5985 5989 5990
f 5984 5991 5989 5985
f 5992 5993 5989 5991
f 5994 5990 5989 5993
g interior
f 5994 5995 5996 5990
f 5819 5818 5996 5995
f 5815 5987 5996 5818
f 5986 5990 5996 5987
g exterior
f 5994 5993 5997 5998
f 5992 5999 5997 5993
f 6000 6001 5997 5999
f 6002 5998 5997 6001
g interior
f 6002 6003 6004 5998
f 5822 5820 6004 6003
f 5819 5995 6004 5820
f 5994 5998 6004 5995
g exterior
f 6002 6001 6005 6006
f 6000 6007 6005 6001
f 6008 6009 6005 6007
f 6010 6006 6005 6009
g interior
f 6008 6011 6012 6009
f 6013 6014 6012 6011
f 6015 6016 6012 6014
f 6010 6009 6012 6016
f 6015 6017 6018 6016
f 5826 6019 6018 6017
f 6020 6021 6018 6019
f 6010 6016 6018 6021
f 6020 6022 6023 6021
f 5822 6003 6023 6022
f 6002 6006 6023 6003
f 6010 6021 6023 6006
f 5826 6024 6025 2154
f 6024 6013 6026 6025
f 6025 6026 6027 2154
f 2154 6027 6028 2155
f 2155 6028 2187 2156
f 2164 2194 6029 5827
f 5827 6029 6030 5828
f 6029 6031 6032 6030
f 6030 6032 5830 5828
g exterior
f 6033 6034 6035 6036
f 6037 6038 6035 6034
f 5836 5833 6035 6038
f 5832 6036 6035 5833
g interior
f 5832 5839 6039 6036
f 5830 6032 6039 5839
f 6031 6040 6039 6032
f 6033 6036 6039 6040
g exterior
f 5836 6038 6041 2168
f 6038 6037 6042 6041
f 6041 6042 2195 2168
f 2174 2173 6043 5841
f 2173 6044 6045 6043
f 6043 6045 5843 5841
g interior
f 6046 6047 6048 6049
f 6050 6051 6048 6047
f 5849 5846 6048 6051
f 5845 6049 6048 5846
g exterior
f 5845 5852 6052 6049
f 5843 6045 6052 5852
f 6044 6053 6052 6045
f 6046 6049 6052 6053
g interior
f 5849 6051 6054 5854
f 6051 6050 6055 6054
f 6054 6055 6056 5854
f 5854 6056 2177 2175
f 2186 2185 6057 5855
f 2185 6058 6059 6057
f 6057 6059 5857 5855
f 6060 6061 6062 6063
f 6058 6064 6062 6061
f 6065 6066 6062 6064
f 6067 6063 6062 6066
g exterior
f 6065 6068 6069 6066
f 6070 6071 6069 6068
f 6072 6073 6069 6071
f 6067 6066 6069 6073
g interior
f 6072 6074 6075 6073
f 5861 6076 6075 6074
f 6077 6078 6075 6076
f 6067 6073 6075 6078
f 6077 6079 6080 6078
f 5857 6081 6080 6079
f 6060 6063 6080 6081
f 6067 6078 6080 6063
g exterior
f 6072 6071 6082 6083
f 6070 6084 6082 6071
f 6085 6086 6082 6084
f 6087 6083 6082 6086
g interior
f 6087 6088 6089 6083
f 5864 5862 6089 6088
f 5861 6074 6089 5862
f 6072 6083 6089 6074
g exterior
f 6087 6086 6090 6091
f 6085 6092 6090 6086
f 6093 6094 6090 6092
f 6095 6091 6090 6094
g interior
f 6095 6096 6097 6091
f 5868 5867 6097 6096
f 5864 6088 6097 5867
f 6087 6091 6097 6088
g exterior
f 6095 6094 6098 6099
f 6093 6100 6098 6094
f 6101 6102 6098 6100
f 6103 6099 6098 6102
g interior
f 6103 6104 6105 6099
f 5871 5869 6105 6104
f 5868 6096 6105 5869
f 6095 6099 6105 6096
g exterior
f 6103 6102 6106 6107
f 6101 6108 6106 6102
f 6109 6110 6106 6108
f 6111 6107 6106 6110
g interior
f 6111 6112 6113 6107
f 5875 5874 6113 6112
f 5871 6104 6113 5874
f 6103 6107 6113 6104
g exterior
f 6111 6110 6114 6115
f 6109 6116 6114 6110
f 6117 6118 6114 6116
f 6119 6115 6114 6118
g interior
f 6119 6120 6121 6115
f 5878 5876 6121 6120
f 5875 6112 6121 5876
f 6111 6115 6121 6112
g exterior
f 6119 6118 6122 6123
f 6117 6124 6122 6118
f 6125 6126 6122 6124
f 6127 6123 6122 6126
g interior
f 6127 6128 6129 6123
f 5882 5881 6129 6128
f 5878 6120 6129 5881
f 6119 6123 6129 6120
g exterior
f 6127 6126 6130 6131
f 6125 6132 6130 6126
f 6133 6134 6130 6132
f 6135 6131 6130 6134
g interior
f 6135 6136 6137 6131
f 5885 5883 6137 6136
f 5882 6128 6137 5883
f 6127 6131 6137 6128
g exterior
f 6135 6134 6138 6139
f 6133 6140 6138 6134
f 6141 6142 6138 6140
f 6143 6139 6138 6142
g interior
f 6143 6144 6145 6139
f 5889 5888 6145 6144
f 5885 6136 6145 5888
f 6135 6139 6145 6136
g exterior
f 6143 6142 6146 6147
f 6141 6148 6146 6142
f 6149 6150 6146 6148
f 6151 6147 6146 6150
g interior
f 6151 6152 6153 6147
f 5892 5890 6153 6152
f 5889 6144 6153 5890
f 6143 6147 6153 6144
g exterior
f 6151 6150 6154 6155
f 6149 6156 6154 6150
f 6157 6158 6154 6156
f 6159 6155 6154 6158
g interior
f 6159 6160 6161 6155
f 5896 5895 6161 6160
f 5892 6152 6161 5895
f 6151 6155 6161 6152
g exterior
f 6159 6158 6162 6163
f 6157 6164 6162 6158
f 6165 6166 6162 6164
f 6167 6163 6162 6166
g interior
f 6167 6168 6169 6163
f 5899 5897 6169 6168
f 5896 6160 6169 5897
f 6159 6163 6169 6160
g exterior
f 6167 6166 6170 6171
f 6165 6172 6170 6166
f 6173 6174 6170 6172
f 6175 6171 6170 6174
g interior
f 6175 6176 6177 6171
f 5903 5902 6177 6176
f 5899 6168 6177 5902
f 6167 6171 6177 6168
g exterior
f 6175 6174 6178 6179
f 6173 6180 6178 6174
f 6181 6182 6178 6180
f 6183 6179 6178 6182
g interior
f 6183 6184 6185 6179
f 5906 5904 6185 6184
f 5903 6176 6185 5904
f 6175 6179 6185 6176
g exterior
f 6183 6182 6186 6187
f 6181 6188 6186 6182
f 6189 6190 6186 6188
f 6191 6187 6186 6190
g interior
f 6191 6192 6193 6187
f 5910 5909 6193 6192
f 5906 6184 6193 5909
f 6183 6187 6193 6184
g exterior
f 6191 6190 6194 6195
f 6189 6196 6194 6190
f 6197 6198 6194 6196
f 6199 6195 6194 6198
g interior
f 6199 6200 6201 6195
f 5913 5911 6201 6200
f 5910 6192 6201 5911
f 6191 6195 6201 6192
g exterior
f 6199 6198 6202 6203
f 6197 6204 6202 6198
f 6205 6206 6202 6204
f 5919 5916 6202 6206
f 5915 6203 6202 5916
g interior
f 5915 5924 6207 6203
f 5913 6200 6207 5924
f 6199 6203 6207 6200
g exterior
f 5919 6206 6208 5927
f 6206 6205 6209 6208
f 6208 6209 6210 6211
f 5927 6208 6211 5928
f 5928 6211 6212 5935
f 6211 6210 2212 6212
f 5935 6212 2212 5936
f 5936 2212 6213 5943
f 2212 2215 6214 6213
f 6213 6214 5944 5943
f 5944 6214 6215 5951
f 6214 2215 2220 6215
f 5951 6215 2220 5952
f 5952 2220 6216 5959
f 2220 2222 6217 6216
f 6216 6217 5960 5959
f 5960 6217 6218 5967
f 6217 2222 2224 6218
f 5967 6218 2224 5968
f 5968 2224 6219 5975
f 2224 2226 6220 6219
f 6219 6220 5976 5975
f 5976 6220 6221 5983
f 6220 2226 2229 6221
f 5983 6221 2229 5984
f 5984 2229 6222 5991
f 2229 6223 6224 6222
f 6222 6224 5992 5991
f 5992 6224 6225 5999
f 6224 6223 6226 6225
f 6225 6226 6227 6228
f 5999 6225 6228 6000
g interior
f 6229 6230 6231 6232
f 6013 6011 6231 6230
f 6008 6232 6231 6011
g exterior
f 6008 6007 6233 6232
f 6000 6228 6233 6007
f 6227 6234 6233 6228
f 6235 6236 6233 6234
f 6229 6232 6233 6236
f 6229 6236 6237 6238
f 6235 6239 6237 6236
f 6240 6238 6237 6239
g interior
f 6240 6241 6242 6238
f 6243 6244 6242 6241
f 6027 6026 6242 6244
f 6013 6230 6242 6026
f 6229 6238 6242 6230
f 6027 6244 6245 6028
f 6244 6243 6246 6245
f 6245 6246 6247 6028
f 6028 6247 2189 2187
f 2194 2193 6248 6029
f 6029 6248 6249 6250
f 6250 6249 6251 6252
f 6029 6250 6252 6031
g exterior
f 6253 6254 6255 6256
f 6257 6258 6255 6254
f 6037 6034 6255 6258
f 6033 6256 6255 6034
g interior
f 6033 6040 6259 6256
f 6031 6252 6259 6040
f 6251 6260 6259 6252
f 6253 6256 6259 6260
g exterior
f 6037 6258 6261 6042
f 6258 6257 2197 6261
f 6042 6261 2197 2195
f 2173 2203 6262 6263
f 6263 6262 6264 6265
f 2173 6263 6265 6044
g interior
f 6266 6267 6268 6269
f 6270 6271 6268 6267
f 6050 6047 6268 6271
f 6046 6269 6268 6047
g exterior
f 6046 6053 6272 6269
f 6044 6265 6272 6053
f 6264 6273 6272 6265
f 6266 6269 6272 6273
g interior
f 6050 6271 6274 6055
f 6271 6270 6275 6274
f 6055 6274 6275 6056
f 6056 6275 2204 2177
f 2181 2211 6276 2184
f 2184 6276 6277 2185
f 2185 6277 6278 6279
f 6279 6278 6280 6281
f 2185 6279 6281 6058
g exterior
f 6282 6283 6284 6285
f 6286 6287 6284 6283
f 6070 6068 6284 6287
f 6065 6285 6284 6068
g interior
f 6065 6064 6288 6285
f 6058 6281 6288 6064
f 6280 6289 6288 6281
f 6282 6285 6288 6289
g exterior
f 6070 6287 6290 6084
f 6287 6286 6291 6290
f 6084 6290 6291 6085
f 6085 6291 6292 6092
f 6291 6293 6294 6292
f 6292 6294 6093 6092
f 6093 6294 6295 6100
f 6294 6293 6296 6295
f 6100 6295 6296 6101
f 6101 6296 6297 6108
f 6296 6298 6299 6297
f 6297 6299 6109 6108
f 6109 6299 6300 6116
f 6299 6298 6301 6300
f 6116 6300 6301 6117
f 6117 6301 6302 6124
f 6301 6303 6304 6302
f 6302 6304 6125 6124
f 6125 6304 6305 6132
f 6304 6303 6306 6305
f 6132 6305 6306 6133
f 6133 6306 6307 6140
f 6306 6308 6309 6307
f 6307 6309 6141 6140
f 6141 6309 6310 6148
f 6309 6308 6311 6310
f 6148 6310 6311 6149
f 6149 6311 6312 6156
f 6311 6313 6314 6312
f 6312 6314 6157 6156
f 6157 6314 6315 6164
f 6314 6313 6316 6315
f 6164 6315 6316 6165
f 6165 6316 6317 6172
f 6316 6318 6319 6317
f 6317 6319 6173 6172
f 6173 6319 6320 6180
f 6319 6318 6321 6320
f 6180 6320 6321 6181
f 6181 6321 6322 6188
f 6321 6323 6324 6322
f 6322 6324 6189 6188
f 6189 6324 6325 6196
f 6324 6323 6326 6325
f 6196 6325 6326 6197
f 6197 6326 6327 6204
f 6326 6328 6329 6327
f 6327 6329 6205 6204
f 6205 6329 6330 6209
f 6329 6328 6331 6330
f 6209 6330 6331 6210
f 6210 6331 2213 2212
f 2229 2228 6332 6223
f 6223 6332 6333 6226
f 6332 6334 6335 6333
f 6333 6335 6227 6226
f 6227 6335 6336 6234
f 6335 6334 6337 6336
f 6336 6337 6338 6339
f 6234 6336 6339 6235
g interior
f 6340 6341 6342 6343
f 6344 6345 6342 6341
f 6243 6241 6342 6345
f 6240 6343 6342 6241
g exterior
f 6240 6239 6346 6343
f 6235 6339 6346 6239
f 6338 6347 6346 6339
f 6340 6343 6346 6347
g interior
f 6243 6345 6348 6246
f 6345 6344 6349 6348
f 6246 6348 6349 6247
f 6247 6349 2230 2189
f 2193 2239 6350 6248
f 6248 6350 6351 6249
f 6350 6352 6353 6351
f 6351 6353 6251 6249
g exterior
f 6354 6355 6356 6357
f 6358 6359 6356 6355
f 6257 6254 6356 6359
f 6253 6357 6356 6254
g interior
f 6253 6260 6360 6357
f 6251 6353 6360 6260
f 6352 6361 6360 6353
f 6354 6357 6360 6361
g exterior
f 6257 6359 6362 2197
f 6359 6358 6363 6362
f 6362 6363 2240 2197
f 2203 2202 6364 6262
f 2202 6365 6366 6364
f 6364 6366 6264 6262
g interior
f 6367 6368 6369 6370
f 6371 6372 6369 6368
f 6270 6267 6369 6372
f 6266 6370 6369 6267
g exterior
f 6266 6273 6373 6370
f 6264 6366 6373 6273
f 6365 6374 6373 6366
f 6367 6370 6373 6374
g interior
f 6270 6372 6375 6275
f 6372 6371 6376 6375
f 6375 6376 6377 6275
f 6275 6377 2206 2204
f 2211 2210 6378 6276
f 6276 6378 6379 6380
f 6380 6379 6381 6382
f 6276 6380 6382 6277
g exterior
f 6383 6384 6385 6386
f 6387 6388 6385 6384
f 6389 6386 6385 6388
g interior
f 6389 6390 6391 6386
f 6280 6278 6391 6390
f 6277 6382 6391 6278
f 6381 6392 6391 6382
f 6383 6386 6391 6392
g exterior
f 6389 6388 6393 6394
f 6387 6395 6393 6388
f 6396 6397 6393 6395
f 6286 6283 6393 6397
f 6282 6394 6393 6283
g interior
f 6282 6289 6398 6394
f 6280 6390 6398 6289
f 6389 6394 6398 6390
g exterior
f 6286 6397 6399 6291
f 6397 6396 6400 6399
f 6399 6400 6401 6291
f 6291 6401 2259 6293
f 6293 2259 2262 6296
f 6296 2262 2265 6298
f 6298 2265 2267 6301
f 6301 2267 2270 6303
f 6303 2270 2272 6306
f 6306 2272 2274 6308
f 6308 2274 2276 6311
f 6311 2276 2279 6313
f 6313 2279 2281 6316
f 6316 2281 2283 6318
f 6318 2283 2285 6321
f 6321 2285 2288 6323
f 6323 2288 2290 6326
f 6326 2290 2292 6328
f 6328 2292 2294 6331
f 6331 2294 2216 2213
f 2228 2227 2302 6332
f 6332 2302 2305 6334
f 6334 2305 6402 6337
f 2305 6403 6404 6402
f 6402 6404 6338 6337
g interior
f 6405 6406 6407 6408
f 6409 6410 6407 6406
f 6344 6341 6407 6410
f 6340 6408 6407 6341
g exterior
f 6340 6347 6411 6408
f 6338 6404 6411 6347
f 6403 6412 6411 6404
f 6405 6408 6411 6412
g interior
f 6344 6410 6413 6349
f 6410 6409 6414 6413
f 6413 6414 6415 6349
f 6349 6415 2232 2230
f 2239 2238 6416 6350
f 6350 6416 6417 6418
f 6418 6417 6419 6420
f 6350 6418 6420 6352
g exterior
f 6421 6422 6423 6424
f 6425 6426 6423 6422
f 6358 6355 6423 6426
f 6354 6424 6423 6355
g interior
f 6354 6361 6427 6424
f 6352 6420 6427 6361
f 6419 6428 6427 6420
f 6421 6424 6427 6428
g exterior
f 6358 6426 6429 6363
f 6426 6425 2242 6429
f 6363 6429 2242 2240
f 2202 2248 6430 6431
f 6431 6430 6432 6433
f 2202 6431 6433 6365
g interior
f 6434 6435 6436 6437
f 6438 6439 6436 6435
f 6371 6368 6436 6439
f 6367 6437 6436 6368
g exterior
f 6367 6374 6440 6437
f 6365 6433 6440 6374
f 6432 6441 6440 6433
f 6434 6437 6440 6441
g interior
f 6371 6439 6442 6376
f 6439 6438 6443 6442
f 6376 6442 6443 6377
f 6377 6443 2249 2206
f 2210 2258 6444 6445
f 6445 6444 6446 6447
f 2210 6445 6447 6378
f 6378 6447 6448 6379
f 6447 6446 6449 6448
f 6448 6449 6450 6451
f 6379 6448 6451 6381
g exterior
f 6452 6453 6454 6455
f 6456 6457 6454 6453
f 6387 6384 6454 6457
f 6383 6455 6454 6384
g interior
f 6383 6392 6458 6455
f 6381 6451 6458 6392
f 6450 6459 6458 6451
f 6452 6455 6458 6459
g exterior
f 6387 6457 6460 6395
f 6457 6456 6461 6460
f 6460 6461 6462 6463
f 6395 6460 6463 6396
f 6396 6463 6464 6400
f 6463 6462 6465 6464
f 6400 6464 6465 6401
f 6401 6465 2260 2259
f 2305 2304 6466 6467
f 6467 6466 6468 6469
f 2305 6467 6469 6403
g interior
f 6470 6471 6472 6473
f 6409 6406 6472 6471
f 6405 6473 6472 6406
g exterior
f 6405 6412 6474 6473
f 6403 6469 6474 6412
f 6468 6475 6474 6469
f 6476 6477 6474 6475
f 6470 6473 6474 6477
f 6470 6477 6478 6479
f 6476 6480 6478 6477
f 6481 6479 6478 6480
g interior
f 6481 6482 6483 6479
f 6484 6485 6483 6482
f 6415 6414 6483 6485
f 6409 6471 6483 6414
f 6470 6479 6483 6471
f 6415 6485 6486 2232
f 6485 6484 6487 6486
f 6486 6487 2306 2232
f 2238 2317 6488 6416
f 6416 6488 6489 6417
f 6488 6490 6491 6489
f 6489 6491 6419 6417
g exterior
f 6492 6493 6494 6495
f 6496 6497 6494 6493
f 6425 6422 6494 6497
f 6421 6495 6494 6422
g interior
f 6421 6428 6498 6495
f 6419 6491 6498 6428
f 6490 6499 6498 6491
f 6492 6495 6498 6499
g exterior
f 6425 6497 6500 2242
f 6497 6496 6501 6500
f 6500 6501 2318 2242
f 2248 2247 6502 6430
f 2247 6503 6504 6502
f 6502 6504 6432 6430
g interior
f 6505 6506 6507 6508
f 6509 6510 6507 6506
f 6438 6435 6507 6510
f 6434 6508 6507 6435
g exterior
f 6434 6441 6511 6508
f 6432 6504 6511 6441
f 6503 6512 6511 6504
f 6505 6508 6511 6512
g interior
f 6438 6510 6513 6443
f 6510 6509 6514 6513
f 6513 6514 6515 6443
f 6443 6515 2251 2249
f 2258 2257 6516 6444
f 2257 6517 6518 6516
f 6516 6518 6446 6444
g exterior
f 6519 6520 6521 6522
f 6523 6524 6521 6520
f 6525 6522 6521 6524
g interior
f 6525 6526 6527 6522
f 6450 6449 6527 6526
f 6446 6518 6527 6449
f 6517 6528 6527 6518
f 6519 6522 6527 6528
g exterior
f 6525 6524 6529 6530
f 6523 6531 6529 6524
f 6532 6533 6529 6531
f 6456 6453 6529 6533
f 6452 6530 6529 6453
g interior
f 6452 6459 6534 6530
f 6450 6526 6534 6459
f 6525 6530 6534 6526
g exterior
f 6456 6533 6535 6461
f 6533 6532 2337 6535
f 6461 6535 2337 6462
f 6462 2337 2340 6465
f 6465 2340 2263 2260
f 2304 2303 6536 6466
f 2303 6537 6538 6536
f 6536 6538 6468 6466
f 6468 6538 6539 6475
f 6538 6537 6540 6539
f 6539 6540 6541 6542
f 6475 6539 6542 6476
g interior
f 6543 6544 6545 6546
f 6547 6548 6545 6544
f 6484 6482 6545 6548
f 6481 6546 6545 6482
g exterior
f 6481 6480 6549 6546
f 6476 6542 6549 6480
f 6541 6550 6549 6542
f 6543 6546 6549 6550
g interior
f 6484 6548 6551 6487
f 6548 6547 2308 6551
f 6487 6551 2308 2306
f 2317 2316 6552 6488
f 6488 6552 6553 6554
f 6554 6553 6555 6556
f 6488 6554 6556 6490
g exterior
f 6557 6558 6559 6560
f 6561 6562 6559 6558
f 6496 6493 6559 6562
f 6492 6560 6559 6493
g interior
f 6492 6499 6563 6560
f 6490 6556 6563 6499
f 6555 6564 6563 6556
f 6557 6560 6563 6564
g exterior
f 6496 6562 6565 6501
f 6562 6561 2320 6565
f 6501 6565 2320 2318
f 2247 2326 6566 6567
f 6567 6566 6568 6569
f 2247 6567 6569 6503
g interior
f 6570 6571 6572 6573
f 6574 6575 6572 6571
f 6509 6506 6572 6575
f 6505 6573 6572 6506
g exterior
f 6505 6512 6576 6573
f 6503 6569 6576 6512
f 6568 6577 6576 6569
f 6570 6573 6576 6577
g interior
f 6509 6575 6578 6514
f 6575 6574 6579 6578
f 6514 6578 6579 6515
f 6515 6579 2327 2251
f 2254 2336 6580 2255
f 2255 6580 6581 2257
f 2257 6581 6582 6583
f 6583 6582 6584 6585
f 2257 6583 6585 6517
g exterior
f 6586 6587 6588 6589
f 6590 6591 6588 6587
f 6523 6520 6588 6591
f 6519 6589 6588 6520
g interior
f 6519 6528 6592 6589
f 6517 6585 6592 6528
f 6584 6593 6592 6585
f 6586 6589 6592 6593
g exterior
f 6523 6591 6594 6531
f 6591 6590 6595 6594
f 6531 6594 6595 6532
f 6532 6595 2338 2337
f 2303 2346 6596 6537
f 6537 6596 6597 6540
f 6596 6598 6599 6597
f 6597 6599 6541 6540
g interior
f 6600 6601 6602 6603
f 6604 6605 6602 6601
f 6547 6544 6602 6605
f 6543 6603 6602 6544
g exterior
f 6543 6550 6606 6603
f 6541 6599 6606 6550
f 6598 6607 6606 6599
f 6600 6603 6606 6607
g interior
f 6547 6605 6608 2308
f 6605 6604 6609 6608
f 6608 6609 6610 2308
f 2308 6610 6611 2309
f 2309 6611 2347 2310
f 2316 2354 6612 6552
f 6552 6612 6613 6553
f 6612 6614 6615 6613
f 6613 6615 6555 6553
g exterior
f 6616 6617 6618 6619
f 6620 6621 6618 6617
f 6561 6558 6618 6621
f 6557 6619 6618 6558
g interior
f 6557 6564 6622 6619
f 6555 6615 6622 6564
f 6614 6623 6622 6615
f 6616 6619 6622 6623
g exterior
f 6561 6621 6624 2320
f 6621 6620 6625 6624
f 6624 6625 2355 2320
f 2326 2325 6626 6566
f 2325 6627 6628 6626
f 6626 6628 6568 6566
g interior
f 6629 6630 6631 6632
f 6633 6634 6631 6630
f 6574 6571 6631 6634
f 6570 6632 6631 6571
g exterior
f 6570 6577 6635 6632
f 6568 6628 6635 6577
f 6627 6636 6635 6628
f 6629 6632 6635 6636
g interior
f 6574 6634 6637 6579
f 6634 6633 6638 6637
f 6637 6638 6639 6579
f 6579 6639 2329 2327
f 2336 2335 6640 6580
f 6580 6640 6641 6642
f 6642 6641 6643 6644
f 6580 6642 6644 6581
g exterior
f 6645 6646 6647 6648
f 6649 6650 6647 6646
f 6651 6648 6647 6650
g interior
f 6651 6652 6653 6648
f 6584 6582 6653 6652
f 6581 6644 6653 6582
f 6643 6654 6653 6644
f 6645 6648 6653 6654
g exterior
f 6651 6650 6655 6656
f 6649 6657 6655 6650
f 6658 6659 6655 6657
f 6590 6587 6655 6659
f 6586 6656 6655 6587
g interior
f 6586 6593 6660 6656
f 6584 6652 6660 6593
f 6651 6656 6660 6652
g exterior
f 6590 6659 6661 6595
f 6659 6658 6662 6661
f 6661 6662 6663 6595
f 6595 6663 2341 2338
f 2346 2345 6664 6596
f 6596 6664 6665 6666
f 6666 6665 6667 6668
f 6596 6666 6668 6598
g interior
f 6669 6670 6671 6672
f 6604 6601 6671 6670
f 6600 6672 6671 6601
g exterior
f 6600 6607 6673 6672
f 6598 6668 6673 6607
f 6667 6674 6673 6668
f 6675 6676 6673 6674
f 6669 6672 6673 6676
f 6669 6676 6677 6678
f 6675 6679 6677 6676
f 6680 6678 6677 6679
g interior
f 6680 6681 6682 6678
f 6683 6684 6682 6681
f 6610 6609 6682 6684
f 6604 6670 6682 6609
f 6669 6678 6682 6670
f 6610 6684 6685 6611
f 6684 6683 6686 6685
f 6685 6686 6687 6611
f 6611 6687 2349 2347
f 2354 2353 6688 6612
f 6612 6688 6689 6690
f 6690 6689 6691 6692
f 6612 6690 6692 6614
g exterior
f 6693 6694 6695 6696
f 6697 6698 6695 6694
f 6620 6617 6695 6698
f 6616 6696 6695 6617
g interior
f 6616 6623 6699 6696
f 6614 6692 6699 6623
f 6691 6700 6699 6692
f 6693 6696 6699 6700
g exterior
f 6620 6698 6701 6625
f 6698 6697 2357 6701
f 6625 6701 2357 2355
f 2325 2363 6702 6703
f 6703 6702 6704 6705
f 2325 6703 6705 6627
g interior
f 6706 6707 6708 6709
f 6710 6711 6708 6707
f 6633 6630 6708 6711
f 6629 6709 6708 6630
g exterior
f 6629 6636 6712 6709
f 6627 6705 6712 6636
f 6704 6713 6712 6705
f 6706 6709 6712 6713
g interior
f 6633 6711 6714 6638
f 6711 6710 6715 6714
f 6638 6714 6715 6639
f 6639 6715 2364 2329
f 2335 2375 6716 6717
f 6717 6716 6718 6719
f 2335 6717 6719 6640
f 6640 6719 6720 6641
f 6719 6718 6721 6720
f 6720 6721 6722 6723
f 6641 6720 6723 6643
g exterior
f 6724 6725 6726 6727
f 6728 6729 6726 6725
f 6649 6646 6726 6729
f 6645 6727 6726 6646
g interior
f 6645 6654 6730 6727
f 6643 6723 6730 6654
f 6722 6731 6730 6723
f 6724 6727 6730 6731
g exterior
f 6649 6729 6732 6657
f 6729 6728 6733 6732
f 6732 6733 6734 6735
f 6657 6732 6735 6658
f 6658 6735 6736 6662
f 6735 6734 6737 6736
f 6662 6736 6737 6663
f 6663 6737 2376 2341
f 2345 2383 6738 6664
f 6664 6738 6739 6665
f 6738 6740 6741 6739
f 6739 6741 6667 6665
f 6667 6741 6742 6674
f 6741 6740 6743 6742
f 6742 6743 6744 6745
f 6674 6742 6745 6675
g interior
f 6746 6747 6748 6749
f 6750 6751 6748 6747
f 6683 6681 6748 6751
f 6680 6749 6748 6681
g exterior
f 6680 6679 6752 6749
f 6675 6745 6752 6679
f 6744 6753 6752 6745
f 6746 6749 6752 6753
g interior
f 6683 6751 6754 6686
f 6751 6750 6755 6754
f 6754 6755 6756 6757
f 6686 6754 6757 6687
f 6687 6757 6758 2349
f 6757 6756 6759 6758
f 6758 6759 2384 2349
f 2353 2393 6760 6688
f 6688 6760 6761 6689
f 6760 6762 6763 6761
f 6761 6763 6691 6689
g exterior
f 6764 6765 6766 6767
f 6768 6769 6766 6765
f 6697 6694 6766 6769
f 6693 6767 6766 6694
g interior
f 6693 6700 6770 6767
f 6691 6763 6770 6700
f 6762 6771 6770 6763
f 6764 6767 6770 6771
g exterior
f 6697 6769 6772 2357
f 6769 6768 6773 6772
f 6772 6773 2394 2357
f 2363 2362 6774 6702
f 2362 6775 6776 6774
f 6774 6776 6704 6702
g interior
f 6777 6778 6779 6780
f 6781 6782 6779 6778
f 6710 6707 6779 6782
f 6706 6780 6779 6707
g exterior
f 6706 6713 6783 6780
f 6704 6776 6783 6713
f 6775 6784 6783 6776
f 6777 6780 6783 6784
g interior
f 6710 6782 6785 6715
f 6782 6781 6786 6785
f 6785 6786 6787 6715
f 6715 6787 2366 2364
f 2375 2374 6788 6716
f 2374 6789 6790 6788
f 6788 6790 6718 6716
g exterior
f 6791 6792 6793 6794
f 6795 6796 6793 6792
f 6797 6794 6793 6796
g interior
f 6797 6798 6799 6794
f 6722 6721 6799 6798
f 6718 6790 6799 6721
f 6789 6800 6799 6790
f 6791 6794 6799 6800
g exterior
f 6797 6796 6801 6802
f 6795 6803 6801 6796
f 6804 6805 6801 6803
f 6728 6725 6801 6805
f 6724 6802 6801 6725
g interior
f 6724 6731 6806 6802
f 6722 6798 6806 6731
f 6797 6802 6806 6798
g exterior
f 6728 6805 6807 6733
f 6805 6804 2411 6807
f 6733 6807 2411 6734
f 6734 2411 2414 6737
f 6737 2414 2378 2376
f 2383 2382 2421 6738
f 6738 2421 2424 6740
f 6740 2424 6808 6743
f 2424 6809 6810 6808
f 6808 6810 6744 6743
g interior
f 6811 6812 6813 6814
f 6750 6747 6813 6812
f 6746 6814 6813 6747
g exterior
f 6746 6753 6815 6814
f 6744 6810 6815 6753
f 6809 6816 6815 6810
f 6817 6818 6815 6816
f 6811 6814 6815 6818
f 6811 6818 6819 6820
f 6817 6821 6819 6818
f 6822 6820 6819 6821
g interior
f 6822 6823 6824 6820
f 6825 6826 6824 6823
f 6756 6755 6824 6826
f 6750 6812 6824 6755
f 6811 6820 6824 6812
f 6756 6826 6827 6759
f 6826 6825 2386 6827
f 6759 6827 2386 2384
f 2393 2392 6828 6760
f 6760 6828 6829 6830
f 6830 6829 6831 6832
f 6760 6830 6832 6762
g exterior
f 6833 6834 6835 6836
f 6837 6838 6835 6834
f 6768 6765 6835 6838
f 6764 6836 6835 6765
g interior
f 6764 6771 6839 6836
f 6762 6832 6839 6771
f 6831 6840 6839 6832
f 6833 6836 6839 6840
g exterior
f 6768 6838 6841 6773
f 6838 6837 2396 6841
f 6773 6841 2396 2394
f 2362 2402 6842 6843
f 6843 6842 6844 6845
f 2362 6843 6845 6775
g interior
f 6846 6847 6848 6849
f 6850 6851 6848 6847
f 6781 6778 6848 6851
f 6777 6849 6848 6778
g exterior
f 6777 6784 6852 6849
f 6775 6845 6852 6784
f 6844 6853 6852 6845
f 6846 6849 6852 6853
g interior
f 6781 6851 6854 6786
f 6851 6850 6855 6854
f 6786 6854 6855 6787
f 6787 6855 2403 2366
f 2370 2410 6856 2373
f 2373 6856 6857 2374
f 2374 6857 6858 6859
f 6859 6858 6860 6861
f 2374 6859 6861 6789
g exterior
f 6862 6863 6864 6865
f 6866 6867 6864 6863
f 6795 6792 6864 6867
f 6791 6865 6864 6792
g interior
f 6791 6800 6868 6865
f 6789 6861 6868 6800
f 6860 6869 6868 6861
f 6862 6865 6868 6869
g exterior
f 6795 6867 6870 6803
f 6867 6866 6871 6870
f 6803 6870 6871 6804
f 6804 6871 2412 2411
f 2424 2423 6872 6809
f 6809 6872 6873 6816
f 6872 6874 6875 6873
f 6873 6875 6817 6816
g interior
f 6876 6877 6878 6879
f 6880 6881 6878 6877
f 6825 6823 6878 6881
f 6822 6879 6878 6823
g exterior
f 6822 6821 6882 6879
f 6817 6875 6882 6821
f 6874 6883 6882 6875
f 6876 6879 6882 6883
g interior
f 6825 6881 6884 2386
f 6881 6880 6885 6884
f 6884 6885 6886 2386
f 2386 6886 6887 2387
f 2387 6887 2425 2388
f 2392 2434 6888 6828
f 6828 6888 6889 6829
f 6888 6890 6891 6889
f 6889 6891 6831 6829
g exterior
f 6892 6893 6894 6895
f 6896 6897 6894 6893
f 6837 6834 6894 6897
f 6833 6895 6894 6834
g interior
f 6833 6840 6898 6895
f 6831 6891 6898 6840
f 6890 6899 6898 6891
f 6892 6895 6898 6899
g exterior
f 6837 6897 6900 2396
f 6897 6896 6901 6900
f 6900 6901 2435 2396
f 2402 2401 6902 6842
f 2401 6903 6904 6902
f 6902 6904 6844 6842
g interior
f 6905 6906 6907 6908
f 6909 6910 6907 6906
f 6850 6847 6907 6910
f 6846 6908 6907 6847
g exterior
f 6846 6853 6911 6908
f 6844 6904 6911 6853
f 6903 6912 6911 6904
f 6905 6908 6911 6912
g interior
f 6850 6910 6913 6855
f 6910 6909 6914 6913
f 6913 6914 6915 6855
f 6855 6915 2405 2403
f 2410 2409 6916 6856
f 6856 6916 6917 6918
f 6918 6917 6919 6920
f 6856 6918 6920 6857
g exterior
f 6921 6922 6923 6924
f 6925 6926 6923 6922
f 6927 6924 6923 6926
g interior
f 6927 6928 6929 6924
f 6860 6858 6929 6928
f 6857 6920 6929 6858
f 6919 6930 6929 6920
f 6921 6924 6929 6930
g exterior
f 6927 6926 6931 6932
f 6925 6933 6931 6926
f 6934 6935 6931 6933
f 6866 6863 6931 6935
f 6862 6932 6931 6863
g interior
f 6862 6869 6936 6932
f 6860 6928 6936 6869
f 6927 6932 6936 6928
g exterior
f 6866 6935 6937 6871
f 6935 6934 6938 6937
f 6937 6938 6939 6871
f 6871 6939 2415 2412
f 2423 2422 6940 6872
f 6872 6940 6941 6942
f 6942 6941 6943 6944
f 6872 6942 6944 6874
g interior
f 6945 6946 6947 6948
f 6949 6950 6947 6946
f 6880 6877 6947 6950
f 6876 6948 6947 6877
g exterior
f 6876 6883 6951 6948
f 6874 6944 6951 6883
f 6943 6952 6951 6944
f 6945 6948 6951 6952
g interior
f 6880 6950 6953 6885
f 6950 6949 6954 6953
f 6953 6954 6955 6956
f 6885 6953 6956 6886
f 6886 6956 6957 6887
f 6956 6955 6958 6957
f 6957 6958 6959 6887
f 6887 6959 2427 2425
f 2434 2433 6960 6888
f 6888 6960 6961 6962
f 6962 6961 6963 6964
f 6888 6962 6964 6890
g exterior
f 6965 6966 6967 6968
f 6969 6970 6967 6966
f 6896 6893 6967 6970
f 6892 6968 6967 6893
g interior
f 6892 6899 6971 6968
f 6890 6964 6971 6899
f 6963 6972 6971 6964
f 6965 6968 6971 6972
g exterior
f 6896 6970 6973 6901
f 6970 6969 2437 6973
f 6901 6973 2437 2435
f 2401 2443 6974 6975
f 6975 6974 6976 6977
f 2401 6975 6977 6903
g interior
f 6978 6979 6980 6981
f 6982 6983 6980 6979
f 6909 6906 6980 6983
f 6905 6981 6980 6906
g exterior
f 6905 6912 6984 6981
f 6903 6977 6984 6912
f 6976 6985 6984 6977
f 6978 6981 6984 6985
g interior
f 6909 6983 6986 6914
f 6983 6982 6987 6986
f 6914 6986 6987 6915
f 6915 6987 2444 2405
f 2409 2453 6988 6989
f 6989 6988 6990 6991
f 2409 6989 6991 6916
f 6916 6991 6992 6917
f 6991 6990 6993 6992
f 6992 6993 6994 6995
f 6917 6992 6995 6919
g exterior
f 6996 6997 6998 6999
f 7000 7001 6998 6997
f 6925 6922 6998 7001
f 6921 6999 6998 6922
g interior
f 6921 6930 7002 6999
f 6919 6995 7002 6930
f 6994 7003 7002 6995
f 6996 6999 7002 7003
g exterior
f 6925 7001 7004 6933
f 7001 7000 7005 7004
f 7004 7005 7006 7007
f 6933 7004 7007 6934
f 6934 7007 7008 6938
f 7007 7006 7009 7008
f 6938 7008 7009 6939
f 6939 7009 2454 2415
f 2422 2461 7010 6940
f 6940 7010 7011 6941
f 7010 7012 7013 7011
f 7011 7013 6943 6941
g interior
f 7014 7015 7016 7017
f 6949 6946 7016 7015
f 6945 7017 7016 6946
g exterior
f 6945 6952 7018 7017
f 6943 7013 7018 6952
f 7012 7019 7018 7013
f 7020 7021 7018 7019
f 7014 7017 7018 7021
f 7014 7021 7022 7023
f 7020 7024 7022 7021
f 7025 7023 7022 7024
g interior
f 7025 7026 7027 7023
f 7028 7029 7027 7026
f 6955 6954 7027 7029
f 6949 7015 7027 6954
f 7014 7023 7027 7015
f 6955 7029 7030 6958
f 7029 7028 7031 7030
f 6958 7030 7031 6959
f 6959 7031 2462 2427
f 2433 2469 7032 6960
f 6960 7032 7033 6961
f 7032 7034 7035 7033
f 7033 7035 6963 6961
g exterior
f 7036 7037 7038 7039
f 7040 7041 7038 7037
f 6969 6966 7038 7041
f 6965 7039 7038 6966
g interior
f 6965 6972 7042 7039
f 6963 7035 7042 6972
f 7034 7043 7042 7035
f 7036 7039 7042 7043
g exterior
f 6969 7041 7044 2437
f 7041 7040 7045 7044
f 7044 7045 2470 2437
f 2443 2442 7046 6974
f 2442 7047 7048 7046
f 7046 7048 6976 6974
g interior
f 7049 7050 7051 7052
f 7053 7054 7051 7050
f 6982 6979 7051 7054
f 6978 7052 7051 6979
g exterior
f 6978 6985 7055 7052
f 6976 7048 7055 6985
f 7047 7056 7055 7048
f 7049 7052 7055 7056
g interior
f 6982 7054 7057 6987
f 7054 7053 7058 7057
f 7057 7058 7059 6987
f 6987 7059 2446 2444
f 2453 2452 7060 6988
f 2452 7061 7062 7060
f 7060 7062 6990 6988
g exterior
f 7063 7064 7065 7066
f 7067 7068 7065 7064
f 7069 7066 7065 7068
g interior
f 7069 7070 7071 7066
f 6994 6993 7071 7070
f 6990 7062 7071 6993
f 7061 7072 7071 7062
f 7063 7066 7071 7072
g exterior
f 7069 7068 7073 7074
f 7067 7075 7073 7068
f 7076 7077 7073 7075
f 7000 6997 7073 7077
f 6996 7074 7073 6997
g interior
f 6996 7003 7078 7074
f 6994 7070 7078 7003
f 7069 7074 7078 7070
g exterior
f 7000 7077 7079 7005
f 7077 7076 2489 7079
f 7005 7079 2489 7006
f 7006 2489 2492 7009
f 7009 2492 2456 2454
f 2461 2460 2498 7010
f 7010 2498 2502 7012
f 7012 2502 7080 7019
f 2502 7081 7082 7080
f 7080 7082 7020 7019
g interior
f 7083 7084 7085 7086
f 7087 7088 7085 7084
f 7028 7026 7085 7088
f 7025 7086 7085 7026
g exterior
f 7025 7024 7089 7086
f 7020 7082 7089 7024
f 7081 7090 7089 7082
f 7083 7086 7089 7090
g interior
f 7028 7088 7091 7031
f 7088 7087 7092 7091
f 7091 7092 7093 7031
f 7031 7093 2464 2462
f 2469 2468 7094 7032
f 7032 7094 7095 7096
f 7096 7095 7097 7098
f 7032 7096 7098 7034
g exterior
f 7099 7100 7101 7102
f 7103 7104 7101 7100
f 7040 7037 7101 7104
f 7036 7102 7101 7037
g interior
f 7036 7043 7105 7102
f 7034 7098 7105 7043
f 7097 7106 7105 7098
f 7099 7102 7105 7106
g exterior
f 7040 7104 7107 7045
f 7104 7103 2472 7107
f 7045 7107 2472 2470
f 2442 2478 7108 7109
f 7109 7108 7110 7111
f 2442 7109 7111 7047
g interior
f 7112 7113 7114 7115
f 7116 7117 7114 7113
f 7053 7050 7114 7117
f 7049 7115 7114 7050
g exterior
f 7049 7056 7118 7115
f 7047 7111 7118 7056
f 7110 7119 7118 7111
f 7112 7115 7118 7119
g interior
f 7053 7117 7120 7058
f 7117 7116 7121 7120
f 7058 7120 7121 7059
f 7059 7121 2479 2446
f 2449 2488 7122 2450
f 2450 7122 7123 2452
f 2452 7123 7124 7125
f 7125 7124 7126 7127
f 2452 7125 7127 7061
g exterior
f 7128 7129 7130 7131
f 7132 7133 7130 7129
f 7067 7064 7130 7133
f 7063 7131 7130 7064
g interior
f 7063 7072 7134 7131
f 7061 7127 7134 7072
f 7126 7135 7134 7127
f 7128 7131 7134 7135
g exterior
f 7067 7133 7136 7075
f 7133 7132 7137 7136
f 7075 7136 7137 7076
f 7076 7137 2490 2489
f 2502 2501 7138 7139
f 7139 7138 7140 7141
f 2502 7139 7141 7081
g interior
f 7142 7143 7144 7145
f 7087 7084 7144 7143
f 7083 7145 7144 7084
g exterior
f 7083 7090 7146 7145
f 7081 7141 7146 7090
f 7140 7147 7146 7141
f 7148 7149 7146 7147
f 7142 7145 7146 7149
f 7142 7149 7150 7151
f 7148 7152 7150 7149
f 7153 7151 7150 7152
g interior
f 7153 7154 7155 7151
f 7156 7157 7155 7154
f 7093 7092 7155 7157
f 7087 7143 7155 7092
f 7142 7151 7155 7143
f 7093 7157 7158 2464
f 7157 7156 7159 7158
f 7158 7159 2503 2464
f 2468 2512 7160 7094
f 7094 7160 7161 7095
f 7160 7162 7163 7161
f 7161 7163 7097 7095
g exterior
f 7164 7165 7166 7167
f 7168 7169 7166 7165
f 7103 7100 7166 7169
f 7099 7167 7166 7100
g interior
f 7099 7106 7170 7167
f 7097 7163 7170 7106
f 7162 7171 7170 7163
f 7164 7167 7170 7171
g exterior
f 7103 7169 7172 2472
f 7169 7168 7173 7172
f 7172 7173 2513 2472
f 2478 2477 7174 7108
f 2477 7175 7176 7174
f 7174 7176 7110 7108
g interior
f 7177 7178 7179 7180
f 7181 7182 7179 7178
f 7116 7113 7179 7182
f 7112 7180 7179 7113
g exterior
f 7112 7119 7183 7180
f 7110 7176 7183 7119
f 7175 7184 7183 7176
f 7177 7180 7183 7184
g interior
f 7116 7182 7185 7121
f 7182 7181 7186 7185
f 7185 7186 7187 7121
f 7121 7187 2481 2479
f 2488 2487 7188 7122
f 7122 7188 7189 7190
f 7190 7189 7191 7192
f 7122 7190 7192 7123
g exterior
f 7193 7194 7195 7196
f 7197 7198 7195 7194
f 7199 7196 7195 7198
g interior
f 7199 7200 7201 7196
f 7126 7124 7201 7200
f 7123 7192 7201 7124
f 7191 7202 7201 7192
f 7193 7196 7201 7202
g exterior
f 7199 7198 7203 7204
f 7197 7205 7203 7198
f 7206 7207 7203 7205
f 7132 7129 7203 7207
f 7128 7204 7203 7129
g interior
f 7128 7135 7208 7204
f 7126 7200 7208 7135
f 7199 7204 7208 7200
g exterior
f 7132 7207 7209 7137
f 7207 7206 7210 7209
f 7209 7210 7211 7137
f 7137 7211 2493 2490
f 2501 2500 7212 7138
f 2500 7213 7214 7212
f 7212 7214 7140 7138
f 7140 7214 7215 7147
f 7214 7213 7216 7215
f 7215 7216 7217 7218
f 7147 7215 7218 7148
g interior
f 7219 7220 7221 7222
f 7223 7224 7221 7220
f 7156 7154 7221 7224
f 7153 7222 7221 7154
g exterior
f 7153 7152 7225 7222
f 7148 7218 7225 7152
f 7217 7226 7225 7218
f 7219 7222 7225 7226
g interior
f 7156 7224 7227 7159
f 7224 7223 2505 7227
f 7159 7227 2505 2503
f 2512 2511 7228 7160
f 7160 7228 7229 7230
f 7230 7229 7231 7232
f 7160 7230 7232 7162
g exterior
f 7233 7234 7235 7236
f 7237 7238 7235 7234
f 7168 7165 7235 7238
f 7164 7236 7235 7165
g interior
f 7164 7171 7239 7236
f 7162 7232 7239 7171
f 7231 7240 7239 7232
f 7233 7236 7239 7240
g exterior
f 7168 7238 7241 7173
f 7238 7237 2515 7241
f 7173 7241 2515 2513
f 2477 2521 7242 7243
f 7243 7242 7244 7245
f 2477 7243 7245 7175
g interior
f 7246 7247 7248 7249
f 7250 7251 7248 7247
f 7181 7178 7248 7251
f 7177 7249 7248 7178
g exterior
f 7177 7184 7252 7249
f 7175 7245 7252 7184
f 7244 7253 7252 7245
f 7246 7249 7252 7253
g interior
f 7181 7251 7254 7186
f 7251 7250 7255 7254
f 7186 7254 7255 7187
f 7187 7255 2522 2481
f 2487 2529 7256 7188
f 7188 7256 7257 7189
f 7256 7258 7259 7257
f 7257 7259 7191 7189
g exterior
f 7260 7261 7262 7263
f 7264 7265 7262 7261
f 7197 7194 7262 7265
f 7193 7263 7262 7194
g interior
f 7193 7202 7266 7263
f 7191 7259 7266 7202
f 7258 7267 7266 7259
f 7260 7263 7266 7267
g exterior
f 7197 7265 7268 7205
f 7265 7264 7269 7268
f 7268 7269 7270 7271
f 7205 7268 7271 7206
f 7206 7271 7272 7210
f 7271 7270 7273 7272
f 7210 7272 7273 7211
f 7211 7273 2530 2493
f 2500 2537 7274 7213
f 7213 7274 7275 7216
f 7274 7276 7277 7275
f 7275 7277 7217 7216
g interior
f 7278 7279 7280 7281
f 7282 7283 7280 7279
f 7223 7220 7280 7283
f 7219 7281 7280 7220
g exterior
f 7219 7226 7284 7281
f 7217 7277 7284 7226
f 7276 7285 7284 7277
f 7278 7281 7284 7285
g interior
f 7223 7283 7286 2505
f 7283 7282 7287 7286
f 7286 7287 7288 2505
f 2505 7288 7289 2506
f 2506 7289 2538 2507
f 2511 2547 7290 7228
f 7228 7290 7291 7229
f 7290 7292 7293 7291
f 7291 7293 7231 7229
g exterior
f 7294 7295 7296 7297
f 7298 7299 7296 7295
f 7237 7234 7296 7299
f 7233 7297 7296 7234
g interior
f 7233 7240 7300 7297
f 7231 7293 7300 7240
f 7292 7301 7300 7293
f 7294 7297 7300 7301
g exterior
f 7237 7299 7302 2515
f 7299 7298 7303 7302
f 7302 7303 2548 2515
f 2521 2520 7304 7242
f 2520 7305 7306 7304
f 7304 7306 7244 7242
g interior
f 7307 7308 7309 7310
f 7311 7312 7309 7308
f 7250 7247 7309 7312
f 7246 7310 7309 7247
g exterior
f 7246 7253 7313 7310
f 7244 7306 7313 7253
f 7305 7314 7313 7306
f 7307 7310 7313 7314
g interior
f 7250 7312 7315 7255
f 7312 7311 7316 7315
f 7315 7316 7317 7255
f 7255 7317 2524 2522
f 2529 2528 7318 7256
f 7256 7318 7319 7320
f 7320 7319 7321 7322
f 7256 7320 7322 7258
g exterior
f 7323 7324 7325 7326
f 7264 7327 7325 7324
f 7261 7328 7325 7327
f 7329 7326 7325 7328
f 7261 7330 7331 7328
f 7260 7332 7331 7330
f 7329 7328 7331 7332
f 7329 7333 7334 7326
f 7335 7336 7334 7333
f 7323 7326 7334 7336
f 7329 7337 7338 7339
f 7340 7341 7338 7337
f 7342 7339 7338 7341
f 7342 7343 7344 7339
f 7345 7346 7344 7343
f 7347 7348 7344 7346
f 7329 7339 7344 7348
f 7347 7349 7350 7348
f 7335 7333 7350 7349
f 7329 7348 7350 7333
g interior
f 7351 7352 7353 7354
f 7321 7355 7353 7352
f 7356 7357 7353 7355
f 7329 7354 7353 7357
f 7356 7358 7359 7357
f 7340 7337 7359 7358
f 7329 7357 7359 7337
f 7329 7360 7361 7354
f 7322 7362 7361 7360
f 7351 7354 7361 7362
f 7329 7332 7363 7364
f 7260 7365 7363 7332
f 7267 7364 7363 7365
f 7267 7366 7367 7364
f 7258 7368 7367 7366
f 7369 7370 7367 7368
f 7329 7364 7367 7370
f 7369 7371 7372 7370
f 7322 7360 7372 7371
f 7329 7370 7372 7360
g exterior
f 7264 7335 7373 7269
f 7335 7345 7374 7373
f 7269 7373 7374 7270
f 7270 7374 7375 7273
f 7273 7375 2532 2530
f 2537 2536 7376 7274
f 7274 7376 7377 7378
f 7378 7377 7379 7380
f 7274 7378 7380 7276
g interior
f 7381 7382 7383 7384
f 7282 7279 7383 7382
f 7278 7384 7383 7279
g exterior
f 7278 7285 7385 7384
f 7276 7380 7385 7285
f 7379 7386 7385 7380
f 7387 7388 7385 7386
f 7381 7384 7385 7388
f 7381 7388 7389 7390
f 7387 7391 7389 7388
f 7392 7390 7389 7391
g interior
f 7392 7393 7394 7390
f 7395 7396 7394 7393
f 7288 7287 7394 7396
f 7282 7382 7394 7287
f 7381 7390 7394 7382
f 7288 7396 7397 7289
f 7396 7395 7398 7397
f 7397 7398 7399 7289
f 7289 7399 2540 2538
f 2547 2546 7400 7290
f 7290 7400 7401 7402
f 7402 7401 7403 7404
f 7290 7402 7404 7292
g exterior
f 7405 7406 7407 7408
f 7409 7410 7407 7406
f 7298 7295 7407 7410
f 7294 7408 7407 7295
g interior
f 7294 7301 7411 7408
f 7292 7404 7411 7301
f 7403 7412 7411 7404
f 7405 7408 7411 7412
g exterior
f 7298 7410 7413 7303
f 7410 7409 2550 7413
f 7303 7413 2550 2548
f 2520 2556 7414 7415
f 7415 7414 7416 7417
f 2520 7415 7417 7305
g interior
f 7418 7419 7420 7421
f 7422 7423 7420 7419
f 7311 7308 7420 7423
f 7307 7421 7420 7308
g exterior
f 7307 7314 7424 7421
f 7305 7417 7424 7314
f 7416 7425 7424 7417
f 7418 7421 7424 7425
g interior
f 7311 7423 7426 7316
f 7423 7422 7427 7426
f 7316 7426 7427 7317
f 7317 7427 2557 2524
f 2528 2566 7428 7318
f 7318 7428 7429 7319
f 7428 7430 7431 7429
f 7429 7431 7321 7319
g exterior
f 7432 7433 7434 7435
f 7436 7437 7434 7433
f 7345 7342 7434 7437
f 7340 7435 7434 7342
g interior
f 7340 7356 7438 7435
f 7321 7431 7438 7356
f 7430 7439 7438 7431
f 7432 7435 7438 7439
g exterior
f 7345 7437 7440 7374
f 7437 7436 7441 7440
f 7440 7441 7442 7374
f 7374 7442 7443 7375
f 7375 7443 2567 2532
f 2536 2574 7444 7376
f 7376 7444 7445 7377
f 7444 7446 7447 7445
f 7445 7447 7379 7377
f 7379 7447 7448 7386
f 7447 7446 7449 7448
f 7448 7449 7450 7451
f 7386 7448 7451 7387
g interior
f 7452 7453 7454 7455
f 7456 7457 7454 7453
f 7395 7393 7454 7457
f 7392 7455 7454 7393
g exterior
f 7392 7391 7458 7455
f 7387 7451 7458 7391
f 7450 7459 7458 7451
f 7452 7455 7458 7459
g interior
f 7395 7457 7460 7398
f 7457 7456 7461 7460
f 7460 7461 7462 7463
f 7398 7460 7463 7399
f 7399 7463 7464 2540
f 7463 7462 7465 7464
f 7464 7465 2575 2540
f 2546 2588 7466 7400
f 7400 7466 7467 7401
f 7466 7468 7469 7467
f 7467 7469 7403 7401
g exterior
f 7470 7471 7472 7473
f 7474 7475 7472 7471
f 7409 7406 7472 7475
f 7405 7473 7472 7406
g interior
f 7405 7412 7476 7473
f 7403 7469 7476 7412
f 7468 7477 7476 7469
f 7470 7473 7476 7477
g exterior
f 7409 7475 7478 2550
f 7475 7474 7479 7478
f 7478 7479 2589 2550
f 2556 2555 7480 7414
f 2555 7481 7482 7480
f 7480 7482 7416 7414
g interior
f 7483 7484 7485 7486
f 7487 7488 7485 7484
f 7422 7419 7485 7488
f 7418 7486 7485 7419
g exterior
f 7418 7425 7489 7486
f 7416 7482 7489 7425
f 7481 7490 7489 7482
f 7483 7486 7489 7490
g interior
f 7422 7488 7491 7427
f 7488 7487 7492 7491
f 7491 7492 7493 7427
f 7427 7493 2559 2557
f 2566 2565 7494 7428
f 7428 7494 7495 7496
f 7496 7495 7497 7498
f 7428 7496 7498 7430
g exterior
f 7499 7500 7501 7502
f 7436 7433 7501 7500
f 7432 7502 7501 7433
g interior
f 7432 7439 7503 7502
f 7430 7498 7503 7439
f 7497 7504 7503 7498
f 7505 7506 7503 7504
f 7499 7502 7503 7506
f 7499 7506 7507 7508
f 7505 7509 7507 7506
f 7510 7508 7507 7509
g exterior
f 7510 7511 7512 7508
f 7513 7514 7512 7511
f 7442 7441 7512 7514
f 7436 7500 7512 7441
f 7499 7508 7512 7500
f 7442 7514 7515 7443
f 7514 7513 7516 7515
f 7515 7516 7517 7443
f 7443 7517 2569 2567
f 2574 2573 2617 7444
f 7444 2617 2621 7446
f 7446 2621 7518 7449
f 2621 7519 7520 7518
f 7518 7520 7450 7449
g interior
f 7521 7522 7523 7524
f 7456 7453 7523 7522
f 7452 7524 7523 7453
g exterior
f 7452 7459 7525 7524
f 7450 7520 7525 7459
f 7519 7526 7525 7520
f 7527 7528 7525 7526
f 7521 7524 7525 7528
f 7521 7528 7529 7530
f 7527 7531 7529 7528
f 7532 7530 7529 7531
g interior
f 7532 7533 7534 7530
f 7535 7536 7534 7533
f 7462 7461 7534 7536
f 7456 7522 7534 7461
f 7521 7530 7534 7522
f 7462 7536 7537 7465
f 7536 7535 2577 7537
f 7465 7537 2577 2575
f 2588 2587 7538 7466
f 7466 7538 7539 7540
f 7540 7539 7541 7542
f 7466 7540 7542 7468
g exterior
f 7543 7544 7545 7546
f 7547 7548 7545 7544
f 7474 7471 7545 7548
f 7470 7546 7545 7471
g interior
f 7470 7477 7549 7546
f 7468 7542 7549 7477
f 7541 7550 7549 7542
f 7543 7546 7549 7550
g exterior
f 7474 7548 7551 7479
f 7548 7547 2591 7551
f 7479 7551 2591 2589
f 2555 2597 7552 7553
f 7553 7552 7554 7555
f 2555 7553 7555 7481
g interior
f 7556 7557 7558 7559
f 7560 7561 7558 7557
f 7487 7484 7558 7561
f 7483 7559 7558 7484
g exterior
f 7483 7490 7562 7559
f 7481 7555 7562 7490
f 7554 7563 7562 7555
f 7556 7559 7562 7563
g interior
f 7487 7561 7564 7492
f 7561 7560 7565 7564
f 7492 7564 7565 7493
f 7493 7565 2598 2559
f 2565 2605 7566 7494
f 7494 7566 7567 7495
f 7566 7568 7569 7567
f 7567 7569 7497 7495
f 7497 7569 7570 7504
f 7569 7568 7571 7570
f 7570 7571 7572 7573
f 7504 7570 7573 7505
g exterior
f 7574 7575 7576 7577
f 7578 7579 7576 7575
f 7513 7511 7576 7579
f 7510 7577 7576 7511
g interior
f 7510 7509 7580 7577
f 7505 7573 7580 7509
f 7572 7581 7580 7573
f 7574 7577 7580 7581
g exterior
f 7513 7579 7582 7516
f 7579 7578 7583 7582
f 7582 7583 7584 7585
f 7516 7582 7585 7517
f 7517 7585 7586 2569
f 7585 7584 7587 7586
f 7586 7587 2606 2569
f 2621 2620 7588 7519
f 7519 7588 7589 7526
f 7588 7590 7591 7589
f 7589 7591 7527 7526
g interior
f 7592 7593 7594 7595
f 7596 7597 7594 7593
f 7535 7533 7594 7597
f 7532 7595 7594 7533
g exterior
f 7532 7531 7598 7595
f 7527 7591 7598 7531
f 7590 7599 7598 7591
f 7592 7595 7598 7599
g interior
f 7535 7597 7600 2577
f 7597 7596 7601 7600
f 7600 7601 7602 2577
f 2577 7602 7603 2578
f 2578 7603 2622 2579
f 2587 2629 7604 7538
f 7538 7604 7605 7539
f 7604 7606 7607 7605
f 7605 7607 7541 7539
g exterior
f 7608 7609 7610 7611
f 7612 7613 7610 7609
f 7547 7544 7610 7613
f 7543 7611 7610 7544
g interior
f 7543 7550 7614 7611
f 7541 7607 7614 7550
f 7606 7615 7614 7607
f 7608 7611 7614 7615
g exterior
f 7547 7613 7616 2591
f 7613 7612 7617 7616
f 7616 7617 2630 2591
f 2597 2596 7618 7552
f 2596 7619 7620 7618
f 7618 7620 7554 7552
g interior
f 7621 7622 7623 7624
f 7625 7626 7623 7622
f 7560 7557 7623 7626
f 7556 7624 7623 7557
g exterior
f 7556 7563 7627 7624
f 7554 7620 7627 7563
f 7619 7628 7627 7620
f 7621 7624 7627 7628
g interior
f 7560 7626 7629 7565
f 7626 7625 7630 7629
f 7629 7630 7631 7565
f 7565 7631 2600 2598
f 2605 2604 2645 7566
f 7566 2645 2648 7568
f 7568 2648 7632 7571
f 2648 7633 7634 7632
f 7632 7634 7572 7571
g exterior
f 7635 7636 7637 7638
f 7578 7575 7637 7636
f 7574 7638 7637 7575
g interior
f 7574 7581 7639 7638
f 7572 7634 7639 7581
f 7633 7640 7639 7634
f 7641 7642 7639 7640
f 7635 7638 7639 7642
f 7635 7642 7643 7644
f 7641 7645 7643 7642
f 7646 7644 7643 7645
g exterior
f 7646 7647 7648 7644
f 7649 7650 7648 7647
f 7584 7583 7648 7650
f 7578 7636 7648 7583
f 7635 7644 7648 7636
f 7584 7650 7651 7587
f 7650 7649 2608 7651
f 7587 7651 2608 2606
f 2620 2619 7652 7588
f 7588 7652 7653 7654
f 7654 7653 7655 7656
f 7588 7654 7656 7590
g interior
f 7657 7658 7659 7660
f 7661 7662 7659 7658
f 7596 7593 7659 7662
f 7592 7660 7659 7593
g exterior
f 7592 7599 7663 7660
f 7590 7656 7663 7599
f 7655 7664 7663 7656
f 7657 7660 7663 7664
g interior
f 7596 7662 7665 7601
f 7662 7661 7666 7665
f 7665 7666 7667 7668
f 7601 7665 7668 7602
f 7602 7668 7669 7603
f 7668 7667 7670 7669
f 7669 7670 7671 7603
f 7603 7671 2624 2622
f 2629 2628 7672 7604
f 7604 7672 7673 7674
f 7674 7673 7675 7676
f 7604 7674 7676 7606
g exterior
f 7677 7678 7679 7680
f 7681 7682 7679 7678
f 7612 7609 7679 7682
f 7608 7680 7679 7609
g interior
f 7608 7615 7683 7680
f 7606 7676 7683 7615
f 7675 7684 7683 7676
f 7677 7680 7683 7684
g exterior
f 7612 7682 7685 7617
f 7682 7681 2632 7685
f 7617 7685 2632 2630
f 2596 2638 7686 7687
f 7687 7686 7688 7689
f 2596 7687 7689 7619
g interior
f 7690 7691 7692 7693
f 7694 7695 7692 7691
f 7625 7622 7692 7695
f 7621 7693 7692 7622
g exterior
f 7621 7628 7696 7693
f 7619 7689 7696 7628
f 7688 7697 7696 7689
f 7690 7693 7696 7697
g interior
f 7625 7695 7698 7630
f 7695 7694 7699 7698
f 7630 7698 7699 7631
f 7631 7699 2639 2600
f 2648 2647 7700 7633
f 7633 7700 7701 7640
f 7700 7702 7703 7701
f 7701 7703 7641 7640
g exterior
f 7704 7705 7706 7707
f 7708 7709 7706 7705
f 7649 7647 7706 7709
f 7646 7707 7706 7647
g interior
f 7646 7645 7710 7707
f 7641 7703 7710 7645
f 7702 7711 7710 7703
f 7704 7707 7710 7711
g exterior
f 7649 7709 7712 2608
f 7709 7708 7713 7712
f 7712 7713 7714 2608
f 2608 7714 7715 2609
f 2609 7715 2649 2610
f 2619 2658 7716 7652
f 7652 7716 7717 7653
f 7716 7718 7719 7717
f 7717 7719 7655 7653
g interior
f 7720 7721 7722 7723
f 7661 7658 7722 7721
f 7657 7723 7722 7658
g exterior
f 7657 7664 7724 7723
f 7655 7719 7724 7664
f 7718 7725 7724 7719
f 7726 7727 7724 7725
f 7720 7723 7724 7727
f 7720 7727 7728 7729
f 7726 7730 7728 7727
f 7731 7729 7728 7730
g interior
f 7731 7732 7733 7729
f 7734 7735 7733 7732
f 7667 7666 7733 7735
f 7661 7721 7733 7666
f 7720 7729 7733 7721
f 7667 7735 7736 7670
f 7735 7734 7737 7736
f 7670 7736 7737 7671
f 7671 7737 2659 2624
f 2628 2668 7738 7672
f 7672 7738 7739 7673
f 7738 7740 7741 7739
f 7739 7741 7675 7673
g exterior
f 7742 7743 7744 7745
f 7746 7747 7744 7743
f 7681 7678 7744 7747
f 7677 7745 7744 7678
g interior
f 7677 7684 7748 7745
f 7675 7741 7748 7684
f 7740 7749 7748 7741
f 7742 7745 7748 7749
g exterior
f 7681 7747 7750 2632
f 7747 7746 7751 7750
f 7750 7751 2669 2632
f 2638 2637 7752 7686
f 2637 7753 7754 7752
f 7752 7754 7688 7686
g interior
f 7755 7756 7757 7758
f 7759 7760 7757 7756
f 7694 7691 7757 7760
f 7690 7758 7757 7691
g exterior
f 7690 7697 7761 7758
f 7688 7754 7761 7697
f 7753 7762 7761 7754
f 7755 7758 7761 7762
g interior
f 7694 7760 7763 7699
f 7760 7759 7764 7763
f 7763 7764 7765 7699
f 7699 7765 2641 2639
f 2647 2646 7766 7700
f 7700 7766 7767 7768
f 7768 7767 7769 7770
f 7700 7768 7770 7702
g exterior
f 7771 7772 7773 7774
f 7708 7705 7773 7772
f 7704 7774 7773 7705
g interior
f 7704 7711 7775 7774
f 7702 7770 7775 7711
f 7769 7776 7775 7770
f 7777 7778 7775 7776
f 7771 7774 7775 7778
f 7771 7778 7779 7780
f 7777 7781 7779 7778
f 7782 7780 7779 7781
g exterior
f 7782 7783 7784 7780
f 7785 7786 7784 7783
f 7714 7713 7784 7786
f 7708 7772 7784 7713
f 7771 7780 7784 7772
f 7714 7786 7787 7715
f 7786 7785 7788 7787
f 7787 7788 7789 7715
f 7715 7789 2651 2649
f 2658 2657 7790 7716
f 7716 7790 7791 7718
f 7718 7791 7792 7725
f 7791 7793 7794 7792
f 7792 7794 7726 7725
g interior
f 7795 7796 7797 7798
f 7799 7800 7797 7796
f 7734 7732 7797 7800
f 7731 7798 7797 7732
g exterior
f 7731 7730 7801 7798
f 7726 7794 7801 7730
f 7793 7802 7801 7794
f 7795 7798 7801 7802
g interior
f 7734 7800 7803 7737
f 7800 7799 7804 7803
f 7803 7804 7805 7737
f 7737 7805 2661 2659
f 2668 2667 7806 7738
f 7738 7806 7807 7808
f 7808 7807 7809 7810
f 7738 7808 7810 7740
g exterior
f 7811 7812 7813 7814
f 7815 7816 7813 7812
f 7746 7743 7813 7816
f 7742 7814 7813 7743
g interior
f 7742 7749 7817 7814
f 7740 7810 7817 7749
f 7809 7818 7817 7810
f 7811 7814 7817 7818
g exterior
f 7746 7816 7819 7751
f 7816 7815 2671 7819
f 7751 7819 2671 2669
f 2637 2677 7820 7821
f 7821 7820 7822 7823
f 2637 7821 7823 7753
g interior
f 7824 7825 7826 7827
f 7828 7829 7826 7825
f 7759 7756 7826 7829
f 7755 7827 7826 7756
g exterior
f 7755 7762 7830 7827
f 7753 7823 7830 7762
f 7822 7831 7830 7823
f 7824 7827 7830 7831
g interior
f 7759 7829 7832 7764
f 7829 7828 7833 7832
f 7764 7832 7833 7765
f 7765 7833 2678 2641
f 2646 2685 7834 7766
f 7766 7834 7835 7767
f 7834 7836 7837 7835
f 7835 7837 7769 7767
f 7769 7837 7838 7776
f 7837 7836 7839 7838
f 7838 7839 7840 7841
f 7776 7838 7841 7777
g exterior
f 7842 7843 7844 7845
f 7846 7847 7844 7843
f 7785 7783 7844 7847
f 7782 7845 7844 7783
g interior
f 7782 7781 7848 7845
f 7777 7841 7848 7781
f 7840 7849 7848 7841
f 7842 7845 7848 7849
g exterior
f 7785 7847 7850 7788
f 7847 7846 7851 7850
f 7788 7850 7851 7789
f 7789 7851 2686 2651
f 2657 2699 7852 7790
f 7790 7852 7853 7791
f 7791 7853 7854 7855
f 7855 7854 7856 7857
f 7791 7855 7857 7793
f 7858 7859 7860 7861
f 7856 7862 7860 7859
f 7863 7864 7860 7862
f 7865 7861 7860 7864
g interior
f 7863 7866 7867 7864
f 7868 7869 7867 7866
f 7870 7871 7867 7869
f 7865 7864 7867 7871
f 7870 7872 7873 7871
f 7799 7796 7873 7872
f 7795 7874 7873 7796
f 7865 7871 7873 7874
g exterior
f 7795 7802 7875 7874
f 7793 7876 7875 7802
f 7858 7861 7875 7876
f 7865 7874 7875 7861
g interior
f 7799 7877 7878 7804
f 7877 7868 7879 7878
f 7804 7878 7879 7805
f 7805 7879 2700 2661
f 2667 2707 7880 7806
f 7806 7880 7881 7807
f 7880 7882 7883 7881
f 7881 7883 7809 7807
g exterior
f 7884 7885 7886 7887
f 7888 7889 7886 7885
f 7815 7812 7886 7889
f 7811 7887 7886 7812
g interior
f 7811 7818 7890 7887
f 7809 7883 7890 7818
f 7882 7891 7890 7883
f 7884 7887 7890 7891
g exterior
f 7815 7889 7892 2671
f 7889 7888 7893 7892
f 7892 7893 2708 2671
f 2677 2676 7894 7820
f 2676 7895 7896 7894
f 7894 7896 7822 7820
g interior
f 7897 7898 7899 7900
f 7901 7902 7899 7898
f 7828 7825 7899 7902
f 7824 7900 7899 7825
g exterior
f 7824 7831 7903 7900
f 7822 7896 7903 7831
f 7895 7904 7903 7896
f 7897 7900 7903 7904
g interior
f 7828 7902 7905 7833
f 7902 7901 7906 7905
f 7905 7906 7907 7833
f 7833 7907 2680 2678
f 2685 2684 2726 7834
f 7834 2726 2730 7836
f 7836 2730 7908 7839
f 2730 7909 7910 7908
f 7908 7910 7840 7839
g exterior
f 7911 7912 7913 7914
f 7915 7916 7913 7912
f 7846 7843 7913 7916
f 7842 7914 7913 7843
g interior
f 7842 7849 7917 7914
f 7840 7910 7917 7849
f 7909 7918 7917 7910
f 7911 7914 7917 7918
g exterior
f 7846 7916 7919 7851
f 7916 7915 7920 7919
f 7919 7920 7921 7851
f 7851 7921 2688 2686
f 2699 2698 7922 7852
f 7852 7922 7923 7924
f 7924 7923 7925 7926
f 7852 7924 7926 7853
g interior
f 7927 7928 7929 7930
f 7931 7932 7929 7928
f 7933 7930 7929 7932
g exterior
f 7933 7934 7935 7930
f 7856 7854 7935 7934
f 7853 7926 7935 7854
f 7925 7936 7935 7926
f 7927 7930 7935 7936
g interior
f 7933 7932 7937 7938
f 7931 7939 7937 7932
f 7940 7941 7937 7939
f 7868 7866 7937 7941
f 7863 7938 7937 7866
g exterior
f 7863 7862 7942 7938
f 7856 7934 7942 7862
f 7933 7938 7942 7934
g interior
f 7868 7941 7943 7879
f 7941 7940 7944 7943
f 7943 7944 7945 7879
f 7879 7945 2702 2700
f 2707 2706 7946 7880
f 7880 7946 7947 7948
f 7948 7947 7949 7950
f 7880 7948 7950 7882
g exterior
f 7951 7952 7953 7954
f 7955 7956 7953 7952
f 7888 7885 7953 7956
f 7884 7954 7953 7885
g interior
f 7884 7891 7957 7954
f 7882 7950 7957 7891
f 7949 7958 7957 7950
f 7951 7954 7957 7958
g exterior
f 7888 7956 7959 7893
f 7956 7955 2710 7959
f 7893 7959 2710 2708
f 2676 2716 7960 7961
f 7961 7960 7962 7963
f 2676 7961 7963 7895
g interior
f 7964 7965 7966 7967
f 7968 7969 7966 7965
f 7901 7898 7966 7969
f 7897 7967 7966 7898
g exterior
f 7897 7904 7970 7967
f 7895 7963 7970 7904
f 7962 7971 7970 7963
f 7964 7967 7970 7971
g interior
f 7901 7969 7972 7906
f 7969 7968 7973 7972
f 7906 7972 7973 7907
f 7907 7973 2717 2680
f 2730 2729 7974 7975
f 7975 7974 7976 7977
f 2730 7975 7977 7909
g exterior
f 7978 7979 7980 7981
f 7915 7912 7980 7979
f 7911 7981 7980 7912
g interior
f 7911 7918 7982 7981
f 7909 7977 7982 7918
f 7976 7983 7982 7977
f 7984 7985 7982 7983
f 7978 7981 7982 7985
f 7978 7985 7986 7987
f 7984 7988 7986 7985
f 7989 7987 7986 7988
g exterior
f 7989 7990 7991 7987
f 7992 7993 7991 7990
f 7921 7920 7991 7993
f 7915 7979 7991 7920
f 7978 7987 7991 7979
f 7921 7993 7994 2688
f 7993 7992 7995 7994
f 7994 7995 7996 2688
f 2688 7996 7997 2689
f 2689 7997 2731 2690
f 2695 2738 7998 2696
f 2696 7998 7999 2698
f 2698 7999 8000 8001
f 8001 8000 8002 8003
f 2698 8001 8003 7922
g interior
f 8004 8005 8006 8007
f 8008 8009 8006 8005
f 8010 8007 8006 8009
g exterior
f 8010 8011 8012 8007
f 7925 7923 8012 8011
f 7922 8003 8012 7923
f 8002 8013 8012 8003
f 8004 8007 8012 8013
g interior
f 8010 8009 8014 8015
f 8008 8016 8014 8009
f 8017 8018 8014 8016
f 7931 7928 8014 8018
f 7927 8015 8014 7928
g exterior
f 7927 7936 8019 8015
f 7925 8011 8019 7936
f 8010 8015 8019 8011
g interior
f 7931 8018 8020 7939
f 8018 8017 8021 8020
f 8020 8021 8022 8023
f 7939 8020 8023 7940
f 7940 8023 8024 7944
f 8023 8022 8025 8024
f 7944 8024 8025 7945
f 7945 8025 2739 2702
f 2706 2748 8026 7946
f 7946 8026 8027 7947
f 8026 8028 8029 8027
f 8027 8029 7949 7947
g exterior
f 8030 8031 8032 8033
f 8034 8035 8032 8031
f 7955 7952 8032 8035
f 7951 8033 8032 7952
g interior
f 7951 7958 8036 8033
f 7949 8029 8036 7958
f 8028 8037 8036 8029
f 8030 8033 8036 8037
g exterior
f 7955 8035 8038 2710
f 8035 8034 8039 8038
f 8038 8039 2749 2710
f 2716 2715 8040 7960
f 2715 8041 8042 8040
f 8040 8042 7962 7960
g interior
f 8043 8044 8045 8046
f 8047 8048 8045 8044
f 7968 7965 8045 8048
f 7964 8046 8045 7965
g exterior
f 7964 7971 8049 8046
f 7962 8042 8049 7971
f 8041 8050 8049 8042
f 8043 8046 8049 8050
g interior
f 7968 8048 8051 7973
f 8048 8047 8052 8051
f 8051 8052 8053 7973
f 7973 8053 2719 2717
f 2729 2728 8054 7974
f 2728 8055 8056 8054
f 8054 8056 7976 7974
f 7976 8056 8057 7983
f 8056 8055 8058 8057
f 8057 8058 8059 8060
f 7983 8057 8060 7984
g exterior
f 8061 8062 8063 8064
f 8065 8066 8063 8062
f 7992 7990 8063 8066
f 7989 8064 8063 7990
g interior
f 7989 7988 8067 8064
f 7984 8060 8067 7988
f 8059 8068 8067 8060
f 8061 8064 8067 8068
g exterior
f 7992 8066 8069 7995
f 8066 8065 8070 8069
f 8069 8070 8071 8072
f 7995 8069 8072 7996
f 7996 8072 8073 7997
f 8072 8071 8074 8073
f 8073 8074 8075 7997
f 7997 8075 2733 2731
f 2738 2737 8076 7998
f 7998 8076 8077 8078
f 8078 8077 8079 8080
f 7998 8078 8080 7999
g interior
f 8081 8082 8083 8084
f 8085 8086 8083 8082
f 8087 8084 8083 8086
g exterior
f 8087 8088 8089 8084
f 8002 8000 8089 8088
f 7999 8080 8089 8000
f 8079 8090 8089 8080
f 8081 8084 8089 8090
g interior
f 8087 8086 8091 8092
f 8085 8093 8091 8086
f 8094 8095 8091 8093
f 8008 8005 8091 8095
f 8004 8092 8091 8005
g exterior
f 8004 8013 8096 8092
f 8002 8088 8096 8013
f 8087 8092 8096 8088
g interior
f 8008 8095 8097 8016
f 8095 8094 8098 8097
f 8097 8098 8099 8100
f 8016 8097 8100 8017
f 8017 8100 8101 8021
f 8100 8099 2778 8101
f 8021 8101 2778 8022
f 8022 2778 2781 8025
f 8025 2781 2741 2739
f 2748 2747 8102 8026
f 8026 8102 8103 8104
f 8104 8103 8105 8106
f 8026 8104 8106 8028
g exterior
f 8107 8108 8109 8110
f 8111 8112 8109 8108
f 8034 8031 8109 8112
f 8030 8110 8109 8031
g interior
f 8030 8037 8113 8110
f 8028 8106 8113 8037
f 8105 8114 8113 8106
f 8107 8110 8113 8114
g exterior
f 8034 8112 8115 8039
f 8112 8111 2751 8115
f 8039 8115 2751 2749
f 2715 2757 8116 8117
f 8117 8116 8118 8119
f 2715 8117 8119 8041
g interior
f 8120 8121 8122 8123
f 8124 8125 8122 8121
f 8047 8044 8122 8125
f 8043 8123 8122 8044
g exterior
f 8043 8050 8126 8123
f 8041 8119 8126 8050
f 8118 8127 8126 8119
f 8120 8123 8126 8127
g interior
f 8047 8125 8128 8052
f 8125 8124 8129 8128
f 8052 8128 8129 8053
f 8053 8129 2758 2719
f 2728 2765 8130 8055
f 8055 8130 8131 8058
f 8130 8132 8133 8131
f 8131 8133 8059 8058
g exterior
f 8134 8135 8136 8137
f 8065 8062 8136 8135
f 8061 8137 8136 8062
g interior
f 8061 8068 8138 8137
f 8059 8133 8138 8068
f 8132 8139 8138 8133
f 8140 8141 8138 8139
f 8134 8137 8138 8141
f 8134 8141 8142 8143
f 8140 8144 8142 8141
f 8145 8143 8142 8144
g exterior
f 8145 8146 8147 8143
f 8148 8149 8147 8146
f 8071 8070 8147 8149
f 8065 8135 8147 8070
f 8134 8143 8147 8135
f 8071 8149 8150 8074
f 8149 8148 8151 8150
f 8074 8150 8151 8075
f 8075 8151 2766 2733
f 2734 2777 8152 2735
f 2735 8152 8153 2737
f 2737 8153 8154 8155
f 8155 8154 8156 8157
f 2737 8155 8157 8076
f 8076 8157 8158 8077
f 8157 8156 8159 8158
f 8158 8159 8160 8161
f 8077 8158 8161 8079
g interior
f 8162 8163 8164 8165
f 8166 8167 8164 8163
f 8085 8082 8164 8167
f 8081 8165 8164 8082
g exterior
f 8081 8090 8168 8165
f 8079 8161 8168 8090
f 8160 8169 8168 8161
f 8162 8165 8168 8169
g interior
f 8085 8167 8170 8093
f 8167 8166 8171 8170
f 8170 8171 8172 8173
f 8093 8170 8173 8094
f 8094 8173 8174 8098
f 8173 8172 8175 8174
f 8098 8174 8175 8099
f 8099 8175 2779 2778
f 2747 2791 8176 8102
f 8102 8176 8177 8103
f 8176 8178 8179 8177
f 8177 8179 8105 8103
g exterior
f 8180 8181 8182 8183
f 8184 8185 8182 8181
f 8111 8108 8182 8185
f 8107 8183 8182 8108
g interior
f 8107 8114 8186 8183
f 8105 8179 8186 8114
f 8178 8187 8186 8179
f 8180 8183 8186 8187
g exterior
f 8111 8185 8188 2751
f 8185 8184 8189 8188
f 8188 8189 2792 2751
f 2757 2756 8190 8116
f 2756 8191 8192 8190
f 8190 8192 8118 8116
g interior
f 8193 8194 8195 8196
f 8197 8198 8195 8194
f 8124 8121 8195 8198
f 8120 8196 8195 8121
g exterior
f 8120 8127 8199 8196
f 8118 8192 8199 8127
f 8191 8200 8199 8192
f 8193 8196 8199 8200
g interior
f 8124 8198 8201 8129
f 8198 8197 8202 8201
f 8201 8202 8203 8129
f 8129 8203 2760 2758
f 2765 2764 2807 8130
f 8130 2807 2810 8132
f 8132 2810 8204 8139
f 2810 8205 8206 8204
f 8204 8206 8140 8139
g exterior
f 8207 8208 8209 8210
f 8211 8212 8209 8208
f 8148 8146 8209 8212
f 8145 8210 8209 8146
g interior
f 8145 8144 8213 8210
f 8140 8206 8213 8144
f 8205 8214 8213 8206
f 8207 8210 8213 8214
g exterior
f 8148 8212 8215 8151
f 8212 8211 8216 8215
f 8215 8216 8217 8151
f 8151 8217 2768 2766
f 2777 2776 8218 8152
f 8152 8218 8219 8220
f 8220 8219 8221 8222
f 8152 8220 8222 8153
f 8153 8222 8223 8154
f 8222 8221 8224 8223
f 8223 8224 8225 8226
f 8154 8223 8226 8156
g interior
f 8227 8228 8229 8230
f 8231 8232 8229 8228
f 8233 8230 8229 8232
g exterior
f 8233 8234 8235 8230
f 8160 8159 8235 8234
f 8156 8226 8235 8159
f 8225 8236 8235 8226
f 8227 8230 8235 8236
g interior
f 8233 8232 8237 8238
f 8231 8239 8237 8232
f 8240 8241 8237 8239
f 8166 8163 8237 8241
f 8162 8238 8237 8163
g exterior
f 8162 8169 8242 8238
f 8160 8234 8242 8169
f 8233 8238 8242 8234
g interior
f 8166 8241 8243 8171
f 8241 8240 2829 8243
f 8171 8243 2829 8172
f 8172 2829 2832 8175
f 8175 2832 2782 2779
f 2791 2790 8244 8176
f 8176 8244 8245 8246
f 8246 8245 8247 8248
f 8176 8246 8248 8178
g exterior
f 8249 8250 8251 8252
f 8253 8254 8251 8250
f 8184 8181 8251 8254
f 8180 8252 8251 8181
g interior
f 8180 8187 8255 8252
f 8178 8248 8255 8187
f 8247 8256 8255 8248
f 8249 8252 8255 8256
g exterior
f 8184 8254 8257 8189
f 8254 8253 2794 8257
f 8189 8257 2794 2792
f 2756 2800 8258 8259
f 8259 8258 8260 8261
f 2756 8259 8261 8191
g interior
f 8262 8263 8264 8265
f 8266 8267 8264 8263
f 8197 8194 8264 8267
f 8193 8265 8264 8194
g exterior
f 8193 8200 8268 8265
f 8191 8261 8268 8200
f 8260 8269 8268 8261
f 8262 8265 8268 8269
g interior
f 8197 8267 8270 8202
f 8267 8266 8271 8270
f 8202 8270 8271 8203
f 8203 8271 2801 2760
f 2810 2809 8272 8273
f 8273 8272 8274 8275
f 2810 8273 8275 8205
g exterior
f 8276 8277 8278 8279
f 8211 8208 8278 8277
f 8207 8279 8278 8208
g interior
f 8207 8214 8280 8279
f 8205 8275 8280 8214
f 8274 8281 8280 8275
f 8282 8283 8280 8281
f 8276 8279 8280 8283
f 8276 8283 8284 8285
f 8282 8286 8284 8283
f 8287 8285 8284 8286
g exterior
f 8287 8288 8289 8285
f 8290 8291 8289 8288
f 8217 8216 8289 8291
f 8211 8277 8289 8216
f 8276 8285 8289 8277
f 8217 8291 8292 2768
f 8291 8290 8293 8292
f 8292 8293 2811 2768
f 2776 2828 8294 8218
f 8218 8294 8295 8219
f 8294 8296 8297 8295
f 8295 8297 8221 8219
g interior
f 8298 8299 8300 8301
f 8302 8303 8300 8299
f 8304 8301 8300 8303
g exterior
f 8304 8305 8306 8301
f 8225 8224 8306 8305
f 8221 8297 8306 8224
f 8296 8307 8306 8297
f 8298 8301 8306 8307
g interior
f 8304 8303 8308 8309
f 8302 8310 8308 8303
f 8311 8312 8308 8310
f 8231 8228 8308 8312
f 8227 8309 8308 8228
g exterior
f 8227 8236 8313 8309
f 8225 8305 8313 8236
f 8304 8309 8313 8305
g interior
f 8231 8312 8314 8239
f 8312 8311 8315 8314
f 8239 8314 8315 8240
f 8240 8315 2830 2829
f 2790 2842 8316 8244
f 8244 8316 8317 8245
f 8316 8318 8319 8317
f 8317 8319 8247 8245
g exterior
f 8320 8321 8322 8323
f 8324 8325 8322 8321
f 8253 8250 8322 8325
f 8249 8323 8322 8250
g interior
f 8249 8256 8326 8323
f 8247 8319 8326 8256
f 8318 8327 8326 8319
f 8320 8323 8326 8327
g exterior
f 8253 8325 8328 2794
f 8325 8324 8329 8328
f 8328 8329 2843 2794
f 2800 2799 8330 8258
f 2799 8331 8332 8330
f 8330 8332 8260 8258
g interior
f 8333 8334 8335 8336
f 8337 8338 8335 8334
f 8266 8263 8335 8338
f 8262 8336 8335 8263
g exterior
f 8262 8269 8339 8336
f 8260 8332 8339 8269
f 8331 8340 8339 8332
f 8333 8336 8339 8340
g interior
f 8266 8338 8341 8271
f 8338 8337 8342 8341
f 8341 8342 8343 8271
f 8271 8343 2803 2801
f 2809 2808 8344 8272
f 2808 8345 8346 8344
f 8344 8346 8274 8272
f 8274 8346 8347 8281
f 8346 8345 8348 8347
f 8347 8348 8349 8350
f 8281 8347 8350 8282
g exterior
f 8351 8352 8353 8354
f 8355 8356 8353 8352
f 8290 8288 8353 8356
f 8287 8354 8353 8288
g interior
f 8287 8286 8357 8354
f 8282 8350 8357 8286
f 8349 8358 8357 8350
f 8351 8354 8357 8358
g exterior
f 8290 8356 8359 8293
f 8356 8355 2813 8359
f 8293 8359 2813 2811
f 2828 2827 8360 8294
f 8294 8360 8361 8362
f 8362 8361 8363 8364
f 8294 8362 8364 8296
g interior
f 8365 8366 8367 8368
f 8369 8370 8367 8366
f 8302 8299 8367 8370
f 8298 8368 8367 8299
g exterior
f 8298 8307 8371 8368
f 8296 8364 8371 8307
f 8363 8372 8371 8364
f 8365 8368 8371 8372
g interior
f 8302 8370 8373 8310
f 8370 8369 2874 8373
f 8310 8373 2874 8311
f 8311 2874 2877 8315
f 8315 2877 2833 2830
f 2842 2841 8374 8316
f 8316 8374 8375 8376
f 8376 8375 8377 8378
f 8316 8376 8378 8318
g exterior
f 8379 8380 8381 8382
f 8383 8384 8381 8380
f 8324 8321 8381 8384
f 8320 8382 8381 8321
g interior
f 8320 8327 8385 8382
f 8318 8378 8385 8327
f 8377 8386 8385 8378
f 8379 8382 8385 8386
g exterior
f 8324 8384 8387 8329
f 8384 8383 2845 8387
f 8329 8387 2845 2843
f 2799 2851 8388 8389
f 8389 8388 8390 8391
f 2799 8389 8391 8331
g interior
f 8392 8393 8394 8395
f 8396 8397 8394 8393
f 8337 8334 8394 8397
f 8333 8395 8394 8334
g exterior
f 8333 8340 8398 8395
f 8331 8391 8398 8340
f 8390 8399 8398 8391
f 8392 8395 8398 8399
g interior
f 8337 8397 8400 8342
f 8397 8396 8401 8400
f 8342 8400 8401 8343
f 8343 8401 2852 2803
f 2808 2859 8402 8345
f 8345 8402 8403 8348
f 8402 8404 8405 8403
f 8403 8405 8349 8348
g exterior
f 8406 8407 8408 8409
f 8410 8411 8408 8407
f 8355 8352 8408 8411
f 8351 8409 8408 8352
g interior
f 8351 8358 8412 8409
f 8349 8405 8412 8358
f 8404 8413 8412 8405
f 8406 8409 8412 8413
g exterior
f 8355 8411 8414 2813
f 8411 8410 8415 8414
f 8414 8415 8416 2813
f 2813 8416 8417 2814
f 2814 8417 2860 2815
f 2823 2873 8418 2826
f 2826 8418 8419 2827
f 2827 8419 8420 8421
f 8421 8420 8422 8423
f 2827 8421 8423 8360
g interior
f 8424 8425 8426 8427
f 8428 8429 8426 8425
f 8430 8427 8426 8429
g exterior
f 8430 8431 8432 8427
f 8363 8361 8432 8431
f 8360 8423 8432 8361
f 8422 8433 8432 8423
f 8424 8427 8432 8433
g interior
f 8430 8429 8434 8435
f 8428 8436 8434 8429
f 8437 8438 8434 8436
f 8369 8366 8434 8438
f 8365 8435 8434 8366
g exterior
f 8365 8372 8439 8435
f 8363 8431 8439 8372
f 8430 8435 8439 8431
g interior
f 8369 8438 8440 2874
f 8438 8437 8441 8440
f 8440 8441 2875 2874
f 2841 2887 8442 8374
f 8374 8442 8443 8375
f 8442 8444 8445 8443
f 8443 8445 8377 8375
g exterior
f 8446 8447 8448 8449
f 8450 8451 8448 8447
f 8383 8380 8448 8451
f 8379 8449 8448 8380
g interior
f 8379 8386 8452 8449
f 8377 8445 8452 8386
f 8444 8453 8452 8445
f 8446 8449 8452 8453
g exterior
f 8383 8451 8454 2845
f 8451 8450 8455 8454
f 8454 8455 2888 2845
f 2851 2850 8456 8388
f 2850 8457 8458 8456
f 8456 8458 8390 8388
g interior
f 8459 8460 8461 8462
f 8463 8464 8461 8460
f 8396 8393 8461 8464
f 8392 8462 8461 8393
g exterior
f 8392 8399 8465 8462
f 8390 8458 8465 8399
f 8457 8466 8465 8458
f 8459 8462 8465 8466
g interior
f 8396 8464 8467 8401
f 8464 8463 8468 8467
f 8467 8468 8469 8401
f 8401 8469 2854 2852
f 2859 2858 8470 8402
f 8402 8470 8471 8472
f 8472 8471 8473 8474
f 8402 8472 8474 8404
g exterior
f 8475 8476 8477 8478
f 8410 8407 8477 8476
f 8406 8478 8477 8407
g interior
f 8406 8413 8479 8478
f 8404 8474 8479 8413
f 8473 8480 8479 8474
f 8481 8482 8479 8480
f 8475 8478 8479 8482
f 8475 8482 8483 8484
f 8481 8485 8483 8482
f 8486 8484 8483 8485
g exterior
f 8486 8487 8488 8484
f 8489 8490 8488 8487
f 8416 8415 8488 8490
f 8410 8476 8488 8415
f 8475 8484 8488 8476
f 8416 8490 8491 8417
f 8490 8489 8492 8491
f 8491 8492 8493 8417
f 8417 8493 2862 2860
f 2873 2872 8494 8418
f 8418 8494 8495 8496
f 8496 8495 8497 8498
f 8418 8496 8498 8419
g interior
f 8499 8500 8501 8502
f 8503 8504 8501 8500
f 8505 8502 8501 8504
g exterior
f 8505 8506 8507 8502
f 8422 8420 8507 8506
f 8419 8498 8507 8420
f 8497 8508 8507 8498
f 8499 8502 8507 8508
g interior
f 8505 8504 8509 8510
f 8503 8511 8509 8504
f 8512 8513 8509 8511
f 8428 8425 8509 8513
f 8424 8510 8509 8425
g exterior
f 8424 8433 8514 8510
f 8422 8506 8514 8433
f 8505 8510 8514 8506
g interior
f 8428 8513 8515 8436
f 8513 8512 8516 8515
f 8515 8516 8517 8518
f 8436 8515 8518 8437
f 8437 8518 8519 8441
f 8518 8517 2878 8519
f 8441 8519 2878 2875
f 2887 2886 8520 8442
f 8442 8520 8521 8522
f 8522 8521 8523 8524
f 8442 8522 8524 8444
g exterior
f 8525 8526 8527 8528
f 8529 8530 8527 8526
f 8450 8447 8527 8530
f 8446 8528 8527 8447
g interior
f 8446 8453 8531 8528
f 8444 8524 8531 8453
f 8523 8532 8531 8524
f 8525 8528 8531 8532
g exterior
f 8450 8530 8533 8455
f 8530 8529 2890 8533
f 8455 8533 2890 2888
f 2850 2896 8534 8535
f 8535 8534 8536 8537
f 2850 8535 8537 8457
g interior
f 8538 8539 8540 8541
f 8542 8543 8540 8539
f 8463 8460 8540 8543
f 8459 8541 8540 8460
g exterior
f 8459 8466 8544 8541
f 8457 8537 8544 8466
f 8536 8545 8544 8537
f 8538 8541 8544 8545
g interior
f 8463 8543 8546 8468
f 8543 8542 8547 8546
f 8468 8546 8547 8469
f 8469 8547 2897 2854
f 2858 2904 8548 8470
f 8470 8548 8549 8471
f 8548 8550 8551 8549
f 8549 8551 8473 8471
f 8473 8551 8552 8480
f 8551 8550 8553 8552
f 8552 8553 8554 8555
f 8480 8552 8555 8481
g exterior
f 8556 8557 8558 8559
f 8560 8561 8558 8557
f 8489 8487 8558 8561
f 8486 8559 8558 8487
g interior
f 8486 8485 8562 8559
f 8481 8555 8562 8485
f 8554 8563 8562 8555
f 8556 8559 8562 8563
g exterior
f 8489 8561 8564 8492
f 8561 8560 8565 8564
f 8564 8565 8566 8567
f 8492 8564 8567 8493
f 8493 8567 8568 2862
f 8567 8566 8569 8568
f 8568 8569 2905 2862
f 2868 2919 8570 2871
f 2871 8570 8571 2872
f 2872 8571 8572 8573
f 8573 8572 8574 8575
f 2872 8573 8575 8494
f 8494 8575 8576 8495
f 8575 8574 8577 8576
f 8576 8577 8578 8579
f 8495 8576 8579 8497
g interior
f 8580 8581 8582 8583
f 8584 8585 8582 8581
f 8503 8500 8582 8585
f 8499 8583 8582 8500
g exterior
f 8499 8508 8586 8583
f 8497 8579 8586 8508
f 8578 8587 8586 8579
f 8580 8583 8586 8587
g interior
f 8503 8585 8588 8511
f 8585 8584 8589 8588
f 8588 8589 8590 8591
f 8511 8588 8591 8512
f 8512 8591 8592 8516
f 8591 8590 8593 8592
f 8516 8592 8593 8517
f 8517 8593 2920 2878
f 2886 2927 8594 8520
f 8520 8594 8595 8521
f 8594 8596 8597 8595
f 8595 8597 8523 8521
g exterior
f 8598 8599 8600 8601
f 8602 8603 8600 8599
f 8529 8526 8600 8603
f 8525 8601 8600 8526
g interior
f 8525 8532 8604 8601
f 8523 8597 8604 8532
f 8596 8605 8604 8597
f 8598 8601 8604 8605
g exterior
f 8529 8603 8606 2890
f 8603 8602 8607 8606
f 8606 8607 2928 2890
f 2896 2895 8608 8534
f 2895 8609 8610 8608
f 8608 8610 8536 8534
g interior
f 8611 8612 8613 8614
f 8615 8616 8613 8612
f 8542 8539 8613 8616
f 8538 8614 8613 8539
g exterior
f 8538 8545 8617 8614
f 8536 8610 8617 8545
f 8609 8618 8617 8610
f 8611 8614 8617 8618
g interior
f 8542 8616 8619 8547
f 8616 8615 8620 8619
f 8619 8620 8621 8547
f 8547 8621 2899 2897
f 2904 2903 2943 8548
f 8548 2943 2946 8550
f 8550 2946 8622 8553
f 2946 8623 8624 8622
f 8622 8624 8554 8553
g exterior
f 8625 8626 8627 8628
f 8560 8557 8627 8626
f 8556 8628 8627 8557
g interior
f 8556 8563 8629 8628
f 8554 8624 8629 8563
f 8623 8630 8629 8624
f 8631 8632 8629 8630
f 8625 8628 8629 8632
f 8625 8632 8633 8634
f 8631 8635 8633 8632
f 8636 8634 8633 8635
g exterior
f 8636 8637 8638 8634
f 8639 8640 8638 8637
f 8566 8565 8638 8640
f 8560 8626 8638 8565
f 8625 8634 8638 8626
f 8566 8640 8641 8569
f 8640 8639 2907 8641
f 8569 8641 2907 2905
f 2919 2918 8642 8570
f 8570 8642 8643 8644
f 8644 8643 8645 8646
f 8570 8644 8646 8571
f 8571 8646 8647 8572
f 8646 8645 8648 8647
f 8647 8648 8649 8650
f 8572 8647 8650 8574
g interior
f 8651 8652 8653 8654
f 8655 8656 8653 8652
f 8657 8654 8653 8656
g exterior
f 8657 8658 8659 8654
f 8578 8577 8659 8658
f 8574 8650 8659 8577
f 8649 8660 8659 8650
f 8651 8654 8659 8660
g interior
f 8657 8656 8661 8662
f 8655 8663 8661 8656
f 8664 8665 8661 8663
f 8584 8581 8661 8665
f 8580 8662 8661 8581
g exterior
f 8580 8587 8666 8662
f 8578 8658 8666 8587
f 8657 8662 8666 8658
g interior
f 8584 8665 8667 8589
f 8665 8664 2977 8667
f 8589 8667 2977 8590
f 8590 2977 2980 8593
f 8593 2980 2922 2920
f 2927 2926 8668 8594
f 8594 8668 8669 8670
f 8670 8669 8671 8672
f 8594 8670 8672 8596
g exterior
f 8673 8674 8675 8676
f 8677 8678 8675 8674
f 8602 8599 8675 8678
f 8598 8676 8675 8599
g interior
f 8598 8605 8679 8676
f 8596 8672 8679 8605
f 8671 8680 8679 8672
f 8673 8676 8679 8680
g exterior
f 8602 8678 8681 8607
f 8678 8677 2930 8681
f 8607 8681 2930 2928
f 2895 2936 8682 8683
f 8683 8682 8684 8685
f 2895 8683 8685 8609
g interior
f 8686 8687 8688 8689
f 8690 8691 8688 8687
f 8615 8612 8688 8691
f 8611 8689 8688 8612
g exterior
f 8611 8618 8692 8689
f 8609 8685 8692 8618
f 8684 8693 8692 8685
f 8686 8689 8692 8693
g interior
f 8615 8691 8694 8620
f 8691 8690 8695 8694
f 8620 8694 8695 8621
f 8621 8695 2937 2899
f 2946 2945 8696 8623
f 8623 8696 8697 8630
f 8696 8698 8699 8697
f 8697 8699 8631 8630
g exterior
f 8700 8701 8702 8703
f 8704 8705 8702 8701
f 8639 8637 8702 8705
f 8636 8703 8702 8637
g interior
f 8636 8635 8706 8703
f 8631 8699 8706 8635
f 8698 8707 8706 8699
f 8700 8703 8706 8707
g exterior
f 8639 8705 8708 2907
f 8705 8704 8709 8708
f 8708 8709 8710 2907
f 2907 8710 8711 2908
f 2908 8711 8712 2909
f 2909 8712 8713 2910
f 2910 8713 8714 2912
f 2912 8714 8715 2915
f 2915 8715 2947 2916
f 2918 2976 8716 8717
f 8717 8716 8718 8719
f 2918 8717 8719 8642
f 8642 8719 8720 8643
f 8719 8718 8721 8720
f 8720 8721 8722 8723
f 8643 8720 8723 8645
g interior
f 8724 8725 8726 8727
f 8728 8729 8726 8725
f 8730 8727 8726 8729
g exterior
f 8730 8731 8732 8727
f 8649 8648 8732 8731
f 8645 8723 8732 8648
f 8722 8733 8732 8723
f 8724 8727 8732 8733
g interior
f 8730 8729 8734 8735
f 8728 8736 8734 8729
f 8737 8738 8734 8736
f 8655 8652 8734 8738
f 8651 8735 8734 8652
g exterior
f 8651 8660 8739 8735
f 8649 8731 8739 8660
f 8730 8735 8739 8731
g interior
f 8655 8738 8740 8663
f 8738 8737 8741 8740
f 8663 8740 8741 8664
f 8664 8741 2978 2977
f 2926 2986 8742 8668
f 8668 8742 8743 8669
f 8742 8744 8745 8743
f 8743 8745 8671 8669
g exterior
f 8746 8747 8748 8749
f 8750 8751 8748 8747
f 8677 8674 8748 8751
f 8673 8749 8748 8674
g interior
f 8673 8680 8752 8749
f 8671 8745 8752 8680
f 8744 8753 8752 8745
f 8746 8749 8752 8753
g exterior
f 8677 8751 8754 2930
f 8751 8750 8755 8754
f 8754 8755 2987 2930
f 2936 2935 8756 8682
f 2935 8757 8758 8756
f 8756 8758 8684 8682
g interior
f 8759 8760 8761 8762
f 8763 8764 8761 8760
f 8690 8687 8761 8764
f 8686 8762 8761 8687
g exterior
f 8686 8693 8765 8762
f 8684 8758 8765 8693
f 8757 8766 8765 8758
f 8759 8762 8765 8766
g interior
f 8690 8764 8767 8695
f 8764 8763 8768 8767
f 8767 8768 8769 8695
f 8695 8769 2939 2937
f 2945 2944 8770 8696
f 8696 8770 8771 8772
f 8772 8771 8773 8774
f 8696 8772 8774 8698
g exterior
f 8775 8776 8777 8778
f 8704 8701 8777 8776
f 8700 8778 8777 8701
g interior
f 8700 8707 8779 8778
f 8698 8774 8779 8707
f 8773 8780 8779 8774
f 8781 8782 8779 8780
f 8775 8778 8779 8782
f 8775 8782 8783 8784
f 8781 8785 8783 8782
f 8786 8784 8783 8785
g exterior
f 8786 8787 8788 8784
f 8789 8790 8788 8787
f 8710 8709 8788 8790
f 8704 8776 8788 8709
f 8775 8784 8788 8776
f 8710 8790 8791 8711
f 8790 8789 8792 8791
f 8791 8792 8793 8711
f 8711 8793 8794 8795
f 8795 8794 8796 8797
f 8711 8795 8797 8712
f 8712 8797 8798 8713
f 8797 8796 8799 8798
f 8798 8799 8800 8713
f 8713 8800 8801 8802
f 8802 8801 8803 8804
f 8713 8802 8804 8714
f 8714 8804 8805 8715
f 8804 8803 8806 8805
f 8805 8806 8807 8715
f 8715 8807 2949 2947
f 2976 2975 8808 8716
f 2975 8809 8810 8808
f 8808 8810 8718 8716
g interior
f 8811 8812 8813 8814
f 8815 8816 8813 8812
f 8817 8814 8813 8816
g exterior
f 8817 8818 8819 8814
f 8722 8721 8819 8818
f 8718 8810 8819 8721
f 8809 8820 8819 8810
f 8811 8814 8819 8820
g interior
f 8817 8816 8821 8822
f 8815 8823 8821 8816
f 8824 8825 8821 8823
f 8728 8725 8821 8825
f 8724 8822 8821 8725
g exterior
f 8724 8733 8826 8822
f 8722 8818 8826 8733
f 8817 8822 8826 8818
g interior
f 8728 8825 8827 8736
f 8825 8824 3006 8827
f 8736 8827 3006 8737
f 8737 3006 3009 8741
f 8741 3009 2981 2978
f 2986 2985 8828 8742
f 8742 8828 8829 8830
f 8830 8829 8831 8832
f 8742 8830 8832 8744
g exterior
f 8833 8834 8835 8836
f 8837 8838 8835 8834
f 8750 8747 8835 8838
f 8746 8836 8835 8747
g interior
f 8746 8753 8839 8836
f 8744 8832 8839 8753
f 8831 8840 8839 8832
f 8833 8836 8839 8840
g exterior
f 8750 8838 8841 8755
f 8838 8837 2989 8841
f 8755 8841 2989 2987
f 2935 2995 8842 8843
f 8843 8842 8844 8845
f 2935 8843 8845 8757
g interior
f 8846 8847 8848 8849
f 8850 8851 8848 8847
f 8763 8760 8848 8851
f 8759 8849 8848 8760
g exterior
f 8759 8766 8852 8849
f 8757 8845 8852 8766
f 8844 8853 8852 8845
f 8846 8849 8852 8853
g interior
f 8763 8851 8854 8768
f 8851 8850 8855 8854
f 8768 8854 8855 8769
f 8769 8855 2996 2939
f 2944 3005 8856 8770
f 8770 8856 8857 8771
f 8856 8858 8859 8857
f 8857 8859 8773 8771
f 8773 8859 8860 8780
f 8859 8858 8861 8860
f 8860 8861 8862 8863
f 8780 8860 8863 8781
f 8864 8865 8866 8867
f 8862 8868 8866 8865
f 8869 8870 8866 8868
f 8871 8867 8866 8870
f 8869 8872 8873 8870
f 8874 8875 8873 8872
f 8876 8877 8873 8875
f 8871 8870 8873 8877
g exterior
f 8876 8878 8879 8877
f 8789 8787 8879 8878
f 8786 8880 8879 8787
f 8871 8877 8879 8880
g interior
f 8786 8785 8881 8880
f 8781 8882 8881 8785
f 8864 8867 8881 8882
f 8871 8880 8881 8867
f 8876 8875 8883 8884
f 8874 8885 8883 8875
f 8886 8887 8883 8885
f 8888 8884 8883 8887
g exterior
f 8888 8889 8890 8884
f 8793 8792 8890 8889
f 8789 8878 8890 8792
f 8876 8884 8890 8878
g interior
f 8888 8887 8891 8892
f 8886 8893 8891 8887
f 8894 8895 8891 8893
f 8896 8892 8891 8895
g exterior
f 8896 8897 8898 8892
f 8796 8794 8898 8897
f 8793 8889 8898 8794
f 8888 8892 8898 8889
g interior
f 8896 8895 8899 8900
f 8894 8901 8899 8895
f 8902 8903 8899 8901
f 8904 8900 8899 8903
g exterior
f 8904 8905 8906 8900
f 8800 8799 8906 8905
f 8796 8897 8906 8799
f 8896 8900 8906 8897
g interior
f 8904 8903 8907 8908
f 8902 8909 8907 8903
f 8910 8911 8907 8909
f 8912 8908 8907 8911
g exterior
f 8912 8913 8914 8908
f 8803 8801 8914 8913
f 8800 8905 8914 8801
f 8904 8908 8914 8905
g interior
f 8912 8911 8915 8916
f 8910 8917 8915 8911
f 8918 8916 8915 8917
g exterior
f 8918 8919 8920 8916
f 8921 8922 8920 8919
f 8807 8806 8920 8922
f 8803 8913 8920 8806
f 8912 8916 8920 8913
f 8807 8922 8923 2949
f 8922 8921 8924 8923
f 8923 8924 8925 2949
f 2949 8925 8926 8927
f 8927 8926 8928 8929
f 2949 8927 8929 2950
f 2950 8929 8930 2951
f 8929 8928 8931 8930
f 8930 8931 8932 2951
f 2951 8932 8933 8934
f 8934 8933 8935 8936
f 2951 8934 8936 2952
f 2952 8936 8937 2954
f 8936 8935 8938 8937
f 8937 8938 8939 2954
f 2954 8939 8940 8941
f 8941 8940 8942 8943
f 2954 8941 8943 2957
f 2957 8943 8944 2958
f 8943 8942 8945 8944
f 8944 8945 8946 2958
f 2958 8946 8947 2959
f 2959 8947 8948 2961
f 2961 8948 8949 2964
f 2964 8949 8950 2965
f 2965 8950 8951 2966
f 2966 8951 8952 2968
f 2968 8952 8953 2971
f 2971 8953 8954 2972
f 2972 8954 8955 2973
f 2973 8955 8956 2975
f 2975 8956 8957 8958
f 8958 8957 8959 8960
f 2975 8958 8960 8809
g interior
f 8961 8962 8963 8964
f 8965 8966 8963 8962
f 8815 8812 8963 8966
f 8811 8964 8963 8812
g exterior
f 8811 8820 8967 8964
f 8809 8960 8967 8820
f 8959 8968 8967 8960
f 8961 8964 8967 8968
g interior
f 8815 8966 8969 8823
f 8966 8965 8970 8969
f 8823 8969 8970 8824
f 8824 8970 3007 3006
f 2985 3015 8971 8828
f 8828 8971 8972 8829
f 8971 8973 8974 8972
f 8972 8974 8831 8829
g exterior
f 8975 8976 8977 8978
f 8979 8980 8977 8976
f 8837 8834 8977 8980
f 8833 8978 8977 8834
g interior
f 8833 8840 8981 8978
f 8831 8974 8981 8840
f 8973 8982 8981 8974
f 8975 8978 8981 8982
g exterior
f 8837 8980 8983 2989
f 8980 8979 8984 8983
f 8983 8984 3016 2989
f 2995 2994 8985 8842
f 2994 8986 8987 8985
f 8985 8987 8844 8842
g interior
f 8988 8989 8990 8991
f 8992 8993 8990 8989
f 8850 8847 8990 8993
f 8846 8991 8990 8847
g exterior
f 8846 8853 8994 8991
f 8844 8987 8994 8853
f 8986 8995 8994 8987
f 8988 8991 8994 8995
g interior
f 8850 8993 8996 8855
f 8993 8992 8997 8996
f 8996 8997 8998 8855
f 8855 8998 2998 2996
f 3005 3004 3034 8856
f 8856 3034 3036 8858
f 8858 3036 8999 8861
f 3036 3038 9000 8999
f 8999 9000 8862 8861
f 8862 9000 9001 9002
f 9000 3038 3041 9001
f 9002 9001 3041 8874
f 8874 3041 9003 8885
f 3041 3043 9004 9003
f 9003 9004 8886 8885
f 8886 9004 9005 8893
f 9004 3043 3047 9005
f 8893 9005 3047 8894
f 8894 3047 9006 8901
f 3047 9007 9008 9006
f 9006 9008 8902 8901
f 8902 9008 9009 8909
f 9008 9007 9010 9009
f 9009 9010 9011 9012
f 8909 9009 9012 8910
g exterior
f 9013 9014 9015 9016
f 8921 8919 9015 9014
f 8918 9016 9015 8919
g interior
f 8918 8917 9017 9016
f 8910 9012 9017 8917
f 9011 9018 9017 9012
f 9019 9020 9017 9018
f 9013 9016 9017 9020
f 9013 9020 9021 9022
f 9019 9023 9021 9020
f 9024 9025 9021 9023
f 9026 9022 9021 9025
g exterior
f 9026 9027 9028 9022
f 8925 8924 9028 9027
f 8921 9014 9028 8924
f 9013 9022 9028 9014
g interior
f 9026 9025 9029 9030
f 9024 9031 9029 9025
f 9032 9033 9029 9031
f 9034 9030 9029 9033
g exterior
f 9034 9035 9036 9030
f 8928 8926 9036 9035
f 8925 9027 9036 8926
f 9026 9030 9036 9027
g interior
f 9034 9033 9037 9038
f 9032 9039 9037 9033
f 9040 9041 9037 9039
f 9042 9038 9037 9041
g exterior
f 9042 9043 9044 9038
f 8932 8931 9044 9043
f 8928 9035 9044 8931
f 9034 9038 9044 9035
g interior
f 9042 9041 9045 9046
f 9040 9047 9045 9041
f 9048 9049 9045 9047
f 9050 9046 9045 9049
g exterior
f 9050 9051 9052 9046
f 8935 8933 9052 9051
f 8932 9043 9052 8933
f 9042 9046 9052 9043
g interior
f 9050 9049 9053 9054
f 9048 9055 9053 9049
f 9056 9057 9053 9055
f 9058 9054 9053 9057
g exterior
f 9058 9059 9060 9054
f 8939 8938 9060 9059
f 8935 9051 9060 8938
f 9050 9054 9060 9051
g interior
f 9058 9057 9061 9062
f 9056 9063 9061 9057
f 9064 9062 9061 9063
g exterior
f 9064 9065 9066 9062
f 9067 9068 9066 9065
f 8942 8940 9066 9068
f 8939 9059 9066 8940
f 9058 9062 9066 9059
f 8942 9068 9069 8945
f 9068 9067 9070 9069
f 9069 9070 9071 9072
f 8945 9069 9072 8946
f 8946 9072 9073 8947
f 9072 9071 9074 9073
f 9073 9074 9075 8947
f 8947 9075 9076 9077
f 9077 9076 9078 9079
f 8947 9077 9079 8948
f 8948 9079 9080 8949
f 9079 9078 9081 9080
f 9080 9081 9082 8949
f 8949 9082 9083 9084
f 9084 9083 9085 9086
f 8949 9084 9086 8950
f 8950 9086 9087 8951
f 9086 9085 9088 9087
f 9087 9088 9089 8951
f 8951 9089 9090 9091
f 9091 9090 9092 9093
f 8951 9091 9093 8952
f 8952 9093 9094 8953
f 9093 9092 9095 9094
f 9094 9095 9096 8953
f 8953 9096 9097 8954
f 8954 9097 9098 8955
f 8955 9098 9099 9100
f 9100 9099 9101 9102
f 8955 9100 9102 8956
g interior
f 9103 9104 9105 9106
f 9107 9108 9105 9104
f 9109 9106 9105 9108
g exterior
f 9109 9110 9111 9106
f 8959 8957 9111 9110
f 8956 9102 9111 8957
f 9101 9112 9111 9102
f 9103 9106 9111 9112
g interior
f 9109 9108 9113 9114
f 9107 9115 9113 9108
f 9116 9117 9113 9115
f 8965 8962 9113 9117
f 8961 9114 9113 8962
g exterior
f 8961 8968 9118 9114
f 8959 9110 9118 8968
f 9109 9114 9118 9110
g interior
f 8965 9117 9119 8970
f 9117 9116 9120 9119
f 9119 9120 9121 8970
f 8970 9121 3010 3007
f 3015 3014 9122 8971
f 8971 9122 9123 9124
f 9124 9123 9125 9126
f 8971 9124 9126 8973
g exterior
f 9127 9128 9129 9130
f 9131 9132 9129 9128
f 8979 8976 9129 9132
f 8975 9130 9129 8976
g interior
f 8975 8982 9133 9130
f 8973 9126 9133 8982
f 9125 9134 9133 9126
f 9127 9130 9133 9134
g exterior
f 8979 9132 9135 8984
f 9132 9131 3018 9135
f 8984 9135 3018 3016
f 2994 3024 9136 9137
f 9137 9136 9138 9139
f 2994 9137 9139 8986
g interior
f 9140 9141 9142 9143
f 9144 9145 9142 9141
f 8992 8989 9142 9145
f 8988 9143 9142 8989
g exterior
f 8988 8995 9146 9143
f 8986 9139 9146 8995
f 9138 9147 9146 9139
f 9140 9143 9146 9147
g interior
f 8992 9145 9148 8997
f 9145 9144 9149 9148
f 8997 9148 9149 8998
f 8998 9149 3025 2998
f 3047 3046 9150 9007
f 9007 9150 9151 9010
f 9150 9152 9153 9151
f 9151 9153 9011 9010
f 9011 9153 9154 9018
f 9153 9152 9155 9154
f 9018 9154 9155 9019
f 9019 9155 9156 9023
f 9155 9157 9158 9156
f 9156 9158 9024 9023
f 9024 9158 9159 9031
f 9158 9157 9160 9159
f 9031 9159 9160 9032
f 9032 9160 9161 9039
f 9160 9162 9163 9161
f 9161 9163 9040 9039
f 9040 9163 9164 9047
f 9163 9162 9165 9164
f 9047 9164 9165 9048
f 9048 9165 9166 9055
f 9165 9167 9168 9166
f 9166 9168 9056 9055
g exterior
f 9169 9170 9171 9172
f 9067 9065 9171 9170
f 9064 9172 9171 9065
g interior
f 9064 9063 9173 9172
f 9056 9168 9173 9063
f 9167 9174 9173 9168
f 9175 9176 9173 9174
f 9169 9172 9173 9176
f 9169 9176 9177 9178
f 9175 9179 9177 9176
f 9180 9181 9177 9179
f 9182 9178 9177 9181
g exterior
f 9182 9183 9184 9178
f 9071 9070 9184 9183
f 9067 9170 9184 9070
f 9169 9178 9184 9170
g interior
f 9182 9181 9185 9186
f 9180 9187 9185 9181
f 9188 9189 9185 9187
f 9190 9186 9185 9189
g exterior
f 9190 9191 9192 9186
f 9075 9074 9192 9191
f 9071 9183 9192 9074
f 9182 9186 9192 9183
g interior
f 9190 9189 9193 9194
f 9188 9195 9193 9189
f 9196 9197 9193 9195
f 9198 9194 9193 9197
g exterior
f 9198 9199 9200 9194
f 9078 9076 9200 9199
f 9075 9191 9200 9076
f 9190 9194 9200 9191
g interior
f 9198 9197 9201 9202
f 9196 9203 9201 9197
f 9204 9205 9201 9203
f 9206 9202 9201 9205
g exterior
f 9206 9207 9208 9202
f 9082 9081 9208 9207
f 9078 9199 9208 9081
f 9198 9202 9208 9199
g interior
f 9206 9205 9209 9210
f 9204 9211 9209 9205
f 9212 9213 9209 9211
f 9214 9210 9209 9213
g exterior
f 9214 9215 9216 9210
f 9085 9083 9216 9215
f 9082 9207 9216 9083
f 9206 9210 9216 9207
g interior
f 9214 9213 9217 9218
f 9212 9219 9217 9213
f 9220 9221 9217 9219
f 9222 9218 9217 9221
g exterior
f 9222 9223 9224 9218
f 9089 9088 9224 9223
f 9085 9215 9224 9088
f 9214 9218 9224 9215
g interior
f 9222 9221 9225 9226
f 9220 9227 9225 9221
f 9228 9226 9225 9227
g exterior
f 9228 9229 9230 9226
f 9231 9232 9230 9229
f 9092 9090 9230 9232
f 9089 9223 9230 9090
f 9222 9226 9230 9223
f 9092 9232 9233 9095
f 9232 9231 9234 9233
f 9233 9234 9235 9236
f 9095 9233 9236 9096
f 9096 9236 9237 9097
f 9236 9235 9238 9237
f 9237 9238 9239 9097
f 9097 9239 9240 9241
f 9241 9240 9242 9243
f 9097 9241 9243 9098
g interior
f 9244 9245 9246 9247
f 9248 9249 9246 9245
f 9250 9247 9246 9249
g exterior
f 9250 9251 9252 9247
f 9101 9099 9252 9251
f 9098 9243 9252 9099
f 9242 9253 9252 9243
f 9244 9247 9252 9253
g interior
f 9250 9249 9254 9255
f 9248 9256 9254 9249
f 9257 9258 9254 9256
f 9107 9104 9254 9258
f 9103 9255 9254 9104
g exterior
f 9103 9112 9259 9255
f 9101 9251 9259 9112
f 9250 9255 9259 9251
g interior
f 9107 9258 9260 9115
f 9258 9257 9261 9260
f 9260 9261 9262 9263
f 9115 9260 9263 9116
f 9116 9263 9264 9120
f 9263 9262 9265 9264
f 9120 9264 9265 9121
f 9121 9265 3048 3010
f 3014 3055 9266 9122
f 9122 9266 9267 9123
f 9266 9268 9269 9267
f 9267 9269 9125 9123
g exterior
f 9270 9271 9272 9273
f 9274 9275 9272 9271
f 9131 9128 9272 9275
f 9127 9273 9272 9128
g interior
f 9127 9134 9276 9273
f 9125 9269 9276 9134
f 9268 9277 9276 9269
f 9270 9273 9276 9277
g exterior
f 9131 9275 9278 3018
f 9275 9274 9279 9278
f 9278 9279 3056 3018
f 3024 3023 9280 9136
f 3023 9281 9282 9280
f 9280 9282 9138 9136
g interior
f 9283 9284 9285 9286
f 9287 9288 9285 9284
f 9144 9141 9285 9288
f 9140 9286 9285 9141
g exterior
f 9140 9147 9289 9286
f 9138 9282 9289 9147
f 9281 9290 9289 9282
f 9283 9286 9289 9290
g interior
f 9144 9288 9291 9149
f 9288 9287 9292 9291
f 9291 9292 9293 9149
f 9149 9293 3027 3025
f 3046 3045 3073 9150
f 9150 3073 3074 9152
f 9152 3074 3076 9155
f 9155 3076 3078 9157
f 9157 3078 3080 9160
f 9160 3080 3081 9162
f 9162 3081 3083 9165
f 9165 3083 3085 9167
f 9167 3085 9294 9174
f 3085 3087 9295 9294
f 9294 9295 9175 9174
f 9175 9295 9296 9179
f 9295 3087 3088 9296
f 9179 9296 3088 9180
f 9180 3088 9297 9187
f 3088 3090 9298 9297
f 9297 9298 9188 9187
f 9188 9298 9299 9195
f 9298 3090 3093 9299
f 9195 9299 3093 9196
f 9196 3093 9300 9203
f 3093 3095 9301 9300
f 9300 9301 9204 9203
f 9204 9301 9302 9211
f 9301 3095 3099 9302
f 9211 9302 3099 9212
f 9212 3099 9303 9219
f 3099 9304 9305 9303
f 9303 9305 9220 9219
g exterior
f 9306 9307 9308 9309
f 9231 9229 9308 9307
f 9228 9309 9308 9229
g interior
f 9228 9227 9310 9309
f 9220 9305 9310 9227
f 9304 9311 9310 9305
f 9312 9313 9310 9311
f 9306 9309 9310 9313
f 9306 9313 9314 9315
f 9312 9316 9314 9313
f 9317 9318 9314 9316
f 9319 9315 9314 9318
g exterior
f 9319 9320 9321 9315
f 9235 9234 9321 9320
f 9231 9307 9321 9234
f 9306 9315 9321 9307
g interior
f 9319 9318 9322 9323
f 9317 9324 9322 9318
f 9325 9326 9322 9324
f 9327 9323 9322 9326
g exterior
f 9327 9328 9329 9323
f 9239 9238 9329 9328
f 9235 9320 9329 9238
f 9319 9323 9329 9320
g interior
f 9327 9326 9330 9331
f 9325 9332 9330 9326
f 9333 9334 9330 9332
f 9335 9331 9330 9334
g exterior
f 9335 9336 9337 9331
f 9242 9240 9337 9336
f 9239 9328 9337 9240
f 9327 9331 9337 9328
g interior
f 9335 9334 9338 9339
f 9333 9340 9338 9334
f 9341 9342 9338 9340
f 9343 9339 9338 9342
f 9341 9344 9345 9342
f 9346 9347 9345 9344
f 9348 9349 9345 9347
f 9343 9342 9345 9349
f 9348 9350 9351 9349
f 9248 9245 9351 9350
f 9244 9352 9351 9245
f 9343 9349 9351 9352
g exterior
f 9244 9253 9353 9352
f 9242 9336 9353 9253
f 9335 9339 9353 9336
f 9343 9352 9353 9339
g interior
f 9248 9354 9355 9256
f 9354 9346 9356 9355
f 9355 9356 9357 9358
f 9256 9355 9358 9257
f 9257 9358 9359 9261
f 9358 9357 3100 9359
f 9261 9359 3100 9262
f 9262 3100 3103 9265
f 9265 3103 3050 3048
f 3055 3054 9360 9266
f 9266 9360 9361 9362
f 9362 9361 9363 9364
f 9266 9362 9364 9268
g exterior
f 9365 9366 9367 9368
f 9369 9370 9367 9366
f 9274 9271 9367 9370
f 9270 9368 9367 9271
g interior
f 9270 9277 9371 9368
f 9268 9364 9371 9277
f 9363 9372 9371 9364
f 9365 9368 9371 9372
g exterior
f 9274 9370 9373 9279
f 9370 9369 3058 9373
f 9279 9373 3058 3056
f 3023 3064 9374 9375
f 9375 9374 9376 9377
f 3023 9375 9377 9281
g interior
f 9378 9379 9380 9381
f 9382 9383 9380 9379
f 9287 9284 9380 9383
f 9283 9381 9380 9284
g exterior
f 9283 9290 9384 9381
f 9281 9377 9384 9290
f 9376 9385 9384 9377
f 9378 9381 9384 9385
g interior
f 9287 9383 9386 9292
f 9383 9382 9387 9386
f 9292 9386 9387 9293
f 9293 9387 3065 3027
f 3099 3098 9388 9304
f 9304 9388 9389 9311
f 9388 9390 9391 9389
f 9389 9391 9312 9311
f 9312 9391 9392 9316
f 9391 9390 9393 9392
f 9316 9392 9393 9317
f 9317 9393 9394 9324
f 9393 9395 9396 9394
f 9394 9396 9325 9324
f 9325 9396 9397 9332
f 9396 9395 9398 9397
f 9332 9397 9398 9333
f 9333 9398 9399 9400
f 9398 9401 9402 9399
f 9399 9402 9346 9400
f 9346 9402 9403 9356
f 9402 9401 9404 9403
f 9356 9403 9404 9357
f 9357 9404 3101 3100
f 3054 3113 9405 9360
f 9360 9405 9406 9361
f 9405 9407 9408 9406
f 9406 9408 9363 9361
g exterior
f 9409 9410 9411 9412
f 9413 9414 9411 9410
f 9369 9366 9411 9414
f 9365 9412 9411 9366
g interior
f 9365 9372 9415 9412
f 9363 9408 9415 9372
f 9407 9416 9415 9408
f 9409 9412 9415 9416
g exterior
f 9369 9414 9417 3058
f 9414 9413 9418 9417
f 9417 9418 3114 3058
f 3064 3063 9419 9374
f 3063 9420 9421 9419
f 9419 9421 9376 9374
g interior
f 9422 9423 9424 9425
f 9426 9427 9424 9423
f 9382 9379 9424 9427
f 9378 9425 9424 9379
g exterior
f 9378 9385 9428 9425
f 9376 9421 9428 9385
f 9420 9429 9428 9421
f 9422 9425 9428 9429
g interior
f 9382 9427 9430 9387
f 9427 9426 9431 9430
f 9430 9431 9432 9387
f 9387 9432 3067 3065
f 3098 3097 3132 9388
f 9388 3132 3134 9390
f 9390 3134 3136 9393
f 9393 3136 3139 9395
f 9395 3139 3141 9398
f 9398 3141 3143 9401
f 9401 3143 3145 9404
f 9404 3145 3104 3101
f 3113 3112 9433 9405
f 9405 9433 9434 9435
f 9435 9434 9436 9437
f 9405 9435 9437 9407
g exterior
f 9438 9439 9440 9441
f 9442 9443 9440 9439
f 9413 9410 9440 9443
f 9409 9441 9440 9410
g interior
f 9409 9416 9444 9441
f 9407 9437 9444 9416
f 9436 9445 9444 9437
f 9438 9441 9444 9445
g exterior
f 9413 9443 9446 9418
f 9443 9442 3116 9446
f 9418 9446 3116 3114
f 3063 3122 9447 9448
f 9448 9447 9449 9450
f 3063 9448 9450 9420
g interior
f 9451 9452 9453 9454
f 9455 9456 9453 9452
f 9426 9423 9453 9456
f 9422 9454 9453 9423
g exterior
f 9422 9429 9457 9454
f 9420 9450 9457 9429
f 9449 9458 9457 9450
f 9451 9454 9457 9458
g interior
f 9426 9456 9459 9431
f 9456 9455 9460 9459
f 9431 9459 9460 9432
f 9432 9460 3123 3067
f 3112 3153 9461 9433
f 9433 9461 9462 9434
f 9461 9463 9464 9462
f 9462 9464 9436 9434
g exterior
f 9465 9466 9467 9468
f 9469 9470 9467 9466
f 9442 9439 9467 9470
f 9438 9468 9467 9439
g interior
f 9438 9445 9471 9468
f 9436 9464 9471 9445
f 9463 9472 9471 9464
f 9465 9468 9471 9472
g exterior
f 9442 9470 9473 3116
f 9470 9469 9474 9473
f 9473 9474 3154 3116
f 3122 3121 9475 9447
f 3121 9476 9477 9475
f 9475 9477 9449 9447
g interior
f 9478 9479 9480 9481
f 9482 9483 9480 9479
f 9455 9452 9480 9483
f 9451 9481 9480 9452
g exterior
f 9451 9458 9484 9481
f 9449 9477 9484 9458
f 9476 9485 9484 9477
f 9478 9481 9484 9485
g interior
f 9455 9483 9486 9460
f 9483 9482 9487 9486
f 9486 9487 9488 9460
f 9460 9488 3125 3123
f 3153 3152 9489 9461
f 9461 9489 9490 9491
f 9491 9490 9492 9493
f 9461 9491 9493 9463
g exterior
f 9494 9495 9496 9497
f 9498 9499 9496 9495
f 9469 9466 9496 9499
f 9465 9497 9496 9466
g interior
f 9465 9472 9500 9497
f 9463 9493 9500 9472
f 9492 9501 9500 9493
f 9494 9497 9500 9501
g exterior
f 9469 9499 9502 9474
f 9499 9498 3156 9502
f 9474 9502 3156 3154
f 3121 3162 9503 9504
f 9504 9503 9505 9506
f 3121 9504 9506 9476
g interior
f 9507 9508 9509 9510
f 9511 9512 9509 9508
f 9482 9479 9509 9512
f 9478 9510 9509 9479
g exterior
f 9478 9485 9513 9510
f 9476 9506 9513 9485
f 9505 9514 9513 9506
f 9507 9510 9513 9514
g interior
f 9482 9512 9515 9487
f 9512 9511 9516 9515
f 9487 9515 9516 9488
f 9488 9516 3163 3125
f 3152 3172 9517 9489
f 9489 9517 9518 9490
f 9517 9519 9520 9518
f 9518 9520 9492 9490
g exterior
f 9521 9522 9523 9524
f 9525 9526 9523 9522
f 9498 9495 9523 9526
f 9494 9524 9523 9495
g interior
f 9494 9501 9527 9524
f 9492 9520 9527 9501
f 9519 9528 9527 9520
f 9521 9524 9527 9528
g exterior
f 9498 9526 9529 3156
f 9526 9525 9530 9529
f 9529 9530 3173 3156
f 3162 3161 9531 9503
f 3161 9532 9533 9531
f 9531 9533 9505 9503
g interior
f 9534 9535 9536 9537
f 9538 9539 9536 9535
f 9511 9508 9536 9539
f 9507 9537 9536 9508
g exterior
f 9507 9514 9540 9537
f 9505 9533 9540 9514
f 9532 9541 9540 9533
f 9534 9537 9540 9541
g interior
f 9511 9539 9542 9516
f 9539 9538 9543 9542
f 9542 9543 9544 9516
f 9516 9544 3165 3163
f 3172 3171 9545 9517
f 9517 9545 9546 9547
f 9547 9546 9548 9549
f 9517 9547 9549 9519
g exterior
f 9550 9551 9552 9553
f 9554 9555 9552 9551
f 9525 9522 9552 9555
f 9521 9553 9552 9522
g interior
f 9521 9528 9556 9553
f 9519 9549 9556 9528
f 9548 9557 9556 9549
f 9550 9553 9556 9557
g exterior
f 9525 9555 9558 9530
f 9555 9554 3175 9558
f 9530 9558 3175 3173
f 3161 3181 9559 9560
f 9560 9559 9561 9562
f 3161 9560 9562 9532
g interior
f 9563 9564 9565 9566
f 9567 9568 9565 9564
f 9538 9535 9565 9568
f 9534 9566 9565 9535
g exterior
f 9534 9541 9569 9566
f 9532 9562 9569 9541
f 9561 9570 9569 9562
f 9563 9566 9569 9570
g interior
f 9538 9568 9571 9543
f 9568 9567 9572 9571
f 9543 9571 9572 9544
f 9544 9572 3182 3165
f 3171 3189 9573 9545
f 9545 9573 9574 9546
f 9573 9575 9576 9574
f 9574 9576 9548 9546
g exterior
f 9577 9578 9579 9580
f 9581 9582 9579 9578
f 9554 9551 9579 9582
f 9550 9580 9579 9551
g interior
f 9550 9557 9583 9580
f 9548 9576 9583 9557
f 9575 9584 9583 9576
f 9577 9580 9583 9584
g exterior
f 9554 9582 9585 3175
f 9582 9581 9586 9585
f 9585 9586 3190 3175
f 3181 3180 9587 9559
f 3180 9588 9589 9587
f 9587 9589 9561 9559
g interior
f 9590 9591 9592 9593
f 9594 9595 9592 9591
f 9567 9564 9592 9595
f 9563 9593 9592 9564
g exterior
f 9563 9570 9596 9593
f 9561 9589 9596 9570
f 9588 9597 9596 9589
f 9590 9593 9596 9597
g interior
f 9567 9595 9598 9572
f 9595 9594 9599 9598
f 9598 9599 9600 9572
f 9572 9600 3184 3182
f 3189 3188 9601 9573
f 9573 9601 9602 9603
f 9603 9602 9604 9605
f 9573 9603 9605 9575
g exterior
f 9606 9607 9608 9609
f 9610 9611 9608 9607
f 9581 9578 9608 9611
f 9577 9609 9608 9578
g interior
f 9577 9584 9612 9609
f 9575 9605 9612 9584
f 9604 9613 9612 9605
f 9606 9609 9612 9613
g exterior
f 9581 9611 9614 9586
f 9611 9610 3192 9614
f 9586 9614 3192 3190
f 3180 3198 9615 9616
f 9616 9615 9617 9618
f 3180 9616 9618 9588
g interior
f 9619 9620 9621 9622
f 9623 9624 9621 9620
f 9594 9591 9621 9624
f 9590 9622 9621 9591
g exterior
f 9590 9597 9625 9622
f 9588 9618 9625 9597
f 9617 9626 9625 9618
f 9619 9622 9625 9626
g interior
f 9594 9624 9627 9599
f 9624 9623 9628 9627
f 9599 9627 9628 9600
f 9600 9628 3199 3184
f 3188 3208 9629 9601
f 9601 9629 9630 9602
f 9629 9631 9632 9630
f 9630 9632 9604 9602
g exterior
f 9633 9634 9635 9636
f 9637 9638 9635 9634
f 9610 9607 9635 9638
f 9606 9636 9635 9607
g interior
f 9606 9613 9639 9636
f 9604 9632 9639 9613
f 9631 9640 9639 9632
f 9633 9636 9639 9640
g exterior
f 9610 9638 9641 3192
f 9638 9637 9642 9641
f 9641 9642 3209 3192
f 3198 3197 9643 9615
f 3197 9644 9645 9643
f 9643 9645 9617 9615
g interior
f 9646 9647 9648 9649
f 9650 9651 9648 9647
f 9623 9620 9648 9651
f 9619 9649 9648 9620
g exterior
f 9619 9626 9652 9649
f 9617 9645 9652 9626
f 9644 9653 9652 9645
f 9646 9649 9652 9653
g interior
f 9623 9651 9654 9628
f 9651 9650 9655 9654
f 9654 9655 9656 9628
f 9628 9656 3201 3199
f 3208 3207 9657 9629
f 9629 9657 9658 9659
f 9659 9658 9660 9661
f 9629 9659 9661 9631
g exterior
f 9662 9663 9664 9665
f 9666 9667 9664 9663
f 9637 9634 9664 9667
f 9633 9665 9664 9634
g interior
f 9633 9640 9668 9665
f 9631 9661 9668 9640
f 9660 9669 9668 9661
f 9662 9665 9668 9669
g exterior
f 9637 9667 9670 9642
f 9667 9666 3211 9670
f 9642 9670 3211 3209
f 3197 3217 9671 9672
f 9672 9671 9673 9674
f 3197 9672 9674 9644
g interior
f 9675 9676 9677 9678
f 9679 9680 9677 9676
f 9650 9647 9677 9680
f 9646 9678 9677 9647
g exterior
f 9646 9653 9681 9678
f 9644 9674 9681 9653
f 9673 9682 9681 9674
f 9675 9678 9681 9682
g interior
f 9650 9680 9683 9655
f 9680 9679 9684 9683
f 9655 9683 9684 9656
f 9656 9684 3218 3201
f 3207 3225 9685 9657
f 9657 9685 9686 9658
f 9685 9687 9688 9686
f 9686 9688 9660 9658
g exterior
f 9689 9690 9691 9692
f 9693 9694 9691 9690
f 9666 9663 9691 9694
f 9662 9692 9691 9663
g interior
f 9662 9669 9695 9692
f 9660 9688 9695 9669
f 9687 9696 9695 9688
f 9689 9692 9695 9696
g exterior
f 9666 9694 9697 3211
f 9694 9693 9698 9697
f 9697 9698 3226 3211
f 3217 3216 9699 9671
f 3216 9700 9701 9699
f 9699 9701 9673 9671
g interior
f 9702 9703 9704 9705
f 9706 9707 9704 9703
f 9679 9676 9704 9707
f 9675 9705 9704 9676
g exterior
f 9675 9682 9708 9705
f 9673 9701 9708 9682
f 9700 9709 9708 9701
f 9702 9705 9708 9709
g interior
f 9679 9707 9710 9684
f 9707 9706 9711 9710
f 9710 9711 9712 9684
f 9684 9712 3220 3218
f 3225 3224 9713 9685
f 9685 9713 9714 9715
f 9715 9714 9716 9717
f 9685 9715 9717 9687
g exterior
f 9718 9719 9720 9721
f 9722 9723 9720 9719
f 9693 9690 9720 9723
f 9689 9721 9720 9690
g interior
f 9689 9696 9724 9721
f 9687 9717 9724 9696
f 9716 9725 9724 9717
f 9718 9721 9724 9725
g exterior
f 9693 9723 9726 9698
f 9723 9722 3228 9726
f 9698 9726 3228 3226
f 3216 3234 9727 9728
f 9728 9727 9729 9730
f 3216 9728 9730 9700
g interior
f 9731 9732 9733 9734
f 9735 9736 9733 9732
f 9706 9703 9733 9736
f 9702 9734 9733 9703
g exterior
f 9702 9709 9737 9734
f 9700 9730 9737 9709
f 9729 9738 9737 9730
f 9731 9734 9737 9738
g interior
f 9706 9736 9739 9711
f 9736 9735 9740 9739
f 9711 9739 9740 9712
f 9712 9740 3235 3220
f 3224 3244 9741 9713
f 9713 9741 9742 9714
f 9741 9743 9744 9742
f 9742 9744 9716 9714
g exterior
f 9745 9746 9747 9748
f 9749 9750 9747 9746
f 9722 9719 9747 9750
f 9718 9748 9747 9719
g interior
f 9718 9725 9751 9748
f 9716 9744 9751 9725
f 9743 9752 9751 9744
f 9745 9748 9751 9752
g exterior
f 9722 9750 9753 3228
f 9750 9749 9754 9753
f 9753 9754 3245 3228
f 3234 3233 9755 9727
f 3233 9756 9757 9755
f 9755 9757 9729 9727
g interior
f 9758 9759 9760 9761
f 9762 9763 9760 9759
f 9735 9732 9760 9763
f 9731 9761 9760 9732
g exterior
f 9731 9738 9764 9761
f 9729 9757 9764 9738
f 9756 9765 9764 9757
f 9758 9761 9764 9765
g interior
f 9735 9763 9766 9740
f 9763 9762 9767 9766
f 9766 9767 9768 9740
f 9740 9768 3237 3235
f 3244 3243 9769 9741
f 9741 9769 9770 9771
f 9771 9770 9772 9773
f 9741 9771 9773 9743
g exterior
f 9774 9775 9776 9777
f 9778 9779 9776 9775
f 9749 9746 9776 9779
f 9745 9777 9776 9746
g interior
f 9745 9752 9780 9777
f 9743 9773 9780 9752
f 9772 9781 9780 9773
f 9774 9777 9780 9781
g exterior
f 9749 9779 9782 9754
f 9779 9778 3247 9782
f 9754 9782 3247 3245
f 3233 3253 9783 9784
f 9784 9783 9785 9786
f 3233 9784 9786 9756
g interior
f 9787 9788 9789 9790
f 9791 9792 9789 9788
f 9762 9759 9789 9792
f 9758 9790 9789 9759
g exterior
f 9758 9765 9793 9790
f 9756 9786 9793 9765
f 9785 9794 9793 9786
f 9787 9790 9793 9794
g interior
f 9762 9792 9795 9767
f 9792 9791 9796 9795
f 9767 9795 9796 9768
f 9768 9796 3254 3237
f 3243 3261 9797 9769
f 9769 9797 9798 9770
f 9797 9799 9800 9798
f 9798 9800 9772 9770
g exterior
f 9801 9802 9803 9804
f 9805 9806 9803 9802
f 9778 9775 9803 9806
f 9774 9804 9803 9775
g interior
f 9774 9781 9807 9804
f 9772 9800 9807 9781
f 9799 9808 9807 9800
f 9801 9804 9807 9808
g exterior
f 9778 9806 9809 3247
f 9806 9805 9810 9809
f 9809 9810 3262 3247
f 3253 3252 9811 9783
f 3252 9812 9813 9811
f 9811 9813 9785 9783
g interior
f 9814 9815 9816 9817
f 9818 9819 9816 9815
f 9791 9788 9816 9819
f 9787 9817 9816 9788
g exterior
f 9787 9794 9820 9817
f 9785 9813 9820 9794
f 9812 9821 9820 9813
f 9814 9817 9820 9821
g interior
f 9791 9819 9822 9796
f 9819 9818 9823 9822
f 9822 9823 9824 9796
f 9796 9824 3256 3254
f 3261 3260 9825 9797
f 9797 9825 9826 9827
f 9827 9826 9828 9829
f 9797 9827 9829 9799
g exterior
f 9830 9831 9832 9833
f 9834 9835 9832 9831
f 9805 9802 9832 9835
f 9801 9833 9832 9802
g interior
f 9801 9808 9836 9833
f 9799 9829 9836 9808
f 9828 9837 9836 9829
f 9830 9833 9836 9837
g exterior
f 9805 9835 9838 9810
f 9835 9834 3264 9838
f 9810 9838 3264 3262
f 3252 3270 9839 9840
f 9840 9839 9841 9842
f 3252 9840 9842 9812
g interior
f 9843 9844 9845 9846
f 9847 9848 9845 9844
f 9818 9815 9845 9848
f 9814 9846 9845 9815
g exterior
f 9814 9821 9849 9846
f 9812 9842 9849 9821
f 9841 9850 9849 9842
f 9843 9846 9849 9850
g interior
f 9818 9848 9851 9823
f 9848 9847 9852 9851
f 9823 9851 9852 9824
f 9824 9852 3271 3256
f 3260 3280 9853 9825
f 9825 9853 9854 9826
f 9853 9855 9856 9854
f 9854 9856 9828 9826
g exterior
f 9857 9858 9859 9860
f 9861 9862 9859 9858
f 9834 9831 9859 9862
f 9830 9860 9859 9831
g interior
f 9830 9837 9863 9860
f 9828 9856 9863 9837
f 9855 9864 9863 9856
f 9857 9860 9863 9864
g exterior
f 9834 9862 9865 3264
f 9862 9861 9866 9865
f 9865 9866 3281 3264
f 3270 3269 9867 9839
f 3269 9868 9869 9867
f 9867 9869 9841 9839
g interior
f 9870 9871 9872 9873
f 9874 9875 9872 9871
f 9847 9844 9872 9875
f 9843 9873 9872 9844
g exterior
f 9843 9850 9876 9873
f 9841 9869 9876 9850
f 9868 9877 9876 9869
f 9870 9873 9876 9877
g interior
f 9847 9875 9878 9852
f 9875 9874 9879 9878
f 9878 9879 9880 9852
f 9852 9880 3273 3271
f 3280 3279 9881 9853
f 9853 9881 9882 9883
f 9883 9882 9884 9885
f 9853 9883 9885 9855
g exterior
f 9886 9887 9888 9889
f 9890 9891 9888 9887
f 9861 9858 9888 9891
f 9857 9889 9888 9858
g interior
f 9857 9864 9892 9889
f 9855 9885 9892 9864
f 9884 9893 9892 9885
f 9886 9889 9892 9893
g exterior
f 9861 9891 9894 9866
f 9891 9890 3283 9894
f 9866 9894 3283 3281
f 3269 3289 9895 9896
f 9896 9895 9897 9898
f 3269 9896 9898 9868
g interior
f 9899 9900 9901 9902
f 9903 9904 9901 9900
f 9874 9871 9901 9904
f 9870 9902 9901 9871
g exterior
f 9870 9877 9905 9902
f 9868 9898 9905 9877
f 9897 9906 9905 9898
f 9899 9902 9905 9906
g interior
f 9874 9904 9907 9879
f 9904 9903 9908 9907
f 9879 9907 9908 9880
f 9880 9908 3290 3273
f 3279 3297 9909 9881
f 9881 9909 9910 9882
f 9909 9911 9912 9910
f 9910 9912 9884 9882
g exterior
f 9913 9914 9915 9916
f 9917 9918 9915 9914
f 9890 9887 9915 9918
f 9886 9916 9915 9887
g interior
f 9886 9893 9919 9916
f 9884 9912 9919 9893
f 9911 9920 9919 9912
f 9913 9916 9919 9920
g exterior
f 9890 9918 9921 3283
f 9918 9917 9922 9921
f 9921 9922 3298 3283
f 3289 3288 9923 9895
f 3288 9924 9925 9923
f 9923 9925 9897 9895
g interior
f 9926 9927 9928 9929
f 9930 9931 9928 9927
f 9903 9900 9928 9931
f 9899 9929 9928 9900
g exterior
f 9899 9906 9932 9929
f 9897 9925 9932 9906
f 9924 9933 9932 9925
f 9926 9929 9932 9933
g interior
f 9903 9931 9934 9908
f 9931 9930 9935 9934
f 9934 9935 9936 9908
f 9908 9936 3292 3290
f 3297 3296 9937 9909
f 9909 9937 9938 9939
f 9939 9938 9940 9941
f 9909 9939 9941 9911
g exterior
f 9942 9943 9944 9945
f 9946 9947 9944 9943
f 9917 9914 9944 9947
f 9913 9945 9944 9914
g interior
f 9913 9920 9948 9945
f 9911 9941 9948 9920
f 9940 9949 9948 9941
f 9942 9945 9948 9949
g exterior
f 9917 9947 9950 9922
f 9947 9946 3300 9950
f 9922 9950 3300 3298
f 3288 3306 9951 9952
f 9952 9951 9953 9954
f 3288 9952 9954 9924
g interior
f 9955 9956 9957 9958
f 9959 9960 9957 9956
f 9930 9927 9957 9960
f 9926 9958 9957 9927
g exterior
f 9926 9933 9961 9958
f 9924 9954 9961 9933
f 9953 9962 9961 9954
f 9955 9958 9961 9962
g interior
f 9930 9960 9963 9935
f 9960 9959 9964 9963
f 9935 9963 9964 9936
f 9936 9964 3307 3292
f 3296 3316 9965 9937
f 9937 9965 9966 9938
f 9965 9967 9968 9966
f 9966 9968 9940 9938
g exterior
f 9969 9970 9971 9972
f 9973 9974 9971 9970
f 9946 9943 9971 9974
f 9942 9972 9971 9943
g interior
f 9942 9949 9975 9972
f 9940 9968 9975 9949
f 9967 9976 9975 9968
f 9969 9972 9975 9976
g exterior
f 9946 9974 9977 3300
f 9974 9973 9978 9977
f 9977 9978 3317 3300
f 3306 3305 9979 9951
f 3305 9980 9981 9979
f 9979 9981 9953 9951
g interior
f 9982 9983 9984 9985
f 9986 9987 9984 9983
f 9959 9956 9984 9987
f 9955 9985 9984 9956
g exterior
f 9955 9962 9988 9985
f 9953 9981 9988 9962
f 9980 9989 9988 9981
f 9982 9985 9988 9989
g interior
f 9959 9987 9990 9964
f 9987 9986 9991 9990
f 9990 9991 9992 9964
f 9964 9992 3309 3307
f 3316 3315 9993 9965
f 9965 9993 9994 9995
f 9995 9994 9996 9997
f 9965 9995 9997 9967
g exterior
f 9998 9999 10000 10001
f 10002 10003 10000 9999
f 9973 9970 10000 10003
f 9969 10001 10000 9970
g interior
f 9969 9976 10004 10001
f 9967 9997 10004 9976
f 9996 10005 10004 9997
f 9998 10001 10004 10005
g exterior
f 9973 10003 10006 9978
f 10003 10002 3319 10006
f 9978 10006 3319 3317
f 3305 3325 10007 10008
f 10008 10007 10009 10010
f 3305 10008 10010 9980
g interior
f 10011 10012 10013 10014
f 10015 10016 10013 10012
f 9986 9983 10013 10016
f 9982 10014 10013 9983
g exterior
f 9982 9989 10017 10014
f 9980 10010 10017 9989
f 10009 10018 10017 10010
f 10011 10014 10017 10018
g interior
f 9986 10016 10019 9991
f 10016 10015 10020 10019
f 9991 10019 10020 9992
f 9992 10020 3326 3309
f 3315 3333 10021 9993
f 9993 10021 10022 9994
f 10021 10023 10024 10022
f 10022 10024 9996 9994
g exterior
f 10025 10026 10027 10028
f 10029 10030 10027 10026
f 10002 9999 10027 10030
f 9998 10028 10027 9999
g interior
f 9998 10005 10031 10028
f 9996 10024 10031 10005
f 10023 10032 10031 10024
f 10025 10028 10031 10032
g exterior
f 10002 10030 10033 3319
f 10030 10029 10034 10033
f 10033 10034 3334 3319
f 3325 3324 10035 10007
f 3324 10036 10037 10035
f 10035 10037 10009 10007
g interior
f 10038 10039 10040 10041
f 10042 10043 10040 10039
f 10015 10012 10040 10043
f 10011 10041 10040 10012
g exterior
f 10011 10018 10044 10041
f 10009 10037 10044 10018
f 10036 10045 10044 10037
f 10038 10041 10044 10045
g interior
f 10015 10043 10046 10020
f 10043 10042 10047 10046
f 10046 10047 10048 10020
f 10020 10048 3328 3326
f 3333 3332 10049 10021
f 10021 10049 10050 10051
f 10051 10050 10052 10053
f 10021 10051 10053 10023
g exterior
f 10054 10055 10056 10057
f 10058 10059 10056 10055
f 10029 10026 10056 10059
f 10025 10057 10056 10026
g interior
f 10025 10032 10060 10057
f 10023 10053 10060 10032
f 10052 10061 10060 10053
f 10054 10057 10060 10061
g exterior
f 10029 10059 10062 10034
f 10059 10058 3336 10062
f 10034 10062 3336 3334
f 3324 3342 10063 10064
f 10064 10063 10065 10066
f 3324 10064 10066 10036
g interior
f 10067 10068 10069 10070
f 10071 10072 10069 10068
f 10042 10039 10069 10072
f 10038 10070 10069 10039
g exterior
f 10038 10045 10073 10070
f 10036 10066 10073 10045
f 10065 10074 10073 10066
f 10067 10070 10073 10074
g interior
f 10042 10072 10075 10047
f 10072 10071 10076 10075
f 10047 10075 10076 10048
f 10048 10076 3343 3328
f 3332 3352 10077 10049
f 10049 10077 10078 10050
f 10077 10079 10080 10078
f 10078 10080 10052 10050
g exterior
f 10081 10082 10083 10084
f 10085 10086 10083 10082
f 10058 10055 10083 10086
f 10054 10084 10083 10055
g interior
f 10054 10061 10087 10084
f 10052 10080 10087 10061
f 10079 10088 10087 10080
f 10081 10084 10087 10088
g exterior
f 10058 10086 10089 3336
f 10086 10085 10090 10089
f 10089 10090 3353 3336
f 3342 3341 10091 10063
f 3341 10092 10093 10091
f 10091 10093 10065 10063
g interior
f 10094 10095 10096 10097
f 10098 10099 10096 10095
f 10071 10068 10096 10099
f 10067 10097 10096 10068
g exterior
f 10067 10074 10100 10097
f 10065 10093 10100 10074
f 10092 10101 10100 10093
f 10094 10097 10100 10101
g interior
f 10071 10099 10102 10076
f 10099 10098 10103 10102
f 10102 10103 10104 10076
f 10076 10104 3345 3343
f 3352 3351 10105 10077
f 10077 10105 10106 10107
f 10107 10106 10108 10109
f 10077 10107 10109 10079
g exterior
f 10110 10111 10112 10113
f 10114 10115 10112 10111
f 10085 10082 10112 10115
f 10081 10113 10112 10082
g interior
f 10081 10088 10116 10113
f 10079 10109 10116 10088
f 10108 10117 10116 10109
f 10110 10113 10116 10117
g exterior
f 10085 10115 10118 10090
f 10115 10114 3355 10118
f 10090 10118 3355 3353
f 3341 3361 10119 10120
f 10120 10119 10121 10122
f 3341 10120 10122 10092
g interior
f 10123 10124 10125 10126
f 10127 10128 10125 10124
f 10098 10095 10125 10128
f 10094 10126 10125 10095
g exterior
f 10094 10101 10129 10126
f 10092 10122 10129 10101
f 10121 10130 10129 10122
f 10123 10126 10129 10130
g interior
f 10098 10128 10131 10103
f 10128 10127 10132 10131
f 10103 10131 10132 10104
f 10104 10132 3362 3345
f 3351 3504 10133 10105
f 10105 10133 10134 10106
f 10133 10135 10136 10134
f 10134 10136 10108 10106
g exterior
f 10137 10138 10139 10140
f 10141 10142 10139 10138
f 10114 10111 10139 10142
f 10110 10140 10139 10111
g interior
f 10110 10117 10143 10140
f 10108 10136 10143 10117
f 10135 10144 10143 10136
f 10137 10140 10143 10144
g exterior
f 10114 10142 10145 3355
f 10142 10141 10146 10145
f 10145 10146 3505 3355
f 3361 3360 10147 10119
f 3360 10148 10149 10147
f 10147 10149 10121 10119
g interior
f 10150 10151 10152 10153
f 10154 10155 10152 10151
f 10127 10124 10152 10155
f 10123 10153 10152 10124
g exterior
f 10123 10130 10156 10153
f 10121 10149 10156 10130
f 10148 10157 10156 10149
f 10150 10153 10156 10157
g interior
f 10127 10155 10158 10132
f 10155 10154 10159 10158
f 10158 10159 10160 10132
f 10132 10160 3364 3362
f 3504 3503 10161 10133
f 10133 10161 10162 10163
f 10163 10162 10164 10165
f 10133 10163 10165 10135
g exterior
f 10166 10167 10168 10169
f 10170 10171 10168 10167
f 10141 10138 10168 10171
f 10137 10169 10168 10138
g interior
f 10137 10144 10172 10169
f 10135 10165 10172 10144
f 10164 10173 10172 10165
f 10166 10169 10172 10173
g exterior
f 10141 10171 10174 10146
f 10171 10170 3507 10174
f 10146 10174 3507 3505
f 3360 3513 10175 10176
f 10176 10175 10177 10178
f 3360 10176 10178 10148
g interior
f 10179 10180 10181 10182
f 10183 10184 10181 10180
f 10154 10151 10181 10184
f 10150 10182 10181 10151
g exterior
f 10150 10157 10185 10182
f 10148 10178 10185 10157
f 10177 10186 10185 10178
f 10179 10182 10185 10186
g interior
f 10154 10184 10187 10159
f 10184 10183 10188 10187
f 10187 10188 10189 10190
f 10159 10187 10190 10160
f 10160 10190 10191 3364
f 10190 10189 10192 10191
f 10191 10192 10193 3364
f 3364 10193 10194 10195
f 10195 10194 10196 10197
f 3364 10195 10197 3365
f 3365 10197 10198 3366
f 10197 10196 10199 10198
f 10198 10199 10200 3366
f 3366 10200 10201 10202
f 10202 10201 10203 10204
f 3366 10202 10204 3369
f 3369 10204 10205 3370
f 10204 10203 10206 10205
f 10205 10206 10207 3370
f 3370 10207 10208 10209
f 10209 10208 10210 10211
f 3370 10209 10211 3371
f 3371 10211 10212 3373
f 10211 10210 10213 10212
f 10212 10213 10214 3373
f 3373 10214 10215 10216
f 10216 10215 10217 10218
f 3373 10216 10218 3376
f 3376 10218 10219 3377
f 10218 10217 10220 10219
f 10219 10220 10221 3377
f 3377 10221 10222 10223
f 10223 10222 10224 10225
f 3377 10223 10225 3378
f 3378 10225 10226 3380
f 10225 10224 10227 10226
f 10226 10227 10228 3380
f 3380 10228 10229 10230
f 10230 10229 10231 10232
f 3380 10230 10232 3383
f 3383 10232 10233 3384
f 10232 10231 10234 10233
f 10233 10234 10235 3384
f 3384 10235 10236 10237
f 10237 10236 10238 10239
f 3384 10237 10239 3385
f 3385 10239 10240 3387
f 10239 10238 10241 10240
f 10240 10241 10242 3387
f 3387 10242 10243 10244
f 10244 10243 10245 10246
f 3387 10244 10246 3390
f 3390 10246 10247 3391
f 10246 10245 10248 10247
f 10247 10248 10249 3391
f 3391 10249 10250 10251
f 10251 10250 10252 10253
f 3391 10251 10253 3392
f 3392 10253 10254 3394
f 10253 10252 10255 10254
f 10254 10255 10256 3394
f 3394 10256 10257 10258
f 10258 10257 10259 10260
f 3394 10258 10260 3397
f 3397 10260 10261 3398
f 10260 10259 10262 10261
f 10261 10262 10263 3398
f 3398 10263 10264 10265
f 10265 10264 10266 10267
f 3398 10265 10267 3399
f 3399 10267 10268 3401
f 10267 10266 10269 10268
f 10268 10269 10270 3401
f 3401 10270 10271 10272
f 10272 10271 10273 10274
f 3401 10272 10274 3404
f 3404 10274 10275 3405
f 10274 10273 10276 10275
f 10275 10276 10277 3405
f 3405 10277 10278 10279
f 10279 10278 10280 10281
f 3405 10279 10281 3406
f 3406 10281 10282 3408
f 10281 10280 10283 10282
f 10282 10283 10284 3408
f 3408 10284 10285 10286
f 10286 10285 10287 10288
f 3408 10286 10288 3411
f 3411 10288 10289 3412
f 10288 10287 10290 10289
f 10289 10290 10291 3412
f 3412 10291 10292 10293
f 10293 10292 10294 10295
f 3412 10293 10295 3413
f 3413 10295 10296 3415
f 10295 10294 10297 10296
f 10296 10297 10298 3415
f 3415 10298 10299 10300
f 10300 10299 10301 10302
f 3415 10300 10302 3418
f 3418 10302 10303 3419
f 10302 10301 10304 10303
f 10303 10304 10305 3419
f 3419 10305 10306 10307
f 10307 10306 10308 10309
f 3419 10307 10309 3420
f 3420 10309 10310 3422
f 10309 10308 10311 10310
f 10310 10311 10312 3422
f 3422 10312 10313 10314
f 10314 10313 10315 10316
f 3422 10314 10316 3425
f 3425 10316 10317 3426
f 10316 10315 10318 10317
f 10317 10318 10319 3426
f 3426 10319 10320 10321
f 10321 10320 10322 10323
f 3426 10321 10323 3427
f 3427 10323 10324 3429
f 10323 10322 10325 10324
f 10324 10325 10326 3429
f 3429 10326 10327 10328
f 10328 10327 10329 10330
f 3429 10328 10330 3432
f 3432 10330 10331 3433
f 10330 10329 10332 10331
f 10331 10332 10333 3433
f 3433 10333 10334 10335
f 10335 10334 10336 10337
f 3433 10335 10337 3434
f 3434 10337 10338 3436
f 10337 10336 10339 10338
f 10338 10339 10340 3436
f 3436 10340 10341 10342
f 10342 10341 10343 10344
f 3436 10342 10344 3439
f 3439 10344 10345 3440
f 10344 10343 10346 10345
f 10345 10346 10347 3440
f 3440 10347 10348 10349
f 10349 10348 10350 10351
f 3440 10349 10351 3441
f 3441 10351 10352 3443
f 10351 10350 10353 10352
f 10352 10353 10354 3443
f 3443 10354 10355 10356
f 10356 10355 10357 10358
f 3443 10356 10358 3446
f 3446 10358 10359 3447
f 10358 10357 10360 10359
f 10359 10360 10361 3447
f 3447 10361 10362 10363
f 10363 10362 10364 10365
f 3447 10363 10365 3448
f 3448 10365 10366 3450
f 10365 10364 10367 10366
f 10366 10367 10368 3450
f 3450 10368 10369 10370
f 10370 10369 10371 10372
f 3450 10370 10372 3453
f 3453 10372 10373 3454
f 10372 10371 10374 10373
f 10373 10374 10375 3454
f 3454 10375 10376 10377
f 10377 10376 10378 10379
f 3454 10377 10379 3455
f 3455 10379 10380 3457
f 10379 10378 10381 10380
f 10380 10381 10382 3457
f 3457 10382 10383 10384
f 10384 10383 10385 10386
f 3457 10384 10386 3460
f 3460 10386 10387 3461
f 10386 10385 10388 10387
f 10387 10388 10389 3461
f 3461 10389 10390 10391
f 10391 10390 10392 10393
f 3461 10391 10393 3462
f 3462 10393 10394 3464
f 10393 10392 10395 10394
f 10394 10395 10396 3464
f 3464 10396 10397 10398
f 10398 10397 10399 10400
f 3464 10398 10400 3467
f 3467 10400 10401 3468
f 10400 10399 10402 10401
f 10401 10402 10403 3468
f 3468 10403 10404 10405
f 10405 10404 10406 10407
f 3468 10405 10407 3469
f 3469 10407 10408 3471
f 10407 10406 10409 10408
f 10408 10409 10410 3471
f 3471 10410 10411 10412
f 10412 10411 10413 10414
f 3471 10412 10414 3474
f 3474 10414 10415 3475
f 10414 10413 10416 10415
f 10415 10416 10417 3475
f 3475 10417 10418 10419
f 10419 10418 10420 10421
f 3475 10419 10421 3476
f 3476 10421 10422 3478
f 10421 10420 10423 10422
f 10422 10423 10424 3478
f 3478 10424 10425 10426
f 10426 10425 10427 10428
f 3478 10426 10428 3481
f 3481 10428 10429 3482
f 10428 10427 10430 10429
f 10429 10430 10431 3482
f 3482 10431 10432 10433
f 10433 10432 10434 10435
f 3482 10433 10435 3483
f 3483 10435 10436 3485
f 10435 10434 10437 10436
f 10436 10437 10438 3485
f 3485 10438 10439 10440
f 10440 10439 10441 10442
f 3485 10440 10442 3488
f 3488 10442 10443 3489
f 10442 10441 10444 10443
f 10443 10444 10445 3489
f 3489 10445 10446 10447
f 10447 10446 10448 10449
f 3489 10447 10449 3490
f 3490 10449 10450 3492
f 10449 10448 10451 10450
f 10450 10451 10452 3492
f 3492 10452 10453 10454
f 10454 10453 10455 10456
f 3492 10454 10456 3495
f 3495 10456 10457 3496
f 10456 10455 10458 10457
f 10457 10458 10459 3496
f 3496 10459 10460 10461
f 10461 10460 10462 10463
f 3496 10461 10463 3497
f 3497 10463 10464 3499
f 10463 10462 10465 10464
f 10464 10465 10466 3499
f 3499 10466 10467 10468
f 10468 10467 10469 10470
f 3499 10468 10470 3502
f 3502 10470 10471 3503
f 10470 10469 10472 10471
f 10471 10472 10473 3503
f 3503 10473 10474 10475
f 10475 10474 10476 10477
f 3503 10475 10477 10161
f 10161 10477 10478 10162
f 10477 10476 10479 10478
f 10478 10479 10480 10481
f 10162 10478 10481 10164
g exterior
f 10482 10483 10484 10485
f 10486 10487 10484 10483
f 10170 10167 10484 10487
f 10166 10485 10484 10167
g interior
f 10166 10173 10488 10485
f 10164 10481 10488 10173
f 10480 10489 10488 10481
f 10482 10485 10488 10489
g exterior
f 10170 10487 10490 3507
f 10487 10486 10491 10490
f 10490 10491 3514 3507
f 3513 3512 10492 10175
f 3512 10493 10494 10492
f 10492 10494 10177 10175
f 10495 10496 10497 10498
f 10493 10499 10497 10496
f 10500 10501 10497 10499
f 10502 10498 10497 10501
f 10500 10503 10504 10501
f 10505 10506 10504 10503
f 10507 10508 10504 10506
f 10502 10501 10504 10508
g interior
f 10507 10509 10510 10508
f 10183 10180 10510 10509
f 10179 10511 10510 10180
f 10502 10508 10510 10511
g exterior
f 10179 10186 10512 10511
f 10177 10513 10512 10186
f 10495 10498 10512 10513
f 10502 10511 10512 10498
f 10507 10506 10514 10515
f 10505 10516 10514 10506
f 10517 10518 10514 10516
f 10519 10515 10514 10518
g interior
f 10519 10520 10521 10515
f 10189 10188 10521 10520
f 10183 10509 10521 10188
f 10507 10515 10521 10509
g exterior
f 10519 10518 10522 10523
f 10517 10524 10522 10518
f 10525 10526 10522 10524
f 10527 10523 10522 10526
g interior
f 10527 10528 10529 10523
f 10193 10192 10529 10528
f 10189 10520 10529 10192
f 10519 10523 10529 10520
g exterior
f 10527 10526 10530 10531
f 10525 10532 10530 10526
f 10533 10534 10530 10532
f 10535 10531 10530 10534
g interior
f 10535 10536 10537 10531
f 10196 10194 10537 10536
f 10193 10528 10537 10194
f 10527 10531 10537 10528
g exterior
f 10535 10534 10538 10539
f 10533 10540 10538 10534
f 10541 10542 10538 10540
f 10543 10539 10538 10542
g interior
f 10543 10544 10545 10539
f 10200 10199 10545 10544
f 10196 10536 10545 10199
f 10535 10539 10545 10536
g exterior
f 10543 10542 10546 10547
f 10541 10548 10546 10542
f 10549 10550 10546 10548
f 10551 10547 10546 10550
g interior
f 10551 10552 10553 10547
f 10203 10201 10553 10552
f 10200 10544 10553 10201
f 10543 10547 10553 10544
g exterior
f 10551 10550 10554 10555
f 10549 10556 10554 10550
f 10557 10558 10554 10556
f 10559 10555 10554 10558
g interior
f 10559 10560 10561 10555
f 10207 10206 10561 10560
f 10203 10552 10561 10206
f 10551 10555 10561 10552
g exterior
f 10559 10558 10562 10563
f 10557 10564 10562 10558
f 10565 10566 10562 10564
f 10567 10563 10562 10566
g interior
f 10567 10568 10569 10563
f 10210 10208 10569 10568
f 10207 10560 10569 10208
f 10559 10563 10569 10560
g exterior
f 10567 10566 10570 10571
f 10565 10572 10570 10566
f 10573 10574 10570 10572
f 10575 10571 10570 10574
g interior
f 10575 10576 10577 10571
f 10214 10213 10577 10576
f 10210 10568 10577 10213
f 10567 10571 10577 10568
g exterior
f 10575 10574 10578 10579
f 10573 10580 10578 10574
f 10581 10582 10578 10580
f 10583 10579 10578 10582
g interior
f 10583 10584 10585 10579
f 10217 10215 10585 10584
f 10214 10576 10585 10215
f 10575 10579 10585 10576
g exterior
f 10583 10582 10586 10587
f 10581 10588 10586 10582
f 10589 10590 10586 10588
f 10591 10587 10586 10590
g interior
f 10591 10592 10593 10587
f 10221 10220 10593 10592
f 10217 10584 10593 10220
f 10583 10587 10593 10584
g exterior
f 10591 10590 10594 10595
f 10589 10596 10594 10590
f 10597 10598 10594 10596
f 10599 10595 10594 10598
g interior
f 10599 10600 10601 10595
f 10224 10222 10601 10600
f 10221 10592 10601 10222
f 10591 10595 10601 10592
g exterior
f 10599 10598 10602 10603
f 10597 10604 10602 10598
f 10605 10606 10602 10604
f 10607 10603 10602 10606
g interior
f 10607 10608 10609 10603
f 10228 10227 10609 10608
f 10224 10600 10609 10227
f 10599 10603 10609 10600
g exterior
f 10607 10606 10610 10611
f 10605 10612 10610 10606
f 10613 10614 10610 10612
f 10615 10611 10610 10614
g interior
f 10615 10616 10617 10611
f 10231 10229 10617 10616
f 10228 10608 10617 10229
f 10607 10611 10617 10608
g exterior
f 10615 10614 10618 10619
f 10613 10620 10618 10614
f 10621 10622 10618 10620
f 10623 10619 10618 10622
g interior
f 10623 10624 10625 10619
f 10235 10234 10625 10624
f 10231 10616 10625 10234
f 10615 10619 10625 10616
g exterior
f 10623 10622 10626 10627
f 10621 10628 10626 10622
f 10629 10630 10626 10628
f 10631 10627 10626 10630
g interior
f 10631 10632 10633 10627
f 10238 10236 10633 10632
f 10235 10624 10633 10236
f 10623 10627 10633 10624
g exterior
f 10631 10630 10634 10635
f 10629 10636 10634 10630
f 10637 10638 10634 10636
f 10639 10635 10634 10638
g interior
f 10639 10640 10641 10635
f 10242 10241 10641 10640
f 10238 10632 10641 10241
f 10631 10635 10641 10632
g exterior
f 10639 10638 10642 10643
f 10637 10644 10642 10638
f 10645 10646 10642 10644
f 10647 10643 10642 10646
g interior
f 10647 10648 10649 10643
f 10245 10243 10649 10648
f 10242 10640 10649 10243
f 10639 10643 10649 10640
g exterior
f 10647 10646 10650 10651
f 10645 10652 10650 10646
f 10653 10654 10650 10652
f 10655 10651 10650 10654
g interior
f 10655 10656 10657 10651
f 10249 10248 10657 10656
f 10245 10648 10657 10248
f 10647 10651 10657 10648
g exterior
f 10655 10654 10658 10659
f 10653 10660 10658 10654
f 10661 10662 10658 10660
f 10663 10659 10658 10662
g interior
f 10663 10664 10665 10659
f 10252 10250 10665 10664
f 10249 10656 10665 10250
f 10655 10659 10665 10656
g exterior
f 10663 10662 10666 10667
f 10661 10668 10666 10662
f 10669 10670 10666 10668
f 10671 10667 10666 10670
g interior
f 10671 10672 10673 10667
f 10256 10255 10673 10672
f 10252 10664 10673 10255
f 10663 10667 10673 10664
g exterior
f 10671 10670 10674 10675
f 10669 10676 10674 10670
f 10677 10678 10674 10676
f 10679 10675 10674 10678
g interior
f 10679 10680 10681 10675
f 10259 10257 10681 10680
f 10256 10672 10681 10257
f 10671 10675 10681 10672
g exterior
f 10679 10678 10682 10683
f 10677 10684 10682 10678
f 10685 10686 10682 10684
f 10687 10683 10682 10686
g interior
f 10687 10688 10689 10683
f 10263 10262 10689 10688
f 10259 10680 10689 10262
f 10679 10683 10689 10680
g exterior
f 10687 10686 10690 10691
f 10685 10692 10690 10686
f 10693 10694 10690 10692
f 10695 10691 10690 10694
g interior
f 10695 10696 10697 10691
f 10266 10264 10697 10696
f 10263 10688 10697 10264
f 10687 10691 10697 10688
g exterior
f 10695 10694 10698 10699
f 10693 10700 10698 10694
f 10701 10702 10698 10700
f 10703 10699 10698 10702
g interior
f 10703 10704 10705 10699
f 10270 10269 10705 10704
f 10266 10696 10705 10269
f 10695 10699 10705 10696
g exterior
f 10703 10702 10706 10707
f 10701 10708 10706 10702
f 10709 10710 10706 10708
f 10711 10707 10706 10710
g interior
f 10711 10712 10713 10707
f 10273 10271 10713 10712
f 10270 10704 10713 10271
f 10703 10707 10713 10704
g exterior
f 10711 10710 10714 10715
f 10709 10716 10714 10710
f 10717 10718 10714 10716
f 10719 10715 10714 10718
g interior
f 10719 10720 10721 10715
f 10277 10276 10721 10720
f 10273 10712 10721 10276
f 10711 10715 10721 10712
g exterior
f 10719 10718 10722 10723
f 10717 10724 10722 10718
f 10725 10726 10722 10724
f 10727 10723 10722 10726
g interior
f 10727 10728 10729 10723
f 10280 10278 10729 10728
f 10277 10720 10729 10278
f 10719 10723 10729 10720
g exterior
f 10727 10726 10730 10731
f 10725 10732 10730 10726
f 10733 10734 10730 10732
f 10735 10731 10730 10734
g interior
f 10735 10736 10737 10731
f 10284 10283 10737 10736
f 10280 10728 10737 10283
f 10727 10731 10737 10728
g exterior
f 10735 10734 10738 10739
f 10733 10740 10738 10734
f 10741 10742 10738 10740
f 10743 10739 10738 10742
g interior
f 10743 10744 10745 10739
f 10287 10285 10745 10744
f 10284 10736 10745 10285
f 10735 10739 10745 10736
g exterior
f 10743 10742 10746 10747
f 10741 10748 10746 10742
f 10749 10750 10746 10748
f 10751 10747 10746 10750
g interior
f 10751 10752 10753 10747
f 10291 10290 10753 10752
f 10287 10744 10753 10290
f 10743 10747 10753 10744
g exterior
f 10751 10750 10754 10755
f 10749 10756 10754 10750
f 10757 10758 10754 10756
f 10759 10755 10754 10758
g interior
f 10759 10760 10761 10755
f 10294 10292 10761 10760
f 10291 10752 10761 10292
f 10751 10755 10761 10752
g exterior
f 10759 10758 10762 10763
f 10757 10764 10762 10758
f 10765 10766 10762 10764
f 10767 10763 10762 10766
g interior
f 10767 10768 10769 10763
f 10298 10297 10769 10768
f 10294 10760 10769 10297
f 10759 10763 10769 10760
g exterior
f 10767 10766 10770 10771
f 10765 10772 10770 10766
f 10773 10774 10770 10772
f 10775 10771 10770 10774
g interior
f 10775 10776 10777 10771
f 10301 10299 10777 10776
f 10298 10768 10777 10299
f 10767 10771 10777 10768
g exterior
f 10775 10774 10778 10779
f 10773 10780 10778 10774
f 10781 10782 10778 10780
f 10783 10779 10778 10782
g interior
f 10783 10784 10785 10779
f 10305 10304 10785 10784
f 10301 10776 10785 10304
f 10775 10779 10785 10776
g exterior
f 10783 10782 10786 10787
f 10781 10788 10786 10782
f 10789 10790 10786 10788
f 10791 10787 10786 10790
g interior
f 10791 10792 10793 10787
f 10308 10306 10793 10792
f 10305 10784 10793 10306
f 10783 10787 10793 10784
g exterior
f 10791 10790 10794 10795
f 10789 10796 10794 10790
f 10797 10798 10794 10796
f 10799 10795 10794 10798
g interior
f 10799 10800 10801 10795
f 10312 10311 10801 10800
f 10308 10792 10801 10311
f 10791 10795 10801 10792
g exterior
f 10799 10798 10802 10803
f 10797 10804 10802 10798
f 10805 10806 10802 10804
f 10807 10803 10802 10806
g interior
f 10807 10808 10809 10803
f 10315 10313 10809 10808
f 10312 10800 10809 10313
f 10799 10803 10809 10800
g exterior
f 10807 10806 10810 10811
f 10805 10812 10810 10806
f 10813 10814 10810 10812
f 10815 10811 10810 10814
g interior
f 10815 10816 10817 10811
f 10319 10318 10817 10816
f 10315 10808 10817 10318
f 10807 10811 10817 10808
g exterior
f 10815 10814 10818 10819
f 10813 10820 10818 10814
f 10821 10822 10818 10820
f 10823 10819 10818 10822
g interior
f 10823 10824 10825 10819
f 10322 10320 10825 10824
f 10319 10816 10825 10320
f 10815 10819 10825 10816
g exterior
f 10823 10822 10826 10827
f 10821 10828 10826 10822
f 10829 10830 10826 10828
f 10831 10827 10826 10830
g interior
f 10831 10832 10833 10827
f 10326 10325 10833 10832
f 10322 10824 10833 10325
f 10823 10827 10833 10824
g exterior
f 10831 10830 10834 10835
f 10829 10836 10834 10830
f 10837 10838 10834 10836
f 10839 10835 10834 10838
g interior
f 10839 10840 10841 10835
f 10329 10327 10841 10840
f 10326 10832 10841 10327
f 10831 10835 10841 10832
g exterior
f 10839 10838 10842 10843
f 10837 10844 10842 10838
f 10845 10846 10842 10844
f 10847 10843 10842 10846
g interior
f 10847 10848 10849 10843
f 10333 10332 10849 10848
f 10329 10840 10849 10332
f 10839 10843 10849 10840
g exterior
f 10847 10846 10850 10851
f 10845 10852 10850 10846
f 10853 10854 10850 10852
f 10855 10851 10850 10854
g interior
f 10855 10856 10857 10851
f 10336 10334 10857 10856
f 10333 10848 10857 10334
f 10847 10851 10857 10848
g exterior
f 10855 10854 10858 10859
f 10853 10860 10858 10854
f 10861 10862 10858 10860
f 10863 10859 10858 10862
g interior
f 10863 10864 10865 10859
f 10340 10339 10865 10864
f 10336 10856 10865 10339
f 10855 10859 10865 10856
g exterior
f 10863 10862 10866 10867
f 10861 10868 10866 10862
f 10869 10870 10866 10868
f 10871 10867 10866 10870
g interior
f 10871 10872 10873 10867
f 10343 10341 10873 10872
f 10340 10864 10873 10341
f 10863 10867 10873 10864
g exterior
f 10871 10870 10874 10875
f 10869 10876 10874 10870
f 10877 10878 10874 10876
f 10879 10875 10874 10878
g interior
f 10879 10880 10881 10875
f 10347 10346 10881 10880
f 10343 10872 10881 10346
f 10871 10875 10881 10872
g exterior
f 10879 10878 10882 10883
f 10877 10884 10882 10878
f 10885 10886 10882 10884
f 10887 10883 10882 10886
g interior
f 10887 10888 10889 10883
f 10350 10348 10889 10888
f 10347 10880 10889 10348
f 10879 10883 10889 10880
g exterior
f 10887 10886 10890 10891
f 10885 10892 10890 10886
f 10893 10894 10890 10892
f 10895 10891 10890 10894
g interior
f 10895 10896 10897 10891
f 10354 10353 10897 10896
f 10350 10888 10897 10353
f 10887 10891 10897 10888
g exterior
f 10895 10894 10898 10899
f 10893 10900 10898 10894
f 10901 10902 10898 10900
f 10903 10899 10898 10902
g interior
f 10903 10904 10905 10899
f 10357 10355 10905 10904
f 10354 10896 10905 10355
f 10895 10899 10905 10896
g exterior
f 10903 10902 10906 10907
f 10901 10908 10906 10902
f 10909 10910 10906 10908
f 10911 10907 10906 10910
g interior
f 10911 10912 10913 10907
f 10361 10360 10913 10912
f 10357 10904 10913 10360
f 10903 10907 10913 10904
g exterior
f 10911 10910 10914 10915
f 10909 10916 10914 10910
f 10917 10918 10914 10916
f 10919 10915 10914 10918
g interior
f 10919 10920 10921 10915
f 10364 10362 10921 10920
f 10361 10912 10921 10362
f 10911 10915 10921 10912
g exterior
f 10919 10918 10922 10923
f 10917 10924 10922 10918
f 10925 10926 10922 10924
f 10927 10923 10922 10926
g interior
f 10927 10928 10929 10923
f 10368 10367 10929 10928
f 10364 10920 10929 10367
f 10919 10923 10929 10920
g exterior
f 10927 10926 10930 10931
f 10925 10932 10930 10926
f 10933 10934 10930 10932
f 10935 10931 10930 10934
g interior
f 10935 10936 10937 10931
f 10371 10369 10937 10936
f 10368 10928 10937 10369
f 10927 10931 10937 10928
g exterior
f 10935 10934 10938 10939
f 10933 10940 10938 10934
f 10941 10942 10938 10940
f 10943 10939 10938 10942
g interior
f 10943 10944 10945 10939
f 10375 10374 10945 10944
f 10371 10936 10945 10374
f 10935 10939 10945 10936
g exterior
f 10943 10942 10946 10947
f 10941 10948 10946 10942
f 10949 10950 10946 10948
f 10951 10947 10946 10950
g interior
f 10951 10952 10953 10947
f 10378 10376 10953 10952
f 10375 10944 10953 10376
f 10943 10947 10953 10944
g exterior
f 10951 10950 10954 10955
f 10949 10956 10954 10950
f 10957 10958 10954 10956
f 10959 10955 10954 10958
g interior
f 10959 10960 10961 10955
f 10382 10381 10961 10960
f 10378 10952 10961 10381
f 10951 10955 10961 10952
g exterior
f 10959 10958 10962 10963
f 10957 10964 10962 10958
f 10965 10966 10962 10964
f 10967 10963 10962 10966
g interior
f 10967 10968 10969 10963
f 10385 10383 10969 10968
f 10382 10960 10969 10383
f 10959 10963 10969 10960
g exterior
f 10967 10966 10970 10971
f 10965 10972 10970 10966
f 10973 10974 10970 10972
f 10975 10971 10970 10974
g interior
f 10975 10976 10977 10971
f 10389 10388 10977 10976
f 10385 10968 10977 10388
f 10967 10971 10977 10968
g exterior
f 10975 10974 10978 10979
f 10973 10980 10978 10974
f 10981 10982 10978 10980
f 10983 10979 10978 10982
g interior
f 10983 10984 10985 10979
f 10392 10390 10985 10984
f 10389 10976 10985 10390
f 10975 10979 10985 10976
g exterior
f 10983 10982 10986 10987
f 10981 10988 10986 10982
f 10989 10990 10986 10988
f 10991 10987 10986 10990
g interior
f 10991 10992 10993 10987
f 10396 10395 10993 10992
f 10392 10984 10993 10395
f 10983 10987 10993 10984
g exterior
f 10991 10990 10994 10995
f 10989 10996 10994 10990
f 10997 10998 10994 10996
f 10999 10995 10994 10998
g interior
f 10999 11000 11001 10995
f 10399 10397 11001 11000
f 10396 10992 11001 10397
f 10991 10995 11001 10992
g exterior
f 10999 10998 11002 11003
f 10997 11004 11002 10998
f 11005 11006 11002 11004
f 11007 11003 11002 11006
g interior
f 11007 11008 11009 11003
f 10403 10402 11009 11008
f 10399 11000 11009 10402
f 10999 11003 11009 11000
g exterior
f 11007 11006 11010 11011
f 11005 11012 11010 11006
f 11013 11014 11010 11012
f 11015 11011 11010 11014
g interior
f 11015 11016 11017 11011
f 10406 10404 11017 11016
f 10403 11008 11017 10404
f 11007 11011 11017 11008
g exterior
f 11015 11014 11018 11019
f 11013 11020 11018 11014
f 11021 11022 11018 11020
f 11023 11019 11018 11022
g interior
f 11023 11024 11025 11019
f 10410 10409 11025 11024
f 10406 11016 11025 10409
f 11015 11019 11025 11016
g exterior
f 11023 11022 11026 11027
f 11021 11028 11026 11022
f 11029 11030 11026 11028
f 11031 11027 11026 11030
g interior
f 11031 11032 11033 11027
f 10413 10411 11033 11032
f 10410 11024 11033 10411
f 11023 11027 11033 11024
g exterior
f 11031 11030 11034 11035
f 11029 11036 11034 11030
f 11037 11038 11034 11036
f 11039 11035 11034 11038
g interior
f 11039 11040 11041 11035
f 10417 10416 11041 11040
f 10413 11032 11041 10416
f 11031 11035 11041 11032
g exterior
f 11039 11038 11042 11043
f 11037 11044 11042 11038
f 11045 11046 11042 11044
f 11047 11043 11042 11046
g interior
f 11047 11048 11049 11043
f 10420 10418 11049 11048
f 10417 11040 11049 10418
f 11039 11043 11049 11040
g exterior
f 11047 11046 11050 11051
f 11045 11052 11050 11046
f 11053 11054 11050 11052
f 11055 11051 11050 11054
g interior
f 11055 11056 11057 11051
f 10424 10423 11057 11056
f 10420 11048 11057 10423
f 11047 11051 11057 11048
g exterior
f 11055 11054 11058 11059
f 11053 11060 11058 11054
f 11061 11062 11058 11060
f 11063 11059 11058 11062
g interior
f 11063 11064 11065 11059
f 10427 10425 11065 11064
f 10424 11056 11065 10425
f 11055 11059 11065 11056
g exterior
f 11063 11062 11066 11067
f 11061 11068 11066 11062
f 11069 11070 11066 11068
f 11071 11067 11066 11070
g interior
f 11071 11072 11073 11067
f 10431 10430 11073 11072
f 10427 11064 11073 10430
f 11063 11067 11073 11064
g exterior
f 11071 11070 11074 11075
f 11069 11076 11074 11070
f 11077 11078 11074 11076
f 11079 11075 11074 11078
g interior
f 11079 11080 11081 11075
f 10434 10432 11081 11080
f 10431 11072 11081 10432
f 11071 11075 11081 11072
g exterior
f 11079 11078 11082 11083
f 11077 11084 11082 11078
f 11085 11086 11082 11084
f 11087 11083 11082 11086
g interior
f 11087 11088 11089 11083
f 10438 10437 11089 11088
f 10434 11080 11089 10437
f 11079 11083 11089 11080
g exterior
f 11087 11086 11090 11091
f 11085 11092 11090 11086
f 11093 11094 11090 11092
f 11095 11091 11090 11094
g interior
f 11095 11096 11097 11091
f 10441 10439 11097 11096
f 10438 11088 11097 10439
f 11087 11091 11097 11088
g exterior
f 11095 11094 11098 11099
f 11093 11100 11098 11094
f 11101 11102 11098 11100
f 11103 11099 11098 11102
g interior
f 11103 11104 11105 11099
f 10445 10444 11105 11104
f 10441 11096 11105 10444
f 11095 11099 11105 11096
g exterior
f 11103 11102 11106 11107
f 11101 11108 11106 11102
f 11109 11110 11106 11108
f 11111 11107 11106 11110
g interior
f 11111 11112 11113 11107
f 10448 10446 11113 11112
f 10445 11104 11113 10446
f 11103 11107 11113 11104
g exterior
f 11111 11110 11114 11115
f 11109 11116 11114 11110
f 11117 11118 11114 11116
f 11119 11115 11114 11118
g interior
f 11119 11120 11121 11115
f 10452 10451 11121 11120
f 10448 11112 11121 10451
f 11111 11115 11121 11112
g exterior
f 11119 11118 11122 11123
f 11117 11124 11122 11118
f 11125 11126 11122 11124
f 11127 11123 11122 11126
g interior
f 11127 11128 11129 11123
f 10455 10453 11129 11128
f 10452 11120 11129 10453
f 11119 11123 11129 11120
g exterior
f 11127 11126 11130 11131
f 11125 11132 11130 11126
f 11133 11134 11130 11132
f 11135 11131 11130 11134
g interior
f 11135 11136 11137 11131
f 10459 10458 11137 11136
f 10455 11128 11137 10458
f 11127 11131 11137 11128
g exterior
f 11135 11134 11138 11139
f 11133 11140 11138 11134
f 11141 11142 11138 11140
f 11143 11139 11138 11142
g interior
f 11143 11144 11145 11139
f 10462 10460 11145 11144
f 10459 11136 11145 10460
f 11135 11139 11145 11136
g exterior
f 11143 11142 11146 11147
f 11141 11148 11146 11142
f 11149 11150 11146 11148
f 11151 11147 11146 11150
g interior
f 11151 11152 11153 11147
f 10466 10465 11153 11152
f 10462 11144 11153 10465
f 11143 11147 11153 11144
g exterior
f 11151 11150 11154 11155
f 11149 11156 11154 11150
f 11157 11158 11154 11156
f 11159 11155 11154 11158
g interior
f 11159 11160 11161 11155
f 10469 10467 11161 11160
f 10466 11152 11161 10467
f 11151 11155 11161 11152
g exterior
f 11159 11158 11162 11163
f 11157 11164 11162 11158
f 11165 11166 11162 11164
f 11167 11163 11162 11166
g interior
f 11167 11168 11169 11163
f 10473 10472 11169 11168
f 10469 11160 11169 10472
f 11159 11163 11169 11160
g exterior
f 11167 11166 11170 11171
f 11165 11172 11170 11166
f 11173 11174 11170 11172
f 11175 11171 11170 11174
g interior
f 11175 11176 11177 11171
f 10476 10474 11177 11176
f 10473 11168 11177 10474
f 11167 11171 11177 11168
g exterior
f 11175 11174 11178 11179
f 11173 11180 11178 11174
f 11181 11182 11178 11180
f 11183 11179 11178 11182
g interior
f 11183 11184 11185 11179
f 10480 10479 11185 11184
f 10476 11176 11185 10479
f 11175 11179 11185 11176
g exterior
f 11183 11182 11186 11187
f 11181 11188 11186 11182
f 11189 11190 11186 11188
f 11191 11187 11186 11190
f 11189 11192 11193 11190
f 11194 11195 11193 11192
f 11196 11197 11193 11195
f 11191 11190 11193 11197
f 11196 11198 11199 11197
f 10486 10483 11199 11198
f 10482 11200 11199 10483
f 11191 11197 11199 11200
g interior
f 10482 10489 11201 11200
f 10480 11184 11201 10489
f 11183 11187 11201 11184
f 11191 11200 11201 11187
g exterior
f 10486 11202 11203 10491
f 11202 11194 3516 11203
f 10491 11203 3516 3514
f 3512 3522 11204 10493
f 10493 11204 11205 11206
f 11204 11207 11208 11205
f 11205 11208 10505 11206
f 10505 11208 11209 10516
f 11208 11207 11210 11209
f 10516 11209 11210 10517
f 10517 11210 11211 10524
f 11210 11212 11213 11211
f 11211 11213 10525 10524
f 10525 11213 11214 10532
f 11213 11212 11215 11214
f 10532 11214 11215 10533
f 10533 11215 11216 10540
f 11215 11217 11218 11216
f 11216 11218 10541 10540
f 10541 11218 11219 10548
f 11218 11217 11220 11219
f 10548 11219 11220 10549
f 10549 11220 11221 10556
f 11220 11222 11223 11221
f 11221 11223 10557 10556
f 10557 11223 11224 10564
f 11223 11222 11225 11224
f 10564 11224 11225 10565
f 10565 11225 11226 10572
f 11225 11227 11228 11226
f 11226 11228 10573 10572
f 10573 11228 11229 10580
f 11228 11227 11230 11229
f 10580 11229 11230 10581
f 10581 11230 11231 10588
f 11230 11232 11233 11231
f 11231 11233 10589 10588
f 10589 11233 11234 10596
f 11233 11232 11235 11234
f 10596 11234 11235 10597
f 10597 11235 11236 10604
f 11235 11237 11238 11236
f 11236 11238 10605 10604
f 10605 11238 11239 10612
f 11238 11237 11240 11239
f 10612 11239 11240 10613
f 10613 11240 11241 10620
f 11240 11242 11243 11241
f 11241 11243 10621 10620
f 10621 11243 11244 10628
f 11243 11242 11245 11244
f 10628 11244 11245 10629
f 10629 11245 11246 10636
f 11245 11247 11248 11246
f 11246 11248 10637 10636
f 10637 11248 11249 10644
f 11248 11247 11250 11249
f 10644 11249 11250 10645
f 10645 11250 11251 10652
f 11250 11252 11253 11251
f 11251 11253 10653 10652
f 10653 11253 11254 10660
f 11253 11252 11255 11254
f 10660 11254 11255 10661
f 10661 11255 11256 10668
f 11255 11257 11258 11256
f 11256 11258 10669 10668
f 10669 11258 11259 10676
f 11258 11257 11260 11259
f 10676 11259 11260 10677
f 10677 11260 11261 10684
f 11260 11262 11263 11261
f 11261 11263 10685 10684
f 10685 11263 11264 10692
f 11263 11262 11265 11264
f 10692 11264 11265 10693
f 10693 11265 11266 10700
f 11265 11267 11268 11266
f 11266 11268 10701 10700
f 10701 11268 11269 10708
f 11268 11267 11270 11269
f 10708 11269 11270 10709
f 10709 11270 11271 10716
f 11270 11272 11273 11271
f 11271 11273 10717 10716
f 10717 11273 11274 10724
f 11273 11272 11275 11274
f 10724 11274 11275 10725
f 10725 11275 11276 10732
f 11275 11277 11278 11276
f 11276 11278 10733 10732
f 10733 11278 11279 10740
f 11278 11277 11280 11279
f 10740 11279 11280 10741
f 10741 11280 11281 10748
f 11280 11282 11283 11281
f 11281 11283 10749 10748
f 10749 11283 11284 10756
f 11283 11282 11285 11284
f 10756 11284 11285 10757
f 10757 11285 11286 10764
f 11285 11287 11288 11286
f 11286 11288 10765 10764
f 10765 11288 11289 10772
f 11288 11287 11290 11289
f 10772 11289 11290 10773
f 10773 11290 11291 10780
f 11290 11292 11293 11291
f 11291 11293 10781 10780
f 10781 11293 11294 10788
f 11293 11292 11295 11294
f 10788 11294 11295 10789
f 10789 11295 11296 10796
f 11295 11297 11298 11296
f 11296 11298 10797 10796
f 10797 11298 11299 10804
f 11298 11297 11300 11299
f 10804 11299 11300 10805
f 10805 11300 11301 10812
f 11300 11302 11303 11301
f 11301 11303 10813 10812
f 10813 11303 11304 10820
f 11303 11302 11305 11304
f 10820 11304 11305 10821
f 10821 11305 11306 10828
f 11305 11307 11308 11306
f 11306 11308 10829 10828
f 10829 11308 11309 10836
f 11308 11307 11310 11309
f 10836 11309 11310 10837
f 10837 11310 11311 10844
f 11310 11312 11313 11311
f 11311 11313 10845 10844
f 10845 11313 11314 10852
f 11313 11312 11315 11314
f 10852 11314 11315 10853
f 10853 11315 11316 10860
f 11315 11317 11318 11316
f 11316 11318 10861 10860
f 10861 11318 11319 10868
f 11318 11317 11320 11319
f 10868 11319 11320 10869
f 10869 11320 11321 10876
f 11320 11322 11323 11321
f 11321 11323 10877 10876
f 10877 11323 11324 10884
f 11323 11322 11325 11324
f 10884 11324 11325 10885
f 10885 11325 11326 10892
f 11325 11327 11328 11326
f 11326 11328 10893 10892
f 10893 11328 11329 10900
f 11328 11327 11330 11329
f 10900 11329 11330 10901
f 10901 11330 11331 10908
f 11330 11332 11333 11331
f 11331 11333 10909 10908
f 10909 11333 11334 10916
f 11333 11332 11335 11334
f 10916 11334 11335 10917
f 10917 11335 11336 10924
f 11335 11337 11338 11336
f 11336 11338 10925 10924
f 10925 11338 11339 10932
f 11338 11337 11340 11339
f 10932 11339 11340 10933
f 10933 11340 11341 10940
f 11340 11342 11343 11341
f 11341 11343 10941 10940
f 10941 11343 11344 10948
f 11343 11342 11345 11344
f 10948 11344 11345 10949
f 10949 11345 11346 10956
f 11345 11347 11348 11346
f 11346 11348 10957 10956
f 10957 11348 11349 10964
f 11348 11347 11350 11349
f 10964 11349 11350 10965
f 10965 11350 11351 10972
f 11350 11352 11353 11351
f 11351 11353 10973 10972
f 10973 11353 11354 10980
f 11353 11352 11355 11354
f 10980 11354 11355 10981
f 10981 11355 11356 10988
f 11355 11357 11358 11356
f 11356 11358 10989 10988
f 10989 11358 11359 10996
f 11358 11357 11360 11359
f 10996 11359 11360 10997
f 10997 11360 11361 11004
f 11360 11362 11363 11361
f 11361 11363 11005 11004
f 11005 11363 11364 11012
f 11363 11362 11365 11364
f 11012 11364 11365 11013
f 11013 11365 11366 11020
f 11365 11367 11368 11366
f 11366 11368 11021 11020
f 11021 11368 11369 11028
f 11368 11367 11370 11369
f 11028 11369 11370 11029
f 11029 11370 11371 11036
f 11370 11372 11373 11371
f 11371 11373 11037 11036
f 11037 11373 11374 11044
f 11373 11372 11375 11374
f 11044 11374 11375 11045
f 11045 11375 11376 11052
f 11375 11377 11378 11376
f 11376 11378 11053 11052
f 11053 11378 11379 11060
f 11378 11377 11380 11379
f 11060 11379 11380 11061
f 11061 11380 11381 11068
f 11380 11382 11383 11381
f 11381 11383 11069 11068
f 11069 11383 11384 11076
f 11383 11382 11385 11384
f 11076 11384 11385 11077
f 11077 11385 11386 11084
f 11385 11387 11388 11386
f 11386 11388 11085 11084
f 11085 11388 11389 11092
f 11388 11387 11390 11389
f 11092 11389 11390 11093
f 11093 11390 11391 11100
f 11390 11392 11393 11391
f 11391 11393 11101 11100
f 11101 11393 11394 11108
f 11393 11392 11395 11394
f 11108 11394 11395 11109
f 11109 11395 11396 11116
f 11395 11397 11398 11396
f 11396 11398 11117 11116
f 11117 11398 11399 11124
f 11398 11397 11400 11399
f 11124 11399 11400 11125
f 11125 11400 11401 11132
f 11400 11402 11403 11401
f 11401 11403 11133 11132
f 11133 11403 11404 11140
f 11403 11402 11405 11404
f 11140 11404 11405 11141
f 11141 11405 11406 11148
f 11405 11407 11408 11406
f 11406 11408 11149 11148
f 11149 11408 11409 11156
f 11408 11407 11410 11409
f 11156 11409 11410 11157
f 11157 11410 11411 11164
f 11410 11412 11413 11411
f 11411 11413 11165 11164
f 11165 11413 11414 11172
f 11413 11412 11415 11414
f 11172 11414 11415 11173
f 11173 11415 11416 11180
f 11415 11417 11418 11416
f 11416 11418 11181 11180
f 11181 11418 11419 11420
f 11418 11417 11421 11419
f 11420 11419 11421 11194
f 11194 11421 3523 3516
f 3522 3521 3528 11204
f 11204 3528 3530 11207
f 11207 3530 3532 11210
f 11210 3532 3533 11212
f 11212 3533 3535 11215
f 11215 3535 3537 11217
f 11217 3537 3539 11220
f 11220 3539 3540 11222
f 11222 3540 3542 11225
f 11225 3542 3544 11227
f 11227 3544 3546 11230
f 11230 3546 3547 11232
f 11232 3547 3549 11235
f 11235 3549 3551 11237
f 11237 3551 3553 11240
f 11240 3553 3554 11242
f 11242 3554 3556 11245
f 11245 3556 3558 11247
f 11247 3558 3560 11250
f 11250 3560 3561 11252
f 11252 3561 3563 11255
f 11255 3563 3565 11257
f 11257 3565 3567 11260
f 11260 3567 3568 11262
f 11262 3568 3570 11265
f 11265 3570 3572 11267
f 11267 3572 3574 11270
f 11270 3574 3575 11272
f 11272 3575 3577 11275
f 11275 3577 3579 11277
f 11277 3579 3581 11280
f 11280 3581 3582 11282
f 11282 3582 3584 11285
f 11285 3584 3586 11287
f 11287 3586 3588 11290
f 11290 3588 3589 11292
f 11292 3589 3591 11295
f 11295 3591 3593 11297
f 11297 3593 3595 11300
f 11300 3595 3596 11302
f 11302 3596 3598 11305
f 11305 3598 3600 11307
f 11307 3600 3602 11310
f 11310 3602 3603 11312
f 11312 3603 3605 11315
f 11315 3605 3607 11317
f 11317 3607 3609 11320
f 11320 3609 3610 11322
f 11322 3610 3612 11325
f 11325 3612 3614 11327
f 11327 3614 3616 11330
f 11330 3616 3617 11332
f 11332 3617 3619 11335
f 11335 3619 3621 11337
f 11337 3621 3623 11340
f 11340 3623 3624 11342
f 11342 3624 3626 11345
f 11345 3626 3628 11347
f 11347 3628 3630 11350
f 11350 3630 3631 11352
f 11352 3631 3633 11355
f 11355 3633 3635 11357
f 11357 3635 3637 11360
f 11360 3637 3638 11362
f 11362 3638 3640 11365
f 11365 3640 3642 11367
f 11367 3642 3644 11370
f 11370 3644 3645 11372
f 11372 3645 3647 11375
f 11375 3647 3649 11377
f 11377 3649 3651 11380
f 11380 3651 3652 11382
f 11382 3652 3654 11385
f 11385 3654 3656 11387
f 11387 3656 3658 11390
f 11390 3658 3659 11392
f 11392 3659 3661 11395
f 11395 3661 3663 11397
f 11397 3663 3665 11400
f 11400 3665 3666 11402
f 11402 3666 3668 11405
f 11405 3668 3670 11407
f 11407 3670 3672 11410
f 11410 3672 3673 11412
f 11412 3673 3675 11415
f 11415 3675 3677 11417
f 11417 3677 3679 11421
f 11421 3679 3525 3523
