# all-quad mesh
v -0.3 -0.3 0
v -0.225 -0.294 0
v -0.146958333333 -0.146958333333 0
v -0.294 -0.225 0
v -0.15 -0.288 0
v -0.075 -0.294 0
v 0 -0.3 0
v 0 -0.15 0
v -0 0 0
v -0.15 0 0
v -0.3 0 0
v -0.294 -0.075 0
v -0.288 -0.15 0
v -0.146958333333 0.146958333333 0
v -0.294 0.075 0
v -0 0.15 0
v -0 0.3 0
v -0.075 0.294 0
v -0.15 0.288 0
v -0.225 0.294 0
v -0.3 0.3 0
v -0.294 0.225 0
v -0.288 0.15 0
v 0.075 -0.294 0
v 0.146958333333 -0.146958333333 0
v 0.15 -0.288 0
v 0.225 -0.294 0
v 0.3 -0.3 0
v 0.294 -0.225 0
v 0.288 -0.15 0
v 0.294 -0.075 0
v 0.3 0 0
v 0.15 0 0
v 0.146958333333 0.146958333333 0
v 0.294 0.075 0
v 0.288 0.15 0
v 0.294 0.225 0
v 0.3 0.3 0
v 0.225 0.294 0
v 0.15 0.288 0
v 0.075 0.294 0
v -1.2 -1.2 0
v -1.125 -1.2 0
v -1.125 -1.125 0
v -1.2 -1.125 0
v -1.05 -1.2 0
v -1.05 -1.125 0
v -1.05 -1.05 0
v -1.125 -1.05 0
v -1.2 -1.05 0
v -1.125 -0.975 0
v -1.2 -0.975 0
v -1.05 -0.975 0
v -1.05 -0.9 0
v -1.125 -0.9 0
v -1.2 -0.9 0
v -1.125 -0.825 0
v -1.2 -0.825 0
v -1.05 -0.825 0
v -1.05 -0.75 0
v -1.125 -0.75 0
v -1.2 -0.75 0
v -1.12648979592 -0.675 0
v -1.2 -0.675 0
v -1.053 -0.7125 0
v -1.056 -0.675 0
v -1.053 -0.6375 0
v -1.05 -0.6 0
v -1.125 -0.6 0
v -1.2 -0.6 0
v -1.12652083333 -0.526520833333 0
v -1.2 -0.525 0
v -1.053 -0.5625 0
v -1.056 -0.525 0
v -1.053 -0.4875 0
v -1.05 -0.45 0
v -1.0875 -0.453 0
v -1.125 -0.456 0
v -1.1625 -0.453 0
v -1.2 -0.45 0
v -1.2 0.45 0
v -1.1625 0.453 0
v -1.12652083333 0.526520833333 0
v -1.2 0.525 0
v -1.125 0.456 0
v -1.0875 0.453 0
v -1.05 0.45 0
v -1.053 0.4875 0
v -1.056 0.525 0
v -1.053 0.5625 0
v -1.05 0.6 0
v -1.125 0.6 0
v -1.2 0.6 0
v -1.12648979592 0.675 0
v -1.2 0.675 0
v -1.053 0.6375 0
v -1.056 0.675 0
v -1.053 0.7125 0
v -1.05 0.75 0
v -1.125 0.75 0
v -1.2 0.75 0
v -1.125 0.825 0
v -1.2 0.825 0
v -1.05 0.825 0
v -1.05 0.9 0
v -1.125 0.9 0
v -1.2 0.9 0
v -1.125 0.975 0
v -1.2 0.975 0
v -1.05 0.975 0
v -1.05 1.05 0
v -1.125 1.05 0
v -1.2 1.05 0
v -1.125 1.125 0
v -1.2 1.125 0
v -1.05 1.125 0
v -1.05 1.2 0
v -1.125 1.2 0
v -1.2 1.2 0
v -0.975 -1.2 0
v -0.975 -1.125 0
v -0.9 -1.2 0
v -0.9 -1.125 0
v -0.9 -1.05 0
v -0.975 -1.05 0
v -0.975 -0.975 0
v -0.9 -0.975 0
v -0.9 -0.9 0
v -0.975 -0.9 0
v -0.976520833333 -0.826520833333 0
v -0.903 -0.8625 0
v -0.906 -0.825 0
v -0.903 -0.7875 0
v -0.9 -0.75 0
v -0.9375 -0.753 0
v -0.975 -0.756 0
v -1.0125 -0.753 0
v -1.0125 0.753 0
v -0.976520833333 0.826520833333 0
v -0.975 0.756 0
v -0.9375 0.753 0
v -0.9 0.75 0
v -0.903 0.7875 0
v -0.906 0.825 0
v -0.903 0.8625 0
v -0.9 0.9 0
v -0.975 0.9 0
v -0.975 0.975 0
v -0.9 0.975 0
v -0.9 1.05 0
v -0.975 1.05 0
v -0.975 1.125 0
v -0.9 1.125 0
v -0.9 1.2 0
v -0.975 1.2 0
v -0.825 -1.2 0
v -0.825 -1.125 0
v -0.75 -1.2 0
v -0.75 -1.125 0
v -0.75 -1.05 0
v -0.825 -1.05 0
v -0.826520833333 -0.976520833333 0
v -0.753 -1.0125 0
v -0.756 -0.975 0
v -0.753 -0.9375 0
v -0.75 -0.9 0
v -0.7875 -0.903 0
v -0.825 -0.906 0
v -0.8625 -0.903 0
v -0.8625 0.903 0
v -0.826520833333 0.976520833333 0
v -0.825 0.906 0
v -0.7875 0.903 0
v -0.75 0.9 0
v -0.753 0.9375 0
v -0.756 0.975 0
v -0.753 1.0125 0
v -0.75 1.05 0
v -0.825 1.05 0
v -0.825 1.125 0
v -0.75 1.125 0
v -0.75 1.2 0
v -0.825 1.2 0
v -0.675 -1.2 0
v -0.675 -1.12648979592 0
v -0.6 -1.2 0
v -0.6 -1.125 0
v -0.6 -1.05 0
v -0.6375 -1.053 0
v -0.675 -1.056 0
v -0.7125 -1.053 0
v -0.75 -0.3 0
v -0.7125 -0.297 0
v -0.673479166667 -0.223479166667 0
v -0.747 -0.2625 0
v -0.675 -0.294 0
v -0.6375 -0.297 0
v -0.6 -0.3 0
v -0.6 -0.225 0
v -0.6 -0.15 0
v -0.675 -0.15 0
v -0.75 -0.15 0
v -0.747 -0.1875 0
v -0.744 -0.225 0
v -0.673510204082 -0.075 0
v -0.747 -0.1125 0
v -0.6 -0.075 0
v -0.6 0 0
v -0.675 0 0
v -0.75 0 0
v -0.747 -0.0375 0
v -0.744 -0.075 0
v -0.673510204082 0.075 0
v -0.747 0.0375 0
v -0.6 0.075 0
v -0.6 0.15 0
v -0.675 0.15 0
v -0.75 0.15 0
v -0.747 0.1125 0
v -0.744 0.075 0
v -0.673479166667 0.223479166667 0
v -0.747 0.1875 0
v -0.6 0.225 0
v -0.6 0.3 0
v -0.6375 0.297 0
v -0.675 0.294 0
v -0.7125 0.297 0
v -0.75 0.3 0
v -0.747 0.2625 0
v -0.744 0.225 0
v -0.7125 1.053 0
v -0.675 1.12648979592 0
v -0.675 1.056 0
v -0.6375 1.053 0
v -0.6 1.05 0
v -0.6 1.125 0
v -0.6 1.2 0
v -0.675 1.2 0
v -0.525 -1.2 0
v -0.526520833333 -1.12652083333 0
v -0.45 -1.2 0
v -0.453 -1.1625 0
v -0.456 -1.125 0
v -0.453 -1.0875 0
v -0.45 -1.05 0
v -0.4875 -1.053 0
v -0.525 -1.056 0
v -0.5625 -1.053 0
v -0.6 -0.6 0
v -0.5625 -0.597 0
v -0.523479166667 -0.523479166667 0
v -0.597 -0.5625 0
v -0.525 -0.594 0
v -0.4875 -0.597 0
v -0.45 -0.6 0
v -0.45 -0.525 0
v -0.45 -0.45 0
v -0.525 -0.45 0
v -0.6 -0.45 0
v -0.597 -0.4875 0
v -0.594 -0.525 0
v -0.523510204082 -0.375 0
v -0.597 -0.4125 0
v -0.45 -0.375 0
v -0.45 -0.3 0
v -0.525 -0.3 0
v -0.597 -0.3375 0
v -0.594 -0.375 0
v -0.525 -0.225 0
v -0.45 -0.225 0
v -0.45 -0.15 0
v -0.525 -0.15 0
v -0.525 -0.075 0
v -0.45 -0.075 0
v -0.45 0 0
v -0.525 0 0
v -0.525 0.075 0
v -0.45 0.075 0
v -0.45 0.15 0
v -0.525 0.15 0
v -0.525 0.225 0
v -0.45 0.225 0
v -0.45 0.3 0
v -0.525 0.3 0
v -0.523510204082 0.375 0
v -0.597 0.3375 0
v -0.45 0.375 0
v -0.45 0.45 0
v -0.525 0.45 0
v -0.6 0.45 0
v -0.597 0.4125 0
v -0.594 0.375 0
v -0.523479166667 0.523479166667 0
v -0.597 0.4875 0
v -0.45 0.525 0
v -0.45 0.6 0
v -0.4875 0.597 0
v -0.525 0.594 0
v -0.5625 0.597 0
v -0.6 0.6 0
v -0.597 0.5625 0
v -0.594 0.525 0
v -0.5625 1.053 0
v -0.526520833333 1.12652083333 0
v -0.525 1.056 0
v -0.4875 1.053 0
v -0.45 1.05 0
v -0.453 1.0875 0
v -0.456 1.125 0
v -0.453 1.1625 0
v -0.45 1.2 0
v -0.525 1.2 0
v -0.4125 -0.597 0
v -0.375 -0.523510204082 0
v -0.375 -0.594 0
v -0.3375 -0.597 0
v -0.3 -0.6 0
v -0.3 -0.525 0
v -0.3 -0.45 0
v -0.375 -0.45 0
v -0.375 -0.375 0
v -0.3 -0.375 0
v -0.375 -0.3 0
v -0.371961538462 -0.224038461538 0
v -0.369 -0.15 0
v -0.371961538462 -0.0759615384615 0
v -0.375 0 0
v -0.371961538462 0.0759615384615 0
v -0.369 0.15 0
v -0.371961538462 0.224038461538 0
v -0.375 0.3 0
v -0.375 0.375 0
v -0.3 0.375 0
v -0.3 0.45 0
v -0.375 0.45 0
v -0.375 0.523510204082 0
v -0.3 0.525 0
v -0.3 0.6 0
v -0.3375 0.597 0
v -0.375 0.594 0
v -0.4125 0.597 0
v -0.3 -0.75 0
v -0.2625 -0.747 0
v -0.223479166667 -0.673479166667 0
v -0.297 -0.7125 0
v -0.225 -0.744 0
v -0.1875 -0.747 0
v -0.15 -0.75 0
v -0.15 -0.675 0
v -0.15 -0.6 0
v -0.225 -0.6 0
v -0.297 -0.6375 0
v -0.294 -0.675 0
v -0.225 -0.525 0
v -0.15 -0.525 0
v -0.15 -0.45 0
v -0.225 -0.45 0
v -0.224038461538 -0.371961538462 0
v -0.15 -0.369 0
v -0.224038461538 0.371961538462 0
v -0.15 0.369 0
v -0.15 0.45 0
v -0.225 0.45 0
v -0.225 0.525 0
v -0.15 0.525 0
v -0.15 0.6 0
v -0.225 0.6 0
v -0.223479166667 0.673479166667 0
v -0.297 0.6375 0
v -0.15 0.675 0
v -0.15 0.75 0
v -0.1875 0.747 0
v -0.225 0.744 0
v -0.2625 0.747 0
v -0.3 0.75 0
v -0.297 0.7125 0
v -0.294 0.675 0
v -0.1125 -0.747 0
v -0.075 -0.673510204082 0
v -0.075 -0.744 0
v -0.0375 -0.747 0
v 0 -0.75 0
v 0 -0.675 0
v 0 -0.6 0
v -0.075 -0.6 0
v -0.075 -0.525 0
v 0 -0.525 0
v 0 -0.45 0
v -0.075 -0.45 0
v -0.0759615384615 -0.371961538462 0
v 0 -0.375 0
v -0.0759615384615 0.371961538462 0
v 0 0.375 0
v 0 0.45 0
v -0.075 0.45 0
v -0.075 0.525 0
v 0 0.525 0
v 0 0.6 0
v -0.075 0.6 0
v -0.075 0.673510204082 0
v 0 0.675 0
v 0 0.75 0
v -0.0375 0.747 0
v -0.075 0.744 0
v -0.1125 0.747 0
v 0.0375 -0.747 0
v 0.075 -0.673510204082 0
v 0.075 -0.744 0
v 0.1125 -0.747 0
v 0.15 -0.75 0
v 0.15 -0.675 0
v 0.15 -0.6 0
v 0.075 -0.6 0
v 0.075 -0.525 0
v 0.15 -0.525 0
v 0.15 -0.45 0
v 0.075 -0.45 0
v 0.0759615384615 -0.371961538462 0
v 0.15 -0.369 0
v 0.0759615384615 0.371961538462 0
v 0.15 0.369 0
v 0.15 0.45 0
v 0.075 0.45 0
v 0.075 0.525 0
v 0.15 0.525 0
v 0.15 0.6 0
v 0.075 0.6 0
v 0.075 0.673510204082 0
v 0.15 0.675 0
v 0.15 0.75 0
v 0.1125 0.747 0
v 0.075 0.744 0
v 0.0375 0.747 0
v 0.1875 -0.747 0
v 0.223479166667 -0.673479166667 0
v 0.225 -0.744 0
v 0.2625 -0.747 0
v 0.3 -0.75 0
v 0.297 -0.7125 0
v 0.294 -0.675 0
v 0.297 -0.6375 0
v 0.3 -0.6 0
v 0.225 -0.6 0
v 0.225 -0.525 0
v 0.3 -0.525 0
v 0.3 -0.45 0
v 0.225 -0.45 0
v 0.224038461538 -0.371961538462 0
v 0.3 -0.375 0
v 0.224038461538 0.371961538462 0
v 0.3 0.375 0
v 0.3 0.45 0
v 0.225 0.45 0
v 0.225 0.525 0
v 0.3 0.525 0
v 0.3 0.6 0
v 0.225 0.6 0
v 0.223479166667 0.673479166667 0
v 0.297 0.6375 0
v 0.294 0.675 0
v 0.297 0.7125 0
v 0.3 0.75 0
v 0.2625 0.747 0
v 0.225 0.744 0
v 0.1875 0.747 0
v 0.3375 -0.597 0
v 0.375 -0.523510204082 0
v 0.375 -0.594 0
v 0.4125 -0.597 0
v 0.45 -0.6 0
v 0.45 -0.525 0
v 0.45 -0.45 0
v 0.375 -0.45 0
v 0.375 -0.375 0
v 0.45 -0.375 0
v 0.45 -0.3 0
v 0.375 -0.3 0
v 0.371961538462 -0.224038461538 0
v 0.45 -0.225 0
v 0.45 -0.15 0
v 0.369 -0.15 0
v 0.371961538462 -0.0759615384615 0
v 0.45 -0.075 0
v 0.45 0 0
v 0.375 0 0
v 0.371961538462 0.0759615384615 0
v 0.45 0.075 0
v 0.45 0.15 0
v 0.369 0.15 0
v 0.371961538462 0.224038461538 0
v 0.45 0.225 0
v 0.45 0.3 0
v 0.375 0.3 0
v 0.375 0.375 0
v 0.45 0.375 0
v 0.45 0.45 0
v 0.375 0.45 0
v 0.375 0.523510204082 0
v 0.45 0.525 0
v 0.45 0.6 0
v 0.4125 0.597 0
v 0.375 0.594 0
v 0.3375 0.597 0
v 0.45 -1.2 0
v 0.525 -1.2 0
v 0.526520833333 -1.12652083333 0
v 0.453 -1.1625 0
v 0.6 -1.2 0
v 0.6 -1.125 0
v 0.6 -1.05 0
v 0.5625 -1.053 0
v 0.525 -1.056 0
v 0.4875 -1.053 0
v 0.45 -1.05 0
v 0.453 -1.0875 0
v 0.456 -1.125 0
v 0.4875 -0.597 0
v 0.523479166667 -0.523479166667 0
v 0.525 -0.594 0
v 0.5625 -0.597 0
v 0.6 -0.6 0
v 0.597 -0.5625 0
v 0.594 -0.525 0
v 0.597 -0.4875 0
v 0.6 -0.45 0
v 0.525 -0.45 0
v 0.523510204082 -0.375 0
v 0.597 -0.4125 0
v 0.594 -0.375 0
v 0.597 -0.3375 0
v 0.6 -0.3 0
v 0.525 -0.3 0
v 0.525 -0.225 0
v 0.6 -0.225 0
v 0.6 -0.15 0
v 0.525 -0.15 0
v 0.525 -0.075 0
v 0.6 -0.075 0
v 0.6 0 0
v 0.525 0 0
v 0.525 0.075 0
v 0.6 0.075 0
v 0.6 0.15 0
v 0.525 0.15 0
v 0.525 0.225 0
v 0.6 0.225 0
v 0.6 0.3 0
v 0.525 0.3 0
v 0.523510204082 0.375 0
v 0.597 0.3375 0
v 0.594 0.375 0
v 0.597 0.4125 0
v 0.6 0.45 0
v 0.525 0.45 0
v 0.523479166667 0.523479166667 0
v 0.597 0.4875 0
v 0.594 0.525 0
v 0.597 0.5625 0
v 0.6 0.6 0
v 0.5625 0.597 0
v 0.525 0.594 0
v 0.4875 0.597 0
v 0.45 1.05 0
v 0.4875 1.053 0
v 0.526520833333 1.12652083333 0
v 0.453 1.0875 0
v 0.525 1.056 0
v 0.5625 1.053 0
v 0.6 1.05 0
v 0.6 1.125 0
v 0.6 1.2 0
v 0.525 1.2 0
v 0.45 1.2 0
v 0.453 1.1625 0
v 0.456 1.125 0
v 0.675 -1.2 0
v 0.675 -1.12648979592 0
v 0.75 -1.2 0
v 0.75 -1.125 0
v 0.75 -1.05 0
v 0.7125 -1.053 0
v 0.675 -1.056 0
v 0.6375 -1.053 0
v 0.6375 -0.297 0
v 0.673479166667 -0.223479166667 0
v 0.675 -0.294 0
v 0.7125 -0.297 0
v 0.75 -0.3 0
v 0.747 -0.2625 0
v 0.744 -0.225 0
v 0.747 -0.1875 0
v 0.75 -0.15 0
v 0.675 -0.15 0
v 0.673510204082 -0.075 0
v 0.747 -0.1125 0
v 0.744 -0.075 0
v 0.747 -0.0375 0
v 0.75 0 0
v 0.675 0 0
v 0.673510204082 0.075 0
v 0.747 0.0375 0
v 0.744 0.075 0
v 0.747 0.1125 0
v 0.75 0.15 0
v 0.675 0.15 0
v 0.673479166667 0.223479166667 0
v 0.747 0.1875 0
v 0.744 0.225 0
v 0.747 0.2625 0
v 0.75 0.3 0
v 0.7125 0.297 0
v 0.675 0.294 0
v 0.6375 0.297 0
v 0.6375 1.053 0
v 0.675 1.12648979592 0
v 0.675 1.056 0
v 0.7125 1.053 0
v 0.75 1.05 0
v 0.75 1.125 0
v 0.75 1.2 0
v 0.675 1.2 0
v 0.825 -1.2 0
v 0.825 -1.125 0
v 0.9 -1.2 0
v 0.9 -1.125 0
v 0.9 -1.05 0
v 0.825 -1.05 0
v 0.826520833333 -0.976520833333 0
v 0.753 -1.0125 0
v 0.9 -0.975 0
v 0.9 -0.9 0
v 0.8625 -0.903 0
v 0.825 -0.906 0
v 0.7875 -0.903 0
v 0.75 -0.9 0
v 0.753 -0.9375 0
v 0.756 -0.975 0
v 0.75 0.9 0
v 0.7875 0.903 0
v 0.826520833333 0.976520833333 0
v 0.753 0.9375 0
v 0.825 0.906 0
v 0.8625 0.903 0
v 0.9 0.9 0
v 0.9 0.975 0
v 0.9 1.05 0
v 0.825 1.05 0
v 0.753 1.0125 0
v 0.756 0.975 0
v 0.825 1.125 0
v 0.9 1.125 0
v 0.9 1.2 0
v 0.825 1.2 0
v 0.975 -1.2 0
v 0.975 -1.125 0
v 1.05 -1.2 0
v 1.05 -1.125 0
v 1.05 -1.05 0
v 0.975 -1.05 0
v 0.975 -0.975 0
v 1.05 -0.975 0
v 1.05 -0.9 0
v 0.975 -0.9 0
v 0.976520833333 -0.826520833333 0
v 0.903 -0.8625 0
v 1.05 -0.825 0
v 1.05 -0.75 0
v 1.0125 -0.753 0
v 0.975 -0.756 0
v 0.9375 -0.753 0
v 0.9 -0.75 0
v 0.903 -0.7875 0
v 0.906 -0.825 0
v 0.9 0.75 0
v 0.9375 0.753 0
v 0.976520833333 0.826520833333 0
v 0.903 0.7875 0
v 0.975 0.756 0
v 1.0125 0.753 0
v 1.05 0.75 0
v 1.05 0.825 0
v 1.05 0.9 0
v 0.975 0.9 0
v 0.903 0.8625 0
v 0.906 0.825 0
v 0.975 0.975 0
v 1.05 0.975 0
v 1.05 1.05 0
v 0.975 1.05 0
v 0.975 1.125 0
v 1.05 1.125 0
v 1.05 1.2 0
v 0.975 1.2 0
v 1.125 -1.2 0
v 1.125 -1.125 0
v 1.2 -1.2 0
v 1.2 -1.125 0
v 1.2 -1.05 0
v 1.125 -1.05 0
v 1.125 -0.975 0
v 1.2 -0.975 0
v 1.2 -0.9 0
v 1.125 -0.9 0
v 1.125 -0.825 0
v 1.2 -0.825 0
v 1.2 -0.75 0
v 1.125 -0.75 0
v 1.12648979592 -0.675 0
v 1.053 -0.7125 0
v 1.2 -0.675 0
v 1.2 -0.6 0
v 1.125 -0.6 0
v 1.05 -0.6 0
v 1.053 -0.6375 0
v 1.056 -0.675 0
v 1.12652083333 -0.526520833333 0
v 1.053 -0.5625 0
v 1.2 -0.525 0
v 1.2 -0.45 0
v 1.1625 -0.453 0
v 1.125 -0.456 0
v 1.0875 -0.453 0
v 1.05 -0.45 0
v 1.053 -0.4875 0
v 1.056 -0.525 0
v 1.05 0.45 0
v 1.0875 0.453 0
v 1.12652083333 0.526520833333 0
v 1.053 0.4875 0
v 1.125 0.456 0
v 1.1625 0.453 0
v 1.2 0.45 0
v 1.2 0.525 0
v 1.2 0.6 0
v 1.125 0.6 0
v 1.05 0.6 0
v 1.053 0.5625 0
v 1.056 0.525 0
v 1.12648979592 0.675 0
v 1.053 0.6375 0
v 1.2 0.675 0
v 1.2 0.75 0
v 1.125 0.75 0
v 1.053 0.7125 0
v 1.056 0.675 0
v 1.125 0.825 0
v 1.2 0.825 0
v 1.2 0.9 0
v 1.125 0.9 0
v 1.125 0.975 0
v 1.2 0.975 0
v 1.2 1.05 0
v 1.125 1.05 0
v 1.125 1.125 0
v 1.2 1.125 0
v 1.2 1.2 0
v 1.125 1.2 0
v -1.16201923077 -0.414019230769 0
v -1.2 -0.4125 0
v -1.125 -0.4155 0
v -1.125 -0.375 0
v -1.1625 -0.375 0
v -1.2 -0.375 0
v -1.1625 -0.3375 0
v -1.2 -0.3375 0
v -1.125 -0.3375 0
v -1.125 -0.3 0
v -1.1625 -0.3 0
v -1.2 -0.3 0
v -1.1625 -0.2625 0
v -1.2 -0.2625 0
v -1.125 -0.2625 0
v -1.125 -0.225 0
v -1.1625 -0.225 0
v -1.2 -0.225 0
v -1.1625 -0.1875 0
v -1.2 -0.1875 0
v -1.125 -0.1875 0
v -1.125 -0.15 0
v -1.1625 -0.15 0
v -1.2 -0.15 0
v -1.1625 -0.1125 0
v -1.2 -0.1125 0
v -1.125 -0.1125 0
v -1.125 -0.075 0
v -1.1625 -0.075 0
v -1.2 -0.075 0
v -1.1625 -0.0375 0
v -1.2 -0.0375 0
v -1.125 -0.0375 0
v -1.125 0 0
v -1.1625 0 0
v -1.2 0 0
v -1.1625 0.0375 0
v -1.2 0.0375 0
v -1.125 0.0375 0
v -1.125 0.075 0
v -1.1625 0.075 0
v -1.2 0.075 0
v -1.1625 0.1125 0
v -1.2 0.1125 0
v -1.125 0.1125 0
v -1.125 0.15 0
v -1.1625 0.15 0
v -1.2 0.15 0
v -1.1625 0.1875 0
v -1.2 0.1875 0
v -1.125 0.1875 0
v -1.125 0.225 0
v -1.1625 0.225 0
v -1.2 0.225 0
v -1.1625 0.2625 0
v -1.2 0.2625 0
v -1.125 0.2625 0
v -1.125 0.3 0
v -1.1625 0.3 0
v -1.2 0.3 0
v -1.1625 0.3375 0
v -1.2 0.3375 0
v -1.125 0.3375 0
v -1.125 0.375 0
v -1.1625 0.375 0
v -1.2 0.375 0
v -1.16201923077 0.414019230769 0
v -1.2 0.4125 0
v -1.125 0.4155 0
v -1.08798076923 -0.414019230769 0
v -1.05 -0.4125 0
v -1.05 -0.375 0
v -1.0875 -0.375 0
v -1.08824489796 -0.3375 0
v -1.0515 -0.35625 0
v -1.053 -0.3375 0
v -1.0515 -0.31875 0
v -1.05 -0.3 0
v -1.0875 -0.3 0
v -1.08824489796 -0.2625 0
v -1.0515 -0.28125 0
v -1.053 -0.2625 0
v -1.0515 -0.24375 0
v -1.05 -0.225 0
v -1.0875 -0.225 0
v -1.08824489796 -0.1875 0
v -1.0515 -0.20625 0
v -1.053 -0.1875 0
v -1.0515 -0.16875 0
v -1.05 -0.15 0
v -1.0875 -0.15 0
v -1.08824489796 -0.1125 0
v -1.0515 -0.13125 0
v -1.053 -0.1125 0
v -1.0515 -0.09375 0
v -1.05 -0.075 0
v -1.0875 -0.075 0
v -1.08824489796 -0.0375 0
v -1.0515 -0.05625 0
v -1.053 -0.0375 0
v -1.0515 -0.01875 0
v -1.05 0 0
v -1.0875 0 0
v -1.08824489796 0.0375 0
v -1.0515 0.01875 0
v -1.053 0.0375 0
v -1.0515 0.05625 0
v -1.05 0.075 0
v -1.0875 0.075 0
v -1.08824489796 0.1125 0
v -1.0515 0.09375 0
v -1.053 0.1125 0
v -1.0515 0.13125 0
v -1.05 0.15 0
v -1.0875 0.15 0
v -1.08824489796 0.1875 0
v -1.0515 0.16875 0
v -1.053 0.1875 0
v -1.0515 0.20625 0
v -1.05 0.225 0
v -1.0875 0.225 0
v -1.08824489796 0.2625 0
v -1.0515 0.24375 0
v -1.053 0.2625 0
v -1.0515 0.28125 0
v -1.05 0.3 0
v -1.0875 0.3 0
v -1.08824489796 0.3375 0
v -1.0515 0.31875 0
v -1.053 0.3375 0
v -1.0515 0.35625 0
v -1.05 0.375 0
v -1.0875 0.375 0
v -1.08798076923 0.414019230769 0
v -1.05 0.4125 0
v -1.0135 -0.7135 0
v -0.975 -0.7155 0
v -0.975 -0.675 0
v -1.0155 -0.675 0
v -1.01401923077 -0.637980769231 0
v -0.975 -0.6375 0
v -0.975 -0.6 0
v -1.0125 -0.6 0
v -1.01401923077 -0.562019230769 0
v -0.975 -0.5625 0
v -0.975 -0.525 0
v -1.0155 -0.525 0
v -1.01476470588 -0.487990196078 0
v -0.9765 -0.50625 0
v -0.978 -0.4875 0
v -0.9765 -0.46875 0
v -0.975 -0.45 0
v -1.0125 -0.45 0
v -1.01326041667 -0.413260416667 0
v -0.9765 -0.43125 0
v -0.978 -0.4125 0
v -0.9765 -0.39375 0
v -0.975 -0.375 0
v -0.99375 -0.3765 0
v -1.0125 -0.378 0
v -1.03125 -0.3765 0
v -1.03125 0.3765 0
v -1.01326041667 0.413260416667 0
v -1.0125 0.378 0
v -0.99375 0.3765 0
v -0.975 0.375 0
v -0.9765 0.39375 0
v -0.978 0.4125 0
v -0.9765 0.43125 0
v -0.975 0.45 0
v -1.0125 0.45 0
v -1.01476470588 0.487990196078 0
v -0.9765 0.46875 0
v -0.978 0.4875 0
v -0.9765 0.50625 0
v -0.975 0.525 0
v -1.0155 0.525 0
v -1.01401923077 0.562019230769 0
v -0.975 0.5625 0
v -0.975 0.6 0
v -1.0125 0.6 0
v -1.01401923077 0.637980769231 0
v -0.975 0.6375 0
v -0.975 0.675 0
v -1.0155 0.675 0
v -1.0135 0.7135 0
v -0.975 0.7155 0
v -0.937980769231 -0.714019230769 0
v -0.9 -0.7125 0
v -0.9 -0.675 0
v -0.9375 -0.675 0
v -0.938244897959 -0.6375 0
v -0.9015 -0.65625 0
v -0.903 -0.6375 0
v -0.9015 -0.61875 0
v -0.9 -0.6 0
v -0.9375 -0.6 0
v -0.938260416667 -0.563260416667 0
v -0.9015 -0.58125 0
v -0.903 -0.5625 0
v -0.9015 -0.54375 0
v -0.9 -0.525 0
v -0.91875 -0.5265 0
v -0.9375 -0.528 0
v -0.95625 -0.5265 0
v -0.95625 0.5265 0
v -0.938260416667 0.563260416667 0
v -0.9375 0.528 0
v -0.91875 0.5265 0
v -0.9 0.525 0
v -0.9015 0.54375 0
v -0.903 0.5625 0
v -0.9015 0.58125 0
v -0.9 0.6 0
v -0.9375 0.6 0
v -0.938244897959 0.6375 0
v -0.9015 0.61875 0
v -0.903 0.6375 0
v -0.9015 0.65625 0
v -0.9 0.675 0
v -0.9375 0.675 0
v -0.937980769231 0.714019230769 0
v -0.9 0.7125 0
v -0.8635 -0.8635 0
v -0.825 -0.8655 0
v -0.825 -0.825 0
v -0.8655 -0.825 0
v -0.864019230769 -0.787980769231 0
v -0.825 -0.7875 0
v -0.825 -0.75 0
v -0.8625 -0.75 0
v -0.863260416667 -0.713260416667 0
v -0.8265 -0.73125 0
v -0.828 -0.7125 0
v -0.8265 -0.69375 0
v -0.825 -0.675 0
v -0.84375 -0.6765 0
v -0.8625 -0.678 0
v -0.88125 -0.6765 0
v -0.9 -0.3 0
v -0.88125 -0.2985 0
v -0.861739583333 -0.261739583333 0
v -0.8985 -0.28125 0
v -0.8625 -0.297 0
v -0.84375 -0.2985 0
v -0.825 -0.3 0
v -0.825 -0.2625 0
v -0.825 -0.225 0
v -0.8625 -0.225 0
v -0.9 -0.225 0
v -0.8985 -0.24375 0
v -0.897 -0.2625 0
v -0.861755102041 -0.1875 0
v -0.8985 -0.20625 0
v -0.825 -0.1875 0
v -0.825 -0.15 0
v -0.8625 -0.15 0
v -0.9 -0.15 0
v -0.8985 -0.16875 0
v -0.897 -0.1875 0
v -0.861755102041 -0.1125 0
v -0.8985 -0.13125 0
v -0.825 -0.1125 0
v -0.825 -0.075 0
v -0.8625 -0.075 0
v -0.9 -0.075 0
v -0.8985 -0.09375 0
v -0.897 -0.1125 0
v -0.861755102041 -0.0375 0
v -0.8985 -0.05625 0
v -0.825 -0.0375 0
v -0.825 0 0
v -0.8625 0 0
v -0.9 0 0
v -0.8985 -0.01875 0
v -0.897 -0.0375 0
v -0.861755102041 0.0375 0
v -0.8985 0.01875 0
v -0.825 0.0375 0
v -0.825 0.075 0
v -0.8625 0.075 0
v -0.9 0.075 0
v -0.8985 0.05625 0
v -0.897 0.0375 0
v -0.861755102041 0.1125 0
v -0.8985 0.09375 0
v -0.825 0.1125 0
v -0.825 0.15 0
v -0.8625 0.15 0
v -0.9 0.15 0
v -0.8985 0.13125 0
v -0.897 0.1125 0
v -0.861755102041 0.1875 0
v -0.8985 0.16875 0
v -0.825 0.1875 0
v -0.825 0.225 0
v -0.8625 0.225 0
v -0.9 0.225 0
v -0.8985 0.20625 0
v -0.897 0.1875 0
v -0.861739583333 0.261739583333 0
v -0.8985 0.24375 0
v -0.825 0.2625 0
v -0.825 0.3 0
v -0.84375 0.2985 0
v -0.8625 0.297 0
v -0.88125 0.2985 0
v -0.9 0.3 0
v -0.8985 0.28125 0
v -0.897 0.2625 0
v -0.88125 0.6765 0
v -0.863260416667 0.713260416667 0
v -0.8625 0.678 0
v -0.84375 0.6765 0
v -0.825 0.675 0
v -0.8265 0.69375 0
v -0.828 0.7125 0
v -0.8265 0.73125 0
v -0.825 0.75 0
v -0.8625 0.75 0
v -0.864019230769 0.787980769231 0
v -0.825 0.7875 0
v -0.825 0.825 0
v -0.8655 0.825 0
v -0.8635 0.8635 0
v -0.825 0.8655 0
v -0.787980769231 -0.864019230769 0
v -0.75 -0.8625 0
v -0.75 -0.825 0
v -0.7875 -0.825 0
v -0.788260416667 -0.788260416667 0
v -0.7515 -0.80625 0
v -0.753 -0.7875 0
v -0.7515 -0.76875 0
v -0.75 -0.75 0
v -0.76875 -0.7515 0
v -0.7875 -0.753 0
v -0.80625 -0.7515 0
v -0.825 -0.45 0
v -0.80625 -0.4485 0
v -0.786739583333 -0.411739583333 0
v -0.8235 -0.43125 0
v -0.7875 -0.447 0
v -0.76875 -0.4485 0
v -0.75 -0.45 0
v -0.75 -0.4125 0
v -0.75 -0.375 0
v -0.7875 -0.375 0
v -0.825 -0.375 0
v -0.8235 -0.39375 0
v -0.822 -0.4125 0
v -0.786755102041 -0.3375 0
v -0.8235 -0.35625 0
v -0.75 -0.3375 0
v -0.7875 -0.3 0
v -0.8235 -0.31875 0
v -0.822 -0.3375 0
v -0.785980769231 -0.262019230769 0
v -0.7845 -0.225 0
v -0.785980769231 -0.187980769231 0
v -0.7875 -0.15 0
v -0.785980769231 -0.112019230769 0
v -0.7845 -0.075 0
v -0.785980769231 -0.0379807692308 0
v -0.7875 0 0
v -0.785980769231 0.0379807692308 0
v -0.7845 0.075 0
v -0.785980769231 0.112019230769 0
v -0.7875 0.15 0
v -0.785980769231 0.187980769231 0
v -0.7845 0.225 0
v -0.785980769231 0.262019230769 0
v -0.7875 0.3 0
v -0.786755102041 0.3375 0
v -0.8235 0.31875 0
v -0.75 0.3375 0
v -0.75 0.375 0
v -0.7875 0.375 0
v -0.825 0.375 0
v -0.8235 0.35625 0
v -0.822 0.3375 0
v -0.786739583333 0.411739583333 0
v -0.8235 0.39375 0
v -0.75 0.4125 0
v -0.75 0.45 0
v -0.76875 0.4485 0
v -0.7875 0.447 0
v -0.80625 0.4485 0
v -0.825 0.45 0
v -0.8235 0.43125 0
v -0.822 0.4125 0
v -0.80625 0.7515 0
v -0.788260416667 0.788260416667 0
v -0.7875 0.753 0
v -0.76875 0.7515 0
v -0.75 0.75 0
v -0.7515 0.76875 0
v -0.753 0.7875 0
v -0.7515 0.80625 0
v -0.75 0.825 0
v -0.7875 0.825 0
v -0.787980769231 0.864019230769 0
v -0.75 0.8625 0
v -0.7135 -1.0135 0
v -0.675 -1.0155 0
v -0.675 -0.975 0
v -0.7155 -0.975 0
v -0.714019230769 -0.937980769231 0
v -0.675 -0.9375 0
v -0.675 -0.9 0
v -0.7125 -0.9 0
v -0.713260416667 -0.863260416667 0
v -0.6765 -0.88125 0
v -0.678 -0.8625 0
v -0.6765 -0.84375 0
v -0.675 -0.825 0
v -0.69375 -0.8265 0
v -0.7125 -0.828 0
v -0.73125 -0.8265 0
v -0.75 -0.525 0
v -0.73125 -0.5235 0
v -0.711739583333 -0.486739583333 0
v -0.7485 -0.50625 0
v -0.7125 -0.522 0
v -0.69375 -0.5235 0
v -0.675 -0.525 0
v -0.675 -0.4875 0
v -0.675 -0.45 0
v -0.7125 -0.45 0
v -0.7485 -0.46875 0
v -0.747 -0.4875 0
v -0.7125 -0.4125 0
v -0.675 -0.4125 0
v -0.675 -0.375 0
v -0.7125 -0.375 0
v -0.712019230769 -0.335980769231 0
v -0.675 -0.3345 0
v -0.712019230769 0.335980769231 0
v -0.675 0.3345 0
v -0.675 0.375 0
v -0.7125 0.375 0
v -0.7125 0.4125 0
v -0.675 0.4125 0
v -0.675 0.45 0
v -0.7125 0.45 0
v -0.711739583333 0.486739583333 0
v -0.7485 0.46875 0
v -0.675 0.4875 0
v -0.675 0.525 0
v -0.69375 0.5235 0
v -0.7125 0.522 0
v -0.73125 0.5235 0
v -0.75 0.525 0
v -0.7485 0.50625 0
v -0.747 0.4875 0
v -0.73125 0.8265 0
v -0.713260416667 0.863260416667 0
v -0.7125 0.828 0
v -0.69375 0.8265 0
v -0.675 0.825 0
v -0.6765 0.84375 0
v -0.678 0.8625 0
v -0.6765 0.88125 0
v -0.675 0.9 0
v -0.7125 0.9 0
v -0.714019230769 0.937980769231 0
v -0.675 0.9375 0
v -0.675 0.975 0
v -0.7155 0.975 0
v -0.7135 1.0135 0
v -0.675 1.0155 0
v -0.637980769231 -1.01401923077 0
v -0.6 -1.0125 0
v -0.6 -0.975 0
v -0.6375 -0.975 0
v -0.6375 -0.938244897959 0
v -0.6 -0.9375 0
v -0.6 -0.9 0
v -0.61875 -0.9015 0
v -0.6375 -0.903 0
v -0.65625 -0.9015 0
v -0.675 -0.675 0
v -0.65625 -0.6735 0
v -0.636739583333 -0.636739583333 0
v -0.6735 -0.65625 0
v -0.6375 -0.672 0
v -0.61875 -0.6735 0
v -0.6 -0.675 0
v -0.6 -0.6375 0
v -0.6375 -0.6 0
v -0.675 -0.6 0
v -0.6735 -0.61875 0
v -0.672 -0.6375 0
v -0.635235294118 -0.562009803922 0
v -0.6735 -0.58125 0
v -0.6345 -0.525 0
v -0.6735 -0.54375 0
v -0.672 -0.5625 0
v -0.635980769231 -0.487980769231 0
v -0.6375 -0.45 0
v -0.635980769231 -0.412019230769 0
v -0.6345 -0.375 0
v -0.6365 -0.3365 0
v -0.6365 0.3365 0
v -0.6345 0.375 0
v -0.635980769231 0.412019230769 0
v -0.6375 0.45 0
v -0.635980769231 0.487980769231 0
v -0.6345 0.525 0
v -0.635235294118 0.562009803922 0
v -0.6735 0.54375 0
v -0.6375 0.6 0
v -0.675 0.6 0
v -0.6735 0.58125 0
v -0.672 0.5625 0
v -0.636739583333 0.636739583333 0
v -0.6735 0.61875 0
v -0.6 0.6375 0
v -0.6 0.675 0
v -0.61875 0.6735 0
v -0.6375 0.672 0
v -0.65625 0.6735 0
v -0.675 0.675 0
v -0.6735 0.65625 0
v -0.672 0.6375 0
v -0.65625 0.9015 0
v -0.6375 0.938244897959 0
v -0.6375 0.903 0
v -0.61875 0.9015 0
v -0.6 0.9 0
v -0.6 0.9375 0
v -0.6 0.975 0
v -0.6375 0.975 0
v -0.637980769231 1.01401923077 0
v -0.6 1.0125 0
v -0.562019230769 -1.01401923077 0
v -0.525 -1.0155 0
v -0.525 -0.975 0
v -0.5625 -0.975 0
v -0.563260416667 -0.938260416667 0
v -0.5265 -0.95625 0
v -0.528 -0.9375 0
v -0.5265 -0.91875 0
v -0.525 -0.9 0
v -0.54375 -0.9015 0
v -0.5625 -0.903 0
v -0.58125 -0.9015 0
v -0.58125 -0.6735 0
v -0.562009803922 -0.635235294118 0
v -0.5625 -0.672 0
v -0.54375 -0.6735 0
v -0.525 -0.675 0
v -0.525 -0.6345 0
v -0.562009803922 0.635235294118 0
v -0.525 0.6345 0
v -0.525 0.675 0
v -0.54375 0.6735 0
v -0.5625 0.672 0
v -0.58125 0.6735 0
v -0.58125 0.9015 0
v -0.563260416667 0.938260416667 0
v -0.5625 0.903 0
v -0.54375 0.9015 0
v -0.525 0.9 0
v -0.5265 0.91875 0
v -0.528 0.9375 0
v -0.5265 0.95625 0
v -0.525 0.975 0
v -0.5625 0.975 0
v -0.562019230769 1.01401923077 0
v -0.525 1.0155 0
v -0.487990196078 -1.01476470588 0
v -0.45 -1.0125 0
v -0.45 -0.975 0
v -0.46875 -0.9765 0
v -0.4875 -0.978 0
v -0.50625 -0.9765 0
v -0.525 -0.75 0
v -0.50625 -0.7485 0
v -0.486739583333 -0.711739583333 0
v -0.5235 -0.73125 0
v -0.4875 -0.747 0
v -0.46875 -0.7485 0
v -0.45 -0.75 0
v -0.45 -0.7125 0
v -0.45 -0.675 0
v -0.4875 -0.675 0
v -0.5235 -0.69375 0
v -0.522 -0.7125 0
v -0.487980769231 -0.635980769231 0
v -0.45 -0.6375 0
v -0.487980769231 0.635980769231 0
v -0.45 0.6375 0
v -0.45 0.675 0
v -0.4875 0.675 0
v -0.486739583333 0.711739583333 0
v -0.5235 0.69375 0
v -0.45 0.7125 0
v -0.45 0.75 0
v -0.46875 0.7485 0
v -0.4875 0.747 0
v -0.50625 0.7485 0
v -0.525 0.75 0
v -0.5235 0.73125 0
v -0.522 0.7125 0
v -0.50625 0.9765 0
v -0.487990196078 1.01476470588 0
v -0.4875 0.978 0
v -0.46875 0.9765 0
v -0.45 0.975 0
v -0.45 1.0125 0
v -0.4125 -1.2 0
v -0.414019230769 -1.16201923077 0
v -0.375 -1.2 0
v -0.375 -1.1625 0
v -0.375 -1.125 0
v -0.4155 -1.125 0
v -0.414019230769 -1.08798076923 0
v -0.375 -1.0875 0
v -0.375 -1.05 0
v -0.4125 -1.05 0
v -0.413260416667 -1.01326041667 0
v -0.3765 -1.03125 0
v -0.378 -1.0125 0
v -0.3765 -0.99375 0
v -0.375 -0.975 0
v -0.39375 -0.9765 0
v -0.4125 -0.978 0
v -0.43125 -0.9765 0
v -0.45 -0.825 0
v -0.43125 -0.8235 0
v -0.411739583333 -0.786739583333 0
v -0.4485 -0.80625 0
v -0.4125 -0.822 0
v -0.39375 -0.8235 0
v -0.375 -0.825 0
v -0.375 -0.7875 0
v -0.375 -0.75 0
v -0.4125 -0.75 0
v -0.4485 -0.76875 0
v -0.447 -0.7875 0
v -0.4125 -0.7125 0
v -0.375 -0.7125 0
v -0.375 -0.675 0
v -0.4125 -0.675 0
v -0.412019230769 -0.635980769231 0
v -0.375 -0.6345 0
v -0.412019230769 0.635980769231 0
v -0.375 0.6345 0
v -0.375 0.675 0
v -0.4125 0.675 0
v -0.4125 0.7125 0
v -0.375 0.7125 0
v -0.375 0.75 0
v -0.4125 0.75 0
v -0.411739583333 0.786739583333 0
v -0.4485 0.76875 0
v -0.375 0.7875 0
v -0.375 0.825 0
v -0.39375 0.8235 0
v -0.4125 0.822 0
v -0.43125 0.8235 0
v -0.45 0.825 0
v -0.4485 0.80625 0
v -0.447 0.7875 0
v -0.43125 0.9765 0
v -0.413260416667 1.01326041667 0
v -0.4125 0.978 0
v -0.39375 0.9765 0
v -0.375 0.975 0
v -0.3765 0.99375 0
v -0.378 1.0125 0
v -0.3765 1.03125 0
v -0.375 1.05 0
v -0.4125 1.05 0
v -0.414019230769 1.08798076923 0
v -0.375 1.0875 0
v -0.375 1.125 0
v -0.4155 1.125 0
v -0.414019230769 1.16201923077 0
v -0.375 1.1625 0
v -0.375 1.2 0
v -0.4125 1.2 0
v -0.3375 -1.2 0
v -0.3375 -1.1625 0
v -0.3 -1.2 0
v -0.3 -1.1625 0
v -0.3 -1.125 0
v -0.3375 -1.125 0
v -0.3375 -1.08824489796 0
v -0.3 -1.0875 0
v -0.3 -1.05 0
v -0.31875 -1.0515 0
v -0.3375 -1.053 0
v -0.35625 -1.0515 0
v -0.35625 -0.8235 0
v -0.3375 -0.786755102041 0
v -0.3375 -0.822 0
v -0.31875 -0.8235 0
v -0.3 -0.825 0
v -0.3 -0.7875 0
v -0.3375 -0.75 0
v -0.335980769231 -0.712019230769 0
v -0.3345 -0.675 0
v -0.3365 -0.6365 0
v -0.3365 0.6365 0
v -0.3345 0.675 0
v -0.335980769231 0.712019230769 0
v -0.3375 0.75 0
v -0.3375 0.786755102041 0
v -0.3 0.7875 0
v -0.3 0.825 0
v -0.31875 0.8235 0
v -0.3375 0.822 0
v -0.35625 0.8235 0
v -0.35625 1.0515 0
v -0.3375 1.08824489796 0
v -0.3375 1.053 0
v -0.31875 1.0515 0
v -0.3 1.05 0
v -0.3 1.0875 0
v -0.3 1.125 0
v -0.3375 1.125 0
v -0.3375 1.1625 0
v -0.3 1.1625 0
v -0.3 1.2 0
v -0.3375 1.2 0
v -0.2625 -1.2 0
v -0.2625 -1.1625 0
v -0.225 -1.2 0
v -0.225 -1.1625 0
v -0.225 -1.125 0
v -0.2625 -1.125 0
v -0.2625 -1.08824489796 0
v -0.225 -1.0875 0
v -0.225 -1.05 0
v -0.24375 -1.0515 0
v -0.2625 -1.053 0
v -0.28125 -1.0515 0
v -0.3 -0.9 0
v -0.28125 -0.8985 0
v -0.261739583333 -0.861739583333 0
v -0.2985 -0.88125 0
v -0.2625 -0.897 0
v -0.24375 -0.8985 0
v -0.225 -0.9 0
v -0.225 -0.8625 0
v -0.225 -0.825 0
v -0.2625 -0.825 0
v -0.2985 -0.84375 0
v -0.297 -0.8625 0
v -0.262019230769 -0.785980769231 0
v -0.225 -0.7845 0
v -0.262019230769 0.785980769231 0
v -0.225 0.7845 0
v -0.225 0.825 0
v -0.2625 0.825 0
v -0.261739583333 0.861739583333 0
v -0.2985 0.84375 0
v -0.225 0.8625 0
v -0.225 0.9 0
v -0.24375 0.8985 0
v -0.2625 0.897 0
v -0.28125 0.8985 0
v -0.3 0.9 0
v -0.2985 0.88125 0
v -0.297 0.8625 0
v -0.28125 1.0515 0
v -0.2625 1.08824489796 0
v -0.2625 1.053 0
v -0.24375 1.0515 0
v -0.225 1.05 0
v -0.225 1.0875 0
v -0.225 1.125 0
v -0.2625 1.125 0
v -0.2625 1.1625 0
v -0.225 1.1625 0
v -0.225 1.2 0
v -0.2625 1.2 0
v -0.1875 -1.2 0
v -0.1875 -1.1625 0
v -0.15 -1.2 0
v -0.15 -1.1625 0
v -0.15 -1.125 0
v -0.1875 -1.125 0
v -0.1875 -1.08824489796 0
v -0.15 -1.0875 0
v -0.15 -1.05 0
v -0.16875 -1.0515 0
v -0.1875 -1.053 0
v -0.20625 -1.0515 0
v -0.20625 -0.8985 0
v -0.1875 -0.861755102041 0
v -0.1875 -0.897 0
v -0.16875 -0.8985 0
v -0.15 -0.9 0
v -0.15 -0.8625 0
v -0.15 -0.825 0
v -0.1875 -0.825 0
v -0.187980769231 -0.785980769231 0
v -0.15 -0.7875 0
v -0.187980769231 0.785980769231 0
v -0.15 0.7875 0
v -0.15 0.825 0
v -0.1875 0.825 0
v -0.1875 0.861755102041 0
v -0.15 0.8625 0
v -0.15 0.9 0
v -0.16875 0.8985 0
v -0.1875 0.897 0
v -0.20625 0.8985 0
v -0.20625 1.0515 0
v -0.1875 1.08824489796 0
v -0.1875 1.053 0
v -0.16875 1.0515 0
v -0.15 1.05 0
v -0.15 1.0875 0
v -0.15 1.125 0
v -0.1875 1.125 0
v -0.1875 1.1625 0
v -0.15 1.1625 0
v -0.15 1.2 0
v -0.1875 1.2 0
v -0.1125 -1.2 0
v -0.1125 -1.1625 0
v -0.075 -1.2 0
v -0.075 -1.1625 0
v -0.075 -1.125 0
v -0.1125 -1.125 0
v -0.1125 -1.08824489796 0
v -0.075 -1.0875 0
v -0.075 -1.05 0
v -0.09375 -1.0515 0
v -0.1125 -1.053 0
v -0.13125 -1.0515 0
v -0.13125 -0.8985 0
v -0.1125 -0.861755102041 0
v -0.1125 -0.897 0
v -0.09375 -0.8985 0
v -0.075 -0.9 0
v -0.075 -0.8625 0
v -0.075 -0.825 0
v -0.1125 -0.825 0
v -0.112019230769 -0.785980769231 0
v -0.075 -0.7845 0
v -0.112019230769 0.785980769231 0
v -0.075 0.7845 0
v -0.075 0.825 0
v -0.1125 0.825 0
v -0.1125 0.861755102041 0
v -0.075 0.8625 0
v -0.075 0.9 0
v -0.09375 0.8985 0
v -0.1125 0.897 0
v -0.13125 0.8985 0
v -0.13125 1.0515 0
v -0.1125 1.08824489796 0
v -0.1125 1.053 0
v -0.09375 1.0515 0
v -0.075 1.05 0
v -0.075 1.0875 0
v -0.075 1.125 0
v -0.1125 1.125 0
v -0.1125 1.1625 0
v -0.075 1.1625 0
v -0.075 1.2 0
v -0.1125 1.2 0
v -0.0375 -1.2 0
v -0.0375 -1.1625 0
v 0 -1.2 0
v 0 -1.1625 0
v 0 -1.125 0
v -0.0375 -1.125 0
v -0.0375 -1.08824489796 0
v 0 -1.0875 0
v 0 -1.05 0
v -0.01875 -1.0515 0
v -0.0375 -1.053 0
v -0.05625 -1.0515 0
v -0.05625 -0.8985 0
v -0.0375 -0.861755102041 0
v -0.0375 -0.897 0
v -0.01875 -0.8985 0
v 0 -0.9 0
v 0 -0.8625 0
v 0 -0.825 0
v -0.0375 -0.825 0
v -0.0379807692308 -0.785980769231 0
v 0 -0.7875 0
v -0.0379807692308 0.785980769231 0
v 0 0.7875 0
v 0 0.825 0
v -0.0375 0.825 0
v -0.0375 0.861755102041 0
v 0 0.8625 0
v -0 0.9 0
v -0.01875 0.8985 0
v -0.0375 0.897 0
v -0.05625 0.8985 0
v -0.05625 1.0515 0
v -0.0375 1.08824489796 0
v -0.0375 1.053 0
v -0.01875 1.0515 0
v 0 1.05 0
v 0 1.0875 0
v 0 1.125 0
v -0.0375 1.125 0
v -0.0375 1.1625 0
v 0 1.1625 0
v 0 1.2 0
v -0.0375 1.2 0
v 0.0375 -1.2 0
v 0.0375 -1.1625 0
v 0.075 -1.2 0
v 0.075 -1.1625 0
v 0.075 -1.125 0
v 0.0375 -1.125 0
v 0.0375 -1.08824489796 0
v 0.075 -1.0875 0
v 0.075 -1.05 0
v 0.05625 -1.0515 0
v 0.0375 -1.053 0
v 0.01875 -1.0515 0
v 0.01875 -0.8985 0
v 0.0375 -0.861755102041 0
v 0.0375 -0.897 0
v 0.05625 -0.8985 0
v 0.075 -0.9 0
v 0.075 -0.8625 0
v 0.075 -0.825 0
v 0.0375 -0.825 0
v 0.0379807692308 -0.785980769231 0
v 0.075 -0.7845 0
v 0.0379807692308 0.785980769231 0
v 0.075 0.7845 0
v 0.075 0.825 0
v 0.0375 0.825 0
v 0.0375 0.861755102041 0
v 0.075 0.8625 0
v 0.075 0.9 0
v 0.05625 0.8985 0
v 0.0375 0.897 0
v 0.01875 0.8985 0
v 0.01875 1.0515 0
v 0.0375 1.08824489796 0
v 0.0375 1.053 0
v 0.05625 1.0515 0
v 0.075 1.05 0
v 0.075 1.0875 0
v 0.075 1.125 0
v 0.0375 1.125 0
v 0.0375 1.1625 0
v 0.075 1.1625 0
v 0.075 1.2 0
v 0.0375 1.2 0
v 0.1125 -1.2 0
v 0.1125 -1.1625 0
v 0.15 -1.2 0
v 0.15 -1.1625 0
v 0.15 -1.125 0
v 0.1125 -1.125 0
v 0.1125 -1.08824489796 0
v 0.15 -1.0875 0
v 0.15 -1.05 0
v 0.13125 -1.0515 0
v 0.1125 -1.053 0
v 0.09375 -1.0515 0
v 0.09375 -0.8985 0
v 0.1125 -0.861755102041 0
v 0.1125 -0.897 0
v 0.13125 -0.8985 0
v 0.15 -0.9 0
v 0.15 -0.8625 0
v 0.15 -0.825 0
v 0.1125 -0.825 0
v 0.112019230769 -0.785980769231 0
v 0.15 -0.7875 0
v 0.112019230769 0.785980769231 0
v 0.15 0.7875 0
v 0.15 0.825 0
v 0.1125 0.825 0
v 0.1125 0.861755102041 0
v 0.15 0.8625 0
v 0.15 0.9 0
v 0.13125 0.8985 0
v 0.1125 0.897 0
v 0.09375 0.8985 0
v 0.09375 1.0515 0
v 0.1125 1.08824489796 0
v 0.1125 1.053 0
v 0.13125 1.0515 0
v 0.15 1.05 0
v 0.15 1.0875 0
v 0.15 1.125 0
v 0.1125 1.125 0
v 0.1125 1.1625 0
v 0.15 1.1625 0
v 0.15 1.2 0
v 0.1125 1.2 0
v 0.1875 -1.2 0
v 0.1875 -1.1625 0
v 0.225 -1.2 0
v 0.225 -1.1625 0
v 0.225 -1.125 0
v 0.1875 -1.125 0
v 0.1875 -1.08824489796 0
v 0.225 -1.0875 0
v 0.225 -1.05 0
v 0.20625 -1.0515 0
v 0.1875 -1.053 0
v 0.16875 -1.0515 0
v 0.16875 -0.8985 0
v 0.1875 -0.861755102041 0
v 0.1875 -0.897 0
v 0.20625 -0.8985 0
v 0.225 -0.9 0
v 0.225 -0.8625 0
v 0.225 -0.825 0
v 0.1875 -0.825 0
v 0.187980769231 -0.785980769231 0
v 0.225 -0.7845 0
v 0.187980769231 0.785980769231 0
v 0.225 0.7845 0
v 0.225 0.825 0
v 0.1875 0.825 0
v 0.1875 0.861755102041 0
v 0.225 0.8625 0
v 0.225 0.9 0
v 0.20625 0.8985 0
v 0.1875 0.897 0
v 0.16875 0.8985 0
v 0.16875 1.0515 0
v 0.1875 1.08824489796 0
v 0.1875 1.053 0
v 0.20625 1.0515 0
v 0.225 1.05 0
v 0.225 1.0875 0
v 0.225 1.125 0
v 0.1875 1.125 0
v 0.1875 1.1625 0
v 0.225 1.1625 0
v 0.225 1.2 0
v 0.1875 1.2 0
v 0.2625 -1.2 0
v 0.2625 -1.1625 0
v 0.3 -1.2 0
v 0.3 -1.1625 0
v 0.3 -1.125 0
v 0.2625 -1.125 0
v 0.2625 -1.08824489796 0
v 0.3 -1.0875 0
v 0.3 -1.05 0
v 0.28125 -1.0515 0
v 0.2625 -1.053 0
v 0.24375 -1.0515 0
v 0.24375 -0.8985 0
v 0.261739583333 -0.861739583333 0
v 0.2625 -0.897 0
v 0.28125 -0.8985 0
v 0.3 -0.9 0
v 0.2985 -0.88125 0
v 0.297 -0.8625 0
v 0.2985 -0.84375 0
v 0.3 -0.825 0
v 0.2625 -0.825 0
v 0.262019230769 -0.785980769231 0
v 0.3 -0.7875 0
v 0.262019230769 0.785980769231 0
v 0.3 0.7875 0
v 0.3 0.825 0
v 0.2625 0.825 0
v 0.261739583333 0.861739583333 0
v 0.2985 0.84375 0
v 0.297 0.8625 0
v 0.2985 0.88125 0
v 0.3 0.9 0
v 0.28125 0.8985 0
v 0.2625 0.897 0
v 0.24375 0.8985 0
v 0.24375 1.0515 0
v 0.2625 1.08824489796 0
v 0.2625 1.053 0
v 0.28125 1.0515 0
v 0.3 1.05 0
v 0.3 1.0875 0
v 0.3 1.125 0
v 0.2625 1.125 0
v 0.2625 1.1625 0
v 0.3 1.1625 0
v 0.3 1.2 0
v 0.2625 1.2 0
v 0.3375 -1.2 0
v 0.3375 -1.1625 0
v 0.375 -1.2 0
v 0.375 -1.1625 0
v 0.375 -1.125 0
v 0.3375 -1.125 0
v 0.3375 -1.08824489796 0
v 0.375 -1.0875 0
v 0.375 -1.05 0
v 0.35625 -1.0515 0
v 0.3375 -1.053 0
v 0.31875 -1.0515 0
v 0.31875 -0.8235 0
v 0.3375 -0.786755102041 0
v 0.3375 -0.822 0
v 0.35625 -0.8235 0
v 0.375 -0.825 0
v 0.375 -0.7875 0
v 0.375 -0.75 0
v 0.3375 -0.75 0
v 0.335980769231 -0.712019230769 0
v 0.375 -0.7125 0
v 0.375 -0.675 0
v 0.3345 -0.675 0
v 0.3365 -0.6365 0
v 0.375 -0.6345 0
v 0.3365 0.6365 0
v 0.375 0.6345 0
v 0.375 0.675 0
v 0.3345 0.675 0
v 0.335980769231 0.712019230769 0
v 0.375 0.7125 0
v 0.375 0.75 0
v 0.3375 0.75 0
v 0.3375 0.786755102041 0
v 0.375 0.7875 0
v 0.375 0.825 0
v 0.35625 0.8235 0
v 0.3375 0.822 0
v 0.31875 0.8235 0
v 0.31875 1.0515 0
v 0.3375 1.08824489796 0
v 0.3375 1.053 0
v 0.35625 1.0515 0
v 0.375 1.05 0
v 0.375 1.0875 0
v 0.375 1.125 0
v 0.3375 1.125 0
v 0.3375 1.1625 0
v 0.375 1.1625 0
v 0.375 1.2 0
v 0.3375 1.2 0
v 0.4125 -1.2 0
v 0.414019230769 -1.16201923077 0
v 0.4155 -1.125 0
v 0.414019230769 -1.08798076923 0
v 0.4125 -1.05 0
v 0.413260416667 -1.01326041667 0
v 0.3765 -1.03125 0
v 0.45 -1.0125 0
v 0.45 -0.975 0
v 0.43125 -0.9765 0
v 0.4125 -0.978 0
v 0.39375 -0.9765 0
v 0.375 -0.975 0
v 0.3765 -0.99375 0
v 0.378 -1.0125 0
v 0.39375 -0.8235 0
v 0.411739583333 -0.786739583333 0
v 0.4125 -0.822 0
v 0.43125 -0.8235 0
v 0.45 -0.825 0
v 0.4485 -0.80625 0
v 0.447 -0.7875 0
v 0.4485 -0.76875 0
v 0.45 -0.75 0
v 0.4125 -0.75 0
v 0.4125 -0.7125 0
v 0.45 -0.7125 0
v 0.45 -0.675 0
v 0.4125 -0.675 0
v 0.412019230769 -0.635980769231 0
v 0.45 -0.6375 0
v 0.412019230769 0.635980769231 0
v 0.45 0.6375 0
v 0.45 0.675 0
v 0.4125 0.675 0
v 0.4125 0.7125 0
v 0.45 0.7125 0
v 0.45 0.75 0
v 0.4125 0.75 0
v 0.411739583333 0.786739583333 0
v 0.4485 0.76875 0
v 0.447 0.7875 0
v 0.4485 0.80625 0
v 0.45 0.825 0
v 0.43125 0.8235 0
v 0.4125 0.822 0
v 0.39375 0.8235 0
v 0.375 0.975 0
v 0.39375 0.9765 0
v 0.413260416667 1.01326041667 0
v 0.3765 0.99375 0
v 0.4125 0.978 0
v 0.43125 0.9765 0
v 0.45 0.975 0
v 0.45 1.0125 0
v 0.4125 1.05 0
v 0.3765 1.03125 0
v 0.378 1.0125 0
v 0.414019230769 1.08798076923 0
v 0.4155 1.125 0
v 0.414019230769 1.16201923077 0
v 0.4125 1.2 0
v 0.487990196078 -1.01476470588 0
v 0.525 -1.0155 0
v 0.525 -0.975 0
v 0.50625 -0.9765 0
v 0.4875 -0.978 0
v 0.46875 -0.9765 0
v 0.46875 -0.7485 0
v 0.486739583333 -0.711739583333 0
v 0.4875 -0.747 0
v 0.50625 -0.7485 0
v 0.525 -0.75 0
v 0.5235 -0.73125 0
v 0.522 -0.7125 0
v 0.5235 -0.69375 0
v 0.525 -0.675 0
v 0.4875 -0.675 0
v 0.487980769231 -0.635980769231 0
v 0.525 -0.6345 0
v 0.487980769231 0.635980769231 0
v 0.525 0.6345 0
v 0.525 0.675 0
v 0.4875 0.675 0
v 0.486739583333 0.711739583333 0
v 0.5235 0.69375 0
v 0.522 0.7125 0
v 0.5235 0.73125 0
v 0.525 0.75 0
v 0.50625 0.7485 0
v 0.4875 0.747 0
v 0.46875 0.7485 0
v 0.46875 0.9765 0
v 0.487990196078 1.01476470588 0
v 0.4875 0.978 0
v 0.50625 0.9765 0
v 0.525 0.975 0
v 0.525 1.0155 0
v 0.562019230769 -1.01401923077 0
v 0.6 -1.0125 0
v 0.6 -0.975 0
v 0.5625 -0.975 0
v 0.563260416667 -0.938260416667 0
v 0.5265 -0.95625 0
v 0.6 -0.9375 0
v 0.6 -0.9 0
v 0.58125 -0.9015 0
v 0.5625 -0.903 0
v 0.54375 -0.9015 0
v 0.525 -0.9 0
v 0.5265 -0.91875 0
v 0.528 -0.9375 0
v 0.54375 -0.6735 0
v 0.562009803922 -0.635235294118 0
v 0.5625 -0.672 0
v 0.58125 -0.6735 0
v 0.6 -0.675 0
v 0.6 -0.6375 0
v 0.562009803922 0.635235294118 0
v 0.6 0.6375 0
v 0.6 0.675 0
v 0.58125 0.6735 0
v 0.5625 0.672 0
v 0.54375 0.6735 0
v 0.525 0.9 0
v 0.54375 0.9015 0
v 0.563260416667 0.938260416667 0
v 0.5265 0.91875 0
v 0.5625 0.903 0
v 0.58125 0.9015 0
v 0.6 0.9 0
v 0.6 0.9375 0
v 0.6 0.975 0
v 0.5625 0.975 0
v 0.5265 0.95625 0
v 0.528 0.9375 0
v 0.562019230769 1.01401923077 0
v 0.6 1.0125 0
v 0.637980769231 -1.01401923077 0
v 0.675 -1.0155 0
v 0.675 -0.975 0
v 0.6375 -0.975 0
v 0.6375 -0.938244897959 0
v 0.675 -0.9375 0
v 0.675 -0.9 0
v 0.65625 -0.9015 0
v 0.6375 -0.903 0
v 0.61875 -0.9015 0
v 0.61875 -0.6735 0
v 0.636739583333 -0.636739583333 0
v 0.6375 -0.672 0
v 0.65625 -0.6735 0
v 0.675 -0.675 0
v 0.6735 -0.65625 0
v 0.672 -0.6375 0
v 0.6735 -0.61875 0
v 0.675 -0.6 0
v 0.6375 -0.6 0
v 0.635235294118 -0.562009803922 0
v 0.6735 -0.58125 0
v 0.672 -0.5625 0
v 0.6735 -0.54375 0
v 0.675 -0.525 0
v 0.6345 -0.525 0
v 0.635980769231 -0.487980769231 0
v 0.675 -0.4875 0
v 0.675 -0.45 0
v 0.6375 -0.45 0
v 0.635980769231 -0.412019230769 0
v 0.675 -0.4125 0
v 0.675 -0.375 0
v 0.6345 -0.375 0
v 0.6365 -0.3365 0
v 0.675 -0.3345 0
v 0.6365 0.3365 0
v 0.675 0.3345 0
v 0.675 0.375 0
v 0.6345 0.375 0
v 0.635980769231 0.412019230769 0
v 0.675 0.4125 0
v 0.675 0.45 0
v 0.6375 0.45 0
v 0.635980769231 0.487980769231 0
v 0.675 0.4875 0
v 0.675 0.525 0
v 0.6345 0.525 0
v 0.635235294118 0.562009803922 0
v 0.6735 0.54375 0
v 0.672 0.5625 0
v 0.6735 0.58125 0
v 0.675 0.6 0
v 0.6375 0.6 0
v 0.636739583333 0.636739583333 0
v 0.6735 0.61875 0
v 0.672 0.6375 0
v 0.6735 0.65625 0
v 0.675 0.675 0
v 0.65625 0.6735 0
v 0.6375 0.672 0
v 0.61875 0.6735 0
v 0.61875 0.9015 0
v 0.6375 0.938244897959 0
v 0.6375 0.903 0
v 0.65625 0.9015 0
v 0.675 0.9 0
v 0.675 0.9375 0
v 0.675 0.975 0
v 0.6375 0.975 0
v 0.637980769231 1.01401923077 0
v 0.675 1.0155 0
v 0.7135 -1.0135 0
v 0.7155 -0.975 0
v 0.714019230769 -0.937980769231 0
v 0.7125 -0.9 0
v 0.713260416667 -0.863260416667 0
v 0.6765 -0.88125 0
v 0.75 -0.8625 0
v 0.75 -0.825 0
v 0.73125 -0.8265 0
v 0.7125 -0.828 0
v 0.69375 -0.8265 0
v 0.675 -0.825 0
v 0.6765 -0.84375 0
v 0.678 -0.8625 0
v 0.69375 -0.5235 0
v 0.711739583333 -0.486739583333 0
v 0.7125 -0.522 0
v 0.73125 -0.5235 0
v 0.75 -0.525 0
v 0.7485 -0.50625 0
v 0.747 -0.4875 0
v 0.7485 -0.46875 0
v 0.75 -0.45 0
v 0.7125 -0.45 0
v 0.7125 -0.4125 0
v 0.75 -0.4125 0
v 0.75 -0.375 0
v 0.7125 -0.375 0
v 0.712019230769 -0.335980769231 0
v 0.75 -0.3375 0
v 0.712019230769 0.335980769231 0
v 0.75 0.3375 0
v 0.75 0.375 0
v 0.7125 0.375 0
v 0.7125 0.4125 0
v 0.75 0.4125 0
v 0.75 0.45 0
v 0.7125 0.45 0
v 0.711739583333 0.486739583333 0
v 0.7485 0.46875 0
v 0.747 0.4875 0
v 0.7485 0.50625 0
v 0.75 0.525 0
v 0.73125 0.5235 0
v 0.7125 0.522 0
v 0.69375 0.5235 0
v 0.675 0.825 0
v 0.69375 0.8265 0
v 0.713260416667 0.863260416667 0
v 0.6765 0.84375 0
v 0.7125 0.828 0
v 0.73125 0.8265 0
v 0.75 0.825 0
v 0.75 0.8625 0
v 0.7125 0.9 0
v 0.6765 0.88125 0
v 0.678 0.8625 0
v 0.714019230769 0.937980769231 0
v 0.7155 0.975 0
v 0.7135 1.0135 0
v 0.787980769231 -0.864019230769 0
v 0.825 -0.8655 0
v 0.825 -0.825 0
v 0.7875 -0.825 0
v 0.788260416667 -0.788260416667 0
v 0.7515 -0.80625 0
v 0.825 -0.7875 0
v 0.825 -0.75 0
v 0.80625 -0.7515 0
v 0.7875 -0.753 0
v 0.76875 -0.7515 0
v 0.75 -0.75 0
v 0.7515 -0.76875 0
v 0.753 -0.7875 0
v 0.76875 -0.4485 0
v 0.786739583333 -0.411739583333 0
v 0.7875 -0.447 0
v 0.80625 -0.4485 0
v 0.825 -0.45 0
v 0.8235 -0.43125 0
v 0.822 -0.4125 0
v 0.8235 -0.39375 0
v 0.825 -0.375 0
v 0.7875 -0.375 0
v 0.786755102041 -0.3375 0
v 0.8235 -0.35625 0
v 0.822 -0.3375 0
v 0.8235 -0.31875 0
v 0.825 -0.3 0
v 0.7875 -0.3 0
v 0.785980769231 -0.262019230769 0
v 0.825 -0.2625 0
v 0.825 -0.225 0
v 0.7845 -0.225 0
v 0.785980769231 -0.187980769231 0
v 0.825 -0.1875 0
v 0.825 -0.15 0
v 0.7875 -0.15 0
v 0.785980769231 -0.112019230769 0
v 0.825 -0.1125 0
v 0.825 -0.075 0
v 0.7845 -0.075 0
v 0.785980769231 -0.0379807692308 0
v 0.825 -0.0375 0
v 0.825 0 0
v 0.7875 0 0
v 0.785980769231 0.0379807692308 0
v 0.825 0.0375 0
v 0.825 0.075 0
v 0.7845 0.075 0
v 0.785980769231 0.112019230769 0
v 0.825 0.1125 0
v 0.825 0.15 0
v 0.7875 0.15 0
v 0.785980769231 0.187980769231 0
v 0.825 0.1875 0
v 0.825 0.225 0
v 0.7845 0.225 0
v 0.785980769231 0.262019230769 0
v 0.825 0.2625 0
v 0.825 0.3 0
v 0.7875 0.3 0
v 0.786755102041 0.3375 0
v 0.8235 0.31875 0
v 0.822 0.3375 0
v 0.8235 0.35625 0
v 0.825 0.375 0
v 0.7875 0.375 0
v 0.786739583333 0.411739583333 0
v 0.8235 0.39375 0
v 0.822 0.4125 0
v 0.8235 0.43125 0
v 0.825 0.45 0
v 0.80625 0.4485 0
v 0.7875 0.447 0
v 0.76875 0.4485 0
v 0.75 0.75 0
v 0.76875 0.7515 0
v 0.788260416667 0.788260416667 0
v 0.7515 0.76875 0
v 0.7875 0.753 0
v 0.80625 0.7515 0
v 0.825 0.75 0
v 0.825 0.7875 0
v 0.825 0.825 0
v 0.7875 0.825 0
v 0.7515 0.80625 0
v 0.753 0.7875 0
v 0.787980769231 0.864019230769 0
v 0.825 0.8655 0
v 0.8635 -0.8635 0
v 0.8655 -0.825 0
v 0.864019230769 -0.787980769231 0
v 0.8625 -0.75 0
v 0.863260416667 -0.713260416667 0
v 0.8265 -0.73125 0
v 0.9 -0.7125 0
v 0.9 -0.675 0
v 0.88125 -0.6765 0
v 0.8625 -0.678 0
v 0.84375 -0.6765 0
v 0.825 -0.675 0
v 0.8265 -0.69375 0
v 0.828 -0.7125 0
v 0.84375 -0.2985 0
v 0.861739583333 -0.261739583333 0
v 0.8625 -0.297 0
v 0.88125 -0.2985 0
v 0.9 -0.3 0
v 0.8985 -0.28125 0
v 0.897 -0.2625 0
v 0.8985 -0.24375 0
v 0.9 -0.225 0
v 0.8625 -0.225 0
v 0.861755102041 -0.1875 0
v 0.8985 -0.20625 0
v 0.897 -0.1875 0
v 0.8985 -0.16875 0
v 0.9 -0.15 0
v 0.8625 -0.15 0
v 0.861755102041 -0.1125 0
v 0.8985 -0.13125 0
v 0.897 -0.1125 0
v 0.8985 -0.09375 0
v 0.9 -0.075 0
v 0.8625 -0.075 0
v 0.861755102041 -0.0375 0
v 0.8985 -0.05625 0
v 0.897 -0.0375 0
v 0.8985 -0.01875 0
v 0.9 0 0
v 0.8625 0 0
v 0.861755102041 0.0375 0
v 0.8985 0.01875 0
v 0.897 0.0375 0
v 0.8985 0.05625 0
v 0.9 0.075 0
v 0.8625 0.075 0
v 0.861755102041 0.1125 0
v 0.8985 0.09375 0
v 0.897 0.1125 0
v 0.8985 0.13125 0
v 0.9 0.15 0
v 0.8625 0.15 0
v 0.861755102041 0.1875 0
v 0.8985 0.16875 0
v 0.897 0.1875 0
v 0.8985 0.20625 0
v 0.9 0.225 0
v 0.8625 0.225 0
v 0.861739583333 0.261739583333 0
v 0.8985 0.24375 0
v 0.897 0.2625 0
v 0.8985 0.28125 0
v 0.9 0.3 0
v 0.88125 0.2985 0
v 0.8625 0.297 0
v 0.84375 0.2985 0
v 0.825 0.675 0
v 0.84375 0.6765 0
v 0.863260416667 0.713260416667 0
v 0.8265 0.69375 0
v 0.8625 0.678 0
v 0.88125 0.6765 0
v 0.9 0.675 0
v 0.9 0.7125 0
v 0.8625 0.75 0
v 0.8265 0.73125 0
v 0.828 0.7125 0
v 0.864019230769 0.787980769231 0
v 0.8655 0.825 0
v 0.8635 0.8635 0
v 0.937980769231 -0.714019230769 0
v 0.975 -0.7155 0
v 0.975 -0.675 0
v 0.9375 -0.675 0
v 0.938244897959 -0.6375 0
v 0.9015 -0.65625 0
v 0.975 -0.6375 0
v 0.975 -0.6 0
v 0.9375 -0.6 0
v 0.9 -0.6 0
v 0.9015 -0.61875 0
v 0.903 -0.6375 0
v 0.938260416667 -0.563260416667 0
v 0.9015 -0.58125 0
v 0.975 -0.5625 0
v 0.975 -0.525 0
v 0.95625 -0.5265 0
v 0.9375 -0.528 0
v 0.91875 -0.5265 0
v 0.9 -0.525 0
v 0.9015 -0.54375 0
v 0.903 -0.5625 0
v 0.9 0.525 0
v 0.91875 0.5265 0
v 0.938260416667 0.563260416667 0
v 0.9015 0.54375 0
v 0.9375 0.528 0
v 0.95625 0.5265 0
v 0.975 0.525 0
v 0.975 0.5625 0
v 0.975 0.6 0
v 0.9375 0.6 0
v 0.9 0.6 0
v 0.9015 0.58125 0
v 0.903 0.5625 0
v 0.938244897959 0.6375 0
v 0.9015 0.61875 0
v 0.975 0.6375 0
v 0.975 0.675 0
v 0.9375 0.675 0
v 0.9015 0.65625 0
v 0.903 0.6375 0
v 0.937980769231 0.714019230769 0
v 0.975 0.7155 0
v 1.0135 -0.7135 0
v 1.0155 -0.675 0
v 1.01401923077 -0.637980769231 0
v 1.0125 -0.6 0
v 1.01401923077 -0.562019230769 0
v 1.0155 -0.525 0
v 1.01476470588 -0.487990196078 0
v 0.9765 -0.50625 0
v 1.0125 -0.45 0
v 0.975 -0.45 0
v 0.9765 -0.46875 0
v 0.978 -0.4875 0
v 1.01326041667 -0.413260416667 0
v 0.9765 -0.43125 0
v 1.05 -0.4125 0
v 1.05 -0.375 0
v 1.03125 -0.3765 0
v 1.0125 -0.378 0
v 0.99375 -0.3765 0
v 0.975 -0.375 0
v 0.9765 -0.39375 0
v 0.978 -0.4125 0
v 0.975 0.375 0
v 0.99375 0.3765 0
v 1.01326041667 0.413260416667 0
v 0.9765 0.39375 0
v 1.0125 0.378 0
v 1.03125 0.3765 0
v 1.05 0.375 0
v 1.05 0.4125 0
v 1.0125 0.45 0
v 0.975 0.45 0
v 0.9765 0.43125 0
v 0.978 0.4125 0
v 1.01476470588 0.487990196078 0
v 0.9765 0.46875 0
v 1.0155 0.525 0
v 0.9765 0.50625 0
v 0.978 0.4875 0
v 1.01401923077 0.562019230769 0
v 1.0125 0.6 0
v 1.01401923077 0.637980769231 0
v 1.0155 0.675 0
v 1.0135 0.7135 0
v 1.08798076923 -0.414019230769 0
v 1.125 -0.4155 0
v 1.125 -0.375 0
v 1.0875 -0.375 0
v 1.08824489796 -0.3375 0
v 1.0515 -0.35625 0
v 1.125 -0.3375 0
v 1.125 -0.3 0
v 1.0875 -0.3 0
v 1.05 -0.3 0
v 1.0515 -0.31875 0
v 1.053 -0.3375 0
v 1.08824489796 -0.2625 0
v 1.0515 -0.28125 0
v 1.125 -0.2625 0
v 1.125 -0.225 0
v 1.0875 -0.225 0
v 1.05 -0.225 0
v 1.0515 -0.24375 0
v 1.053 -0.2625 0
v 1.08824489796 -0.1875 0
v 1.0515 -0.20625 0
v 1.125 -0.1875 0
v 1.125 -0.15 0
v 1.0875 -0.15 0
v 1.05 -0.15 0
v 1.0515 -0.16875 0
v 1.053 -0.1875 0
v 1.08824489796 -0.1125 0
v 1.0515 -0.13125 0
v 1.125 -0.1125 0
v 1.125 -0.075 0
v 1.0875 -0.075 0
v 1.05 -0.075 0
v 1.0515 -0.09375 0
v 1.053 -0.1125 0
v 1.08824489796 -0.0375 0
v 1.0515 -0.05625 0
v 1.125 -0.0375 0
v 1.125 0 0
v 1.0875 0 0
v 1.05 -0 0
v 1.0515 -0.01875 0
v 1.053 -0.0375 0
v 1.08824489796 0.0375 0
v 1.0515 0.01875 0
v 1.125 0.0375 0
v 1.125 0.075 0
v 1.0875 0.075 0
v 1.05 0.075 0
v 1.0515 0.05625 0
v 1.053 0.0375 0
v 1.08824489796 0.1125 0
v 1.0515 0.09375 0
v 1.125 0.1125 0
v 1.125 0.15 0
v 1.0875 0.15 0
v 1.05 0.15 0
v 1.0515 0.13125 0
v 1.053 0.1125 0
v 1.08824489796 0.1875 0
v 1.0515 0.16875 0
v 1.125 0.1875 0
v 1.125 0.225 0
v 1.0875 0.225 0
v 1.05 0.225 0
v 1.0515 0.20625 0
v 1.053 0.1875 0
v 1.08824489796 0.2625 0
v 1.0515 0.24375 0
v 1.125 0.2625 0
v 1.125 0.3 0
v 1.0875 0.3 0
v 1.05 0.3 0
v 1.0515 0.28125 0
v 1.053 0.2625 0
v 1.08824489796 0.3375 0
v 1.0515 0.31875 0
v 1.125 0.3375 0
v 1.125 0.375 0
v 1.0875 0.375 0
v 1.0515 0.35625 0
v 1.053 0.3375 0
v 1.08798076923 0.414019230769 0
v 1.125 0.4155 0
v 1.16201923077 -0.414019230769 0
v 1.2 -0.4125 0
v 1.2 -0.375 0
v 1.1625 -0.375 0
v 1.1625 -0.3375 0
v 1.2 -0.3375 0
v 1.2 -0.3 0
v 1.1625 -0.3 0
v 1.1625 -0.2625 0
v 1.2 -0.2625 0
v 1.2 -0.225 0
v 1.1625 -0.225 0
v 1.1625 -0.1875 0
v 1.2 -0.1875 0
v 1.2 -0.15 0
v 1.1625 -0.15 0
v 1.1625 -0.1125 0
v 1.2 -0.1125 0
v 1.2 -0.075 0
v 1.1625 -0.075 0
v 1.1625 -0.0375 0
v 1.2 -0.0375 0
v 1.2 0 0
v 1.1625 0 0
v 1.1625 0.0375 0
v 1.2 0.0375 0
v 1.2 0.075 0
v 1.1625 0.075 0
v 1.1625 0.1125 0
v 1.2 0.1125 0
v 1.2 0.15 0
v 1.1625 0.15 0
v 1.1625 0.1875 0
v 1.2 0.1875 0
v 1.2 0.225 0
v 1.1625 0.225 0
v 1.1625 0.2625 0
v 1.2 0.2625 0
v 1.2 0.3 0
v 1.1625 0.3 0
v 1.1625 0.3375 0
v 1.2 0.3375 0
v 1.2 0.375 0
v 1.1625 0.375 0
v 1.16201923077 0.414019230769 0
v 1.2 0.4125 0
v -1.03175 -0.35675 0
v -1.0125 -0.35775 0
v -1.0125 -0.3375 0
v -1.03275 -0.3375 0
v -1.03200961538 -0.318990384615 0
v -1.0125 -0.31875 0
v -1.0125 -0.3 0
v -1.03125 -0.3 0
v -1.03200961538 -0.281009615385 0
v -1.0125 -0.28125 0
v -1.0125 -0.2625 0
v -1.03275 -0.2625 0
v -1.03200961538 -0.243990384615 0
v -1.0125 -0.24375 0
v -1.0125 -0.225 0
v -1.03125 -0.225 0
v -1.03200961538 -0.206009615385 0
v -1.0125 -0.20625 0
v -1.0125 -0.1875 0
v -1.03275 -0.1875 0
v -1.03200961538 -0.168990384615 0
v -1.0125 -0.16875 0
v -1.0125 -0.15 0
v -1.03125 -0.15 0
v -1.03200961538 -0.131009615385 0
v -1.0125 -0.13125 0
v -1.0125 -0.1125 0
v -1.03275 -0.1125 0
v -1.03200961538 -0.0939903846154 0
v -1.0125 -0.09375 0
v -1.0125 -0.075 0
v -1.03125 -0.075 0
v -1.03200961538 -0.0560096153846 0
v -1.0125 -0.05625 0
v -1.0125 -0.0375 0
v -1.03275 -0.0375 0
v -1.03200961538 -0.0189903846154 0
v -1.0125 -0.01875 0
v -1.0125 -0 0
v -1.03125 0 0
v -1.03200961538 0.0189903846154 0
v -1.0125 0.01875 0
v -1.0125 0.0375 0
v -1.03275 0.0375 0
v -1.03200961538 0.0560096153846 0
v -1.0125 0.05625 0
v -1.0125 0.075 0
v -1.03125 0.075 0
v -1.03200961538 0.0939903846154 0
v -1.0125 0.09375 0
v -1.0125 0.1125 0
v -1.03275 0.1125 0
v -1.03200961538 0.131009615385 0
v -1.0125 0.13125 0
v -1.0125 0.15 0
v -1.03125 0.15 0
v -1.03200961538 0.168990384615 0
v -1.0125 0.16875 0
v -1.0125 0.1875 0
v -1.03275 0.1875 0
v -1.03200961538 0.206009615385 0
v -1.0125 0.20625 0
v -1.0125 0.225 0
v -1.03125 0.225 0
v -1.03200961538 0.243990384615 0
v -1.0125 0.24375 0
v -1.0125 0.2625 0
v -1.03275 0.2625 0
v -1.03200961538 0.281009615385 0
v -1.0125 0.28125 0
v -1.0125 0.3 0
v -1.03125 0.3 0
v -1.03200961538 0.318990384615 0
v -1.0125 0.31875 0
v -1.0125 0.3375 0
v -1.03275 0.3375 0
v -1.03175 0.35675 0
v -1.0125 0.35775 0
v -0.993990384615 -0.357009615385 0
v -0.975 -0.35625 0
v -0.975 -0.3375 0
v -0.99375 -0.3375 0
v -0.99375 -0.31875 0
v -0.975 -0.31875 0
v -0.975 -0.3 0
v -0.99375 -0.3 0
v -0.99375 -0.28125 0
v -0.975 -0.28125 0
v -0.975 -0.2625 0
v -0.99375 -0.2625 0
v -0.995956581732 -0.245041310844 0
v -0.979263056577 -0.244733782287 0
v -0.983526113154 -0.226967564574 0
v -0.998013056577 -0.225983782287 0
v -0.978259958176 -0.207382386498 0
v -0.975530047358 -0.197229667916 0
v -0.977795340215 -0.193879264706 0
v -0.980292942053 -0.197280422392 0
v -0.97280013654 -0.187076949335 0
v -0.977563031235 -0.187127703811 0
v -0.98232592593 -0.187178458287 0
v -0.996344818176 -0.206586803386 0
v -0.980893035665 -0.217174975536 0
v -0.997412962965 -0.187339229143 0
v -0.979833556036 -0.167458486858 0
v -0.985505961297 -0.168589229143 0
v -0.97390006827 -0.168538474667 0
v -0.975 -0.15 0
v -0.981842998332 -0.15 0
v -0.988685996664 -0.15 0
v -0.998957386799 -0.169405624885 0
v -1.00059299833 -0.15 0
v -0.983147974436 -0.130290260138 0
v -0.991168860682 -0.13125 0
v -0.975 -0.13125 0
v -0.975 -0.1125 0
v -0.98432586235 -0.1125 0
v -0.9936517247 -0.1125 0
v -1.00178626434 -0.131977476385 0
v -1.00307586235 -0.1125 0
v -0.985234269895 -0.0932094424659 0
v -0.99541762923 -0.09375 0
v -0.975 -0.09375 0
v -0.975 -0.075 0
v -0.986091766879 -0.075 0
v -0.997183533759 -0.075 0
v -1.0039283893 -0.0943960990372 0
v -1.00484176688 -0.075 0
v -0.986628045853 -0.0559658607819 0
v -0.998240080696 -0.05625 0
v -0.975 -0.05625 0
v -0.975 -0.0375 0
v -0.987148313817 -0.0375 0
v -0.999296627634 -0.0375 0
v -1.00535699339 -0.0567130754367 0
v -1.00589831382 -0.0375 0
v -0.987324993228 -0.0186608239752 0
v -0.999648313817 -0.01875 0
v -0.975 -0.01875 0
v -0.975 -0 0
v -0.9875 -0 0
v -1 -0 0
v -1.00607255293 -0.0189210311482 0
v -1.00625 -0 0
v -0.987324993228 0.0186608239752 0
v -0.999648313817 0.01875 0
v -0.975 0.01875 0
v -0.975 0.0375 0
v -0.987148313817 0.0375 0
v -0.999296627634 0.0375 0
v -1.00607255293 0.0189210311482 0
v -1.00589831382 0.0375 0
v -0.986628045853 0.0559658607819 0
v -0.998240080696 0.05625 0
v -0.975 0.05625 0
v -0.975 0.075 0
v -0.986091766879 0.075 0
v -0.997183533759 0.075 0
v -1.00535699339 0.0567130754367 0
v -1.00484176688 0.075 0
v -0.985234269895 0.0932094424659 0
v -0.99541762923 0.09375 0
v -0.975 0.09375 0
v -0.975 0.1125 0
v -0.98432586235 0.1125 0
v -0.9936517247 0.1125 0
v -1.0039283893 0.0943960990372 0
v -1.00307586235 0.1125 0
v -0.983147974436 0.130290260138 0
v -0.991168860682 0.13125 0
v -0.975 0.13125 0
v -0.975 0.15 0
v -0.981842998332 0.15 0
v -0.988685996664 0.15 0
v -1.00178626434 0.131977476385 0
v -1.00059299833 0.15 0
v -0.979833556036 0.167458486858 0
v -0.985505961297 0.168589229143 0
v -0.97390006827 0.168538474667 0
v -0.97280013654 0.187076949335 0
v -0.977563031235 0.187127703811 0
v -0.98232592593 0.187178458287 0
v -0.998957386799 0.169405624885 0
v -0.997412962965 0.187339229143 0
v -0.977795340215 0.193879264706 0
v -0.980292942053 0.197280422392 0
v -0.975530047358 0.197229667916 0
v -0.978259958176 0.207382386498 0
v -0.996344818176 0.206586803386 0
v -0.980893035665 0.217174975536 0
v -0.983526113154 0.226967564574 0
v -0.998013056577 0.225983782287 0
v -0.995956581732 0.245041310844 0
v -0.979263056577 0.244733782287 0
v -0.975 0.2625 0
v -0.99375 0.2625 0
v -0.99375 0.28125 0
v -0.975 0.28125 0
v -0.975 0.3 0
v -0.99375 0.3 0
v -0.99375 0.31875 0
v -0.975 0.31875 0
v -0.975 0.3375 0
v -0.99375 0.3375 0
v -0.993990384615 0.357009615385 0
v -0.975 0.35625 0
v -0.95675 -0.50675 0
v -0.9375 -0.50775 0
v -0.9375 -0.4875 0
v -0.95775 -0.4875 0
v -0.957009615385 -0.468990384615 0
v -0.9375 -0.46875 0
v -0.9375 -0.45 0
v -0.95625 -0.45 0
v -0.957009615385 -0.431009615385 0
v -0.9375 -0.43125 0
v -0.9375 -0.4125 0
v -0.95775 -0.4125 0
v -0.957009615385 -0.393990384615 0
v -0.9375 -0.39375 0
v -0.9375 -0.375 0
v -0.95625 -0.375 0
v -0.934777890733 -0.355232733565 0
v -0.933422241558 -0.345388353412 0
v -0.936236630786 -0.342255703257 0
v -0.938321649988 -0.345611568256 0
v -0.932066592382 -0.335543973258 0
v -0.936966000812 -0.335767188102 0
v -0.941865409242 -0.335990402947 0
v -0.95592431623 -0.356199436401 0
v -0.936138945367 -0.365116366783 0
v -0.958432704621 -0.336745201474 0
v -0.941721478163 -0.316406185092 0
v -0.94790230533 -0.317995201474 0
v -0.934783296191 -0.317771986629 0
v -0.9375 -0.3 0
v -0.945719600708 -0.3 0
v -0.953939201417 -0.3 0
v -0.961295212374 -0.319760648595 0
v -0.964469600708 -0.3 0
v -0.948697336804 -0.279683939499 0
v -0.95943559692 -0.28125 0
v -0.9375 -0.28125 0
v -0.9375 -0.2625 0
v -0.951215996211 -0.2625 0
v -0.964931992422 -0.2625 0
v -0.966894299989 -0.283457117852 0
v -0.969965996211 -0.2625 0
v -0.953494516437 -0.24325410013 0
v -0.969464576822 -0.244530106298 0
v -0.9375 -0.24375 0
v -0.9375 -0.225 0
v -0.955748580611 -0.225780106298 0
v -0.973997161222 -0.226560212596 0
v -0.974321644945 -0.244764428776 0
v -0.978761637188 -0.226763888585 0
v -0.956860680956 -0.206664605578 0
v -0.976128559699 -0.216971299547 0
v -0.9375 -0.20625 0
v -0.9375 -0.1875 0
v -0.95515006827 -0.187288474667 0
v -0.978594410851 -0.220303387889 0
v -0.955670145823 -0.168455549468 0
v -0.9375 -0.16875 0
v -0.9375 -0.15 0
v -0.95625 -0.15 0
v -0.95625 -0.13125 0
v -0.9375 -0.13125 0
v -0.9375 -0.1125 0
v -0.95625 -0.1125 0
v -0.95625 -0.09375 0
v -0.9375 -0.09375 0
v -0.9375 -0.075 0
v -0.95625 -0.075 0
v -0.95625 -0.05625 0
v -0.9375 -0.05625 0
v -0.9375 -0.0375 0
v -0.95625 -0.0375 0
v -0.95625 -0.01875 0
v -0.9375 -0.01875 0
v -0.9375 0 0
v -0.95625 0 0
v -0.95625 0.01875 0
v -0.9375 0.01875 0
v -0.9375 0.0375 0
v -0.95625 0.0375 0
v -0.95625 0.05625 0
v -0.9375 0.05625 0
v -0.9375 0.075 0
v -0.95625 0.075 0
v -0.95625 0.09375 0
v -0.9375 0.09375 0
v -0.9375 0.1125 0
v -0.95625 0.1125 0
v -0.95625 0.13125 0
v -0.9375 0.13125 0
v -0.9375 0.15 0
v -0.95625 0.15 0
v -0.955670145823 0.168455549468 0
v -0.9375 0.16875 0
v -0.9375 0.1875 0
v -0.95515006827 0.187288474667 0
v -0.956860680956 0.206664605578 0
v -0.9375 0.20625 0
v -0.9375 0.225 0
v -0.955748580611 0.225780106298 0
v -0.973997161222 0.226560212596 0
v -0.976128559699 0.216971299547 0
v -0.978761637188 0.226763888585 0
v -0.978594410851 0.220303387889 0
v -0.953494516437 0.24325410013 0
v -0.969464576822 0.244530106298 0
v -0.9375 0.24375 0
v -0.9375 0.2625 0
v -0.951215996211 0.2625 0
v -0.964931992422 0.2625 0
v -0.974321644945 0.244764428776 0
v -0.969965996211 0.2625 0
v -0.948697336804 0.279683939499 0
v -0.95943559692 0.28125 0
v -0.9375 0.28125 0
v -0.9375 0.3 0
v -0.945719600708 0.3 0
v -0.953939201417 0.3 0
v -0.966894299989 0.283457117852 0
v -0.964469600708 0.3 0
v -0.941721478163 0.316406185092 0
v -0.94790230533 0.317995201474 0
v -0.934783296191 0.317771986629 0
v -0.932066592382 0.335543973258 0
v -0.936966000812 0.335767188102 0
v -0.941865409242 0.335990402947 0
v -0.961295212374 0.319760648595 0
v -0.958432704621 0.336745201474 0
v -0.936236630786 0.342255703257 0
v -0.938321649988 0.345611568256 0
v -0.933422241558 0.345388353412 0
v -0.934777890733 0.355232733565 0
v -0.95592431623 0.356199436401 0
v -0.936138945367 0.365116366783 0
v -0.9375 0.375 0
v -0.95625 0.375 0
v -0.957009615385 0.393990384615 0
v -0.9375 0.39375 0
v -0.9375 0.4125 0
v -0.95775 0.4125 0
v -0.957009615385 0.431009615385 0
v -0.9375 0.43125 0
v -0.9375 0.45 0
v -0.95625 0.45 0
v -0.957009615385 0.468990384615 0
v -0.9375 0.46875 0
v -0.9375 0.4875 0
v -0.95775 0.4875 0
v -0.95675 0.50675 0
v -0.9375 0.50775 0
v -0.918990384615 -0.507009615385 0
v -0.9 -0.50625 0
v -0.9 -0.4875 0
v -0.91875 -0.4875 0
v -0.919563312317 -0.469342910641 0
v -0.901406222958 -0.469453111479 0
v -0.902812445915 -0.451406222958 0
v -0.920156222958 -0.450703111479 0
v -0.901470390148 -0.432840774058 0
v -0.900735195074 -0.422670387029 0
v -0.904142663566 -0.419280258019 0
v -0.906213995349 -0.422670387029 0
v -0.9 -0.4125 0
v -0.905478800275 -0.4125 0
v -0.91095760055 -0.4125 0
v -0.920663473161 -0.432421814746 0
v -0.902141418031 -0.442123498508 0
v -0.924228800275 -0.4125 0
v -0.910061994948 -0.391106142993 0
v -0.918991205719 -0.39375 0
v -0.9 -0.39375 0
v -0.9 -0.375 0
v -0.913512405443 -0.375 0
v -0.927024810887 -0.375 0
v -0.927664448382 -0.396462766242 0
v -0.932262405443 -0.375 0
v -0.91628646571 -0.355225786027 0
v -0.93090135081 -0.365116366783 0
v -0.9 -0.35625 0
v -0.9 -0.3375 0
v -0.916033296191 -0.336521986629 0
v -0.93310090054 -0.368410911188 0
v -0.917260317295 -0.317776537919 0
v -0.9 -0.31875 0
v -0.91875 -0.3 0
v -0.917990384615 -0.281009615385 0
v -0.91725 -0.2625 0
v -0.917990384615 -0.243990384615 0
v -0.91875 -0.225 0
v -0.917990384615 -0.206009615385 0
v -0.91725 -0.1875 0
v -0.917990384615 -0.168990384615 0
v -0.91875 -0.15 0
v -0.917990384615 -0.131009615385 0
v -0.91725 -0.1125 0
v -0.917990384615 -0.0939903846154 0
v -0.91875 -0.075 0
v -0.917990384615 -0.0560096153846 0
v -0.91725 -0.0375 0
v -0.917990384615 -0.0189903846154 0
v -0.91875 0 0
v -0.917990384615 0.0189903846154 0
v -0.91725 0.0375 0
v -0.917990384615 0.0560096153846 0
v -0.91875 0.075 0
v -0.917990384615 0.0939903846154 0
v -0.91725 0.1125 0
v -0.917990384615 0.131009615385 0
v -0.91875 0.15 0
v -0.917990384615 0.168990384615 0
v -0.91725 0.1875 0
v -0.917990384615 0.206009615385 0
v -0.91875 0.225 0
v -0.917990384615 0.243990384615 0
v -0.91725 0.2625 0
v -0.917990384615 0.281009615385 0
v -0.91875 0.3 0
v -0.917260317295 0.317776537919 0
v -0.9 0.31875 0
v -0.9 0.3375 0
v -0.916033296191 0.336521986629 0
v -0.91628646571 0.355225786027 0
v -0.9 0.35625 0
v -0.9 0.375 0
v -0.913512405443 0.375 0
v -0.927024810887 0.375 0
v -0.93090135081 0.365116366783 0
v -0.932262405443 0.375 0
v -0.93310090054 0.368410911188 0
v -0.910061994948 0.391106142993 0
v -0.918991205719 0.39375 0
v -0.9 0.39375 0
v -0.9 0.4125 0
v -0.905478800275 0.4125 0
v -0.91095760055 0.4125 0
v -0.927664448382 0.396462766242 0
v -0.924228800275 0.4125 0
v -0.904142663566 0.419280258019 0
v -0.906213995349 0.422670387029 0
v -0.900735195074 0.422670387029 0
v -0.901470390148 0.432840774058 0
v -0.92066347316 0.432421814746 0
v -0.902141418031 0.442123498508 0
v -0.902812445915 0.451406222958 0
v -0.920156222958 0.450703111479 0
v -0.919563312317 0.469342910641 0
v -0.901406222958 0.469453111479 0
v -0.9 0.4875 0
v -0.91875 0.4875 0
v -0.918990384615 0.507009615385 0
v -0.9 0.50625 0
v -0.88175 -0.65675 0
v -0.8625 -0.65775 0
v -0.8625 -0.6375 0
v -0.88275 -0.6375 0
v -0.882009615385 -0.618990384615 0
v -0.8625 -0.61875 0
v -0.8625 -0.6 0
v -0.88125 -0.6 0
v -0.882009615385 -0.581009615385 0
v -0.8625 -0.58125 0
v -0.8625 -0.5625 0
v -0.88275 -0.5625 0
v -0.882009615385 -0.543990384615 0
v -0.8625 -0.54375 0
v -0.8625 -0.525 0
v -0.88125 -0.525 0
v -0.862450444263 -0.506141513008 0
v -0.862425878185 -0.496792866447 0
v -0.865998995558 -0.493681964029 0
v -0.867797837283 -0.4968008361 0
v -0.862401312107 -0.487444219887 0
v -0.867773271205 -0.487452189539 0
v -0.873145230303 -0.487460159192 0
v -0.882388907527 -0.507190710692 0
v -0.862475222132 -0.515570756504 0
v -0.886572615151 -0.487480079596 0
v -0.873384309305 -0.466057329275 0
v -0.882822838452 -0.469253333839 0
v -0.862450656054 -0.468722109943 0
v -0.8625 -0.45 0
v -0.8775002233 -0.450523254243 0
v -0.892500446601 -0.451046508486 0
v -0.891278650663 -0.472017733514 0
v -0.897656446258 -0.451226365722 0
v -0.880918880732 -0.4309181816 0
v -0.896985418374 -0.441943641272 0
v -0.8625 -0.43125 0
v -0.8625 -0.4125 0
v -0.88125 -0.4125 0
v -0.898927760889 -0.445097835168 0
v -0.88125 -0.39375 0
v -0.8625 -0.39375 0
v -0.8625 -0.375 0
v -0.88125 -0.375 0
v -0.88125 -0.35625 0
v -0.8625 -0.35625 0
v -0.8625 -0.3375 0
v -0.88125 -0.3375 0
v -0.881009615385 -0.317990384615 0
v -0.8625 -0.31725 0
v -0.881009615385 0.317990384615 0
v -0.8625 0.31725 0
v -0.8625 0.3375 0
v -0.88125 0.3375 0
v -0.88125 0.35625 0
v -0.8625 0.35625 0
v -0.8625 0.375 0
v -0.88125 0.375 0
v -0.88125 0.39375 0
v -0.8625 0.39375 0
v -0.8625 0.4125 0
v -0.88125 0.4125 0
v -0.880918880732 0.4309181816 0
v -0.8625 0.43125 0
v -0.8625 0.45 0
v -0.8775002233 0.450523254243 0
v -0.892500446601 0.451046508486 0
v -0.896985418374 0.441943641272 0
v -0.897656446258 0.451226365722 0
v -0.898927760889 0.445097835168 0
v -0.873384309305 0.466057329275 0
v -0.882822838452 0.469253333839 0
v -0.862450656054 0.468722109943 0
v -0.862401312107 0.487444219887 0
v -0.867773271205 0.487452189539 0
v -0.873145230303 0.487460159192 0
v -0.891278650663 0.472017733514 0
v -0.886572615151 0.487480079596 0
v -0.865998995558 0.493681964029 0
v -0.867797837283 0.4968008361 0
v -0.862425878185 0.496792866447 0
v -0.862450444263 0.506141513008 0
v -0.882388907527 0.507190710692 0
v -0.862475222132 0.515570756504 0
v -0.8625 0.525 0
v -0.88125 0.525 0
v -0.882009615385 0.543990384615 0
v -0.8625 0.54375 0
v -0.8625 0.5625 0
v -0.88275 0.5625 0
v -0.882009615385 0.581009615385 0
v -0.8625 0.58125 0
v -0.8625 0.6 0
v -0.88125 0.6 0
v -0.882009615385 0.618990384615 0
v -0.8625 0.61875 0
v -0.8625 0.6375 0
v -0.88275 0.6375 0
v -0.88175 0.65675 0
v -0.8625 0.65775 0
v -0.843990384615 -0.657009615385 0
v -0.825 -0.65625 0
v -0.825 -0.6375 0
v -0.84375 -0.6375 0
v -0.84375 -0.61875 0
v -0.825 -0.61875 0
v -0.825 -0.6 0
v -0.84375 -0.6 0
v -0.820576543649 -0.571536644506 0
v -0.819529002559 -0.564796093208 0
v -0.822713582489 -0.562906039027 0
v -0.824829642999 -0.565331287585 0
v -0.818481461469 -0.558055541911 0
v -0.823782101908 -0.558590736287 0
v -0.829082742348 -0.559125930663 0
v -0.842595576595 -0.580380270031 0
v -0.822788271825 -0.585768322253 0
v -0.845791371174 -0.560812965332 0
v -0.831948051103 -0.539530414237 0
v -0.840092484438 -0.542062965332 0
v -0.821740730734 -0.541527770955 0
v -0.825 -0.525 0
v -0.838051113264 -0.525 0
v -0.851102226527 -0.525 0
v -0.850460998278 -0.545914482477 0
v -0.856801113264 -0.525 0
v -0.842491770271 -0.505211805474 0
v -0.856776335395 -0.515570756504 0
v -0.825 -0.50625 0
v -0.825 -0.4875 0
v -0.843700656054 -0.487472109943 0
v -0.858684223597 -0.518713837669 0
v -0.843720687063 -0.468727823601 0
v -0.825 -0.46875 0
v -0.84375 -0.45 0
v -0.842990384615 -0.431009615385 0
v -0.84225 -0.4125 0
v -0.842990384615 -0.393990384615 0
v -0.84375 -0.375 0
v -0.842990384615 -0.356009615385 0
v -0.84225 -0.3375 0
v -0.84325 -0.31825 0
v -0.84325 0.31825 0
v -0.84225 0.3375 0
v -0.842990384615 0.356009615385 0
v -0.84375 0.375 0
v -0.842990384615 0.393990384615 0
v -0.84225 0.4125 0
v -0.842990384615 0.431009615385 0
v -0.84375 0.45 0
v -0.843720687063 0.468727823601 0
v -0.825 0.46875 0
v -0.825 0.4875 0
v -0.843700656054 0.487472109943 0
v -0.842491770271 0.505211805474 0
v -0.825 0.50625 0
v -0.825 0.525 0
v -0.838051113264 0.525 0
v -0.851102226527 0.525 0
v -0.856776335395 0.515570756504 0
v -0.856801113264 0.525 0
v -0.858684223597 0.518713837669 0
v -0.831948051103 0.539530414237 0
v -0.840092484438 0.542062965332 0
v -0.821740730734 0.541527770955 0
v -0.818481461469 0.558055541911 0
v -0.823782101908 0.558590736287 0
v -0.829082742348 0.559125930663 0
v -0.850460998278 0.545914482477 0
v -0.845791371174 0.560812965332 0
v -0.822713582489 0.562906039027 0
v -0.824829642999 0.565331287585 0
v -0.819529002559 0.564796093208 0
v -0.820576543649 0.571536644506 0
v -0.842595576595 0.580380270031 0
v -0.822788271825 0.585768322253 0
v -0.825 0.6 0
v -0.84375 0.6 0
v -0.84375 0.61875 0
v -0.825 0.61875 0
v -0.825 0.6375 0
v -0.84375 0.6375 0
v -0.843990384615 0.657009615385 0
v -0.825 0.65625 0
v -0.80675 -0.73175 0
v -0.7875 -0.73275 0
v -0.7875 -0.7125 0
v -0.80775 -0.7125 0
v -0.807009615385 -0.693990384615 0
v -0.7875 -0.69375 0
v -0.7875 -0.675 0
v -0.80625 -0.675 0
v -0.80625 -0.65625 0
v -0.7875 -0.65625 0
v -0.7875 -0.6375 0
v -0.80625 -0.6375 0
v -0.7875 -0.616314651781 0
v -0.7875 -0.608157325891 0
v -0.791666666666 -0.60543821726 0
v -0.79375 -0.608157325891 0
v -0.7875 -0.6 0
v -0.79375 -0.6 0
v -0.8 -0.6 0
v -0.807390099232 -0.619790691653 0
v -0.7875 -0.626907325891 0
v -0.8125 -0.6 0
v -0.801437777856 -0.577259742027 0
v -0.810288271825 -0.585768322253 0
v -0.7875 -0.58125 0
v -0.7875 -0.5625 0
v -0.802990730734 -0.560277770955 0
v -0.815192181216 -0.590512214835 0
v -0.804279583701 -0.542066084092 0
v -0.7875 -0.54375 0
v -0.7875 -0.525 0
v -0.80625 -0.525 0
v -0.80625 -0.50625 0
v -0.7875 -0.50625 0
v -0.7875 -0.4875 0
v -0.80625 -0.4875 0
v -0.806009615385 -0.467990384615 0
v -0.7875 -0.46725 0
v -0.806009615385 0.467990384615 0
v -0.7875 0.46725 0
v -0.7875 0.4875 0
v -0.80625 0.4875 0
v -0.80625 0.50625 0
v -0.7875 0.50625 0
v -0.7875 0.525 0
v -0.80625 0.525 0
v -0.804279583701 0.542066084092 0
v -0.7875 0.54375 0
v -0.7875 0.5625 0
v -0.802990730734 0.560277770955 0
v -0.801437777856 0.577259742027 0
v -0.7875 0.58125 0
v -0.7875 0.6 0
v -0.79375 0.6 0
v -0.8 0.6 0
v -0.810288271825 0.585768322253 0
v -0.8125 0.6 0
v -0.815192181216 0.590512214835 0
v -0.791666666666 0.60543821726 0
v -0.79375 0.608157325891 0
v -0.7875 0.608157325891 0
v -0.7875 0.616314651781 0
v -0.807390099232 0.619790691653 0
v -0.7875 0.626907325891 0
v -0.7875 0.6375 0
v -0.80625 0.6375 0
v -0.80625 0.65625 0
v -0.7875 0.65625 0
v -0.7875 0.675 0
v -0.80625 0.675 0
v -0.807009615385 0.693990384615 0
v -0.7875 0.69375 0
v -0.7875 0.7125 0
v -0.80775 0.7125 0
v -0.80675 0.73175 0
v -0.7875 0.73275 0
v -0.768990384615 -0.732009615385 0
v -0.75 -0.73125 0
v -0.75 -0.7125 0
v -0.76875 -0.7125 0
v -0.768835307235 -0.693830961049 0
v -0.750131264434 -0.693868137991 0
v -0.750262528868 -0.675236275981 0
v -0.768881264434 -0.675118137991 0
v -0.750165230209 -0.661250427135 0
v -0.750082615104 -0.649375213567 0
v -0.75687186184 -0.645416809045 0
v -0.76030779276 -0.649375213567 0
v -0.75 -0.6375 0
v -0.760225177656 -0.6375 0
v -0.770450355312 -0.6375 0
v -0.771286059419 -0.658557262133 0
v -0.750213879538 -0.668243351558 0
v -0.778975177656 -0.6375 0
v -0.766824587911 -0.61702772213 0
v -0.778975177656 -0.626907325891 0
v -0.75 -0.61875 0
v -0.75 -0.6 0
v -0.76875 -0.6 0
v -0.781816785104 -0.63043821726 0
v -0.76875 -0.58125 0
v -0.75 -0.58125 0
v -0.75 -0.5625 0
v -0.76875 -0.5625 0
v -0.76875 -0.54375 0
v -0.75 -0.54375 0
v -0.76875 -0.525 0
v -0.767990384615 -0.506009615385 0
v -0.76725 -0.4875 0
v -0.76825 -0.46825 0
v -0.76825 0.46825 0
v -0.76725 0.4875 0
v -0.767990384615 0.506009615385 0
v -0.76875 0.525 0
v -0.76875 0.54375 0
v -0.75 0.54375 0
v -0.75 0.5625 0
v -0.76875 0.5625 0
v -0.76875 0.58125 0
v -0.75 0.58125 0
v -0.75 0.6 0
v -0.76875 0.6 0
v -0.766824587911 0.61702772213 0
v -0.75 0.61875 0
v -0.75 0.6375 0
v -0.760225177656 0.6375 0
v -0.770450355312 0.6375 0
v -0.778975177656 0.626907325891 0
v -0.778975177656 0.6375 0
v -0.781816785104 0.63043821726 0
v -0.75687186184 0.645416809045 0
v -0.76030779276 0.649375213567 0
v -0.750082615104 0.649375213567 0
v -0.750165230209 0.661250427135 0
v -0.771286059419 0.658557262133 0
v -0.750213879538 0.668243351558 0
v -0.750262528868 0.675236275981 0
v -0.768881264434 0.675118137991 0
v -0.768835307235 0.693830961049 0
v -0.750131264434 0.693868137991 0
v -0.75 0.7125 0
v -0.76875 0.7125 0
v -0.768990384615 0.732009615385 0
v -0.75 0.73125 0
v -0.73175 -0.80675 0
v -0.7125 -0.80775 0
v -0.7125 -0.7875 0
v -0.73275 -0.7875 0
v -0.732009615385 -0.768990384615 0
v -0.7125 -0.76875 0
v -0.7125 -0.75 0
v -0.73125 -0.75 0
v -0.731661969087 -0.731661969087 0
v -0.71311795363 -0.73186795363 0
v -0.71373590726 -0.71373590726 0
v -0.73186795363 -0.71311795363 0
v -0.71332426374 -0.700834142119 0
v -0.71291213187 -0.687917071059 0
v -0.721165954279 -0.683663883518 0
v -0.725498931418 -0.687995825277 0
v -0.7125 -0.675 0
v -0.725086799548 -0.675078754218 0
v -0.737673599096 -0.675157508435 0
v -0.734608500495 -0.697097741687 0
v -0.7135300855 -0.707285024689 0
v -0.743968063982 -0.675196892208 0
v -0.730360701648 -0.655388212362 0
v -0.743919414652 -0.668203967785 0
v -0.7125 -0.65625 0
v -0.7125 -0.6375 0
v -0.73125 -0.6375 0
v -0.746033786058 -0.670548070517 0
v -0.73125 -0.61875 0
v -0.7125 -0.61875 0
v -0.7125 -0.6 0
v -0.73125 -0.6 0
v -0.73125 -0.58125 0
v -0.7125 -0.58125 0
v -0.7125 -0.5625 0
v -0.73125 -0.5625 0
v -0.731009615385 -0.542990384615 0
v -0.7125 -0.54225 0
v -0.731009615385 0.542990384615 0
v -0.7125 0.54225 0
v -0.7125 0.5625 0
v -0.73125 0.5625 0
v -0.73125 0.58125 0
v -0.7125 0.58125 0
v -0.7125 0.6 0
v -0.73125 0.6 0
v -0.73125 0.61875 0
v -0.7125 0.61875 0
v -0.7125 0.6375 0
v -0.73125 0.6375 0
v -0.730360701648 0.655388212362 0
v -0.7125 0.65625 0
v -0.7125 0.675 0
v -0.725086799548 0.675078754218 0
v -0.737673599096 0.675157508435 0
v -0.743919414652 0.668203967785 0
v -0.743968063982 0.675196892208 0
v -0.746033786058 0.670548070517 0
v -0.721165954279 0.683663883518 0
v -0.725498931418 0.687995825277 0
v -0.71291213187 0.687917071059 0
v -0.71332426374 0.700834142119 0
v -0.734608500495 0.697097741687 0
v -0.7135300855 0.707285024689 0
v -0.71373590726 0.71373590726 0
v -0.73186795363 0.71311795363 0
v -0.731661969087 0.731661969087 0
v -0.71311795363 0.73186795363 0
v -0.7125 0.75 0
v -0.73125 0.75 0
v -0.732009615385 0.768990384615 0
v -0.7125 0.76875 0
v -0.7125 0.7875 0
v -0.73275 0.7875 0
v -0.73175 0.80675 0
v -0.7125 0.80775 0
v -0.693990384615 -0.807009615385 0
v -0.675 -0.80625 0
v -0.675 -0.7875 0
v -0.69375 -0.7875 0
v -0.693830961049 -0.768835307235 0
v -0.675118137991 -0.768881264434 0
v -0.675236275981 -0.750262528868 0
v -0.693868137991 -0.750131264434 0
v -0.675157508435 -0.737673599096 0
v -0.675078754218 -0.725086799548 0
v -0.683663883518 -0.721165954279 0
v -0.687995825277 -0.725498931418 0
v -0.675 -0.7125 0
v -0.687917071059 -0.71291213187 0
v -0.700834142119 -0.71332426374 0
v -0.697097741687 -0.734608500495 0
v -0.675196892208 -0.743968063982 0
v -0.707285024689 -0.7135300855 0
v -0.69324301534 -0.69324301534 0
v -0.70707920293 -0.70707920293 0
v -0.675 -0.69375 0
v -0.69375 -0.675 0
v -0.709298104373 -0.709298104373 0
v -0.692990384615 -0.656009615385 0
v -0.69225 -0.6375 0
v -0.692990384615 -0.618990384615 0
v -0.69375 -0.6 0
v -0.692990384615 -0.581009615385 0
v -0.69225 -0.5625 0
v -0.69325 -0.54325 0
v -0.69325 0.54325 0
v -0.69225 0.5625 0
v -0.692990384615 0.581009615385 0
v -0.69375 0.6 0
v -0.692990384615 0.618990384615 0
v -0.69225 0.6375 0
v -0.692990384615 0.656009615385 0
v -0.69375 0.675 0
v -0.69324301534 0.69324301534 0
v -0.675 0.69375 0
v -0.675 0.7125 0
v -0.687917071059 0.71291213187 0
v -0.700834142119 0.71332426374 0
v -0.70707920293 0.70707920293 0
v -0.707285024689 0.7135300855 0
v -0.709298104373 0.709298104373 0
v -0.683663883518 0.721165954279 0
v -0.687995825277 0.725498931418 0
v -0.675078754218 0.725086799548 0
v -0.675157508435 0.737673599096 0
v -0.697097741687 0.734608500495 0
v -0.675196892208 0.743968063982 0
v -0.675236275981 0.750262528868 0
v -0.693868137991 0.750131264434 0
v -0.693830961049 0.768835307235 0
v -0.675118137991 0.768881264434 0
v -0.675 0.7875 0
v -0.69375 0.7875 0
v -0.693990384615 0.807009615385 0
v -0.675 0.80625 0
v -0.65675 -0.88175 0
v -0.6375 -0.88275 0
v -0.6375 -0.8625 0
v -0.65775 -0.8625 0
v -0.657009615385 -0.843990384615 0
v -0.6375 -0.84375 0
v -0.6375 -0.825 0
v -0.65625 -0.825 0
v -0.65625 -0.80625 0
v -0.6375 -0.80625 0
v -0.6375 -0.7875 0
v -0.65625 -0.7875 0
v -0.6375 -0.770450355312 0
v -0.6375 -0.760225177656 0
v -0.645416809045 -0.75687186184 0
v -0.649375213567 -0.76030779276 0
v -0.6375 -0.75 0
v -0.649375213567 -0.750082615104 0
v -0.661250427135 -0.750165230209 0
v -0.658557262133 -0.771286059419 0
v -0.6375 -0.778975177656 0
v -0.668243351558 -0.750213879538 0
v -0.655388212362 -0.730360701648 0
v -0.668203967785 -0.743919414652 0
v -0.6375 -0.73125 0
v -0.6375 -0.7125 0
v -0.65625 -0.7125 0
v -0.670548070517 -0.746033786058 0
v -0.656009615385 -0.692990384615 0
v -0.6375 -0.69225 0
v -0.656009615385 0.692990384615 0
v -0.6375 0.69225 0
v -0.6375 0.7125 0
v -0.65625 0.7125 0
v -0.655388212362 0.730360701648 0
v -0.6375 0.73125 0
v -0.6375 0.75 0
v -0.649375213567 0.750082615104 0
v -0.661250427135 0.750165230209 0
v -0.668203967785 0.743919414652 0
v -0.668243351558 0.750213879538 0
v -0.670548070517 0.746033786058 0
v -0.645416809045 0.75687186184 0
v -0.649375213567 0.76030779276 0
v -0.6375 0.760225177656 0
v -0.6375 0.770450355312 0
v -0.658557262133 0.771286059419 0
v -0.6375 0.778975177656 0
v -0.6375 0.7875 0
v -0.65625 0.7875 0
v -0.65625 0.80625 0
v -0.6375 0.80625 0
v -0.6375 0.825 0
v -0.65625 0.825 0
v -0.657009615385 0.843990384615 0
v -0.6375 0.84375 0
v -0.6375 0.8625 0
v -0.65775 0.8625 0
v -0.65675 0.88175 0
v -0.6375 0.88275 0
v -0.618990384615 -0.882009615385 0
v -0.6 -0.88125 0
v -0.6 -0.8625 0
v -0.61875 -0.8625 0
v -0.61875 -0.84375 0
v -0.6 -0.84375 0
v -0.6 -0.825 0
v -0.61875 -0.825 0
v -0.6 -0.8 0
v -0.6 -0.79375 0
v -0.60543821726 -0.791666666666 0
v -0.608157325891 -0.79375 0
v -0.6 -0.7875 0
v -0.608157325891 -0.7875 0
v -0.616314651781 -0.7875 0
v -0.619790691653 -0.807390099232 0
v -0.6 -0.8125 0
v -0.626907325891 -0.7875 0
v -0.61702772213 -0.766824587911 0
v -0.626907325891 -0.778975177656 0
v -0.6 -0.76875 0
v -0.6 -0.75 0
v -0.61875 -0.75 0
v -0.63043821726 -0.781816785104 0
v -0.61875 -0.73125 0
v -0.6 -0.73125 0
v -0.6 -0.7125 0
v -0.61875 -0.7125 0
v -0.618990384615 -0.692990384615 0
v -0.6 -0.69375 0
v -0.618990384615 0.692990384615 0
v -0.6 0.69375 0
v -0.6 0.7125 0
v -0.61875 0.7125 0
v -0.61875 0.73125 0
v -0.6 0.73125 0
v -0.6 0.75 0
v -0.61875 0.75 0
v -0.61702772213 0.766824587911 0
v -0.6 0.76875 0
v -0.6 0.7875 0
v -0.608157325891 0.7875 0
v -0.616314651781 0.7875 0
v -0.626907325891 0.778975177656 0
v -0.626907325891 0.7875 0
v -0.63043821726 0.781816785104 0
v -0.60543821726 0.791666666666 0
v -0.608157325891 0.79375 0
v -0.6 0.79375 0
v -0.6 0.8 0
v -0.619790691653 0.807390099232 0
v -0.6 0.8125 0
v -0.6 0.825 0
v -0.61875 0.825 0
v -0.61875 0.84375 0
v -0.6 0.84375 0
v -0.6 0.8625 0
v -0.61875 0.8625 0
v -0.618990384615 0.882009615385 0
v -0.6 0.88125 0
v -0.581009615385 -0.882009615385 0
v -0.5625 -0.88275 0
v -0.5625 -0.8625 0
v -0.58125 -0.8625 0
v -0.559125930663 -0.829082742348 0
v -0.558590736287 -0.823782101908 0
v -0.562906039027 -0.822713582489 0
v -0.565331287585 -0.824829642999 0
v -0.558055541911 -0.818481461469 0
v -0.564796093208 -0.819529002559 0
v -0.571536644506 -0.820576543649 0
v -0.580380270031 -0.842595576595 0
v -0.560812965332 -0.845791371174 0
v -0.585768322253 -0.822788271825 0
v -0.577259742027 -0.801437777856 0
v -0.585768322253 -0.810288271825 0
v -0.560277770955 -0.802990730734 0
v -0.5625 -0.7875 0
v -0.58125 -0.7875 0
v -0.590512214835 -0.815192181216 0
v -0.58125 -0.76875 0
v -0.5625 -0.76875 0
v -0.5625 -0.75 0
v -0.58125 -0.75 0
v -0.58125 -0.73125 0
v -0.5625 -0.73125 0
v -0.5625 -0.7125 0
v -0.58125 -0.7125 0
v -0.581009615385 -0.692990384615 0
v -0.5625 -0.69225 0
v -0.581009615385 0.692990384615 0
v -0.5625 0.69225 0
v -0.5625 0.7125 0
v -0.58125 0.7125 0
v -0.58125 0.73125 0
v -0.5625 0.73125 0
v -0.5625 0.75 0
v -0.58125 0.75 0
v -0.58125 0.76875 0
v -0.5625 0.76875 0
v -0.5625 0.7875 0
v -0.58125 0.7875 0
v -0.577259742027 0.801437777856 0
v -0.560277770955 0.802990730734 0
v -0.558055541911 0.818481461469 0
v -0.564796093208 0.819529002559 0
v -0.571536644506 0.820576543649 0
v -0.585768322253 0.810288271825 0
v -0.585768322253 0.822788271825 0
v -0.590512214835 0.815192181216 0
v -0.562906039027 0.822713582489 0
v -0.565331287585 0.824829642999 0
v -0.558590736287 0.823782101908 0
v -0.559125930663 0.829082742348 0
v -0.580380270031 0.842595576595 0
v -0.560812965332 0.845791371174 0
v -0.5625 0.8625 0
v -0.58125 0.8625 0
v -0.581009615385 0.882009615385 0
v -0.5625 0.88275 0
v -0.543990384615 -0.882009615385 0
v -0.525 -0.88125 0
v -0.525 -0.8625 0
v -0.54375 -0.8625 0
v -0.525 -0.851102226527 0
v -0.525 -0.838051113264 0
v -0.539530414237 -0.831948051103 0
v -0.542062965332 -0.840092484438 0
v -0.525 -0.825 0
v -0.541527770955 -0.821740730734 0
v -0.545914482477 -0.850460998278 0
v -0.525 -0.856801113264 0
v -0.542066084092 -0.804279583701 0
v -0.525 -0.80625 0
v -0.525 -0.7875 0
v -0.54375 -0.7875 0
v -0.54375 -0.76875 0
v -0.525 -0.76875 0
v -0.54375 -0.75 0
v -0.542990384615 -0.731009615385 0
v -0.54225 -0.7125 0
v -0.54325 -0.69325 0
v -0.54325 0.69325 0
v -0.54225 0.7125 0
v -0.542990384615 0.731009615385 0
v -0.54375 0.75 0
v -0.54375 0.76875 0
v -0.525 0.76875 0
v -0.525 0.7875 0
v -0.54375 0.7875 0
v -0.542066084092 0.804279583701 0
v -0.525 0.80625 0
v -0.525 0.825 0
v -0.541527770955 0.821740730734 0
v -0.539530414237 0.831948051103 0
v -0.525 0.838051113264 0
v -0.525 0.851102226527 0
v -0.542062965332 0.840092484438 0
v -0.525 0.856801113264 0
v -0.545914482477 0.850460998278 0
v -0.525 0.8625 0
v -0.54375 0.8625 0
v -0.543990384615 0.882009615385 0
v -0.525 0.88125 0
v -0.50675 -0.95675 0
v -0.4875 -0.95775 0
v -0.4875 -0.9375 0
v -0.50775 -0.9375 0
v -0.507009615385 -0.918990384615 0
v -0.4875 -0.91875 0
v -0.4875 -0.9 0
v -0.50625 -0.9 0
v -0.487460159192 -0.873145230303 0
v -0.487452189539 -0.867773271205 0
v -0.493681964029 -0.865998995558 0
v -0.4968008361 -0.867797837283 0
v -0.487444219887 -0.862401312107 0
v -0.496792866447 -0.862425878185 0
v -0.506141513008 -0.862450444263 0
v -0.507190710692 -0.882388907527 0
v -0.487480079596 -0.886572615151 0
v -0.515570756504 -0.862475222132 0
v -0.505211805474 -0.842491770271 0
v -0.515570756504 -0.856776335395 0
v -0.487472109943 -0.843700656054 0
v -0.4875 -0.825 0
v -0.50625 -0.825 0
v -0.518713837669 -0.858684223597 0
v -0.50625 -0.80625 0
v -0.4875 -0.80625 0
v -0.4875 -0.7875 0
v -0.50625 -0.7875 0
v -0.506009615385 -0.767990384615 0
v -0.4875 -0.76725 0
v -0.506009615385 0.767990384615 0
v -0.4875 0.76725 0
v -0.4875 0.7875 0
v -0.50625 0.7875 0
v -0.50625 0.80625 0
v -0.4875 0.80625 0
v -0.4875 0.825 0
v -0.50625 0.825 0
v -0.505211805474 0.842491770271 0
v -0.487472109943 0.843700656054 0
v -0.487444219887 0.862401312107 0
v -0.496792866447 0.862425878185 0
v -0.506141513008 0.862450444263 0
v -0.515570756504 0.856776335395 0
v -0.515570756504 0.862475222132 0
v -0.518713837669 0.858684223597 0
v -0.493681964029 0.865998995558 0
v -0.4968008361 0.867797837283 0
v -0.487452189539 0.867773271205 0
v -0.487460159192 0.873145230303 0
v -0.507190710692 0.882388907527 0
v -0.487480079596 0.886572615151 0
v -0.4875 0.9 0
v -0.50625 0.9 0
v -0.507009615385 0.918990384615 0
v -0.4875 0.91875 0
v -0.4875 0.9375 0
v -0.50775 0.9375 0
v -0.50675 0.95675 0
v -0.4875 0.95775 0
v -0.468990384615 -0.957009615385 0
v -0.45 -0.95625 0
v -0.45 -0.9375 0
v -0.46875 -0.9375 0
v -0.469342910641 -0.919563312317 0
v -0.450703111479 -0.920156222958 0
v -0.451406222958 -0.902812445915 0
v -0.469453111479 -0.901406222958 0
v -0.451046508486 -0.892500446601 0
v -0.450523254243 -0.8775002233 0
v -0.466057329275 -0.873384309305 0
v -0.469253333839 -0.882822838452 0
v -0.45 -0.8625 0
v -0.468722109943 -0.862450656054 0
v -0.472017733514 -0.891278650663 0
v -0.451226365722 -0.897656446258 0
v -0.468727823601 -0.843720687063 0
v -0.45 -0.84375 0
v -0.46875 -0.825 0
v -0.467990384615 -0.806009615385 0
v -0.46725 -0.7875 0
v -0.46825 -0.76825 0
v -0.46825 0.76825 0
v -0.46725 0.7875 0
v -0.467990384615 0.806009615385 0
v -0.46875 0.825 0
v -0.468727823601 0.843720687063 0
v -0.45 0.84375 0
v -0.45 0.8625 0
v -0.468722109943 0.862450656054 0
v -0.466057329275 0.873384309305 0
v -0.450523254243 0.8775002233 0
v -0.451046508486 0.892500446601 0
v -0.469253333839 0.882822838452 0
v -0.451226365722 0.897656446258 0
v -0.472017733514 0.891278650663 0
v -0.451406222958 0.902812445915 0
v -0.469453111479 0.901406222958 0
v -0.469342910641 0.919563312317 0
v -0.450703111479 0.920156222958 0
v -0.45 0.9375 0
v -0.46875 0.9375 0
v -0.468990384615 0.957009615385 0
v -0.45 0.95625 0
v -0.431009615385 -0.957009615385 0
v -0.4125 -0.95775 0
v -0.4125 -0.9375 0
v -0.43125 -0.9375 0
v -0.4125 -0.91095760055 0
v -0.4125 -0.905478800275 0
v -0.419280258019 -0.904142663566 0
v -0.422670387029 -0.906213995349 0
v -0.4125 -0.9 0
v -0.422670387029 -0.900735195074 0
v -0.432840774058 -0.901470390148 0
v -0.432421814746 -0.92066347316 0
v -0.4125 -0.924228800275 0
v -0.442123498508 -0.902141418031 0
v -0.4309181816 -0.880918880732 0
v -0.441943641272 -0.896985418374 0
v -0.4125 -0.88125 0
v -0.4125 -0.8625 0
v -0.43125 -0.8625 0
v -0.445097835168 -0.898927760888 0
v -0.431009615385 -0.842990384615 0
v -0.4125 -0.84225 0
v -0.431009615385 0.842990384615 0
v -0.4125 0.84225 0
v -0.4125 0.8625 0
v -0.43125 0.8625 0
v -0.4309181816 0.880918880732 0
v -0.4125 0.88125 0
v -0.4125 0.9 0
v -0.422670387029 0.900735195074 0
v -0.432840774058 0.901470390148 0
v -0.441943641272 0.896985418374 0
v -0.442123498508 0.902141418031 0
v -0.445097835168 0.898927760889 0
v -0.419280258019 0.904142663566 0
v -0.422670387029 0.906213995349 0
v -0.4125 0.905478800275 0
v -0.4125 0.91095760055 0
v -0.432421814746 0.92066347316 0
v -0.4125 0.924228800275 0
v -0.4125 0.9375 0
v -0.43125 0.9375 0
v -0.431009615385 0.957009615385 0
v -0.4125 0.95775 0
v -0.393990384615 -0.957009615385 0
v -0.375 -0.95625 0
v -0.375 -0.9375 0
v -0.39375 -0.9375 0
v -0.375 -0.927024810887 0
v -0.375 -0.913512405443 0
v -0.391106142993 -0.910061994948 0
v -0.39375 -0.918991205719 0
v -0.375 -0.9 0
v -0.39375 -0.9 0
v -0.396462766242 -0.927664448382 0
v -0.375 -0.932262405443 0
v -0.39375 -0.88125 0
v -0.375 -0.88125 0
v -0.375 -0.8625 0
v -0.39375 -0.8625 0
v -0.393990384615 -0.842990384615 0
v -0.375 -0.84375 0
v -0.393990384615 0.842990384615 0
v -0.375 0.84375 0
v -0.375 0.8625 0
v -0.39375 0.8625 0
v -0.39375 0.88125 0
v -0.375 0.88125 0
v -0.375 0.9 0
v -0.39375 0.9 0
v -0.391106142993 0.910061994948 0
v -0.375 0.913512405443 0
v -0.375 0.927024810887 0
v -0.39375 0.918991205719 0
v -0.375 0.932262405443 0
v -0.396462766242 0.927664448382 0
v -0.375 0.9375 0
v -0.39375 0.9375 0
v -0.393990384615 0.957009615385 0
v -0.375 0.95625 0
v -0.35675 -1.03175 0
v -0.3375 -1.03275 0
v -0.3375 -1.0125 0
v -0.35775 -1.0125 0
v -0.357009615385 -0.993990384615 0
v -0.3375 -0.99375 0
v -0.3375 -0.975 0
v -0.35625 -0.975 0
v -0.335990402947 -0.941865409242 0
v -0.335767188102 -0.936966000812 0
v -0.342255703257 -0.936236630786 0
v -0.345611568256 -0.938321649988 0
v -0.335543973258 -0.932066592382 0
v -0.345388353412 -0.933422241558 0
v -0.355232733565 -0.934777890733 0
v -0.356199436401 -0.95592431623 0
v -0.336745201474 -0.958432704621 0
v -0.365116366783 -0.936138945367 0
v -0.355225786027 -0.91628646571 0
v -0.365116366783 -0.93090135081 0
v -0.336521986629 -0.916033296191 0
v -0.3375 -0.9 0
v -0.35625 -0.9 0
v -0.368410911188 -0.93310090054 0
v -0.35625 -0.88125 0
v -0.3375 -0.88125 0
v -0.3375 -0.8625 0
v -0.35625 -0.8625 0
v -0.356009615385 -0.842990384615 0
v -0.3375 -0.84225 0
v -0.356009615385 0.842990384615 0
v -0.3375 0.84225 0
v -0.3375 0.8625 0
v -0.35625 0.8625 0
v -0.35625 0.88125 0
v -0.3375 0.88125 0
v -0.3375 0.9 0
v -0.35625 0.9 0
v -0.355225786027 0.91628646571 0
v -0.336521986629 0.916033296191 0
v -0.335543973258 0.932066592382 0
v -0.345388353412 0.933422241558 0
v -0.355232733565 0.934777890733 0
v -0.365116366783 0.93090135081 0
v -0.365116366783 0.936138945367 0
v -0.368410911188 0.93310090054 0
v -0.342255703257 0.936236630786 0
v -0.345611568256 0.938321649988 0
v -0.335767188102 0.936966000812 0
v -0.335990402947 0.941865409242 0
v -0.356199436401 0.95592431623 0
v -0.336745201474 0.958432704621 0
v -0.3375 0.975 0
v -0.35625 0.975 0
v -0.357009615385 0.993990384615 0
v -0.3375 0.99375 0
v -0.3375 1.0125 0
v -0.35775 1.0125 0
v -0.35675 1.03175 0
v -0.3375 1.03275 0
v -0.318990384615 -1.03200961538 0
v -0.3 -1.03125 0
v -0.3 -1.0125 0
v -0.31875 -1.0125 0
v -0.31875 -0.99375 0
v -0.3 -0.99375 0
v -0.3 -0.975 0
v -0.31875 -0.975 0
v -0.3 -0.953939201417 0
v -0.3 -0.945719600708 0
v -0.316406185092 -0.941721478163 0
v -0.317995201474 -0.94790230533 0
v -0.3 -0.9375 0
v -0.317771986629 -0.934783296191 0
v -0.319760648595 -0.961295212374 0
v -0.3 -0.964469600708 0
v -0.317776537919 -0.917260317295 0
v -0.3 -0.91875 0
v -0.31875 -0.9 0
v -0.317990384615 -0.881009615385 0
v -0.31725 -0.8625 0
v -0.31825 -0.84325 0
v -0.31825 0.84325 0
v -0.31725 0.8625 0
v -0.317990384615 0.881009615385 0
v -0.31875 0.9 0
v -0.317776537919 0.917260317295 0
v -0.3 0.91875 0
v -0.3 0.9375 0
v -0.317771986629 0.934783296191 0
v -0.316406185092 0.941721478163 0
v -0.3 0.945719600708 0
v -0.3 0.953939201417 0
v -0.317995201474 0.94790230533 0
v -0.3 0.964469600708 0
v -0.319760648595 0.961295212374 0
v -0.3 0.975 0
v -0.31875 0.975 0
v -0.31875 0.99375 0
v -0.3 0.99375 0
v -0.3 1.0125 0
v -0.31875 1.0125 0
v -0.318990384615 1.03200961538 0
v -0.3 1.03125 0
v -0.281009615385 -1.03200961538 0
v -0.2625 -1.03275 0
v -0.2625 -1.0125 0
v -0.28125 -1.0125 0
v -0.28125 -0.99375 0
v -0.2625 -0.99375 0
v -0.2625 -0.975 0
v -0.28125 -0.975 0
v -0.2625 -0.964931992422 0
v -0.2625 -0.951215996211 0
v -0.279683939499 -0.948697336804 0
v -0.28125 -0.95943559692 0
v -0.2625 -0.9375 0
v -0.28125 -0.9375 0
v -0.283457117852 -0.966894299989 0
v -0.2625 -0.969965996211 0
v -0.281009615385 -0.917990384615 0
v -0.2625 -0.91725 0
v -0.281009615385 0.917990384615 0
v -0.2625 0.91725 0
v -0.2625 0.9375 0
v -0.28125 0.9375 0
v -0.279683939499 0.948697336804 0
v -0.2625 0.951215996211 0
v -0.2625 0.964931992422 0
v -0.28125 0.95943559692 0
v -0.2625 0.969965996211 0
v -0.283457117852 0.966894299989 0
v -0.2625 0.975 0
v -0.28125 0.975 0
v -0.28125 0.99375 0
v -0.2625 0.99375 0
v -0.2625 1.0125 0
v -0.28125 1.0125 0
v -0.281009615385 1.03200961538 0
v -0.2625 1.03275 0
v -0.243990384615 -1.03200961538 0
v -0.225 -1.03125 0
v -0.225 -1.0125 0
v -0.24375 -1.0125 0
v -0.245041310844 -0.995956581732 0
v -0.225983782287 -0.998013056577 0
v -0.226967564574 -0.983526113154 0
v -0.244733782287 -0.979263056577 0
v -0.226560212596 -0.973997161222 0
v -0.225780106298 -0.955748580611 0
v -0.24325410013 -0.953494516437 0
v -0.244530106298 -0.969464576822 0
v -0.225 -0.9375 0
v -0.24375 -0.9375 0
v -0.244764428776 -0.974321644945 0
v -0.226763888585 -0.978761637188 0
v -0.243990384615 -0.917990384615 0
v -0.225 -0.91875 0
v -0.243990384615 0.917990384615 0
v -0.225 0.91875 0
v -0.225 0.9375 0
v -0.24375 0.9375 0
v -0.24325410013 0.953494516437 0
v -0.225780106298 0.955748580611 0
v -0.226560212596 0.973997161222 0
v -0.244530106298 0.969464576822 0
v -0.226763888585 0.978761637188 0
v -0.244764428776 0.974321644945 0
v -0.226967564574 0.983526113154 0
v -0.244733782287 0.979263056577 0
v -0.245041310844 0.995956581732 0
v -0.225983782287 0.998013056577 0
v -0.225 1.0125 0
v -0.24375 1.0125 0
v -0.243990384615 1.03200961538 0
v -0.225 1.03125 0
v -0.206009615385 -1.03200961538 0
v -0.1875 -1.03275 0
v -0.1875 -1.0125 0
v -0.20625 -1.0125 0
v -0.187178458287 -0.98232592593 0
v -0.187127703811 -0.977563031235 0
v -0.193879264706 -0.977795340215 0
v -0.197280422392 -0.980292942053 0
v -0.187076949335 -0.97280013654 0
v -0.197229667916 -0.975530047358 0
v -0.207382386498 -0.978259958176 0
v -0.206586803386 -0.996344818176 0
v -0.187339229143 -0.997412962965 0
v -0.217174975536 -0.980893035665 0
v -0.206664605578 -0.956860680956 0
v -0.216971299547 -0.976128559699 0
v -0.187288474667 -0.95515006827 0
v -0.1875 -0.9375 0
v -0.20625 -0.9375 0
v -0.220303387889 -0.978594410851 0
v -0.206009615385 -0.917990384615 0
v -0.1875 -0.91725 0
v -0.206009615385 0.917990384615 0
v -0.1875 0.91725 0
v -0.1875 0.9375 0
v -0.20625 0.9375 0
v -0.206664605578 0.956860680956 0
v -0.187288474667 0.95515006827 0
v -0.187076949335 0.97280013654 0
v -0.197229667916 0.975530047358 0
v -0.207382386498 0.978259958176 0
v -0.216971299547 0.976128559699 0
v -0.217174975536 0.980893035665 0
v -0.220303387889 0.978594410851 0
v -0.193879264706 0.977795340215 0
v -0.197280422392 0.980292942053 0
v -0.187127703811 0.977563031235 0
v -0.187178458287 0.98232592593 0
v -0.206586803386 0.996344818176 0
v -0.187339229143 0.997412962965 0
v -0.1875 1.0125 0
v -0.20625 1.0125 0
v -0.206009615385 1.03200961538 0
v -0.1875 1.03275 0
v -0.168990384615 -1.03200961538 0
v -0.15 -1.03125 0
v -0.15 -1.0125 0
v -0.16875 -1.0125 0
v -0.15 -0.988685996664 0
v -0.15 -0.981842998332 0
v -0.167458486858 -0.979833556036 0
v -0.168589229143 -0.985505961297 0
v -0.15 -0.975 0
v -0.168538474667 -0.97390006827 0
v -0.169405624885 -0.998957386799 0
v -0.15 -1.00059299833 0
v -0.168455549468 -0.955670145823 0
v -0.15 -0.95625 0
v -0.15 -0.9375 0
v -0.16875 -0.9375 0
v -0.168990384615 -0.917990384615 0
v -0.15 -0.91875 0
v -0.168990384615 0.917990384615 0
v -0.15 0.91875 0
v -0.15 0.9375 0
v -0.16875 0.9375 0
v -0.168455549468 0.955670145823 0
v -0.15 0.95625 0
v -0.15 0.975 0
v -0.168538474667 0.97390006827 0
v -0.167458486858 0.979833556036 0
v -0.15 0.981842998332 0
v -0.15 0.988685996664 0
v -0.168589229143 0.985505961297 0
v -0.15 1.00059299833 0
v -0.169405624885 0.998957386799 0
v -0.15 1.0125 0
v -0.16875 1.0125 0
v -0.168990384615 1.03200961538 0
v -0.15 1.03125 0
v -0.131009615385 -1.03200961538 0
v -0.1125 -1.03275 0
v -0.1125 -1.0125 0
v -0.13125 -1.0125 0
v -0.1125 -0.9936517247 0
v -0.1125 -0.98432586235 0
v -0.130290260138 -0.983147974436 0
v -0.13125 -0.991168860682 0
v -0.1125 -0.975 0
v -0.13125 -0.975 0
v -0.131977476385 -1.00178626434 0
v -0.1125 -1.00307586235 0
v -0.13125 -0.95625 0
v -0.1125 -0.95625 0
v -0.1125 -0.9375 0
v -0.13125 -0.9375 0
v -0.131009615385 -0.917990384615 0
v -0.1125 -0.91725 0
v -0.131009615385 0.917990384615 0
v -0.1125 0.91725 0
v -0.1125 0.9375 0
v -0.13125 0.9375 0
v -0.13125 0.95625 0
v -0.1125 0.95625 0
v -0.1125 0.975 0
v -0.13125 0.975 0
v -0.130290260138 0.983147974436 0
v -0.1125 0.98432586235 0
v -0.1125 0.9936517247 0
v -0.13125 0.991168860682 0
v -0.1125 1.00307586235 0
v -0.131977476385 1.00178626434 0
v -0.1125 1.0125 0
v -0.13125 1.0125 0
v -0.131009615385 1.03200961538 0
v -0.1125 1.03275 0
v -0.0939903846154 -1.03200961538 0
v -0.075 -1.03125 0
v -0.075 -1.0125 0
v -0.09375 -1.0125 0
v -0.075 -0.997183533759 0
v -0.075 -0.986091766879 0
v -0.0932094424659 -0.985234269895 0
v -0.09375 -0.99541762923 0
v -0.075 -0.975 0
v -0.09375 -0.975 0
v -0.0943960990372 -1.0039283893 0
v -0.075 -1.00484176688 0
v -0.09375 -0.95625 0
v -0.075 -0.95625 0
v -0.075 -0.9375 0
v -0.09375 -0.9375 0
v -0.0939903846154 -0.917990384615 0
v -0.075 -0.91875 0
v -0.0939903846154 0.917990384615 0
v -0.075 0.91875 0
v -0.075 0.9375 0
v -0.09375 0.9375 0
v -0.09375 0.95625 0
v -0.075 0.95625 0
v -0.075 0.975 0
v -0.09375 0.975 0
v -0.0932094424659 0.985234269895 0
v -0.075 0.986091766879 0
v -0.075 0.997183533759 0
v -0.09375 0.99541762923 0
v -0.075 1.00484176688 0
v -0.0943960990372 1.0039283893 0
v -0.075 1.0125 0
v -0.09375 1.0125 0
v -0.0939903846154 1.03200961538 0
v -0.075 1.03125 0
v -0.0560096153846 -1.03200961538 0
v -0.0375 -1.03275 0
v -0.0375 -1.0125 0
v -0.05625 -1.0125 0
v -0.0375 -0.999296627634 0
v -0.0375 -0.987148313817 0
v -0.0559658607819 -0.986628045853 0
v -0.05625 -0.998240080696 0
v -0.0375 -0.975 0
v -0.05625 -0.975 0
v -0.0567130754367 -1.00535699339 0
v -0.0375 -1.00589831382 0
v -0.05625 -0.95625 0
v -0.0375 -0.95625 0
v -0.0375 -0.9375 0
v -0.05625 -0.9375 0
v -0.0560096153846 -0.917990384615 0
v -0.0375 -0.91725 0
v -0.0560096153846 0.917990384615 0
v -0.0375 0.91725 0
v -0.0375 0.9375 0
v -0.05625 0.9375 0
v -0.05625 0.95625 0
v -0.0375 0.95625 0
v -0.0375 0.975 0
v -0.05625 0.975 0
v -0.0559658607819 0.986628045853 0
v -0.0375 0.987148313817 0
v -0.0375 0.999296627634 0
v -0.05625 0.998240080696 0
v -0.0375 1.00589831382 0
v -0.0567130754367 1.00535699339 0
v -0.0375 1.0125 0
v -0.05625 1.0125 0
v -0.0560096153846 1.03200961538 0
v -0.0375 1.03275 0
v -0.0189903846154 -1.03200961538 0
v 0 -1.03125 0
v -0 -1.0125 0
v -0.01875 -1.0125 0
v -0 -1 0
v -0 -0.9875 0
v -0.0186608239752 -0.987324993228 0
v -0.01875 -0.999648313817 0
v -0 -0.975 0
v -0.01875 -0.975 0
v -0.0189210311482 -1.00607255293 0
v -0 -1.00625 0
v -0.01875 -0.95625 0
v -0 -0.95625 0
v -0 -0.9375 0
v -0.01875 -0.9375 0
v -0.0189903846154 -0.917990384615 0
v 0 -0.91875 0
v -0.0189903846154 0.917990384615 0
v -0 0.91875 0
v -0 0.9375 0
v -0.01875 0.9375 0
v -0.01875 0.95625 0
v -0 0.95625 0
v -0 0.975 0
v -0.01875 0.975 0
v -0.0186608239752 0.987324993228 0
v 0 0.9875 0
v 0 1 0
v -0.01875 0.999648313817 0
v 0 1.00625 0
v -0.0189210311482 1.00607255293 0
v 0 1.0125 0
v -0.01875 1.0125 0
v -0.0189903846154 1.03200961538 0
v 0 1.03125 0
v 0.0189903846154 -1.03200961538 0
v 0.0375 -1.03275 0
v 0.0375 -1.0125 0
v 0.01875 -1.0125 0
v 0.0375 -0.999296627634 0
v 0.0375 -0.987148313817 0
v 0.0186608239752 -0.987324993228 0
v 0.01875 -0.999648313817 0
v 0.0375 -0.975 0
v 0.01875 -0.975 0
v 0.0189210311482 -1.00607255293 0
v 0.0375 -1.00589831382 0
v 0.01875 -0.95625 0
v 0.0375 -0.95625 0
v 0.0375 -0.9375 0
v 0.01875 -0.9375 0
v 0.0189903846154 -0.917990384615 0
v 0.0375 -0.91725 0
v 0.0189903846154 0.917990384615 0
v 0.0375 0.91725 0
v 0.0375 0.9375 0
v 0.01875 0.9375 0
v 0.01875 0.95625 0
v 0.0375 0.95625 0
v 0.0375 0.975 0
v 0.01875 0.975 0
v 0.0186608239752 0.987324993228 0
v 0.0375 0.987148313817 0
v 0.0375 0.999296627634 0
v 0.01875 0.999648313817 0
v 0.0375 1.00589831382 0
v 0.0189210311482 1.00607255293 0
v 0.0375 1.0125 0
v 0.01875 1.0125 0
v 0.0189903846154 1.03200961538 0
v 0.0375 1.03275 0
v 0.0560096153846 -1.03200961538 0
v 0.075 -1.03125 0
v 0.075 -1.0125 0
v 0.05625 -1.0125 0
v 0.075 -0.997183533759 0
v 0.075 -0.986091766879 0
v 0.0559658607819 -0.986628045853 0
v 0.05625 -0.998240080696 0
v 0.075 -0.975 0
v 0.05625 -0.975 0
v 0.0567130754367 -1.00535699339 0
v 0.075 -1.00484176688 0
v 0.05625 -0.95625 0
v 0.075 -0.95625 0
v 0.075 -0.9375 0
v 0.05625 -0.9375 0
v 0.0560096153846 -0.917990384615 0
v 0.075 -0.91875 0
v 0.0560096153846 0.917990384615 0
v 0.075 0.91875 0
v 0.075 0.9375 0
v 0.05625 0.9375 0
v 0.05625 0.95625 0
v 0.075 0.95625 0
v 0.075 0.975 0
v 0.05625 0.975 0
v 0.0559658607819 0.986628045853 0
v 0.075 0.986091766879 0
v 0.075 0.997183533759 0
v 0.05625 0.998240080696 0
v 0.075 1.00484176688 0
v 0.0567130754367 1.00535699339 0
v 0.075 1.0125 0
v 0.05625 1.0125 0
v 0.0560096153846 1.03200961538 0
v 0.075 1.03125 0
v 0.0939903846154 -1.03200961538 0
v 0.1125 -1.03275 0
v 0.1125 -1.0125 0
v 0.09375 -1.0125 0
v 0.1125 -0.9936517247 0
v 0.1125 -0.98432586235 0
v 0.0932094424659 -0.985234269895 0
v 0.09375 -0.99541762923 0
v 0.1125 -0.975 0
v 0.09375 -0.975 0
v 0.0943960990372 -1.0039283893 0
v 0.1125 -1.00307586235 0
v 0.09375 -0.95625 0
v 0.1125 -0.95625 0
v 0.1125 -0.9375 0
v 0.09375 -0.9375 0
v 0.0939903846154 -0.917990384615 0
v 0.1125 -0.91725 0
v 0.0939903846154 0.917990384615 0
v 0.1125 0.91725 0
v 0.1125 0.9375 0
v 0.09375 0.9375 0
v 0.09375 0.95625 0
v 0.1125 0.95625 0
v 0.1125 0.975 0
v 0.09375 0.975 0
v 0.0932094424659 0.985234269895 0
v 0.1125 0.98432586235 0
v 0.1125 0.9936517247 0
v 0.09375 0.99541762923 0
v 0.1125 1.00307586235 0
v 0.0943960990372 1.0039283893 0
v 0.1125 1.0125 0
v 0.09375 1.0125 0
v 0.0939903846154 1.03200961538 0
v 0.1125 1.03275 0
v 0.131009615385 -1.03200961538 0
v 0.15 -1.03125 0
v 0.15 -1.0125 0
v 0.13125 -1.0125 0
v 0.15 -0.988685996664 0
v 0.15 -0.981842998332 0
v 0.130290260138 -0.983147974436 0
v 0.13125 -0.991168860682 0
v 0.15 -0.975 0
v 0.13125 -0.975 0
v 0.131977476385 -1.00178626434 0
v 0.15 -1.00059299833 0
v 0.13125 -0.95625 0
v 0.15 -0.95625 0
v 0.15 -0.9375 0
v 0.13125 -0.9375 0
v 0.131009615385 -0.917990384615 0
v 0.15 -0.91875 0
v 0.131009615385 0.917990384615 0
v 0.15 0.91875 0
v 0.15 0.9375 0
v 0.13125 0.9375 0
v 0.13125 0.95625 0
v 0.15 0.95625 0
v 0.15 0.975 0
v 0.13125 0.975 0
v 0.130290260138 0.983147974436 0
v 0.15 0.981842998332 0
v 0.15 0.988685996664 0
v 0.13125 0.991168860682 0
v 0.15 1.00059299833 0
v 0.131977476385 1.00178626434 0
v 0.15 1.0125 0
v 0.13125 1.0125 0
v 0.131009615385 1.03200961538 0
v 0.15 1.03125 0
v 0.168990384615 -1.03200961538 0
v 0.1875 -1.03275 0
v 0.1875 -1.0125 0
v 0.16875 -1.0125 0
v 0.187178458287 -0.98232592593 0
v 0.187127703811 -0.977563031235 0
v 0.167458486858 -0.979833556036 0
v 0.168589229143 -0.985505961297 0
v 0.187076949335 -0.97280013654 0
v 0.168538474667 -0.97390006827 0
v 0.169405624885 -0.998957386799 0
v 0.187339229143 -0.997412962965 0
v 0.168455549468 -0.955670145823 0
v 0.187288474667 -0.95515006827 0
v 0.1875 -0.9375 0
v 0.16875 -0.9375 0
v 0.168990384615 -0.917990384615 0
v 0.1875 -0.91725 0
v 0.168990384615 0.917990384615 0
v 0.1875 0.91725 0
v 0.1875 0.9375 0
v 0.16875 0.9375 0
v 0.168455549468 0.955670145823 0
v 0.187288474667 0.95515006827 0
v 0.187076949335 0.97280013654 0
v 0.168538474667 0.97390006827 0
v 0.167458486858 0.979833556036 0
v 0.187127703811 0.977563031235 0
v 0.187178458287 0.98232592593 0
v 0.168589229143 0.985505961297 0
v 0.187339229143 0.997412962965 0
v 0.169405624885 0.998957386799 0
v 0.1875 1.0125 0
v 0.16875 1.0125 0
v 0.168990384615 1.03200961538 0
v 0.1875 1.03275 0
v 0.206009615385 -1.03200961538 0
v 0.225 -1.03125 0
v 0.225 -1.0125 0
v 0.20625 -1.0125 0
v 0.207382386498 -0.978259958176 0
v 0.197229667916 -0.975530047358 0
v 0.193879264706 -0.977795340215 0
v 0.197280422392 -0.980292942053 0
v 0.206586803386 -0.996344818176 0
v 0.225983782287 -0.998013056577 0
v 0.226967564574 -0.983526113154 0
v 0.217174975536 -0.980893035665 0
v 0.206664605578 -0.956860680956 0
v 0.216971299547 -0.976128559699 0
v 0.226560212596 -0.973997161222 0
v 0.225780106298 -0.955748580611 0
v 0.225 -0.9375 0
v 0.20625 -0.9375 0
v 0.220303387889 -0.978594410851 0
v 0.226763888585 -0.978761637188 0
v 0.206009615385 -0.917990384615 0
v 0.225 -0.91875 0
v 0.206009615385 0.917990384615 0
v 0.225 0.91875 0
v 0.225 0.9375 0
v 0.20625 0.9375 0
v 0.206664605578 0.956860680956 0
v 0.225780106298 0.955748580611 0
v 0.226560212596 0.973997161222 0
v 0.216971299547 0.976128559699 0
v 0.207382386498 0.978259958176 0
v 0.197229667916 0.975530047358 0
v 0.226763888585 0.978761637188 0
v 0.220303387889 0.978594410851 0
v 0.226967564574 0.983526113154 0
v 0.217174975536 0.980893035665 0
v 0.193879264707 0.977795340216 0
v 0.197280422392 0.980292942053 0
v 0.206586803386 0.996344818176 0
v 0.225983782287 0.998013056577 0
v 0.225 1.0125 0
v 0.20625 1.0125 0
v 0.206009615385 1.03200961538 0
v 0.225 1.03125 0
v 0.243990384615 -1.03200961538 0
v 0.2625 -1.03275 0
v 0.2625 -1.0125 0
v 0.24375 -1.0125 0
v 0.245041310844 -0.995956581732 0
v 0.2625 -0.99375 0
v 0.2625 -0.975 0
v 0.244733782287 -0.979263056577 0
v 0.2625 -0.964931992422 0
v 0.2625 -0.951215996211 0
v 0.24325410013 -0.953494516437 0
v 0.244530106298 -0.969464576822 0
v 0.2625 -0.9375 0
v 0.24375 -0.9375 0
v 0.244764428776 -0.974321644945 0
v 0.2625 -0.969965996211 0
v 0.243990384615 -0.917990384615 0
v 0.2625 -0.91725 0
v 0.243990384615 0.917990384615 0
v 0.2625 0.91725 0
v 0.2625 0.9375 0
v 0.24375 0.9375 0
v 0.24325410013 0.953494516437 0
v 0.2625 0.951215996211 0
v 0.2625 0.964931992422 0
v 0.244530106298 0.969464576822 0
v 0.2625 0.969965996211 0
v 0.244764428776 0.974321644945 0
v 0.2625 0.975 0
v 0.244733782287 0.979263056577 0
v 0.245041310844 0.995956581732 0
v 0.2625 0.99375 0
v 0.2625 1.0125 0
v 0.24375 1.0125 0
v 0.243990384615 1.03200961538 0
v 0.2625 1.03275 0
v 0.281009615385 -1.03200961538 0
v 0.3 -1.03125 0
v 0.3 -1.0125 0
v 0.28125 -1.0125 0
v 0.28125 -0.99375 0
v 0.3 -0.99375 0
v 0.3 -0.975 0
v 0.28125 -0.975 0
v 0.3 -0.953939201417 0
v 0.3 -0.945719600708 0
v 0.279683939499 -0.948697336804 0
v 0.28125 -0.95943559692 0
v 0.3 -0.9375 0
v 0.28125 -0.9375 0
v 0.283457117852 -0.966894299989 0
v 0.3 -0.964469600708 0
v 0.281009615385 -0.917990384615 0
v 0.3 -0.91875 0
v 0.281009615385 0.917990384615 0
v 0.3 0.91875 0
v 0.3 0.9375 0
v 0.28125 0.9375 0
v 0.279683939499 0.948697336804 0
v 0.3 0.945719600708 0
v 0.3 0.953939201417 0
v 0.28125 0.95943559692 0
v 0.3 0.964469600708 0
v 0.283457117852 0.966894299989 0
v 0.3 0.975 0
v 0.28125 0.975 0
v 0.28125 0.99375 0
v 0.3 0.99375 0
v 0.3 1.0125 0
v 0.28125 1.0125 0
v 0.281009615385 1.03200961538 0
v 0.3 1.03125 0
v 0.318990384615 -1.03200961538 0
v 0.3375 -1.03275 0
v 0.3375 -1.0125 0
v 0.31875 -1.0125 0
v 0.31875 -0.99375 0
v 0.3375 -0.99375 0
v 0.3375 -0.975 0
v 0.31875 -0.975 0
v 0.335990402947 -0.941865409242 0
v 0.335767188102 -0.936966000812 0
v 0.316406185092 -0.941721478163 0
v 0.317995201474 -0.94790230533 0
v 0.335543973258 -0.932066592382 0
v 0.317771986629 -0.934783296191 0
v 0.319760648595 -0.961295212374 0
v 0.336745201474 -0.958432704621 0
v 0.317776537919 -0.917260317295 0
v 0.336521986629 -0.916033296191 0
v 0.3375 -0.9 0
v 0.31875 -0.9 0
v 0.317990384615 -0.881009615385 0
v 0.3375 -0.88125 0
v 0.3375 -0.8625 0
v 0.31725 -0.8625 0
v 0.31825 -0.84325 0
v 0.3375 -0.84225 0
v 0.31825 0.84325 0
v 0.3375 0.84225 0
v 0.3375 0.8625 0
v 0.31725 0.8625 0
v 0.317990384615 0.881009615385 0
v 0.3375 0.88125 0
v 0.3375 0.9 0
v 0.31875 0.9 0
v 0.317776537919 0.917260317295 0
v 0.336521986629 0.916033296191 0
v 0.335543973258 0.932066592382 0
v 0.317771986629 0.934783296191 0
v 0.316406185092 0.941721478163 0
v 0.335767188102 0.936966000812 0
v 0.335990402947 0.941865409242 0
v 0.317995201474 0.94790230533 0
v 0.336745201474 0.958432704621 0
v 0.319760648595 0.961295212374 0
v 0.3375 0.975 0
v 0.31875 0.975 0
v 0.31875 0.99375 0
v 0.3375 0.99375 0
v 0.3375 1.0125 0
v 0.31875 1.0125 0
v 0.318990384615 1.03200961538 0
v 0.3375 1.03275 0
v 0.35675 -1.03175 0
v 0.35775 -1.0125 0
v 0.357009615385 -0.993990384615 0
v 0.35625 -0.975 0
v 0.355232733565 -0.934777890733 0
v 0.345388353412 -0.933422241558 0
v 0.342255703257 -0.936236630786 0
v 0.345611568256 -0.938321649988 0
v 0.356199436401 -0.95592431623 0
v 0.375 -0.95625 0
v 0.375 -0.9375 0
v 0.365116366783 -0.936138945367 0
v 0.355225786027 -0.91628646571 0
v 0.365116366783 -0.93090135081 0
v 0.375 -0.927024810887 0
v 0.375 -0.913512405443 0
v 0.375 -0.9 0
v 0.35625 -0.9 0
v 0.368410911188 -0.93310090054 0
v 0.375 -0.932262405443 0
v 0.35625 -0.88125 0
v 0.375 -0.88125 0
v 0.375 -0.8625 0
v 0.35625 -0.8625 0
v 0.356009615385 -0.842990384615 0
v 0.375 -0.84375 0
v 0.356009615385 0.842990384615 0
v 0.375 0.84375 0
v 0.375 0.8625 0
v 0.35625 0.8625 0
v 0.35625 0.88125 0
v 0.375 0.88125 0
v 0.375 0.9 0
v 0.35625 0.9 0
v 0.355225786027 0.91628646571 0
v 0.375 0.913512405443 0
v 0.375 0.927024810887 0
v 0.365116366783 0.93090135081 0
v 0.355232733565 0.934777890733 0
v 0.345388353412 0.933422241558 0
v 0.375 0.932262405443 0
v 0.368410911188 0.93310090054 0
v 0.375 0.9375 0
v 0.365116366783 0.936138945367 0
v 0.342255703257 0.936236630786 0
v 0.345611568256 0.938321649988 0
v 0.356199436401 0.95592431623 0
v 0.375 0.95625 0
v 0.35625 0.975 0
v 0.357009615385 0.993990384615 0
v 0.35775 1.0125 0
v 0.35675 1.03175 0
v 0.393990384615 -0.957009615385 0
v 0.4125 -0.95775 0
v 0.4125 -0.9375 0
v 0.39375 -0.9375 0
v 0.4125 -0.91095760055 0
v 0.4125 -0.905478800275 0
v 0.391106142993 -0.910061994948 0
v 0.39375 -0.918991205719 0
v 0.4125 -0.9 0
v 0.39375 -0.9 0
v 0.396462766242 -0.927664448382 0
v 0.4125 -0.924228800275 0
v 0.39375 -0.88125 0
v 0.4125 -0.88125 0
v 0.4125 -0.8625 0
v 0.39375 -0.8625 0
v 0.393990384615 -0.842990384615 0
v 0.4125 -0.84225 0
v 0.393990384615 0.842990384615 0
v 0.4125 0.84225 0
v 0.4125 0.8625 0
v 0.39375 0.8625 0
v 0.39375 0.88125 0
v 0.4125 0.88125 0
v 0.4125 0.9 0
v 0.39375 0.9 0
v 0.391106142993 0.910061994948 0
v 0.4125 0.905478800275 0
v 0.4125 0.91095760055 0
v 0.39375 0.918991205719 0
v 0.4125 0.924228800275 0
v 0.396462766242 0.927664448382 0
v 0.4125 0.9375 0
v 0.39375 0.9375 0
v 0.393990384615 0.957009615385 0
v 0.4125 0.95775 0
v 0.431009615385 -0.957009615385 0
v 0.45 -0.95625 0
v 0.45 -0.9375 0
v 0.43125 -0.9375 0
v 0.432840774058 -0.901470390148 0
v 0.422670387029 -0.900735195074 0
v 0.419280258019 -0.904142663566 0
v 0.422670387029 -0.906213995349 0
v 0.432421814746 -0.92066347316 0
v 0.450703111479 -0.920156222958 0
v 0.451406222958 -0.902812445915 0
v 0.442123498508 -0.902141418031 0
v 0.4309181816 -0.880918880732 0
v 0.441943641272 -0.896985418374 0
v 0.451046508486 -0.892500446601 0
v 0.450523254243 -0.8775002233 0
v 0.45 -0.8625 0
v 0.43125 -0.8625 0
v 0.445097835168 -0.898927760889 0
v 0.451226365722 -0.897656446258 0
v 0.431009615385 -0.842990384615 0
v 0.45 -0.84375 0
v 0.431009615385 0.842990384615 0
v 0.45 0.84375 0
v 0.45 0.8625 0
v 0.43125 0.8625 0
v 0.4309181816 0.880918880732 0
v 0.450523254243 0.8775002233 0
v 0.451046508486 0.892500446601 0
v 0.441943641272 0.896985418374 0
v 0.432840774058 0.901470390148 0
v 0.422670387029 0.900735195074 0
v 0.451226365722 0.897656446258 0
v 0.445097835168 0.898927760889 0
v 0.451406222958 0.902812445915 0
v 0.442123498508 0.902141418031 0
v 0.419280258019 0.904142663565 0
v 0.422670387029 0.906213995349 0
v 0.432421814746 0.920663473161 0
v 0.450703111479 0.920156222958 0
v 0.45 0.9375 0
v 0.43125 0.9375 0
v 0.431009615385 0.957009615385 0
v 0.45 0.95625 0
v 0.468990384615 -0.957009615385 0
v 0.4875 -0.95775 0
v 0.4875 -0.9375 0
v 0.46875 -0.9375 0
v 0.469342910641 -0.919563312317 0
v 0.4875 -0.91875 0
v 0.4875 -0.9 0
v 0.469453111479 -0.901406222958 0
v 0.487460159192 -0.873145230303 0
v 0.487452189539 -0.867773271205 0
v 0.466057329275 -0.873384309305 0
v 0.469253333839 -0.882822838452 0
v 0.487444219887 -0.862401312107 0
v 0.468722109943 -0.862450656054 0
v 0.472017733514 -0.891278650663 0
v 0.487480079596 -0.886572615151 0
v 0.468727823601 -0.843720687063 0
v 0.487472109943 -0.843700656054 0
v 0.4875 -0.825 0
v 0.46875 -0.825 0
v 0.467990384615 -0.806009615385 0
v 0.4875 -0.80625 0
v 0.4875 -0.7875 0
v 0.46725 -0.7875 0
v 0.46825 -0.76825 0
v 0.4875 -0.76725 0
v 0.46825 0.76825 0
v 0.4875 0.76725 0
v 0.4875 0.7875 0
v 0.46725 0.7875 0
v 0.467990384615 0.806009615385 0
v 0.4875 0.80625 0
v 0.4875 0.825 0
v 0.46875 0.825 0
v 0.468727823601 0.843720687063 0
v 0.487472109943 0.843700656054 0
v 0.487444219887 0.862401312107 0
v 0.468722109943 0.862450656054 0
v 0.466057329275 0.873384309305 0
v 0.487452189539 0.867773271205 0
v 0.487460159192 0.873145230303 0
v 0.469253333839 0.882822838452 0
v 0.487480079596 0.886572615151 0
v 0.472017733514 0.891278650663 0
v 0.4875 0.9 0
v 0.469453111479 0.901406222958 0
v 0.469342910641 0.919563312317 0
v 0.4875 0.91875 0
v 0.4875 0.9375 0
v 0.46875 0.9375 0
v 0.468990384615 0.957009615385 0
v 0.4875 0.95775 0
v 0.50675 -0.95675 0
v 0.50775 -0.9375 0
v 0.507009615385 -0.918990384615 0
v 0.50625 -0.9 0
v 0.506141513008 -0.862450444263 0
v 0.496792866447 -0.862425878185 0
v 0.493681964029 -0.865998995558 0
v 0.4968008361 -0.867797837283 0
v 0.507190710692 -0.882388907527 0
v 0.525 -0.88125 0
v 0.525 -0.8625 0
v 0.515570756504 -0.862475222132 0
v 0.505211805474 -0.842491770271 0
v 0.515570756504 -0.856776335395 0
v 0.525 -0.851102226527 0
v 0.525 -0.838051113264 0
v 0.525 -0.825 0
v 0.50625 -0.825 0
v 0.518713837669 -0.858684223597 0
v 0.525 -0.856801113264 0
v 0.50625 -0.80625 0
v 0.525 -0.80625 0
v 0.525 -0.7875 0
v 0.50625 -0.7875 0
v 0.506009615385 -0.767990384615 0
v 0.525 -0.76875 0
v 0.506009615385 0.767990384615 0
v 0.525 0.76875 0
v 0.525 0.7875 0
v 0.50625 0.7875 0
v 0.50625 0.80625 0
v 0.525 0.80625 0
v 0.525 0.825 0
v 0.50625 0.825 0
v 0.505211805474 0.842491770271 0
v 0.525 0.838051113264 0
v 0.525 0.851102226527 0
v 0.515570756504 0.856776335395 0
v 0.506141513008 0.862450444263 0
v 0.496792866447 0.862425878185 0
v 0.525 0.856801113264 0
v 0.518713837669 0.858684223597 0
v 0.525 0.8625 0
v 0.515570756504 0.862475222132 0
v 0.493681964029 0.865998995558 0
v 0.4968008361 0.867797837283 0
v 0.507190710692 0.882388907527 0
v 0.525 0.88125 0
v 0.50625 0.9 0
v 0.507009615385 0.918990384615 0
v 0.50775 0.9375 0
v 0.50675 0.95675 0
v 0.543990384615 -0.882009615385 0
v 0.5625 -0.88275 0
v 0.5625 -0.8625 0
v 0.54375 -0.8625 0
v 0.559125930663 -0.829082742348 0
v 0.558590736287 -0.823782101908 0
v 0.539530414237 -0.831948051103 0
v 0.542062965332 -0.840092484438 0
v 0.558055541911 -0.818481461469 0
v 0.541527770955 -0.821740730734 0
v 0.545914482477 -0.850460998278 0
v 0.560812965332 -0.845791371174 0
v 0.542066084092 -0.804279583701 0
v 0.560277770955 -0.802990730734 0
v 0.5625 -0.7875 0
v 0.54375 -0.7875 0
v 0.54375 -0.76875 0
v 0.5625 -0.76875 0
v 0.5625 -0.75 0
v 0.54375 -0.75 0
v 0.542990384615 -0.731009615385 0
v 0.5625 -0.73125 0
v 0.5625 -0.7125 0
v 0.54225 -0.7125 0
v 0.54325 -0.69325 0
v 0.5625 -0.69225 0
v 0.54325 0.69325 0
v 0.5625 0.69225 0
v 0.5625 0.7125 0
v 0.54225 0.7125 0
v 0.542990384615 0.731009615385 0
v 0.5625 0.73125 0
v 0.5625 0.75 0
v 0.54375 0.75 0
v 0.54375 0.76875 0
v 0.5625 0.76875 0
v 0.5625 0.7875 0
v 0.54375 0.7875 0
v 0.542066084092 0.804279583701 0
v 0.560277770955 0.802990730734 0
v 0.558055541911 0.818481461469 0
v 0.541527770955 0.821740730734 0
v 0.539530414237 0.831948051103 0
v 0.558590736287 0.823782101908 0
v 0.559125930663 0.829082742348 0
v 0.542062965332 0.840092484438 0
v 0.560812965332 0.845791371174 0
v 0.545914482477 0.850460998278 0
v 0.5625 0.8625 0
v 0.54375 0.8625 0
v 0.543990384615 0.882009615385 0
v 0.5625 0.88275 0
v 0.581009615385 -0.882009615385 0
v 0.6 -0.88125 0
v 0.6 -0.8625 0
v 0.58125 -0.8625 0
v 0.571536644506 -0.820576543649 0
v 0.564796093208 -0.819529002559 0
v 0.562906039027 -0.822713582489 0
v 0.565331287585 -0.824829642999 0
v 0.580380270031 -0.842595576595 0
v 0.6 -0.84375 0
v 0.6 -0.825 0
v 0.585768322253 -0.822788271825 0
v 0.577259742027 -0.801437777856 0
v 0.585768322253 -0.810288271825 0
v 0.6 -0.8 0
v 0.6 -0.79375 0
v 0.6 -0.7875 0
v 0.58125 -0.7875 0
v 0.590512214835 -0.815192181216 0
v 0.6 -0.8125 0
v 0.58125 -0.76875 0
v 0.6 -0.76875 0
v 0.6 -0.75 0
v 0.58125 -0.75 0
v 0.58125 -0.73125 0
v 0.6 -0.73125 0
v 0.6 -0.7125 0
v 0.58125 -0.7125 0
v 0.581009615385 -0.692990384615 0
v 0.6 -0.69375 0
v 0.581009615385 0.692990384615 0
v 0.6 0.69375 0
v 0.6 0.7125 0
v 0.58125 0.7125 0
v 0.58125 0.73125 0
v 0.6 0.73125 0
v 0.6 0.75 0
v 0.58125 0.75 0
v 0.58125 0.76875 0
v 0.6 0.76875 0
v 0.6 0.7875 0
v 0.58125 0.7875 0
v 0.577259742027 0.801437777856 0
v 0.6 0.79375 0
v 0.6 0.8 0
v 0.585768322253 0.810288271825 0
v 0.571536644506 0.820576543649 0
v 0.564796093208 0.819529002559 0
v 0.6 0.8125 0
v 0.590512214835 0.815192181216 0
v 0.6 0.825 0
v 0.585768322253 0.822788271825 0
v 0.562906039027 0.822713582489 0
v 0.565331287585 0.824829642999 0
v 0.580380270031 0.842595576595 0
v 0.6 0.84375 0
v 0.6 0.8625 0
v 0.58125 0.8625 0
v 0.581009615385 0.882009615385 0
v 0.6 0.88125 0
v 0.618990384615 -0.882009615385 0
v 0.6375 -0.88275 0
v 0.6375 -0.8625 0
v 0.61875 -0.8625 0
v 0.61875 -0.84375 0
v 0.6375 -0.84375 0
v 0.6375 -0.825 0
v 0.61875 -0.825 0
v 0.616314651781 -0.7875 0
v 0.608157325891 -0.7875 0
v 0.60543821726 -0.791666666666 0
v 0.608157325891 -0.79375 0
v 0.619790691653 -0.807390099232 0
v 0.6375 -0.80625 0
v 0.6375 -0.7875 0
v 0.626907325891 -0.7875 0
v 0.61702772213 -0.766824587911 0
v 0.626907325891 -0.778975177656 0
v 0.6375 -0.770450355312 0
v 0.6375 -0.760225177656 0
v 0.6375 -0.75 0
v 0.61875 -0.75 0
v 0.63043821726 -0.781816785104 0
v 0.6375 -0.778975177656 0
v 0.61875 -0.73125 0
v 0.6375 -0.73125 0
v 0.6375 -0.7125 0
v 0.61875 -0.7125 0
v 0.618990384615 -0.692990384615 0
v 0.6375 -0.69225 0
v 0.618990384615 0.692990384615 0
v 0.6375 0.69225 0
v 0.6375 0.7125 0
v 0.61875 0.7125 0
v 0.61875 0.73125 0
v 0.6375 0.73125 0
v 0.6375 0.75 0
v 0.61875 0.75 0
v 0.61702772213 0.766824587911 0
v 0.6375 0.760225177656 0
v 0.6375 0.770450355312 0
v 0.626907325891 0.778975177656 0
v 0.616314651781 0.7875 0
v 0.608157325891 0.7875 0
v 0.6375 0.778975177656 0
v 0.63043821726 0.781816785104 0
v 0.6375 0.7875 0
v 0.626907325891 0.7875 0
v 0.60543821726 0.791666666666 0
v 0.608157325891 0.79375 0
v 0.619790691653 0.807390099232 0
v 0.6375 0.80625 0
v 0.6375 0.825 0
v 0.61875 0.825 0
v 0.61875 0.84375 0
v 0.6375 0.84375 0
v 0.6375 0.8625 0
v 0.61875 0.8625 0
v 0.618990384615 0.882009615385 0
v 0.6375 0.88275 0
v 0.65675 -0.88175 0
v 0.65775 -0.8625 0
v 0.657009615385 -0.843990384615 0
v 0.65625 -0.825 0
v 0.65625 -0.80625 0
v 0.675 -0.80625 0
v 0.675 -0.7875 0
v 0.65625 -0.7875 0
v 0.661250427135 -0.750165230209 0
v 0.649375213567 -0.750082615104 0
v 0.645416809045 -0.75687186184 0
v 0.649375213567 -0.76030779276 0
v 0.658557262133 -0.771286059419 0
v 0.675118137991 -0.768881264434 0
v 0.675236275981 -0.750262528868 0
v 0.668243351558 -0.750213879538 0
v 0.655388212362 -0.730360701648 0
v 0.668203967785 -0.743919414652 0
v 0.675157508435 -0.737673599096 0
v 0.675078754218 -0.725086799548 0
v 0.675 -0.7125 0
v 0.65625 -0.7125 0
v 0.670548070517 -0.746033786058 0
v 0.675196892208 -0.743968063982 0
v 0.656009615385 -0.692990384615 0
v 0.675 -0.69375 0
v 0.656009615385 0.692990384615 0
v 0.675 0.69375 0
v 0.675 0.7125 0
v 0.65625 0.7125 0
v 0.655388212362 0.730360701648 0
v 0.675078754218 0.725086799548 0
v 0.675157508435 0.737673599096 0
v 0.668203967785 0.743919414652 0
v 0.661250427135 0.750165230209 0
v 0.649375213567 0.750082615104 0
v 0.675196892208 0.743968063982 0
v 0.670548070517 0.746033786058 0
v 0.675236275981 0.750262528868 0
v 0.668243351558 0.750213879538 0
v 0.645416809045 0.75687186184 0
v 0.649375213567 0.76030779276 0
v 0.658557262133 0.771286059419 0
v 0.675118137991 0.768881264434 0
v 0.675 0.7875 0
v 0.65625 0.7875 0
v 0.65625 0.80625 0
v 0.675 0.80625 0
v 0.65625 0.825 0
v 0.657009615385 0.843990384615 0
v 0.65775 0.8625 0
v 0.65675 0.88175 0
v 0.693990384615 -0.807009615385 0
v 0.7125 -0.80775 0
v 0.7125 -0.7875 0
v 0.69375 -0.7875 0
v 0.693830961049 -0.768835307235 0
v 0.7125 -0.76875 0
v 0.7125 -0.75 0
v 0.693868137991 -0.750131264434 0
v 0.700834142119 -0.71332426374 0
v 0.687917071059 -0.71291213187 0
v 0.683663883518 -0.721165954279 0
v 0.687995825277 -0.725498931418 0
v 0.697097741687 -0.734608500495 0
v 0.71311795363 -0.73186795363 0
v 0.71373590726 -0.71373590726 0
v 0.707285024689 -0.7135300855 0
v 0.69324301534 -0.69324301534 0
v 0.70707920293 -0.70707920293 0
v 0.71332426374 -0.700834142119 0
v 0.71291213187 -0.687917071059 0
v 0.7125 -0.675 0
v 0.69375 -0.675 0
v 0.709298104373 -0.709298104373 0
v 0.7135300855 -0.707285024689 0
v 0.692990384615 -0.656009615385 0
v 0.7125 -0.65625 0
v 0.7125 -0.6375 0
v 0.69225 -0.6375 0
v 0.692990384615 -0.618990384615 0
v 0.7125 -0.61875 0
v 0.7125 -0.6 0
v 0.69375 -0.6 0
v 0.692990384615 -0.581009615385 0
v 0.7125 -0.58125 0
v 0.7125 -0.5625 0
v 0.69225 -0.5625 0
v 0.69325 -0.54325 0
v 0.7125 -0.54225 0
v 0.69325 0.54325 0
v 0.7125 0.54225 0
v 0.7125 0.5625 0
v 0.69225 0.5625 0
v 0.692990384615 0.581009615385 0
v 0.7125 0.58125 0
v 0.7125 0.6 0
v 0.69375 0.6 0
v 0.692990384615 0.618990384615 0
v 0.7125 0.61875 0
v 0.7125 0.6375 0
v 0.69225 0.6375 0
v 0.692990384615 0.656009615385 0
v 0.7125 0.65625 0
v 0.7125 0.675 0
v 0.69375 0.675 0
v 0.69324301534 0.69324301534 0
v 0.71291213187 0.687917071059 0
v 0.71332426374 0.700834142119 0
v 0.70707920293 0.70707920293 0
v 0.700834142119 0.71332426374 0
v 0.687917071059 0.71291213187 0
v 0.7135300855 0.707285024689 0
v 0.709298104373 0.709298104373 0
v 0.71373590726 0.71373590726 0
v 0.707285024689 0.7135300855 0
v 0.683663883518 0.721165954279 0
v 0.687995825277 0.725498931418 0
v 0.697097741687 0.734608500495 0
v 0.71311795363 0.73186795363 0
v 0.7125 0.75 0
v 0.693868137991 0.750131264434 0
v 0.693830961049 0.768835307235 0
v 0.7125 0.76875 0
v 0.7125 0.7875 0
v 0.69375 0.7875 0
v 0.693990384615 0.807009615385 0
v 0.7125 0.80775 0
v 0.73175 -0.80675 0
v 0.73275 -0.7875 0
v 0.732009615385 -0.768990384615 0
v 0.73125 -0.75 0
v 0.731661969087 -0.731661969087 0
v 0.75 -0.73125 0
v 0.75 -0.7125 0
v 0.73186795363 -0.71311795363 0
v 0.737673599096 -0.675157508435 0
v 0.725086799548 -0.675078754218 0
v 0.721165954279 -0.683663883518 0
v 0.725498931418 -0.687995825277 0
v 0.734608500495 -0.697097741687 0
v 0.750131264434 -0.693868137991 0
v 0.750262528868 -0.675236275981 0
v 0.743968063982 -0.675196892208 0
v 0.730360701648 -0.655388212362 0
v 0.743919414652 -0.668203967785 0
v 0.750165230209 -0.661250427135 0
v 0.750082615104 -0.649375213567 0
v 0.75 -0.6375 0
v 0.73125 -0.6375 0
v 0.746033786058 -0.670548070517 0
v 0.750213879538 -0.668243351558 0
v 0.73125 -0.61875 0
v 0.75 -0.61875 0
v 0.75 -0.6 0
v 0.73125 -0.6 0
v 0.73125 -0.58125 0
v 0.75 -0.58125 0
v 0.75 -0.5625 0
v 0.73125 -0.5625 0
v 0.731009615385 -0.542990384615 0
v 0.75 -0.54375 0
v 0.731009615385 0.542990384615 0
v 0.75 0.54375 0
v 0.75 0.5625 0
v 0.73125 0.5625 0
v 0.73125 0.58125 0
v 0.75 0.58125 0
v 0.75 0.6 0
v 0.73125 0.6 0
v 0.73125 0.61875 0
v 0.75 0.61875 0
v 0.75 0.6375 0
v 0.73125 0.6375 0
v 0.730360701648 0.655388212362 0
v 0.750082615104 0.649375213567 0
v 0.750165230209 0.661250427135 0
v 0.743919414652 0.668203967785 0
v 0.737673599096 0.675157508435 0
v 0.725086799548 0.675078754218 0
v 0.750213879538 0.668243351558 0
v 0.746033786058 0.670548070517 0
v 0.750262528868 0.675236275981 0
v 0.743968063982 0.675196892208 0
v 0.721165954279 0.683663883518 0
v 0.725498931418 0.687995825277 0
v 0.734608500495 0.697097741687 0
v 0.750131264434 0.693868137991 0
v 0.75 0.7125 0
v 0.73186795363 0.71311795363 0
v 0.731661969087 0.731661969087 0
v 0.75 0.73125 0
v 0.73125 0.75 0
v 0.732009615385 0.768990384615 0
v 0.73275 0.7875 0
v 0.73175 0.80675 0
v 0.768990384615 -0.732009615385 0
v 0.7875 -0.73275 0
v 0.7875 -0.7125 0
v 0.76875 -0.7125 0
v 0.768835307235 -0.693830961049 0
v 0.7875 -0.69375 0
v 0.7875 -0.675 0
v 0.768881264434 -0.675118137991 0
v 0.770450355312 -0.6375 0
v 0.760225177656 -0.6375 0
v 0.75687186184 -0.645416809045 0
v 0.76030779276 -0.649375213567 0
v 0.771286059419 -0.658557262133 0
v 0.7875 -0.65625 0
v 0.7875 -0.6375 0
v 0.778975177656 -0.6375 0
v 0.766824587911 -0.61702772213 0
v 0.778975177656 -0.626907325891 0
v 0.7875 -0.616314651781 0
v 0.7875 -0.608157325891 0
v 0.7875 -0.6 0
v 0.76875 -0.6 0
v 0.781816785104 -0.63043821726 0
v 0.7875 -0.626907325891 0
v 0.76875 -0.58125 0
v 0.7875 -0.58125 0
v 0.7875 -0.5625 0
v 0.76875 -0.5625 0
v 0.76875 -0.54375 0
v 0.7875 -0.54375 0
v 0.7875 -0.525 0
v 0.76875 -0.525 0
v 0.767990384615 -0.506009615385 0
v 0.7875 -0.50625 0
v 0.7875 -0.4875 0
v 0.76725 -0.4875 0
v 0.76825 -0.46825 0
v 0.7875 -0.46725 0
v 0.76825 0.46825 0
v 0.7875 0.46725 0
v 0.7875 0.4875 0
v 0.76725 0.4875 0
v 0.767990384615 0.506009615385 0
v 0.7875 0.50625 0
v 0.7875 0.525 0
v 0.76875 0.525 0
v 0.76875 0.54375 0
v 0.7875 0.54375 0
v 0.7875 0.5625 0
v 0.76875 0.5625 0
v 0.76875 0.58125 0
v 0.7875 0.58125 0
v 0.7875 0.6 0
v 0.76875 0.6 0
v 0.766824587911 0.61702772213 0
v 0.7875 0.608157325891 0
v 0.7875 0.616314651781 0
v 0.778975177656 0.626907325891 0
v 0.770450355312 0.6375 0
v 0.760225177656 0.6375 0
v 0.7875 0.626907325891 0
v 0.781816785104 0.63043821726 0
v 0.7875 0.6375 0
v 0.778975177656 0.6375 0
v 0.75687186184 0.645416809045 0
v 0.76030779276 0.649375213567 0
v 0.771286059419 0.658557262133 0
v 0.7875 0.65625 0
v 0.7875 0.675 0
v 0.768881264434 0.675118137991 0
v 0.768835307235 0.693830961049 0
v 0.7875 0.69375 0
v 0.7875 0.7125 0
v 0.76875 0.7125 0
v 0.768990384615 0.732009615385 0
v 0.7875 0.73275 0
v 0.80675 -0.73175 0
v 0.80775 -0.7125 0
v 0.807009615385 -0.693990384615 0
v 0.80625 -0.675 0
v 0.80625 -0.65625 0
v 0.825 -0.65625 0
v 0.825 -0.6375 0
v 0.80625 -0.6375 0
v 0.8 -0.6 0
v 0.79375 -0.6 0
v 0.791666666666 -0.60543821726 0
v 0.79375 -0.608157325891 0
v 0.807390099232 -0.619790691653 0
v 0.825 -0.61875 0
v 0.825 -0.6 0
v 0.8125 -0.6 0
v 0.801437777856 -0.577259742027 0
v 0.810288271825 -0.585768322253 0
v 0.820576543649 -0.571536644506 0
v 0.819529002559 -0.564796093208 0
v 0.818481461469 -0.558055541911 0
v 0.802990730734 -0.560277770955 0
v 0.815192181216 -0.590512214835 0
v 0.822788271825 -0.585768322253 0
v 0.804279583701 -0.542066084092 0
v 0.821740730734 -0.541527770955 0
v 0.825 -0.525 0
v 0.80625 -0.525 0
v 0.80625 -0.50625 0
v 0.825 -0.50625 0
v 0.825 -0.4875 0
v 0.80625 -0.4875 0
v 0.806009615385 -0.467990384615 0
v 0.825 -0.46875 0
v 0.806009615385 0.467990384615 0
v 0.825 0.46875 0
v 0.825 0.4875 0
v 0.80625 0.4875 0
v 0.80625 0.50625 0
v 0.825 0.50625 0
v 0.825 0.525 0
v 0.80625 0.525 0
v 0.804279583701 0.542066084092 0
v 0.821740730734 0.541527770955 0
v 0.818481461469 0.558055541911 0
v 0.802990730734 0.560277770955 0
v 0.801437777856 0.577259742027 0
v 0.819529002559 0.564796093208 0
v 0.820576543649 0.571536644506 0
v 0.810288271825 0.585768322253 0
v 0.8 0.6 0
v 0.79375 0.6 0
v 0.822788271825 0.585768322253 0
v 0.815192181216 0.590512214835 0
v 0.825 0.6 0
v 0.8125 0.6 0
v 0.791666666666 0.60543821726 0
v 0.79375 0.608157325891 0
v 0.807390099232 0.619790691653 0
v 0.825 0.61875 0
v 0.825 0.6375 0
v 0.80625 0.6375 0
v 0.80625 0.65625 0
v 0.825 0.65625 0
v 0.80625 0.675 0
v 0.807009615385 0.693990384615 0
v 0.80775 0.7125 0
v 0.80675 0.73175 0
v 0.843990384615 -0.657009615385 0
v 0.8625 -0.65775 0
v 0.8625 -0.6375 0
v 0.84375 -0.6375 0
v 0.84375 -0.61875 0
v 0.8625 -0.61875 0
v 0.8625 -0.6 0
v 0.84375 -0.6 0
v 0.829082742348 -0.559125930663 0
v 0.823782101908 -0.558590736287 0
v 0.822713582489 -0.562906039027 0
v 0.824829642999 -0.565331287585 0
v 0.842595576595 -0.580380270031 0
v 0.8625 -0.58125 0
v 0.8625 -0.5625 0
v 0.845791371174 -0.560812965332 0
v 0.831948051103 -0.539530414237 0
v 0.840092484438 -0.542062965332 0
v 0.851102226527 -0.525 0
v 0.838051113264 -0.525 0
v 0.850460998278 -0.545914482477 0
v 0.8625 -0.54375 0
v 0.8625 -0.525 0
v 0.856801113264 -0.525 0
v 0.842491770271 -0.505211805474 0
v 0.856776335395 -0.515570756504 0
v 0.862450444263 -0.506141513008 0
v 0.862425878185 -0.496792866447 0
v 0.862401312107 -0.487444219887 0
v 0.843700656054 -0.487472109943 0
v 0.858684223597 -0.518713837669 0
v 0.862475222132 -0.515570756504 0
v 0.843720687063 -0.468727823601 0
v 0.862450656054 -0.468722109943 0
v 0.8625 -0.45 0
v 0.84375 -0.45 0
v 0.842990384615 -0.431009615385 0
v 0.8625 -0.43125 0
v 0.8625 -0.4125 0
v 0.84225 -0.4125 0
v 0.842990384615 -0.393990384615 0
v 0.8625 -0.39375 0
v 0.8625 -0.375 0
v 0.84375 -0.375 0
v 0.842990384615 -0.356009615385 0
v 0.8625 -0.35625 0
v 0.8625 -0.3375 0
v 0.84225 -0.3375 0
v 0.84325 -0.31825 0
v 0.8625 -0.31725 0
v 0.84325 0.31825 0
v 0.8625 0.31725 0
v 0.8625 0.3375 0
v 0.84225 0.3375 0
v 0.842990384615 0.356009615385 0
v 0.8625 0.35625 0
v 0.8625 0.375 0
v 0.84375 0.375 0
v 0.842990384615 0.393990384615 0
v 0.8625 0.39375 0
v 0.8625 0.4125 0
v 0.84225 0.4125 0
v 0.842990384615 0.431009615385 0
v 0.8625 0.43125 0
v 0.8625 0.45 0
v 0.84375 0.45 0
v 0.843720687063 0.468727823601 0
v 0.862450656054 0.468722109943 0
v 0.862401312107 0.487444219887 0
v 0.843700656054 0.487472109943 0
v 0.842491770271 0.505211805474 0
v 0.862425878185 0.496792866447 0
v 0.862450444263 0.506141513008 0
v 0.856776335395 0.515570756504 0
v 0.851102226527 0.525 0
v 0.838051113264 0.525 0
v 0.862475222132 0.515570756504 0
v 0.858684223597 0.518713837669 0
v 0.8625 0.525 0
v 0.856801113264 0.525 0
v 0.831948051103 0.539530414237 0
v 0.840092484438 0.542062965332 0
v 0.829082742348 0.559125930663 0
v 0.823782101908 0.558590736287 0
v 0.850460998278 0.545914482477 0
v 0.8625 0.54375 0
v 0.8625 0.5625 0
v 0.845791371174 0.560812965332 0
v 0.822713582489 0.562906039027 0
v 0.824829642999 0.565331287585 0
v 0.842595576595 0.580380270031 0
v 0.8625 0.58125 0
v 0.8625 0.6 0
v 0.84375 0.6 0
v 0.84375 0.61875 0
v 0.8625 0.61875 0
v 0.8625 0.6375 0
v 0.84375 0.6375 0
v 0.843990384615 0.657009615385 0
v 0.8625 0.65775 0
v 0.88175 -0.65675 0
v 0.88275 -0.6375 0
v 0.882009615385 -0.618990384615 0
v 0.88125 -0.6 0
v 0.882009615385 -0.581009615385 0
v 0.88275 -0.5625 0
v 0.882009615385 -0.543990384615 0
v 0.88125 -0.525 0
v 0.873145230303 -0.487460159192 0
v 0.867773271205 -0.487452189539 0
v 0.865998995558 -0.493681964029 0
v 0.867797837283 -0.4968008361 0
v 0.882388907527 -0.507190710692 0
v 0.9 -0.50625 0
v 0.9 -0.4875 0
v 0.886572615151 -0.487480079596 0
v 0.873384309305 -0.466057329275 0
v 0.882822838452 -0.469253333839 0
v 0.892500446601 -0.451046508486 0
v 0.8775002233 -0.450523254243 0
v 0.891278650663 -0.472017733514 0
v 0.901406222958 -0.469453111479 0
v 0.902812445915 -0.451406222958 0
v 0.897656446258 -0.451226365722 0
v 0.880918880732 -0.4309181816 0
v 0.896985418374 -0.441943641272 0
v 0.901470390148 -0.432840774058 0
v 0.900735195074 -0.422670387029 0
v 0.9 -0.4125 0
v 0.88125 -0.4125 0
v 0.898927760889 -0.445097835168 0
v 0.902141418031 -0.442123498508 0
v 0.88125 -0.39375 0
v 0.9 -0.39375 0
v 0.9 -0.375 0
v 0.88125 -0.375 0
v 0.88125 -0.35625 0
v 0.9 -0.35625 0
v 0.9 -0.3375 0
v 0.88125 -0.3375 0
v 0.881009615385 -0.317990384615 0
v 0.9 -0.31875 0
v 0.881009615385 0.317990384615 0
v 0.9 0.31875 0
v 0.9 0.3375 0
v 0.88125 0.3375 0
v 0.88125 0.35625 0
v 0.9 0.35625 0
v 0.9 0.375 0
v 0.88125 0.375 0
v 0.88125 0.39375 0
v 0.9 0.39375 0
v 0.9 0.4125 0
v 0.88125 0.4125 0
v 0.880918880732 0.4309181816 0
v 0.900735195074 0.422670387029 0
v 0.901470390148 0.432840774058 0
v 0.896985418374 0.441943641272 0
v 0.892500446601 0.451046508486 0
v 0.8775002233 0.450523254243 0
v 0.902141418031 0.442123498508 0
v 0.898927760889 0.445097835168 0
v 0.902812445915 0.451406222958 0
v 0.897656446258 0.451226365722 0
v 0.873384309305 0.466057329275 0
v 0.882822838452 0.469253333839 0
v 0.873145230303 0.487460159192 0
v 0.867773271205 0.487452189539 0
v 0.891278650663 0.472017733514 0
v 0.901406222958 0.469453111479 0
v 0.9 0.4875 0
v 0.886572615151 0.487480079596 0
v 0.865998995557 0.493681964029 0
v 0.867797837283 0.4968008361 0
v 0.882388907527 0.507190710692 0
v 0.9 0.50625 0
v 0.88125 0.525 0
v 0.882009615385 0.543990384615 0
v 0.88275 0.5625 0
v 0.882009615385 0.581009615385 0
v 0.88125 0.6 0
v 0.882009615385 0.618990384615 0
v 0.88275 0.6375 0
v 0.88175 0.65675 0
v 0.918990384615 -0.507009615385 0
v 0.9375 -0.50775 0
v 0.9375 -0.4875 0
v 0.91875 -0.4875 0
v 0.919563312317 -0.469342910641 0
v 0.9375 -0.46875 0
v 0.9375 -0.45 0
v 0.920156222958 -0.450703111479 0
v 0.91095760055 -0.4125 0
v 0.905478800275 -0.4125 0
v 0.904142663566 -0.419280258019 0
v 0.906213995349 -0.422670387029 0
v 0.92066347316 -0.432421814746 0
v 0.9375 -0.43125 0
v 0.9375 -0.4125 0
v 0.924228800275 -0.4125 0
v 0.910061994948 -0.391106142993 0
v 0.918991205719 -0.39375 0
v 0.927024810887 -0.375 0
v 0.913512405443 -0.375 0
v 0.927664448382 -0.396462766242 0
v 0.9375 -0.39375 0
v 0.9375 -0.375 0
v 0.932262405443 -0.375 0
v 0.91628646571 -0.355225786027 0
v 0.93090135081 -0.365116366783 0
v 0.934777890733 -0.355232733565 0
v 0.933422241558 -0.345388353412 0
v 0.932066592382 -0.335543973258 0
v 0.916033296191 -0.336521986629 0
v 0.93310090054 -0.368410911188 0
v 0.936138945367 -0.365116366783 0
v 0.917260317295 -0.317776537919 0
v 0.934783296191 -0.317771986629 0
v 0.9375 -0.3 0
v 0.91875 -0.3 0
v 0.917990384615 -0.281009615385 0
v 0.9375 -0.28125 0
v 0.9375 -0.2625 0
v 0.91725 -0.2625 0
v 0.917990384615 -0.243990384615 0
v 0.9375 -0.24375 0
v 0.9375 -0.225 0
v 0.91875 -0.225 0
v 0.917990384615 -0.206009615385 0
v 0.9375 -0.20625 0
v 0.9375 -0.1875 0
v 0.91725 -0.1875 0
v 0.917990384615 -0.168990384615 0
v 0.9375 -0.16875 0
v 0.9375 -0.15 0
v 0.91875 -0.15 0
v 0.917990384615 -0.131009615385 0
v 0.9375 -0.13125 0
v 0.9375 -0.1125 0
v 0.91725 -0.1125 0
v 0.917990384615 -0.0939903846154 0
v 0.9375 -0.09375 0
v 0.9375 -0.075 0
v 0.91875 -0.075 0
v 0.917990384615 -0.0560096153846 0
v 0.9375 -0.05625 0
v 0.9375 -0.0375 0
v 0.91725 -0.0375 0
v 0.917990384615 -0.0189903846154 0
v 0.9375 -0.01875 0
v 0.9375 -0 0
v 0.91875 0 0
v 0.917990384615 0.0189903846154 0
v 0.9375 0.01875 0
v 0.9375 0.0375 0
v 0.91725 0.0375 0
v 0.917990384615 0.0560096153846 0
v 0.9375 0.05625 0
v 0.9375 0.075 0
v 0.91875 0.075 0
v 0.917990384615 0.0939903846154 0
v 0.9375 0.09375 0
v 0.9375 0.1125 0
v 0.91725 0.1125 0
v 0.917990384615 0.131009615385 0
v 0.9375 0.13125 0
v 0.9375 0.15 0
v 0.91875 0.15 0
v 0.917990384615 0.168990384615 0
v 0.9375 0.16875 0
v 0.9375 0.1875 0
v 0.91725 0.1875 0
v 0.917990384615 0.206009615385 0
v 0.9375 0.20625 0
v 0.9375 0.225 0
v 0.91875 0.225 0
v 0.917990384615 0.243990384615 0
v 0.9375 0.24375 0
v 0.9375 0.2625 0
v 0.91725 0.2625 0
v 0.917990384615 0.281009615385 0
v 0.9375 0.28125 0
v 0.9375 0.3 0
v 0.91875 0.3 0
v 0.917260317295 0.317776537919 0
v 0.934783296191 0.317771986629 0
v 0.932066592382 0.335543973258 0
v 0.916033296191 0.336521986629 0
v 0.91628646571 0.355225786027 0
v 0.933422241558 0.345388353412 0
v 0.934777890733 0.355232733565 0
v 0.93090135081 0.365116366783 0
v 0.927024810887 0.375 0
v 0.913512405443 0.375 0
v 0.936138945367 0.365116366783 0
v 0.93310090054 0.368410911188 0
v 0.9375 0.375 0
v 0.932262405443 0.375 0
v 0.910061994948 0.391106142993 0
v 0.918991205719 0.39375 0
v 0.91095760055 0.4125 0
v 0.905478800275 0.4125 0
v 0.927664448382 0.396462766242 0
v 0.9375 0.39375 0
v 0.9375 0.4125 0
v 0.924228800275 0.4125 0
v 0.904142663566 0.419280258019 0
v 0.906213995349 0.422670387029 0
v 0.92066347316 0.432421814746 0
v 0.9375 0.43125 0
v 0.9375 0.45 0
v 0.920156222958 0.450703111479 0
v 0.919563312317 0.469342910641 0
v 0.9375 0.46875 0
v 0.9375 0.4875 0
v 0.91875 0.4875 0
v 0.918990384615 0.507009615385 0
v 0.9375 0.50775 0
v 0.95675 -0.50675 0
v 0.95775 -0.4875 0
v 0.957009615385 -0.468990384615 0
v 0.95625 -0.45 0
v 0.957009615385 -0.431009615385 0
v 0.95775 -0.4125 0
v 0.957009615385 -0.393990384615 0
v 0.95625 -0.375 0
v 0.941865409242 -0.335990402947 0
v 0.936966000812 -0.335767188102 0
v 0.936236630786 -0.342255703257 0
v 0.938321649988 -0.345611568256 0
v 0.95592431623 -0.356199436401 0
v 0.975 -0.35625 0
v 0.975 -0.3375 0
v 0.958432704621 -0.336745201474 0
v 0.941721478163 -0.316406185092 0
v 0.94790230533 -0.317995201474 0
v 0.953939201417 -0.3 0
v 0.945719600708 -0.3 0
v 0.961295212374 -0.319760648595 0
v 0.975 -0.31875 0
v 0.975 -0.3 0
v 0.964469600708 -0.3 0
v 0.948697336804 -0.279683939499 0
v 0.95943559692 -0.28125 0
v 0.964931992422 -0.2625 0
v 0.951215996211 -0.2625 0
v 0.966894299989 -0.283457117852 0
v 0.975 -0.28125 0
v 0.975 -0.2625 0
v 0.969965996211 -0.2625 0
v 0.953494516437 -0.24325410013 0
v 0.969464576822 -0.244530106298 0
v 0.973997161222 -0.226560212596 0
v 0.955748580611 -0.225780106298 0
v 0.974321644945 -0.244764428776 0
v 0.979263056577 -0.244733782287 0
v 0.983526113154 -0.226967564574 0
v 0.978761637188 -0.226763888585 0
v 0.956860680956 -0.206664605578 0
v 0.976128559699 -0.216971299547 0
v 0.978259958176 -0.207382386498 0
v 0.975530047358 -0.197229667916 0
v 0.97280013654 -0.187076949335 0
v 0.95515006827 -0.187288474667 0
v 0.978594410851 -0.220303387889 0
v 0.980893035665 -0.217174975536 0
v 0.955670145823 -0.168455549468 0
v 0.97390006827 -0.168538474667 0
v 0.975 -0.15 0
v 0.95625 -0.15 0
v 0.95625 -0.13125 0
v 0.975 -0.13125 0
v 0.975 -0.1125 0
v 0.95625 -0.1125 0
v 0.95625 -0.09375 0
v 0.975 -0.09375 0
v 0.975 -0.075 0
v 0.95625 -0.075 0
v 0.95625 -0.05625 0
v 0.975 -0.05625 0
v 0.975 -0.0375 0
v 0.95625 -0.0375 0
v 0.95625 -0.01875 0
v 0.975 -0.01875 0
v 0.975 0 0
v 0.95625 0 0
v 0.95625 0.01875 0
v 0.975 0.01875 0
v 0.975 0.0375 0
v 0.95625 0.0375 0
v 0.95625 0.05625 0
v 0.975 0.05625 0
v 0.975 0.075 0
v 0.95625 0.075 0
v 0.95625 0.09375 0
v 0.975 0.09375 0
v 0.975 0.1125 0
v 0.95625 0.1125 0
v 0.95625 0.13125 0
v 0.975 0.13125 0
v 0.975 0.15 0
v 0.95625 0.15 0
v 0.955670145823 0.168455549468 0
v 0.97390006827 0.168538474667 0
v 0.97280013654 0.187076949335 0
v 0.95515006827 0.187288474667 0
v 0.956860680956 0.206664605578 0
v 0.975530047358 0.197229667916 0
v 0.978259958176 0.207382386498 0
v 0.976128559699 0.216971299547 0
v 0.973997161222 0.226560212596 0
v 0.955748580611 0.225780106298 0
v 0.980893035665 0.217174975536 0
v 0.978594410851 0.220303387889 0
v 0.983526113154 0.226967564574 0
v 0.978761637188 0.226763888585 0
v 0.953494516437 0.24325410013 0
v 0.969464576822 0.244530106298 0
v 0.964931992422 0.2625 0
v 0.951215996211 0.2625 0
v 0.974321644945 0.244764428776 0
v 0.979263056577 0.244733782287 0
v 0.975 0.2625 0
v 0.969965996211 0.2625 0
v 0.948697336804 0.279683939499 0
v 0.95943559692 0.28125 0
v 0.953939201417 0.3 0
v 0.945719600708 0.3 0
v 0.966894299989 0.283457117852 0
v 0.975 0.28125 0
v 0.975 0.3 0
v 0.964469600708 0.3 0
v 0.941721478163 0.316406185092 0
v 0.94790230533 0.317995201474 0
v 0.941865409242 0.335990402947 0
v 0.936966000812 0.335767188102 0
v 0.961295212374 0.319760648595 0
v 0.975 0.31875 0
v 0.975 0.3375 0
v 0.958432704621 0.336745201474 0
v 0.936236630786 0.342255703257 0
v 0.938321649988 0.345611568256 0
v 0.95592431623 0.356199436401 0
v 0.975 0.35625 0
v 0.95625 0.375 0
v 0.957009615385 0.393990384615 0
v 0.95775 0.4125 0
v 0.957009615385 0.431009615385 0
v 0.95625 0.45 0
v 0.957009615385 0.468990384615 0
v 0.95775 0.4875 0
v 0.95675 0.50675 0
v 0.993990384615 -0.357009615385 0
v 1.0125 -0.35775 0
v 1.0125 -0.3375 0
v 0.99375 -0.3375 0
v 0.99375 -0.31875 0
v 1.0125 -0.31875 0
v 1.0125 -0.3 0
v 0.99375 -0.3 0
v 0.99375 -0.28125 0
v 1.0125 -0.28125 0
v 1.0125 -0.2625 0
v 0.99375 -0.2625 0
v 0.995956581732 -0.245041310844 0
v 1.0125 -0.24375 0
v 1.0125 -0.225 0
v 0.998013056577 -0.225983782287 0
v 0.98232592593 -0.187178458287 0
v 0.977563031235 -0.187127703811 0
v 0.977795340215 -0.193879264706 0
v 0.980292942053 -0.197280422392 0
v 0.996344818176 -0.206586803386 0
v 1.0125 -0.20625 0
v 1.0125 -0.1875 0
v 0.997412962965 -0.187339229143 0
v 0.979833556036 -0.167458486858 0
v 0.985505961297 -0.168589229143 0
v 0.988685996664 -0.15 0
v 0.981842998332 -0.15 0
v 0.998957386799 -0.169405624885 0
v 1.0125 -0.16875 0
v 1.0125 -0.15 0
v 1.00059299833 -0.15 0
v 0.983147974436 -0.130290260138 0
v 0.991168860682 -0.13125 0
v 0.9936517247 -0.1125 0
v 0.98432586235 -0.1125 0
v 1.00178626434 -0.131977476385 0
v 1.0125 -0.13125 0
v 1.0125 -0.1125 0
v 1.00307586235 -0.1125 0
v 0.985234269895 -0.0932094424659 0
v 0.99541762923 -0.09375 0
v 0.997183533759 -0.075 0
v 0.986091766879 -0.075 0
v 1.0039283893 -0.0943960990372 0
v 1.0125 -0.09375 0
v 1.0125 -0.075 0
v 1.00484176688 -0.075 0
v 0.986628045853 -0.0559658607819 0
v 0.998240080696 -0.05625 0
v 0.999296627634 -0.0375 0
v 0.987148313817 -0.0375 0
v 1.00535699339 -0.0567130754367 0
v 1.0125 -0.05625 0
v 1.0125 -0.0375 0
v 1.00589831382 -0.0375 0
v 0.987324993228 -0.0186608239752 0
v 0.999648313817 -0.01875 0
v 1 0 0
v 0.9875 0 0
v 1.00607255293 -0.0189210311482 0
v 1.0125 -0.01875 0
v 1.0125 -0 0
v 1.00625 0 0
v 0.987324993228 0.0186608239752 0
v 0.999648313817 0.01875 0
v 0.999296627634 0.0375 0
v 0.987148313817 0.0375 0
v 1.00607255293 0.0189210311482 0
v 1.0125 0.01875 0
v 1.0125 0.0375 0
v 1.00589831382 0.0375 0
v 0.986628045853 0.0559658607819 0
v 0.998240080696 0.05625 0
v 0.997183533759 0.075 0
v 0.986091766879 0.075 0
v 1.00535699339 0.0567130754367 0
v 1.0125 0.05625 0
v 1.0125 0.075 0
v 1.00484176688 0.075 0
v 0.985234269895 0.0932094424659 0
v 0.99541762923 0.09375 0
v 0.9936517247 0.1125 0
v 0.98432586235 0.1125 0
v 1.0039283893 0.0943960990372 0
v 1.0125 0.09375 0
v 1.0125 0.1125 0
v 1.00307586235 0.1125 0
v 0.983147974436 0.130290260138 0
v 0.991168860682 0.13125 0
v 0.988685996664 0.15 0
v 0.981842998332 0.15 0
v 1.00178626434 0.131977476385 0
v 1.0125 0.13125 0
v 1.0125 0.15 0
v 1.00059299833 0.15 0
v 0.979833556036 0.167458486858 0
v 0.985505961297 0.168589229143 0
v 0.98232592593 0.187178458287 0
v 0.977563031235 0.187127703811 0
v 0.998957386799 0.169405624885 0
v 1.0125 0.16875 0
v 1.0125 0.1875 0
v 0.997412962965 0.187339229143 0
v 0.977795340215 0.193879264706 0
v 0.980292942053 0.197280422392 0
v 0.996344818176 0.206586803386 0
v 1.0125 0.20625 0
v 1.0125 0.225 0
v 0.998013056577 0.225983782287 0
v 0.995956581732 0.245041310844 0
v 1.0125 0.24375 0
v 1.0125 0.2625 0
v 0.99375 0.2625 0
v 0.99375 0.28125 0
v 1.0125 0.28125 0
v 1.0125 0.3 0
v 0.99375 0.3 0
v 0.99375 0.31875 0
v 1.0125 0.31875 0
v 1.0125 0.3375 0
v 0.99375 0.3375 0
v 0.993990384615 0.357009615385 0
v 1.0125 0.35775 0
v 1.03175 -0.35675 0
v 1.03275 -0.3375 0
v 1.03200961538 -0.318990384615 0
v 1.03125 -0.3 0
v 1.03200961538 -0.281009615385 0
v 1.03275 -0.2625 0
v 1.03200961538 -0.243990384615 0
v 1.03125 -0.225 0
v 1.03200961538 -0.206009615385 0
v 1.03275 -0.1875 0
v 1.03200961538 -0.168990384615 0
v 1.03125 -0.15 0
v 1.03200961538 -0.131009615385 0
v 1.03275 -0.1125 0
v 1.03200961538 -0.0939903846154 0
v 1.03125 -0.075 0
v 1.03200961538 -0.0560096153846 0
v 1.03275 -0.0375 0
v 1.03200961538 -0.0189903846154 0
v 1.03125 -0 0
v 1.03200961538 0.0189903846154 0
v 1.03275 0.0375 0
v 1.03200961538 0.0560096153846 0
v 1.03125 0.075 0
v 1.03200961538 0.0939903846154 0
v 1.03275 0.1125 0
v 1.03200961538 0.131009615385 0
v 1.03125 0.15 0
v 1.03200961538 0.168990384615 0
v 1.03275 0.1875 0
v 1.03200961538 0.206009615385 0
v 1.03125 0.225 0
v 1.03200961538 0.243990384615 0
v 1.03275 0.2625 0
v 1.03200961538 0.281009615385 0
v 1.03125 0.3 0
v 1.03200961538 0.318990384615 0
v 1.03275 0.3375 0
v 1.03175 0.35675 0
g interior
f 1 2 3 4
f 5 6 3 2
f 7 8 3 6
f 9 10 3 8
f 11 12 3 10
f 13 4 3 12
f 11 10 14 15
f 9 16 14 10
f 17 18 14 16
f 19 20 14 18
f 21 22 14 20
f 23 15 14 22
f 7 24 25 8
f 26 27 25 24
f 28 29 25 27
f 30 31 25 29
f 32 33 25 31
f 9 8 25 33
f 9 33 34 16
f 32 35 34 33
f 36 37 34 35
f 38 39 34 37
f 40 41 34 39
f 17 16 34 41
g exterior
f 42 43 44 45
f 46 47 44 43
f 48 49 44 47
f 50 45 44 49
f 50 49 51 52
f 48 53 51 49
f 54 55 51 53
f 56 52 51 55
f 56 55 57 58
f 54 59 57 55
f 60 61 57 59
f 62 58 57 61
f 62 61 63 64
f 60 65 63 61
f 66 67 63 65
f 68 69 63 67
f 70 64 63 69
f 70 69 71 72
f 68 73 71 69
f 74 75 71 73
f 76 77 71 75
f 78 79 71 77
f 80 72 71 79
f 81 82 83 84
f 85 86 83 82
f 87 88 83 86
f 89 90 83 88
f 91 92 83 90
f 93 84 83 92
f 93 92 94 95
f 91 96 94 92
f 97 98 94 96
f 99 100 94 98
f 101 95 94 100
f 101 100 102 103
f 99 104 102 100
f 105 106 102 104
f 107 103 102 106
f 107 106 108 109
f 105 110 108 106
f 111 112 108 110
f 113 109 108 112
f 113 112 114 115
f 111 116 114 112
f 117 118 114 116
f 119 115 114 118
f 46 120 121 47
f 122 123 121 120
f 124 125 121 123
f 48 47 121 125
f 48 125 126 53
f 124 127 126 125
f 128 129 126 127
f 54 53 126 129
f 54 129 130 59
f 128 131 130 129
f 132 133 130 131
f 134 135 130 133
f 136 137 130 135
f 60 59 130 137
f 99 138 139 104
f 140 141 139 138
f 142 143 139 141
f 144 145 139 143
f 146 147 139 145
f 105 104 139 147
f 105 147 148 110
f 146 149 148 147
f 150 151 148 149
f 111 110 148 151
f 111 151 152 116
f 150 153 152 151
f 154 155 152 153
f 117 116 152 155
f 122 156 157 123
f 158 159 157 156
f 160 161 157 159
f 124 123 157 161
f 124 161 162 127
f 160 163 162 161
f 164 165 162 163
f 166 167 162 165
f 168 169 162 167
f 128 127 162 169
f 146 170 171 149
f 172 173 171 170
f 174 175 171 173
f 176 177 171 175
f 178 179 171 177
f 150 149 171 179
f 150 179 180 153
f 178 181 180 179
f 182 183 180 181
f 154 153 180 183
f 158 184 185 159
f 186 187 185 184
f 188 189 185 187
f 190 191 185 189
f 160 159 185 191
g interior
f 192 193 194 195
f 196 197 194 193
f 198 199 194 197
f 200 201 194 199
f 202 203 194 201
f 204 195 194 203
f 202 201 205 206
f 200 207 205 201
f 208 209 205 207
f 210 211 205 209
f 212 206 205 211
f 210 209 213 214
f 208 215 213 209
f 216 217 213 215
f 218 219 213 217
f 220 214 213 219
f 218 217 221 222
f 216 223 221 217
f 224 225 221 223
f 226 227 221 225
f 228 229 221 227
f 230 222 221 229
g exterior
f 178 231 232 181
f 233 234 232 231
f 235 236 232 234
f 237 238 232 236
f 182 181 232 238
f 186 239 240 187
f 241 242 240 239
f 243 244 240 242
f 245 246 240 244
f 247 248 240 246
f 188 187 240 248
g interior
f 249 250 251 252
f 253 254 251 250
f 255 256 251 254
f 257 258 251 256
f 259 260 251 258
f 261 252 251 260
f 259 258 262 263
f 257 264 262 258
f 265 266 262 264
f 198 267 262 266
f 268 263 262 267
f 198 266 269 199
f 265 270 269 266
f 271 272 269 270
f 200 199 269 272
f 200 272 273 207
f 271 274 273 272
f 275 276 273 274
f 208 207 273 276
f 208 276 277 215
f 275 278 277 276
f 279 280 277 278
f 216 215 277 280
f 216 280 281 223
f 279 282 281 280
f 283 284 281 282
f 224 223 281 284
f 224 284 285 286
f 283 287 285 284
f 288 289 285 287
f 290 291 285 289
f 292 286 285 291
f 290 289 293 294
f 288 295 293 289
f 296 297 293 295
f 298 299 293 297
f 300 301 293 299
f 302 294 293 301
g exterior
f 235 303 304 236
f 305 306 304 303
f 307 308 304 306
f 309 310 304 308
f 311 312 304 310
f 237 236 304 312
g interior
f 255 313 314 256
f 315 316 314 313
f 317 318 314 316
f 319 320 314 318
f 257 256 314 320
f 257 320 321 264
f 319 322 321 320
f 1 323 321 322
f 265 264 321 323
f 265 323 324 270
f 1 4 324 323
f 13 325 324 4
f 271 270 324 325
f 271 325 326 274
f 13 12 326 325
f 11 327 326 12
f 275 274 326 327
f 275 327 328 278
f 11 15 328 327
f 23 329 328 15
f 279 278 328 329
f 279 329 330 282
f 23 22 330 329
f 21 331 330 22
f 283 282 330 331
f 283 331 332 287
f 21 333 332 331
f 334 335 332 333
f 288 287 332 335
f 288 335 336 295
f 334 337 336 335
f 338 339 336 337
f 340 341 336 339
f 296 295 336 341
f 342 343 344 345
f 346 347 344 343
f 348 349 344 347
f 350 351 344 349
f 317 352 344 351
f 353 345 344 352
f 317 351 354 318
f 350 355 354 351
f 356 357 354 355
f 319 318 354 357
f 319 357 358 322
f 356 359 358 357
f 5 2 358 359
f 1 322 358 2
f 21 20 360 333
f 19 361 360 20
f 362 363 360 361
f 334 333 360 363
f 334 363 364 337
f 362 365 364 363
f 366 367 364 365
f 338 337 364 367
f 338 367 368 369
f 366 370 368 367
f 371 372 368 370
f 373 374 368 372
f 375 376 368 374
f 377 369 368 376
f 348 378 379 349
f 380 381 379 378
f 382 383 379 381
f 384 385 379 383
f 350 349 379 385
f 350 385 386 355
f 384 387 386 385
f 388 389 386 387
f 356 355 386 389
f 356 389 390 359
f 388 391 390 389
f 7 6 390 391
f 5 359 390 6
f 19 18 392 361
f 17 393 392 18
f 394 395 392 393
f 362 361 392 395
f 362 395 396 365
f 394 397 396 395
f 398 399 396 397
f 366 365 396 399
f 366 399 400 370
f 398 401 400 399
f 402 403 400 401
f 404 405 400 403
f 371 370 400 405
f 382 406 407 383
f 408 409 407 406
f 410 411 407 409
f 412 413 407 411
f 384 383 407 413
f 384 413 414 387
f 412 415 414 413
f 416 417 414 415
f 388 387 414 417
f 388 417 418 391
f 416 419 418 417
f 26 24 418 419
f 7 391 418 24
f 17 41 420 393
f 40 421 420 41
f 422 423 420 421
f 394 393 420 423
f 394 423 424 397
f 422 425 424 423
f 426 427 424 425
f 398 397 424 427
f 398 427 428 401
f 426 429 428 427
f 430 431 428 429
f 432 433 428 431
f 402 401 428 433
f 410 434 435 411
f 436 437 435 434
f 438 439 435 437
f 440 441 435 439
f 442 443 435 441
f 412 411 435 443
f 412 443 444 415
f 442 445 444 443
f 446 447 444 445
f 416 415 444 447
f 416 447 448 419
f 446 449 448 447
f 28 27 448 449
f 26 419 448 27
f 40 39 450 421
f 38 451 450 39
f 452 453 450 451
f 422 421 450 453
f 422 453 454 425
f 452 455 454 453
f 456 457 454 455
f 426 425 454 457
f 426 457 458 429
f 456 459 458 457
f 460 461 458 459
f 462 463 458 461
f 464 465 458 463
f 430 429 458 465
f 442 466 467 445
f 468 469 467 466
f 470 471 467 469
f 472 473 467 471
f 446 445 467 473
f 446 473 474 449
f 472 475 474 473
f 476 477 474 475
f 28 449 474 477
f 28 477 478 29
f 476 479 478 477
f 480 481 478 479
f 30 29 478 481
f 30 481 482 31
f 480 483 482 481
f 484 485 482 483
f 32 31 482 485
f 32 485 486 35
f 484 487 486 485
f 488 489 486 487
f 36 35 486 489
f 36 489 490 37
f 488 491 490 489
f 492 493 490 491
f 38 37 490 493
f 38 493 494 451
f 492 495 494 493
f 496 497 494 495
f 452 451 494 497
f 452 497 498 455
f 496 499 498 497
f 500 501 498 499
f 502 503 498 501
f 456 455 498 503
g exterior
f 504 505 506 507
f 508 509 506 505
f 510 511 506 509
f 512 513 506 511
f 514 515 506 513
f 516 507 506 515
g interior
f 470 517 518 471
f 519 520 518 517
f 521 522 518 520
f 523 524 518 522
f 525 526 518 524
f 472 471 518 526
f 472 526 527 475
f 525 528 527 526
f 529 530 527 528
f 531 532 527 530
f 476 475 527 532
f 476 532 533 479
f 531 534 533 532
f 535 536 533 534
f 480 479 533 536
f 480 536 537 483
f 535 538 537 536
f 539 540 537 538
f 484 483 537 540
f 484 540 541 487
f 539 542 541 540
f 543 544 541 542
f 488 487 541 544
f 488 544 545 491
f 543 546 545 544
f 547 548 545 546
f 492 491 545 548
f 492 548 549 495
f 547 550 549 548
f 551 552 549 550
f 553 554 549 552
f 496 495 549 554
f 496 554 555 499
f 553 556 555 554
f 557 558 555 556
f 559 560 555 558
f 561 562 555 560
f 500 499 555 562
g exterior
f 563 564 565 566
f 567 568 565 564
f 569 570 565 568
f 571 572 565 570
f 573 574 565 572
f 575 566 565 574
f 508 576 577 509
f 578 579 577 576
f 580 581 577 579
f 582 583 577 581
f 510 509 577 583
g interior
f 531 584 585 534
f 586 587 585 584
f 588 589 585 587
f 590 591 585 589
f 592 593 585 591
f 535 534 585 593
f 535 593 594 538
f 592 595 594 593
f 596 597 594 595
f 598 599 594 597
f 539 538 594 599
f 539 599 600 542
f 598 601 600 599
f 602 603 600 601
f 604 605 600 603
f 543 542 600 605
f 543 605 606 546
f 604 607 606 605
f 608 609 606 607
f 610 611 606 609
f 612 613 606 611
f 547 546 606 613
g exterior
f 569 614 615 570
f 616 617 615 614
f 618 619 615 617
f 620 621 615 619
f 571 570 615 621
f 578 622 623 579
f 624 625 623 622
f 626 627 623 625
f 580 579 623 627
f 580 627 628 629
f 626 630 628 627
f 631 632 628 630
f 633 634 628 632
f 635 636 628 634
f 637 629 628 636
f 638 639 640 641
f 642 643 640 639
f 644 645 640 643
f 646 647 640 645
f 618 648 640 647
f 649 641 640 648
f 618 647 650 619
f 646 651 650 647
f 652 653 650 651
f 620 619 650 653
f 624 654 655 625
f 656 657 655 654
f 658 659 655 657
f 626 625 655 659
f 626 659 660 630
f 658 661 660 659
f 662 663 660 661
f 631 630 660 663
f 631 663 664 665
f 662 666 664 663
f 667 668 664 666
f 669 670 664 668
f 671 672 664 670
f 673 665 664 672
f 674 675 676 677
f 678 679 676 675
f 680 681 676 679
f 682 683 676 681
f 644 684 676 683
f 685 677 676 684
f 644 683 686 645
f 682 687 686 683
f 688 689 686 687
f 646 645 686 689
f 646 689 690 651
f 688 691 690 689
f 692 693 690 691
f 652 651 690 693
f 656 694 695 657
f 696 697 695 694
f 698 699 695 697
f 658 657 695 699
f 658 699 700 661
f 698 701 700 699
f 702 703 700 701
f 662 661 700 703
f 662 703 704 666
f 702 705 704 703
f 706 707 704 705
f 667 666 704 707
f 667 707 708 709
f 706 710 708 707
f 711 712 708 710
f 713 714 708 712
f 715 709 708 714
f 713 712 716 717
f 711 718 716 712
f 719 720 716 718
f 721 722 716 720
f 723 724 716 722
f 725 717 716 724
f 726 727 728 729
f 730 731 728 727
f 732 733 728 731
f 734 735 728 733
f 736 737 728 735
f 738 729 728 737
f 736 735 739 740
f 734 741 739 735
f 742 743 739 741
f 680 744 739 743
f 745 740 739 744
f 680 743 746 681
f 742 747 746 743
f 748 749 746 747
f 682 681 746 749
f 682 749 750 687
f 748 751 750 749
f 752 753 750 751
f 688 687 750 753
f 688 753 754 691
f 752 755 754 753
f 756 757 754 755
f 692 691 754 757
f 80 79 758 759
f 78 760 758 79
f 761 762 758 760
f 763 759 758 762
f 763 762 764 765
f 761 766 764 762
f 767 768 764 766
f 769 765 764 768
f 769 768 770 771
f 767 772 770 768
f 773 774 770 772
f 775 771 770 774
f 775 774 776 777
f 773 778 776 774
f 779 780 776 778
f 781 777 776 780
f 781 780 782 783
f 779 784 782 780
f 785 786 782 784
f 787 783 782 786
f 787 786 788 789
f 785 790 788 786
f 791 792 788 790
f 793 789 788 792
f 793 792 794 795
f 791 796 794 792
f 797 798 794 796
f 799 795 794 798
f 799 798 800 801
f 797 802 800 798
f 803 804 800 802
f 805 801 800 804
f 805 804 806 807
f 803 808 806 804
f 809 810 806 808
f 811 807 806 810
f 811 810 812 813
f 809 814 812 810
f 815 816 812 814
f 817 813 812 816
f 817 816 818 819
f 815 820 818 816
f 821 822 818 820
f 823 819 818 822
f 823 822 824 825
f 821 826 824 822
f 85 82 824 826
f 81 825 824 82
f 78 77 827 760
f 76 828 827 77
f 829 830 827 828
f 761 760 827 830
f 761 830 831 766
f 829 832 831 830
f 833 834 831 832
f 835 836 831 834
f 767 766 831 836
f 767 836 837 772
f 835 838 837 836
f 839 840 837 838
f 841 842 837 840
f 773 772 837 842
f 773 842 843 778
f 841 844 843 842
f 845 846 843 844
f 847 848 843 846
f 779 778 843 848
f 779 848 849 784
f 847 850 849 848
f 851 852 849 850
f 853 854 849 852
f 785 784 849 854
f 785 854 855 790
f 853 856 855 854
f 857 858 855 856
f 859 860 855 858
f 791 790 855 860
f 791 860 861 796
f 859 862 861 860
f 863 864 861 862
f 865 866 861 864
f 797 796 861 866
f 797 866 867 802
f 865 868 867 866
f 869 870 867 868
f 871 872 867 870
f 803 802 867 872
f 803 872 873 808
f 871 874 873 872
f 875 876 873 874
f 877 878 873 876
f 809 808 873 878
f 809 878 879 814
f 877 880 879 878
f 881 882 879 880
f 883 884 879 882
f 815 814 879 884
f 815 884 885 820
f 883 886 885 884
f 887 888 885 886
f 889 890 885 888
f 821 820 885 890
f 821 890 891 826
f 889 892 891 890
f 87 86 891 892
f 85 826 891 86
f 60 137 893 65
f 136 894 893 137
f 895 896 893 894
f 66 65 893 896
f 66 896 897 67
f 895 898 897 896
f 899 900 897 898
f 68 67 897 900
f 68 900 901 73
f 899 902 901 900
f 903 904 901 902
f 74 73 901 904
f 74 904 905 75
f 903 906 905 904
f 907 908 905 906
f 909 910 905 908
f 76 75 905 910
f 76 910 911 828
f 909 912 911 910
f 913 914 911 912
f 915 916 911 914
f 917 918 911 916
f 829 828 911 918
f 889 919 920 892
f 921 922 920 919
f 923 924 920 922
f 925 926 920 924
f 927 928 920 926
f 87 892 920 928
f 87 928 929 88
f 927 930 929 928
f 931 932 929 930
f 933 934 929 932
f 89 88 929 934
f 89 934 935 90
f 933 936 935 934
f 937 938 935 936
f 91 90 935 938
f 91 938 939 96
f 937 940 939 938
f 941 942 939 940
f 97 96 939 942
f 97 942 943 98
f 941 944 943 942
f 140 138 943 944
f 99 98 943 138
f 136 135 945 894
f 134 946 945 135
f 947 948 945 946
f 895 894 945 948
f 895 948 949 898
f 947 950 949 948
f 951 952 949 950
f 953 954 949 952
f 899 898 949 954
f 899 954 955 902
f 953 956 955 954
f 957 958 955 956
f 959 960 955 958
f 961 962 955 960
f 903 902 955 962
f 933 963 964 936
f 965 966 964 963
f 967 968 964 966
f 969 970 964 968
f 971 972 964 970
f 937 936 964 972
f 937 972 973 940
f 971 974 973 972
f 975 976 973 974
f 977 978 973 976
f 941 940 973 978
f 941 978 979 944
f 977 980 979 978
f 142 141 979 980
f 140 944 979 141
f 128 169 981 131
f 168 982 981 169
f 983 984 981 982
f 132 131 981 984
f 132 984 985 133
f 983 986 985 984
f 987 988 985 986
f 134 133 985 988
f 134 988 989 946
f 987 990 989 988
f 991 992 989 990
f 993 994 989 992
f 995 996 989 994
f 947 946 989 996
g interior
f 997 998 999 1000
f 1001 1002 999 998
f 1003 1004 999 1002
f 1005 1006 999 1004
f 1007 1008 999 1006
f 1009 1000 999 1008
f 1007 1006 1010 1011
f 1005 1012 1010 1006
f 1013 1014 1010 1012
f 1015 1016 1010 1014
f 1017 1011 1010 1016
f 1015 1014 1018 1019
f 1013 1020 1018 1014
f 1021 1022 1018 1020
f 1023 1024 1018 1022
f 1025 1019 1018 1024
f 1023 1022 1026 1027
f 1021 1028 1026 1022
f 1029 1030 1026 1028
f 1031 1032 1026 1030
f 1033 1027 1026 1032
f 1031 1030 1034 1035
f 1029 1036 1034 1030
f 1037 1038 1034 1036
f 1039 1040 1034 1038
f 1041 1035 1034 1040
f 1039 1038 1042 1043
f 1037 1044 1042 1038
f 1045 1046 1042 1044
f 1047 1048 1042 1046
f 1049 1043 1042 1048
f 1047 1046 1050 1051
f 1045 1052 1050 1046
f 1053 1054 1050 1052
f 1055 1056 1050 1054
f 1057 1051 1050 1056
f 1055 1054 1058 1059
f 1053 1060 1058 1054
f 1061 1062 1058 1060
f 1063 1064 1058 1062
f 1065 1066 1058 1064
f 1067 1059 1058 1066
g exterior
f 977 1068 1069 980
f 1070 1071 1069 1068
f 1072 1073 1069 1071
f 1074 1075 1069 1073
f 1076 1077 1069 1075
f 142 980 1069 1077
f 142 1077 1078 143
f 1076 1079 1078 1077
f 1080 1081 1078 1079
f 144 143 1078 1081
f 144 1081 1082 145
f 1080 1083 1082 1081
f 172 170 1082 1083
f 146 145 1082 170
f 168 167 1084 982
f 166 1085 1084 167
f 1086 1087 1084 1085
f 983 982 1084 1087
f 983 1087 1088 986
f 1086 1089 1088 1087
f 1090 1091 1088 1089
f 1092 1093 1088 1091
f 1094 1095 1088 1093
f 987 986 1088 1095
g interior
f 1096 1097 1098 1099
f 1100 1101 1098 1097
f 1102 1103 1098 1101
f 1104 1105 1098 1103
f 1106 1107 1098 1105
f 1108 1099 1098 1107
f 1106 1105 1109 1110
f 1104 1111 1109 1105
f 192 1112 1109 1111
f 1003 1113 1109 1112
f 1114 1110 1109 1113
f 1003 1112 1115 1004
f 192 195 1115 1112
f 204 1116 1115 195
f 1005 1004 1115 1116
f 1005 1116 1117 1012
f 204 203 1117 1116
f 202 1118 1117 203
f 1013 1012 1117 1118
f 1013 1118 1119 1020
f 202 206 1119 1118
f 212 1120 1119 206
f 1021 1020 1119 1120
f 1021 1120 1121 1028
f 212 211 1121 1120
f 210 1122 1121 211
f 1029 1028 1121 1122
f 1029 1122 1123 1036
f 210 214 1123 1122
f 220 1124 1123 214
f 1037 1036 1123 1124
f 1037 1124 1125 1044
f 220 219 1125 1124
f 218 1126 1125 219
f 1045 1044 1125 1126
f 1045 1126 1127 1052
f 218 222 1127 1126
f 230 1128 1127 222
f 1053 1052 1127 1128
f 1053 1128 1129 1060
f 230 229 1129 1128
f 228 1130 1129 229
f 1061 1060 1129 1130
f 1061 1130 1131 1132
f 228 1133 1131 1130
f 1134 1135 1131 1133
f 1136 1137 1131 1135
f 1138 1132 1131 1137
f 1136 1135 1139 1140
f 1134 1141 1139 1135
f 1142 1143 1139 1141
f 1144 1145 1139 1143
f 1146 1147 1139 1145
f 1148 1140 1139 1147
g exterior
f 1076 1149 1150 1079
f 1151 1152 1150 1149
f 1153 1154 1150 1152
f 1155 1156 1150 1154
f 1157 1158 1150 1156
f 1080 1079 1150 1158
f 1080 1158 1159 1083
f 1157 1160 1159 1158
f 174 173 1159 1160
f 172 1083 1159 173
f 160 191 1161 163
f 190 1162 1161 191
f 1163 1164 1161 1162
f 164 163 1161 1164
f 164 1164 1165 165
f 1163 1166 1165 1164
f 1167 1168 1165 1166
f 166 165 1165 1168
f 166 1168 1169 1085
f 1167 1170 1169 1168
f 1171 1172 1169 1170
f 1173 1174 1169 1172
f 1175 1176 1169 1174
f 1086 1085 1169 1176
g interior
f 1177 1178 1179 1180
f 1181 1182 1179 1178
f 1183 1184 1179 1182
f 1185 1186 1179 1184
f 1102 1187 1179 1186
f 1188 1180 1179 1187
f 1102 1186 1189 1103
f 1185 1190 1189 1186
f 1191 1192 1189 1190
f 1104 1103 1189 1192
f 1104 1192 1193 1111
f 1191 1194 1193 1192
f 196 193 1193 1194
f 192 1111 1193 193
f 228 227 1195 1133
f 226 1196 1195 227
f 1197 1198 1195 1196
f 1134 1133 1195 1198
f 1134 1198 1199 1141
f 1197 1200 1199 1198
f 1201 1202 1199 1200
f 1142 1141 1199 1202
f 1142 1202 1203 1204
f 1201 1205 1203 1202
f 1206 1207 1203 1205
f 1208 1209 1203 1207
f 1210 1211 1203 1209
f 1212 1204 1203 1211
g exterior
f 1157 1213 1214 1160
f 1215 1216 1214 1213
f 1217 1218 1214 1216
f 1219 1220 1214 1218
f 1221 1222 1214 1220
f 174 1160 1214 1222
f 174 1222 1223 175
f 1221 1224 1223 1222
f 1225 1226 1223 1224
f 176 175 1223 1226
f 176 1226 1227 177
f 1225 1228 1227 1226
f 233 231 1227 1228
f 178 177 1227 231
f 190 189 1229 1162
f 188 1230 1229 189
f 1231 1232 1229 1230
f 1163 1162 1229 1232
f 1163 1232 1233 1166
f 1231 1234 1233 1232
f 1235 1236 1233 1234
f 1237 1238 1233 1236
f 1167 1166 1233 1238
g interior
f 1239 1240 1241 1242
f 1243 1244 1241 1240
f 1245 1246 1241 1244
f 249 1247 1241 1246
f 1248 1249 1241 1247
f 1250 1242 1241 1249
f 1248 1247 1251 1252
f 249 252 1251 1247
f 261 1253 1251 252
f 1183 1254 1251 1253
f 1255 1252 1251 1254
f 1183 1253 1256 1184
f 261 260 1256 1253
f 259 1257 1256 260
f 1185 1184 1256 1257
f 1185 1257 1258 1190
f 259 263 1258 1257
f 268 1259 1258 263
f 1191 1190 1258 1259
f 1191 1259 1260 1194
f 268 267 1260 1259
f 198 197 1260 267
f 196 1194 1260 197
f 226 225 1261 1196
f 224 286 1261 225
f 292 1262 1261 286
f 1197 1196 1261 1262
f 1197 1262 1263 1200
f 292 291 1263 1262
f 290 1264 1263 291
f 1201 1200 1263 1264
f 1201 1264 1265 1205
f 290 294 1265 1264
f 302 1266 1265 294
f 1206 1205 1265 1266
f 1206 1266 1267 1268
f 302 301 1267 1266
f 300 1269 1267 301
f 1270 1271 1267 1269
f 1272 1268 1267 1271
f 1270 1269 1273 1274
f 300 1275 1273 1269
f 1276 1277 1273 1275
f 1278 1279 1273 1277
f 1280 1281 1273 1279
f 1282 1274 1273 1281
g exterior
f 1221 1283 1284 1224
f 1285 1286 1284 1283
f 1287 1288 1284 1286
f 1289 1290 1284 1288
f 1225 1224 1284 1290
f 1225 1290 1291 1228
f 1289 1292 1291 1290
f 235 234 1291 1292
f 233 1228 1291 234
f 188 248 1293 1230
f 247 1294 1293 248
f 1295 1296 1293 1294
f 1231 1230 1293 1296
f 1231 1296 1297 1234
f 1295 1298 1297 1296
f 1299 1300 1297 1298
f 1301 1302 1297 1300
f 1303 1304 1297 1302
f 1235 1234 1297 1304
g interior
f 1245 1305 1306 1246
f 1307 1308 1306 1305
f 1309 1310 1306 1308
f 253 250 1306 1310
f 249 1246 1306 250
f 300 299 1311 1275
f 298 1312 1311 299
f 1313 1314 1311 1312
f 1315 1316 1311 1314
f 1276 1275 1311 1316
g exterior
f 1287 1317 1318 1288
f 1319 1320 1318 1317
f 1321 1322 1318 1320
f 1323 1324 1318 1322
f 1325 1326 1318 1324
f 1289 1288 1318 1326
f 1289 1326 1327 1292
f 1325 1328 1327 1326
f 305 303 1327 1328
f 235 1292 1327 303
f 247 246 1329 1294
f 245 1330 1329 246
f 1331 1332 1329 1330
f 1333 1334 1329 1332
f 1295 1294 1329 1334
g interior
f 1335 1336 1337 1338
f 1339 1340 1337 1336
f 1341 1342 1337 1340
f 1343 1344 1337 1342
f 1309 1345 1337 1344
f 1346 1338 1337 1345
f 1309 1344 1347 1310
f 1343 1348 1347 1344
f 255 254 1347 1348
f 253 1310 1347 254
f 298 297 1349 1312
f 296 1350 1349 297
f 1351 1352 1349 1350
f 1313 1312 1349 1352
f 1313 1352 1353 1354
f 1351 1355 1353 1352
f 1356 1357 1353 1355
f 1358 1359 1353 1357
f 1360 1361 1353 1359
f 1362 1354 1353 1361
g exterior
f 1325 1363 1364 1328
f 1365 1366 1364 1363
f 1367 1368 1364 1366
f 307 306 1364 1368
f 305 1328 1364 306
f 241 1369 1370 242
f 1371 1372 1370 1369
f 1373 1374 1370 1372
f 243 242 1370 1374
f 243 1374 1375 244
f 1373 1376 1375 1374
f 1377 1378 1375 1376
f 245 244 1375 1378
f 245 1378 1379 1330
f 1377 1380 1379 1378
f 1381 1382 1379 1380
f 1383 1384 1379 1382
f 1385 1386 1379 1384
f 1331 1330 1379 1386
g interior
f 1387 1388 1389 1390
f 1391 1392 1389 1388
f 1393 1394 1389 1392
f 1395 1396 1389 1394
f 1341 1397 1389 1396
f 1398 1390 1389 1397
f 1341 1396 1399 1342
f 1395 1400 1399 1396
f 1401 1402 1399 1400
f 1343 1342 1399 1402
f 1343 1402 1403 1348
f 1401 1404 1403 1402
f 315 313 1403 1404
f 255 1348 1403 313
f 296 341 1405 1350
f 340 1406 1405 341
f 1407 1408 1405 1406
f 1351 1350 1405 1408
f 1351 1408 1409 1355
f 1407 1410 1409 1408
f 1411 1412 1409 1410
f 1356 1355 1409 1412
f 1356 1412 1413 1414
f 1411 1415 1413 1412
f 1416 1417 1413 1415
f 1418 1419 1413 1417
f 1420 1421 1413 1419
f 1422 1414 1413 1421
g exterior
f 1367 1423 1424 1368
f 1425 1426 1424 1423
f 1427 1428 1424 1426
f 1429 1430 1424 1428
f 1431 1432 1424 1430
f 307 1368 1424 1432
f 307 1432 1433 308
f 1431 1434 1433 1432
f 1435 1436 1433 1434
f 309 308 1433 1436
f 309 1436 1437 310
f 1435 1438 1437 1436
f 1439 1440 1437 1438
f 311 310 1437 1440
f 1371 1441 1442 1372
f 1443 1444 1442 1441
f 1445 1446 1442 1444
f 1373 1372 1442 1446
f 1373 1446 1447 1376
f 1445 1448 1447 1446
f 1449 1450 1447 1448
f 1451 1452 1447 1450
f 1377 1376 1447 1452
g interior
f 1393 1453 1454 1394
f 1455 1456 1454 1453
f 1457 1458 1454 1456
f 342 1459 1454 1458
f 1395 1394 1454 1459
f 1395 1459 1460 1400
f 342 345 1460 1459
f 353 1461 1460 345
f 1401 1400 1460 1461
f 1401 1461 1462 1404
f 353 352 1462 1461
f 317 316 1462 352
f 315 1404 1462 316
f 340 339 1463 1406
f 338 369 1463 339
f 377 1464 1463 369
f 1407 1406 1463 1464
f 1407 1464 1465 1410
f 377 376 1465 1464
f 375 1466 1465 376
f 1411 1410 1465 1466
f 1411 1466 1467 1415
f 375 1468 1467 1466
f 1469 1470 1467 1468
f 1471 1472 1467 1470
f 1416 1415 1467 1472
g exterior
f 1431 1473 1474 1434
f 1475 1476 1474 1473
f 1477 1478 1474 1476
f 1479 1480 1474 1478
f 1435 1434 1474 1480
f 1435 1480 1481 1438
f 1479 1482 1481 1480
f 1483 1484 1481 1482
f 1439 1438 1481 1484
f 1443 1485 1486 1444
f 1487 1488 1486 1485
f 1489 1490 1486 1488
f 1445 1444 1486 1490
f 1445 1490 1491 1448
f 1489 1492 1491 1490
f 1493 1494 1491 1492
f 1495 1496 1491 1494
f 1449 1448 1491 1496
g interior
f 1497 1498 1499 1500
f 1501 1502 1499 1498
f 1503 1504 1499 1502
f 1505 1506 1499 1504
f 1457 1507 1499 1506
f 1508 1500 1499 1507
f 1457 1506 1509 1458
f 1505 1510 1509 1506
f 346 343 1509 1510
f 342 1458 1509 343
f 375 374 1511 1468
f 373 1512 1511 374
f 1513 1514 1511 1512
f 1469 1468 1511 1514
f 1469 1514 1515 1516
f 1513 1517 1515 1514
f 1518 1519 1515 1517
f 1520 1521 1515 1519
f 1522 1523 1515 1521
f 1524 1516 1515 1523
g exterior
f 1477 1525 1526 1478
f 1527 1528 1526 1525
f 1529 1530 1526 1528
f 1531 1532 1526 1530
f 1479 1478 1526 1532
f 1479 1532 1533 1482
f 1531 1534 1533 1532
f 1535 1536 1533 1534
f 1483 1482 1533 1536
f 1487 1537 1538 1488
f 1539 1540 1538 1537
f 1541 1542 1538 1540
f 1489 1488 1538 1542
f 1489 1542 1543 1492
f 1541 1544 1543 1542
f 1545 1546 1543 1544
f 1547 1548 1543 1546
f 1493 1492 1543 1548
g interior
f 1503 1549 1550 1504
f 1551 1552 1550 1549
f 1553 1554 1550 1552
f 1555 1556 1550 1554
f 1505 1504 1550 1556
f 1505 1556 1557 1510
f 1555 1558 1557 1556
f 348 347 1557 1558
f 346 1510 1557 347
f 373 372 1559 1512
f 371 1560 1559 372
f 1561 1562 1559 1560
f 1513 1512 1559 1562
f 1513 1562 1563 1517
f 1561 1564 1563 1562
f 1565 1566 1563 1564
f 1567 1568 1563 1566
f 1518 1517 1563 1568
g exterior
f 1529 1569 1570 1530
f 1571 1572 1570 1569
f 1573 1574 1570 1572
f 1575 1576 1570 1574
f 1531 1530 1570 1576
f 1531 1576 1577 1534
f 1575 1578 1577 1576
f 1579 1580 1577 1578
f 1535 1534 1577 1580
f 1539 1581 1582 1540
f 1583 1584 1582 1581
f 1585 1586 1582 1584
f 1541 1540 1582 1586
f 1541 1586 1587 1544
f 1585 1588 1587 1586
f 1589 1590 1587 1588
f 1591 1592 1587 1590
f 1545 1544 1587 1592
g interior
f 1553 1593 1594 1554
f 1595 1596 1594 1593
f 1597 1598 1594 1596
f 1599 1600 1594 1598
f 1555 1554 1594 1600
f 1555 1600 1601 1558
f 1599 1602 1601 1600
f 380 378 1601 1602
f 348 1558 1601 378
f 371 405 1603 1560
f 404 1604 1603 405
f 1605 1606 1603 1604
f 1561 1560 1603 1606
f 1561 1606 1607 1564
f 1605 1608 1607 1606
f 1609 1610 1607 1608
f 1611 1612 1607 1610
f 1565 1564 1607 1612
g exterior
f 1573 1613 1614 1574
f 1615 1616 1614 1613
f 1617 1618 1614 1616
f 1619 1620 1614 1618
f 1575 1574 1614 1620
f 1575 1620 1621 1578
f 1619 1622 1621 1620
f 1623 1624 1621 1622
f 1579 1578 1621 1624
f 1583 1625 1626 1584
f 1627 1628 1626 1625
f 1629 1630 1626 1628
f 1585 1584 1626 1630
f 1585 1630 1631 1588
f 1629 1632 1631 1630
f 1633 1634 1631 1632
f 1635 1636 1631 1634
f 1589 1588 1631 1636
g interior
f 1597 1637 1638 1598
f 1639 1640 1638 1637
f 1641 1642 1638 1640
f 1643 1644 1638 1642
f 1599 1598 1638 1644
f 1599 1644 1645 1602
f 1643 1646 1645 1644
f 382 381 1645 1646
f 380 1602 1645 381
f 404 403 1647 1604
f 402 1648 1647 403
f 1649 1650 1647 1648
f 1605 1604 1647 1650
f 1605 1650 1651 1608
f 1649 1652 1651 1650
f 1653 1654 1651 1652
f 1655 1656 1651 1654
f 1609 1608 1651 1656
g exterior
f 1617 1657 1658 1618
f 1659 1660 1658 1657
f 1661 1662 1658 1660
f 1663 1664 1658 1662
f 1619 1618 1658 1664
f 1619 1664 1665 1622
f 1663 1666 1665 1664
f 1667 1668 1665 1666
f 1623 1622 1665 1668
f 1627 1669 1670 1628
f 1671 1672 1670 1669
f 1673 1674 1670 1672
f 1629 1628 1670 1674
f 1629 1674 1675 1632
f 1673 1676 1675 1674
f 1677 1678 1675 1676
f 1679 1680 1675 1678
f 1633 1632 1675 1680
g interior
f 1641 1681 1682 1642
f 1683 1684 1682 1681
f 1685 1686 1682 1684
f 1687 1688 1682 1686
f 1643 1642 1682 1688
f 1643 1688 1689 1646
f 1687 1690 1689 1688
f 408 406 1689 1690
f 382 1646 1689 406
f 402 433 1691 1648
f 432 1692 1691 433
f 1693 1694 1691 1692
f 1649 1648 1691 1694
f 1649 1694 1695 1652
f 1693 1696 1695 1694
f 1697 1698 1695 1696
f 1699 1700 1695 1698
f 1653 1652 1695 1700
g exterior
f 1661 1701 1702 1662
f 1703 1704 1702 1701
f 1705 1706 1702 1704
f 1707 1708 1702 1706
f 1663 1662 1702 1708
f 1663 1708 1709 1666
f 1707 1710 1709 1708
f 1711 1712 1709 1710
f 1667 1666 1709 1712
f 1671 1713 1714 1672
f 1715 1716 1714 1713
f 1717 1718 1714 1716
f 1673 1672 1714 1718
f 1673 1718 1719 1676
f 1717 1720 1719 1718
f 1721 1722 1719 1720
f 1723 1724 1719 1722
f 1677 1676 1719 1724
g interior
f 1685 1725 1726 1686
f 1727 1728 1726 1725
f 1729 1730 1726 1728
f 1731 1732 1726 1730
f 1687 1686 1726 1732
f 1687 1732 1733 1690
f 1731 1734 1733 1732
f 410 409 1733 1734
f 408 1690 1733 409
f 432 431 1735 1692
f 430 1736 1735 431
f 1737 1738 1735 1736
f 1693 1692 1735 1738
f 1693 1738 1739 1696
f 1737 1740 1739 1738
f 1741 1742 1739 1740
f 1743 1744 1739 1742
f 1697 1696 1739 1744
g exterior
f 1705 1745 1746 1706
f 1747 1748 1746 1745
f 1749 1750 1746 1748
f 1751 1752 1746 1750
f 1707 1706 1746 1752
f 1707 1752 1753 1710
f 1751 1754 1753 1752
f 1755 1756 1753 1754
f 1711 1710 1753 1756
f 1715 1757 1758 1716
f 1759 1760 1758 1757
f 1761 1762 1758 1760
f 1717 1716 1758 1762
f 1717 1762 1763 1720
f 1761 1764 1763 1762
f 1765 1766 1763 1764
f 1767 1768 1763 1766
f 1721 1720 1763 1768
g interior
f 1729 1769 1770 1730
f 1771 1772 1770 1769
f 1773 1774 1770 1772
f 1775 1776 1770 1774
f 1731 1730 1770 1776
f 1731 1776 1777 1734
f 1775 1778 1777 1776
f 436 434 1777 1778
f 410 1734 1777 434
f 430 465 1779 1736
f 464 1780 1779 465
f 1781 1782 1779 1780
f 1737 1736 1779 1782
f 1737 1782 1783 1740
f 1781 1784 1783 1782
f 1785 1786 1783 1784
f 1787 1788 1783 1786
f 1741 1740 1783 1788
g exterior
f 1749 1789 1790 1750
f 1791 1792 1790 1789
f 1793 1794 1790 1792
f 1795 1796 1790 1794
f 1751 1750 1790 1796
f 1751 1796 1797 1754
f 1795 1798 1797 1796
f 1799 1800 1797 1798
f 1755 1754 1797 1800
f 1759 1801 1802 1760
f 1803 1804 1802 1801
f 1805 1806 1802 1804
f 1761 1760 1802 1806
f 1761 1806 1807 1764
f 1805 1808 1807 1806
f 1809 1810 1807 1808
f 1811 1812 1807 1810
f 1765 1764 1807 1812
g interior
f 1773 1813 1814 1774
f 1815 1816 1814 1813
f 1817 1818 1814 1816
f 1819 1820 1814 1818
f 1821 1822 1814 1820
f 1775 1774 1814 1822
f 1775 1822 1823 1778
f 1821 1824 1823 1822
f 438 437 1823 1824
f 436 1778 1823 437
f 464 463 1825 1780
f 462 1826 1825 463
f 1827 1828 1825 1826
f 1781 1780 1825 1828
f 1781 1828 1829 1784
f 1827 1830 1829 1828
f 1831 1832 1829 1830
f 1833 1834 1829 1832
f 1835 1836 1829 1834
f 1785 1784 1829 1836
g exterior
f 1793 1837 1838 1794
f 1839 1840 1838 1837
f 1841 1842 1838 1840
f 1843 1844 1838 1842
f 1795 1794 1838 1844
f 1795 1844 1845 1798
f 1843 1846 1845 1844
f 1847 1848 1845 1846
f 1799 1798 1845 1848
f 1803 1849 1850 1804
f 1851 1852 1850 1849
f 1853 1854 1850 1852
f 1805 1804 1850 1854
f 1805 1854 1855 1808
f 1853 1856 1855 1854
f 1857 1858 1855 1856
f 1859 1860 1855 1858
f 1809 1808 1855 1860
g interior
f 1821 1861 1862 1824
f 1863 1864 1862 1861
f 1865 1866 1862 1864
f 1867 1868 1862 1866
f 438 1824 1862 1868
f 438 1868 1869 439
f 1867 1870 1869 1868
f 1871 1872 1869 1870
f 440 439 1869 1872
f 440 1872 1873 441
f 1871 1874 1873 1872
f 468 466 1873 1874
f 442 441 1873 466
f 456 503 1875 459
f 502 1876 1875 503
f 1877 1878 1875 1876
f 460 459 1875 1878
f 460 1878 1879 461
f 1877 1880 1879 1878
f 1881 1882 1879 1880
f 462 461 1879 1882
f 462 1882 1883 1826
f 1881 1884 1883 1882
f 1885 1886 1883 1884
f 1887 1888 1883 1886
f 1827 1826 1883 1888
g exterior
f 1841 1889 1890 1842
f 1891 1892 1890 1889
f 1893 1894 1890 1892
f 1895 1896 1890 1894
f 1843 1842 1890 1896
f 1843 1896 1897 1846
f 1895 1898 1897 1896
f 1899 1900 1897 1898
f 1847 1846 1897 1900
f 1851 1901 1902 1852
f 504 507 1902 1901
f 516 1903 1902 507
f 1853 1852 1902 1903
f 1853 1903 1904 1856
f 516 515 1904 1903
f 514 1905 1904 515
f 1857 1856 1904 1905
f 1857 1905 1906 1907
f 514 1908 1906 1905
f 1909 1910 1906 1908
f 1911 1912 1906 1910
f 1913 1914 1906 1912
f 1915 1907 1906 1914
g interior
f 1865 1916 1917 1866
f 1918 1919 1917 1916
f 1920 1921 1917 1919
f 1922 1923 1917 1921
f 1924 1925 1917 1923
f 1867 1866 1917 1925
f 1867 1925 1926 1870
f 1924 1927 1926 1925
f 1928 1929 1926 1927
f 1871 1870 1926 1929
f 1871 1929 1930 1874
f 1928 1931 1930 1929
f 470 469 1930 1931
f 468 1874 1930 469
f 502 501 1932 1876
f 500 1933 1932 501
f 1934 1935 1932 1933
f 1877 1876 1932 1935
f 1877 1935 1936 1880
f 1934 1937 1936 1935
f 1938 1939 1936 1937
f 1881 1880 1936 1939
f 1881 1939 1940 1884
f 1938 1941 1940 1939
f 1942 1943 1940 1941
f 1944 1945 1940 1943
f 1946 1947 1940 1945
f 1885 1884 1940 1947
g exterior
f 1948 1949 1950 1951
f 1952 1953 1950 1949
f 1954 1955 1950 1953
f 563 1956 1950 1955
f 1893 1957 1950 1956
f 1958 1951 1950 1957
f 1893 1956 1959 1894
f 563 566 1959 1956
f 575 1960 1959 566
f 1895 1894 1959 1960
f 1895 1960 1961 1898
f 575 574 1961 1960
f 573 1962 1961 574
f 1899 1898 1961 1962
f 514 513 1963 1908
f 512 1964 1963 513
f 1965 1966 1963 1964
f 1967 1968 1963 1966
f 1909 1908 1963 1968
g interior
f 1924 1969 1970 1927
f 1971 1972 1970 1969
f 1973 1974 1970 1972
f 1975 1976 1970 1974
f 1977 1978 1970 1976
f 1928 1927 1970 1978
f 1928 1978 1979 1931
f 1977 1980 1979 1978
f 519 517 1979 1980
f 470 1931 1979 517
f 500 562 1981 1933
f 561 1982 1981 562
f 1983 1984 1981 1982
f 1934 1933 1981 1984
f 1934 1984 1985 1937
f 1983 1986 1985 1984
f 1987 1988 1985 1986
f 1989 1990 1985 1988
f 1991 1992 1985 1990
f 1938 1937 1985 1992
g exterior
f 1954 1993 1994 1955
f 1995 1996 1994 1993
f 1997 1998 1994 1996
f 567 564 1994 1998
f 563 1955 1994 564
f 512 511 1999 1964
f 510 2000 1999 511
f 2001 2002 1999 2000
f 1965 1964 1999 2002
f 1965 2002 2003 2004
f 2001 2005 2003 2002
f 2006 2007 2003 2005
f 2008 2009 2003 2007
f 2010 2011 2003 2009
f 2012 2004 2003 2011
g interior
f 1977 2013 2014 1980
f 2015 2016 2014 2013
f 2017 2018 2014 2016
f 521 520 2014 2018
f 519 1980 2014 520
f 561 560 2019 1982
f 559 2020 2019 560
f 2021 2022 2019 2020
f 2023 2024 2019 2022
f 1983 1982 2019 2024
g exterior
f 2025 2026 2027 2028
f 2029 2030 2027 2026
f 2031 2032 2027 2030
f 2033 2034 2027 2032
f 1997 2035 2027 2034
f 2036 2028 2027 2035
f 1997 2034 2037 1998
f 2033 2038 2037 2034
f 569 568 2037 2038
f 567 1998 2037 568
f 510 583 2039 2000
f 582 2040 2039 583
f 2041 2042 2039 2040
f 2001 2000 2039 2042
f 2001 2042 2043 2005
f 2041 2044 2043 2042
f 2045 2046 2043 2044
f 2047 2048 2043 2046
f 2006 2005 2043 2048
g interior
f 2017 2049 2050 2018
f 2051 2052 2050 2049
f 2053 2054 2050 2052
f 2055 2056 2050 2054
f 2057 2058 2050 2056
f 521 2018 2050 2058
f 521 2058 2059 522
f 2057 2060 2059 2058
f 2061 2062 2059 2060
f 2063 2064 2059 2062
f 523 522 2059 2064
f 523 2064 2065 524
f 2063 2066 2065 2064
f 2067 2068 2065 2066
f 525 524 2065 2068
f 525 2068 2069 528
f 2067 2070 2069 2068
f 2071 2072 2069 2070
f 529 528 2069 2072
f 529 2072 2073 530
f 2071 2074 2073 2072
f 586 584 2073 2074
f 531 530 2073 584
f 547 613 2075 550
f 612 2076 2075 613
f 2077 2078 2075 2076
f 551 550 2075 2078
f 551 2078 2079 552
f 2077 2080 2079 2078
f 2081 2082 2079 2080
f 553 552 2079 2082
f 553 2082 2083 556
f 2081 2084 2083 2082
f 2085 2086 2083 2084
f 557 556 2083 2086
f 557 2086 2087 558
f 2085 2088 2087 2086
f 2089 2090 2087 2088
f 2091 2092 2087 2090
f 559 558 2087 2092
f 559 2092 2093 2020
f 2091 2094 2093 2092
f 2095 2096 2093 2094
f 2097 2098 2093 2096
f 2099 2100 2093 2098
f 2021 2020 2093 2100
g exterior
f 2031 2101 2102 2032
f 2103 2104 2102 2101
f 2105 2106 2102 2104
f 2107 2108 2102 2106
f 2033 2032 2102 2108
f 2033 2108 2109 2038
f 2107 2110 2109 2108
f 616 614 2109 2110
f 569 2038 2109 614
f 582 581 2111 2040
f 580 629 2111 581
f 637 2112 2111 629
f 2041 2040 2111 2112
f 2041 2112 2113 2044
f 637 636 2113 2112
f 635 2114 2113 636
f 2045 2044 2113 2114
f 2045 2114 2115 2116
f 635 2117 2115 2114
f 2118 2119 2115 2117
f 2120 2121 2115 2119
f 2122 2123 2115 2121
f 2124 2116 2115 2123
g interior
f 2063 2125 2126 2066
f 2127 2128 2126 2125
f 2129 2130 2126 2128
f 2131 2132 2126 2130
f 2133 2134 2126 2132
f 2067 2066 2126 2134
f 2067 2134 2135 2070
f 2133 2136 2135 2134
f 2137 2138 2135 2136
f 2071 2070 2135 2138
f 2071 2138 2139 2074
f 2137 2140 2139 2138
f 588 587 2139 2140
f 586 2074 2139 587
f 612 611 2141 2076
f 610 2142 2141 611
f 2143 2144 2141 2142
f 2077 2076 2141 2144
f 2077 2144 2145 2080
f 2143 2146 2145 2144
f 2147 2148 2145 2146
f 2081 2080 2145 2148
f 2081 2148 2149 2084
f 2147 2150 2149 2148
f 2151 2152 2149 2150
f 2153 2154 2149 2152
f 2155 2156 2149 2154
f 2085 2084 2149 2156
g exterior
f 2157 2158 2159 2160
f 2161 2162 2159 2158
f 2163 2164 2159 2162
f 638 2165 2159 2164
f 2105 2166 2159 2165
f 2167 2160 2159 2166
f 2105 2165 2168 2106
f 638 641 2168 2165
f 649 2169 2168 641
f 2107 2106 2168 2169
f 2107 2169 2170 2110
f 649 648 2170 2169
f 618 617 2170 648
f 616 2110 2170 617
f 635 634 2171 2117
f 633 2172 2171 634
f 2173 2174 2171 2172
f 2118 2117 2171 2174
f 2118 2174 2175 2176
f 2173 2177 2175 2174
f 2178 2179 2175 2177
f 2180 2181 2175 2179
f 2182 2183 2175 2181
f 2184 2176 2175 2183
g interior
f 2133 2185 2186 2136
f 2187 2188 2186 2185
f 2189 2190 2186 2188
f 2191 2192 2186 2190
f 2193 2194 2186 2192
f 2137 2136 2186 2194
f 2137 2194 2195 2140
f 2193 2196 2195 2194
f 2197 2198 2195 2196
f 2199 2200 2195 2198
f 588 2140 2195 2200
f 588 2200 2201 589
f 2199 2202 2201 2200
f 2203 2204 2201 2202
f 590 589 2201 2204
f 590 2204 2205 591
f 2203 2206 2205 2204
f 2207 2208 2205 2206
f 592 591 2205 2208
f 592 2208 2209 595
f 2207 2210 2209 2208
f 2211 2212 2209 2210
f 596 595 2209 2212
f 596 2212 2213 597
f 2211 2214 2213 2212
f 2215 2216 2213 2214
f 598 597 2213 2216
f 598 2216 2217 601
f 2215 2218 2217 2216
f 2219 2220 2217 2218
f 602 601 2217 2220
f 602 2220 2221 603
f 2219 2222 2221 2220
f 2223 2224 2221 2222
f 604 603 2221 2224
f 604 2224 2225 607
f 2223 2226 2225 2224
f 2227 2228 2225 2226
f 608 607 2225 2228
f 608 2228 2229 609
f 2227 2230 2229 2228
f 2231 2232 2229 2230
f 610 609 2229 2232
f 610 2232 2233 2142
f 2231 2234 2233 2232
f 2235 2236 2233 2234
f 2237 2238 2233 2236
f 2143 2142 2233 2238
f 2143 2238 2239 2146
f 2237 2240 2239 2238
f 2241 2242 2239 2240
f 2243 2244 2239 2242
f 2245 2246 2239 2244
f 2147 2146 2239 2246
g exterior
f 2247 2248 2249 2250
f 2251 2252 2249 2248
f 2253 2254 2249 2252
f 2255 2256 2249 2254
f 2163 2257 2249 2256
f 2258 2250 2249 2257
f 2163 2256 2259 2164
f 2255 2260 2259 2256
f 642 639 2259 2260
f 638 2164 2259 639
f 633 632 2261 2172
f 631 665 2261 632
f 673 2262 2261 665
f 2173 2172 2261 2262
f 2173 2262 2263 2177
f 673 672 2263 2262
f 671 2264 2263 672
f 2178 2177 2263 2264
f 2178 2264 2265 2266
f 671 2267 2265 2264
f 2268 2269 2265 2267
f 2270 2271 2265 2269
f 2272 2273 2265 2271
f 2274 2266 2265 2273
g interior
f 2199 2275 2276 2202
f 2277 2278 2276 2275
f 2279 2280 2276 2278
f 2281 2282 2276 2280
f 2283 2284 2276 2282
f 2203 2202 2276 2284
f 2203 2284 2285 2206
f 2283 2286 2285 2284
f 2287 2288 2285 2286
f 2289 2290 2285 2288
f 2207 2206 2285 2290
f 2207 2290 2291 2210
f 2289 2292 2291 2290
f 2293 2294 2291 2292
f 2295 2296 2291 2294
f 2211 2210 2291 2296
f 2211 2296 2297 2214
f 2295 2298 2297 2296
f 2299 2300 2297 2298
f 2301 2302 2297 2300
f 2215 2214 2297 2302
f 2215 2302 2303 2218
f 2301 2304 2303 2302
f 2305 2306 2303 2304
f 2307 2308 2303 2306
f 2219 2218 2303 2308
f 2219 2308 2309 2222
f 2307 2310 2309 2308
f 2311 2312 2309 2310
f 2313 2314 2309 2312
f 2223 2222 2309 2314
f 2223 2314 2315 2226
f 2313 2316 2315 2314
f 2317 2318 2315 2316
f 2319 2320 2315 2318
f 2227 2226 2315 2320
f 2227 2320 2321 2230
f 2319 2322 2321 2320
f 2323 2324 2321 2322
f 2325 2326 2321 2324
f 2327 2328 2321 2326
f 2231 2230 2321 2328
g exterior
f 2329 2330 2331 2332
f 2333 2334 2331 2330
f 2335 2336 2331 2334
f 674 2337 2331 2336
f 2253 2338 2331 2337
f 2339 2332 2331 2338
f 2253 2337 2340 2254
f 674 677 2340 2337
f 685 2341 2340 677
f 2255 2254 2340 2341
f 2255 2341 2342 2260
f 685 684 2342 2341
f 644 643 2342 684
f 642 2260 2342 643
f 671 670 2343 2267
f 669 2344 2343 670
f 2345 2346 2343 2344
f 2268 2267 2343 2346
f 2268 2346 2347 2348
f 2345 2349 2347 2346
f 2350 2351 2347 2349
f 2352 2353 2347 2351
f 2354 2348 2347 2353
f 2352 2351 2355 2356
f 2350 2357 2355 2351
f 2358 2359 2355 2357
f 2360 2361 2355 2359
f 2362 2363 2355 2361
f 2364 2356 2355 2363
f 2365 2366 2367 2368
f 2369 2370 2367 2366
f 2371 2372 2367 2370
f 2373 2374 2367 2372
f 2375 2376 2367 2374
f 2377 2368 2367 2376
f 2375 2374 2378 2379
f 2373 2380 2378 2374
f 2381 2382 2378 2380
f 2335 2383 2378 2382
f 2384 2379 2378 2383
f 2335 2382 2385 2336
f 2381 2386 2385 2382
f 678 675 2385 2386
f 674 2336 2385 675
f 669 668 2387 2344
f 667 709 2387 668
f 715 2388 2387 709
f 2345 2344 2387 2388
f 2345 2388 2389 2349
f 715 714 2389 2388
f 713 2390 2389 714
f 2350 2349 2389 2390
f 2350 2390 2391 2357
f 713 717 2391 2390
f 725 2392 2391 717
f 2358 2357 2391 2392
f 2358 2392 2393 2394
f 725 724 2393 2392
f 723 2395 2393 724
f 2396 2397 2393 2395
f 2398 2394 2393 2397
f 2396 2395 2399 2400
f 723 2401 2399 2395
f 2402 2403 2399 2401
f 2404 2405 2399 2403
f 2406 2407 2399 2405
f 2408 2400 2399 2407
f 2409 2410 2411 2412
f 2413 2414 2411 2410
f 2415 2416 2411 2414
f 726 2417 2411 2416
f 2418 2419 2411 2417
f 2420 2412 2411 2419
f 2418 2417 2421 2422
f 726 729 2421 2417
f 738 2423 2421 729
f 2371 2424 2421 2423
f 2425 2422 2421 2424
f 2371 2423 2426 2372
f 738 737 2426 2423
f 736 2427 2426 737
f 2373 2372 2426 2427
f 2373 2427 2428 2380
f 736 740 2428 2427
f 745 2429 2428 740
f 2381 2380 2428 2429
f 2381 2429 2430 2386
f 745 744 2430 2429
f 680 679 2430 744
f 678 2386 2430 679
f 723 722 2431 2401
f 721 2432 2431 722
f 2433 2434 2431 2432
f 2402 2401 2431 2434
f 2402 2434 2435 2436
f 2433 2437 2435 2434
f 2438 2439 2435 2437
f 2440 2441 2435 2439
f 2442 2436 2435 2441
f 2440 2439 2443 2444
f 2438 2445 2443 2439
f 2446 2447 2443 2445
f 2448 2449 2443 2447
f 2450 2444 2443 2449
f 2448 2447 2451 2452
f 2446 2453 2451 2447
f 2454 2455 2451 2453
f 2456 2457 2451 2455
f 2458 2452 2451 2457
f 2456 2455 2459 2460
f 2454 2461 2459 2455
f 2462 2463 2459 2461
f 2464 2465 2459 2463
f 2466 2460 2459 2465
f 2464 2463 2467 2468
f 2462 2469 2467 2463
f 2470 2471 2467 2469
f 2472 2473 2467 2471
f 2474 2468 2467 2473
f 2472 2471 2475 2476
f 2470 2477 2475 2471
f 2478 2479 2475 2477
f 2480 2481 2475 2479
f 2482 2476 2475 2481
f 2480 2479 2483 2484
f 2478 2485 2483 2479
f 2486 2487 2483 2485
f 2488 2489 2483 2487
f 2490 2484 2483 2489
f 2488 2487 2491 2492
f 2486 2493 2491 2487
f 2494 2495 2491 2493
f 2496 2497 2491 2495
f 2498 2492 2491 2497
f 2496 2495 2499 2500
f 2494 2501 2499 2495
f 2502 2503 2499 2501
f 2504 2505 2499 2503
f 2506 2500 2499 2505
f 2504 2503 2507 2508
f 2502 2509 2507 2503
f 2510 2511 2507 2509
f 2415 2512 2507 2511
f 2513 2508 2507 2512
f 2415 2511 2514 2416
f 2510 2515 2514 2511
f 730 727 2514 2515
f 726 2416 2514 727
f 721 720 2516 2432
f 719 2517 2516 720
f 2518 2519 2516 2517
f 2433 2432 2516 2519
f 2433 2519 2520 2437
f 2518 2521 2520 2519
f 2522 2523 2520 2521
f 2438 2437 2520 2523
f 2438 2523 2524 2445
f 2522 2525 2524 2523
f 2526 2527 2524 2525
f 2446 2445 2524 2527
f 2446 2527 2528 2453
f 2526 2529 2528 2527
f 2530 2531 2528 2529
f 2454 2453 2528 2531
f 2454 2531 2532 2461
f 2530 2533 2532 2531
f 2534 2535 2532 2533
f 2462 2461 2532 2535
f 2462 2535 2536 2469
f 2534 2537 2536 2535
f 2538 2539 2536 2537
f 2470 2469 2536 2539
f 2470 2539 2540 2477
f 2538 2541 2540 2539
f 2542 2543 2540 2541
f 2478 2477 2540 2543
f 2478 2543 2544 2485
f 2542 2545 2544 2543
f 2546 2547 2544 2545
f 2486 2485 2544 2547
f 2486 2547 2548 2493
f 2546 2549 2548 2547
f 2550 2551 2548 2549
f 2494 2493 2548 2551
f 2494 2551 2552 2501
f 2550 2553 2552 2551
f 2554 2555 2552 2553
f 2502 2501 2552 2555
f 2502 2555 2556 2509
f 2554 2557 2556 2555
f 2558 2559 2556 2557
f 2510 2509 2556 2559
f 2510 2559 2560 2515
f 2558 2561 2560 2559
f 732 731 2560 2561
f 730 2515 2560 731
f 829 918 2562 832
f 917 2563 2562 918
f 2564 2565 2562 2563
f 833 832 2562 2565
f 833 2565 2566 834
f 2564 2567 2566 2565
f 2568 2569 2566 2567
f 835 834 2566 2569
f 835 2569 2570 838
f 2568 2571 2570 2569
f 2572 2573 2570 2571
f 839 838 2570 2573
f 839 2573 2574 840
f 2572 2575 2574 2573
f 2576 2577 2574 2575
f 841 840 2574 2577
f 841 2577 2578 844
f 2576 2579 2578 2577
f 2580 2581 2578 2579
f 845 844 2578 2581
f 845 2581 2582 846
f 2580 2583 2582 2581
f 2584 2585 2582 2583
f 847 846 2582 2585
f 847 2585 2586 850
f 2584 2587 2586 2585
f 2588 2589 2586 2587
f 851 850 2586 2589
f 851 2589 2590 852
f 2588 2591 2590 2589
f 2592 2593 2590 2591
f 853 852 2590 2593
f 853 2593 2594 856
f 2592 2595 2594 2593
f 2596 2597 2594 2595
f 857 856 2594 2597
f 857 2597 2598 858
f 2596 2599 2598 2597
f 2600 2601 2598 2599
f 859 858 2598 2601
f 859 2601 2602 862
f 2600 2603 2602 2601
f 2604 2605 2602 2603
f 863 862 2602 2605
f 863 2605 2606 864
f 2604 2607 2606 2605
f 2608 2609 2606 2607
f 865 864 2606 2609
f 865 2609 2610 868
f 2608 2611 2610 2609
f 2612 2613 2610 2611
f 869 868 2610 2613
f 869 2613 2614 870
f 2612 2615 2614 2613
f 2616 2617 2614 2615
f 871 870 2614 2617
f 871 2617 2618 874
f 2616 2619 2618 2617
f 2620 2621 2618 2619
f 875 874 2618 2621
f 875 2621 2622 876
f 2620 2623 2622 2621
f 2624 2625 2622 2623
f 877 876 2622 2625
f 877 2625 2626 880
f 2624 2627 2626 2625
f 2628 2629 2626 2627
f 881 880 2626 2629
f 881 2629 2630 882
f 2628 2631 2630 2629
f 2632 2633 2630 2631
f 883 882 2630 2633
f 883 2633 2634 886
f 2632 2635 2634 2633
f 2636 2637 2634 2635
f 887 886 2634 2637
f 887 2637 2638 888
f 2636 2639 2638 2637
f 921 919 2638 2639
f 889 888 2638 919
f 917 916 2640 2563
f 915 2641 2640 916
f 2642 2643 2640 2641
f 2564 2563 2640 2643
f 2564 2643 2644 2567
f 2642 2645 2644 2643
f 2646 2647 2644 2645
f 2568 2567 2644 2647
f 2568 2647 2648 2571
f 2646 2649 2648 2647
f 2650 2651 2648 2649
f 2572 2571 2648 2651
f 2572 2651 2652 2575
f 2650 2653 2652 2651
f 2654 2655 2652 2653
f 2576 2575 2652 2655
g interior
f 2656 2657 2658 2659
f 2660 2661 2658 2657
f 2662 2659 2658 2661
g exterior
f 2576 2655 2663 2579
f 2654 2664 2663 2655
f 2656 2659 2663 2664
f 2662 2665 2663 2659
f 2580 2579 2663 2665
g interior
f 2662 2661 2666 2667
f 2660 2668 2666 2661
f 2669 2670 2666 2668
f 2671 2667 2666 2670
g exterior
f 2580 2665 2672 2583
f 2662 2667 2672 2665
f 2671 2673 2672 2667
f 2584 2583 2672 2673
g interior
f 2671 2670 2674 2675
f 2669 2676 2674 2670
f 2677 2678 2674 2676
f 2679 2675 2674 2678
g exterior
f 2584 2673 2680 2587
f 2671 2675 2680 2673
f 2679 2681 2680 2675
f 2588 2587 2680 2681
g interior
f 2679 2678 2682 2683
f 2677 2684 2682 2678
f 2685 2686 2682 2684
f 2687 2683 2682 2686
g exterior
f 2588 2681 2688 2591
f 2679 2683 2688 2681
f 2687 2689 2688 2683
f 2592 2591 2688 2689
g interior
f 2687 2686 2690 2691
f 2685 2692 2690 2686
f 2693 2694 2690 2692
f 2695 2691 2690 2694
g exterior
f 2592 2689 2696 2595
f 2687 2691 2696 2689
f 2695 2697 2696 2691
f 2596 2595 2696 2697
g interior
f 2695 2694 2698 2699
f 2693 2700 2698 2694
f 2701 2702 2698 2700
f 2703 2699 2698 2702
g exterior
f 2596 2697 2704 2599
f 2695 2699 2704 2697
f 2703 2705 2704 2699
f 2600 2599 2704 2705
g interior
f 2703 2702 2706 2707
f 2701 2708 2706 2702
f 2709 2710 2706 2708
f 2711 2707 2706 2710
g exterior
f 2600 2705 2712 2603
f 2703 2707 2712 2705
f 2711 2713 2712 2707
f 2604 2603 2712 2713
g interior
f 2711 2710 2714 2715
f 2709 2716 2714 2710
f 2717 2718 2714 2716
f 2719 2715 2714 2718
g exterior
f 2604 2713 2720 2607
f 2711 2715 2720 2713
f 2719 2721 2720 2715
f 2608 2607 2720 2721
g interior
f 2719 2718 2722 2723
f 2717 2724 2722 2718
f 2725 2726 2722 2724
f 2727 2723 2722 2726
g exterior
f 2608 2721 2728 2611
f 2719 2723 2728 2721
f 2727 2729 2728 2723
f 2612 2611 2728 2729
g interior
f 2727 2726 2730 2731
f 2725 2732 2730 2726
f 2733 2734 2730 2732
f 2735 2731 2730 2734
g exterior
f 2612 2729 2736 2615
f 2727 2731 2736 2729
f 2735 2737 2736 2731
f 2616 2615 2736 2737
g interior
f 2735 2734 2738 2739
f 2733 2740 2738 2734
f 2741 2742 2738 2740
f 2743 2739 2738 2742
g exterior
f 2616 2737 2744 2619
f 2735 2739 2744 2737
f 2743 2745 2744 2739
f 2620 2619 2744 2745
g interior
f 2743 2742 2746 2747
f 2741 2748 2746 2742
f 2749 2747 2746 2748
g exterior
f 2620 2745 2750 2623
f 2743 2747 2750 2745
f 2749 2751 2750 2747
f 2752 2753 2750 2751
f 2624 2623 2750 2753
f 2624 2753 2754 2627
f 2752 2755 2754 2753
f 2756 2757 2754 2755
f 2628 2627 2754 2757
f 2628 2757 2758 2631
f 2756 2759 2758 2757
f 2760 2761 2758 2759
f 2632 2631 2758 2761
f 2632 2761 2762 2635
f 2760 2763 2762 2761
f 2764 2765 2762 2763
f 2636 2635 2762 2765
f 2636 2765 2766 2639
f 2764 2767 2766 2765
f 923 922 2766 2767
f 921 2639 2766 922
f 903 962 2768 906
f 961 2769 2768 962
f 2770 2771 2768 2769
f 907 906 2768 2771
f 907 2771 2772 908
f 2770 2773 2772 2771
f 2774 2775 2772 2773
f 909 908 2772 2775
f 909 2775 2776 912
f 2774 2777 2776 2775
f 2778 2779 2776 2777
f 913 912 2776 2779
f 913 2779 2780 914
f 2778 2781 2780 2779
f 2782 2783 2780 2781
f 915 914 2780 2783
g interior
f 2784 2785 2786 2787
f 2788 2789 2786 2785
f 2790 2787 2786 2789
g exterior
f 915 2783 2791 2641
f 2782 2792 2791 2783
f 2784 2787 2791 2792
f 2790 2793 2791 2787
f 2642 2641 2791 2793
g interior
f 2790 2789 2794 2795
f 2788 2796 2794 2789
f 2797 2798 2794 2796
f 2799 2795 2794 2798
g exterior
f 2642 2793 2800 2645
f 2790 2795 2800 2793
f 2799 2801 2800 2795
f 2646 2645 2800 2801
g interior
f 2799 2798 2802 2803
f 2797 2804 2802 2798
f 2805 2806 2802 2804
f 2807 2803 2802 2806
g exterior
f 2646 2801 2808 2649
f 2799 2803 2808 2801
f 2807 2809 2808 2803
f 2650 2649 2808 2809
g interior
f 2807 2806 2810 2811
f 2805 2812 2810 2806
f 2813 2814 2810 2812
f 2815 2811 2810 2814
g exterior
f 2650 2809 2816 2653
f 2807 2811 2816 2809
f 2815 2817 2816 2811
f 2654 2653 2816 2817
g interior
f 2815 2814 2818 2819
f 2813 2820 2818 2814
f 2821 2822 2818 2820
f 2660 2657 2818 2822
f 2656 2819 2818 2657
g exterior
f 2654 2817 2823 2664
f 2815 2819 2823 2817
f 2656 2664 2823 2819
g interior
f 2660 2822 2824 2668
f 2821 2825 2824 2822
f 2826 2827 2824 2825
f 2669 2668 2824 2827
f 2669 2827 2828 2676
f 2826 2829 2828 2827
f 2830 2831 2828 2829
f 2677 2676 2828 2831
f 2677 2831 2832 2684
f 2830 2833 2832 2831
f 2834 2835 2832 2833
f 2685 2684 2832 2835
f 2685 2835 2836 2692
f 2834 2837 2836 2835
f 2838 2839 2836 2837
f 2693 2692 2836 2839
f 2693 2839 2840 2700
f 2838 2841 2840 2839
f 2842 2843 2840 2841
f 2701 2700 2840 2843
f 2701 2843 2844 2708
f 2842 2845 2844 2843
f 2846 2847 2844 2845
f 2709 2708 2844 2847
f 2709 2847 2848 2716
f 2846 2849 2848 2847
f 2850 2851 2848 2849
f 2717 2716 2848 2851
f 2717 2851 2852 2724
f 2850 2853 2852 2851
f 2854 2855 2852 2853
f 2725 2724 2852 2855
f 2725 2855 2856 2732
f 2854 2857 2856 2855
f 2858 2859 2856 2857
f 2733 2732 2856 2859
f 2733 2859 2860 2740
f 2858 2861 2860 2859
f 2862 2863 2860 2861
f 2741 2740 2860 2863
f 2741 2863 2864 2748
f 2862 2865 2864 2863
f 2866 2867 2864 2865
f 2868 2869 2864 2867
f 2749 2748 2864 2869
g exterior
f 2868 2870 2871 2869
f 2752 2751 2871 2870
f 2749 2869 2871 2751
g interior
f 2868 2867 2872 2873
f 2866 2874 2872 2867
f 2875 2876 2872 2874
f 2877 2873 2872 2876
g exterior
f 2752 2870 2878 2755
f 2868 2873 2878 2870
f 2877 2879 2878 2873
f 2756 2755 2878 2879
g interior
f 2877 2876 2880 2881
f 2875 2882 2880 2876
f 2883 2884 2880 2882
f 2885 2881 2880 2884
g exterior
f 2756 2879 2886 2759
f 2877 2881 2886 2879
f 2885 2887 2886 2881
f 2760 2759 2886 2887
g interior
f 2885 2884 2888 2889
f 2883 2890 2888 2884
f 2891 2892 2888 2890
f 2893 2889 2888 2892
g exterior
f 2760 2887 2894 2763
f 2885 2889 2894 2887
f 2893 2895 2894 2889
f 2764 2763 2894 2895
g interior
f 2893 2892 2896 2897
f 2891 2898 2896 2892
f 2899 2897 2896 2898
g exterior
f 2764 2895 2900 2767
f 2893 2897 2900 2895
f 2899 2901 2900 2897
f 2902 2903 2900 2901
f 923 2767 2900 2903
f 923 2903 2904 924
f 2902 2905 2904 2903
f 2906 2907 2904 2905
f 925 924 2904 2907
f 925 2907 2908 926
f 2906 2909 2908 2907
f 2910 2911 2908 2909
f 927 926 2908 2911
f 927 2911 2912 930
f 2910 2913 2912 2911
f 2914 2915 2912 2913
f 931 930 2912 2915
f 931 2915 2916 932
f 2914 2917 2916 2915
f 965 963 2916 2917
f 933 932 2916 963
f 961 960 2918 2769
f 959 2919 2918 960
f 2920 2921 2918 2919
f 2770 2769 2918 2921
f 2770 2921 2922 2773
f 2920 2923 2922 2921
f 2924 2925 2922 2923
f 2774 2773 2922 2925
g interior
f 2926 2927 2928 2929
f 2930 2931 2928 2927
f 2932 2929 2928 2931
g exterior
f 2774 2925 2933 2777
f 2924 2934 2933 2925
f 2926 2929 2933 2934
f 2932 2935 2933 2929
f 2778 2777 2933 2935
g interior
f 2932 2931 2936 2937
f 2930 2938 2936 2931
f 2939 2940 2936 2938
f 2941 2937 2936 2940
g exterior
f 2778 2935 2942 2781
f 2932 2937 2942 2935
f 2941 2943 2942 2937
f 2782 2781 2942 2943
g interior
f 2941 2940 2944 2945
f 2939 2946 2944 2940
f 2947 2948 2944 2946
f 2788 2785 2944 2948
f 2784 2945 2944 2785
g exterior
f 2782 2943 2949 2792
f 2941 2945 2949 2943
f 2784 2792 2949 2945
g interior
f 2788 2948 2950 2796
f 2947 2951 2950 2948
f 997 2952 2950 2951
f 2797 2796 2950 2952
f 2797 2952 2953 2804
f 997 1000 2953 2952
f 1009 2954 2953 1000
f 2805 2804 2953 2954
f 2805 2954 2955 2812
f 1009 1008 2955 2954
f 1007 2956 2955 1008
f 2813 2812 2955 2956
f 2813 2956 2957 2820
f 1007 1011 2957 2956
f 1017 2958 2957 1011
f 2821 2820 2957 2958
f 2821 2958 2959 2825
f 1017 1016 2959 2958
f 1015 2960 2959 1016
f 2826 2825 2959 2960
f 2826 2960 2961 2829
f 1015 1019 2961 2960
f 1025 2962 2961 1019
f 2830 2829 2961 2962
f 2830 2962 2963 2833
f 1025 1024 2963 2962
f 1023 2964 2963 1024
f 2834 2833 2963 2964
f 2834 2964 2965 2837
f 1023 1027 2965 2964
f 1033 2966 2965 1027
f 2838 2837 2965 2966
f 2838 2966 2967 2841
f 1033 1032 2967 2966
f 1031 2968 2967 1032
f 2842 2841 2967 2968
f 2842 2968 2969 2845
f 1031 1035 2969 2968
f 1041 2970 2969 1035
f 2846 2845 2969 2970
f 2846 2970 2971 2849
f 1041 1040 2971 2970
f 1039 2972 2971 1040
f 2850 2849 2971 2972
f 2850 2972 2973 2853
f 1039 1043 2973 2972
f 1049 2974 2973 1043
f 2854 2853 2973 2974
f 2854 2974 2975 2857
f 1049 1048 2975 2974
f 1047 2976 2975 1048
f 2858 2857 2975 2976
f 2858 2976 2977 2861
f 1047 1051 2977 2976
f 1057 2978 2977 1051
f 2862 2861 2977 2978
f 2862 2978 2979 2865
f 1057 1056 2979 2978
f 1055 2980 2979 1056
f 2866 2865 2979 2980
f 2866 2980 2981 2874
f 1055 1059 2981 2980
f 1067 2982 2981 1059
f 2875 2874 2981 2982
f 2875 2982 2983 2882
f 1067 1066 2983 2982
f 1065 2984 2983 1066
f 2883 2882 2983 2984
f 2883 2984 2985 2890
f 1065 2986 2985 2984
f 2987 2988 2985 2986
f 2891 2890 2985 2988
f 2891 2988 2989 2898
f 2987 2990 2989 2988
f 2991 2992 2989 2990
f 2993 2994 2989 2992
f 2899 2898 2989 2994
g exterior
f 2993 2995 2996 2994
f 2902 2901 2996 2995
f 2899 2994 2996 2901
g interior
f 2993 2992 2997 2998
f 2991 2999 2997 2992
f 3000 3001 2997 2999
f 3002 2998 2997 3001
g exterior
f 2902 2995 3003 2905
f 2993 2998 3003 2995
f 3002 3004 3003 2998
f 2906 2905 3003 3004
g interior
f 3002 3001 3005 3006
f 3000 3007 3005 3001
f 3008 3006 3005 3007
g exterior
f 2906 3004 3009 2909
f 3002 3006 3009 3004
f 3008 3010 3009 3006
f 3011 3012 3009 3010
f 2910 2909 3009 3012
f 2910 3012 3013 2913
f 3011 3014 3013 3012
f 3015 3016 3013 3014
f 2914 2913 3013 3016
f 2914 3016 3017 2917
f 3015 3018 3017 3016
f 967 966 3017 3018
f 965 2917 3017 966
f 947 996 3019 950
f 995 3020 3019 996
f 3021 3022 3019 3020
f 951 950 3019 3022
f 951 3022 3023 952
f 3021 3024 3023 3022
f 3025 3026 3023 3024
f 953 952 3023 3026
f 953 3026 3027 956
f 3025 3028 3027 3026
f 3029 3030 3027 3028
f 957 956 3027 3030
f 957 3030 3031 958
f 3029 3032 3031 3030
f 3033 3034 3031 3032
f 959 958 3031 3034
g interior
f 3035 3036 3037 3038
f 3039 3040 3037 3036
f 3041 3038 3037 3040
g exterior
f 959 3034 3042 2919
f 3033 3043 3042 3034
f 3035 3038 3042 3043
f 3041 3044 3042 3038
f 2920 2919 3042 3044
g interior
f 3041 3040 3045 3046
f 3039 3047 3045 3040
f 3048 3049 3045 3047
f 3050 3046 3045 3049
g exterior
f 2920 3044 3051 2923
f 3041 3046 3051 3044
f 3050 3052 3051 3046
f 2924 2923 3051 3052
g interior
f 3050 3049 3053 3054
f 3048 3055 3053 3049
f 3056 3057 3053 3055
f 2930 2927 3053 3057
f 2926 3054 3053 2927
g exterior
f 2924 3052 3058 2934
f 3050 3054 3058 3052
f 2926 2934 3058 3054
g interior
f 2930 3057 3059 2938
f 3056 3060 3059 3057
f 3061 3062 3059 3060
f 2939 2938 3059 3062
f 2939 3062 3063 2946
f 3061 3064 3063 3062
f 3065 3066 3063 3064
f 2947 2946 3063 3066
f 2947 3066 3067 2951
f 3065 3068 3067 3066
f 1001 998 3067 3068
f 997 2951 3067 998
f 1065 1064 3069 2986
f 1063 3070 3069 1064
f 3071 3072 3069 3070
f 2987 2986 3069 3072
f 2987 3072 3073 2990
f 3071 3074 3073 3072
f 3075 3076 3073 3074
f 2991 2990 3073 3076
f 2991 3076 3077 2999
f 3075 3078 3077 3076
f 3079 3080 3077 3078
f 3000 2999 3077 3080
f 3000 3080 3081 3007
f 3079 3082 3081 3080
f 3083 3084 3081 3082
f 3085 3086 3081 3084
f 3008 3007 3081 3086
g exterior
f 3085 3087 3088 3086
f 3011 3010 3088 3087
f 3008 3086 3088 3010
g interior
f 3085 3084 3089 3090
f 3083 3091 3089 3084
f 3092 3093 3089 3091
f 3094 3090 3089 3093
g exterior
f 3011 3087 3095 3014
f 3085 3090 3095 3087
f 3094 3096 3095 3090
f 3015 3014 3095 3096
g interior
f 3094 3093 3097 3098
f 3092 3099 3097 3093
f 3100 3098 3097 3099
g exterior
f 3015 3096 3101 3018
f 3094 3098 3101 3096
f 3100 3102 3101 3098
f 3103 3104 3101 3102
f 967 3018 3101 3104
f 967 3104 3105 968
f 3103 3106 3105 3104
f 3107 3108 3105 3106
f 969 968 3105 3108
f 969 3108 3109 970
f 3107 3110 3109 3108
f 3111 3112 3109 3110
f 971 970 3109 3112
f 971 3112 3113 974
f 3111 3114 3113 3112
f 3115 3116 3113 3114
f 975 974 3113 3116
f 975 3116 3117 976
f 3115 3118 3117 3116
f 1070 1068 3117 3118
f 977 976 3117 1068
f 995 994 3119 3020
f 993 3120 3119 994
f 3121 3122 3119 3120
f 3021 3020 3119 3122
f 3021 3122 3123 3024
f 3121 3124 3123 3122
f 3125 3126 3123 3124
f 3025 3024 3123 3126
g interior
f 3127 3128 3129 3130
f 3131 3132 3129 3128
f 3133 3130 3129 3132
g exterior
f 3025 3126 3134 3028
f 3125 3135 3134 3126
f 3127 3130 3134 3135
f 3133 3136 3134 3130
f 3029 3028 3134 3136
g interior
f 3133 3132 3137 3138
f 3131 3139 3137 3132
f 3140 3141 3137 3139
f 3142 3138 3137 3141
g exterior
f 3029 3136 3143 3032
f 3133 3138 3143 3136
f 3142 3144 3143 3138
f 3033 3032 3143 3144
g interior
f 3142 3141 3145 3146
f 3140 3147 3145 3141
f 3148 3149 3145 3147
f 3039 3036 3145 3149
f 3035 3146 3145 3036
g exterior
f 3033 3144 3150 3043
f 3142 3146 3150 3144
f 3035 3043 3150 3146
g interior
f 3039 3149 3151 3047
f 3148 3152 3151 3149
f 1096 3153 3151 3152
f 3048 3047 3151 3153
f 3048 3153 3154 3055
f 1096 1099 3154 3153
f 1108 3155 3154 1099
f 3056 3055 3154 3155
f 3056 3155 3156 3060
f 1108 1107 3156 3155
f 1106 3157 3156 1107
f 3061 3060 3156 3157
f 3061 3157 3158 3064
f 1106 1110 3158 3157
f 1114 3159 3158 1110
f 3065 3064 3158 3159
f 3065 3159 3160 3068
f 1114 1113 3160 3159
f 1003 1002 3160 1113
f 1001 3068 3160 1002
f 1063 1062 3161 3070
f 1061 1132 3161 1062
f 1138 3162 3161 1132
f 3071 3070 3161 3162
f 3071 3162 3163 3074
f 1138 1137 3163 3162
f 1136 3164 3163 1137
f 3075 3074 3163 3164
f 3075 3164 3165 3078
f 1136 1140 3165 3164
f 1148 3166 3165 1140
f 3079 3078 3165 3166
f 3079 3166 3167 3082
f 1148 1147 3167 3166
f 1146 3168 3167 1147
f 3083 3082 3167 3168
f 3083 3168 3169 3091
f 1146 3170 3169 3168
f 3171 3172 3169 3170
f 3092 3091 3169 3172
f 3092 3172 3173 3099
f 3171 3174 3173 3172
f 3175 3176 3173 3174
f 3177 3178 3173 3176
f 3100 3099 3173 3178
g exterior
f 3177 3179 3180 3178
f 3103 3102 3180 3179
f 3100 3178 3180 3102
g interior
f 3177 3176 3181 3182
f 3175 3183 3181 3176
f 3184 3185 3181 3183
f 3186 3182 3181 3185
g exterior
f 3103 3179 3187 3106
f 3177 3182 3187 3179
f 3186 3188 3187 3182
f 3107 3106 3187 3188
g interior
f 3186 3185 3189 3190
f 3184 3191 3189 3185
f 3192 3190 3189 3191
g exterior
f 3107 3188 3193 3110
f 3186 3190 3193 3188
f 3192 3194 3193 3190
f 3195 3196 3193 3194
f 3111 3110 3193 3196
f 3111 3196 3197 3114
f 3195 3198 3197 3196
f 3199 3200 3197 3198
f 3115 3114 3197 3200
f 3115 3200 3201 3118
f 3199 3202 3201 3200
f 1072 1071 3201 3202
f 1070 3118 3201 1071
f 987 1095 3203 990
f 1094 3204 3203 1095
f 3205 3206 3203 3204
f 991 990 3203 3206
f 991 3206 3207 992
f 3205 3208 3207 3206
f 3209 3210 3207 3208
f 993 992 3207 3210
f 993 3210 3211 3120
f 3209 3212 3211 3210
f 3213 3214 3211 3212
f 3121 3120 3211 3214
g interior
f 3215 3216 3217 3218
f 3219 3220 3217 3216
f 3221 3218 3217 3220
g exterior
f 3121 3214 3222 3124
f 3213 3223 3222 3214
f 3215 3218 3222 3223
f 3221 3224 3222 3218
f 3125 3124 3222 3224
g interior
f 3221 3220 3225 3226
f 3219 3227 3225 3220
f 3228 3229 3225 3227
f 3131 3128 3225 3229
f 3127 3226 3225 3128
g exterior
f 3125 3224 3230 3135
f 3221 3226 3230 3224
f 3127 3135 3230 3226
g interior
f 3131 3229 3231 3139
f 3228 3232 3231 3229
f 3233 3234 3231 3232
f 3140 3139 3231 3234
f 3140 3234 3235 3147
f 3233 3236 3235 3234
f 3237 3238 3235 3236
f 3148 3147 3235 3238
f 3148 3238 3239 3152
f 3237 3240 3239 3238
f 1100 1097 3239 3240
f 1096 3152 3239 1097
f 1146 1145 3241 3170
f 1144 3242 3241 1145
f 3243 3244 3241 3242
f 3171 3170 3241 3244
f 3171 3244 3245 3174
f 3243 3246 3245 3244
f 3247 3248 3245 3246
f 3175 3174 3245 3248
f 3175 3248 3249 3183
f 3247 3250 3249 3248
f 3251 3252 3249 3250
f 3184 3183 3249 3252
f 3184 3252 3253 3191
f 3251 3254 3253 3252
f 3255 3256 3253 3254
f 3257 3258 3253 3256
f 3192 3191 3253 3258
g exterior
f 3257 3259 3260 3258
f 3195 3194 3260 3259
f 3192 3258 3260 3194
g interior
f 3257 3256 3261 3262
f 3255 3263 3261 3256
f 3264 3262 3261 3263
g exterior
f 3195 3259 3265 3198
f 3257 3262 3265 3259
f 3264 3266 3265 3262
f 3267 3268 3265 3266
f 3199 3198 3265 3268
f 3199 3268 3269 3202
f 3267 3270 3269 3268
f 3271 3272 3269 3270
f 1072 3202 3269 3272
f 1072 3272 3273 1073
f 3271 3274 3273 3272
f 3275 3276 3273 3274
f 1074 1073 3273 3276
f 1074 3276 3277 1075
f 3275 3278 3277 3276
f 1151 1149 3277 3278
f 1076 1075 3277 1149
f 1094 1093 3279 3204
f 1092 3280 3279 1093
f 3281 3282 3279 3280
f 3205 3204 3279 3282
f 3205 3282 3283 3208
f 3281 3284 3283 3282
f 3285 3286 3283 3284
f 3209 3208 3283 3286
g interior
f 3287 3288 3289 3290
f 3291 3292 3289 3288
f 3293 3290 3289 3292
g exterior
f 3209 3286 3294 3212
f 3285 3295 3294 3286
f 3287 3290 3294 3295
f 3293 3296 3294 3290
f 3213 3212 3294 3296
g interior
f 3293 3292 3297 3298
f 3291 3299 3297 3292
f 3300 3301 3297 3299
f 3219 3216 3297 3301
f 3215 3298 3297 3216
g exterior
f 3213 3296 3302 3223
f 3293 3298 3302 3296
f 3215 3223 3302 3298
g interior
f 3219 3301 3303 3227
f 3300 3304 3303 3301
f 3305 3306 3303 3304
f 3228 3227 3303 3306
f 3228 3306 3307 3232
f 3305 3308 3307 3306
f 1177 3309 3307 3308
f 3233 3232 3307 3309
f 3233 3309 3310 3236
f 1177 1180 3310 3309
f 1188 3311 3310 1180
f 3237 3236 3310 3311
f 3237 3311 3312 3240
f 1188 1187 3312 3311
f 1102 1101 3312 1187
f 1100 3240 3312 1101
f 1144 1143 3313 3242
f 1142 1204 3313 1143
f 1212 3314 3313 1204
f 3243 3242 3313 3314
f 3243 3314 3315 3246
f 1212 1211 3315 3314
f 1210 3316 3315 1211
f 3247 3246 3315 3316
f 3247 3316 3317 3250
f 1210 3318 3317 3316
f 3319 3320 3317 3318
f 3251 3250 3317 3320
f 3251 3320 3321 3254
f 3319 3322 3321 3320
f 3323 3324 3321 3322
f 3255 3254 3321 3324
f 3255 3324 3325 3263
f 3323 3326 3325 3324
f 3327 3328 3325 3326
f 3329 3330 3325 3328
f 3264 3263 3325 3330
g exterior
f 3329 3331 3332 3330
f 3267 3266 3332 3331
f 3264 3330 3332 3266
g interior
f 3329 3328 3333 3334
f 3327 3335 3333 3328
f 3336 3334 3333 3335
g exterior
f 3267 3331 3337 3270
f 3329 3334 3337 3331
f 3336 3338 3337 3334
f 3339 3340 3337 3338
f 3271 3270 3337 3340
f 3271 3340 3341 3274
f 3339 3342 3341 3340
f 3343 3344 3341 3342
f 3275 3274 3341 3344
f 3275 3344 3345 3278
f 3343 3346 3345 3344
f 1153 1152 3345 3346
f 1151 3278 3345 1152
f 1086 1176 3347 1089
f 1175 3348 3347 1176
f 3349 3350 3347 3348
f 1090 1089 3347 3350
f 1090 3350 3351 1091
f 3349 3352 3351 3350
f 3353 3354 3351 3352
f 1092 1091 3351 3354
f 1092 3354 3355 3280
f 3353 3356 3355 3354
f 3357 3358 3355 3356
f 3281 3280 3355 3358
g interior
f 3359 3360 3361 3362
f 3363 3364 3361 3360
f 3365 3362 3361 3364
g exterior
f 3281 3358 3366 3284
f 3357 3367 3366 3358
f 3359 3362 3366 3367
f 3365 3368 3366 3362
f 3285 3284 3366 3368
g interior
f 3365 3364 3369 3370
f 3363 3371 3369 3364
f 3372 3373 3369 3371
f 3291 3288 3369 3373
f 3287 3370 3369 3288
g exterior
f 3285 3368 3374 3295
f 3365 3370 3374 3368
f 3287 3295 3374 3370
g interior
f 3291 3373 3375 3299
f 3372 3376 3375 3373
f 3377 3378 3375 3376
f 3300 3299 3375 3378
f 3300 3378 3379 3304
f 3377 3380 3379 3378
f 3381 3382 3379 3380
f 3305 3304 3379 3382
f 3305 3382 3383 3308
f 3381 3384 3383 3382
f 1181 1178 3383 3384
f 1177 3308 3383 1178
f 1210 1209 3385 3318
f 1208 3386 3385 1209
f 3387 3388 3385 3386
f 3319 3318 3385 3388
f 3319 3388 3389 3322
f 3387 3390 3389 3388
f 3391 3392 3389 3390
f 3323 3322 3389 3392
f 3323 3392 3393 3326
f 3391 3394 3393 3392
f 3395 3396 3393 3394
f 3327 3326 3393 3396
f 3327 3396 3397 3335
f 3395 3398 3397 3396
f 3399 3400 3397 3398
f 3401 3402 3397 3400
f 3336 3335 3397 3402
g exterior
f 3401 3403 3404 3402
f 3339 3338 3404 3403
f 3336 3402 3404 3338
g interior
f 3401 3400 3405 3406
f 3399 3407 3405 3400
f 3408 3406 3405 3407
g exterior
f 3339 3403 3409 3342
f 3401 3406 3409 3403
f 3408 3410 3409 3406
f 3411 3412 3409 3410
f 3343 3342 3409 3412
f 3343 3412 3413 3346
f 3411 3414 3413 3412
f 3415 3416 3413 3414
f 1153 3346 3413 3416
f 1153 3416 3417 1154
f 3415 3418 3417 3416
f 3419 3420 3417 3418
f 1155 1154 3417 3420
f 1155 3420 3421 1156
f 3419 3422 3421 3420
f 1215 1213 3421 3422
f 1157 1156 3421 1213
f 1175 1174 3423 3348
f 1173 3424 3423 1174
f 3425 3426 3423 3424
f 3349 3348 3423 3426
f 3349 3426 3427 3352
f 3425 3428 3427 3426
f 3429 3430 3427 3428
f 3353 3352 3427 3430
g interior
f 3431 3432 3433 3434
f 3435 3436 3433 3432
f 3437 3434 3433 3436
g exterior
f 3353 3430 3438 3356
f 3429 3439 3438 3430
f 3431 3434 3438 3439
f 3437 3440 3438 3434
f 3357 3356 3438 3440
g interior
f 3437 3436 3441 3442
f 3435 3443 3441 3436
f 1239 3444 3441 3443
f 3363 3360 3441 3444
f 3359 3442 3441 3360
g exterior
f 3357 3440 3445 3367
f 3437 3442 3445 3440
f 3359 3367 3445 3442
g interior
f 3363 3444 3446 3371
f 1239 1242 3446 3444
f 1250 3447 3446 1242
f 3372 3371 3446 3447
f 3372 3447 3448 3376
f 1250 1249 3448 3447
f 1248 3449 3448 1249
f 3377 3376 3448 3449
f 3377 3449 3450 3380
f 1248 1252 3450 3449
f 1255 3451 3450 1252
f 3381 3380 3450 3451
f 3381 3451 3452 3384
f 1255 1254 3452 3451
f 1183 1182 3452 1254
f 1181 3384 3452 1182
f 1208 1207 3453 3386
f 1206 1268 3453 1207
f 1272 3454 3453 1268
f 3387 3386 3453 3454
f 3387 3454 3455 3390
f 1272 1271 3455 3454
f 1270 3456 3455 1271
f 3391 3390 3455 3456
f 3391 3456 3457 3394
f 1270 1274 3457 3456
f 1282 3458 3457 1274
f 3395 3394 3457 3458
f 3395 3458 3459 3398
f 1282 1281 3459 3458
f 1280 3460 3459 1281
f 3399 3398 3459 3460
f 3399 3460 3461 3407
f 1280 3462 3461 3460
f 3463 3464 3461 3462
f 3465 3466 3461 3464
f 3408 3407 3461 3466
g exterior
f 3465 3467 3468 3466
f 3411 3410 3468 3467
f 3408 3466 3468 3410
g interior
f 3465 3464 3469 3470
f 3463 3471 3469 3464
f 3472 3470 3469 3471
g exterior
f 3411 3467 3473 3414
f 3465 3470 3473 3467
f 3472 3474 3473 3470
f 3475 3476 3473 3474
f 3415 3414 3473 3476
f 3415 3476 3477 3418
f 3475 3478 3477 3476
f 3479 3480 3477 3478
f 3419 3418 3477 3480
f 3419 3480 3481 3422
f 3479 3482 3481 3480
f 1217 1216 3481 3482
f 1215 3422 3481 1216
f 1167 1238 3483 1170
f 1237 3484 3483 1238
f 3485 3486 3483 3484
f 1171 1170 3483 3486
f 1171 3486 3487 1172
f 3485 3488 3487 3486
f 3489 3490 3487 3488
f 1173 1172 3487 3490
f 1173 3490 3491 3424
f 3489 3492 3491 3490
f 3493 3494 3491 3492
f 3425 3424 3491 3494
g interior
f 3495 3496 3497 3498
f 3499 3500 3497 3496
f 3501 3498 3497 3500
g exterior
f 3425 3494 3502 3428
f 3493 3503 3502 3494
f 3495 3498 3502 3503
f 3501 3504 3502 3498
f 3429 3428 3502 3504
g interior
f 3501 3500 3505 3506
f 3499 3507 3505 3500
f 3508 3509 3505 3507
f 3435 3432 3505 3509
f 3431 3506 3505 3432
g exterior
f 3429 3504 3510 3439
f 3501 3506 3510 3504
f 3431 3439 3510 3506
g interior
f 3435 3509 3511 3443
f 3508 3512 3511 3509
f 1243 1240 3511 3512
f 1239 3443 3511 1240
f 1280 1279 3513 3462
f 1278 3514 3513 1279
f 3515 3516 3513 3514
f 3463 3462 3513 3516
f 3463 3516 3517 3471
f 3515 3518 3517 3516
f 3519 3520 3517 3518
f 3521 3522 3517 3520
f 3472 3471 3517 3522
g exterior
f 3521 3523 3524 3522
f 3475 3474 3524 3523
f 3472 3522 3524 3474
g interior
f 3521 3520 3525 3526
f 3519 3527 3525 3520
f 3528 3526 3525 3527
g exterior
f 3475 3523 3529 3478
f 3521 3526 3529 3523
f 3528 3530 3529 3526
f 3531 3532 3529 3530
f 3479 3478 3529 3532
f 3479 3532 3533 3482
f 3531 3534 3533 3532
f 3535 3536 3533 3534
f 1217 3482 3533 3536
f 1217 3536 3537 1218
f 3535 3538 3537 3536
f 3539 3540 3537 3538
f 1219 1218 3537 3540
f 1219 3540 3541 1220
f 3539 3542 3541 3540
f 1285 1283 3541 3542
f 1221 1220 3541 1283
f 1237 1236 3543 3484
f 1235 3544 3543 1236
f 3545 3546 3543 3544
f 3485 3484 3543 3546
f 3485 3546 3547 3488
f 3545 3548 3547 3546
f 3549 3550 3547 3548
f 3489 3488 3547 3550
g interior
f 3551 3552 3553 3554
f 3555 3556 3553 3552
f 3557 3554 3553 3556
g exterior
f 3489 3550 3558 3492
f 3549 3559 3558 3550
f 3551 3554 3558 3559
f 3557 3560 3558 3554
f 3493 3492 3558 3560
g interior
f 3557 3556 3561 3562
f 3555 3563 3561 3556
f 3564 3565 3561 3563
f 3499 3496 3561 3565
f 3495 3562 3561 3496
g exterior
f 3493 3560 3566 3503
f 3557 3562 3566 3560
f 3495 3503 3566 3562
g interior
f 3499 3565 3567 3507
f 3564 3568 3567 3565
f 3569 3570 3567 3568
f 3508 3507 3567 3570
f 3508 3570 3571 3512
f 3569 3572 3571 3570
f 1245 1244 3571 3572
f 1243 3512 3571 1244
f 1278 1277 3573 3514
f 1276 3574 3573 1277
f 3575 3576 3573 3574
f 3515 3514 3573 3576
f 3515 3576 3577 3518
f 3575 3578 3577 3576
f 3579 3580 3577 3578
f 3519 3518 3577 3580
f 3519 3580 3581 3527
f 3579 3582 3581 3580
f 3583 3584 3581 3582
f 3585 3586 3581 3584
f 3528 3527 3581 3586
g exterior
f 3585 3587 3588 3586
f 3531 3530 3588 3587
f 3528 3586 3588 3530
g interior
f 3585 3584 3589 3590
f 3583 3591 3589 3584
f 3592 3590 3589 3591
g exterior
f 3531 3587 3593 3534
f 3585 3590 3593 3587
f 3592 3594 3593 3590
f 3595 3596 3593 3594
f 3535 3534 3593 3596
f 3535 3596 3597 3538
f 3595 3598 3597 3596
f 3599 3600 3597 3598
f 3539 3538 3597 3600
f 3539 3600 3601 3542
f 3599 3602 3601 3600
f 1287 1286 3601 3602
f 1285 3542 3601 1286
f 1235 1304 3603 3544
f 1303 3604 3603 1304
f 3605 3606 3603 3604
f 3545 3544 3603 3606
g interior
f 3607 3608 3609 3610
f 3611 3612 3609 3608
f 3613 3610 3609 3612
g exterior
f 3545 3606 3614 3548
f 3605 3615 3614 3606
f 3607 3610 3614 3615
f 3613 3616 3614 3610
f 3549 3548 3614 3616
g interior
f 3613 3612 3617 3618
f 3611 3619 3617 3612
f 3620 3621 3617 3619
f 3555 3552 3617 3621
f 3551 3618 3617 3552
g exterior
f 3549 3616 3622 3559
f 3613 3618 3622 3616
f 3551 3559 3622 3618
g interior
f 3555 3621 3623 3563
f 3620 3624 3623 3621
f 3625 3626 3623 3624
f 3564 3563 3623 3626
f 3564 3626 3627 3568
f 3625 3628 3627 3626
f 3629 3630 3627 3628
f 3569 3568 3627 3630
f 3569 3630 3631 3572
f 3629 3632 3631 3630
f 1307 1305 3631 3632
f 1245 3572 3631 1305
f 1276 1316 3633 3574
f 1315 3634 3633 1316
f 3635 3636 3633 3634
f 3575 3574 3633 3636
f 3575 3636 3637 3578
f 3635 3638 3637 3636
f 3639 3640 3637 3638
f 3579 3578 3637 3640
f 3579 3640 3641 3582
f 3639 3642 3641 3640
f 3643 3644 3641 3642
f 3583 3582 3641 3644
f 3583 3644 3645 3591
f 3643 3646 3645 3644
f 3647 3648 3645 3646
f 3649 3650 3645 3648
f 3592 3591 3645 3650
g exterior
f 3649 3651 3652 3650
f 3595 3594 3652 3651
f 3592 3650 3652 3594
g interior
f 3649 3648 3653 3654
f 3647 3655 3653 3648
f 3656 3654 3653 3655
g exterior
f 3595 3651 3657 3598
f 3649 3654 3657 3651
f 3656 3658 3657 3654
f 3659 3660 3657 3658
f 3599 3598 3657 3660
f 3599 3660 3661 3602
f 3659 3662 3661 3660
f 1319 1317 3661 3662
f 1287 3602 3661 1317
f 1303 1302 3663 3604
f 1301 3664 3663 1302
f 3665 3666 3663 3664
f 3605 3604 3663 3666
g interior
f 3667 3668 3669 3670
f 3671 3672 3669 3668
f 3611 3608 3669 3672
f 3607 3670 3669 3608
g exterior
f 3605 3666 3673 3615
f 3665 3674 3673 3666
f 3667 3670 3673 3674
f 3607 3615 3673 3670
g interior
f 3611 3672 3675 3619
f 3671 3676 3675 3672
f 3677 3678 3675 3676
f 3620 3619 3675 3678
f 3620 3678 3679 3624
f 3677 3680 3679 3678
f 1335 3681 3679 3680
f 3625 3624 3679 3681
f 3625 3681 3682 3628
f 1335 1338 3682 3681
f 1346 3683 3682 1338
f 3629 3628 3682 3683
f 3629 3683 3684 3632
f 1346 1345 3684 3683
f 1309 1308 3684 1345
f 1307 3632 3684 1308
f 1315 1314 3685 3634
f 1313 1354 3685 1314
f 1362 3686 3685 1354
f 3635 3634 3685 3686
f 3635 3686 3687 3638
f 1362 1361 3687 3686
f 1360 3688 3687 1361
f 3639 3638 3687 3688
f 3639 3688 3689 3642
f 1360 3690 3689 3688
f 3691 3692 3689 3690
f 3643 3642 3689 3692
f 3643 3692 3693 3646
f 3691 3694 3693 3692
f 3695 3696 3693 3694
f 3647 3646 3693 3696
f 3647 3696 3697 3655
f 3695 3698 3697 3696
f 3699 3700 3697 3698
f 3656 3655 3697 3700
g exterior
f 3699 3701 3702 3700
f 3703 3704 3702 3701
f 3659 3658 3702 3704
f 3656 3700 3702 3658
f 3659 3704 3705 3662
f 3703 3706 3705 3704
f 1321 1320 3705 3706
f 1319 3662 3705 1320
f 1295 1334 3707 1298
f 1333 3708 3707 1334
f 3709 3710 3707 3708
f 1299 1298 3707 3710
f 1299 3710 3711 1300
f 3709 3712 3711 3710
f 3713 3714 3711 3712
f 1301 1300 3711 3714
g interior
f 3715 3716 3717 3718
f 3719 3720 3717 3716
f 3721 3718 3717 3720
g exterior
f 1301 3714 3722 3664
f 3713 3723 3722 3714
f 3715 3718 3722 3723
f 3721 3724 3722 3718
f 3665 3664 3722 3724
g interior
f 3721 3720 3725 3726
f 3719 3727 3725 3720
f 3728 3729 3725 3727
f 3671 3668 3725 3729
f 3667 3726 3725 3668
g exterior
f 3665 3724 3730 3674
f 3721 3726 3730 3724
f 3667 3674 3730 3726
g interior
f 3671 3729 3731 3676
f 3728 3732 3731 3729
f 3733 3734 3731 3732
f 3677 3676 3731 3734
f 3677 3734 3735 3680
f 3733 3736 3735 3734
f 1339 1336 3735 3736
f 1335 3680 3735 1336
f 1360 1359 3737 3690
f 1358 3738 3737 1359
f 3739 3740 3737 3738
f 3691 3690 3737 3740
f 3691 3740 3741 3694
f 3739 3742 3741 3740
f 3743 3744 3741 3742
f 3695 3694 3741 3744
f 3695 3744 3745 3698
f 3743 3746 3745 3744
f 3747 3748 3745 3746
f 3749 3750 3745 3748
f 3699 3698 3745 3750
g exterior
f 3749 3751 3752 3750
f 3703 3701 3752 3751
f 3699 3750 3752 3701
g interior
f 3749 3748 3753 3754
f 3747 3755 3753 3748
f 3756 3754 3753 3755
g exterior
f 3703 3751 3757 3706
f 3749 3754 3757 3751
f 3756 3758 3757 3754
f 3759 3760 3757 3758
f 1321 3706 3757 3760
f 1321 3760 3761 1322
f 3759 3762 3761 3760
f 3763 3764 3761 3762
f 1323 1322 3761 3764
f 1323 3764 3765 1324
f 3763 3766 3765 3764
f 1365 1363 3765 3766
f 1325 1324 3765 1363
f 1333 1332 3767 3708
f 1331 3768 3767 1332
f 3769 3770 3767 3768
f 3709 3708 3767 3770
f 3709 3770 3771 3712
f 3769 3772 3771 3770
f 3773 3774 3771 3772
f 3713 3712 3771 3774
g interior
f 3775 3776 3777 3778
f 3779 3780 3777 3776
f 3719 3716 3777 3780
f 3715 3778 3777 3716
g exterior
f 3713 3774 3781 3723
f 3773 3782 3781 3774
f 3775 3778 3781 3782
f 3715 3723 3781 3778
g interior
f 3719 3780 3783 3727
f 3779 3784 3783 3780
f 1387 3785 3783 3784
f 3728 3727 3783 3785
f 3728 3785 3786 3732
f 1387 1390 3786 3785
f 1398 3787 3786 1390
f 3733 3732 3786 3787
f 3733 3787 3788 3736
f 1398 1397 3788 3787
f 1341 1340 3788 1397
f 1339 3736 3788 1340
f 1358 1357 3789 3738
f 1356 1414 3789 1357
f 1422 3790 3789 1414
f 3739 3738 3789 3790
f 3739 3790 3791 3742
f 1422 1421 3791 3790
f 1420 3792 3791 1421
f 3743 3742 3791 3792
f 3743 3792 3793 3746
f 1420 3794 3793 3792
f 3795 3796 3793 3794
f 3747 3746 3793 3796
f 3747 3796 3797 3755
f 3795 3798 3797 3796
f 3799 3800 3797 3798
f 3756 3755 3797 3800
g exterior
f 3799 3801 3802 3800
f 3803 3804 3802 3801
f 3759 3758 3802 3804
f 3756 3800 3802 3758
f 3759 3804 3805 3762
f 3803 3806 3805 3804
f 3807 3808 3805 3806
f 3763 3762 3805 3808
f 3763 3808 3809 3766
f 3807 3810 3809 3808
f 1367 1366 3809 3810
f 1365 3766 3809 1366
f 1331 1386 3811 3768
f 1385 3812 3811 1386
f 3813 3814 3811 3812
f 3769 3768 3811 3814
g interior
f 3815 3816 3817 3818
f 3819 3820 3817 3816
f 3821 3818 3817 3820
g exterior
f 3769 3814 3822 3772
f 3813 3823 3822 3814
f 3815 3818 3822 3823
f 3821 3824 3822 3818
f 3773 3772 3822 3824
g interior
f 3821 3820 3825 3826
f 3819 3827 3825 3820
f 3828 3829 3825 3827
f 3779 3776 3825 3829
f 3775 3826 3825 3776
g exterior
f 3773 3824 3830 3782
f 3821 3826 3830 3824
f 3775 3782 3830 3826
g interior
f 3779 3829 3831 3784
f 3828 3832 3831 3829
f 1391 1388 3831 3832
f 1387 3784 3831 1388
f 1420 1419 3833 3794
f 1418 3834 3833 1419
f 3835 3836 3833 3834
f 3795 3794 3833 3836
f 3795 3836 3837 3798
f 3835 3838 3837 3836
f 3839 3840 3837 3838
f 3841 3842 3837 3840
f 3799 3798 3837 3842
g exterior
f 3841 3843 3844 3842
f 3803 3801 3844 3843
f 3799 3842 3844 3801
g interior
f 3841 3840 3845 3846
f 3839 3847 3845 3840
f 3848 3846 3845 3847
g exterior
f 3803 3843 3849 3806
f 3841 3846 3849 3843
f 3848 3850 3849 3846
f 3851 3852 3849 3850
f 3807 3806 3849 3852
f 3807 3852 3853 3810
f 3851 3854 3853 3852
f 1425 1423 3853 3854
f 1367 3810 3853 1423
f 1385 1384 3855 3812
f 1383 3856 3855 1384
f 3857 3858 3855 3856
f 3813 3812 3855 3858
g interior
f 3859 3860 3861 3862
f 3863 3864 3861 3860
f 3819 3816 3861 3864
f 3815 3862 3861 3816
g exterior
f 3813 3858 3865 3823
f 3857 3866 3865 3858
f 3859 3862 3865 3866
f 3815 3823 3865 3862
g interior
f 3819 3864 3867 3827
f 3863 3868 3867 3864
f 3869 3870 3867 3868
f 3828 3827 3867 3870
f 3828 3870 3871 3832
f 3869 3872 3871 3870
f 1393 1392 3871 3872
f 1391 3832 3871 1392
f 1418 1417 3873 3834
f 1416 3874 3873 1417
f 3875 3876 3873 3874
f 3835 3834 3873 3876
f 3835 3876 3877 3838
f 3875 3878 3877 3876
f 3879 3880 3877 3878
f 3839 3838 3877 3880
f 3839 3880 3881 3847
f 3879 3882 3881 3880
f 3883 3884 3881 3882
f 3848 3847 3881 3884
g exterior
f 3883 3885 3886 3884
f 3887 3888 3886 3885
f 3851 3850 3886 3888
f 3848 3884 3886 3850
f 3851 3888 3889 3854
f 3887 3890 3889 3888
f 1427 1426 3889 3890
f 1425 3854 3889 1426
f 1377 1452 3891 1380
f 1451 3892 3891 1452
f 3893 3894 3891 3892
f 1381 1380 3891 3894
f 1381 3894 3895 1382
f 3893 3896 3895 3894
f 3897 3898 3895 3896
f 1383 1382 3895 3898
g interior
f 3899 3900 3901 3902
f 3903 3904 3901 3900
f 3905 3902 3901 3904
g exterior
f 1383 3898 3906 3856
f 3897 3907 3906 3898
f 3899 3902 3906 3907
f 3905 3908 3906 3902
f 3857 3856 3906 3908
g interior
f 3905 3904 3909 3910
f 3903 3911 3909 3904
f 3912 3913 3909 3911
f 3863 3860 3909 3913
f 3859 3910 3909 3860
g exterior
f 3857 3908 3914 3866
f 3905 3910 3914 3908
f 3859 3866 3914 3910
g interior
f 3863 3913 3915 3868
f 3912 3916 3915 3913
f 3917 3918 3915 3916
f 3869 3868 3915 3918
f 3869 3918 3919 3872
f 3917 3920 3919 3918
f 1455 1453 3919 3920
f 1393 3872 3919 1453
f 1416 1472 3921 3874
f 1471 3922 3921 1472
f 3923 3924 3921 3922
f 3875 3874 3921 3924
f 3875 3924 3925 3878
f 3923 3926 3925 3924
f 3927 3928 3925 3926
f 3879 3878 3925 3928
f 3879 3928 3929 3882
f 3927 3930 3929 3928
f 3931 3932 3929 3930
f 3933 3934 3929 3932
f 3883 3882 3929 3934
g exterior
f 3933 3935 3936 3934
f 3887 3885 3936 3935
f 3883 3934 3936 3885
g interior
f 3933 3932 3937 3938
f 3931 3939 3937 3932
f 3940 3938 3937 3939
g exterior
f 3887 3935 3941 3890
f 3933 3938 3941 3935
f 3940 3942 3941 3938
f 3943 3944 3941 3942
f 1427 3890 3941 3944
f 1427 3944 3945 1428
f 3943 3946 3945 3944
f 3947 3948 3945 3946
f 1429 1428 3945 3948
f 1429 3948 3949 1430
f 3947 3950 3949 3948
f 1475 1473 3949 3950
f 1431 1430 3949 1473
f 1451 1450 3951 3892
f 1449 3952 3951 1450
f 3953 3954 3951 3952
f 3893 3892 3951 3954
f 3893 3954 3955 3896
f 3953 3956 3955 3954
f 3957 3958 3955 3956
f 3897 3896 3955 3958
g interior
f 3959 3960 3961 3962
f 3963 3964 3961 3960
f 3903 3900 3961 3964
f 3899 3962 3961 3900
g exterior
f 3897 3958 3965 3907
f 3957 3966 3965 3958
f 3959 3962 3965 3966
f 3899 3907 3965 3962
g interior
f 3903 3964 3967 3911
f 3963 3968 3967 3964
f 1497 3969 3967 3968
f 3912 3911 3967 3969
f 3912 3969 3970 3916
f 1497 1500 3970 3969
f 1508 3971 3970 1500
f 3917 3916 3970 3971
f 3917 3971 3972 3920
f 1508 1507 3972 3971
f 1457 1456 3972 1507
f 1455 3920 3972 1456
f 1471 1470 3973 3922
f 1469 1516 3973 1470
f 1524 3974 3973 1516
f 3923 3922 3973 3974
f 3923 3974 3975 3926
f 1524 1523 3975 3974
f 1522 3976 3975 1523
f 3927 3926 3975 3976
f 3927 3976 3977 3930
f 1522 3978 3977 3976
f 3979 3980 3977 3978
f 3931 3930 3977 3980
f 3931 3980 3981 3939
f 3979 3982 3981 3980
f 3983 3984 3981 3982
f 3940 3939 3981 3984
g exterior
f 3983 3985 3986 3984
f 3987 3988 3986 3985
f 3943 3942 3986 3988
f 3940 3984 3986 3942
f 3943 3988 3989 3946
f 3987 3990 3989 3988
f 3991 3992 3989 3990
f 3947 3946 3989 3992
f 3947 3992 3993 3950
f 3991 3994 3993 3992
f 1477 1476 3993 3994
f 1475 3950 3993 1476
f 1449 1496 3995 3952
f 1495 3996 3995 1496
f 3997 3998 3995 3996
f 3953 3952 3995 3998
f 3953 3998 3999 3956
f 3997 4000 3999 3998
f 4001 4002 3999 4000
f 3957 3956 3999 4002
g interior
f 4003 4004 4005 4006
f 4007 4008 4005 4004
f 3963 3960 4005 4008
f 3959 4006 4005 3960
g exterior
f 3957 4002 4009 3966
f 4001 4010 4009 4002
f 4003 4006 4009 4010
f 3959 3966 4009 4006
g interior
f 3963 4008 4011 3968
f 4007 4012 4011 4008
f 1501 1498 4011 4012
f 1497 3968 4011 1498
f 1522 1521 4013 3978
f 1520 4014 4013 1521
f 4015 4016 4013 4014
f 3979 3978 4013 4016
f 3979 4016 4017 3982
f 4015 4018 4017 4016
f 4019 4020 4017 4018
f 3983 3982 4017 4020
g exterior
f 4019 4021 4022 4020
f 4023 4024 4022 4021
f 3987 3985 4022 4024
f 3983 4020 4022 3985
f 3987 4024 4025 3990
f 4023 4026 4025 4024
f 4027 4028 4025 4026
f 3991 3990 4025 4028
f 3991 4028 4029 3994
f 4027 4030 4029 4028
f 1527 1525 4029 4030
f 1477 3994 4029 1525
f 1495 1494 4031 3996
f 1493 4032 4031 1494
f 4033 4034 4031 4032
f 3997 3996 4031 4034
f 3997 4034 4035 4000
f 4033 4036 4035 4034
f 4037 4038 4035 4036
f 4001 4000 4035 4038
g interior
f 4039 4040 4041 4042
f 4043 4044 4041 4040
f 4007 4004 4041 4044
f 4003 4042 4041 4004
g exterior
f 4001 4038 4045 4010
f 4037 4046 4045 4038
f 4039 4042 4045 4046
f 4003 4010 4045 4042
g interior
f 4007 4044 4047 4012
f 4043 4048 4047 4044
f 1503 1502 4047 4048
f 1501 4012 4047 1502
f 1520 1519 4049 4014
f 1518 4050 4049 1519
f 4051 4052 4049 4050
f 4015 4014 4049 4052
f 4015 4052 4053 4018
f 4051 4054 4053 4052
f 4055 4056 4053 4054
f 4019 4018 4053 4056
g exterior
f 4055 4057 4058 4056
f 4059 4060 4058 4057
f 4023 4021 4058 4060
f 4019 4056 4058 4021
f 4023 4060 4061 4026
f 4059 4062 4061 4060
f 4063 4064 4061 4062
f 4027 4026 4061 4064
f 4027 4064 4065 4030
f 4063 4066 4065 4064
f 1529 1528 4065 4066
f 1527 4030 4065 1528
f 1493 1548 4067 4032
f 1547 4068 4067 1548
f 4069 4070 4067 4068
f 4033 4032 4067 4070
g interior
f 4071 4072 4073 4074
f 4075 4076 4073 4072
f 4077 4074 4073 4076
g exterior
f 4033 4070 4078 4036
f 4069 4079 4078 4070
f 4071 4074 4078 4079
f 4077 4080 4078 4074
f 4037 4036 4078 4080
g interior
f 4077 4076 4081 4082
f 4075 4083 4081 4076
f 4084 4085 4081 4083
f 4043 4040 4081 4085
f 4039 4082 4081 4040
g exterior
f 4037 4080 4086 4046
f 4077 4082 4086 4080
f 4039 4046 4086 4082
g interior
f 4043 4085 4087 4048
f 4084 4088 4087 4085
f 1551 1549 4087 4088
f 1503 4048 4087 1549
f 1518 1568 4089 4050
f 1567 4090 4089 1568
f 4091 4092 4089 4090
f 4051 4050 4089 4092
f 4051 4092 4093 4054
f 4091 4094 4093 4092
f 4095 4096 4093 4094
f 4097 4098 4093 4096
f 4055 4054 4093 4098
g exterior
f 4097 4099 4100 4098
f 4059 4057 4100 4099
f 4055 4098 4100 4057
g interior
f 4097 4096 4101 4102
f 4095 4103 4101 4096
f 4104 4102 4101 4103
g exterior
f 4059 4099 4105 4062
f 4097 4102 4105 4099
f 4104 4106 4105 4102
f 4107 4108 4105 4106
f 4063 4062 4105 4108
f 4063 4108 4109 4066
f 4107 4110 4109 4108
f 1571 1569 4109 4110
f 1529 4066 4109 1569
f 1547 1546 4111 4068
f 1545 4112 4111 1546
f 4113 4114 4111 4112
f 4069 4068 4111 4114
g interior
f 4115 4116 4117 4118
f 4119 4120 4117 4116
f 4075 4072 4117 4120
f 4071 4118 4117 4072
g exterior
f 4069 4114 4121 4079
f 4113 4122 4121 4114
f 4115 4118 4121 4122
f 4071 4079 4121 4118
g interior
f 4075 4120 4123 4083
f 4119 4124 4123 4120
f 4125 4126 4123 4124
f 4084 4083 4123 4126
f 4084 4126 4127 4088
f 4125 4128 4127 4126
f 1553 1552 4127 4128
f 1551 4088 4127 1552
f 1567 1566 4129 4090
f 1565 4130 4129 1566
f 4131 4132 4129 4130
f 4091 4090 4129 4132
f 4091 4132 4133 4094
f 4131 4134 4133 4132
f 4135 4136 4133 4134
f 4095 4094 4133 4136
f 4095 4136 4137 4103
f 4135 4138 4137 4136
f 4139 4140 4137 4138
f 4104 4103 4137 4140
g exterior
f 4139 4141 4142 4140
f 4143 4144 4142 4141
f 4107 4106 4142 4144
f 4104 4140 4142 4106
f 4107 4144 4145 4110
f 4143 4146 4145 4144
f 1573 1572 4145 4146
f 1571 4110 4145 1572
f 1545 1592 4147 4112
f 1591 4148 4147 1592
f 4149 4150 4147 4148
f 4113 4112 4147 4150
g interior
f 4151 4152 4153 4154
f 4155 4156 4153 4152
f 4119 4116 4153 4156
f 4115 4154 4153 4116
g exterior
f 4113 4150 4157 4122
f 4149 4158 4157 4150
f 4151 4154 4157 4158
f 4115 4122 4157 4154
g interior
f 4119 4156 4159 4124
f 4155 4160 4159 4156
f 4161 4162 4159 4160
f 4125 4124 4159 4162
f 4125 4162 4163 4128
f 4161 4164 4163 4162
f 1595 1593 4163 4164
f 1553 4128 4163 1593
f 1565 1612 4165 4130
f 1611 4166 4165 1612
f 4167 4168 4165 4166
f 4131 4130 4165 4168
f 4131 4168 4169 4134
f 4167 4170 4169 4168
f 4171 4172 4169 4170
f 4135 4134 4169 4172
f 4135 4172 4173 4138
f 4171 4174 4173 4172
f 4175 4176 4173 4174
f 4139 4138 4173 4176
g exterior
f 4175 4177 4178 4176
f 4179 4180 4178 4177
f 4143 4141 4178 4180
f 4139 4176 4178 4141
f 4143 4180 4181 4146
f 4179 4182 4181 4180
f 1615 1613 4181 4182
f 1573 4146 4181 1613
f 1591 1590 4183 4148
f 1589 4184 4183 1590
f 4185 4186 4183 4184
f 4149 4148 4183 4186
g interior
f 4187 4188 4189 4190
f 4191 4192 4189 4188
f 4155 4152 4189 4192
f 4151 4190 4189 4152
g exterior
f 4149 4186 4193 4158
f 4185 4194 4193 4186
f 4187 4190 4193 4194
f 4151 4158 4193 4190
g interior
f 4155 4192 4195 4160
f 4191 4196 4195 4192
f 4197 4198 4195 4196
f 4161 4160 4195 4198
f 4161 4198 4199 4164
f 4197 4200 4199 4198
f 1597 1596 4199 4200
f 1595 4164 4199 1596
f 1611 1610 4201 4166
f 1609 4202 4201 1610
f 4203 4204 4201 4202
f 4167 4166 4201 4204
f 4167 4204 4205 4170
f 4203 4206 4205 4204
f 4207 4208 4205 4206
f 4171 4170 4205 4208
f 4171 4208 4209 4174
f 4207 4210 4209 4208
f 4211 4212 4209 4210
f 4175 4174 4209 4212
g exterior
f 4211 4213 4214 4212
f 4215 4216 4214 4213
f 4179 4177 4214 4216
f 4175 4212 4214 4177
f 4179 4216 4217 4182
f 4215 4218 4217 4216
f 1617 1616 4217 4218
f 1615 4182 4217 1616
f 1589 1636 4219 4184
f 1635 4220 4219 1636
f 4221 4222 4219 4220
f 4185 4184 4219 4222
g interior
f 4223 4224 4225 4226
f 4227 4228 4225 4224
f 4191 4188 4225 4228
f 4187 4226 4225 4188
g exterior
f 4185 4222 4229 4194
f 4221 4230 4229 4222
f 4223 4226 4229 4230
f 4187 4194 4229 4226
g interior
f 4191 4228 4231 4196
f 4227 4232 4231 4228
f 4233 4234 4231 4232
f 4197 4196 4231 4234
f 4197 4234 4235 4200
f 4233 4236 4235 4234
f 1639 1637 4235 4236
f 1597 4200 4235 1637
f 1609 1656 4237 4202
f 1655 4238 4237 1656
f 4239 4240 4237 4238
f 4203 4202 4237 4240
f 4203 4240 4241 4206
f 4239 4242 4241 4240
f 4243 4244 4241 4242
f 4207 4206 4241 4244
f 4207 4244 4245 4210
f 4243 4246 4245 4244
f 4247 4248 4245 4246
f 4211 4210 4245 4248
g exterior
f 4247 4249 4250 4248
f 4251 4252 4250 4249
f 4215 4213 4250 4252
f 4211 4248 4250 4213
f 4215 4252 4253 4218
f 4251 4254 4253 4252
f 1659 1657 4253 4254
f 1617 4218 4253 1657
f 1635 1634 4255 4220
f 1633 4256 4255 1634
f 4257 4258 4255 4256
f 4221 4220 4255 4258
g interior
f 4259 4260 4261 4262
f 4263 4264 4261 4260
f 4227 4224 4261 4264
f 4223 4262 4261 4224
g exterior
f 4221 4258 4265 4230
f 4257 4266 4265 4258
f 4259 4262 4265 4266
f 4223 4230 4265 4262
g interior
f 4227 4264 4267 4232
f 4263 4268 4267 4264
f 4269 4270 4267 4268
f 4233 4232 4267 4270
f 4233 4270 4271 4236
f 4269 4272 4271 4270
f 1641 1640 4271 4272
f 1639 4236 4271 1640
f 1655 1654 4273 4238
f 1653 4274 4273 1654
f 4275 4276 4273 4274
f 4239 4238 4273 4276
f 4239 4276 4277 4242
f 4275 4278 4277 4276
f 4279 4280 4277 4278
f 4243 4242 4277 4280
f 4243 4280 4281 4246
f 4279 4282 4281 4280
f 4283 4284 4281 4282
f 4247 4246 4281 4284
g exterior
f 4283 4285 4286 4284
f 4287 4288 4286 4285
f 4251 4249 4286 4288
f 4247 4284 4286 4249
f 4251 4288 4289 4254
f 4287 4290 4289 4288
f 1661 1660 4289 4290
f 1659 4254 4289 1660
f 1633 1680 4291 4256
f 1679 4292 4291 1680
f 4293 4294 4291 4292
f 4257 4256 4291 4294
g interior
f 4295 4296 4297 4298
f 4299 4300 4297 4296
f 4263 4260 4297 4300
f 4259 4298 4297 4260
g exterior
f 4257 4294 4301 4266
f 4293 4302 4301 4294
f 4295 4298 4301 4302
f 4259 4266 4301 4298
g interior
f 4263 4300 4303 4268
f 4299 4304 4303 4300
f 4305 4306 4303 4304
f 4269 4268 4303 4306
f 4269 4306 4307 4272
f 4305 4308 4307 4306
f 1683 1681 4307 4308
f 1641 4272 4307 1681
f 1653 1700 4309 4274
f 1699 4310 4309 1700
f 4311 4312 4309 4310
f 4275 4274 4309 4312
f 4275 4312 4313 4278
f 4311 4314 4313 4312
f 4315 4316 4313 4314
f 4279 4278 4313 4316
f 4279 4316 4317 4282
f 4315 4318 4317 4316
f 4319 4320 4317 4318
f 4283 4282 4317 4320
g exterior
f 4319 4321 4322 4320
f 4323 4324 4322 4321
f 4287 4285 4322 4324
f 4283 4320 4322 4285
f 4287 4324 4325 4290
f 4323 4326 4325 4324
f 1703 1701 4325 4326
f 1661 4290 4325 1701
f 1679 1678 4327 4292
f 1677 4328 4327 1678
f 4329 4330 4327 4328
f 4293 4292 4327 4330
g interior
f 4331 4332 4333 4334
f 4335 4336 4333 4332
f 4299 4296 4333 4336
f 4295 4334 4333 4296
g exterior
f 4293 4330 4337 4302
f 4329 4338 4337 4330
f 4331 4334 4337 4338
f 4295 4302 4337 4334
g interior
f 4299 4336 4339 4304
f 4335 4340 4339 4336
f 4341 4342 4339 4340
f 4305 4304 4339 4342
f 4305 4342 4343 4308
f 4341 4344 4343 4342
f 1685 1684 4343 4344
f 1683 4308 4343 1684
f 1699 1698 4345 4310
f 1697 4346 4345 1698
f 4347 4348 4345 4346
f 4311 4310 4345 4348
f 4311 4348 4349 4314
f 4347 4350 4349 4348
f 4351 4352 4349 4350
f 4315 4314 4349 4352
f 4315 4352 4353 4318
f 4351 4354 4353 4352
f 4355 4356 4353 4354
f 4319 4318 4353 4356
g exterior
f 4355 4357 4358 4356
f 4359 4360 4358 4357
f 4323 4321 4358 4360
f 4319 4356 4358 4321
f 4323 4360 4361 4326
f 4359 4362 4361 4360
f 1705 1704 4361 4362
f 1703 4326 4361 1704
f 1677 1724 4363 4328
f 1723 4364 4363 1724
f 4365 4366 4363 4364
f 4329 4328 4363 4366
g interior
f 4367 4368 4369 4370
f 4371 4372 4369 4368
f 4335 4332 4369 4372
f 4331 4370 4369 4332
g exterior
f 4329 4366 4373 4338
f 4365 4374 4373 4366
f 4367 4370 4373 4374
f 4331 4338 4373 4370
g interior
f 4335 4372 4375 4340
f 4371 4376 4375 4372
f 4377 4378 4375 4376
f 4341 4340 4375 4378
f 4341 4378 4379 4344
f 4377 4380 4379 4378
f 1727 1725 4379 4380
f 1685 4344 4379 1725
f 1697 1744 4381 4346
f 1743 4382 4381 1744
f 4383 4384 4381 4382
f 4347 4346 4381 4384
f 4347 4384 4385 4350
f 4383 4386 4385 4384
f 4387 4388 4385 4386
f 4351 4350 4385 4388
f 4351 4388 4389 4354
f 4387 4390 4389 4388
f 4391 4392 4389 4390
f 4355 4354 4389 4392
g exterior
f 4391 4393 4394 4392
f 4395 4396 4394 4393
f 4359 4357 4394 4396
f 4355 4392 4394 4357
f 4359 4396 4397 4362
f 4395 4398 4397 4396
f 1747 1745 4397 4398
f 1705 4362 4397 1745
f 1723 1722 4399 4364
f 1721 4400 4399 1722
f 4401 4402 4399 4400
f 4365 4364 4399 4402
g interior
f 4403 4404 4405 4406
f 4407 4408 4405 4404
f 4371 4368 4405 4408
f 4367 4406 4405 4368
g exterior
f 4365 4402 4409 4374
f 4401 4410 4409 4402
f 4403 4406 4409 4410
f 4367 4374 4409 4406
g interior
f 4371 4408 4411 4376
f 4407 4412 4411 4408
f 4413 4414 4411 4412
f 4377 4376 4411 4414
f 4377 4414 4415 4380
f 4413 4416 4415 4414
f 1729 1728 4415 4416
f 1727 4380 4415 1728
f 1743 1742 4417 4382
f 1741 4418 4417 1742
f 4419 4420 4417 4418
f 4383 4382 4417 4420
f 4383 4420 4421 4386
f 4419 4422 4421 4420
f 4423 4424 4421 4422
f 4387 4386 4421 4424
f 4387 4424 4425 4390
f 4423 4426 4425 4424
f 4427 4428 4425 4426
f 4391 4390 4425 4428
g exterior
f 4427 4429 4430 4428
f 4431 4432 4430 4429
f 4395 4393 4430 4432
f 4391 4428 4430 4393
f 4395 4432 4433 4398
f 4431 4434 4433 4432
f 1749 1748 4433 4434
f 1747 4398 4433 1748
f 1721 1768 4435 4400
f 1767 4436 4435 1768
f 4437 4438 4435 4436
f 4401 4400 4435 4438
g interior
f 4439 4440 4441 4442
f 4443 4444 4441 4440
f 4407 4404 4441 4444
f 4403 4442 4441 4404
g exterior
f 4401 4438 4445 4410
f 4437 4446 4445 4438
f 4439 4442 4445 4446
f 4403 4410 4445 4442
g interior
f 4407 4444 4447 4412
f 4443 4448 4447 4444
f 4449 4450 4447 4448
f 4413 4412 4447 4450
f 4413 4450 4451 4416
f 4449 4452 4451 4450
f 1771 1769 4451 4452
f 1729 4416 4451 1769
f 1741 1788 4453 4418
f 1787 4454 4453 1788
f 4455 4456 4453 4454
f 4419 4418 4453 4456
f 4419 4456 4457 4422
f 4455 4458 4457 4456
f 4459 4460 4457 4458
f 4423 4422 4457 4460
f 4423 4460 4461 4426
f 4459 4462 4461 4460
f 4463 4464 4461 4462
f 4427 4426 4461 4464
g exterior
f 4463 4465 4466 4464
f 4467 4468 4466 4465
f 4431 4429 4466 4468
f 4427 4464 4466 4429
f 4431 4468 4469 4434
f 4467 4470 4469 4468
f 1791 1789 4469 4470
f 1749 4434 4469 1789
f 1767 1766 4471 4436
f 1765 4472 4471 1766
f 4473 4474 4471 4472
f 4437 4436 4471 4474
g interior
f 4475 4476 4477 4478
f 4443 4440 4477 4476
f 4439 4478 4477 4440
g exterior
f 4437 4474 4479 4446
f 4473 4480 4479 4474
f 4481 4482 4479 4480
f 4475 4478 4479 4482
f 4439 4446 4479 4478
g interior
f 4443 4476 4483 4448
f 4475 4484 4483 4476
f 4485 4486 4483 4484
f 4487 4488 4483 4486
f 4449 4448 4483 4488
g exterior
f 4475 4482 4489 4484
f 4481 4490 4489 4482
f 4485 4484 4489 4490
g interior
f 4449 4488 4491 4452
f 4487 4492 4491 4488
f 1773 1772 4491 4492
f 1771 4452 4491 1772
f 1787 1786 4493 4454
f 1785 4494 4493 1786
f 4495 4496 4493 4494
f 4455 4454 4493 4496
f 4455 4496 4497 4458
f 4495 4498 4497 4496
f 4499 4500 4497 4498
f 4501 4502 4497 4500
f 4459 4458 4497 4502
g exterior
f 4499 4503 4504 4500
f 4505 4506 4504 4503
f 4501 4500 4504 4506
g interior
f 4459 4502 4507 4462
f 4501 4508 4507 4502
f 4463 4462 4507 4508
g exterior
f 4501 4506 4509 4508
f 4505 4510 4509 4506
f 4511 4512 4509 4510
f 4467 4465 4509 4512
f 4463 4508 4509 4465
f 4467 4512 4513 4470
f 4511 4514 4513 4512
f 1793 1792 4513 4514
f 1791 4470 4513 1792
f 1765 1812 4515 4472
f 1811 4516 4515 1812
f 4517 4518 4515 4516
f 4473 4472 4515 4518
f 4473 4518 4519 4480
f 4517 4520 4519 4518
f 4521 4522 4519 4520
f 4481 4480 4519 4522
g interior
f 4523 4524 4525 4526
f 4527 4528 4525 4524
f 4487 4486 4525 4528
f 4485 4526 4525 4486
g exterior
f 4481 4522 4529 4490
f 4521 4530 4529 4522
f 4523 4526 4529 4530
f 4485 4490 4529 4526
g interior
f 4487 4528 4531 4492
f 4527 4532 4531 4528
f 1815 1813 4531 4532
f 1773 4492 4531 1813
f 1785 1836 4533 4494
f 1835 4534 4533 1836
f 4535 4536 4533 4534
f 4495 4494 4533 4536
f 4495 4536 4537 4498
f 4535 4538 4537 4536
f 4539 4540 4537 4538
f 4499 4498 4537 4540
g exterior
f 4539 4541 4542 4540
f 4543 4544 4542 4541
f 4505 4503 4542 4544
f 4499 4540 4542 4503
f 4505 4544 4545 4510
f 4543 4546 4545 4544
f 4547 4548 4545 4546
f 4511 4510 4545 4548
f 4511 4548 4549 4514
f 4547 4550 4549 4548
f 1839 1837 4549 4550
f 1793 4514 4549 1837
f 1811 1810 4551 4516
f 1809 4552 4551 1810
f 4553 4554 4551 4552
f 4517 4516 4551 4554
f 4517 4554 4555 4520
f 4553 4556 4555 4554
f 4557 4558 4555 4556
f 4521 4520 4555 4558
g interior
f 4559 4560 4561 4562
f 4563 4564 4561 4560
f 4527 4524 4561 4564
f 4523 4562 4561 4524
g exterior
f 4521 4558 4565 4530
f 4557 4566 4565 4558
f 4559 4562 4565 4566
f 4523 4530 4565 4562
g interior
f 4527 4564 4567 4532
f 4563 4568 4567 4564
f 1817 1816 4567 4568
f 1815 4532 4567 1816
f 1835 1834 4569 4534
f 1833 4570 4569 1834
f 4571 4572 4569 4570
f 4535 4534 4569 4572
f 4535 4572 4573 4538
f 4571 4574 4573 4572
f 4575 4576 4573 4574
f 4539 4538 4573 4576
g exterior
f 4575 4577 4578 4576
f 4579 4580 4578 4577
f 4543 4541 4578 4580
f 4539 4576 4578 4541
f 4543 4580 4581 4546
f 4579 4582 4581 4580
f 4583 4584 4581 4582
f 4547 4546 4581 4584
f 4547 4584 4585 4550
f 4583 4586 4585 4584
f 1841 1840 4585 4586
f 1839 4550 4585 1840
f 1809 1860 4587 4552
f 1859 4588 4587 1860
f 4589 4590 4587 4588
f 4553 4552 4587 4590
f 4553 4590 4591 4556
f 4589 4592 4591 4590
f 4593 4594 4591 4592
f 4557 4556 4591 4594
g interior
f 4595 4596 4597 4598
f 4599 4600 4597 4596
f 4563 4560 4597 4600
f 4559 4598 4597 4560
g exterior
f 4557 4594 4601 4566
f 4593 4602 4601 4594
f 4595 4598 4601 4602
f 4559 4566 4601 4598
g interior
f 4563 4600 4603 4568
f 4599 4604 4603 4600
f 4605 4606 4603 4604
f 1817 4568 4603 4606
f 1817 4606 4607 1818
f 4605 4608 4607 4606
f 4609 4610 4607 4608
f 1819 1818 4607 4610
f 1819 4610 4611 1820
f 4609 4612 4611 4610
f 1863 1861 4611 4612
f 1821 1820 4611 1861
f 1827 1888 4613 1830
f 1887 4614 4613 1888
f 4615 4616 4613 4614
f 1831 1830 4613 4616
f 1831 4616 4617 1832
f 4615 4618 4617 4616
f 4619 4620 4617 4618
f 1833 1832 4617 4620
f 1833 4620 4621 4570
f 4619 4622 4621 4620
f 4623 4624 4621 4622
f 4571 4570 4621 4624
f 4571 4624 4625 4574
f 4623 4626 4625 4624
f 4627 4628 4625 4626
f 4575 4574 4625 4628
g exterior
f 4627 4629 4630 4628
f 4631 4632 4630 4629
f 4579 4577 4630 4632
f 4575 4628 4630 4577
f 4579 4632 4633 4582
f 4631 4634 4633 4632
f 4635 4636 4633 4634
f 4583 4582 4633 4636
f 4583 4636 4637 4586
f 4635 4638 4637 4636
f 1891 1889 4637 4638
f 1841 4586 4637 1889
f 1859 1858 4639 4588
f 1857 1907 4639 1858
f 1915 4640 4639 1907
f 4589 4588 4639 4640
f 4589 4640 4641 4592
f 1915 1914 4641 4640
f 1913 4642 4641 1914
f 4593 4592 4641 4642
g interior
f 4643 4644 4645 4646
f 4599 4596 4645 4644
f 4595 4646 4645 4596
g exterior
f 4593 4642 4647 4602
f 1913 4648 4647 4642
f 4649 4650 4647 4648
f 4643 4646 4647 4650
f 4595 4602 4647 4646
g interior
f 4599 4644 4651 4604
f 4643 4652 4651 4644
f 4653 4654 4651 4652
f 4655 4656 4651 4654
f 4605 4604 4651 4656
g exterior
f 4643 4650 4657 4652
f 4649 4658 4657 4650
f 4653 4652 4657 4658
g interior
f 4605 4656 4659 4608
f 4655 4660 4659 4656
f 4661 4662 4659 4660
f 4609 4608 4659 4662
f 4609 4662 4663 4612
f 4661 4664 4663 4662
f 1865 1864 4663 4664
f 1863 4612 4663 1864
f 1887 1886 4665 4614
f 1885 4666 4665 1886
f 4667 4668 4665 4666
f 4615 4614 4665 4668
f 4615 4668 4669 4618
f 4667 4670 4669 4668
f 4671 4672 4669 4670
f 4619 4618 4669 4672
f 4619 4672 4673 4622
f 4671 4674 4673 4672
f 4675 4676 4673 4674
f 4677 4678 4673 4676
f 4623 4622 4673 4678
g exterior
f 4675 4679 4680 4676
f 4681 4682 4680 4679
f 4677 4676 4680 4682
g interior
f 4623 4678 4683 4626
f 4677 4684 4683 4678
f 4627 4626 4683 4684
g exterior
f 4677 4682 4685 4684
f 4681 4686 4685 4682
f 1948 4687 4685 4686
f 4631 4629 4685 4687
f 4627 4684 4685 4629
f 4631 4687 4688 4634
f 1948 1951 4688 4687
f 1958 4689 4688 1951
f 4635 4634 4688 4689
f 4635 4689 4690 4638
f 1958 1957 4690 4689
f 1893 1892 4690 1957
f 1891 4638 4690 1892
f 1913 1912 4691 4648
f 1911 4692 4691 1912
f 4693 4694 4691 4692
f 4649 4648 4691 4694
g interior
f 4695 4696 4697 4698
f 4699 4700 4697 4696
f 4655 4654 4697 4700
f 4653 4698 4697 4654
g exterior
f 4649 4694 4701 4658
f 4693 4702 4701 4694
f 4695 4698 4701 4702
f 4653 4658 4701 4698
g interior
f 4655 4700 4703 4660
f 4699 4704 4703 4700
f 4705 4706 4703 4704
f 4661 4660 4703 4706
f 4661 4706 4707 4664
f 4705 4708 4707 4706
f 1918 1916 4707 4708
f 1865 4664 4707 1916
f 1885 1947 4709 4666
f 1946 4710 4709 1947
f 4711 4712 4709 4710
f 4667 4666 4709 4712
f 4667 4712 4713 4670
f 4711 4714 4713 4712
f 4715 4716 4713 4714
f 4671 4670 4713 4716
f 4671 4716 4717 4674
f 4715 4718 4717 4716
f 4719 4720 4717 4718
f 4675 4674 4717 4720
g exterior
f 4719 4721 4722 4720
f 4723 4724 4722 4721
f 4681 4679 4722 4724
f 4675 4720 4722 4679
f 4681 4724 4725 4686
f 4723 4726 4725 4724
f 1952 1949 4725 4726
f 1948 4686 4725 1949
f 1911 1910 4727 4692
f 1909 4728 4727 1910
f 4729 4730 4727 4728
f 4693 4692 4727 4730
g interior
f 4731 4732 4733 4734
f 4699 4696 4733 4732
f 4695 4734 4733 4696
g exterior
f 4693 4730 4735 4702
f 4729 4736 4735 4730
f 4737 4738 4735 4736
f 4731 4734 4735 4738
f 4695 4702 4735 4734
g interior
f 4699 4732 4739 4704
f 4731 4740 4739 4732
f 4741 4742 4739 4740
f 4743 4744 4739 4742
f 4705 4704 4739 4744
g exterior
f 4731 4738 4745 4740
f 4737 4746 4745 4738
f 4741 4740 4745 4746
g interior
f 4705 4744 4747 4708
f 4743 4748 4747 4744
f 1920 1919 4747 4748
f 1918 4708 4747 1919
f 1946 1945 4749 4710
f 1944 4750 4749 1945
f 4751 4752 4749 4750
f 4711 4710 4749 4752
f 4711 4752 4753 4714
f 4751 4754 4753 4752
f 4755 4756 4753 4754
f 4757 4758 4753 4756
f 4715 4714 4753 4758
g exterior
f 4755 4759 4760 4756
f 4761 4762 4760 4759
f 4757 4756 4760 4762
g interior
f 4715 4758 4763 4718
f 4757 4764 4763 4758
f 4719 4718 4763 4764
g exterior
f 4757 4762 4765 4764
f 4761 4766 4765 4762
f 4767 4768 4765 4766
f 4723 4721 4765 4768
f 4719 4764 4765 4721
f 4723 4768 4769 4726
f 4767 4770 4769 4768
f 1954 1953 4769 4770
f 1952 4726 4769 1953
f 1909 1968 4771 4728
f 1967 4772 4771 1968
f 4773 4774 4771 4772
f 4729 4728 4771 4774
f 4729 4774 4775 4736
f 4773 4776 4775 4774
f 4777 4778 4775 4776
f 4737 4736 4775 4778
g interior
f 4779 4780 4781 4782
f 4783 4784 4781 4780
f 4743 4742 4781 4784
f 4741 4782 4781 4742
g exterior
f 4737 4778 4785 4746
f 4777 4786 4785 4778
f 4779 4782 4785 4786
f 4741 4746 4785 4782
g interior
f 4743 4784 4787 4748
f 4783 4788 4787 4784
f 4789 4790 4787 4788
f 1920 4748 4787 4790
f 1920 4790 4791 1921
f 4789 4792 4791 4790
f 4793 4794 4791 4792
f 1922 1921 4791 4794
f 1922 4794 4795 1923
f 4793 4796 4795 4794
f 1971 1969 4795 4796
f 1924 1923 4795 1969
f 1938 1992 4797 1941
f 1991 4798 4797 1992
f 4799 4800 4797 4798
f 1942 1941 4797 4800
f 1942 4800 4801 1943
f 4799 4802 4801 4800
f 4803 4804 4801 4802
f 1944 1943 4801 4804
f 1944 4804 4805 4750
f 4803 4806 4805 4804
f 4807 4808 4805 4806
f 4751 4750 4805 4808
f 4751 4808 4809 4754
f 4807 4810 4809 4808
f 4811 4812 4809 4810
f 4755 4754 4809 4812
g exterior
f 4811 4813 4814 4812
f 4815 4816 4814 4813
f 4761 4759 4814 4816
f 4755 4812 4814 4759
f 4761 4816 4817 4766
f 4815 4818 4817 4816
f 4819 4820 4817 4818
f 4767 4766 4817 4820
f 4767 4820 4821 4770
f 4819 4822 4821 4820
f 1995 1993 4821 4822
f 1954 4770 4821 1993
f 1967 1966 4823 4772
f 1965 2004 4823 1966
f 2012 4824 4823 2004
f 4773 4772 4823 4824
f 4773 4824 4825 4776
f 2012 2011 4825 4824
f 2010 4826 4825 2011
f 4777 4776 4825 4826
g interior
f 4827 4828 4829 4830
f 4783 4780 4829 4828
f 4779 4830 4829 4780
g exterior
f 4777 4826 4831 4786
f 2010 4832 4831 4826
f 4833 4834 4831 4832
f 4827 4830 4831 4834
f 4779 4786 4831 4830
g interior
f 4783 4828 4835 4788
f 4827 4836 4835 4828
f 4837 4838 4835 4836
f 4839 4840 4835 4838
f 4789 4788 4835 4840
g exterior
f 4827 4834 4841 4836
f 4833 4842 4841 4834
f 4837 4836 4841 4842
g interior
f 4789 4840 4843 4792
f 4839 4844 4843 4840
f 4845 4846 4843 4844
f 4793 4792 4843 4846
f 4793 4846 4847 4796
f 4845 4848 4847 4846
f 1973 1972 4847 4848
f 1971 4796 4847 1972
f 1991 1990 4849 4798
f 1989 4850 4849 1990
f 4851 4852 4849 4850
f 4799 4798 4849 4852
f 4799 4852 4853 4802
f 4851 4854 4853 4852
f 4855 4856 4853 4854
f 4803 4802 4853 4856
f 4803 4856 4857 4806
f 4855 4858 4857 4856
f 4859 4860 4857 4858
f 4861 4862 4857 4860
f 4807 4806 4857 4862
g exterior
f 4859 4863 4864 4860
f 4865 4866 4864 4863
f 4861 4860 4864 4866
g interior
f 4807 4862 4867 4810
f 4861 4868 4867 4862
f 4811 4810 4867 4868
g exterior
f 4861 4866 4869 4868
f 4865 4870 4869 4866
f 2025 4871 4869 4870
f 4815 4813 4869 4871
f 4811 4868 4869 4813
f 4815 4871 4872 4818
f 2025 2028 4872 4871
f 2036 4873 4872 2028
f 4819 4818 4872 4873
f 4819 4873 4874 4822
f 2036 2035 4874 4873
f 1997 1996 4874 2035
f 1995 4822 4874 1996
f 2010 2009 4875 4832
f 2008 4876 4875 2009
f 4877 4878 4875 4876
f 4833 4832 4875 4878
g interior
f 4879 4880 4881 4882
f 4883 4884 4881 4880
f 4839 4838 4881 4884
f 4837 4882 4881 4838
g exterior
f 4833 4878 4885 4842
f 4877 4886 4885 4878
f 4879 4882 4885 4886
f 4837 4842 4885 4882
g interior
f 4839 4884 4887 4844
f 4883 4888 4887 4884
f 4889 4890 4887 4888
f 4845 4844 4887 4890
f 4845 4890 4891 4848
f 4889 4892 4891 4890
f 4893 4894 4891 4892
f 1973 4848 4891 4894
f 1973 4894 4895 1974
f 4893 4896 4895 4894
f 4897 4898 4895 4896
f 1975 1974 4895 4898
f 1975 4898 4899 1976
f 4897 4900 4899 4898
f 2015 2013 4899 4900
f 1977 1976 4899 2013
f 1983 2024 4901 1986
f 2023 4902 4901 2024
f 4903 4904 4901 4902
f 1987 1986 4901 4904
f 1987 4904 4905 1988
f 4903 4906 4905 4904
f 4907 4908 4905 4906
f 1989 1988 4905 4908
f 1989 4908 4909 4850
f 4907 4910 4909 4908
f 4911 4912 4909 4910
f 4851 4850 4909 4912
f 4851 4912 4913 4854
f 4911 4914 4913 4912
f 4915 4916 4913 4914
f 4855 4854 4913 4916
f 4855 4916 4917 4858
f 4915 4918 4917 4916
f 4919 4920 4917 4918
f 4859 4858 4917 4920
g exterior
f 4919 4921 4922 4920
f 4923 4924 4922 4921
f 4865 4863 4922 4924
f 4859 4920 4922 4863
f 4865 4924 4925 4870
f 4923 4926 4925 4924
f 2029 2026 4925 4926
f 2025 4870 4925 2026
f 2008 2007 4927 4876
f 2006 4928 4927 2007
f 4929 4930 4927 4928
f 4877 4876 4927 4930
g interior
f 4931 4932 4933 4934
f 4883 4880 4933 4932
f 4879 4934 4933 4880
g exterior
f 4877 4930 4935 4886
f 4929 4936 4935 4930
f 4937 4938 4935 4936
f 4931 4934 4935 4938
f 4879 4886 4935 4934
g interior
f 4883 4932 4939 4888
f 4931 4940 4939 4932
f 4941 4942 4939 4940
f 4943 4944 4939 4942
f 4889 4888 4939 4944
g exterior
f 4931 4938 4945 4940
f 4937 4946 4945 4938
f 4941 4940 4945 4946
g interior
f 4889 4944 4947 4892
f 4943 4948 4947 4944
f 4949 4950 4947 4948
f 4893 4892 4947 4950
f 4893 4950 4951 4896
f 4949 4952 4951 4950
f 4953 4954 4951 4952
f 4897 4896 4951 4954
f 4897 4954 4955 4900
f 4953 4956 4955 4954
f 2017 2016 4955 4956
f 2015 4900 4955 2016
f 2023 2022 4957 4902
f 2021 4958 4957 2022
f 4959 4960 4957 4958
f 4903 4902 4957 4960
f 4903 4960 4961 4906
f 4959 4962 4961 4960
f 4963 4964 4961 4962
f 4907 4906 4961 4964
f 4907 4964 4965 4910
f 4963 4966 4965 4964
f 4967 4968 4965 4966
f 4911 4910 4965 4968
f 4911 4968 4969 4914
f 4967 4970 4969 4968
f 4971 4972 4969 4970
f 4973 4974 4969 4972
f 4915 4914 4969 4974
g exterior
f 4971 4975 4976 4972
f 4977 4978 4976 4975
f 4973 4972 4976 4978
g interior
f 4915 4974 4979 4918
f 4973 4980 4979 4974
f 4919 4918 4979 4980
g exterior
f 4973 4978 4981 4980
f 4977 4982 4981 4978
f 4983 4984 4981 4982
f 4923 4921 4981 4984
f 4919 4980 4981 4921
f 4923 4984 4985 4926
f 4983 4986 4985 4984
f 2031 2030 4985 4986
f 2029 4926 4985 2030
f 2006 2048 4987 4928
f 2047 4988 4987 2048
f 4989 4990 4987 4988
f 4929 4928 4987 4990
f 4929 4990 4991 4936
f 4989 4992 4991 4990
f 4993 4994 4991 4992
f 4937 4936 4991 4994
g interior
f 4995 4996 4997 4998
f 4943 4942 4997 4996
f 4941 4998 4997 4942
g exterior
f 4937 4994 4999 4946
f 4993 5000 4999 4994
f 5001 5002 4999 5000
f 4995 4998 4999 5002
f 4941 4946 4999 4998
g interior
f 4943 4996 5003 4948
f 4995 5004 5003 4996
f 5005 5006 5003 5004
f 5007 5008 5003 5006
f 4949 4948 5003 5008
g exterior
f 4995 5002 5009 5004
f 5001 5010 5009 5002
f 5005 5004 5009 5010
g interior
f 4949 5008 5011 4952
f 5007 5012 5011 5008
f 5013 5014 5011 5012
f 4953 4952 5011 5014
f 4953 5014 5015 4956
f 5013 5016 5015 5014
f 2051 2049 5015 5016
f 2017 4956 5015 2049
f 2021 2100 5017 4958
f 2099 5018 5017 2100
f 5019 5020 5017 5018
f 4959 4958 5017 5020
f 4959 5020 5021 4962
f 5019 5022 5021 5020
f 5023 5024 5021 5022
f 4963 4962 5021 5024
f 4963 5024 5025 4966
f 5023 5026 5025 5024
f 5027 5028 5025 5026
f 5029 5030 5025 5028
f 4967 4966 5025 5030
g exterior
f 5027 5031 5032 5028
f 5033 5034 5032 5031
f 5029 5028 5032 5034
g interior
f 4967 5030 5035 4970
f 5029 5036 5035 5030
f 4971 4970 5035 5036
g exterior
f 5029 5034 5037 5036
f 5033 5038 5037 5034
f 5039 5040 5037 5038
f 4977 4975 5037 5040
f 4971 5036 5037 4975
f 4977 5040 5041 4982
f 5039 5042 5041 5040
f 5043 5044 5041 5042
f 4983 4982 5041 5044
f 4983 5044 5045 4986
f 5043 5046 5045 5044
f 2103 2101 5045 5046
f 2031 4986 5045 2101
f 2047 2046 5047 4988
f 2045 2116 5047 2046
f 2124 5048 5047 2116
f 4989 4988 5047 5048
f 4989 5048 5049 4992
f 2124 2123 5049 5048
f 2122 5050 5049 2123
f 4993 4992 5049 5050
f 4993 5050 5051 5000
f 2122 5052 5051 5050
f 5053 5054 5051 5052
f 5001 5000 5051 5054
g interior
f 5055 5056 5057 5058
f 5007 5006 5057 5056
f 5005 5058 5057 5006
g exterior
f 5001 5054 5059 5010
f 5053 5060 5059 5054
f 5061 5062 5059 5060
f 5055 5058 5059 5062
f 5005 5010 5059 5058
g interior
f 5007 5056 5063 5012
f 5055 5064 5063 5056
f 5065 5066 5063 5064
f 5067 5068 5063 5066
f 5013 5012 5063 5068
g exterior
f 5055 5062 5069 5064
f 5061 5070 5069 5062
f 5065 5064 5069 5070
g interior
f 5013 5068 5071 5016
f 5067 5072 5071 5068
f 2053 2052 5071 5072
f 2051 5016 5071 2052
f 2099 2098 5073 5018
f 2097 5074 5073 2098
f 5075 5076 5073 5074
f 5019 5018 5073 5076
f 5019 5076 5077 5022
f 5075 5078 5077 5076
f 5079 5080 5077 5078
f 5081 5082 5077 5080
f 5023 5022 5077 5082
g exterior
f 5079 5083 5084 5080
f 5085 5086 5084 5083
f 5081 5080 5084 5086
g interior
f 5023 5082 5087 5026
f 5081 5088 5087 5082
f 5027 5026 5087 5088
g exterior
f 5081 5086 5089 5088
f 5085 5090 5089 5086
f 5091 5092 5089 5090
f 5033 5031 5089 5092
f 5027 5088 5089 5031
f 5033 5092 5093 5038
f 5091 5094 5093 5092
f 2157 5095 5093 5094
f 5039 5038 5093 5095
f 5039 5095 5096 5042
f 2157 2160 5096 5095
f 2167 5097 5096 2160
f 5043 5042 5096 5097
f 5043 5097 5098 5046
f 2167 2166 5098 5097
f 2105 2104 5098 2166
f 2103 5046 5098 2104
f 2122 2121 5099 5052
f 2120 5100 5099 2121
f 5101 5102 5099 5100
f 5053 5052 5099 5102
f 5053 5102 5103 5060
f 5101 5104 5103 5102
f 5105 5106 5103 5104
f 5061 5060 5103 5106
g interior
f 5107 5108 5109 5110
f 5067 5066 5109 5108
f 5065 5110 5109 5066
g exterior
f 5061 5106 5111 5070
f 5105 5112 5111 5106
f 5113 5114 5111 5112
f 5107 5110 5111 5114
f 5065 5070 5111 5110
g interior
f 5067 5108 5115 5072
f 5107 5116 5115 5108
f 5117 5118 5115 5116
f 5119 5120 5115 5118
f 2053 5072 5115 5120
g exterior
f 5107 5114 5121 5116
f 5113 5122 5121 5114
f 5117 5116 5121 5122
g interior
f 2053 5120 5123 2054
f 5119 5124 5123 5120
f 5125 5126 5123 5124
f 2055 2054 5123 5126
f 2055 5126 5127 2056
f 5125 5128 5127 5126
f 5129 5130 5127 5128
f 2057 2056 5127 5130
f 2057 5130 5131 2060
f 5129 5132 5131 5130
f 5133 5134 5131 5132
f 2061 2060 5131 5134
f 2061 5134 5135 2062
f 5133 5136 5135 5134
f 2127 2125 5135 5136
f 2063 2062 5135 2125
f 2085 2156 5137 2088
f 2155 5138 5137 2156
f 5139 5140 5137 5138
f 2089 2088 5137 5140
f 2089 5140 5141 2090
f 5139 5142 5141 5140
f 5143 5144 5141 5142
f 2091 2090 5141 5144
f 2091 5144 5145 2094
f 5143 5146 5145 5144
f 5147 5148 5145 5146
f 2095 2094 5145 5148
f 2095 5148 5149 2096
f 5147 5150 5149 5148
f 5151 5152 5149 5150
f 2097 2096 5149 5152
f 2097 5152 5153 5074
f 5151 5154 5153 5152
f 5155 5156 5153 5154
f 5157 5158 5153 5156
f 5075 5074 5153 5158
g exterior
f 5155 5159 5160 5156
f 5161 5162 5160 5159
f 5157 5156 5160 5162
g interior
f 5075 5158 5163 5078
f 5157 5164 5163 5158
f 5079 5078 5163 5164
g exterior
f 5157 5162 5165 5164
f 5161 5166 5165 5162
f 5167 5168 5165 5166
f 5085 5083 5165 5168
f 5079 5164 5165 5083
f 5085 5168 5169 5090
f 5167 5170 5169 5168
f 5171 5172 5169 5170
f 5091 5090 5169 5172
f 5091 5172 5173 5094
f 5171 5174 5173 5172
f 2161 2158 5173 5174
f 2157 5094 5173 2158
f 2120 2119 5175 5100
f 2118 2176 5175 2119
f 2184 5176 5175 2176
f 5101 5100 5175 5176
f 5101 5176 5177 5104
f 2184 2183 5177 5176
f 2182 5178 5177 2183
f 5105 5104 5177 5178
f 5105 5178 5179 5112
f 2182 5180 5179 5178
f 5181 5182 5179 5180
f 5113 5112 5179 5182
g interior
f 5183 5184 5185 5186
f 5119 5118 5185 5184
f 5117 5186 5185 5118
g exterior
f 5113 5182 5187 5122
f 5181 5188 5187 5182
f 5189 5190 5187 5188
f 5183 5186 5187 5190
f 5117 5122 5187 5186
g interior
f 5119 5184 5191 5124
f 5183 5192 5191 5184
f 5193 5194 5191 5192
f 5195 5196 5191 5194
f 5125 5124 5191 5196
g exterior
f 5183 5190 5197 5192
f 5189 5198 5197 5190
f 5193 5192 5197 5198
g interior
f 5125 5196 5199 5128
f 5195 5200 5199 5196
f 5201 5202 5199 5200
f 5129 5128 5199 5202
f 5129 5202 5203 5132
f 5201 5204 5203 5202
f 5205 5206 5203 5204
f 5133 5132 5203 5206
f 5133 5206 5207 5136
f 5205 5208 5207 5206
f 2129 2128 5207 5208
f 2127 5136 5207 2128
f 2155 2154 5209 5138
f 2153 5210 5209 2154
f 5211 5212 5209 5210
f 5139 5138 5209 5212
f 5139 5212 5213 5142
f 5211 5214 5213 5212
f 5215 5216 5213 5214
f 5143 5142 5213 5216
f 5143 5216 5217 5146
f 5215 5218 5217 5216
f 5219 5220 5217 5218
f 5147 5146 5217 5220
f 5147 5220 5221 5150
f 5219 5222 5221 5220
f 5223 5224 5221 5222
f 5225 5226 5221 5224
f 5151 5150 5221 5226
g exterior
f 5223 5227 5228 5224
f 5229 5230 5228 5227
f 5225 5224 5228 5230
g interior
f 5151 5226 5231 5154
f 5225 5232 5231 5226
f 5155 5154 5231 5232
g exterior
f 5225 5230 5233 5232
f 5229 5234 5233 5230
f 5235 5236 5233 5234
f 5161 5159 5233 5236
f 5155 5232 5233 5159
f 5161 5236 5237 5166
f 5235 5238 5237 5236
f 2247 5239 5237 5238
f 5167 5166 5237 5239
f 5167 5239 5240 5170
f 2247 2250 5240 5239
f 2258 5241 5240 2250
f 5171 5170 5240 5241
f 5171 5241 5242 5174
f 2258 2257 5242 5241
f 2163 2162 5242 2257
f 2161 5174 5242 2162
f 2182 2181 5243 5180
f 2180 5244 5243 2181
f 5245 5246 5243 5244
f 5181 5180 5243 5246
f 5181 5246 5247 5188
f 5245 5248 5247 5246
f 5249 5250 5247 5248
f 5189 5188 5247 5250
g interior
f 5251 5252 5253 5254
f 5195 5194 5253 5252
f 5193 5254 5253 5194
g exterior
f 5189 5250 5255 5198
f 5249 5256 5255 5250
f 5257 5258 5255 5256
f 5251 5254 5255 5258
f 5193 5198 5255 5254
g interior
f 5195 5252 5259 5200
f 5251 5260 5259 5252
f 5261 5262 5259 5260
f 5263 5264 5259 5262
f 5201 5200 5259 5264
g exterior
f 5251 5258 5265 5260
f 5257 5266 5265 5258
f 5261 5260 5265 5266
g interior
f 5201 5264 5267 5204
f 5263 5268 5267 5264
f 5269 5270 5267 5268
f 5205 5204 5267 5270
f 5205 5270 5271 5208
f 5269 5272 5271 5270
f 5273 5274 5271 5272
f 2129 5208 5271 5274
f 2129 5274 5275 2130
f 5273 5276 5275 5274
f 5277 5278 5275 5276
f 2131 2130 5275 5278
f 2131 5278 5279 2132
f 5277 5280 5279 5278
f 2187 2185 5279 5280
f 2133 2132 5279 2185
f 2147 2246 5281 2150
f 2245 5282 5281 2246
f 5283 5284 5281 5282
f 2151 2150 5281 5284
f 2151 5284 5285 2152
f 5283 5286 5285 5284
f 5287 5288 5285 5286
f 2153 2152 5285 5288
f 2153 5288 5289 5210
f 5287 5290 5289 5288
f 5291 5292 5289 5290
f 5211 5210 5289 5292
f 5211 5292 5293 5214
f 5291 5294 5293 5292
f 5295 5296 5293 5294
f 5215 5214 5293 5296
f 5215 5296 5297 5218
f 5295 5298 5297 5296
f 5299 5300 5297 5298
f 5301 5302 5297 5300
f 5219 5218 5297 5302
g exterior
f 5299 5303 5304 5300
f 5305 5306 5304 5303
f 5301 5300 5304 5306
g interior
f 5219 5302 5307 5222
f 5301 5308 5307 5302
f 5223 5222 5307 5308
g exterior
f 5301 5306 5309 5308
f 5305 5310 5309 5306
f 5311 5312 5309 5310
f 5229 5227 5309 5312
f 5223 5308 5309 5227
f 5229 5312 5313 5234
f 5311 5314 5313 5312
f 5315 5316 5313 5314
f 5235 5234 5313 5316
f 5235 5316 5317 5238
f 5315 5318 5317 5316
f 2251 2248 5317 5318
f 2247 5238 5317 2248
f 2180 2179 5319 5244
f 2178 2266 5319 2179
f 2274 5320 5319 2266
f 5245 5244 5319 5320
f 5245 5320 5321 5248
f 2274 2273 5321 5320
f 2272 5322 5321 2273
f 5249 5248 5321 5322
f 5249 5322 5323 5256
f 2272 5324 5323 5322
f 5325 5326 5323 5324
f 5257 5256 5323 5326
g interior
f 5327 5328 5329 5330
f 5263 5262 5329 5328
f 5261 5330 5329 5262
g exterior
f 5257 5326 5331 5266
f 5325 5332 5331 5326
f 5333 5334 5331 5332
f 5327 5330 5331 5334
f 5261 5266 5331 5330
g interior
f 5263 5328 5335 5268
f 5327 5336 5335 5328
f 5337 5338 5335 5336
f 5339 5340 5335 5338
f 5269 5268 5335 5340
g exterior
f 5327 5334 5341 5336
f 5333 5342 5341 5334
f 5337 5336 5341 5342
g interior
f 5269 5340 5343 5272
f 5339 5344 5343 5340
f 5345 5346 5343 5344
f 5273 5272 5343 5346
f 5273 5346 5347 5276
f 5345 5348 5347 5346
f 5349 5350 5347 5348
f 5277 5276 5347 5350
f 5277 5350 5351 5280
f 5349 5352 5351 5350
f 2189 2188 5351 5352
f 2187 5280 5351 2188
f 2245 2244 5353 5282
f 2243 5354 5353 2244
f 5355 5356 5353 5354
f 5283 5282 5353 5356
f 5283 5356 5357 5286
f 5355 5358 5357 5356
f 5359 5360 5357 5358
f 5287 5286 5357 5360
f 5287 5360 5361 5290
f 5359 5362 5361 5360
f 5363 5364 5361 5362
f 5291 5290 5361 5364
f 5291 5364 5365 5294
f 5363 5366 5365 5364
f 5367 5368 5365 5366
f 5369 5370 5365 5368
f 5295 5294 5365 5370
g exterior
f 5367 5371 5372 5368
f 5373 5374 5372 5371
f 5369 5368 5372 5374
g interior
f 5295 5370 5375 5298
f 5369 5376 5375 5370
f 5299 5298 5375 5376
g exterior
f 5369 5374 5377 5376
f 5373 5378 5377 5374
f 5379 5380 5377 5378
f 5305 5303 5377 5380
f 5299 5376 5377 5303
f 5305 5380 5381 5310
f 5379 5382 5381 5380
f 2329 5383 5381 5382
f 5311 5310 5381 5383
f 5311 5383 5384 5314
f 2329 2332 5384 5383
f 2339 5385 5384 2332
f 5315 5314 5384 5385
f 5315 5385 5386 5318
f 2339 2338 5386 5385
f 2253 2252 5386 2338
f 2251 5318 5386 2252
f 2272 2271 5387 5324
f 2270 5388 5387 2271
f 5389 5390 5387 5388
f 5325 5324 5387 5390
f 5325 5390 5391 5332
f 5389 5392 5391 5390
f 5393 5394 5391 5392
f 5333 5332 5391 5394
g interior
f 5395 5396 5397 5398
f 5339 5338 5397 5396
f 5337 5398 5397 5338
g exterior
f 5333 5394 5399 5342
f 5393 5400 5399 5394
f 5401 5402 5399 5400
f 5395 5398 5399 5402
f 5337 5342 5399 5398
g interior
f 5339 5396 5403 5344
f 5395 5404 5403 5396
f 5405 5406 5403 5404
f 5345 5344 5403 5406
g exterior
f 5395 5402 5407 5404
f 5401 5408 5407 5402
f 5409 5410 5407 5408
f 5405 5404 5407 5410
g interior
f 5345 5406 5411 5348
f 5405 5412 5411 5406
f 5413 5414 5411 5412
f 5415 5416 5411 5414
f 5349 5348 5411 5416
g exterior
f 5405 5410 5417 5412
f 5409 5418 5417 5410
f 5413 5412 5417 5418
g interior
f 5349 5416 5419 5352
f 5415 5420 5419 5416
f 5421 5422 5419 5420
f 2189 5352 5419 5422
f 2189 5422 5423 2190
f 5421 5424 5423 5422
f 5425 5426 5423 5424
f 2191 2190 5423 5426
f 2191 5426 5427 2192
f 5425 5428 5427 5426
f 5429 5430 5427 5428
f 2193 2192 5427 5430
f 2193 5430 5431 2196
f 5429 5432 5431 5430
f 5433 5434 5431 5432
f 2197 2196 5431 5434
f 2197 5434 5435 2198
f 5433 5436 5435 5434
f 2277 2275 5435 5436
f 2199 2198 5435 2275
f 2231 2328 5437 2234
f 2327 5438 5437 2328
f 5439 5440 5437 5438
f 2235 2234 5437 5440
f 2235 5440 5441 2236
f 5439 5442 5441 5440
f 5443 5444 5441 5442
f 2237 2236 5441 5444
f 2237 5444 5445 2240
f 5443 5446 5445 5444
f 5447 5448 5445 5446
f 2241 2240 5445 5448
f 2241 5448 5449 2242
f 5447 5450 5449 5448
f 5451 5452 5449 5450
f 2243 2242 5449 5452
f 2243 5452 5453 5354
f 5451 5454 5453 5452
f 5455 5456 5453 5454
f 5355 5354 5453 5456
f 5355 5456 5457 5358
f 5455 5458 5457 5456
f 5459 5460 5457 5458
f 5461 5462 5457 5460
f 5359 5358 5457 5462
g exterior
f 5459 5463 5464 5460
f 5465 5466 5464 5463
f 5461 5460 5464 5466
g interior
f 5359 5462 5467 5362
f 5461 5468 5467 5462
f 5469 5470 5467 5468
f 5363 5362 5467 5470
g exterior
f 5461 5466 5471 5468
f 5465 5472 5471 5466
f 5473 5474 5471 5472
f 5469 5468 5471 5474
g interior
f 5363 5470 5475 5366
f 5469 5476 5475 5470
f 5367 5366 5475 5476
g exterior
f 5469 5474 5477 5476
f 5473 5478 5477 5474
f 5479 5480 5477 5478
f 5373 5371 5477 5480
f 5367 5476 5477 5371
f 5373 5480 5481 5378
f 5479 5482 5481 5480
f 5483 5484 5481 5482
f 5379 5378 5481 5484
f 5379 5484 5485 5382
f 5483 5486 5485 5484
f 2333 2330 5485 5486
f 2329 5382 5485 2330
f 2270 2269 5487 5388
f 2268 2348 5487 2269
f 2354 5488 5487 2348
f 5389 5388 5487 5488
f 5389 5488 5489 5392
f 2354 2353 5489 5488
f 2352 5490 5489 2353
f 5393 5392 5489 5490
f 5393 5490 5491 5400
f 2352 2356 5491 5490
f 2364 5492 5491 2356
f 5401 5400 5491 5492
f 5401 5492 5493 5408
f 2364 2363 5493 5492
f 2362 5494 5493 2363
f 5409 5408 5493 5494
g interior
f 5495 5496 5497 5498
f 5415 5414 5497 5496
f 5413 5498 5497 5414
g exterior
f 5409 5494 5499 5418
f 2362 5500 5499 5494
f 5501 5502 5499 5500
f 5495 5498 5499 5502
f 5413 5418 5499 5498
g interior
f 5415 5496 5503 5420
f 5495 5504 5503 5496
f 5505 5506 5503 5504
f 5421 5420 5503 5506
g exterior
f 5495 5502 5507 5504
f 5501 5508 5507 5502
f 5509 5510 5507 5508
f 5505 5504 5507 5510
g interior
f 5421 5506 5511 5424
f 5505 5512 5511 5506
f 5513 5514 5511 5512
f 5515 5516 5511 5514
f 5425 5424 5511 5516
g exterior
f 5505 5510 5517 5512
f 5509 5518 5517 5510
f 5513 5512 5517 5518
g interior
f 5425 5516 5519 5428
f 5515 5520 5519 5516
f 5521 5522 5519 5520
f 5429 5428 5519 5522
f 5429 5522 5523 5432
f 5521 5524 5523 5522
f 5525 5526 5523 5524
f 5433 5432 5523 5526
f 5433 5526 5527 5436
f 5525 5528 5527 5526
f 2279 2278 5527 5528
f 2277 5436 5527 2278
f 2327 2326 5529 5438
f 2325 5530 5529 2326
f 5531 5532 5529 5530
f 5439 5438 5529 5532
f 5439 5532 5533 5442
f 5531 5534 5533 5532
f 5535 5536 5533 5534
f 5443 5442 5533 5536
f 5443 5536 5537 5446
f 5535 5538 5537 5536
f 5539 5540 5537 5538
f 5447 5446 5537 5540
f 5447 5540 5541 5450
f 5539 5542 5541 5540
f 5543 5544 5541 5542
f 5545 5546 5541 5544
f 5451 5450 5541 5546
g exterior
f 5543 5547 5548 5544
f 5549 5550 5548 5547
f 5545 5544 5548 5550
g interior
f 5451 5546 5551 5454
f 5545 5552 5551 5546
f 5553 5554 5551 5552
f 5455 5454 5551 5554
g exterior
f 5545 5550 5555 5552
f 5549 5556 5555 5550
f 5557 5558 5555 5556
f 5553 5552 5555 5558
g interior
f 5455 5554 5559 5458
f 5553 5560 5559 5554
f 5459 5458 5559 5560
g exterior
f 5553 5558 5561 5560
f 5557 5562 5561 5558
f 2365 5563 5561 5562
f 5465 5463 5561 5563
f 5459 5560 5561 5463
f 5465 5563 5564 5472
f 2365 2368 5564 5563
f 2377 5565 5564 2368
f 5473 5472 5564 5565
f 5473 5565 5566 5478
f 2377 2376 5566 5565
f 2375 5567 5566 2376
f 5479 5478 5566 5567
f 5479 5567 5568 5482
f 2375 2379 5568 5567
f 2384 5569 5568 2379
f 5483 5482 5568 5569
f 5483 5569 5570 5486
f 2384 2383 5570 5569
f 2335 2334 5570 2383
f 2333 5486 5570 2334
f 2362 2361 5571 5500
f 2360 5572 5571 2361
f 5573 5574 5571 5572
f 5501 5500 5571 5574
f 5501 5574 5575 5508
f 5573 5576 5575 5574
f 5577 5578 5575 5576
f 5509 5508 5575 5578
g interior
f 5579 5580 5581 5582
f 5515 5514 5581 5580
f 5513 5582 5581 5514
g exterior
f 5509 5578 5583 5518
f 5577 5584 5583 5578
f 5585 5586 5583 5584
f 5579 5582 5583 5586
f 5513 5518 5583 5582
g interior
f 5515 5580 5587 5520
f 5579 5588 5587 5580
f 5589 5590 5587 5588
f 5521 5520 5587 5590
g exterior
f 5579 5586 5591 5588
f 5585 5592 5591 5586
f 5593 5594 5591 5592
f 5589 5588 5591 5594
g interior
f 5521 5590 5595 5524
f 5589 5596 5595 5590
f 5597 5598 5595 5596
f 5599 5600 5595 5598
f 5525 5524 5595 5600
g exterior
f 5589 5594 5601 5596
f 5593 5602 5601 5594
f 5597 5596 5601 5602
g interior
f 5525 5600 5603 5528
f 5599 5604 5603 5600
f 5605 5606 5603 5604
f 2279 5528 5603 5606
f 2279 5606 5607 2280
f 5605 5608 5607 5606
f 5609 5610 5607 5608
f 2281 2280 5607 5610
f 2281 5610 5611 2282
f 5609 5612 5611 5610
f 5613 5614 5611 5612
f 2283 2282 5611 5614
f 2283 5614 5615 2286
f 5613 5616 5615 5614
f 5617 5618 5615 5616
f 2287 2286 5615 5618
f 2287 5618 5619 2288
f 5617 5620 5619 5618
f 5621 5622 5619 5620
f 2289 2288 5619 5622
f 2289 5622 5623 2292
f 5621 5624 5623 5622
f 5625 5626 5623 5624
f 2293 2292 5623 5626
f 2293 5626 5627 2294
f 5625 5628 5627 5626
f 5629 5630 5627 5628
f 2295 2294 5627 5630
f 2295 5630 5631 2298
f 5629 5632 5631 5630
f 5633 5634 5631 5632
f 2299 2298 5631 5634
f 2299 5634 5635 2300
f 5633 5636 5635 5634
f 5637 5638 5635 5636
f 2301 2300 5635 5638
f 2301 5638 5639 2304
f 5637 5640 5639 5638
f 5641 5642 5639 5640
f 2305 2304 5639 5642
f 2305 5642 5643 2306
f 5641 5644 5643 5642
f 5645 5646 5643 5644
f 2307 2306 5643 5646
f 2307 5646 5647 2310
f 5645 5648 5647 5646
f 5649 5650 5647 5648
f 2311 2310 5647 5650
f 2311 5650 5651 2312
f 5649 5652 5651 5650
f 5653 5654 5651 5652
f 2313 2312 5651 5654
f 2313 5654 5655 2316
f 5653 5656 5655 5654
f 5657 5658 5655 5656
f 2317 2316 5655 5658
f 2317 5658 5659 2318
f 5657 5660 5659 5658
f 5661 5662 5659 5660
f 2319 2318 5659 5662
f 2319 5662 5663 2322
f 5661 5664 5663 5662
f 5665 5666 5663 5664
f 2323 2322 5663 5666
f 2323 5666 5667 2324
f 5665 5668 5667 5666
f 5669 5670 5667 5668
f 2325 2324 5667 5670
f 2325 5670 5671 5530
f 5669 5672 5671 5670
f 5673 5674 5671 5672
f 5531 5530 5671 5674
f 5531 5674 5675 5534
f 5673 5676 5675 5674
f 5677 5678 5675 5676
f 5679 5680 5675 5678
f 5535 5534 5675 5680
g exterior
f 5677 5681 5682 5678
f 5683 5684 5682 5681
f 5679 5678 5682 5684
g interior
f 5535 5680 5685 5538
f 5679 5686 5685 5680
f 5687 5688 5685 5686
f 5539 5538 5685 5688
g exterior
f 5679 5684 5689 5686
f 5683 5690 5689 5684
f 5691 5692 5689 5690
f 5687 5686 5689 5692
g interior
f 5539 5688 5693 5542
f 5687 5694 5693 5688
f 5543 5542 5693 5694
g exterior
f 5687 5692 5695 5694
f 5691 5696 5695 5692
f 5697 5698 5695 5696
f 5549 5547 5695 5698
f 5543 5694 5695 5547
f 5549 5698 5699 5556
f 5697 5700 5699 5698
f 5701 5702 5699 5700
f 5557 5556 5699 5702
f 5557 5702 5703 5562
f 5701 5704 5703 5702
f 2369 2366 5703 5704
f 2365 5562 5703 2366
f 2360 2359 5705 5572
f 2358 2394 5705 2359
f 2398 5706 5705 2394
f 5573 5572 5705 5706
f 5573 5706 5707 5576
f 2398 2397 5707 5706
f 2396 5708 5707 2397
f 5577 5576 5707 5708
f 5577 5708 5709 5584
f 2396 2400 5709 5708
f 2408 5710 5709 2400
f 5585 5584 5709 5710
f 5585 5710 5711 5592
f 2408 2407 5711 5710
f 2406 5712 5711 2407
f 5593 5592 5711 5712
g interior
f 5713 5714 5715 5716
f 5599 5598 5715 5714
f 5597 5716 5715 5598
g exterior
f 5593 5712 5717 5602
f 2406 5718 5717 5712
f 5719 5720 5717 5718
f 5713 5716 5717 5720
f 5597 5602 5717 5716
g interior
f 5599 5714 5721 5604
f 5713 5722 5721 5714
f 5723 5724 5721 5722
f 5605 5604 5721 5724
g exterior
f 5713 5720 5725 5722
f 5719 5726 5725 5720
f 5727 5728 5725 5726
f 5723 5722 5725 5728
g interior
f 5605 5724 5729 5608
f 5723 5730 5729 5724
f 5731 5732 5729 5730
f 5609 5608 5729 5732
g exterior
f 5723 5728 5733 5730
f 5727 5734 5733 5728
f 5735 5736 5733 5734
f 5731 5730 5733 5736
g interior
f 5609 5732 5737 5612
f 5731 5738 5737 5732
f 5739 5740 5737 5738
f 5613 5612 5737 5740
g exterior
f 5731 5736 5741 5738
f 5735 5742 5741 5736
f 5743 5744 5741 5742
f 5739 5738 5741 5744
g interior
f 5613 5740 5745 5616
f 5739 5746 5745 5740
f 5747 5748 5745 5746
f 5749 5750 5745 5748
f 5617 5616 5745 5750
g exterior
f 5739 5744 5751 5746
f 5743 5752 5751 5744
f 5747 5746 5751 5752
g interior
f 5617 5750 5753 5620
f 5749 5754 5753 5750
f 5755 5756 5753 5754
f 5621 5620 5753 5756
f 5621 5756 5757 5624
f 5755 5758 5757 5756
f 5759 5760 5757 5758
f 5625 5624 5757 5760
f 5625 5760 5761 5628
f 5759 5762 5761 5760
f 5763 5764 5761 5762
f 5629 5628 5761 5764
f 5629 5764 5765 5632
f 5763 5766 5765 5764
f 5767 5768 5765 5766
f 5633 5632 5765 5768
f 5633 5768 5769 5636
f 5767 5770 5769 5768
f 5771 5772 5769 5770
f 5637 5636 5769 5772
f 5637 5772 5773 5640
f 5771 5774 5773 5772
f 5775 5776 5773 5774
f 5641 5640 5773 5776
f 5641 5776 5777 5644
f 5775 5778 5777 5776
f 5779 5780 5777 5778
f 5645 5644 5777 5780
f 5645 5780 5781 5648
f 5779 5782 5781 5780
f 5783 5784 5781 5782
f 5649 5648 5781 5784
f 5649 5784 5785 5652
f 5783 5786 5785 5784
f 5787 5788 5785 5786
f 5653 5652 5785 5788
f 5653 5788 5789 5656
f 5787 5790 5789 5788
f 5791 5792 5789 5790
f 5657 5656 5789 5792
f 5657 5792 5793 5660
f 5791 5794 5793 5792
f 5795 5796 5793 5794
f 5797 5798 5793 5796
f 5661 5660 5793 5798
g exterior
f 5795 5799 5800 5796
f 5801 5802 5800 5799
f 5797 5796 5800 5802
g interior
f 5661 5798 5803 5664
f 5797 5804 5803 5798
f 5805 5806 5803 5804
f 5665 5664 5803 5806
g exterior
f 5797 5802 5807 5804
f 5801 5808 5807 5802
f 5809 5810 5807 5808
f 5805 5804 5807 5810
g interior
f 5665 5806 5811 5668
f 5805 5812 5811 5806
f 5813 5814 5811 5812
f 5669 5668 5811 5814
g exterior
f 5805 5810 5815 5812
f 5809 5816 5815 5810
f 5817 5818 5815 5816
f 5813 5812 5815 5818
g interior
f 5669 5814 5819 5672
f 5813 5820 5819 5814
f 5821 5822 5819 5820
f 5673 5672 5819 5822
g exterior
f 5813 5818 5823 5820
f 5817 5824 5823 5818
f 5825 5826 5823 5824
f 5821 5820 5823 5826
g interior
f 5673 5822 5827 5676
f 5821 5828 5827 5822
f 5677 5676 5827 5828
g exterior
f 5821 5826 5829 5828
f 5825 5830 5829 5826
f 2409 5831 5829 5830
f 5683 5681 5829 5831
f 5677 5828 5829 5681
f 5683 5831 5832 5690
f 2409 2412 5832 5831
f 2420 5833 5832 2412
f 5691 5690 5832 5833
f 5691 5833 5834 5696
f 2420 2419 5834 5833
f 2418 5835 5834 2419
f 5697 5696 5834 5835
f 5697 5835 5836 5700
f 2418 2422 5836 5835
f 2425 5837 5836 2422
f 5701 5700 5836 5837
f 5701 5837 5838 5704
f 2425 2424 5838 5837
f 2371 2370 5838 2424
f 2369 5704 5838 2370
f 2406 2405 5839 5718
f 2404 5840 5839 2405
f 5841 5842 5839 5840
f 5719 5718 5839 5842
f 5719 5842 5843 5726
f 5841 5844 5843 5842
f 5845 5846 5843 5844
f 5727 5726 5843 5846
f 5727 5846 5847 5734
f 5845 5848 5847 5846
f 5849 5850 5847 5848
f 5735 5734 5847 5850
f 5735 5850 5851 5742
f 5849 5852 5851 5850
f 5853 5854 5851 5852
f 5743 5742 5851 5854
g interior
f 5855 5856 5857 5858
f 5749 5748 5857 5856
f 5747 5858 5857 5748
g exterior
f 5743 5854 5859 5752
f 5853 5860 5859 5854
f 5861 5862 5859 5860
f 5855 5858 5859 5862
f 5747 5752 5859 5858
g interior
f 5749 5856 5863 5754
f 5855 5864 5863 5856
f 5865 5866 5863 5864
f 5755 5754 5863 5866
g exterior
f 5855 5862 5867 5864
f 5861 5868 5867 5862
f 5869 5870 5867 5868
f 5865 5864 5867 5870
g interior
f 5755 5866 5871 5758
f 5865 5872 5871 5866
f 5873 5874 5871 5872
f 5759 5758 5871 5874
g exterior
f 5865 5870 5875 5872
f 5869 5876 5875 5870
f 5877 5878 5875 5876
f 5873 5872 5875 5878
g interior
f 5759 5874 5879 5762
f 5873 5880 5879 5874
f 5881 5882 5879 5880
f 5763 5762 5879 5882
g exterior
f 5873 5878 5883 5880
f 5877 5884 5883 5878
f 5885 5886 5883 5884
f 5881 5880 5883 5886
g interior
f 5763 5882 5887 5766
f 5881 5888 5887 5882
f 5889 5890 5887 5888
f 5767 5766 5887 5890
g exterior
f 5881 5886 5891 5888
f 5885 5892 5891 5886
f 5893 5894 5891 5892
f 5889 5888 5891 5894
g interior
f 5767 5890 5895 5770
f 5889 5896 5895 5890
f 5897 5898 5895 5896
f 5771 5770 5895 5898
g exterior
f 5889 5894 5899 5896
f 5893 5900 5899 5894
f 5901 5902 5899 5900
f 5897 5896 5899 5902
g interior
f 5771 5898 5903 5774
f 5897 5904 5903 5898
f 5905 5906 5903 5904
f 5775 5774 5903 5906
g exterior
f 5897 5902 5907 5904
f 5901 5908 5907 5902
f 5909 5910 5907 5908
f 5905 5904 5907 5910
g interior
f 5775 5906 5911 5778
f 5905 5912 5911 5906
f 5913 5914 5911 5912
f 5779 5778 5911 5914
g exterior
f 5905 5910 5915 5912
f 5909 5916 5915 5910
f 5917 5918 5915 5916
f 5913 5912 5915 5918
g interior
f 5779 5914 5919 5782
f 5913 5920 5919 5914
f 5921 5922 5919 5920
f 5783 5782 5919 5922
g exterior
f 5913 5918 5923 5920
f 5917 5924 5923 5918
f 5925 5926 5923 5924
f 5921 5920 5923 5926
g interior
f 5783 5922 5927 5786
f 5921 5928 5927 5922
f 5929 5930 5927 5928
f 5787 5786 5927 5930
g exterior
f 5921 5926 5931 5928
f 5925 5932 5931 5926
f 5933 5934 5931 5932
f 5929 5928 5931 5934
g interior
f 5787 5930 5935 5790
f 5929 5936 5935 5930
f 5937 5938 5935 5936
f 5791 5790 5935 5938
g exterior
f 5929 5934 5939 5936
f 5933 5940 5939 5934
f 5941 5942 5939 5940
f 5937 5936 5939 5942
g interior
f 5791 5938 5943 5794
f 5937 5944 5943 5938
f 5795 5794 5943 5944
g exterior
f 5937 5942 5945 5944
f 5941 5946 5945 5942
f 5947 5948 5945 5946
f 5801 5799 5945 5948
f 5795 5944 5945 5799
f 5801 5948 5949 5808
f 5947 5950 5949 5948
f 5951 5952 5949 5950
f 5809 5808 5949 5952
f 5809 5952 5953 5816
f 5951 5954 5953 5952
f 5955 5956 5953 5954
f 5817 5816 5953 5956
f 5817 5956 5957 5824
f 5955 5958 5957 5956
f 5959 5960 5957 5958
f 5825 5824 5957 5960
f 5825 5960 5961 5830
f 5959 5962 5961 5960
f 2413 2410 5961 5962
f 2409 5830 5961 2410
f 2404 2403 5963 5840
f 2402 2436 5963 2403
f 2442 5964 5963 2436
f 5841 5840 5963 5964
f 5841 5964 5965 5844
f 2442 2441 5965 5964
f 2440 5966 5965 2441
f 5845 5844 5965 5966
f 5845 5966 5967 5848
f 2440 2444 5967 5966
f 2450 5968 5967 2444
f 5849 5848 5967 5968
f 5849 5968 5969 5852
f 2450 2449 5969 5968
f 2448 5970 5969 2449
f 5853 5852 5969 5970
f 5853 5970 5971 5860
f 2448 2452 5971 5970
f 2458 5972 5971 2452
f 5861 5860 5971 5972
f 5861 5972 5973 5868
f 2458 2457 5973 5972
f 2456 5974 5973 2457
f 5869 5868 5973 5974
f 5869 5974 5975 5876
f 2456 2460 5975 5974
f 2466 5976 5975 2460
f 5877 5876 5975 5976
f 5877 5976 5977 5884
f 2466 2465 5977 5976
f 2464 5978 5977 2465
f 5885 5884 5977 5978
f 5885 5978 5979 5892
f 2464 2468 5979 5978
f 2474 5980 5979 2468
f 5893 5892 5979 5980
f 5893 5980 5981 5900
f 2474 2473 5981 5980
f 2472 5982 5981 2473
f 5901 5900 5981 5982
f 5901 5982 5983 5908
f 2472 2476 5983 5982
f 2482 5984 5983 2476
f 5909 5908 5983 5984
f 5909 5984 5985 5916
f 2482 2481 5985 5984
f 2480 5986 5985 2481
f 5917 5916 5985 5986
f 5917 5986 5987 5924
f 2480 2484 5987 5986
f 2490 5988 5987 2484
f 5925 5924 5987 5988
f 5925 5988 5989 5932
f 2490 2489 5989 5988
f 2488 5990 5989 2489
f 5933 5932 5989 5990
f 5933 5990 5991 5940
f 2488 2492 5991 5990
f 2498 5992 5991 2492
f 5941 5940 5991 5992
f 5941 5992 5993 5946
f 2498 2497 5993 5992
f 2496 5994 5993 2497
f 5947 5946 5993 5994
f 5947 5994 5995 5950
f 2496 2500 5995 5994
f 2506 5996 5995 2500
f 5951 5950 5995 5996
f 5951 5996 5997 5954
f 2506 2505 5997 5996
f 2504 5998 5997 2505
f 5955 5954 5997 5998
f 5955 5998 5999 5958
f 2504 2508 5999 5998
f 2513 6000 5999 2508
f 5959 5958 5999 6000
f 5959 6000 6001 5962
f 2513 2512 6001 6000
f 2415 2414 6001 2512
f 2413 5962 6001 2414
