# vtk DataFile Version 3.0
all-quad mesh
ASCII
DATASET UNSTRUCTURED_GRID
POINTS 9554 float
0.5833 0.92745 0
0.732875 0.92745 0
0.732875 1.077025 0
0.5833 1.077025 0
0.88245 0.92745 0
0.88245 1.077025 0
0.88245 1.2266 0
0.732875 1.2266 0
0.5833 1.2266 0
0.88245 0.6283 0
1.032025 0.6283 0
1.032025 0.777875 0
0.88245 0.777875 0
1.1816 0.6283 0
1.1816 0.777875 0
1.1816 0.92745 0
1.032025 0.92745 0
1.032025 1.077025 0
1.1816 1.2266 0
-1.2116 -1.1666 0
-1.062025 -1.1666 0
-1.062025 -1.017025 0
-1.2116 -1.017025 0
-1.1368125 -0.9422375 0
-1.2116 -0.9422375 0
-1.062025 -0.86745 0
-1.1368125 -0.86745 0
-1.2116 -0.86745 0
-1.2116 0.179575 0
-1.1368125 0.179575 0
-1.1368125 0.2543625 0
-1.2116 0.32915 0
-1.062025 0.179575 0
-1.062025 0.2543625 0
-1.062025 0.32915 0
-1.062025 0.478725 0
-1.2116 0.478725 0
-1.062025 0.6283 0
-1.2116 0.6283 0
-1.062025 0.777875 0
-1.2116 0.777875 0
-1.062025 0.92745 0
-1.2116 0.92745 0
-1.062025 1.077025 0
-1.2116 1.077025 0
-1.062025 1.2266 0
-1.2116 1.2266 0
-0.91245 -1.1666 0
-0.91245 -1.017025 0
-0.91245 -0.9422375 0
-0.9872375 -0.9422375 0
-0.91245 -0.86745 0
-0.9872375 -0.86745 0
-0.9872375 0.179575 0
-0.9872375 0.2543625 0
-0.91245 0.179575 0
-0.91245 0.2543625 0
-0.91245 0.32915 0
-0.9872375 0.32915 0
-0.9872375 0.4039375 0
-0.91245 0.4039375 0
-0.91245 0.478725 0
-0.91245 0.5535125 0
-0.9872375 0.5535125 0
-0.91245 0.6283 0
-0.9872375 0.6283 0
-0.9872375 0.7030875 0
-0.91245 0.7030875 0
-0.91245 0.777875 0
-0.91245 0.8526625 0
-0.9872375 0.8526625 0
-0.91245 0.92745 0
-0.9872375 0.92745 0
-0.9872375 1.0022375 0
-0.91245 1.0022375 0
-0.91245 1.077025 0
-0.91245 1.2266 0
-0.762875 -1.1666 0
-0.762875 -1.0918125 0
-0.8376625 -1.0918125 0
-0.762875 -1.017025 0
-0.8376625 -1.017025 0
-0.8376625 0.92745 0
-0.8376625 1.0022375 0
-0.762875 0.92745 0
-0.762875 1.077025 0
-0.762875 1.2266 0
-0.6133 -1.1666 0
-0.6880875 -1.0918125 0
-0.6133 -1.017025 0
-0.6880875 -1.017025 0
-0.762875 -0.418725 0
-0.6880875 -0.418725 0
-0.6880875 -0.3439375 0
-0.762875 -0.3439375 0
-0.6133 -0.418725 0
-0.6133 -0.3439375 0
-0.6133 -0.26915 0
-0.6880875 -0.26915 0
-0.762875 -0.26915 0
-0.6880875 0.92745 0
-0.6880875 1.0022375 0
-0.6133 0.92745 0
-0.6133 1.0022375 0
-0.6133 1.077025 0
-0.6133 1.2266 0
-0.463725 -1.1666 0
-0.463725 -1.0918125 0
-0.5385125 -1.0918125 0
-0.463725 -1.017025 0
-0.5385125 -1.017025 0
-0.6133 -0.5683 0
-0.5385125 -0.5683 0
-0.5385125 -0.4935125 0
-0.6133 -0.4935125 0
-0.463725 -0.5683 0
-0.463725 -0.418725 0
-0.5385125 -0.3439375 0
-0.463725 -0.26915 0
-0.5385125 -0.26915 0
-0.5385125 -0.1943625 0
-0.6133 -0.1943625 0
-0.463725 -0.1943625 0
-0.463725 -0.119575 0
-0.5385125 -0.119575 0
-0.6133 -0.119575 0
-0.5385125 0.92745 0
-0.5385125 1.0022375 0
-0.463725 0.92745 0
-0.463725 1.077025 0
-0.463725 1.2266 0
-0.31415 -1.1666 0
-0.3889375 -1.0918125 0
-0.31415 -1.017025 0
-0.3889375 -1.017025 0
-0.3889375 -0.5683 0
-0.3889375 -0.4935125 0
-0.31415 -0.5683 0
-0.31415 -0.4935125 0
-0.31415 -0.418725 0
-0.31415 -0.26915 0
-0.3889375 -0.1943625 0
-0.31415 -0.119575 0
-0.3889375 -0.119575 0
-0.3889375 0.92745 0
-0.3889375 1.0022375 0
-0.31415 0.92745 0
-0.31415 1.0022375 0
-0.31415 1.077025 0
-0.31415 1.2266 0
-0.164575 -1.1666 0
-0.164575 -1.0918125 0
-0.2393625 -1.0918125 0
-0.164575 -1.017025 0
-0.2393625 -1.017025 0
-0.2393625 -0.418725 0
-0.2393625 -0.3439375 0
-0.164575 -0.418725 0
-0.164575 -0.3439375 0
-0.164575 -0.26915 0
-0.164575 -0.119575 0
-0.2393625 -0.0447875 0
-0.31415 -0.0447875 0
-0.164575 0.03 0
-0.2393625 0.03 0
-0.31415 0.03 0
-0.2393625 0.1047875 0
-0.31415 0.1047875 0
-0.164575 0.1047875 0
-0.164575 0.179575 0
-0.2393625 0.179575 0
-0.31415 0.179575 0
-0.31415 0.777875 0
-0.2393625 0.777875 0
-0.2393625 0.8526625 0
-0.31415 0.8526625 0
-0.164575 0.777875 0
-0.164575 0.8526625 0
-0.164575 0.92745 0
-0.2393625 0.92745 0
-0.2393625 1.0022375 0
-0.164575 1.0022375 0
-0.164575 1.077025 0
-0.2393625 1.077025 0
-0.2393625 1.1518125 0
-0.164575 1.1518125 0
-0.164575 1.2266 0
-0.015 -1.1666 0
-0.0897875 -1.0918125 0
-0.015 -1.017025 0
-0.0897875 -1.017025 0
-0.0897875 -0.418725 0
-0.0897875 -0.3439375 0
-0.015 -0.418725 0
-0.015 -0.26915 0
-0.015 -0.119575 0
-0.015 0.03 0
-0.0897875 0.1047875 0
-0.015 0.179575 0
-0.0897875 0.179575 0
-0.0897875 1.077025 0
-0.0897875 1.1518125 0
-0.015 1.077025 0
-0.015 1.2266 0
0.134575 -1.1666 0
0.134575 -1.0918125 0
0.0597875 -1.0918125 0
0.134575 -1.017025 0
0.0597875 -1.017025 0
0.0597875 -0.418725 0
0.0597875 -0.3439375 0
0.134575 -0.418725 0
0.134575 -0.3439375 0
0.134575 -0.26915 0
0.134575 -0.119575 0
0.134575 0.03 0
0.134575 0.1047875 0
0.0597875 0.1047875 0
0.134575 0.179575 0
0.0597875 0.179575 0
0.0597875 0.2543625 0
-0.015 0.2543625 0
0.134575 0.2543625 0
0.134575 0.32915 0
0.0597875 0.32915 0
-0.015 0.32915 0
0.0597875 1.077025 0
0.0597875 1.1518125 0
0.134575 1.077025 0
0.134575 1.1518125 0
0.134575 1.2266 0
0.28415 -1.1666 0
0.2093625 -1.0918125 0
0.28415 -1.017025 0
0.2093625 -1.017025 0
0.2093625 -0.9422375 0
0.134575 -0.9422375 0
0.28415 -0.9422375 0
0.28415 -0.86745 0
0.2093625 -0.86745 0
0.134575 -0.86745 0
0.2093625 -0.418725 0
0.2093625 -0.3439375 0
0.28415 -0.418725 0
0.28415 -0.26915 0
0.28415 -0.119575 0
0.28415 -0.0447875 0
0.2093625 -0.0447875 0
0.28415 0.03 0
0.2093625 0.03 0
0.2093625 0.1047875 0
0.28415 0.1047875 0
0.28415 0.179575 0
0.2093625 0.179575 0
0.2093625 1.077025 0
0.2093625 1.1518125 0
0.28415 1.077025 0
0.28415 1.2266 0
0.433725 -1.1666 0
0.433725 -1.017025 0
0.3589375 -0.9422375 0
0.433725 -0.86745 0
0.3589375 -0.86745 0
0.3589375 -0.418725 0
0.3589375 -0.3439375 0
0.433725 -0.418725 0
0.433725 -0.3439375 0
0.433725 -0.26915 0
0.433725 -0.1943625 0
0.3589375 -0.1943625 0
0.433725 -0.119575 0
0.3589375 -0.119575 0
0.3589375 -0.0447875 0
0.433725 -0.0447875 0
0.433725 0.03 0
0.3589375 0.03 0
0.3589375 1.077025 0
0.3589375 1.1518125 0
0.433725 1.077025 0
0.433725 1.1518125 0
0.433725 1.2266 0
0.5833 -1.1666 0
0.5833 -1.017025 0
0.5833 -0.9422375 0
0.5085125 -0.9422375 0
0.5833 -0.86745 0
0.5085125 -0.86745 0
0.433725 0.6283 0
0.5085125 0.6283 0
0.5085125 0.7030875 0
0.433725 0.7030875 0
0.5833 0.6283 0
0.5833 0.7030875 0
0.5833 0.777875 0
0.5085125 0.777875 0
0.433725 0.777875 0
0.5085125 0.8526625 0
0.433725 0.8526625 0
0.433725 0.92745 0
0.5085125 1.0022375 0
0.433725 1.0022375 0
0.5085125 1.077025 0
0.5085125 1.1518125 0
0.732875 -1.1666 0
0.732875 -1.017025 0
0.6580875 -0.9422375 0
0.732875 -0.86745 0
0.6580875 -0.86745 0
0.5833 0.478725 0
0.6580875 0.478725 0
0.6580875 0.5535125 0
0.5833 0.5535125 0
0.732875 0.478725 0
0.732875 0.5535125 0
0.732875 0.6283 0
0.6580875 0.6283 0
0.6580875 0.7030875 0
0.732875 0.777875 0
0.88245 -1.1666 0
0.88245 -1.017025 0
0.88245 -0.9422375 0
0.8076625 -0.9422375 0
0.88245 -0.86745 0
0.8076625 -0.86745 0
0.8076625 0.478725 0
0.8076625 0.5535125 0
0.88245 0.478725 0
1.032025 -1.1666 0
1.032025 -1.017025 0
0.9572375 -0.9422375 0
1.032025 -0.86745 0
0.9572375 -0.86745 0
0.9572375 0.478725 0
0.9572375 0.5535125 0
1.032025 0.478725 0
1.032025 0.5535125 0
1.1816 -1.1666 0
1.1816 -1.017025 0
1.1816 -0.86745 0
1.1068125 -0.7926625 0
1.032025 -0.7926625 0
1.1816 -0.717875 0
1.1068125 -0.717875 0
1.032025 -0.717875 0
1.1068125 -0.6430875 0
1.032025 -0.6430875 0
1.1816 -0.5683 0
1.032025 -0.5683 0
1.1068125 -0.4935125 0
1.032025 -0.4935125 0
1.1816 -0.418725 0
1.1068125 -0.418725 0
1.032025 -0.418725 0
1.1068125 -0.3439375 0
1.032025 -0.3439375 0
1.1816 -0.26915 0
1.032025 -0.26915 0
1.1068125 -0.1943625 0
1.032025 -0.1943625 0
1.1816 -0.119575 0
1.1068125 -0.119575 0
1.032025 -0.119575 0
1.1068125 -0.0447875 0
1.032025 -0.0447875 0
1.1816 -0.0447875 0
1.1816 0.03 0
1.1068125 0.03 0
1.032025 0.03 0
1.1068125 0.478725 0
1.1068125 0.5535125 0
1.1816 0.478725 0
-1.1368125 -0.7926625 0
-1.2116 -0.7926625 0
-1.1368125 -0.717875 0
-1.2116 -0.717875 0
-1.1368125 -0.6430875 0
-1.2116 -0.6430875 0
-1.1368125 -0.5683 0
-1.2116 -0.5683 0
-1.1368125 -0.4935125 0
-1.2116 -0.4935125 0
-1.1368125 -0.418725 0
-1.2116 -0.418725 0
-1.1368125 -0.3439375 0
-1.2116 -0.3439375 0
-1.1368125 -0.26915 0
-1.2116 -0.26915 0
-1.1368125 -0.1943625 0
-1.2116 -0.1943625 0
-1.1368125 -0.119575 0
-1.2116 -0.119575 0
-1.1368125 -0.0447875 0
-1.2116 -0.0447875 0
-1.1368125 0.03 0
-1.2116 0.03 0
-1.1368125 0.1047875 0
-1.2116 0.1047875 0
-1.062025 -0.7926625 0
-1.062025 -0.75526875 0
-1.09941875 -0.75526875 0
-1.062025 -0.717875 0
-1.09941875 -0.717875 0
-1.09941875 -0.68048125 0
-1.062025 -0.68048125 0
-1.062025 -0.6430875 0
-1.062025 -0.60569375 0
-1.09941875 -0.60569375 0
-1.062025 -0.5683 0
-1.09941875 -0.5683 0
-1.09941875 -0.53090625 0
-1.062025 -0.53090625 0
-1.062025 -0.4935125 0
-1.062025 -0.45611875 0
-1.09941875 -0.45611875 0
-1.062025 -0.418725 0
-1.09941875 -0.418725 0
-1.09941875 -0.38133125 0
-1.062025 -0.38133125 0
-1.062025 -0.3439375 0
-1.062025 -0.30654375 0
-1.09941875 -0.30654375 0
-1.062025 -0.26915 0
-1.09941875 -0.26915 0
-1.09941875 -0.23175625 0
-1.062025 -0.23175625 0
-1.062025 -0.1943625 0
-1.062025 -0.15696875 0
-1.09941875 -0.15696875 0
-1.062025 -0.119575 0
-1.09941875 -0.119575 0
-1.09941875 -0.08218125 0
-1.062025 -0.08218125 0
-1.062025 -0.0447875 0
-1.062025 -0.00739375 0
-1.09941875 -0.00739375 0
-1.062025 0.03 0
-1.09941875 0.03 0
-1.09941875 0.06739375 0
-1.062025 0.06739375 0
-1.062025 0.1047875 0
-0.9872375 -0.83005625 0
-1.02463125 -0.83005625 0
-0.9872375 -0.7926625 0
-1.02463125 -0.7926625 0
-1.02463125 -0.75526875 0
-0.9872375 -0.75526875 0
-0.9872375 -0.717875 0
-1.02463125 -0.717875 0
-1.02463125 0.03 0
-1.02463125 0.06739375 0
-0.9872375 0.03 0
-0.9872375 0.1047875 0
-0.94984375 -0.83005625 0
-0.91245 -0.7926625 0
-0.94984375 -0.7926625 0
-0.94984375 0.03 0
-0.94984375 0.06739375 0
-0.91245 0.03 0
-0.91245 0.06739375 0
-0.91245 0.1047875 0
-0.8376625 -0.9422375 0
-0.8376625 -0.86745 0
-0.8376625 -0.83005625 0
-0.87505625 -0.83005625 0
-0.8376625 -0.7926625 0
-0.87505625 -0.7926625 0
-0.87505625 0.1047875 0
-0.87505625 0.14218125 0
-0.8376625 0.1047875 0
-0.8376625 0.14218125 0
-0.8376625 0.179575 0
-0.8376625 0.2543625 0
-0.8376625 0.32915 0
-0.8376625 0.4039375 0
-0.8376625 0.478725 0
-0.8376625 0.51611875 0
-0.87505625 0.51611875 0
-0.8376625 0.5535125 0
-0.87505625 0.5535125 0
-0.87505625 0.59090625 0
-0.8376625 0.59090625 0
-0.8376625 0.6283 0
-0.8376625 0.66569375 0
-0.87505625 0.66569375 0
-0.8376625 0.7030875 0
-0.87505625 0.7030875 0
-0.87505625 0.74048125 0
-0.8376625 0.74048125 0
-0.8376625 0.777875 0
-0.8376625 0.81526875 0
-0.87505625 0.81526875 0
-0.8376625 0.8526625 0
-0.87505625 0.8526625 0
-0.87505625 0.89005625 0
-0.8376625 0.89005625 0
-0.762875 -0.9422375 0
-0.762875 -0.90484375 0
-0.80026875 -0.90484375 0
-0.762875 -0.86745 0
-0.80026875 -0.86745 0
-0.80026875 -0.83005625 0
-0.762875 -0.83005625 0
-0.762875 -0.7926625 0
-0.80026875 -0.7926625 0
-0.8376625 -0.5683 0
-0.80026875 -0.5683 0
-0.80026875 -0.53090625 0
-0.8376625 -0.53090625 0
-0.762875 -0.5683 0
-0.762875 -0.53090625 0
-0.762875 -0.4935125 0
-0.80026875 -0.4935125 0
-0.8376625 -0.4935125 0
-0.80026875 -0.45611875 0
-0.8376625 -0.45611875 0
-0.8376625 -0.418725 0
-0.80026875 -0.38133125 0
-0.8376625 -0.38133125 0
-0.80026875 -0.3439375 0
-0.8376625 -0.3439375 0
-0.80026875 -0.30654375 0
-0.8376625 -0.30654375 0
-0.8376625 -0.26915 0
-0.80026875 -0.23175625 0
-0.8376625 -0.23175625 0
-0.762875 -0.1943625 0
-0.80026875 -0.1943625 0
-0.8376625 -0.1943625 0
-0.80026875 0.1047875 0
-0.80026875 0.14218125 0
-0.762875 0.1047875 0
-0.762875 0.14218125 0
-0.762875 0.179575 0
-0.80026875 0.179575 0
-0.80026875 0.21696875 0
-0.762875 0.21696875 0
-0.762875 0.2543625 0
-0.762875 0.29175625 0
-0.80026875 0.29175625 0
-0.762875 0.32915 0
-0.80026875 0.32915 0
-0.80026875 0.36654375 0
-0.762875 0.36654375 0
-0.762875 0.4039375 0
-0.762875 0.44133125 0
-0.80026875 0.44133125 0
-0.762875 0.478725 0
-0.80026875 0.478725 0
-0.80026875 0.51611875 0
-0.762875 0.51611875 0
-0.762875 0.5535125 0
-0.80026875 0.5535125 0
-0.80026875 0.8526625 0
-0.80026875 0.89005625 0
-0.762875 0.8526625 0
-0.6880875 -0.9422375 0
-0.72548125 -0.90484375 0
-0.6880875 -0.86745 0
-0.72548125 -0.86745 0
-0.72548125 -0.5683 0
-0.72548125 -0.53090625 0
-0.6880875 -0.5683 0
-0.6880875 -0.4935125 0
-0.6880875 -0.1943625 0
-0.72548125 -0.15696875 0
-0.762875 -0.15696875 0
-0.6880875 -0.119575 0
-0.72548125 -0.119575 0
-0.762875 -0.119575 0
-0.72548125 0.179575 0
-0.72548125 0.21696875 0
-0.6880875 0.179575 0
-0.6880875 0.21696875 0
-0.6880875 0.2543625 0
-0.72548125 0.2543625 0
-0.72548125 0.8526625 0
-0.72548125 0.89005625 0
-0.6880875 0.8526625 0
-0.6880875 0.89005625 0
-0.6133 -0.9422375 0
-0.6133 -0.90484375 0
-0.65069375 -0.90484375 0
-0.6133 -0.86745 0
-0.65069375 -0.86745 0
-0.6880875 -0.6430875 0
-0.65069375 -0.6430875 0
-0.65069375 -0.60569375 0
-0.6880875 -0.60569375 0
-0.6133 -0.6430875 0
-0.65069375 -0.08218125 0
-0.6880875 -0.08218125 0
-0.6133 -0.0447875 0
-0.65069375 -0.0447875 0
-0.6880875 -0.0447875 0
-0.65069375 0.8526625 0
-0.65069375 0.89005625 0
-0.6133 0.8526625 0
-0.5385125 -0.9422375 0
-0.57590625 -0.90484375 0
-0.5385125 -0.86745 0
-0.57590625 -0.86745 0
-0.57590625 -0.6430875 0
-0.57590625 -0.60569375 0
-0.5385125 -0.6430875 0
-0.5385125 -0.60569375 0
-0.5385125 -0.08218125 0
-0.57590625 -0.08218125 0
-0.5385125 -0.0447875 0
-0.57590625 -0.0447875 0
-0.6133 0.777875 0
-0.57590625 0.777875 0
-0.57590625 0.81526875 0
-0.6133 0.81526875 0
-0.5385125 0.777875 0
-0.5385125 0.8526625 0
-0.463725 -0.9422375 0
-0.463725 -0.90484375 0
-0.50111875 -0.90484375 0
-0.463725 -0.86745 0
-0.50111875 -0.86745 0
-0.50111875 -0.6430875 0
-0.50111875 -0.60569375 0
-0.463725 -0.6430875 0
-0.50111875 -0.08218125 0
-0.463725 -0.0447875 0
-0.50111875 -0.0447875 0
-0.50111875 -0.00739375 0
-0.5385125 -0.00739375 0
-0.463725 -0.00739375 0
-0.463725 0.03 0
-0.50111875 0.03 0
-0.5385125 0.03 0
-0.5385125 0.2543625 0
-0.50111875 0.2543625 0
-0.50111875 0.29175625 0
-0.5385125 0.29175625 0
-0.463725 0.2543625 0
-0.463725 0.32915 0
-0.5385125 0.32915 0
-0.50111875 0.36654375 0
-0.5385125 0.36654375 0
-0.463725 0.4039375 0
-0.50111875 0.4039375 0
-0.5385125 0.4039375 0
-0.50111875 0.44133125 0
-0.5385125 0.44133125 0
-0.463725 0.44133125 0
-0.463725 0.478725 0
-0.50111875 0.478725 0
-0.5385125 0.478725 0
-0.50111875 0.777875 0
-0.50111875 0.81526875 0
-0.463725 0.777875 0
-0.463725 0.81526875 0
-0.463725 0.8526625 0
-0.3889375 -0.97963125 0
-0.42633125 -0.97963125 0
-0.3889375 -0.9422375 0
-0.42633125 -0.9422375 0
-0.42633125 -0.6430875 0
-0.42633125 -0.60569375 0
-0.3889375 -0.6430875 0
-0.3889375 -0.60569375 0
-0.3889375 -0.0447875 0
-0.42633125 -0.00739375 0
-0.3889375 0.03 0
-0.42633125 0.03 0
-0.42633125 0.06739375 0
-0.463725 0.06739375 0
-0.3889375 0.1047875 0
-0.463725 0.1047875 0
-0.42633125 0.14218125 0
-0.463725 0.14218125 0
-0.3889375 0.179575 0
-0.42633125 0.179575 0
-0.463725 0.179575 0
-0.42633125 0.21696875 0
-0.463725 0.21696875 0
-0.3889375 0.2543625 0
-0.3889375 0.32915 0
-0.3889375 0.36654375 0
-0.42633125 0.36654375 0
-0.3889375 0.4039375 0
-0.42633125 0.4039375 0
-0.463725 0.7030875 0
-0.42633125 0.7030875 0
-0.42633125 0.74048125 0
-0.463725 0.74048125 0
-0.3889375 0.7030875 0
-0.3889375 0.74048125 0
-0.3889375 0.777875 0
-0.42633125 0.777875 0
-0.42633125 0.81526875 0
-0.3889375 0.8526625 0
-0.35154375 -0.97963125 0
-0.31415 -0.9422375 0
-0.35154375 -0.9422375 0
-0.3889375 -0.717875 0
-0.35154375 -0.717875 0
-0.35154375 -0.68048125 0
-0.3889375 -0.68048125 0
-0.31415 -0.717875 0
-0.31415 -0.68048125 0
-0.31415 -0.6430875 0
-0.35154375 -0.6430875 0
-0.35154375 -0.60569375 0
-0.31415 0.2543625 0
-0.31415 0.29175625 0
-0.35154375 0.29175625 0
-0.31415 0.32915 0
-0.35154375 0.32915 0
-0.35154375 0.36654375 0
-0.31415 0.36654375 0
-0.31415 0.4039375 0
-0.35154375 0.4039375 0
-0.35154375 0.7030875 0
-0.35154375 0.74048125 0
-0.31415 0.7030875 0
-0.2393625 -0.97963125 0
-0.27675625 -0.97963125 0
-0.2393625 -0.9422375 0
-0.27675625 -0.9422375 0
-0.27675625 -0.6430875 0
-0.27675625 -0.60569375 0
-0.2393625 -0.6430875 0
-0.2393625 -0.60569375 0
-0.2393625 -0.5683 0
-0.2393625 -0.4935125 0
-0.2393625 0.2543625 0
-0.27675625 0.29175625 0
-0.2393625 0.32915 0
-0.27675625 0.32915 0
-0.31415 0.6283 0
-0.27675625 0.6283 0
-0.27675625 0.66569375 0
-0.31415 0.66569375 0
-0.2393625 0.6283 0
-0.2393625 0.7030875 0
-0.20196875 -0.97963125 0
-0.164575 -0.9422375 0
-0.20196875 -0.9422375 0
-0.20196875 -0.90484375 0
-0.2393625 -0.90484375 0
-0.164575 -0.90484375 0
-0.164575 -0.86745 0
-0.20196875 -0.86745 0
-0.2393625 -0.86745 0
-0.20196875 -0.6430875 0
-0.20196875 -0.60569375 0
-0.164575 -0.6430875 0
-0.164575 -0.60569375 0
-0.164575 -0.5683 0
-0.20196875 -0.5683 0
-0.20196875 -0.53090625 0
-0.164575 -0.53090625 0
-0.164575 -0.4935125 0
-0.164575 0.2543625 0
-0.164575 0.29175625 0
-0.20196875 0.29175625 0
-0.164575 0.32915 0
-0.20196875 0.32915 0
-0.20196875 0.6283 0
-0.20196875 0.66569375 0
-0.164575 0.6283 0
-0.164575 0.66569375 0
-0.164575 0.7030875 0
-0.0897875 -0.9422375 0
-0.12718125 -0.90484375 0
-0.0897875 -0.86745 0
-0.12718125 -0.86745 0
-0.12718125 -0.5683 0
-0.12718125 -0.53090625 0
-0.0897875 -0.5683 0
-0.0897875 -0.4935125 0
-0.0897875 0.2543625 0
-0.12718125 0.29175625 0
-0.0897875 0.32915 0
-0.12718125 0.32915 0
-0.12718125 0.7030875 0
-0.12718125 0.74048125 0
-0.0897875 0.7030875 0
-0.0897875 0.74048125 0
-0.0897875 0.777875 0
-0.0897875 0.8526625 0
-0.0897875 0.92745 0
-0.0897875 1.0022375 0
-0.015 -0.9422375 0
-0.015 -0.90484375 0
-0.05239375 -0.90484375 0
-0.015 -0.86745 0
-0.05239375 -0.86745 0
-0.05239375 -0.5683 0
-0.05239375 -0.53090625 0
-0.015 -0.5683 0
-0.015 -0.53090625 0
-0.015 -0.4935125 0
-0.05239375 0.36654375 0
-0.0897875 0.36654375 0
-0.015 0.4039375 0
-0.05239375 0.4039375 0
-0.0897875 0.4039375 0
-0.05239375 0.777875 0
-0.05239375 0.81526875 0
-0.015 0.777875 0
-0.015 0.81526875 0
-0.015 0.8526625 0
-0.015 0.89005625 0
-0.05239375 0.89005625 0
-0.015 0.92745 0
-0.05239375 0.92745 0
-0.05239375 0.96484375 0
-0.015 0.96484375 0
-0.015 1.0022375 0
0.0597875 -0.9422375 0
0.02239375 -0.90484375 0
0.0597875 -0.86745 0
0.02239375 -0.86745 0
0.02239375 -0.83005625 0
-0.015 -0.83005625 0
0.0597875 -0.83005625 0
0.0597875 -0.7926625 0
0.02239375 -0.7926625 0
-0.015 -0.7926625 0
0.02239375 -0.5683 0
0.02239375 -0.53090625 0
0.0597875 -0.5683 0
0.0597875 -0.53090625 0
0.0597875 -0.4935125 0
0.02239375 -0.4935125 0
0.02239375 -0.45611875 0
0.0597875 -0.45611875 0
0.0597875 0.4039375 0
0.02239375 0.44133125 0
-0.015 0.44133125 0
0.0597875 0.478725 0
0.02239375 0.478725 0
-0.015 0.478725 0
0.02239375 0.92745 0
0.02239375 0.96484375 0
0.0597875 0.92745 0
0.0597875 0.96484375 0
0.0597875 1.0022375 0
0.02239375 1.0022375 0
0.02239375 1.03963125 0
0.0597875 1.03963125 0
0.09718125 -0.83005625 0
0.134575 -0.7926625 0
0.09718125 -0.7926625 0
0.09718125 -0.4935125 0
0.09718125 -0.45611875 0
0.134575 -0.4935125 0
0.134575 0.4039375 0
0.134575 0.44133125 0
0.09718125 0.44133125 0
0.134575 0.478725 0
0.09718125 0.478725 0
0.09718125 0.51611875 0
0.0597875 0.51611875 0
0.134575 0.51611875 0
0.134575 0.5535125 0
0.09718125 0.5535125 0
0.0597875 0.5535125 0
0.09718125 1.0022375 0
0.09718125 1.03963125 0
0.134575 1.0022375 0
0.2093625 -0.7926625 0
0.17196875 -0.75526875 0
0.134575 -0.75526875 0
0.2093625 -0.717875 0
0.17196875 -0.717875 0
0.134575 -0.717875 0
0.17196875 -0.4935125 0
0.17196875 -0.45611875 0
0.2093625 -0.4935125 0
0.2093625 -0.45611875 0
0.2093625 0.21696875 0
0.17196875 0.21696875 0
0.2093625 0.2543625 0
0.17196875 0.2543625 0
0.17196875 0.29175625 0
0.2093625 0.29175625 0
0.2093625 0.32915 0
0.2093625 0.36654375 0
0.17196875 0.36654375 0
0.2093625 0.4039375 0
0.17196875 0.4039375 0
0.17196875 0.44133125 0
0.2093625 0.44133125 0
0.2093625 0.478725 0
0.17196875 0.478725 0
0.17196875 1.0022375 0
0.17196875 1.03963125 0
0.2093625 1.0022375 0
0.2093625 1.03963125 0
0.28415 -0.7926625 0
0.28415 -0.75526875 0
0.24675625 -0.75526875 0
0.28415 -0.717875 0
0.24675625 -0.717875 0
0.24675625 -0.4935125 0
0.24675625 -0.45611875 0
0.28415 -0.4935125 0
0.24675625 0.21696875 0
0.28415 0.2543625 0
0.24675625 0.2543625 0
0.24675625 1.0022375 0
0.24675625 1.03963125 0
0.28415 1.0022375 0
0.3589375 -0.83005625 0
0.32154375 -0.83005625 0
0.3589375 -0.7926625 0
0.32154375 -0.7926625 0
0.32154375 -0.75526875 0
0.3589375 -0.75526875 0
0.3589375 -0.717875 0
0.32154375 -0.717875 0
0.28415 -0.5683 0
0.32154375 -0.5683 0
0.32154375 -0.53090625 0
0.28415 -0.53090625 0
0.3589375 -0.5683 0
0.3589375 -0.4935125 0
0.3589375 0.1047875 0
0.3589375 0.179575 0
0.3589375 0.21696875 0
0.32154375 0.21696875 0
0.3589375 0.2543625 0
0.32154375 0.2543625 0
0.28415 0.777875 0
0.32154375 0.777875 0
0.32154375 0.81526875 0
0.28415 0.81526875 0
0.3589375 0.777875 0
0.3589375 0.8526625 0
0.28415 0.8526625 0
0.32154375 0.89005625 0
0.28415 0.89005625 0
0.3589375 0.92745 0
0.32154375 0.92745 0
0.28415 0.92745 0
0.32154375 0.96484375 0
0.28415 0.96484375 0
0.3589375 1.0022375 0
0.39633125 -0.83005625 0
0.433725 -0.7926625 0
0.39633125 -0.7926625 0
0.39633125 -0.5683 0
0.39633125 -0.53090625 0
0.433725 -0.5683 0
0.433725 -0.53090625 0
0.433725 -0.4935125 0
0.433725 0.1047875 0
0.433725 0.14218125 0
0.39633125 0.14218125 0
0.433725 0.179575 0
0.39633125 0.179575 0
0.3589375 0.5535125 0
0.39633125 0.5535125 0
0.39633125 0.59090625 0
0.3589375 0.59090625 0
0.433725 0.5535125 0
0.3589375 0.6283 0
0.39633125 0.66569375 0
0.3589375 0.66569375 0
0.39633125 0.7030875 0
0.3589375 0.7030875 0
0.39633125 0.74048125 0
0.3589375 0.74048125 0
0.5085125 -0.83005625 0
0.47111875 -0.83005625 0
0.5085125 -0.7926625 0
0.47111875 -0.7926625 0
0.47111875 -0.5683 0
0.47111875 -0.53090625 0
0.5085125 -0.5683 0
0.5085125 -0.4935125 0
0.5085125 -0.418725 0
0.5085125 -0.38133125 0
0.47111875 -0.38133125 0
0.5085125 -0.3439375 0
0.47111875 -0.3439375 0
0.47111875 -0.30654375 0
0.5085125 -0.30654375 0
0.5085125 -0.26915 0
0.5085125 -0.23175625 0
0.47111875 -0.23175625 0
0.5085125 -0.1943625 0
0.47111875 -0.1943625 0
0.47111875 -0.15696875 0
0.5085125 -0.15696875 0
0.5085125 -0.119575 0
0.5085125 -0.08218125 0
0.47111875 -0.08218125 0
0.5085125 -0.0447875 0
0.47111875 -0.0447875 0
0.47111875 -0.00739375 0
0.5085125 -0.00739375 0
0.5085125 0.03 0
0.5085125 0.1047875 0
0.47111875 0.14218125 0
0.5085125 0.179575 0
0.47111875 0.179575 0
0.433725 0.4039375 0
0.47111875 0.4039375 0
0.47111875 0.44133125 0
0.433725 0.44133125 0
0.5085125 0.4039375 0
0.5085125 0.44133125 0
0.5085125 0.478725 0
0.47111875 0.478725 0
0.433725 0.478725 0
0.47111875 0.51611875 0
0.433725 0.51611875 0
0.5085125 0.5535125 0
0.54590625 -0.83005625 0
0.5833 -0.7926625 0
0.54590625 -0.7926625 0
0.54590625 -0.5683 0
0.54590625 -0.53090625 0
0.5833 -0.5683 0
0.5833 -0.53090625 0
0.5833 -0.4935125 0
0.5833 -0.45611875 0
0.54590625 -0.45611875 0
0.5833 -0.418725 0
0.54590625 -0.418725 0
0.54590625 -0.38133125 0
0.5833 -0.38133125 0
0.5833 -0.3439375 0
0.54590625 -0.3439375 0
0.54590625 -0.0447875 0
0.54590625 -0.00739375 0
0.5833 -0.0447875 0
0.5833 -0.00739375 0
0.5833 0.03 0
0.54590625 0.03 0
0.54590625 0.06739375 0
0.5833 0.06739375 0
0.5833 0.1047875 0
0.5833 0.14218125 0
0.54590625 0.14218125 0
0.5833 0.179575 0
0.54590625 0.179575 0
0.54590625 0.4039375 0
0.54590625 0.44133125 0
0.5833 0.4039375 0
0.6580875 -0.83005625 0
0.62069375 -0.83005625 0
0.6580875 -0.7926625 0
0.62069375 -0.7926625 0
0.62069375 -0.5683 0
0.62069375 -0.53090625 0
0.6580875 -0.5683 0
0.6580875 -0.53090625 0
0.6580875 -0.4935125 0
0.62069375 -0.4935125 0
0.62069375 0.03 0
0.62069375 0.06739375 0
0.6580875 0.03 0
0.6580875 0.06739375 0
0.6580875 0.1047875 0
0.62069375 0.1047875 0
0.62069375 0.14218125 0
0.6580875 0.14218125 0
0.6580875 0.179575 0
0.62069375 0.179575 0
0.62069375 0.4039375 0
0.62069375 0.44133125 0
0.6580875 0.4039375 0
0.6580875 0.44133125 0
0.69548125 -0.83005625 0
0.732875 -0.7926625 0
0.69548125 -0.7926625 0
0.69548125 0.1047875 0
0.69548125 0.14218125 0
0.732875 0.1047875 0
0.732875 0.14218125 0
0.732875 0.179575 0
0.69548125 0.179575 0
0.69548125 0.4039375 0
0.69548125 0.44133125 0
0.732875 0.4039375 0
0.8076625 -0.83005625 0
0.77026875 -0.83005625 0
0.8076625 -0.7926625 0
0.77026875 -0.7926625 0
0.732875 -0.26915 0
0.77026875 -0.26915 0
0.77026875 -0.23175625 0
0.732875 -0.23175625 0
0.8076625 -0.26915 0
0.8076625 -0.23175625 0
0.8076625 -0.1943625 0
0.77026875 -0.1943625 0
0.732875 -0.1943625 0
0.77026875 0.4039375 0
0.77026875 0.44133125 0
0.8076625 0.4039375 0
0.8076625 0.44133125 0
0.84505625 -0.83005625 0
0.88245 -0.7926625 0
0.84505625 -0.7926625 0
0.8076625 -0.418725 0
0.84505625 -0.418725 0
0.84505625 -0.38133125 0
0.8076625 -0.38133125 0
0.88245 -0.418725 0
0.88245 -0.38133125 0
0.88245 -0.3439375 0
0.84505625 -0.3439375 0
0.8076625 -0.3439375 0
0.84505625 -0.30654375 0
0.8076625 -0.30654375 0
0.88245 -0.26915 0
0.84505625 -0.23175625 0
0.88245 -0.1943625 0
0.84505625 -0.1943625 0
0.84505625 -0.15696875 0
0.8076625 -0.15696875 0
0.88245 -0.15696875 0
0.88245 -0.119575 0
0.84505625 -0.119575 0
0.8076625 -0.119575 0
0.8076625 0.32915 0
0.84505625 0.32915 0
0.84505625 0.36654375 0
0.8076625 0.36654375 0
0.88245 0.32915 0
0.88245 0.36654375 0
0.88245 0.4039375 0
0.84505625 0.4039375 0
0.84505625 0.44133125 0
0.9572375 -0.7926625 0
0.91984375 -0.75526875 0
0.88245 -0.75526875 0
0.9572375 -0.717875 0
0.91984375 -0.717875 0
0.88245 -0.717875 0
0.91984375 -0.68048125 0
0.88245 -0.68048125 0
0.9572375 -0.6430875 0
0.88245 -0.6430875 0
0.91984375 -0.60569375 0
0.88245 -0.60569375 0
0.9572375 -0.5683 0
0.91984375 -0.5683 0
0.88245 -0.5683 0
0.91984375 -0.53090625 0
0.88245 -0.53090625 0
0.9572375 -0.4935125 0
0.88245 -0.4935125 0
0.91984375 -0.45611875 0
0.88245 -0.45611875 0
0.9572375 -0.418725 0
0.91984375 -0.418725 0
0.91984375 -0.38133125 0
0.9572375 -0.3439375 0
0.9572375 -0.26915 0
0.9572375 -0.1943625 0
0.91984375 -0.15696875 0
0.9572375 -0.119575 0
0.91984375 -0.119575 0
0.91984375 -0.08218125 0
0.88245 -0.08218125 0
0.9572375 -0.08218125 0
0.9572375 -0.0447875 0
0.91984375 -0.0447875 0
0.88245 -0.0447875 0
0.91984375 0.32915 0
0.91984375 0.36654375 0
0.9572375 0.32915 0
0.9572375 0.4039375 0
0.99463125 -0.08218125 0
0.99463125 -0.0447875 0
0.99463125 -0.00739375 0
0.9572375 -0.00739375 0
0.9572375 0.03 0
0.99463125 0.06739375 0
0.9572375 0.06739375 0
1.032025 0.1047875 0
0.99463125 0.1047875 0
0.9572375 0.1047875 0
0.99463125 0.32915 0
0.99463125 0.36654375 0
1.032025 0.32915 0
1.032025 0.36654375 0
1.032025 0.4039375 0
1.1068125 0.1047875 0
1.06941875 0.14218125 0
1.032025 0.14218125 0
1.1068125 0.179575 0
1.06941875 0.179575 0
1.032025 0.179575 0
1.06941875 0.21696875 0
1.032025 0.21696875 0
1.1068125 0.2543625 0
1.032025 0.2543625 0
1.06941875 0.29175625 0
1.032025 0.29175625 0
1.1068125 0.32915 0
1.06941875 0.32915 0
1.06941875 0.36654375 0
1.1068125 0.4039375 0
1.1816 0.1047875 0
1.1816 0.179575 0
1.1816 0.2543625 0
1.1816 0.32915 0
1.1816 0.4039375 0
-1.02463125 -0.68048125 0
-1.02463125 -0.6430875 0
-1.02463125 -0.60569375 0
-1.02463125 -0.5683 0
-1.02463125 -0.53090625 0
-1.02463125 -0.4935125 0
-1.02463125 -0.45611875 0
-1.02463125 -0.418725 0
-1.02463125 -0.400028125 0
-1.043328125 -0.400028125 0
-1.02463125 -0.38133125 0
-1.043328125 -0.38133125 0
-1.043328125 -0.362634375 0
-1.02463125 -0.362634375 0
-1.02463125 -0.3439375 0
-1.02463125 -0.325240625 0
-1.043328125 -0.325240625 0
-1.02463125 -0.30654375 0
-1.043328125 -0.30654375 0
-1.043328125 -0.287846875 0
-1.02463125 -0.287846875 0
-1.02463125 -0.26915 0
-1.02463125 -0.250453125 0
-1.043328125 -0.250453125 0
-1.02463125 -0.23175625 0
-1.043328125 -0.23175625 0
-1.043328125 -0.213059375 0
-1.02463125 -0.213059375 0
-1.02463125 -0.1943625 0
-1.02463125 -0.175665625 0
-1.043328125 -0.175665625 0
-1.02463125 -0.15696875 0
-1.043328125 -0.15696875 0
-1.043328125 -0.138271875 0
-1.02463125 -0.138271875 0
-1.02463125 -0.119575 0
-1.02463125 -0.100878125 0
-1.043328125 -0.100878125 0
-1.02463125 -0.08218125 0
-1.043328125 -0.08218125 0
-1.043328125 -0.063484375 0
-1.02463125 -0.063484375 0
-1.02463125 -0.0447875 0
-1.02463125 -0.00739375 0
-0.9872375 -0.68048125 0
-0.9872375 -0.661784375 0
-1.005934375 -0.661784375 0
-0.9872375 -0.6430875 0
-1.005934375 -0.6430875 0
-1.005934375 -0.624390625 0
-0.9872375 -0.624390625 0
-0.9872375 -0.60569375 0
-0.9872375 -0.586996875 0
-1.005934375 -0.586996875 0
-0.9872375 -0.5683 0
-1.005934375 -0.5683 0
-1.005934375 -0.549603125 0
-0.9872375 -0.549603125 0
-0.9872375 -0.53090625 0
-0.9872375 -0.512209375 0
-1.005934375 -0.512209375 0
-0.9872375 -0.4935125 0
-1.005934375 -0.4935125 0
-1.005934375 -0.474815625 0
-0.9872375 -0.474815625 0
-0.9872375 -0.45611875 0
-0.9872375 -0.437421875 0
-1.005934375 -0.437421875 0
-0.9872375 -0.418725 0
-1.005934375 -0.418725 0
-1.005934375 -0.400028125 0
-0.9872375 -0.400028125 0
-0.9872375 -0.38133125 0
-1.005934375 -0.38133125 0
-1.005934375 -0.08218125 0
-1.005934375 -0.063484375 0
-0.9872375 -0.08218125 0
-0.9872375 -0.063484375 0
-0.9872375 -0.0447875 0
-1.005934375 -0.0447875 0
-1.005934375 -0.026090625 0
-0.9872375 -0.026090625 0
-0.9872375 -0.00739375 0
-0.94984375 -0.75526875 0
-0.94984375 -0.717875 0
-0.94984375 -0.699178125 0
-0.968540625 -0.699178125 0
-0.94984375 -0.68048125 0
-0.968540625 -0.68048125 0
-0.968540625 -0.0447875 0
-0.968540625 -0.026090625 0
-0.94984375 -0.0447875 0
-0.94984375 -0.00739375 0
-0.91245 -0.75526875 0
-0.91245 -0.736571875 0
-0.931146875 -0.736571875 0
-0.91245 -0.717875 0
-0.931146875 -0.717875 0
-0.94984375 -0.26915 0
-0.931146875 -0.26915 0
-0.931146875 -0.250453125 0
-0.94984375 -0.250453125 0
-0.91245 -0.26915 0
-0.91245 -0.250453125 0
-0.91245 -0.23175625 0
-0.931146875 -0.23175625 0
-0.94984375 -0.23175625 0
-0.931146875 -0.213059375 0
-0.94984375 -0.213059375 0
-0.91245 -0.1943625 0
-0.94984375 -0.1943625 0
-0.931146875 -0.175665625 0
-0.94984375 -0.175665625 0
-0.91245 -0.15696875 0
-0.931146875 -0.15696875 0
-0.94984375 -0.15696875 0
-0.931146875 -0.0447875 0
-0.931146875 -0.026090625 0
-0.91245 -0.0447875 0
-0.91245 -0.026090625 0
-0.91245 -0.00739375 0
-0.87505625 -0.75526875 0
-0.893753125 -0.736571875 0
-0.87505625 -0.717875 0
-0.893753125 -0.717875 0
-0.91245 -0.60569375 0
-0.893753125 -0.60569375 0
-0.893753125 -0.586996875 0
-0.91245 -0.586996875 0
-0.87505625 -0.60569375 0
-0.87505625 -0.586996875 0
-0.87505625 -0.5683 0
-0.893753125 -0.5683 0
-0.91245 -0.5683 0
-0.893753125 -0.549603125 0
-0.91245 -0.549603125 0
-0.87505625 -0.53090625 0
-0.91245 -0.53090625 0
-0.893753125 -0.512209375 0
-0.91245 -0.512209375 0
-0.87505625 -0.4935125 0
-0.893753125 -0.4935125 0
-0.91245 -0.4935125 0
-0.893753125 -0.474815625 0
-0.91245 -0.474815625 0
-0.87505625 -0.45611875 0
-0.91245 -0.45611875 0
-0.893753125 -0.437421875 0
-0.91245 -0.437421875 0
-0.87505625 -0.418725 0
-0.893753125 -0.418725 0
-0.91245 -0.418725 0
-0.893753125 -0.400028125 0
-0.91245 -0.400028125 0
-0.87505625 -0.38133125 0
-0.91245 -0.38133125 0
-0.893753125 -0.362634375 0
-0.91245 -0.362634375 0
-0.87505625 -0.3439375 0
-0.893753125 -0.3439375 0
-0.91245 -0.3439375 0
-0.893753125 -0.325240625 0
-0.91245 -0.325240625 0
-0.87505625 -0.30654375 0
-0.91245 -0.30654375 0
-0.893753125 -0.287846875 0
-0.91245 -0.287846875 0
-0.87505625 -0.26915 0
-0.893753125 -0.26915 0
-0.893753125 -0.250453125 0
-0.87505625 -0.23175625 0
-0.87505625 -0.1943625 0
-0.87505625 -0.15696875 0
-0.893753125 -0.138271875 0
-0.91245 -0.138271875 0
-0.87505625 -0.119575 0
-0.893753125 -0.119575 0
-0.91245 -0.119575 0
-0.893753125 -0.00739375 0
-0.893753125 0.011303125 0
-0.87505625 -0.00739375 0
-0.87505625 0.011303125 0
-0.87505625 0.03 0
-0.87505625 0.06739375 0
-0.8376625 -0.75526875 0
-0.8376625 -0.736571875 0
-0.856359375 -0.736571875 0
-0.8376625 -0.717875 0
-0.856359375 -0.717875 0
-0.87505625 -0.6430875 0
-0.856359375 -0.6430875 0
-0.856359375 -0.624390625 0
-0.87505625 -0.624390625 0
-0.8376625 -0.6430875 0
-0.8376625 -0.624390625 0
-0.8376625 -0.60569375 0
-0.856359375 -0.60569375 0
-0.856359375 -0.586996875 0
-0.8376625 -0.15696875 0
-0.8376625 -0.138271875 0
-0.856359375 -0.138271875 0
-0.8376625 -0.119575 0
-0.856359375 -0.119575 0
-0.856359375 0.03 0
-0.856359375 0.048696875 0
-0.8376625 0.03 0
-0.8376625 0.048696875 0
-0.8376625 0.06739375 0
-0.80026875 -0.773965625 0
-0.818965625 -0.773965625 0
-0.80026875 -0.75526875 0
-0.818965625 -0.75526875 0
-0.818965625 -0.736571875 0
-0.80026875 -0.736571875 0
-0.80026875 -0.717875 0
-0.818965625 -0.717875 0
-0.818965625 -0.6430875 0
-0.818965625 -0.624390625 0
-0.80026875 -0.6430875 0
-0.80026875 -0.60569375 0
-0.80026875 -0.15696875 0
-0.818965625 -0.138271875 0
-0.80026875 -0.119575 0
-0.818965625 -0.119575 0
-0.818965625 -0.100878125 0
-0.8376625 -0.100878125 0
-0.80026875 -0.100878125 0
-0.80026875 -0.08218125 0
-0.818965625 -0.08218125 0
-0.8376625 -0.08218125 0
-0.818965625 0.03 0
-0.818965625 0.048696875 0
-0.80026875 0.03 0
-0.80026875 0.048696875 0
-0.80026875 0.06739375 0
-0.818965625 0.06739375 0
-0.818965625 0.086090625 0
-0.80026875 0.086090625 0
-0.80026875 0.59090625 0
-0.80026875 0.6283 0
-0.80026875 0.66569375 0
-0.80026875 0.7030875 0
-0.80026875 0.74048125 0
-0.80026875 0.777875 0
-0.80026875 0.81526875 0
-0.781571875 -0.773965625 0
-0.762875 -0.75526875 0
-0.781571875 -0.75526875 0
-0.781571875 -0.6430875 0
-0.781571875 -0.624390625 0
-0.762875 -0.6430875 0
-0.762875 -0.624390625 0
-0.762875 -0.60569375 0
-0.781571875 -0.100878125 0
-0.762875 -0.08218125 0
-0.781571875 -0.08218125 0
-0.781571875 -0.063484375 0
-0.80026875 -0.063484375 0
-0.762875 -0.063484375 0
-0.762875 -0.0447875 0
-0.781571875 -0.0447875 0
-0.80026875 -0.0447875 0
-0.781571875 0.06739375 0
-0.781571875 0.086090625 0
-0.762875 0.06739375 0
-0.762875 0.59090625 0
-0.762875 0.609603125 0
-0.781571875 0.609603125 0
-0.762875 0.6283 0
-0.781571875 0.6283 0
-0.781571875 0.646996875 0
-0.762875 0.646996875 0
-0.762875 0.66569375 0
-0.762875 0.684390625 0
-0.781571875 0.684390625 0
-0.762875 0.7030875 0
-0.781571875 0.7030875 0
-0.781571875 0.721784375 0
-0.762875 0.721784375 0
-0.762875 0.74048125 0
-0.762875 0.759178125 0
-0.781571875 0.759178125 0
-0.762875 0.777875 0
-0.781571875 0.777875 0
-0.781571875 0.796571875 0
-0.762875 0.796571875 0
-0.762875 0.81526875 0
-0.72548125 -0.83005625 0
-0.72548125 -0.7926625 0
-0.72548125 -0.773965625 0
-0.744178125 -0.773965625 0
-0.72548125 -0.75526875 0
-0.744178125 -0.75526875 0
-0.744178125 -0.6430875 0
-0.744178125 -0.624390625 0
-0.72548125 -0.6430875 0
-0.72548125 -0.60569375 0
-0.72548125 -0.08218125 0
-0.744178125 -0.063484375 0
-0.72548125 -0.0447875 0
-0.744178125 -0.0447875 0
-0.744178125 0.06739375 0
-0.744178125 0.086090625 0
-0.72548125 0.06739375 0
-0.72548125 0.086090625 0
-0.72548125 0.1047875 0
-0.72548125 0.14218125 0
-0.72548125 0.29175625 0
-0.72548125 0.32915 0
-0.72548125 0.36654375 0
-0.72548125 0.4039375 0
-0.72548125 0.44133125 0
-0.72548125 0.478725 0
-0.72548125 0.497421875 0
-0.744178125 0.497421875 0
-0.72548125 0.51611875 0
-0.744178125 0.51611875 0
-0.744178125 0.534815625 0
-0.72548125 0.534815625 0
-0.72548125 0.5535125 0
-0.72548125 0.572209375 0
-0.744178125 0.572209375 0
-0.72548125 0.59090625 0
-0.744178125 0.59090625 0
-0.744178125 0.609603125 0
-0.72548125 0.609603125 0
-0.72548125 0.6283 0
-0.744178125 0.6283 0
-0.744178125 0.777875 0
-0.744178125 0.796571875 0
-0.72548125 0.777875 0
-0.72548125 0.81526875 0
-0.6880875 -0.83005625 0
-0.6880875 -0.811359375 0
-0.706784375 -0.811359375 0
-0.6880875 -0.7926625 0
-0.706784375 -0.7926625 0
-0.706784375 -0.773965625 0
-0.6880875 -0.773965625 0
-0.6880875 -0.75526875 0
-0.706784375 -0.75526875 0
-0.72548125 -0.68048125 0
-0.706784375 -0.68048125 0
-0.706784375 -0.661784375 0
-0.72548125 -0.661784375 0
-0.6880875 -0.68048125 0
-0.706784375 -0.026090625 0
-0.72548125 -0.026090625 0
-0.6880875 -0.00739375 0
-0.706784375 -0.00739375 0
-0.72548125 -0.00739375 0
-0.706784375 0.1047875 0
-0.706784375 0.123484375 0
-0.6880875 0.1047875 0
-0.6880875 0.123484375 0
-0.6880875 0.14218125 0
-0.6880875 0.29175625 0
-0.6880875 0.310453125 0
-0.706784375 0.310453125 0
-0.6880875 0.32915 0
-0.706784375 0.32915 0
-0.706784375 0.347846875 0
-0.6880875 0.347846875 0
-0.6880875 0.36654375 0
-0.6880875 0.385240625 0
-0.706784375 0.385240625 0
-0.6880875 0.4039375 0
-0.706784375 0.4039375 0
-0.706784375 0.422634375 0
-0.6880875 0.422634375 0
-0.6880875 0.44133125 0
-0.6880875 0.460028125 0
-0.706784375 0.460028125 0
-0.6880875 0.478725 0
-0.706784375 0.478725 0
-0.706784375 0.777875 0
-0.706784375 0.796571875 0
-0.6880875 0.777875 0
-0.6880875 0.796571875 0
-0.6880875 0.81526875 0
-0.65069375 -0.83005625 0
-0.669390625 -0.811359375 0
-0.65069375 -0.7926625 0
-0.669390625 -0.7926625 0
-0.669390625 -0.68048125 0
-0.669390625 -0.661784375 0
-0.65069375 -0.68048125 0
-0.65069375 -0.661784375 0
-0.65069375 -0.026090625 0
-0.669390625 -0.026090625 0
-0.65069375 -0.00739375 0
-0.669390625 -0.00739375 0
-0.669390625 0.14218125 0
-0.669390625 0.160878125 0
-0.65069375 0.14218125 0
-0.65069375 0.160878125 0
-0.65069375 0.179575 0
-0.65069375 0.198271875 0
-0.669390625 0.198271875 0
-0.65069375 0.21696875 0
-0.669390625 0.21696875 0
-0.669390625 0.235665625 0
-0.65069375 0.235665625 0
-0.65069375 0.2543625 0
-0.65069375 0.273059375 0
-0.669390625 0.273059375 0
-0.65069375 0.29175625 0
-0.669390625 0.29175625 0
-0.669390625 0.310453125 0
-0.65069375 0.310453125 0
-0.65069375 0.32915 0
-0.669390625 0.32915 0
-0.669390625 0.777875 0
-0.669390625 0.796571875 0
-0.65069375 0.777875 0
-0.65069375 0.81526875 0
-0.6133 -0.83005625 0
-0.6133 -0.811359375 0
-0.631996875 -0.811359375 0
-0.6133 -0.7926625 0
-0.631996875 -0.7926625 0
-0.631996875 -0.68048125 0
-0.631996875 -0.661784375 0
-0.6133 -0.68048125 0
-0.631996875 -0.026090625 0
-0.6133 -0.00739375 0
-0.631996875 -0.00739375 0
-0.631996875 0.011303125 0
-0.65069375 0.011303125 0
-0.6133 0.011303125 0
-0.6133 0.03 0
-0.631996875 0.03 0
-0.65069375 0.03 0
-0.65069375 0.5535125 0
-0.631996875 0.5535125 0
-0.631996875 0.572209375 0
-0.65069375 0.572209375 0
-0.6133 0.5535125 0
-0.6133 0.572209375 0
-0.6133 0.59090625 0
-0.631996875 0.59090625 0
-0.65069375 0.59090625 0
-0.631996875 0.609603125 0
-0.65069375 0.609603125 0
-0.6133 0.609603125 0
-0.6133 0.6283 0
-0.631996875 0.6283 0
-0.65069375 0.6283 0
-0.65069375 0.74048125 0
-0.631996875 0.74048125 0
-0.631996875 0.759178125 0
-0.65069375 0.759178125 0
-0.6133 0.74048125 0
-0.57590625 -0.83005625 0
-0.594603125 -0.811359375 0
-0.57590625 -0.7926625 0
-0.594603125 -0.7926625 0
-0.6133 -0.717875 0
-0.594603125 -0.717875 0
-0.594603125 -0.699178125 0
-0.6133 -0.699178125 0
-0.57590625 -0.717875 0
-0.57590625 -0.68048125 0
-0.57590625 -0.00739375 0
-0.594603125 0.011303125 0
-0.57590625 0.03 0
-0.594603125 0.03 0
-0.594603125 0.048696875 0
-0.6133 0.048696875 0
-0.57590625 0.048696875 0
-0.57590625 0.06739375 0
-0.594603125 0.06739375 0
-0.6133 0.06739375 0
-0.6133 0.4039375 0
-0.594603125 0.4039375 0
-0.594603125 0.422634375 0
-0.6133 0.422634375 0
-0.57590625 0.4039375 0
-0.57590625 0.44133125 0
-0.6133 0.44133125 0
-0.594603125 0.460028125 0
-0.6133 0.460028125 0
-0.57590625 0.478725 0
-0.594603125 0.478725 0
-0.6133 0.478725 0
-0.594603125 0.497421875 0
-0.6133 0.497421875 0
-0.57590625 0.51611875 0
-0.6133 0.51611875 0
-0.594603125 0.534815625 0
-0.6133 0.534815625 0
-0.57590625 0.5535125 0
-0.594603125 0.5535125 0
-0.594603125 0.572209375 0
-0.57590625 0.572209375 0
-0.57590625 0.59090625 0
-0.594603125 0.59090625 0
-0.594603125 0.74048125 0
-0.594603125 0.759178125 0
-0.57590625 0.74048125 0
-0.57590625 0.759178125 0
-0.5385125 -0.83005625 0
-0.5385125 -0.811359375 0
-0.557209375 -0.811359375 0
-0.5385125 -0.7926625 0
-0.557209375 -0.7926625 0
-0.557209375 -0.717875 0
-0.557209375 -0.699178125 0
-0.5385125 -0.717875 0
-0.5385125 -0.699178125 0
-0.5385125 -0.68048125 0
-0.557209375 0.048696875 0
-0.5385125 0.06739375 0
-0.557209375 0.06739375 0
-0.57590625 0.21696875 0
-0.557209375 0.21696875 0
-0.557209375 0.235665625 0
-0.57590625 0.235665625 0
-0.5385125 0.21696875 0
-0.57590625 0.2543625 0
-0.557209375 0.273059375 0
-0.57590625 0.273059375 0
-0.557209375 0.29175625 0
-0.57590625 0.29175625 0
-0.557209375 0.310453125 0
-0.57590625 0.310453125 0
-0.57590625 0.32915 0
-0.557209375 0.347846875 0
-0.57590625 0.347846875 0
-0.557209375 0.36654375 0
-0.57590625 0.36654375 0
-0.557209375 0.385240625 0
-0.57590625 0.385240625 0
-0.5385125 0.51611875 0
-0.5385125 0.534815625 0
-0.557209375 0.534815625 0
-0.5385125 0.5535125 0
-0.557209375 0.5535125 0
-0.557209375 0.572209375 0
-0.5385125 0.572209375 0
-0.5385125 0.59090625 0
-0.557209375 0.59090625 0
-0.57590625 0.7030875 0
-0.557209375 0.7030875 0
-0.557209375 0.721784375 0
-0.57590625 0.721784375 0
-0.5385125 0.7030875 0
-0.5385125 0.721784375 0
-0.5385125 0.74048125 0
-0.557209375 0.74048125 0
-0.557209375 0.759178125 0
-0.50111875 -0.848753125 0
-0.519815625 -0.848753125 0
-0.50111875 -0.83005625 0
-0.519815625 -0.83005625 0
-0.519815625 -0.717875 0
-0.519815625 -0.699178125 0
-0.50111875 -0.717875 0
-0.50111875 -0.68048125 0
-0.50111875 0.06739375 0
-0.519815625 0.086090625 0
-0.5385125 0.086090625 0
-0.50111875 0.1047875 0
-0.519815625 0.1047875 0
-0.5385125 0.1047875 0
-0.519815625 0.123484375 0
-0.5385125 0.123484375 0
-0.50111875 0.14218125 0
-0.5385125 0.14218125 0
-0.519815625 0.160878125 0
-0.5385125 0.160878125 0
-0.50111875 0.179575 0
-0.519815625 0.179575 0
-0.5385125 0.179575 0
-0.519815625 0.198271875 0
-0.5385125 0.198271875 0
-0.50111875 0.21696875 0
-0.50111875 0.51611875 0
-0.519815625 0.534815625 0
-0.50111875 0.5535125 0
-0.519815625 0.5535125 0
-0.5385125 0.66569375 0
-0.519815625 0.66569375 0
-0.519815625 0.684390625 0
-0.5385125 0.684390625 0
-0.50111875 0.66569375 0
-0.50111875 0.684390625 0
-0.50111875 0.7030875 0
-0.519815625 0.7030875 0
-0.519815625 0.721784375 0
-0.50111875 0.74048125 0
-0.482421875 -0.848753125 0
-0.463725 -0.83005625 0
-0.482421875 -0.83005625 0
-0.482421875 -0.717875 0
-0.482421875 -0.699178125 0
-0.463725 -0.717875 0
-0.463725 -0.699178125 0
-0.463725 -0.68048125 0
-0.463725 0.51611875 0
-0.463725 0.534815625 0
-0.482421875 0.534815625 0
-0.463725 0.5535125 0
-0.482421875 0.5535125 0
-0.482421875 0.66569375 0
-0.482421875 0.684390625 0
-0.463725 0.66569375 0
-0.42633125 -0.90484375 0
-0.42633125 -0.86745 0
-0.42633125 -0.848753125 0
-0.445028125 -0.848753125 0
-0.42633125 -0.83005625 0
-0.445028125 -0.83005625 0
-0.463725 -0.75526875 0
-0.445028125 -0.75526875 0
-0.445028125 -0.736571875 0
-0.463725 -0.736571875 0
-0.42633125 -0.75526875 0
-0.42633125 -0.736571875 0
-0.42633125 -0.717875 0
-0.445028125 -0.717875 0
-0.445028125 -0.699178125 0
-0.42633125 -0.68048125 0
-0.42633125 0.44133125 0
-0.42633125 0.478725 0
-0.42633125 0.497421875 0
-0.445028125 0.497421875 0
-0.42633125 0.51611875 0
-0.445028125 0.51611875 0
-0.463725 0.6283 0
-0.445028125 0.6283 0
-0.445028125 0.646996875 0
-0.463725 0.646996875 0
-0.42633125 0.6283 0
-0.42633125 0.66569375 0
-0.3889375 -0.90484375 0
-0.3889375 -0.886146875 0
-0.407634375 -0.886146875 0
-0.3889375 -0.86745 0
-0.407634375 -0.86745 0
-0.407634375 -0.75526875 0
-0.407634375 -0.736571875 0
-0.3889375 -0.75526875 0
-0.3889375 0.44133125 0
-0.3889375 0.460028125 0
-0.407634375 0.460028125 0
-0.3889375 0.478725 0
-0.407634375 0.478725 0
-0.407634375 0.6283 0
-0.407634375 0.646996875 0
-0.3889375 0.6283 0
-0.3889375 0.646996875 0
-0.3889375 0.66569375 0
-0.35154375 -0.90484375 0
-0.370240625 -0.886146875 0
-0.35154375 -0.86745 0
-0.370240625 -0.86745 0
-0.370240625 -0.75526875 0
-0.370240625 -0.736571875 0
-0.35154375 -0.75526875 0
-0.35154375 -0.736571875 0
-0.35154375 0.422634375 0
-0.370240625 0.422634375 0
-0.35154375 0.44133125 0
-0.370240625 0.44133125 0
-0.370240625 0.460028125 0
-0.35154375 0.460028125 0
-0.35154375 0.478725 0
-0.370240625 0.478725 0
-0.3889375 0.59090625 0
-0.370240625 0.59090625 0
-0.370240625 0.609603125 0
-0.3889375 0.609603125 0
-0.35154375 0.59090625 0
-0.35154375 0.609603125 0
-0.35154375 0.6283 0
-0.370240625 0.6283 0
-0.370240625 0.646996875 0
-0.35154375 0.66569375 0
-0.31415 -0.90484375 0
-0.31415 -0.886146875 0
-0.332846875 -0.886146875 0
-0.31415 -0.86745 0
-0.332846875 -0.86745 0
-0.332846875 -0.75526875 0
-0.332846875 -0.736571875 0
-0.31415 -0.75526875 0
-0.332846875 0.422634375 0
-0.31415 0.44133125 0
-0.332846875 0.44133125 0
-0.35154375 0.5535125 0
-0.332846875 0.5535125 0
-0.332846875 0.572209375 0
-0.35154375 0.572209375 0
-0.31415 0.5535125 0
-0.31415 0.572209375 0
-0.31415 0.59090625 0
-0.332846875 0.59090625 0
-0.332846875 0.609603125 0
-0.27675625 -0.90484375 0
-0.295453125 -0.886146875 0
-0.27675625 -0.86745 0
-0.295453125 -0.86745 0
-0.295453125 -0.75526875 0
-0.295453125 -0.736571875 0
-0.27675625 -0.75526875 0
-0.27675625 -0.736571875 0
-0.27675625 -0.717875 0
-0.27675625 -0.68048125 0
-0.27675625 0.36654375 0
-0.27675625 0.4039375 0
-0.27675625 0.422634375 0
-0.295453125 0.422634375 0
-0.27675625 0.44133125 0
-0.295453125 0.44133125 0
-0.295453125 0.5535125 0
-0.295453125 0.572209375 0
-0.27675625 0.5535125 0
-0.27675625 0.59090625 0
-0.258059375 -0.848753125 0
-0.27675625 -0.848753125 0
-0.2393625 -0.83005625 0
-0.258059375 -0.83005625 0
-0.27675625 -0.83005625 0
-0.258059375 -0.717875 0
-0.258059375 -0.699178125 0
-0.2393625 -0.717875 0
-0.2393625 -0.699178125 0
-0.2393625 -0.68048125 0
-0.2393625 0.36654375 0
-0.2393625 0.385240625 0
-0.258059375 0.385240625 0
-0.2393625 0.4039375 0
-0.258059375 0.4039375 0
-0.27675625 0.51611875 0
-0.258059375 0.51611875 0
-0.258059375 0.534815625 0
-0.27675625 0.534815625 0
-0.2393625 0.51611875 0
-0.2393625 0.5535125 0
-0.2393625 0.59090625 0
-0.20196875 -0.848753125 0
-0.220665625 -0.848753125 0
-0.20196875 -0.83005625 0
-0.220665625 -0.83005625 0
-0.220665625 -0.717875 0
-0.220665625 -0.699178125 0
-0.20196875 -0.717875 0
-0.20196875 -0.68048125 0
-0.20196875 0.347846875 0
-0.220665625 0.347846875 0
-0.20196875 0.36654375 0
-0.220665625 0.36654375 0
-0.220665625 0.51611875 0
-0.220665625 0.534815625 0
-0.20196875 0.51611875 0
-0.20196875 0.534815625 0
-0.20196875 0.5535125 0
-0.20196875 0.59090625 0
-0.183271875 -0.848753125 0
-0.164575 -0.83005625 0
-0.183271875 -0.83005625 0
-0.183271875 -0.811359375 0
-0.20196875 -0.811359375 0
-0.164575 -0.811359375 0
-0.164575 -0.7926625 0
-0.183271875 -0.7926625 0
-0.20196875 -0.7926625 0
-0.183271875 -0.717875 0
-0.183271875 -0.699178125 0
-0.164575 -0.717875 0
-0.164575 -0.699178125 0
-0.164575 -0.68048125 0
-0.183271875 0.347846875 0
-0.164575 0.36654375 0
-0.183271875 0.36654375 0
-0.183271875 0.51611875 0
-0.183271875 0.534815625 0
-0.164575 0.51611875 0
-0.164575 0.534815625 0
-0.164575 0.5535125 0
-0.183271875 0.5535125 0
-0.183271875 0.572209375 0
-0.164575 0.572209375 0
-0.164575 0.59090625 0
-0.12718125 -0.83005625 0
-0.145878125 -0.811359375 0
-0.12718125 -0.7926625 0
-0.145878125 -0.7926625 0
-0.145878125 -0.68048125 0
-0.145878125 -0.661784375 0
-0.12718125 -0.68048125 0
-0.12718125 -0.661784375 0
-0.12718125 -0.6430875 0
-0.12718125 -0.60569375 0
-0.12718125 0.347846875 0
-0.145878125 0.347846875 0
-0.12718125 0.36654375 0
-0.145878125 0.36654375 0
-0.145878125 0.5535125 0
-0.145878125 0.572209375 0
-0.12718125 0.5535125 0
-0.12718125 0.572209375 0
-0.12718125 0.59090625 0
-0.145878125 0.59090625 0
-0.145878125 0.609603125 0
-0.12718125 0.609603125 0
-0.12718125 0.6283 0
-0.12718125 0.66569375 0
-0.0897875 -0.83005625 0
-0.0897875 -0.811359375 0
-0.108484375 -0.811359375 0
-0.0897875 -0.7926625 0
-0.108484375 -0.7926625 0
-0.108484375 -0.68048125 0
-0.108484375 -0.661784375 0
-0.0897875 -0.68048125 0
-0.0897875 -0.661784375 0
-0.0897875 -0.6430875 0
-0.108484375 -0.6430875 0
-0.108484375 -0.624390625 0
-0.0897875 -0.624390625 0
-0.0897875 -0.60569375 0
-0.108484375 0.347846875 0
-0.108484375 0.36654375 0
-0.108484375 0.385240625 0
-0.12718125 0.385240625 0
-0.12718125 0.4039375 0
-0.108484375 0.422634375 0
-0.12718125 0.422634375 0
-0.0897875 0.44133125 0
-0.108484375 0.44133125 0
-0.12718125 0.44133125 0
-0.108484375 0.59090625 0
-0.108484375 0.609603125 0
-0.0897875 0.59090625 0
-0.0897875 0.609603125 0
-0.0897875 0.6283 0
-0.108484375 0.6283 0
-0.108484375 0.646996875 0
-0.0897875 0.646996875 0
-0.0897875 0.66569375 0
-0.05239375 -0.83005625 0
-0.071090625 -0.811359375 0
-0.05239375 -0.7926625 0
-0.071090625 -0.7926625 0
-0.071090625 -0.773965625 0
-0.0897875 -0.773965625 0
-0.05239375 -0.773965625 0
-0.05239375 -0.75526875 0
-0.071090625 -0.75526875 0
-0.0897875 -0.75526875 0
-0.071090625 -0.6430875 0
-0.071090625 -0.624390625 0
-0.05239375 -0.6430875 0
-0.05239375 -0.60569375 0
-0.05239375 0.44133125 0
-0.071090625 0.460028125 0
-0.0897875 0.460028125 0
-0.05239375 0.478725 0
-0.071090625 0.478725 0
-0.0897875 0.478725 0
-0.071090625 0.6283 0
-0.071090625 0.646996875 0
-0.05239375 0.6283 0
-0.05239375 0.646996875 0
-0.05239375 0.66569375 0
-0.071090625 0.66569375 0
-0.071090625 0.684390625 0
-0.05239375 0.684390625 0
-0.05239375 0.7030875 0
-0.05239375 0.74048125 0
-0.033696875 -0.773965625 0
-0.015 -0.75526875 0
-0.033696875 -0.75526875 0
-0.033696875 -0.6430875 0
-0.033696875 -0.624390625 0
-0.015 -0.6430875 0
-0.015 -0.624390625 0
-0.015 -0.60569375 0
-0.033696875 0.497421875 0
-0.05239375 0.497421875 0
-0.015 0.51611875 0
-0.033696875 0.51611875 0
-0.05239375 0.51611875 0
-0.033696875 0.7030875 0
-0.033696875 0.721784375 0
-0.015 0.7030875 0
-0.015 0.721784375 0
-0.015 0.74048125 0
0.02239375 -0.75526875 0
0.003696875 -0.736571875 0
-0.015 -0.736571875 0
0.02239375 -0.717875 0
0.003696875 -0.717875 0
-0.015 -0.717875 0
0.003696875 -0.6430875 0
0.003696875 -0.624390625 0
0.02239375 -0.6430875 0
0.02239375 -0.624390625 0
0.02239375 -0.60569375 0
0.003696875 -0.60569375 0
0.003696875 -0.586996875 0
0.02239375 -0.586996875 0
0.02239375 0.51611875 0
0.003696875 0.534815625 0
-0.015 0.534815625 0
0.02239375 0.5535125 0
0.003696875 0.5535125 0
-0.015 0.5535125 0
0.003696875 0.74048125 0
0.003696875 0.759178125 0
0.02239375 0.74048125 0
0.02239375 0.759178125 0
0.02239375 0.777875 0
0.02239375 0.81526875 0
0.02239375 0.8526625 0
0.02239375 0.89005625 0
0.0597875 -0.75526875 0
0.0597875 -0.736571875 0
0.041090625 -0.736571875 0
0.0597875 -0.717875 0
0.041090625 -0.717875 0
0.041090625 -0.60569375 0
0.041090625 -0.586996875 0
0.0597875 -0.60569375 0
0.041090625 0.572209375 0
0.02239375 0.572209375 0
0.0597875 0.59090625 0
0.041090625 0.59090625 0
0.02239375 0.59090625 0
0.041090625 0.609603125 0
0.02239375 0.609603125 0
0.0597875 0.609603125 0
0.0597875 0.6283 0
0.041090625 0.6283 0
0.02239375 0.6283 0
0.041090625 0.777875 0
0.041090625 0.796571875 0
0.0597875 0.777875 0
0.0597875 0.796571875 0
0.0597875 0.81526875 0
0.0597875 0.833965625 0
0.041090625 0.833965625 0
0.0597875 0.8526625 0
0.041090625 0.8526625 0
0.041090625 0.871359375 0
0.0597875 0.871359375 0
0.0597875 0.89005625 0
0.09718125 -0.75526875 0
0.078484375 -0.736571875 0
0.09718125 -0.717875 0
0.078484375 -0.717875 0
0.078484375 -0.60569375 0
0.078484375 -0.586996875 0
0.09718125 -0.60569375 0
0.09718125 -0.586996875 0
0.09718125 -0.5683 0
0.09718125 -0.53090625 0
0.09718125 0.59090625 0
0.078484375 0.609603125 0
0.09718125 0.6283 0
0.078484375 0.6283 0
0.078484375 0.646996875 0
0.0597875 0.646996875 0
0.09718125 0.646996875 0
0.09718125 0.66569375 0
0.078484375 0.66569375 0
0.0597875 0.66569375 0
0.078484375 0.8526625 0
0.078484375 0.871359375 0
0.09718125 0.8526625 0
0.09718125 0.871359375 0
0.09718125 0.89005625 0
0.078484375 0.89005625 0
0.078484375 0.908753125 0
0.09718125 0.908753125 0
0.09718125 0.92745 0
0.09718125 0.96484375 0
0.115878125 -0.699178125 0
0.09718125 -0.699178125 0
0.134575 -0.68048125 0
0.115878125 -0.68048125 0
0.09718125 -0.68048125 0
0.115878125 -0.5683 0
0.115878125 -0.549603125 0
0.134575 -0.5683 0
0.134575 -0.549603125 0
0.134575 -0.53090625 0
0.134575 0.59090625 0
0.134575 0.6283 0
0.115878125 0.646996875 0
0.134575 0.66569375 0
0.115878125 0.66569375 0
0.115878125 0.684390625 0
0.09718125 0.684390625 0
0.134575 0.684390625 0
0.134575 0.7030875 0
0.115878125 0.7030875 0
0.09718125 0.7030875 0
0.115878125 0.89005625 0
0.115878125 0.908753125 0
0.134575 0.89005625 0
0.134575 0.908753125 0
0.134575 0.92745 0
0.115878125 0.92745 0
0.115878125 0.946146875 0
0.134575 0.946146875 0
0.134575 0.96484375 0
0.17196875 -0.699178125 0
0.153271875 -0.699178125 0
0.17196875 -0.68048125 0
0.153271875 -0.68048125 0
0.153271875 -0.5683 0
0.153271875 -0.549603125 0
0.17196875 -0.5683 0
0.17196875 -0.53090625 0
0.17196875 0.51611875 0
0.17196875 0.5535125 0
0.17196875 0.59090625 0
0.17196875 0.6283 0
0.17196875 0.646996875 0
0.153271875 0.646996875 0
0.17196875 0.66569375 0
0.153271875 0.66569375 0
0.153271875 0.684390625 0
0.17196875 0.684390625 0
0.17196875 0.7030875 0
0.153271875 0.7030875 0
0.153271875 0.721784375 0
0.134575 0.721784375 0
0.17196875 0.721784375 0
0.17196875 0.74048125 0
0.153271875 0.74048125 0
0.134575 0.74048125 0
0.153271875 0.759178125 0
0.134575 0.759178125 0
0.17196875 0.759178125 0
0.17196875 0.777875 0
0.153271875 0.777875 0
0.134575 0.777875 0
0.153271875 0.92745 0
0.153271875 0.946146875 0
0.17196875 0.92745 0
0.17196875 0.96484375 0
0.190665625 -0.699178125 0
0.2093625 -0.68048125 0
0.190665625 -0.68048125 0
0.190665625 -0.5683 0
0.190665625 -0.549603125 0
0.2093625 -0.5683 0
0.2093625 -0.549603125 0
0.2093625 -0.53090625 0
0.2093625 0.51611875 0
0.2093625 0.534815625 0
0.190665625 0.534815625 0
0.2093625 0.5535125 0
0.190665625 0.5535125 0
0.190665625 0.572209375 0
0.2093625 0.572209375 0
0.2093625 0.59090625 0
0.2093625 0.609603125 0
0.190665625 0.609603125 0
0.2093625 0.6283 0
0.190665625 0.6283 0
0.190665625 0.646996875 0
0.2093625 0.646996875 0
0.2093625 0.66569375 0
0.190665625 0.66569375 0
0.190665625 0.92745 0
0.190665625 0.946146875 0
0.2093625 0.92745 0
0.2093625 0.946146875 0
0.2093625 0.96484375 0
0.24675625 -0.699178125 0
0.228059375 -0.699178125 0
0.24675625 -0.68048125 0
0.228059375 -0.68048125 0
0.2093625 -0.60569375 0
0.228059375 -0.60569375 0
0.228059375 -0.586996875 0
0.2093625 -0.586996875 0
0.24675625 -0.60569375 0
0.24675625 -0.586996875 0
0.24675625 -0.5683 0
0.228059375 -0.5683 0
0.228059375 -0.549603125 0
0.24675625 -0.53090625 0
0.24675625 0.29175625 0
0.24675625 0.32915 0
0.24675625 0.36654375 0
0.24675625 0.4039375 0
0.24675625 0.422634375 0
0.228059375 0.422634375 0
0.24675625 0.44133125 0
0.228059375 0.44133125 0
0.228059375 0.460028125 0
0.24675625 0.460028125 0
0.24675625 0.478725 0
0.24675625 0.497421875 0
0.228059375 0.497421875 0
0.24675625 0.51611875 0
0.228059375 0.51611875 0
0.228059375 0.534815625 0
0.24675625 0.534815625 0
0.24675625 0.5535125 0
0.228059375 0.5535125 0
0.2093625 0.89005625 0
0.228059375 0.89005625 0
0.228059375 0.908753125 0
0.2093625 0.908753125 0
0.24675625 0.89005625 0
0.24675625 0.908753125 0
0.24675625 0.92745 0
0.228059375 0.92745 0
0.228059375 0.946146875 0
0.24675625 0.96484375 0
0.265453125 -0.699178125 0
0.28415 -0.68048125 0
0.265453125 -0.68048125 0
0.265453125 -0.60569375 0
0.265453125 -0.586996875 0
0.28415 -0.60569375 0
0.28415 0.29175625 0
0.28415 0.310453125 0
0.265453125 0.310453125 0
0.28415 0.32915 0
0.265453125 0.32915 0
0.265453125 0.347846875 0
0.28415 0.347846875 0
0.28415 0.36654375 0
0.28415 0.385240625 0
0.265453125 0.385240625 0
0.28415 0.4039375 0
0.265453125 0.4039375 0
0.265453125 0.422634375 0
0.28415 0.422634375 0
0.28415 0.44133125 0
0.265453125 0.44133125 0
0.24675625 0.74048125 0
0.265453125 0.74048125 0
0.265453125 0.759178125 0
0.24675625 0.759178125 0
0.28415 0.74048125 0
0.24675625 0.777875 0
0.265453125 0.796571875 0
0.24675625 0.796571875 0
0.265453125 0.81526875 0
0.24675625 0.81526875 0
0.265453125 0.833965625 0
0.24675625 0.833965625 0
0.24675625 0.8526625 0
0.265453125 0.871359375 0
0.24675625 0.871359375 0
0.265453125 0.89005625 0
0.265453125 0.908753125 0
0.32154375 -0.699178125 0
0.302846875 -0.699178125 0
0.32154375 -0.68048125 0
0.302846875 -0.68048125 0
0.302846875 -0.60569375 0
0.302846875 -0.586996875 0
0.32154375 -0.60569375 0
0.32154375 -0.586996875 0
0.32154375 0.273059375 0
0.302846875 0.273059375 0
0.32154375 0.29175625 0
0.302846875 0.29175625 0
0.302846875 0.310453125 0
0.32154375 0.310453125 0
0.32154375 0.32915 0
0.302846875 0.32915 0
0.28415 0.6283 0
0.302846875 0.6283 0
0.302846875 0.646996875 0
0.28415 0.646996875 0
0.32154375 0.6283 0
0.32154375 0.66569375 0
0.28415 0.66569375 0
0.302846875 0.684390625 0
0.28415 0.684390625 0
0.32154375 0.7030875 0
0.302846875 0.7030875 0
0.28415 0.7030875 0
0.302846875 0.721784375 0
0.28415 0.721784375 0
0.32154375 0.74048125 0
0.340240625 -0.699178125 0
0.3589375 -0.68048125 0
0.340240625 -0.68048125 0
0.340240625 -0.60569375 0
0.340240625 -0.586996875 0
0.3589375 -0.60569375 0
0.340240625 0.273059375 0
0.3589375 0.29175625 0
0.340240625 0.29175625 0
0.32154375 0.51611875 0
0.340240625 0.51611875 0
0.340240625 0.534815625 0
0.32154375 0.534815625 0
0.3589375 0.51611875 0
0.32154375 0.5535125 0
0.340240625 0.572209375 0
0.32154375 0.572209375 0
0.340240625 0.59090625 0
0.32154375 0.59090625 0
0.340240625 0.609603125 0
0.32154375 0.609603125 0
0.39633125 -0.75526875 0
0.39633125 -0.717875 0
0.39633125 -0.699178125 0
0.377634375 -0.699178125 0
0.39633125 -0.68048125 0
0.377634375 -0.68048125 0
0.377634375 -0.60569375 0
0.377634375 -0.586996875 0
0.39633125 -0.60569375 0
0.39633125 -0.586996875 0
0.39633125 0.21696875 0
0.39633125 0.2543625 0
0.39633125 0.273059375 0
0.377634375 0.273059375 0
0.39633125 0.29175625 0
0.377634375 0.29175625 0
0.3589375 0.4039375 0
0.377634375 0.4039375 0
0.377634375 0.422634375 0
0.3589375 0.422634375 0
0.39633125 0.4039375 0
0.39633125 0.44133125 0
0.3589375 0.44133125 0
0.377634375 0.460028125 0
0.3589375 0.460028125 0
0.39633125 0.478725 0
0.377634375 0.478725 0
0.3589375 0.478725 0
0.377634375 0.497421875 0
0.3589375 0.497421875 0
0.39633125 0.51611875 0
0.433725 -0.75526875 0
0.433725 -0.736571875 0
0.415028125 -0.736571875 0
0.433725 -0.717875 0
0.415028125 -0.717875 0
0.415028125 -0.60569375 0
0.415028125 -0.586996875 0
0.433725 -0.60569375 0
0.433725 0.21696875 0
0.433725 0.235665625 0
0.415028125 0.235665625 0
0.433725 0.2543625 0
0.415028125 0.2543625 0
0.39633125 0.36654375 0
0.415028125 0.36654375 0
0.415028125 0.385240625 0
0.39633125 0.385240625 0
0.433725 0.36654375 0
0.47111875 -0.75526875 0
0.452421875 -0.736571875 0
0.47111875 -0.717875 0
0.452421875 -0.717875 0
0.452421875 -0.60569375 0
0.452421875 -0.586996875 0
0.47111875 -0.60569375 0
0.47111875 -0.586996875 0
0.47111875 0.21696875 0
0.452421875 0.235665625 0
0.47111875 0.2543625 0
0.452421875 0.2543625 0
0.452421875 0.36654375 0
0.452421875 0.385240625 0
0.47111875 0.36654375 0
0.47111875 0.385240625 0
0.5085125 -0.75526875 0
0.5085125 -0.736571875 0
0.489815625 -0.736571875 0
0.5085125 -0.717875 0
0.489815625 -0.717875 0
0.47111875 -0.6430875 0
0.489815625 -0.6430875 0
0.489815625 -0.624390625 0
0.47111875 -0.624390625 0
0.5085125 -0.6430875 0
0.5085125 -0.624390625 0
0.5085125 -0.60569375 0
0.489815625 -0.60569375 0
0.489815625 -0.586996875 0
0.5085125 0.21696875 0
0.5085125 0.235665625 0
0.489815625 0.235665625 0
0.5085125 0.2543625 0
0.489815625 0.2543625 0
0.47111875 0.32915 0
0.489815625 0.32915 0
0.489815625 0.347846875 0
0.47111875 0.347846875 0
0.5085125 0.32915 0
0.5085125 0.347846875 0
0.5085125 0.36654375 0
0.489815625 0.36654375 0
0.489815625 0.385240625 0
0.54590625 -0.75526875 0
0.527209375 -0.736571875 0
0.54590625 -0.717875 0
0.527209375 -0.717875 0
0.527209375 -0.6430875 0
0.527209375 -0.624390625 0
0.54590625 -0.6430875 0
0.54590625 -0.60569375 0
0.54590625 -0.30654375 0
0.54590625 -0.26915 0
0.54590625 -0.23175625 0
0.54590625 -0.1943625 0
0.54590625 -0.15696875 0
0.54590625 -0.119575 0
0.54590625 -0.08218125 0
0.54590625 0.21696875 0
0.527209375 0.235665625 0
0.54590625 0.2543625 0
0.527209375 0.2543625 0
0.527209375 0.32915 0
0.527209375 0.347846875 0
0.54590625 0.32915 0
0.54590625 0.36654375 0
0.5833 -0.75526875 0
0.5833 -0.736571875 0
0.564603125 -0.736571875 0
0.5833 -0.717875 0
0.564603125 -0.717875 0
0.564603125 -0.6430875 0
0.564603125 -0.624390625 0
0.5833 -0.6430875 0
0.5833 -0.624390625 0
0.5833 -0.60569375 0
0.5833 -0.30654375 0
0.5833 -0.287846875 0
0.564603125 -0.287846875 0
0.5833 -0.26915 0
0.564603125 -0.26915 0
0.564603125 -0.250453125 0
0.5833 -0.250453125 0
0.5833 -0.23175625 0
0.5833 -0.213059375 0
0.564603125 -0.213059375 0
0.5833 -0.1943625 0
0.564603125 -0.1943625 0
0.564603125 -0.175665625 0
0.5833 -0.175665625 0
0.5833 -0.15696875 0
0.5833 -0.138271875 0
0.564603125 -0.138271875 0
0.5833 -0.119575 0
0.564603125 -0.119575 0
0.564603125 -0.100878125 0
0.5833 -0.100878125 0
0.5833 -0.08218125 0
0.5833 0.21696875 0
0.5833 0.235665625 0
0.564603125 0.235665625 0
0.5833 0.2543625 0
0.564603125 0.2543625 0
0.564603125 0.32915 0
0.564603125 0.347846875 0
0.5833 0.32915 0
0.5833 0.347846875 0
0.5833 0.36654375 0
0.62069375 -0.75526875 0
0.601996875 -0.736571875 0
0.62069375 -0.717875 0
0.601996875 -0.717875 0
0.601996875 -0.6430875 0
0.601996875 -0.624390625 0
0.62069375 -0.6430875 0
0.62069375 -0.60569375 0
0.62069375 -0.45611875 0
0.62069375 -0.418725 0
0.62069375 -0.400028125 0
0.601996875 -0.400028125 0
0.62069375 -0.38133125 0
0.601996875 -0.38133125 0
0.601996875 -0.362634375 0
0.62069375 -0.362634375 0
0.62069375 -0.3439375 0
0.62069375 -0.325240625 0
0.601996875 -0.325240625 0
0.62069375 -0.30654375 0
0.601996875 -0.30654375 0
0.601996875 -0.287846875 0
0.62069375 -0.287846875 0
0.62069375 -0.26915 0
0.601996875 -0.26915 0
0.601996875 -0.119575 0
0.601996875 -0.100878125 0
0.62069375 -0.119575 0
0.62069375 -0.100878125 0
0.62069375 -0.08218125 0
0.601996875 -0.08218125 0
0.601996875 -0.063484375 0
0.62069375 -0.063484375 0
0.62069375 -0.0447875 0
0.62069375 -0.00739375 0
0.62069375 0.21696875 0
0.601996875 0.235665625 0
0.62069375 0.2543625 0
0.601996875 0.2543625 0
0.601996875 0.32915 0
0.601996875 0.347846875 0
0.62069375 0.32915 0
0.62069375 0.36654375 0
0.6580875 -0.75526875 0
0.6580875 -0.736571875 0
0.639390625 -0.736571875 0
0.6580875 -0.717875 0
0.639390625 -0.717875 0
0.639390625 -0.6430875 0
0.639390625 -0.624390625 0
0.6580875 -0.6430875 0
0.6580875 -0.624390625 0
0.6580875 -0.60569375 0
0.6580875 -0.45611875 0
0.6580875 -0.437421875 0
0.639390625 -0.437421875 0
0.6580875 -0.418725 0
0.639390625 -0.418725 0
0.639390625 -0.400028125 0
0.6580875 -0.400028125 0
0.6580875 -0.38133125 0
0.639390625 -0.38133125 0
0.639390625 -0.08218125 0
0.639390625 -0.063484375 0
0.6580875 -0.08218125 0
0.6580875 -0.063484375 0
0.6580875 -0.0447875 0
0.639390625 -0.0447875 0
0.639390625 -0.026090625 0
0.6580875 -0.026090625 0
0.6580875 -0.00739375 0
0.6580875 0.21696875 0
0.6580875 0.235665625 0
0.639390625 0.235665625 0
0.6580875 0.2543625 0
0.639390625 0.2543625 0
0.639390625 0.32915 0
0.639390625 0.347846875 0
0.6580875 0.32915 0
0.6580875 0.347846875 0
0.6580875 0.36654375 0
0.69548125 -0.773965625 0
0.676784375 -0.773965625 0
0.69548125 -0.75526875 0
0.676784375 -0.75526875 0
0.676784375 -0.6430875 0
0.676784375 -0.624390625 0
0.69548125 -0.6430875 0
0.69548125 -0.60569375 0
0.69548125 -0.5683 0
0.69548125 -0.549603125 0
0.676784375 -0.549603125 0
0.69548125 -0.53090625 0
0.676784375 -0.53090625 0
0.676784375 -0.512209375 0
0.69548125 -0.512209375 0
0.69548125 -0.4935125 0
0.69548125 -0.474815625 0
0.676784375 -0.474815625 0
0.69548125 -0.45611875 0
0.676784375 -0.45611875 0
0.676784375 -0.00739375 0
0.676784375 0.011303125 0
0.69548125 -0.00739375 0
0.69548125 0.011303125 0
0.69548125 0.03 0
0.69548125 0.06739375 0
0.69548125 0.198271875 0
0.676784375 0.198271875 0
0.69548125 0.21696875 0
0.676784375 0.21696875 0
0.676784375 0.32915 0
0.676784375 0.347846875 0
0.69548125 0.32915 0
0.69548125 0.36654375 0
0.714178125 -0.773965625 0
0.732875 -0.75526875 0
0.714178125 -0.75526875 0
0.714178125 -0.6430875 0
0.714178125 -0.624390625 0
0.732875 -0.6430875 0
0.732875 -0.624390625 0
0.732875 -0.60569375 0
0.732875 -0.586996875 0
0.714178125 -0.586996875 0
0.732875 -0.5683 0
0.714178125 -0.5683 0
0.69548125 -0.30654375 0
0.714178125 -0.30654375 0
0.714178125 -0.287846875 0
0.69548125 -0.287846875 0
0.732875 -0.30654375 0
0.69548125 -0.26915 0
0.714178125 -0.250453125 0
0.69548125 -0.250453125 0
0.714178125 -0.23175625 0
0.69548125 -0.23175625 0
0.714178125 -0.213059375 0
0.69548125 -0.213059375 0
0.69548125 -0.1943625 0
0.714178125 -0.175665625 0
0.69548125 -0.175665625 0
0.732875 -0.15696875 0
0.714178125 -0.15696875 0
0.69548125 -0.15696875 0
0.714178125 0.03 0
0.714178125 0.048696875 0
0.732875 0.03 0
0.732875 0.048696875 0
0.732875 0.06739375 0
0.714178125 0.198271875 0
0.732875 0.21696875 0
0.714178125 0.21696875 0
0.714178125 0.32915 0
0.714178125 0.347846875 0
0.732875 0.32915 0
0.732875 0.347846875 0
0.732875 0.36654375 0
0.77026875 -0.773965625 0
0.751571875 -0.773965625 0
0.77026875 -0.75526875 0
0.751571875 -0.75526875 0
0.732875 -0.38133125 0
0.751571875 -0.38133125 0
0.751571875 -0.362634375 0
0.732875 -0.362634375 0
0.77026875 -0.38133125 0
0.77026875 -0.362634375 0
0.77026875 -0.3439375 0
0.751571875 -0.3439375 0
0.732875 -0.3439375 0
0.751571875 -0.325240625 0
0.732875 -0.325240625 0
0.77026875 -0.30654375 0
0.77026875 -0.15696875 0
0.751571875 -0.138271875 0
0.732875 -0.138271875 0
0.77026875 -0.119575 0
0.751571875 -0.119575 0
0.732875 -0.119575 0
0.751571875 -0.100878125 0
0.732875 -0.100878125 0
0.77026875 -0.100878125 0
0.77026875 -0.08218125 0
0.751571875 -0.08218125 0
0.732875 -0.08218125 0
0.751571875 0.06739375 0
0.751571875 0.086090625 0
0.77026875 0.06739375 0
0.77026875 0.086090625 0
0.77026875 0.1047875 0
0.77026875 0.14218125 0
0.77026875 0.179575 0
0.77026875 0.198271875 0
0.751571875 0.198271875 0
0.77026875 0.21696875 0
0.751571875 0.21696875 0
0.732875 0.29175625 0
0.751571875 0.29175625 0
0.751571875 0.310453125 0
0.732875 0.310453125 0
0.77026875 0.29175625 0
0.77026875 0.310453125 0
0.77026875 0.32915 0
0.751571875 0.32915 0
0.751571875 0.347846875 0
0.77026875 0.36654375 0
0.788965625 -0.773965625 0
0.8076625 -0.75526875 0
0.788965625 -0.75526875 0
0.77026875 -0.4935125 0
0.788965625 -0.4935125 0
0.788965625 -0.474815625 0
0.77026875 -0.474815625 0
0.8076625 -0.4935125 0
0.8076625 -0.474815625 0
0.8076625 -0.45611875 0
0.788965625 -0.45611875 0
0.77026875 -0.45611875 0
0.788965625 -0.437421875 0
0.77026875 -0.437421875 0
0.77026875 -0.418725 0
0.788965625 -0.400028125 0
0.77026875 -0.400028125 0
0.788965625 -0.38133125 0
0.788965625 -0.362634375 0
0.788965625 -0.100878125 0
0.8076625 -0.08218125 0
0.788965625 -0.08218125 0
0.788965625 -0.063484375 0
0.77026875 -0.063484375 0
0.8076625 -0.063484375 0
0.8076625 -0.0447875 0
0.788965625 -0.0447875 0
0.77026875 -0.0447875 0
0.788965625 0.1047875 0
0.788965625 0.123484375 0
0.8076625 0.1047875 0
0.8076625 0.123484375 0
0.8076625 0.14218125 0
0.8076625 0.160878125 0
0.788965625 0.160878125 0
0.8076625 0.179575 0
0.788965625 0.179575 0
0.788965625 0.198271875 0
0.8076625 0.198271875 0
0.8076625 0.21696875 0
0.788965625 0.21696875 0
0.788965625 0.29175625 0
0.788965625 0.310453125 0
0.8076625 0.29175625 0
0.84505625 -0.773965625 0
0.826359375 -0.773965625 0
0.84505625 -0.75526875 0
0.826359375 -0.75526875 0
0.8076625 -0.60569375 0
0.826359375 -0.60569375 0
0.826359375 -0.586996875 0
0.8076625 -0.586996875 0
0.84505625 -0.60569375 0
0.84505625 -0.586996875 0
0.84505625 -0.5683 0
0.826359375 -0.5683 0
0.8076625 -0.5683 0
0.826359375 -0.549603125 0
0.8076625 -0.549603125 0
0.84505625 -0.53090625 0
0.8076625 -0.53090625 0
0.826359375 -0.512209375 0
0.8076625 -0.512209375 0
0.84505625 -0.4935125 0
0.826359375 -0.4935125 0
0.826359375 -0.474815625 0
0.84505625 -0.45611875 0
0.84505625 -0.08218125 0
0.826359375 -0.063484375 0
0.84505625 -0.0447875 0
0.826359375 -0.0447875 0
0.826359375 -0.026090625 0
0.8076625 -0.026090625 0
0.84505625 -0.026090625 0
0.84505625 -0.00739375 0
0.826359375 -0.00739375 0
0.8076625 -0.00739375 0
0.826359375 0.179575 0
0.826359375 0.198271875 0
0.84505625 0.179575 0
0.84505625 0.198271875 0
0.84505625 0.21696875 0
0.826359375 0.21696875 0
0.826359375 0.29175625 0
0.826359375 0.310453125 0
0.84505625 0.29175625 0
0.84505625 0.310453125 0
0.863753125 -0.773965625 0
0.863753125 -0.75526875 0
0.863753125 -0.736571875 0
0.84505625 -0.736571875 0
0.84505625 -0.717875 0
0.863753125 -0.699178125 0
0.84505625 -0.699178125 0
0.863753125 -0.68048125 0
0.84505625 -0.68048125 0
0.863753125 -0.661784375 0
0.84505625 -0.661784375 0
0.84505625 -0.6430875 0
0.863753125 -0.624390625 0
0.84505625 -0.624390625 0
0.863753125 -0.60569375 0
0.863753125 -0.586996875 0
0.863753125 -0.026090625 0
0.88245 -0.00739375 0
0.863753125 -0.00739375 0
0.863753125 0.011303125 0
0.84505625 0.011303125 0
0.88245 0.011303125 0
0.88245 0.03 0
0.863753125 0.03 0
0.84505625 0.03 0
0.863753125 0.29175625 0
0.863753125 0.310453125 0
0.88245 0.29175625 0
0.91984375 -0.00739375 0
0.901146875 0.011303125 0
0.91984375 0.03 0
0.901146875 0.03 0
0.901146875 0.048696875 0
0.88245 0.048696875 0
0.91984375 0.06739375 0
0.88245 0.06739375 0
0.901146875 0.086090625 0
0.88245 0.086090625 0
0.91984375 0.1047875 0
0.901146875 0.1047875 0
0.88245 0.1047875 0
0.901146875 0.29175625 0
0.901146875 0.310453125 0
0.91984375 0.29175625 0
0.91984375 0.310453125 0
0.938540625 0.123484375 0
0.91984375 0.123484375 0
0.9572375 0.14218125 0
0.938540625 0.14218125 0
0.91984375 0.14218125 0
0.938540625 0.29175625 0
0.938540625 0.310453125 0
0.9572375 0.29175625 0
0.99463125 0.14218125 0
0.975934375 0.160878125 0
0.9572375 0.160878125 0
0.99463125 0.179575 0
0.975934375 0.179575 0
0.9572375 0.179575 0
0.975934375 0.29175625 0
0.975934375 0.310453125 0
0.99463125 0.29175625 0
0.99463125 0.310453125 0
1.013328125 0.198271875 0
0.99463125 0.198271875 0
1.013328125 0.21696875 0
0.99463125 0.21696875 0
1.013328125 0.235665625 0
0.99463125 0.235665625 0
0.99463125 0.2543625 0
1.013328125 0.273059375 0
0.99463125 0.273059375 0
1.013328125 0.29175625 0
1.013328125 0.310453125 0
-1.005934375 -0.362634375 0
-1.005934375 -0.3439375 0
-1.005934375 -0.325240625 0
-1.005934375 -0.30654375 0
-1.005934375 -0.287846875 0
-1.005934375 -0.26915 0
-1.005934375 -0.250453125 0
-1.005934375 -0.23175625 0
-1.005934375 -0.213059375 0
-1.005934375 -0.1943625 0
-1.005934375 -0.175665625 0
-1.005934375 -0.15696875 0
-1.005934375 -0.138271875 0
-1.005934375 -0.119575 0
-1.005934375 -0.100878125 0
-0.9872375 -0.362634375 0
-0.9872375 -0.3439375 0
-0.9872375 -0.325240625 0
-0.9872375 -0.3158921875 0
-0.9965859375 -0.3158921875 0
-0.9872375 -0.30654375 0
-0.9965859375 -0.30654375 0
-0.9965859375 -0.2971953125 0
-0.9872375 -0.2971953125 0
-0.9872375 -0.287846875 0
-0.9872375 -0.2784984375 0
-0.9965859375 -0.2784984375 0
-0.9872375 -0.26915 0
-0.9965859375 -0.26915 0
-0.9965859375 -0.2598015625 0
-0.9872375 -0.2598015625 0
-0.9872375 -0.250453125 0
-0.9872375 -0.2411046875 0
-0.9965859375 -0.2411046875 0
-0.9872375 -0.23175625 0
-0.9965859375 -0.23175625 0
-0.9965859375 -0.2224078125 0
-0.9872375 -0.2224078125 0
-0.9872375 -0.213059375 0
-0.9872375 -0.2037109375 0
-0.9965859375 -0.2037109375 0
-0.9872375 -0.1943625 0
-0.9965859375 -0.1943625 0
-0.9965859375 -0.1850140625 0
-0.9872375 -0.1850140625 0
-0.9872375 -0.175665625 0
-0.9872375 -0.1663171875 0
-0.9965859375 -0.1663171875 0
-0.9872375 -0.15696875 0
-0.9965859375 -0.15696875 0
-0.9965859375 -0.1476203125 0
-0.9872375 -0.1476203125 0
-0.9872375 -0.138271875 0
-0.985765304085 -0.127108301302 0
-0.9965859375 -0.1289234375 0
-0.9872375 -0.119575 0
-0.9965859375 -0.119575 0
-0.9965859375 -0.1102265625 0
-0.9872375 -0.1102265625 0
-0.9872375 -0.100878125 0
-0.968540625 -0.6711328125 0
-0.9778890625 -0.6711328125 0
-0.968540625 -0.661784375 0
-0.9778890625 -0.661784375 0
-0.9778890625 -0.6524359375 0
-0.966223429423 -0.652131495573 0
-0.968540625 -0.6430875 0
-0.968540625 -0.6337390625 0
-0.9778890625 -0.6337390625 0
-0.968540625 -0.624390625 0
-0.9778890625 -0.624390625 0
-0.9778890625 -0.6150421875 0
-0.968540625 -0.6150421875 0
-0.968540625 -0.60569375 0
-0.968540625 -0.5963453125 0
-0.9778890625 -0.5963453125 0
-0.968540625 -0.586996875 0
-0.9778890625 -0.586996875 0
-0.9778890625 -0.5776484375 0
-0.968540625 -0.5776484375 0
-0.968540625 -0.5683 0
-0.968540625 -0.5589515625 0
-0.9778890625 -0.5589515625 0
-0.968540625 -0.549603125 0
-0.9778890625 -0.549603125 0
-0.9778890625 -0.5402546875 0
-0.968540625 -0.5402546875 0
-0.968540625 -0.53090625 0
-0.968540625 -0.5215578125 0
-0.9778890625 -0.5215578125 0
-0.968540625 -0.512209375 0
-0.9778890625 -0.512209375 0
-0.9778890625 -0.5028609375 0
-0.968540625 -0.5028609375 0
-0.968540625 -0.4935125 0
-0.968540625 -0.4841640625 0
-0.9778890625 -0.4841640625 0
-0.968540625 -0.474815625 0
-0.9778890625 -0.474815625 0
-0.9778890625 -0.4654671875 0
-0.968540625 -0.4654671875 0
-0.968540625 -0.45611875 0
-0.968540625 -0.4467703125 0
-0.9778890625 -0.4467703125 0
-0.968540625 -0.437421875 0
-0.9778890625 -0.437421875 0
-0.9778890625 -0.4280734375 0
-0.968540625 -0.4280734375 0
-0.968540625 -0.418725 0
-0.968685374846 -0.409384755888 0
-0.977961437423 -0.409380659194 0
-0.968830124692 -0.400044511775 0
-0.978033812346 -0.400036318388 0
-0.978297545767 -0.390702809194 0
-0.969357591535 -0.390725930889 0
-0.969885058377 -0.381407350002 0
-0.97041252522 -0.372088769116 0
-0.97882501261 -0.372035790808 0
-0.970939992062 -0.36277018823 0
-0.979088746031 -0.362702281615 0
-0.979352479453 -0.353368772422 0
-0.971467458905 -0.353451607344 0
-0.971994925748 -0.344133026457 0
-0.97252239259 -0.334814445571 0
-0.979879946295 -0.334701754036 0
-0.973049859433 -0.325495864685 0
-0.980143679716 -0.325368244842 0
-0.968910577648 -0.315913128216 0
-0.966840936756 -0.311121759981 0
-0.967710784956 -0.309539449749 0
-0.969180529505 -0.311143978751 0
-0.964771295863 -0.306330391747 0
-0.967110888612 -0.306352610517 0
-0.969450481361 -0.306374829287 0
-0.978343990681 -0.306459289643 0
-0.978581004334 -0.315588239633 0
-0.970980218541 -0.32070449645 0
-0.967638509075 -0.297031315684 0
-0.969978255443 -0.297050820507 0
-0.965298762706 -0.297011810861 0
-0.965826229549 -0.287693229974 0
-0.968166129537 -0.287710020851 0
-0.970506029525 -0.287726811727 0
-0.978871764762 -0.287786843364 0
-0.978607877722 -0.297123066503 0
-0.968693765968 -0.278388443898 0
-0.971033835545 -0.278402238709 0
-0.966353696391 -0.278374649088 0
-0.966881163234 -0.269056068202 0
-0.969221402399 -0.269066866946 0
-0.971561641565 -0.26907766569 0
-0.979399570782 -0.269113832845 0
-0.979135667772 -0.278450338104 0
-0.969749057426 -0.259744961473 0
-0.972089484776 -0.25975243563 0
-0.967408630077 -0.259737487316 0
-0.967936096919 -0.250418906429 0
-0.970276712453 -0.250423055999 0
-0.972617327987 -0.250427205569 0
-0.979927413993 -0.250440165284 0
-0.979663492388 -0.259776999065 0
-0.970692056109 -0.241089653 0
-0.973145751257 -0.241091727784 0
-0.96823836096 -0.241087578215 0
-0.968540625 -0.23175625 0
-0.971107399764 -0.23175625 0
-0.973674174528 -0.23175625 0
-0.980455837264 -0.23175625 0
-0.980191625629 -0.241098207642 0
-0.971371978184 -0.2224078125 0
-0.974203331368 -0.2224078125 0
-0.968540625 -0.2224078125 0
-0.968540625 -0.213059375 0
-0.971636556604 -0.213059375 0
-0.974732488208 -0.213059375 0
-0.980984994104 -0.213059375 0
-0.980720415684 -0.2224078125 0
-0.971901135024 -0.2037109375 0
-0.975261645047 -0.2037109375 0
-0.968540625 -0.2037109375 0
-0.968540625 -0.1943625 0
-0.972165713443 -0.1943625 0
-0.975790801887 -0.1943625 0
-0.981514150943 -0.1943625 0
-0.981249572524 -0.2037109375 0
-0.972430291863 -0.1850140625 0
-0.976319958726 -0.1850140625 0
-0.968540625 -0.1850140625 0
-0.968540625 -0.175665625 0
-0.972694870283 -0.175665625 0
-0.976849115566 -0.175665625 0
-0.982043307783 -0.175665625 0
-0.981778729363 -0.1850140625 0
-0.972959448703 -0.1663171875 0
-0.977378272406 -0.1663171875 0
-0.968540625 -0.1663171875 0
-0.968540625 -0.15696875 0
-0.973224027123 -0.15696875 0
-0.977907429245 -0.15696875 0
-0.982572464623 -0.15696875 0
-0.982307886203 -0.1663171875 0
-0.973488605542 -0.1476203125 0
-0.978436586085 -0.1476203125 0
-0.968540625 -0.1476203125 0
-0.968540625 -0.138271875 0
-0.973753183962 -0.138271875 0
-0.978965742925 -0.138271875 0
-0.983101621462 -0.138271875 0
-0.982837043042 -0.1476203125 0
-0.974017650039 -0.128779796009 0
-0.979482871462 -0.1291359375 0
-0.970384601316 -0.127487529572 0
-0.968540625 -0.119575 0
-0.973916145833 -0.119575 0
-0.979291666667 -0.119575 0
-0.979645833333 -0.1197875 0
-0.98 -0.12 0
-0.983264583333 -0.119575 0
-0.983441666667 -0.119914960937 0
-0.9872375 -0.120042421875 0
-0.9872375 -0.12050984375 0
-0.98361875 -0.120254921875 0
-0.9872375 -0.129390859375 0
-0.983360185731 -0.129263398438 0
-0.972124305556 -0.117424791667 0
-0.973916145833 -0.1163496875 0
-0.968540625 -0.1163496875 0
-0.968540625 -0.113124375 0
-0.968540625 -0.10700125 0
-0.978523858095 -0.109433917777 0
-0.968540625 -0.100878125 0
-0.9778890625 -0.100878125 0
-0.9778890625 -0.0915296875 0
-0.968540625 -0.0915296875 0
-0.968540625 -0.08218125 0
-0.968540625 -0.063484375 0
-0.9591921875 -0.6711328125 0
-0.94984375 -0.661784375 0
-0.957754754459 -0.659941587307 0
-0.9517134375 -0.661784375 0
-0.95077859375 -0.661784375 0
-0.949748417405 -0.656073770016 0
-0.95085671875 -0.6558921875 0
-0.948640116061 -0.656255352533 0
-0.947436482121 -0.650726330066 0
-0.948718241061 -0.650363165033 0
-0.95 -0.65 0
-0.946579629212 -0.646790283702 0
-0.948390257014 -0.646620659307 0
-0.945722776302 -0.642854237338 0
-0.948062272967 -0.642878153581 0
-0.950401769633 -0.642902069824 0
-0.950200884816 -0.646451034912 0
-0.959471197316 -0.642994784912 0
-0.959370754908 -0.646171533081 0
-0.968540625 -0.64589203125 0
-0.968540625 -0.6486965625 0
-0.9592703125 -0.64934828125 0
-0.968540625 -0.65524046875 0
-0.959698671875 -0.655566328125 0
-0.96012703125 -0.661784375 0
-0.948589888605 -0.633556943975 0
-0.950929534066 -0.633578231499 0
-0.946250243144 -0.633535656452 0
-0.946777709987 -0.624217075565 0
-0.949117504243 -0.62423573437 0
-0.9514572985 -0.624254393174 0
-0.95999896175 -0.624322509087 0
-0.959735079533 -0.633658647 0
-0.949645135085 -0.614914256158 0
-0.951985093341 -0.614930017636 0
-0.94730517683 -0.614898494679 0
-0.947832643672 -0.605579913793 0
-0.950172765928 -0.605592777946 0
-0.952512888183 -0.605605642099 0
-0.960526756592 -0.605649696049 0
-0.960262859171 -0.614986102568 0
-0.95070041443 -0.596270987742 0
-0.953040718345 -0.596280642577 0
-0.948360110515 -0.596261332906 0
-0.948887577357 -0.58694275202 0
-0.951228062932 -0.586949197537 0
-0.953568548506 -0.586955643054 0
-0.961054586753 -0.586976259027 0
-0.960790671672 -0.596312977538 0
-0.951731101041 -0.577624598769 0
-0.954096538404 -0.577627821527 0
-0.949365663679 -0.57762137601 0
-0.94984375 -0.5683 0
-0.952234139151 -0.5683 0
-0.954624528302 -0.5683 0
-0.961582576651 -0.5683 0
-0.961318581702 -0.577638129514 0
-0.952498717571 -0.5589515625 0
-0.955153685142 -0.5589515625 0
-0.94984375 -0.5589515625 0
-0.94984375 -0.549603125 0
-0.952763295991 -0.549603125 0
-0.955682841981 -0.549603125 0
-0.962111733491 -0.549603125 0
-0.961847155071 -0.5589515625 0
-0.95302787441 -0.5402546875 0
-0.956211998821 -0.5402546875 0
-0.94984375 -0.5402546875 0
-0.94984375 -0.53090625 0
-0.95329245283 -0.53090625 0
-0.95674115566 -0.53090625 0
-0.96264089033 -0.53090625 0
-0.96237631191 -0.5402546875 0
-0.95355703125 -0.5215578125 0
-0.9572703125 -0.5215578125 0
-0.94984375 -0.5215578125 0
-0.94984375 -0.512209375 0
-0.95382160967 -0.512209375 0
-0.95779946934 -0.512209375 0
-0.96317004717 -0.512209375 0
-0.96290546875 -0.5215578125 0
-0.95408618809 -0.5028609375 0
-0.958328626179 -0.5028609375 0
-0.94984375 -0.5028609375 0
-0.94984375 -0.4935125 0
-0.954350766509 -0.4935125 0
-0.958857783019 -0.4935125 0
-0.963699204009 -0.4935125 0
-0.96343462559 -0.5028609375 0
-0.954615344929 -0.4841640625 0
-0.959386939858 -0.4841640625 0
-0.94984375 -0.4841640625 0
-0.94984375 -0.474815625 0
-0.954879923349 -0.474815625 0
-0.959916096698 -0.474815625 0
-0.964228360849 -0.474815625 0
-0.963963782429 -0.4841640625 0
-0.955144501769 -0.4654671875 0
-0.960445253538 -0.4654671875 0
-0.94984375 -0.4654671875 0
-0.94984375 -0.45611875 0
-0.955409080189 -0.45611875 0
-0.960974410377 -0.45611875 0
-0.964757517689 -0.45611875 0
-0.964492939269 -0.4654671875 0
-0.955673658608 -0.4467703125 0
-0.961503567217 -0.4467703125 0
-0.94984375 -0.4467703125 0
-0.94984375 -0.437421875 0
-0.955938237028 -0.437421875 0
-0.962032724057 -0.437421875 0
-0.965286674528 -0.437421875 0
-0.965022096108 -0.4467703125 0
-0.956202815448 -0.4280734375 0
-0.962561880896 -0.4280734375 0
-0.94984375 -0.4280734375 0
-0.94984375 -0.418725 0
-0.956467393868 -0.418725 0
-0.963091037736 -0.418725 0
-0.965815831368 -0.418725 0
-0.965551252948 -0.4280734375 0
-0.956731797576 -0.409379649072 0
-0.963619845152 -0.409382735643 0
-0.94984375 -0.4093765625 0
-0.94984375 -0.400028125 0
-0.956996201284 -0.400034298143 0
-0.964148652569 -0.400040471286 0
-0.96648938863 -0.400042491531 0
-0.966152609999 -0.409383745765 0
-0.957260129038 -0.390697355739 0
-0.964676508077 -0.390715023977 0
-0.94984375 -0.3906796875 0
-0.94984375 -0.38133125 0
-0.957524056792 -0.381360413334 0
-0.965204363585 -0.381389576668 0
-0.967544710981 -0.381398463335 0
-0.967017049806 -0.390720477433 0
-0.957787965056 -0.372023815264 0
-0.965732180112 -0.372064818029 0
-0.94984375 -0.3719828125 0
-0.94984375 -0.362634375 0
-0.958051873319 -0.362687217195 0
-0.966259996638 -0.36274005939 0
-0.96859999435 -0.36275512381 0
-0.968072352666 -0.372076793573 0
-0.958315764884 -0.353350914132 0
-0.966787779768 -0.353415890764 0
-0.94984375 -0.3532859375 0
-0.94984375 -0.3439375 0
-0.958579656449 -0.344014611069 0
-0.967315562898 -0.344091722138 0
-0.969655244323 -0.344112374298 0
-0.969127619337 -0.353433749054 0
-0.958843533599 -0.334678562676 0
-0.967843317197 -0.334768062852 0
-0.94984375 -0.3345890625 0
-0.94984375 -0.325240625 0
-0.959107410748 -0.325342514283 0
-0.968371071496 -0.325444403566 0
-0.970710465465 -0.325470134125 0
-0.970182854894 -0.334791254212 0
-0.958868648135 -0.316203386943 0
-0.968640824572 -0.320678765891 0
-0.94984375 -0.3158921875 0
-0.94984375 -0.30654375 0
-0.957307522932 -0.306437070873 0
-0.970110502862 -0.32228446549 0
-0.957571256353 -0.29710356168 0
-0.94984375 -0.2971953125 0
-0.94984375 -0.287846875 0
-0.957834989774 -0.287770052487 0
-0.958098723196 -0.278436543294 0
-0.958626190038 -0.259769524908 0
-0.95888992346 -0.250436015715 0
-0.95904105548 -0.241096132857 0
-0.9591921875 -0.2224078125 0
-0.9591921875 -0.213059375 0
-0.9591921875 -0.2037109375 0
-0.9591921875 -0.1850140625 0
-0.9591921875 -0.175665625 0
-0.9591921875 -0.1663171875 0
-0.9591921875 -0.1476203125 0
-0.94984375 -0.138271875 0
-0.9591921875 -0.138271875 0
-0.9591921875 -0.1289234375 0
-0.94984375 -0.1289234375 0
-0.94984375 -0.119575 0
-0.9591921875 -0.119575 0
-0.951334970953 -0.102800982572 0
-0.951565001051 -0.100213486163 0
-0.960052813025 -0.103607368081 0
-0.959937797977 -0.107962678786 0
-0.951795031148 -0.0976259897533 0
-0.960167828074 -0.0992520573767 0
-0.959564992738 -0.113768839393 0
-0.950589360477 -0.111187991286 0
-0.959680007787 -0.0907166536883 0
-0.950819390574 -0.0899036198767 0
-0.94984375 -0.08218125 0
-0.9591921875 -0.08218125 0
-0.9591921875 -0.0728328125 0
-0.94984375 -0.0728328125 0
-0.94984375 -0.063484375 0
-0.931146875 -0.699178125 0
-0.931146875 -0.68048125 0
-0.931146875 -0.6711328125 0
-0.9404953125 -0.6711328125 0
-0.931146875 -0.661784375 0
-0.9404953125 -0.661784375 0
-0.931146875 -0.65534171875 0
-0.931146875 -0.649214609375 0
-0.938863252106 -0.648002446538 0
-0.939291678561 -0.653034024408 0
-0.931146875 -0.6430875 0
-0.938434825651 -0.642970868669 0
-0.93989349553 -0.657409199704 0
-0.931146875 -0.658563046875 0
-0.938698559072 -0.633637359476 0
-0.931146875 -0.624390625 0
-0.939226025915 -0.61497034109 0
-0.931146875 -0.60569375 0
-0.939489759336 -0.605636831896 0
-0.939753492757 -0.596303322703 0
-0.931146875 -0.586996875 0
-0.940256269339 -0.577634906755 0
-0.931146875 -0.5683 0
-0.9404953125 -0.5683 0
-0.9404953125 -0.5589515625 0
-0.931146875 -0.549603125 0
-0.9404953125 -0.5402546875 0
-0.931146875 -0.53090625 0
-0.9404953125 -0.53090625 0
-0.9404953125 -0.5215578125 0
-0.931146875 -0.512209375 0
-0.9404953125 -0.5028609375 0
-0.931146875 -0.4935125 0
-0.9404953125 -0.4935125 0
-0.9404953125 -0.4841640625 0
-0.931146875 -0.474815625 0
-0.9404953125 -0.4654671875 0
-0.931146875 -0.45611875 0
-0.9404953125 -0.45611875 0
-0.9404953125 -0.4467703125 0
-0.931146875 -0.437421875 0
-0.9404953125 -0.4280734375 0
-0.931146875 -0.418725 0
-0.9404953125 -0.418725 0
-0.9404953125 -0.4093765625 0
-0.931146875 -0.400028125 0
-0.9404953125 -0.3906796875 0
-0.931146875 -0.38133125 0
-0.9404953125 -0.38133125 0
-0.9404953125 -0.3719828125 0
-0.931146875 -0.362634375 0
-0.9404953125 -0.3532859375 0
-0.931146875 -0.3439375 0
-0.9404953125 -0.3439375 0
-0.9404953125 -0.3345890625 0
-0.931146875 -0.325240625 0
-0.9404953125 -0.3158921875 0
-0.931146875 -0.30654375 0
-0.9404953125 -0.30654375 0
-0.9404953125 -0.2971953125 0
-0.931146875 -0.287846875 0
-0.931146875 -0.138271875 0
-0.9404953125 -0.1289234375 0
-0.931146875 -0.119575 0
-0.9404953125 -0.119575 0
-0.94459897665 -0.0987593859899 0
-0.948197003899 -0.0981926878716 0
-0.949242992918 -0.0997287861051 0
-0.947966973802 -0.100780184281 0
-0.940854150048 -0.109697257672 0
-0.931146875 -0.1102265625 0
-0.931146875 -0.100878125 0
-0.937872925825 -0.099818755495 0
-0.935630908883 -0.0967752119966 0
-0.937872925825 -0.094723755495 0
-0.931146875 -0.095783125 0
-0.931146875 -0.090688125 0
-0.931146875 -0.0864346875 0
-0.941987758514 -0.08939593879 0
-0.931146875 -0.08218125 0
-0.9404953125 -0.08218125 0
-0.9404953125 -0.0728328125 0
-0.931146875 -0.0728328125 0
-0.931146875 -0.063484375 0
-0.9404953125 -0.063484375 0
-0.9404953125 -0.0541359375 0
-0.931146875 -0.0541359375 0
-0.91245 -0.699178125 0
-0.91245 -0.6898296875 0
-0.9217984375 -0.6898296875 0
-0.91245 -0.68048125 0
-0.9217984375 -0.68048125 0
-0.922041897713 -0.67199208384 0
-0.912936920426 -0.672851355179 0
-0.913423840852 -0.665221460358 0
-0.922285357926 -0.663502917679 0
-0.913212722894 -0.660423061847 0
-0.912831361447 -0.651755280923 0
-0.921989118224 -0.650484945149 0
-0.922179798947 -0.657882390298 0
-0.91245 -0.6430875 0
-0.9217984375 -0.6430875 0
-0.922232578437 -0.660692653989 0
-0.913318281873 -0.662822261103 0
-0.9217984375 -0.6337390625 0
-0.91245 -0.6337390625 0
-0.91245 -0.624390625 0
-0.9217984375 -0.1102265625 0
-0.91245 -0.100878125 0
-0.9217984375 -0.100878125 0
-0.919015077826 -0.0834090466958 0
-0.925080976413 -0.0827951483479 0
-0.927102942609 -0.0854261405653 0
-0.925080976413 -0.0870485858479 0
-0.920704794206 -0.0930816243932 0
-0.911845637 -0.0925369591674 0
-0.911241273999 -0.0841957933349 0
-0.915128175913 -0.0838024200153 0
-0.913934995749 -0.0821780070942 0
-0.915281856623 -0.0811691139738 0
-0.911394954709 -0.0815624872933 0
-0.91154863542 -0.0789291812518 0
-0.91199931771 -0.0712067781259 0
-0.921752686692 -0.0729478231856 0
-0.91245 -0.063484375 0
-0.9217984375 -0.063484375 0
-0.9217984375 -0.0541359375 0
-0.893753125 -0.699178125 0
-0.9031015625 -0.6898296875 0
-0.893753125 -0.68048125 0
-0.9031015625 -0.68048125 0
-0.893614325063 -0.665975941232 0
-0.893591144009 -0.663553401564 0
-0.896892729977 -0.663427654755 0
-0.898555113483 -0.66457605118 0
-0.893567962954 -0.661130861897 0
-0.898531932428 -0.662153511512 0
-0.903495901903 -0.663176161128 0
-0.908459871377 -0.664198810743 0
-0.903400609679 -0.672335720445 0
-0.893683725032 -0.673228595616 0
-0.903200491239 -0.6526296691 0
-0.908354312399 -0.661799611487 0
-0.893660543977 -0.652109180948 0
-0.893753125 -0.6430875 0
-0.9031015625 -0.6430875 0
-0.910044155219 -0.662940227779 0
-0.9031015625 -0.6337390625 0
-0.893753125 -0.624390625 0
-0.893753125 -0.100878125 0
-0.902799381 -0.0920333233337 0
-0.893753125 -0.08218125 0
-0.9024971995 -0.0831885216674 0
-0.893969864492 -0.0683819186954 0
-0.894012273188 -0.065681849445 0
-0.903005795449 -0.0684443137854 0
-0.902759249956 -0.0736555499736 0
-0.894054681883 -0.0629817801945 0
-0.903252340942 -0.0632330775973 0
-0.902628224728 -0.0784220358205 0
-0.893861494746 -0.0752815843477 0
-0.903176951721 -0.0540102887986 0
-0.893903903442 -0.0538846400973 0
-0.893753125 -0.0447875 0
-0.893753125 -0.026090625 0
-0.87505625 -0.699178125 0
-0.87505625 -0.6898296875 0
-0.8844046875 -0.6898296875 0
-0.87505625 -0.68048125 0
-0.8844046875 -0.68048125 0
-0.87505625 -0.6712340625 0
-0.87505625 -0.66650921875 0
-0.884323697004 -0.665031310157 0
-0.884335287532 -0.668605001866 0
-0.87505625 -0.661784375 0
-0.884312106477 -0.661457618448 0
-0.884369987516 -0.674543125933 0
-0.87505625 -0.67585765625 0
-0.884358396989 -0.652272559224 0
-0.87505625 -0.100878125 0
-0.87505625 -0.0915296875 0
-0.8844046875 -0.0915296875 0
-0.87505625 -0.08218125 0
-0.8844046875 -0.08218125 0
-0.885353286053 -0.063211971632 0
-0.889703983968 -0.0630968759133 0
-0.891125944143 -0.0648585568406 0
-0.889661575273 -0.0657969451637 0
-0.884056686521 -0.0732323998012 0
-0.87505625 -0.0728328125 0
-0.87505625 -0.063484375 0
-0.880204768027 -0.063348173316 0
-0.878488595351 -0.061243365544 0
-0.880204768027 -0.060122860816 0
-0.87505625 -0.0602590625 0
-0.87505625 -0.05703375 0
-0.87505625 -0.050910625 0
-0.88506610496 -0.0532746185994 0
-0.87505625 -0.0447875 0
-0.8844046875 -0.0447875 0
-0.8844046875 -0.0354390625 0
-0.87505625 -0.0354390625 0
-0.87505625 -0.026090625 0
-0.856359375 -0.7085265625 0
-0.8657078125 -0.7085265625 0
-0.856359375 -0.699178125 0
-0.8657078125 -0.699178125 0
-0.865767380846 -0.690039928723 0
-0.856478511693 -0.690250169945 0
-0.856597648386 -0.68132221489 0
-0.865826949193 -0.680901732445 0
-0.856538604127 -0.676480728831 0
-0.856448989563 -0.669132551915 0
-0.865752619782 -0.667820885333 0
-0.865797427063 -0.673857395665 0
-0.856359375 -0.661784375 0
-0.8657078125 -0.661784375 0
-0.865812188128 -0.677379564055 0
-0.856568126256 -0.678901471861 0
-0.8657078125 -0.6524359375 0
-0.856359375 -0.6524359375 0
-0.856359375 -0.100878125 0
-0.8657078125 -0.0915296875 0
-0.856359375 -0.08218125 0
-0.8657078125 -0.08218125 0
-0.8657078125 -0.0728328125 0
-0.856359375 -0.0728328125 0
-0.856359375 -0.063484375 0
-0.8657078125 -0.063484375 0
-0.857850595953 -0.046710357572 0
-0.858080626051 -0.0441228611627 0
-0.866568438025 -0.0475167430813 0
-0.866453422977 -0.051872053786 0
-0.858310656148 -0.0415353647533 0
-0.866683453074 -0.0431614323767 0
-0.866080617738 -0.057678214393 0
-0.857104985477 -0.055097366286 0
-0.866195632787 -0.0346260286883 0
-0.857335015574 -0.0338129948767 0
-0.856359375 -0.026090625 0
-0.8657078125 -0.026090625 0
-0.8657078125 -0.0167421875 0
-0.856359375 -0.0167421875 0
-0.856359375 -0.00739375 0
-0.856359375 0.011303125 0
-0.8470109375 -0.7085265625 0
-0.8376625 -0.699178125 0
-0.8470109375 -0.699178125 0
-0.836943194599 -0.68203276153 0
-0.836842482544 -0.679632188979 0
-0.840118224844 -0.679513764541 0
-0.841806452018 -0.680654838595 0
-0.836741770488 -0.677231616429 0
-0.841705739962 -0.678254266044 0
-0.846669709437 -0.67927691566 0
-0.851633678911 -0.680299565275 0
-0.846938704401 -0.689729974521 0
-0.8373028473 -0.690605443265 0
-0.846738822465 -0.670023994641 0
-0.851604156782 -0.677878822245 0
-0.837202135244 -0.669507995714 0
-0.8376625 -0.661784375 0
-0.8470109375 -0.661784375 0
-0.853268653981 -0.679026619792 0
-0.8470109375 -0.6524359375 0
-0.8470109375 -0.0728328125 0
-0.8376625 -0.063484375 0
-0.8470109375 -0.063484375 0
-0.85111460165 -0.0426687609899 0
-0.854712628899 -0.0421020628716 0
-0.855758617917 -0.0436381611051 0
-0.854482598802 -0.0446895592809 0
-0.847369775048 -0.0536066326724 0
-0.8376625 -0.0541359375 0
-0.8376625 -0.0447875 0
-0.844388550825 -0.043728130495 0
-0.842146533883 -0.0406845869966 0
-0.844388550825 -0.038633130495 0
-0.8376625 -0.0396925 0
-0.8376625 -0.0345975 0
-0.8376625 -0.0303440625 0
-0.848503383514 -0.03330531379 0
-0.8376625 -0.026090625 0
-0.8470109375 -0.026090625 0
-0.8470109375 -0.0167421875 0
-0.8376625 -0.0167421875 0
-0.8376625 -0.00739375 0
-0.8470109375 -0.00739375 0
-0.8470109375 0.0019546875 0
-0.8376625 0.0019546875 0
-0.8376625 0.011303125 0
-0.818965625 -0.7085265625 0
-0.8283140625 -0.7085265625 0
-0.818965625 -0.699178125 0
-0.8283140625 -0.699178125 0
-0.818965625 -0.68712640625 0
-0.818965625 -0.683803828125 0
-0.827904053772 -0.681718008552 0
-0.8279544098 -0.68457958389 0
-0.818965625 -0.68048125 0
-0.827853697744 -0.678856433214 0
-0.82813423615 -0.691878854445 0
-0.818965625 -0.693152265625 0
-0.828083880122 -0.670320404107 0
-0.818965625 -0.661784375 0
-0.818965625 -0.063484375 0
-0.8283140625 -0.0541359375 0
-0.818965625 -0.0447875 0
-0.8283140625 -0.0447875 0
-0.825530702826 -0.0273184216958 0
-0.831596601413 -0.0267045233479 0
-0.833618567609 -0.0293355155653 0
-0.831596601413 -0.0309579608479 0
-0.827220419206 -0.0369909993932 0
-0.818361262 -0.0364463341674 0
-0.817756898999 -0.0281051683349 0
-0.821643800913 -0.0277117950153 0
-0.820450620748 -0.0260873820942 0
-0.821797481623 -0.0250784889738 0
-0.817910579709 -0.0254718622933 0
-0.81806426042 -0.0228385562518 0
-0.81851494271 -0.0151161531259 0
-0.828268311692 -0.0168571981856 0
-0.818965625 -0.00739375 0
-0.8283140625 -0.00739375 0
-0.8283140625 0.0019546875 0
-0.818965625 0.011303125 0
-0.8096171875 -0.7085265625 0
-0.80026875 -0.699178125 0
-0.8096171875 -0.699178125 0
-0.80026875 -0.692423854167 0
-0.80026875 -0.686452552083 0
-0.8096171875 -0.685128190104 0
-0.8096171875 -0.689775130208 0
-0.80026875 -0.68048125 0
-0.8096171875 -0.68048125 0
-0.8096171875 -0.694476627604 0
-0.80026875 -0.695800989583 0
-0.8096171875 -0.6711328125 0
-0.80026875 -0.6711328125 0
-0.80026875 -0.661784375 0
-0.809315006 -0.0359426983337 0
-0.80026875 -0.026090625 0
-0.8090128245 -0.0270978966674 0
-0.800485489492 -0.0122912936954 0
-0.800527898188 -0.00959122444498 0
-0.809521420449 -0.0123536887854 0
-0.809274874956 -0.0175649249736 0
-0.800570306883 -0.00689115519452 0
-0.809767965942 -0.00714245259726 0
-0.809143849728 -0.0223314108205 0
-0.800377119746 -0.0191909593477 0
-0.809692576721 0.00208033620137 0
-0.800419528442 0.00220598490274 0
-0.80026875 0.011303125 0
-0.781571875 -0.736571875 0
-0.781571875 -0.717875 0
-0.782017930567 -0.710100876264 0
-0.791143340283 -0.709313719382 0
-0.782463986133 -0.702326752529 0
-0.791366368067 -0.700752438764 0
-0.782267859086 -0.697524106592 0
-0.781919867043 -0.689002678296 0
-0.791094308521 -0.68772761519 0
-0.791268304543 -0.69497398038 0
-0.781571875 -0.68048125 0
-0.7909203125 -0.68048125 0
-0.791317336305 -0.697863209572 0
-0.782365922609 -0.699925429561 0
-0.7909203125 -0.6711328125 0
-0.781571875 -0.661784375 0
-0.781571875 -0.0354390625 0
-0.7909203125 -0.0354390625 0
-0.781571875 -0.026090625 0
-0.7909203125 -0.026090625 0
-0.791868911053 -0.00712134663198 0
-0.796219608968 -0.00700625091325 0
-0.797641569143 -0.00876793184064 0
-0.796177200273 -0.0097063201637 0
-0.790572311521 -0.0171417748013 0
-0.781571875 -0.0167421875 0
-0.781571875 -0.00739375 0
-0.786720393027 -0.00725754831599 0
-0.785004220351 -0.00515274054399 0
-0.786720393027 -0.00403223581599 0
-0.781571875 -0.0041684375 0
-0.781571875 -0.000943125 0
-0.781571875 0.00518 0
-0.79158172996 0.00281600640064 0
-0.781571875 0.011303125 0
-0.7909203125 0.011303125 0
-0.7909203125 0.0206515625 0
-0.781571875 0.0206515625 0
-0.781571875 0.03 0
-0.781571875 0.048696875 0
-0.762875 -0.736571875 0
-0.762875 -0.7272234375 0
-0.7722234375 -0.7272234375 0
-0.762875 -0.717875 0
-0.7722234375 -0.717875 0
-0.762673878097 -0.703075734539 0
-0.762640993166 -0.700655944303 0
-0.765939344506 -0.700531113968 0
-0.767604962641 -0.701678593919 0
-0.762608108236 -0.698236154067 0
-0.76757207771 -0.699258803682 0
-0.772536047184 -0.700281453298 0
-0.777500016659 -0.701304102913 0
-0.772481050342 -0.709584683548 0
-0.762774439048 -0.71047536727 0
-0.772281281084 -0.68987873787 0
-0.777401953135 -0.698902779945 0
-0.762741554118 -0.689358702033 0
-0.762875 -0.68048125 0
-0.7722234375 -0.68048125 0
-0.779089297464 -0.700044104136 0
-0.7722234375 -0.6711328125 0
-0.762875 -0.6711328125 0
-0.762875 -0.661784375 0
-0.7722234375 -0.0354390625 0
-0.762875 -0.026090625 0
-0.7722234375 -0.026090625 0
-0.7722234375 -0.0167421875 0
-0.762875 -0.0167421875 0
-0.762875 -0.00739375 0
-0.7722234375 -0.00739375 0
-0.764366220953 0.00938026742804 0
-0.764596251051 0.0119677638373 0
-0.773084063025 0.00857388191867 0
-0.772969047977 0.00421857121402 0
-0.764826281148 0.0145552602467 0
-0.773199078074 0.0129291926233 0
-0.772596242738 -0.00158758939299 0
-0.763620610477 0.000993258714018 0
-0.772711257787 0.0214645963117 0
-0.763850640574 0.0222776301233 0
-0.762875 0.03 0
-0.7722234375 0.03 0
-0.7722234375 0.0393484375 0
-0.762875 0.0393484375 0
-0.762875 0.048696875 0
-0.744178125 -0.736571875 0
-0.7535265625 -0.7272234375 0
-0.744178125 -0.717875 0
-0.7535265625 -0.717875 0
-0.744178125 -0.708316197917 0
-0.744178125 -0.703747161458 0
-0.753409559083 -0.702201552881 0
-0.753426001548 -0.705695966228 0
-0.744178125 -0.699178125 0
-0.753393116618 -0.698707139533 0
-0.753476282024 -0.711785483114 0
-0.744178125 -0.713095598958 0
-0.753459839559 -0.689594194767 0
-0.744178125 -0.6898296875 0
-0.744178125 -0.68048125 0
-0.7535265625 -0.68048125 0
-0.7535265625 -0.6711328125 0
-0.744178125 -0.661784375 0
-0.744178125 -0.026090625 0
-0.7535265625 -0.0167421875 0
-0.744178125 -0.00739375 0
-0.7535265625 -0.00739375 0
-0.75763022665 0.0134218640101 0
-0.761228253899 0.0139885621284 0
-0.762274242917 0.0124524638949 0
-0.760998223802 0.0114010657191 0
-0.753885400048 0.00248399232758 0
-0.744178125 0.0019546875 0
-0.744178125 0.011303125 0
-0.750904175825 0.012362494505 0
-0.748662158883 0.0154060380034 0
-0.750904175825 0.017457494505 0
-0.744178125 0.016398125 0
-0.744178125 0.021493125 0
-0.744178125 0.0257465625 0
-0.755019008514 0.02278531121 0
-0.744178125 0.03 0
-0.7535265625 0.03 0
-0.7535265625 0.0393484375 0
-0.744178125 0.0393484375 0
-0.744178125 0.048696875 0
-0.7535265625 0.048696875 0
-0.7535265625 0.0580453125 0
-0.744178125 0.0580453125 0
-0.744178125 0.646996875 0
-0.744178125 0.66569375 0
-0.744178125 0.684390625 0
-0.744178125 0.7030875 0
-0.744178125 0.721784375 0
-0.744178125 0.74048125 0
-0.744178125 0.759178125 0
-0.72548125 -0.736571875 0
-0.725559521834 -0.72749969103 0
-0.734868823417 -0.727361564265 0
-0.725637793667 -0.718427507061 0
-0.734907959334 -0.71815125353 0
-0.725598375546 -0.713580460262 0
-0.725539812773 -0.706379292631 0
-0.734858968886 -0.705063227045 0
-0.734888250273 -0.710948329089 0
-0.72548125 -0.699178125 0
-0.7348296875 -0.699178125 0
-0.734898104803 -0.71454979131 0
-0.725618084606 -0.716003983661 0
-0.7348296875 -0.6898296875 0
-0.7348296875 0.0019546875 0
-0.72548125 0.011303125 0
-0.7348296875 0.011303125 0
-0.732046327826 0.0287722033042 0
-0.738112226413 0.0293861016521 0
-0.740134192609 0.0267551094347 0
-0.738112226413 0.0251326641521 0
-0.733736044206 0.0190996256068 0
-0.724876887 0.0196442908326 0
-0.724272523999 0.0279854566651 0
-0.728159425913 0.0283788299847 0
-0.726966245748 0.0300032429058 0
-0.728313106623 0.0310121360262 0
-0.724426204709 0.0306187627067 0
-0.72457988542 0.0332520687482 0
-0.72503056771 0.0409744718741 0
-0.734783936692 0.0392334268144 0
-0.72548125 0.048696875 0
-0.7348296875 0.048696875 0
-0.7348296875 0.0580453125 0
-0.72548125 0.646996875 0
-0.72548125 0.6563453125 0
-0.7348296875 0.6563453125 0
-0.72548125 0.66569375 0
-0.7348296875 0.66569375 0
-0.7348296875 0.6750421875 0
-0.72548125 0.6750421875 0
-0.72548125 0.684390625 0
-0.72548125 0.6937390625 0
-0.7348296875 0.6937390625 0
-0.72548125 0.7030875 0
-0.7348296875 0.7030875 0
-0.7348296875 0.7124359375 0
-0.72548125 0.7124359375 0
-0.72548125 0.721784375 0
-0.724252392328 0.733120773529 0
-0.7348296875 0.7311328125 0
-0.72548125 0.74048125 0
-0.7348296875 0.74048125 0
-0.7348296875 0.7498296875 0
-0.72548125 0.7498296875 0
-0.72548125 0.759178125 0
-0.706784375 -0.7459203125 0
-0.7161328125 -0.7459203125 0
-0.706784375 -0.736571875 0
-0.7161328125 -0.736571875 0
-0.705998184853 -0.719133847625 0
-0.705890050311 -0.716735378112 0
-0.709163318446 -0.716617654683 0
-0.710854019786 -0.717758027727 0
-0.70578191577 -0.714336908599 0
-0.710745885244 -0.715359558214 0
-0.715709854718 -0.71638220783 0
-0.720673824193 -0.717404857445 0
-0.716019503884 -0.726979046975 0
-0.706391279927 -0.727852861312 0
-0.715819243034 -0.707272952807 0
-0.720654115132 -0.714981334046 0
-0.706283145385 -0.706757516799 0
-0.706784375 -0.699178125 0
-0.7161328125 -0.699178125 0
-0.72231534131 -0.716130058384 0
-0.7161328125 -0.6898296875 0
-0.706784375 -0.6898296875 0
-0.706784375 0.011303125 0
-0.715830631 0.0201479266663 0
-0.706784375 0.03 0
-0.7155284495 0.0289927283326 0
-0.707001114492 0.0437993313046 0
-0.707043523188 0.046499400555 0
-0.716037045449 0.0437369362146 0
-0.715790499956 0.0385257000264 0
-0.707085931883 0.0491994698055 0
-0.716283590942 0.0489481724027 0
-0.715659474728 0.0337592141795 0
-0.706892744746 0.0368996656523 0
-0.716208201721 0.0581709612014 0
-0.706935153442 0.0582966099027 0
-0.706784375 0.06739375 0
-0.706784375 0.086090625 0
-0.706784375 0.497421875 0
-0.706784375 0.51611875 0
-0.706784375 0.534815625 0
-0.706784375 0.5535125 0
-0.706784375 0.572209375 0
-0.706784375 0.59090625 0
-0.706784375 0.6002546875 0
-0.7161328125 0.6002546875 0
-0.706784375 0.609603125 0
-0.7161328125 0.609603125 0
-0.7161328125 0.6189515625 0
-0.706784375 0.6189515625 0
-0.706784375 0.6283 0
-0.706784375 0.6376484375 0
-0.7161328125 0.6376484375 0
-0.706784375 0.646996875 0
-0.7161328125 0.646996875 0
-0.716425084342 0.656279315632 0
-0.707368918684 0.656213318765 0
-0.707953462369 0.66542976253 0
-0.716717356184 0.665561756265 0
-0.705402563428 0.675354209468 0
-0.704127113958 0.680316432937 0
-0.705285235622 0.681908376601 0
-0.70650202119 0.6802232367 0
-0.702851664488 0.685278656406 0
-0.70522657172 0.685185460169 0
-0.707601478953 0.685092263933 0
-0.716541364476 0.684741444466 0
-0.715939796918 0.675190477442 0
-0.706678012899 0.670391985999 0
-0.707225609449 0.694136480085 0
-0.709633199154 0.694089881966 0
-0.704818019744 0.694183078203 0
-0.706784375 0.7030875 0
-0.709224647177 0.7030875 0
-0.711664919355 0.7030875 0
-0.718573084677 0.7030875 0
-0.717557224577 0.693914472233 0
-0.710280115927 0.7124359375 0
-0.713775856855 0.7124359375 0
-0.706784375 0.7124359375 0
-0.706784375 0.721784375 0
-0.711335584677 0.721784375 0
-0.715886794355 0.721784375 0
-0.720684022177 0.721784375 0
-0.719628553427 0.7124359375 0
-0.712363886089 0.72893431713 0
-0.717943397177 0.7308921875 0
-0.706784375 0.726976446759 0
-0.706784375 0.732168518519 0
-0.7133921875 0.736084259259 0
-0.72 0.74 0
-0.706784375 0.736324884259 0
-0.713360234375 0.73828275463 0
-0.706784375 0.74048125 0
-0.71332828125 0.74048125 0
-0.7198721875 0.74048125 0
-0.71993609375 0.740240625 0
-0.72267671875 0.74048125 0
-0.722708671875 0.740127226563 0
-0.72548125 0.740013828125 0
-0.72548125 0.73954640625 0
-0.722740625 0.739773203125 0
-0.72548125 0.730665390625 0
-0.721712323589 0.730778789062 0
-0.71806640625 0.740240625 0
-0.7161328125 0.7498296875 0
-0.706784375 0.759178125 0
-0.6974359375 -0.7459203125 0
-0.6880875 -0.736571875 0
-0.6974359375 -0.736571875 0
-0.6880875 -0.724208541667 0
-0.6880875 -0.721041770833 0
-0.696988775156 -0.718888574473 0
-0.697042842427 -0.721671194646 0
-0.6880875 -0.717875 0
-0.696934707885 -0.716105954299 0
-0.697239389963 -0.729121534823 0
-0.6880875 -0.730390208333 0
-0.697185322692 -0.70764203965 0
-0.6880875 -0.7085265625 0
-0.6880875 -0.699178125 0
-0.6974359375 -0.699178125 0
-0.6974359375 -0.6898296875 0
-0.6880875 0.011303125 0
-0.6880875 0.0206515625 0
-0.6974359375 0.0206515625 0
-0.6880875 0.03 0
-0.6974359375 0.03 0
-0.698384536053 0.048969278368 0
-0.702735233968 0.0490843740867 0
-0.704157194143 0.0473226931593 0
-0.702692825273 0.0463843048363 0
-0.697087936521 0.0389488501987 0
-0.6880875 0.0393484375 0
-0.6880875 0.048696875 0
-0.693236018027 0.048833076684 0
-0.691519845351 0.050937884456 0
-0.693236018027 0.052058389184 0
-0.6880875 0.0519221875 0
-0.6880875 0.0551475 0
-0.6880875 0.061270625 0
-0.69809735496 0.0589066314006 0
-0.6880875 0.06739375 0
-0.6974359375 0.06739375 0
-0.6974359375 0.0767421875 0
-0.6880875 0.0767421875 0
-0.6880875 0.086090625 0
-0.6880875 0.497421875 0
-0.6880875 0.5067703125 0
-0.6974359375 0.5067703125 0
-0.6880875 0.51611875 0
-0.6974359375 0.51611875 0
-0.6974359375 0.5254671875 0
-0.6880875 0.5254671875 0
-0.6880875 0.534815625 0
-0.6880875 0.5441640625 0
-0.6974359375 0.5441640625 0
-0.6880875 0.5535125 0
-0.6974359375 0.5535125 0
-0.6974359375 0.5628609375 0
-0.6880875 0.5628609375 0
-0.6880875 0.572209375 0
-0.689532840405 0.581231445312 0
-0.698158607702 0.581394628906 0
-0.69097818081 0.590253515624 0
-0.698881277905 0.590579882812 0
-0.688427281869 0.600177962562 0
-0.687151832398 0.605140186031 0
-0.688315416712 0.606756321424 0
-0.689534933603 0.605083277386 0
-0.685876382928 0.6101024095 0
-0.688259484133 0.610045500855 0
-0.690642585338 0.609988592211 0
-0.698713480169 0.609795858605 0
-0.698105555363 0.600214310171 0
-0.689702731339 0.595215739093 0
-0.689845971905 0.619172750428 0
-0.692710002346 0.619144296105 0
-0.686981941464 0.61920120475 0
-0.6880875 0.6283 0
-0.691432459677 0.6283 0
-0.694777419355 0.6283 0
-0.700780897177 0.6283 0
-0.699747188673 0.619047929303 0
-0.692487928427 0.6376484375 0
-0.696888356855 0.6376484375 0
-0.6880875 0.6376484375 0
-0.6880875 0.646996875 0
-0.693543397177 0.646996875 0
-0.698999294355 0.646996875 0
-0.702891834677 0.646996875 0
-0.701836365927 0.6376484375 0
-0.694587547317 0.656295187226 0
-0.701087594634 0.656245061953 0
-0.6880875 0.6563453125 0
-0.6880875 0.66569375 0
-0.695631697457 0.665593499453 0
-0.703175894914 0.665493248905 0
-0.705564678641 0.665461505717 0
-0.704228256659 0.656229190359 0
-0.69624405738 0.67519656973 0
-0.704289229171 0.670423729186 0
-0.6880875 0.6750421875 0
-0.6880875 0.684390625 0
-0.695469582244 0.684834640703 0
-0.705510640236 0.668759073633 0
-0.696452759872 0.693961070352 0
-0.6880875 0.6937390625 0
-0.6880875 0.7030875 0
-0.6974359375 0.7030875 0
-0.686491356038 0.7201430258 0
-0.686250476763 0.722716930644 0
-0.688548898183 0.723173408779 0
-0.68981854853 0.722114695425 0
-0.686009597489 0.725290835487 0
-0.689577669256 0.724688600269 0
-0.693145741023 0.724086365051 0
-0.699965058012 0.722935370025 0
-0.69702091538 0.713045483242 0
-0.687289428019 0.7116152629 0
-0.69589016508 0.733366534016 0
-0.699965058012 0.728127441785 0
-0.687048548745 0.732886042744 0
-0.6880875 0.74048125 0
-0.6974359375 0.74048125 0
-0.702238163674 0.726013086189 0
-0.6974359375 0.7498296875 0
-0.6880875 0.7498296875 0
-0.6880875 0.759178125 0
-0.669390625 -0.773965625 0
-0.669390625 -0.75526875 0
-0.669390625 -0.7459203125 0
-0.6787390625 -0.7459203125 0
-0.669390625 -0.736571875 0
-0.6787390625 -0.736571875 0
-0.669390625 -0.729505989583 0
-0.669390625 -0.723690494792 0
-0.6787390625 -0.722366132813 0
-0.6787390625 -0.726857265625 0
-0.669390625 -0.717875 0
-0.6787390625 -0.717875 0
-0.6787390625 -0.731714570313 0
-0.669390625 -0.733038932292 0
-0.6787390625 -0.7085265625 0
-0.669390625 -0.699178125 0
-0.669390625 0.011303125 0
-0.6787390625 0.0206515625 0
-0.669390625 0.03 0
-0.6787390625 0.03 0
-0.6787390625 0.0393484375 0
-0.669390625 0.0393484375 0
-0.669390625 0.048696875 0
-0.6787390625 0.048696875 0
-0.670881845953 0.065470892428 0
-0.671111876051 0.0680583888373 0
-0.679599688025 0.0646645069187 0
-0.679484672977 0.060309196214 0
-0.671341906148 0.0706458852467 0
-0.679714703074 0.0690198176233 0
-0.679111867738 0.054503035607 0
-0.670136235477 0.057083883714 0
-0.679226882787 0.0775552213117 0
-0.670366265574 0.0783682551233 0
-0.669390625 0.086090625 0
-0.6787390625 0.086090625 0
-0.6787390625 0.0954390625 0
-0.669390625 0.0954390625 0
-0.669390625 0.1047875 0
-0.669390625 0.123484375 0
-0.669390625 0.347846875 0
-0.669390625 0.36654375 0
-0.669390625 0.385240625 0
-0.669390625 0.4039375 0
-0.669390625 0.4132859375 0
-0.6787390625 0.4132859375 0
-0.669390625 0.422634375 0
-0.6787390625 0.422634375 0
-0.6787390625 0.4319828125 0
-0.669390625 0.4319828125 0
-0.669390625 0.44133125 0
-0.669390625 0.4506796875 0
-0.6787390625 0.4506796875 0
-0.669390625 0.460028125 0
-0.6787390625 0.460028125 0
-0.6787390625 0.4693765625 0
-0.669390625 0.4693765625 0
-0.669390625 0.478725 0
-0.669688236444 0.488006234916 0
-0.678887868222 0.488039836208 0
-0.669985847889 0.497287469832 0
-0.679036673944 0.497354672416 0
-0.667434948948 0.50721191677 0
-0.666159499478 0.512174140239 0
-0.667315987723 0.51375885019 0
-0.668531956582 0.512070093432 0
-0.664884050007 0.517136363708 0
-0.667256507111 0.517032316902 0
-0.669628964215 0.516928270095 0
-0.678858232108 0.516523510048 0
-0.67825855705 0.506981586442 0
-0.668710398418 0.502249693301 0
-0.669275223558 0.52597234688 0
-0.671657871428 0.525913430609 0
-0.666892575688 0.526031263151 0
-0.668901101369 0.534926162594 0
-0.671293940005 0.534912376858 0
-0.67368677864 0.534898591122 0
-0.68088713932 0.534857108061 0
-0.679872685714 0.525690309054 0
-0.672467106091 0.544212438429 0
-0.675788348998 0.544205545561 0
-0.669145863184 0.544219331297 0
-0.669390625 0.5535125 0
-0.673640272177 0.5535125 0
-0.677889919355 0.5535125 0
-0.682988709677 0.5535125 0
-0.681937924499 0.544184804031 0
-0.674695740927 0.5628609375 0
-0.680000856855 0.5628609375 0
-0.669390625 0.5628609375 0
-0.669390625 0.572209375 0
-0.675751209677 0.572209375 0
-0.682111794355 0.572209375 0
-0.685099647177 0.572209375 0
-0.684044178427 0.5628609375 0
-0.676777954376 0.581430605987 0
-0.684165283752 0.581303399474 0
-0.669390625 0.5815578125 0
-0.669390625 0.59090625 0
-0.677804699075 0.590651836974 0
-0.68621877315 0.590397423948 0
-0.68859847698 0.590325469786 0
-0.686849062078 0.581267422393 0
-0.678409982704 0.600220641957 0
-0.687323027509 0.595287693255 0
-0.669390625 0.6002546875 0
-0.669390625 0.609603125 0
-0.677633503964 0.60985276725 0
-0.688541411942 0.593609634044 0
-0.678186283232 0.619076383625 0
-0.669390625 0.6189515625 0
-0.669390625 0.6283 0
-0.6787390625 0.6283 0
-0.6787390625 0.6376484375 0
-0.669390625 0.646996875 0
-0.6787390625 0.6563453125 0
-0.669390625 0.66569375 0
-0.6787390625 0.66569375 0
-0.6787390625 0.6750421875 0
-0.669390625 0.6750421875 0
-0.669390625 0.684390625 0
-0.6787390625 0.684390625 0
-0.6787390625 0.6937390625 0
-0.669390625 0.6937390625 0
-0.669390625 0.7030875 0
-0.6787390625 0.7030875 0
-0.669390625 0.710009259259 0
-0.669390625 0.71589681713 0
-0.677820550882 0.719306873887 0
-0.677940990519 0.71507614253 0
-0.669390625 0.721784375 0
-0.677700111245 0.723537605244 0
-0.678340026509 0.709081821265 0
-0.669390625 0.70654837963 0
-0.678219586872 0.732009427622 0
-0.669390625 0.7311328125 0
-0.669390625 0.74048125 0
-0.6787390625 0.74048125 0
-0.6787390625 0.7498296875 0
-0.669390625 0.759178125 0
-0.65069375 -0.773965625 0
-0.65069375 -0.7646171875 0
-0.6600421875 -0.7646171875 0
-0.65069375 -0.75526875 0
-0.6600421875 -0.75526875 0
-0.660244782854 -0.746635354925 0
-0.651098940707 -0.747350397349 0
-0.651504131415 -0.739432044699 0
-0.660447378207 -0.738001959849 0
-0.651323424107 -0.734625029836 0
-0.651008587054 -0.726250014918 0
-0.660199606027 -0.724970254855 0
-0.660357024554 -0.73206550971 0
-0.65069375 -0.717875 0
-0.6600421875 -0.717875 0
-0.66040220138 -0.73503373478 0
-0.651413777761 -0.737028537268 0
-0.6600421875 -0.7085265625 0
-0.65069375 -0.7085265625 0
-0.65069375 -0.699178125 0
-0.6600421875 0.0393484375 0
-0.65069375 0.048696875 0
-0.6600421875 0.048696875 0
-0.66414585165 0.0695124890101 0
-0.667743878899 0.0700791871284 0
-0.668789867917 0.0685430888949 0
-0.667513848802 0.0674916907191 0
-0.660401025048 0.0585746173276 0
-0.65069375 0.0580453125 0
-0.65069375 0.06739375 0
-0.657419800825 0.068453119505 0
-0.655177783883 0.0714966630034 0
-0.657419800825 0.073548119505 0
-0.65069375 0.07248875 0
-0.65069375 0.07758375 0
-0.65069375 0.0818371875 0
-0.661534633514 0.07887593621 0
-0.65069375 0.086090625 0
-0.6600421875 0.086090625 0
-0.6600421875 0.0954390625 0
-0.65069375 0.0954390625 0
-0.65069375 0.1047875 0
-0.6600421875 0.1047875 0
-0.6600421875 0.1141359375 0
-0.65069375 0.1141359375 0
-0.65069375 0.123484375 0
-0.65069375 0.347846875 0
-0.65069375 0.3571953125 0
-0.6600421875 0.3571953125 0
-0.65069375 0.36654375 0
-0.6600421875 0.36654375 0
-0.6600421875 0.3758921875 0
-0.65069375 0.3758921875 0
-0.65069375 0.385240625 0
-0.65069375 0.3945890625 0
-0.6600421875 0.3945890625 0
-0.65069375 0.4039375 0
-0.6600421875 0.4039375 0
-0.660621391582 0.413155149481 0
-0.651852158165 0.413024361463 0
-0.653010566329 0.422111222926 0
-0.661200595665 0.422372798963 0
-0.650459667389 0.432035669864 0
-0.649184217918 0.436997893333 0
-0.650345879775 0.438605514986 0
-0.651564435437 0.436928214077 0
-0.647908768448 0.441960116802 0
-0.650288985966 0.441890437546 0
-0.652669203485 0.44182075829 0
-0.661029914242 0.441576004145 0
-0.660424231754 0.432005278186 0
-0.651735116859 0.427073446395 0
-0.652013066572 0.450959281273 0
-0.65472487392 0.450924441645 0
-0.649301259224 0.450994120901 0
-0.65069375 0.460028125 0
-0.653737147177 0.460028125 0
-0.656780544355 0.460028125 0
-0.663085584677 0.460028125 0
-0.66205774946 0.450802064573 0
-0.654792615927 0.4693765625 0
-0.658891481855 0.4693765625 0
-0.65069375 0.4693765625 0
-0.65069375 0.478725 0
-0.655848084677 0.478725 0
-0.661002419355 0.478725 0
-0.665196522177 0.478725 0
-0.664141053427 0.4693765625 0
-0.656897847686 0.488048169217 0
-0.663101945372 0.488022900935 0
-0.65069375 0.4880734375 0
-0.65069375 0.497421875 0
-0.657947610695 0.497371338435 0
-0.66520147139 0.497320801869 0
-0.667593659639 0.49730413585 0
-0.666395090908 0.488014567925 0
-0.658562638528 0.506987429615 0
-0.666318210169 0.502266359319 0
-0.65069375 0.5067703125 0
-0.65069375 0.51611875 0
-0.657788900004 0.516627556854 0
-0.667540756075 0.50060672949 0
-0.658793162844 0.525749225326 0
-0.65069375 0.5254671875 0
-0.65069375 0.534815625 0
-0.659797425684 0.534870893797 0
-0.659919806592 0.544191696899 0
-0.6600421875 0.5628609375 0
-0.6600421875 0.572209375 0
-0.6600421875 0.5815578125 0
-0.6600421875 0.6002546875 0
-0.6600421875 0.609603125 0
-0.6600421875 0.6189515625 0
-0.65069375 0.646996875 0
-0.65069375 0.66569375 0
-0.6600421875 0.6750421875 0
-0.65069375 0.684390625 0
-0.6600421875 0.684390625 0
-0.650286548554 0.698688325069 0
-0.650210461981 0.701359884847 0
-0.653007828466 0.702112034131 0
-0.654444554999 0.701152328888 0
-0.650134375408 0.704031444624 0
-0.654368468426 0.703823888666 0
-0.658602561443 0.703616332707 0
-0.663996593222 0.703351916354 0
-0.660276514807 0.693487041782 0
-0.650490149277 0.691539475035 0
-0.659279198192 0.713477201096 0
-0.663996593222 0.706812795983 0
-0.650414062704 0.712907909812 0
-0.65069375 0.721784375 0
-0.6600421875 0.721784375 0
-0.665794603814 0.705571030655 0
-0.6600421875 0.7311328125 0
-0.631996875 -0.773965625 0
-0.6413453125 -0.7646171875 0
-0.631996875 -0.75526875 0
-0.6413453125 -0.75526875 0
-0.631732827144 -0.740175698976 0
-0.631690540331 -0.737758572606 0
-0.634985757711 -0.737634630229 0
-0.636654509805 -0.738781222222 0
-0.631648253517 -0.735341446237 0
-0.636612222992 -0.736364095853 0
-0.641576192466 -0.737386745468 0
-0.64654016194 -0.738409395083 0
-0.641561545212 -0.746833660447 0
-0.631864851072 -0.747722224488 0
-0.641362041895 -0.727127795891 0
-0.646449808287 -0.736005887652 0
-0.631822564259 -0.726608223119 0
-0.631996875 -0.717875 0
-0.6413453125 -0.717875 0
-0.648134582659 -0.737147939997 0
-0.6413453125 -0.7085265625 0
-0.631996875 -0.699178125 0
-0.631996875 0.048696875 0
-0.6413453125 0.0580453125 0
-0.631996875 0.06739375 0
-0.6413453125 0.06739375 0
-0.638561952826 0.0848628283042 0
-0.644627851413 0.0854767266521 0
-0.646649817609 0.0828457344347 0
-0.644627851413 0.0812232891521 0
-0.640251669206 0.0751902506068 0
-0.631392512 0.0757349158326 0
-0.630788148999 0.0840760816651 0
-0.634675050913 0.0844694549847 0
-0.633481870748 0.0860938679058 0
-0.634828731623 0.0871027610262 0
-0.630941829709 0.0867093877067 0
-0.63109551042 0.0893426937482 0
-0.63154619271 0.0970650968741 0
-0.641299561692 0.0953240518144 0
-0.631996875 0.1047875 0
-0.6413453125 0.1047875 0
-0.6413453125 0.1141359375 0
-0.631996875 0.123484375 0
-0.631996875 0.14218125 0
-0.631996875 0.160878125 0
-0.631996875 0.179575 0
-0.631996875 0.198271875 0
-0.631996875 0.21696875 0
-0.631996875 0.235665625 0
-0.631996875 0.2543625 0
-0.631996875 0.2637109375 0
-0.6413453125 0.2637109375 0
-0.631996875 0.273059375 0
-0.6413453125 0.273059375 0
-0.6413453125 0.2824078125 0
-0.631996875 0.2824078125 0
-0.631996875 0.29175625 0
-0.631996875 0.3011046875 0
-0.6413453125 0.3011046875 0
-0.631996875 0.310453125 0
-0.6413453125 0.310453125 0
-0.641350652102 0.319800356783 0
-0.632007554204 0.319799151067 0
-0.632018233409 0.329145177134 0
-0.634026759089 0.338040076577 0
-0.642360254545 0.338269257038 0
-0.63603528477 0.34693497602 0
-0.643364517385 0.34739092551 0
-0.633484385829 0.356859422958 0
-0.632208936359 0.361821646427 0
-0.633376716688 0.363456364179 0
-0.634598331589 0.361792611321 0
-0.630933486889 0.366783869896 0
-0.633322882118 0.36675483479 0
-0.635712277348 0.366725799684 0
-0.643203013674 0.366634774842 0
-0.642590175156 0.357029372889 0
-0.6347598353 0.351897199489 0
-0.634633920898 0.375997729895 0
-0.637802660851 0.375983212342 0
-0.631465180944 0.376012247448 0
-0.631996875 0.385240625 0
-0.635944959677 0.385240625 0
-0.639893044355 0.385240625 0
-0.645293397177 0.385240625 0
-0.644248205426 0.375937699921 0
-0.637000428427 0.3945890625 0
-0.642003981855 0.3945890625 0
-0.631996875 0.3945890625 0
-0.631996875 0.4039375 0
-0.638055897177 0.4039375 0
-0.644114919355 0.4039375 0
-0.647404334677 0.4039375 0
-0.646348865927 0.3945890625 0
-0.639088530073 0.413184807288 0
-0.646180185146 0.413083677077 0
-0.631996875 0.4132859375 0
-0.631996875 0.422634375 0
-0.640121162969 0.422432114577 0
-0.648245450938 0.422229854153 0
-0.650628008634 0.42217053854 0
-0.649016171656 0.41305401927 0
-0.640728664725 0.432011618171 0
-0.649352559163 0.427132762009 0
-0.631996875 0.4319828125 0
-0.631996875 0.44133125 0
-0.639952821724 0.441645683401 0
-0.650571894884 0.425458915647 0
-0.640649067112 0.450836904201 0
-0.631996875 0.460028125 0
-0.6413453125 0.4693765625 0
-0.631996875 0.478725 0
-0.6413453125 0.478725 0
-0.6413453125 0.4880734375 0
-0.631996875 0.497421875 0
-0.6413453125 0.5067703125 0
-0.631996875 0.51611875 0
-0.6413453125 0.51611875 0
-0.6413453125 0.5254671875 0
-0.631996875 0.534815625 0
-0.631996875 0.646996875 0
-0.631996875 0.66569375 0
-0.632429734885 0.674311736444 0
-0.641561742442 0.674676961972 0
-0.63286259477 0.682929722889 0
-0.641778172385 0.683660173944 0
-0.632635041273 0.688228172606 0
-0.632315958136 0.695657836303 0
-0.641263210059 0.698508860575 0
-0.641460794914 0.693458248838 0
-0.631996875 0.7030875 0
-0.641065625204 0.703559472312 0
-0.641619483649 0.688559211391 0
-0.632748818021 0.685578947747 0
-0.641205468852 0.712671923656 0
-0.631996875 0.721784375 0
-0.6133 -0.773965625 0
-0.6133 -0.7646171875 0
-0.6226484375 -0.7646171875 0
-0.6133 -0.75526875 0
-0.6226484375 -0.75526875 0
-0.6133 -0.745398333333 0
-0.6133 -0.740985104167 0
-0.622495270165 -0.739371838387 0
-0.622516413572 -0.742787016155 0
-0.6133 -0.736571875 0
-0.622474126759 -0.735956660619 0
-0.622582425536 -0.749027883077 0
-0.6133 -0.750333541667 0
-0.622561282129 -0.726915830309 0
-0.622346256 0.0762385516663 0
-0.6133 0.086090625 0
-0.6220440745 0.0850833533326 0
-0.613516739492 0.0998899563046 0
-0.613559148188 0.102590025555 0
-0.622552670449 0.0998275612146 0
-0.622306124956 0.0946163250264 0
-0.613601556883 0.105290094805 0
-0.622799215942 0.105038797403 0
-0.622175099728 0.0898498391795 0
-0.613408369746 0.0929902906523 0
-0.622723826721 0.114261586201 0
-0.613450778442 0.114387234903 0
-0.6133 0.123484375 0
-0.6133 0.14218125 0
-0.6133 0.160878125 0
-0.6133 0.1702265625 0
-0.6226484375 0.1702265625 0
-0.6133 0.179575 0
-0.6226484375 0.179575 0
-0.6226484375 0.1889234375 0
-0.6133 0.1889234375 0
-0.6133 0.198271875 0
-0.6133 0.2076203125 0
-0.6226484375 0.2076203125 0
-0.6133 0.21696875 0
-0.6226484375 0.21696875 0
-0.6226484375 0.2263171875 0
-0.6133 0.2263171875 0
-0.6133 0.235665625 0
-0.614171475925 0.244817277614 0
-0.623084175462 0.244915670057 0
-0.615042951849 0.253968930228 0
-0.623519913425 0.254165715114 0
-0.612492052908 0.263893377166 0
-0.611216603438 0.268855600635 0
-0.612376447167 0.270455170584 0
-0.613594093767 0.268773843824 0
-0.609941153968 0.273817824104 0
-0.612318644296 0.273736067293 0
-0.614696134625 0.273654310483 0
-0.623346504813 0.273356842741 0
-0.622742937902 0.263796291682 0
-0.613767502379 0.258931153697 0
-0.614180239487 0.282746158647 0
-0.61673990199 0.282705280241 0
-0.611620576984 0.282787037052 0
-0.6133 0.29175625 0
-0.616041834677 0.29175625 0
-0.618783669355 0.29175625 0
-0.625390272177 0.29175625 0
-0.624368388495 0.282556546371 0
-0.617097303427 0.3011046875 0
-0.620894606855 0.3011046875 0
-0.6133 0.3011046875 0
-0.6133 0.310453125 0
-0.618152772177 0.310453125 0
-0.623005544355 0.310453125 0
-0.627501209677 0.310453125 0
-0.626445740927 0.3011046875 0
-0.619208038363 0.319800665431 0
-0.625116076727 0.319799768362 0
-0.6133 0.3198015625 0
-0.6133 0.32915 0
-0.62026330455 0.329148205862 0
-0.627226609099 0.329146411725 0
-0.629622421254 0.329145794429 0
-0.628561815466 0.319799459715 0
-0.621278250333 0.338317184512 0
-0.629256500667 0.338135931524 0
-0.6133 0.3384984375 0
-0.6133 0.347846875 0
-0.622293196117 0.347486163161 0
-0.631286392234 0.347125451323 0
-0.633660838502 0.347030213671 0
-0.631641629878 0.33808800405 0
-0.622894407332 0.357035425269 0
-0.632385389032 0.35199243714 0
-0.6133 0.3571953125 0
-0.6133 0.36654375 0
-0.622116743444 0.366663809948 0
-0.633602020946 0.350306616768 0
-0.622382590472 0.375952217474 0
-0.6133 0.3758921875 0
-0.6133 0.385240625 0
-0.6226484375 0.385240625 0
-0.6226484375 0.3945890625 0
-0.6226484375 0.4132859375 0
-0.6226484375 0.422634375 0
-0.6226484375 0.4319828125 0
-0.6133 0.646996875 0
-0.6133 0.6563453125 0
-0.6226484375 0.6563453125 0
-0.6133 0.66569375 0
-0.6226484375 0.66569375 0
-0.6133 0.67677037037 0
-0.6133 0.680580497685 0
-0.617106676944 0.681566263806 0
-0.619010015417 0.68015408321 0
-0.6133 0.684390625 0
-0.619010015417 0.683964210525 0
-0.624720030834 0.68353779605 0
-0.628791312802 0.683233759469 0
-0.623555688815 0.673765576237 0
-0.6133 0.671232060185 0
-0.622547976778 0.693815121273 0
-0.628677536054 0.685882984328 0
-0.6133 0.6937390625 0
-0.6133 0.7030875 0
-0.6226484375 0.7030875 0
-0.630072555622 0.684898563845 0
-0.6226484375 0.7124359375 0
-0.6133 0.7124359375 0
-0.6133 0.721784375 0
-0.594603125 -0.7833140625 0
-0.6039515625 -0.7833140625 0
-0.594603125 -0.773965625 0
-0.6039515625 -0.773965625 0
-0.603970265987 -0.764683199808 0
-0.594640531974 -0.764749212115 0
-0.594677938949 -0.755532799231 0
-0.603988969474 -0.755400774615 0
-0.594658791338 -0.750680009121 0
-0.594630958169 -0.74362594206 0
-0.603965479085 -0.742305523114 0
-0.603979395669 -0.748039171227 0
-0.594603125 -0.736571875 0
-0.6039515625 -0.736571875 0
-0.603984182572 -0.751719972921 0
-0.594668365144 -0.753106404176 0
-0.6039515625 -0.7272234375 0
-0.594603125 -0.7272234375 0
-0.594603125 0.0767421875 0
-0.6039515625 0.0767421875 0
-0.594603125 0.086090625 0
-0.6039515625 0.086090625 0
-0.604900161053 0.105059903368 0
-0.609250858968 0.105174999087 0
-0.610672819143 0.103413318159 0
-0.609208450273 0.102474929836 0
-0.603603561521 0.0950394751987 0
-0.594603125 0.0954390625 0
-0.594603125 0.1047875 0
-0.599751643027 0.104923701684 0
-0.598035470351 0.107028509456 0
-0.599751643027 0.108149014184 0
-0.594603125 0.1080128125 0
-0.594603125 0.111238125 0
-0.594603125 0.11736125 0
-0.60461297996 0.114997256401 0
-0.594603125 0.123484375 0
-0.6039515625 0.123484375 0
-0.6039515625 0.1328328125 0
-0.594603125 0.1328328125 0
-0.594603125 0.14218125 0
-0.594603125 0.1515296875 0
-0.6039515625 0.1515296875 0
-0.594603125 0.160878125 0
-0.6039515625 0.160878125 0
-0.604817698822 0.17003098333 0
-0.596335397645 0.169835404161 0
-0.59806767029 0.178792683322 0
-0.605683835145 0.179183841661 0
-0.595516771349 0.18871713026 0
-0.594241321879 0.193679353729 0
-0.595406942226 0.195304505845 0
-0.596627477135 0.193635970169 0
-0.592965872408 0.198641577198 0
-0.595352027665 0.198598193638 0
-0.597738182921 0.198554810078 0
-0.60551909146 0.198413342539 0
-0.604908785767 0.188820259807 0
-0.596792220819 0.183754906791 0
-0.596800837421 0.207783471819 0
-0.599817176138 0.207761780039 0
-0.593784498704 0.207805163599 0
-0.594603125 0.21696875 0
-0.598249647177 0.21696875 0
-0.601896169355 0.21696875 0
-0.607598084677 0.21696875 0
-0.606558588069 0.20769104627 0
-0.599305115927 0.2263171875 0
-0.604007106855 0.2263171875 0
-0.594603125 0.2263171875 0
-0.594603125 0.235665625 0
-0.600360584677 0.235665625 0
-0.606118044355 0.235665625 0
-0.609709022177 0.235665625 0
-0.608653553427 0.2263171875 0
-0.601399021925 0.244938637274 0
-0.60819491885 0.244863212048 0
-0.594603125 0.2450140625 0
-0.594603125 0.2543625 0
-0.602437459172 0.254211649548 0
-0.610271793344 0.254060799096 0
-0.612657372597 0.254014864662 0
-0.611183197387 0.244840244831 0
-0.603047315337 0.263802551121 0
-0.611381923126 0.258977088131 0
-0.594603125 0.2637109375 0
-0.594603125 0.273059375 0
-0.602272139484 0.273438599552 0
-0.612602266034 0.257307702163 0
-0.603111850992 0.282597424776 0
-0.594603125 0.2824078125 0
-0.594603125 0.29175625 0
-0.6039515625 0.29175625 0
-0.6039515625 0.3011046875 0
-0.594603125 0.310453125 0
-0.6039515625 0.3198015625 0
-0.594603125 0.32915 0
-0.6039515625 0.32915 0
-0.6039515625 0.3384984375 0
-0.594603125 0.347846875 0
-0.6039515625 0.3571953125 0
-0.594603125 0.36654375 0
-0.6039515625 0.36654375 0
-0.6039515625 0.3758921875 0
-0.594603125 0.385240625 0
-0.594603125 0.609603125 0
-0.594603125 0.6283 0
-0.594603125 0.6376484375 0
-0.6039515625 0.6376484375 0
-0.594603125 0.646996875 0
-0.6039515625 0.646996875 0
-0.592757841165 0.664597239209 0
-0.592489679035 0.667154976434 0
-0.594712551328 0.667566684717 0
-0.595958068536 0.666493670244 0
-0.592221516905 0.66971271366 0
-0.595689906406 0.669051407469 0
-0.599158295907 0.668390101278 0
-0.606229147953 0.667041925639 0
-0.603410599007 0.657124998849 0
-0.593680483083 0.655797057105 0
-0.602225059129 0.677519101973 0
-0.606229147953 0.672580235824 0
-0.593412320953 0.67705166933 0
-0.594603125 0.684390625 0
-0.6039515625 0.684390625 0
-0.608586098636 0.670284740549 0
-0.6039515625 0.6937390625 0
-0.594603125 0.6937390625 0
-0.594603125 0.7030875 0
-0.6039515625 0.7030875 0
-0.6039515625 0.7124359375 0
-0.594603125 0.721784375 0
-0.5852546875 -0.7833140625 0
-0.57590625 -0.773965625 0
-0.5852546875 -0.773965625 0
-0.575052769869 -0.756235048537 0
-0.57493741546 -0.753838624653 0
-0.578208276973 -0.753721583101 0
-0.579901384935 -0.754861274269 0
-0.574822061051 -0.751442200769 0
-0.579786030526 -0.752464850385 0
-0.58475 -0.7534875 0
-0.589713969474 -0.754510149615 0
-0.585100329471 -0.764228129718 0
-0.575479509935 -0.765100336769 0
-0.584899602792 -0.744521896559 0
-0.589704395669 -0.75208375456 0
-0.575364155526 -0.744007037885 0
-0.57590625 -0.736571875 0
-0.5852546875 -0.736571875 0
-0.59136224343 -0.753233436119 0
-0.5852546875 -0.7272234375 0
-0.5852546875 0.0767421875 0
-0.57590625 0.086090625 0
-0.5852546875 0.086090625 0
-0.5852546875 0.0954390625 0
-0.57590625 0.0954390625 0
-0.57590625 0.1047875 0
-0.584491643981 0.10699653708 0
-0.5777759375 0.1047875 0
-0.57684109375 0.1047875 0
-0.577397109375 0.112096289062 0
-0.57888796875 0.11239375 0
-0.57590625 0.111798828125 0
-0.57590625 0.11881015625 0
-0.577953125 0.119405078125 0
-0.58 0.12 0
-0.57590625 0.121147265625 0
-0.578149823589 0.121444726562 0
-0.57590625 0.123484375 0
-0.578346522177 0.123484375 0
-0.580786794355 0.123484375 0
-0.580393397177 0.1217421875 0
-0.587694959677 0.123484375 0
-0.587498261089 0.11955171875 0
-0.5873015625 0.1156190625 0
-0.586745546875 0.11020328125 0
-0.58618953125 0.1047875 0
-0.579401990927 0.1328328125 0
-0.582897731855 0.1328328125 0
-0.57590625 0.1328328125 0
-0.57590625 0.14218125 0
-0.580457459677 0.14218125 0
-0.585008669355 0.14218125 0
-0.589805897177 0.14218125 0
-0.588750428427 0.1328328125 0
-0.581512928427 0.1515296875 0
-0.587119606855 0.1515296875 0
-0.57590625 0.1515296875 0
-0.57590625 0.160878125 0
-0.582568397177 0.160878125 0
-0.589230544355 0.160878125 0
-0.591916834677 0.160878125 0
-0.590861365927 0.1515296875 0
-0.583589176625 0.170072938447 0
-0.59127210325 0.169919314393 0
-0.57590625 0.1702265625 0
-0.57590625 0.179575 0
-0.584609956073 0.179267751893 0
-0.593313662145 0.178960503787 0
-0.595690666218 0.178876593554 0
-0.593803750447 0.169877359277 0
-0.585213146286 0.188826494862 0
-0.594415216747 0.183838817023 0
-0.57590625 0.1889234375 0
-0.57590625 0.198271875 0
-0.584436061204 0.198456726099 0
-0.595632701262 0.182156772456 0
-0.584845374352 0.20771273805 0
-0.5852546875 0.2263171875 0
-0.5852546875 0.235665625 0
-0.5852546875 0.2450140625 0
-0.5852546875 0.2637109375 0
-0.5852546875 0.273059375 0
-0.5852546875 0.2824078125 0
-0.57590625 0.609603125 0
-0.57590625 0.6189515625 0
-0.5852546875 0.6189515625 0
-0.57590625 0.6283 0
-0.5852546875 0.6283 0
-0.5852546875 0.6376484375 0
-0.57590625 0.6376484375 0
-0.57590625 0.646996875 0
-0.5852546875 0.646996875 0
-0.57590625 0.654611111111 0
-0.57590625 0.660152430556 0
-0.584197964518 0.663653703495 0
-0.584332045583 0.65960417516 0
-0.57590625 0.66569375 0
-0.584063883453 0.66770323183 0
-0.584793366541 0.65330052508 0
-0.57590625 0.650803993056 0
-0.584659285476 0.676046928415 0
-0.57590625 0.6750421875 0
-0.57590625 0.684390625 0
-0.5852546875 0.684390625 0
-0.5852546875 0.6937390625 0
-0.557209375 -0.7833140625 0
-0.5665578125 -0.7833140625 0
-0.557209375 -0.773965625 0
-0.5665578125 -0.773965625 0
-0.557209375 -0.761290677083 0
-0.557209375 -0.758279713542 0
-0.56607339523 -0.756059169097 0
-0.566131072435 -0.75876286281 0
-0.557209375 -0.75526875 0
-0.566015718026 -0.753355475385 0
-0.566344442467 -0.766364243905 0
-0.557209375 -0.767628151042 0
-0.566286765263 -0.744963675192 0
-0.557209375 -0.736571875 0
-0.557209375 0.086090625 0
-0.5665578125 0.0954390625 0
-0.557209375 0.1047875 0
-0.5665578125 0.1047875 0
-0.5665578125 0.1141359375 0
-0.577244060009 0.116052273746 0
-0.557209375 0.123484375 0
-0.5665578125 0.1328328125 0
-0.557209375 0.14218125 0
-0.5665578125 0.14218125 0
-0.5665578125 0.1515296875 0
-0.557209375 0.160878125 0
-0.5665578125 0.1702265625 0
-0.557209375 0.179575 0
-0.5665578125 0.179575 0
-0.5665578125 0.1889234375 0
-0.557209375 0.198271875 0
-0.557209375 0.609603125 0
-0.5665578125 0.6189515625 0
-0.557209375 0.6283 0
-0.5665578125 0.6283 0
-0.556573220578 0.643154501084 0
-0.556459757701 0.64580391194 0
-0.559137010313 0.646484882633 0
-0.560532368061 0.645500662555 0
-0.556346294824 0.648453322797 0
-0.560418905184 0.648150073411 0
-0.564491515544 0.647846824026 0
-0.570198882772 0.647421849513 0
-0.566659420145 0.637570868857 0
-0.556891297789 0.635727250542 0
-0.565651830377 0.657619880929 0
-0.570198882772 0.651228967569 0
-0.556777834912 0.657073536398 0
-0.557209375 0.66569375 0
-0.5665578125 0.66569375 0
-0.572101338515 0.649818270047 0
-0.5665578125 0.6750421875 0
-0.557209375 0.684390625 0
-0.5478609375 -0.7833140625 0
-0.5385125 -0.773965625 0
-0.5478609375 -0.773965625 0
-0.5385125 -0.766588125 0
-0.5385125 -0.7609284375 0
-0.5478609375 -0.759604075521 0
-0.5478609375 -0.763939401042 0
-0.5385125 -0.75526875 0
-0.5478609375 -0.75526875 0
-0.5478609375 -0.768952513021 0
-0.5385125 -0.770276875 0
-0.5478609375 -0.7459203125 0
-0.5385125 -0.7459203125 0
-0.5385125 -0.736571875 0
-0.5385125 0.609603125 0
-0.538793507093 0.618477363031 0
-0.548001441046 0.618714462765 0
-0.539074514186 0.627351601061 0
-0.548141944593 0.627825800531 0
-0.538921669019 0.632694322382 0
-0.53871708451 0.639845598691 0
-0.547588421105 0.642824755315 0
-0.547747444799 0.637924411733 0
-0.5385125 0.646996875 0
-0.547429397412 0.647725098898 0
-0.547944694696 0.632875106132 0
-0.538998091603 0.630022961721 0
-0.547645167456 0.656709424449 0
-0.519815625 -0.811359375 0
-0.519815625 -0.7926625 0
-0.520179950848 -0.784599918435 0
-0.529346225424 -0.783956990467 0
-0.520544276696 -0.776537336869 0
-0.529528388348 -0.775251480935 0
-0.520379436626 -0.771725826289 0
-0.520097530813 -0.763497288145 0
-0.529305015407 -0.762212862822 0
-0.529445968313 -0.769156975645 0
-0.519815625 -0.75526875 0
-0.5291640625 -0.75526875 0
-0.529487178331 -0.77220422829 0
-0.520461856661 -0.774131581579 0
-0.5291640625 -0.7459203125 0
-0.519815625 -0.736571875 0
-0.519815625 0.572209375 0
-0.519815625 0.59090625 0
-0.519815625 0.6002546875 0
-0.5291640625 0.6002546875 0
-0.519815625 0.609603125 0
-0.5291640625 0.609603125 0
-0.519815625 0.621372222222 0
-0.519815625 0.624836111111 0
-0.523413513673 0.625813563658 0
-0.52521245801 0.624570345487 0
-0.519815625 0.6283 0
-0.52521245801 0.628034234376 0
-0.530609291019 0.627768468752 0
-0.534841902603 0.627560034907 0
-0.529928269223 0.617908287047 0
-0.519815625 0.615487673611 0
-0.528930895213 0.637898935203 0
-0.534765480019 0.630231395567 0
-0.519815625 0.6376484375 0
-0.519815625 0.646996875 0
-0.5291640625 0.646996875 0
-0.536201824744 0.629271464068 0
-0.5291640625 0.6563453125 0
-0.519815625 0.6563453125 0
-0.50111875 -0.811359375 0
-0.50111875 -0.8020109375 0
-0.5104671875 -0.8020109375 0
-0.50111875 -0.7926625 0
-0.5104671875 -0.7926625 0
-0.500791199968 -0.777275826676 0
-0.500739799384 -0.774861282541 0
-0.504031978839 -0.774738200908 0
-0.505703768858 -0.775883932157 0
-0.500688398799 -0.772446738407 0
-0.505652368273 -0.773469388023 0
-0.510616337747 -0.774492037638 0
-0.515580307222 -0.775514687254 0
-0.510642089915 -0.784082650699 0
-0.500954974984 -0.784969163338 0
-0.510442771272 -0.764376842807 0
-0.515497887187 -0.773108931964 0
-0.500903574399 -0.763857744204 0
-0.50111875 -0.75526875 0
-0.5104671875 -0.75526875 0
-0.517180017024 -0.7742517336 0
-0.5104671875 -0.7459203125 0
-0.50111875 -0.7459203125 0
-0.50111875 -0.736571875 0
-0.50111875 0.572209375 0
-0.50111875 0.5815578125 0
-0.5104671875 0.5815578125 0
-0.50111875 0.59090625 0
-0.5104671875 0.59090625 0
-0.510987323026 0.5993769588 0
-0.502159021052 0.598499230099 0
-0.503199292105 0.606092210198 0
-0.511507458552 0.607847667599 0
-0.502717045422 0.61123973062 0
-0.501917897711 0.61976986531 0
-0.510866761355 0.622302988211 0
-0.511266335211 0.616305976421 0
-0.50111875 0.6283 0
-0.5104671875 0.6283 0
-0.511386896882 0.61207682201 0
-0.502958168763 0.608665970409 0
-0.5104671875 0.6376484375 0
-0.50111875 0.6376484375 0
-0.50111875 0.646996875 0
-0.5104671875 0.646996875 0
-0.5104671875 0.6563453125 0
-0.482421875 -0.811359375 0
-0.4917703125 -0.8020109375 0
-0.482421875 -0.7926625 0
-0.4917703125 -0.7926625 0
-0.482421875 -0.78248046875 0
-0.482421875 -0.778223046875 0
-0.491580837192 -0.776542164708 0
-0.491606537484 -0.779878147713 0
-0.482421875 -0.773965625 0
-0.491555136899 -0.773206181704 0
-0.491688424992 -0.786270323856 0
-0.482421875 -0.787571484375 0
-0.4916627247 -0.764237465852 0
-0.482421875 -0.7646171875 0
-0.482421875 -0.75526875 0
-0.4917703125 -0.75526875 0
-0.4917703125 -0.7459203125 0
-0.482421875 -0.736571875 0
-0.482421875 0.5628609375 0
-0.4917703125 0.5628609375 0
-0.482421875 0.572209375 0
-0.4917703125 0.572209375 0
-0.4917703125 0.5815578125 0
-0.482421875 0.5815578125 0
-0.482421875 0.59090625 0
-0.4917703125 0.59090625 0
-0.482421875 0.599212962963 0
-0.482421875 0.604408043981 0
-0.486969568826 0.605371279983 0
-0.489243415738 0.603255357474 0
-0.482421875 0.609603125 0
-0.489243415738 0.608450438493 0
-0.496064956476 0.607297751986 0
-0.49963212429 0.606694981092 0
-0.493317614231 0.598018854672 0
-0.482421875 0.595059606481 0
-0.492186434325 0.618340536037 0
-0.499391000949 0.609268741303 0
-0.482421875 0.6189515625 0
-0.482421875 0.6283 0
-0.4917703125 0.6283 0
-0.500660431334 0.608209897602 0
-0.4917703125 0.6376484375 0
-0.482421875 0.646996875 0
-0.463725 -0.811359375 0
-0.463725 -0.8020109375 0
-0.4730734375 -0.8020109375 0
-0.463725 -0.7926625 0
-0.4730734375 -0.7926625 0
-0.463725 -0.787777916667 0
-0.463725 -0.780871770833 0
-0.4730734375 -0.779547408854 0
-0.4730734375 -0.785129192708 0
-0.463725 -0.773965625 0
-0.4730734375 -0.773965625 0
-0.4730734375 -0.788895846354 0
-0.463725 -0.790220208333 0
-0.4730734375 -0.7646171875 0
-0.4730734375 0.5628609375 0
-0.463725 0.572209375 0
-0.4730734375 0.572209375 0
-0.462855045121 0.587617804516 0
-0.462706629681 0.590246502743 0
-0.465275427662 0.590863204025 0
-0.466634034373 0.589857205555 0
-0.46255821424 0.592875200969 0
-0.466485618933 0.592485903781 0
-0.470413023626 0.592096606593 0
-0.476417449313 0.591501428297 0
-0.473043811925 0.581653361733 0
-0.46329002256 0.579913589758 0
-0.47201828657 0.60176578662 0
-0.476417449313 0.595654784778 0
-0.46314160712 0.601239162985 0
-0.463725 0.609603125 0
-0.4730734375 0.609603125 0
-0.478418924543 0.594071939853 0
-0.4730734375 0.6189515625 0
-0.445028125 -0.8207078125 0
-0.4543765625 -0.8207078125 0
-0.445028125 -0.811359375 0
-0.4543765625 -0.811359375 0
-0.444106966018 -0.793336359628 0
-0.443984586175 -0.790941926284 0
-0.44724529901 -0.790827760195 0
-0.448936845346 -0.791967893819 0
-0.443862206333 -0.788547492939 0
-0.448814465503 -0.789573460474 0
-0.453766724674 -0.790599428009 0
-0.458745862337 -0.791630964004 0
-0.454180485384 -0.801481219578 0
-0.444567545509 -0.802347867314 0
-0.453980382539 -0.781772548134 0
-0.458745862337 -0.789188672338 0
-0.444445165666 -0.78125655897 0
-0.445028125 -0.773965625 0
-0.4543765625 -0.773965625 0
-0.460405574891 -0.790346614891 0
-0.4543765625 -0.7646171875 0
-0.445028125 -0.7646171875 0
-0.445028125 0.534815625 0
-0.445028125 0.5535125 0
-0.445157279301 0.562642989617 0
-0.454441139651 0.562751963558 0
-0.445286433602 0.571773479234 0
-0.454505716801 0.571991427117 0
-0.445213661715 0.577163651387 0
-0.445120893358 0.584034950693 0
-0.453913761519 0.587140726718 0
-0.454034353418 0.582390727951 0
-0.445028125 0.59090625 0
-0.45379316962 0.591890725485 0
-0.454270035109 0.577191077534 0
-0.445250047659 0.57446856531 0
-0.45408486606 0.600746925242 0
-0.445028125 0.609603125 0
-0.4356796875 -0.8207078125 0
-0.42633125 -0.811359375 0
-0.4356796875 -0.811359375 0
-0.42633125 -0.7983728125 0
-0.42633125 -0.79551765625 0
-0.435157918088 -0.793229791267 0
-0.435219108009 -0.795854586064 0
-0.42633125 -0.7926625 0
-0.435096728166 -0.79060499647 0
-0.435449397754 -0.803606980532 0
-0.42633125 -0.80486609375 0
-0.435388207833 -0.782285310735 0
-0.42633125 -0.7833140625 0
-0.42633125 -0.773965625 0
-0.4356796875 -0.773965625 0
-0.4356796875 -0.7646171875 0
-0.42633125 0.534815625 0
-0.42633125 0.5441640625 0
-0.4356796875 0.5441640625 0
-0.42633125 0.5535125 0
-0.4356796875 0.5535125 0
-0.42633125 0.565974074074 0
-0.42633125 0.569091724537 0
-0.429707584854 0.57005329874 0
-0.431395752281 0.568975260611 0
-0.42633125 0.572209375 0
-0.431395752281 0.572092911074 0
-0.436460254562 0.571976447148 0
-0.440873344082 0.571874963191 0
-0.436306633736 0.562047071481 0
-0.42633125 0.559743287037 0
-0.435312297044 0.581984478372 0
-0.440836958138 0.574570049267 0
-0.42633125 0.5815578125 0
-0.42633125 0.59090625 0
-0.4356796875 0.59090625 0
-0.442320116627 0.573637859256 0
-0.4356796875 0.6002546875 0
-0.42633125 0.6002546875 0
-0.42633125 0.609603125 0
-0.407634375 -0.848753125 0
-0.407634375 -0.83005625 0
-0.407634375 -0.8207078125 0
-0.4169828125 -0.8207078125 0
-0.407634375 -0.811359375 0
-0.4169828125 -0.811359375 0
-0.407634375 -0.803670260417 0
-0.407634375 -0.798166380208 0
-0.4169828125 -0.796842018229 0
-0.4169828125 -0.801021536458 0
-0.407634375 -0.7926625 0
-0.4169828125 -0.7926625 0
-0.4169828125 -0.806190455729 0
-0.407634375 -0.807514817708 0
-0.4169828125 -0.7833140625 0
-0.407634375 -0.773965625 0
-0.407634375 0.497421875 0
-0.407634375 0.51611875 0
-0.407634375 0.5254671875 0
-0.4169828125 0.5254671875 0
-0.407634375 0.534815625 0
-0.4169828125 0.534815625 0
-0.41742702163 0.543414459593 0
-0.40852279326 0.542664856685 0
-0.409411211521 0.550514088371 0
-0.41787123076 0.552013294185 0
-0.408986823314 0.555695895297 0
-0.408310599157 0.563952635149 0
-0.417320924579 0.566522179843 0
-0.417659036657 0.560834984686 0
-0.407634375 0.572209375 0
-0.4169828125 0.572209375 0
-0.417765133709 0.556424139436 0
-0.409199017418 0.553104991834 0
-0.4169828125 0.5815578125 0
-0.407634375 0.5815578125 0
-0.407634375 0.59090625 0
-0.4169828125 0.59090625 0
-0.4169828125 0.6002546875 0
-0.407634375 0.609603125 0
-0.3889375 -0.848753125 0
-0.3889375 -0.8394046875 0
-0.3982859375 -0.8394046875 0
-0.3889375 -0.83005625 0
-0.3982859375 -0.83005625 0
-0.398447667994 -0.82127862601 0
-0.389260960989 -0.82184943952 0
-0.389584421978 -0.813642629039 0
-0.398609398489 -0.81250100202 0
-0.38943591641 -0.80882649035 0
-0.389186708205 -0.800744495175 0
-0.398410541603 -0.799455437692 0
-0.398535145705 -0.806248375384 0
-0.3889375 -0.7926625 0
-0.3982859375 -0.7926625 0
-0.398572272097 -0.809374688702 0
-0.389510169194 -0.811234559695 0
-0.3982859375 -0.7833140625 0
-0.3889375 -0.7833140625 0
-0.3889375 -0.773965625 0
-0.3889375 0.497421875 0
-0.3889375 0.5067703125 0
-0.3982859375 0.5067703125 0
-0.3889375 0.51611875 0
-0.3982859375 0.51611875 0
-0.3982859375 0.5254671875 0
-0.3889375 0.5254671875 0
-0.3889375 0.534815625 0
-0.3982859375 0.534815625 0
-0.3889375 0.543814814815 0
-0.3889375 0.548663657407 0
-0.393311475122 0.5496393618 0
-0.395498462683 0.547702792701 0
-0.3889375 0.5535125 0
-0.395498462683 0.552551635294 0
-0.402059425366 0.551590770587 0
-0.405735318444 0.551052429479 0
-0.399661680189 0.542170677656 0
-0.3889375 0.539315219907 0
-0.398574916895 0.562420545982 0
-0.40552312434 0.553643332942 0
-0.3889375 0.5628609375 0
-0.3889375 0.572209375 0
-0.3982859375 0.572209375 0
-0.406819153401 0.552600251419 0
-0.3982859375 0.5815578125 0
-0.370240625 -0.848753125 0
-0.3795890625 -0.8394046875 0
-0.370240625 -0.83005625 0
-0.3795890625 -0.83005625 0
-0.369849022656 -0.814376110247 0
-0.369788783368 -0.811964070412 0
-0.37307801659 -0.811841823548 0
-0.374752752843 -0.812986720028 0
-0.36972854408 -0.809552030578 0
-0.374692513555 -0.810574680193 0
-0.379656483029 -0.811597329808 0
-0.384620452503 -0.812619979424 0
-0.37972268047 -0.821331653875 0
-0.370044823828 -0.822216180124 0
-0.379523466599 -0.801625878252 0
-0.38454619972 -0.810211910079 0
-0.36998458454 -0.801107265289 0
-0.370240625 -0.7926625 0
-0.3795890625 -0.7926625 0
-0.386225607139 -0.811355483065 0
-0.3795890625 -0.7833140625 0
-0.370240625 -0.773965625 0
-0.370240625 0.497421875 0
-0.3795890625 0.5067703125 0
-0.370240625 0.51611875 0
-0.3795890625 0.51611875 0
-0.36913247889 0.532078506009 0
-0.368951306273 0.534687792575 0
-0.371421670792 0.535246162918 0
-0.372747439359 0.534220704806 0
-0.368770133657 0.537297079142 0
-0.372566266743 0.536829991372 0
-0.376362399829 0.536362903602 0
-0.382649949914 0.535589264301 0
-0.379429634378 0.525734819309 0
-0.369686551945 0.524098628004 0
-0.37837803475 0.54591427076 0
-0.382649949914 0.540088859208 0
-0.369505379328 0.545404789571 0
-0.370240625 0.5535125 0
-0.3795890625 0.5535125 0
-0.384745799943 0.538331114473 0
-0.3795890625 0.5628609375 0
-0.370240625 0.572209375 0
-0.35154375 -0.848753125 0
-0.35154375 -0.8394046875 0
-0.3608921875 -0.8394046875 0
-0.35154375 -0.83005625 0
-0.3608921875 -0.83005625 0
-0.35154375 -0.819562604167 0
-0.35154375 -0.815460989583 0
-0.360666266684 -0.813712529998 0
-0.360696386328 -0.816969357207 0
-0.35154375 -0.811359375 0
-0.36063614704 -0.810455702789 0
-0.360794286914 -0.823512803604 0
-0.35154375 -0.824809427083 0
-0.36076416727 -0.801559101394 0
-0.35154375 -0.7926625 0
-0.35154375 -0.773965625 0
-0.35154375 0.497421875 0
-0.35154375 0.5067703125 0
-0.3608921875 0.5067703125 0
-0.35154375 0.51611875 0
-0.3608921875 0.51611875 0
-0.35154375 0.521655555556 0
-0.35154375 0.528235590278 0
-0.360247528137 0.531461691427 0
-0.360338114445 0.526867030782 0
-0.35154375 0.534815625 0
-0.360156941828 0.536056352071 0
-0.360615150973 0.521492890391 0
-0.35154375 0.518887152778 0
-0.360524564664 0.544784426035 0
-0.332846875 -0.848753125 0
-0.3421953125 -0.8394046875 0
-0.332846875 -0.83005625 0
-0.343628231634 -0.828209950191 0
-0.3496740625 -0.83005625 0
-0.34126046875 -0.83005625 0
-0.341558198906 -0.823399310812 0
-0.34983703125 -0.825028125 0
-0.333279366562 -0.821770496625 0
-0.333711858123 -0.813484743249 0
-0.341855929062 -0.816742371625 0
-0.35 -0.82 0
-0.3338405584 -0.811019079529 0
-0.341866854417 -0.813279234535 0
-0.333969258677 -0.808553415808 0
-0.341877779772 -0.809816097444 0
-0.349786300868 -0.811078779081 0
-0.349893150434 -0.81553938954 0
-0.350665025434 -0.81121907704 0
-0.350718450217 -0.815500189562 0
-0.350771875 -0.819781302083 0
-0.350690390625 -0.824918776042 0
-0.35060890625 -0.83005625 0
-0.344123592004 -0.811851956415 0
-0.342475908419 -0.801309447702 0
-0.333408066838 -0.800607957904 0
-0.332846875 -0.7926625 0
-0.332846875 -0.773965625 0
-0.332846875 0.460028125 0
-0.332846875 0.478725 0
-0.332846875 0.4880734375 0
-0.3421953125 0.4880734375 0
-0.332846875 0.497421875 0
-0.3421953125 0.497421875 0
-0.332846875 0.510575925926 0
-0.332846875 0.513347337963 0
-0.335964713542 0.514271141975 0
-0.337523632812 0.513347337963 0
-0.332846875 0.51611875 0
-0.337523632812 0.51611875 0
-0.342200390625 0.51611875 0
-0.346872070313 0.51611875 0
-0.342694345468 0.506169541817 0
-0.332846875 0.503998900463 0
-0.341697178699 0.526066710343 0
-0.346872070312 0.518887152778 0
-0.332846875 0.5254671875 0
-0.332846875 0.534815625 0
-0.3421953125 0.534815625 0
-0.348429296875 0.517964351852 0
-0.3421953125 0.5441640625 0
-0.332846875 0.5441640625 0
-0.31415 -0.848753125 0
-0.31415 -0.8394046875 0
-0.3234984375 -0.8394046875 0
-0.31415 -0.83005625 0
-0.3234984375 -0.83005625 0
-0.324673657299 -0.809869462919 0
-0.329321457988 -0.809211439364 0
-0.330784924699 -0.81063587399 0
-0.329192757711 -0.811677103084 0
-0.323574900906 -0.820479160454 0
-0.31415 -0.8207078125 0
-0.31415 -0.811359375 0
-0.319411828649 -0.81061441896 0
-0.317657885766 -0.808962945973 0
-0.319411828649 -0.80776473146 0
-0.31415 -0.8085096875 0
-0.31415 -0.80566 0
-0.31415 -0.79916125 0
-0.324109317319 -0.800673777555 0
-0.31415 -0.7926625 0
-0.3234984375 -0.7926625 0
-0.3234984375 -0.7833140625 0
-0.31415 -0.7833140625 0
-0.31415 -0.773965625 0
-0.31415 0.460028125 0
-0.31415 0.4693765625 0
-0.3234984375 0.4693765625 0
-0.31415 0.478725 0
-0.3234984375 0.478725 0
-0.323866720234 0.487451960386 0
-0.314886565469 0.486830483272 0
-0.315623130937 0.494935966543 0
-0.324235002969 0.496178920772 0
-0.315260234332 0.500154212938 0
-0.314705117166 0.508136481469 0
-0.323775996083 0.510741909716 0
-0.324053554666 0.505365069432 0
-0.31415 0.51611875 0
-0.3234984375 0.51611875 0
-0.324144278817 0.500771995102 0
-0.315441682635 0.497545089741 0
-0.3234984375 0.5254671875 0
-0.31415 0.5254671875 0
-0.31415 0.534815625 0
-0.3234984375 0.534815625 0
-0.3234984375 0.5441640625 0
-0.295453125 -0.848753125 0
-0.3048015625 -0.8394046875 0
-0.295453125 -0.83005625 0
-0.3048015625 -0.83005625 0
-0.3048015625 -0.8207078125 0
-0.295453125 -0.8207078125 0
-0.295453125 -0.811359375 0
-0.3048015625 -0.811359375 0
-0.295453125 -0.79818125 0
-0.295453125 -0.795421875 0
-0.3048015625 -0.7972915625 0
-0.3048015625 -0.801920625 0
-0.295453125 -0.7926625 0
-0.3048015625 -0.7926625 0
-0.3048015625 -0.80664 0
-0.295453125 -0.8047703125 0
-0.3048015625 -0.7833140625 0
-0.295453125 -0.7833140625 0
-0.295453125 -0.773965625 0
-0.3048015625 -0.773965625 0
-0.3048015625 -0.7646171875 0
-0.295453125 -0.7646171875 0
-0.295453125 0.4506796875 0
-0.3048015625 0.4506796875 0
-0.295453125 0.460028125 0
-0.3048015625 0.460028125 0
-0.3048015625 0.4693765625 0
-0.295453125 0.4693765625 0
-0.295453125 0.478725 0
-0.3048015625 0.478725 0
-0.295453125 0.488416666667 0
-0.295453125 0.492919270833 0
-0.299646428739 0.493903323512 0
-0.301743080608 0.492144047768 0
-0.295453125 0.497421875 0
-0.301743080608 0.496646651934 0
-0.308033036216 0.495871428869 0
-0.311828083577 0.495403697706 0
-0.306013976299 0.486321141585 0
-0.295453125 0.483570833333 0
-0.304962112698 0.5065011889 0
-0.311646635274 0.498012820903 0
-0.295453125 0.5067703125 0
-0.295453125 0.51611875 0
-0.3048015625 0.51611875 0
-0.312972133828 0.496987202783 0
-0.3048015625 0.5254671875 0
-0.295453125 0.534815625 0
-0.2861046875 -0.8207078125 0
-0.27675625 -0.811359375 0
-0.2861046875 -0.811359375 0
-0.285121142417 -0.794048456967 0
-0.290287133708 -0.793355478483 0
-0.292009130805 -0.794964068988 0
-0.290287133708 -0.796114853483 0
-0.28552165749 -0.803279739743 0
-0.276226200403 -0.803336061493 0
-0.275696150806 -0.795312747985 0
-0.280408646611 -0.794680602476 0
-0.278919525888 -0.793245906243 0
-0.28053121343 -0.792212485372 0
-0.275818717625 -0.792844630881 0
-0.275941284443 -0.790376513777 0
-0.276348767222 -0.782171069389 0
-0.286060165175 -0.7834902833 0
-0.27675625 -0.773965625 0
-0.2861046875 -0.773965625 0
-0.2861046875 -0.7646171875 0
-0.2861046875 0.4506796875 0
-0.27675625 0.460028125 0
-0.2861046875 0.460028125 0
-0.27540592297 0.476536843242 0
-0.275193988022 0.479127900278 0
-0.277574597493 0.479633082445 0
-0.278870869702 0.478590145009 0
-0.274982053073 0.481718957314 0
-0.278658934753 0.481181202045 0
-0.282335816434 0.480643446775 0
-0.288894470717 0.479684223388 0
-0.285816818668 0.469815468426 0
-0.276081086485 0.468282484121 0
-0.284730398463 0.490064720244 0
-0.288894470717 0.484530056721 0
-0.275869151536 0.489570416157 0
-0.27675625 0.497421875 0
-0.2861046875 0.497421875 0
-0.291080688811 0.482595037814 0
-0.2861046875 0.5067703125 0
-0.258059375 -0.811359375 0
-0.267142787701 -0.802673499496 0
-0.258059375 -0.7926625 0
-0.266877762903 -0.793987623993 0
-0.258059375 -0.78322375 0
-0.258059375 -0.7785946875 0
-0.267204071111 -0.780382878444 0
-0.267000329722 -0.786800131889 0
-0.258059375 -0.773965625 0
-0.2674078125 -0.773965625 0
-0.266939046312 -0.790393877941 0
-0.258059375 -0.787943125 0
-0.2674078125 -0.7646171875 0
-0.258059375 -0.7646171875 0
-0.258059375 -0.75526875 0
-0.258059375 -0.736571875 0
-0.258059375 0.422634375 0
-0.258059375 0.44133125 0
-0.258059375 0.4506796875 0
-0.2674078125 0.4506796875 0
-0.258059375 0.460028125 0
-0.2674078125 0.460028125 0
-0.258059375 0.466257407407 0
-0.258059375 0.472491203704 0
-0.266626681511 0.475809551991 0
-0.266732648985 0.471397125324 0
-0.258059375 0.478725 0
-0.266520714036 0.480221978657 0
-0.267070230743 0.465712625162 0
-0.258059375 0.463142766204 0
-0.266964263268 0.488821926829 0
-0.258059375 0.497421875 0
-0.2393625 -0.811359375 0
-0.2393625 -0.8020109375 0
-0.2487109375 -0.8020109375 0
-0.2393625 -0.7926625 0
-0.2487109375 -0.7926625 0
-0.240227483123 -0.776090993249 0
-0.2403561834 -0.773625329529 0
-0.2492077792 -0.776110008514 0
-0.249143429062 -0.779657371625 0
-0.240484883677 -0.771159665808 0
-0.249272129338 -0.772562645404 0
-0.248927183281 -0.786159935812 0
-0.239794991562 -0.784376746625 0
-0.248991533419 -0.763915697702 0
-0.239923691838 -0.763214207904 0
-0.2393625 -0.75526875 0
-0.2487109375 -0.75526875 0
-0.2487109375 -0.7459203125 0
-0.2393625 -0.7459203125 0
-0.2393625 -0.736571875 0
-0.2393625 0.422634375 0
-0.2393625 0.4319828125 0
-0.2487109375 0.4319828125 0
-0.2393625 0.44133125 0
-0.2487109375 0.44133125 0
-0.239178881725 0.455068966948 0
-0.239142856358 0.4577642667 0
-0.242074015938 0.458595700782 0
-0.243557608411 0.457663767947 0
-0.239106830992 0.460459566451 0
-0.243521583044 0.460359067699 0
-0.247936335097 0.460258568946 0
-0.252997855048 0.460143346973 0
-0.249079501177 0.450251481462 0
-0.239270690863 0.448200108474 0
-0.248085159737 0.470188454121 0
-0.252997855048 0.463257988177 0
-0.239234665496 0.469592283226 0
-0.2393625 0.478725 0
-0.2487109375 0.478725 0
-0.254685028365 0.462181367118 0
-0.2487109375 0.4880734375 0
-0.2393625 0.4880734375 0
-0.2393625 0.497421875 0
-0.220665625 -0.811359375 0
-0.2300140625 -0.8020109375 0
-0.220665625 -0.7926625 0
-0.2300140625 -0.7926625 0
-0.231189282299 -0.772475712919 0
-0.235837082988 -0.771817689364 0
-0.2373005497 -0.773242123992 0
-0.235708382711 -0.774283353084 0
-0.230090525906 -0.783085410454 0
-0.220665625 -0.7833140625 0
-0.220665625 -0.773965625 0
-0.225927453649 -0.77322066896 0
-0.224173510766 -0.771569195973 0
-0.225927453649 -0.77037098146 0
-0.220665625 -0.7711159375 0
-0.220665625 -0.76826625 0
-0.220665625 -0.7617675 0
-0.230624942319 -0.763280027555 0
-0.220665625 -0.75526875 0
-0.2300140625 -0.75526875 0
-0.2300140625 -0.7459203125 0
-0.220665625 -0.736571875 0
-0.220665625 0.385240625 0
-0.220665625 0.4039375 0
-0.220665625 0.4132859375 0
-0.2300140625 0.4132859375 0
-0.220665625 0.422634375 0
-0.2300140625 0.422634375 0
-0.230306418838 0.431489461179 0
-0.221250337677 0.430996109858 0
-0.221835050353 0.439357844716 0
-0.230598775177 0.440344547358 0
-0.221537631772 0.444614892902 0
-0.221101628386 0.452321508951 0
-0.230122242372 0.455042887825 0
-0.230358256749 0.449841929925 0
-0.220665625 0.460028125 0
-0.229886227996 0.460243845726 0
-0.230478515963 0.445093238642 0
-0.221686341063 0.441986368809 0
-0.229950145248 0.469484422863 0
-0.220665625 0.4693765625 0
-0.220665625 0.478725 0
-0.2300140625 0.478725 0
-0.2300140625 0.4880734375 0
-0.220665625 0.497421875 0
-0.2113171875 -0.7833140625 0
-0.20196875 -0.773965625 0
-0.2113171875 -0.773965625 0
-0.20196875 -0.7607875 0
-0.20196875 -0.758028125 0
-0.2113171875 -0.7598978125 0
-0.2113171875 -0.764526875 0
-0.20196875 -0.75526875 0
-0.2113171875 -0.75526875 0
-0.2113171875 -0.76924625 0
-0.20196875 -0.7673765625 0
-0.2113171875 -0.7459203125 0
-0.20196875 -0.7459203125 0
-0.20196875 -0.736571875 0
-0.20196875 0.385240625 0
-0.20196875 0.3945890625 0
-0.2113171875 0.3945890625 0
-0.20196875 0.4039375 0
-0.2113171875 0.4039375 0
-0.2113171875 0.4132859375 0
-0.20196875 0.4132859375 0
-0.20196875 0.422634375 0
-0.2113171875 0.422634375 0
-0.20196875 0.433018518519 0
-0.20196875 0.437174884259 0
-0.20597337892 0.438162542446 0
-0.20797569338 0.436578188669 0
-0.20196875 0.44133125 0
-0.20797569338 0.44073455441 0
-0.213982636759 0.44013785882 0
-0.217908843556 0.439747851768 0
-0.212373663431 0.430469645414 0
-0.20196875 0.427826446759 0
-0.211347947297 0.450582638561 0
-0.217760134266 0.442376375861 0
-0.20196875 0.4506796875 0
-0.20196875 0.460028125 0
-0.2113171875 0.460028125 0
-0.219118439628 0.441370198813 0
-0.2113171875 0.4693765625 0
-0.20196875 0.478725 0
-0.20196875 0.497421875 0
-0.183271875 -0.7833140625 0
-0.1926203125 -0.7833140625 0
-0.183271875 -0.773965625 0
-0.1926203125 -0.773965625 0
-0.191636767417 -0.756654706967 0
-0.196802758708 -0.755961728483 0
-0.198524755805 -0.757570318988 0
-0.196802758708 -0.758721103483 0
-0.19203728249 -0.765885989743 0
-0.182741825403 -0.765942311493 0
-0.182211775806 -0.757918997985 0
-0.186924271611 -0.757286852476 0
-0.185435150889 -0.755852156243 0
-0.18704683843 -0.754818735372 0
-0.182334342625 -0.755450880881 0
-0.182456909443 -0.752982763777 0
-0.182864392222 -0.744777319389 0
-0.192575790175 -0.746096533301 0
-0.183271875 -0.736571875 0
-0.1926203125 -0.736571875 0
-0.1926203125 -0.7272234375 0
-0.183271875 -0.7272234375 0
-0.183271875 0.385240625 0
-0.1926203125 0.3945890625 0
-0.183271875 0.4039375 0
-0.1926203125 0.4039375 0
-0.181675731038 0.4209930258 0
-0.181434851763 0.423566930644 0
-0.183733273183 0.424023408779 0
-0.18500292353 0.422964695425 0
-0.181193972489 0.426140835487 0
-0.184762044256 0.425538600269 0
-0.188330116023 0.424936365051 0
-0.195149433012 0.423785370025 0
-0.19220529038 0.413895483243 0
-0.182473803019 0.4124652629 0
-0.19107454008 0.434216534016 0
-0.195149433012 0.428977441785 0
-0.182232923745 0.433736042744 0
-0.183271875 0.44133125 0
-0.1926203125 0.44133125 0
-0.197422538674 0.42686308619 0
-0.1926203125 0.4506796875 0
-0.183271875 0.460028125 0
-0.183271875 0.478725 0
-0.183271875 0.497421875 0
-0.1739234375 -0.7833140625 0
-0.164575 -0.773965625 0
-0.1739234375 -0.773965625 0
-0.173658412701 -0.765279749496 0
-0.164575 -0.7646171875 0
-0.164575 -0.75526875 0
-0.173393387903 -0.756593873993 0
-0.164575 -0.74583 0
-0.164575 -0.7412009375 0
-0.173719696111 -0.742989128444 0
-0.173515954722 -0.749406381889 0
-0.164575 -0.736571875 0
-0.1739234375 -0.736571875 0
-0.173454671312 -0.753000127941 0
-0.164575 -0.750549375 0
-0.1739234375 -0.7272234375 0
-0.164575 0.385240625 0
-0.164575 0.3945890625 0
-0.1739234375 0.3945890625 0
-0.164575 0.4039375 0
-0.174750386302 0.406123417636 0
-0.18233703125 0.4039375 0
-0.173456015625 0.4039375 0
-0.172871757813 0.410290234375 0
-0.181168515625 0.41196875 0
-0.164575 0.40861171875 0
-0.164575 0.4132859375 0
-0.1722875 0.41664296875 0
-0.18 0.42 0
-0.164575 0.41796015625 0
-0.171298609717 0.420243660153 0
-0.164575 0.422634375 0
-0.170309719434 0.423844351556 0
-0.176044438869 0.425054328112 0
-0.178022219434 0.422527164056 0
-0.178619205679 0.4255975818 0
-0.179728535599 0.42304704735 0
-0.180837865519 0.4204965129 0
-0.181821159322 0.41221700645 0
-0.182804453125 0.4039375 0
-0.169066115829 0.428279291811 0
-0.171311673743 0.431101750217 0
-0.165576954309 0.429891773661 0
-0.166578908618 0.437149172321 0
-0.167023938751 0.440372633767 0
-0.175471890818 0.435374022705 0
-0.167468968883 0.443596095213 0
-0.175370421941 0.442463672606 0
-0.174646929721 0.451245898803 0
-0.166021984441 0.451812110106 0
-0.164575 0.460028125 0
-0.164575 0.4693765625 0
-0.1739234375 0.4693765625 0
-0.164575 0.478725 0
-0.1739234375 0.478725 0
-0.1739234375 0.4880734375 0
-0.164575 0.4880734375 0
-0.164575 0.497421875 0
-0.145878125 -0.773965625 0
-0.1552265625 -0.7646171875 0
-0.145878125 -0.75526875 0
-0.1552265625 -0.75526875 0
-0.146743108123 -0.738697243249 0
-0.1468718084 -0.736231579529 0
-0.1557234042 -0.738716258514 0
-0.155659054062 -0.742263621625 0
-0.147000508677 -0.733765915808 0
-0.155787754338 -0.735168895404 0
-0.155442808281 -0.748766185812 0
-0.146310616562 -0.746982996625 0
-0.155507158419 -0.726521947702 0
-0.146439316838 -0.725820457904 0
-0.145878125 -0.717875 0
-0.145878125 -0.699178125 0
-0.145878125 0.385240625 0
-0.1552265625 0.3945890625 0
-0.145878125 0.4039375 0
-0.1552265625 0.4039375 0
-0.1552265625 0.4132859375 0
-0.166717909781 0.414218685001 0
-0.145878125 0.4132859375 0
-0.145878125 0.422634375 0
-0.1552265625 0.422634375 0
-0.161983792975 0.443020708977 0
-0.164726380929 0.443308402095 0
-0.165343890159 0.441255325504 0
-0.164281350797 0.440084940649 0
-0.155723748054 0.432395747943 0
-0.145878125 0.4319828125 0
-0.145878125 0.44133125 0
-0.153930958987 0.442175979488 0
-0.150333720659 0.450443626058 0
-0.155762962176 0.450969548331 0
-0.144904479143 0.449917703786 0
-0.143930833286 0.458504157572 0
-0.146736482331 0.458711272628 0
-0.149542131377 0.458918387685 0
-0.157058565688 0.459473256343 0
-0.160892473309 0.451390829219 0
-0.146018047308 0.460893309956 0
-0.147061654319 0.462087886148 0
-0.144256005274 0.461880771091 0
-0.144581177262 0.46525738461 0
-0.145229651131 0.471991192305 0
-0.155054751521 0.469247698624 0
-0.145878125 0.478725 0
-0.1552265625 0.478725 0
-0.1552265625 0.4880734375 0
-0.145878125 0.4880734375 0
-0.145878125 0.497421875 0
-0.1552265625 0.497421875 0
-0.1552265625 0.5067703125 0
-0.145878125 0.5067703125 0
-0.145878125 0.51611875 0
-0.145878125 0.534815625 0
-0.12718125 -0.773965625 0
-0.12718125 -0.7646171875 0
-0.1365296875 -0.7646171875 0
-0.12718125 -0.75526875 0
-0.1365296875 -0.75526875 0
-0.137704907299 -0.735081962919 0
-0.142352707988 -0.734423939364 0
-0.1438161747 -0.735848373993 0
-0.142224007711 -0.736889603084 0
-0.136606150906 -0.745691660454 0
-0.12718125 -0.7459203125 0
-0.12718125 -0.736571875 0
-0.132443078649 -0.73582691896 0
-0.130689135766 -0.734175445973 0
-0.132443078649 -0.73297723146 0
-0.12718125 -0.7337221875 0
-0.12718125 -0.7308725 0
-0.12718125 -0.72437375 0
-0.137140567319 -0.725886277555 0
-0.12718125 -0.717875 0
-0.1365296875 -0.717875 0
-0.1365296875 -0.7085265625 0
-0.12718125 -0.7085265625 0
-0.12718125 -0.699178125 0
-0.1365296875 0.4132859375 0
-0.1365296875 0.422634375 0
-0.1365296875 0.4319828125 0
-0.136042864571 0.450298695643 0
-0.12718125 0.460028125 0
-0.135556041643 0.459266141286 0
-0.134041304348 0.478725 0
-0.139959714674 0.478725 0
-0.141500202203 0.47423579487 0
-0.139311240805 0.471991192305 0
-0.134576383443 0.467640021233 0
-0.12718125 0.4693765625 0
-0.12718125 0.478725 0
-0.130611277174 0.478725 0
-0.129467934783 0.481646875 0
-0.130611277174 0.4831078125 0
-0.12718125 0.4831078125 0
-0.12718125 0.487490625 0
-0.12718125 0.49245625 0
-0.137194214826 0.488678191952 0
-0.12718125 0.497421875 0
-0.1365296875 0.497421875 0
-0.1365296875 0.5067703125 0
-0.12718125 0.5067703125 0
-0.12718125 0.51611875 0
-0.1365296875 0.51611875 0
-0.1365296875 0.5254671875 0
-0.12718125 0.5254671875 0
-0.12718125 0.534815625 0
-0.108484375 -0.773965625 0
-0.1178328125 -0.7646171875 0
-0.108484375 -0.75526875 0
-0.1178328125 -0.75526875 0
-0.1178328125 -0.7459203125 0
-0.108484375 -0.7459203125 0
-0.108484375 -0.736571875 0
-0.1178328125 -0.736571875 0
-0.108484375 -0.72339375 0
-0.108484375 -0.720634375 0
-0.1178328125 -0.7225040625 0
-0.1178328125 -0.727133125 0
-0.108484375 -0.717875 0
-0.1178328125 -0.717875 0
-0.1178328125 -0.7318525 0
-0.108484375 -0.7299828125 0
-0.1178328125 -0.7085265625 0
-0.108484375 -0.7085265625 0
-0.108484375 -0.699178125 0
-0.1178328125 -0.699178125 0
-0.1178328125 -0.6898296875 0
-0.108484375 -0.6898296875 0
-0.108484375 0.460028125 0
-0.1178328125 0.4693765625 0
-0.108484375 0.478725 0
-0.1178328125 0.478725 0
-0.119408967391 0.497421875 0
-0.123295108696 0.497421875 0
-0.12459048913 0.494111458333 0
-0.123295108696 0.49245625 0
-0.116994146583 0.48732408494 0
-0.108484375 0.4880734375 0
-0.108484375 0.497421875 0
-0.113946671196 0.497421875 0
-0.112424302828 0.501693657034 0
-0.114394266743 0.503829548051 0
-0.108931970547 0.503829548051 0
-0.109379566094 0.510237221102 0
-0.109622750783 0.513718596171 0
-0.119518547768 0.508246678386 0
-0.109865935471 0.517199971239 0
-0.118523592736 0.516659360619 0
-0.118178202618 0.52573749281 0
-0.109175155236 0.526007798119 0
-0.108484375 0.534815625 0
-0.1178328125 0.534815625 0
-0.1178328125 0.5441640625 0
-0.108484375 0.5441640625 0
-0.108484375 0.5535125 0
-0.108484375 0.572209375 0
-0.0991359375 -0.7459203125 0
-0.0897875 -0.736571875 0
-0.0991359375 -0.736571875 0
-0.0981523924165 -0.719260956967 0
-0.103318383708 -0.718567978483 0
-0.105040380806 -0.720176568989 0
-0.103318383708 -0.721327353483 0
-0.0985529074898 -0.728492239743 0
-0.089257450403 -0.728548561493 0
-0.088727400806 -0.720525247985 0
-0.0934398966113 -0.719893102476 0
-0.0919507758886 -0.718458406243 0
-0.09356246343 -0.717424985372 0
-0.0888499676247 -0.718057130881 0
-0.0889725344434 -0.715589013777 0
-0.0893800172217 -0.707383569389 0
-0.0990914151752 -0.708702783301 0
-0.0897875 -0.699178125 0
-0.0991359375 -0.699178125 0
-0.0991359375 -0.6898296875 0
-0.0991359375 0.4880734375 0
-0.0897875 0.497421875 0
-0.0991359375 0.497421875 0
-0.104170482915 0.516893271831 0
-0.107018209193 0.517046621535 0
-0.10780532816 0.51477682139 0
-0.106775024504 0.513565246467 0
-0.0991120990207 0.506727459445 0
-0.0897875 0.5067703125 0
-0.0897875 0.51611875 0
-0.0969789914575 0.516506010915 0
-0.0930077400128 0.524472526676 0
-0.0979578300885 0.524831661554 0
-0.0880576499372 0.524113391799 0
-0.0863277998744 0.532108033597 0
-0.0890364885682 0.532439042437 0
-0.091745177262 0.532770051276 0
-0.100114776131 0.533792838138 0
-0.103566492662 0.525419729836 0
-0.0884722685132 0.534424027304 0
-0.0895445028327 0.535582024158 0
-0.0868358141389 0.535251015319 0
-0.0873438284034 0.53839399704 0
-0.0885656642017 0.54595324852 0
-0.098445253473 0.543583119191 0
-0.0897875 0.5535125 0
-0.0991359375 0.5535125 0
-0.0991359375 0.5628609375 0
-0.0897875 0.5628609375 0
-0.0897875 0.572209375 0
-0.071090625 -0.736571875 0
-0.0801740377015 -0.727885999496 0
-0.071090625 -0.717875 0
-0.079909012903 -0.719200123993 0
-0.071090625 -0.70843625 0
-0.071090625 -0.7038071875 0
-0.0802353211108 -0.705595378444 0
-0.0800315797217 -0.712012631889 0
-0.071090625 -0.699178125 0
-0.0804390625 -0.699178125 0
-0.0799702963123 -0.715606377941 0
-0.071090625 -0.713155625 0
-0.0804390625 -0.6898296875 0
-0.071090625 -0.6898296875 0
-0.071090625 -0.68048125 0
-0.071090625 -0.661784375 0
-0.071090625 0.497421875 0
-0.0804390625 0.5067703125 0
-0.071090625 0.51611875 0
-0.0804390625 0.51611875 0
-0.0795741374686 0.524790289649 0
-0.071090625 0.5254671875 0
-0.071090625 0.534815625 0
-0.0787092124372 0.533461829299 0
-0.0759181830723 0.552993432741 0
-0.0828528415361 0.553252966371 0
-0.0843498371585 0.548299976594 0
-0.0816310057378 0.545693714891 0
-0.0775912951561 0.541675646372 0
-0.0706211152801 0.543796620111 0
-0.0701516055602 0.552777615221 0
-0.0730348943162 0.552885523981 0
-0.0721888598434 0.55523060505 0
-0.073207486985 0.556457099964 0
-0.0703241982289 0.556349191204 0
-0.0704967908977 0.559920767186 0
-0.0707937079488 0.566065071093 0
-0.0806167489024 0.563039246279 0
-0.071090625 0.572209375 0
-0.0804390625 0.572209375 0
-0.0804390625 0.5815578125 0
-0.071090625 0.5815578125 0
-0.071090625 0.59090625 0
-0.071090625 0.609603125 0
-0.05239375 -0.736571875 0
-0.05239375 -0.7272234375 0
-0.0617421875 -0.7272234375 0
-0.05239375 -0.717875 0
-0.0617421875 -0.717875 0
-0.0532587331232 -0.701303493249 0
-0.0533874334 -0.698837829529 0
-0.0622390292 -0.701322508514 0
-0.0621746790616 -0.704869871625 0
-0.0535161336768 -0.696372165808 0
-0.0623033793384 -0.697775145404 0
-0.0619584332808 -0.711372435812 0
-0.0528262415616 -0.709589246625 0
-0.0620227834192 -0.689128197702 0
-0.0529549418384 -0.688426707904 0
-0.05239375 -0.68048125 0
-0.0617421875 -0.68048125 0
-0.0617421875 -0.6711328125 0
-0.05239375 -0.6711328125 0
-0.05239375 -0.661784375 0
-0.0617421875 0.5254671875 0
-0.05239375 0.534815625 0
-0.0617421875 0.534815625 0
-0.0615074326401 0.543980341305 0
-0.05239375 0.5441640625 0
-0.05239375 0.5535125 0
-0.0612726777801 0.553145057611 0
-0.0608796195652 0.572209375 0
-0.0659851222826 0.572209375 0
-0.067489011821 0.568113172395 0
-0.0656882052314 0.566065071093 0
-0.0602659700052 0.561576654944 0
-0.05239375 0.5628609375 0
-0.05239375 0.572209375 0
-0.0566366847826 0.572209375 0
-0.0552223731884 0.575823726852 0
-0.0566366847826 0.577630902778 0
-0.05239375 0.577630902778 0
-0.05239375 0.583052430556 0
-0.05239375 0.586979340278 0
-0.0627302833035 0.582426828962 0
-0.05239375 0.59090625 0
-0.0617421875 0.59090625 0
-0.0617421875 0.6002546875 0
-0.05239375 0.6002546875 0
-0.05239375 0.609603125 0
-0.033696875 -0.736571875 0
-0.0430453125 -0.7272234375 0
-0.033696875 -0.717875 0
-0.0430453125 -0.717875 0
-0.0442205322986 -0.697688212919 0
-0.0488683329877 -0.697030189364 0
-0.0503317996995 -0.698454623992 0
-0.0487396327109 -0.699495853084 0
-0.0431217759062 -0.708297910454 0
-0.033696875 -0.7085265625 0
-0.033696875 -0.699178125 0
-0.0389587036493 -0.69843316896 0
-0.0372047607662 -0.696781695973 0
-0.0389587036493 -0.69558348146 0
-0.033696875 -0.6963284375 0
-0.033696875 -0.69347875 0
-0.033696875 -0.68698 0
-0.0436561923194 -0.688492527555 0
-0.033696875 -0.68048125 0
-0.0430453125 -0.68048125 0
-0.0430453125 -0.6711328125 0
-0.033696875 -0.661784375 0
-0.033696875 0.534815625 0
-0.0430453125 0.5441640625 0
-0.033696875 0.5535125 0
-0.0430453125 0.5535125 0
-0.0430453125 0.5628609375 0
-0.033696875 0.5628609375 0
-0.033696875 0.572209375 0
-0.0430453125 0.572209375 0
-0.0462472826087 0.59090625 0
-0.0493205163043 0.59090625 0
-0.0503449275362 0.588288310185 0
-0.0493205163043 0.586979340278 0
-0.0425039225627 0.581058632242 0
-0.033696875 0.5815578125 0
-0.033696875 0.59090625 0
-0.0399720788043 0.59090625 0
-0.038421177994 0.595560728582 0
-0.0407833294909 0.597887967873 0
-0.0345081256866 0.597887967873 0
-0.0353193763732 0.604869685745 0
-0.0357030420595 0.608171557317 0
-0.0452067283761 0.602207702308 0
-0.0360867077458 0.611473428888 0
-0.0442402288729 0.610538276944 0
-0.0436427706864 0.619419138472 0
-0.0348917913729 0.619886714444 0
-0.033696875 0.6283 0
-0.033696875 0.6376484375 0
-0.0430453125 0.6376484375 0
-0.033696875 0.646996875 0
-0.0430453125 0.646996875 0
-0.0430453125 0.6563453125 0
-0.033696875 0.6563453125 0
-0.033696875 0.66569375 0
-0.033696875 0.684390625 0
-0.0243484375 -0.7085265625 0
-0.015 -0.699178125 0
-0.0243484375 -0.699178125 0
-0.015 -0.686 0
-0.015 -0.683240625 0
-0.0243484375 -0.6851103125 0
-0.0243484375 -0.689739375 0
-0.015 -0.68048125 0
-0.0243484375 -0.68048125 0
-0.0243484375 -0.69445875 0
-0.015 -0.6925890625 0
-0.0243484375 -0.6711328125 0
-0.015 -0.6711328125 0
-0.015 -0.661784375 0
-0.0243484375 0.5628609375 0
-0.015 0.572209375 0
-0.0243484375 0.572209375 0
-0.0243484375 0.5815578125 0
-0.015 0.5815578125 0
-0.015 0.59090625 0
-0.0243484375 0.59090625 0
-0.0305364930517 0.610981147767 0
-0.0333116003987 0.611227288328 0
-0.0339808590569 0.609108087467 0
-0.0329279347124 0.607925416756 0
-0.0246726279974 0.600516828875 0
-0.015 0.6002546875 0
-0.015 0.609603125 0
-0.0227682465259 0.610292136384 0
-0.0190439138206 0.618462502505 0
-0.0243135415668 0.618932696887 0
-0.0137742860744 0.617992308123 0
-0.0125485721487 0.626381491247 0
-0.0153195811153 0.626632868627 0
-0.018090590082 0.626884246006 0
-0.025893732541 0.627592123003 0
-0.0296026664699 0.619409705665 0
-0.0146568788152 0.628743691919 0
-0.0157110321484 0.629924792255 0
-0.0129400231818 0.629673414875 0
-0.0133314742148 0.632965338503 0
-0.0141657371074 0.639981106752 0
-0.0240030786587 0.63736781472 0
-0.015 0.646996875 0
-0.0243484375 0.646996875 0
-0.0243484375 0.6563453125 0
-0.015 0.6563453125 0
-0.015 0.66569375 0
-0.0243484375 0.66569375 0
-0.0243484375 0.6750421875 0
-0.015 0.6750421875 0
-0.015 0.684390625 0
0.003696875 -0.7085265625 0
-0.0056515625 -0.7085265625 0
0.003696875 -0.699178125 0
-0.0056515625 -0.699178125 0
-0.00466801741654 -0.681867206967 0
-0.00983400870827 -0.681174228483 0
-0.0115560058055 -0.682782818989 0
-0.00983400870827 -0.683933603483 0
-0.00506853248979 -0.691098489743 0
0.00422692459701 -0.691154811493 0
0.00475697419402 -0.683131497985 0
4.44783887406e-05 -0.682499352476 0
0.00153359911137 -0.681064656243 0
-7.80884299538e-05 -0.680031235372 0
0.00463440737533 -0.680663380881 0
0.00451184055664 -0.678195263777 0
0.00410435777832 -0.669989819389 0
-0.00560704017517 -0.671309033301 0
0.003696875 -0.661784375 0
-0.0056515625 -0.661784375 0
-0.0056515625 -0.6524359375 0
0.003696875 -0.6524359375 0
0.003696875 0.572209375 0
-0.0056515625 0.5815578125 0
0.003696875 0.59090625 0
-0.0056515625 0.59090625 0
-0.0056515625 0.6002546875 0
0.003696875 0.609603125 0
-0.00503870553718 0.618471935312 0
0.003696875 0.6283 0
-0.00442584857436 0.627340745623 0
-0.00235027173913 0.646996875 0
-0.00867513586957 0.646996875 0
-0.0102272486513 0.642319696168 0
-0.00784087297696 0.639981106752 0
-0.00346131791004 0.635664300244 0
0.003696875 0.6376484375 0
0.003696875 0.646996875 0
0.000673301630435 0.646996875 0
0.00168115942029 0.649572511574 0
0.000673301630435 0.650860329861 0
0.003696875 0.650860329861 0
0.003696875 0.654723784722 0
0.003696875 0.660208767361 0
-0.00617672529833 0.656830374272 0
0.003696875 0.66569375 0
-0.0056515625 0.66569375 0
-0.0056515625 0.6750421875 0
0.003696875 0.6750421875 0
0.003696875 0.684390625 0
-0.0056515625 0.684390625 0
-0.0056515625 0.6937390625 0
0.003696875 0.6937390625 0
0.003696875 0.7030875 0
0.003696875 0.721784375 0
0.0130453125 -0.7085265625 0
0.02239375 -0.699178125 0
0.0130453125 -0.699178125 0
0.0133103372985 -0.690492249496 0
0.02239375 -0.6898296875 0
0.02239375 -0.68048125 0
0.013575362097 -0.681806373993 0
0.02239375 -0.6710425 0
0.02239375 -0.6664134375 0
0.0132490538892 -0.668201628444 0
0.0134527952783 -0.674618881889 0
0.02239375 -0.661784375 0
0.0130453125 -0.661784375 0
0.0135140786877 -0.678212627941 0
0.02239375 -0.675761875 0
0.0130453125 -0.6524359375 0
0.0130453125 0.6376484375 0
0.02239375 0.646996875 0
0.0130453125 0.646996875 0
0.0122820652174 0.66569375 0
0.0079894701087 0.66569375 0
0.00655860507246 0.662037094907 0
0.0079894701087 0.660208767361 0
0.0140551413588 0.655459234903 0
0.02239375 0.6563453125 0
0.02239375 0.66569375 0
0.0173379076087 0.66569375 0
0.0188388933519 0.669765090579 0
0.0170614650279 0.671800760869 0
0.0221173074192 0.671800760869 0
0.0218408648383 0.677907771738 0
0.021678595252 0.681492538326 0
0.0115982243732 0.676300464913 0
0.0215163256657 0.685077304914 0
0.0126066003329 0.684733964957 0
0.0128259564164 0.693910732478 0
0.0219550378329 0.694082402457 0
0.02239375 0.7030875 0
0.0130453125 0.7030875 0
0.0130453125 0.7124359375 0
0.02239375 0.7124359375 0
0.02239375 0.721784375 0
0.041090625 -0.699178125 0
0.0317421875 -0.6898296875 0
0.041090625 -0.68048125 0
0.0317421875 -0.68048125 0
0.0402256418768 -0.663909743249 0
0.0400969416 -0.661444079529 0
0.0312453458 -0.663928758514 0
0.0313096959384 -0.667476121625 0
0.0399682413232 -0.658978415808 0
0.0311809956616 -0.660381395404 0
0.0315259417192 -0.673978685812 0
0.0406581334384 -0.672195496625 0
0.0314615915808 -0.651734447702 0
0.0405294331616 -0.651032957904 0
0.041090625 -0.6430875 0
0.041090625 -0.624390625 0
0.041090625 0.646996875 0
0.0317421875 0.6563453125 0
0.041090625 0.66569375 0
0.0317421875 0.66569375 0
0.0272932028453 0.68487464808 0
0.0244047642555 0.684975976497 0
0.0235501311165 0.682619908244 0
0.0245670338418 0.681391209909 0
0.0319413514099 0.674844942124 0
0.041090625 0.6750421875 0
0.041090625 0.684390625 0
0.0341919139227 0.68463263654 0
0.0356930718893 0.689569793247 0
0.0329942953339 0.692159377371 0
0.0398930064113 0.691917365831 0
0.0386953878225 0.699444106662 0
0.0381939539012 0.7025954966 0
0.0289356385929 0.696196638841 0
0.0376925199799 0.705746886537 0
0.03004313499 0.704417193269 0
0.030892661245 0.713100784134 0
0.03939157249 0.713765630769 0
0.041090625 0.721784375 0
0.0317421875 0.721784375 0
0.0317421875 0.7311328125 0
0.041090625 0.7311328125 0
0.041090625 0.74048125 0
0.041090625 0.759178125 0
0.0597875 -0.699178125 0
0.0597875 -0.6898296875 0
0.0504390625 -0.6898296875 0
0.0597875 -0.68048125 0
0.0504390625 -0.68048125 0
0.0492638427014 -0.660294462919 0
0.0446160420123 -0.659636439364 0
0.0431525753005 -0.661060873992 0
0.0447447422891 -0.662102103084 0
0.0503625990938 -0.670904160454 0
0.0597875 -0.6711328125 0
0.0597875 -0.661784375 0
0.0545256713507 -0.66103941896 0
0.0562796142338 -0.659387945973 0
0.0545256713507 -0.65818973146 0
0.0597875 -0.6589346875 0
0.0597875 -0.656085 0
0.0597875 -0.64958625 0
0.0498281826806 -0.651098777555 0
0.0597875 -0.6430875 0
0.0504390625 -0.6430875 0
0.0504390625 -0.6337390625 0
0.0597875 -0.6337390625 0
0.0597875 -0.624390625 0
0.0504390625 0.6750421875 0
0.0597875 0.684390625 0
0.0504390625 0.684390625 0
0.0431170308612 0.705093983878 0
0.0404047754206 0.705420435208 0
0.0398349795546 0.703428325693 0
0.0409062093419 0.70226904527 0
0.0497694170023 0.694301772476 0
0.0597875 0.6937390625 0
0.0597875 0.7030875 0
0.0514522654306 0.704090741939 0
0.0549199765543 0.712452560345 0
0.0493308753201 0.713033896242 0
0.0605090777885 0.711871224448 0
0.061230655577 0.720654948896 0
0.058387687678 0.720814378751 0
0.055544719779 0.720973808607 0
0.0483176723895 0.721379091803 0
0.044361223905 0.713399763506 0
0.0591669842513 0.723074183615 0
0.0581351485885 0.724283800974 0
0.0609781164874 0.724124371119 0
0.0607255773979 0.727593793342 0
0.0602565386989 0.734037521671 0
0.0504365778843 0.731156892918 0
0.0597875 0.74048125 0
0.0504390625 0.74048125 0
0.0504390625 0.7498296875 0
0.0597875 0.7498296875 0
0.0597875 0.759178125 0
0.078484375 -0.699178125 0
0.0691359375 -0.6898296875 0
0.078484375 -0.68048125 0
0.0691359375 -0.68048125 0
0.0691359375 -0.6711328125 0
0.078484375 -0.6711328125 0
0.078484375 -0.661784375 0
0.0691359375 -0.661784375 0
0.078484375 -0.64860625 0
0.078484375 -0.645846875 0
0.0691359375 -0.6477165625 0
0.0691359375 -0.652345625 0
0.078484375 -0.6430875 0
0.0691359375 -0.6430875 0
0.0691359375 -0.657065 0
0.078484375 -0.6551953125 0
0.0691359375 -0.6337390625 0
0.078484375 -0.6337390625 0
0.078484375 -0.624390625 0
0.0691359375 -0.624390625 0
0.0691359375 -0.6150421875 0
0.078484375 -0.6150421875 0
0.078484375 0.684390625 0
0.0691359375 0.6937390625 0
0.078484375 0.7030875 0
0.0691359375 0.7030875 0
0.0694967263942 0.712153580974 0
0.078484375 0.7124359375 0
0.078484375 0.721784375 0
0.0698575152885 0.721219661948 0
0.0708114130435 0.74048125 0
0.0652994565217 0.74048125 0
0.0637748301471 0.736185431114 0
0.0657684952207 0.734037521671 0
0.0708508423682 0.729628948497 0
0.078484375 0.7311328125 0
0.078484375 0.74048125 0
0.0746478940217 0.74048125 0
0.0759267210145 0.743749363426 0
0.0746478940217 0.745383420139 0
0.078484375 0.745383420139 0
0.078484375 0.750285590278 0
0.078484375 0.754731857639 0
0.0683171450427 0.750562816966 0
0.078484375 0.759178125 0
0.0691359375 0.759178125 0
0.0691359375 0.7685265625 0
0.078484375 0.7685265625 0
0.078484375 0.777875 0
0.078484375 0.796571875 0
0.078484375 0.81526875 0
0.078484375 0.833965625 0
0.0878328125 -0.6711328125 0
0.09718125 -0.661784375 0
0.0878328125 -0.661784375 0
0.0888163575835 -0.644473456967 0
0.0836503662917 -0.643780478483 0
0.0819283691945 -0.645389068989 0
0.0836503662917 -0.646539853483 0
0.0884158425102 -0.653704739743 0
0.097711299597 -0.653761061493 0
0.098241349194 -0.645737747985 0
0.0935288533887 -0.645105602476 0
0.0950179741114 -0.643670906243 0
0.09340628657 -0.642637485372 0
0.0981187823753 -0.643269630881 0
0.0979962155566 -0.640801513777 0
0.0975887327783 -0.632596069389 0
0.0878773348248 -0.633915283301 0
0.09718125 -0.624390625 0
0.0878328125 -0.624390625 0
0.0878328125 -0.6150421875 0
0.0878328125 0.7124359375 0
0.09718125 0.721784375 0
0.0878328125 0.721784375 0
0.0878328125 0.7311328125 0
0.09718125 0.7311328125 0
0.09718125 0.74048125 0
0.0878328125 0.74048125 0
0.08544375 0.759178125 0
0.0819640625 0.759178125 0
0.0808041666667 0.756213946759 0
0.0819640625 0.754731857639 0
0.0885153884078 0.749209690183 0
0.09718125 0.7498296875 0
0.09718125 0.759178125 0
0.0913125 0.759178125 0
0.0928512885 0.763644007528 0
0.0906863077499 0.765876948792 0
0.0965550577499 0.765876948792 0
0.0959288654999 0.772575772583 0
0.0956122094456 0.775963267573 0
0.0859085822882 0.770233915659 0
0.0952955533914 0.779350762563 0
0.0868899641957 0.778612881282 0
0.0873613883478 0.787592378141 0
0.0962384016957 0.787961318782 0
0.09718125 0.796571875 0
0.09718125 0.8059203125 0
0.0878328125 0.8059203125 0
0.09718125 0.81526875 0
0.0878328125 0.81526875 0
0.0878328125 0.8246171875 0
0.09718125 0.8246171875 0
0.09718125 0.833965625 0
0.115878125 -0.661784375 0
0.106794712299 -0.653098499496 0
0.115878125 -0.6430875 0
0.107059737097 -0.644412623993 0
0.115878125 -0.63364875 0
0.115878125 -0.6290196875 0
0.106733428889 -0.630807878444 0
0.106937170278 -0.637225131889 0
0.115878125 -0.624390625 0
0.1065296875 -0.624390625 0
0.106998453688 -0.640818877941 0
0.115878125 -0.638368125 0
0.1065296875 -0.6150421875 0
0.115878125 -0.6150421875 0
0.115878125 -0.60569375 0
0.115878125 -0.586996875 0
0.115878125 0.721784375 0
0.1065296875 0.7311328125 0
0.115878125 0.74048125 0
0.1065296875 0.74048125 0
0.1065296875 0.7498296875 0
0.115878125 0.7498296875 0
0.115878125 0.759178125 0
0.1065296875 0.759178125 0
0.100915671321 0.778947802243 0
0.0981056123561 0.779149282403 0
0.0973800300707 0.776958112463 0
0.0984222684104 0.775761787413 0
0.106379128954 0.7686368052 0
0.115878125 0.7685265625 0
0.115878125 0.777875 0
0.10839689816 0.778411401122 0
0.11224590896 0.786481399322 0
0.107135910926 0.786895886183 0
0.117355906994 0.786066912461 0
0.118833688988 0.794258824922 0
0.11609491976 0.794551397522 0
0.113356150531 0.794843970123 0
0.105268700265 0.795707922561 0
0.101687156311 0.787428602482 0
0.116706392817 0.796596761226 0
0.115642744731 0.797765729378 0
0.11838151396 0.797473156778 0
0.117929338931 0.800687488634 0
0.116903731965 0.807978119317 0
0.107047971014 0.805489024632 0
0.115878125 0.81526875 0
0.1065296875 0.81526875 0
0.1065296875 0.8246171875 0
0.115878125 0.8246171875 0
0.115878125 0.833965625 0
0.1065296875 0.833965625 0
0.1065296875 0.8433140625 0
0.115878125 0.8433140625 0
0.115878125 0.8526625 0
0.115878125 0.871359375 0
0.134575 -0.661784375 0
0.134575 -0.6524359375 0
0.1252265625 -0.6524359375 0
0.134575 -0.6430875 0
0.1252265625 -0.6430875 0
0.133710016877 -0.626515993249 0
0.1335813166 -0.624050329529 0
0.1247297208 -0.626535008514 0
0.124794070938 -0.630082371625 0
0.133452616323 -0.621584665808 0
0.124665370662 -0.622987645404 0
0.125010316719 -0.636584935812 0
0.134142508438 -0.634801746625 0
0.124945966581 -0.614340697702 0
0.136185333962 -0.614503242584 0
0.134575 -0.60569375 0
0.1252265625 -0.60569375 0
0.1252265625 -0.5963453125 0
0.134575 -0.5963453125 0
0.134575 -0.586996875 0
0.1252265625 0.7498296875 0
0.1252265625 0.759178125 0
0.1252265625 0.7685265625 0
0.125965453497 0.786645174981 0
0.134575 0.796571875 0
0.126704344494 0.795415349961 0
0.129155905248 0.815032545595 0
0.122517015124 0.815150647797 0
0.120987789726 0.810329594743 0
0.123542622089 0.807860017114 0
0.127737834225 0.803684008574 0
0.134792441651 0.805750140773 0
0.135009883303 0.814928406546 0
0.132082894275 0.81498047607 0
0.133002444252 0.817419493615 0
0.131998724726 0.81866503715 0
0.134925713754 0.818612967626 0
0.134841544205 0.822297528706 0
0.134708272102 0.828131576853 0
0.124872563923 0.824951113334 0
0.134575 0.833965625 0
0.1252265625 0.833965625 0
0.1252265625 0.8433140625 0
0.134575 0.8433140625 0
0.134575 0.8526625 0
0.1252265625 0.8526625 0
0.1252265625 0.8620109375 0
0.134575 0.8620109375 0
0.134575 0.871359375 0
0.153271875 -0.661784375 0
0.1439234375 -0.6524359375 0
0.153271875 -0.6430875 0
0.1439234375 -0.6430875 0
0.142082646123 -0.623166941551 0
0.137767631223 -0.622375803679 0
0.136415093108 -0.623755866869 0
0.1378963315 -0.6248414674 0
0.143732887998 -0.633691275086 0
0.153211743663 -0.634141942458 0
0.153151612326 -0.625196384916 0
0.147617129225 -0.624181663233 0
0.145154754724 -0.623730198345 0
0.146769836483 -0.622486798897 0
0.146041323062 -0.621583470775 0
0.148226863325 -0.624293455139 0
0.149113431663 -0.622146727569 0
0.15 -0.62 0
0.150689237826 -0.624744920027 0
0.151139800987 -0.622491143905 0
0.153166170312 -0.622835560241 0
0.153180728298 -0.620474735567 0
0.151590364149 -0.620237367783 0
0.153196235981 -0.617959901512 0
0.152130823987 -0.618639934343 0
0.153211743663 -0.615445067458 0
0.151605871831 -0.617722533729 0
0.153241809331 -0.610569408729 0
0.143119977419 -0.613677561545 0
0.153271875 -0.60569375 0
0.144837118246 -0.607844858488 0
0.1439234375 -0.5963453125 0
0.153271875 -0.586996875 0
0.153271875 0.796571875 0
0.144032158326 0.805835226636 0
0.153271875 0.81526875 0
0.144140879151 0.815098578273 0
0.143973097826 0.833965625 0
0.139274048913 0.833965625 0
0.137796547344 0.830076259569 0
0.139407321015 0.828131576853 0
0.145161760857 0.823540859829 0
0.153271875 0.8246171875 0
0.153271875 0.833965625 0
0.148622486413 0.833965625 0
0.150096332638 0.837829168092 0
0.148508561456 0.839760939639 0
0.153157950043 0.839760939639 0
0.153044025086 0.845556254277 0
0.152971305945 0.849255446433 0
0.142714075114 0.844365719488 0
0.152898586803 0.852954638589 0
0.143736793401 0.852808569295 0
0.143830115451 0.862083972147 0
0.153085230901 0.862157006795 0
0.153271875 0.871359375 0
0.1439234375 0.871359375 0
0.1439234375 0.8807078125 0
0.153271875 0.8807078125 0
0.153271875 0.89005625 0
0.153271875 0.908753125 0
0.17196875 -0.661784375 0
0.17196875 -0.6524359375 0
0.1626203125 -0.6524359375 0
0.17196875 -0.6430875 0
0.1626203125 -0.6430875 0
0.162458324141 -0.634824384507 0
0.171704904619 -0.635506826556 0
0.171441059237 -0.627926153112 0
0.162296335782 -0.626561269014 0
0.171552835747 -0.623216841156 0
0.171760792873 -0.614455295578 0
0.162493547261 -0.613769769181 0
0.162366782022 -0.621845788362 0
0.17196875 -0.60569375 0
0.1626203125 -0.60569375 0
0.153226301649 -0.613084242783 0
0.162331558902 -0.624203528688 0
0.171496947492 -0.625571497134 0
0.1626203125 -0.5963453125 0
0.17196875 -0.5963453125 0
0.17196875 -0.586996875 0
0.17196875 0.796571875 0
0.17196875 0.81526875 0
0.1626203125 0.8246171875 0
0.17196875 0.833965625 0
0.1626203125 0.833965625 0
0.158763748174 0.852864789333 0
0.155831167488 0.852909713961 0
0.154902120021 0.850458560735 0
0.15590388663 0.849210521805 0
0.162995941063 0.842961023025 0
0.17196875 0.8433140625 0
0.17196875 0.8526625 0
0.165366249087 0.852763644667 0
0.166899113185 0.857568195551 0
0.164364294778 0.860021043327 0
0.170966795691 0.859919898661 0
0.169964841382 0.867177297321 0
0.169519811249 0.870400758767 0
0.160150017545 0.864216488367 0
0.169074781117 0.873624220213 0
0.161173328059 0.872491797606 0
0.161896820279 0.881274023803 0
0.172816032939 0.881394794407 0
0.17196875 0.89005625 0
0.1626203125 0.89005625 0
0.1626203125 0.8994046875 0
0.17196875 0.8994046875 0
0.17196875 0.908753125 0
0.190665625 -0.661784375 0
0.1813171875 -0.6524359375 0
0.190665625 -0.6430875 0
0.1813171875 -0.6430875 0
0.191013814794 -0.626121464895 0
0.191062161923 -0.623765683376 0
0.187800035997 -0.624066464746 0
0.186144799469 -0.625394746189 0
0.191110509051 -0.621409901857 0
0.186193146598 -0.62303896467 0
0.181275784144 -0.624668027484 0
0.176358421691 -0.626297090298 0
0.181432799151 -0.634376379342 0
0.190839719897 -0.634604482447 0
0.181165738551 -0.614682242959 0
0.176414309945 -0.62394243432 0
0.190888067026 -0.613551825928 0
0.190665625 -0.60569375 0
0.1813171875 -0.60569375 0
0.174756559709 -0.625270340584 0
0.1813171875 -0.5963453125 0
0.190665625 -0.586996875 0
0.190665625 0.684390625 0
0.190665625 0.7030875 0
0.190665625 0.721784375 0
0.190665625 0.74048125 0
0.190665625 0.759178125 0
0.190665625 0.777875 0
0.190665625 0.7872234375 0
0.1813171875 0.7872234375 0
0.190665625 0.796571875 0
0.1813171875 0.796571875 0
0.1813171875 0.8059203125 0
0.190665625 0.8059203125 0
0.190665625 0.81526875 0
0.18994422839 0.8243981921 0
0.180956489195 0.8245076898 0
0.18922283178 0.833527634201 0
0.18059579089 0.8337466296 0
0.191097044708 0.843445029197 0
0.192034151172 0.848403726695 0
0.190734544373 0.850002905574 0
0.189616187741 0.848323146265 0
0.192971257637 0.853362424193 0
0.190553294205 0.853281843763 0
0.188135330774 0.853201263333 0
0.180052040387 0.852931881666 0
0.181026564943 0.843248680417 0
0.190159938244 0.838486331699 0
0.188532681827 0.86253846007 0
0.185246922335 0.862716020543 0
0.191818441318 0.862360899597 0
0.190665625 0.871359375 0
0.186512069448 0.871795076377 0
0.182358513896 0.872230777754 0
0.174559957025 0.873048833977 0
0.171817369071 0.873336527095 0
0.171199859841 0.871283450503 0
0.172262399203 0.870113065649 0
0.178261961796 0.862004703783 0
0.178459235461 0.872639805865 0
0.178972823641 0.875093203911 0
0.177279978513 0.876524416988 0
0.181179256948 0.876115388877 0
0.18 0.88 0
0.186235518913 0.880409881294 0
0.188333645198 0.880553053219 0
0.190665625 0.89005625 0
0.18786109375 0.89005625 0
0.1850565625 0.89005625 0
0.18252828125 0.885028125 0
0.17851265625 0.89005625 0
0.177212341014 0.887336787128 0
0.171896400778 0.889645449255 0
0.171824051556 0.889234648511 0
0.175912025778 0.884617324255 0
0.170449416336 0.881429434362 0
0.173864697425 0.878976925675 0
0.181013660916 0.887738934345 0
0.1813171875 0.8994046875 0
0.190665625 0.908753125 0
0.2093625 -0.661784375 0
0.2093625 -0.6524359375 0
0.2000140625 -0.6524359375 0
0.2093625 -0.6430875 0
0.2000140625 -0.6430875 0
0.209390616398 -0.628864271104 0
0.20939528618 -0.626501970578 0
0.200228724051 -0.625133826977 0
0.200202215596 -0.627492867999 0
0.209399955962 -0.624139670052 0
0.200255232507 -0.622774785955 0
0.200108139048 -0.635290184 0
0.209376558199 -0.635975885552 0
0.200134647503 -0.614234267977 0
0.2093625 0.684390625 0
0.2093625 0.6937390625 0
0.2000140625 0.6937390625 0
0.2093625 0.7030875 0
0.2000140625 0.7030875 0
0.2000140625 0.7124359375 0
0.2093625 0.7124359375 0
0.2093625 0.721784375 0
0.2093625 0.7311328125 0
0.2000140625 0.7311328125 0
0.2093625 0.74048125 0
0.2000140625 0.74048125 0
0.2000140625 0.7498296875 0
0.2093625 0.7498296875 0
0.2093625 0.759178125 0
0.207876851565 0.768075562082 0
0.199271238282 0.768301062291 0
0.20639120313 0.776972999164 0
0.198528414065 0.777423999582 0
0.208265416058 0.786890394161 0
0.209202522523 0.791849091659 0
0.207892573947 0.793482337565 0
0.206769046427 0.79181961177 0
0.210139628987 0.796807789157 0
0.207706152891 0.796778309268 0
0.205272676795 0.79674882938 0
0.197969150898 0.79666035219 0
0.198956170876 0.786921353287 0
0.207328309594 0.781931696663 0
0.206106340954 0.806023529634 0
0.202461617415 0.80600878969 0
0.209751064493 0.806038269578 0
0.2093625 0.81526875 0
0.204506529018 0.81526875 0
0.199650558036 0.81526875 0
0.195158091518 0.81526875 0
0.196563621208 0.805964551095 0
0.203112800596 0.824534074138 0
0.196863101193 0.824450960776 0
0.2093625 0.8246171875 0
0.2093625 0.833965625 0
0.201719072175 0.833799398276 0
0.19407564435 0.833633171553 0
0.191649238065 0.833580402877 0
0.193403664791 0.824424576438 0
0.200737760193 0.843512845695 0
0.192586344529 0.838539100375 0
0.2093625 0.8433140625 0
0.2093625 0.8526625 0
0.201166878818 0.853012462097 0
0.191465173612 0.83686861165 0
0.200590470659 0.862185918548 0
0.2093625 0.8620109375 0
0.2093625 0.871359375 0
0.2000140625 0.871359375 0
0.2000140625 0.8807078125 0
0.228059375 -0.661784375 0
0.2187109375 -0.6524359375 0
0.228059375 -0.6430875 0
0.2187109375 -0.6430875 0
0.228059375 -0.631650652985 0
0.228059375 -0.628020638993 0
0.21872733059 -0.627261304785 0
0.218724995699 -0.630257462045 0
0.228059375 -0.624390625 0
0.218729665481 -0.624265147526 0
0.218717966599 -0.636672481022 0
0.228059375 -0.637369076493 0
0.218720301491 -0.614979448763 0
0.228059375 -0.6150421875 0
0.228059375 0.572209375 0
0.228059375 0.59090625 0
0.228059375 0.609603125 0
0.228059375 0.6283 0
0.228059375 0.6376484375 0
0.2187109375 0.6376484375 0
0.228059375 0.646996875 0
0.2187109375 0.646996875 0
0.2187109375 0.6563453125 0
0.228059375 0.6563453125 0
0.228059375 0.66569375 0
0.228059375 0.6750421875 0
0.2187109375 0.6750421875 0
0.228059375 0.684390625 0
0.2187109375 0.684390625 0
0.2187109375 0.6937390625 0
0.228059375 0.6937390625 0
0.228059375 0.7030875 0
0.2187109375 0.7030875 0
0.230442841474 0.713835345733 0
0.23147387711 0.718484629488 0
0.23021759557 0.719941089867 0
0.229073936982 0.718344678178 0
0.232504912746 0.723133913244 0
0.230104972618 0.722993961934 0
0.227705032489 0.722854010624 0
0.218533766245 0.722319192812 0
0.219378023774 0.712714924827 0
0.229251108237 0.708461422866 0
0.227655806621 0.731737605967 0
0.22502946937 0.731667630312 0
0.230282143873 0.731807581622 0
0.228059375 0.74048125 0
0.225206640625 0.74048125 0
0.22235390625 0.74048125 0
0.215858203125 0.74048125 0
0.217195984685 0.731400221406 0
0.223787681362 0.7498296875 0
0.219515987723 0.7498296875 0
0.228059375 0.7498296875 0
0.228059375 0.759178125 0
0.222368722098 0.759178125 0
0.216678069196 0.759178125 0
0.213020284598 0.759178125 0
0.214439243862 0.7498296875 0
0.221002978323 0.768351264423 0
0.213946581645 0.768175966346 0
0.228059375 0.7685265625 0
0.228059375 0.777875 0
0.219637234547 0.777524403846 0
0.211215094094 0.777173807692 0
0.208803148612 0.777073403428 0
0.210911716605 0.768125764214 0
0.218667528987 0.78718622141 0
0.209740255076 0.782032100926 0
0.228059375 0.7872234375 0
0.228059375 0.796571875 0
0.219099501993 0.796689832078 0
0.208623904427 0.780345733671 0
0.218905219747 0.805979291039 0
0.228059375 0.8059203125 0
0.228059375 0.81526875 0
0.2187109375 0.81526875 0
0.2187109375 0.8246171875 0
0.228059375 0.833965625 0
0.2187109375 0.8433140625 0
0.228059375 0.8526625 0
0.2187109375 0.8526625 0
0.2187109375 0.8620109375 0
0.228059375 0.871359375 0
0.24675625 -0.661784375 0
0.24675625 -0.6524359375 0
0.2374078125 -0.6524359375 0
0.24675625 -0.6430875 0
0.2374078125 -0.6430875 0
0.24675625 -0.634441231343 0
0.24675625 -0.629415928172 0
0.2374078125 -0.628718283582 0
0.2374078125 -0.633045942164 0
0.24675625 -0.624390625 0
0.2374078125 -0.624390625 0
0.2374078125 -0.638066721082 0
0.24675625 -0.638764365672 0
0.2374078125 -0.6150421875 0
0.24675625 0.572209375 0
0.24675625 0.5815578125 0
0.2374078125 0.5815578125 0
0.24675625 0.59090625 0
0.2374078125 0.59090625 0
0.2374078125 0.6002546875 0
0.24675625 0.6002546875 0
0.24675625 0.609603125 0
0.24675625 0.6189515625 0
0.2374078125 0.6189515625 0
0.24675625 0.6283 0
0.2374078125 0.6283 0
0.23719996456 0.637585340804 0
0.24634055412 0.637522244108 0
0.245924858239 0.646744488216 0
0.23699211662 0.646870681608 0
0.247799071168 0.656661883212 0
0.248736177632 0.66162058071 0
0.247440265736 0.663207588142 0
0.246323756556 0.661521743109 0
0.249673284096 0.666579278208 0
0.24726086302 0.666480440607 0
0.244848441944 0.666381603007 0
0.236453908472 0.666037676503 0
0.237423994306 0.656374174265 0
0.246861964704 0.651703185714 0
0.245164848363 0.675435532804 0
0.242114929678 0.675386114003 0
0.248214767048 0.675484951604 0
0.24675625 0.684390625 0
0.243068833705 0.684390625 0
0.239381417411 0.684390625 0
0.233720396205 0.684390625 0
0.235087152339 0.675214150752 0
0.241649874442 0.6937390625 0
0.236543498884 0.6937390625 0
0.24675625 0.6937390625 0
0.24675625 0.7030875 0
0.240230915179 0.7030875 0
0.233705580357 0.7030875 0
0.230882477679 0.7030875 0
0.232301436942 0.6937390625 0
0.239160374538 0.712953924827 0
0.232074210916 0.708461422866 0
0.24675625 0.7124359375 0
0.24675625 0.721784375 0
0.239630581373 0.722459144122 0
0.230735932277 0.706670115245 0
0.238519196936 0.731470197061 0
0.2374078125 0.7498296875 0
0.2374078125 0.759178125 0
0.2374078125 0.7685265625 0
0.2374078125 0.7872234375 0
0.2374078125 0.796571875 0
0.2374078125 0.8059203125 0
0.265453125 -0.661784375 0
0.2561046875 -0.6524359375 0
0.265453125 -0.6430875 0
0.2561046875 -0.6430875 0
0.265453125 -0.637231809701 0
0.265453125 -0.630811217351 0
0.2561046875 -0.630113572761 0
0.2561046875 -0.635836520522 0
0.265453125 -0.624390625 0
0.2561046875 -0.624390625 0
0.2561046875 -0.639462010261 0
0.265453125 -0.640159654851 0
0.2561046875 -0.6150421875 0
0.265453125 -0.6150421875 0
0.265453125 0.460028125 0
0.265453125 0.478725 0
0.265453125 0.497421875 0
0.265453125 0.51611875 0
0.265453125 0.5254671875 0
0.2561046875 0.5254671875 0
0.265453125 0.534815625 0
0.2561046875 0.534815625 0
0.2561046875 0.5441640625 0
0.265453125 0.5441640625 0
0.265453125 0.5535125 0
0.265453125 0.5628609375 0
0.2561046875 0.5628609375 0
0.265453125 0.572209375 0
0.2561046875 0.572209375 0
0.255514713647 0.581378713295 0
0.264273177295 0.58119961409 0
0.26309322959 0.590189853179 0
0.254924739795 0.59054805159 0
0.264967442518 0.600107248175 0
0.265904548982 0.605065945673 0
0.264598942101 0.60668488953 0
0.263477585428 0.605015012709 0
0.266841655447 0.610024643171 0
0.264414691892 0.609973710207 0
0.261987728337 0.609922777243 0
0.254371989169 0.609762951121 0
0.255353750263 0.6000474971 0
0.264030336054 0.595148550677 0
0.262672859339 0.619136855103 0
0.259198328454 0.619111388621 0
0.266147390223 0.619162321586 0
0.265453125 0.6283 0
0.260931026786 0.6283 0
0.256408928571 0.6283 0
0.251582589286 0.6283 0
0.252977289227 0.619031475561 0
0.259526449282 0.637601062291 0
0.253599773564 0.637553687083 0
0.265453125 0.6376484375 0
0.265453125 0.646996875 0
0.258121871778 0.646902124583 0
0.250790618557 0.646807374165 0
0.248357738398 0.64677593119 0
0.249970163842 0.637537965595 0
0.257135333815 0.656638961704 0
0.249294844862 0.651734628688 0
0.265453125 0.6563453125 0
0.265453125 0.66569375 0
0.257563204548 0.666136514104 0
0.248171515988 0.650071248531 0
0.256833946024 0.675263569552 0
0.265453125 0.684390625 0
0.2561046875 0.6937390625 0
0.265453125 0.7030875 0
0.2561046875 0.7030875 0
0.2561046875 0.7124359375 0
0.265453125 0.721784375 0
0.28415 -0.661784375 0
0.28402875445 -0.653248282687 0
0.274740939725 -0.652842110094 0
0.283907508899 -0.644712190375 0
0.27468031695 -0.643899845187 0
0.283963802511 -0.63999459739 0
0.284056901256 -0.632192611195 0
0.274755013128 -0.631501914273 0
0.274708463756 -0.638613203546 0
0.28415 -0.624390625 0
0.2748015625 -0.624390625 0
0.274694390353 -0.641256524366 0
0.283935655705 -0.642353393882 0
0.2748015625 -0.6150421875 0
0.28415 0.460028125 0
0.28415 0.4693765625 0
0.2748015625 0.4693765625 0
0.28415 0.478725 0
0.2748015625 0.478725 0
0.2748015625 0.4880734375 0
0.28415 0.4880734375 0
0.28415 0.497421875 0
0.28415 0.5067703125 0
0.2748015625 0.5067703125 0
0.28415 0.51611875 0
0.2748015625 0.51611875 0
0.273829462735 0.525172085786 0
0.28220580047 0.524876984071 0
0.28026160094 0.533635218143 0
0.27285736297 0.534225421571 0
0.282175847085 0.543420739015 0
0.283162923542 0.548466619507 0
0.281812707957 0.550148579671 0
0.280644061935 0.548466619507 0
0.28415 0.5535125 0
0.281631138393 0.5535125 0
0.279112276786 0.5535125 0
0.272282700893 0.5535125 0
0.273292909335 0.543722182873 0
0.281218724012 0.538527978579 0
0.280212179129 0.5628609375 0
0.276274358259 0.5628609375 0
0.28415 0.5628609375 0
0.28415 0.572209375 0
0.278793219866 0.572209375 0
0.273436439732 0.572209375 0
0.269444782366 0.572209375 0
0.270863741629 0.5628609375 0
0.277416146066 0.581419836858 0
0.270682292131 0.581281861215 0
0.28415 0.5815578125 0
0.28415 0.59090625 0
0.276039072265 0.590630298715 0
0.26792814453 0.590354347431 0
0.26551068706 0.590272100305 0
0.267477734713 0.581240737652 0
0.275064953471 0.600311696538 0
0.266447793524 0.595230797803 0
0.28415 0.6002546875 0
0.28415 0.609603125 0
0.275495827723 0.609813884086 0
0.265329605546 0.593550482929 0
0.275148695112 0.619056942043 0
0.2748015625 0.6376484375 0
0.2748015625 0.646996875 0
0.2748015625 0.6563453125 0
0.302846875 -0.6711328125 0
0.2934984375 -0.6711328125 0
0.302846875 -0.661784375 0
0.2934984375 -0.661784375 0
0.293275334927 -0.653930724736 0
0.302521915405 -0.654613166785 0
0.30219695581 -0.64744195857 0
0.293052232355 -0.646077074472 0
0.302329644173 -0.642735767787 0
0.302588259586 -0.633563196393 0
0.293322580421 -0.632877903794 0
0.293146723342 -0.641365182588 0
0.302846875 -0.624390625 0
0.2934984375 -0.624390625 0
0.293099477848 -0.64372112853 0
0.302263299992 -0.645088863179 0
0.2934984375 -0.6150421875 0
0.302846875 -0.6150421875 0
0.302846875 0.347846875 0
0.302846875 0.36654375 0
0.302846875 0.385240625 0
0.302846875 0.4039375 0
0.302846875 0.4132859375 0
0.2934984375 0.4132859375 0
0.302846875 0.422634375 0
0.2934984375 0.422634375 0
0.2934984375 0.4319828125 0
0.302846875 0.4319828125 0
0.302846875 0.44133125 0
0.30273687985 0.450646296115 0
0.293443439925 0.450662991808 0
0.302626884699 0.45996134223 0
0.29338844235 0.459994733615 0
0.304501097628 0.469878737226 0
0.305438204092 0.474837434724 0
0.304145768279 0.476412991532 0
0.30303099714 0.474721421185 0
0.306375310556 0.479796132222 0
0.303968103604 0.479680118683 0
0.301560896653 0.479564105144 0
0.292855448326 0.479144552572 0
0.293821370341 0.469499471095 0
0.303563991163 0.464920039728 0
0.301730717539 0.488550996842 0
0.298850342299 0.488492990072 0
0.304611092778 0.488609003611 0
0.302846875 0.497421875 0
0.299493331473 0.497421875 0
0.296139787946 0.497421875 0
0.290144893973 0.497421875 0
0.29150017115 0.488283213786 0
0.29807437221 0.5067703125 0
0.29330186942 0.5067703125 0
0.302846875 0.5067703125 0
0.302846875 0.51611875 0
0.296655412946 0.51611875 0
0.290463950893 0.51611875 0
0.287306975446 0.51611875 0
0.28872593471 0.5067703125 0
0.295306964995 0.525234914944 0
0.28776705499 0.525002642387 0
0.302846875 0.5254671875 0
0.302846875 0.534815625 0
0.293958517043 0.534351079887 0
0.285070159086 0.533886534775 0
0.282665880013 0.533760876459 0
0.28498642773 0.524939813229 0
0.293017889445 0.543982607295 0
0.283623003086 0.538653636895 0
0.302846875 0.5441640625 0
0.302846875 0.5535125 0
0.2934984375 0.5535125 0
0.282502535704 0.536980830644 0
0.2934984375 0.5628609375 0
0.302846875 0.572209375 0
0.2934984375 0.5815578125 0
0.302846875 0.59090625 0
0.2934984375 0.59090625 0
0.2934984375 0.6002546875 0
0.302846875 0.609603125 0
0.3121953125 -0.6711328125 0
0.32154375 -0.661784375 0
0.3121953125 -0.661784375 0
0.32179346921 -0.6456408163 0
0.321829937417 -0.643283261808 0
0.318563851851 -0.643583452187 0
0.316912574964 -0.644912324621 0
0.321866405625 -0.640925707316 0
0.316949043171 -0.642554770129 0
0.312031680717 -0.644183832943 0
0.307114318264 -0.645812895757 0
0.312258605658 -0.653482661958 0
0.321668609605 -0.65371259565 0
0.311990444472 -0.633788549353 0
0.307180662445 -0.643459800365 0
0.321705077812 -0.632658166158 0
0.32154375 -0.624390625 0
0.3121953125 -0.624390625 0
0.3055194269 -0.644787186434 0
0.3121953125 -0.6150421875 0
0.32154375 0.347846875 0
0.32154375 0.3571953125 0
0.3121953125 0.3571953125 0
0.32154375 0.36654375 0
0.3121953125 0.36654375 0
0.3121953125 0.3758921875 0
0.32154375 0.3758921875 0
0.32154375 0.385240625 0
0.320669503025 0.394323666097 0
0.311758189012 0.394456364298 0
0.31979525605 0.403406707194 0
0.311321065525 0.403672103597 0
0.321669468978 0.41332410219 0
0.322606575442 0.418282799688 0
0.321305032573 0.419888356208 0
0.320185707907 0.41821178572 0
0.323543681907 0.423241497186 0
0.321122814371 0.423170483218 0
0.318701946835 0.423099469249 0
0.310774410918 0.422866922125 0
0.31175126662 0.413173349648 0
0.320732362514 0.408365404692 0
0.319239169462 0.432250866609 0
0.315934622971 0.432215359625 0
0.322543715953 0.432286373593 0
0.32154375 0.44133125 0
0.317355524554 0.44133125 0
0.313167299107 0.44133125 0
0.308007087054 0.44133125 0
0.309390748986 0.432099086062 0
0.315940326244 0.450667298475 0
0.310336902488 0.450654909451 0
0.32154375 0.4506796875 0
0.32154375 0.460028125 0
0.314525127935 0.460003346951 0
0.307506505869 0.459978568901 0
0.305066695284 0.459969955566 0
0.306536891169 0.450650602783 0
0.313532974379 0.469765415887 0
0.306003801748 0.464928653064 0
0.32154375 0.4693765625 0
0.32154375 0.478725 0
0.313959530278 0.479260566111 0
0.304878162732 0.463272882786 0
0.313077421389 0.488341220556 0
0.32154375 0.4880734375 0
0.32154375 0.497421875 0
0.3121953125 0.497421875 0
0.3121953125 0.5067703125 0
0.3121953125 0.5254671875 0
0.3121953125 0.534815625 0
0.3121953125 0.5441640625 0
0.340240625 -0.6711328125 0
0.3308921875 -0.6711328125 0
0.340240625 -0.661784375 0
0.3308921875 -0.661784375 0
0.340240625 -0.648394123134 0
0.340240625 -0.645740811567 0
0.331035281209 -0.644512036687 0
0.331017047105 -0.647017469717 0
0.340240625 -0.6430875 0
0.331053515312 -0.642006603658 0
0.330954617302 -0.654400922359 0
0.340240625 -0.655089249067 0
0.330972851406 -0.633198614329 0
0.340240625 -0.624390625 0
0.340240625 0.3011046875 0
0.3308921875 0.3011046875 0
0.340240625 0.310453125 0
0.3308921875 0.310453125 0
0.3308921875 0.3198015625 0
0.342577251408 0.319849073155 0
0.340240625 0.32915 0
0.3386021262 0.338001036079 0
0.3300729381 0.338249736789 0
0.3369636274 0.346852072157 0
0.3292536887 0.347349473579 0
0.338837840328 0.356769467153 0
0.339774946793 0.361728164651 0
0.338462714191 0.363368934408 0
0.337338044658 0.361709970537 0
0.340712053257 0.366686862149 0
0.338275151123 0.366668668035 0
0.335838248988 0.366650473921 0
0.328690999494 0.36659711196 0
0.329680793711 0.356845656335 0
0.337900733864 0.351810769655 0
0.336746434378 0.375954646518 0
0.333016529628 0.37594554946 0
0.340476339128 0.375963743575 0
0.340240625 0.385240625 0
0.335217717634 0.385240625 0
0.330194810268 0.385240625 0
0.325869280134 0.385240625 0
0.327280139814 0.37591886848 0
0.333829492422 0.394487820918 0
0.327418359845 0.394386579335 0
0.340240625 0.3945890625 0
0.340240625 0.4039375 0
0.332441267211 0.403735016835 0
0.324641909421 0.403532533671 0
0.322218582736 0.403469620432 0
0.324043931435 0.394355122716 0
0.331462434638 0.413437398184 0
0.3231556892 0.40842831793 0
0.340240625 0.4132859375 0
0.340240625 0.422634375 0
0.331892153453 0.422937936093 0
0.322035544817 0.406754447685 0
0.331392170477 0.432134593046 0
0.340240625 0.4319828125 0
0.340240625 0.44133125 0
0.3308921875 0.44133125 0
0.3308921875 0.4506796875 0
0.340240625 0.460028125 0
0.3308921875 0.4693765625 0
0.340240625 0.478725 0
0.3308921875 0.478725 0
0.3308921875 0.4880734375 0
0.340240625 0.497421875 0
0.3495890625 -0.6711328125 0
0.3589375 -0.661784375 0
0.3495890625 -0.661784375 0
0.3589375 -0.651184701493 0
0.3589375 -0.647136100746 0
0.3495890625 -0.646438456157 0
0.3495890625 -0.649789412313 0
0.3589375 -0.6430875 0
0.3495890625 -0.6430875 0
0.3495890625 -0.655786893657 0
0.3589375 -0.656484538246 0
0.3495890625 -0.6337390625 0
0.3589375 -0.6337390625 0
0.3589375 -0.624390625 0
0.3495890625 0.3011046875 0
0.3589375 0.310453125 0
0.349689568414 0.312788072278 0
0.3589375 0.323979166667 0
0.3589375 0.326564583333 0
0.355238727679 0.325569791667 0
0.35446875 0.321989583333 0
0.3589375 0.32915 0
0.356008705357 0.32915 0
0.353079910714 0.32915 0
0.351539955357 0.324575 0
0.35 0.32 0
0.350151116071 0.32915 0
0.350100744048 0.3261 0
0.347222321429 0.32915 0
0.348611160714 0.324575 0
0.35446875 0.319404166667 0
0.355958333333 0.320929166667 0
0.3589375 0.318808333333 0
0.3589375 0.32139375 0
0.341408938204 0.315151099078 0
0.340824781602 0.312802112039 0
0.344153664978 0.314306205679 0
0.345704469102 0.317575549539 0
0.342602860853 0.31103686182 0
0.344965096707 0.311620598639 0
0.347482548353 0.31581029932 0
0.34732733256 0.312204335459 0
0.348218221707 0.314802890305 0
0.349844784207 0.316394036139 0
0.346288625704 0.319924536578 0
0.344662063204 0.318333390744 0
0.341993094806 0.317500086117 0
0.354313534207 0.311620598639 0
0.356625517103 0.31103686182 0
0.355547133552 0.314176113201 0
0.352156767103 0.31581029932 0
0.3589375 0.312541927083 0
0.3589375 0.314630729167 0
0.35446875 0.317315364583 0
0.3589375 0.31671953125 0
0.355958333333 0.317813020833 0
0.35133436754 0.314802890306 0
0.35200155131 0.312204335459 0
0.346984598214 0.3261 0
0.346865736607 0.324575 0
0.345476897321 0.32915 0
0.343731473214 0.32915 0
0.341986049107 0.32915 0
0.343845259105 0.325699884144 0
0.340824781602 0.326824768289 0
0.341408938204 0.324499536578 0
0.345704469102 0.322249768289 0
0.341993094806 0.322174304867 0
0.344662063204 0.321449536578 0
0.351719893912 0.3383042741 0
0.344502287823 0.3381101107 0
0.3589375 0.3384984375 0
0.3589375 0.347846875 0
0.350359877109 0.3474585482 0
0.341782254218 0.347070221399 0
0.339372940809 0.346961146778 0
0.341552207012 0.338055573389 0
0.349392274344 0.357111058536 0
0.340310047273 0.351919844276 0
0.3589375 0.3571953125 0
0.3589375 0.36654375 0
0.349824776628 0.366615306075 0
0.339194573982 0.350230586903 0
0.349706919564 0.375927965537 0
0.3589375 0.3758921875 0
0.3589375 0.385240625 0
0.3495890625 0.385240625 0
0.3495890625 0.3945890625 0
0.3495890625 0.4132859375 0
0.3495890625 0.422634375 0
0.3495890625 0.4319828125 0
0.377634375 -0.6711328125 0
0.3682859375 -0.6711328125 0
0.377634375 -0.661784375 0
0.3682859375 -0.661784375 0
0.377634375 -0.653975279851 0
0.377634375 -0.648531389925 0
0.3682859375 -0.647833745336 0
0.3682859375 -0.652579990672 0
0.377634375 -0.6430875 0
0.3682859375 -0.6430875 0
0.3682859375 -0.657182182836 0
0.377634375 -0.657879827425 0
0.3682859375 -0.6337390625 0
0.377634375 -0.624390625 0
0.377634375 0.3011046875 0
0.3682859375 0.3011046875 0
0.377634375 0.310453125 0
0.3682859375 0.310453125 0
0.377634375 0.316315416667 0
0.377634375 0.322732708333 0
0.3682859375 0.3233559375 0
0.3682859375 0.317561875 0
0.377634375 0.32915 0
0.3682859375 0.32915 0
0.3682859375 0.3140075 0
0.377634375 0.313384270833 0
0.3682859375 0.3384984375 0
0.377634375 0.347846875 0
0.3682859375 0.3571953125 0
0.377634375 0.36654375 0
0.3682859375 0.36654375 0
0.3682859375 0.3758921875 0
0.377634375 0.385240625 0
0.3869828125 -0.6711328125 0
0.39633125 -0.661784375 0
0.3869828125 -0.661784375 0
0.39633125 -0.656765858209 0
0.39633125 -0.649926679104 0
0.3869828125 -0.649229034515 0
0.3869828125 -0.65537056903 0
0.39633125 -0.6430875 0
0.3869828125 -0.6430875 0
0.3869828125 -0.658577472015 0
0.39633125 -0.659275116604 0
0.3869828125 -0.6337390625 0
0.39633125 -0.6337390625 0
0.39633125 -0.624390625 0
0.386938722675 0.300774013812 0
0.3961548907 0.309130430249 0
0.38689463285 0.309791777625 0
0.396196383174 0.313840482244 0
0.396263816587 0.321495241122 0
0.386949095793 0.322113974728 0
0.386915379087 0.315077949455 0
0.39633125 0.32915 0
0.3869828125 0.32915 0
0.386905005968 0.31243486354 0
0.396175636937 0.311485456246 0
0.3869828125 0.3384984375 0
0.39633125 0.3384984375 0
0.39633125 0.347846875 0
0.415028125 -0.699178125 0
0.415028125 -0.68048125 0
0.414845765236 -0.672354622917 0
0.405588507618 -0.671743717708 0
0.414663405473 -0.664227995833 0
0.405497327736 -0.663006185417 0
0.414744729758 -0.65951413877 0
0.414886427379 -0.651300819385 0
0.40560883869 -0.650613749245 0
0.405537989879 -0.658139998489 0
0.415028125 -0.6430875 0
0.4056796875 -0.6430875 0
0.405517658808 -0.660573091953 0
0.414704067615 -0.661871067302 0
0.4056796875 -0.6337390625 0
0.415028125 -0.624390625 0
0.415028125 0.273059375 0
0.415028125 0.29175625 0
0.414776653865 0.299218653989 0
0.405509862108 0.299830997057 0
0.41452518273 0.306681057979 0
0.405340036715 0.307905744114 0
0.414630421752 0.311382610433 0
0.414829273376 0.320266305217 0
0.405546544981 0.320880773169 0
0.405413402463 0.312611546338 0
0.415028125 0.32915 0
0.4056796875 0.32915 0
0.405376719589 0.310258645226 0
0.414577802241 0.309031834206 0
0.4056796875 0.3384984375 0
0.415028125 0.347846875 0
0.433725 -0.699178125 0
0.433725 -0.6898296875 0
0.4243765625 -0.6898296875 0
0.433725 -0.68048125 0
0.4243765625 -0.68048125 0
0.434207190714 -0.662418983689 0
0.434270023 -0.660065364134 0
0.431012725461 -0.660366866159 0
0.429352660547 -0.661694426947 0
0.434332855287 -0.657711744579 0
0.429415492833 -0.659340807392 0
0.42449813038 -0.660969870206 0
0.419580767926 -0.66259893302 0
0.424562980325 -0.671224229384 0
0.433966095357 -0.671450116844 0
0.424295346731 -0.651530105352 0
0.419621430069 -0.660242004488 0
0.434028927643 -0.650399622289 0
0.433725 -0.6430875 0
0.4243765625 -0.6430875 0
0.417968755202 -0.661570668267 0
0.4243765625 -0.6337390625 0
0.433725 -0.6337390625 0
0.433725 -0.624390625 0
0.433725 0.273059375 0
0.433725 0.2824078125 0
0.4243765625 0.2824078125 0
0.433725 0.29175625 0
0.4243765625 0.29175625 0
0.434043160783 0.308794245229 0
0.43408707991 0.311146181507 0
0.430834083568 0.310793983632 0
0.429185625834 0.309441916556 0
0.434130999038 0.313498117786 0
0.429229544961 0.311793852834 0
0.424328090884 0.310089587882 0
0.419426636807 0.30838532293 0
0.424519441576 0.300423659213 0
0.433884080391 0.300275247614 0
0.424193548254 0.320119310682 0
0.419479256318 0.310736099158 0
0.433927999519 0.321324058893 0
0.433725 0.32915 0
0.4243765625 0.32915 0
0.417827898455 0.309384418764 0
0.4243765625 0.3384984375 0
0.433725 0.3384984375 0
0.433725 0.347846875 0
0.452421875 -0.699178125 0
0.4430734375 -0.6898296875 0
0.452421875 -0.68048125 0
0.4430734375 -0.68048125 0
0.452575105667 -0.665160463532 0
0.452598703932 -0.662800988153 0
0.443434363466 -0.661433176143 0
0.44339114819 -0.66378972361 0
0.452622302198 -0.660441512774 0
0.443477578742 -0.659076628676 0
0.443232292845 -0.672135486805 0
0.452498490333 -0.672820856766 0
0.443275508121 -0.651082064338 0
0.452522088599 -0.651764506387 0
0.452421875 -0.6430875 0
0.4430734375 -0.6430875 0
0.4430734375 -0.6337390625 0
0.452421875 -0.624390625 0
0.452421875 0.273059375 0
0.4430734375 0.2824078125 0
0.452421875 0.29175625 0
0.4430734375 0.29175625 0
0.452481890378 0.30633574795 0
0.452491590723 0.308692246732 0
0.443289335317 0.30991921412 0
0.44326252558 0.307564996589 0
0.452501291069 0.311048745515 0
0.443316145053 0.31227343165 0
0.44316798154 0.299660623295 0
0.452451882689 0.299045998975 0
0.443194791277 0.320711715825 0
0.452461583034 0.320099372757 0
0.452421875 0.32915 0
0.4430734375 0.32915 0
0.4430734375 0.3384984375 0
0.452421875 0.347846875 0
0.47111875 -0.699178125 0
0.47111875 -0.6898296875 0
0.4617703125 -0.6898296875 0
0.47111875 -0.68048125 0
0.4617703125 -0.68048125 0
0.47111875 -0.667928171642 0
0.47111875 -0.664856273321 0
0.461858726966 -0.663828630737 0
0.461846927833 -0.666544317587 0
0.47111875 -0.661784375 0
0.461870526099 -0.661112943887 0
0.461808620167 -0.673512783794 0
0.47111875 -0.674204710821 0
0.461820419299 -0.652100221944 0
0.47111875 0.273059375 0
0.47111875 0.2824078125 0
0.4617703125 0.2824078125 0
0.47111875 0.29175625 0
0.4617703125 0.29175625 0
0.47111875 0.303850833333 0
0.47111875 0.307151979167 0
0.461805170362 0.307922112949 0
0.461800320189 0.305093290641 0
0.47111875 0.310453125 0
0.461810020534 0.310750935257 0
0.461785316344 0.298424770321 0
0.47111875 0.297803541667 0
0.461790166517 0.319950467629 0
0.489815625 -0.699178125 0
0.4804671875 -0.6898296875 0
0.489815625 -0.68048125 0
0.4804671875 -0.68048125 0
0.489815625 -0.67071875 0
0.489815625 -0.6662515625 0
0.4804671875 -0.66555391791 0
0.4804671875 -0.669323460821 0
0.489815625 -0.661784375 0
0.4804671875 -0.661784375 0
0.4804671875 -0.67490235541 0
0.489815625 -0.6756 0
0.4804671875 -0.6524359375 0
0.489815625 -0.6524359375 0
0.489815625 0.273059375 0
0.4804671875 0.2824078125 0
0.489815625 0.29175625 0
0.4804671875 0.29175625 0
0.489815625 0.301357916667 0
0.489815625 0.305905520833 0
0.4804671875 0.30652875 0
0.4804671875 0.302604375 0
0.489815625 0.310453125 0
0.4804671875 0.310453125 0
0.4804671875 0.2971803125 0
0.489815625 0.296557083333 0
0.4804671875 0.3198015625 0
0.489815625 0.3198015625 0
0.5085125 -0.699178125 0
0.5085125 -0.6898296875 0
0.4991640625 -0.6898296875 0
0.5085125 -0.68048125 0
0.4991640625 -0.68048125 0
0.5085125 -0.673509328358 0
0.5085125 -0.667646851679 0
0.4991640625 -0.66694920709 0
0.4991640625 -0.672114039179 0
0.5085125 -0.661784375 0
0.4991640625 -0.661784375 0
0.4991640625 -0.67629764459 0
0.5085125 -0.676995289179 0
0.4991640625 -0.6524359375 0
0.5085125 0.273059375 0
0.5085125 0.2824078125 0
0.4991640625 0.2824078125 0
0.5085125 0.29175625 0
0.4991640625 0.29175625 0
0.5085125 0.298865 0
0.5085125 0.3046590625 0
0.4991640625 0.305282291667 0
0.4991640625 0.300111458333 0
0.5085125 0.310453125 0
0.4991640625 0.310453125 0
0.4991640625 0.295933854167 0
0.5085125 0.295310625 0
0.4991640625 0.3198015625 0
0.527209375 -0.699178125 0
0.517841057534 -0.689962883274 0
0.527129855135 -0.681014033096 0
0.517821177567 -0.680747641548 0
0.527149386355 -0.676290953187 0
0.527179380677 -0.669037664094 0
0.517845940339 -0.668342257886 0
0.517830943177 -0.674900140773 0
0.527209375 -0.661784375 0
0.5178609375 -0.661784375 0
0.517826060372 -0.67782389116 0
0.527139620745 -0.678652493142 0
0.5178609375 -0.6524359375 0
0.527209375 -0.6524359375 0
0.527209375 0.273059375 0
0.517857670546 0.282383310346 0
0.527196307185 0.291658241385 0
0.517854403592 0.291707245692 0
0.527199585559 0.296373388592 0
0.52720448028 0.303413256796 0
0.51785849014 0.304036159648 0
0.51785604278 0.297619194296 0
0.527209375 0.310453125 0
0.5178609375 0.310453125 0
0.517855223186 0.294663219994 0
0.527197946372 0.294015814988 0
0.5178609375 0.3198015625 0
0.527209375 0.3198015625 0
0.54590625 -0.699178125 0
0.545662776023 -0.691460963146 0
0.536416195545 -0.690778521097 0
0.545419302046 -0.683743801292 0
0.53627457859 -0.682378917194 0
0.54552375478 -0.679033396236 0
0.54571500239 -0.670408885618 0
0.536447191534 -0.669723274856 0
0.536336570567 -0.677662174712 0
0.54590625 -0.661784375 0
0.5365578125 -0.661784375 0
0.536305574579 -0.680020545953 0
0.545471528413 -0.681388598764 0
0.5365578125 -0.6524359375 0
0.54590625 0.273059375 0
0.545736424608 0.281134122057 0
0.53646963285 0.281746465125 0
0.545566599215 0.289208869114 0
0.5363814532 0.290433555249 0
0.545641831076 0.293914422523 0
0.545774040538 0.302183773762 0
0.536489260409 0.302798515279 0
0.536420708318 0.295143905558 0
0.54590625 0.310453125 0
0.5365578125 0.310453125 0
0.536401080759 0.292788730403 0
0.545604215146 0.291561645819 0
0.5365578125 0.3198015625 0
0.564603125 -0.7085265625 0
0.5552546875 -0.7085265625 0
0.564603125 -0.699178125 0
0.5552546875 -0.699178125 0
0.564984539708 -0.681937991001 0
0.565036645784 -0.679582770519 0
0.56177577284 -0.679883738901 0
0.560119283331 -0.681211833333 0
0.56508875186 -0.677227550037 0
0.560171389407 -0.678856612851 0
0.555254026953 -0.680485675665 0
0.5503366645 -0.682114738478 0
0.555387894396 -0.69033053159 0
0.564793832354 -0.690558058001 0
0.555120908842 -0.670636393594 0
0.550388890866 -0.67975953595 0
0.56484593843 -0.669505962519 0
0.564603125 -0.661784375 0
0.5552546875 -0.661784375 0
0.548732361259 -0.681087624397 0
0.5552546875 -0.6524359375 0
0.564603125 -0.6524359375 0
0.564603125 0.2637109375 0
0.5552546875 0.2637109375 0
0.564603125 0.273059375 0
0.5552546875 0.273059375 0
0.565055911576 0.291325878457 0
0.565114163549 0.293675903689 0
0.561865944822 0.293323068798 0
0.560212709472 0.291971638737 0
0.565172415523 0.296025928921 0
0.560270961446 0.294321663969 0
0.555369507369 0.292617399017 0
0.550468053292 0.290913134066 0
0.55546550747 0.282338709282 0
0.564829518288 0.282192626728 0
0.555138909071 0.302034329089 0
0.550505669223 0.29326591077 0
0.564887770261 0.30323952696 0
0.564603125 0.310453125 0
0.5552546875 0.310453125 0
0.548859312554 0.291913563552 0
0.5552546875 0.3198015625 0
0.564603125 0.3198015625 0
0.5739515625 -0.7085265625 0
0.5833 -0.699178125 0
0.5739515625 -0.699178125 0
0.583358982995 -0.684680445223 0
0.583368590883 -0.682318881728 0
0.574202618334 -0.680950826124 0
0.574171761351 -0.683309218112 0
0.583378198771 -0.679957318233 0
0.574233475316 -0.678592434135 0
0.574061661926 -0.691243671556 0
0.583329491497 -0.691929285112 0
0.574092518908 -0.670188404568 0
0.583339099386 -0.670870846616 0
0.5833 -0.661784375 0
0.5739515625 -0.661784375 0
0.5739515625 -0.6524359375 0
0.5739515625 0.2637109375 0
0.5833 0.273059375 0
0.5739515625 0.273059375 0
0.583487012497 0.288868398334 0
0.583514860025 0.291222477492 0
0.574314511787 0.29244919059 0
0.574271462036 0.290097138395 0
0.583542707553 0.29357655665 0
0.574357561538 0.294801242786 0
0.574111512268 0.281578256698 0
0.583393506249 0.280963886667 0
0.574154562019 0.302627183893 0
0.583421353777 0.302014840825 0
0.5833 0.310453125 0
0.5739515625 0.310453125 0
0.5739515625 0.3198015625 0
0.601996875 -0.7085265625 0
0.5926484375 -0.7085265625 0
0.601996875 -0.699178125 0
0.5926484375 -0.699178125 0
0.601996875 -0.687462220149 0
0.601996875 -0.683971735075 0
0.592682732941 -0.683145308401 0
0.592677928997 -0.686071332686 0
0.601996875 -0.68048125 0
0.592687536886 -0.680219284116 0
0.592663183249 -0.692624728843 0
0.601996875 -0.693320172575 0
0.592667987193 -0.671001829558 0
0.601996875 -0.661784375 0
0.601996875 -0.250453125 0
0.601996875 -0.23175625 0
0.601996875 -0.213059375 0
0.601996875 -0.1943625 0
0.604248295702 -0.1843870178 0
0.5926484375 -0.1850140625 0
0.601996875 -0.175665625 0
0.5926484375 -0.175665625 0
0.5926484375 -0.1663171875 0
0.601996875 -0.1663171875 0
0.601996875 -0.15696875 0
0.601996875 -0.138271875 0
0.601996875 0.2637109375 0
0.5926484375 0.2637109375 0
0.601996875 0.273059375 0
0.5926484375 0.273059375 0
0.601996875 0.286400416667 0
0.601996875 0.289078333333 0
0.592755867513 0.290150405413 0
0.592741943749 0.2876344075 0
0.601996875 0.29175625 0
0.592769791277 0.292666403325 0
0.592695190624 0.28034689125 0
0.601996875 0.279729895833 0
0.592709114388 0.301559764163 0
0.601996875 0.310453125 0
0.6113453125 -0.7085265625 0
0.62069375 -0.699178125 0
0.6113453125 -0.699178125 0
0.62069375 -0.690252798507 0
0.62069375 -0.685367024254 0
0.6113453125 -0.684669379664 0
0.6113453125 -0.688857509328 0
0.62069375 -0.68048125 0
0.6113453125 -0.68048125 0
0.6113453125 -0.694017817164 0
0.62069375 -0.694715461754 0
0.6113453125 -0.6711328125 0
0.62069375 -0.6711328125 0
0.62069375 -0.661784375 0
0.62069375 -0.250453125 0
0.62069375 -0.2411046875 0
0.6113453125 -0.2411046875 0
0.62069375 -0.23175625 0
0.6113453125 -0.23175625 0
0.6113453125 -0.2224078125 0
0.62069375 -0.2224078125 0
0.62069375 -0.213059375 0
0.620535983375 -0.203769369583 0
0.611266429187 -0.203740153542 0
0.62037821675 -0.194479364167 0
0.612406197578 -0.192426698332 0
0.610766752032 -0.184650675062 0
0.619536629063 -0.184287287624 0
0.618695041377 -0.174095211082 0
0.612410704481 -0.175975362322 0
0.610845635344 -0.16592458402 0
0.619694395688 -0.165531980541 0
0.62069375 -0.15696875 0
0.6113453125 -0.15696875 0
0.6113453125 -0.1476203125 0
0.62069375 -0.1476203125 0
0.62069375 -0.138271875 0
0.6113453125 0.2637109375 0
0.62069375 0.273059375 0
0.6113453125 0.273059375 0
0.62069375 0.2839075 0
0.62069375 0.287831875 0
0.6113453125 0.288455104167 0
0.6113453125 0.285153958333 0
0.62069375 0.29175625 0
0.6113453125 0.29175625 0
0.6113453125 0.279106666667 0
0.62069375 0.2784834375 0
0.6113453125 0.3011046875 0
0.62069375 0.3011046875 0
0.62069375 0.310453125 0
0.639390625 -0.7085265625 0
0.6300421875 -0.7085265625 0
0.639390625 -0.699178125 0
0.6300421875 -0.699178125 0
0.639390625 -0.693043376866 0
0.639390625 -0.686762313433 0
0.6300421875 -0.686064668843 0
0.6300421875 -0.691648087687 0
0.639390625 -0.68048125 0
0.6300421875 -0.68048125 0
0.6300421875 -0.695413106343 0
0.639390625 -0.696110750933 0
0.6300421875 -0.6711328125 0
0.639390625 -0.661784375 0
0.639390625 -0.362634375 0
0.639390625 -0.3439375 0
0.639390625 -0.325240625 0
0.639390625 -0.30654375 0
0.639390625 -0.2971953125 0
0.6300421875 -0.2971953125 0
0.639390625 -0.287846875 0
0.6300421875 -0.287846875 0
0.6300421875 -0.2784984375 0
0.639390625 -0.2784984375 0
0.639390625 -0.26915 0
0.639390625 -0.2598015625 0
0.6300421875 -0.2598015625 0
0.639390625 -0.250453125 0
0.6300421875 -0.250453125 0
0.641792730743 -0.238840373006 0
0.642685845658 -0.234522693804 0
0.641362737458 -0.233193331491 0
0.640254625902 -0.234687489935 0
0.643578960572 -0.230205014603 0
0.641147740816 -0.230369810733 0
0.638716521061 -0.230534606863 0
0.62970513553 -0.231145428432 0
0.630700425026 -0.240786915713 0
0.640591677871 -0.244646749003 0
0.638482579899 -0.221714592867 0
0.635480367012 -0.221796990932 0
0.641484792786 -0.221632194801 0
0.639390625 -0.213059375 0
0.635817418981 -0.213059375 0
0.632244212963 -0.213059375 0
0.626468981481 -0.213059375 0
0.628087058506 -0.222102401716 0
0.634094217158 -0.203732511328 0
0.628797809317 -0.203754085155 0
0.639390625 -0.2037109375 0
0.639390625 -0.1943625 0
0.632371015335 -0.194405647655 0
0.62535140567 -0.19444879531 0
0.62286481121 -0.194464079739 0
0.624666896346 -0.203761727369 0
0.630797026162 -0.184404290376 0
0.622675702835 -0.187224397655 0
0.639390625 -0.1850140625 0
0.639390625 -0.175665625 0
0.6318478145 -0.1750932645 0
0.624305004 -0.174520904 0
0.622152502 -0.177260452 0
0.62 -0.18 0
0.621500022688 -0.174308057541 0
0.620550009841 -0.177206643022 0
0.618947517683 -0.177152834045 0
0.619199993989 -0.180210457007 0
0.619599996994 -0.180105228504 0
0.619789105369 -0.187344910587 0
0.621232404102 -0.187284654121 0
0.635683562015 -0.167016664795 0
0.630539023661 -0.166586697159 0
0.640828100368 -0.167446632432 0
0.642265575737 -0.159227639865 0
0.639519309529 -0.158940065091 0
0.636773043322 -0.158652490317 0
0.628733396661 -0.157810620159 0
0.625116709675 -0.16605933885 0
0.640140181656 -0.156888923312 0
0.639077484615 -0.155719565035 0
0.641823750823 -0.156007139809 0
0.641381925909 -0.152786639753 0
0.640386275454 -0.145529257376 0
0.630534105789 -0.14802992064 0
0.639390625 -0.138271875 0
0.6300421875 -0.138271875 0
0.6300421875 -0.1289234375 0
0.639390625 -0.1289234375 0
0.639390625 -0.119575 0
0.639390625 -0.100878125 0
0.639390625 0.2637109375 0
0.6300421875 0.2637109375 0
0.639390625 0.273059375 0
0.6300421875 0.273059375 0
0.639390625 0.281414583333 0
0.639390625 0.286585416667 0
0.6300421875 0.287208645833 0
0.6300421875 0.282661041667 0
0.639390625 0.29175625 0
0.6300421875 0.29175625 0
0.6300421875 0.277860208333 0
0.639390625 0.277236979167 0
0.6300421875 0.3011046875 0
0.639390625 0.310453125 0
0.648688625427 -0.708864490889 0
0.657885751708 -0.700529838555 0
0.648638188354 -0.699853981778 0
0.65793323792 -0.695810931033 0
0.65801036896 -0.688146090516 0
0.64870049698 -0.687454201975 0
0.64866193146 -0.694427153949 0
0.6580875 -0.68048125 0
0.6487390625 -0.68048125 0
0.648650059907 -0.697140567863 0
0.657909494814 -0.698170384794 0
0.6487390625 -0.6711328125 0
0.6580875 -0.6711328125 0
0.6580875 -0.661784375 0
0.6580875 -0.362634375 0
0.6580875 -0.3532859375 0
0.6487390625 -0.3532859375 0
0.6580875 -0.3439375 0
0.6487390625 -0.3439375 0
0.6487390625 -0.3345890625 0
0.6580875 -0.3345890625 0
0.6580875 -0.325240625 0
0.6580875 -0.3158921875 0
0.6487390625 -0.3158921875 0
0.6580875 -0.30654375 0
0.6487390625 -0.30654375 0
0.648051233922 -0.297450063825 0
0.656711842844 -0.29770481515 0
0.655336185688 -0.288865880301 0
0.647363405344 -0.28835637765 0
0.656700284392 -0.279090767858 0
0.657393892196 -0.274120383929 0
0.655935434303 -0.272463589286 0
0.654859401455 -0.274120383929 0
0.6580875 -0.26915 0
0.655553009259 -0.26915 0
0.653018518519 -0.26915 0
0.646204571759 -0.26915 0
0.647515050936 -0.279002848551 0
0.65601823504 -0.28397832408 0
0.65382181713 -0.2598015625 0
0.649556134259 -0.2598015625 0
0.6580875 -0.2598015625 0
0.6580875 -0.250453125 0
0.652090625 -0.250453125 0
0.64609375 -0.250453125 0
0.6427421875 -0.250453125 0
0.64447337963 -0.2598015625 0
0.650599718325 -0.240356437396 0
0.643943240371 -0.244646749003 0
0.6580875 -0.2411046875 0
0.6580875 -0.23175625 0
0.650833230286 -0.230980632301 0
0.642425701914 -0.246582207669 0
0.649786146393 -0.222020003651 0
0.6580875 -0.2224078125 0
0.6580875 -0.213059375 0
0.6487390625 -0.213059375 0
0.6487390625 -0.2037109375 0
0.6580875 -0.1943625 0
0.6487390625 -0.1850140625 0
0.6580875 -0.175665625 0
0.6487390625 -0.175665625 0
0.649457800184 -0.166881909966 0
0.6580875 -0.1663171875 0
0.6580875 -0.15696875 0
0.650176537868 -0.158098194932 0
0.652616301539 -0.138488343495 0
0.64600346327 -0.138380109248 0
0.644462950816 -0.143182286083 0
0.646999113724 -0.145637491624 0
0.651211338307 -0.149831171079 0
0.658286381125 -0.147776576241 0
0.658485262251 -0.138584402483 0
0.655550781895 -0.138536372989 0
0.656477541747 -0.136095919559 0
0.655473681495 -0.134851678097 0
0.658408161851 -0.134899707591 0
0.658331061451 -0.131215012699 0
0.658209280725 -0.125395006349 0
0.648372818751 -0.128578356821 0
0.6580875 -0.119575 0
0.6487390625 -0.119575 0
0.6487390625 -0.1102265625 0
0.6580875 -0.1102265625 0
0.6580875 -0.100878125 0
0.6487390625 0.2637109375 0
0.6580875 0.273059375 0
0.6487390625 0.273059375 0
0.6580875 0.278921666667 0
0.6580875 0.285338958333 0
0.6487390625 0.2859621875 0
0.6487390625 0.280168125 0
0.6580875 0.29175625 0
0.6487390625 0.29175625 0
0.6487390625 0.27661375 0
0.6580875 0.275990520833 0
0.6487390625 0.3011046875 0
0.6580875 0.3011046875 0
0.6580875 0.310453125 0
0.676784375 -0.736571875 0
0.676784375 -0.717875 0
0.67647978681 -0.710567303375 0
0.667233206332 -0.709884861326 0
0.676175198619 -0.703259606751 0
0.667030475164 -0.701894722653 0
0.676301086479 -0.698552400967 0
0.67654273074 -0.689516825484 0
0.66727654985 -0.688831458 0
0.6671171622 -0.697181666 0
0.676784375 -0.68048125 0
0.6674359375 -0.68048125 0
0.667073818682 -0.699538194326 0
0.676238142549 -0.700906003859 0
0.6674359375 -0.6711328125 0
0.676784375 -0.661784375 0
0.676784375 -0.437421875 0
0.676784375 -0.418725 0
0.676784375 -0.4093765625 0
0.6674359375 -0.4093765625 0
0.676784375 -0.400028125 0
0.6674359375 -0.400028125 0
0.6674359375 -0.3906796875 0
0.676784375 -0.3906796875 0
0.676784375 -0.38133125 0
0.676784375 -0.3719828125 0
0.6674359375 -0.3719828125 0
0.676784375 -0.362634375 0
0.6674359375 -0.362634375 0
0.667204817871 -0.353371537363 0
0.676322135742 -0.353457137225 0
0.675859896484 -0.34427989945 0
0.666973698242 -0.344108699725 0
0.677198412998 -0.334435715093 0
0.677867671254 -0.329513622915 0
0.676448559587 -0.327925051237 0
0.675404374625 -0.329591811488 0
0.678536929511 -0.324591530737 0
0.676073632882 -0.32466971931 0
0.673610336253 -0.324747907883 0
0.665848918126 -0.324994266441 0
0.667124613013 -0.334742381263 0
0.676529154741 -0.339357807272 0
0.67394992408 -0.315606734655 0
0.670239195904 -0.315645828941 0
0.677660652255 -0.315567640368 0
0.676784375 -0.30654375 0
0.671826215278 -0.30654375 0
0.666868055556 -0.30654375 0
0.662477777778 -0.30654375 0
0.664163347952 -0.315769008221 0
0.670167827387 -0.297391883945 0
0.663551279774 -0.29758845539 0
0.676784375 -0.2971953125 0
0.676784375 -0.287846875 0
0.668509439496 -0.28824001789 0
0.660234503993 -0.288633160781 0
0.657785344841 -0.288749520541 0
0.660131561309 -0.29764663527 0
0.667257720288 -0.278537080302 0
0.658467394192 -0.28386196432 0
0.676784375 -0.2784984375 0
0.676784375 -0.26915 0
0.6674359375 -0.26915 0
0.657423658026 -0.285529936314 0
0.6674359375 -0.2598015625 0
0.676784375 -0.250453125 0
0.6674359375 -0.2411046875 0
0.676784375 -0.23175625 0
0.6674359375 -0.23175625 0
0.6674359375 -0.2224078125 0
0.676784375 -0.213059375 0
0.676784375 -0.1943625 0
0.676784375 -0.175665625 0
0.6674359375 -0.1663171875 0
0.676784375 -0.15696875 0
0.6674359375 -0.15696875 0
0.667535378063 -0.147698444371 0
0.676784375 -0.1476203125 0
0.676784375 -0.138271875 0
0.667634818625 -0.138428138741 0
0.667476785714 -0.119575 0
0.662782142857 -0.119575 0
0.661298449055 -0.123455004233 0
0.662903923583 -0.125395006349 0
0.668663076658 -0.129992584675 0
0.676784375 -0.1289234375 0
0.676784375 -0.119575 0
0.672130580357 -0.119575 0
0.673611208564 -0.11571622698 0
0.672024625345 -0.11378684047 0
0.676678419988 -0.11378684047 0
0.676572464976 -0.107998680939 0
0.676504795172 -0.104301983471 0
0.666232549004 -0.109177713215 0
0.676437125367 -0.100605286003 0
0.667262312684 -0.100741705501 0
0.667349125092 -0.0914614777507 0
0.676610750184 -0.0913932680015 0
0.676784375 -0.08218125 0
0.676784375 -0.063484375 0
0.676784375 -0.0447875 0
0.676784375 -0.026090625 0
0.676784375 0.235665625 0
0.676784375 0.2543625 0
0.67669619535 0.263049590125 0
0.667391847675 0.263380263812 0
0.6766080157 0.271736680249 0
0.66734775785 0.272398027625 0
0.676649508174 0.276446732244 0
0.676716941587 0.284101491122 0
0.667402220793 0.284720224728 0
0.667368504087 0.277684199455 0
0.676784375 0.29175625 0
0.6674359375 0.29175625 0
0.667358130968 0.27504111354 0
0.676628761937 0.274091706246 0
0.6674359375 0.3011046875 0
0.676784375 0.310453125 0
0.69548125 -0.736571875 0
0.69548125 -0.7272234375 0
0.6861328125 -0.7272234375 0
0.69548125 -0.717875 0
0.6861328125 -0.717875 0
0.695763584114 -0.70145725136 0
0.695804116274 -0.699100303428 0
0.692539385358 -0.699400695993 0
0.69088675382 -0.700729366242 0
0.695844648433 -0.696743355496 0
0.69092728598 -0.69837241831 0
0.686009923526 -0.700001481123 0
0.681092561073 -0.701630543937 0
0.686213464025 -0.709436819662 0
0.695622417057 -0.70966612568 0
0.685945816247 -0.689742695936 0
0.681155505003 -0.699276941045 0
0.695662949217 -0.688612302748 0
0.69548125 -0.68048125 0
0.6861328125 -0.68048125 0
0.679495402878 -0.700604496284 0
0.6861328125 -0.6711328125 0
0.69548125 -0.6711328125 0
0.69548125 -0.661784375 0
0.69548125 -0.437421875 0
0.69548125 -0.4280734375 0
0.6861328125 -0.4280734375 0
0.69548125 -0.418725 0
0.6861328125 -0.418725 0
0.6861328125 -0.4093765625 0
0.69548125 -0.4093765625 0
0.69548125 -0.400028125 0
0.6861328125 -0.400028125 0
0.697437970769 -0.389082521078 0
0.698249305538 -0.384544035482 0
0.696894078961 -0.383127953548 0
0.695810798289 -0.384689155379 0
0.699060640307 -0.380005549886 0
0.696622133057 -0.380150669784 0
0.694183625808 -0.380295789681 0
0.685484000404 -0.380813519841 0
0.68658923207 -0.390478850796 0
0.696459610385 -0.394555323039 0
0.694091969306 -0.371392522392 0
0.690912993459 -0.371465082341 0
0.697270945153 -0.371319962443 0
0.69548125 -0.362634375 0
0.691561805556 -0.362634375 0
0.687642361111 -0.362634375 0
0.682213368056 -0.362634375 0
0.68384868423 -0.37172394742 0
0.689854314959 -0.35334993164 0
0.684227379919 -0.353413925781 0
0.69548125 -0.3532859375 0
0.69548125 -0.3439375 0
0.688146824363 -0.344065488281 0
0.680812398727 -0.344193476562 0
0.678336147605 -0.344236688006 0
0.680274757831 -0.353435531503 0
0.686860167362 -0.334276089283 0
0.679005405862 -0.339314595828 0
0.69548125 -0.3345890625 0
0.69548125 -0.325240625 0
0.687009089755 -0.324916077868 0
0.677956902737 -0.340969697036 0
0.686570951128 -0.315729913934 0
0.6861328125 -0.2971953125 0
0.6861328125 -0.287846875 0
0.6861328125 -0.2784984375 0
0.6861328125 -0.1476203125 0
0.69548125 -0.138271875 0
0.6861328125 -0.138271875 0
0.6861328125 -0.1289234375 0
0.69548125 -0.1289234375 0
0.69548125 -0.119575 0
0.6861328125 -0.119575 0
0.682315391276 -0.100689502012 0
0.679376258322 -0.100647394008 0
0.67844166054 -0.103097822985 0
0.679443928126 -0.104344091476 0
0.68651681239 -0.110587367101 0
0.69548125 -0.1102265625 0
0.69548125 -0.100878125 0
0.688898320638 -0.100783813506 0
0.690441753336 -0.0959952495422 0
0.687922005004 -0.0935538118134 0
0.694504934366 -0.0936481233073 0
0.693528618731 -0.0864181216146 0
0.693092715307 -0.0831900851179 0
0.683694114379 -0.0893441544955 0
0.692656811882 -0.0799620486213 0
0.684720593441 -0.0810716493106 0
0.68542670297 -0.0722780121553 0
0.694069030941 -0.0717232118106 0
0.69548125 -0.063484375 0
0.69548125 -0.0541359375 0
0.6861328125 -0.0541359375 0
0.69548125 -0.0447875 0
0.6861328125 -0.0447875 0
0.6861328125 -0.0354390625 0
0.69548125 -0.0354390625 0
0.69548125 -0.026090625 0
0.69548125 0.235665625 0
0.69548125 0.2450140625 0
0.6861328125 0.2450140625 0
0.69548125 0.2543625 0
0.6861328125 0.2543625 0
0.685962987108 0.262437247057 0
0.695229778865 0.261824903989 0
0.69497830773 0.269287307979 0
0.685793161715 0.270511994114 0
0.695083546752 0.273988860433 0
0.695282398376 0.282872555217 0
0.685999669981 0.283487023169 0
0.685866527463 0.275217796338 0
0.69548125 0.29175625 0
0.6861328125 0.29175625 0
0.685829844589 0.272864895226 0
0.695030927241 0.271638084206 0
0.6861328125 0.3011046875 0
0.69548125 0.3011046875 0
0.69548125 0.310453125 0
0.714178125 -0.736571875 0
0.7048296875 -0.7272234375 0
0.714178125 -0.717875 0
0.7048296875 -0.717875 0
0.714178125 -0.704205690299 0
0.714178125 -0.701691907649 0
0.704991120637 -0.700396105539 0
0.704970854557 -0.702831470829 0
0.714178125 -0.699178125 0
0.705011386717 -0.697960740248 0
0.704900271029 -0.710353235415 0
0.714178125 -0.711040345149 0
0.704920537108 -0.689220995124 0
0.714178125 -0.6898296875 0
0.714178125 -0.68048125 0
0.7048296875 -0.68048125 0
0.7048296875 -0.6711328125 0
0.714178125 -0.661784375 0
0.714178125 -0.549603125 0
0.714178125 -0.53090625 0
0.714178125 -0.512209375 0
0.714178125 -0.4935125 0
0.714178125 -0.4841640625 0
0.7048296875 -0.4841640625 0
0.714178125 -0.474815625 0
0.7048296875 -0.474815625 0
0.7048296875 -0.4654671875 0
0.714178125 -0.4654671875 0
0.714178125 -0.45611875 0
0.712497995211 -0.447392582792 0
0.703989622606 -0.447081447646 0
0.710817865423 -0.438666415584 0
0.703149557711 -0.438044145292 0
0.712376519631 -0.429416603003 0
0.713277322315 -0.424070801502 0
0.711657103766 -0.422288867668 0
0.710396593149 -0.424070801502 0
0.714178125 -0.418725 0
0.711297395833 -0.418725 0
0.708416666667 -0.418725 0
0.701948958333 -0.418725 0
0.703339570734 -0.428678243361 0
0.711597192527 -0.434041509294 0
0.709566203704 -0.4093765625 0
0.704954282407 -0.4093765625 0
0.714178125 -0.4093765625 0
0.714178125 -0.400028125 0
0.707835011574 -0.400028125 0
0.701491898148 -0.400028125 0
0.698486574074 -0.400028125 0
0.700217766204 -0.4093765625 0
0.706416961475 -0.390037711096 0
0.699464934459 -0.394555323039 0
0.714178125 -0.3906796875 0
0.714178125 -0.38133125 0
0.706619382653 -0.380668399943 0
0.698137039639 -0.396379590359 0
0.705724535077 -0.371651387472 0
0.714178125 -0.362634375 0
0.7048296875 -0.3532859375 0
0.714178125 -0.3439375 0
0.7048296875 -0.3439375 0
0.7048296875 -0.3345890625 0
0.714178125 -0.325240625 0
0.714178125 -0.138271875 0
0.7048296875 -0.1289234375 0
0.714178125 -0.119575 0
0.7048296875 -0.119575 0
0.7048296875 -0.1102265625 0
0.714178125 -0.1102265625 0
0.714178125 -0.100878125 0
0.7048296875 -0.100878125 0
0.698155725188 -0.0805290770328 0
0.695406268535 -0.0802455628271 0
0.694780385267 -0.0823030824229 0
0.69584217196 -0.0834735993237 0
0.704355088328 -0.0911351860859 0
0.714178125 -0.0915296875 0
0.714178125 -0.08218125 0
0.706166925094 -0.0813551635164 0
0.709796440065 -0.0731161126179 0
0.704390144509 -0.0725943615339 0
0.715202735621 -0.073637863702 0
0.716227346241 -0.065094477404 0
0.713425955036 -0.0648770617195 0
0.71062456383 -0.064659646035 0
0.703052906915 -0.0640720105175 0
0.699229587725 -0.0721587866723 0
0.714134228372 -0.0627146820359 0
0.713087669438 -0.0615247843519 0
0.715889060644 -0.0617422000364 0
0.715550775046 -0.0583899226687 0
0.714864450023 -0.0515887113344 0
0.705037739248 -0.05429725168 0
0.714178125 -0.0447875 0
0.7048296875 -0.0447875 0
0.7048296875 -0.0354390625 0
0.714178125 -0.0354390625 0
0.714178125 -0.026090625 0
0.7048296875 -0.026090625 0
0.7048296875 -0.0167421875 0
0.714178125 -0.0167421875 0
0.714178125 -0.00739375 0
0.714178125 0.011303125 0
0.714178125 0.235665625 0
0.7048296875 0.2450140625 0
0.714178125 0.2543625 0
0.7048296875 0.2543625 0
0.714496285783 0.271400495229 0
0.71454020491 0.273752431507 0
0.711287208568 0.273400233632 0
0.709638750834 0.272048166556 0
0.714584124038 0.276104367786 0
0.709682669961 0.274400102834 0
0.704781215884 0.272695837882 0
0.699879761807 0.27099157293 0
0.704972566576 0.263029909213 0
0.714337205391 0.262881497614 0
0.704646673254 0.282725560682 0
0.699932381318 0.273342349158 0
0.714381124519 0.283930308893 0
0.714178125 0.29175625 0
0.7048296875 0.29175625 0
0.698281023455 0.271990668765 0
0.7048296875 0.3011046875 0
0.714178125 0.310453125 0
0.732875 -0.736571875 0
0.732875 -0.7272234375 0
0.7235265625 -0.7272234375 0
0.732875 -0.717875 0
0.7235265625 -0.717875 0
0.732875 -0.706996268657 0
0.732875 -0.703087196828 0
0.7235265625 -0.702389552239 0
0.7235265625 -0.705600979478 0
0.732875 -0.699178125 0
0.7235265625 -0.699178125 0
0.7235265625 -0.711737989739 0
0.732875 -0.712435634328 0
0.7235265625 -0.6898296875 0
0.732875 -0.68048125 0
0.732875 -0.661784375 0
0.732875 -0.549603125 0
0.732875 -0.5402546875 0
0.7235265625 -0.5402546875 0
0.732875 -0.53090625 0
0.7235265625 -0.53090625 0
0.7235265625 -0.5215578125 0
0.732875 -0.5215578125 0
0.732875 -0.512209375 0
0.732108288109 -0.503144904867 0
0.723143206555 -0.503002921183 0
0.731341576219 -0.494080434734 0
0.722759850609 -0.493796467367 0
0.732680092732 -0.484236250377 0
0.733349350989 -0.479314158199 0
0.731923967533 -0.477708652693 0
0.730876646677 -0.479366946029 0
0.734018609245 -0.47439206602 0
0.731545904934 -0.474444853851 0
0.729073200623 -0.474497641681 0
0.721625662811 -0.47465663334 0
0.722909312964 -0.48443469406 0
0.732010834476 -0.489158342555 0
0.729558253393 -0.465281801925 0
0.725669702163 -0.46530819584 0
0.733446804623 -0.46525540801 0
0.732875 -0.45611875 0
0.727570601852 -0.45611875 0
0.722266203704 -0.45611875 0
0.718222164352 -0.45611875 0
0.719923913582 -0.46538769167 0
0.725929136952 -0.44701257602 0
0.718983273904 -0.447254839541 0
0.732875 -0.4467703125 0
0.732875 -0.437421875 0
0.724287672052 -0.437906402041 0
0.715700344104 -0.438390929081 0
0.713259104763 -0.438528672333 0
0.715740634558 -0.447323711166 0
0.723143283286 -0.428231707392 0
0.714038431867 -0.433903766042 0
0.732875 -0.4280734375 0
0.732875 -0.418725 0
0.7235265625 -0.418725 0
0.712964909719 -0.43549131589 0
0.7235265625 -0.4093765625 0
0.732875 -0.4093765625 0
0.732875 -0.400028125 0
0.7235265625 -0.400028125 0
0.7235265625 -0.3906796875 0
0.7235265625 -0.1102265625 0
0.7235265625 -0.100878125 0
0.7235265625 -0.0915296875 0
0.72403886781 -0.073235338101 0
0.732875 -0.063484375 0
0.724551173121 -0.064289426202 0
0.726238392857 -0.0447875 0
0.720208258929 -0.0447875 0
0.718655764301 -0.0493216408896 0
0.720894583952 -0.0515887113344 0
0.72553421973 -0.0559340558301 0
0.732875 -0.0541359375 0
0.732875 -0.0447875 0
0.729556696429 -0.0447875 0
0.730662797619 -0.041971969697 0
0.729556696429 -0.0405642045455 0
0.732875 -0.0405642045455 0
0.732875 -0.0363409090909 0
0.732875 -0.0312157670455 0
0.72290451255 -0.0348696033209 0
0.732875 -0.026090625 0
0.7235265625 -0.026090625 0
0.7235265625 -0.0167421875 0
0.732875 -0.0167421875 0
0.732875 -0.00739375 0
0.7235265625 -0.00739375 0
0.7235265625 0.0019546875 0
0.732875 0.0019546875 0
0.732875 0.011303125 0
0.732875 0.235665625 0
0.732875 0.2450140625 0
0.7235265625 0.2450140625 0
0.732875 0.2543625 0
0.7235265625 0.2543625 0
0.732935015378 0.26894199795 0
0.732944715723 0.271298496732 0
0.723742460317 0.27252546412 0
0.72371565058 0.270171246589 0
0.732954416069 0.273654995515 0
0.723769270053 0.27487968165 0
0.72362110654 0.262266873295 0
0.732905007689 0.261652248975 0
0.723647916277 0.283317965825 0
0.751571875 -0.736571875 0
0.7422234375 -0.7272234375 0
0.751571875 -0.717875 0
0.7422234375 -0.717875 0
0.751571875 -0.709786847015 0
0.751571875 -0.704482486007 0
0.7422234375 -0.703784841418 0
0.7422234375 -0.708391557836 0
0.751571875 -0.699178125 0
0.7422234375 -0.699178125 0
0.7422234375 -0.713133278918 0
0.751571875 -0.713830923507 0
0.7422234375 -0.6898296875 0
0.751571875 -0.6898296875 0
0.751571875 -0.68048125 0
0.751571875 -0.661784375 0
0.751571875 -0.6430875 0
0.751571875 -0.624390625 0
0.751571875 -0.60569375 0
0.751571875 -0.5963453125 0
0.7422234375 -0.5963453125 0
0.751571875 -0.586996875 0
0.7422234375 -0.586996875 0
0.7422234375 -0.5776484375 0
0.751571875 -0.5776484375 0
0.751571875 -0.5683 0
0.751571875 -0.5589515625 0
0.7422234375 -0.5589515625 0
0.751571875 -0.549603125 0
0.7422234375 -0.549603125 0
0.753105197637 -0.53938403362 0
0.753823758839 -0.534595059395 0
0.752432444607 -0.533081540785 0
0.751377506885 -0.534719268589 0
0.754542320042 -0.52980608517 0
0.752096068087 -0.529930294364 0
0.749649816133 -0.530054503558 0
0.741262408066 -0.530480376779 0
0.742475785608 -0.540172773172 0
0.752338536319 -0.54449357931 0
0.749701130108 -0.521069834682 0
0.746345162696 -0.521131939279 0
0.753057097521 -0.521007730085 0
0.751571875 -0.512209375 0
0.74730619213 -0.512209375 0
0.743040509259 -0.512209375 0
0.73795775463 -0.512209375 0
0.739610081348 -0.52134487589 0
0.745614763166 -0.502968298049 0
0.739657651333 -0.503075658599 0
0.751571875 -0.5028609375 0
0.751571875 -0.4935125 0
0.743923334203 -0.493727221099 0
0.736274793406 -0.493941942197 0
0.733808184813 -0.494011188466 0
0.735882969721 -0.503110281733 0
0.742644842005 -0.483968585016 0
0.734477443069 -0.489089096287 0
0.751571875 -0.4841640625 0
0.751571875 -0.474815625 0
0.742795242123 -0.47460384551 0
0.733432154121 -0.490752875771 0
0.742509339811 -0.465361297755 0
0.751571875 -0.4654671875 0
0.751571875 -0.45611875 0
0.7422234375 -0.45611875 0
0.7422234375 -0.4467703125 0
0.751571875 -0.437421875 0
0.7422234375 -0.4280734375 0
0.751571875 -0.418725 0
0.7422234375 -0.418725 0
0.7422234375 -0.4093765625 0
0.751571875 -0.400028125 0
0.751571875 -0.063484375 0
0.7422234375 -0.0541359375 0
0.751571875 -0.0447875 0
0.7422234375 -0.0447875 0
0.740928794643 -0.026090625 0
0.736901897321 -0.026090625 0
0.735559598214 -0.0295073863636 0
0.736901897321 -0.0312157670455 0
0.743115638426 -0.0362332363561 0
0.751571875 -0.0354390625 0
0.751571875 -0.026090625 0
0.746250334821 -0.026090625 0
0.747773307916 -0.0218946725006 0
0.745874024374 -0.0197966962508 0
0.751195564553 -0.0197966962508 0
0.750819254106 -0.0135027675017 0
0.750609074989 -0.00998744552206 0
0.740630098912 -0.0153476502692 0
0.750398895872 -0.00647212354241 0
0.741636947936 -0.00693293677121 0
0.741930192718 0.0021850941144 0
0.750985385436 0.00241550072879 0
0.751571875 0.011303125 0
0.7422234375 0.011303125 0
0.7422234375 0.0206515625 0
0.751571875 0.0206515625 0
0.751571875 0.03 0
0.751571875 0.048696875 0
0.751571875 0.235665625 0
0.7422234375 0.2450140625 0
0.751571875 0.2543625 0
0.7422234375 0.2543625 0
0.751571875 0.266457083333 0
0.751571875 0.269758229167 0
0.742258295362 0.270528362949 0
0.742253445189 0.267699540641 0
0.751571875 0.273059375 0
0.742263145534 0.273357185257 0
0.742238441344 0.261031020321 0
0.751571875 0.260409791667 0
0.742243291517 0.282556717629 0
0.751571875 0.2824078125 0
0.77026875 -0.736571875 0
0.77026875 -0.7272234375 0
0.7609203125 -0.7272234375 0
0.77026875 -0.717875 0
0.7609203125 -0.717875 0
0.77026875 -0.712577425373 0
0.77026875 -0.705877775187 0
0.7609203125 -0.705180130597 0
0.7609203125 -0.711182136194 0
0.77026875 -0.699178125 0
0.7609203125 -0.699178125 0
0.7609203125 -0.714528568097 0
0.77026875 -0.715226212687 0
0.7609203125 -0.6898296875 0
0.77026875 -0.68048125 0
0.77026875 -0.661784375 0
0.77026875 -0.6524359375 0
0.7609203125 -0.6524359375 0
0.77026875 -0.6430875 0
0.7609203125 -0.6430875 0
0.7609203125 -0.6337390625 0
0.77026875 -0.6337390625 0
0.77026875 -0.624390625 0
0.77026875 -0.6150421875 0
0.7609203125 -0.6150421875 0
0.77026875 -0.60569375 0
0.7609203125 -0.60569375 0
0.759928011289 -0.596712831467 0
0.768284147579 -0.597080350434 0
0.766299545157 -0.588466950868 0
0.758935710079 -0.587731912934 0
0.768029198316 -0.579678835453 0
0.769148974158 -0.573989417726 0
0.767370921043 -0.57209294515 0
0.765922006565 -0.573989417726 0
0.77026875 -0.5683 0
0.767041782407 -0.5683 0
0.763814814815 -0.5683 0
0.757693344907 -0.5683 0
0.75915857617 -0.5783579306 0
0.767164371737 -0.58407289316 0
0.765310590278 -0.5589515625 0
0.760352430556 -0.5589515625 0
0.77026875 -0.5589515625 0
0.77026875 -0.549603125 0
0.763579398148 -0.549603125 0
0.756890046296 -0.549603125 0
0.754230960648 -0.549603125 0
0.755962152778 -0.5589515625 0
0.762239384967 -0.539714638049 0
0.754997621967 -0.54449357931 0
0.77026875 -0.5402546875 0
0.77026875 -0.53090625 0
0.762405535021 -0.530356167585 0
0.75385570631 -0.546196761206 0
0.76166292376 -0.521282771292 0
0.77026875 -0.5215578125 0
0.77026875 -0.512209375 0
0.7609203125 -0.512209375 0
0.7609203125 -0.5028609375 0
0.7609203125 -0.4841640625 0
0.7609203125 -0.474815625 0
0.7609203125 -0.4654671875 0
0.7609203125 -0.0354390625 0
0.77026875 -0.026090625 0
0.7609203125 -0.026090625 0
0.756134310594 -0.00673815015331 0
0.753266603233 -0.00660513684786 0
0.752450820191 -0.00890434706581 0
0.75347678235 -0.0101204588275 0
0.761015635267 -0.0168477811035 0
0.77026875 -0.0167421875 0
0.77026875 -0.00739375 0
0.763201530297 -0.00706595007666 0
0.764691753477 -0.00206182133201 0
0.761903255216 0.000604143001979 0
0.768970474919 0.000276343078635 0
0.767672199838 0.00794643615727 0
0.767145391112 0.0110587749983 0
0.75793022706 0.00455514030743 0
0.766618582386 0.0141711138393 0
0.759095228693 0.0127371194196 0
0.760007770597 0.0213685597098 0
0.768443666193 0.0220855569196 0
0.77026875 0.03 0
0.7609203125 0.03 0
0.7609203125 0.0393484375 0
0.77026875 0.0393484375 0
0.77026875 0.048696875 0
0.77026875 0.235665625 0
0.77026875 0.2450140625 0
0.7609203125 0.2450140625 0
0.77026875 0.2543625 0
0.7609203125 0.2543625 0
0.77026875 0.263964166667 0
0.77026875 0.268511770833 0
0.7609203125 0.269135 0
0.7609203125 0.265210625 0
0.77026875 0.273059375 0
0.7609203125 0.273059375 0
0.7609203125 0.2597865625 0
0.77026875 0.259163333333 0
0.7609203125 0.2824078125 0
0.788965625 -0.7459203125 0
0.7796171875 -0.7459203125 0
0.788965625 -0.736571875 0
0.7796171875 -0.736571875 0
0.77953619332 -0.727766098503 0
0.788803636641 -0.728308759507 0
0.788641648282 -0.720045644014 0
0.779455199141 -0.718960322007 0
0.788714851647 -0.715330574873 0
0.788840238324 -0.707254349936 0
0.779554494162 -0.706566062561 0
0.779491800824 -0.713954000123 0
0.788965625 -0.699178125 0
0.7796171875 -0.699178125 0
0.779473499982 -0.716457161065 0
0.788678249964 -0.717688109443 0
0.7796171875 -0.6898296875 0
0.788965625 -0.6898296875 0
0.788965625 -0.68048125 0
0.788965625 -0.6711328125 0
0.7796171875 -0.6711328125 0
0.788965625 -0.661784375 0
0.7796171875 -0.661784375 0
0.779081595238 -0.652634305004 0
0.787894440477 -0.652832672509 0
0.786823255954 -0.643880970017 0
0.778546002977 -0.643484235009 0
0.788161772467 -0.63403678566 0
0.788831030723 -0.629114693482 0
0.787398925531 -0.627491039293 0
0.786348243812 -0.629140258292 0
0.78950028898 -0.624192601304 0
0.787017502069 -0.624218166114 0
0.784534715157 -0.624243730924 0
0.777401732578 -0.624317177962 0
0.778693941395 -0.63412754002 0
0.78749251421 -0.638958877839 0
0.785166245247 -0.614955958057 0
0.781099533504 -0.614968740462 0
0.78923295699 -0.614943175652 0
0.788965625 -0.60569375 0
0.783314988426 -0.60569375 0
0.777664351852 -0.60569375 0
0.773966550926 -0.60569375 0
0.775684141752 -0.615005463981 0
0.781690682801 -0.596633906063 0
0.774415740602 -0.596922499625 0
0.788965625 -0.5963453125 0
0.788965625 -0.586996875 0
0.780066377176 -0.587574062125 0
0.771167129352 -0.588151249251 0
0.768733337255 -0.588309100059 0
0.77134994409 -0.59700142503 0
0.779031355058 -0.577924358839 0
0.769598163834 -0.583915042352 0
0.788965625 -0.5776484375 0
0.788965625 -0.5683 0
0.7796171875 -0.5683 0
0.768498624274 -0.585432345189 0
0.7796171875 -0.5589515625 0
0.788965625 -0.549603125 0
0.7796171875 -0.5402546875 0
0.788965625 -0.53090625 0
0.7796171875 -0.53090625 0
0.7796171875 -0.5215578125 0
0.788965625 -0.512209375 0
0.788965625 -0.026090625 0
0.7796171875 -0.0167421875 0
0.788965625 -0.00739375 0
0.7796171875 -0.00739375 0
0.772018503497 0.0134780953604 0
0.769318542942 0.0138246045998 0
0.768769761907 0.011865215119 0
0.769845351668 0.0107122657588 0
0.778860100587 0.00259490356767 0
0.788965625 0.0019546875 0
0.788965625 0.011303125 0
0.780492064249 0.0123906101802 0
0.783908771742 0.0207837441759 0
0.778240172611 0.0213965833234 0
0.789577370873 0.0201709050283 0
0.790189116746 0.0290386850566 0
0.787325479236 0.0291768781715 0
0.784461841725 0.0293150712865 0
0.777365295863 0.0296575356432 0
0.773341919402 0.0217410701215 0
0.788134587928 0.031467593763 0
0.78710732352 0.0326820481163 0
0.78997096103 0.0325438550013 0
0.789752805315 0.0360490249461 0
0.789359215157 0.042372949973 0
0.77953942654 0.0394385402066 0
0.788965625 0.048696875 0
0.7796171875 0.048696875 0
0.7796171875 0.0580453125 0
0.788965625 0.0580453125 0
0.788965625 0.06739375 0
0.788965625 0.086090625 0
0.788965625 0.235665625 0
0.7796171875 0.2450140625 0
0.788965625 0.2543625 0
0.7796171875 0.2543625 0
0.788965625 0.26147125 0
0.788965625 0.2672653125 0
0.7796171875 0.267888541667 0
0.7796171875 0.262717708333 0
0.788965625 0.273059375 0
0.7796171875 0.273059375 0
0.7796171875 0.258540104167 0
0.788965625 0.257916875 0
0.7796171875 0.2824078125 0
0.788965625 0.2824078125 0
0.7983140625 -0.7459203125 0
0.8076625 -0.736571875 0
0.7983140625 -0.736571875 0
0.808178627668 -0.71823561607 0
0.808244862882 -0.715882504414 0
0.804988699649 -0.716184175737 0
0.803327500428 -0.717511567228 0
0.808311098096 -0.713529392759 0
0.803393735642 -0.715158455573 0
0.798476373189 -0.716787518386 0
0.793559010735 -0.7184165812 0
0.798518350044 -0.727178376006 0
0.807920563834 -0.727403745535 0
0.798169141209 -0.707538935795 0
0.793595612418 -0.71605904663 0
0.807829032423 -0.706412190963 0
0.80734696675 -0.699294989167 0
0.798156295875 -0.699236557083 0
0.791944291043 -0.717387912428 0
0.808685483263 -0.68945080481 0
0.80935474152 -0.684528712632 0
0.807941495411 -0.682955977961 0
0.806900243228 -0.684630656716 0
0.810023999776 -0.679606620453 0
0.807569501485 -0.679708564537 0
0.805115003193 -0.679810508621 0
0.797040314097 -0.680145879311 0
0.798308595275 -0.68986615509 0
0.808016225006 -0.694372896988 0
0.805310040094 -0.670746469769 0
0.8017768303 -0.670797441811 0
0.808843249888 -0.670695497727 0
0.8076625 -0.661784375 0
0.803050578704 -0.661784375 0
0.798438657407 -0.661784375 0
0.793702141204 -0.661784375 0
0.79537122765 -0.670965127155 0
0.801375527334 -0.652587517551 0
0.795088554667 -0.652739097602 0
0.8076625 -0.6524359375 0
0.8076625 -0.6430875 0
0.799700475964 -0.643390660102 0
0.791738451927 -0.643693820204 0
0.78928085394 -0.643787395111 0
0.791491497572 -0.652785885055 0
0.79842958578 -0.633660594847 0
0.789950112197 -0.638865302932 0
0.8076625 -0.6337390625 0
0.8076625 -0.624390625 0
0.79858139449 -0.624291613152 0
0.788907826785 -0.640537191963 0
0.798447728495 -0.614992681576 0
0.7983140625 -0.5963453125 0
0.7983140625 -0.586996875 0
0.7983140625 -0.5776484375 0
0.7983140625 0.0019546875 0
0.8076625 0.011303125 0
0.7983140625 0.011303125 0
0.798619935437 0.0204112337642 0
0.8076625 0.0206515625 0
0.8076625 0.03 0
0.798925808373 0.0295193425283 0
0.799690401786 0.048696875 0
0.794328013393 0.048696875 0
0.792802944033 0.044480924982 0
0.79472160355 0.042372949973 0
0.799931323081 0.0379317342549 0
0.8076625 0.0393484375 0
0.8076625 0.048696875 0
0.803676450893 0.048696875 0
0.805005133929 0.0520789772727 0
0.803676450893 0.0537700284091 0
0.8076625 0.0537700284091 0
0.8076625 0.0588431818182 0
0.8076625 0.0631184659091 0
0.797438663774 0.0588258933548 0
0.8076625 0.06739375 0
0.7983140625 0.06739375 0
0.7983140625 0.0767421875 0
0.8076625 0.0767421875 0
0.8076625 0.086090625 0
0.8076625 0.235665625 0
0.807655966092 0.244965058192 0
0.798310795546 0.244989560346 0
0.807649432185 0.254264491385 0
0.798307528592 0.254313495692 0
0.807652710559 0.258979638592 0
0.80765760528 0.266019506796 0
0.79831161514 0.266642409648 0
0.79830916778 0.260225444296 0
0.8076625 0.273059375 0
0.7983140625 0.273059375 0
0.798308348186 0.257269469994 0
0.807651071372 0.256622064988 0
0.7983140625 0.2824078125 0
0.826359375 -0.7459203125 0
0.8170109375 -0.7459203125 0
0.826359375 -0.736571875 0
0.817425786812 -0.734271879287 0
0.8132715625 -0.736571875 0
0.81981546875 -0.736571875 0
0.821497578125 -0.728222109375 0
0.81663578125 -0.7282859375 0
0.826359375 -0.72815828125 0
0.826359375 -0.7197446875 0
0.8231796875 -0.71987234375 0
0.82 -0.72 0
0.826359375 -0.71880984375 0
0.822808006074 -0.718401382024 0
0.826359375 -0.717875 0
0.822436324647 -0.716930420298 0
0.818513274295 -0.715985840596 0
0.819256637147 -0.717992920298 0
0.813412186195 -0.714757616678 0
0.813750750015 -0.716937712356 0
0.814089313834 -0.719117808035 0
0.812278172542 -0.727844841517 0
0.81046703125 -0.736571875 0
0.820888044991 -0.708075846477 0
0.815416714983 -0.707625130453 0
0.826359375 -0.7085265625 0
0.826359375 -0.699178125 0
0.819339765335 -0.699221272655 0
0.81232015567 -0.69926442031 0
0.80983356121 -0.699279704739 0
0.811622873703 -0.707018660708 0
0.818044315572 -0.689398656293 0
0.810502819467 -0.69435761256 0
0.826359375 -0.6898296875 0
0.826359375 -0.68048125 0
0.818191687388 -0.680043935227 0
0.809450868565 -0.696003404765 0
0.817601312444 -0.670914155113 0
0.826359375 -0.661784375 0
0.8170109375 -0.6524359375 0
0.826359375 -0.6430875 0
0.8170109375 -0.6430875 0
0.8170109375 -0.6337390625 0
0.826359375 -0.624390625 0
0.826359375 0.011303125 0
0.8170109375 0.0206515625 0
0.826359375 0.03 0
0.8170109375 0.03 0
0.8170109375 0.0393484375 0
0.826359375 0.0393484375 0
0.826359375 0.048696875 0
0.8170109375 0.048696875 0
0.814380803571 0.06739375 0
0.811021651786 0.06739375 0
0.809901934524 0.064543560606 0
0.811021651786 0.0631184659091 0
0.81764733814 0.0574635868677 0
0.826359375 0.0580453125 0
0.826359375 0.06739375 0
0.820370089286 0.06739375 0
0.821921248937 0.0719088622832 0
0.819702185905 0.0741664184248 0
0.825691471619 0.0741664184248 0
0.825023568239 0.0809390868496 0
0.824692117308 0.0843000628839 0
0.815027077519 0.0785158662779 0
0.824360666377 0.0876610389182 0
0.816011583188 0.0868758319591 0
0.816511260344 0.0958316659795 0
0.825360020688 0.0962242694591 0
0.826359375 0.1047875 0
0.826359375 0.1141359375 0
0.8170109375 0.1141359375 0
0.826359375 0.123484375 0
0.8170109375 0.123484375 0
0.8170109375 0.1328328125 0
0.826359375 0.1328328125 0
0.826359375 0.14218125 0
0.826359375 0.160878125 0
0.826359375 0.2263171875 0
0.8170109375 0.2263171875 0
0.826359375 0.235665625 0
0.8170109375 0.235665625 0
0.81692275785 0.244352715125 0
0.826189549608 0.243740372057 0
0.826019724215 0.251815119114 0
0.8168345782 0.253039805249 0
0.826094956076 0.256520672523 0
0.826227165538 0.264790023762 0
0.816942385409 0.265404765279 0
0.816873833318 0.257750155558 0
0.826359375 0.273059375 0
0.8170109375 0.273059375 0
0.816854205759 0.255394980403 0
0.826057340146 0.254167895819 0
0.8170109375 0.2824078125 0
0.826359375 0.2824078125 0
0.8357078125 -0.7459203125 0
0.8357078125 -0.736571875 0
0.8357078125 -0.7272234375 0
0.824815039025 -0.725469269143 0
0.8357078125 -0.7085265625 0
0.8357078125 -0.699178125 0
0.8357078125 -0.6898296875 0
0.8357078125 0.0393484375 0
0.84505625 0.048696875 0
0.8357078125 0.048696875 0
0.8357078125 0.0580453125 0
0.84505625 0.0580453125 0
0.84505625 0.06739375 0
0.8357078125 0.06739375 0
0.829970629 0.0872353460001 0
0.827165647688 0.0874481924591 0
0.826451621206 0.0852784905893 0
0.82749709862 0.0840872164249 0
0.835517183007 0.0768882155569 0
0.84505625 0.0767421875 0
0.84505625 0.086090625 0
0.8375134395 0.0866629855 0
0.841349187015 0.0947395852045 0
0.836204648661 0.0951695528413 0
0.846493725368 0.0943096175677 0
0.847931200737 0.102528610135 0
0.845184934529 0.102816184909 0
0.842438668322 0.103103759683 0
0.834399021661 0.103945629841 0
0.830782334675 0.0956969111502 0
0.845805806655 0.104867326688 0
0.844743109615 0.106036684965 0
0.847489375823 0.105749110191 0
0.847047550909 0.108969610247 0
0.846051900454 0.116226992624 0
0.836199730789 0.11372632936 0
0.84505625 0.123484375 0
0.8357078125 0.123484375 0
0.8357078125 0.1328328125 0
0.84505625 0.1328328125 0
0.84505625 0.14218125 0
0.8357078125 0.14218125 0
0.8357078125 0.1515296875 0
0.84505625 0.1515296875 0
0.84505625 0.160878125 0
0.8357078125 0.2263171875 0
0.84505625 0.235665625 0
0.8357078125 0.235665625 0
0.845509036576 0.253932128457 0
0.845567288549 0.256282153689 0
0.842319069823 0.255929318799 0
0.840665834472 0.254577888737 0
0.845625540523 0.258632178921 0
0.840724086446 0.256927913969 0
0.835822632369 0.255223649017 0
0.830921178292 0.253519384066 0
0.83591863247 0.244944959282 0
0.845282643288 0.244798876728 0
0.835592034071 0.264640579089 0
0.830958794223 0.25587216077 0
0.845340895261 0.26584577696 0
0.84505625 0.273059375 0
0.8357078125 0.273059375 0
0.829312437553 0.254519813551 0
0.8357078125 0.2824078125 0
0.863753125 0.048696875 0
0.8544046875 0.0580453125 0
0.863753125 0.06739375 0
0.8544046875 0.06739375 0
0.8544046875 0.0767421875 0
0.863753125 0.086090625 0
0.855123425184 0.0948743400339 0
0.863753125 0.1047875 0
0.855842162868 0.103658055068 0
0.858281926539 0.123267906505 0
0.85166908827 0.123376140752 0
0.850128575816 0.118573963917 0
0.852664738724 0.116118758376 0
0.856876963307 0.111925078921 0
0.863952006125 0.113979673759 0
0.864150887251 0.123171847517 0
0.861216406895 0.123219877011 0
0.862143166748 0.125660330441 0
0.861139306495 0.126904571903 0
0.864073786851 0.126856542409 0
0.863996686451 0.130541237301 0
0.863874905725 0.136361243651 0
0.854038443751 0.133177893179 0
0.863753125 0.14218125 0
0.8544046875 0.14218125 0
0.8544046875 0.1515296875 0
0.863753125 0.1515296875 0
0.863753125 0.160878125 0
0.8544046875 0.160878125 0
0.8544046875 0.1702265625 0
0.863753125 0.1702265625 0
0.863753125 0.179575 0
0.863753125 0.198271875 0
0.863753125 0.21696875 0
0.863753125 0.2263171875 0
0.8544046875 0.2263171875 0
0.863753125 0.235665625 0
0.8544046875 0.235665625 0
0.863940137497 0.251474648334 0
0.863967985025 0.253828727492 0
0.854767636787 0.25505544059 0
0.854724587036 0.252703388395 0
0.863995832553 0.25618280665 0
0.854810686538 0.257407492786 0
0.854564637268 0.244184506698 0
0.863846631249 0.243570136667 0
0.854607687019 0.265233433893 0
0.863753125 0.273059375 0
0.873201003063 0.114057805629 0
0.88245 0.123484375 0
0.873300443625 0.123328111259 0
0.873142410714 0.14218125 0
0.868447767857 0.14218125 0
0.866964074055 0.138301245767 0
0.868569548583 0.136361243651 0
0.874328701658 0.131763665325 0
0.88245 0.1328328125 0
0.88245 0.14218125 0
0.877796205357 0.14218125 0
0.879276833563 0.14604002302 0
0.877690250345 0.14796940953 0
0.882344044988 0.14796940953 0
0.882238089976 0.153757569061 0
0.882170420172 0.157454266529 0
0.871898174004 0.152578536785 0
0.882102750367 0.161150963997 0
0.872927937684 0.161014544499 0
0.873014750092 0.170294772249 0
0.882276375184 0.170362981999 0
0.88245 0.179575 0
0.8731015625 0.179575 0
0.8731015625 0.1889234375 0
0.88245 0.1889234375 0
0.88245 0.198271875 0
0.88245 0.21696875 0
0.8731015625 0.2263171875 0
0.88245 0.235665625 0
0.8731015625 0.235665625 0
0.88245 0.249006666667 0
0.88245 0.251684583333 0
0.873208992513 0.252756655413 0
0.873195068749 0.2502406575 0
0.88245 0.2543625 0
0.873222916277 0.255272653325 0
0.873148315624 0.24295314125 0
0.88245 0.242336145833 0
0.873162239388 0.264166014163 0
0.88245 0.2637109375 0
0.88245 0.273059375 0
0.901146875 0.123484375 0
0.8917984375 0.1328328125 0
0.901146875 0.14218125 0
0.8917984375 0.14218125 0
0.887981016276 0.161066747988 0
0.885041883322 0.161108855992 0
0.884107285538 0.158658427015 0
0.885109553126 0.157412158524 0
0.89218243739 0.151168882899 0
0.901146875 0.1515296875 0
0.901146875 0.160878125 0
0.894563945638 0.160972436494 0
0.896107378336 0.165761000458 0
0.893587630004 0.168202438187 0
0.900170559366 0.168108126693 0
0.899194243731 0.175338128385 0
0.898758340307 0.178566164882 0
0.889359739379 0.172412095505 0
0.898322436882 0.181794201379 0
0.890386218441 0.180684600689 0
0.89109232797 0.189478237845 0
0.899734655941 0.190033038189 0
0.901146875 0.198271875 0
0.8917984375 0.198271875 0
0.8917984375 0.2076203125 0
0.901146875 0.2076203125 0
0.901146875 0.21696875 0
0.901146875 0.2263171875 0
0.8917984375 0.2263171875 0
0.901146875 0.235665625 0
0.8917984375 0.235665625 0
0.901146875 0.24651375 0
0.901146875 0.250438125 0
0.8917984375 0.251061354167 0
0.8917984375 0.247760208333 0
0.901146875 0.2543625 0
0.8917984375 0.2543625 0
0.8917984375 0.241712916667 0
0.901146875 0.2410896875 0
0.8917984375 0.2637109375 0
0.901146875 0.273059375 0
0.9104953125 0.1515296875 0
0.91984375 0.160878125 0
0.9104953125 0.160878125 0
0.903821350188 0.181227172967 0
0.901071893535 0.181510687173 0
0.900446010268 0.179453167577 0
0.90150779696 0.178282650676 0
0.910020713328 0.170621063914 0
0.91984375 0.1702265625 0
0.91984375 0.179575 0
0.911832550094 0.180401086484 0
0.915462065065 0.188640137382 0
0.910055769509 0.189161888466 0
0.920868360621 0.188118386298 0
0.921892971241 0.196661772596 0
0.919091580036 0.196879188281 0
0.91629018883 0.197096603965 0
0.908718531915 0.197684239483 0
0.904895212725 0.189597463328 0
0.919799853373 0.199041567964 0
0.918753294438 0.200231465648 0
0.921554685644 0.200014049964 0
0.921216400046 0.203366327331 0
0.920530075023 0.210167538666 0
0.910703364248 0.20745899832 0
0.91984375 0.21696875 0
0.9104953125 0.21696875 0
0.9104953125 0.2263171875 0
0.91984375 0.2263171875 0
0.91984375 0.235665625 0
0.9104953125 0.235665625 0
0.91984375 0.244020833333 0
0.91984375 0.249191666667 0
0.9104953125 0.249814895833 0
0.9104953125 0.245267291667 0
0.91984375 0.2543625 0
0.9104953125 0.2543625 0
0.9104953125 0.240466458333 0
0.91984375 0.239843229167 0
0.9104953125 0.2637109375 0
0.91984375 0.2637109375 0
0.91984375 0.273059375 0
0.938540625 0.160878125 0
0.9291921875 0.1702265625 0
0.938540625 0.179575 0
0.9291921875 0.179575 0
0.92970449281 0.188520911899 0
0.938540625 0.1889234375 0
0.938540625 0.198271875 0
0.930216798121 0.197466823798 0
0.931904017857 0.21696875 0
0.925873883929 0.21696875 0
0.924321389301 0.21243460911 0
0.926560208952 0.210167538666 0
0.93119984473 0.20582219417 0
0.938540625 0.2076203125 0
0.938540625 0.21696875 0
0.935222321429 0.21696875 0
0.936328422619 0.219784280303 0
0.935222321429 0.221192045455 0
0.938540625 0.221192045455 0
0.938540625 0.225415340909 0
0.938540625 0.230540482955 0
0.928570137551 0.226886646679 0
0.938540625 0.235665625 0
0.9291921875 0.235665625 0
0.938540625 0.241527916667 0
0.938540625 0.247945208333 0
0.9291921875 0.2485684375 0
0.9291921875 0.242774375 0
0.938540625 0.2543625 0
0.9291921875 0.2543625 0
0.9291921875 0.23922 0
0.938540625 0.238596770833 0
0.9291921875 0.2637109375 0
0.938540625 0.273059375 0
0.9478890625 0.1889234375 0
0.9572375 0.198271875 0
0.9478890625 0.198271875 0
0.9478890625 0.2076203125 0
0.9572375 0.2076203125 0
0.9572375 0.21696875 0
0.9478890625 0.21696875 0
0.946594419643 0.235665625 0
0.942567522321 0.235665625 0
0.941225223215 0.232248863637 0
0.942567522321 0.230540482955 0
0.948781263426 0.225523013644 0
0.9572375 0.2263171875 0
0.9572375 0.235665625 0
0.951915959821 0.235665625 0
0.952767354911 0.236982929687 0
0.948297209821 0.2378328125 0
0.9572375 0.236133046875 0
0.9572375 0.23660046875 0
0.95361875 0.238300234375 0
0.95 0.24 0
0.9572375 0.245481484375 0
0.955194414062 0.246331367187 0
0.9572375 0.2543625 0
0.956770078125 0.2543625 0
0.95630265625 0.2543625 0
0.953151328125 0.24718125 0
0.947421640625 0.2543625 0
0.945845976563 0.247563229167 0
0.9442703125 0.240763958333 0
0.943418917411 0.238214791667 0
0.948228909577 0.252050231807 0
0.9478890625 0.2637109375 0
0.9572375 0.2637109375 0
0.9572375 0.273059375 0
0.975934375 0.198271875 0
0.9665859375 0.2076203125 0
0.975934375 0.21696875 0
0.9665859375 0.21696875 0
0.9665859375 0.2263171875 0
0.975934375 0.235665625 0
0.9665859375 0.2450140625 0
0.955316380021 0.24368313115 0
0.975934375 0.2543625 0
0.9665859375 0.2543625 0
0.9665859375 0.2637109375 0
0.975934375 0.273059375 0
CELLS 9466 47330
4 0 1 2 3
4 1 4 5 2
4 2 5 6 7
4 3 2 7 8
4 9 10 11 12
4 10 13 14 11
4 11 14 15 16
4 12 11 16 4
4 4 16 17 5
4 16 15 18 17
4 5 17 18 6
4 19 20 21 22
4 22 21 23 24
4 21 25 26 23
4 23 26 27 24
4 28 29 30 31
4 29 32 33 30
4 30 33 34 31
4 31 34 35 36
4 36 35 37 38
4 38 37 39 40
4 40 39 41 42
4 42 41 43 44
4 44 43 45 46
4 20 47 48 21
4 21 48 49 50
4 50 49 51 52
4 21 50 52 25
4 32 53 54 33
4 53 55 56 54
4 54 56 57 58
4 33 54 58 34
4 34 58 59 35
4 58 57 60 59
4 59 60 61 35
4 35 61 62 63
4 63 62 64 65
4 35 63 65 37
4 37 65 66 39
4 65 64 67 66
4 66 67 68 39
4 39 68 69 70
4 70 69 71 72
4 39 70 72 41
4 41 72 73 43
4 72 71 74 73
4 73 74 75 43
4 43 75 76 45
4 47 77 78 79
4 79 78 80 81
4 47 79 81 48
4 71 82 83 74
4 82 84 85 83
4 74 83 85 75
4 75 85 86 76
4 77 87 88 78
4 87 89 90 88
4 88 90 80 78
4 91 92 93 94
4 92 95 96 93
4 93 96 97 98
4 94 93 98 99
4 84 100 101 85
4 100 102 103 101
4 101 103 104 85
4 85 104 105 86
4 87 106 107 108
4 108 107 109 110
4 87 108 110 89
4 111 112 113 114
4 112 115 116 113
4 114 113 116 95
4 95 116 117 96
4 116 118 119 117
4 117 119 97 96
4 97 119 120 121
4 119 118 122 120
4 120 122 123 124
4 121 120 124 125
4 102 126 127 103
4 126 128 129 127
4 103 127 129 104
4 104 129 130 105
4 106 131 132 107
4 131 133 134 132
4 132 134 109 107
4 115 135 136 116
4 135 137 138 136
4 136 138 139 116
4 116 139 140 118
4 118 140 141 122
4 140 142 143 141
4 141 143 123 122
4 128 144 145 129
4 144 146 147 145
4 145 147 148 129
4 129 148 149 130
4 131 150 151 152
4 152 151 153 154
4 131 152 154 133
4 139 155 156 140
4 155 157 158 156
4 156 158 159 140
4 140 159 160 142
4 142 160 161 162
4 160 163 164 161
4 161 164 165 162
4 165 164 166 167
4 164 163 168 166
4 166 168 169 170
4 167 166 170 171
4 172 173 174 175
4 173 176 177 174
4 174 177 178 179
4 175 174 179 146
4 146 179 180 147
4 179 178 181 180
4 180 181 182 183
4 147 180 183 148
4 148 183 184 149
4 183 182 185 184
4 184 185 186 149
4 150 187 188 151
4 187 189 190 188
4 188 190 153 151
4 157 191 192 158
4 191 193 194 192
4 158 192 194 159
4 159 194 195 160
4 160 195 196 163
4 163 196 197 168
4 196 198 199 197
4 197 199 169 168
4 182 200 201 185
4 200 202 203 201
4 185 201 203 186
4 187 204 205 206
4 206 205 207 208
4 187 206 208 189
4 193 209 210 194
4 209 211 212 210
4 210 212 213 194
4 194 213 214 195
4 195 214 215 196
4 196 215 216 217
4 217 216 218 219
4 196 217 219 198
4 198 219 220 221
4 219 218 222 220
4 220 222 223 224
4 221 220 224 225
4 202 226 227 203
4 226 228 229 227
4 227 229 230 203
4 204 231 232 205
4 231 233 234 232
4 232 234 207 205
4 207 234 235 236
4 234 233 237 235
4 235 237 238 239
4 236 235 239 240
4 211 241 242 212
4 241 243 244 242
4 212 242 244 213
4 213 244 245 214
4 214 245 246 247
4 247 246 248 249
4 214 247 249 215
4 215 249 250 216
4 249 248 251 250
4 250 251 252 253
4 216 250 253 218
4 228 254 255 229
4 254 256 257 255
4 229 255 257 230
4 231 258 259 233
4 233 259 260 237
4 259 261 262 260
4 260 262 238 237
4 243 263 264 244
4 263 265 266 264
4 264 266 267 244
4 244 267 268 269
4 269 268 270 271
4 244 269 271 245
4 245 271 272 246
4 271 270 273 272
4 272 273 274 275
4 246 272 275 248
4 256 276 277 257
4 276 278 279 277
4 277 279 280 257
4 258 281 282 259
4 259 282 283 284
4 284 283 285 286
4 259 284 286 261
4 287 288 289 290
4 288 291 292 289
4 289 292 293 294
4 290 289 294 295
4 295 294 296 297
4 294 293 0 296
4 297 296 0 298
4 298 0 299 300
4 0 3 301 299
4 299 301 278 300
4 278 301 302 279
4 301 3 8 302
4 279 302 8 280
4 281 303 304 282
4 282 304 305 283
4 304 306 307 305
4 305 307 285 283
4 308 309 310 311
4 309 312 313 310
4 310 313 314 315
4 311 310 315 291
4 291 315 316 292
4 315 314 317 316
4 292 316 317 293
4 293 317 1 0
4 303 318 319 304
4 304 319 320 321
4 321 320 322 323
4 304 321 323 306
4 312 324 325 313
4 324 326 9 325
4 313 325 9 314
4 314 9 12 317
4 317 12 4 1
4 318 327 328 319
4 319 328 329 320
4 328 330 331 329
4 329 331 322 320
4 326 332 333 9
4 332 334 335 333
4 333 335 10 9
4 327 336 337 328
4 328 337 338 330
4 330 338 339 340
4 338 341 342 339
4 339 342 343 340
4 343 342 344 345
4 342 341 346 344
4 345 344 346 347
4 347 346 348 349
4 346 350 351 348
4 348 351 352 349
4 352 351 353 354
4 351 350 355 353
4 354 353 355 356
4 356 355 357 358
4 355 359 360 357
4 357 360 361 358
4 361 360 362 363
4 360 359 364 362
4 362 364 365 366
4 363 362 366 367
4 334 368 369 335
4 368 370 13 369
4 335 369 13 10
4 27 26 371 372
4 372 371 373 374
4 374 373 375 376
4 376 375 377 378
4 378 377 379 380
4 380 379 381 382
4 382 381 383 384
4 384 383 385 386
4 386 385 387 388
4 388 387 389 390
4 390 389 391 392
4 392 391 393 394
4 394 393 395 396
4 396 395 29 28
4 26 25 397 371
4 371 397 398 399
4 399 398 400 401
4 371 399 401 373
4 373 401 402 375
4 401 400 403 402
4 402 403 404 375
4 375 404 405 406
4 406 405 407 408
4 375 406 408 377
4 377 408 409 379
4 408 407 410 409
4 409 410 411 379
4 379 411 412 413
4 413 412 414 415
4 379 413 415 381
4 381 415 416 383
4 415 414 417 416
4 416 417 418 383
4 383 418 419 420
4 420 419 421 422
4 383 420 422 385
4 385 422 423 387
4 422 421 424 423
4 423 424 425 387
4 387 425 426 427
4 427 426 428 429
4 387 427 429 389
4 389 429 430 391
4 429 428 431 430
4 430 431 432 391
4 391 432 433 434
4 434 433 435 436
4 391 434 436 393
4 393 436 437 395
4 436 435 438 437
4 437 438 439 395
4 395 439 32 29
4 25 52 440 441
4 441 440 442 443
4 25 441 443 397
4 397 443 444 398
4 443 442 445 444
4 444 445 446 447
4 398 444 447 400
4 435 448 449 438
4 448 450 451 449
4 438 449 451 439
4 439 451 53 32
4 52 51 452 440
4 51 453 454 452
4 452 454 442 440
4 450 455 456 451
4 455 457 458 456
4 456 458 459 451
4 451 459 55 53
4 48 81 460 49
4 49 460 461 51
4 51 461 462 463
4 463 462 464 465
4 51 463 465 453
4 459 466 467 55
4 466 468 469 467
4 467 469 470 55
4 55 470 471 56
4 56 471 472 57
4 57 472 473 60
4 60 473 474 61
4 61 474 475 476
4 476 475 477 478
4 61 476 478 62
4 62 478 479 64
4 478 477 480 479
4 479 480 481 64
4 64 481 482 483
4 483 482 484 485
4 64 483 485 67
4 67 485 486 68
4 485 484 487 486
4 486 487 488 68
4 68 488 489 490
4 490 489 491 492
4 68 490 492 69
4 69 492 493 71
4 492 491 494 493
4 493 494 82 71
4 81 80 495 460
4 460 495 496 497
4 497 496 498 499
4 460 497 499 461
4 461 499 500 462
4 499 498 501 500
4 500 501 502 503
4 462 500 503 464
4 504 505 506 507
4 505 508 509 506
4 506 509 510 511
4 507 506 511 512
4 512 511 513 514
4 511 510 91 513
4 514 513 91 515
4 515 91 516 517
4 91 94 518 516
4 516 518 519 517
4 519 518 520 521
4 518 94 99 520
4 521 520 99 522
4 522 99 523 524
4 99 525 526 523
4 523 526 527 524
4 468 528 529 469
4 528 530 531 529
4 529 531 532 533
4 469 529 533 470
4 470 533 534 471
4 533 532 535 534
4 534 535 536 471
4 471 536 537 538
4 538 537 539 540
4 471 538 540 472
4 472 540 541 473
4 540 539 542 541
4 541 542 543 473
4 473 543 544 545
4 545 544 546 547
4 473 545 547 474
4 474 547 548 475
4 547 546 549 548
4 548 549 550 551
4 475 548 551 477
4 491 552 553 494
4 552 554 84 553
4 494 553 84 82
4 80 90 555 495
4 495 555 556 496
4 555 557 558 556
4 556 558 498 496
4 508 559 560 509
4 559 561 562 560
4 509 560 562 510
4 510 562 92 91
4 99 98 563 525
4 525 563 564 565
4 563 566 567 564
4 564 567 568 565
4 532 569 570 535
4 569 571 572 570
4 570 572 573 574
4 535 570 574 536
4 554 575 576 84
4 575 577 578 576
4 576 578 100 84
4 90 89 579 555
4 555 579 580 581
4 581 580 582 583
4 555 581 583 557
4 584 585 586 587
4 585 588 111 586
4 587 586 111 561
4 561 111 114 562
4 562 114 95 92
4 98 97 121 563
4 563 121 125 566
4 566 125 589 590
4 125 591 592 589
4 589 592 593 590
4 577 594 595 578
4 594 596 102 595
4 578 595 102 100
4 89 110 597 579
4 579 597 598 580
4 597 599 600 598
4 598 600 582 580
4 588 601 602 111
4 601 603 604 602
4 602 604 112 111
4 125 124 605 606
4 606 605 607 608
4 125 606 608 591
4 609 610 611 612
4 610 613 614 611
4 612 611 614 596
4 596 614 126 102
4 110 109 615 597
4 597 615 616 617
4 617 616 618 619
4 597 617 619 599
4 603 620 621 604
4 620 622 115 621
4 604 621 115 112
4 124 123 623 605
4 123 624 625 623
4 623 625 607 605
4 607 625 626 627
4 625 624 628 626
4 626 628 629 630
4 627 626 630 631
4 632 633 634 635
4 633 636 637 634
4 635 634 637 638
4 638 637 639 640
4 637 641 642 639
4 639 642 643 640
4 643 642 644 645
4 642 641 646 644
4 644 646 647 648
4 645 644 648 649
4 613 650 651 614
4 650 652 653 651
4 651 653 654 614
4 614 654 128 126
4 109 134 655 656
4 656 655 657 658
4 109 656 658 615
4 622 659 660 115
4 659 661 662 660
4 660 662 135 115
4 123 143 663 624
4 624 663 664 628
4 663 665 666 664
4 664 666 629 628
4 629 666 667 668
4 666 665 669 667
4 668 667 669 670
4 670 669 671 672
4 669 673 674 671
4 671 674 675 672
4 675 674 676 677
4 674 673 678 676
4 677 676 678 636
4 636 678 679 637
4 637 679 680 681
4 681 680 682 683
4 637 681 683 641
4 684 685 686 687
4 685 688 689 686
4 686 689 690 691
4 687 686 691 652
4 652 691 692 653
4 691 690 693 692
4 653 692 693 654
4 654 693 144 128
4 134 133 694 655
4 133 695 696 694
4 694 696 657 655
4 697 698 699 700
4 698 701 702 699
4 699 702 703 704
4 700 699 704 661
4 661 704 705 662
4 704 703 137 705
4 662 705 137 135
4 143 142 162 663
4 663 162 165 665
4 665 165 167 669
4 669 167 171 673
4 673 171 706 678
4 678 706 707 708
4 708 707 709 710
4 678 708 710 679
4 679 710 711 680
4 710 709 712 711
4 711 712 713 714
4 680 711 714 682
4 688 715 716 689
4 715 717 172 716
4 689 716 172 690
4 690 172 175 693
4 693 175 146 144
4 133 154 718 719
4 719 718 720 721
4 133 719 721 695
4 703 722 723 137
4 722 724 725 723
4 723 725 726 137
4 137 726 727 138
4 138 727 155 139
4 171 170 728 706
4 706 728 729 707
4 728 730 731 729
4 729 731 709 707
4 732 733 734 735
4 733 736 737 734
4 735 734 737 717
4 717 737 173 172
4 154 153 738 718
4 153 739 740 738
4 738 740 720 718
4 720 740 741 742
4 740 739 743 741
4 741 743 744 745
4 742 741 745 746
4 724 747 748 725
4 747 749 750 748
4 748 750 751 752
4 725 748 752 726
4 726 752 753 727
4 752 751 754 753
4 753 754 755 727
4 727 755 157 155
4 170 169 756 728
4 728 756 757 758
4 758 757 759 760
4 728 758 760 730
4 736 761 762 737
4 761 763 764 762
4 762 764 765 737
4 737 765 176 173
4 153 190 766 739
4 739 766 767 743
4 766 768 769 767
4 767 769 744 743
4 751 770 771 754
4 770 772 773 771
4 754 771 773 755
4 755 773 191 157
4 169 199 774 756
4 756 774 775 757
4 774 776 777 775
4 775 777 759 757
4 765 778 779 176
4 778 780 781 779
4 779 781 782 176
4 176 782 783 177
4 177 783 784 178
4 178 784 785 181
4 181 785 200 182
4 190 189 786 766
4 766 786 787 788
4 788 787 789 790
4 766 788 790 768
4 772 791 792 773
4 791 793 794 792
4 792 794 795 773
4 773 795 193 191
4 199 198 221 774
4 774 221 225 776
4 776 225 796 797
4 225 798 799 796
4 796 799 800 797
4 782 801 802 783
4 801 803 804 802
4 802 804 805 783
4 783 805 806 807
4 807 806 808 809
4 783 807 809 784
4 784 809 810 785
4 809 808 811 810
4 810 811 812 785
4 785 812 202 200
4 189 208 813 786
4 786 813 814 787
4 813 815 816 814
4 814 816 789 787
4 789 816 817 818
4 816 815 819 817
4 817 819 820 821
4 818 817 821 822
4 793 823 824 794
4 823 825 826 824
4 824 826 827 828
4 794 824 828 795
4 795 828 829 193
4 828 827 830 829
4 829 830 209 193
4 225 224 831 798
4 798 831 832 833
4 831 834 835 832
4 832 835 836 833
4 808 837 838 811
4 837 839 840 838
4 838 840 841 842
4 811 838 842 812
4 812 842 843 202
4 842 841 844 843
4 843 844 226 202
4 208 207 236 813
4 813 236 240 815
4 815 240 845 819
4 240 846 847 845
4 845 847 820 819
4 827 848 849 830
4 848 850 211 849
4 830 849 211 209
4 224 223 851 831
4 831 851 852 853
4 853 852 854 855
4 831 853 855 834
4 834 855 856 857
4 855 854 858 856
4 856 858 859 860
4 857 856 860 861
4 841 862 863 844
4 862 864 228 863
4 844 863 228 226
4 240 239 865 846
4 846 865 866 867
4 865 868 869 866
4 866 869 870 867
4 850 871 872 211
4 871 873 874 872
4 872 874 241 211
4 218 253 875 876
4 876 875 877 878
4 218 876 878 222
4 222 878 879 223
4 878 877 880 879
4 879 880 881 223
4 223 881 882 883
4 883 882 884 885
4 223 883 885 851
4 851 885 886 852
4 885 884 887 886
4 886 887 888 889
4 852 886 889 854
4 864 890 891 228
4 890 892 893 891
4 891 893 254 228
4 239 238 894 865
4 865 894 895 896
4 896 895 897 898
4 865 896 898 868
4 873 899 900 874
4 899 901 243 900
4 874 900 243 241
4 253 252 902 875
4 252 903 904 902
4 902 904 877 875
4 892 905 906 893
4 905 907 256 906
4 893 906 256 254
4 238 262 908 909
4 909 908 910 911
4 238 909 911 894
4 894 911 912 895
4 911 910 913 912
4 912 913 914 915
4 895 912 915 897
4 916 917 918 919
4 917 920 921 918
4 919 918 921 901
4 901 921 263 243
4 248 275 922 251
4 251 922 923 252
4 252 923 924 925
4 925 924 926 927
4 252 925 927 903
4 928 929 930 931
4 929 932 933 930
4 931 930 933 934
4 934 933 935 936
4 933 937 938 935
4 935 938 939 936
4 939 938 940 941
4 938 937 942 940
4 941 940 942 907
4 907 942 276 256
4 262 261 943 908
4 261 944 945 943
4 943 945 910 908
4 920 946 947 921
4 946 948 949 947
4 947 949 950 921
4 921 950 265 263
4 275 274 951 922
4 922 951 952 953
4 953 952 954 955
4 922 953 955 923
4 956 957 958 959
4 957 960 287 958
4 959 958 287 961
4 961 287 962 963
4 287 290 964 962
4 962 964 965 963
4 965 964 966 967
4 964 290 295 966
4 967 966 295 932
4 932 295 297 933
4 933 297 298 937
4 937 298 300 942
4 942 300 278 276
4 261 286 968 969
4 969 968 970 971
4 261 969 971 944
4 948 972 973 949
4 972 974 975 973
4 949 973 975 950
4 950 975 976 265
4 265 976 977 978
4 978 977 979 980
4 265 978 980 266
4 266 980 981 267
4 980 979 982 981
4 981 982 983 267
4 267 983 984 985
4 985 984 986 987
4 267 985 987 268
4 268 987 988 270
4 987 986 989 988
4 988 989 990 270
4 270 990 991 992
4 992 991 993 994
4 270 992 994 273
4 273 994 995 274
4 994 993 996 995
4 995 996 997 274
4 274 997 998 951
4 951 998 999 952
4 998 1000 1001 999
4 999 1001 954 952
4 1002 1003 1004 1005
4 1003 1006 1007 1004
4 1004 1007 1008 1009
4 1005 1004 1009 1010
4 1010 1009 1011 1012
4 1009 1008 1013 1011
4 1012 1011 1013 960
4 960 1013 288 287
4 286 285 1014 968
4 285 1015 1016 1014
4 1014 1016 970 968
4 974 1017 1018 975
4 1017 1019 1020 1018
4 1018 1020 1021 975
4 975 1021 1022 1023
4 1023 1022 1024 1025
4 975 1023 1025 976
4 976 1025 1026 977
4 1025 1024 1027 1026
4 1026 1027 1028 1029
4 977 1026 1029 979
4 993 1030 1031 996
4 1030 1032 1033 1031
4 1031 1033 1034 1035
4 996 1031 1035 997
4 997 1035 1036 998
4 1035 1034 1037 1036
4 1036 1037 1038 998
4 998 1038 1039 1040
4 1040 1039 1041 1042
4 998 1040 1042 1000
4 1006 1043 1044 1007
4 1043 1045 308 1044
4 1007 1044 308 1008
4 1008 308 311 1013
4 1013 311 291 288
4 285 307 1046 1047
4 1047 1046 1048 1049
4 285 1047 1049 1015
4 1019 1050 1051 1020
4 1050 1052 1053 1051
4 1051 1053 1054 1055
4 1020 1051 1055 1021
4 1034 1056 1057 1037
4 1056 1058 1059 1057
4 1057 1059 1060 1061
4 1037 1057 1061 1038
4 1038 1061 1062 1039
4 1061 1060 1063 1062
4 1062 1063 1064 1065
4 1039 1062 1065 1041
4 1045 1066 1067 308
4 1066 1068 1069 1067
4 1067 1069 309 308
4 307 306 1070 1046
4 306 1071 1072 1070
4 1070 1072 1048 1046
4 1060 1073 1074 1063
4 1073 1075 1076 1074
4 1074 1076 1077 1078
4 1063 1074 1078 1064
4 1068 1079 1080 1069
4 1079 1081 312 1080
4 1069 1080 312 309
4 306 323 1082 1083
4 1083 1082 1084 1085
4 306 1083 1085 1071
4 1086 1087 1088 1089
4 1087 1090 1091 1088
4 1088 1091 1092 1093
4 1089 1088 1093 1094
4 1081 1095 1096 312
4 1095 1097 1098 1096
4 1096 1098 324 312
4 323 322 1099 1082
4 322 1100 1101 1099
4 1099 1101 1084 1082
4 1102 1103 1104 1105
4 1103 1106 1107 1104
4 1104 1107 1108 1109
4 1105 1104 1109 1110
4 1110 1109 1111 1112
4 1109 1108 1113 1111
4 1112 1111 1113 1090
4 1090 1113 1114 1091
4 1113 1115 1116 1114
4 1114 1116 1092 1091
4 1092 1116 1117 1118
4 1116 1115 1119 1117
4 1117 1119 1120 1121
4 1118 1117 1121 1122
4 1123 1124 1125 1126
4 1124 1127 1128 1125
4 1125 1128 1129 1130
4 1126 1125 1130 1097
4 1097 1130 1131 1098
4 1130 1129 326 1131
4 1098 1131 326 324
4 322 331 1132 1100
4 1100 1132 1133 1134
4 1132 1135 1136 1133
4 1133 1136 1137 1134
4 1137 1136 1138 1139
4 1136 1135 1140 1138
4 1139 1138 1140 1141
4 1141 1140 1142 1143
4 1140 1144 1145 1142
4 1142 1145 1146 1143
4 1146 1145 1147 1148
4 1145 1144 1149 1147
4 1148 1147 1149 1150
4 1150 1149 1151 1152
4 1149 1153 1154 1151
4 1151 1154 1106 1152
4 1106 1154 1155 1107
4 1154 1153 1156 1155
4 1107 1155 1156 1108
4 1108 1156 1157 1113
4 1113 1157 1158 1115
4 1115 1158 1159 1119
4 1158 1160 1161 1159
4 1159 1161 1120 1119
4 1120 1161 1162 1163
4 1161 1160 1164 1162
4 1162 1164 1165 1166
4 1163 1162 1166 1167
4 1127 1168 1169 1128
4 1168 1170 1171 1169
4 1128 1169 1171 1129
4 1129 1171 332 326
4 331 330 340 1132
4 1132 340 343 1135
4 1135 343 345 1140
4 1140 345 347 1144
4 1144 347 349 1149
4 1149 349 352 1153
4 1153 352 354 1156
4 1156 354 356 1157
4 1157 356 358 1158
4 1158 358 361 1160
4 1160 361 1172 1164
4 361 363 1173 1172
4 1172 1173 1165 1164
4 1165 1173 1174 1175
4 1173 363 367 1174
4 1175 1174 367 1176
4 1176 367 1177 1178
4 367 1179 1180 1177
4 1177 1180 1181 1178
4 1170 1182 1183 1171
4 1182 1184 1185 1183
4 1183 1185 1186 1171
4 1171 1186 334 332
4 367 366 1187 1179
4 1179 1187 1188 1189
4 1187 1190 1191 1188
4 1188 1191 1192 1189
4 1192 1191 1193 1194
4 1191 1190 1195 1193
4 1194 1193 1195 1196
4 1196 1195 1197 1198
4 1195 1199 1200 1197
4 1197 1200 1184 1198
4 1184 1200 1201 1185
4 1200 1199 1202 1201
4 1185 1201 1202 1186
4 1186 1202 368 334
4 366 365 1203 1187
4 1187 1203 1204 1190
4 1190 1204 1205 1195
4 1195 1205 1206 1199
4 1199 1206 1207 1202
4 1202 1207 370 368
4 400 447 1208 403
4 403 1208 1209 404
4 404 1209 1210 405
4 405 1210 1211 407
4 407 1211 1212 410
4 410 1212 1213 411
4 411 1213 1214 412
4 412 1214 1215 414
4 414 1215 1216 1217
4 1217 1216 1218 1219
4 414 1217 1219 417
4 417 1219 1220 418
4 1219 1218 1221 1220
4 1220 1221 1222 418
4 418 1222 1223 1224
4 1224 1223 1225 1226
4 418 1224 1226 419
4 419 1226 1227 421
4 1226 1225 1228 1227
4 1227 1228 1229 421
4 421 1229 1230 1231
4 1231 1230 1232 1233
4 421 1231 1233 424
4 424 1233 1234 425
4 1233 1232 1235 1234
4 1234 1235 1236 425
4 425 1236 1237 1238
4 1238 1237 1239 1240
4 425 1238 1240 426
4 426 1240 1241 428
4 1240 1239 1242 1241
4 1241 1242 1243 428
4 428 1243 1244 1245
4 1245 1244 1246 1247
4 428 1245 1247 431
4 431 1247 1248 432
4 1247 1246 1249 1248
4 1248 1249 1250 432
4 432 1250 1251 433
4 433 1251 448 435
4 447 446 1252 1208
4 1208 1252 1253 1254
4 1254 1253 1255 1256
4 1208 1254 1256 1209
4 1209 1256 1257 1210
4 1256 1255 1258 1257
4 1257 1258 1259 1210
4 1210 1259 1260 1261
4 1261 1260 1262 1263
4 1210 1261 1263 1211
4 1211 1263 1264 1212
4 1263 1262 1265 1264
4 1264 1265 1266 1212
4 1212 1266 1267 1268
4 1268 1267 1269 1270
4 1212 1268 1270 1213
4 1213 1270 1271 1214
4 1270 1269 1272 1271
4 1271 1272 1273 1214
4 1214 1273 1274 1275
4 1275 1274 1276 1277
4 1214 1275 1277 1215
4 1215 1277 1278 1216
4 1277 1276 1279 1278
4 1278 1279 1280 1281
4 1216 1278 1281 1218
4 1246 1282 1283 1249
4 1282 1284 1285 1283
4 1283 1285 1286 1287
4 1249 1283 1287 1250
4 1250 1287 1288 1251
4 1287 1286 1289 1288
4 1288 1289 1290 1251
4 1251 1290 450 448
4 442 454 1291 445
4 445 1291 1292 446
4 446 1292 1293 1294
4 1294 1293 1295 1296
4 446 1294 1296 1252
4 1286 1297 1298 1289
4 1297 1299 1300 1298
4 1289 1298 1300 1290
4 1290 1300 455 450
4 454 453 1301 1291
4 1291 1301 1302 1303
4 1303 1302 1304 1305
4 1291 1303 1305 1292
4 1306 1307 1308 1309
4 1307 1310 1311 1308
4 1308 1311 1312 1313
4 1309 1308 1313 1314
4 1314 1313 1315 1316
4 1313 1312 1317 1315
4 1316 1315 1317 1318
4 1318 1317 1319 1320
4 1317 1321 1322 1319
4 1319 1322 1323 1320
4 1299 1324 1325 1300
4 1324 1326 1327 1325
4 1325 1327 1328 1300
4 1300 1328 457 455
4 453 465 1329 1301
4 1301 1329 1330 1302
4 1329 1331 1332 1330
4 1330 1332 1304 1302
4 1333 1334 1335 1336
4 1334 1337 1338 1335
4 1335 1338 1339 1340
4 1336 1335 1340 1341
4 1341 1340 1342 1343
4 1340 1339 1344 1342
4 1343 1342 1344 1345
4 1345 1344 1346 1347
4 1344 1348 1349 1346
4 1346 1349 1350 1347
4 1350 1349 1351 1352
4 1349 1348 1353 1351
4 1352 1351 1353 1354
4 1354 1353 1355 1356
4 1353 1357 1358 1355
4 1355 1358 1359 1356
4 1359 1358 1360 1361
4 1358 1357 1362 1360
4 1361 1360 1362 1363
4 1363 1362 1364 1365
4 1362 1366 1367 1364
4 1364 1367 1368 1365
4 1368 1367 1369 1370
4 1367 1366 1371 1369
4 1370 1369 1371 1372
4 1372 1371 1373 1374
4 1371 1375 1376 1373
4 1373 1376 1310 1374
4 1310 1376 1377 1311
4 1376 1375 1378 1377
4 1311 1377 1378 1312
4 1312 1378 1379 1317
4 1317 1379 1380 1321
4 1321 1380 1381 1382
4 1380 1383 1384 1381
4 1381 1384 1385 1382
4 1328 1386 1387 457
4 1386 1388 1389 1387
4 1387 1389 1390 457
4 457 1390 1391 458
4 458 1391 466 459
4 465 464 1392 1329
4 1329 1392 1393 1394
4 1394 1393 1395 1396
4 1329 1394 1396 1331
4 1397 1398 1399 1400
4 1398 1401 1402 1399
4 1399 1402 1403 1404
4 1400 1399 1404 1337
4 1337 1404 1405 1338
4 1404 1403 504 1405
4 1338 1405 504 1339
4 1339 504 507 1344
4 1344 507 512 1348
4 1348 512 514 1353
4 1353 514 515 1357
4 1357 515 517 1362
4 1362 517 519 1366
4 1366 519 521 1371
4 1371 521 522 1375
4 1375 522 524 1378
4 1378 524 527 1379
4 1379 527 1406 1380
4 1380 1406 1407 1408
4 1408 1407 1409 1410
4 1380 1408 1410 1383
4 1390 1411 1412 1391
4 1411 1413 1414 1412
4 1412 1414 1415 1391
4 1391 1415 468 466
4 464 503 1416 1417
4 1417 1416 1418 1419
4 464 1417 1419 1392
4 1392 1419 1420 1393
4 1419 1418 1421 1420
4 1420 1421 1422 1423
4 1393 1420 1423 1395
4 1401 1424 1425 1402
4 1424 1426 1427 1425
4 1402 1425 1427 1403
4 1403 1427 505 504
4 527 526 1428 1406
4 1406 1428 1429 1407
4 1428 1430 1431 1429
4 1429 1431 1409 1407
4 1409 1431 1432 1433
4 1431 1430 1434 1432
4 1432 1434 1435 1436
4 1433 1432 1436 1437
4 1413 1438 1439 1414
4 1438 1440 1441 1439
4 1439 1441 1442 1443
4 1414 1439 1443 1415
4 1415 1443 1444 468
4 1443 1442 1445 1444
4 1444 1445 528 468
4 477 551 1446 480
4 480 1446 1447 481
4 481 1447 1448 482
4 482 1448 1449 484
4 484 1449 1450 487
4 487 1450 1451 488
4 488 1451 1452 489
4 489 1452 552 491
4 503 502 1453 1416
4 502 1454 1455 1453
4 1453 1455 1418 1416
4 1426 1456 1457 1427
4 1456 1458 1459 1457
4 1457 1459 1460 1427
4 1427 1460 508 505
4 526 525 565 1428
4 1428 565 568 1430
4 1430 568 1461 1434
4 568 1462 1463 1461
4 1461 1463 1435 1434
4 1435 1463 1464 1465
4 1463 1462 1466 1464
4 1464 1466 1467 1468
4 1465 1464 1468 1469
4 1442 1470 1471 1445
4 1470 1472 530 1471
4 1445 1471 530 528
4 551 550 1473 1446
4 1446 1473 1474 1475
4 1475 1474 1476 1477
4 1446 1475 1477 1447
4 1447 1477 1478 1448
4 1477 1476 1479 1478
4 1478 1479 1480 1448
4 1448 1480 1481 1482
4 1482 1481 1483 1484
4 1448 1482 1484 1449
4 1449 1484 1485 1450
4 1484 1483 1486 1485
4 1485 1486 1487 1450
4 1450 1487 1488 1489
4 1489 1488 1490 1491
4 1450 1489 1491 1451
4 1451 1491 1492 1452
4 1491 1490 1493 1492
4 1492 1493 1494 1452
4 1452 1494 554 552
4 498 558 1495 501
4 501 1495 1496 502
4 502 1496 1497 1498
4 1498 1497 1499 1500
4 502 1498 1500 1454
4 1458 1501 1502 1459
4 1501 1503 1504 1502
4 1459 1502 1504 1460
4 1460 1504 559 508
4 568 567 1505 1462
4 1462 1505 1506 1466
4 1505 1507 1508 1506
4 1506 1508 1467 1466
4 1472 1509 1510 530
4 1509 1511 1512 1510
4 1510 1512 1513 530
4 530 1513 1514 531
4 531 1514 569 532
4 536 574 1515 537
4 537 1515 1516 539
4 539 1516 1517 542
4 542 1517 1518 543
4 543 1518 1519 544
4 544 1519 1520 546
4 546 1520 1521 1522
4 1522 1521 1523 1524
4 546 1522 1524 549
4 549 1524 1525 550
4 1524 1523 1526 1525
4 1525 1526 1527 550
4 550 1527 1528 1529
4 1529 1528 1530 1531
4 550 1529 1531 1473
4 1473 1531 1532 1474
4 1531 1530 1533 1532
4 1532 1533 1534 1535
4 1474 1532 1535 1476
4 1490 1536 1537 1493
4 1536 1538 1539 1537
4 1493 1537 1539 1494
4 1494 1539 575 554
4 558 557 1540 1495
4 1495 1540 1541 1542
4 1542 1541 1543 1544
4 1495 1542 1544 1496
4 1496 1544 1545 1497
4 1544 1543 1546 1545
4 1545 1546 1547 1548
4 1497 1545 1548 1499
4 1549 1550 1551 1552
4 1550 1553 584 1551
4 1552 1551 584 1503
4 1503 584 587 1504
4 1504 587 561 559
4 567 566 590 1505
4 1505 590 593 1507
4 1507 593 1554 1555
4 593 1556 1557 1554
4 1554 1557 1558 1555
4 1513 1559 1560 1514
4 1559 1561 1562 1560
4 1560 1562 1563 1514
4 1514 1563 571 569
4 574 573 1564 1515
4 1515 1564 1565 1566
4 1566 1565 1567 1568
4 1515 1566 1568 1516
4 1516 1568 1569 1517
4 1568 1567 1570 1569
4 1569 1570 1571 1517
4 1517 1571 1572 1573
4 1573 1572 1574 1575
4 1517 1573 1575 1518
4 1518 1575 1576 1519
4 1575 1574 1577 1576
4 1576 1577 1578 1519
4 1519 1578 1579 1580
4 1580 1579 1581 1582
4 1519 1580 1582 1520
4 1538 1583 1584 1539
4 1583 1585 1586 1584
4 1584 1586 1587 1539
4 1539 1587 577 575
4 557 583 1588 1540
4 1540 1588 1589 1541
4 1588 1590 1591 1589
4 1589 1591 1543 1541
4 1553 1592 1593 584
4 1592 1594 1595 1593
4 1593 1595 585 584
4 593 592 1596 1597
4 1597 1596 1598 1599
4 593 1597 1599 1556
4 1563 1600 1601 571
4 1600 1602 1603 1601
4 1601 1603 1604 571
4 571 1604 1605 1606
4 1606 1605 1607 1608
4 571 1606 1608 572
4 572 1608 1609 573
4 1608 1607 1610 1609
4 1609 1610 1611 573
4 573 1611 1612 1613
4 1613 1612 1614 1615
4 573 1613 1615 1564
4 1564 1615 1616 1565
4 1615 1614 1617 1616
4 1616 1617 1618 1619
4 1565 1616 1619 1567
4 1585 1620 1621 1586
4 1620 1622 1623 1621
4 1586 1621 1623 1587
4 1587 1623 594 577
4 583 582 1624 1588
4 1588 1624 1625 1626
4 1626 1625 1627 1628
4 1588 1626 1628 1590
4 1594 1629 1630 1595
4 1629 1631 588 1630
4 1595 1630 588 585
4 592 591 1632 1596
4 591 1633 1634 1632
4 1632 1634 1598 1596
4 1598 1634 1635 1636
4 1634 1633 1637 1635
4 1635 1637 1638 1639
4 1636 1635 1639 1640
4 1641 1642 1643 1644
4 1642 1645 1646 1643
4 1643 1646 1647 1648
4 1644 1643 1648 1649
4 1649 1648 1650 1651
4 1648 1647 1652 1650
4 1650 1652 1653 1654
4 1651 1650 1654 1655
4 1656 1657 1658 1659
4 1657 1660 609 1658
4 1659 1658 609 1622
4 1622 609 612 1623
4 1623 612 596 594
4 582 600 1661 1624
4 1624 1661 1662 1625
4 1661 1663 1664 1662
4 1662 1664 1627 1625
4 1665 1666 1667 1668
4 1666 1669 1670 1667
4 1668 1667 1670 1631
4 1631 1670 601 588
4 591 608 1671 1633
4 1633 1671 1672 1637
4 1671 1673 1674 1672
4 1672 1674 1638 1637
4 1638 1674 1675 1676
4 1674 1673 1677 1675
4 1675 1677 1678 1679
4 1676 1675 1679 1680
4 1681 1682 1683 1684
4 1682 1685 1686 1683
4 1684 1683 1686 1687
4 1687 1686 1688 1689
4 1686 1690 1691 1688
4 1688 1691 1692 1689
4 1692 1691 1693 1694
4 1691 1690 1695 1693
4 1694 1693 1695 1696
4 1696 1695 1697 1698
4 1695 1699 1700 1697
4 1697 1700 1645 1698
4 1645 1700 1701 1646
4 1700 1699 1702 1701
4 1701 1702 1703 1704
4 1646 1701 1704 1647
4 1660 1705 1706 609
4 1705 1707 1708 1706
4 1706 1708 610 609
4 600 599 1709 1661
4 1661 1709 1710 1711
4 1711 1710 1712 1713
4 1661 1711 1713 1663
4 1669 1714 1715 1670
4 1714 1716 1717 1715
4 1715 1717 1718 1670
4 1670 1718 603 601
4 608 607 627 1671
4 1671 627 631 1673
4 1673 631 1719 1677
4 631 1720 1721 1719
4 1719 1721 1678 1677
4 1722 1723 1724 1725
4 1723 1726 632 1724
4 1725 1724 632 1727
4 1727 632 1728 1729
4 632 635 1730 1728
4 1728 1730 1731 1729
4 1731 1730 1732 1733
4 1730 635 638 1732
4 1733 1732 638 1734
4 1734 638 1735 1736
4 638 640 1737 1735
4 1735 1737 1738 1736
4 1738 1737 1739 1740
4 1737 640 643 1739
4 1740 1739 643 1685
4 1685 643 645 1686
4 1686 645 649 1690
4 1690 649 1741 1695
4 1695 1741 1742 1743
4 1743 1742 1744 1745
4 1695 1743 1745 1699
4 1699 1745 1746 1702
4 1745 1744 1747 1746
4 1746 1747 1748 1749
4 1702 1746 1749 1703
4 1750 1751 1752 1753
4 1751 1754 1755 1752
4 1752 1755 1756 1757
4 1753 1752 1757 1707
4 1707 1757 1758 1708
4 1757 1756 613 1758
4 1708 1758 613 610
4 599 619 1759 1760
4 1760 1759 1761 1762
4 599 1760 1762 1709
4 1716 1763 1764 1717
4 1763 1765 1766 1764
4 1717 1764 1766 1718
4 1718 1766 620 603
4 631 630 1767 1720
4 1720 1767 1768 1769
4 1767 1770 1771 1768
4 1768 1771 1772 1769
4 1772 1771 1773 1774
4 1771 1770 1775 1773
4 1774 1773 1775 1776
4 1776 1775 1777 1778
4 1775 1779 1780 1777
4 1777 1780 1781 1778
4 1781 1780 1782 1783
4 1780 1779 1784 1782
4 1783 1782 1784 1726
4 1726 1784 633 632
4 649 648 1785 1741
4 1741 1785 1786 1742
4 1785 1787 1788 1786
4 1786 1788 1744 1742
4 1789 1790 1791 1792
4 1790 1793 1794 1791
4 1791 1794 1795 1796
4 1792 1791 1796 1754
4 1754 1796 1797 1755
4 1796 1795 1798 1797
4 1755 1797 1798 1756
4 1756 1798 650 613
4 619 618 1799 1759
4 618 1800 1801 1799
4 1799 1801 1761 1759
4 1765 1802 1803 1766
4 1802 1804 1805 1803
4 1803 1805 1806 1766
4 1766 1806 622 620
4 630 629 668 1767
4 1767 668 670 1770
4 1770 670 672 1775
4 1775 672 675 1779
4 1779 675 677 1784
4 1784 677 636 633
4 648 647 1807 1785
4 1785 1807 1808 1809
4 1809 1808 1810 1811
4 1785 1809 1811 1787
4 1793 1812 1813 1794
4 1812 1814 684 1813
4 1794 1813 684 1795
4 1795 684 687 1798
4 1798 687 652 650
4 615 658 1815 616
4 616 1815 1816 618
4 618 1816 1817 1818
4 1818 1817 1819 1820
4 618 1818 1820 1800
4 1821 1822 1823 1824
4 1822 1825 1826 1823
4 1823 1826 1827 1828
4 1824 1823 1828 1804
4 1804 1828 1829 1805
4 1828 1827 1830 1829
4 1805 1829 1830 1806
4 1806 1830 659 622
4 641 683 1831 646
4 646 1831 1832 647
4 647 1832 1833 1834
4 1834 1833 1835 1836
4 647 1834 1836 1807
4 1837 1838 1839 1840
4 1838 1841 1842 1839
4 1840 1839 1842 1814
4 1814 1842 685 684
4 658 657 1843 1815
4 1815 1843 1844 1845
4 1845 1844 1846 1847
4 1815 1845 1847 1816
4 1825 1848 1849 1826
4 1848 1850 697 1849
4 1826 1849 697 1827
4 1827 697 700 1830
4 1830 700 661 659
4 683 682 1851 1831
4 1831 1851 1852 1853
4 1853 1852 1854 1855
4 1831 1853 1855 1832
4 1841 1856 1857 1842
4 1856 1858 1859 1857
4 1857 1859 1860 1842
4 1842 1860 688 685
4 657 696 1861 1843
4 1843 1861 1862 1844
4 1861 1863 1864 1862
4 1862 1864 1846 1844
4 1850 1865 1866 697
4 1865 1867 1868 1866
4 1866 1868 698 697
4 682 714 1869 1870
4 1870 1869 1871 1872
4 682 1870 1872 1851
4 1851 1872 1873 1852
4 1872 1871 1874 1873
4 1873 1874 1875 1876
4 1852 1873 1876 1854
4 1877 1878 1879 1880
4 1878 1881 1882 1879
4 1879 1882 1883 1884
4 1880 1879 1884 1858
4 1858 1884 1885 1859
4 1884 1883 1886 1885
4 1859 1885 1886 1860
4 1860 1886 715 688
4 696 695 1887 1861
4 1861 1887 1888 1889
4 1889 1888 1890 1891
4 1861 1889 1891 1863
4 1867 1892 1893 1868
4 1892 1894 701 1893
4 1868 1893 701 698
4 714 713 1895 1869
4 713 1896 1897 1895
4 1895 1897 1871 1869
4 1898 1899 1900 1901
4 1899 1902 1903 1900
4 1900 1903 1904 1905
4 1901 1900 1905 1881
4 1881 1905 1906 1882
4 1905 1904 732 1906
4 1882 1906 732 1883
4 1883 732 735 1886
4 1886 735 717 715
4 695 721 1907 1887
4 1887 1907 1908 1888
4 1907 1909 1910 1908
4 1908 1910 1890 1888
4 1894 1911 1912 701
4 1911 1913 1914 1912
4 1912 1914 1915 701
4 701 1915 1916 702
4 702 1916 722 703
4 709 731 1917 712
4 712 1917 1918 713
4 713 1918 1919 1920
4 1920 1919 1921 1922
4 713 1920 1922 1896
4 1902 1923 1924 1903
4 1923 1925 1926 1924
4 1903 1924 1926 1904
4 1904 1926 733 732
4 721 720 742 1907
4 1907 742 746 1909
4 1909 746 1927 1928
4 746 1929 1930 1927
4 1927 1930 1931 1928
4 1915 1932 1933 1916
4 1932 1934 1935 1933
4 1933 1935 1936 1916
4 1916 1936 724 722
4 731 730 1937 1917
4 1917 1937 1938 1939
4 1939 1938 1940 1941
4 1917 1939 1941 1918
4 1942 1943 1944 1945
4 1943 1946 1947 1944
4 1945 1944 1947 1925
4 1925 1947 1948 1926
4 1926 1948 736 733
4 746 745 1949 1950
4 1950 1949 1951 1952
4 746 1950 1952 1929
4 1934 1953 1954 1935
4 1953 1955 1956 1954
4 1935 1954 1956 1936
4 1936 1956 747 724
4 730 760 1957 1958
4 1958 1957 1959 1960
4 730 1958 1960 1937
4 1946 1961 1962 1947
4 1961 1963 1964 1962
4 1962 1964 1965 1947
4 1947 1965 1966 1948
4 1948 1966 761 736
4 745 744 1967 1949
4 744 1968 1969 1967
4 1967 1969 1951 1949
4 1951 1969 1970 1971
4 1969 1968 1972 1970
4 1970 1972 1973 1974
4 1971 1970 1974 1975
4 1955 1976 1977 1956
4 1976 1978 1979 1977
4 1977 1979 1980 1956
4 1956 1980 749 747
4 760 759 1981 1957
4 759 1982 1983 1981
4 1981 1983 1959 1957
4 1963 1984 1985 1964
4 1984 1986 1987 1985
4 1985 1987 1988 1989
4 1964 1985 1989 1965
4 1965 1989 1990 1966
4 1989 1988 1991 1990
4 1990 1991 1992 1966
4 1966 1992 763 761
4 744 769 1993 1968
4 1968 1993 1994 1972
4 1993 1995 1996 1994
4 1994 1996 1973 1972
4 1980 1997 1998 749
4 1997 1999 2000 1998
4 1998 2000 2001 749
4 749 2001 2002 750
4 750 2002 770 751
4 759 777 2003 2004
4 2004 2003 2005 2006
4 759 2004 2006 1982
4 1988 2007 2008 1991
4 2007 2009 2010 2008
4 2008 2010 2011 2012
4 1991 2008 2012 1992
4 1992 2012 2013 763
4 2012 2011 2014 2013
4 2013 2014 2015 763
4 763 2015 2016 764
4 764 2016 778 765
4 769 768 2017 1993
4 1993 2017 2018 2019
4 2019 2018 2020 2021
4 1993 2019 2021 1995
4 1999 2022 2023 2000
4 2022 2024 2025 2023
4 2023 2025 2026 2027
4 2000 2023 2027 2001
4 2001 2027 2028 2002
4 2027 2026 2029 2028
4 2028 2029 2030 2002
4 2002 2030 772 770
4 777 776 2031 2003
4 776 797 2032 2031
4 2031 2032 2005 2003
4 2005 2032 2033 2034
4 2032 797 800 2033
4 2034 2033 800 2035
4 2035 800 2036 2037
4 800 2038 2039 2036
4 2036 2039 2040 2037
4 2011 2041 2042 2014
4 2041 2043 2044 2042
4 2042 2044 2045 2046
4 2014 2042 2046 2015
4 2015 2046 2047 2016
4 2046 2045 2048 2047
4 2047 2048 2049 2016
4 2016 2049 780 778
4 768 790 2050 2017
4 2017 2050 2051 2018
4 2050 2052 2053 2051
4 2051 2053 2020 2018
4 2020 2053 2054 2055
4 2053 2052 2056 2054
4 2054 2056 2057 2058
4 2055 2054 2058 2059
4 2026 2060 2061 2029
4 2060 2062 2063 2061
4 2029 2061 2063 2030
4 2030 2063 791 772
4 800 799 2064 2038
4 2038 2064 2065 2066
4 2064 2067 2068 2065
4 2065 2068 2069 2066
4 2045 2070 2071 2048
4 2070 2072 2073 2071
4 2071 2073 2074 2075
4 2048 2071 2075 2049
4 2049 2075 2076 780
4 2075 2074 2077 2076
4 2076 2077 2078 780
4 780 2078 2079 781
4 781 2079 801 782
4 790 789 818 2050
4 2050 818 822 2052
4 2052 822 2080 2056
4 822 2081 2082 2080
4 2080 2082 2057 2056
4 2062 2083 2084 2063
4 2083 2085 2086 2084
4 2084 2086 2087 2063
4 2063 2087 793 791
4 799 798 833 2064
4 2064 833 836 2067
4 2067 836 2088 2089
4 836 2090 2091 2088
4 2088 2091 2092 2089
4 2078 2093 2094 2079
4 2093 2095 2096 2094
4 2094 2096 2097 2079
4 2079 2097 803 801
4 822 821 2098 2081
4 2081 2098 2099 2100
4 2098 2101 2102 2099
4 2099 2102 2103 2100
4 2085 2104 2105 2086
4 2104 2106 2107 2105
4 2105 2107 2108 2109
4 2086 2105 2109 2087
4 2087 2109 2110 793
4 2109 2108 2111 2110
4 2110 2111 823 793
4 836 835 2112 2090
4 2090 2112 2113 2114
4 2112 2115 2116 2113
4 2113 2116 2117 2114
4 2097 2118 2119 803
4 2118 2120 2121 2119
4 2119 2121 2122 803
4 803 2122 2123 804
4 804 2123 2124 805
4 805 2124 2125 806
4 806 2125 837 808
4 821 820 2126 2098
4 2098 2126 2127 2128
4 2128 2127 2129 2130
4 2098 2128 2130 2101
4 2108 2131 2132 2111
4 2131 2133 825 2132
4 2111 2132 825 823
4 835 834 857 2112
4 2112 857 861 2115
4 2115 861 2134 2135
4 861 2136 2137 2134
4 2134 2137 2138 2135
4 2138 2137 2139 2140
4 2137 2136 2141 2139
4 2139 2141 2142 2143
4 2140 2139 2143 2144
4 2122 2145 2146 2123
4 2145 2147 2148 2146
4 2146 2148 2149 2123
4 2123 2149 2150 2151
4 2151 2150 2152 2153
4 2123 2151 2153 2124
4 2124 2153 2154 2125
4 2153 2152 2155 2154
4 2154 2155 2156 2125
4 2125 2156 839 837
4 820 847 2157 2126
4 2126 2157 2158 2127
4 2157 2159 2160 2158
4 2158 2160 2129 2127
4 2133 2161 2162 825
4 2161 2163 2164 2162
4 2162 2164 2165 825
4 825 2165 2166 826
4 826 2166 848 827
4 861 860 2167 2136
4 2136 2167 2168 2141
4 2167 2169 2170 2168
4 2168 2170 2142 2141
4 2142 2170 2171 2172
4 2170 2169 2173 2171
4 2171 2173 2174 2175
4 2172 2171 2175 2176
4 2152 2177 2178 2155
4 2177 2179 2180 2178
4 2178 2180 2181 2182
4 2155 2178 2182 2156
4 2156 2182 2183 839
4 2182 2181 2184 2183
4 2183 2184 2185 839
4 839 2185 2186 840
4 840 2186 862 841
4 847 846 867 2157
4 2157 867 870 2159
4 2159 870 2187 2188
4 870 2189 2190 2187
4 2187 2190 2191 2188
4 2165 2192 2193 2166
4 2192 2194 2195 2193
4 2193 2195 2196 2166
4 2166 2196 850 848
4 860 859 2197 2167
4 2167 2197 2198 2169
4 2169 2198 2199 2173
4 2198 2200 2201 2199
4 2199 2201 2174 2173
4 2174 2201 2202 2203
4 2201 2200 2204 2202
4 2202 2204 2205 2206
4 2203 2202 2206 2207
4 2181 2208 2209 2184
4 2208 2210 2211 2209
4 2209 2211 2212 2213
4 2184 2209 2213 2185
4 2185 2213 2214 2186
4 2213 2212 2215 2214
4 2214 2215 2216 2186
4 2186 2216 864 862
4 870 869 2217 2218
4 2218 2217 2219 2220
4 870 2218 2220 2189
4 2194 2221 2222 2195
4 2221 2223 2224 2222
4 2195 2222 2224 2196
4 2196 2224 871 850
4 854 889 2225 858
4 858 2225 2226 859
4 859 2226 2227 2197
4 2197 2227 2228 2198
4 2198 2228 2229 2230
4 2230 2229 2231 2232
4 2198 2230 2232 2200
4 2200 2232 2233 2204
4 2232 2231 2234 2233
4 2233 2234 2235 2236
4 2204 2233 2236 2205
4 2205 2236 2237 2238
4 2236 2235 2239 2237
4 2237 2239 2240 2241
4 2238 2237 2241 2242
4 2242 2241 2243 2244
4 2241 2240 2245 2243
4 2243 2245 2246 2247
4 2244 2243 2247 2248
4 2212 2249 2250 2215
4 2249 2251 2252 2250
4 2215 2250 2252 2216
4 2216 2252 890 864
4 869 868 2253 2217
4 868 2254 2255 2253
4 2253 2255 2219 2217
4 2223 2256 2257 2224
4 2256 2258 2259 2257
4 2257 2259 2260 2224
4 2224 2260 873 871
4 889 888 2261 2225
4 2225 2261 2262 2263
4 2263 2262 2264 2265
4 2225 2263 2265 2226
4 2226 2265 2266 2227
4 2265 2264 2267 2266
4 2266 2267 2268 2227
4 2227 2268 2269 2270
4 2270 2269 2271 2272
4 2227 2270 2272 2228
4 2228 2272 2273 2229
4 2272 2271 2274 2273
4 2273 2274 2275 2276
4 2229 2273 2276 2231
4 2251 2277 2278 2252
4 2277 2279 2280 2278
4 2278 2280 2281 2252
4 2252 2281 892 890
4 868 898 2282 2283
4 2283 2282 2284 2285
4 868 2283 2285 2254
4 2286 2287 2288 2289
4 2287 2290 2291 2288
4 2288 2291 2292 2293
4 2289 2288 2293 2258
4 2258 2293 2294 2259
4 2293 2292 2295 2294
4 2259 2294 2295 2260
4 2260 2295 899 873
4 877 904 2296 880
4 880 2296 2297 881
4 881 2297 2298 882
4 882 2298 2299 884
4 884 2299 2300 2301
4 2301 2300 2302 2303
4 884 2301 2303 887
4 887 2303 2304 888
4 2303 2302 2305 2304
4 2304 2305 2306 888
4 888 2306 2307 2308
4 2308 2307 2309 2310
4 888 2308 2310 2261
4 2261 2310 2311 2262
4 2310 2309 2312 2311
4 2311 2312 2313 2314
4 2262 2311 2314 2264
4 2315 2316 2317 2318
4 2316 2319 2320 2317
4 2317 2320 2321 2322
4 2318 2317 2322 2279
4 2279 2322 2323 2280
4 2322 2321 2324 2323
4 2280 2323 2324 2281
4 2281 2324 905 892
4 898 897 2325 2282
4 897 2326 2327 2325
4 2325 2327 2284 2282
4 2290 2328 2329 2291
4 2328 2330 916 2329
4 2291 2329 916 2292
4 2292 916 919 2295
4 2295 919 901 899
4 904 903 2331 2296
4 2296 2331 2332 2333
4 2333 2332 2334 2335
4 2296 2333 2335 2297
4 2297 2335 2336 2298
4 2335 2334 2337 2336
4 2336 2337 2338 2298
4 2298 2338 2339 2340
4 2340 2339 2341 2342
4 2298 2340 2342 2299
4 2299 2342 2343 2300
4 2342 2341 2344 2343
4 2343 2344 2345 2346
4 2300 2343 2346 2302
4 2347 2348 2349 2350
4 2348 2351 928 2349
4 2350 2349 928 2352
4 2352 928 2353 2354
4 928 931 2355 2353
4 2353 2355 2356 2354
4 2356 2355 2357 2358
4 2355 931 934 2357
4 2358 2357 934 2359
4 2359 934 2360 2361
4 934 936 2362 2360
4 2360 2362 2319 2361
4 2319 2362 2363 2320
4 2362 936 939 2363
4 2320 2363 939 2321
4 2321 939 941 2324
4 2324 941 907 905
4 897 915 2364 2365
4 2365 2364 2366 2367
4 897 2365 2367 2326
4 2330 2368 2369 916
4 2368 2370 2371 2369
4 2369 2371 917 916
4 903 927 2372 2373
4 2373 2372 2374 2375
4 903 2373 2375 2331
4 2331 2375 2376 2332
4 2375 2374 2377 2376
4 2376 2377 2378 2379
4 2332 2376 2379 2334
4 2380 2381 2382 2383
4 2381 2384 2385 2382
4 2383 2382 2385 2386
4 2386 2385 2387 2388
4 2385 2389 2390 2387
4 2387 2390 2391 2388
4 2391 2390 2392 2393
4 2390 2389 2394 2392
4 2393 2392 2394 2351
4 2351 2394 929 928
4 915 914 2395 2364
4 914 2396 2397 2395
4 2395 2397 2366 2364
4 2370 2398 2399 2371
4 2398 2400 920 2399
4 2371 2399 920 917
4 927 926 2401 2372
4 926 2402 2403 2401
4 2401 2403 2374 2372
4 2404 2405 2406 2407
4 2405 2408 956 2406
4 2407 2406 956 2409
4 2409 956 2410 2411
4 956 959 2412 2410
4 2410 2412 2413 2411
4 2413 2412 2414 2415
4 2412 959 961 2414
4 2415 2414 961 2384
4 2384 961 963 2385
4 2385 963 965 2389
4 2389 965 967 2394
4 2394 967 932 929
4 910 945 2416 913
4 913 2416 2417 914
4 914 2417 2418 2419
4 2419 2418 2420 2421
4 914 2419 2421 2396
4 2400 2422 2423 920
4 2422 2424 2425 2423
4 2423 2425 946 920
4 923 955 2426 924
4 924 2426 2427 926
4 926 2427 2428 2429
4 2429 2428 2430 2431
4 926 2429 2431 2402
4 2432 2433 2434 2435
4 2433 2436 2437 2434
4 2435 2434 2437 2438
4 2438 2437 2439 2440
4 2437 2441 2442 2439
4 2439 2442 2443 2440
4 2443 2442 2444 2445
4 2442 2441 2446 2444
4 2445 2444 2446 2408
4 2408 2446 957 956
4 945 944 2447 2416
4 2416 2447 2448 2449
4 2449 2448 2450 2451
4 2416 2449 2451 2417
4 2424 2452 2453 2425
4 2452 2454 948 2453
4 2425 2453 948 946
4 955 954 2455 2426
4 2426 2455 2456 2457
4 2457 2456 2458 2459
4 2426 2457 2459 2427
4 2460 2461 2462 2463
4 2461 2464 1002 2462
4 2463 2462 1002 2436
4 2436 1002 1005 2437
4 2437 1005 1010 2441
4 2441 1010 1012 2446
4 2446 1012 960 957
4 944 971 2465 2447
4 2447 2465 2466 2448
4 2465 2467 2468 2466
4 2466 2468 2450 2448
4 2454 2469 2470 948
4 2469 2471 2472 2470
4 2470 2472 972 948
4 954 1001 2473 2455
4 2455 2473 2474 2456
4 2473 2475 2476 2474
4 2474 2476 2458 2456
4 2464 2477 2478 1002
4 2477 2479 2480 2478
4 2478 2480 1003 1002
4 971 970 2481 2465
4 2465 2481 2482 2483
4 2483 2482 2484 2485
4 2465 2483 2485 2467
4 2486 2487 2488 2489
4 2487 2490 2491 2488
4 2488 2491 2492 2493
4 2489 2488 2493 2471
4 2471 2493 2494 2472
4 2493 2492 974 2494
4 2472 2494 974 972
4 1001 1000 2495 2473
4 2473 2495 2496 2497
4 2497 2496 2498 2499
4 2473 2497 2499 2475
4 2500 2501 2502 2503
4 2501 2504 2505 2502
4 2502 2505 2506 2507
4 2503 2502 2507 2479
4 2479 2507 2508 2480
4 2507 2506 1006 2508
4 2480 2508 1006 1003
4 970 1016 2509 2481
4 2481 2509 2510 2482
4 2509 2511 2512 2510
4 2510 2512 2484 2482
4 2490 2513 2514 2491
4 2513 2515 2516 2514
4 2491 2514 2516 2492
4 2492 2516 1017 974
4 979 1029 2517 982
4 982 2517 2518 983
4 983 2518 2519 984
4 984 2519 2520 986
4 986 2520 2521 989
4 989 2521 2522 990
4 990 2522 2523 991
4 991 2523 1030 993
4 1000 1042 2524 2495
4 2495 2524 2525 2496
4 2524 2526 2527 2525
4 2525 2527 2498 2496
4 2504 2528 2529 2505
4 2528 2530 2531 2529
4 2505 2529 2531 2506
4 2506 2531 1043 1006
4 1016 1015 2532 2509
4 2509 2532 2533 2534
4 2534 2533 2535 2536
4 2509 2534 2536 2511
4 2515 2537 2538 2516
4 2537 2539 2540 2538
4 2538 2540 2541 2516
4 2516 2541 1019 1017
4 1029 1028 2542 2517
4 2517 2542 2543 2544
4 2544 2543 2545 2546
4 2517 2544 2546 2518
4 2518 2546 2547 2519
4 2546 2545 2548 2547
4 2547 2548 2549 2519
4 2519 2549 2550 2551
4 2551 2550 2552 2553
4 2519 2551 2553 2520
4 2520 2553 2554 2521
4 2553 2552 2555 2554
4 2554 2555 2556 2521
4 2521 2556 2557 2558
4 2558 2557 2559 2560
4 2521 2558 2560 2522
4 2522 2560 2561 2523
4 2560 2559 2562 2561
4 2561 2562 2563 2523
4 2523 2563 1032 1030
4 1042 1041 2564 2524
4 2524 2564 2565 2566
4 2566 2565 2567 2568
4 2524 2566 2568 2526
4 2530 2569 2570 2531
4 2569 2571 2572 2570
4 2570 2572 2573 2531
4 2531 2573 1045 1043
4 1015 1049 2574 2532
4 2532 2574 2575 2533
4 2574 2576 2577 2575
4 2575 2577 2535 2533
4 2539 2578 2579 2540
4 2578 2580 2581 2579
4 2540 2579 2581 2541
4 2541 2581 1050 1019
4 1021 1055 2582 1022
4 1022 2582 2583 1024
4 1024 2583 2584 2585
4 2585 2584 2586 2587
4 1024 2585 2587 1027
4 1027 2587 2588 1028
4 2587 2586 2589 2588
4 2588 2589 2590 1028
4 1028 2590 2591 2592
4 2592 2591 2593 2594
4 1028 2592 2594 2542
4 2542 2594 2595 2543
4 2594 2593 2596 2595
4 2595 2596 2597 2598
4 2543 2595 2598 2545
4 2559 2599 2600 2562
4 2599 2601 2602 2600
4 2600 2602 2603 2604
4 2562 2600 2604 2563
4 2563 2604 2605 1032
4 2604 2603 2606 2605
4 2605 2606 2607 1032
4 1032 2607 2608 1033
4 1033 2608 1056 1034
4 1041 1065 2609 2564
4 2564 2609 2610 2565
4 2609 2611 2612 2610
4 2610 2612 2567 2565
4 2571 2613 2614 2572
4 2613 2615 2616 2614
4 2572 2614 2616 2573
4 2573 2616 1066 1045
4 1049 1048 2617 2574
4 2574 2617 2618 2619
4 2619 2618 2620 2621
4 2574 2619 2621 2576
4 2580 2622 2623 2581
4 2622 2624 2625 2623
4 2623 2625 2626 2581
4 2581 2626 1052 1050
4 1055 1054 2627 2582
4 2582 2627 2628 2629
4 2629 2628 2630 2631
4 2582 2629 2631 2583
4 2583 2631 2632 2584
4 2631 2630 2633 2632
4 2632 2633 2634 2635
4 2584 2632 2635 2586
4 2603 2636 2637 2606
4 2636 2638 2639 2637
4 2637 2639 2640 2641
4 2606 2637 2641 2607
4 2607 2641 2642 2608
4 2641 2640 2643 2642
4 2642 2643 2644 2608
4 2608 2644 1058 1056
4 1065 1064 2645 2609
4 2609 2645 2646 2647
4 2647 2646 2648 2649
4 2609 2647 2649 2611
4 2615 2650 2651 2616
4 2650 2652 2653 2651
4 2651 2653 2654 2616
4 2616 2654 1068 1066
4 1048 1072 2655 2656
4 2656 2655 2657 2658
4 1048 2656 2658 2617
4 2624 2659 2660 2625
4 2659 2661 2662 2660
4 2625 2660 2662 2626
4 2626 2662 2663 1052
4 1052 2663 2664 2665
4 2665 2664 2666 2667
4 1052 2665 2667 1053
4 1053 2667 2668 1054
4 2667 2666 2669 2668
4 2668 2669 2670 1054
4 1054 2670 2671 2672
4 2672 2671 2673 2674
4 1054 2672 2674 2627
4 2644 2675 2676 1058
4 2675 2677 2678 2676
4 2676 2678 2679 1058
4 1058 2679 2680 1059
4 1059 2680 1073 1060
4 1064 1078 2681 2682
4 2682 2681 2683 2684
4 1064 2682 2684 2645
4 2652 2685 2686 2653
4 2685 2687 2688 2686
4 2653 2686 2688 2654
4 2654 2688 1079 1068
4 1072 1071 2689 2655
4 1071 2690 2691 2689
4 2689 2691 2657 2655
4 2661 2692 2693 2662
4 2692 2694 2695 2693
4 2693 2695 2696 2662
4 2662 2696 2697 2698
4 2698 2697 2699 2700
4 2662 2698 2700 2663
4 2701 2702 2703 2704
4 2702 2705 1086 2703
4 2704 2703 1086 2706
4 2706 1086 2707 2708
4 1086 1089 2709 2707
4 2707 2709 2710 2708
4 2710 2709 2711 2712
4 2709 1089 1094 2711
4 2712 2711 1094 2713
4 2713 1094 2714 2715
4 1094 2716 2717 2714
4 2714 2717 2718 2715
4 2679 2719 2720 2680
4 2719 2721 2722 2720
4 2720 2722 2723 2680
4 2680 2723 1075 1073
4 1078 1077 2724 2681
4 1077 2725 2726 2724
4 2724 2726 2683 2681
4 2687 2727 2728 2688
4 2727 2729 2730 2728
4 2728 2730 2731 2688
4 2688 2731 1081 1079
4 1071 1085 2732 2733
4 2733 2732 2734 2735
4 1071 2733 2735 2690
4 2736 2737 2738 2739
4 2737 2740 2741 2738
4 2738 2741 2742 2743
4 2739 2738 2743 2744
4 2744 2743 2745 2746
4 2743 2742 2747 2745
4 2746 2745 2747 2705
4 2705 2747 1087 1086
4 1094 1093 2748 2716
4 2716 2748 2749 2750
4 2748 2751 2752 2749
4 2749 2752 2753 2750
4 2753 2752 2754 2755
4 2752 2751 2756 2754
4 2754 2756 2757 2758
4 2755 2754 2758 2759
4 2723 2760 2761 1075
4 2760 2762 2763 2761
4 2761 2763 2764 1075
4 1075 2764 2765 1076
4 1076 2765 2766 1077
4 1077 2766 2767 2768
4 2768 2767 2769 2770
4 1077 2768 2770 2725
4 2771 2772 2773 2774
4 2772 2775 2776 2773
4 2773 2776 2777 2778
4 2774 2773 2778 2729
4 2729 2778 2779 2730
4 2778 2777 2780 2779
4 2730 2779 2780 2731
4 2731 2780 1095 1081
4 1085 1084 2781 2732
4 1084 2782 2783 2781
4 2781 2783 2734 2732
4 2784 2785 2786 2787
4 2785 2788 2789 2786
4 2786 2789 2790 2791
4 2787 2786 2791 2792
4 2792 2791 2793 2794
4 2791 2790 1102 2793
4 2794 2793 1102 2795
4 2795 1102 2796 2797
4 1102 1105 2798 2796
4 2796 2798 2740 2797
4 2740 2798 2799 2741
4 2798 1105 1110 2799
4 2741 2799 1110 2742
4 2742 1110 1112 2747
4 2747 1112 1090 1087
4 1093 1092 1118 2748
4 2748 1118 1122 2751
4 2751 1122 2800 2756
4 1122 2801 2802 2800
4 2800 2802 2757 2756
4 2757 2802 2803 2804
4 2802 2801 2805 2803
4 2803 2805 2806 2807
4 2804 2803 2807 2808
4 2764 2809 2810 2765
4 2809 2811 2812 2810
4 2810 2812 2813 2765
4 2765 2813 2814 2815
4 2815 2814 2816 2817
4 2765 2815 2817 2766
4 2766 2817 2818 2767
4 2817 2816 2819 2818
4 2818 2819 2820 2821
4 2767 2818 2821 2769
4 2775 2822 2823 2776
4 2822 2824 1123 2823
4 2776 2823 1123 2777
4 2777 1123 1126 2780
4 2780 1126 1097 1095
4 1084 1101 2825 2826
4 2826 2825 2827 2828
4 1084 2826 2828 2782
4 2829 2830 2831 2832
4 2830 2833 2834 2831
4 2831 2834 2835 2836
4 2832 2831 2836 2837
4 2837 2836 2838 2839
4 2836 2835 2840 2838
4 2839 2838 2840 2841
4 2841 2840 2842 2843
4 2840 2844 2845 2842
4 2842 2845 2788 2843
4 2788 2845 2846 2789
4 2845 2844 2847 2846
4 2789 2846 2847 2790
4 2790 2847 1103 1102
4 1122 1121 2848 2801
4 2801 2848 2849 2805
4 2848 2850 2851 2849
4 2849 2851 2806 2805
4 2806 2851 2852 2853
4 2851 2850 2854 2852
4 2852 2854 2855 2856
4 2853 2852 2856 2857
4 2816 2858 2859 2819
4 2858 2860 2861 2859
4 2859 2861 2862 2863
4 2819 2859 2863 2820
4 2824 2864 2865 1123
4 2864 2866 2867 2865
4 2865 2867 1124 1123
4 1101 1100 2868 2825
4 1100 1134 2869 2868
4 2868 2869 2827 2825
4 2827 2869 2870 2871
4 2869 1134 1137 2870
4 2871 2870 1137 2872
4 2872 1137 2873 2874
4 1137 1139 2875 2873
4 2873 2875 2876 2874
4 2876 2875 2877 2878
4 2875 1139 1141 2877
4 2878 2877 1141 2879
4 2879 1141 2880 2881
4 1141 1143 2882 2880
4 2880 2882 2833 2881
4 2833 2882 2883 2834
4 2882 1143 1146 2883
4 2834 2883 1146 2835
4 2835 1146 1148 2840
4 2840 1148 1150 2844
4 2844 1150 1152 2847
4 2847 1152 1106 1103
4 1121 1120 1163 2848
4 2848 1163 1167 2850
4 2850 1167 2884 2854
4 1167 2885 2886 2884
4 2884 2886 2855 2854
4 2855 2886 2887 2888
4 2886 2885 2889 2887
4 2887 2889 2890 2891
4 2888 2887 2891 2892
4 2866 2893 2894 2867
4 2893 2895 1127 2894
4 2867 2894 1127 1124
4 1167 1166 2896 2885
4 2885 2896 2897 2889
4 2896 2898 2899 2897
4 2897 2899 2890 2889
4 2890 2899 2900 2901
4 2899 2898 2902 2900
4 2901 2900 2902 2903
4 2903 2902 2904 2905
4 2902 2906 2907 2904
4 2904 2907 2908 2905
4 2895 2909 2910 1127
4 2909 2911 2912 2910
4 2910 2912 1168 1127
4 1166 1165 1175 2896
4 2896 1175 1176 2898
4 2898 1176 1178 2902
4 2902 1178 1181 2906
4 2906 1181 2913 2914
4 1181 2915 2916 2913
4 2913 2916 2917 2914
4 2911 2918 2919 2912
4 2918 2920 1170 2919
4 2912 2919 1170 1168
4 1181 1180 2921 2915
4 2915 2921 2922 2923
4 2921 2924 2925 2922
4 2922 2925 2926 2923
4 2920 2927 2928 1170
4 2927 2929 2930 2928
4 2928 2930 1182 1170
4 1180 1179 1189 2921
4 2921 1189 1192 2924
4 2924 1192 2931 2932
4 1192 1194 2933 2931
4 2931 2933 2934 2932
4 2934 2933 2935 2936
4 2933 1194 1196 2935
4 2936 2935 1196 2937
4 2937 1196 2938 2939
4 1196 1198 2940 2938
4 2938 2940 2929 2939
4 2929 2940 2941 2930
4 2940 1198 1184 2941
4 2930 2941 1184 1182
4 1218 1281 2942 1221
4 1221 2942 2943 1222
4 1222 2943 2944 1223
4 1223 2944 2945 1225
4 1225 2945 2946 1228
4 1228 2946 2947 1229
4 1229 2947 2948 1230
4 1230 2948 2949 1232
4 1232 2949 2950 1235
4 1235 2950 2951 1236
4 1236 2951 2952 1237
4 1237 2952 2953 1239
4 1239 2953 2954 1242
4 1242 2954 2955 1243
4 1243 2955 2956 1244
4 1244 2956 1282 1246
4 1281 1280 2957 2942
4 2942 2957 2958 2943
4 2943 2958 2959 2944
4 2944 2959 2960 2961
4 2961 2960 2962 2963
4 2944 2961 2963 2945
4 2945 2963 2964 2946
4 2963 2962 2965 2964
4 2964 2965 2966 2946
4 2946 2966 2967 2968
4 2968 2967 2969 2970
4 2946 2968 2970 2947
4 2947 2970 2971 2948
4 2970 2969 2972 2971
4 2971 2972 2973 2948
4 2948 2973 2974 2975
4 2975 2974 2976 2977
4 2948 2975 2977 2949
4 2949 2977 2978 2950
4 2977 2976 2979 2978
4 2978 2979 2980 2950
4 2950 2980 2981 2982
4 2982 2981 2983 2984
4 2950 2982 2984 2951
4 2951 2984 2985 2952
4 2984 2983 2986 2985
4 2985 2986 2987 2952
4 2952 2987 2988 2989
4 2989 2988 2990 2991
4 2952 2989 2991 2953
4 2953 2991 2992 2954
4 2991 2990 2993 2992
4 2992 2993 2994 2954
4 2954 2994 2995 2996
4 2996 2995 2997 2998
4 2954 2996 2998 2955
4 2955 2998 2999 2956
4 2998 2997 3000 2999
4 2999 3000 3001 2956
4 2956 3001 1284 1282
4 1252 1296 3002 3003
4 3003 3002 3004 3005
4 1252 3003 3005 1253
4 1253 3005 3006 1255
4 3005 3004 3007 3006
4 3006 3007 3008 1255
4 1255 3008 3009 3010
4 3010 3009 3011 3012
4 1255 3010 3012 1258
4 1258 3012 3013 1259
4 3012 3011 3014 3013
4 3013 3014 3015 1259
4 1259 3015 3016 3017
4 3017 3016 3018 3019
4 1259 3017 3019 1260
4 1260 3019 3020 1262
4 3019 3018 3021 3020
4 3020 3021 3022 1262
4 1262 3022 3023 3024
4 3024 3023 3025 3026
4 1262 3024 3026 1265
4 1265 3026 3027 1266
4 3026 3025 3028 3027
4 3027 3028 3029 1266
4 1266 3029 3030 3031
4 3031 3030 3032 3033
4 1266 3031 3033 1267
4 1267 3033 3034 1269
4 3033 3032 3035 3034
4 3034 3035 3036 1269
4 1269 3036 3037 3038
4 3038 3037 3039 3040
4 1269 3038 3040 1272
4 1272 3040 3041 1273
4 3040 3039 3042 3041
4 3041 3042 3043 1273
4 1273 3043 3044 3045
4 3045 3044 3046 3047
4 1273 3045 3047 1274
4 1274 3047 3048 1276
4 3047 3046 3049 3048
4 3048 3049 3050 1276
4 1276 3050 3051 3052
4 3052 3051 3053 3054
4 1276 3052 3054 1279
4 1279 3054 3055 1280
4 3054 3053 3056 3055
4 3055 3056 3057 1280
4 1280 3057 3058 3059
4 3059 3058 3060 3061
4 1280 3059 3061 2957
4 2957 3061 3062 2958
4 3061 3060 3063 3062
4 3062 3063 3064 2958
4 2958 3064 3065 3066
4 3066 3065 3067 3068
4 2958 3066 3068 2959
4 3069 3070 3071 3072
4 3073 3074 3071 3070
4 3075 3072 3071 3074
4 3075 3076 3077 3072
4 2962 2960 3077 3076
4 2959 3068 3077 2960
4 3067 3078 3077 3068
4 3069 3072 3077 3078
4 3075 3074 3079 3080
4 3073 3081 3079 3074
4 3082 3083 3079 3081
4 3084 3080 3079 3083
4 3084 3085 3086 3080
4 2966 2965 3086 3085
4 2962 3076 3086 2965
4 3075 3080 3086 3076
4 3084 3083 3087 3088
4 3082 3089 3087 3083
4 3090 3091 3087 3089
4 3092 3088 3087 3091
4 3092 3093 3094 3088
4 2969 2967 3094 3093
4 2966 3085 3094 2967
4 3084 3088 3094 3085
4 3092 3091 3095 3096
4 3090 3097 3095 3091
4 3098 3099 3095 3097
4 3100 3096 3095 3099
4 3100 3101 3102 3096
4 2973 2972 3102 3101
4 2969 3093 3102 2972
4 3092 3096 3102 3093
4 3100 3099 3103 3104
4 3098 3105 3103 3099
4 3106 3107 3103 3105
4 3108 3104 3103 3107
4 3108 3109 3110 3104
4 2976 2974 3110 3109
4 2973 3101 3110 2974
4 3100 3104 3110 3101
4 3108 3107 3111 3112
4 3106 3113 3111 3107
4 3114 3115 3111 3113
4 3116 3112 3111 3115
4 3116 3117 3118 3112
4 2980 2979 3118 3117
4 2976 3109 3118 2979
4 3108 3112 3118 3109
4 3116 3115 3119 3120
4 3114 3121 3119 3115
4 3122 3123 3119 3121
4 3124 3120 3119 3123
4 3124 3125 3126 3120
4 2983 2981 3126 3125
4 2980 3117 3126 2981
4 3116 3120 3126 3117
4 3124 3123 3127 3128
4 3122 3129 3127 3123
4 3130 3131 3127 3129
4 3132 3128 3127 3131
4 3132 3133 3134 3128
4 2987 2986 3134 3133
4 2983 3125 3134 2986
4 3124 3128 3134 3125
4 3132 3131 3135 3136
4 3130 3137 3135 3131
4 3138 3139 3135 3137
4 3140 3136 3135 3139
4 3140 3141 3142 3136
4 2990 2988 3142 3141
4 2987 3133 3142 2988
4 3132 3136 3142 3133
4 3140 3139 3143 3144
4 3138 3145 3143 3139
4 3146 3147 3143 3145
4 3148 3144 3143 3147
4 3148 3149 3150 3144
4 2994 2993 3150 3149
4 2990 3141 3150 2993
4 3140 3144 3150 3141
4 3148 3147 3151 3152
4 3146 3153 3151 3147
4 3154 3155 3151 3153
4 3156 3157 3151 3155
4 3158 3152 3151 3157
4 3156 3159 3160 3157
4 2997 3161 3160 3159
4 3162 3163 3160 3161
4 3158 3157 3160 3163
4 3162 3164 3165 3163
4 2994 3149 3165 3164
4 3148 3152 3165 3149
4 3158 3163 3165 3152
4 3156 3155 3166 3167
4 3154 3168 3166 3155
4 3169 3167 3166 3168
4 3169 3170 3171 3167
4 3172 3173 3171 3170
4 3001 3000 3171 3173
4 2997 3159 3171 3000
4 3156 3167 3171 3159
4 3001 3173 3174 1284
4 3173 3172 3175 3174
4 3174 3175 3176 1284
4 1284 3176 3177 1285
4 1285 3177 1297 1286
4 1296 1295 3178 3002
4 1295 3179 3180 3178
4 3178 3180 3004 3002
4 3181 3182 3183 3184
4 3179 3185 3183 3182
4 3186 3187 3183 3185
4 3188 3184 3183 3187
4 3186 3189 3190 3187
4 3191 3192 3190 3189
4 3193 3194 3190 3192
4 3188 3187 3190 3194
4 3193 3195 3196 3194
4 3008 3197 3196 3195
4 3198 3199 3196 3197
4 3188 3194 3196 3199
4 3198 3200 3201 3199
4 3004 3202 3201 3200
4 3181 3184 3201 3202
4 3188 3199 3201 3184
4 3193 3192 3203 3204
4 3191 3205 3203 3192
4 3206 3207 3203 3205
4 3208 3204 3203 3207
4 3208 3209 3210 3204
4 3011 3009 3210 3209
4 3008 3195 3210 3009
4 3193 3204 3210 3195
4 3208 3207 3211 3212
4 3206 3213 3211 3207
4 3214 3215 3211 3213
4 3216 3212 3211 3215
4 3216 3217 3218 3212
4 3015 3014 3218 3217
4 3011 3209 3218 3014
4 3208 3212 3218 3209
4 3216 3215 3219 3220
4 3214 3221 3219 3215
4 3222 3223 3219 3221
4 3224 3220 3219 3223
4 3224 3225 3226 3220
4 3018 3016 3226 3225
4 3015 3217 3226 3016
4 3216 3220 3226 3217
4 3224 3223 3227 3228
4 3222 3229 3227 3223
4 3230 3231 3227 3229
4 3232 3228 3227 3231
4 3232 3233 3234 3228
4 3022 3021 3234 3233
4 3018 3225 3234 3021
4 3224 3228 3234 3225
4 3232 3231 3235 3236
4 3230 3237 3235 3231
4 3238 3239 3235 3237
4 3240 3236 3235 3239
4 3240 3241 3242 3236
4 3025 3023 3242 3241
4 3022 3233 3242 3023
4 3232 3236 3242 3233
4 3240 3239 3243 3244
4 3238 3245 3243 3239
4 3246 3247 3243 3245
4 3248 3244 3243 3247
4 3248 3249 3250 3244
4 3029 3028 3250 3249
4 3025 3241 3250 3028
4 3240 3244 3250 3241
4 3248 3247 3251 3252
4 3246 3253 3251 3247
4 3254 3255 3251 3253
4 3256 3252 3251 3255
4 3256 3257 3258 3252
4 3032 3030 3258 3257
4 3029 3249 3258 3030
4 3248 3252 3258 3249
4 3256 3255 3259 3260
4 3254 3261 3259 3255
4 3262 3263 3259 3261
4 3264 3260 3259 3263
4 3264 3265 3266 3260
4 3036 3035 3266 3265
4 3032 3257 3266 3035
4 3256 3260 3266 3257
4 3264 3263 3267 3268
4 3262 3269 3267 3263
4 3270 3271 3267 3269
4 3272 3268 3267 3271
4 3272 3273 3274 3268
4 3039 3037 3274 3273
4 3036 3265 3274 3037
4 3264 3268 3274 3265
4 3272 3271 3275 3276
4 3270 3277 3275 3271
4 3278 3279 3275 3277
4 3280 3276 3275 3279
4 3280 3281 3282 3276
4 3043 3042 3282 3281
4 3039 3273 3282 3042
4 3272 3276 3282 3273
4 3280 3279 3283 3284
4 3278 3285 3283 3279
4 3286 3287 3283 3285
4 3288 3284 3283 3287
4 3288 3289 3290 3284
4 3046 3044 3290 3289
4 3043 3281 3290 3044
4 3280 3284 3290 3281
4 3288 3287 3291 3292
4 3286 3293 3291 3287
4 3294 3295 3291 3293
4 3296 3292 3291 3295
4 3296 3297 3298 3292
4 3050 3049 3298 3297
4 3046 3289 3298 3049
4 3288 3292 3298 3289
4 3296 3295 3299 3300
4 3294 3301 3299 3295
4 3302 3303 3299 3301
4 3304 3300 3299 3303
4 3304 3305 3306 3300
4 3053 3051 3306 3305
4 3050 3297 3306 3051
4 3296 3300 3306 3297
4 3304 3303 3307 3308
4 3302 3309 3307 3303
4 3310 3311 3307 3309
4 3312 3308 3307 3311
4 3312 3313 3314 3308
4 3057 3056 3314 3313
4 3053 3305 3314 3056
4 3304 3308 3314 3305
4 3312 3311 3315 3316
4 3310 3317 3315 3311
4 3318 3319 3315 3317
4 3320 3316 3315 3319
4 3320 3321 3322 3316
4 3060 3058 3322 3321
4 3057 3313 3322 3058
4 3312 3316 3322 3313
4 3320 3319 3323 3324
4 3318 3325 3323 3319
4 3326 3327 3323 3325
4 3328 3324 3323 3327
4 3328 3329 3330 3324
4 3064 3063 3330 3329
4 3060 3321 3330 3063
4 3320 3324 3330 3321
4 3328 3327 3331 3332
4 3326 3333 3331 3327
4 3334 3335 3331 3333
4 3336 3332 3331 3335
4 3336 3337 3338 3332
4 3067 3065 3338 3337
4 3064 3329 3338 3065
4 3328 3332 3338 3329
4 3336 3335 3339 3340
4 3334 3341 3339 3335
4 3342 3343 3339 3341
4 3073 3070 3339 3343
4 3069 3340 3339 3070
4 3069 3078 3344 3340
4 3067 3337 3344 3078
4 3336 3340 3344 3337
4 3073 3343 3345 3081
4 3343 3342 3346 3345
4 3345 3346 3347 3348
4 3081 3345 3348 3082
4 3082 3348 3349 3089
4 3348 3347 1306 3349
4 3089 3349 1306 3090
4 3090 1306 3350 3097
4 1306 1309 3351 3350
4 3350 3351 3098 3097
4 3098 3351 3352 3105
4 3351 1309 1314 3352
4 3105 3352 1314 3106
4 3106 1314 3353 3113
4 1314 1316 3354 3353
4 3353 3354 3114 3113
4 3114 3354 3355 3121
4 3354 1316 1318 3355
4 3121 3355 1318 3122
4 3122 1318 3356 3129
4 1318 1320 3357 3356
4 3356 3357 3130 3129
4 3130 3357 3358 3137
4 3357 1320 1323 3358
4 3137 3358 1323 3138
4 3138 1323 3359 3145
4 1323 3360 3361 3359
4 3359 3361 3146 3145
4 3146 3361 3362 3153
4 3361 3360 3363 3362
4 3362 3363 3364 3365
4 3153 3362 3365 3154
4 3366 3367 3368 3369
4 3370 3371 3368 3367
4 3172 3170 3368 3371
4 3169 3369 3368 3170
4 3169 3168 3372 3369
4 3154 3365 3372 3168
4 3364 3373 3372 3365
4 3366 3369 3372 3373
4 3172 3371 3374 3175
4 3371 3370 3375 3374
4 3374 3375 3376 3377
4 3175 3374 3377 3176
4 3176 3377 3378 3177
4 3377 3376 3379 3378
4 3378 3379 3380 3177
4 3177 3380 1299 1297
4 1292 1305 3381 1293
4 1293 3381 3382 1295
4 1295 3382 3383 3384
4 3384 3383 3385 3386
4 1295 3384 3386 3179
4 3387 3388 3389 3390
4 3391 3392 3389 3388
4 3191 3189 3389 3392
4 3186 3390 3389 3189
4 3186 3185 3393 3390
4 3179 3386 3393 3185
4 3385 3394 3393 3386
4 3387 3390 3393 3394
4 3191 3392 3395 3205
4 3392 3391 3396 3395
4 3205 3395 3396 3206
4 3206 3396 3397 3213
4 3396 3398 3399 3397
4 3397 3399 3214 3213
4 3214 3399 3400 3221
4 3399 3398 3401 3400
4 3221 3400 3401 3222
4 3222 3401 3402 3229
4 3401 3403 3404 3402
4 3402 3404 3230 3229
4 3230 3404 3405 3237
4 3404 3403 3406 3405
4 3237 3405 3406 3238
4 3238 3406 3407 3245
4 3406 3408 3409 3407
4 3407 3409 3246 3245
4 3246 3409 3410 3253
4 3409 3408 3411 3410
4 3253 3410 3411 3254
4 3254 3411 3412 3261
4 3411 3413 3414 3412
4 3412 3414 3262 3261
4 3262 3414 3415 3269
4 3414 3413 3416 3415
4 3269 3415 3416 3270
4 3270 3416 3417 3277
4 3416 3418 3419 3417
4 3417 3419 3278 3277
4 3278 3419 3420 3285
4 3419 3418 3421 3420
4 3285 3420 3421 3286
4 3286 3421 3422 3293
4 3421 3423 3424 3422
4 3422 3424 3294 3293
4 3294 3424 3425 3301
4 3424 3423 3426 3425
4 3301 3425 3426 3302
4 3302 3426 3427 3309
4 3426 3428 3429 3427
4 3427 3429 3310 3309
4 3310 3429 3430 3317
4 3429 3428 3431 3430
4 3317 3430 3431 3318
4 3318 3431 3432 3325
4 3431 3433 3434 3432
4 3432 3434 3326 3325
4 3326 3434 3435 3333
4 3434 3433 3436 3435
4 3333 3435 3436 3334
4 3334 3436 3437 3341
4 3436 3438 3439 3437
4 3437 3439 3342 3341
4 3342 3439 3440 3346
4 3439 3438 3441 3440
4 3346 3440 3441 3347
4 3347 3441 1307 1306
4 1323 1322 3442 3360
4 3360 3442 3443 3363
4 3442 3444 3445 3443
4 3443 3445 3364 3363
4 3446 3447 3448 3449
4 3370 3367 3448 3447
4 3366 3449 3448 3367
4 3366 3373 3450 3449
4 3364 3445 3450 3373
4 3444 3451 3450 3445
4 3452 3453 3450 3451
4 3446 3449 3450 3453
4 3446 3453 3454 3455
4 3452 3456 3454 3453
4 3457 3455 3454 3456
4 3457 3458 3459 3455
4 3460 3461 3459 3458
4 3376 3375 3459 3461
4 3370 3447 3459 3375
4 3446 3455 3459 3447
4 3376 3461 3462 3379
4 3461 3460 3463 3462
4 3462 3463 3464 3465
4 3379 3462 3465 3380
4 3380 3465 3466 1299
4 3465 3464 3467 3466
4 3466 3467 1324 1299
4 1305 1304 3468 3381
4 3381 3468 3469 3470
4 3470 3469 3471 3472
4 3381 3470 3472 3382
4 3382 3472 3473 3383
4 3472 3471 3474 3473
4 3473 3474 3475 3476
4 3383 3473 3476 3385
4 3477 3478 3479 3480
4 3481 3482 3479 3478
4 3391 3388 3479 3482
4 3387 3480 3479 3388
4 3387 3394 3483 3480
4 3385 3476 3483 3394
4 3475 3484 3483 3476
4 3477 3480 3483 3484
4 3391 3482 3485 3396
4 3482 3481 3486 3485
4 3485 3486 3487 3396
4 3396 3487 1333 3398
4 3398 1333 1336 3401
4 3401 1336 1341 3403
4 3403 1341 1343 3406
4 3406 1343 1345 3408
4 3408 1345 1347 3411
4 3411 1347 1350 3413
4 3413 1350 1352 3416
4 3416 1352 1354 3418
4 3418 1354 1356 3421
4 3421 1356 1359 3423
4 3423 1359 1361 3426
4 3426 1361 1363 3428
4 3428 1363 1365 3431
4 3431 1365 1368 3433
4 3433 1368 1370 3436
4 3436 1370 1372 3438
4 3438 1372 1374 3441
4 3441 1374 1310 1307
4 1322 1321 1382 3442
4 3442 1382 1385 3444
4 3444 1385 3488 3451
4 1385 3489 3490 3488
4 3488 3490 3452 3451
4 3491 3492 3493 3494
4 3460 3458 3493 3492
4 3457 3494 3493 3458
4 3457 3456 3495 3494
4 3452 3490 3495 3456
4 3489 3496 3495 3490
4 3497 3498 3495 3496
4 3491 3494 3495 3498
4 3491 3498 3499 3500
4 3497 3501 3499 3498
4 3502 3500 3499 3501
4 3502 3503 3504 3500
4 3505 3506 3504 3503
4 3464 3463 3504 3506
4 3460 3492 3504 3463
4 3491 3500 3504 3492
4 3464 3506 3507 3467
4 3506 3505 1326 3507
4 3467 3507 1326 1324
4 1304 1332 3508 3468
4 3468 3508 3509 3469
4 3508 3510 3511 3509
4 3509 3511 3471 3469
4 3512 3513 3514 3515
4 3516 3517 3514 3513
4 3518 3515 3514 3517
4 3518 3519 3520 3515
4 3475 3474 3520 3519
4 3471 3511 3520 3474
4 3510 3521 3520 3511
4 3512 3515 3520 3521
4 3518 3517 3522 3523
4 3516 3524 3522 3517
4 3525 3526 3522 3524
4 3481 3478 3522 3526
4 3477 3523 3522 3478
4 3477 3484 3527 3523
4 3475 3519 3527 3484
4 3518 3523 3527 3519
4 3481 3526 3528 3486
4 3526 3525 3529 3528
4 3486 3528 3529 3487
4 3487 3529 1334 1333
4 1385 1384 3530 3489
4 3489 3530 3531 3496
4 3530 3532 3533 3531
4 3531 3533 3497 3496
4 3534 3535 3536 3537
4 3538 3539 3536 3535
4 3505 3503 3536 3539
4 3502 3537 3536 3503
4 3502 3501 3540 3537
4 3497 3533 3540 3501
4 3532 3541 3540 3533
4 3534 3537 3540 3541
4 3505 3539 3542 1326
4 3539 3538 3543 3542
4 3542 3543 3544 1326
4 1326 3544 3545 1327
4 1327 3545 1386 1328
4 1332 1331 3546 3508
4 3508 3546 3547 3548
4 3548 3547 3549 3550
4 3508 3548 3550 3510
4 3551 3552 3553 3554
4 3555 3556 3553 3552
4 3516 3513 3553 3556
4 3512 3554 3553 3513
4 3512 3521 3557 3554
4 3510 3550 3557 3521
4 3549 3558 3557 3550
4 3551 3554 3557 3558
4 3516 3556 3559 3524
4 3556 3555 1397 3559
4 3524 3559 1397 3525
4 3525 1397 1400 3529
4 3529 1400 1337 1334
4 1384 1383 3560 3530
4 3530 3560 3561 3562
4 3562 3561 3563 3564
4 3530 3562 3564 3532
4 3565 3566 3567 3568
4 3538 3535 3567 3566
4 3534 3568 3567 3535
4 3534 3541 3569 3568
4 3532 3564 3569 3541
4 3563 3570 3569 3564
4 3571 3572 3569 3570
4 3565 3568 3569 3572
4 3565 3572 3573 3574
4 3571 3575 3573 3572
4 3576 3574 3573 3575
4 3576 3577 3578 3574
4 3579 3580 3578 3577
4 3544 3543 3578 3580
4 3538 3566 3578 3543
4 3565 3574 3578 3566
4 3544 3580 3581 3545
4 3580 3579 3582 3581
4 3581 3582 3583 3545
4 3545 3583 1388 1386
4 1331 1396 3584 3585
4 3585 3584 3586 3587
4 1331 3585 3587 3546
4 3546 3587 3588 3547
4 3587 3586 3589 3588
4 3588 3589 3590 3591
4 3547 3588 3591 3549
4 3592 3593 3594 3595
4 3596 3597 3594 3593
4 3555 3552 3594 3597
4 3551 3595 3594 3552
4 3551 3558 3598 3595
4 3549 3591 3598 3558
4 3590 3599 3598 3591
4 3592 3595 3598 3599
4 3555 3597 3600 1397
4 3597 3596 3601 3600
4 3600 3601 1398 1397
4 1383 1410 3602 3560
4 3560 3602 3603 3561
4 3602 3604 3605 3603
4 3603 3605 3563 3561
4 3563 3605 3606 3570
4 3605 3604 3607 3606
4 3606 3607 3608 3609
4 3570 3606 3609 3571
4 3610 3611 3612 3613
4 3614 3615 3612 3611
4 3579 3577 3612 3615
4 3576 3613 3612 3577
4 3576 3575 3616 3613
4 3571 3609 3616 3575
4 3608 3617 3616 3609
4 3610 3613 3616 3617
4 3579 3615 3618 3582
4 3615 3614 3619 3618
4 3618 3619 3620 3621
4 3582 3618 3621 3583
4 3583 3621 3622 1388
4 3621 3620 3623 3622
4 3622 3623 3624 1388
4 1388 3624 3625 1389
4 1389 3625 1411 1390
4 1396 1395 3626 3584
4 1395 3627 3628 3626
4 3626 3628 3586 3584
4 3629 3630 3631 3632
4 3633 3634 3631 3630
4 3635 3632 3631 3634
4 3635 3636 3637 3632
4 3590 3589 3637 3636
4 3586 3628 3637 3589
4 3627 3638 3637 3628
4 3629 3632 3637 3638
4 3635 3634 3639 3640
4 3633 3641 3639 3634
4 3642 3643 3639 3641
4 3596 3593 3639 3643
4 3592 3640 3639 3593
4 3592 3599 3644 3640
4 3590 3636 3644 3599
4 3635 3640 3644 3636
4 3596 3643 3645 3601
4 3643 3642 1401 3645
4 3601 3645 1401 1398
4 1410 1409 1433 3602
4 3602 1433 1437 3604
4 3604 1437 3646 3607
4 1437 3647 3648 3646
4 3646 3648 3608 3607
4 3649 3650 3651 3652
4 3614 3611 3651 3650
4 3610 3652 3651 3611
4 3610 3617 3653 3652
4 3608 3648 3653 3617
4 3647 3654 3653 3648
4 3655 3656 3653 3654
4 3649 3652 3653 3656
4 3649 3656 3657 3658
4 3655 3659 3657 3656
4 3660 3658 3657 3659
4 3660 3661 3662 3658
4 3663 3664 3662 3661
4 3620 3619 3662 3664
4 3614 3650 3662 3619
4 3649 3658 3662 3650
4 3620 3664 3665 3623
4 3664 3663 3666 3665
4 3665 3666 3667 3668
4 3623 3665 3668 3624
4 3624 3668 3669 3625
4 3668 3667 3670 3669
4 3669 3670 3671 3625
4 3625 3671 1413 1411
4 1395 1423 3672 3673
4 3673 3672 3674 3675
4 1395 3673 3675 3627
4 3676 3677 3678 3679
4 3680 3681 3678 3677
4 3633 3630 3678 3681
4 3629 3679 3678 3630
4 3629 3638 3682 3679
4 3627 3675 3682 3638
4 3674 3683 3682 3675
4 3676 3679 3682 3683
4 3633 3681 3684 3641
4 3681 3680 3685 3684
4 3641 3684 3685 3642
4 3642 3685 1424 1401
4 1437 1436 3686 3647
4 3647 3686 3687 3654
4 3686 3688 3689 3687
4 3687 3689 3655 3654
4 3690 3691 3692 3693
4 3663 3661 3692 3691
4 3660 3693 3692 3661
4 3660 3659 3694 3693
4 3655 3689 3694 3659
4 3688 3695 3694 3689
4 3696 3697 3694 3695
4 3690 3693 3694 3697
4 3690 3697 3698 3699
4 3696 3700 3698 3697
4 3701 3699 3698 3700
4 3701 3702 3703 3699
4 3704 3705 3703 3702
4 3667 3666 3703 3705
4 3663 3691 3703 3666
4 3690 3699 3703 3691
4 3667 3705 3706 3670
4 3705 3704 3707 3706
4 3670 3706 3707 3671
4 3671 3707 1438 1413
4 1423 1422 3708 3672
4 1422 3709 3710 3708
4 3708 3710 3674 3672
4 3711 3712 3713 3714
4 3715 3716 3713 3712
4 3680 3677 3713 3716
4 3676 3714 3713 3677
4 3676 3683 3717 3714
4 3674 3710 3717 3683
4 3709 3718 3717 3710
4 3711 3714 3717 3718
4 3680 3716 3719 3685
4 3716 3715 3720 3719
4 3719 3720 3721 3685
4 3685 3721 1426 1424
4 1436 1435 1465 3686
4 3686 1465 1469 3688
4 3688 1469 3722 3695
4 1469 3723 3724 3722
4 3722 3724 3696 3695
4 3725 3726 3727 3728
4 3729 3730 3727 3726
4 3704 3702 3727 3730
4 3701 3728 3727 3702
4 3701 3700 3731 3728
4 3696 3724 3731 3700
4 3723 3732 3731 3724
4 3725 3728 3731 3732
4 3704 3730 3733 3707
4 3730 3729 3734 3733
4 3733 3734 3735 3707
4 3707 3735 1440 1438
4 1418 1455 3736 1421
4 1421 3736 3737 1422
4 1422 3737 3738 3739
4 3739 3738 3740 3741
4 1422 3739 3741 3709
4 3742 3743 3744 3745
4 3746 3747 3744 3743
4 3715 3712 3744 3747
4 3711 3745 3744 3712
4 3711 3718 3748 3745
4 3709 3741 3748 3718
4 3740 3749 3748 3741
4 3742 3745 3748 3749
4 3715 3747 3750 3720
4 3747 3746 3751 3750
4 3720 3750 3751 3721
4 3721 3751 1456 1426
4 1469 1468 3752 3753
4 3753 3752 3754 3755
4 1469 3753 3755 3723
4 3756 3757 3758 3759
4 3729 3726 3758 3757
4 3725 3759 3758 3726
4 3725 3732 3760 3759
4 3723 3755 3760 3732
4 3754 3761 3760 3755
4 3762 3763 3760 3761
4 3756 3759 3760 3763
4 3756 3763 3764 3765
4 3762 3766 3764 3763
4 3767 3765 3764 3766
4 3767 3768 3769 3765
4 3770 3771 3769 3768
4 3735 3734 3769 3771
4 3729 3757 3769 3734
4 3756 3765 3769 3757
4 3735 3771 3772 1440
4 3771 3770 3773 3772
4 3772 3773 3774 1440
4 1440 3774 3775 1441
4 1441 3775 1470 1442
4 1455 1454 3776 3736
4 3736 3776 3777 3778
4 3778 3777 3779 3780
4 3736 3778 3780 3737
4 3781 3782 3783 3784
4 3785 3786 3783 3782
4 3787 3784 3783 3786
4 3787 3788 3789 3784
4 3740 3738 3789 3788
4 3737 3780 3789 3738
4 3779 3790 3789 3780
4 3781 3784 3789 3790
4 3787 3786 3791 3792
4 3785 3793 3791 3786
4 3794 3795 3791 3793
4 3746 3743 3791 3795
4 3742 3792 3791 3743
4 3742 3749 3796 3792
4 3740 3788 3796 3749
4 3787 3792 3796 3788
4 3746 3795 3797 3751
4 3795 3794 3798 3797
4 3797 3798 3799 3751
4 3751 3799 1458 1456
4 1468 1467 3800 3752
4 1467 3801 3802 3800
4 3800 3802 3754 3752
4 3754 3802 3803 3761
4 3802 3801 3804 3803
4 3803 3804 3805 3806
4 3761 3803 3806 3762
4 3807 3808 3809 3810
4 3811 3812 3809 3808
4 3770 3768 3809 3812
4 3767 3810 3809 3768
4 3767 3766 3813 3810
4 3762 3806 3813 3766
4 3805 3814 3813 3806
4 3807 3810 3813 3814
4 3770 3812 3815 3773
4 3812 3811 3816 3815
4 3815 3816 3817 3818
4 3773 3815 3818 3774
4 3774 3818 3819 3775
4 3818 3817 3820 3819
4 3819 3820 3821 3775
4 3775 3821 1472 1470
4 1454 1500 3822 3776
4 3776 3822 3823 3777
4 3822 3824 3825 3823
4 3823 3825 3779 3777
4 3826 3827 3828 3829
4 3830 3831 3828 3827
4 3785 3782 3828 3831
4 3781 3829 3828 3782
4 3781 3790 3832 3829
4 3779 3825 3832 3790
4 3824 3833 3832 3825
4 3826 3829 3832 3833
4 3785 3831 3834 3793
4 3831 3830 3835 3834
4 3834 3835 3836 3837
4 3793 3834 3837 3794
4 3794 3837 3838 3798
4 3837 3836 3839 3838
4 3798 3838 3839 3799
4 3799 3839 1501 1458
4 1467 1508 3840 3801
4 3801 3840 3841 3804
4 3840 3842 3843 3841
4 3841 3843 3805 3804
4 3844 3845 3846 3847
4 3811 3808 3846 3845
4 3807 3847 3846 3808
4 3807 3814 3848 3847
4 3805 3843 3848 3814
4 3842 3849 3848 3843
4 3850 3851 3848 3849
4 3844 3847 3848 3851
4 3844 3851 3852 3853
4 3850 3854 3852 3851
4 3855 3853 3852 3854
4 3855 3856 3857 3853
4 3858 3859 3857 3856
4 3817 3816 3857 3859
4 3811 3845 3857 3816
4 3844 3853 3857 3845
4 3817 3859 3860 3820
4 3859 3858 3861 3860
4 3860 3861 3862 3863
4 3820 3860 3863 3821
4 3821 3863 3864 1472
4 3863 3862 3865 3864
4 3864 3865 1509 1472
4 1476 1535 3866 1479
4 1479 3866 3867 1480
4 1480 3867 3868 1481
4 1481 3868 3869 1483
4 1483 3869 3870 1486
4 1486 3870 3871 1487
4 1487 3871 3872 1488
4 1488 3872 1536 1490
4 1500 1499 3873 3822
4 3822 3873 3874 3875
4 3875 3874 3876 3877
4 3822 3875 3877 3824
4 3878 3879 3880 3881
4 3882 3883 3880 3879
4 3830 3827 3880 3883
4 3826 3881 3880 3827
4 3826 3833 3884 3881
4 3824 3877 3884 3833
4 3876 3885 3884 3877
4 3878 3881 3884 3885
4 3830 3883 3886 3835
4 3883 3882 1549 3886
4 3835 3886 1549 3836
4 3836 1549 1552 3839
4 3839 1552 1503 1501
4 1508 1507 1555 3840
4 3840 1555 1558 3842
4 3842 1558 3887 3849
4 1558 3888 3889 3887
4 3887 3889 3850 3849
4 3890 3891 3892 3893
4 3858 3856 3892 3891
4 3855 3893 3892 3856
4 3855 3854 3894 3893
4 3850 3889 3894 3854
4 3888 3895 3894 3889
4 3896 3897 3894 3895
4 3890 3893 3894 3897
4 3890 3897 3898 3899
4 3896 3900 3898 3897
4 3901 3899 3898 3900
4 3901 3902 3903 3899
4 3904 3905 3903 3902
4 3862 3861 3903 3905
4 3858 3891 3903 3861
4 3890 3899 3903 3891
4 3862 3905 3906 3865
4 3905 3904 1511 3906
4 3865 3906 1511 1509
4 1535 1534 3907 3866
4 3866 3907 3908 3909
4 3909 3908 3910 3911
4 3866 3909 3911 3867
4 3867 3911 3912 3868
4 3911 3910 3913 3912
4 3912 3913 3914 3868
4 3868 3914 3915 3916
4 3916 3915 3917 3918
4 3868 3916 3918 3869
4 3869 3918 3919 3870
4 3918 3917 3920 3919
4 3919 3920 3921 3870
4 3870 3921 3922 3923
4 3923 3922 3924 3925
4 3870 3923 3925 3871
4 3871 3925 3926 3872
4 3925 3924 3927 3926
4 3926 3927 3928 3872
4 3872 3928 1538 1536
4 1499 1548 3929 3930
4 3930 3929 3931 3932
4 1499 3930 3932 3873
4 3933 3934 3935 3936
4 3937 3938 3935 3934
4 3939 3936 3935 3938
4 3939 3940 3941 3936
4 3876 3874 3941 3940
4 3873 3932 3941 3874
4 3931 3942 3941 3932
4 3933 3936 3941 3942
4 3939 3938 3943 3944
4 3937 3945 3943 3938
4 3946 3947 3943 3945
4 3882 3879 3943 3947
4 3878 3944 3943 3879
4 3878 3885 3948 3944
4 3876 3940 3948 3885
4 3939 3944 3948 3940
4 3882 3947 3949 1549
4 3947 3946 3950 3949
4 3949 3950 1550 1549
4 1558 1557 3951 3888
4 3888 3951 3952 3895
4 3951 3953 3954 3952
4 3952 3954 3896 3895
4 3955 3956 3957 3958
4 3959 3960 3957 3956
4 3904 3902 3957 3960
4 3901 3958 3957 3902
4 3901 3900 3961 3958
4 3896 3954 3961 3900
4 3953 3962 3961 3954
4 3955 3958 3961 3962
4 3904 3960 3963 1511
4 3960 3959 3964 3963
4 3963 3964 3965 1511
4 1511 3965 3966 1512
4 1512 3966 1559 1513
4 1520 1582 3967 1521
4 1521 3967 3968 1523
4 1523 3968 3969 1526
4 1526 3969 3970 1527
4 1527 3970 3971 1528
4 1528 3971 3972 1530
4 1530 3972 3973 3974
4 3974 3973 3975 3976
4 1530 3974 3976 1533
4 1533 3976 3977 1534
4 3976 3975 3978 3977
4 3977 3978 3979 1534
4 1534 3979 3980 3981
4 3981 3980 3982 3983
4 1534 3981 3983 3907
4 3907 3983 3984 3908
4 3983 3982 3985 3984
4 3984 3985 3986 3987
4 3908 3984 3987 3910
4 3988 3989 3990 3991
4 3992 3993 3990 3989
4 3994 3991 3990 3993
4 3994 3995 3996 3991
4 3914 3913 3996 3995
4 3910 3987 3996 3913
4 3986 3997 3996 3987
4 3988 3991 3996 3997
4 3994 3993 3998 3999
4 3992 4000 3998 3993
4 4001 4002 3998 4000
4 4003 3999 3998 4002
4 4003 4004 4005 3999
4 3917 3915 4005 4004
4 3914 3995 4005 3915
4 3994 3999 4005 3995
4 4003 4002 4006 4007
4 4001 4008 4006 4002
4 4009 4010 4006 4008
4 4011 4007 4006 4010
4 4011 4012 4013 4007
4 3921 3920 4013 4012
4 3917 4004 4013 3920
4 4003 4007 4013 4004
4 4011 4010 4014 4015
4 4009 4016 4014 4010
4 4017 4018 4014 4016
4 4019 4015 4014 4018
4 4017 4020 4021 4018
4 4022 4023 4021 4020
4 4024 4025 4021 4023
4 4019 4018 4021 4025
4 4024 4026 4027 4025
4 3924 4028 4027 4026
4 4029 4030 4027 4028
4 4019 4025 4027 4030
4 4029 4031 4032 4030
4 3921 4012 4032 4031
4 4011 4015 4032 4012
4 4019 4030 4032 4015
4 3924 4033 4034 3927
4 4033 4022 4035 4034
4 3927 4034 4035 3928
4 3928 4035 1583 1538
4 1548 1547 4036 3929
4 1547 4037 4038 4036
4 4036 4038 3931 3929
4 4039 4040 4041 4042
4 4043 4044 4041 4040
4 3937 3934 4041 4044
4 3933 4042 4041 3934
4 3933 3942 4045 4042
4 3931 4038 4045 3942
4 4037 4046 4045 4038
4 4039 4042 4045 4046
4 3937 4044 4047 3945
4 4044 4043 4048 4047
4 4047 4048 4049 4050
4 3945 4047 4050 3946
4 3946 4050 4051 3950
4 4050 4049 1553 4051
4 3950 4051 1553 1550
4 1557 1556 4052 3951
4 3951 4052 4053 4054
4 4054 4053 4055 4056
4 3951 4054 4056 3953
4 4057 4058 4059 4060
4 3959 3956 4059 4058
4 3955 4060 4059 3956
4 3955 3962 4061 4060
4 3953 4056 4061 3962
4 4055 4062 4061 4056
4 4063 4064 4061 4062
4 4057 4060 4061 4064
4 4057 4064 4065 4066
4 4063 4067 4065 4064
4 4068 4066 4065 4067
4 4068 4069 4070 4066
4 4071 4072 4070 4069
4 3965 3964 4070 4072
4 3959 4058 4070 3964
4 4057 4066 4070 4058
4 3965 4072 4073 3966
4 4072 4071 4074 4073
4 4073 4074 4075 3966
4 3966 4075 1561 1559
4 1582 1581 4076 3967
4 3967 4076 4077 4078
4 4078 4077 4079 4080
4 3967 4078 4080 3968
4 3968 4080 4081 3969
4 4080 4079 4082 4081
4 4081 4082 4083 3969
4 3969 4083 4084 4085
4 4085 4084 4086 4087
4 3969 4085 4087 3970
4 3970 4087 4088 3971
4 4087 4086 4089 4088
4 4088 4089 4090 3971
4 3971 4090 4091 4092
4 4092 4091 4093 4094
4 3971 4092 4094 3972
4 4095 4096 4097 4098
4 4099 4100 4097 4096
4 4101 4098 4097 4100
4 4101 4102 4103 4098
4 3975 3973 4103 4102
4 3972 4094 4103 3973
4 4093 4104 4103 4094
4 4095 4098 4103 4104
4 4101 4100 4105 4106
4 4099 4107 4105 4100
4 4108 4109 4105 4107
4 4110 4106 4105 4109
4 4110 4111 4112 4106
4 3979 3978 4112 4111
4 3975 4102 4112 3978
4 4101 4106 4112 4102
4 4110 4109 4113 4114
4 4108 4115 4113 4109
4 4116 4117 4113 4115
4 4118 4114 4113 4117
4 4118 4119 4120 4114
4 3982 3980 4120 4119
4 3979 4111 4120 3980
4 4110 4114 4120 4111
4 4118 4117 4121 4122
4 4116 4123 4121 4117
4 4124 4125 4121 4123
4 4126 4122 4121 4125
4 4126 4127 4128 4122
4 3986 3985 4128 4127
4 3982 4119 4128 3985
4 4118 4122 4128 4119
4 4126 4125 4129 4130
4 4124 4131 4129 4125
4 4132 4133 4129 4131
4 3992 3989 4129 4133
4 3988 4130 4129 3989
4 3988 3997 4134 4130
4 3986 4127 4134 3997
4 4126 4130 4134 4127
4 3992 4133 4135 4000
4 4133 4132 4136 4135
4 4135 4136 4137 4138
4 4000 4135 4138 4001
4 4139 4140 4141 4142
4 4143 4144 4141 4140
4 4145 4142 4141 4144
4 4145 4146 4147 4142
4 4009 4008 4147 4146
4 4001 4138 4147 4008
4 4137 4148 4147 4138
4 4139 4142 4147 4148
4 4145 4144 4149 4150
4 4143 4151 4149 4144
4 4152 4153 4149 4151
4 4022 4020 4149 4153
4 4017 4150 4149 4020
4 4017 4016 4154 4150
4 4009 4146 4154 4016
4 4145 4150 4154 4146
4 4022 4153 4155 4035
4 4153 4152 4156 4155
4 4155 4156 4157 4035
4 4035 4157 1585 1583
4 1543 1591 4158 1546
4 1546 4158 4159 1547
4 1547 4159 4160 4161
4 4161 4160 4162 4163
4 1547 4161 4163 4037
4 4164 4165 4166 4167
4 4168 4169 4166 4165
4 4043 4040 4166 4169
4 4039 4167 4166 4040
4 4039 4046 4170 4167
4 4037 4163 4170 4046
4 4162 4171 4170 4163
4 4164 4167 4170 4171
4 4043 4169 4172 4048
4 4169 4168 4173 4172
4 4048 4172 4173 4049
4 4049 4173 1592 1553
4 1556 1599 4174 4052
4 4052 4174 4175 4053
4 4174 4176 4177 4175
4 4175 4177 4055 4053
4 4055 4177 4178 4062
4 4177 4176 4179 4178
4 4178 4179 4180 4181
4 4062 4178 4181 4063
4 4182 4183 4184 4185
4 4186 4187 4184 4183
4 4071 4069 4184 4187
4 4068 4185 4184 4069
4 4068 4067 4188 4185
4 4063 4181 4188 4067
4 4180 4189 4188 4181
4 4182 4185 4188 4189
4 4071 4187 4190 4074
4 4187 4186 4191 4190
4 4190 4191 4192 4193
4 4074 4190 4193 4075
4 4075 4193 4194 1561
4 4193 4192 4195 4194
4 4194 4195 4196 1561
4 1561 4196 4197 1562
4 1562 4197 1600 1563
4 1567 1619 4198 1570
4 1570 4198 4199 1571
4 1571 4199 4200 1572
4 1572 4200 4201 1574
4 1574 4201 4202 4203
4 4203 4202 4204 4205
4 1574 4203 4205 1577
4 1577 4205 4206 1578
4 4205 4204 4207 4206
4 4206 4207 4208 1578
4 1578 4208 4209 4210
4 4210 4209 4211 4212
4 1578 4210 4212 1579
4 1579 4212 4213 1581
4 4212 4211 4214 4213
4 4213 4214 4215 1581
4 1581 4215 4216 4217
4 4217 4216 4218 4219
4 1581 4217 4219 4076
4 4220 4221 4222 4223
4 4224 4225 4222 4221
4 4226 4223 4222 4225
4 4226 4227 4228 4223
4 4079 4077 4228 4227
4 4076 4219 4228 4077
4 4218 4229 4228 4219
4 4220 4223 4228 4229
4 4226 4225 4230 4231
4 4224 4232 4230 4225
4 4233 4234 4230 4232
4 4235 4231 4230 4234
4 4235 4236 4237 4231
4 4083 4082 4237 4236
4 4079 4227 4237 4082
4 4226 4231 4237 4227
4 4235 4234 4238 4239
4 4233 4240 4238 4234
4 4241 4242 4238 4240
4 4243 4239 4238 4242
4 4243 4244 4245 4239
4 4086 4084 4245 4244
4 4083 4236 4245 4084
4 4235 4239 4245 4236
4 4243 4242 4246 4247
4 4241 4248 4246 4242
4 4249 4250 4246 4248
4 4251 4247 4246 4250
4 4251 4252 4253 4247
4 4090 4089 4253 4252
4 4086 4244 4253 4089
4 4243 4247 4253 4244
4 4251 4250 4254 4255
4 4249 4256 4254 4250
4 4257 4258 4254 4256
4 4259 4255 4254 4258
4 4259 4260 4261 4255
4 4093 4091 4261 4260
4 4090 4252 4261 4091
4 4251 4255 4261 4252
4 4259 4258 4262 4263
4 4257 4264 4262 4258
4 4265 4266 4262 4264
4 4099 4096 4262 4266
4 4095 4263 4262 4096
4 4095 4104 4267 4263
4 4093 4260 4267 4104
4 4259 4263 4267 4260
4 4099 4266 4268 4107
4 4266 4265 4269 4268
4 4268 4269 4270 4271
4 4107 4268 4271 4108
4 4108 4271 4272 4115
4 4271 4270 4273 4272
4 4115 4272 4273 4116
4 4116 4273 4274 4123
4 4273 4275 4276 4274
4 4274 4276 4124 4123
4 4124 4276 4277 4131
4 4276 4275 4278 4277
4 4277 4278 4279 4280
4 4131 4277 4280 4132
4 4132 4280 4281 4136
4 4280 4279 4282 4281
4 4281 4282 4283 4284
4 4136 4281 4284 4137
4 4285 4286 4287 4288
4 4289 4290 4287 4286
4 4143 4140 4287 4290
4 4139 4288 4287 4140
4 4139 4148 4291 4288
4 4137 4284 4291 4148
4 4283 4292 4291 4284
4 4285 4288 4291 4292
4 4143 4290 4293 4151
4 4290 4289 4294 4293
4 4293 4294 4295 4296
4 4151 4293 4296 4152
4 4152 4296 4297 4156
4 4296 4295 4298 4297
4 4156 4297 4298 4157
4 4157 4298 1620 1585
4 1591 1590 4299 4158
4 4158 4299 4300 4301
4 4301 4300 4302 4303
4 4158 4301 4303 4159
4 4159 4303 4304 4160
4 4303 4302 4305 4304
4 4304 4305 4306 4307
4 4160 4304 4307 4162
4 4308 4309 4310 4311
4 4312 4313 4310 4309
4 4168 4165 4310 4313
4 4164 4311 4310 4165
4 4164 4171 4314 4311
4 4162 4307 4314 4171
4 4306 4315 4314 4307
4 4308 4311 4314 4315
4 4168 4313 4316 4173
4 4313 4312 4317 4316
4 4316 4317 4318 4173
4 4173 4318 1594 1592
4 1599 1598 1636 4174
4 4174 1636 1640 4176
4 4176 1640 4319 4179
4 1640 4320 4321 4319
4 4319 4321 4180 4179
4 4322 4323 4324 4325
4 4186 4183 4324 4323
4 4182 4325 4324 4183
4 4182 4189 4326 4325
4 4180 4321 4326 4189
4 4320 4327 4326 4321
4 4328 4329 4326 4327
4 4322 4325 4326 4329
4 4322 4329 4330 4331
4 4328 4332 4330 4329
4 4333 4331 4330 4332
4 4333 4334 4335 4331
4 4336 4337 4335 4334
4 4192 4191 4335 4337
4 4186 4323 4335 4191
4 4322 4331 4335 4323
4 4192 4337 4338 4195
4 4337 4336 4339 4338
4 4338 4339 4340 4341
4 4195 4338 4341 4196
4 4196 4341 4342 4197
4 4341 4340 4343 4342
4 4342 4343 4344 4197
4 4197 4344 1602 1600
4 1619 1618 4345 4198
4 4198 4345 4346 4347
4 4347 4346 4348 4349
4 4198 4347 4349 4199
4 4199 4349 4350 4200
4 4349 4348 4351 4350
4 4350 4351 4352 4200
4 4200 4352 4353 4354
4 4354 4353 4355 4356
4 4200 4354 4356 4201
4 4201 4356 4357 4202
4 4356 4355 4358 4357
4 4357 4358 4359 4360
4 4202 4357 4360 4204
4 4361 4362 4363 4364
4 4365 4366 4363 4362
4 4367 4364 4363 4366
4 4367 4368 4369 4364
4 4208 4207 4369 4368
4 4204 4360 4369 4207
4 4359 4370 4369 4360
4 4361 4364 4369 4370
4 4367 4366 4371 4372
4 4365 4373 4371 4366
4 4374 4375 4371 4373
4 4376 4372 4371 4375
4 4376 4377 4378 4372
4 4211 4209 4378 4377
4 4208 4368 4378 4209
4 4367 4372 4378 4368
4 4376 4375 4379 4380
4 4374 4381 4379 4375
4 4382 4383 4379 4381
4 4384 4380 4379 4383
4 4384 4385 4386 4380
4 4215 4214 4386 4385
4 4211 4377 4386 4214
4 4376 4380 4386 4377
4 4384 4383 4387 4388
4 4382 4389 4387 4383
4 4390 4391 4387 4389
4 4392 4388 4387 4391
4 4392 4393 4394 4388
4 4218 4216 4394 4393
4 4215 4385 4394 4216
4 4384 4388 4394 4385
4 4392 4391 4395 4396
4 4390 4397 4395 4391
4 4398 4399 4395 4397
4 4224 4221 4395 4399
4 4220 4396 4395 4221
4 4220 4229 4400 4396
4 4218 4393 4400 4229
4 4392 4396 4400 4393
4 4224 4399 4401 4232
4 4399 4398 4402 4401
4 4401 4402 4403 4404
4 4232 4401 4404 4233
4 4233 4404 4405 4240
4 4404 4403 1641 4405
4 4240 4405 1641 4241
4 4241 1641 4406 4248
4 1641 1644 4407 4406
4 4406 4407 4249 4248
4 4249 4407 4408 4256
4 4407 1644 1649 4408
4 4256 4408 1649 4257
4 4257 1649 4409 4264
4 1649 1651 4410 4409
4 4409 4410 4265 4264
4 4265 4410 4411 4269
4 4410 1651 1655 4411
4 4269 4411 1655 4270
4 4270 1655 4412 4273
4 4273 4412 4413 4275
4 4275 4413 4414 4278
4 4413 4415 4416 4414
4 4414 4416 4279 4278
4 4417 4418 4419 4420
4 4421 4422 4419 4418
4 4423 4420 4419 4422
4 4423 4424 4425 4420
4 4283 4282 4425 4424
4 4279 4416 4425 4282
4 4415 4426 4425 4416
4 4417 4420 4425 4426
4 4423 4422 4427 4428
4 4421 4429 4427 4422
4 4430 4431 4427 4429
4 4289 4286 4427 4431
4 4285 4428 4427 4286
4 4285 4292 4432 4428
4 4283 4424 4432 4292
4 4423 4428 4432 4424
4 4289 4431 4433 4294
4 4431 4430 1656 4433
4 4294 4433 1656 4295
4 4295 1656 1659 4298
4 4298 1659 1622 1620
4 1590 1628 4434 4299
4 4299 4434 4435 4300
4 4434 4436 4437 4435
4 4435 4437 4302 4300
4 4438 4439 4440 4441
4 4442 4443 4440 4439
4 4444 4441 4440 4443
4 4444 4445 4446 4441
4 4306 4305 4446 4445
4 4302 4437 4446 4305
4 4436 4447 4446 4437
4 4438 4441 4446 4447
4 4444 4443 4448 4449
4 4442 4450 4448 4443
4 4451 4452 4448 4450
4 4312 4309 4448 4452
4 4308 4449 4448 4309
4 4308 4315 4453 4449
4 4306 4445 4453 4315
4 4444 4449 4453 4445
4 4312 4452 4454 4317
4 4452 4451 4455 4454
4 4317 4454 4455 4318
4 4318 4455 1629 1594
4 1640 1639 4456 4320
4 4320 4456 4457 4327
4 4456 4458 4459 4457
4 4457 4459 4328 4327
4 4460 4461 4462 4463
4 4336 4334 4462 4461
4 4333 4463 4462 4334
4 4333 4332 4464 4463
4 4328 4459 4464 4332
4 4458 4465 4464 4459
4 4466 4467 4464 4465
4 4460 4463 4464 4467
4 4460 4467 4468 4469
4 4466 4470 4468 4467
4 4471 4469 4468 4470
4 4471 4472 4473 4469
4 4474 4475 4473 4472
4 4340 4339 4473 4475
4 4336 4461 4473 4339
4 4460 4469 4473 4461
4 4340 4475 4476 4343
4 4475 4474 4477 4476
4 4343 4476 4477 4344
4 4344 4477 4478 1602
4 1602 4478 4479 1603
4 1603 4479 4480 1604
4 1604 4480 4481 1605
4 1605 4481 4482 1607
4 1607 4482 4483 1610
4 1610 4483 4484 1611
4 1611 4484 4485 4486
4 4486 4485 4487 4488
4 1611 4486 4488 1612
4 1612 4488 4489 1614
4 4488 4487 4490 4489
4 4489 4490 4491 1614
4 1614 4491 4492 4493
4 4493 4492 4494 4495
4 1614 4493 4495 1617
4 1617 4495 4496 1618
4 4495 4494 4497 4496
4 4496 4497 4498 1618
4 1618 4498 4499 4500
4 4500 4499 4501 4502
4 1618 4500 4502 4345
4 4503 4504 4505 4506
4 4507 4508 4505 4504
4 4509 4506 4505 4508
4 4509 4510 4511 4506
4 4348 4346 4511 4510
4 4345 4502 4511 4346
4 4501 4512 4511 4502
4 4503 4506 4511 4512
4 4509 4508 4513 4514
4 4507 4515 4513 4508
4 4516 4517 4513 4515
4 4518 4514 4513 4517
4 4518 4519 4520 4514
4 4352 4351 4520 4519
4 4348 4510 4520 4351
4 4509 4514 4520 4510
4 4518 4517 4521 4522
4 4516 4523 4521 4517
4 4524 4525 4521 4523
4 4526 4522 4521 4525
4 4526 4527 4528 4522
4 4355 4353 4528 4527
4 4352 4519 4528 4353
4 4518 4522 4528 4519
4 4526 4525 4529 4530
4 4524 4531 4529 4525
4 4532 4533 4529 4531
4 4534 4530 4529 4533
4 4534 4535 4536 4530
4 4359 4358 4536 4535
4 4355 4527 4536 4358
4 4526 4530 4536 4527
4 4534 4533 4537 4538
4 4532 4539 4537 4533
4 4540 4541 4537 4539
4 4365 4362 4537 4541
4 4361 4538 4537 4362
4 4361 4370 4542 4538
4 4359 4535 4542 4370
4 4534 4538 4542 4535
4 4365 4541 4543 4373
4 4541 4540 4544 4543
4 4373 4543 4544 4374
4 4374 4544 4545 4381
4 4544 4546 4547 4545
4 4545 4547 4382 4381
4 4382 4547 4548 4389
4 4547 4546 4549 4548
4 4389 4548 4549 4390
4 4390 4549 4550 4397
4 4549 4551 4552 4550
4 4550 4552 4398 4397
4 4398 4552 4553 4402
4 4552 4551 4554 4553
4 4402 4553 4554 4403
4 4403 4554 1642 1641
4 1655 1654 4555 4412
4 4412 4555 4556 4413
4 4413 4556 4557 4558
4 4558 4557 4559 4560
4 4413 4558 4560 4415
4 4561 4562 4563 4564
4 4565 4566 4563 4562
4 4421 4418 4563 4566
4 4417 4564 4563 4418
4 4417 4426 4567 4564
4 4415 4560 4567 4426
4 4559 4568 4567 4560
4 4561 4564 4567 4568
4 4421 4566 4569 4429
4 4566 4565 4570 4569
4 4429 4569 4570 4430
4 4430 4570 1657 1656
4 1628 1627 4571 4434
4 4434 4571 4572 4573
4 4573 4572 4574 4575
4 4434 4573 4575 4436
4 4576 4577 4578 4579
4 4580 4581 4578 4577
4 4442 4439 4578 4581
4 4438 4579 4578 4439
4 4438 4447 4582 4579
4 4436 4575 4582 4447
4 4574 4583 4582 4575
4 4576 4579 4582 4583
4 4442 4581 4584 4450
4 4581 4580 1665 4584
4 4450 4584 1665 4451
4 4451 1665 1668 4455
4 4455 1668 1631 1629
4 1639 1638 1676 4456
4 4456 1676 1680 4458
4 4458 1680 4585 4465
4 1680 4586 4587 4585
4 4585 4587 4466 4465
4 4588 4589 4590 4591
4 4592 4593 4590 4589
4 4474 4472 4590 4593
4 4471 4591 4590 4472
4 4471 4470 4594 4591
4 4466 4587 4594 4470
4 4586 4595 4594 4587
4 4588 4591 4594 4595
4 4474 4593 4596 4477
4 4593 4592 4597 4596
4 4596 4597 4598 4477
4 4477 4598 4599 4478
4 4478 4599 4600 4479
4 4479 4600 4601 4602
4 4602 4601 4603 4604
4 4479 4602 4604 4480
4 4480 4604 4605 4481
4 4604 4603 4606 4605
4 4605 4606 4607 4481
4 4481 4607 4608 4609
4 4609 4608 4610 4611
4 4481 4609 4611 4482
4 4482 4611 4612 4483
4 4611 4610 4613 4612
4 4612 4613 4614 4483
4 4483 4614 4615 4616
4 4616 4615 4617 4618
4 4483 4616 4618 4484
4 4619 4620 4621 4622
4 4623 4624 4621 4620
4 4625 4622 4621 4624
4 4625 4626 4627 4622
4 4487 4485 4627 4626
4 4484 4618 4627 4485
4 4617 4628 4627 4618
4 4619 4622 4627 4628
4 4625 4624 4629 4630
4 4623 4631 4629 4624
4 4632 4633 4629 4631
4 4634 4630 4629 4633
4 4634 4635 4636 4630
4 4491 4490 4636 4635
4 4487 4626 4636 4490
4 4625 4630 4636 4626
4 4634 4633 4637 4638
4 4632 4639 4637 4633
4 4640 4641 4637 4639
4 4642 4638 4637 4641
4 4642 4643 4644 4638
4 4494 4492 4644 4643
4 4491 4635 4644 4492
4 4634 4638 4644 4635
4 4642 4641 4645 4646
4 4640 4647 4645 4641
4 4648 4649 4645 4647
4 4650 4646 4645 4649
4 4650 4651 4652 4646
4 4498 4497 4652 4651
4 4494 4643 4652 4497
4 4642 4646 4652 4643
4 4650 4649 4653 4654
4 4648 4655 4653 4649
4 4656 4657 4653 4655
4 4658 4654 4653 4657
4 4658 4659 4660 4654
4 4501 4499 4660 4659
4 4498 4651 4660 4499
4 4650 4654 4660 4651
4 4658 4657 4661 4662
4 4656 4663 4661 4657
4 4664 4665 4661 4663
4 4507 4504 4661 4665
4 4503 4662 4661 4504
4 4503 4512 4666 4662
4 4501 4659 4666 4512
4 4658 4662 4666 4659
4 4507 4665 4667 4515
4 4665 4664 4668 4667
4 4667 4668 4669 4670
4 4515 4667 4670 4516
4 4516 4670 4671 4523
4 4670 4669 1681 4671
4 4523 4671 1681 4524
4 4524 1681 4672 4531
4 1681 1684 4673 4672
4 4672 4673 4532 4531
4 4532 4673 4674 4539
4 4673 1684 1687 4674
4 4539 4674 1687 4540
4 4540 1687 1689 4544
4 4544 1689 1692 4546
4 4546 1692 1694 4549
4 4549 1694 1696 4551
4 4551 1696 1698 4554
4 4554 1698 1645 1642
4 1654 1653 4675 4555
4 4555 4675 4676 4677
4 4677 4676 4678 4679
4 4555 4677 4679 4556
4 4680 4681 4682 4683
4 4684 4685 4682 4681
4 4686 4683 4682 4685
4 4686 4687 4688 4683
4 4559 4557 4688 4687
4 4556 4679 4688 4557
4 4678 4689 4688 4679
4 4680 4683 4688 4689
4 4686 4685 4690 4691
4 4684 4692 4690 4685
4 4693 4694 4690 4692
4 4565 4562 4690 4694
4 4561 4691 4690 4562
4 4561 4568 4695 4691
4 4559 4687 4695 4568
4 4686 4691 4695 4687
4 4565 4694 4696 4570
4 4694 4693 4697 4696
4 4696 4697 4698 4570
4 4570 4698 1660 1657
4 1627 1664 4699 4700
4 4700 4699 4701 4702
4 1627 4700 4702 4571
4 4571 4702 4703 4572
4 4702 4701 4704 4703
4 4703 4704 4705 4706
4 4572 4703 4706 4574
4 4707 4708 4709 4710
4 4711 4712 4709 4708
4 4580 4577 4709 4712
4 4576 4710 4709 4577
4 4576 4583 4713 4710
4 4574 4706 4713 4583
4 4705 4714 4713 4706
4 4707 4710 4713 4714
4 4580 4712 4715 1665
4 4712 4711 4716 4715
4 4715 4716 1666 1665
4 1680 1679 4717 4718
4 4718 4717 4719 4720
4 1680 4718 4720 4586
4 4721 4722 4723 4724
4 4592 4589 4723 4722
4 4588 4724 4723 4589
4 4588 4595 4725 4724
4 4586 4720 4725 4595
4 4719 4726 4725 4720
4 4727 4728 4725 4726
4 4721 4724 4725 4728
4 4721 4728 4729 4730
4 4727 4731 4729 4728
4 4732 4730 4729 4731
4 4732 4733 4734 4730
4 4735 4736 4734 4733
4 4598 4597 4734 4736
4 4592 4722 4734 4597
4 4721 4730 4734 4722
4 4598 4736 4737 4599
4 4736 4735 4738 4737
4 4737 4738 4739 4599
4 4599 4739 4740 4741
4 4741 4740 4742 4743
4 4599 4741 4743 4600
4 4600 4743 4744 4601
4 4743 4742 4745 4744
4 4744 4745 4746 4747
4 4601 4744 4747 4603
4 4748 4749 4750 4751
4 4752 4753 4750 4749
4 4754 4751 4750 4753
4 4754 4755 4756 4751
4 4607 4606 4756 4755
4 4603 4747 4756 4606
4 4746 4757 4756 4747
4 4748 4751 4756 4757
4 4754 4753 4758 4759
4 4752 4760 4758 4753
4 4761 4762 4758 4760
4 4763 4759 4758 4762
4 4763 4764 4765 4759
4 4610 4608 4765 4764
4 4607 4755 4765 4608
4 4754 4759 4765 4755
4 4763 4762 4766 4767
4 4761 4768 4766 4762
4 4769 4770 4766 4768
4 4771 4767 4766 4770
4 4771 4772 4773 4767
4 4614 4613 4773 4772
4 4610 4764 4773 4613
4 4763 4767 4773 4764
4 4771 4770 4774 4775
4 4769 4776 4774 4770
4 4777 4778 4774 4776
4 4779 4775 4774 4778
4 4779 4780 4781 4775
4 4617 4615 4781 4780
4 4614 4772 4781 4615
4 4771 4775 4781 4772
4 4779 4778 4782 4783
4 4777 4784 4782 4778
4 4785 4786 4782 4784
4 4623 4620 4782 4786
4 4619 4783 4782 4620
4 4619 4628 4787 4783
4 4617 4780 4787 4628
4 4779 4783 4787 4780
4 4623 4786 4788 4631
4 4786 4785 4789 4788
4 4788 4789 4790 4791
4 4631 4788 4791 4632
4 4632 4791 4792 4639
4 4791 4790 4793 4792
4 4639 4792 4793 4640
4 4640 4793 4794 4647
4 4793 4795 4796 4794
4 4794 4796 4648 4647
4 4648 4796 4797 4655
4 4796 4795 4798 4797
4 4655 4797 4798 4656
4 4656 4798 4799 4663
4 4798 4800 4801 4799
4 4799 4801 4664 4663
4 4664 4801 4802 4668
4 4801 4800 4803 4802
4 4668 4802 4803 4669
4 4669 4803 1682 1681
4 1647 1704 4804 1652
4 1652 4804 4805 1653
4 1653 4805 4806 4807
4 4807 4806 4808 4809
4 1653 4807 4809 4675
4 4810 4811 4812 4813
4 4814 4815 4812 4811
4 4816 4813 4812 4815
4 4816 4817 4818 4813
4 4678 4676 4818 4817
4 4675 4809 4818 4676
4 4808 4819 4818 4809
4 4810 4813 4818 4819
4 4816 4815 4820 4821
4 4814 4822 4820 4815
4 4823 4824 4820 4822
4 4684 4681 4820 4824
4 4680 4821 4820 4681
4 4680 4689 4825 4821
4 4678 4817 4825 4689
4 4816 4821 4825 4817
4 4684 4824 4826 4692
4 4824 4823 4827 4826
4 4826 4827 4828 4829
4 4692 4826 4829 4693
4 4693 4829 4830 4697
4 4829 4828 4831 4830
4 4697 4830 4831 4698
4 4698 4831 1705 1660
4 1664 1663 4832 4699
4 1663 4833 4834 4832
4 4832 4834 4701 4699
4 4835 4836 4837 4838
4 4839 4840 4837 4836
4 4841 4838 4837 4840
4 4841 4842 4843 4838
4 4705 4704 4843 4842
4 4701 4834 4843 4704
4 4833 4844 4843 4834
4 4835 4838 4843 4844
4 4841 4840 4845 4846
4 4839 4847 4845 4840
4 4848 4849 4845 4847
4 4711 4708 4845 4849
4 4707 4846 4845 4708
4 4707 4714 4850 4846
4 4705 4842 4850 4714
4 4841 4846 4850 4842
4 4711 4849 4851 4716
4 4849 4848 1669 4851
4 4716 4851 1669 1666
4 1679 1678 4852 4717
4 1678 4853 4854 4852
4 4852 4854 4719 4717
4 4719 4854 4855 4726
4 4854 4853 4856 4855
4 4855 4856 4857 4858
4 4726 4855 4858 4727
4 4859 4860 4861 4862
4 4857 4863 4861 4860
4 4864 4865 4861 4863
4 4866 4862 4861 4865
4 4864 4867 4868 4865
4 4869 4870 4868 4867
4 4871 4872 4868 4870
4 4866 4865 4868 4872
4 4871 4873 4874 4872
4 4735 4733 4874 4873
4 4732 4875 4874 4733
4 4866 4872 4874 4875
4 4732 4731 4876 4875
4 4727 4877 4876 4731
4 4859 4862 4876 4877
4 4866 4875 4876 4862
4 4871 4870 4878 4879
4 4869 4880 4878 4870
4 4881 4882 4878 4880
4 4883 4879 4878 4882
4 4883 4884 4885 4879
4 4739 4738 4885 4884
4 4735 4873 4885 4738
4 4871 4879 4885 4873
4 4883 4882 4886 4887
4 4881 4888 4886 4882
4 4889 4890 4886 4888
4 4891 4887 4886 4890
4 4891 4892 4893 4887
4 4742 4740 4893 4892
4 4739 4884 4893 4740
4 4883 4887 4893 4884
4 4891 4890 4894 4895
4 4889 4896 4894 4890
4 4897 4898 4894 4896
4 4899 4895 4894 4898
4 4899 4900 4901 4895
4 4746 4745 4901 4900
4 4742 4892 4901 4745
4 4891 4895 4901 4892
4 4899 4898 4902 4903
4 4897 4904 4902 4898
4 4905 4906 4902 4904
4 4752 4749 4902 4906
4 4748 4903 4902 4749
4 4748 4757 4907 4903
4 4746 4900 4907 4757
4 4899 4903 4907 4900
4 4752 4906 4908 4760
4 4906 4905 1722 4908
4 4760 4908 1722 4761
4 4761 1722 4909 4768
4 1722 1725 4910 4909
4 4909 4910 4769 4768
4 4769 4910 4911 4776
4 4910 1725 1727 4911
4 4776 4911 1727 4777
4 4777 1727 4912 4784
4 1727 1729 4913 4912
4 4912 4913 4785 4784
4 4785 4913 4914 4789
4 4913 1729 1731 4914
4 4789 4914 1731 4790
4 4790 1731 1733 4793
4 4793 1733 1734 4795
4 4795 1734 1736 4798
4 4798 1736 1738 4800
4 4800 1738 1740 4803
4 4803 1740 1685 1682
4 1704 1703 4915 4804
4 4804 4915 4916 4917
4 4917 4916 4918 4919
4 4804 4917 4919 4805
4 4805 4919 4920 4806
4 4919 4918 4921 4920
4 4920 4921 4922 4923
4 4806 4920 4923 4808
4 4924 4925 4926 4927
4 4928 4929 4926 4925
4 4814 4811 4926 4929
4 4810 4927 4926 4811
4 4810 4819 4930 4927
4 4808 4923 4930 4819
4 4922 4931 4930 4923
4 4924 4927 4930 4931
4 4814 4929 4932 4822
4 4929 4928 4933 4932
4 4932 4933 4934 4935
4 4822 4932 4935 4823
4 4823 4935 4936 4827
4 4935 4934 1750 4936
4 4827 4936 1750 4828
4 4828 1750 1753 4831
4 4831 1753 1707 1705
4 1663 1713 4937 4938
4 4938 4937 4939 4940
4 1663 4938 4940 4833
4 4941 4942 4943 4944
4 4945 4946 4943 4942
4 4839 4836 4943 4946
4 4835 4944 4943 4836
4 4835 4844 4947 4944
4 4833 4940 4947 4844
4 4939 4948 4947 4940
4 4941 4944 4947 4948
4 4839 4946 4949 4847
4 4946 4945 4950 4949
4 4847 4949 4950 4848
4 4848 4950 1714 1669
4 1678 1721 4951 4853
4 4853 4951 4952 4856
4 4951 4953 4954 4952
4 4952 4954 4857 4856
4 4857 4954 4955 4956
4 4954 4953 4957 4955
4 4956 4955 4957 4869
4 4869 4957 4958 4880
4 4957 4959 4960 4958
4 4958 4960 4881 4880
4 4881 4960 4961 4888
4 4960 4959 4962 4961
4 4888 4961 4962 4889
4 4889 4962 4963 4896
4 4962 4964 4965 4963
4 4963 4965 4897 4896
4 4897 4965 4966 4904
4 4965 4964 4967 4966
4 4904 4966 4967 4905
4 4905 4967 1723 1722
4 1703 1749 4968 4915
4 4915 4968 4969 4916
4 4968 4970 4971 4969
4 4969 4971 4918 4916
4 4972 4973 4974 4975
4 4976 4977 4974 4973
4 4978 4975 4974 4977
4 4978 4979 4980 4975
4 4922 4921 4980 4979
4 4918 4971 4980 4921
4 4970 4981 4980 4971
4 4972 4975 4980 4981
4 4978 4977 4982 4983
4 4976 4984 4982 4977
4 4985 4986 4982 4984
4 4928 4925 4982 4986
4 4924 4983 4982 4925
4 4924 4931 4987 4983
4 4922 4979 4987 4931
4 4978 4983 4987 4979
4 4928 4986 4988 4933
4 4986 4985 4989 4988
4 4933 4988 4989 4934
4 4934 4989 1751 1750
4 1713 1712 4990 4937
4 1712 4991 4992 4990
4 4990 4992 4939 4937
4 4993 4994 4995 4996
4 4997 4998 4995 4994
4 4945 4942 4995 4998
4 4941 4996 4995 4942
4 4941 4948 4999 4996
4 4939 4992 4999 4948
4 4991 5000 4999 4992
4 4993 4996 4999 5000
4 4945 4998 5001 4950
4 4998 4997 5002 5001
4 5001 5002 5003 4950
4 4950 5003 1716 1714
4 1721 1720 1769 4951
4 4951 1769 1772 4953
4 4953 1772 1774 4957
4 4957 1774 1776 4959
4 4959 1776 1778 4962
4 4962 1778 1781 4964
4 4964 1781 1783 4967
4 4967 1783 1726 1723
4 1749 1748 5004 4968
4 4968 5004 5005 5006
4 5006 5005 5007 5008
4 4968 5006 5008 4970
4 5009 5010 5011 5012
4 5013 5014 5011 5010
4 4976 4973 5011 5014
4 4972 5012 5011 4973
4 4972 4981 5015 5012
4 4970 5008 5015 4981
4 5007 5016 5015 5008
4 5009 5012 5015 5016
4 4976 5014 5017 4984
4 5014 5013 1789 5017
4 4984 5017 1789 4985
4 4985 1789 1792 4989
4 4989 1792 1754 1751
4 1709 1762 5018 1710
4 1710 5018 5019 1712
4 1712 5019 5020 5021
4 5021 5020 5022 5023
4 1712 5021 5023 4991
4 5024 5025 5026 5027
4 5028 5029 5026 5025
4 4997 4994 5026 5029
4 4993 5027 5026 4994
4 4993 5000 5030 5027
4 4991 5023 5030 5000
4 5022 5031 5030 5023
4 5024 5027 5030 5031
4 4997 5029 5032 5002
4 5029 5028 5033 5032
4 5002 5032 5033 5003
4 5003 5033 1763 1716
4 1744 1788 5034 1747
4 1747 5034 5035 1748
4 1748 5035 5036 5037
4 5037 5036 5038 5039
4 1748 5037 5039 5004
4 5040 5041 5042 5043
4 5044 5045 5042 5041
4 5046 5043 5042 5045
4 5046 5047 5048 5043
4 5007 5005 5048 5047
4 5004 5039 5048 5005
4 5038 5049 5048 5039
4 5040 5043 5048 5049
4 5046 5045 5050 5051
4 5044 5052 5050 5045
4 5053 5054 5050 5052
4 5013 5010 5050 5054
4 5009 5051 5050 5010
4 5009 5016 5055 5051
4 5007 5047 5055 5016
4 5046 5051 5055 5047
4 5013 5054 5056 1789
4 5054 5053 5057 5056
4 5056 5057 1790 1789
4 1762 1761 5058 5018
4 5018 5058 5059 5060
4 5060 5059 5061 5062
4 5018 5060 5062 5019
4 5063 5064 5065 5066
4 5067 5068 5065 5064
4 5069 5066 5065 5068
4 5069 5070 5071 5066
4 5022 5020 5071 5070
4 5019 5062 5071 5020
4 5061 5072 5071 5062
4 5063 5066 5071 5072
4 5069 5068 5073 5074
4 5067 5075 5073 5068
4 5076 5077 5073 5075
4 5028 5025 5073 5077
4 5024 5074 5073 5025
4 5024 5031 5078 5074
4 5022 5070 5078 5031
4 5069 5074 5078 5070
4 5028 5077 5079 5033
4 5077 5076 5080 5079
4 5079 5080 5081 5033
4 5033 5081 1765 1763
4 1788 1787 5082 5034
4 5034 5082 5083 5084
4 5084 5083 5085 5086
4 5034 5084 5086 5035
4 5035 5086 5087 5036
4 5086 5085 5088 5087
4 5087 5088 5089 5090
4 5036 5087 5090 5038
4 5091 5092 5093 5094
4 5095 5096 5093 5092
4 5044 5041 5093 5096
4 5040 5094 5093 5041
4 5040 5049 5097 5094
4 5038 5090 5097 5049
4 5089 5098 5097 5090
4 5091 5094 5097 5098
4 5044 5096 5099 5052
4 5096 5095 5100 5099
4 5099 5100 5101 5102
4 5052 5099 5102 5053
4 5053 5102 5103 5057
4 5102 5101 1793 5103
4 5057 5103 1793 1790
4 1761 1801 5104 5058
4 5058 5104 5105 5059
4 5104 5106 5107 5105
4 5105 5107 5061 5059
4 5108 5109 5110 5111
4 5112 5113 5110 5109
4 5067 5064 5110 5113
4 5063 5111 5110 5064
4 5063 5072 5114 5111
4 5061 5107 5114 5072
4 5106 5115 5114 5107
4 5108 5111 5114 5115
4 5067 5113 5116 5075
4 5113 5112 5117 5116
4 5116 5117 5118 5119
4 5075 5116 5119 5076
4 5076 5119 5120 5080
4 5119 5118 5121 5120
4 5080 5120 5121 5081
4 5081 5121 1802 1765
4 1787 1811 5122 5123
4 5123 5122 5124 5125
4 1787 5123 5125 5082
4 5082 5125 5126 5083
4 5125 5124 5127 5126
4 5126 5127 5128 5129
4 5083 5126 5129 5085
4 5130 5131 5132 5133
4 5134 5135 5132 5131
4 5136 5133 5132 5135
4 5136 5137 5138 5133
4 5089 5088 5138 5137
4 5085 5129 5138 5088
4 5128 5139 5138 5129
4 5130 5133 5138 5139
4 5136 5135 5140 5141
4 5134 5142 5140 5135
4 5143 5144 5140 5142
4 5095 5092 5140 5144
4 5091 5141 5140 5092
4 5091 5098 5145 5141
4 5089 5137 5145 5098
4 5136 5141 5145 5137
4 5095 5144 5146 5100
4 5144 5143 5147 5146
4 5100 5146 5147 5101
4 5101 5147 1812 1793
4 1801 1800 5148 5104
4 5104 5148 5149 5150
4 5150 5149 5151 5152
4 5104 5150 5152 5106
4 5153 5154 5155 5156
4 5157 5158 5155 5154
4 5112 5109 5155 5158
4 5108 5156 5155 5109
4 5108 5115 5159 5156
4 5106 5152 5159 5115
4 5151 5160 5159 5152
4 5153 5156 5159 5160
4 5112 5158 5161 5117
4 5158 5157 1821 5161
4 5117 5161 1821 5118
4 5118 1821 1824 5121
4 5121 1824 1804 1802
4 1811 1810 5162 5122
4 1810 5163 5164 5162
4 5162 5164 5124 5122
4 5165 5166 5167 5168
4 5169 5170 5167 5166
4 5171 5168 5167 5170
4 5171 5172 5173 5168
4 5128 5127 5173 5172
4 5124 5164 5173 5127
4 5163 5174 5173 5164
4 5165 5168 5173 5174
4 5171 5170 5175 5176
4 5169 5177 5175 5170
4 5178 5179 5175 5177
4 5134 5131 5175 5179
4 5130 5176 5175 5131
4 5130 5139 5180 5176
4 5128 5172 5180 5139
4 5171 5176 5180 5172
4 5134 5179 5181 5142
4 5179 5178 1837 5181
4 5142 5181 1837 5143
4 5143 1837 1840 5147
4 5147 1840 1814 1812
4 1800 1820 5182 5183
4 5183 5182 5184 5185
4 1800 5183 5185 5148
4 5186 5187 5188 5189
4 5190 5191 5188 5187
4 5192 5189 5188 5191
4 5192 5193 5194 5189
4 5151 5149 5194 5193
4 5148 5185 5194 5149
4 5184 5195 5194 5185
4 5186 5189 5194 5195
4 5192 5191 5196 5197
4 5190 5198 5196 5191
4 5199 5200 5196 5198
4 5157 5154 5196 5200
4 5153 5197 5196 5154
4 5153 5160 5201 5197
4 5151 5193 5201 5160
4 5192 5197 5201 5193
4 5157 5200 5202 1821
4 5200 5199 5203 5202
4 5202 5203 1822 1821
4 1807 1836 5204 1808
4 1808 5204 5205 1810
4 1810 5205 5206 5207
4 5207 5206 5208 5209
4 1810 5207 5209 5163
4 5210 5211 5212 5213
4 5214 5215 5212 5211
4 5169 5166 5212 5215
4 5165 5213 5212 5166
4 5165 5174 5216 5213
4 5163 5209 5216 5174
4 5208 5217 5216 5209
4 5210 5213 5216 5217
4 5169 5215 5218 5177
4 5215 5214 5219 5218
4 5177 5218 5219 5178
4 5178 5219 1838 1837
4 1820 1819 5220 5182
4 1819 5221 5222 5220
4 5220 5222 5184 5182
4 5223 5224 5225 5226
4 5227 5228 5225 5224
4 5190 5187 5225 5228
4 5186 5226 5225 5187
4 5186 5195 5229 5226
4 5184 5222 5229 5195
4 5221 5230 5229 5222
4 5223 5226 5229 5230
4 5190 5228 5231 5198
4 5228 5227 5232 5231
4 5231 5232 5233 5234
4 5198 5231 5234 5199
4 5199 5234 5235 5203
4 5234 5233 1825 5235
4 5203 5235 1825 1822
4 1836 1835 5236 5204
4 5204 5236 5237 5238
4 5238 5237 5239 5240
4 5204 5238 5240 5205
4 5241 5242 5243 5244
4 5245 5246 5243 5242
4 5247 5244 5243 5246
4 5247 5248 5249 5244
4 5208 5206 5249 5248
4 5205 5240 5249 5206
4 5239 5250 5249 5240
4 5241 5244 5249 5250
4 5247 5246 5251 5252
4 5245 5253 5251 5246
4 5254 5255 5251 5253
4 5214 5211 5251 5255
4 5210 5252 5251 5211
4 5210 5217 5256 5252
4 5208 5248 5256 5217
4 5247 5252 5256 5248
4 5214 5255 5257 5219
4 5255 5254 5258 5257
4 5257 5258 5259 5219
4 5219 5259 1841 1838
4 1816 1847 5260 1817
4 1817 5260 5261 1819
4 1819 5261 5262 5263
4 5263 5262 5264 5265
4 1819 5263 5265 5221
4 5266 5267 5268 5269
4 5270 5271 5268 5267
4 5227 5224 5268 5271
4 5223 5269 5268 5224
4 5223 5230 5272 5269
4 5221 5265 5272 5230
4 5264 5273 5272 5265
4 5266 5269 5272 5273
4 5227 5271 5274 5232
4 5271 5270 5275 5274
4 5232 5274 5275 5233
4 5233 5275 1848 1825
4 1832 1855 5276 1833
4 1833 5276 5277 1835
4 1835 5277 5278 5279
4 5279 5278 5280 5281
4 1835 5279 5281 5236
4 5236 5281 5282 5237
4 5281 5280 5283 5282
4 5282 5283 5284 5285
4 5237 5282 5285 5239
4 5286 5287 5288 5289
4 5290 5291 5288 5287
4 5245 5242 5288 5291
4 5241 5289 5288 5242
4 5241 5250 5292 5289
4 5239 5285 5292 5250
4 5284 5293 5292 5285
4 5286 5289 5292 5293
4 5245 5291 5294 5253
4 5291 5290 5295 5294
4 5294 5295 5296 5297
4 5253 5294 5297 5254
4 5254 5297 5298 5258
4 5297 5296 5299 5298
4 5258 5298 5299 5259
4 5259 5299 1856 1841
4 1847 1846 5300 5260
4 5260 5300 5301 5302
4 5302 5301 5303 5304
4 5260 5302 5304 5261
4 5261 5304 5305 5262
4 5304 5303 5306 5305
4 5305 5306 5307 5308
4 5262 5305 5308 5264
4 5309 5310 5311 5312
4 5313 5314 5311 5310
4 5270 5267 5311 5314
4 5266 5312 5311 5267
4 5266 5273 5315 5312
4 5264 5308 5315 5273
4 5307 5316 5315 5308
4 5309 5312 5315 5316
4 5270 5314 5317 5275
4 5314 5313 5318 5317
4 5317 5318 5319 5275
4 5275 5319 1850 1848
4 1855 1854 5320 5276
4 5276 5320 5321 5322
4 5322 5321 5323 5324
4 5276 5322 5324 5277
4 5277 5324 5325 5278
4 5324 5323 5326 5325
4 5325 5326 5327 5328
4 5278 5325 5328 5280
4 5329 5330 5331 5332
4 5333 5334 5331 5330
4 5335 5332 5331 5334
4 5335 5336 5337 5332
4 5284 5283 5337 5336
4 5280 5328 5337 5283
4 5327 5338 5337 5328
4 5329 5332 5337 5338
4 5335 5334 5339 5340
4 5333 5341 5339 5334
4 5342 5343 5339 5341
4 5290 5287 5339 5343
4 5286 5340 5339 5287
4 5286 5293 5344 5340
4 5284 5336 5344 5293
4 5335 5340 5344 5336
4 5290 5343 5345 5295
4 5343 5342 1877 5345
4 5295 5345 1877 5296
4 5296 1877 1880 5299
4 5299 1880 1858 1856
4 1846 1864 5346 5300
4 5300 5346 5347 5301
4 5346 5348 5349 5347
4 5347 5349 5303 5301
4 5350 5351 5352 5353
4 5354 5355 5352 5351
4 5356 5353 5352 5355
4 5356 5357 5358 5353
4 5307 5306 5358 5357
4 5303 5349 5358 5306
4 5348 5359 5358 5349
4 5350 5353 5358 5359
4 5356 5355 5360 5361
4 5354 5362 5360 5355
4 5363 5364 5360 5362
4 5313 5310 5360 5364
4 5309 5361 5360 5310
4 5309 5316 5365 5361
4 5307 5357 5365 5316
4 5356 5361 5365 5357
4 5313 5364 5366 5318
4 5364 5363 5367 5366
4 5318 5366 5367 5319
4 5319 5367 1865 1850
4 1854 1876 5368 5320
4 5320 5368 5369 5321
4 5368 5370 5371 5369
4 5369 5371 5323 5321
4 5372 5373 5374 5375
4 5376 5377 5374 5373
4 5378 5375 5374 5377
4 5378 5379 5380 5375
4 5327 5326 5380 5379
4 5323 5371 5380 5326
4 5370 5381 5380 5371
4 5372 5375 5380 5381
4 5378 5377 5382 5383
4 5376 5384 5382 5377
4 5385 5386 5382 5384
4 5333 5330 5382 5386
4 5329 5383 5382 5330
4 5329 5338 5387 5383
4 5327 5379 5387 5338
4 5378 5383 5387 5379
4 5333 5386 5388 5341
4 5386 5385 5389 5388
4 5341 5388 5389 5342
4 5342 5389 1878 1877
4 1864 1863 5390 5346
4 5346 5390 5391 5392
4 5392 5391 5393 5394
4 5346 5392 5394 5348
4 5395 5396 5397 5398
4 5399 5400 5397 5396
4 5354 5351 5397 5400
4 5350 5398 5397 5351
4 5350 5359 5401 5398
4 5348 5394 5401 5359
4 5393 5402 5401 5394
4 5395 5398 5401 5402
4 5354 5400 5403 5362
4 5400 5399 5404 5403
4 5362 5403 5404 5363
4 5363 5404 5405 5367
4 5367 5405 1867 1865
4 1876 1875 5406 5368
4 5368 5406 5407 5408
4 5408 5407 5409 5410
4 5368 5408 5410 5370
4 5411 5412 5413 5414
4 5415 5416 5413 5412
4 5376 5373 5413 5416
4 5372 5414 5413 5373
4 5372 5381 5417 5414
4 5370 5410 5417 5381
4 5409 5418 5417 5410
4 5411 5414 5417 5418
4 5376 5416 5419 5384
4 5416 5415 1898 5419
4 5384 5419 1898 5385
4 5385 1898 1901 5389
4 5389 1901 1881 1878
4 1863 1891 5420 5390
4 5390 5420 5421 5391
4 5420 5422 5423 5421
4 5421 5423 5393 5391
4 5424 5425 5426 5427
4 5422 5428 5426 5425
4 5429 5430 5426 5428
4 5431 5427 5426 5430
4 5429 5432 5433 5430
4 5434 5435 5433 5432
4 5436 5437 5433 5435
4 5431 5430 5433 5437
4 5436 5438 5439 5437
4 5399 5396 5439 5438
4 5395 5440 5439 5396
4 5431 5437 5439 5440
4 5395 5402 5441 5440
4 5393 5442 5441 5402
4 5424 5427 5441 5442
4 5431 5440 5441 5427
4 5399 5443 5444 5404
4 5443 5434 5445 5444
4 5444 5445 5446 5404
4 5404 5446 5447 5405
4 5405 5447 1892 1867
4 1871 1897 5448 1874
4 1874 5448 5449 1875
4 1875 5449 5450 5451
4 5451 5450 5452 5453
4 1875 5451 5453 5406
4 5454 5455 5456 5457
4 5458 5459 5456 5455
4 5460 5457 5456 5459
4 5460 5461 5462 5457
4 5409 5407 5462 5461
4 5406 5453 5462 5407
4 5452 5463 5462 5453
4 5454 5457 5462 5463
4 5460 5459 5464 5465
4 5458 5466 5464 5459
4 5467 5468 5464 5466
4 5415 5412 5464 5468
4 5411 5465 5464 5412
4 5411 5418 5469 5465
4 5409 5461 5469 5418
4 5460 5465 5469 5461
4 5415 5468 5470 1898
4 5468 5467 5471 5470
4 5470 5471 1899 1898
4 1891 1890 5472 5420
4 5420 5472 5473 5474
4 5474 5473 5475 5476
4 5420 5474 5476 5422
4 5477 5478 5479 5480
4 5434 5432 5479 5478
4 5429 5480 5479 5432
4 5429 5428 5481 5480
4 5422 5476 5481 5428
4 5475 5482 5481 5476
4 5483 5484 5481 5482
4 5477 5480 5481 5484
4 5477 5484 5485 5486
4 5483 5487 5485 5484
4 5488 5486 5485 5487
4 5488 5489 5490 5486
4 5491 5492 5490 5489
4 5446 5445 5490 5492
4 5434 5478 5490 5445
4 5477 5486 5490 5478
4 5446 5492 5493 5447
4 5492 5491 5494 5493
4 5493 5494 5495 5447
4 5447 5495 1894 1892
4 1897 1896 5496 5448
4 5448 5496 5497 5498
4 5498 5497 5499 5500
4 5448 5498 5500 5449
4 5449 5500 5501 5450
4 5500 5499 5502 5501
4 5501 5502 5503 5504
4 5450 5501 5504 5452
4 5505 5506 5507 5508
4 5509 5510 5507 5506
4 5458 5455 5507 5510
4 5454 5508 5507 5455
4 5454 5463 5511 5508
4 5452 5504 5511 5463
4 5503 5512 5511 5504
4 5505 5508 5511 5512
4 5458 5510 5513 5466
4 5510 5509 5514 5513
4 5513 5514 5515 5516
4 5466 5513 5516 5467
4 5467 5516 5517 5471
4 5516 5515 1902 5517
4 5471 5517 1902 1899
4 1890 1910 5518 5472
4 5472 5518 5519 5473
4 5518 5520 5521 5519
4 5519 5521 5475 5473
4 5475 5521 5522 5482
4 5521 5520 5523 5522
4 5522 5523 5524 5525
4 5482 5522 5525 5483
4 5526 5527 5528 5529
4 5530 5531 5528 5527
4 5491 5489 5528 5531
4 5488 5529 5528 5489
4 5488 5487 5532 5529
4 5483 5525 5532 5487
4 5524 5533 5532 5525
4 5526 5529 5532 5533
4 5491 5531 5534 5494
4 5531 5530 5535 5534
4 5534 5535 5536 5537
4 5494 5534 5537 5495
4 5495 5537 5538 1894
4 5537 5536 5539 5538
4 5538 5539 1911 1894
4 1896 1922 5540 5541
4 5541 5540 5542 5543
4 1896 5541 5543 5496
4 5496 5543 5544 5497
4 5543 5542 5545 5544
4 5544 5545 5546 5547
4 5497 5544 5547 5499
4 5548 5549 5550 5551
4 5552 5553 5550 5549
4 5554 5551 5550 5553
4 5554 5555 5556 5551
4 5503 5502 5556 5555
4 5499 5547 5556 5502
4 5546 5557 5556 5547
4 5548 5551 5556 5557
4 5554 5553 5558 5559
4 5552 5560 5558 5553
4 5561 5562 5558 5560
4 5509 5506 5558 5562
4 5505 5559 5558 5506
4 5505 5512 5563 5559
4 5503 5555 5563 5512
4 5554 5559 5563 5555
4 5509 5562 5564 5514
4 5562 5561 5565 5564
4 5514 5564 5565 5515
4 5515 5565 1923 1902
4 1910 1909 1928 5518
4 5518 1928 1931 5520
4 5520 1931 5566 5523
4 1931 5567 5568 5566
4 5566 5568 5524 5523
4 5569 5570 5571 5572
4 5530 5527 5571 5570
4 5526 5572 5571 5527
4 5526 5533 5573 5572
4 5524 5568 5573 5533
4 5567 5574 5573 5568
4 5575 5576 5573 5574
4 5569 5572 5573 5576
4 5569 5576 5577 5578
4 5575 5579 5577 5576
4 5580 5578 5577 5579
4 5580 5581 5582 5578
4 5583 5584 5582 5581
4 5536 5535 5582 5584
4 5530 5570 5582 5535
4 5569 5578 5582 5570
4 5536 5584 5585 5539
4 5584 5583 1913 5585
4 5539 5585 1913 1911
4 1922 1921 5586 5540
4 1921 5587 5588 5586
4 5586 5588 5542 5540
4 5589 5590 5591 5592
4 5593 5594 5591 5590
4 5595 5592 5591 5594
4 5595 5596 5597 5592
4 5546 5545 5597 5596
4 5542 5588 5597 5545
4 5587 5598 5597 5588
4 5589 5592 5597 5598
4 5595 5594 5599 5600
4 5593 5601 5599 5594
4 5602 5603 5599 5601
4 5552 5549 5599 5603
4 5548 5600 5599 5549
4 5548 5557 5604 5600
4 5546 5596 5604 5557
4 5595 5600 5604 5596
4 5552 5603 5605 5560
4 5603 5602 1942 5605
4 5560 5605 1942 5561
4 5561 1942 1945 5565
4 5565 1945 1925 1923
4 1931 1930 5606 5567
4 5567 5606 5607 5574
4 5606 5608 5609 5607
4 5607 5609 5575 5574
4 5610 5611 5612 5613
4 5614 5615 5612 5611
4 5583 5581 5612 5615
4 5580 5613 5612 5581
4 5580 5579 5616 5613
4 5575 5609 5616 5579
4 5608 5617 5616 5609
4 5610 5613 5616 5617
4 5583 5615 5618 1913
4 5615 5614 5619 5618
4 5618 5619 5620 1913
4 1913 5620 5621 1914
4 1914 5621 1932 1915
4 1918 1941 5622 1919
4 1919 5622 5623 1921
4 1921 5623 5624 5625
4 5625 5624 5626 5627
4 1921 5625 5627 5587
4 5628 5629 5630 5631
4 5632 5633 5630 5629
4 5593 5590 5630 5633
4 5589 5631 5630 5590
4 5589 5598 5634 5631
4 5587 5627 5634 5598
4 5626 5635 5634 5627
4 5628 5631 5634 5635
4 5593 5633 5636 5601
4 5633 5632 5637 5636
4 5601 5636 5637 5602
4 5602 5637 1943 1942
4 1930 1929 5638 5606
4 5606 5638 5639 5640
4 5640 5639 5641 5642
4 5606 5640 5642 5608
4 5643 5644 5645 5646
4 5647 5648 5645 5644
4 5614 5611 5645 5648
4 5610 5646 5645 5611
4 5610 5617 5649 5646
4 5608 5642 5649 5617
4 5641 5650 5649 5642
4 5643 5646 5649 5650
4 5614 5648 5651 5619
4 5648 5647 5652 5651
4 5651 5652 5653 5654
4 5619 5651 5654 5620
4 5620 5654 5655 5621
4 5654 5653 5656 5655
4 5655 5656 5657 5621
4 5621 5657 1934 1932
4 1941 1940 5658 5622
4 5622 5658 5659 5660
4 5660 5659 5661 5662
4 5622 5660 5662 5623
4 5663 5664 5665 5666
4 5667 5668 5665 5664
4 5669 5666 5665 5668
4 5669 5670 5671 5666
4 5626 5624 5671 5670
4 5623 5662 5671 5624
4 5661 5672 5671 5662
4 5663 5666 5671 5672
4 5669 5668 5673 5674
4 5667 5675 5673 5668
4 5676 5677 5673 5675
4 5632 5629 5673 5677
4 5628 5674 5673 5629
4 5628 5635 5678 5674
4 5626 5670 5678 5635
4 5669 5674 5678 5670
4 5632 5677 5679 5637
4 5677 5676 5680 5679
4 5679 5680 5681 5637
4 5637 5681 1946 1943
4 1929 1952 5682 5638
4 5638 5682 5683 5639
4 5682 5684 5685 5683
4 5683 5685 5641 5639
4 5686 5687 5688 5689
4 5647 5644 5688 5687
4 5643 5689 5688 5644
4 5643 5650 5690 5689
4 5641 5685 5690 5650
4 5684 5691 5690 5685
4 5692 5693 5690 5691
4 5686 5689 5690 5693
4 5686 5693 5694 5695
4 5692 5696 5694 5693
4 5697 5695 5694 5696
4 5697 5698 5699 5695
4 5700 5701 5699 5698
4 5653 5652 5699 5701
4 5647 5687 5699 5652
4 5686 5695 5699 5687
4 5653 5701 5702 5656
4 5701 5700 5703 5702
4 5656 5702 5703 5657
4 5657 5703 1953 1934
4 1937 1960 5704 1938
4 1938 5704 5705 1940
4 1940 5705 5706 5707
4 5707 5706 5708 5709
4 1940 5707 5709 5658
4 5658 5709 5710 5659
4 5709 5708 5711 5710
4 5710 5711 5712 5713
4 5659 5710 5713 5661
4 5714 5715 5716 5717
4 5718 5719 5716 5715
4 5667 5664 5716 5719
4 5663 5717 5716 5664
4 5663 5672 5720 5717
4 5661 5713 5720 5672
4 5712 5721 5720 5713
4 5714 5717 5720 5721
4 5667 5719 5722 5675
4 5719 5718 5723 5722
4 5722 5723 5724 5725
4 5675 5722 5725 5676
4 5676 5725 5726 5680
4 5725 5724 5727 5726
4 5680 5726 5727 5681
4 5681 5727 1961 1946
4 1952 1951 1971 5682
4 5682 1971 1975 5684
4 5684 1975 5728 5691
4 1975 5729 5730 5728
4 5728 5730 5692 5691
4 5731 5732 5733 5734
4 5735 5736 5733 5732
4 5700 5698 5733 5736
4 5697 5734 5733 5698
4 5697 5696 5737 5734
4 5692 5730 5737 5696
4 5729 5738 5737 5730
4 5731 5734 5737 5738
4 5700 5736 5739 5703
4 5736 5735 5740 5739
4 5739 5740 5741 5703
4 5703 5741 1955 1953
4 1960 1959 5742 5704
4 5704 5742 5743 5744
4 5744 5743 5745 5746
4 5704 5744 5746 5705
4 5705 5746 5747 5706
4 5746 5745 5748 5747
4 5747 5748 5749 5750
4 5706 5747 5750 5708
4 5751 5752 5753 5754
4 5755 5756 5753 5752
4 5757 5754 5753 5756
4 5757 5758 5759 5754
4 5712 5711 5759 5758
4 5708 5750 5759 5711
4 5749 5760 5759 5750
4 5751 5754 5759 5760
4 5757 5756 5761 5762
4 5755 5763 5761 5756
4 5764 5765 5761 5763
4 5718 5715 5761 5765
4 5714 5762 5761 5715
4 5714 5721 5766 5762
4 5712 5758 5766 5721
4 5757 5762 5766 5758
4 5718 5765 5767 5723
4 5765 5764 5768 5767
4 5723 5767 5768 5724
4 5724 5768 5769 5727
4 5727 5769 1963 1961
4 1975 1974 5770 5771
4 5771 5770 5772 5773
4 1975 5771 5773 5729
4 5774 5775 5776 5777
4 5735 5732 5776 5775
4 5731 5777 5776 5732
4 5731 5738 5778 5777
4 5729 5773 5778 5738
4 5772 5779 5778 5773
4 5780 5781 5778 5779
4 5774 5777 5778 5781
4 5774 5781 5782 5783
4 5780 5784 5782 5781
4 5785 5783 5782 5784
4 5785 5786 5787 5783
4 5788 5789 5787 5786
4 5741 5740 5787 5789
4 5735 5775 5787 5740
4 5774 5783 5787 5775
4 5741 5789 5790 1955
4 5789 5788 5791 5790
4 5790 5791 1976 1955
4 1959 1983 5792 5742
4 5742 5792 5793 5743
4 5792 5794 5795 5793
4 5793 5795 5745 5743
4 5796 5797 5798 5799
4 5800 5801 5798 5797
4 5802 5799 5798 5801
4 5802 5803 5804 5799
4 5749 5748 5804 5803
4 5745 5795 5804 5748
4 5794 5805 5804 5795
4 5796 5799 5804 5805
4 5802 5801 5806 5807
4 5800 5808 5806 5801
4 5809 5810 5806 5808
4 5755 5752 5806 5810
4 5751 5807 5806 5752
4 5751 5760 5811 5807
4 5749 5803 5811 5760
4 5802 5807 5811 5803
4 5755 5810 5812 5763
4 5810 5809 5813 5812
4 5763 5812 5813 5764
4 5764 5813 5814 5768
4 5768 5814 5815 5769
4 5769 5815 1984 1963
4 1974 1973 5816 5770
4 1973 5817 5818 5816
4 5816 5818 5772 5770
4 5772 5818 5819 5779
4 5818 5817 5820 5819
4 5819 5820 5821 5822
4 5779 5819 5822 5780
4 5823 5824 5825 5826
4 5827 5828 5825 5824
4 5788 5786 5825 5828
4 5785 5826 5825 5786
4 5785 5784 5829 5826
4 5780 5822 5829 5784
4 5821 5830 5829 5822
4 5823 5826 5829 5830
4 5788 5828 5831 5791
4 5828 5827 1978 5831
4 5791 5831 1978 1976
4 1983 1982 5832 5792
4 5792 5832 5833 5834
4 5834 5833 5835 5836
4 5792 5834 5836 5794
4 5837 5838 5839 5840
4 5835 5841 5839 5838
4 5842 5843 5839 5841
4 5844 5840 5839 5843
4 5842 5845 5846 5843
4 5847 5848 5846 5845
4 5849 5850 5846 5848
4 5844 5843 5846 5850
4 5849 5851 5852 5850
4 5800 5797 5852 5851
4 5796 5853 5852 5797
4 5844 5850 5852 5853
4 5796 5805 5854 5853
4 5794 5855 5854 5805
4 5837 5840 5854 5855
4 5844 5853 5854 5840
4 5849 5848 5856 5857
4 5847 5858 5856 5848
4 5859 5857 5856 5858
4 5859 5860 5861 5857
4 5862 5863 5861 5860
4 5809 5808 5861 5863
4 5800 5851 5861 5808
4 5849 5857 5861 5851
4 5809 5863 5864 5813
4 5863 5862 5865 5864
4 5864 5865 5866 5813
4 5813 5866 5867 5868
4 5868 5867 5869 5870
4 5813 5868 5870 5814
4 5814 5870 5871 5815
4 5870 5869 5872 5871
4 5871 5872 5873 5815
4 5815 5873 1986 1984
4 1973 1996 5874 5817
4 5817 5874 5875 5820
4 5874 5876 5877 5875
4 5875 5877 5821 5820
4 5878 5879 5880 5881
4 5882 5883 5880 5879
4 5827 5824 5880 5883
4 5823 5881 5880 5824
4 5823 5830 5884 5881
4 5821 5877 5884 5830
4 5876 5885 5884 5877
4 5878 5881 5884 5885
4 5827 5883 5886 1978
4 5883 5882 5887 5886
4 5886 5887 5888 1978
4 1978 5888 5889 1979
4 1979 5889 1997 1980
4 1982 2006 5890 5832
4 5832 5890 5891 5833
4 5890 5892 5893 5891
4 5891 5893 5835 5833
4 5835 5893 5894 5895
4 5893 5892 5896 5894
4 5894 5896 5897 5898
4 5895 5894 5898 5847
4 5899 5900 5901 5902
4 5862 5860 5901 5900
4 5859 5902 5901 5860
4 5859 5858 5903 5902
4 5847 5898 5903 5858
4 5897 5904 5903 5898
4 5905 5906 5903 5904
4 5899 5902 5903 5906
4 5899 5906 5907 5908
4 5905 5909 5907 5906
4 5910 5911 5907 5909
4 5912 5908 5907 5911
4 5912 5913 5914 5908
4 5866 5865 5914 5913
4 5862 5900 5914 5865
4 5899 5908 5914 5900
4 5912 5911 5915 5916
4 5910 5917 5915 5911
4 5918 5916 5915 5917
4 5918 5919 5920 5916
4 5921 5922 5920 5919
4 5869 5867 5920 5922
4 5866 5913 5920 5867
4 5912 5916 5920 5913
4 5869 5922 5923 5872
4 5922 5921 5924 5923
4 5923 5924 5925 5926
4 5872 5923 5926 5873
4 5873 5926 5927 1986
4 5926 5925 5928 5927
4 5927 5928 5929 1986
4 1986 5929 5930 1987
4 1987 5930 2007 1988
4 1996 1995 5931 5874
4 5874 5931 5932 5933
4 5933 5932 5934 5935
4 5874 5933 5935 5876
4 5936 5937 5938 5939
4 5882 5879 5938 5937
4 5878 5939 5938 5879
4 5878 5885 5940 5939
4 5876 5935 5940 5885
4 5934 5941 5940 5935
4 5942 5943 5940 5941
4 5936 5939 5940 5943
4 5936 5943 5944 5945
4 5942 5946 5944 5943
4 5947 5945 5944 5946
4 5947 5948 5949 5945
4 5950 5951 5949 5948
4 5888 5887 5949 5951
4 5882 5937 5949 5887
4 5936 5945 5949 5937
4 5888 5951 5952 5889
4 5951 5950 5953 5952
4 5952 5953 5954 5889
4 5889 5954 1999 1997
4 2006 2005 2034 5890
4 5890 2034 2035 5892
4 5892 2035 5955 5896
4 2035 2037 5956 5955
4 5955 5956 5897 5896
4 5897 5956 5957 5904
4 5956 2037 2040 5957
4 5904 5957 2040 5905
4 5905 2040 5958 5909
4 2040 5959 5960 5958
4 5958 5960 5910 5909
4 5961 5962 5963 5964
4 5921 5919 5963 5962
4 5918 5964 5963 5919
4 5918 5917 5965 5964
4 5910 5960 5965 5917
4 5959 5966 5965 5960
4 5967 5968 5965 5966
4 5961 5964 5965 5968
4 5961 5968 5969 5970
4 5967 5971 5969 5968
4 5972 5970 5969 5971
4 5972 5973 5974 5970
4 5975 5976 5974 5973
4 5925 5924 5974 5976
4 5921 5962 5974 5924
4 5961 5970 5974 5962
4 5925 5976 5977 5928
4 5976 5975 5978 5977
4 5977 5978 5979 5980
4 5928 5977 5980 5929
4 5929 5980 5981 5930
4 5980 5979 5982 5981
4 5981 5982 5983 5930
4 5930 5983 2009 2007
4 1995 2021 5984 5931
4 5931 5984 5985 5932
4 5984 5986 5987 5985
4 5985 5987 5934 5932
4 5934 5987 5988 5941
4 5987 5986 5989 5988
4 5988 5989 5990 5991
4 5941 5988 5991 5942
4 5992 5993 5994 5995
4 5996 5997 5994 5993
4 5950 5948 5994 5997
4 5947 5995 5994 5948
4 5947 5946 5998 5995
4 5942 5991 5998 5946
4 5990 5999 5998 5991
4 5992 5995 5998 5999
4 5950 5997 6000 5953
4 5997 5996 6001 6000
4 6000 6001 6002 6003
4 5953 6000 6003 5954
4 5954 6003 6004 1999
4 6003 6002 6005 6004
4 6004 6005 2022 1999
4 2040 2039 6006 5959
4 5959 6006 6007 5966
4 6006 6008 6009 6007
4 6007 6009 5967 5966
4 6010 6011 6012 6013
4 5975 5973 6012 6011
4 5972 6013 6012 5973
4 5972 5971 6014 6013
4 5967 6009 6014 5971
4 6008 6015 6014 6009
4 6016 6017 6014 6015
4 6010 6013 6014 6017
4 6010 6017 6018 6019
4 6016 6020 6018 6017
4 6021 6019 6018 6020
4 6021 6022 6023 6019
4 6024 6025 6023 6022
4 5979 5978 6023 6025
4 5975 6011 6023 5978
4 6010 6019 6023 6011
4 5979 6025 6026 5982
4 6025 6024 6027 6026
4 6026 6027 6028 6029
4 5982 6026 6029 5983
4 5983 6029 6030 2009
4 6029 6028 6031 6030
4 6030 6031 6032 2009
4 2009 6032 6033 2010
4 2010 6033 2041 2011
4 2021 2020 2055 5984
4 5984 2055 2059 5986
4 5986 2059 6034 5989
4 2059 6035 6036 6034
4 6034 6036 5990 5989
4 6037 6038 6039 6040
4 5996 5993 6039 6038
4 5992 6040 6039 5993
4 5992 5999 6041 6040
4 5990 6036 6041 5999
4 6035 6042 6041 6036
4 6043 6044 6041 6042
4 6037 6040 6041 6044
4 6037 6044 6045 6046
4 6043 6047 6045 6044
4 6048 6046 6045 6047
4 6048 6049 6050 6046
4 6051 6052 6050 6049
4 6002 6001 6050 6052
4 5996 6038 6050 6001
4 6037 6046 6050 6038
4 6002 6052 6053 6005
4 6052 6051 2024 6053
4 6005 6053 2024 2022
4 2039 2038 2066 6006
4 6006 2066 2069 6008
4 6008 2069 6054 6015
4 2069 6055 6056 6054
4 6054 6056 6016 6015
4 6057 6058 6059 6060
4 6024 6022 6059 6058
4 6021 6060 6059 6022
4 6021 6020 6061 6060
4 6016 6056 6061 6020
4 6055 6062 6061 6056
4 6063 6064 6061 6062
4 6057 6060 6061 6064
4 6057 6064 6065 6066
4 6063 6067 6065 6064
4 6068 6069 6065 6067
4 6070 6066 6065 6069
4 6070 6071 6072 6066
4 6028 6027 6072 6071
4 6024 6058 6072 6027
4 6057 6066 6072 6058
4 6070 6069 6073 6074
4 6068 6075 6073 6069
4 6076 6074 6073 6075
4 6076 6077 6078 6074
4 6079 6080 6078 6077
4 6032 6031 6078 6080
4 6028 6071 6078 6031
4 6070 6074 6078 6071
4 6032 6080 6081 6033
4 6080 6079 6082 6081
4 6081 6082 6083 6033
4 6033 6083 2043 2041
4 2059 2058 6084 6035
4 6035 6084 6085 6042
4 6084 6086 6087 6085
4 6085 6087 6043 6042
4 6088 6089 6090 6091
4 6092 6093 6090 6089
4 6051 6049 6090 6093
4 6048 6091 6090 6049
4 6048 6047 6094 6091
4 6043 6087 6094 6047
4 6086 6095 6094 6087
4 6088 6091 6094 6095
4 6051 6093 6096 2024
4 6093 6092 6097 6096
4 6096 6097 6098 2024
4 2024 6098 6099 2025
4 2025 6099 2060 2026
4 2069 2068 6100 6055
4 6055 6100 6101 6062
4 6100 6102 6103 6101
4 6101 6103 6063 6062
4 6063 6103 6104 6067
4 6103 6102 6105 6104
4 6104 6105 6106 6107
4 6067 6104 6107 6068
4 6108 6109 6110 6111
4 6079 6077 6110 6109
4 6076 6111 6110 6077
4 6076 6075 6112 6111
4 6068 6107 6112 6075
4 6106 6113 6112 6107
4 6114 6115 6112 6113
4 6108 6111 6112 6115
4 6108 6115 6116 6117
4 6114 6118 6116 6115
4 6119 6117 6116 6118
4 6119 6120 6121 6117
4 6122 6123 6121 6120
4 6083 6082 6121 6123
4 6079 6109 6121 6082
4 6108 6117 6121 6109
4 6083 6123 6124 2043
4 6123 6122 6125 6124
4 6124 6125 6126 2043
4 2043 6126 6127 2044
4 2044 6127 2070 2045
4 2058 2057 6128 6084
4 6084 6128 6129 6130
4 6130 6129 6131 6132
4 6084 6130 6132 6086
4 6133 6134 6135 6136
4 6137 6138 6135 6134
4 6092 6089 6135 6138
4 6088 6136 6135 6089
4 6088 6095 6139 6136
4 6086 6132 6139 6095
4 6131 6140 6139 6132
4 6133 6136 6139 6140
4 6092 6138 6141 6097
4 6138 6137 6142 6141
4 6141 6142 6143 6144
4 6097 6141 6144 6098
4 6098 6144 6145 6099
4 6144 6143 6146 6145
4 6145 6146 6147 6099
4 6099 6147 2062 2060
4 2068 2067 2089 6100
4 6100 2089 2092 6102
4 6102 2092 6148 6105
4 2092 6149 6150 6148
4 6148 6150 6106 6105
4 6106 6150 6151 6113
4 6150 6149 6152 6151
4 6151 6152 6153 6154
4 6113 6151 6154 6114
4 6155 6156 6157 6158
4 6122 6120 6157 6156
4 6119 6158 6157 6120
4 6119 6118 6159 6158
4 6114 6154 6159 6118
4 6153 6160 6159 6154
4 6161 6162 6159 6160
4 6155 6158 6159 6162
4 6155 6162 6163 6164
4 6161 6165 6163 6162
4 6166 6164 6163 6165
4 6166 6167 6168 6164
4 6169 6170 6168 6167
4 6126 6125 6168 6170
4 6122 6156 6168 6125
4 6155 6164 6168 6156
4 6126 6170 6171 6127
4 6170 6169 6172 6171
4 6171 6172 6173 6127
4 6127 6173 2072 2070
4 2057 2082 6174 6128
4 6128 6174 6175 6129
4 6174 6176 6177 6175
4 6175 6177 6131 6129
4 6178 6179 6180 6181
4 6137 6134 6180 6179
4 6133 6181 6180 6134
4 6133 6140 6182 6181
4 6131 6177 6182 6140
4 6176 6183 6182 6177
4 6184 6185 6182 6183
4 6178 6181 6182 6185
4 6178 6185 6186 6187
4 6184 6188 6186 6185
4 6189 6187 6186 6188
4 6189 6190 6191 6187
4 6192 6193 6191 6190
4 6143 6142 6191 6193
4 6137 6179 6191 6142
4 6178 6187 6191 6179
4 6143 6193 6194 6146
4 6193 6192 6195 6194
4 6146 6194 6195 6147
4 6147 6195 2083 2062
4 2092 2091 6196 6149
4 6149 6196 6197 6152
4 6196 6198 6199 6197
4 6197 6199 6153 6152
4 6153 6199 6200 6160
4 6199 6198 6201 6200
4 6200 6201 6202 6203
4 6160 6200 6203 6161
4 6204 6205 6206 6207
4 6169 6167 6206 6205
4 6166 6207 6206 6167
4 6166 6165 6208 6207
4 6161 6203 6208 6165
4 6202 6209 6208 6203
4 6210 6211 6208 6209
4 6204 6207 6208 6211
4 6204 6211 6212 6213
4 6210 6214 6212 6211
4 6215 6213 6212 6214
4 6215 6216 6217 6213
4 6218 6219 6217 6216
4 6173 6172 6217 6219
4 6169 6205 6217 6172
4 6204 6213 6217 6205
4 6173 6219 6220 2072
4 6219 6218 6221 6220
4 6220 6221 6222 2072
4 2072 6222 6223 6224
4 6224 6223 6225 6226
4 2072 6224 6226 2073
4 2073 6226 6227 2074
4 6226 6225 6228 6227
4 6227 6228 6229 2074
4 2074 6229 6230 2077
4 2077 6230 2093 2078
4 2082 2081 2100 6174
4 6174 2100 2103 6176
4 6176 2103 6231 6183
4 2103 6232 6233 6231
4 6231 6233 6184 6183
4 6234 6235 6236 6237
4 6238 6239 6236 6235
4 6192 6190 6236 6239
4 6189 6237 6236 6190
4 6189 6188 6240 6237
4 6184 6233 6240 6188
4 6232 6241 6240 6233
4 6234 6237 6240 6241
4 6192 6239 6242 6195
4 6239 6238 6243 6242
4 6242 6243 6244 6195
4 6195 6244 2085 2083
4 2091 2090 2114 6196
4 6196 2114 2117 6198
4 6198 2117 6245 6201
4 2117 6246 6247 6245
4 6245 6247 6202 6201
4 6202 6247 6248 6209
4 6247 6246 6249 6248
4 6248 6249 6250 6251
4 6209 6248 6251 6210
4 6252 6253 6254 6255
4 6218 6216 6254 6253
4 6215 6255 6254 6216
4 6215 6214 6256 6255
4 6210 6251 6256 6214
4 6250 6257 6256 6251
4 6258 6259 6256 6257
4 6252 6255 6256 6259
4 6252 6259 6260 6261
4 6258 6262 6260 6259
4 6263 6264 6260 6262
4 6265 6261 6260 6264
4 6265 6266 6267 6261
4 6222 6221 6267 6266
4 6218 6253 6267 6221
4 6252 6261 6267 6253
4 6265 6264 6268 6269
4 6263 6270 6268 6264
4 6271 6269 6268 6270
4 6271 6272 6273 6269
4 6274 6275 6273 6272
4 6225 6223 6273 6275
4 6222 6266 6273 6223
4 6265 6269 6273 6266
4 6225 6275 6276 6228
4 6275 6274 6277 6276
4 6276 6277 6278 6279
4 6228 6276 6279 6229
4 6229 6279 6280 6230
4 6279 6278 6281 6280
4 6280 6281 6282 6230
4 6230 6282 2095 2093
4 2103 2102 6283 6284
4 6284 6283 6285 6286
4 2103 6284 6286 6232
4 6287 6288 6289 6290
4 6238 6235 6289 6288
4 6234 6290 6289 6235
4 6234 6241 6291 6290
4 6232 6286 6291 6241
4 6285 6292 6291 6286
4 6293 6294 6291 6292
4 6287 6290 6291 6294
4 6287 6294 6295 6296
4 6293 6297 6295 6294
4 6298 6296 6295 6297
4 6298 6299 6300 6296
4 6301 6302 6300 6299
4 6244 6243 6300 6302
4 6238 6288 6300 6243
4 6287 6296 6300 6288
4 6244 6302 6303 2085
4 6302 6301 6304 6303
4 6303 6304 2104 2085
4 2117 2116 6305 6246
4 6246 6305 6306 6249
4 6305 6307 6308 6306
4 6306 6308 6250 6249
4 6250 6308 6309 6257
4 6308 6307 6310 6309
4 6257 6309 6310 6258
4 6258 6310 6311 6262
4 6310 6312 6313 6311
4 6311 6313 6263 6262
4 6314 6315 6316 6317
4 6274 6272 6316 6315
4 6271 6317 6316 6272
4 6271 6270 6318 6317
4 6263 6313 6318 6270
4 6312 6319 6318 6313
4 6320 6321 6318 6319
4 6314 6317 6318 6321
4 6314 6321 6322 6323
4 6320 6324 6322 6321
4 6325 6323 6322 6324
4 6325 6326 6327 6323
4 6328 6329 6327 6326
4 6278 6277 6327 6329
4 6274 6315 6327 6277
4 6314 6323 6327 6315
4 6278 6329 6330 6281
4 6329 6328 6331 6330
4 6330 6331 6332 6333
4 6281 6330 6333 6282
4 6282 6333 6334 2095
4 6333 6332 6335 6334
4 6334 6335 6336 2095
4 2095 6336 6337 2096
4 2096 6337 2118 2097
4 2102 2101 6338 6283
4 2101 6339 6340 6338
4 6338 6340 6285 6283
4 6285 6340 6341 6292
4 6340 6339 6342 6341
4 6341 6342 6343 6344
4 6292 6341 6344 6293
4 6345 6346 6347 6348
4 6349 6350 6347 6346
4 6301 6299 6347 6350
4 6298 6348 6347 6299
4 6298 6297 6351 6348
4 6293 6344 6351 6297
4 6343 6352 6351 6344
4 6345 6348 6351 6352
4 6301 6350 6353 6304
4 6350 6349 2106 6353
4 6304 6353 2106 2104
4 2116 2115 2135 6305
4 6305 2135 2138 6307
4 6307 2138 2140 6310
4 6310 2140 2144 6312
4 6312 2144 6354 6319
4 2144 6355 6356 6354
4 6354 6356 6320 6319
4 6357 6358 6359 6360
4 6328 6326 6359 6358
4 6325 6360 6359 6326
4 6325 6324 6361 6360
4 6320 6356 6361 6324
4 6355 6362 6361 6356
4 6363 6364 6361 6362
4 6357 6360 6361 6364
4 6357 6364 6365 6366
4 6363 6367 6365 6364
4 6368 6366 6365 6367
4 6368 6369 6370 6366
4 6371 6372 6370 6369
4 6332 6331 6370 6372
4 6328 6358 6370 6331
4 6357 6366 6370 6358
4 6332 6372 6373 6335
4 6372 6371 6374 6373
4 6373 6374 6375 6376
4 6335 6373 6376 6336
4 6336 6376 6377 6337
4 6376 6375 6378 6377
4 6377 6378 6379 6337
4 6337 6379 2120 2118
4 2101 2130 6380 6339
4 6339 6380 6381 6342
4 6380 6382 6383 6381
4 6381 6383 6343 6342
4 6384 6385 6386 6387
4 6388 6389 6386 6385
4 6349 6346 6386 6389
4 6345 6387 6386 6346
4 6345 6352 6390 6387
4 6343 6383 6390 6352
4 6382 6391 6390 6383
4 6384 6387 6390 6391
4 6349 6389 6392 2106
4 6389 6388 6393 6392
4 6392 6393 6394 2106
4 2106 6394 6395 2107
4 2107 6395 2131 2108
4 2144 2143 6396 6355
4 6355 6396 6397 6362
4 6396 6398 6399 6397
4 6397 6399 6363 6362
4 6400 6401 6402 6403
4 6371 6369 6402 6401
4 6368 6403 6402 6369
4 6368 6367 6404 6403
4 6363 6399 6404 6367
4 6398 6405 6404 6399
4 6406 6407 6404 6405
4 6400 6403 6404 6407
4 6400 6407 6408 6409
4 6406 6410 6408 6407
4 6411 6409 6408 6410
4 6411 6412 6413 6409
4 6414 6415 6413 6412
4 6375 6374 6413 6415
4 6371 6401 6413 6374
4 6400 6409 6413 6401
4 6375 6415 6416 6378
4 6415 6414 6417 6416
4 6416 6417 6418 6419
4 6378 6416 6419 6379
4 6379 6419 6420 2120
4 6419 6418 6421 6420
4 6420 6421 6422 2120
4 2120 6422 6423 2121
4 2121 6423 2145 2122
4 2130 2129 6424 6380
4 6380 6424 6425 6426
4 6426 6425 6427 6428
4 6380 6426 6428 6382
4 6429 6430 6431 6432
4 6388 6385 6431 6430
4 6384 6432 6431 6385
4 6384 6391 6433 6432
4 6382 6428 6433 6391
4 6427 6434 6433 6428
4 6435 6436 6433 6434
4 6429 6432 6433 6436
4 6429 6436 6437 6438
4 6435 6439 6437 6436
4 6440 6438 6437 6439
4 6440 6441 6442 6438
4 6443 6444 6442 6441
4 6394 6393 6442 6444
4 6388 6430 6442 6393
4 6429 6438 6442 6430
4 6394 6444 6445 6395
4 6444 6443 6446 6445
4 6445 6446 6447 6395
4 6395 6447 2133 2131
4 2143 2142 2172 6396
4 6396 2172 2176 6398
4 6398 2176 6448 6405
4 2176 6449 6450 6448
4 6448 6450 6406 6405
4 6451 6452 6453 6454
4 6414 6412 6453 6452
4 6411 6454 6453 6412
4 6411 6410 6455 6454
4 6406 6450 6455 6410
4 6449 6456 6455 6450
4 6457 6458 6455 6456
4 6451 6454 6455 6458
4 6451 6458 6459 6460
4 6457 6461 6459 6458
4 6462 6463 6459 6461
4 6464 6460 6459 6463
4 6464 6465 6466 6460
4 6418 6417 6466 6465
4 6414 6452 6466 6417
4 6451 6460 6466 6452
4 6464 6463 6467 6468
4 6462 6469 6467 6463
4 6470 6468 6467 6469
4 6470 6471 6472 6468
4 6473 6474 6472 6471
4 6422 6421 6472 6474
4 6418 6465 6472 6421
4 6464 6468 6472 6465
4 6422 6474 6475 6423
4 6474 6473 6476 6475
4 6475 6476 6477 6423
4 6423 6477 2147 2145
4 2129 2160 6478 6424
4 6424 6478 6479 6425
4 6478 6480 6481 6479
4 6479 6481 6427 6425
4 6427 6481 6482 6434
4 6481 6480 6483 6482
4 6482 6483 6484 6485
4 6434 6482 6485 6435
4 6486 6487 6488 6489
4 6490 6491 6488 6487
4 6443 6441 6488 6491
4 6440 6489 6488 6441
4 6440 6439 6492 6489
4 6435 6485 6492 6439
4 6484 6493 6492 6485
4 6486 6489 6492 6493
4 6443 6491 6494 6446
4 6491 6490 6495 6494
4 6494 6495 6496 6497
4 6446 6494 6497 6447
4 6447 6497 6498 2133
4 6497 6496 6499 6498
4 6498 6499 2161 2133
4 2176 2175 6500 6449
4 6449 6500 6501 6456
4 6500 6502 6503 6501
4 6501 6503 6457 6456
4 6457 6503 6504 6461
4 6503 6502 6505 6504
4 6504 6505 6506 6507
4 6461 6504 6507 6462
4 6508 6509 6510 6511
4 6473 6471 6510 6509
4 6470 6511 6510 6471
4 6470 6469 6512 6511
4 6462 6507 6512 6469
4 6506 6513 6512 6507
4 6514 6515 6512 6513
4 6508 6511 6512 6515
4 6508 6515 6516 6517
4 6514 6518 6516 6515
4 6519 6517 6516 6518
4 6519 6520 6521 6517
4 6522 6523 6521 6520
4 6477 6476 6521 6523
4 6473 6509 6521 6476
4 6508 6517 6521 6509
4 6477 6523 6524 2147
4 6523 6522 6525 6524
4 6524 6525 6526 2147
4 2147 6526 6527 2148
4 2148 6527 6528 2149
4 2149 6528 6529 2150
4 2150 6529 2177 2152
4 2160 2159 2188 6478
4 6478 2188 2191 6480
4 6480 2191 6530 6483
4 2191 6531 6532 6530
4 6530 6532 6484 6483
4 6533 6534 6535 6536
4 6490 6487 6535 6534
4 6486 6536 6535 6487
4 6486 6493 6537 6536
4 6484 6532 6537 6493
4 6531 6538 6537 6532
4 6539 6540 6537 6538
4 6533 6536 6537 6540
4 6533 6540 6541 6542
4 6539 6543 6541 6540
4 6544 6542 6541 6543
4 6544 6545 6546 6542
4 6547 6548 6546 6545
4 6496 6495 6546 6548
4 6490 6534 6546 6495
4 6533 6542 6546 6534
4 6496 6548 6549 6499
4 6548 6547 2163 6549
4 6499 6549 2163 2161
4 2175 2174 2203 6500
4 6500 2203 2207 6502
4 6502 2207 6550 6505
4 2207 6551 6552 6550
4 6550 6552 6506 6505
4 6506 6552 6553 6513
4 6552 6551 6554 6553
4 6553 6554 6555 6556
4 6513 6553 6556 6514
4 6557 6558 6559 6560
4 6522 6520 6559 6558
4 6519 6560 6559 6520
4 6519 6518 6561 6560
4 6514 6556 6561 6518
4 6555 6562 6561 6556
4 6563 6564 6561 6562
4 6557 6560 6561 6564
4 6557 6564 6565 6566
4 6563 6567 6565 6564
4 6568 6566 6565 6567
4 6568 6569 6570 6566
4 6571 6572 6570 6569
4 6526 6525 6570 6572
4 6522 6558 6570 6525
4 6557 6566 6570 6558
4 6526 6572 6573 6527
4 6572 6571 6574 6573
4 6573 6574 6575 6527
4 6527 6575 6576 6577
4 6577 6576 6578 6579
4 6527 6577 6579 6528
4 6528 6579 6580 6529
4 6579 6578 6581 6580
4 6580 6581 6582 6529
4 6529 6582 2179 2177
4 2191 2190 6583 6531
4 6531 6583 6584 6538
4 6583 6585 6586 6584
4 6584 6586 6539 6538
4 6587 6588 6589 6590
4 6591 6592 6589 6588
4 6547 6545 6589 6592
4 6544 6590 6589 6545
4 6544 6543 6593 6590
4 6539 6586 6593 6543
4 6585 6594 6593 6586
4 6587 6590 6593 6594
4 6547 6592 6595 2163
4 6592 6591 6596 6595
4 6595 6596 6597 2163
4 2163 6597 6598 2164
4 2164 6598 2192 2165
4 2207 2206 6599 6551
4 6551 6599 6600 6554
4 6599 6601 6602 6600
4 6600 6602 6555 6554
4 6555 6602 6603 6562
4 6602 6601 6604 6603
4 6603 6604 6605 6606
4 6562 6603 6606 6563
4 6607 6608 6609 6610
4 6571 6569 6609 6608
4 6568 6610 6609 6569
4 6568 6567 6611 6610
4 6563 6606 6611 6567
4 6605 6612 6611 6606
4 6613 6614 6611 6612
4 6607 6610 6611 6614
4 6607 6614 6615 6616
4 6613 6617 6615 6614
4 6618 6619 6615 6617
4 6620 6616 6615 6619
4 6620 6621 6622 6616
4 6575 6574 6622 6621
4 6571 6608 6622 6574
4 6607 6616 6622 6608
4 6620 6619 6623 6624
4 6618 6625 6623 6619
4 6626 6624 6623 6625
4 6626 6627 6628 6624
4 6629 6630 6628 6627
4 6578 6576 6628 6630
4 6575 6621 6628 6576
4 6620 6624 6628 6621
4 6578 6630 6631 6581
4 6630 6629 6632 6631
4 6631 6632 6633 6634
4 6581 6631 6634 6582
4 6582 6634 6635 2179
4 6634 6633 6636 6635
4 6635 6636 6637 2179
4 2179 6637 6638 2180
4 2180 6638 2208 2181
4 2190 2189 6639 6583
4 6583 6639 6640 6641
4 6641 6640 6642 6643
4 6583 6641 6643 6585
4 6644 6645 6646 6647
4 6648 6649 6646 6645
4 6591 6588 6646 6649
4 6587 6647 6646 6588
4 6587 6594 6650 6647
4 6585 6643 6650 6594
4 6642 6651 6650 6643
4 6644 6647 6650 6651
4 6591 6649 6652 6596
4 6649 6648 6653 6652
4 6652 6653 6654 6655
4 6596 6652 6655 6597
4 6597 6655 6656 6598
4 6655 6654 6657 6656
4 6656 6657 6658 6598
4 6598 6658 2194 2192
4 2206 2205 2238 6599
4 6599 2238 2242 6601
4 6601 2242 6659 6604
4 2242 2244 6660 6659
4 6659 6660 6605 6604
4 6605 6660 6661 6612
4 6660 2244 2248 6661
4 6612 6661 2248 6613
4 6613 2248 6662 6617
4 2248 6663 6664 6662
4 6662 6664 6618 6617
4 6665 6666 6667 6668
4 6629 6627 6667 6666
4 6626 6668 6667 6627
4 6626 6625 6669 6668
4 6618 6664 6669 6625
4 6663 6670 6669 6664
4 6671 6672 6669 6670
4 6665 6668 6669 6672
4 6665 6672 6673 6674
4 6671 6675 6673 6672
4 6676 6674 6673 6675
4 6676 6677 6678 6674
4 6679 6680 6678 6677
4 6633 6632 6678 6680
4 6629 6666 6678 6632
4 6665 6674 6678 6666
4 6633 6680 6681 6636
4 6680 6679 6682 6681
4 6681 6682 6683 6684
4 6636 6681 6684 6637
4 6637 6684 6685 6638
4 6684 6683 6686 6685
4 6685 6686 6687 6638
4 6638 6687 2210 2208
4 2189 2220 6688 6639
4 6639 6688 6689 6640
4 6688 6690 6691 6689
4 6689 6691 6642 6640
4 6692 6693 6694 6695
4 6648 6645 6694 6693
4 6644 6695 6694 6645
4 6644 6651 6696 6695
4 6642 6691 6696 6651
4 6690 6697 6696 6691
4 6698 6699 6696 6697
4 6692 6695 6696 6699
4 6692 6700 6701 6702
4 6703 6704 6701 6700
4 6705 6702 6701 6704
4 6703 6706 6707 6704
4 6698 6708 6707 6706
4 6709 6710 6707 6708
4 6705 6704 6707 6710
4 6709 6711 6712 6710
4 6713 6714 6712 6711
4 6705 6710 6712 6714
4 6713 6715 6716 6714
4 6717 6718 6716 6715
4 6654 6653 6716 6718
4 6648 6693 6716 6653
4 6692 6702 6716 6693
4 6705 6714 6716 6702
4 6654 6718 6719 6657
4 6718 6717 6720 6719
4 6657 6719 6720 6658
4 6658 6720 2221 2194
4 2248 2247 6721 6663
4 6663 6721 6722 6670
4 6721 6723 6724 6722
4 6722 6724 6671 6670
4 6725 6726 6727 6728
4 6679 6677 6727 6726
4 6676 6728 6727 6677
4 6676 6675 6729 6728
4 6671 6724 6729 6675
4 6723 6730 6729 6724
4 6731 6732 6729 6730
4 6725 6728 6729 6732
4 6725 6732 6733 6734
4 6731 6735 6733 6732
4 6736 6734 6733 6735
4 6736 6737 6738 6734
4 6739 6740 6738 6737
4 6683 6682 6738 6740
4 6679 6726 6738 6682
4 6725 6734 6738 6726
4 6683 6740 6741 6686
4 6740 6739 6742 6741
4 6741 6742 6743 6744
4 6686 6741 6744 6687
4 6687 6744 6745 2210
4 6744 6743 6746 6745
4 6745 6746 6747 2210
4 2210 6747 6748 2211
4 2211 6748 2249 2212
4 2220 2219 6749 6688
4 6688 6749 6750 6751
4 6751 6750 6752 6753
4 6688 6751 6753 6690
4 6690 6753 6754 6697
4 6753 6752 6755 6754
4 6754 6755 6756 6757
4 6697 6754 6757 6698
4 6758 6759 6760 6761
4 6762 6763 6760 6759
4 6717 6764 6760 6763
4 6709 6761 6760 6764
4 6709 6708 6765 6761
4 6698 6757 6765 6708
4 6756 6766 6765 6757
4 6758 6761 6765 6766
4 6717 6763 6767 6720
4 6763 6762 6768 6767
4 6767 6768 6769 6720
4 6720 6769 2223 2221
4 2247 2246 6770 6721
4 6721 6770 6771 6723
4 6723 6771 6772 6730
4 6771 6773 6774 6772
4 6772 6774 6731 6730
4 6775 6776 6777 6778
4 6739 6737 6777 6776
4 6736 6778 6777 6737
4 6736 6735 6779 6778
4 6731 6774 6779 6735
4 6773 6780 6779 6774
4 6781 6782 6779 6780
4 6775 6778 6779 6782
4 6775 6782 6783 6784
4 6781 6785 6783 6782
4 6786 6784 6783 6785
4 6786 6787 6788 6784
4 6789 6790 6788 6787
4 6743 6742 6788 6790
4 6739 6776 6788 6742
4 6775 6784 6788 6776
4 6743 6790 6791 6746
4 6790 6789 6792 6791
4 6791 6792 6793 6794
4 6746 6791 6794 6747
4 6747 6794 6795 6748
4 6794 6793 6796 6795
4 6795 6796 6797 6748
4 6748 6797 2251 2249
4 2219 2255 6798 6749
4 6749 6798 6799 6750
4 6798 6800 6801 6799
4 6799 6801 6752 6750
4 6802 6803 6804 6805
4 6806 6807 6804 6803
4 6808 6805 6804 6807
4 6808 6809 6810 6805
4 6756 6755 6810 6809
4 6752 6801 6810 6755
4 6800 6811 6810 6801
4 6802 6805 6810 6811
4 6808 6807 6812 6813
4 6806 6814 6812 6807
4 6815 6816 6812 6814
4 6762 6759 6812 6816
4 6758 6813 6812 6759
4 6758 6766 6817 6813
4 6756 6809 6817 6766
4 6808 6813 6817 6809
4 6762 6816 6818 6768
4 6816 6815 6819 6818
4 6768 6818 6819 6769
4 6769 6819 2256 2223
4 2231 2276 6820 2234
4 2234 6820 6821 2235
4 2235 6821 6822 2239
4 2239 6822 6823 2240
4 2240 6823 6824 2245
4 2245 6824 6825 2246
4 2246 6825 6826 6827
4 6827 6826 6828 6829
4 2246 6827 6829 6770
4 6770 6829 6830 6771
4 6829 6828 6831 6830
4 6830 6831 6832 6771
4 6771 6832 6833 6834
4 6834 6833 6835 6836
4 6771 6834 6836 6773
4 6837 6838 6839 6840
4 6841 6842 6839 6838
4 6843 6840 6839 6842
4 6843 6844 6845 6840
4 6781 6780 6845 6844
4 6773 6836 6845 6780
4 6835 6846 6845 6836
4 6837 6840 6845 6846
4 6843 6842 6847 6848
4 6841 6849 6847 6842
4 6850 6851 6847 6849
4 6852 6848 6847 6851
4 6853 6854 6855 6856
4 6789 6787 6855 6854
4 6786 6856 6855 6787
4 6786 6785 6857 6856
4 6781 6844 6857 6785
4 6843 6848 6857 6844
4 6852 6858 6857 6848
4 6853 6856 6857 6858
4 6853 6858 6859 6860
4 6852 6861 6859 6858
4 6862 6860 6859 6861
4 6852 6851 6863 6861
4 6850 6864 6863 6851
4 6865 6866 6863 6864
4 6867 6868 6863 6866
4 6862 6861 6863 6868
4 6867 6869 6870 6868
4 6793 6871 6870 6869
4 6872 6873 6870 6871
4 6862 6868 6870 6873
4 6872 6874 6875 6873
4 6789 6854 6875 6874
4 6853 6860 6875 6854
4 6862 6873 6875 6860
4 6793 6876 6877 6796
4 6876 6865 6878 6877
4 6796 6877 6878 6797
4 6797 6878 2277 2251
4 2255 2254 6879 6798
4 6798 6879 6880 6881
4 6881 6880 6882 6883
4 6798 6881 6883 6800
4 6884 6885 6886 6887
4 6888 6889 6886 6885
4 6806 6803 6886 6889
4 6802 6887 6886 6803
4 6802 6811 6890 6887
4 6800 6883 6890 6811
4 6882 6891 6890 6883
4 6884 6887 6890 6891
4 6806 6889 6892 6814
4 6889 6888 2286 6892
4 6814 6892 2286 6815
4 6815 2286 2289 6819
4 6819 2289 2258 2256
4 2276 2275 6893 6820
4 6820 6893 6894 6895
4 6895 6894 6896 6897
4 6820 6895 6897 6821
4 6821 6897 6898 6822
4 6897 6896 6899 6898
4 6898 6899 6900 6822
4 6822 6900 6901 6902
4 6902 6901 6903 6904
4 6822 6902 6904 6823
4 6823 6904 6905 6824
4 6904 6903 6906 6905
4 6905 6906 6907 6824
4 6824 6907 6908 6909
4 6909 6908 6910 6911
4 6824 6909 6911 6825
4 6912 6913 6914 6915
4 6916 6917 6914 6913
4 6918 6915 6914 6917
4 6918 6919 6920 6915
4 6828 6826 6920 6919
4 6825 6911 6920 6826
4 6910 6921 6920 6911
4 6912 6915 6920 6921
4 6918 6917 6922 6923
4 6916 6924 6922 6917
4 6925 6926 6922 6924
4 6927 6923 6922 6926
4 6927 6928 6929 6923
4 6832 6831 6929 6928
4 6828 6919 6929 6831
4 6918 6923 6929 6919
4 6927 6926 6930 6931
4 6925 6932 6930 6926
4 6933 6934 6930 6932
4 6935 6931 6930 6934
4 6935 6936 6937 6931
4 6835 6833 6937 6936
4 6832 6928 6937 6833
4 6927 6931 6937 6928
4 6935 6934 6938 6939
4 6933 6940 6938 6934
4 6941 6942 6938 6940
4 6841 6838 6938 6942
4 6837 6939 6938 6838
4 6837 6846 6943 6939
4 6835 6936 6943 6846
4 6935 6939 6943 6936
4 6841 6942 6944 6849
4 6942 6941 6945 6944
4 6944 6945 6946 6947
4 6849 6944 6947 6850
4 6850 6947 6948 6864
4 6947 6946 2315 6948
4 6864 6948 2315 6865
4 6865 2315 2318 6878
4 6878 2318 2279 2277
4 2254 2285 6949 6879
4 6879 6949 6950 6880
4 6949 6951 6952 6950
4 6950 6952 6882 6880
4 6953 6954 6955 6956
4 6957 6958 6955 6954
4 6888 6885 6955 6958
4 6884 6956 6955 6885
4 6884 6891 6959 6956
4 6882 6952 6959 6891
4 6951 6960 6959 6952
4 6953 6956 6959 6960
4 6888 6958 6961 2286
4 6958 6957 6962 6961
4 6961 6962 2287 2286
4 2264 2314 6963 2267
4 2267 6963 6964 2268
4 2268 6964 6965 2269
4 2269 6965 6966 2271
4 2271 6966 6967 6968
4 6968 6967 6969 6970
4 2271 6968 6970 2274
4 2274 6970 6971 2275
4 6970 6969 6972 6971
4 6971 6972 6973 2275
4 2275 6973 6974 6975
4 6975 6974 6976 6977
4 2275 6975 6977 6893
4 6893 6977 6978 6894
4 6977 6976 6979 6978
4 6978 6979 6980 6981
4 6894 6978 6981 6896
4 6982 6983 6984 6985
4 6986 6987 6984 6983
4 6988 6985 6984 6987
4 6988 6989 6990 6985
4 6900 6899 6990 6989
4 6896 6981 6990 6899
4 6980 6991 6990 6981
4 6982 6985 6990 6991
4 6988 6987 6992 6993
4 6986 6994 6992 6987
4 6995 6996 6992 6994
4 6997 6993 6992 6996
4 6997 6998 6999 6993
4 6903 6901 6999 6998
4 6900 6989 6999 6901
4 6988 6993 6999 6989
4 6997 6996 7000 7001
4 6995 7002 7000 6996
4 7003 7004 7000 7002
4 7005 7001 7000 7004
4 7005 7006 7007 7001
4 6907 6906 7007 7006
4 6903 6998 7007 6906
4 6997 7001 7007 6998
4 7005 7004 7008 7009
4 7003 7010 7008 7004
4 7011 7012 7008 7010
4 7013 7009 7008 7012
4 7013 7014 7015 7009
4 6910 6908 7015 7014
4 6907 7006 7015 6908
4 7005 7009 7015 7006
4 7013 7012 7016 7017
4 7011 7018 7016 7012
4 7019 7020 7016 7018
4 6916 6913 7016 7020
4 6912 7017 7016 6913
4 6912 6921 7021 7017
4 6910 7014 7021 6921
4 7013 7017 7021 7014
4 6916 7020 7022 6924
4 7020 7019 7023 7022
4 7022 7023 7024 7025
4 6924 7022 7025 6925
4 6925 7025 7026 6932
4 7025 7024 7027 7026
4 6932 7026 7027 6933
4 6933 7027 7028 6940
4 7027 7029 7030 7028
4 7028 7030 6941 6940
4 6941 7030 7031 6945
4 7030 7029 7032 7031
4 6945 7031 7032 6946
4 6946 7032 2316 2315
4 2285 2284 7033 6949
4 6949 7033 7034 7035
4 7035 7034 7036 7037
4 6949 7035 7037 6951
4 7038 7039 7040 7041
4 7042 7043 7040 7039
4 6957 6954 7040 7043
4 6953 7041 7040 6954
4 6953 6960 7044 7041
4 6951 7037 7044 6960
4 7036 7045 7044 7037
4 7038 7041 7044 7045
4 6957 7043 7046 6962
4 7043 7042 2290 7046
4 6962 7046 2290 2287
4 2314 2313 7047 6963
4 6963 7047 7048 7049
4 7049 7048 7050 7051
4 6963 7049 7051 6964
4 6964 7051 7052 6965
4 7051 7050 7053 7052
4 7052 7053 7054 6965
4 6965 7054 7055 7056
4 7056 7055 7057 7058
4 6965 7056 7058 6966
4 6966 7058 7059 6967
4 7058 7057 7060 7059
4 7059 7060 7061 7062
4 6967 7059 7062 6969
4 7063 7064 7065 7066
4 7067 7068 7065 7064
4 7069 7066 7065 7068
4 7069 7070 7071 7066
4 6973 6972 7071 7070
4 6969 7062 7071 6972
4 7061 7072 7071 7062
4 7063 7066 7071 7072
4 7069 7068 7073 7074
4 7067 7075 7073 7068
4 7076 7077 7073 7075
4 7078 7074 7073 7077
4 7078 7079 7080 7074
4 6976 6974 7080 7079
4 6973 7070 7080 6974
4 7069 7074 7080 7070
4 7078 7077 7081 7082
4 7076 7083 7081 7077
4 7084 7085 7081 7083
4 7086 7082 7081 7085
4 7086 7087 7088 7082
4 6980 6979 7088 7087
4 6976 7079 7088 6979
4 7078 7082 7088 7079
4 7086 7085 7089 7090
4 7084 7091 7089 7085
4 7092 7093 7089 7091
4 6986 6983 7089 7093
4 6982 7090 7089 6983
4 6982 6991 7094 7090
4 6980 7087 7094 6991
4 7086 7090 7094 7087
4 6986 7093 7095 6994
4 7093 7092 2347 7095
4 6994 7095 2347 6995
4 6995 2347 7096 7002
4 2347 2350 7097 7096
4 7096 7097 7003 7002
4 7003 7097 7098 7010
4 7097 2350 2352 7098
4 7010 7098 2352 7011
4 7011 2352 7099 7018
4 2352 2354 7100 7099
4 7099 7100 7019 7018
4 7019 7100 7101 7023
4 7100 2354 2356 7101
4 7023 7101 2356 7024
4 7024 2356 2358 7027
4 7027 2358 2359 7029
4 7029 2359 2361 7032
4 7032 2361 2319 2316
4 2284 2327 7102 7033
4 7033 7102 7103 7034
4 7102 7104 7105 7103
4 7103 7105 7036 7034
4 7106 7107 7108 7109
4 7110 7111 7108 7107
4 7042 7039 7108 7111
4 7038 7109 7108 7039
4 7038 7045 7112 7109
4 7036 7105 7112 7045
4 7104 7113 7112 7105
4 7106 7109 7112 7113
4 7042 7111 7114 2290
4 7111 7110 7115 7114
4 7114 7115 2328 2290
4 2302 2346 7116 2305
4 2305 7116 7117 2306
4 2306 7117 7118 2307
4 2307 7118 7119 2309
4 2309 7119 7120 7121
4 7121 7120 7122 7123
4 2309 7121 7123 2312
4 2312 7123 7124 2313
4 7123 7122 7125 7124
4 7124 7125 7126 2313
4 2313 7126 7127 7128
4 7128 7127 7129 7130
4 2313 7128 7130 7047
4 7047 7130 7131 7048
4 7130 7129 7132 7131
4 7131 7132 7133 7134
4 7048 7131 7134 7050
4 7135 7136 7137 7138
4 7139 7140 7137 7136
4 7141 7138 7137 7140
4 7141 7142 7143 7138
4 7054 7053 7143 7142
4 7050 7134 7143 7053
4 7133 7144 7143 7134
4 7135 7138 7143 7144
4 7141 7140 7145 7146
4 7139 7147 7145 7140
4 7148 7149 7145 7147
4 7150 7146 7145 7149
4 7150 7151 7152 7146
4 7057 7055 7152 7151
4 7054 7142 7152 7055
4 7141 7146 7152 7142
4 7150 7149 7153 7154
4 7148 7155 7153 7149
4 7156 7157 7153 7155
4 7158 7154 7153 7157
4 7158 7159 7160 7154
4 7061 7060 7160 7159
4 7057 7151 7160 7060
4 7150 7154 7160 7151
4 7158 7157 7161 7162
4 7156 7163 7161 7157
4 7164 7165 7161 7163
4 7067 7064 7161 7165
4 7063 7162 7161 7064
4 7063 7072 7166 7162
4 7061 7159 7166 7072
4 7158 7162 7166 7159
4 7067 7165 7167 7075
4 7165 7164 7168 7167
4 7075 7167 7168 7076
4 7076 7168 7169 7083
4 7168 7170 7171 7169
4 7169 7171 7084 7083
4 7084 7171 7172 7091
4 7171 7170 7173 7172
4 7091 7172 7173 7092
4 7092 7173 2348 2347
4 2327 2326 7174 7102
4 7102 7174 7175 7176
4 7176 7175 7177 7178
4 7102 7176 7178 7104
4 7179 7180 7181 7182
4 7183 7184 7181 7180
4 7110 7107 7181 7184
4 7106 7182 7181 7107
4 7106 7113 7185 7182
4 7104 7178 7185 7113
4 7177 7186 7185 7178
4 7179 7182 7185 7186
4 7110 7184 7187 7115
4 7184 7183 2330 7187
4 7115 7187 2330 2328
4 2346 2345 7188 7116
4 7116 7188 7189 7190
4 7190 7189 7191 7192
4 7116 7190 7192 7117
4 7117 7192 7193 7118
4 7192 7191 7194 7193
4 7193 7194 7195 7118
4 7118 7195 7196 7197
4 7197 7196 7198 7199
4 7118 7197 7199 7119
4 7119 7199 7200 7120
4 7199 7198 7201 7200
4 7200 7201 7202 7203
4 7120 7200 7203 7122
4 7204 7205 7206 7207
4 7208 7209 7206 7205
4 7210 7207 7206 7209
4 7210 7211 7212 7207
4 7126 7125 7212 7211
4 7122 7203 7212 7125
4 7202 7213 7212 7203
4 7204 7207 7212 7213
4 7210 7209 7214 7215
4 7208 7216 7214 7209
4 7217 7218 7214 7216
4 7219 7215 7214 7218
4 7219 7220 7221 7215
4 7129 7127 7221 7220
4 7126 7211 7221 7127
4 7210 7215 7221 7211
4 7219 7218 7222 7223
4 7217 7224 7222 7218
4 7225 7226 7222 7224
4 7227 7223 7222 7226
4 7227 7228 7229 7223
4 7133 7132 7229 7228
4 7129 7220 7229 7132
4 7219 7223 7229 7220
4 7227 7226 7230 7231
4 7225 7232 7230 7226
4 7233 7234 7230 7232
4 7139 7136 7230 7234
4 7135 7231 7230 7136
4 7135 7144 7235 7231
4 7133 7228 7235 7144
4 7227 7231 7235 7228
4 7139 7234 7236 7147
4 7234 7233 2380 7236
4 7147 7236 2380 7148
4 7148 2380 7237 7155
4 2380 2383 7238 7237
4 7237 7238 7156 7155
4 7156 7238 7239 7163
4 7238 2383 2386 7239
4 7163 7239 2386 7164
4 7164 2386 2388 7168
4 7168 2388 2391 7170
4 7170 2391 2393 7173
4 7173 2393 2351 2348
4 2326 2367 7240 7241
4 7241 7240 7242 7243
4 2326 7241 7243 7174
4 7174 7243 7244 7175
4 7243 7242 7245 7244
4 7244 7245 7246 7247
4 7175 7244 7247 7177
4 7248 7249 7250 7251
4 7252 7253 7250 7249
4 7183 7180 7250 7253
4 7179 7251 7250 7180
4 7179 7186 7254 7251
4 7177 7247 7254 7186
4 7246 7255 7254 7247
4 7248 7251 7254 7255
4 7183 7253 7256 2330
4 7253 7252 7257 7256
4 7256 7257 2368 2330
4 2334 2379 7258 2337
4 2337 7258 7259 2338
4 2338 7259 7260 2339
4 2339 7260 7261 2341
4 2341 7261 7262 7263
4 7263 7262 7264 7265
4 2341 7263 7265 2344
4 2344 7265 7266 2345
4 7265 7264 7267 7266
4 7266 7267 7268 2345
4 2345 7268 7269 7270
4 7270 7269 7271 7272
4 2345 7270 7272 7188
4 7273 7274 7275 7276
4 7277 7278 7275 7274
4 7279 7276 7275 7278
4 7279 7280 7281 7276
4 7191 7189 7281 7280
4 7188 7272 7281 7189
4 7271 7282 7281 7272
4 7273 7276 7281 7282
4 7279 7278 7283 7284
4 7277 7285 7283 7278
4 7286 7287 7283 7285
4 7288 7284 7283 7287
4 7288 7289 7290 7284
4 7195 7194 7290 7289
4 7191 7280 7290 7194
4 7279 7284 7290 7280
4 7288 7287 7291 7292
4 7286 7293 7291 7287
4 7294 7295 7291 7293
4 7296 7292 7291 7295
4 7296 7297 7298 7292
4 7198 7196 7298 7297
4 7195 7289 7298 7196
4 7288 7292 7298 7289
4 7296 7295 7299 7300
4 7294 7301 7299 7295
4 7302 7303 7299 7301
4 7304 7300 7299 7303
4 7304 7305 7306 7300
4 7202 7201 7306 7305
4 7198 7297 7306 7201
4 7296 7300 7306 7297
4 7304 7303 7307 7308
4 7302 7309 7307 7303
4 7310 7311 7307 7309
4 7208 7205 7307 7311
4 7204 7308 7307 7205
4 7204 7213 7312 7308
4 7202 7305 7312 7213
4 7304 7308 7312 7305
4 7208 7311 7313 7216
4 7311 7310 7314 7313
4 7216 7313 7314 7217
4 7217 7314 7315 7224
4 7314 7316 7317 7315
4 7315 7317 7225 7224
4 7225 7317 7318 7232
4 7317 7316 7319 7318
4 7232 7318 7319 7233
4 7233 7319 2381 2380
4 2367 2366 7320 7240
4 2366 7321 7322 7320
4 7320 7322 7242 7240
4 7323 7324 7325 7326
4 7327 7328 7325 7324
4 7329 7326 7325 7328
4 7329 7330 7331 7326
4 7246 7245 7331 7330
4 7242 7322 7331 7245
4 7321 7332 7331 7322
4 7323 7326 7331 7332
4 7329 7328 7333 7334
4 7327 7335 7333 7328
4 7336 7337 7333 7335
4 7252 7249 7333 7337
4 7248 7334 7333 7249
4 7248 7255 7338 7334
4 7246 7330 7338 7255
4 7329 7334 7338 7330
4 7252 7337 7339 7257
4 7337 7336 2370 7339
4 7257 7339 2370 2368
4 2379 2378 7340 7258
4 7258 7340 7341 7342
4 7342 7341 7343 7344
4 7258 7342 7344 7259
4 7259 7344 7345 7260
4 7344 7343 7346 7345
4 7345 7346 7347 7260
4 7260 7347 7348 7349
4 7349 7348 7350 7351
4 7260 7349 7351 7261
4 7352 7353 7354 7355
4 7356 7357 7354 7353
4 7358 7355 7354 7357
4 7358 7359 7360 7355
4 7264 7262 7360 7359
4 7261 7351 7360 7262
4 7350 7361 7360 7351
4 7352 7355 7360 7361
4 7358 7357 7362 7363
4 7356 7364 7362 7357
4 7365 7366 7362 7364
4 7367 7363 7362 7366
4 7367 7368 7369 7363
4 7268 7267 7369 7368
4 7264 7359 7369 7267
4 7358 7363 7369 7359
4 7367 7366 7370 7371
4 7365 7372 7370 7366
4 7373 7374 7370 7372
4 7375 7371 7370 7374
4 7375 7376 7377 7371
4 7271 7269 7377 7376
4 7268 7368 7377 7269
4 7367 7371 7377 7368
4 7375 7374 7378 7379
4 7373 7380 7378 7374
4 7381 7382 7378 7380
4 7277 7274 7378 7382
4 7273 7379 7378 7274
4 7273 7282 7383 7379
4 7271 7376 7383 7282
4 7375 7379 7383 7376
4 7277 7382 7384 7285
4 7382 7381 7385 7384
4 7384 7385 7386 7387
4 7285 7384 7387 7286
4 7286 7387 7388 7293
4 7387 7386 2404 7388
4 7293 7388 2404 7294
4 7294 2404 7389 7301
4 2404 2407 7390 7389
4 7389 7390 7302 7301
4 7302 7390 7391 7309
4 7390 2407 2409 7391
4 7309 7391 2409 7310
4 7310 2409 2411 7314
4 7314 2411 2413 7316
4 7316 2413 2415 7319
4 7319 2415 2384 2381
4 2366 2397 7392 7393
4 7393 7392 7394 7395
4 2366 7393 7395 7321
4 7396 7397 7398 7399
4 7400 7401 7398 7397
4 7327 7324 7398 7401
4 7323 7399 7398 7324
4 7323 7332 7402 7399
4 7321 7395 7402 7332
4 7394 7403 7402 7395
4 7396 7399 7402 7403
4 7327 7401 7404 7335
4 7401 7400 7405 7404
4 7335 7404 7405 7336
4 7336 7405 2398 2370
4 2374 2403 7406 7407
4 7407 7406 7408 7409
4 2374 7407 7409 2377
4 2377 7409 7410 2378
4 7409 7408 7411 7410
4 7410 7411 7412 2378
4 2378 7412 7413 7414
4 7414 7413 7415 7416
4 2378 7414 7416 7340
4 7417 7418 7419 7420
4 7421 7422 7419 7418
4 7423 7420 7419 7422
4 7423 7424 7425 7420
4 7343 7341 7425 7424
4 7340 7416 7425 7341
4 7415 7426 7425 7416
4 7417 7420 7425 7426
4 7423 7422 7427 7428
4 7421 7429 7427 7422
4 7430 7431 7427 7429
4 7432 7428 7427 7431
4 7432 7433 7434 7428
4 7347 7346 7434 7433
4 7343 7424 7434 7346
4 7423 7428 7434 7424
4 7432 7431 7435 7436
4 7430 7437 7435 7431
4 7438 7439 7435 7437
4 7440 7436 7435 7439
4 7440 7441 7442 7436
4 7350 7348 7442 7441
4 7347 7433 7442 7348
4 7432 7436 7442 7433
4 7440 7439 7443 7444
4 7438 7445 7443 7439
4 7446 7447 7443 7445
4 7356 7353 7443 7447
4 7352 7444 7443 7353
4 7352 7361 7448 7444
4 7350 7441 7448 7361
4 7440 7444 7448 7441
4 7356 7447 7449 7364
4 7447 7446 7450 7449
4 7449 7450 7451 7452
4 7364 7449 7452 7365
4 7365 7452 7453 7372
4 7452 7451 7454 7453
4 7372 7453 7454 7373
4 7373 7454 7455 7380
4 7454 7456 7457 7455
4 7455 7457 7381 7380
4 7381 7457 7458 7385
4 7457 7456 7459 7458
4 7385 7458 7459 7386
4 7386 7459 2405 2404
4 2397 2396 7460 7392
4 2396 7461 7462 7460
4 7460 7462 7394 7392
4 7463 7464 7465 7466
4 7467 7468 7465 7464
4 7400 7397 7465 7468
4 7396 7466 7465 7397
4 7396 7403 7469 7466
4 7394 7462 7469 7403
4 7461 7470 7469 7462
4 7463 7466 7469 7470
4 7400 7468 7471 7405
4 7468 7467 7472 7471
4 7471 7472 7473 7405
4 7405 7473 2400 2398
4 2403 2402 7474 7406
4 2402 7475 7476 7474
4 7474 7476 7408 7406
4 7477 7478 7479 7480
4 7481 7482 7479 7478
4 7483 7484 7479 7482
4 7485 7480 7479 7484
4 7483 7486 7487 7484
4 7488 7489 7487 7486
4 7485 7484 7487 7489
4 7485 7490 7491 7480
4 7492 7493 7491 7490
4 7477 7480 7491 7493
4 7494 7495 7496 7497
4 7408 7498 7496 7495
4 7499 7500 7496 7498
4 7485 7497 7496 7500
4 7499 7501 7502 7500
4 7476 7503 7502 7501
4 7485 7500 7502 7503
4 7485 7504 7505 7497
4 7411 7506 7505 7504
4 7494 7497 7505 7506
4 7507 7508 7509 7510
4 7475 7511 7509 7508
4 7512 7513 7509 7511
4 7485 7510 7509 7513
4 7512 7514 7515 7513
4 7492 7490 7515 7514
4 7485 7513 7515 7490
4 7485 7503 7516 7510
4 7476 7517 7516 7503
4 7507 7510 7516 7517
4 7485 7489 7518 7519
4 7488 7520 7518 7489
4 7521 7519 7518 7520
4 7521 7522 7523 7519
4 7412 7524 7523 7522
4 7525 7526 7523 7524
4 7485 7519 7523 7526
4 7525 7527 7528 7526
4 7411 7504 7528 7527
4 7485 7526 7528 7504
4 7488 7483 7529 7530
4 7481 7531 7529 7483
4 7532 7533 7529 7531
4 7534 7530 7529 7533
4 7534 7535 7536 7530
4 7415 7413 7536 7535
4 7412 7521 7536 7413
4 7488 7530 7536 7521
4 7534 7533 7537 7538
4 7532 7539 7537 7533
4 7540 7541 7537 7539
4 7421 7418 7537 7541
4 7417 7538 7537 7418
4 7417 7426 7542 7538
4 7415 7535 7542 7426
4 7534 7538 7542 7535
4 7421 7541 7543 7429
4 7541 7540 7544 7543
4 7543 7544 7545 7546
4 7429 7543 7546 7430
4 7430 7546 7547 7437
4 7546 7545 2432 7547
4 7437 7547 2432 7438
4 7438 2432 7548 7445
4 2432 2435 7549 7548
4 7548 7549 7446 7445
4 7446 7549 7550 7450
4 7549 2435 2438 7550
4 7450 7550 2438 7451
4 7451 2438 2440 7454
4 7454 2440 2443 7456
4 7456 2443 2445 7459
4 7459 2445 2408 2405
4 2396 2421 7551 7552
4 7552 7551 7553 7554
4 2396 7552 7554 7461
4 7555 7556 7557 7558
4 7559 7560 7557 7556
4 7467 7464 7557 7560
4 7463 7558 7557 7464
4 7463 7470 7561 7558
4 7461 7554 7561 7470
4 7553 7562 7561 7554
4 7555 7558 7561 7562
4 7467 7560 7563 7472
4 7560 7559 7564 7563
4 7472 7563 7564 7473
4 7473 7564 2422 2400
4 2402 2431 7565 7566
4 7566 7565 7567 7568
4 2402 7566 7568 7475
4 7569 7570 7571 7572
4 7573 7574 7571 7570
4 7481 7477 7571 7574
4 7492 7572 7571 7477
4 7492 7512 7575 7572
4 7475 7568 7575 7512
4 7567 7576 7575 7568
4 7569 7572 7575 7576
4 7481 7574 7577 7531
4 7574 7573 7578 7577
4 7531 7577 7578 7532
4 7532 7578 7579 7539
4 7578 7580 7581 7579
4 7579 7581 7540 7539
4 7540 7581 7582 7544
4 7581 7580 7583 7582
4 7544 7582 7583 7545
4 7545 7583 2433 2432
4 2421 2420 7584 7551
4 2420 7585 7586 7584
4 7584 7586 7553 7551
4 7587 7588 7589 7590
4 7591 7592 7589 7588
4 7559 7556 7589 7592
4 7555 7590 7589 7556
4 7555 7562 7593 7590
4 7553 7586 7593 7562
4 7585 7594 7593 7586
4 7587 7590 7593 7594
4 7559 7592 7595 7564
4 7592 7591 7596 7595
4 7595 7596 7597 7564
4 7564 7597 2424 2422
4 2431 2430 7598 7565
4 2430 7599 7600 7598
4 7598 7600 7567 7565
4 7601 7602 7603 7604
4 7605 7606 7603 7602
4 7573 7570 7603 7606
4 7569 7604 7603 7570
4 7569 7576 7607 7604
4 7567 7600 7607 7576
4 7599 7608 7607 7600
4 7601 7604 7607 7608
4 7573 7606 7609 7578
4 7606 7605 7610 7609
4 7609 7610 7611 7578
4 7578 7611 2460 7580
4 7580 2460 2463 7583
4 7583 2463 2436 2433
4 2417 2451 7612 2418
4 2418 7612 7613 2420
4 2420 7613 7614 7615
4 7615 7614 7616 7617
4 2420 7615 7617 7585
4 7618 7619 7620 7621
4 7622 7623 7620 7619
4 7591 7588 7620 7623
4 7587 7621 7620 7588
4 7587 7594 7624 7621
4 7585 7617 7624 7594
4 7616 7625 7624 7617
4 7618 7621 7624 7625
4 7591 7623 7626 7596
4 7623 7622 7627 7626
4 7596 7626 7627 7597
4 7597 7627 2452 2424
4 2427 2459 7628 2428
4 2428 7628 7629 2430
4 2430 7629 7630 7631
4 7631 7630 7632 7633
4 2430 7631 7633 7599
4 7634 7635 7636 7637
4 7638 7639 7636 7635
4 7605 7602 7636 7639
4 7601 7637 7636 7602
4 7601 7608 7640 7637
4 7599 7633 7640 7608
4 7632 7641 7640 7633
4 7634 7637 7640 7641
4 7605 7639 7642 7610
4 7639 7638 7643 7642
4 7610 7642 7643 7611
4 7611 7643 2461 2460
4 2451 2450 7644 7612
4 7612 7644 7645 7646
4 7646 7645 7647 7648
4 7612 7646 7648 7613
4 7649 7650 7651 7652
4 7653 7654 7651 7650
4 7655 7652 7651 7654
4 7655 7656 7657 7652
4 7616 7614 7657 7656
4 7613 7648 7657 7614
4 7647 7658 7657 7648
4 7649 7652 7657 7658
4 7655 7654 7659 7660
4 7653 7661 7659 7654
4 7662 7663 7659 7661
4 7622 7619 7659 7663
4 7618 7660 7659 7619
4 7618 7625 7664 7660
4 7616 7656 7664 7625
4 7655 7660 7664 7656
4 7622 7663 7665 7627
4 7663 7662 7666 7665
4 7665 7666 7667 7627
4 7627 7667 2454 2452
4 2459 2458 7668 7628
4 7628 7668 7669 7670
4 7670 7669 7671 7672
4 7628 7670 7672 7629
4 7673 7674 7675 7676
4 7677 7678 7675 7674
4 7679 7676 7675 7678
4 7679 7680 7681 7676
4 7632 7630 7681 7680
4 7629 7672 7681 7630
4 7671 7682 7681 7672
4 7673 7676 7681 7682
4 7679 7678 7683 7684
4 7677 7685 7683 7678
4 7686 7687 7683 7685
4 7638 7635 7683 7687
4 7634 7684 7683 7635
4 7634 7641 7688 7684
4 7632 7680 7688 7641
4 7679 7684 7688 7680
4 7638 7687 7689 7643
4 7687 7686 7690 7689
4 7689 7690 7691 7643
4 7643 7691 2464 2461
4 2450 2468 7692 7644
4 7644 7692 7693 7645
4 7692 7694 7695 7693
4 7693 7695 7647 7645
4 7696 7697 7698 7699
4 7700 7701 7698 7697
4 7653 7650 7698 7701
4 7649 7699 7698 7650
4 7649 7658 7702 7699
4 7647 7695 7702 7658
4 7694 7703 7702 7695
4 7696 7699 7702 7703
4 7653 7701 7704 7661
4 7701 7700 7705 7704
4 7704 7705 7706 7707
4 7661 7704 7707 7662
4 7662 7707 7708 7666
4 7707 7706 7709 7708
4 7666 7708 7709 7667
4 7667 7709 2469 2454
4 2458 2476 7710 7668
4 7668 7710 7711 7669
4 7710 7712 7713 7711
4 7711 7713 7671 7669
4 7714 7715 7716 7717
4 7718 7719 7716 7715
4 7677 7674 7716 7719
4 7673 7717 7716 7674
4 7673 7682 7720 7717
4 7671 7713 7720 7682
4 7712 7721 7720 7713
4 7714 7717 7720 7721
4 7677 7719 7722 7685
4 7719 7718 7723 7722
4 7722 7723 7724 7725
4 7685 7722 7725 7686
4 7686 7725 7726 7690
4 7725 7724 7727 7726
4 7690 7726 7727 7691
4 7691 7727 2477 2464
4 2468 2467 7728 7692
4 7692 7728 7729 7730
4 7730 7729 7731 7732
4 7692 7730 7732 7694
4 7733 7734 7735 7736
4 7737 7738 7735 7734
4 7700 7697 7735 7738
4 7696 7736 7735 7697
4 7696 7703 7739 7736
4 7694 7732 7739 7703
4 7731 7740 7739 7732
4 7733 7736 7739 7740
4 7700 7738 7741 7705
4 7738 7737 2486 7741
4 7705 7741 2486 7706
4 7706 2486 2489 7709
4 7709 2489 2471 2469
4 2476 2475 7742 7710
4 7710 7742 7743 7744
4 7744 7743 7745 7746
4 7710 7744 7746 7712
4 7747 7748 7749 7750
4 7751 7752 7749 7748
4 7718 7715 7749 7752
4 7714 7750 7749 7715
4 7714 7721 7753 7750
4 7712 7746 7753 7721
4 7745 7754 7753 7746
4 7747 7750 7753 7754
4 7718 7752 7755 7723
4 7752 7751 2500 7755
4 7723 7755 2500 7724
4 7724 2500 2503 7727
4 7727 2503 2479 2477
4 2467 2485 7756 7728
4 7728 7756 7757 7729
4 7756 7758 7759 7757
4 7757 7759 7731 7729
4 7760 7761 7762 7763
4 7764 7765 7762 7761
4 7737 7734 7762 7765
4 7733 7763 7762 7734
4 7733 7740 7766 7763
4 7731 7759 7766 7740
4 7758 7767 7766 7759
4 7760 7763 7766 7767
4 7737 7765 7768 2486
4 7765 7764 7769 7768
4 7768 7769 2487 2486
4 2475 2499 7770 7742
4 7742 7770 7771 7743
4 7770 7772 7773 7771
4 7771 7773 7745 7743
4 7774 7775 7776 7777
4 7778 7779 7776 7775
4 7751 7748 7776 7779
4 7747 7777 7776 7748
4 7747 7754 7780 7777
4 7745 7773 7780 7754
4 7772 7781 7780 7773
4 7774 7777 7780 7781
4 7751 7779 7782 2500
4 7779 7778 7783 7782
4 7782 7783 2501 2500
4 2485 2484 7784 7756
4 7756 7784 7785 7786
4 7786 7785 7787 7788
4 7756 7786 7788 7758
4 7789 7790 7791 7792
4 7793 7794 7791 7790
4 7764 7761 7791 7794
4 7760 7792 7791 7761
4 7760 7767 7795 7792
4 7758 7788 7795 7767
4 7787 7796 7795 7788
4 7789 7792 7795 7796
4 7764 7794 7797 7769
4 7794 7793 2490 7797
4 7769 7797 2490 2487
4 2499 2498 7798 7770
4 7770 7798 7799 7800
4 7800 7799 7801 7802
4 7770 7800 7802 7772
4 7803 7804 7805 7806
4 7807 7808 7805 7804
4 7778 7775 7805 7808
4 7774 7806 7805 7775
4 7774 7781 7809 7806
4 7772 7802 7809 7781
4 7801 7810 7809 7802
4 7803 7806 7809 7810
4 7778 7808 7811 7783
4 7808 7807 2504 7811
4 7783 7811 2504 2501
4 2484 2512 7812 7784
4 7784 7812 7813 7785
4 7812 7814 7815 7813
4 7813 7815 7787 7785
4 7816 7817 7818 7819
4 7820 7821 7818 7817
4 7793 7790 7818 7821
4 7789 7819 7818 7790
4 7789 7796 7822 7819
4 7787 7815 7822 7796
4 7814 7823 7822 7815
4 7816 7819 7822 7823
4 7793 7821 7824 2490
4 7821 7820 7825 7824
4 7824 7825 2513 2490
4 2498 2527 7826 7798
4 7798 7826 7827 7799
4 7826 7828 7829 7827
4 7827 7829 7801 7799
4 7830 7831 7832 7833
4 7834 7835 7832 7831
4 7807 7804 7832 7835
4 7803 7833 7832 7804
4 7803 7810 7836 7833
4 7801 7829 7836 7810
4 7828 7837 7836 7829
4 7830 7833 7836 7837
4 7807 7835 7838 2504
4 7835 7834 7839 7838
4 7838 7839 2528 2504
4 2512 2511 7840 7812
4 7812 7840 7841 7842
4 7842 7841 7843 7844
4 7812 7842 7844 7814
4 7845 7846 7847 7848
4 7849 7850 7847 7846
4 7820 7817 7847 7850
4 7816 7848 7847 7817
4 7816 7823 7851 7848
4 7814 7844 7851 7823
4 7843 7852 7851 7844
4 7845 7848 7851 7852
4 7820 7850 7853 7825
4 7850 7849 2515 7853
4 7825 7853 2515 2513
4 2527 2526 7854 7826
4 7826 7854 7855 7856
4 7856 7855 7857 7858
4 7826 7856 7858 7828
4 7859 7860 7861 7862
4 7863 7864 7861 7860
4 7834 7831 7861 7864
4 7830 7862 7861 7831
4 7830 7837 7865 7862
4 7828 7858 7865 7837
4 7857 7866 7865 7858
4 7859 7862 7865 7866
4 7834 7864 7867 7839
4 7864 7863 2530 7867
4 7839 7867 2530 2528
4 2511 2536 7868 7869
4 7869 7868 7870 7871
4 2511 7869 7871 7840
4 7872 7873 7874 7875
4 7876 7877 7874 7873
4 7878 7875 7874 7877
4 7878 7879 7880 7875
4 7843 7841 7880 7879
4 7840 7871 7880 7841
4 7870 7881 7880 7871
4 7872 7875 7880 7881
4 7878 7877 7882 7883
4 7876 7884 7882 7877
4 7885 7886 7882 7884
4 7849 7846 7882 7886
4 7845 7883 7882 7846
4 7845 7852 7887 7883
4 7843 7879 7887 7852
4 7878 7883 7887 7879
4 7849 7886 7888 2515
4 7886 7885 7889 7888
4 7888 7889 2537 2515
4 2526 2568 7890 7891
4 7891 7890 7892 7893
4 2526 7891 7893 7854
4 7894 7895 7896 7897
4 7898 7899 7896 7895
4 7900 7897 7896 7899
4 7900 7901 7902 7897
4 7857 7855 7902 7901
4 7854 7893 7902 7855
4 7892 7903 7902 7893
4 7894 7897 7902 7903
4 7900 7899 7904 7905
4 7898 7906 7904 7899
4 7907 7908 7904 7906
4 7863 7860 7904 7908
4 7859 7905 7904 7860
4 7859 7866 7909 7905
4 7857 7901 7909 7866
4 7900 7905 7909 7901
4 7863 7908 7910 2530
4 7908 7907 7911 7910
4 7910 7911 2569 2530
4 2536 2535 7912 7868
4 2535 7913 7914 7912
4 7912 7914 7870 7868
4 7915 7916 7917 7918
4 7919 7920 7917 7916
4 7876 7873 7917 7920
4 7872 7918 7917 7873
4 7872 7881 7921 7918
4 7870 7914 7921 7881
4 7913 7922 7921 7914
4 7915 7918 7921 7922
4 7876 7920 7923 7884
4 7920 7919 7924 7923
4 7923 7924 7925 7926
4 7884 7923 7926 7885
4 7885 7926 7927 7889
4 7926 7925 2539 7927
4 7889 7927 2539 2537
4 2568 2567 7928 7890
4 2567 7929 7930 7928
4 7928 7930 7892 7890
4 7931 7932 7933 7934
4 7935 7936 7933 7932
4 7898 7895 7933 7936
4 7894 7934 7933 7895
4 7894 7903 7937 7934
4 7892 7930 7937 7903
4 7929 7938 7937 7930
4 7931 7934 7937 7938
4 7898 7936 7939 7906
4 7936 7935 7940 7939
4 7939 7940 7941 7942
4 7906 7939 7942 7907
4 7907 7942 7943 7911
4 7942 7941 2571 7943
4 7911 7943 2571 2569
4 2535 2577 7944 7945
4 7945 7944 7946 7947
4 2535 7945 7947 7913
4 7948 7949 7950 7951
4 7952 7953 7950 7949
4 7919 7916 7950 7953
4 7915 7951 7950 7916
4 7915 7922 7954 7951
4 7913 7947 7954 7922
4 7946 7955 7954 7947
4 7948 7951 7954 7955
4 7919 7953 7956 7924
4 7953 7952 7957 7956
4 7924 7956 7957 7925
4 7925 7957 2578 2539
4 2545 2598 7958 2548
4 2548 7958 7959 2549
4 2549 7959 7960 2550
4 2550 7960 7961 2552
4 2552 7961 7962 7963
4 7963 7962 7964 7965
4 2552 7963 7965 2555
4 2555 7965 7966 2556
4 7965 7964 7967 7966
4 7966 7967 7968 2556
4 2556 7968 7969 2557
4 2557 7969 2599 2559
4 2567 2612 7970 7971
4 7971 7970 7972 7973
4 2567 7971 7973 7929
4 7974 7975 7976 7977
4 7978 7979 7976 7975
4 7935 7932 7976 7979
4 7931 7977 7976 7932
4 7931 7938 7980 7977
4 7929 7973 7980 7938
4 7972 7981 7980 7973
4 7974 7977 7980 7981
4 7935 7979 7982 7940
4 7979 7978 7983 7982
4 7940 7982 7983 7941
4 7941 7983 2613 2571
4 2577 2576 7984 7944
4 2576 7985 7986 7984
4 7984 7986 7946 7944
4 7987 7988 7989 7990
4 7991 7992 7989 7988
4 7952 7949 7989 7992
4 7948 7990 7989 7949
4 7948 7955 7993 7990
4 7946 7986 7993 7955
4 7985 7994 7993 7986
4 7987 7990 7993 7994
4 7952 7992 7995 7957
4 7992 7991 7996 7995
4 7995 7996 7997 7957
4 7957 7997 2580 2578
4 2598 2597 7998 7958
4 7958 7998 7999 8000
4 8000 7999 8001 8002
4 7958 8000 8002 7959
4 7959 8002 8003 7960
4 8002 8001 8004 8003
4 8003 8004 8005 7960
4 7960 8005 8006 8007
4 8007 8006 8008 8009
4 7960 8007 8009 7961
4 7961 8009 8010 7962
4 8008 8011 8010 8009
4 8012 8013 8010 8011
4 7964 7962 8010 8013
4 7964 8013 8014 7967
4 8013 8012 8015 8014
4 8014 8015 8016 8017
4 7967 8014 8017 7968
4 7968 8017 8018 7969
4 8017 8016 8019 8018
4 8018 8019 8020 7969
4 7969 8020 2601 2599
4 2612 2611 8021 7970
4 2611 8022 8023 8021
4 8021 8023 7972 7970
4 8024 8025 8026 8027
4 8028 8029 8026 8025
4 7978 7975 8026 8029
4 7974 8027 8026 7975
4 7974 7981 8030 8027
4 7972 8023 8030 7981
4 8022 8031 8030 8023
4 8024 8027 8030 8031
4 7978 8029 8032 7983
4 8029 8028 8033 8032
4 8032 8033 8034 7983
4 7983 8034 2615 2613
4 2576 2621 8035 8036
4 8036 8035 8037 8038
4 2576 8036 8038 7985
4 8039 8040 8041 8042
4 8043 8044 8041 8040
4 7991 7988 8041 8044
4 7987 8042 8041 7988
4 7987 7994 8045 8042
4 7985 8038 8045 7994
4 8037 8046 8045 8038
4 8039 8042 8045 8046
4 7991 8044 8047 7996
4 8044 8043 8048 8047
4 7996 8047 8048 7997
4 7997 8048 2622 2580
4 2586 2635 8049 2589
4 2589 8049 8050 2590
4 2590 8050 8051 2591
4 2591 8051 8052 2593
4 2593 8052 8053 8054
4 8054 8053 8055 8056
4 2593 8054 8056 2596
4 2596 8056 8057 2597
4 8056 8055 8058 8057
4 8057 8058 8059 2597
4 2597 8059 8060 8061
4 8061 8060 8062 8063
4 2597 8061 8063 7998
4 8064 8065 8066 8067
4 8068 8069 8066 8065
4 8070 8067 8066 8069
4 8070 8071 8072 8067
4 8001 7999 8072 8071
4 7998 8063 8072 7999
4 8062 8073 8072 8063
4 8064 8067 8072 8073
4 8070 8069 8074 8075
4 8068 8076 8074 8069
4 8077 8078 8074 8076
4 8079 8075 8074 8078
4 8079 8080 8081 8075
4 8005 8004 8081 8080
4 8001 8071 8081 8004
4 8070 8075 8081 8071
4 8079 8078 8082 8083
4 8077 8084 8082 8078
4 8085 8086 8082 8084
4 8087 8083 8082 8086
4 8087 8088 8089 8083
4 8008 8006 8089 8088
4 8005 8080 8089 8006
4 8079 8083 8089 8080
4 8087 8086 8090 8091
4 8085 8092 8090 8086
4 8093 8094 8090 8092
4 8095 8096 8090 8094
4 8097 8091 8090 8096
4 8095 8098 8099 8096
4 8012 8100 8099 8098
4 8101 8102 8099 8100
4 8097 8096 8099 8102
4 8101 8103 8104 8102
4 8008 8088 8104 8103
4 8087 8091 8104 8088
4 8097 8102 8104 8091
4 8095 8094 8105 8106
4 8093 8107 8105 8094
4 8108 8109 8105 8107
4 8110 8106 8105 8109
4 8110 8111 8112 8106
4 8016 8015 8112 8111
4 8012 8098 8112 8015
4 8095 8106 8112 8098
4 8110 8109 8113 8114
4 8108 8115 8113 8109
4 8116 8114 8113 8115
4 8116 8117 8118 8114
4 8119 8120 8118 8117
4 8020 8019 8118 8120
4 8016 8111 8118 8019
4 8110 8114 8118 8111
4 8020 8120 8121 2601
4 8120 8119 8122 8121
4 8121 8122 8123 2601
4 2601 8123 8124 2602
4 2602 8124 2636 2603
4 2611 2649 8125 8126
4 8126 8125 8127 8128
4 2611 8126 8128 8022
4 8129 8130 8131 8132
4 8133 8134 8131 8130
4 8028 8025 8131 8134
4 8024 8132 8131 8025
4 8024 8031 8135 8132
4 8022 8128 8135 8031
4 8127 8136 8135 8128
4 8129 8132 8135 8136
4 8028 8134 8137 8033
4 8134 8133 8138 8137
4 8033 8137 8138 8034
4 8034 8138 2650 2615
4 2621 2620 8139 8035
4 2620 8140 8141 8139
4 8139 8141 8037 8035
4 8142 8143 8144 8145
4 8146 8147 8144 8143
4 8043 8040 8144 8147
4 8039 8145 8144 8040
4 8039 8046 8148 8145
4 8037 8141 8148 8046
4 8140 8149 8148 8141
4 8142 8145 8148 8149
4 8043 8147 8150 8048
4 8147 8146 8151 8150
4 8150 8151 8152 8048
4 8048 8152 2624 2622
4 2635 2634 8153 8049
4 8049 8153 8154 8155
4 8155 8154 8156 8157
4 8049 8155 8157 8050
4 8050 8157 8158 8051
4 8157 8156 8159 8158
4 8158 8159 8160 8051
4 8051 8160 8161 8162
4 8162 8161 8163 8164
4 8051 8162 8164 8052
4 8052 8164 8165 8053
4 8164 8163 8166 8165
4 8165 8166 8167 8168
4 8053 8165 8168 8055
4 8169 8170 8171 8172
4 8173 8174 8171 8170
4 8175 8172 8171 8174
4 8175 8176 8177 8172
4 8059 8058 8177 8176
4 8055 8168 8177 8058
4 8167 8178 8177 8168
4 8169 8172 8177 8178
4 8175 8174 8179 8180
4 8173 8181 8179 8174
4 8182 8183 8179 8181
4 8184 8180 8179 8183
4 8184 8185 8186 8180
4 8062 8060 8186 8185
4 8059 8176 8186 8060
4 8175 8180 8186 8176
4 8184 8183 8187 8188
4 8182 8189 8187 8183
4 8190 8191 8187 8189
4 8068 8065 8187 8191
4 8064 8188 8187 8065
4 8064 8073 8192 8188
4 8062 8185 8192 8073
4 8184 8188 8192 8185
4 8068 8191 8193 8076
4 8191 8190 8194 8193
4 8193 8194 8195 8196
4 8076 8193 8196 8077
4 8077 8196 8197 8084
4 8196 8195 8198 8197
4 8084 8197 8198 8085
4 8085 8198 8199 8092
4 8198 8200 8201 8199
4 8199 8201 8093 8092
4 8093 8201 8202 8107
4 8201 8200 8203 8202
4 8202 8203 8204 8205
4 8107 8202 8205 8108
4 8206 8207 8208 8209
4 8119 8117 8208 8207
4 8116 8209 8208 8117
4 8116 8115 8210 8209
4 8108 8205 8210 8115
4 8204 8211 8210 8205
4 8212 8213 8210 8211
4 8206 8209 8210 8213
4 8206 8213 8214 8215
4 8212 8216 8214 8213
4 8217 8215 8214 8216
4 8217 8218 8219 8215
4 8220 8221 8219 8218
4 8123 8122 8219 8221
4 8119 8207 8219 8122
4 8206 8215 8219 8207
4 8123 8221 8222 8124
4 8221 8220 8223 8222
4 8222 8223 8224 8124
4 8124 8224 2638 2636
4 2649 2648 8225 8125
4 2648 8226 8227 8225
4 8225 8227 8127 8125
4 8228 8229 8230 8231
4 8232 8233 8230 8229
4 8133 8130 8230 8233
4 8129 8231 8230 8130
4 8129 8136 8234 8231
4 8127 8227 8234 8136
4 8226 8235 8234 8227
4 8228 8231 8234 8235
4 8133 8233 8236 8138
4 8233 8232 8237 8236
4 8236 8237 8238 8138
4 8138 8238 2652 2650
4 2617 2658 8239 2618
4 2618 8239 8240 2620
4 2620 8240 8241 8242
4 8242 8241 8243 8244
4 2620 8242 8244 8140
4 8245 8246 8247 8248
4 8249 8250 8247 8246
4 8146 8143 8247 8250
4 8142 8248 8247 8143
4 8142 8149 8251 8248
4 8140 8244 8251 8149
4 8243 8252 8251 8244
4 8245 8248 8251 8252
4 8146 8250 8253 8151
4 8250 8249 8254 8253
4 8151 8253 8254 8152
4 8152 8254 2659 2624
4 2627 2674 8255 2628
4 2628 8255 8256 2630
4 2630 8256 8257 8258
4 8258 8257 8259 8260
4 2630 8258 8260 2633
4 2633 8260 8261 2634
4 8260 8259 8262 8261
4 8261 8262 8263 2634
4 2634 8263 8264 8265
4 8265 8264 8266 8267
4 2634 8265 8267 8153
4 8153 8267 8268 8154
4 8267 8266 8269 8268
4 8268 8269 8270 8271
4 8154 8268 8271 8156
4 8272 8273 8274 8275
4 8276 8277 8274 8273
4 8278 8275 8274 8277
4 8278 8279 8280 8275
4 8160 8159 8280 8279
4 8156 8271 8280 8159
4 8270 8281 8280 8271
4 8272 8275 8280 8281
4 8278 8277 8282 8283
4 8276 8284 8282 8277
4 8285 8286 8282 8284
4 8287 8283 8282 8286
4 8287 8288 8289 8283
4 8163 8161 8289 8288
4 8160 8279 8289 8161
4 8278 8283 8289 8279
4 8287 8286 8290 8291
4 8285 8292 8290 8286
4 8293 8294 8290 8292
4 8295 8291 8290 8294
4 8295 8296 8297 8291
4 8167 8166 8297 8296
4 8163 8288 8297 8166
4 8287 8291 8297 8288
4 8295 8294 8298 8299
4 8293 8300 8298 8294
4 8301 8302 8298 8300
4 8173 8170 8298 8302
4 8169 8299 8298 8170
4 8169 8178 8303 8299
4 8167 8296 8303 8178
4 8295 8299 8303 8296
4 8173 8302 8304 8181
4 8302 8301 8305 8304
4 8181 8304 8305 8182
4 8182 8305 8306 8189
4 8305 8307 8308 8306
4 8306 8308 8190 8189
4 8190 8308 8309 8194
4 8308 8307 8310 8309
4 8194 8309 8310 8195
4 8195 8310 8311 8198
4 8198 8311 8312 8200
4 8200 8312 8313 8203
4 8312 8314 8315 8313
4 8313 8315 8204 8203
4 8204 8315 8316 8211
4 8315 8314 8317 8316
4 8316 8317 8318 8319
4 8211 8316 8319 8212
4 8320 8321 8322 8323
4 8220 8218 8322 8321
4 8217 8323 8322 8218
4 8217 8216 8324 8323
4 8212 8319 8324 8216
4 8318 8325 8324 8319
4 8326 8327 8324 8325
4 8320 8323 8324 8327
4 8320 8327 8328 8329
4 8326 8330 8328 8327
4 8331 8329 8328 8330
4 8331 8332 8333 8329
4 8334 8335 8333 8332
4 8224 8223 8333 8335
4 8220 8321 8333 8223
4 8320 8329 8333 8321
4 8224 8335 8336 2638
4 8335 8334 8337 8336
4 8336 8337 8338 2638
4 2638 8338 8339 2639
4 2639 8339 8340 2640
4 2640 8340 8341 2643
4 2643 8341 2675 2644
4 2645 2684 8342 2646
4 2646 8342 8343 2648
4 2648 8343 8344 8345
4 8345 8344 8346 8347
4 2648 8345 8347 8226
4 8348 8349 8350 8351
4 8352 8353 8350 8349
4 8232 8229 8350 8353
4 8228 8351 8350 8229
4 8228 8235 8354 8351
4 8226 8347 8354 8235
4 8346 8355 8354 8347
4 8348 8351 8354 8355
4 8232 8353 8356 8237
4 8353 8352 8357 8356
4 8237 8356 8357 8238
4 8238 8357 2685 2652
4 2658 2657 8358 8239
4 8239 8358 8359 8360
4 8360 8359 8361 8362
4 8239 8360 8362 8240
4 8363 8364 8365 8366
4 8367 8368 8365 8364
4 8369 8366 8365 8368
4 8369 8370 8371 8366
4 8243 8241 8371 8370
4 8240 8362 8371 8241
4 8361 8372 8371 8362
4 8363 8366 8371 8372
4 8369 8368 8373 8374
4 8367 8375 8373 8368
4 8376 8377 8373 8375
4 8249 8246 8373 8377
4 8245 8374 8373 8246
4 8245 8252 8378 8374
4 8243 8370 8378 8252
4 8369 8374 8378 8370
4 8249 8377 8379 8254
4 8377 8376 8380 8379
4 8379 8380 8381 8254
4 8254 8381 2661 2659
4 2674 2673 8382 8255
4 8255 8382 8383 8384
4 8384 8383 8385 8386
4 8255 8384 8386 8256
4 8256 8386 8387 8257
4 8386 8385 8388 8387
4 8387 8388 8389 8390
4 8257 8387 8390 8259
4 8391 8392 8393 8394
4 8395 8396 8393 8392
4 8397 8394 8393 8396
4 8397 8398 8399 8394
4 8263 8262 8399 8398
4 8259 8390 8399 8262
4 8389 8400 8399 8390
4 8391 8394 8399 8400
4 8397 8396 8401 8402
4 8395 8403 8401 8396
4 8404 8405 8401 8403
4 8406 8402 8401 8405
4 8406 8407 8408 8402
4 8266 8264 8408 8407
4 8263 8398 8408 8264
4 8397 8402 8408 8398
4 8406 8405 8409 8410
4 8404 8411 8409 8405
4 8412 8413 8409 8411
4 8414 8410 8409 8413
4 8414 8415 8416 8410
4 8270 8269 8416 8415
4 8266 8407 8416 8269
4 8406 8410 8416 8407
4 8414 8413 8417 8418
4 8412 8419 8417 8413
4 8420 8421 8417 8419
4 8276 8273 8417 8421
4 8272 8418 8417 8273
4 8272 8281 8422 8418
4 8270 8415 8422 8281
4 8414 8418 8422 8415
4 8276 8421 8423 8284
4 8421 8420 2701 8423
4 8284 8423 2701 8285
4 8285 2701 8424 8292
4 2701 2704 8425 8424
4 8424 8425 8293 8292
4 8293 8425 8426 8300
4 8425 2704 2706 8426
4 8300 8426 2706 8301
4 8301 2706 2708 8305
4 8305 2708 2710 8307
4 8307 2710 2712 8310
4 8310 2712 2713 8311
4 8311 2713 2715 8312
4 8312 2715 2718 8314
4 8314 2718 8427 8317
4 2718 8428 8429 8427
4 8427 8429 8318 8317
4 8318 8429 8430 8325
4 8429 8428 8431 8430
4 8430 8431 8432 8433
4 8325 8430 8433 8326
4 8434 8435 8436 8437
4 8334 8332 8436 8435
4 8331 8437 8436 8332
4 8331 8330 8438 8437
4 8326 8433 8438 8330
4 8432 8439 8438 8433
4 8440 8441 8438 8439
4 8434 8437 8438 8441
4 8434 8441 8442 8443
4 8440 8444 8442 8441
4 8445 8443 8442 8444
4 8445 8446 8447 8443
4 8448 8449 8447 8446
4 8338 8337 8447 8449
4 8334 8435 8447 8337
4 8434 8443 8447 8435
4 8338 8449 8450 8339
4 8449 8448 8451 8450
4 8450 8451 8452 8339
4 8339 8452 8453 8454
4 8454 8453 8455 8456
4 8339 8454 8456 8340
4 8340 8456 8457 8341
4 8456 8455 8458 8457
4 8457 8458 8459 8341
4 8341 8459 2677 2675
4 2684 2683 8460 8342
4 8342 8460 8461 8462
4 8462 8461 8463 8464
4 8342 8462 8464 8343
4 8343 8464 8465 8344
4 8464 8463 8466 8465
4 8465 8466 8467 8468
4 8344 8465 8468 8346
4 8469 8470 8471 8472
4 8473 8474 8471 8470
4 8352 8349 8471 8474
4 8348 8472 8471 8349
4 8348 8355 8475 8472
4 8346 8468 8475 8355
4 8467 8476 8475 8468
4 8469 8472 8475 8476
4 8352 8474 8477 8357
4 8474 8473 8478 8477
4 8477 8478 8479 8357
4 8357 8479 2687 2685
4 2657 2691 8480 8358
4 8358 8480 8481 8359
4 8480 8482 8483 8481
4 8481 8483 8361 8359
4 8484 8485 8486 8487
4 8488 8489 8486 8485
4 8367 8364 8486 8489
4 8363 8487 8486 8364
4 8363 8372 8490 8487
4 8361 8483 8490 8372
4 8482 8491 8490 8483
4 8484 8487 8490 8491
4 8367 8489 8492 8375
4 8489 8488 8493 8492
4 8492 8493 8494 8495
4 8375 8492 8495 8376
4 8376 8495 8496 8380
4 8495 8494 8497 8496
4 8380 8496 8497 8381
4 8381 8497 2692 2661
4 2663 2700 8498 2664
4 2664 8498 8499 2666
4 2666 8499 8500 2669
4 2669 8500 8501 2670
4 2670 8501 8502 8503
4 8503 8502 8504 8505
4 2670 8503 8505 2671
4 2671 8505 8506 2673
4 8505 8504 8507 8506
4 8506 8507 8508 2673
4 2673 8508 8509 8510
4 8510 8509 8511 8512
4 2673 8510 8512 8382
4 8513 8514 8515 8516
4 8517 8518 8515 8514
4 8519 8516 8515 8518
4 8519 8520 8521 8516
4 8385 8383 8521 8520
4 8382 8512 8521 8383
4 8511 8522 8521 8512
4 8513 8516 8521 8522
4 8519 8518 8523 8524
4 8517 8525 8523 8518
4 8526 8527 8523 8525
4 8528 8524 8523 8527
4 8528 8529 8530 8524
4 8389 8388 8530 8529
4 8385 8520 8530 8388
4 8519 8524 8530 8520
4 8528 8527 8531 8532
4 8526 8533 8531 8527
4 8534 8535 8531 8533
4 8395 8392 8531 8535
4 8391 8532 8531 8392
4 8391 8400 8536 8532
4 8389 8529 8536 8400
4 8528 8532 8536 8529
4 8395 8535 8537 8403
4 8535 8534 8538 8537
4 8403 8537 8538 8404
4 8404 8538 8539 8411
4 8538 8540 8541 8539
4 8539 8541 8412 8411
4 8412 8541 8542 8419
4 8541 8540 8543 8542
4 8419 8542 8543 8420
4 8420 8543 2702 2701
4 2718 2717 8544 8428
4 8428 8544 8545 8431
4 8544 8546 8547 8545
4 8545 8547 8432 8431
4 8432 8547 8548 8439
4 8547 8546 8549 8548
4 8548 8549 8550 8551
4 8439 8548 8551 8440
4 8552 8553 8554 8555
4 8448 8446 8554 8553
4 8445 8555 8554 8446
4 8445 8444 8556 8555
4 8440 8551 8556 8444
4 8550 8557 8556 8551
4 8558 8559 8556 8557
4 8552 8555 8556 8559
4 8552 8559 8560 8561
4 8558 8562 8560 8559
4 8563 8564 8560 8562
4 8565 8561 8560 8564
4 8565 8566 8567 8561
4 8452 8451 8567 8566
4 8448 8553 8567 8451
4 8552 8561 8567 8553
4 8565 8564 8568 8569
4 8563 8570 8568 8564
4 8571 8569 8568 8570
4 8571 8572 8573 8569
4 8574 8575 8573 8572
4 8455 8453 8573 8575
4 8452 8566 8573 8453
4 8565 8569 8573 8566
4 8455 8575 8576 8458
4 8575 8574 8577 8576
4 8576 8577 8578 8579
4 8458 8576 8579 8459
4 8459 8579 8580 2677
4 8579 8578 8581 8580
4 8580 8581 8582 2677
4 2677 8582 8583 2678
4 2678 8583 2719 2679
4 2683 2726 8584 8460
4 8460 8584 8585 8461
4 8584 8586 8587 8585
4 8585 8587 8463 8461
4 8588 8589 8590 8591
4 8592 8593 8590 8589
4 8594 8591 8590 8593
4 8594 8595 8596 8591
4 8467 8466 8596 8595
4 8463 8587 8596 8466
4 8586 8597 8596 8587
4 8588 8591 8596 8597
4 8594 8593 8598 8599
4 8592 8600 8598 8593
4 8601 8602 8598 8600
4 8473 8470 8598 8602
4 8469 8599 8598 8470
4 8469 8476 8603 8599
4 8467 8595 8603 8476
4 8594 8599 8603 8595
4 8473 8602 8604 8478
4 8602 8601 8605 8604
4 8478 8604 8605 8479
4 8479 8605 2727 2687
4 2691 2690 8606 8480
4 8480 8606 8607 8608
4 8608 8607 8609 8610
4 8480 8608 8610 8482
4 8611 8612 8613 8614
4 8615 8616 8613 8612
4 8488 8485 8613 8616
4 8484 8614 8613 8485
4 8484 8491 8617 8614
4 8482 8610 8617 8491
4 8609 8618 8617 8610
4 8611 8614 8617 8618
4 8488 8616 8619 8493
4 8616 8615 8620 8619
4 8493 8619 8620 8494
4 8494 8620 8621 8497
4 8497 8621 2694 2692
4 2700 2699 8622 8498
4 8498 8622 8623 8624
4 8624 8623 8625 8626
4 8498 8624 8626 8499
4 8499 8626 8627 8500
4 8626 8625 8628 8627
4 8627 8628 8629 8500
4 8500 8629 8630 8631
4 8631 8630 8632 8633
4 8500 8631 8633 8501
4 8634 8635 8636 8637
4 8638 8639 8636 8635
4 8640 8637 8636 8639
4 8640 8641 8642 8637
4 8504 8502 8642 8641
4 8501 8633 8642 8502
4 8632 8643 8642 8633
4 8634 8637 8642 8643
4 8640 8639 8644 8645
4 8638 8646 8644 8639
4 8647 8648 8644 8646
4 8649 8645 8644 8648
4 8649 8650 8651 8645
4 8508 8507 8651 8650
4 8504 8641 8651 8507
4 8640 8645 8651 8641
4 8649 8648 8652 8653
4 8647 8654 8652 8648
4 8655 8656 8652 8654
4 8657 8653 8652 8656
4 8657 8658 8659 8653
4 8511 8509 8659 8658
4 8508 8650 8659 8509
4 8649 8653 8659 8650
4 8657 8656 8660 8661
4 8655 8662 8660 8656
4 8663 8664 8660 8662
4 8517 8514 8660 8664
4 8513 8661 8660 8514
4 8513 8522 8665 8661
4 8511 8658 8665 8522
4 8657 8661 8665 8658
4 8517 8664 8666 8525
4 8664 8663 8667 8666
4 8666 8667 8668 8669
4 8525 8666 8669 8526
4 8526 8669 8670 8533
4 8669 8668 2736 8670
4 8533 8670 2736 8534
4 8534 2736 2739 8538
4 8538 2739 2744 8540
4 8540 2744 2746 8543
4 8543 2746 2705 2702
4 2717 2716 2750 8544
4 8544 2750 2753 8546
4 8546 2753 8671 8549
4 2753 2755 8672 8671
4 8671 8672 8550 8549
4 8550 8672 8673 8557
4 8672 2755 2759 8673
4 8557 8673 2759 8558
4 8558 2759 8674 8562
4 2759 8675 8676 8674
4 8674 8676 8563 8562
4 8677 8678 8679 8680
4 8574 8572 8679 8678
4 8571 8680 8679 8572
4 8571 8570 8681 8680
4 8563 8676 8681 8570
4 8675 8682 8681 8676
4 8683 8684 8681 8682
4 8677 8680 8681 8684
4 8677 8684 8685 8686
4 8683 8687 8685 8684
4 8688 8686 8685 8687
4 8688 8689 8690 8686
4 8691 8692 8690 8689
4 8578 8577 8690 8692
4 8574 8678 8690 8577
4 8677 8686 8690 8678
4 8578 8692 8693 8581
4 8692 8691 8694 8693
4 8693 8694 8695 8696
4 8581 8693 8696 8582
4 8582 8696 8697 8583
4 8696 8695 8698 8697
4 8697 8698 8699 8583
4 8583 8699 2721 2719
4 2726 2725 8700 8584
4 8584 8700 8701 8702
4 8702 8701 8703 8704
4 8584 8702 8704 8586
4 8705 8706 8707 8708
4 8709 8710 8707 8706
4 8592 8589 8707 8710
4 8588 8708 8707 8589
4 8588 8597 8711 8708
4 8586 8704 8711 8597
4 8703 8712 8711 8704
4 8705 8708 8711 8712
4 8592 8710 8713 8600
4 8710 8709 2771 8713
4 8600 8713 2771 8601
4 8601 2771 2774 8605
4 8605 2774 2729 2727
4 2690 2735 8714 8606
4 8606 8714 8715 8607
4 8714 8716 8717 8715
4 8715 8717 8609 8607
4 8718 8719 8720 8721
4 8722 8723 8720 8719
4 8615 8612 8720 8723
4 8611 8721 8720 8612
4 8611 8618 8724 8721
4 8609 8717 8724 8618
4 8716 8725 8724 8717
4 8718 8721 8724 8725
4 8615 8723 8726 8620
4 8723 8722 8727 8726
4 8726 8727 8728 8620
4 8620 8728 8729 8621
4 8621 8729 8730 2694
4 2694 8730 8731 2695
4 2695 8731 8732 2696
4 2696 8732 8733 8734
4 8734 8733 8735 8736
4 2696 8734 8736 2697
4 2697 8736 8737 2699
4 8736 8735 8738 8737
4 8737 8738 8739 2699
4 2699 8739 8740 8741
4 8741 8740 8742 8743
4 2699 8741 8743 8622
4 8744 8745 8746 8747
4 8748 8749 8746 8745
4 8750 8747 8746 8749
4 8750 8751 8752 8747
4 8625 8623 8752 8751
4 8622 8743 8752 8623
4 8742 8753 8752 8743
4 8744 8747 8752 8753
4 8750 8749 8754 8755
4 8748 8756 8754 8749
4 8757 8758 8754 8756
4 8759 8755 8754 8758
4 8759 8760 8761 8755
4 8629 8628 8761 8760
4 8625 8751 8761 8628
4 8750 8755 8761 8751
4 8759 8758 8762 8763
4 8757 8764 8762 8758
4 8765 8766 8762 8764
4 8767 8763 8762 8766
4 8767 8768 8769 8763
4 8632 8630 8769 8768
4 8629 8760 8769 8630
4 8759 8763 8769 8760
4 8767 8766 8770 8771
4 8765 8772 8770 8766
4 8773 8774 8770 8772
4 8638 8635 8770 8774
4 8634 8771 8770 8635
4 8634 8643 8775 8771
4 8632 8768 8775 8643
4 8767 8771 8775 8768
4 8638 8774 8776 8646
4 8774 8773 8777 8776
4 8776 8777 8778 8779
4 8646 8776 8779 8647
4 8647 8779 8780 8654
4 8779 8778 8781 8780
4 8654 8780 8781 8655
4 8655 8781 8782 8662
4 8781 8783 8784 8782
4 8782 8784 8663 8662
4 8663 8784 8785 8667
4 8784 8783 8786 8785
4 8667 8785 8786 8668
4 8668 8786 2737 2736
4 2759 2758 8787 8675
4 8675 8787 8788 8682
4 8787 8789 8790 8788
4 8788 8790 8683 8682
4 8791 8792 8793 8794
4 8691 8689 8793 8792
4 8688 8794 8793 8689
4 8688 8687 8795 8794
4 8683 8790 8795 8687
4 8789 8796 8795 8790
4 8797 8798 8795 8796
4 8791 8794 8795 8798
4 8791 8798 8799 8800
4 8797 8801 8799 8798
4 8802 8800 8799 8801
4 8802 8803 8804 8800
4 8805 8806 8804 8803
4 8695 8694 8804 8806
4 8691 8792 8804 8694
4 8791 8800 8804 8792
4 8695 8806 8807 8698
4 8806 8805 8808 8807
4 8807 8808 8809 8810
4 8698 8807 8810 8699
4 8699 8810 8811 2721
4 8810 8809 8812 8811
4 8811 8812 8813 2721
4 2721 8813 8814 2722
4 2722 8814 2760 2723
4 2725 2770 8815 8700
4 8700 8815 8816 8701
4 8815 8817 8818 8816
4 8816 8818 8703 8701
4 8819 8820 8821 8822
4 8823 8824 8821 8820
4 8709 8706 8821 8824
4 8705 8822 8821 8706
4 8705 8712 8825 8822
4 8703 8818 8825 8712
4 8817 8826 8825 8818
4 8819 8822 8825 8826
4 8709 8824 8827 2771
4 8824 8823 8828 8827
4 8827 8828 2772 2771
4 2735 2734 8829 8714
4 8714 8829 8830 8831
4 8831 8830 8832 8833
4 8714 8831 8833 8716
4 8834 8835 8836 8837
4 8838 8839 8836 8835
4 8722 8719 8836 8839
4 8718 8837 8836 8719
4 8718 8725 8840 8837
4 8716 8833 8840 8725
4 8832 8841 8840 8833
4 8834 8837 8840 8841
4 8722 8839 8842 8727
4 8839 8838 8843 8842
4 8727 8842 8843 8728
4 8728 8843 8844 8729
4 8729 8844 8845 8846
4 8846 8845 8847 8848
4 8729 8846 8848 8730
4 8730 8848 8849 8731
4 8848 8847 8850 8849
4 8849 8850 8851 8731
4 8731 8851 8852 8853
4 8853 8852 8854 8855
4 8731 8853 8855 8732
4 8732 8855 8856 8733
4 8855 8854 8857 8856
4 8856 8857 8858 8859
4 8733 8856 8859 8735
4 8860 8861 8862 8863
4 8864 8865 8862 8861
4 8866 8863 8862 8865
4 8866 8867 8868 8863
4 8739 8738 8868 8867
4 8735 8859 8868 8738
4 8858 8869 8868 8859
4 8860 8863 8868 8869
4 8866 8865 8870 8871
4 8864 8872 8870 8865
4 8873 8874 8870 8872
4 8875 8871 8870 8874
4 8875 8876 8877 8871
4 8742 8740 8877 8876
4 8739 8867 8877 8740
4 8866 8871 8877 8867
4 8875 8874 8878 8879
4 8873 8880 8878 8874
4 8881 8882 8878 8880
4 8748 8745 8878 8882
4 8744 8879 8878 8745
4 8744 8753 8883 8879
4 8742 8876 8883 8753
4 8875 8879 8883 8876
4 8748 8882 8884 8756
4 8882 8881 8885 8884
4 8884 8885 8886 8887
4 8756 8884 8887 8757
4 8757 8887 8888 8764
4 8887 8886 2784 8888
4 8764 8888 2784 8765
4 8765 2784 8889 8772
4 2784 2787 8890 8889
4 8889 8890 8773 8772
4 8773 8890 8891 8777
4 8890 2787 2792 8891
4 8777 8891 2792 8778
4 8778 2792 2794 8781
4 8781 2794 2795 8783
4 8783 2795 2797 8786
4 8786 2797 2740 2737
4 2758 2757 2804 8787
4 8787 2804 2808 8789
4 8789 2808 8892 8796
4 2808 8893 8894 8892
4 8892 8894 8797 8796
4 8895 8896 8897 8898
4 8805 8803 8897 8896
4 8802 8898 8897 8803
4 8802 8801 8899 8898
4 8797 8894 8899 8801
4 8893 8900 8899 8894
4 8901 8902 8899 8900
4 8895 8898 8899 8902
4 8895 8902 8903 8904
4 8901 8905 8903 8902
4 8906 8904 8903 8905
4 8906 8907 8908 8904
4 8909 8910 8908 8907
4 8809 8808 8908 8910
4 8805 8896 8908 8808
4 8895 8904 8908 8896
4 8809 8910 8911 8812
4 8910 8909 8912 8911
4 8911 8912 8913 8914
4 8812 8911 8914 8813
4 8813 8914 8915 8814
4 8914 8913 8916 8915
4 8915 8916 8917 8814
4 8814 8917 2762 2760
4 2770 2769 8918 8815
4 8815 8918 8919 8920
4 8920 8919 8921 8922
4 8815 8920 8922 8817
4 8923 8924 8925 8926
4 8927 8928 8925 8924
4 8823 8820 8925 8928
4 8819 8926 8925 8820
4 8819 8826 8929 8926
4 8817 8922 8929 8826
4 8921 8930 8929 8922
4 8923 8926 8929 8930
4 8823 8928 8931 8828
4 8928 8927 2775 8931
4 8828 8931 2775 2772
4 2734 2783 8932 8933
4 8933 8932 8934 8935
4 2734 8933 8935 8829
4 8829 8935 8936 8830
4 8935 8934 8937 8936
4 8936 8937 8938 8939
4 8830 8936 8939 8832
4 8940 8941 8942 8943
4 8944 8945 8942 8941
4 8838 8835 8942 8945
4 8834 8943 8942 8835
4 8834 8841 8946 8943
4 8832 8939 8946 8841
4 8938 8947 8946 8939
4 8940 8943 8946 8947
4 8838 8945 8948 8843
4 8945 8944 8949 8948
4 8948 8949 8950 8843
4 8843 8950 8951 8952
4 8952 8951 8953 8954
4 8843 8952 8954 8844
4 8844 8954 8955 8845
4 8954 8953 8956 8955
4 8955 8956 8957 8958
4 8845 8955 8958 8847
4 8959 8960 8961 8962
4 8963 8964 8961 8960
4 8965 8962 8961 8964
4 8965 8966 8967 8962
4 8851 8850 8967 8966
4 8847 8958 8967 8850
4 8957 8968 8967 8958
4 8959 8962 8967 8968
4 8965 8964 8969 8970
4 8963 8971 8969 8964
4 8972 8973 8969 8971
4 8974 8970 8969 8973
4 8974 8975 8976 8970
4 8854 8852 8976 8975
4 8851 8966 8976 8852
4 8965 8970 8976 8966
4 8974 8973 8977 8978
4 8972 8979 8977 8973
4 8980 8981 8977 8979
4 8982 8978 8977 8981
4 8982 8983 8984 8978
4 8858 8857 8984 8983
4 8854 8975 8984 8857
4 8974 8978 8984 8975
4 8982 8981 8985 8986
4 8980 8987 8985 8981
4 8988 8989 8985 8987
4 8864 8861 8985 8989
4 8860 8986 8985 8861
4 8860 8869 8990 8986
4 8858 8983 8990 8869
4 8982 8986 8990 8983
4 8864 8989 8991 8872
4 8989 8988 8992 8991
4 8872 8991 8992 8873
4 8873 8992 8993 8880
4 8992 8994 8995 8993
4 8993 8995 8881 8880
4 8881 8995 8996 8885
4 8995 8994 8997 8996
4 8885 8996 8997 8886
4 8886 8997 2785 2784
4 2808 2807 8998 8893
4 8893 8998 8999 8900
4 8998 9000 9001 8999
4 8999 9001 8901 8900
4 9002 9003 9004 9005
4 8909 8907 9004 9003
4 8906 9005 9004 8907
4 8906 8905 9006 9005
4 8901 9001 9006 8905
4 9000 9007 9006 9001
4 9008 9009 9006 9007
4 9002 9005 9006 9009
4 9002 9009 9010 9011
4 9008 9012 9010 9009
4 9013 9014 9010 9012
4 9015 9011 9010 9014
4 9015 9016 9017 9011
4 8913 8912 9017 9016
4 8909 9003 9017 8912
4 9002 9011 9017 9003
4 9015 9014 9018 9019
4 9013 9020 9018 9014
4 9021 9019 9018 9020
4 9021 9022 9023 9019
4 9024 9025 9023 9022
4 8917 8916 9023 9025
4 8913 9016 9023 8916
4 9015 9019 9023 9016
4 8917 9025 9026 2762
4 9025 9024 9027 9026
4 9026 9027 9028 2762
4 2762 9028 9029 2763
4 2763 9029 2809 2764
4 2769 2821 9030 8918
4 8918 9030 9031 8919
4 9030 9032 9033 9031
4 9031 9033 8921 8919
4 9034 9035 9036 9037
4 9038 9039 9036 9035
4 8927 8924 9036 9039
4 8923 9037 9036 8924
4 8923 8930 9040 9037
4 8921 9033 9040 8930
4 9032 9041 9040 9033
4 9034 9037 9040 9041
4 8927 9039 9042 2775
4 9039 9038 9043 9042
4 9042 9043 2822 2775
4 2783 2782 9044 8932
4 2782 9045 9046 9044
4 9044 9046 8934 8932
4 9047 9048 9049 9050
4 9051 9052 9049 9048
4 9053 9050 9049 9052
4 9053 9054 9055 9050
4 8938 8937 9055 9054
4 8934 9046 9055 8937
4 9045 9056 9055 9046
4 9047 9050 9055 9056
4 9053 9052 9057 9058
4 9051 9059 9057 9052
4 9060 9061 9057 9059
4 8944 8941 9057 9061
4 8940 9058 9057 8941
4 8940 8947 9062 9058
4 8938 9054 9062 8947
4 9053 9058 9062 9054
4 9063 9064 9065 9066
4 9067 9068 9065 9064
4 9069 9066 9065 9068
4 9069 9070 9071 9066
4 8950 8949 9071 9070
4 8944 9061 9071 8949
4 9060 9072 9071 9061
4 9063 9066 9071 9072
4 9069 9068 9073 9074
4 9067 9075 9073 9068
4 9076 9077 9073 9075
4 9078 9074 9073 9077
4 9078 9079 9080 9074
4 8953 8951 9080 9079
4 8950 9070 9080 8951
4 9069 9074 9080 9070
4 9078 9077 9081 9082
4 9076 9083 9081 9077
4 9084 9085 9081 9083
4 9086 9082 9081 9085
4 9086 9087 9088 9082
4 8957 8956 9088 9087
4 8953 9079 9088 8956
4 9078 9082 9088 9079
4 9086 9085 9089 9090
4 9084 9091 9089 9085
4 9092 9093 9089 9091
4 8963 8960 9089 9093
4 8959 9090 9089 8960
4 8959 8968 9094 9090
4 8957 9087 9094 8968
4 9086 9090 9094 9087
4 8963 9093 9095 8971
4 9093 9092 2829 9095
4 8971 9095 2829 8972
4 8972 2829 9096 8979
4 2829 2832 9097 9096
4 9096 9097 8980 8979
4 8980 9097 9098 8987
4 9097 2832 2837 9098
4 8987 9098 2837 8988
4 8988 2837 2839 8992
4 8992 2839 2841 8994
4 8994 2841 2843 8997
4 8997 2843 2788 2785
4 2807 2806 2853 8998
4 8998 2853 2857 9000
4 9000 2857 9099 9007
4 2857 9100 9101 9099
4 9099 9101 9008 9007
4 9008 9101 9102 9012
4 9101 9100 9103 9102
4 9102 9103 9104 9105
4 9012 9102 9105 9013
4 9106 9107 9108 9109
4 9024 9022 9108 9107
4 9021 9109 9108 9022
4 9021 9020 9110 9109
4 9013 9105 9110 9020
4 9104 9111 9110 9105
4 9112 9113 9110 9111
4 9106 9109 9110 9113
4 9106 9113 9114 9115
4 9112 9116 9114 9113
4 9117 9115 9114 9116
4 9117 9118 9119 9115
4 9120 9121 9119 9118
4 9028 9027 9119 9121
4 9024 9107 9119 9027
4 9106 9115 9119 9107
4 9028 9121 9122 9029
4 9121 9120 9123 9122
4 9122 9123 9124 9029
4 9029 9124 2811 2809
4 2821 2820 9125 9030
4 9030 9125 9126 9127
4 9127 9126 9128 9129
4 9030 9127 9129 9032
4 9130 9131 9132 9133
4 9134 9135 9132 9131
4 9038 9035 9132 9135
4 9034 9133 9132 9035
4 9034 9041 9136 9133
4 9032 9129 9136 9041
4 9128 9137 9136 9129
4 9130 9133 9136 9137
4 9038 9135 9138 9043
4 9135 9134 2824 9138
4 9043 9138 2824 2822
4 2782 2828 9139 9140
4 9140 9139 9141 9142
4 2782 9140 9142 9045
4 9143 9144 9145 9146
4 9141 9147 9145 9144
4 9148 9149 9145 9147
4 9150 9146 9145 9149
4 9148 9151 9152 9149
4 9153 9154 9152 9151
4 9155 9156 9152 9154
4 9150 9149 9152 9156
4 9155 9157 9158 9156
4 9051 9048 9158 9157
4 9047 9159 9158 9048
4 9150 9156 9158 9159
4 9047 9056 9160 9159
4 9045 9161 9160 9056
4 9143 9146 9160 9161
4 9150 9159 9160 9146
4 9155 9154 9162 9163
4 9153 9164 9162 9154
4 9165 9166 9162 9164
4 9167 9163 9162 9166
4 9167 9168 9169 9163
4 9060 9059 9169 9168
4 9051 9157 9169 9059
4 9155 9163 9169 9157
4 9167 9166 9170 9171
4 9165 9172 9170 9166
4 9173 9174 9170 9172
4 9067 9064 9170 9174
4 9063 9171 9170 9064
4 9063 9072 9175 9171
4 9060 9168 9175 9072
4 9167 9171 9175 9168
4 9067 9174 9176 9075
4 9174 9173 9177 9176
4 9075 9176 9177 9076
4 9076 9177 9178 9083
4 9177 9179 9180 9178
4 9178 9180 9084 9083
4 9084 9180 9181 9091
4 9180 9179 9182 9181
4 9091 9181 9182 9092
4 9092 9182 2830 2829
4 2857 2856 9183 9100
4 9100 9183 9184 9103
4 9183 9185 9186 9184
4 9184 9186 9104 9103
4 9104 9186 9187 9111
4 9186 9185 9188 9187
4 9187 9188 9189 9190
4 9111 9187 9190 9112
4 9191 9192 9193 9194
4 9120 9118 9193 9192
4 9117 9194 9193 9118
4 9117 9116 9195 9194
4 9112 9190 9195 9116
4 9189 9196 9195 9190
4 9197 9198 9195 9196
4 9191 9194 9195 9198
4 9191 9198 9199 9200
4 9197 9201 9199 9198
4 9202 9200 9199 9201
4 9202 9203 9204 9200
4 9205 9206 9204 9203
4 9124 9123 9204 9206
4 9120 9192 9204 9123
4 9191 9200 9204 9192
4 9124 9206 9207 2811
4 9206 9205 9208 9207
4 9207 9208 9209 2811
4 2811 9209 9210 9211
4 9211 9210 9212 9213
4 2811 9211 9213 2812
4 2812 9213 9214 2813
4 9213 9212 9215 9214
4 9214 9215 9216 2813
4 2813 9216 9217 2814
4 2814 9217 2858 2816
4 2820 2863 9218 9219
4 9219 9218 9220 9221
4 2820 9219 9221 9125
4 9125 9221 9222 9126
4 9221 9220 9223 9222
4 9222 9223 9224 9225
4 9126 9222 9225 9128
4 9226 9227 9228 9229
4 9230 9231 9228 9227
4 9134 9131 9228 9231
4 9130 9229 9228 9131
4 9130 9137 9232 9229
4 9128 9225 9232 9137
4 9224 9233 9232 9225
4 9226 9229 9232 9233
4 9134 9231 9234 2824
4 9231 9230 9235 9234
4 9234 9235 2864 2824
4 2828 2827 9236 9139
4 2827 2871 9237 9236
4 9236 9237 9141 9139
4 9141 9237 9238 9239
4 9237 2871 2872 9238
4 9239 9238 2872 9153
4 9153 2872 9240 9164
4 2872 2874 9241 9240
4 9240 9241 9165 9164
4 9165 9241 9242 9172
4 9241 2874 2876 9242
4 9172 9242 2876 9173
4 9173 2876 2878 9177
4 9177 2878 2879 9179
4 9179 2879 2881 9182
4 9182 2881 2833 2830
4 2856 2855 2888 9183
4 9183 2888 2892 9185
4 9185 2892 9243 9188
4 2892 9244 9245 9243
4 9243 9245 9189 9188
4 9189 9245 9246 9196
4 9245 9244 9247 9246
4 9246 9247 9248 9249
4 9196 9246 9249 9197
4 9250 9251 9252 9253
4 9205 9203 9252 9251
4 9202 9253 9252 9203
4 9202 9201 9254 9253
4 9197 9249 9254 9201
4 9248 9255 9254 9249
4 9256 9257 9254 9255
4 9250 9253 9254 9257
4 9250 9257 9258 9259
4 9256 9260 9258 9257
4 9261 9262 9258 9260
4 9263 9259 9258 9262
4 9263 9264 9265 9259
4 9209 9208 9265 9264
4 9205 9251 9265 9208
4 9250 9259 9265 9251
4 9263 9262 9266 9267
4 9261 9268 9266 9262
4 9269 9267 9266 9268
4 9269 9270 9271 9267
4 9272 9273 9271 9270
4 9212 9210 9271 9273
4 9209 9264 9271 9210
4 9263 9267 9271 9264
4 9212 9273 9274 9215
4 9273 9272 9275 9274
4 9274 9275 9276 9277
4 9215 9274 9277 9216
4 9216 9277 9278 9217
4 9277 9276 9279 9278
4 9278 9279 9280 9217
4 9217 9280 2860 2858
4 2863 2862 9281 9218
4 2862 9282 9283 9281
4 9281 9283 9220 9218
4 9284 9285 9286 9287
4 9288 9289 9286 9285
4 9290 9287 9286 9289
4 9290 9291 9292 9287
4 9224 9223 9292 9291
4 9220 9283 9292 9223
4 9282 9293 9292 9283
4 9284 9287 9292 9293
4 9290 9289 9294 9295
4 9288 9296 9294 9289
4 9297 9298 9294 9296
4 9230 9227 9294 9298
4 9226 9295 9294 9227
4 9226 9233 9299 9295
4 9224 9291 9299 9233
4 9290 9295 9299 9291
4 9230 9298 9300 9235
4 9298 9297 2866 9300
4 9235 9300 2866 2864
4 2892 2891 9301 9244
4 9244 9301 9302 9247
4 9301 9303 9304 9302
4 9302 9304 9248 9247
4 9248 9304 9305 9255
4 9304 9303 9306 9305
4 9255 9305 9306 9256
4 9256 9306 9307 9260
4 9306 9308 9309 9307
4 9307 9309 9261 9260
4 9310 9311 9312 9313
4 9272 9270 9312 9311
4 9269 9313 9312 9270
4 9269 9268 9314 9313
4 9261 9309 9314 9268
4 9308 9315 9314 9309
4 9316 9317 9314 9315
4 9310 9313 9314 9317
4 9310 9317 9318 9319
4 9316 9320 9318 9317
4 9321 9319 9318 9320
4 9321 9322 9323 9319
4 9324 9325 9323 9322
4 9276 9275 9323 9325
4 9272 9311 9323 9275
4 9310 9319 9323 9311
4 9276 9325 9326 9279
4 9325 9324 9327 9326
4 9326 9327 9328 9329
4 9279 9326 9329 9280
4 9280 9329 9330 2860
4 9329 9328 9331 9330
4 9330 9331 9332 2860
4 2860 9332 9333 2861
4 2861 9333 9334 2862
4 2862 9334 9335 9336
4 9336 9335 9337 9338
4 2862 9336 9338 9282
4 9339 9340 9341 9342
4 9343 9344 9341 9340
4 9288 9285 9341 9344
4 9284 9342 9341 9285
4 9284 9293 9345 9342
4 9282 9338 9345 9293
4 9337 9346 9345 9338
4 9339 9342 9345 9346
4 9288 9344 9347 9296
4 9344 9343 9348 9347
4 9296 9347 9348 9297
4 9297 9348 2893 2866
4 2891 2890 2901 9301
4 9301 2901 2903 9303
4 9303 2903 2905 9306
4 9306 2905 2908 9308
4 9308 2908 9349 9315
4 2908 9350 9351 9349
4 9349 9351 9316 9315
4 9352 9353 9354 9355
4 9324 9322 9354 9353
4 9321 9355 9354 9322
4 9321 9320 9356 9355
4 9316 9351 9356 9320
4 9350 9357 9356 9351
4 9358 9359 9356 9357
4 9352 9355 9356 9359
4 9352 9359 9360 9361
4 9358 9362 9360 9359
4 9363 9361 9360 9362
4 9363 9364 9365 9361
4 9366 9367 9365 9364
4 9328 9327 9365 9367
4 9324 9353 9365 9327
4 9352 9361 9365 9353
4 9328 9367 9368 9331
4 9367 9366 9369 9368
4 9368 9369 9370 9371
4 9331 9368 9371 9332
4 9332 9371 9372 9333
4 9371 9370 9373 9372
4 9372 9373 9374 9333
4 9333 9374 9375 9334
4 9334 9375 9376 9335
4 9375 9377 9378 9376
4 9376 9378 9337 9335
4 9379 9380 9381 9382
4 9383 9384 9381 9380
4 9343 9340 9381 9384
4 9339 9382 9381 9340
4 9339 9346 9385 9382
4 9337 9378 9385 9346
4 9377 9386 9385 9378
4 9379 9382 9385 9386
4 9343 9384 9387 9348
4 9384 9383 9388 9387
4 9387 9388 9389 9348
4 9348 9389 2895 2893
4 2908 2907 9390 9350
4 9350 9390 9391 9357
4 9390 9392 9393 9391
4 9391 9393 9358 9357
4 9394 9395 9396 9397
4 9366 9364 9396 9395
4 9363 9397 9396 9364
4 9363 9362 9398 9397
4 9358 9393 9398 9362
4 9392 9399 9398 9393
4 9400 9401 9398 9399
4 9394 9397 9398 9401
4 9394 9401 9402 9403
4 9400 9404 9402 9401
4 9405 9403 9402 9404
4 9405 9406 9407 9403
4 9408 9409 9407 9406
4 9370 9369 9407 9409
4 9366 9395 9407 9369
4 9394 9403 9407 9395
4 9370 9409 9410 9373
4 9409 9408 9411 9410
4 9410 9411 9412 9413
4 9373 9410 9413 9374
4 9374 9413 9414 9375
4 9413 9412 9415 9414
4 9414 9415 9416 9375
4 9375 9416 9417 9418
4 9418 9417 9419 9420
4 9375 9418 9420 9377
4 9421 9422 9423 9424
4 9425 9426 9423 9422
4 9383 9380 9423 9426
4 9379 9424 9423 9380
4 9379 9386 9427 9424
4 9377 9420 9427 9386
4 9419 9428 9427 9420
4 9421 9424 9427 9428
4 9383 9426 9429 9388
4 9426 9425 9430 9429
4 9388 9429 9430 9389
4 9389 9430 2909 2895
4 2907 2906 2914 9390
4 9390 2914 2917 9392
4 9392 2917 9431 9399
4 2917 9432 9433 9431
4 9431 9433 9400 9399
4 9434 9435 9436 9437
4 9408 9406 9436 9435
4 9405 9437 9436 9406
4 9405 9404 9438 9437
4 9400 9433 9438 9404
4 9432 9439 9438 9433
4 9440 9441 9438 9439
4 9434 9437 9438 9441
4 9434 9441 9442 9443
4 9440 9444 9442 9441
4 9445 9446 9442 9444
4 9447 9443 9442 9446
4 9447 9448 9449 9443
4 9412 9411 9449 9448
4 9408 9435 9449 9411
4 9434 9443 9449 9435
4 9447 9446 9450 9451
4 9445 9452 9450 9446
4 9453 9451 9450 9452
4 9453 9454 9455 9451
4 9456 9457 9455 9454
4 9416 9415 9455 9457
4 9412 9448 9455 9415
4 9447 9451 9455 9448
4 9416 9457 9458 9417
4 9457 9456 9459 9458
4 9458 9459 9460 9461
4 9417 9458 9461 9419
4 9462 9463 9464 9465
4 9466 9467 9464 9463
4 9425 9422 9464 9467
4 9421 9465 9464 9422
4 9421 9428 9468 9465
4 9419 9461 9468 9428
4 9460 9469 9468 9461
4 9462 9465 9468 9469
4 9425 9467 9470 9430
4 9467 9466 9471 9470
4 9470 9471 9472 9430
4 9430 9472 2911 2909
4 2917 2916 9473 9432
4 9432 9473 9474 9439
4 9473 9475 9476 9474
4 9474 9476 9440 9439
4 9440 9476 9477 9444
4 9476 9475 9478 9477
4 9477 9478 9479 9480
4 9444 9477 9480 9445
4 9481 9482 9483 9484
4 9456 9454 9483 9482
4 9453 9484 9483 9454
4 9453 9452 9485 9484
4 9445 9480 9485 9452
4 9479 9486 9485 9480
4 9487 9488 9485 9486
4 9481 9484 9485 9488
4 9481 9488 9489 9490
4 9487 9491 9489 9488
4 9492 9490 9489 9491
4 9492 9493 9494 9490
4 9495 9496 9494 9493
4 9460 9459 9494 9496
4 9456 9482 9494 9459
4 9481 9490 9494 9482
4 9497 9498 9499 9500
4 9501 9502 9499 9498
4 9466 9463 9499 9502
4 9462 9500 9499 9463
4 9462 9469 9503 9500
4 9460 9496 9503 9469
4 9495 9504 9503 9496
4 9497 9500 9503 9504
4 9466 9502 9505 9471
4 9502 9501 9506 9505
4 9471 9505 9506 9472
4 9472 9506 2918 2911
4 2916 2915 2923 9473
4 9473 2923 2926 9475
4 9475 2926 9507 9478
4 2926 9508 9509 9507
4 9507 9509 9479 9478
4 9479 9509 9510 9486
4 9509 9508 9511 9510
4 9510 9511 9512 9513
4 9486 9510 9513 9487
4 9514 9515 9516 9517
4 9495 9493 9516 9515
4 9492 9517 9516 9493
4 9492 9491 9518 9517
4 9487 9513 9518 9491
4 9512 9519 9518 9513
4 9520 9521 9518 9519
4 9514 9517 9518 9521
4 9514 9521 9522 9523
4 9520 9524 9522 9521
4 9525 9526 9522 9524
4 9527 9523 9522 9526
4 9525 9528 9529 9526
4 9530 9531 9529 9528
4 9532 9533 9529 9531
4 9527 9526 9529 9533
4 9532 9534 9535 9533
4 9501 9498 9535 9534
4 9497 9536 9535 9498
4 9527 9533 9535 9536
4 9497 9504 9537 9536
4 9495 9515 9537 9504
4 9514 9523 9537 9515
4 9527 9536 9537 9523
4 9501 9538 9539 9506
4 9538 9530 9540 9539
4 9539 9540 9541 9506
4 9506 9541 2920 2918
4 2926 2925 9542 9508
4 9508 9542 9543 9511
4 9542 9544 9545 9543
4 9543 9545 9512 9511
4 9512 9545 9546 9519
4 9545 9544 9547 9546
4 9519 9546 9547 9520
4 9520 9547 9548 9549
4 9547 9550 9551 9548
4 9548 9551 9530 9549
4 9530 9551 9552 9540
4 9551 9550 9553 9552
4 9540 9552 9553 9541
4 9541 9553 2927 2920
4 2925 2924 2932 9542
4 9542 2932 2934 9544
4 9544 2934 2936 9547
4 9547 2936 2937 9550
4 9550 2937 2939 9553
4 9553 2939 2929 2927
CELL_TYPES 9466
9
9
9
9
9
9
9
9
9
9
9
9
9
9
9
9
9
9
9
9
9
9
9
9
9
9
9
9
9
9
9
9
9
9
9
9
9
9
9
9
9
9
9
9
9
9
9
9
9
9
9
9
9
9
9
9
9
9
9
9
9
9
9
9
9
9
9
9
9
9
9
9
9
9
9
9
9
9
9
9
9
9
9
9
9
9
9
9
9
9
9
9
9
9
9
9
9
9
9
9
9
9
9
9
9
9
9
9
9
9
9
9
9
9
9
9
9
9
9
9
9
9
9
9
9
9
9
9
9
9
9
9
9
9
9
9
9
9
9
9
9
9
9
9
9
9
9
9
9
9
9
9
9
9
9
9
9
9
9
9
9
9
9
9
9
9
9
9
9
9
9
9
9
9
9
9
9
9
9
9
9
9
9
9
9
9
9
9
9
9
9
9
9
9
9
9
9
9
9
9
9
9
9
9
9
9
9
9
9
9
9
9
9
9
9
9
9
9
9
9
9
9
9
9
9
9
9
9
9
9
9
9
9
9
9
9
9
9
9
9
9
9
9
9
9
9
9
9
9
9
9
9
9
9
9
9
9
9
9
9
9
9
9
9
9
9
9
9
9
9
9
9
9
9
9
9
9
9
9
9
9
9
9
9
9
9
9
9
9
9
9
9
9
9
9
9
9
9
9
9
9
9
9
9
9
9
9
9
9
9
9
9
9
9
9
9
9
9
9
9
9
9
9
9
9
9
9
9
9
9
9
9
9
9
9
9
9
9
9
9
9
9
9
9
9
9
9
9
9
9
9
9
9
9
9
9
9
9
9
9
9
9
9
9
9
9
9
9
9
9
9
9
9
9
9
9
9
9
9
9
9
9
9
9
9
9
9
9
9
9
9
9
9
9
9
9
9
9
9
9
9
9
9
9
9
9
9
9
9
9
9
9
9
9
9
9
9
9
9
9
9
9
9
9
9
9
9
9
9
9
9
9
9
9
9
9
9
9
9
9
9
9
9
9
9
9
9
9
9
9
9
9
9
9
9
9
9
9
9
9
9
9
9
9
9
9
9
9
9
9
9
9
9
9
9
9
9
9
9
9
9
9
9
9
9
9
9
9
9
9
9
9
9
9
9
9
9
9
9
9
9
9
9
9
9
9
9
9
9
9
9
9
9
9
9
9
9
9
9
9
9
9
9
9
9
9
9
9
9
9
9
9
9
9
9
9
9
9
9
9
9
9
9
9
9
9
9
9
9
9
9
9
9
9
9
9
9
9
9
9
9
9
9
9
9
9
9
9
9
9
9
9
9
9
9
9
9
9
9
9
9
9
9
9
9
9
9
9
9
9
9
9
9
9
9
9
9
9
9
9
9
9
9
9
9
9
9
9
9
9
9
9
9
9
9
9
9
9
9
9
9
9
9
9
9
9
9
9
9
9
9
9
9
9
9
9
9
9
9
9
9
9
9
9
9
9
9
9
9
9
9
9
9
9
9
9
9
9
9
9
9
9
9
9
9
9
9
9
9
9
9
9
9
9
9
9
9
9
9
9
9
9
9
9
9
9
9
9
9
9
9
9
9
9
9
9
9
9
9
9
9
9
9
9
9
9
9
9
9
9
9
9
9
9
9
9
9
9
9
9
9
9
9
9
9
9
9
9
9
9
9
9
9
9
9
9
9
9
9
9
9
9
9
9
9
9
9
9
9
9
9
9
9
9
9
9
9
9
9
9
9
9
9
9
9
9
9
9
9
9
9
9
9
9
9
9
9
9
9
9
9
9
9
9
9
9
9
9
9
9
9
9
9
9
9
9
9
9
9
9
9
9
9
9
9
9
9
9
9
9
9
9
9
9
9
9
9
9
9
9
9
9
9
9
9
9
9
9
9
9
9
9
9
9
9
9
9
9
9
9
9
9
9
9
9
9
9
9
9
9
9
9
9
9
9
9
9
9
9
9
9
9
9
9
9
9
9
9
9
9
9
9
9
9
9
9
9
9
9
9
9
9
9
9
9
9
9
9
9
9
9
9
9
9
9
9
9
9
9
9
9
9
9
9
9
9
9
9
9
9
9
9
9
9
9
9
9
9
9
9
9
9
9
9
9
9
9
9
9
9
9
9
9
9
9
9
9
9
9
9
9
9
9
9
9
9
9
9
9
9
9
9
9
9
9
9
9
9
9
9
9
9
9
9
9
9
9
9
9
9
9
9
9
9
9
9
9
9
9
9
9
9
9
9
9
9
9
9
9
9
9
9
9
9
9
9
9
9
9
9
9
9
9
9
9
9
9
9
9
9
9
9
9
9
9
9
9
9
9
9
9
9
9
9
9
9
9
9
9
9
9
9
9
9
9
9
9
9
9
9
9
9
9
9
9
9
9
9
9
9
9
9
9
9
9
9
9
9
9
9
9
9
9
9
9
9
9
9
9
9
9
9
9
9
9
9
9
9
9
9
9
9
9
9
9
9
9
9
9
9
9
9
9
9
9
9
9
9
9
9
9
9
9
9
9
9
9
9
9
9
9
9
9
9
9
9
9
9
9
9
9
9
9
9
9
9
9
9
9
9
9
9
9
9
9
9
9
9
9
9
9
9
9
9
9
9
9
9
9
9
9
9
9
9
9
9
9
9
9
9
9
9
9
9
9
9
9
9
9
9
9
9
9
9
9
9
9
9
9
9
9
9
9
9
9
9
9
9
9
9
9
9
9
9
9
9
9
9
9
9
9
9
9
9
9
9
9
9
9
9
9
9
9
9
9
9
9
9
9
9
9
9
9
9
9
9
9
9
9
9
9
9
9
9
9
9
9
9
9
9
9
9
9
9
9
9
9
9
9
9
9
9
9
9
9
9
9
9
9
9
9
9
9
9
9
9
9
9
9
9
9
9
9
9
9
9
9
9
9
9
9
9
9
9
9
9
9
9
9
9
9
9
9
9
9
9
9
9
9
9
9
9
9
9
9
9
9
9
9
9
9
9
9
9
9
9
9
9
9
9
9
9
9
9
9
9
9
9
9
9
9
9
9
9
9
9
9
9
9
9
9
9
9
9
9
9
9
9
9
9
9
9
9
9
9
9
9
9
9
9
9
9
9
9
9
9
9
9
9
9
9
9
9
9
9
9
9
9
9
9
9
9
9
9
9
9
9
9
9
9
9
9
9
9
9
9
9
9
9
9
9
9
9
9
9
9
9
9
9
9
9
9
9
9
9
9
9
9
9
9
9
9
9
9
9
9
9
9
9
9
9
9
9
9
9
9
9
9
9
9
9
9
9
9
9
9
9
9
9
9
9
9
9
9
9
9
9
9
9
9
9
9
9
9
9
9
9
9
9
9
9
9
9
9
9
9
9
9
9
9
9
9
9
9
9
9
9
9
9
9
9
9
9
9
9
9
9
9
9
9
9
9
9
9
9
9
9
9
9
9
9
9
9
9
9
9
9
9
9
9
9
9
9
9
9
9
9
9
9
9
9
9
9
9
9
9
9
9
9
9
9
9
9
9
9
9
9
9
9
9
9
9
9
9
9
9
9
9
9
9
9
9
9
9
9
9
9
9
9
9
9
9
9
9
9
9
9
9
9
9
9
9
9
9
9
9
9
9
9
9
9
9
9
9
9
9
9
9
9
9
9
9
9
9
9
9
9
9
9
9
9
9
9
9
9
9
9
9
9
9
9
9
9
9
9
9
9
9
9
9
9
9
9
9
9
9
9
9
9
9
9
9
9
9
9
9
9
9
9
9
9
9
9
9
9
9
9
9
9
9
9
9
9
9
9
9
9
9
9
9
9
9
9
9
9
9
9
9
9
9
9
9
9
9
9
9
9
9
9
9
9
9
9
9
9
9
9
9
9
9
9
9
9
9
9
9
9
9
9
9
9
9
9
9
9
9
9
9
9
9
9
9
9
9
9
9
9
9
9
9
9
9
9
9
9
9
9
9
9
9
9
9
9
9
9
9
9
9
9
9
9
9
9
9
9
9
9
9
9
9
9
9
9
9
9
9
9
9
9
9
9
9
9
9
9
9
9
9
9
9
9
9
9
9
9
9
9
9
9
9
9
9
9
9
9
9
9
9
9
9
9
9
9
9
9
9
9
9
9
9
9
9
9
9
9
9
9
9
9
9
9
9
9
9
9
9
9
9
9
9
9
9
9
9
9
9
9
9
9
9
9
9
9
9
9
9
9
9
9
9
9
9
9
9
9
9
9
9
9
9
9
9
9
9
9
9
9
9
9
9
9
9
9
9
9
9
9
9
9
9
9
9
9
9
9
9
9
9
9
9
9
9
9
9
9
9
9
9
9
9
9
9
9
9
9
9
9
9
9
9
9
9
9
9
9
9
9
9
9
9
9
9
9
9
9
9
9
9
9
9
9
9
9
9
9
9
9
9
9
9
9
9
9
9
9
9
9
9
9
9
9
9
9
9
9
9
9
9
9
9
9
9
9
9
9
9
9
9
9
9
9
9
9
9
9
9
9
9
9
9
9
9
9
9
9
9
9
9
9
9
9
9
9
9
9
9
9
9
9
9
9
9
9
9
9
9
9
9
9
9
9
9
9
9
9
9
9
9
9
9
9
9
9
9
9
9
9
9
9
9
9
9
9
9
9
9
9
9
9
9
9
9
9
9
9
9
9
9
9
9
9
9
9
9
9
9
9
9
9
9
9
9
9
9
9
9
9
9
9
9
9
9
9
9
9
9
9
9
9
9
9
9
9
9
9
9
9
9
9
9
9
9
9
9
9
9
9
9
9
9
9
9
9
9
9
9
9
9
9
9
9
9
9
9
9
9
9
9
9
9
9
9
9
9
9
9
9
9
9
9
9
9
9
9
9
9
9
9
9
9
9
9
9
9
9
9
9
9
9
9
9
9
9
9
9
9
9
9
9
9
9
9
9
9
9
9
9
9
9
9
9
9
9
9
9
9
9
9
9
9
9
9
9
9
9
9
9
9
9
9
9
9
9
9
9
9
9
9
9
9
9
9
9
9
9
9
9
9
9
9
9
9
9
9
9
9
9
9
9
9
9
9
9
9
9
9
9
9
9
9
9
9
9
9
9
9
9
9
9
9
9
9
9
9
9
9
9
9
9
9
9
9
9
9
9
9
9
9
9
9
9
9
9
9
9
9
9
9
9
9
9
9
9
9
9
9
9
9
9
9
9
9
9
9
9
9
9
9
9
9
9
9
9
9
9
9
9
9
9
9
9
9
9
9
9
9
9
9
9
9
9
9
9
9
9
9
9
9
9
9
9
9
9
9
9
9
9
9
9
9
9
9
9
9
9
9
9
9
9
9
9
9
9
9
9
9
9
9
9
9
9
9
9
9
9
9
9
9
9
9
9
9
9
9
9
9
9
9
9
9
9
9
9
9
9
9
9
9
9
9
9
9
9
9
9
9
9
9
9
9
9
9
9
9
9
9
9
9
9
9
9
9
9
9
9
9
9
9
9
9
9
9
9
9
9
9
9
9
9
9
9
9
9
9
9
9
9
9
9
9
9
9
9
9
9
9
9
9
9
9
9
9
9
9
9
9
9
9
9
9
9
9
9
9
9
9
9
9
9
9
9
9
9
9
9
9
9
9
9
9
9
9
9
9
9
9
9
9
9
9
9
9
9
9
9
9
9
9
9
9
9
9
9
9
9
9
9
9
9
9
9
9
9
9
9
9
9
9
9
9
9
9
9
9
9
9
9
9
9
9
9
9
9
9
9
9
9
9
9
9
9
9
9
9
9
9
9
9
9
9
9
9
9
9
9
9
9
9
9
9
9
9
9
9
9
9
9
9
9
9
9
9
9
9
9
9
9
9
9
9
9
9
9
9
9
9
9
9
9
9
9
9
9
9
9
9
9
9
9
9
9
9
9
9
9
9
9
9
9
9
9
9
9
9
9
9
9
9
9
9
9
9
9
9
9
9
9
9
9
9
9
9
9
9
9
9
9
9
9
9
9
9
9
9
9
9
9
9
9
9
9
9
9
9
9
9
9
9
9
9
9
9
9
9
9
9
9
9
9
9
9
9
9
9
9
9
9
9
9
9
9
9
9
9
9
9
9
9
9
9
9
9
9
9
9
9
9
9
9
9
9
9
9
9
9
9
9
9
9
9
9
9
9
9
9
9
9
9
9
9
9
9
9
9
9
9
9
9
9
9
9
9
9
9
9
9
9
9
9
9
9
9
9
9
9
9
9
9
9
9
9
9
9
9
9
9
9
9
9
9
9
9
9
9
9
9
9
9
9
9
9
9
9
9
9
9
9
9
9
9
9
9
9
9
9
9
9
9
9
9
9
9
9
9
9
9
9
9
9
9
9
9
9
9
9
9
9
9
9
9
9
9
9
9
9
9
9
9
9
9
9
9
9
9
9
9
9
9
9
9
9
9
9
9
9
9
9
9
9
9
9
9
9
9
9
9
9
9
9
9
9
9
9
9
9
9
9
9
9
9
9
9
9
9
9
9
9
9
9
9
9
9
9
9
9
9
9
9
9
9
9
9
9
9
9
9
9
9
9
9
9
9
9
9
9
9
9
9
9
9
9
9
9
9
9
9
9
9
9
9
9
9
9
9
9
9
9
9
9
9
9
9
9
9
9
9
9
9
9
9
9
9
9
9
9
9
9
9
9
9
9
9
9
9
9
9
9
9
9
9
9
9
9
9
9
9
9
9
9
9
9
9
9
9
9
9
9
9
9
9
9
9
9
9
9
9
9
9
9
9
9
9
9
9
9
9
9
9
9
9
9
9
9
9
9
9
9
9
9
9
9
9
9
9
9
9
9
9
9
9
9
9
9
9
9
9
9
9
9
9
9
9
9
9
9
9
9
9
9
9
9
9
9
9
9
9
9
9
9
9
9
9
9
9
9
9
9
9
9
9
9
9
9
9
9
9
9
9
9
9
9
9
9
9
9
9
9
9
9
9
9
9
9
9
9
9
9
9
9
9
9
9
9
9
9
9
9
9
9
9
9
9
9
9
9
9
9
9
9
9
9
9
9
9
9
9
9
9
9
9
9
9
9
9
9
9
9
9
9
9
9
9
9
9
9
9
9
9
9
9
9
9
9
9
9
9
9
9
9
9
9
9
9
9
9
9
9
9
9
9
9
9
9
9
9
9
9
9
9
9
9
9
9
9
9
9
9
9
9
9
9
9
9
9
9
9
9
9
9
9
9
9
9
9
9
9
9
9
9
9
9
9
9
9
9
9
9
9
9
9
9
9
9
9
9
9
9
9
9
9
9
9
9
9
9
9
9
9
9
9
9
9
9
9
9
9
9
9
9
9
9
9
9
9
9
9
9
9
9
9
9
9
9
9
9
9
9
9
9
9
9
9
9
9
9
9
9
9
9
9
9
9
9
9
9
9
9
9
9
9
9
9
9
9
9
9
9
9
9
9
9
9
9
9
9
9
9
9
9
9
9
9
9
9
9
9
9
9
9
9
9
9
9
9
9
9
9
9
9
9
9
9
9
9
9
9
9
9
9
9
9
9
9
9
9
9
9
9
9
9
9
9
9
9
9
9
9
9
9
9
9
9
9
9
9
9
9
9
9
9
9
9
9
9
9
9
9
9
9
9
9
9
9
9
9
9
9
9
9
9
9
9
9
9
9
9
9
9
9
9
9
9
9
9
9
9
9
9
9
9
9
9
9
9
9
9
9
9
9
9
9
9
9
9
9
9
9
9
9
9
9
9
9
9
9
9
9
9
9
9
9
9
9
9
9
9
9
9
9
9
9
9
9
9
9
9
9
9
9
9
9
9
9
9
9
9
9
9
9
9
9
9
9
9
9
9
9
9
9
9
9
9
9
9
9
9
9
9
9
9
9
9
9
9
9
9
9
9
9
9
9
9
9
9
9
9
9
9
9
9
9
9
9
9
9
9
9
9
9
9
9
9
9
9
9
9
9
9
9
9
9
9
9
9
9
9
9
9
9
9
9
9
9
9
9
9
9
9
9
9
9
9
9
9
9
9
9
9
9
9
9
9
9
9
9
9
9
9
9
9
9
9
9
9
9
9
9
9
9
9
9
9
9
9
9
9
9
9
9
9
9
9
9
9
9
9
9
9
9
9
9
9
9
9
9
9
9
9
9
9
9
9
9
9
9
9
9
9
9
9
9
9
9
9
9
9
9
9
9
9
9
9
9
9
9
9
9
9
9
9
9
9
9
9
9
9
9
9
9
9
9
9
9
9
9
9
9
9
9
9
9
9
9
9
9
9
9
9
9
9
9
9
9
9
9
9
9
9
9
9
9
9
9
9
9
9
9
9
9
9
9
9
9
9
9
9
9
9
9
9
9
9
9
9
9
9
9
9
9
9
9
9
9
9
9
9
9
9
9
9
9
9
9
9
9
9
9
9
9
9
9
9
9
9
9
9
9
9
9
9
9
9
9
9
9
9
9
9
9
9
9
9
9
9
9
9
9
9
9
9
9
9
9
9
9
9
9
9
9
9
9
9
9
9
9
9
9
9
9
9
9
9
9
9
9
9
9
9
9
9
9
9
9
9
9
9
9
9
9
9
9
9
9
9
9
9
9
9
9
9
9
9
9
9
9
9
9
9
9
9
9
9
9
9
9
9
9
9
9
9
9
9
9
9
9
9
9
9
9
9
9
9
9
9
9
9
9
9
9
9
9
9
9
9
9
9
9
9
9
9
9
9
9
9
9
9
9
9
9
9
9
9
9
9
9
9
9
9
9
9
9
9
9
9
9
9
9
9
9
9
9
9
9
9
9
9
9
9
9
9
9
9
9
9
9
9
9
9
9
9
9
9
9
9
9
9
9
9
9
9
9
9
9
9
9
9
9
9
9
9
9
9
9
9
9
9
9
9
9
9
9
9
9
9
9
9
9
9
9
9
9
9
9
9
9
9
9
9
9
9
9
9
9
9
9
9
9
9
9
9
9
9
9
9
9
9
9
9
9
9
9
9
9
9
9
9
9
9
9
9
9
9
9
9
9
9
9
9
9
9
9
9
9
9
9
9
9
9
9
9
9
9
9
9
9
9
9
9
9
9
9
9
9
9
9
9
9
9
9
9
9
9
9
9
9
9
9
9
9
9
9
9
9
9
9
9
9
9
9
9
9
9
9
9
9
9
9
9
9
9
9
9
9
9
9
9
9
9
9
9
9
9
9
9
9
9
9
9
9
9
9
9
9
9
9
9
9
9
9
9
9
9
9
9
9
9
9
9
9
9
9
9
9
9
9
9
9
9
9
9
9
9
9
9
9
9
9
9
9
9
9
9
9
9
9
9
9
9
9
9
9
9
9
9
9
9
9
9
9
9
9
9
9
9
9
9
9
9
9
9
9
9
9
9
9
9
9
9
9
9
9
9
9
9
9
9
9
9
9
9
9
9
9
9
9
9
9
9
9
9
9
9
9
9
9
9
9
9
9
9
9
9
9
9
9
9
9
9
9
9
9
9
9
9
9
9
9
9
9
9
9
9
9
9
9
9
9
9
9
9
9
9
9
9
9
9
9
9
9
9
9
9
9
9
9
9
9
9
9
9
9
9
9
9
9
9
9
9
9
9
9
9
9
9
9
9
9
9
9
9
9
9
9
9
9
9
9
9
9
9
9
9
9
9
9
9
9
9
9
9
9
9
9
9
9
9
9
9
9
9
9
9
9
9
9
9
9
9
9
9
9
9
9
9
9
9
9
9
9
9
9
9
9
9
9
9
9
9
9
9
9
9
9
9
9
9
9
9
9
9
9
9
9
9
9
9
9
9
9
9
9
9
9
9
9
9
9
9
9
9
9
9
9
9
9
9
9
9
9
9
9
9
9
9
9
9
9
9
9
9
9
9
9
9
9
9
9
9
9
9
9
9
9
9
9
9
9
9
9
9
9
9
9
9
9
9
9
9
9
9
9
9
9
9
9
9
9
9
9
9
9
9
9
9
9
9
9
9
9
9
9
9
9
9
9
9
9
9
9
9
9
9
9
9
9
9
9
9
9
9
9
9
9
9
9
9
9
9
9
9
9
9
9
9
9
9
9
9
9
9
9
9
9
9
9
9
9
9
9
9
9
9
9
9
9
9
9
9
9
9
9
9
9
9
9
9
9
9
9
9
9
9
9
9
9
9
9
9
9
9
9
9
9
9
9
9
9
9
9
9
9
9
9
9
9
9
9
9
9
9
9
9
9
9
9
9
9
9
9
9
9
9
9
9
9
9
9
9
9
9
9
9
9
9
9
9
9
9
9
9
9
9
9
9
9
9
9
9
9
9
9
9
9
9
9
9
9
9
9
9
9
9
9
9
9
9
9
9
9
9
9
9
9
9
9
9
9
9
9
9
9
9
9
9
9
9
9
9
9
9
9
9
9
9
9
9
9
9
9
9
9
9
9
9
9
9
9
9
9
9
9
9
9
9
9
9
9
9
9
9
9
9
9
9
9
9
9
9
9
9
9
9
9
9
9
9
9
9
9
9
9
9
9
9
9
9
9
9
9
9
9
9
9
9
9
9
9
9
9
9
9
9
9
9
9
9
9
9
9
9
9
9
9
9
9
9
9
9
9
9
9
9
9
9
9
9
9
9
9
9
9
9
9
9
9
9
9
9
9
9
9
9
9
9
9
9
9
9
9
9
9
9
9
9
9
9
9
9
9
9
9
9
9
9
9
9
9
9
9
9
9
9
9
9
9
9
9
9
9
9
9
9
9
9
9
9
9
9
9
9
9
9
9
9
9
9
9
9
9
9
9
9
9
9
9
9
9
9
9
9
9
9
9
9
9
9
9
9
9
9
9
9
9
9
9
9
9
9
9
9
9
9
9
9
9
9
9
9
9
9
9
9
9
9
9
9
9
9
9
9
9
9
9
9
9
9
9
9
9
9
9
9
9
9
9
9
9
9
9
9
9
9
9
9
9
9
9
9
9
9
9
9
9
9
9
9
9
9
9
9
9
9
9
9
9
9
9
9
9
9
9
9
9
9
9
9
9
9
9
9
9
9
9
9
9
9
9
9
9
9
9
9
9
9
9
9
9
9
9
9
9
9
9
9
9
9
9
9
9
9
9
9
9
9
9
9
9
9
9
9
9
9
9
9
9
9
9
9
9
9
9
9
9
9
9
9
9
9
9
9
9
9
9
9
9
9
9
9
9
9
9
9
9
9
9
9
9
9
9
9
9
9
9
9
9
9
9
9
9
9
9
9
9
9
9
9
9
9
9
9
9
9
9
9
9
9
9
9
9
9
9
9
9
9
9
9
9
9
9
9
9
9
9
9
9
9
9
9
9
9
9
9
9
9
9
9
9
9
9
9
9
9
9
9
9
9
9
9
9
9
9
9
9
9
9
9
9
9
9
9
9
9
9
9
9
9
9
9
9
9
9
9
9
9
9
9
9
9
9
9
9
9
9
9
9
9
9
9
9
9
9
9
9
9
9
9
9
9
9
9
9
9
9
9
9
9
9
9
9
9
9
9
9
9
9
9
9
9
9
9
9
9
9
9
9
9
9
9
9
9
9
9
9
9
9
9
9
9
9
9
9
9
9
9
9
9
9
9
9
9
9
9
9
9
9
9
9
9
9
9
9
9
9
9
9
9
9
9
9
9
9
9
9
9
9
9
9
9
9
9
9
9
9
9
9
9
9
9
9
9
9
9
9
9
9
9
9
9
9
9
9
9
9
9
9
9
9
9
9
9
9
9
9
9
9
9
9
9
9
9
9
9
9
9
9
9
9
9
9
9
9
9
9
9
9
9
9
9
9
9
9
9
9
9
9
9
9
9
9
9
9
9
9
9
9
9
9
9
9
9
9
9
9
9
9
9
9
9
9
9
9
9
9
9
9
9
9
9
9
9
9
9
9
9
9
9
9
9
9
9
9
9
9
9
9
9
9
9
9
9
9
9
9
9
9
9
9
9
9
9
9
9
9
9
9
9
9
9
9
9
9
9
9
9
9
9
9
9
9
9
9
9
9
9
9
9
9
9
9
9
9
9
9
9
9
9
9
9
9
9
9
9
9
9
9
9
9
9
9
9
9
9
9
9
9
9
9
9
9
9
9
9
9
9
9
9
9
9
9
9
9
9
9
9
9
9
9
9
9
9
9
9
9
9
9
9
9
9
9
9
9
9
9
9
9
9
9
9
9
9
9
9
9
9
9
9
9
9
9
9
9
9
9
9
9
9
9
9
9
9
9
9
9
9
9
9
9
9
9
9
9
9
9
9
9
9
9
9
9
9
9
9
9
9
9
9
9
9
9
9
9
9
9
9
9
9
9
9
9
9
9
9
9
9
9
9
9
9
9
9
9
9
9
9
9
9
9
9
9
9
9
9
9
9
9
9
9
9
9
9
9
9
9
9
9
9
9
9
9
9
9
9
9
9
9
9
9
9
9
9
9
9
9
9
9
9
9
9
9
9
9
9
9
9
9
9
9
9
9
9
9
9
9
9
9
9
9
9
9
9
9
9
9
9
9
9
9
9
9
9
9
9
9
9
9
9
9
9
9
9
9
9
9
9
9
9
9
9
9
9
9
9
9
9
9
9
9
9
9
9
9
9
9
9
9
9
9
9
9
9
9
9
9
9
9
9
9
9
9
9
9
9
9
9
9
9
9
9
9
9
9
9
9
9
9
9
9
9
9
9
9
9
9
9
9
9
9
9
9
9
9
9
9
9
9
9
9
9
9
9
9
9
9
9
9
9
9
9
9
9
9
9
9
9
9
9
9
9
9
9
9
9
9
9
9
9
9
9
9
9
9
9
9
9
9
9
9
9
9
9
9
9
9
9
9
9
9
9
9
9
9
9
9
9
9
9
9
9
9
9
9
9
9
9
9
9
9
9
9
9
9
9
9
9
9
9
9
9
9
9
9
9
9
9
9
9
9
9
9
9
9
9
9
9
9
9
9
9
9
9
9
9
9
9
9
9
9
9
9
9
9
9
9
9
9
9
9
9
9
9
9
9
9
9
9
9
9
9
9
9
9
9
9
9
9
9
9
9
9
9
9
9
9
9
9
9
9
9
9
9
9
9
9
9
9
9
9
9
9
9
9
9
9
9
9
9
9
9
9
9
9
9
9
9
9
9
9
9
9
9
9
9
9
9
9
9
9
9
9
9
9
9
9
9
9
9
9
9
9
9
9
9
9
9
9
9
9
9
9
9
9
9
9
9
9
9
9
9
9
9
9
9
9
9
9
9
9
9
9
9
9
9
9
9
9
9
9
9
9
9
9
9
9
9
9
9
9
9
9
9
9
9
9
9
9
9
9
9
9
9
9
9
9
9
9
9
9
9
9
9
9
9
9
9
9
9
9
9
9
9
9
9
9
9
9
9
9
9
9
9
9
9
9
9
9
9
9
9
9
9
9
9
9
9
9
9
9
9
9
9
9
9
9
9
9
9
9
9
9
9
9
9
9
9
9
9
9
9
9
9
9
9
9
9
9
9
9
9
9
9
9
9
9
9
9
9
9
9
9
9
9
9
9
9
9
9
9
9
9
9
9
9
9
9
9
9
9
9
9
9
9
9
9
9
9
9
9
9
9
9
9
9
9
9
9
9
9
9
9
9
9
9
9
9
9
9
9
9
9
9
9
9
9
9
9
9
9
9
9
9
9
9
9
9
9
9
9
9
9
9
9
9
9
9
9
9
9
9
9
9
9
9
9
9
9
9
9
9
9
9
9
9
9
9
9
9
9
9
9
9
9
9
9
9
9
9
9
9
9
9
9
9
9
9
9
9
9
9
9
9
9
9
9
9
9
9
9
9
9
9
9
9
9
9
9
9
9
9
9
9
9
9
9
9
9
9
9
9
9
9
9
9
9
9
9
9
9
9
9
9
9
9
9
9
9
9
9
9
9
9
9
9
9
9
9
9
9
9
9
9
9
9
9
9
9
9
9
9
9
9
9
9
9
9
9
9
9
9
9
9
9
9
9
9
9
9
9
9
9
9
9
9
9
9
9
9
9
9
9
9
9
9
9
9
9
9
9
9
9
9
9
9
9
9
9
9
9
9
9
9
9
9
9
9
9
9
9
9
9
9
9
9
9
9
9
9
9
9
9
9
9
9
9
9
9
9
9
9
9
9
9
9
9
9
9
9
9
9
9
9
9
9
9
9
9
9
9
9
9
9
9
9
9
9
9
9
9
9
9
9
9
9
9
9
9
9
9
9
9
9
9
9
9
9
9
9
9
9
9
9
9
9
9
9
9
9
9
9
9
9
9
9
9
9
9
9
9
9
9
9
9
9
9
9
9
9
9
9
9
9
9
9
9
9
9
9
9
9
9
9
9
9
9
9
9
9
9
9
9
9
9
9
9
9
9
9
9
9
9
9
9
9
9
9
9
9
9
9
9
9
9
9
9
9
9
9
9
9
9
9
9
9
9
9
9
9
9
9
9
9
9
9
9
9
9
9
9
9
9
9
9
9
9
9
9
9
9
9
9
9
9
9
9
9
9
9
9
9
9
9
9
9
9
9
9
9
9
9
9
9
9
9
9
9
9
9
9
9
9
9
9
9
9
9
9
9
9
9
9
9
9
9
9
9
9
9
9
9
9
9
9
9
9
9
9
9
9
9
9
9
9
9
9
9
9
9
9
9
9
9
9
9
9
9
9
9
9
9
9
9
9
9
9
9
9
9
9
9
9
9
9
9
9
9
9
9
9
9
9
9
9
9
9
9
9
9
9
9
9
9
9
9
9
9
9
9
9
9
9
9
9
9
9
9
9
9
9
9
9
9
9
9
9
9
9
9
9
9
9
9
9
9
9
9
9
9
9
9
9
9
9
9
9
9
9
9
9
9
9
9
9
9
9
9
9
9
9
9
9
9
9
9
9
9
9
9
9
9
9
9
9
9
9
9
9
9
9
9
9
9
9
9
9
9
9
9
9
9
9
9
9
9
9
9
9
9
9
9
9
9
9
9
9
9
9
9
9
9
9
9
9
9
9
9
9
9
9
9
9
9
9
9
9
9
9
9
9
9
9
9
9
9
9
9
9
9
9
9
9
9
9
9
9
9
9
9
9
9
9
9
9
9
9
9
9
9
9
9
9
9
9
9
9
9
9
9
9
9
9
9
9
9
9
9
9
9
9
9
9
9
9
9
9
9
9
9
9
9
9
9
9
9
9
9
9
9
9
9
9
9
9
9
9
9
9
9
9
9
9
9
9
9
9
9
9
9
9
9
9
9
9
9
9
9
9
9
9
9
9
9
9
9
9
9
9
9
9
9
9
9
9
9
9
9
9
9
9
9
9
9
9
9
9
9
9
9
9
9
9
9
9
9
9
9
9
9
9
9
9
9
9
9
9
9
9
9
9
9
9
9
9
9
9
9
9
9
9
9
9
9
9
9
9
9
9
9
9
9
9
9
9
9
9
9
9
9
9
9
9
9
9
9
9
9
9
9
9
9
9
9
9
9
9
9
9
9
9
9
9
9
9
9
9
9
9
9
9
9
9
9
9
9
9
9
9
9
9
9
9
9
9
9
9
9
9
9
9
9
9
9
9
9
9
9
9
9
9
9
9
9
9
9
9
9
9
9
9
9
9
9
9
9
9
9
9
9
9
9
9
9
9
9
9
9
9
9
9
9
9
9
9
9
9
9
9
9
9
9
9
9
9
9
9
9
9
9
9
9
9
9
9
9
9
9
9
9
9
9
9
9
9
9
9
9
9
9
9
9
9
9
9
9
9
9
9
9
9
9
9
9
9
9
9
9
9
9
9
9
9
9
9
9
9
9
9
9
9
9
9
9
9
9
9
9
9
9
9
9
9
9
9
9
9
9
9
9
9
9
9
9
9
9
9
9
9
9
9
9
9
9
9
9
9
9
9
9
9
9
9
9
9
9
9
9
9
9
9
9
9
9
9
9
9
9
9
9
9
9
9
9
9
9
9
9
9
9
9
9
9
9
9
9
9
9
9
9
9
9
9
9
9
9
9
9
9
9
9
9
9
9
9
9
9
9
9
9
9
9
9
9
9
9
9
9
9
9
9
9
9
9
9
9
9
9
9
9
9
9
9
9
9
9
9
9
9
9
9
9
9
9
9
9
9
9
9
9
9
9
9
9
9
9
9
9
9
9
9
9
9
9
9
9
9
9
9
9
9
9
9
9
9
9
9
9
9
9
9
9
9
9
9
9
9
9
9
9
9
9
9
9
9
9
9
9
9
9
9
9
9
9
9
9
9
9
9
9
9
9
9
9
9
9
9
9
9
9
9
9
9
9
9
9
9
9
9
9
9
9
9
9
9
9
9
9
9
9
9
9
9
9
9
9
9
9
9
9
9
9
9
9
9
9
9
9
9
9
9
9
9
9
9
9
9
9
9
9
9
9
9
9
9
9
9
9
9
9
9
9
9
9
9
9
9
9
9
9
9
9
9
9
9
9
9
9
9
9
9
9
9
9
9
9
9
9
9
9
9
9
9
9
9
9
9
9
9
9
9
9
9
9
9
9
9
9
9
9
9
9
9
9
9
9
9
9
9
9
9
9
9
9
9
9
9
9
9
9
9
9
9
9
9
9
9
9
9
9
9
9
9
9
9
9
9
9
9
9
9
9
9
9
9
9
9
9
9
9
9
9
9
9
9
9
9
9
9
9
9
9
9
9
9
9
9
9
9
9
9
9
9
9
9
9
9
9
9
9
9
9
9
9
9
9
9
9
9
9
9
9
9
9
9
9
9
9
9
9
9
9
9
9
9
9
9
9
9
9
9
9
9
9
9
9
9
9
9
9
9
9
9
9
9
9
9
9
9
9
9
9
9
9
9
9
9
9
9
9
9
9
9
9
9
9
9
9
9
9
9
9
9
9
9
9
9
9
9
9
9
9
9
9
9
9
9
9
9
9
9
9
9
9
9
9
9
9
9
9
9
9
9
9
9
9
9
9
9
9
9
9
9
9
9
9
9
9
9
9
9
9
9
9
9
9
9
9
9
9
9
9
9
9
9
9
9
9
9
9
9
9
9
9
9
9
9
9
9
9
9
9
9
9
9
9
9
9
9
9
9
9
9
9
9
9
9
9
9
9
9
9
9
9
9
9
9
9
9
9
9
9
9
9
9
9
9
9
9
9
9
9
9
9
9
9
9
9
9
9
9
9
9
9
9
9
9
9
9
9
9
9
9
9
9
9
9
9
9
9
9
9
9
9
9
9
9
9
9
9
9
9
9
9
9
9
9
9
9
9
9
9
9
9
9
9
9
9
9
9
9
9
9
9
9
9
9
9
9
9
9
9
9
9
9
9
9
9
9
9
9
9
9
9
9
9
9
9
9
9
9
9
9
9
9
9
9
9
9
9
9
9
9
9
9
9
9
9
9
9
9
9
9
9
9
9
9
9
9
9
9
9
9
9
9
9
9
9
9
9
9
9
9
9
9
9
9
9
9
9
9
9
9
9
9
9
9
9
9
9
9
9
9
9
9
9
9
9
9
9
9
9
9
9
9
9
9
9
9
9
9
9
9
9
9
9
9
9
9
9
9
9
9
9
9
9
9
9
9
9
9
9
9
9
9
9
9
9
9
9
9
9
9
9
9
9
9
9
9
9
9
9
9
9
9
9
9
9
9
9
9
9
9
9
9
9
9
9
9
9
9
9
9
9
9
9
9
9
9
9
9
9
9
9
9
9
9
9
9
9
9
9
9
9
9
9
9
9
9
9
9
9
9
9
9
9
9
9
9
9
9
9
9
9
9
9
9
9
9
9
9
9
9
9
9
9
9
9
9
9
9
9
9
9
9
9
9
9
9
9
9
9
9
9
9
9
9
9
9
9
9
9
9
9
9
9
9
9
9
9
9
9
9
9
9
9
9
9
9
9
9
9
9
9
9
9
9
9
9
9
9
9
9
9
9
9
9
9
9
9
9
9
9
9
9
9
9
9
9
9
9
9
9
9
9
9
9
9
9
9
9
9
9
9
9
9
9
9
9
9
9
9
9
9
9
9
9
9
9
9
9
9
9
9
9
9
9
9
9
9
9
9
9
9
9
9
9
9
9
9
9
9
9
9
9
9
9
9
9
9
9
9
9
9
9
9
9
9
9
9
9
9
9
9
9
9
9
9
9
9
9
9
9
9
9
9
9
9
9
9
9
9
9
9
9
9
9
9
9
9
9
9
9
9
9
9
9
9
9
9
9
9
9
9
9
9
9
9
9
9
9
9
9
9
9
9
9
9
9
9
9
9
9
9
9
9
9
9
9
9
9
9
9
9
9
9
9
9
9
9
9
9
9
9
9
9
9
9
9
9
9
9
9
9
9
9
9
9
9
9
9
9
9
9
9
9
9
9
9
9
9
9
9
9
9
9
9
9
9
9
9
9
9
9
9
9
9
9
9
9
9
9
9
9
9
9
9
9
9
9
9
9
9
9
9
9
9
9
9
9
9
9
9
9
9
9
9
9
9
9
9
9
9
9
9
9
9
9
9
9
9
9
9
9
9
9
9
9
9
9
9
9
9
9
9
9
9
9
9
9
9
9
9
9
9
9
9
9
9
9
9
9
9
9
9
9
9
9
9
9
9
9
9
9
9
9
9
9
9
9
9
9
9
9
9
9
9
9
9
9
9
9
9
9
9
9
9
9
9
9
9
9
9
9
9
9
9
9
9
9
9
9
9
9
9
9
9
9
9
9
9
9
9
9
9
9
9
9
9
9
9
9
9
9
9
9
9
9
9
9
9
9
9
9
9
9
9
9
9
9
9
9
9
9
9
9
9
9
9
9
9
9
9
9
9
9
9
9
9
9
9
9
9
9
9
9
9
9
9
9
9
9
9
9
9
9
9
9
9
9
9
9
9
9
9
9
9
9
9
9
9
9
9
9
9
9
9
9
9
9
9
9
9
9
9
9
9
9
9
9
9
9
9
9
9
9
9
9
9
9
9
9
9
9
9
9
9
9
9
9
9
9
9
9
9
9
9
9
9
9
9
9
9
9
9
9
9
9
9
9
9
9
9
9
9
9
9
9
9
9
9
9
9
9
9
9
9
9
9
9
9
9
9
9
9
9
9
9
9
9
9
9
9
9
9
9
9
9
9
9
9
9
9
9
9
9
9
9
9
9
9
9
9
9
9
9
9
9
9
9
9
9
9
9
9
9
9
9
9
9
9
9
9
9
9
9
9
9
9
9
9
9
9
9
9
9
9
9
9
9
9
9
9
9
9
9
9
9
9
9
9
9
9
9
9
9
9
9
9
9
9
9
9
9
9
9
9
9
9
9
9
9
9
9
9
9
9
9
9
9
9
9
9
9
9
9
9
9
9
9
9
9
9
9
9
9
9
9
9
9
9
9
9
9
9
9
9
9
9
9
9
9
9
9
9
9
9
9
9
9
9
9
9
9
9
9
9
9
9
9
9
9
9
9
9
9
9
9
9
9
9
9
9
9
9
9
9
9
9
9
9
9
9
9
9
9
9
9
9
9
9
9
9
9
9
9
9
9
9
9
9
9
9
9
9
9
9
9
9
9
9
9
9
9
9
9
9
9
9
9
9
9
9
9
9
9
9
9
9
9
9
9
9
9
9
9
9
9
9
9
9
9
9
9
9
9
9
9
9
9
9
9
9
9
9
9
9
9
9
9
9
9
9
9
9
9
9
9
9
9
9
9
9
9
9
9
9
9
9
9
9
9
9
9
9
9
9
9
9
9
9
9
9
9
9
9
9
9
9
9
9
9
9
9
9
9
9
9
9
9
9
9
9
9
9
9
9
9
9
9
9
9
9
9
9
9
9
9
9
9
9
9
9
9
9
9
9
9
9
9
9
9
9
9
9
9
9
9
9
9
9
9
9
9
9
9
9
9
9
9
9
9
9
9
9
9
9
9
9
9
9
9
9
9
9
9
9
9
9
9
9
9
9
9
9
9
9
9
9
9
9
9
9
9
9
9
9
9
9
9
9
9
9
9
9
9
9
9
9
9
9
9
9
9
9
9
9
9
9
9
9
9
9
9
9
9
9
9
9
9
9
9
9
9
9
9
9
9
9
9
9
9
9
9
9
9
9
9
9
9
9
9
9
9
9
9
9
9
9
9
9
9
9
9
9
9
9
9
9
9
9
9
9
9
9
9
9
9
9
9
9
9
9
9
9
9
9
9
9
9
9
9
9
9
9
9
9
9
9
9
9
9
9
9
9
9
9
9
9
9
9
9
9
9
9
9
9
9
9
9
9
9
9
9
9
9
9
9
9
9
9
9
9
9
9
9
9
9
9
9
9
9
9
9
9
9
9
9
9
9
9
9
9
9
9
9
9
9
9
9
9
9
9
9
9
9
9
9
9
9
9
9
9
9
9
9
9
9
9
9
9
9
9
9
9
9
9
9
9
9
9
9
9
9
9
9
9
9
9
9
9
9
9
9
9
9
9
9
9
9
9
9
9
9
9
9
9
9
9
9
9
9
9
9
9
9
9
9
9
9
9
9
9
9
9
9
9
9
9
9
9
9
9
9
9
9
9
9
9
9
9
9
9
9
9
9
9
9
9
9
9
9
9
9
9
9
9
9
9
9
9
9
9
9
9
9
9
9
9
9
9
9
9
9
9
9
9
9
9
9
9
9
9
9
9
9
9
9
9
9
9
9
9
9
9
9
9
9
9
9
9
9
9
9
9
9
9
9
9
9
9
9
9
9
9
9
9
9
9
9
9
9
9
9
9
9
9
9
9
9
9
9
9
9
9
9
9
9
9
9
9
9
9
9
9
9
9
9
9
9
9
9
9
9
9
9
9
9
9
9
9
9
9
9
9
9
9
9
9
9
9
9
9
9
9
9
9
9
9
9
9
9
9
9
9
9
9
9
9
9
9
9
9
9
9
9
9
9
9
9
9
9
9
9
9
9
9
9
9
9
9
9
9
9
9
9
9
9
9
9
9
9
9
9
9
9
9
9
9
9
9
9
9
9
9
9
9
9
9
9
9
9
9
9
9
9
9
9
9
9
9
9
9
9
9
9
9
9
9
9
9
9
9
9
9
9
9
9
9
9
9
9
9
9
9
9
9
9
9
9
9
9
9
9
9
9
9
9
9
9
9
9
9
9
9
9
9
9
9
9
9
9
9
9
9
9
9
9
9
9
9
9
9
9
9
9
9
9
9
9
9
9
9
9
9
9
9
9
9
9
9
9
9
9
9
9
9
9
9
9
9
9
9
9
9
9
9
9
9
9
9
9
9
9
9
9
9
9
9
9
9
9
9
9
9
9
9
9
9
9
9
9
9
9
9
9
9
9
9
9
9
9
9
9
9
9
9
9
9
9
9
9
9
9
9
9
9
9
9
9
9
9
9
9
9
9
9
9
9
9
9
9
9
9
9
9
9
9
9
9
9
9
9
9
9
9
9
9
9
9
9
9
9
9
9
9
9
9
9
9
9
9
9
9
9
9
9
9
9
9
9
9
9
9
9
9
9
9
9
9
CELL_DATA 9466
SCALARS region int 1
LOOKUP_TABLE default
1
1
1
1
1
1
1
1
1
1
1
1
1
1
1
1
1
1
1
1
1
1
1
1
1
1
1
1
1
1
1
1
1
1
1
1
1
1
1
1
1
1
1
1
1
1
1
1
1
1
1
1
1
1
1
1
1
1
-1
-1
-1
-1
1
1
1
1
1
1
1
-1
-1
-1
-1
-1
-1
-1
-1
-1
-1
1
1
1
1
1
1
1
-1
-1
-1
-1
-1
-1
-1
1
1
1
1
1
1
1
-1
-1
-1
-1
-1
-1
-1
-1
-1
-1
-1
1
1
1
1
1
1
1
1
1
1
1
1
1
1
-1
-1
-1
-1
-1
-1
-1
-1
1
1
1
1
1
1
-1
-1
-1
-1
-1
-1
-1
-1
-1
-1
-1
-1
1
1
1
1
1
1
1
1
1
1
-1
-1
-1
-1
-1
-1
-1
-1
-1
-1
-1
1
1
1
1
1
1
1
-1
-1
-1
-1
-1
-1
-1
-1
-1
-1
1
1
1
1
1
1
1
1
1
1
1
1
1
1
1
1
1
1
1
1
1
1
1
1
1
1
1
1
1
1
1
1
1
1
1
1
1
1
1
1
1
1
1
1
1
1
1
1
1
1
1
1
1
1
1
1
1
1
1
1
1
1
1
1
1
1
1
1
1
1
1
1
1
1
1
1
1
1
1
1
1
1
1
1
1
1
1
1
1
1
1
1
1
1
1
1
1
1
1
1
1
1
1
1
1
1
1
1
1
1
1
1
1
1
1
1
1
1
1
1
1
1
1
1
1
1
1
1
1
1
1
1
1
1
1
1
1
1
1
1
1
1
1
1
1
1
1
1
1
1
1
1
1
1
1
1
1
1
1
1
1
1
1
1
1
1
1
1
1
1
1
1
1
1
1
1
1
1
1
1
-1
-1
-1
-1
-1
-1
-1
-1
-1
-1
-1
-1
-1
-1
-1
-1
1
1
1
1
1
1
1
1
1
1
1
1
1
1
1
1
1
1
1
1
1
1
1
1
1
1
1
-1
-1
-1
-1
-1
-1
-1
-1
1
1
1
1
1
1
1
1
1
1
1
-1
-1
-1
-1
-1
-1
-1
-1
-1
-1
1
1
1
1
1
1
1
-1
-1
-1
-1
-1
-1
1
1
1
1
1
1
1
1
-1
-1
-1
-1
-1
-1
-1
-1
-1
-1
-1
-1
-1
-1
-1
-1
-1
-1
-1
-1
1
1
1
1
1
1
1
-1
-1
-1
-1
-1
-1
-1
-1
-1
-1
-1
-1
-1
-1
-1
-1
-1
-1
-1
-1
1
1
1
1
1
1
1
1
1
1
1
-1
-1
-1
-1
-1
-1
-1
-1
-1
-1
-1
-1
-1
-1
-1
-1
-1
-1
-1
1
1
1
1
1
1
1
1
-1
-1
-1
-1
-1
-1
-1
-1
-1
1
1
1
1
1
1
1
1
1
1
1
-1
-1
-1
-1
-1
-1
-1
-1
-1
-1
-1
-1
1
1
1
1
1
1
1
1
-1
-1
-1
-1
-1
-1
-1
-1
1
1
1
1
1
1
1
1
1
1
1
-1
-1
-1
-1
-1
-1
-1
-1
-1
1
1
1
1
1
1
1
1
1
1
1
1
1
1
1
1
1
1
-1
-1
-1
-1
-1
-1
-1
-1
-1
-1
-1
1
1
1
1
1
1
1
1
1
1
1
1
-1
-1
-1
-1
-1
-1
-1
-1
-1
-1
-1
1
1
1
1
1
1
1
-1
-1
-1
-1
-1
-1
-1
-1
-1
-1
-1
-1
-1
-1
-1
-1
1
1
1
1
1
1
1
-1
-1
-1
-1
-1
-1
1
1
1
1
1
1
1
1
1
1
-1
-1
-1
-1
-1
-1
-1
-1
-1
1
1
1
1
1
1
1
1
1
1
1
1
1
-1
-1
-1
-1
-1
-1
-1
-1
1
1
1
1
1
1
1
1
1
1
1
1
1
1
1
1
-1
-1
-1
-1
-1
-1
-1
-1
-1
-1
-1
-1
-1
-1
-1
-1
-1
-1
-1
-1
-1
-1
-1
-1
-1
-1
1
1
1
1
1
1
1
1
1
1
1
-1
-1
-1
-1
-1
-1
-1
-1
-1
-1
-1
-1
-1
-1
-1
-1
-1
-1
-1
-1
1
1
1
1
1
1
1
1
-1
-1
-1
-1
-1
-1
-1
-1
-1
-1
-1
-1
1
1
1
1
1
1
-1
-1
-1
-1
1
1
1
1
1
1
1
1
1
1
1
1
1
1
1
1
1
1
1
1
1
1
1
1
1
1
1
1
1
1
1
1
1
1
1
1
1
1
1
1
1
1
1
1
1
1
1
1
1
1
1
1
1
1
1
1
1
1
1
1
1
1
1
1
1
1
1
1
1
1
1
1
1
1
1
1
1
1
1
1
1
1
1
1
1
1
1
1
1
1
1
1
1
1
1
1
1
1
1
1
1
1
1
1
1
1
1
1
1
1
1
1
1
1
1
1
1
1
1
1
1
1
1
1
1
1
1
1
1
1
1
1
1
1
1
1
1
1
1
1
1
1
1
1
1
1
1
1
1
1
1
1
1
1
1
1
1
1
1
1
1
1
1
1
1
1
1
1
1
1
1
1
1
1
1
1
1
1
1
1
1
1
1
1
1
1
1
1
1
1
1
1
1
1
1
1
1
1
1
-1
-1
-1
-1
-1
-1
-1
-1
-1
-1
1
1
1
1
1
1
1
1
-1
-1
-1
-1
-1
-1
-1
-1
-1
-1
-1
-1
-1
-1
-1
-1
-1
-1
-1
-1
-1
-1
-1
-1
-1
-1
-1
-1
-1
-1
-1
-1
-1
-1
-1
-1
1
1
1
1
1
1
1
1
1
-1
-1
-1
-1
-1
-1
-1
-1
-1
-1
-1
-1
-1
-1
-1
-1
-1
-1
-1
-1
-1
1
1
1
1
1
1
1
1
1
1
1
-1
-1
-1
-1
-1
-1
-1
-1
-1
-1
-1
-1
1
1
1
1
1
1
1
1
1
1
1
1
1
1
1
1
1
1
-1
-1
-1
-1
-1
-1
-1
-1
-1
-1
-1
-1
-1
1
1
1
1
1
1
1
1
1
1
1
1
1
1
1
1
1
1
1
1
1
1
1
1
1
1
1
1
-1
-1
-1
-1
-1
-1
-1
-1
1
1
1
1
1
1
1
1
1
1
1
1
1
1
1
1
1
1
1
1
1
1
1
1
1
1
1
1
1
1
1
1
1
1
1
1
-1
-1
-1
-1
-1
-1
-1
-1
-1
-1
1
1
1
1
1
1
1
1
1
1
1
1
1
1
1
1
1
1
1
1
1
1
1
1
1
1
1
1
-1
-1
-1
-1
-1
-1
1
1
1
1
1
1
1
1
1
1
1
1
1
1
1
1
1
1
1
1
1
1
1
1
-1
-1
-1
-1
-1
-1
-1
-1
-1
-1
-1
-1
-1
-1
-1
-1
-1
-1
1
1
1
1
1
1
1
1
1
-1
-1
-1
-1
-1
-1
-1
-1
-1
-1
-1
-1
-1
-1
-1
-1
-1
-1
-1
-1
-1
-1
-1
-1
-1
-1
-1
-1
1
1
1
1
1
1
1
-1
-1
-1
-1
-1
-1
-1
-1
-1
-1
-1
-1
-1
-1
-1
-1
-1
-1
-1
-1
-1
-1
-1
-1
-1
-1
-1
-1
-1
-1
-1
-1
-1
-1
1
1
1
1
1
1
1
1
1
1
-1
-1
-1
-1
-1
-1
-1
-1
-1
-1
-1
-1
-1
-1
-1
-1
-1
-1
-1
-1
-1
-1
1
1
1
1
1
1
1
1
1
1
1
-1
-1
-1
-1
-1
-1
-1
-1
-1
-1
-1
-1
-1
-1
1
1
1
1
1
1
1
1
1
1
-1
-1
-1
-1
-1
-1
-1
-1
-1
-1
-1
-1
-1
1
1
1
1
1
1
1
1
-1
-1
-1
-1
-1
-1
-1
-1
-1
1
1
1
1
1
1
1
1
-1
-1
-1
-1
-1
-1
-1
-1
-1
-1
1
1
1
1
1
1
1
1
1
1
1
1
-1
-1
-1
-1
-1
-1
1
1
1
1
1
1
1
1
1
1
1
1
1
-1
-1
-1
-1
-1
-1
-1
-1
-1
-1
1
1
1
1
1
1
1
1
1
-1
-1
-1
-1
-1
-1
-1
-1
1
1
1
1
1
1
1
1
-1
-1
-1
-1
-1
-1
-1
1
1
1
1
1
1
1
1
1
1
1
1
-1
-1
-1
-1
-1
-1
-1
1
1
1
1
1
1
1
1
1
1
1
1
-1
-1
-1
-1
-1
-1
-1
-1
1
1
1
1
1
1
1
1
1
1
1
1
1
-1
-1
-1
-1
-1
-1
-1
-1
-1
-1
-1
-1
-1
-1
-1
-1
-1
1
1
1
1
1
1
1
1
1
1
1
1
1
1
1
1
-1
-1
-1
-1
-1
-1
-1
-1
1
1
1
1
1
1
1
1
1
1
1
1
1
1
-1
-1
-1
-1
-1
-1
-1
-1
-1
1
1
1
1
1
1
1
1
-1
-1
-1
-1
-1
-1
-1
-1
-1
-1
-1
1
1
1
1
1
1
1
1
1
1
1
-1
-1
-1
-1
-1
-1
-1
-1
-1
-1
-1
-1
1
1
1
1
1
1
1
1
1
1
1
1
1
1
-1
-1
-1
-1
-1
-1
-1
-1
-1
-1
-1
-1
-1
1
1
1
1
1
1
1
1
1
1
1
1
1
1
-1
-1
-1
-1
-1
-1
-1
-1
-1
-1
-1
-1
-1
1
1
1
1
1
1
1
1
1
1
1
-1
-1
-1
-1
-1
-1
-1
-1
-1
-1
-1
-1
-1
-1
-1
-1
-1
-1
-1
-1
-1
-1
-1
1
1
1
1
1
1
1
-1
-1
-1
-1
-1
-1
-1
-1
-1
-1
-1
-1
-1
-1
-1
-1
-1
-1
1
1
1
1
1
1
1
-1
-1
-1
-1
-1
-1
-1
-1
-1
-1
-1
-1
-1
-1
-1
-1
-1
-1
-1
-1
-1
-1
-1
-1
-1
1
1
1
1
1
1
1
1
1
1
1
-1
-1
-1
-1
-1
-1
-1
-1
-1
-1
-1
-1
-1
-1
-1
-1
-1
-1
-1
1
1
1
1
1
1
1
1
1
1
1
1
1
1
1
1
1
1
1
1
-1
-1
-1
-1
-1
-1
-1
-1
-1
-1
1
1
1
1
1
1
1
1
1
1
1
1
1
-1
-1
-1
-1
-1
-1
1
1
1
1
1
1
1
1
1
1
1
1
1
1
1
1
1
1
-1
-1
-1
-1
-1
-1
-1
-1
1
1
1
1
1
1
1
1
1
1
1
1
1
1
-1
-1
-1
-1
-1
-1
-1
1
1
1
1
1
1
1
1
1
1
1
-1
-1
-1
-1
-1
-1
-1
1
1
1
1
1
1
1
-1
-1
-1
-1
-1
-1
-1
-1
-1
-1
-1
1
1
1
1
1
1
1
1
1
1
1
-1
-1
-1
-1
-1
-1
-1
-1
-1
-1
-1
-1
-1
-1
-1
-1
1
1
1
1
1
1
1
1
-1
-1
-1
-1
-1
-1
-1
-1
-1
-1
-1
-1
-1
-1
-1
-1
-1
-1
-1
-1
-1
-1
-1
-1
-1
-1
-1
-1
1
1
1
1
1
1
1
1
-1
-1
-1
-1
-1
-1
-1
-1
-1
-1
-1
-1
-1
-1
-1
-1
-1
-1
-1
-1
-1
-1
-1
-1
-1
-1
-1
-1
-1
-1
-1
-1
1
1
1
1
1
1
1
1
-1
-1
-1
-1
-1
-1
-1
-1
-1
-1
-1
-1
-1
-1
-1
-1
-1
-1
-1
-1
-1
-1
-1
-1
1
1
1
1
1
1
1
-1
-1
-1
-1
-1
-1
-1
-1
-1
-1
-1
-1
-1
-1
-1
-1
-1
-1
-1
-1
-1
1
1
1
1
1
1
1
-1
-1
-1
-1
-1
-1
1
1
1
1
1
1
1
1
1
1
1
1
-1
-1
-1
-1
-1
-1
-1
1
1
1
1
1
1
1
1
1
1
1
1
1
1
1
1
1
1
1
1
1
1
1
-1
-1
-1
-1
-1
-1
-1
-1
1
1
1
1
1
1
1
1
1
1
1
1
1
1
1
1
1
1
1
1
1
1
1
1
1
1
1
1
1
1
1
1
1
1
1
-1
-1
-1
-1
-1
-1
-1
-1
-1
-1
1
1
1
1
1
1
1
1
1
1
1
1
1
1
1
1
1
1
1
1
1
1
1
1
1
1
1
1
1
1
-1
-1
-1
-1
1
1
1
1
1
1
1
1
1
1
1
1
1
1
1
1
1
1
1
1
1
1
1
1
1
1
1
1
1
1
1
1
1
1
1
1
1
1
1
1
1
1
1
1
1
1
1
1
1
1
1
1
1
1
1
1
1
1
1
1
1
1
1
1
1
1
1
1
1
1
1
1
1
1
1
1
1
1
1
1
1
1
1
1
1
1
1
1
1
1
1
1
1
1
1
1
1
1
1
1
1
1
1
1
1
1
1
1
1
1
1
1
1
1
1
1
1
1
1
1
1
1
1
1
1
1
1
1
1
1
1
1
1
1
1
1
1
1
1
1
1
1
1
1
1
1
1
1
1
1
1
1
1
1
1
1
1
1
1
1
1
1
1
1
1
1
1
1
1
1
1
1
1
1
1
1
1
1
1
1
1
1
1
1
1
1
1
1
1
1
1
1
1
1
-1
-1
-1
1
1
1
1
1
-1
-1
-1
-1
1
1
1
1
-1
-1
-1
-1
1
1
1
1
-1
-1
-1
-1
1
1
1
1
-1
-1
-1
-1
1
1
1
1
-1
-1
-1
-1
1
1
1
1
-1
-1
-1
-1
1
1
1
1
-1
-1
-1
-1
1
1
1
1
-1
-1
-1
-1
1
1
1
1
-1
-1
-1
-1
1
1
1
1
-1
-1
-1
-1
-1
1
1
1
1
1
1
1
1
-1
-1
-1
1
1
1
1
1
1
1
1
1
1
1
1
1
1
1
1
1
-1
-1
-1
-1
1
1
1
1
1
1
1
1
-1
-1
-1
-1
1
1
1
1
-1
-1
-1
-1
1
1
1
1
-1
-1
-1
-1
1
1
1
1
-1
-1
-1
-1
1
1
1
1
-1
-1
-1
-1
1
1
1
1
-1
-1
-1
-1
1
1
1
1
-1
-1
-1
-1
1
1
1
1
-1
-1
-1
-1
1
1
1
1
-1
-1
-1
-1
1
1
1
1
-1
-1
-1
-1
1
1
1
1
-1
-1
-1
-1
1
1
1
1
-1
-1
-1
-1
1
1
1
1
-1
-1
-1
-1
1
1
1
1
-1
-1
-1
-1
1
1
1
1
-1
-1
-1
-1
1
1
1
1
-1
-1
-1
-1
1
1
1
1
-1
-1
-1
-1
1
1
1
1
-1
-1
-1
-1
-1
1
1
1
-1
-1
-1
-1
-1
-1
-1
-1
-1
-1
-1
-1
-1
-1
-1
-1
-1
-1
-1
-1
-1
-1
-1
-1
-1
-1
-1
-1
-1
-1
-1
-1
1
1
1
1
-1
-1
-1
-1
1
1
1
1
1
1
1
1
1
1
1
1
1
-1
-1
-1
-1
1
1
1
1
-1
-1
-1
-1
-1
-1
-1
-1
-1
-1
-1
-1
-1
-1
-1
-1
-1
-1
-1
-1
-1
-1
-1
-1
-1
-1
-1
-1
-1
-1
-1
-1
-1
-1
-1
-1
-1
-1
-1
-1
-1
-1
-1
-1
-1
-1
-1
-1
-1
-1
-1
-1
-1
-1
-1
-1
-1
-1
-1
-1
-1
-1
1
1
1
-1
-1
-1
-1
-1
-1
-1
-1
1
1
1
1
1
1
1
1
1
1
1
1
1
1
1
1
1
1
1
1
-1
-1
-1
-1
1
1
1
1
-1
-1
-1
-1
-1
-1
-1
-1
-1
-1
-1
-1
-1
-1
-1
-1
-1
-1
-1
-1
-1
-1
-1
-1
-1
-1
-1
1
1
1
-1
-1
-1
-1
-1
-1
-1
-1
1
1
1
1
1
1
1
1
1
1
1
1
-1
-1
-1
1
1
1
1
1
-1
-1
-1
-1
-1
1
1
1
-1
-1
-1
-1
-1
-1
-1
-1
1
1
1
1
-1
-1
-1
-1
1
1
1
1
1
1
1
1
1
-1
-1
-1
-1
1
1
1
1
-1
-1
-1
-1
-1
-1
-1
-1
-1
1
1
1
-1
-1
-1
-1
-1
-1
-1
-1
1
1
1
1
1
1
1
1
1
1
1
1
1
1
1
1
-1
-1
-1
-1
1
1
1
1
-1
-1
-1
-1
-1
-1
-1
-1
-1
-1
-1
1
1
1
1
-1
-1
-1
-1
1
1
1
1
1
1
1
1
1
1
1
1
-1
-1
-1
1
1
1
1
1
-1
-1
-1
-1
-1
1
1
1
-1
-1
-1
-1
-1
-1
-1
-1
1
1
1
-1
-1
-1
-1
-1
-1
-1
-1
1
1
1
1
1
1
1
1
1
1
1
1
1
1
1
1
-1
-1
-1
-1
1
1
1
1
-1
-1
-1
-1
-1
-1
-1
-1
1
1
1
-1
-1
-1
-1
-1
-1
-1
-1
1
1
1
1
1
1
1
1
1
1
1
1
-1
-1
-1
-1
1
1
1
1
-1
-1
-1
-1
-1
-1
-1
-1
-1
1
1
1
1
-1
-1
-1
-1
1
1
1
1
1
1
1
1
1
-1
-1
-1
-1
1
1
1
1
-1
-1
-1
-1
-1
-1
-1
1
1
1
-1
-1
-1
-1
-1
-1
-1
-1
1
1
1
1
1
1
1
1
1
1
1
1
1
1
-1
-1
-1
1
1
1
1
1
-1
-1
-1
-1
-1
1
1
1
-1
-1
-1
-1
-1
-1
-1
-1
-1
-1
-1
1
1
1
1
-1
-1
-1
-1
1
1
1
1
1
1
1
1
1
1
1
1
-1
-1
-1
-1
1
1
1
1
-1
-1
-1
-1
-1
-1
-1
-1
-1
-1
-1
-1
1
1
1
-1
-1
-1
-1
-1
-1
-1
-1
1
1
1
1
1
1
1
1
1
1
1
1
1
1
1
1
1
1
1
1
1
1
1
1
-1
-1
-1
-1
1
1
1
1
-1
-1
-1
-1
-1
-1
-1
-1
-1
-1
1
1
1
-1
-1
-1
-1
-1
-1
-1
-1
1
1
1
1
1
1
1
1
1
1
1
1
1
1
1
1
1
1
1
1
1
1
1
1
1
1
1
1
1
1
1
-1
-1
-1
1
1
1
1
1
-1
-1
-1
-1
-1
1
1
1
-1
-1
-1
-1
-1
-1
-1
1
1
1
1
-1
-1
-1
-1
1
1
1
1
1
1
1
1
1
1
1
1
1
1
1
1
1
1
1
1
1
1
1
1
-1
-1
-1
1
1
1
1
1
-1
-1
-1
-1
1
1
1
1
-1
-1
-1
-1
1
1
1
1
-1
-1
-1
-1
1
1
1
1
1
1
1
1
1
1
1
1
1
1
1
1
1
1
1
-1
-1
-1
-1
1
1
1
1
-1
-1
-1
-1
-1
-1
-1
-1
-1
-1
-1
1
1
1
-1
-1
-1
-1
-1
-1
-1
-1
1
1
1
1
1
1
1
1
1
1
1
1
1
1
1
1
1
1
1
1
1
1
1
1
1
-1
-1
-1
1
1
1
1
1
-1
-1
-1
-1
1
1
1
1
-1
-1
-1
-1
1
1
1
1
-1
-1
-1
-1
1
1
1
1
-1
-1
-1
-1
-1
1
1
1
-1
-1
-1
-1
1
1
1
-1
-1
-1
-1
-1
1
1
1
1
1
-1
-1
-1
1
1
1
1
1
1
1
1
1
-1
-1
-1
-1
1
1
1
1
-1
-1
-1
-1
-1
-1
-1
-1
-1
-1
-1
-1
1
1
1
1
-1
-1
-1
-1
1
1
1
1
1
1
1
1
1
1
1
1
1
1
1
1
1
1
1
1
1
1
1
1
1
1
1
1
-1
-1
-1
1
1
1
1
1
-1
-1
-1
-1
1
1
1
1
-1
-1
-1
-1
1
1
1
1
-1
-1
-1
-1
1
1
1
1
-1
-1
-1
-1
1
1
1
1
-1
-1
-1
-1
-1
1
1
1
-1
-1
-1
-1
-1
-1
-1
-1
-1
-1
-1
-1
-1
-1
-1
-1
-1
-1
1
1
1
1
-1
-1
-1
-1
1
1
1
1
1
1
1
1
1
1
1
1
1
1
1
1
-1
-1
-1
-1
1
1
1
1
-1
-1
-1
-1
-1
-1
-1
-1
-1
1
1
1
-1
-1
-1
-1
-1
-1
-1
-1
1
1
1
1
1
1
1
1
1
1
1
1
1
1
1
1
1
1
1
1
1
1
1
1
1
1
1
-1
-1
-1
1
1
1
1
1
-1
-1
-1
-1
1
1
1
1
-1
-1
-1
-1
1
1
1
1
-1
-1
-1
-1
1
1
1
1
-1
-1
-1
-1
-1
1
1
1
-1
-1
-1
-1
-1
-1
-1
-1
-1
-1
-1
-1
-1
-1
-1
-1
-1
-1
-1
-1
-1
-1
-1
-1
1
1
1
-1
-1
-1
-1
-1
1
1
1
1
1
-1
-1
-1
1
1
1
1
1
1
1
1
1
-1
-1
-1
1
1
1
1
1
-1
-1
-1
-1
-1
1
1
1
-1
-1
-1
-1
-1
-1
-1
-1
1
1
1
-1
-1
-1
-1
-1
-1
-1
-1
1
1
1
1
1
1
1
1
1
1
1
1
1
1
1
1
1
1
1
1
1
1
1
1
1
1
1
1
1
1
-1
-1
-1
1
1
1
1
1
-1
-1
-1
-1
1
1
1
1
-1
-1
-1
-1
1
1
1
1
-1
-1
-1
-1
1
1
1
1
-1
-1
-1
-1
-1
1
1
1
-1
-1
-1
-1
-1
-1
-1
-1
-1
-1
-1
-1
-1
-1
-1
-1
-1
-1
-1
-1
-1
1
1
1
1
-1
-1
-1
-1
1
1
1
1
1
1
1
1
-1
-1
-1
-1
1
1
1
1
-1
-1
-1
-1
-1
-1
-1
-1
-1
-1
1
1
1
1
-1
-1
-1
-1
1
1
1
1
1
1
1
1
1
1
1
1
1
1
1
1
1
1
1
1
-1
-1
-1
1
1
1
1
1
-1
-1
-1
-1
1
1
1
1
-1
-1
-1
-1
1
1
1
1
-1
-1
-1
-1
1
1
1
1
-1
-1
-1
-1
1
1
1
1
-1
-1
-1
-1
-1
1
1
1
-1
-1
-1
-1
-1
-1
-1
-1
-1
-1
-1
-1
-1
-1
-1
-1
-1
-1
-1
-1
-1
-1
-1
1
1
1
-1
-1
-1
-1
-1
1
1
1
1
1
-1
-1
-1
1
1
1
1
1
1
1
1
1
1
1
-1
-1
-1
-1
1
1
1
1
-1
-1
-1
-1
-1
-1
1
1
1
-1
-1
-1
-1
-1
-1
-1
-1
1
1
1
1
1
1
1
1
1
1
1
1
1
1
1
-1
-1
-1
1
1
1
1
1
-1
-1
-1
-1
1
1
1
1
-1
-1
-1
-1
1
1
1
1
-1
-1
-1
-1
1
1
1
1
-1
-1
-1
-1
-1
1
1
1
-1
-1
-1
-1
-1
-1
-1
-1
-1
-1
-1
-1
-1
-1
-1
-1
-1
-1
-1
-1
-1
-1
-1
-1
-1
1
1
1
-1
-1
-1
-1
-1
1
1
1
1
1
-1
-1
-1
1
1
1
1
1
1
1
1
1
1
1
-1
-1
-1
1
1
1
1
1
-1
-1
-1
-1
-1
1
1
1
-1
-1
-1
-1
-1
-1
-1
-1
-1
-1
-1
-1
-1
-1
-1
-1
-1
-1
1
1
1
1
-1
-1
-1
-1
-1
-1
-1
-1
1
1
1
1
-1
-1
-1
-1
1
1
1
1
-1
-1
-1
-1
1
1
1
1
-1
-1
-1
-1
-1
1
1
1
-1
-1
-1
-1
-1
-1
-1
-1
-1
-1
-1
-1
-1
-1
-1
-1
-1
-1
-1
-1
-1
-1
-1
-1
-1
-1
-1
-1
-1
1
1
1
1
-1
-1
-1
-1
1
1
1
1
1
1
1
1
1
1
1
1
-1
-1
-1
-1
1
1
1
1
-1
-1
-1
-1
-1
-1
-1
-1
-1
-1
-1
-1
-1
-1
-1
-1
-1
-1
-1
-1
-1
-1
-1
-1
-1
-1
-1
-1
1
1
1
-1
-1
-1
-1
-1
1
1
1
1
1
-1
-1
-1
1
1
1
1
1
1
1
-1
-1
-1
-1
1
1
1
1
-1
-1
-1
-1
-1
-1
-1
-1
-1
-1
-1
-1
-1
-1
-1
-1
1
1
1
1
-1
-1
-1
-1
1
1
1
1
1
1
1
1
1
1
-1
-1
-1
-1
1
1
1
1
-1
-1
-1
-1
-1
-1
-1
-1
-1
1
1
1
-1
-1
-1
-1
-1
1
1
1
1
1
-1
-1
-1
1
1
1
1
1
1
1
-1
-1
-1
1
1
1
1
1
-1
-1
-1
-1
-1
1
1
1
-1
-1
-1
-1
-1
-1
-1
-1
-1
-1
-1
-1
1
1
1
1
-1
-1
-1
-1
1
1
1
1
1
1
1
1
1
1
1
-1
-1
-1
-1
1
1
1
1
-1
-1
-1
-1
-1
-1
-1
-1
-1
-1
-1
-1
-1
-1
-1
1
1
1
-1
-1
-1
-1
-1
1
1
1
1
1
-1
-1
-1
1
1
1
1
1
1
1
1
-1
-1
-1
-1
1
1
1
1
-1
-1
-1
-1
-1
-1
-1
-1
1
1
1
-1
-1
-1
-1
-1
1
1
1
1
1
-1
-1
-1
1
1
1
1
1
1
1
1
-1
-1
-1
1
1
1
1
1
-1
-1
-1
-1
-1
1
1
1
-1
-1
-1
-1
-1
-1
-1
-1
1
1
1
1
-1
-1
-1
-1
1
1
1
1
1
1
1
-1
-1
-1
-1
1
1
1
1
-1
-1
-1
-1
-1
-1
-1
-1
-1
-1
-1
1
1
1
-1
-1
-1
-1
-1
1
1
1
1
1
-1
-1
-1
1
1
1
1
1
1
1
1
1
-1
-1
-1
-1
1
1
1
1
-1
-1
-1
-1
-1
-1
-1
-1
-1
-1
-1
-1
-1
1
1
1
1
-1
-1
-1
-1
1
1
1
1
1
1
1
1
1
1
1
1
1
1
1
1
-1
-1
-1
-1
1
1
1
1
-1
-1
-1
-1
-1
-1
-1
-1
-1
-1
-1
-1
1
1
1
-1
-1
-1
-1
-1
1
1
1
1
1
-1
-1
-1
1
1
1
1
1
1
1
1
1
-1
-1
-1
1
1
1
1
1
-1
-1
-1
-1
-1
1
1
1
-1
-1
-1
-1
-1
-1
-1
-1
1
1
1
-1
-1
-1
-1
-1
1
1
1
1
1
-1
-1
-1
1
1
1
1
1
1
1
1
-1
-1
-1
-1
1
1
1
1
-1
-1
-1
-1
-1
-1
-1
-1
-1
1
1
1
1
-1
-1
-1
-1
1
1
1
1
1
1
1
1
1
1
1
1
1
-1
-1
-1
-1
-1
-1
-1
-1
1
1
1
1
-1
-1
-1
-1
-1
-1
-1
-1
-1
-1
1
1
1
-1
-1
-1
-1
-1
1
1
1
1
1
-1
-1
-1
1
1
1
1
1
1
1
-1
-1
-1
1
1
1
1
1
1
1
1
-1
-1
-1
-1
-1
-1
-1
-1
-1
-1
-1
-1
-1
-1
-1
-1
-1
1
1
1
1
-1
-1
-1
-1
1
1
1
1
1
1
1
1
1
1
1
1
1
1
1
-1
-1
-1
-1
1
1
1
1
-1
-1
-1
-1
-1
-1
-1
-1
-1
-1
-1
-1
-1
-1
1
1
1
-1
-1
-1
-1
-1
1
1
1
1
1
-1
-1
-1
1
1
1
1
1
1
1
1
1
-1
-1
-1
1
1
1
1
1
1
1
1
-1
-1
-1
-1
-1
-1
-1
-1
-1
-1
-1
1
1
1
-1
-1
-1
-1
-1
1
1
1
1
1
-1
-1
-1
1
1
1
1
1
1
1
1
1
-1
-1
-1
-1
1
1
1
1
-1
-1
-1
-1
-1
-1
-1
-1
-1
-1
1
1
1
1
-1
-1
-1
-1
1
1
1
1
1
1
1
1
-1
-1
-1
-1
1
1
1
1
-1
-1
-1
-1
-1
-1
-1
-1
-1
-1
-1
-1
1
1
1
-1
-1
-1
-1
-1
1
1
1
1
1
-1
-1
-1
1
1
1
1
1
1
1
1
-1
-1
-1
1
1
1
1
1
1
1
1
-1
-1
-1
-1
-1
-1
-1
-1
-1
-1
-1
-1
-1
-1
-1
-1
-1
-1
1
1
1
1
-1
-1
-1
-1
1
1
1
1
1
1
1
1
1
1
1
1
1
-1
-1
-1
-1
1
1
1
1
-1
-1
-1
-1
-1
-1
-1
-1
-1
-1
-1
-1
1
1
1
-1
-1
-1
-1
-1
1
1
1
1
1
-1
-1
-1
1
1
1
1
1
1
1
1
-1
-1
-1
1
1
1
1
1
1
1
1
-1
-1
-1
-1
-1
-1
-1
-1
-1
-1
-1
-1
1
1
1
-1
-1
-1
-1
-1
1
1
1
1
1
-1
-1
-1
1
1
1
1
1
1
1
1
1
1
1
1
1
-1
-1
-1
-1
1
1
1
1
-1
-1
-1
-1
-1
-1
-1
-1
-1
-1
-1
-1
-1
-1
-1
1
1
1
1
-1
-1
-1
-1
-1
-1
-1
1
1
1
1
1
1
1
1
1
1
1
1
1
1
1
1
1
1
1
-1
-1
-1
-1
1
1
1
1
-1
-1
-1
-1
-1
-1
-1
-1
-1
-1
-1
-1
-1
1
1
1
-1
-1
-1
-1
-1
-1
-1
-1
-1
1
1
1
1
-1
-1
-1
1
1
1
1
1
1
1
1
1
1
1
1
1
1
1
1
1
1
-1
-1
-1
1
1
1
1
1
1
1
1
-1
-1
-1
-1
-1
-1
-1
-1
-1
-1
-1
-1
-1
-1
-1
-1
-1
-1
-1
-1
1
1
1
-1
-1
-1
-1
-1
-1
-1
-1
1
1
1
1
1
1
1
1
1
1
1
1
1
1
1
1
1
1
1
1
1
-1
-1
-1
-1
1
1
1
1
-1
-1
-1
-1
-1
-1
-1
-1
-1
-1
-1
1
1
1
-1
-1
-1
-1
-1
-1
-1
-1
1
1
1
1
1
1
1
1
1
1
1
1
1
1
1
1
1
1
1
-1
-1
-1
1
1
1
1
1
1
1
1
-1
-1
-1
-1
-1
-1
-1
-1
-1
-1
-1
-1
-1
1
1
1
-1
-1
-1
-1
-1
-1
-1
-1
-1
1
1
1
1
-1
-1
-1
1
1
1
1
1
1
1
1
1
1
1
1
1
-1
-1
-1
-1
1
1
1
1
-1
-1
-1
-1
-1
-1
-1
-1
-1
-1
-1
-1
-1
1
1
1
-1
-1
-1
-1
-1
-1
-1
-1
1
1
1
1
1
1
1
1
1
1
1
1
1
1
-1
-1
-1
-1
1
1
1
1
-1
-1
-1
-1
-1
-1
-1
-1
-1
-1
-1
-1
-1
-1
-1
-1
-1
1
1
1
-1
-1
-1
-1
-1
-1
-1
-1
1
1
1
1
1
1
1
1
1
1
1
1
1
-1
-1
-1
1
1
1
1
1
1
1
1
-1
-1
-1
-1
-1
-1
-1
-1
-1
-1
-1
-1
-1
-1
-1
-1
-1
1
1
1
-1
-1
-1
-1
-1
-1
-1
-1
1
1
1
1
1
1
1
1
1
1
1
1
1
1
1
1
1
1
1
1
1
-1
-1
-1
-1
1
1
1
1
-1
-1
-1
-1
-1
-1
-1
-1
-1
-1
-1
-1
-1
1
1
1
-1
-1
-1
-1
-1
-1
-1
-1
-1
1
1
1
1
-1
-1
-1
1
1
1
1
1
1
1
1
1
1
1
1
1
1
1
1
-1
-1
-1
1
1
1
1
1
1
1
1
-1
-1
-1
-1
-1
-1
-1
-1
-1
-1
-1
-1
-1
-1
-1
-1
-1
-1
1
1
1
-1
-1
-1
-1
-1
-1
-1
-1
1
1
1
1
1
1
1
1
1
1
1
1
1
1
1
1
1
1
1
1
1
-1
-1
-1
-1
1
1
1
1
-1
-1
-1
-1
-1
-1
-1
-1
-1
-1
1
1
1
-1
-1
-1
-1
-1
-1
-1
-1
1
1
1
1
1
1
1
1
1
1
1
1
1
1
1
1
1
-1
-1
-1
-1
1
1
1
1
-1
-1
-1
-1
-1
-1
-1
-1
-1
1
1
1
-1
-1
-1
-1
-1
-1
-1
-1
1
1
1
1
1
1
1
1
1
1
1
1
1
1
1
1
1
1
-1
-1
-1
1
1
1
1
1
1
1
1
-1
-1
-1
-1
-1
-1
-1
-1
-1
-1
-1
-1
-1
-1
1
1
1
-1
-1
-1
-1
-1
-1
-1
-1
-1
1
1
1
1
-1
-1
-1
1
1
1
1
1
1
1
1
1
1
1
1
1
1
1
1
1
-1
-1
-1
-1
1
1
1
1
-1
-1
-1
-1
-1
-1
-1
-1
-1
-1
-1
-1
-1
-1
-1
1
1
1
-1
-1
-1
-1
-1
-1
-1
-1
1
1
1
1
1
1
1
1
1
1
1
1
1
1
1
1
1
-1
-1
-1
1
1
1
1
1
1
1
1
-1
-1
-1
-1
-1
-1
-1
-1
-1
-1
-1
-1
-1
-1
-1
-1
-1
1
1
1
-1
-1
-1
-1
-1
-1
-1
-1
1
1
1
1
1
1
1
1
1
1
1
1
1
1
1
1
1
1
1
-1
-1
-1
-1
1
1
1
1
-1
-1
-1
-1
-1
-1
-1
-1
-1
-1
-1
-1
-1
1
1
1
-1
-1
-1
-1
-1
-1
-1
-1
-1
1
1
1
1
-1
-1
-1
1
1
1
1
1
1
1
1
1
1
1
1
1
1
1
1
1
1
-1
-1
-1
-1
1
1
1
1
-1
-1
-1
-1
-1
-1
-1
-1
-1
-1
-1
-1
-1
-1
-1
-1
-1
-1
-1
1
1
1
-1
-1
-1
-1
-1
-1
-1
-1
1
1
1
1
1
1
1
1
1
1
1
1
1
1
1
1
1
-1
-1
-1
1
1
1
1
1
1
1
1
1
1
1
1
-1
-1
-1
-1
-1
-1
-1
-1
-1
-1
-1
-1
-1
-1
-1
-1
-1
1
1
1
-1
-1
-1
-1
-1
-1
-1
-1
1
1
1
1
1
1
1
1
1
1
1
1
1
1
1
1
1
1
1
1
1
1
-1
-1
-1
-1
1
1
1
1
-1
-1
-1
-1
-1
-1
-1
-1
-1
1
1
1
-1
-1
-1
-1
-1
-1
-1
-1
1
1
1
1
1
1
1
1
1
1
1
1
1
1
1
1
1
-1
-1
-1
1
1
1
1
1
-1
-1
-1
-1
-1
1
1
1
-1
-1
-1
-1
-1
-1
-1
-1
-1
-1
-1
-1
-1
-1
-1
-1
-1
-1
-1
1
1
1
-1
-1
-1
-1
-1
1
1
1
1
1
1
1
-1
-1
-1
-1
-1
-1
-1
-1
1
1
1
1
1
1
1
1
1
1
1
1
1
1
1
1
1
1
1
1
1
-1
-1
-1
-1
1
1
1
1
-1
-1
-1
-1
-1
-1
-1
-1
-1
-1
-1
-1
-1
-1
-1
-1
-1
-1
-1
-1
-1
1
1
1
-1
-1
-1
-1
-1
1
1
1
1
-1
-1
-1
-1
1
1
1
1
-1
-1
-1
-1
1
1
1
1
1
-1
-1
-1
1
1
1
1
1
1
1
1
1
1
1
1
1
-1
-1
-1
-1
1
1
1
1
-1
-1
-1
-1
-1
-1
-1
-1
-1
-1
-1
-1
-1
-1
-1
-1
-1
-1
-1
-1
1
1
1
-1
-1
-1
-1
-1
1
1
1
1
-1
-1
-1
-1
1
1
1
1
-1
-1
-1
-1
1
1
1
1
-1
-1
-1
-1
1
1
1
1
1
-1
-1
-1
1
1
1
1
1
1
1
1
1
1
1
1
1
1
1
1
1
1
-1
-1
-1
-1
1
1
1
1
-1
-1
-1
-1
-1
-1
-1
-1
-1
-1
-1
-1
-1
-1
-1
-1
-1
1
1
1
-1
-1
-1
-1
-1
1
1
1
1
-1
-1
-1
-1
1
1
1
1
-1
-1
-1
-1
1
1
1
1
1
-1
-1
-1
1
1
1
1
1
1
1
1
1
1
1
1
1
1
1
1
1
1
1
1
1
1
1
-1
-1
-1
-1
1
1
1
1
-1
-1
-1
-1
-1
-1
-1
-1
-1
-1
-1
-1
-1
-1
-1
-1
-1
-1
-1
-1
1
1
1
-1
-1
-1
-1
-1
1
1
1
1
-1
-1
-1
-1
1
1
1
1
-1
-1
-1
-1
1
1
1
1
1
-1
-1
-1
1
1
1
1
1
1
1
1
1
1
1
1
1
1
-1
-1
-1
-1
1
1
1
1
-1
-1
-1
-1
-1
-1
-1
-1
-1
-1
-1
-1
-1
-1
-1
-1
-1
1
1
1
-1
-1
-1
-1
-1
1
1
1
1
-1
-1
-1
-1
1
1
1
1
-1
-1
-1
-1
1
1
1
1
1
-1
-1
-1
1
1
1
1
1
1
1
1
1
1
1
1
1
1
1
1
1
1
1
1
-1
-1
-1
-1
1
1
1
1
-1
-1
-1
-1
-1
-1
-1
-1
-1
-1
-1
-1
-1
-1
-1
-1
1
1
1
-1
-1
-1
-1
-1
1
1
1
1
-1
-1
-1
-1
1
1
1
1
-1
-1
-1
-1
1
1
1
1
-1
-1
-1
-1
1
1
1
1
1
-1
-1
-1
1
1
1
1
1
1
1
1
1
1
1
1
1
-1
-1
-1
1
1
1
1
1
-1
-1
-1
-1
-1
1
1
1
-1
-1
-1
-1
-1
-1
-1
-1
-1
-1
-1
-1
-1
1
1
1
-1
-1
-1
-1
-1
1
1
1
1
-1
-1
-1
-1
1
1
1
1
-1
-1
-1
-1
1
1
1
1
1
-1
-1
-1
1
1
1
1
1
1
1
1
1
1
1
1
1
1
1
1
1
1
1
1
-1
-1
-1
-1
1
1
1
1
-1
-1
-1
-1
-1
-1
-1
-1
-1
-1
-1
-1
-1
1
1
1
-1
-1
-1
-1
-1
1
1
1
1
-1
-1
-1
-1
1
1
1
1
-1
-1
-1
-1
1
1
1
1
1
-1
-1
-1
1
1
1
1
1
1
1
1
1
1
1
1
1
1
1
1
1
-1
-1
-1
-1
1
1
1
1
-1
-1
-1
-1
-1
-1
-1
1
1
1
1
1
1
1
1
1
1
-1
-1
-1
-1
-1
-1
-1
-1
-1
-1
-1
-1
-1
-1
-1
-1
-1
-1
-1
-1
-1
-1
-1
-1
-1
-1
-1
-1
-1
-1
1
1
1
1
-1
-1
-1
-1
1
1
1
1
1
-1
-1
-1
1
1
1
1
1
1
1
1
1
1
1
1
1
1
1
1
1
1
1
1
-1
-1
-1
-1
1
1
1
1
-1
-1
-1
-1
-1
-1
-1
1
1
1
1
-1
-1
-1
-1
1
1
1
1
1
1
1
1
1
1
1
1
1
-1
-1
-1
-1
1
1
1
1
-1
-1
-1
-1
-1
-1
-1
1
1
1
1
-1
-1
-1
-1
1
1
1
1
1
1
1
1
1
1
1
-1
-1
-1
-1
1
1
1
1
-1
-1
-1
-1
-1
-1
-1
-1
-1
1
1
1
1
-1
-1
-1
-1
1
1
1
1
1
1
1
1
-1
-1
-1
1
1
1
1
1
-1
-1
-1
-1
-1
1
1
1
-1
-1
-1
-1
-1
-1
-1
-1
1
1
1
-1
-1
-1
-1
-1
1
1
1
1
1
-1
-1
-1
1
1
1
1
1
1
1
1
-1
-1
-1
-1
1
1
1
1
-1
-1
-1
-1
-1
-1
-1
-1
-1
-1
-1
-1
1
1
1
1
-1
-1
-1
-1
1
1
1
1
1
1
1
1
1
1
1
1
-1
-1
-1
-1
1
1
1
1
-1
-1
-1
-1
-1
-1
-1
-1
-1
1
1
1
1
-1
-1
-1
-1
1
1
1
1
1
1
1
1
1
-1
-1
-1
-1
1
1
1
1
-1
-1
-1
-1
-1
-1
-1
1
1
1
1
-1
-1
-1
-1
1
1
1
1
1
1
1
-1
-1
-1
-1
1
1
1
1
-1
-1
-1
-1
-1
-1
-1
1
1
1
1
-1
-1
-1
-1
1
1
1
1
1
1
1
-1
-1
-1
-1
1
1
1
1
-1
-1
-1
-1
-1
-1
-1
1
1
1
1
-1
-1
-1
-1
1
1
1
1
1
1
1
-1
-1
-1
-1
1
1
1
1
-1
-1
-1
-1
-1
-1
-1
1
1
1
1
-1
-1
-1
-1
1
1
1
1
1
1
-1
-1
-1
1
1
1
1
1
-1
-1
-1
-1
-1
1
1
1
-1
-1
-1
-1
-1
-1
1
1
1
-1
-1
-1
-1
-1
1
1
1
1
1
-1
-1
-1
1
1
1
1
1
1
-1
-1
-1
-1
1
1
1
1
-1
-1
-1
-1
-1
-1
-1
-1
-1
-1
1
1
1
1
-1
-1
-1
-1
1
1
1
1
1
1
1
1
1
1
-1
-1
-1
-1
1
1
1
1
-1
-1
-1
-1
-1
-1
-1
-1
-1
-1
-1
-1
-1
-1
-1
-1
-1
-1
-1
1
1
1
1
-1
-1
-1
-1
1
1
1
1
1
1
1
-1
-1
-1
-1
1
1
1
1
-1
-1
-1
-1
-1
-1
-1
-1
-1
-1
-1
-1
-1
-1
-1
-1
-1
-1
-1
-1
-1
-1
-1
-1
-1
-1
-1
-1
-1
1
1
1
1
-1
-1
-1
-1
1
1
1
1
1
1
1
-1
-1
-1
-1
1
1
1
1
-1
-1
-1
-1
-1
-1
-1
-1
-1
-1
-1
-1
-1
-1
-1
-1
-1
1
1
1
-1
-1
-1
-1
-1
1
1
1
1
-1
-1
-1
-1
1
1
1
1
-1
-1
-1
-1
1
1
1
1
1
-1
-1
-1
-1
-1
-1
-1
-1
1
1
1
1
-1
-1
-1
-1
1
1
1
-1
-1
-1
-1
-1
-1
-1
-1
-1
-1
-1
-1
-1
1
1
1
1
-1
-1
-1
-1
1
1
1
1
1
1
1
-1
-1
-1
-1
1
1
1
1
-1
-1
-1
-1
-1
-1
-1
-1
-1
-1
-1
-1
-1
-1
-1
-1
-1
-1
1
1
1
-1
-1
-1
-1
-1
1
1
1
1
-1
-1
-1
-1
1
1
1
1
1
-1
-1
-1
1
1
1
1
1
1
1
1
1
1
1
1
1
1
-1
-1
-1
1
1
1
1
1
1
1
1
-1
-1
-1
-1
-1
-1
-1
-1
-1
-1
-1
-1
1
1
1
1
-1
-1
-1
-1
1
1
1
1
1
1
1
1
1
-1
-1
-1
-1
1
1
1
1
-1
-1
-1
-1
-1
-1
-1
-1
-1
-1
-1
-1
-1
-1
-1
-1
-1
-1
-1
1
1
1
-1
-1
-1
-1
-1
1
1
1
1
-1
-1
-1
-1
1
1
1
1
-1
-1
-1
-1
1
1
1
1
1
-1
-1
-1
1
1
1
1
1
1
1
1
1
1
1
1
1
1
1
1
1
1
-1
-1
-1
1
1
1
1
1
1
1
1
-1
-1
-1
-1
-1
-1
-1
-1
-1
-1
-1
-1
-1
-1
-1
-1
-1
1
1
1
1
-1
-1
-1
-1
1
1
1
1
1
1
1
1
-1
-1
-1
1
1
1
1
1
-1
-1
-1
-1
-1
1
1
1
-1
-1
-1
-1
-1
-1
-1
-1
-1
-1
-1
-1
1
1
1
-1
-1
-1
-1
-1
1
1
1
1
-1
-1
-1
-1
1
1
1
1
-1
-1
-1
-1
1
1
1
1
1
-1
-1
-1
1
1
1
1
1
1
1
1
1
1
1
1
1
1
1
1
1
1
1
1
1
1
-1
-1
-1
1
1
1
1
1
1
1
1
-1
-1
-1
-1
-1
-1
-1
-1
-1
-1
-1
-1
-1
-1
-1
-1
-1
-1
-1
-1
-1
-1
-1
1
1
1
1
-1
-1
-1
-1
1
1
1
1
1
1
1
1
-1
-1
-1
-1
1
1
1
1
-1
-1
-1
-1
-1
-1
-1
-1
-1
-1
-1
-1
-1
-1
-1
-1
-1
-1
-1
-1
-1
1
1
1
-1
-1
-1
-1
-1
1
1
1
1
-1
-1
-1
-1
1
1
1
1
1
-1
-1
-1
1
1
1
1
1
1
1
1
1
1
1
1
1
1
1
1
1
1
-1
-1
-1
1
1
1
1
1
1
1
1
1
-1
-1
-1
-1
1
1
1
-1
-1
-1
-1
-1
-1
-1
-1
-1
-1
-1
-1
-1
-1
-1
-1
-1
-1
1
1
1
-1
-1
-1
-1
-1
1
1
1
1
1
-1
-1
-1
1
1
1
1
1
1
1
1
-1
-1
-1
-1
1
1
1
1
-1
-1
-1
-1
-1
-1
-1
-1
-1
-1
-1
-1
-1
-1
-1
1
1
1
-1
-1
-1
-1
-1
1
1
1
1
-1
-1
-1
-1
1
1
1
1
-1
-1
-1
-1
1
1
1
1
1
-1
-1
-1
1
1
1
1
1
1
1
1
1
1
1
1
1
1
1
1
1
1
1
1
1
1
-1
-1
-1
1
1
1
1
1
1
1
1
-1
-1
-1
-1
-1
-1
-1
-1
-1
-1
-1
-1
-1
-1
-1
-1
-1
1
1
1
1
-1
-1
-1
-1
1
1
1
1
1
1
1
1
1
-1
-1
-1
-1
1
1
1
1
-1
-1
-1
-1
-1
-1
-1
-1
-1
-1
-1
-1
-1
-1
-1
-1
1
1
1
-1
-1
-1
-1
-1
1
1
1
1
-1
-1
-1
-1
1
1
1
1
-1
-1
-1
-1
1
1
1
1
1
-1
-1
-1
1
1
1
1
1
1
1
1
1
1
1
1
1
1
1
1
1
1
-1
-1
-1
1
1
1
1
1
1
1
1
-1
-1
-1
-1
-1
-1
-1
-1
-1
-1
-1
-1
-1
-1
-1
-1
-1
-1
1
1
1
1
-1
-1
-1
-1
1
1
1
1
1
1
1
-1
-1
-1
-1
1
1
1
1
-1
-1
-1
-1
-1
-1
-1
-1
-1
-1
-1
-1
-1
-1
-1
-1
-1
1
1
1
-1
-1
-1
-1
-1
1
1
1
1
-1
-1
-1
-1
1
1
1
1
1
-1
-1
-1
1
1
1
1
1
1
1
1
1
1
1
1
1
1
1
1
1
1
1
1
1
1
-1
-1
-1
1
1
1
1
1
1
1
1
-1
-1
-1
-1
-1
-1
-1
-1
-1
-1
-1
-1
-1
-1
-1
-1
-1
1
1
1
1
-1
-1
-1
-1
1
1
1
1
1
1
1
1
1
1
-1
-1
-1
-1
1
1
1
1
-1
-1
-1
-1
-1
-1
-1
-1
-1
-1
1
1
1
-1
-1
-1
-1
-1
1
1
1
1
-1
-1
-1
-1
1
1
1
1
-1
-1
-1
-1
1
1
1
1
1
-1
-1
-1
1
1
1
1
1
1
1
1
1
1
1
1
1
1
-1
-1
-1
1
1
1
1
1
1
1
1
1
-1
-1
-1
-1
1
1
1
-1
-1
-1
-1
-1
-1
-1
-1
-1
-1
-1
-1
-1
-1
1
1
1
1
-1
-1
-1
-1
1
1
1
1
1
1
-1
-1
-1
1
1
1
1
1
-1
-1
-1
-1
-1
1
1
1
1
1
1
-1
-1
-1
-1
-1
1
1
1
1
-1
-1
-1
-1
1
1
1
1
-1
-1
-1
-1
1
1
1
1
1
-1
-1
-1
1
1
1
1
1
1
1
1
1
1
1
1
1
1
1
1
1
1
1
1
1
1
-1
-1
-1
1
1
1
1
1
1
1
1
-1
-1
-1
-1
-1
-1
-1
-1
-1
-1
-1
-1
-1
1
1
1
1
-1
-1
-1
-1
1
1
1
1
1
1
1
1
1
1
1
1
1
1
-1
-1
-1
-1
1
1
1
1
1
1
1
1
-1
-1
-1
-1
1
1
1
1
1
-1
-1
-1
1
1
1
1
1
1
1
1
1
1
1
1
1
1
1
1
1
1
-1
-1
-1
1
1
1
1
1
1
1
1
-1
-1
-1
-1
-1
-1
-1
-1
-1
-1
-1
-1
-1
-1
-1
-1
-1
-1
-1
-1
-1
-1
-1
1
1
1
1
-1
-1
-1
-1
1
1
1
1
1
1
1
1
1
1
1
1
1
1
1
1
1
1
1
1
1
1
1
1
1
1
1
1
-1
-1
-1
1
1
1
1
1
1
1
1
1
-1
-1
-1
-1
1
1
1
-1
-1
-1
-1
-1
-1
-1
-1
-1
-1
-1
-1
-1
-1
-1
-1
1
1
1
-1
-1
-1
-1
-1
1
1
1
1
1
-1
-1
-1
1
1
1
1
1
1
1
1
1
1
1
1
1
-1
-1
-1
1
1
1
1
1
1
1
1
-1
-1
-1
-1
-1
-1
-1
-1
-1
-1
-1
-1
-1
-1
-1
-1
-1
1
1
1
1
-1
-1
-1
-1
1
1
1
1
1
1
1
1
1
1
1
-1
-1
-1
1
1
1
1
1
1
1
1
-1
-1
-1
-1
-1
-1
-1
-1
-1
-1
-1
-1
-1
-1
-1
-1
1
1
1
1
-1
-1
-1
-1
1
1
1
1
1
1
1
1
-1
-1
-1
1
1
1
1
1
1
1
1
-1
-1
-1
-1
-1
-1
-1
-1
-1
-1
-1
-1
-1
-1
-1
1
1
1
1
-1
-1
-1
-1
1
1
1
1
1
1
1
1
1
-1
-1
-1
1
1
1
1
1
1
1
1
1
-1
-1
-1
-1
1
1
1
-1
-1
-1
-1
-1
-1
-1
-1
-1
1
1
1
1
-1
-1
-1
-1
1
1
1
1
1
1
1
1
1
1
1
1
-1
-1
-1
1
1
1
1
1
1
1
1
-1
-1
-1
-1
-1
1
1
1
1
-1
-1
-1
-1
1
1
1
1
1
1
1
1
1
1
1
1
1
-1
-1
-1
1
1
1
1
1
1
1
1
1
1
1
1
1
1
1
1
1
-1
-1
-1
-1
1
1
1
1
1
1
1
1
1
1
1
1
1
1
1
1
1
1
1
1
1
1
1
1
