# vtk DataFile Version 3.0
all-quad mesh
ASCII
DATASET UNSTRUCTURED_GRID
POINTS 6475 float
-0.39375 0 0
-0.3609375 0.002625 0
-0.326794270833 0.0669557291667 0
-0.391125 0.0328125 0
-0.328125 0.00525 0
-0.2953125 0.002625 0
-0.2625 0 0
-0.2625 0.065625 0
-0.2625 0.13125 0
-0.328125 0.13125 0
-0.39375 0.13125 0
-0.391125 0.0984375 0
-0.3885 0.065625 0
-0.326794270833 0.195544270833 0
-0.391125 0.1640625 0
-0.2625 0.196875 0
-0.2625 0.2625 0
-0.2953125 0.259875 0
-0.328125 0.25725 0
-0.3609375 0.259875 0
-0.39375 0.2625 0
-0.391125 0.2296875 0
-0.3885 0.196875 0
-0.2625 -0.39375 0
-0.2296875 -0.391125 0
-0.195544270833 -0.326794270833 0
-0.259875 -0.3609375 0
-0.196875 -0.3885 0
-0.1640625 -0.391125 0
-0.13125 -0.39375 0
-0.13125 -0.328125 0
-0.13125 -0.2625 0
-0.196875 -0.2625 0
-0.2625 -0.2625 0
-0.259875 -0.2953125 0
-0.25725 -0.328125 0
-0.195571428571 -0.196875 0
-0.259875 -0.2296875 0
-0.13125 -0.196875 0
-0.13125 -0.13125 0
-0.196875 -0.13125 0
-0.2625 -0.13125 0
-0.259875 -0.1640625 0
-0.25725 -0.196875 0
-0.195571428571 -0.065625 0
-0.259875 -0.0984375 0
-0.13125 -0.065625 0
-0.13125 0 0
-0.196875 0 0
-0.259875 -0.0328125 0
-0.25725 -0.065625 0
-0.196875 0.065625 0
-0.13125 0.065625 0
-0.13125 0.13125 0
-0.196875 0.13125 0
-0.196875 0.195571428571 0
-0.13125 0.196875 0
-0.13125 0.2625 0
-0.1640625 0.259875 0
-0.196875 0.25725 0
-0.2296875 0.259875 0
-0.0984375 -0.391125 0
-0.065625 -0.326821428571 0
-0.065625 -0.3885 0
-0.0328125 -0.391125 0
0 -0.39375 0
0 -0.328125 0
0 -0.2625 0
-0.065625 -0.2625 0
-0.065625 -0.196875 0
0 -0.196875 0
0 -0.13125 0
-0.065625 -0.13125 0
-0.065625 -0.065625 0
0 -0.065625 0
0 0 0
-0.065625 0 0
-0.065625 0.065625 0
0 0.065625 0
0 0.13125 0
-0.065625 0.13125 0
-0.065625 0.195571428571 0
0 0.196875 0
0 0.2625 0
-0.0328125 0.259875 0
-0.065625 0.25725 0
-0.0984375 0.259875 0
0.0328125 -0.391125 0
0.065625 -0.326821428571 0
0.065625 -0.3885 0
0.0984375 -0.391125 0
0.13125 -0.39375 0
0.13125 -0.328125 0
0.13125 -0.2625 0
0.065625 -0.2625 0
0.065625 -0.196875 0
0.13125 -0.196875 0
0.13125 -0.13125 0
0.065625 -0.13125 0
0.065625 -0.065625 0
0.13125 -0.065625 0
0.13125 0 0
0.065625 0 0
0.065625 0.065625 0
0.13125 0.065625 0
0.13125 0.13125 0
0.065625 0.13125 0
0.065625 0.195571428571 0
0.13125 0.196875 0
0.13125 0.2625 0
0.0984375 0.259875 0
0.065625 0.25725 0
0.0328125 0.259875 0
0.1640625 -0.391125 0
0.195544270833 -0.326794270833 0
0.196875 -0.3885 0
0.2296875 -0.391125 0
0.2625 -0.39375 0
0.259875 -0.3609375 0
0.25725 -0.328125 0
0.259875 -0.2953125 0
0.2625 -0.2625 0
0.196875 -0.2625 0
0.195571428571 -0.196875 0
0.259875 -0.2296875 0
0.25725 -0.196875 0
0.259875 -0.1640625 0
0.2625 -0.13125 0
0.196875 -0.13125 0
0.195571428571 -0.065625 0
0.259875 -0.0984375 0
0.25725 -0.065625 0
0.259875 -0.0328125 0
0.2625 -0 0
0.196875 0 0
0.196875 0.065625 0
0.2625 0.065625 0
0.2625 0.13125 0
0.196875 0.13125 0
0.196875 0.195571428571 0
0.2625 0.196875 0
0.2625 0.2625 0
0.2296875 0.259875 0
0.196875 0.25725 0
0.1640625 0.259875 0
0.2953125 0.002625 0
0.326794270833 0.0669557291667 0
0.328125 0.00525 0
0.3609375 0.002625 0
0.39375 0 0
0.391125 0.0328125 0
0.3885 0.065625 0
0.391125 0.0984375 0
0.39375 0.13125 0
0.328125 0.13125 0
0.326794270833 0.195544270833 0
0.391125 0.1640625 0
0.3885 0.196875 0
0.391125 0.2296875 0
0.39375 0.2625 0
0.3609375 0.259875 0
0.328125 0.25725 0
0.2953125 0.259875 0
-0.65625 0.065625 0
-0.63984375 0.0669375 0
-0.622772135417 0.0991028645833 0
-0.6549375 0.08203125 0
-0.6234375 0.06825 0
-0.60703125 0.0669375 0
-0.590625 0.065625 0
-0.590625 0.0984375 0
-0.590625 0.13125 0
-0.6234375 0.13125 0
-0.65625 0.13125 0
-0.6549375 0.11484375 0
-0.653625 0.0984375 0
-0.622772135417 0.163397135417 0
-0.6549375 0.14765625 0
-0.590625 0.1640625 0
-0.590625 0.196875 0
-0.60703125 0.1955625 0
-0.6234375 0.19425 0
-0.63984375 0.1955625 0
-0.65625 0.196875 0
-0.6549375 0.18046875 0
-0.653625 0.1640625 0
-0.590625 0 0
-0.57421875 0.0013125 0
-0.557147135417 0.0334778645833 0
-0.5893125 0.01640625 0
-0.5578125 0.002625 0
-0.54140625 0.0013125 0
-0.525 0 0
-0.525 0.0328125 0
-0.525 0.065625 0
-0.5578125 0.065625 0
-0.5893125 0.04921875 0
-0.588 0.0328125 0
-0.5578125 0.0984375 0
-0.525 0.0984375 0
-0.525 0.13125 0
-0.5578125 0.13125 0
-0.5578125 0.1640625 0
-0.525 0.1640625 0
-0.525 0.196875 0
-0.5578125 0.196875 0
-0.557147135417 0.229022135417 0
-0.5893125 0.21328125 0
-0.525 0.2296875 0
-0.525 0.2625 0
-0.54140625 0.2611875 0
-0.5578125 0.259875 0
-0.57421875 0.2611875 0
-0.590625 0.2625 0
-0.5893125 0.24609375 0
-0.588 0.2296875 0
-0.525 -0.590625 0
-0.50859375 -0.5893125 0
-0.491522135417 -0.557147135417 0
-0.5236875 -0.57421875 0
-0.4921875 -0.588 0
-0.47578125 -0.5893125 0
-0.459375 -0.590625 0
-0.459375 -0.5578125 0
-0.459375 -0.525 0
-0.4921875 -0.525 0
-0.525 -0.525 0
-0.5236875 -0.54140625 0
-0.522375 -0.5578125 0
-0.491522135417 -0.492852864583 0
-0.5236875 -0.50859375 0
-0.459375 -0.4921875 0
-0.459375 -0.459375 0
-0.47578125 -0.4606875 0
-0.4921875 -0.462 0
-0.50859375 -0.4606875 0
-0.525 -0.459375 0
-0.5236875 -0.47578125 0
-0.522375 -0.4921875 0
-0.50859375 0.0013125 0
-0.4921875 0.0334642857143 0
-0.4921875 0.002625 0
-0.47578125 0.0013125 0
-0.459375 0 0
-0.459375 0.0328125 0
-0.459375 0.065625 0
-0.4921875 0.065625 0
-0.4921875 0.0984375 0
-0.459375 0.0984375 0
-0.459375 0.13125 0
-0.4921875 0.13125 0
-0.4921875 0.1640625 0
-0.459375 0.1640625 0
-0.459375 0.196875 0
-0.4921875 0.196875 0
-0.4921875 0.2296875 0
-0.459375 0.2296875 0
-0.459375 0.2625 0
-0.4921875 0.2625 0
-0.491522135417 0.294647135417 0
-0.5236875 0.27890625 0
-0.459375 0.2953125 0
-0.459375 0.328125 0
-0.47578125 0.3268125 0
-0.4921875 0.3255 0
-0.50859375 0.3268125 0
-0.525 0.328125 0
-0.5236875 0.31171875 0
-0.522375 0.2953125 0
-0.44296875 -0.5893125 0
-0.4265625 -0.557160714286 0
-0.4265625 -0.588 0
-0.41015625 -0.5893125 0
-0.39375 -0.590625 0
-0.39375 -0.5578125 0
-0.39375 -0.525 0
-0.4265625 -0.525 0
-0.4265625 -0.4921875 0
-0.39375 -0.4921875 0
-0.39375 -0.459375 0
-0.4265625 -0.459375 0
-0.425897135417 -0.427227864583 0
-0.4580625 -0.44296875 0
-0.39375 -0.4265625 0
-0.39375 -0.39375 0
-0.41015625 -0.3950625 0
-0.4265625 -0.396375 0
-0.44296875 -0.3950625 0
-0.459375 -0.39375 0
-0.4580625 -0.41015625 0
-0.45675 -0.4265625 0
-0.459375 -0.065625 0
-0.44296875 -0.0643125 0
-0.425897135417 -0.0321471354167 0
-0.4580625 -0.04921875 0
-0.4265625 -0.063 0
-0.41015625 -0.0643125 0
-0.39375 -0.065625 0
-0.39375 -0.0328125 0
-0.4265625 0 0
-0.4580625 -0.01640625 0
-0.45675 -0.0328125 0
-0.425233173077 0.0332331730769 0
-0.4239375 0.065625 0
-0.425233173077 0.0980168269231 0
-0.4265625 0.13125 0
-0.425233173077 0.164483173077 0
-0.4239375 0.196875 0
-0.425233173077 0.229266826923 0
-0.4265625 0.2625 0
-0.4265625 0.294660714286 0
-0.39375 0.2953125 0
-0.39375 0.328125 0
-0.41015625 0.3268125 0
-0.4265625 0.3255 0
-0.44296875 0.3268125 0
-0.37734375 -0.5893125 0
-0.361602864583 -0.557147135417 0
-0.3609375 -0.588 0
-0.34453125 -0.5893125 0
-0.328125 -0.590625 0
-0.3294375 -0.57421875 0
-0.33075 -0.5578125 0
-0.3294375 -0.54140625 0
-0.328125 -0.525 0
-0.3609375 -0.525 0
-0.3609375 -0.4921875 0
-0.328125 -0.4921875 0
-0.328125 -0.459375 0
-0.3609375 -0.459375 0
-0.3609375 -0.4265625 0
-0.328125 -0.4265625 0
-0.328125 -0.39375 0
-0.3609375 -0.39375 0
-0.360285714286 -0.3609375 0
-0.3924375 -0.37734375 0
-0.328125 -0.3609375 0
-0.328125 -0.328125 0
-0.3609375 -0.328125 0
-0.39375 -0.328125 0
-0.3924375 -0.34453125 0
-0.391125 -0.3609375 0
-0.360272135417 -0.295977864583 0
-0.3924375 -0.31171875 0
-0.328125 -0.2953125 0
-0.328125 -0.2625 0
-0.34453125 -0.2638125 0
-0.3609375 -0.265125 0
-0.37734375 -0.2638125 0
-0.39375 -0.2625 0
-0.3924375 -0.27890625 0
-0.391125 -0.2953125 0
-0.37734375 -0.0643125 0
-0.360508578431 -0.0308308823529 0
-0.3609375 -0.063 0
-0.34453125 -0.0643125 0
-0.328125 -0.065625 0
-0.328125 -0.0301875 0
-0.360508578431 0.293330882353 0
-0.328125 0.2926875 0
-0.328125 0.328125 0
-0.34453125 0.3268125 0
-0.3609375 0.3255 0
-0.37734375 0.3268125 0
-0.31171875 -0.5236875 0
-0.2953125 -0.491535714286 0
-0.2953125 -0.522375 0
-0.27890625 -0.5236875 0
-0.2625 -0.525 0
-0.2625 -0.4921875 0
-0.2625 -0.459375 0
-0.2953125 -0.459375 0
-0.2953125 -0.4265625 0
-0.2625 -0.4265625 0
-0.2953125 -0.39375 0
-0.293983173077 -0.360516826923 0
-0.2926875 -0.328125 0
-0.293983173077 -0.295733173077 0
-0.2953125 -0.2625 0
-0.293330882353 -0.229258578431 0
-0.3268125 -0.24609375 0
-0.2926875 -0.196875 0
-0.328125 -0.196875 0
-0.3268125 -0.21328125 0
-0.3255 -0.2296875 0
-0.293330882353 -0.164491421569 0
-0.3268125 -0.18046875 0
-0.2953125 -0.13125 0
-0.328125 -0.13125 0
-0.3268125 -0.14765625 0
-0.3255 -0.1640625 0
-0.293330882353 -0.0980085784314 0
-0.3268125 -0.11484375 0
-0.2926875 -0.065625 0
-0.3268125 -0.08203125 0
-0.3255 -0.0984375 0
-0.2944375 -0.0319375 0
-0.295741421569 0.293330882353 0
-0.2625 0.2953125 0
-0.2625 0.328125 0
-0.27890625 0.3268125 0
-0.2953125 0.3255 0
-0.31171875 0.3268125 0
-0.24609375 -0.5236875 0
-0.2296875 -0.491535714286 0
-0.2296875 -0.522375 0
-0.21328125 -0.5236875 0
-0.196875 -0.525 0
-0.196875 -0.4921875 0
-0.196875 -0.459375 0
-0.2296875 -0.459375 0
-0.229266826923 -0.425233173077 0
-0.196875 -0.4239375 0
-0.229258578431 0.293330882353 0
-0.196875 0.2926875 0
-0.196875 0.328125 0
-0.21328125 0.3268125 0
-0.2296875 0.3255 0
-0.24609375 0.3268125 0
-0.18046875 -0.5236875 0
-0.1640625 -0.491535714286 0
-0.1640625 -0.522375 0
-0.14765625 -0.5236875 0
-0.13125 -0.525 0
-0.13125 -0.4921875 0
-0.13125 -0.459375 0
-0.1640625 -0.459375 0
-0.164483173077 -0.425233173077 0
-0.13125 -0.4265625 0
-0.164483173077 0.293983173077 0
-0.13125 0.2953125 0
-0.13125 0.328125 0
-0.1640625 0.328125 0
-0.163397135417 0.360272135417 0
-0.1955625 0.34453125 0
-0.13125 0.3609375 0
-0.13125 0.39375 0
-0.14765625 0.3924375 0
-0.1640625 0.391125 0
-0.18046875 0.3924375 0
-0.196875 0.39375 0
-0.1955625 0.37734375 0
-0.19425 0.3609375 0
-0.11484375 -0.5236875 0
-0.0984375 -0.491535714286 0
-0.0984375 -0.522375 0
-0.08203125 -0.5236875 0
-0.065625 -0.525 0
-0.065625 -0.4921875 0
-0.065625 -0.459375 0
-0.0984375 -0.459375 0
-0.0980168269231 -0.425233173077 0
-0.065625 -0.4239375 0
-0.0980168269231 0.293983173077 0
-0.065625 0.2926875 0
-0.065625 0.328125 0
-0.0984375 0.328125 0
-0.0984375 0.3609375 0
-0.065625 0.3609375 0
-0.065625 0.39375 0
-0.0984375 0.39375 0
-0.0977857142857 0.4265625 0
-0.1299375 0.41015625 0
-0.065625 0.4265625 0
-0.065625 0.459375 0
-0.0984375 0.459375 0
-0.13125 0.459375 0
-0.1299375 0.44296875 0
-0.128625 0.4265625 0
-0.0977857142857 0.4921875 0
-0.1299375 0.47578125 0
-0.065625 0.4921875 0
-0.065625 0.525 0
-0.0984375 0.525 0
-0.13125 0.525 0
-0.1299375 0.50859375 0
-0.128625 0.4921875 0
-0.0977721354167 0.557147135417 0
-0.1299375 0.54140625 0
-0.065625 0.5578125 0
-0.065625 0.590625 0
-0.08203125 0.5893125 0
-0.0984375 0.588 0
-0.11484375 0.5893125 0
-0.13125 0.590625 0
-0.1299375 0.57421875 0
-0.128625 0.5578125 0
-0.04921875 -0.5236875 0
-0.0328125 -0.491535714286 0
-0.0328125 -0.522375 0
-0.01640625 -0.5236875 0
0 -0.525 0
0 -0.4921875 0
0 -0.459375 0
-0.0328125 -0.459375 0
-0.0332331730769 -0.425233173077 0
0 -0.4265625 0
-0.0332331730769 0.293983173077 0
0 0.2953125 0
-0 0.328125 0
-0.0328125 0.328125 0
-0.0328125 0.3609375 0
-0 0.3609375 0
-0 0.39375 0
-0.0328125 0.39375 0
-0.0328125 0.4265625 0
-0 0.4265625 0
-0 0.459375 0
-0.0328125 0.459375 0
-0.0328125 0.4921875 0
-0 0.4921875 0
-0 0.525 0
-0.0328125 0.525 0
-0.0328125 0.5578125 0
0 0.5578125 0
0 0.590625 0
-0.0328125 0.590625 0
-0.0321607142857 0.6234375 0
-0.0643125 0.60703125 0
0 0.6234375 0
0 0.65625 0
-0.0328125 0.65625 0
-0.065625 0.65625 0
-0.0643125 0.63984375 0
-0.063 0.6234375 0
-0.0321607142857 0.6890625 0
-0.0643125 0.67265625 0
0 0.6890625 0
0 0.721875 0
-0.0328125 0.721875 0
-0.065625 0.721875 0
-0.0643125 0.70546875 0
-0.063 0.6890625 0
-0.0321471354167 0.754022135417 0
-0.0643125 0.73828125 0
0 0.7546875 0
0 0.7875 0
-0.01640625 0.7861875 0
-0.0328125 0.784875 0
-0.04921875 0.7861875 0
-0.065625 0.7875 0
-0.0643125 0.77109375 0
-0.063 0.7546875 0
0.01640625 -0.5236875 0
0.0328125 -0.491535714286 0
0.0328125 -0.522375 0
0.04921875 -0.5236875 0
0.065625 -0.525 0
0.065625 -0.4921875 0
0.065625 -0.459375 0
0.0328125 -0.459375 0
0.0332331730769 -0.425233173077 0
0.065625 -0.4239375 0
0.0332331730769 0.293983173077 0
0.065625 0.2926875 0
0.065625 0.328125 0
0.0328125 0.328125 0
0.0328125 0.3609375 0
0.065625 0.3609375 0
0.065625 0.39375 0
0.0328125 0.39375 0
0.0328125 0.4265625 0
0.065625 0.4265625 0
0.065625 0.459375 0
0.0328125 0.459375 0
0.0328125 0.4921875 0
0.065625 0.4921875 0
0.065625 0.525 0
0.0328125 0.525 0
0.0328125 0.5578125 0
0.065625 0.5578125 0
0.065625 0.590625 0
0.0328125 0.590625 0
0.0321607142857 0.6234375 0
0.0643125 0.60703125 0
0.063 0.6234375 0
0.0643125 0.63984375 0
0.065625 0.65625 0
0.0328125 0.65625 0
0.0321607142857 0.6890625 0
0.0643125 0.67265625 0
0.063 0.6890625 0
0.0643125 0.70546875 0
0.065625 0.721875 0
0.0328125 0.721875 0
0.0321471354167 0.754022135417 0
0.0643125 0.73828125 0
0.063 0.7546875 0
0.0643125 0.77109375 0
0.065625 0.7875 0
0.04921875 0.7861875 0
0.0328125 0.784875 0
0.01640625 0.7861875 0
0.08203125 -0.5236875 0
0.0984375 -0.491535714286 0
0.0984375 -0.522375 0
0.11484375 -0.5236875 0
0.13125 -0.525 0
0.13125 -0.4921875 0
0.13125 -0.459375 0
0.0984375 -0.459375 0
0.0980168269231 -0.425233173077 0
0.13125 -0.4265625 0
0.0980168269231 0.293983173077 0
0.13125 0.2953125 0
0.13125 0.328125 0
0.0984375 0.328125 0
0.0984375 0.3609375 0
0.13125 0.3609375 0
0.13125 0.39375 0
0.0984375 0.39375 0
0.0977857142857 0.4265625 0
0.1299375 0.41015625 0
0.128625 0.4265625 0
0.1299375 0.44296875 0
0.13125 0.459375 0
0.0984375 0.459375 0
0.0977857142857 0.4921875 0
0.1299375 0.47578125 0
0.128625 0.4921875 0
0.1299375 0.50859375 0
0.13125 0.525 0
0.0984375 0.525 0
0.0977721354167 0.557147135417 0
0.1299375 0.54140625 0
0.128625 0.5578125 0
0.1299375 0.57421875 0
0.13125 0.590625 0
0.11484375 0.5893125 0
0.0984375 0.588 0
0.08203125 0.5893125 0
0.14765625 -0.5236875 0
0.1640625 -0.491535714286 0
0.1640625 -0.522375 0
0.18046875 -0.5236875 0
0.196875 -0.525 0
0.196875 -0.4921875 0
0.196875 -0.459375 0
0.1640625 -0.459375 0
0.164483173077 -0.425233173077 0
0.196875 -0.4239375 0
0.164483173077 0.293983173077 0
0.196875 0.2926875 0
0.196875 0.328125 0
0.1640625 0.328125 0
0.163397135417 0.360272135417 0
0.1955625 0.34453125 0
0.19425 0.3609375 0
0.1955625 0.37734375 0
0.196875 0.39375 0
0.18046875 0.3924375 0
0.1640625 0.391125 0
0.14765625 0.3924375 0
0.21328125 -0.5236875 0
0.2296875 -0.491535714286 0
0.2296875 -0.522375 0
0.24609375 -0.5236875 0
0.2625 -0.525 0
0.2625 -0.4921875 0
0.2625 -0.459375 0
0.2296875 -0.459375 0
0.229266826923 -0.425233173077 0
0.2625 -0.4265625 0
0.229258578431 0.293330882353 0
0.2625 0.2953125 0
0.2625 0.328125 0
0.24609375 0.3268125 0
0.2296875 0.3255 0
0.21328125 0.3268125 0
0.27890625 -0.5236875 0
0.2953125 -0.491535714286 0
0.2953125 -0.522375 0
0.31171875 -0.5236875 0
0.328125 -0.525 0
0.328125 -0.4921875 0
0.328125 -0.459375 0
0.2953125 -0.459375 0
0.2953125 -0.4265625 0
0.328125 -0.4265625 0
0.328125 -0.39375 0
0.2953125 -0.39375 0
0.293983173077 -0.360516826923 0
0.328125 -0.3609375 0
0.328125 -0.328125 0
0.2926875 -0.328125 0
0.293983173077 -0.295733173077 0
0.328125 -0.2953125 0
0.328125 -0.2625 0
0.2953125 -0.2625 0
0.293330882353 -0.229258578431 0
0.3268125 -0.24609375 0
0.3255 -0.2296875 0
0.3268125 -0.21328125 0
0.328125 -0.196875 0
0.2926875 -0.196875 0
0.293330882353 -0.164491421569 0
0.3268125 -0.18046875 0
0.3255 -0.1640625 0
0.3268125 -0.14765625 0
0.328125 -0.13125 0
0.2953125 -0.13125 0
0.293330882353 -0.0980085784314 0
0.3268125 -0.11484375 0
0.3255 -0.0984375 0
0.3268125 -0.08203125 0
0.328125 -0.065625 0
0.2926875 -0.065625 0
0.2944375 -0.0319375 0
0.328125 -0.0301875 0
0.295741421569 0.293330882353 0
0.328125 0.2926875 0
0.328125 0.328125 0
0.31171875 0.3268125 0
0.2953125 0.3255 0
0.27890625 0.3268125 0
0.328125 -0.590625 0
0.34453125 -0.5893125 0
0.361602864583 -0.557147135417 0
0.3294375 -0.57421875 0
0.3609375 -0.588 0
0.37734375 -0.5893125 0
0.39375 -0.590625 0
0.39375 -0.5578125 0
0.39375 -0.525 0
0.3609375 -0.525 0
0.3294375 -0.54140625 0
0.33075 -0.5578125 0
0.3609375 -0.4921875 0
0.39375 -0.4921875 0
0.39375 -0.459375 0
0.3609375 -0.459375 0
0.3609375 -0.4265625 0
0.39375 -0.4265625 0
0.39375 -0.39375 0
0.3609375 -0.39375 0
0.360285714286 -0.3609375 0
0.3924375 -0.37734375 0
0.391125 -0.3609375 0
0.3924375 -0.34453125 0
0.39375 -0.328125 0
0.3609375 -0.328125 0
0.360272135417 -0.295977864583 0
0.3924375 -0.31171875 0
0.391125 -0.2953125 0
0.3924375 -0.27890625 0
0.39375 -0.2625 0
0.37734375 -0.2638125 0
0.3609375 -0.265125 0
0.34453125 -0.2638125 0
0.34453125 -0.0643125 0
0.360508578431 -0.0308308823529 0
0.3609375 -0.063 0
0.37734375 -0.0643125 0
0.39375 -0.065625 0
0.39375 -0.0328125 0
0.360508578431 0.293330882353 0
0.39375 0.2953125 0
0.39375 0.328125 0
0.37734375 0.3268125 0
0.3609375 0.3255 0
0.34453125 0.3268125 0
0.41015625 -0.5893125 0
0.4265625 -0.557160714286 0
0.4265625 -0.588 0
0.44296875 -0.5893125 0
0.459375 -0.590625 0
0.459375 -0.5578125 0
0.459375 -0.525 0
0.4265625 -0.525 0
0.4265625 -0.4921875 0
0.459375 -0.4921875 0
0.459375 -0.459375 0
0.4265625 -0.459375 0
0.425897135417 -0.427227864583 0
0.4580625 -0.44296875 0
0.45675 -0.4265625 0
0.4580625 -0.41015625 0
0.459375 -0.39375 0
0.44296875 -0.3950625 0
0.4265625 -0.396375 0
0.41015625 -0.3950625 0
0.41015625 -0.0643125 0
0.425897135417 -0.0321471354167 0
0.4265625 -0.063 0
0.44296875 -0.0643125 0
0.459375 -0.065625 0
0.4580625 -0.04921875 0
0.45675 -0.0328125 0
0.4580625 -0.01640625 0
0.459375 0 0
0.4265625 0 0
0.425233173077 0.0332331730769 0
0.459375 0.0328125 0
0.459375 0.065625 0
0.4239375 0.065625 0
0.425233173077 0.0980168269231 0
0.459375 0.0984375 0
0.459375 0.13125 0
0.4265625 0.13125 0
0.425233173077 0.164483173077 0
0.459375 0.1640625 0
0.459375 0.196875 0
0.4239375 0.196875 0
0.425233173077 0.229266826923 0
0.459375 0.2296875 0
0.459375 0.2625 0
0.4265625 0.2625 0
0.4265625 0.294660714286 0
0.459375 0.2953125 0
0.459375 0.328125 0
0.44296875 0.3268125 0
0.4265625 0.3255 0
0.41015625 0.3268125 0
0.47578125 -0.5893125 0
0.491522135417 -0.557147135417 0
0.4921875 -0.588 0
0.50859375 -0.5893125 0
0.525 -0.590625 0
0.5236875 -0.57421875 0
0.522375 -0.5578125 0
0.5236875 -0.54140625 0
0.525 -0.525 0
0.4921875 -0.525 0
0.491522135417 -0.492852864583 0
0.5236875 -0.50859375 0
0.522375 -0.4921875 0
0.5236875 -0.47578125 0
0.525 -0.459375 0
0.50859375 -0.4606875 0
0.4921875 -0.462 0
0.47578125 -0.4606875 0
0.47578125 0.0013125 0
0.4921875 0.0334642857143 0
0.4921875 0.002625 0
0.50859375 0.0013125 0
0.525 0 0
0.525 0.0328125 0
0.525 0.065625 0
0.4921875 0.065625 0
0.4921875 0.0984375 0
0.525 0.0984375 0
0.525 0.13125 0
0.4921875 0.13125 0
0.4921875 0.1640625 0
0.525 0.1640625 0
0.525 0.196875 0
0.4921875 0.196875 0
0.4921875 0.2296875 0
0.525 0.2296875 0
0.525 0.2625 0
0.4921875 0.2625 0
0.491522135417 0.294647135417 0
0.5236875 0.27890625 0
0.522375 0.2953125 0
0.5236875 0.31171875 0
0.525 0.328125 0
0.50859375 0.3268125 0
0.4921875 0.3255 0
0.47578125 0.3268125 0
0.54140625 0.0013125 0
0.557147135417 0.0334778645833 0
0.5578125 0.002625 0
0.57421875 0.0013125 0
0.590625 0 0
0.5893125 0.01640625 0
0.588 0.0328125 0
0.5893125 0.04921875 0
0.590625 0.065625 0
0.5578125 0.065625 0
0.5578125 0.0984375 0
0.590625 0.0984375 0
0.590625 0.13125 0
0.5578125 0.13125 0
0.5578125 0.1640625 0
0.590625 0.1640625 0
0.590625 0.196875 0
0.5578125 0.196875 0
0.557147135417 0.229022135417 0
0.5893125 0.21328125 0
0.588 0.2296875 0
0.5893125 0.24609375 0
0.590625 0.2625 0
0.57421875 0.2611875 0
0.5578125 0.259875 0
0.54140625 0.2611875 0
0.60703125 0.0669375 0
0.622772135417 0.0991028645833 0
0.6234375 0.06825 0
0.63984375 0.0669375 0
0.65625 0.065625 0
0.6549375 0.08203125 0
0.653625 0.0984375 0
0.6549375 0.11484375 0
0.65625 0.13125 0
0.6234375 0.13125 0
0.622772135417 0.163397135417 0
0.6549375 0.14765625 0
0.653625 0.1640625 0
0.6549375 0.18046875 0
0.65625 0.196875 0
0.63984375 0.1955625 0
0.6234375 0.19425 0
0.60703125 0.1955625 0
-0.7546875 0.065625 0
-0.746484375 0.06628125 0
-0.737948567708 0.0823639322917 0
-0.75403125 0.073828125 0
-0.73828125 0.0669375 0
-0.730078125 0.06628125 0
-0.721875 0.065625 0
-0.721875 0.08203125 0
-0.721875 0.0984375 0
-0.73828125 0.0984375 0
-0.7546875 0.0984375 0
-0.75403125 0.090234375 0
-0.753375 0.08203125 0
-0.737955357143 0.11484375 0
-0.75403125 0.106640625 0
-0.721875 0.11484375 0
-0.721875 0.13125 0
-0.73828125 0.13125 0
-0.7546875 0.13125 0
-0.75403125 0.123046875 0
-0.753375 0.11484375 0
-0.737955357143 0.14765625 0
-0.75403125 0.139453125 0
-0.721875 0.14765625 0
-0.721875 0.1640625 0
-0.73828125 0.1640625 0
-0.7546875 0.1640625 0
-0.75403125 0.155859375 0
-0.753375 0.14765625 0
-0.737948567708 0.180136067708 0
-0.75403125 0.172265625 0
-0.721875 0.18046875 0
-0.721875 0.196875 0
-0.730078125 0.19621875 0
-0.73828125 0.1955625 0
-0.746484375 0.19621875 0
-0.7546875 0.196875 0
-0.75403125 0.188671875 0
-0.753375 0.18046875 0
-0.721875 0 0
-0.713671875 0.00065625 0
-0.705136067708 0.0167389322917 0
-0.72121875 0.008203125 0
-0.70546875 0.0013125 0
-0.697265625 0.00065625 0
-0.6890625 0 0
-0.6890625 0.01640625 0
-0.6890625 0.0328125 0
-0.70546875 0.0328125 0
-0.721875 0.0328125 0
-0.72121875 0.024609375 0
-0.7205625 0.01640625 0
-0.705142857143 0.04921875 0
-0.72121875 0.041015625 0
-0.6890625 0.04921875 0
-0.6890625 0.065625 0
-0.70546875 0.065625 0
-0.72121875 0.057421875 0
-0.7205625 0.04921875 0
-0.70546875 0.08203125 0
-0.6890625 0.08203125 0
-0.6890625 0.0984375 0
-0.70546875 0.0984375 0
-0.70546875 0.11484375 0
-0.6890625 0.11484375 0
-0.6890625 0.13125 0
-0.70546875 0.13125 0
-0.70546875 0.14765625 0
-0.6890625 0.14765625 0
-0.6890625 0.1640625 0
-0.70546875 0.1640625 0
-0.70546875 0.18046875 0
-0.6890625 0.18046875 0
-0.6890625 0.196875 0
-0.70546875 0.196875 0
-0.705136067708 0.212948567708 0
-0.72121875 0.205078125 0
-0.6890625 0.21328125 0
-0.6890625 0.2296875 0
-0.697265625 0.22903125 0
-0.70546875 0.228375 0
-0.713671875 0.22903125 0
-0.721875 0.2296875 0
-0.72121875 0.221484375 0
-0.7205625 0.21328125 0
-0.680859375 0.00065625 0
-0.67265625 0.0167321428571 0
-0.67265625 0.0013125 0
-0.664453125 0.00065625 0
-0.65625 0 0
-0.65625 0.01640625 0
-0.65625 0.0328125 0
-0.67265625 0.0328125 0
-0.67265625 0.04921875 0
-0.65625 0.04921875 0
-0.67265625 0.065625 0
-0.671991586538 0.0822415865385 0
-0.67134375 0.0984375 0
-0.671991586538 0.114633413462 0
-0.67265625 0.13125 0
-0.671991586538 0.147866586538 0
-0.67134375 0.1640625 0
-0.671991586538 0.180258413462 0
-0.67265625 0.196875 0
-0.67265625 0.21328125 0
-0.65625 0.21328125 0
-0.65625 0.2296875 0
-0.67265625 0.2296875 0
-0.672323567708 0.245761067708 0
-0.68840625 0.237890625 0
-0.65625 0.24609375 0
-0.65625 0.2625 0
-0.664453125 0.26184375 0
-0.67265625 0.2611875 0
-0.680859375 0.26184375 0
-0.6890625 0.2625 0
-0.68840625 0.254296875 0
-0.68775 0.24609375 0
-0.65625 -0.0328125 0
-0.648046875 -0.03215625 0
-0.639511067708 -0.0160735677083 0
-0.65559375 -0.024609375 0
-0.63984375 -0.0315 0
-0.631640625 -0.03215625 0
-0.6234375 -0.0328125 0
-0.6234375 -0.01640625 0
-0.6234375 0 0
-0.63984375 0 0
-0.65559375 -0.008203125 0
-0.6549375 -0.01640625 0
-0.63984375 0.01640625 0
-0.6234375 0.01640625 0
-0.6234375 0.0328125 0
-0.63984375 0.0328125 0
-0.639633413462 0.0498834134615 0
-0.6234375 0.05053125 0
-0.639633413462 0.212616586538 0
-0.6234375 0.21196875 0
-0.6234375 0.2296875 0
-0.63984375 0.2296875 0
-0.63984375 0.24609375 0
-0.6234375 0.24609375 0
-0.6234375 0.2625 0
-0.63984375 0.2625 0
-0.639511067708 0.278573567708 0
-0.65559375 0.270703125 0
-0.6234375 0.27890625 0
-0.6234375 0.2953125 0
-0.631640625 0.29465625 0
-0.63984375 0.294 0
-0.648046875 0.29465625 0
-0.65625 0.2953125 0
-0.65559375 0.287109375 0
-0.6549375 0.27890625 0
-0.615234375 -0.03215625 0
-0.60703125 -0.0160803571429 0
-0.60703125 -0.0315 0
-0.598828125 -0.03215625 0
-0.590625 -0.0328125 0
-0.590625 -0.01640625 0
-0.60703125 0 0
-0.606366586538 0.0166165865385 0
-0.60571875 0.0328125 0
-0.60659375 0.04965625 0
-0.60659375 0.21284375 0
-0.60571875 0.2296875 0
-0.606366586538 0.245883413462 0
-0.60703125 0.2625 0
-0.60703125 0.27890625 0
-0.590625 0.27890625 0
-0.590625 0.2953125 0
-0.60703125 0.2953125 0
-0.606698567708 0.311386067708 0
-0.62278125 0.303515625 0
-0.590625 0.31171875 0
-0.590625 0.328125 0
-0.598828125 0.32746875 0
-0.60703125 0.3268125 0
-0.615234375 0.32746875 0
-0.6234375 0.328125 0
-0.62278125 0.319921875 0
-0.622125 0.31171875 0
-0.590625 -0.5578125 0
-0.582421875 -0.55715625 0
-0.573878989362 -0.54140625 0
-0.58996875 -0.549609375 0
-0.57421875 -0.5565 0
-0.566015625 -0.55715625 0
-0.5578125 -0.5578125 0
-0.5578125 -0.54140625 0
-0.5578125 -0.525 0
-0.566015625 -0.52565625 0
-0.57421875 -0.5263125 0
-0.582421875 -0.52565625 0
-0.590625 -0.525 0
-0.58996875 -0.533203125 0
-0.5893125 -0.54140625 0
-0.590625 -0.065625 0
-0.582421875 -0.06496875 0
-0.573886067708 -0.0488860677083 0
-0.58996875 -0.057421875 0
-0.57421875 -0.0643125 0
-0.566015625 -0.06496875 0
-0.5578125 -0.065625 0
-0.5578125 -0.04921875 0
-0.5578125 -0.0328125 0
-0.57421875 -0.0328125 0
-0.58996875 -0.041015625 0
-0.5893125 -0.04921875 0
-0.574008413462 -0.0157415865385 0
-0.5578125 -0.01509375 0
-0.574008413462 0.278241586538 0
-0.5578125 0.27759375 0
-0.5578125 0.2953125 0
-0.57421875 0.2953125 0
-0.57421875 0.31171875 0
-0.5578125 0.31171875 0
-0.5578125 0.328125 0
-0.57421875 0.328125 0
-0.573886067708 0.344198567708 0
-0.58996875 0.336328125 0
-0.5578125 0.34453125 0
-0.5578125 0.3609375 0
-0.566015625 0.36028125 0
-0.57421875 0.359625 0
-0.582421875 0.36028125 0
-0.590625 0.3609375 0
-0.58996875 0.352734375 0
-0.5893125 0.34453125 0
-0.5578125 -0.6234375 0
-0.549609375 -0.62278125 0
-0.541073567708 -0.606698567708 0
-0.55715625 -0.615234375 0
-0.54140625 -0.622125 0
-0.533203125 -0.62278125 0
-0.525 -0.6234375 0
-0.525 -0.60703125 0
-0.54140625 -0.590625 0
-0.5578125 -0.590625 0
-0.55715625 -0.598828125 0
-0.5565 -0.60703125 0
-0.540415441176 -0.574004289216 0
-0.55715625 -0.582421875 0
-0.54009375 -0.5578125 0
-0.55715625 -0.566015625 0
-0.5565 -0.57421875 0
-0.540741586538 -0.541616586538 0
-0.54140625 -0.525 0
-0.540415441176 -0.508379289216 0
-0.55715625 -0.516796875 0
-0.54009375 -0.4921875 0
-0.5578125 -0.4921875 0
-0.55715625 -0.500390625 0
-0.5565 -0.50859375 0
-0.540415441176 -0.475995710784 0
-0.55715625 -0.483984375 0
-0.54140625 -0.459375 0
-0.5578125 -0.459375 0
-0.55715625 -0.467578125 0
-0.5565 -0.47578125 0
-0.541073567708 -0.443301432292 0
-0.55715625 -0.451171875 0
-0.525 -0.44296875 0
-0.525 -0.4265625 0
-0.533203125 -0.42721875 0
-0.54140625 -0.427875 0
-0.549609375 -0.42721875 0
-0.5578125 -0.4265625 0
-0.55715625 -0.434765625 0
-0.5565 -0.44296875 0
-0.549609375 -0.06496875 0
-0.54140625 -0.0488928571429 0
-0.54140625 -0.0643125 0
-0.533203125 -0.06496875 0
-0.525 -0.065625 0
-0.525 -0.04921875 0
-0.525 -0.0328125 0
-0.54140625 -0.0328125 0
-0.541616586538 -0.0157415865385 0
-0.525 -0.01640625 0
-0.54096875 0.27846875 0
-0.54009375 0.2953125 0
-0.540741586538 0.311508413462 0
-0.54140625 0.328125 0
-0.54140625 0.34453125 0
-0.525 0.34453125 0
-0.525 0.3609375 0
-0.54140625 0.3609375 0
-0.541073567708 0.377011067708 0
-0.55715625 0.369140625 0
-0.525 0.37734375 0
-0.525 0.39375 0
-0.533203125 0.39309375 0
-0.54140625 0.3924375 0
-0.549609375 0.39309375 0
-0.5578125 0.39375 0
-0.55715625 0.385546875 0
-0.5565 0.37734375 0
-0.525 -0.65625 0
-0.516796875 -0.65559375 0
-0.508261067708 -0.639511067708 0
-0.52434375 -0.648046875 0
-0.50859375 -0.6549375 0
-0.500390625 -0.65559375 0
-0.4921875 -0.65625 0
-0.4921875 -0.63984375 0
-0.4921875 -0.6234375 0
-0.50859375 -0.6234375 0
-0.52434375 -0.631640625 0
-0.5236875 -0.63984375 0
-0.508383413462 -0.606366586538 0
-0.4921875 -0.60571875 0
-0.508383413462 -0.443633413462 0
-0.4921875 -0.44428125 0
-0.4921875 -0.4265625 0
-0.50859375 -0.4265625 0
-0.508267857143 -0.41015625 0
-0.52434375 -0.418359375 0
-0.4921875 -0.41015625 0
-0.4921875 -0.39375 0
-0.50859375 -0.39375 0
-0.525 -0.39375 0
-0.52434375 -0.401953125 0
-0.5236875 -0.41015625 0
-0.508261067708 -0.377676432292 0
-0.52434375 -0.385546875 0
-0.4921875 -0.37734375 0
-0.4921875 -0.3609375 0
-0.500390625 -0.36159375 0
-0.50859375 -0.36225 0
-0.516796875 -0.36159375 0
-0.525 -0.3609375 0
-0.52434375 -0.369140625 0
-0.5236875 -0.37734375 0
-0.525 -0.0984375 0
-0.516796875 -0.09778125 0
-0.508261067708 -0.0816985677083 0
-0.52434375 -0.090234375 0
-0.50859375 -0.097125 0
-0.500390625 -0.09778125 0
-0.4921875 -0.0984375 0
-0.4921875 -0.08203125 0
-0.4921875 -0.065625 0
-0.50859375 -0.065625 0
-0.52434375 -0.073828125 0
-0.5236875 -0.08203125 0
-0.50859375 -0.04921875 0
-0.4921875 -0.04921875 0
-0.4921875 -0.0328125 0
-0.50859375 -0.0328125 0
-0.508383413462 -0.0157415865385 0
-0.4921875 -0.01509375 0
-0.508383413462 0.343866586538 0
-0.4921875 0.34321875 0
-0.4921875 0.3609375 0
-0.50859375 0.3609375 0
-0.50859375 0.377017857143 0
-0.4921875 0.37734375 0
-0.4921875 0.39375 0
-0.500390625 0.39309375 0
-0.50859375 0.3924375 0
-0.516796875 0.39309375 0
-0.483984375 -0.65559375 0
-0.47578125 -0.639517857143 0
-0.47578125 -0.6549375 0
-0.467578125 -0.65559375 0
-0.459375 -0.65625 0
-0.459375 -0.63984375 0
-0.459375 -0.6234375 0
-0.47578125 -0.6234375 0
-0.475991586538 -0.606366586538 0
-0.459375 -0.60703125 0
-0.47534375 -0.44340625 0
-0.47446875 -0.4265625 0
-0.475116586538 -0.410366586538 0
-0.47578125 -0.39375 0
-0.47578125 -0.37734375 0
-0.459375 -0.37734375 0
-0.459375 -0.3609375 0
-0.47578125 -0.3609375 0
-0.475448567708 -0.344863932292 0
-0.49153125 -0.352734375 0
-0.459375 -0.34453125 0
-0.459375 -0.328125 0
-0.467578125 -0.32878125 0
-0.47578125 -0.3294375 0
-0.483984375 -0.32878125 0
-0.4921875 -0.328125 0
-0.49153125 -0.336328125 0
-0.490875 -0.34453125 0
-0.483984375 -0.09778125 0
-0.47578125 -0.0817053571429 0
-0.47578125 -0.097125 0
-0.467578125 -0.09778125 0
-0.459375 -0.0984375 0
-0.459375 -0.08203125 0
-0.47578125 -0.065625 0
-0.475116586538 -0.0490084134615 0
-0.47446875 -0.0328125 0
-0.47534375 -0.01596875 0
-0.475991586538 0.343866586538 0
-0.459375 0.34453125 0
-0.459375 0.3609375 0
-0.47578125 0.3609375 0
-0.47578125 0.377017857143 0
-0.459375 0.37734375 0
-0.459375 0.39375 0
-0.467578125 0.39309375 0
-0.47578125 0.3924375 0
-0.483984375 0.39309375 0
-0.451171875 -0.65559375 0
-0.44296875 -0.639517857143 0
-0.44296875 -0.6549375 0
-0.434765625 -0.65559375 0
-0.4265625 -0.65625 0
-0.4265625 -0.63984375 0
-0.4265625 -0.6234375 0
-0.44296875 -0.6234375 0
-0.442758413462 -0.606366586538 0
-0.4265625 -0.60571875 0
-0.442758413462 -0.378008413462 0
-0.4265625 -0.37865625 0
-0.4265625 -0.3609375 0
-0.44296875 -0.3609375 0
-0.44296875 -0.34453125 0
-0.4265625 -0.34453125 0
-0.4265625 -0.328125 0
-0.44296875 -0.328125 0
-0.442642857143 -0.31171875 0
-0.45871875 -0.319921875 0
-0.4265625 -0.31171875 0
-0.4265625 -0.2953125 0
-0.44296875 -0.2953125 0
-0.459375 -0.2953125 0
-0.45871875 -0.303515625 0
-0.4580625 -0.31171875 0
-0.442636067708 -0.279238932292 0
-0.45871875 -0.287109375 0
-0.4265625 -0.27890625 0
-0.4265625 -0.2625 0
-0.434765625 -0.26315625 0
-0.44296875 -0.2638125 0
-0.451171875 -0.26315625 0
-0.459375 -0.2625 0
-0.45871875 -0.270703125 0
-0.4580625 -0.27890625 0
-0.451171875 -0.09778125 0
-0.442754289216 -0.0810404411765 0
-0.44296875 -0.097125 0
-0.434765625 -0.09778125 0
-0.4265625 -0.0984375 0
-0.4265625 -0.08071875 0
-0.442758413462 0.343866586538 0
-0.4265625 0.34321875 0
-0.4265625 0.3609375 0
-0.44296875 0.3609375 0
-0.44296875 0.37734375 0
-0.4265625 0.37734375 0
-0.4265625 0.39375 0
-0.44296875 0.39375 0
-0.442636067708 0.409823567708 0
-0.45871875 0.401953125 0
-0.4265625 0.41015625 0
-0.4265625 0.4265625 0
-0.434765625 0.42590625 0
-0.44296875 0.42525 0
-0.451171875 0.42590625 0
-0.459375 0.4265625 0
-0.45871875 0.418359375 0
-0.4580625 0.41015625 0
-0.418359375 -0.65559375 0
-0.41015625 -0.639517857143 0
-0.41015625 -0.6549375 0
-0.401953125 -0.65559375 0
-0.39375 -0.65625 0
-0.39375 -0.63984375 0
-0.39375 -0.6234375 0
-0.41015625 -0.6234375 0
-0.410366586538 -0.606366586538 0
-0.39375 -0.60703125 0
-0.40971875 -0.37778125 0
-0.40884375 -0.3609375 0
-0.409491586538 -0.344741586538 0
-0.41015625 -0.328125 0
-0.409491586538 -0.311508413462 0
-0.40884375 -0.2953125 0
-0.409491586538 -0.279116586538 0
-0.41015625 -0.2625 0
-0.409830357143 -0.24609375 0
-0.42590625 -0.254296875 0
-0.39375 -0.24609375 0
-0.39375 -0.2296875 0
-0.41015625 -0.2296875 0
-0.4265625 -0.2296875 0
-0.42590625 -0.237890625 0
-0.42525 -0.24609375 0
-0.409823567708 -0.213613932292 0
-0.42590625 -0.221484375 0
-0.39375 -0.21328125 0
-0.39375 -0.196875 0
-0.401953125 -0.19753125 0
-0.41015625 -0.1981875 0
-0.418359375 -0.19753125 0
-0.4265625 -0.196875 0
-0.42590625 -0.205078125 0
-0.42525 -0.21328125 0
-0.4265625 -0.13125 0
-0.418359375 -0.13059375 0
-0.409823567708 -0.114511067708 0
-0.42590625 -0.123046875 0
-0.41015625 -0.1299375 0
-0.401953125 -0.13059375 0
-0.39375 -0.13125 0
-0.39375 -0.11484375 0
-0.39375 -0.0984375 0
-0.41015625 -0.0984375 0
-0.42590625 -0.106640625 0
-0.42525 -0.11484375 0
-0.410366586538 -0.0813665865385 0
-0.39375 -0.08203125 0
-0.410366586538 0.343866586538 0
-0.39375 0.34453125 0
-0.39375 0.3609375 0
-0.41015625 0.3609375 0
-0.41015625 0.37734375 0
-0.39375 0.37734375 0
-0.39375 0.39375 0
-0.41015625 0.39375 0
-0.41015625 0.409830357143 0
-0.39375 0.41015625 0
-0.39375 0.4265625 0
-0.401953125 0.42590625 0
-0.41015625 0.42525 0
-0.418359375 0.42590625 0
-0.385546875 -0.65559375 0
-0.377676432292 -0.639511067708 0
-0.37734375 -0.6549375 0
-0.369140625 -0.65559375 0
-0.3609375 -0.65625 0
-0.36159375 -0.648046875 0
-0.36225 -0.63984375 0
-0.36159375 -0.631640625 0
-0.3609375 -0.6234375 0
-0.37734375 -0.6234375 0
-0.377133413462 -0.606366586538 0
-0.3609375 -0.60571875 0
-0.377133413462 -0.246758413462 0
-0.3609375 -0.24740625 0
-0.3609375 -0.2296875 0
-0.37734375 -0.2296875 0
-0.37734375 -0.21328125 0
-0.3609375 -0.21328125 0
-0.3609375 -0.196875 0
-0.37734375 -0.196875 0
-0.377017857143 -0.18046875 0
-0.39309375 -0.188671875 0
-0.3609375 -0.18046875 0
-0.3609375 -0.1640625 0
-0.37734375 -0.1640625 0
-0.39375 -0.1640625 0
-0.39309375 -0.172265625 0
-0.3924375 -0.18046875 0
-0.377017857143 -0.14765625 0
-0.39309375 -0.155859375 0
-0.3609375 -0.14765625 0
-0.3609375 -0.13125 0
-0.37734375 -0.13125 0
-0.39309375 -0.139453125 0
-0.3924375 -0.14765625 0
-0.37734375 -0.11484375 0
-0.3609375 -0.11484375 0
-0.3609375 -0.0984375 0
-0.37734375 -0.0984375 0
-0.377133413462 -0.0813665865385 0
-0.3609375 -0.08071875 0
-0.377133413462 0.343866586538 0
-0.3609375 0.34321875 0
-0.3609375 0.3609375 0
-0.37734375 0.3609375 0
-0.37734375 0.37734375 0
-0.3609375 0.37734375 0
-0.3609375 0.39375 0
-0.37734375 0.39375 0
-0.377676432292 0.409823567708 0
-0.36159375 0.401953125 0
-0.36225 0.41015625 0
-0.36159375 0.418359375 0
-0.3609375 0.4265625 0
-0.369140625 0.42590625 0
-0.37734375 0.42525 0
-0.385546875 0.42590625 0
-0.352734375 -0.62278125 0
-0.344745710784 -0.606040441176 0
-0.34453125 -0.622125 0
-0.336328125 -0.62278125 0
-0.328125 -0.6234375 0
-0.328125 -0.60703125 0
-0.34409375 -0.24653125 0
-0.34321875 -0.2296875 0
-0.343866586538 -0.213491586538 0
-0.34453125 -0.196875 0
-0.343866586538 -0.180258413462 0
-0.34321875 -0.1640625 0
-0.343866586538 -0.147866586538 0
-0.34453125 -0.13125 0
-0.343866586538 -0.114633413462 0
-0.34321875 -0.0984375 0
-0.34409375 -0.08159375 0
-0.344741586538 0.343866586538 0
-0.328125 0.34453125 0
-0.328125 0.3609375 0
-0.34453125 0.3609375 0
-0.34453125 0.377017857143 0
-0.328125 0.37734375 0
-0.328125 0.39375 0
-0.336328125 0.39309375 0
-0.34453125 0.3924375 0
-0.352734375 0.39309375 0
-0.319921875 -0.62278125 0
-0.312051432292 -0.606698567708 0
-0.31171875 -0.622125 0
-0.303515625 -0.62278125 0
-0.2953125 -0.6234375 0
-0.29596875 -0.615234375 0
-0.296625 -0.60703125 0
-0.29596875 -0.598828125 0
-0.2953125 -0.590625 0
-0.31171875 -0.590625 0
-0.312383413462 -0.574008413462 0
-0.2953125 -0.57421875 0
-0.2953125 -0.5578125 0
-0.31303125 -0.5578125 0
-0.31215625 -0.54096875 0
-0.2953125 -0.54009375 0
-0.311508413462 0.343866586538 0
-0.2953125 0.34321875 0
-0.2953125 0.3609375 0
-0.31171875 0.3609375 0
-0.31171875 0.377017857143 0
-0.2953125 0.37734375 0
-0.2953125 0.39375 0
-0.303515625 0.39309375 0
-0.31171875 0.3924375 0
-0.319921875 0.39309375 0
-0.287109375 -0.58996875 0
-0.27890625 -0.573892857143 0
-0.27890625 -0.5893125 0
-0.270703125 -0.58996875 0
-0.2625 -0.590625 0
-0.2625 -0.57421875 0
-0.2625 -0.5578125 0
-0.27890625 -0.5578125 0
-0.279116586538 -0.540741586538 0
-0.2625 -0.54140625 0
-0.279116586538 0.343866586538 0
-0.2625 0.34453125 0
-0.2625 0.3609375 0
-0.27890625 0.3609375 0
-0.27890625 0.377017857143 0
-0.2625 0.37734375 0
-0.2625 0.39375 0
-0.270703125 0.39309375 0
-0.27890625 0.3924375 0
-0.287109375 0.39309375 0
-0.254296875 -0.58996875 0
-0.246426432292 -0.573886067708 0
-0.24609375 -0.5893125 0
-0.237890625 -0.58996875 0
-0.2296875 -0.590625 0
-0.23034375 -0.582421875 0
-0.231 -0.57421875 0
-0.23034375 -0.566015625 0
-0.2296875 -0.5578125 0
-0.24609375 -0.5578125 0
-0.245883413462 -0.540741586538 0
-0.2296875 -0.54009375 0
-0.245883413462 0.343866586538 0
-0.2296875 0.34321875 0
-0.2296875 0.3609375 0
-0.24609375 0.3609375 0
-0.24609375 0.377017857143 0
-0.2296875 0.37734375 0
-0.2296875 0.39375 0
-0.237890625 0.39309375 0
-0.24609375 0.3924375 0
-0.254296875 0.39309375 0
-0.221484375 -0.55715625 0
-0.213495710784 -0.540415441176 0
-0.21328125 -0.5565 0
-0.205078125 -0.55715625 0
-0.196875 -0.5578125 0
-0.196875 -0.54140625 0
-0.21284375 0.34409375 0
-0.21196875 0.3609375 0
-0.212616586538 0.377133413462 0
-0.21328125 0.39375 0
-0.212948567708 0.409823567708 0
-0.22903125 0.401953125 0
-0.196875 0.41015625 0
-0.196875 0.4265625 0
-0.205078125 0.42590625 0
-0.21328125 0.42525 0
-0.221484375 0.42590625 0
-0.2296875 0.4265625 0
-0.22903125 0.418359375 0
-0.228375 0.41015625 0
-0.188671875 -0.55715625 0
-0.180254289216 -0.540415441176 0
-0.18046875 -0.5565 0
-0.172265625 -0.55715625 0
-0.1640625 -0.5578125 0
-0.1640625 -0.54009375 0
-0.180258413462 0.409491586538 0
-0.1640625 0.40884375 0
-0.1640625 0.4265625 0
-0.18046875 0.4265625 0
-0.180142857143 0.44296875 0
-0.19621875 0.434765625 0
-0.1640625 0.44296875 0
-0.1640625 0.459375 0
-0.18046875 0.459375 0
-0.196875 0.459375 0
-0.19621875 0.451171875 0
-0.1955625 0.44296875 0
-0.180142857143 0.47578125 0
-0.19621875 0.467578125 0
-0.1640625 0.47578125 0
-0.1640625 0.4921875 0
-0.18046875 0.4921875 0
-0.196875 0.4921875 0
-0.19621875 0.483984375 0
-0.1955625 0.47578125 0
-0.180136067708 0.508261067708 0
-0.19621875 0.500390625 0
-0.1640625 0.50859375 0
-0.1640625 0.525 0
-0.172265625 0.52434375 0
-0.18046875 0.5236875 0
-0.188671875 0.52434375 0
-0.196875 0.525 0
-0.19621875 0.516796875 0
-0.1955625 0.50859375 0
-0.155859375 -0.55715625 0
-0.147870710784 -0.540415441176 0
-0.14765625 -0.5565 0
-0.139453125 -0.55715625 0
-0.13125 -0.5578125 0
-0.13125 -0.54140625 0
-0.14721875 0.40971875 0
-0.14634375 0.4265625 0
-0.146991586538 0.442758413462 0
-0.14765625 0.459375 0
-0.146991586538 0.475991586538 0
-0.14634375 0.4921875 0
-0.146991586538 0.508383413462 0
-0.14765625 0.525 0
-0.146665441176 0.541620710784 0
-0.16340625 0.533203125 0
-0.14634375 0.5578125 0
-0.1640625 0.5578125 0
-0.16340625 0.549609375 0
-0.16275 0.54140625 0
-0.146665441176 0.574004289216 0
-0.16340625 0.566015625 0
-0.14765625 0.590625 0
-0.1640625 0.590625 0
-0.16340625 0.582421875 0
-0.16275 0.57421875 0
-0.147330357143 0.60703125 0
-0.16340625 0.598828125 0
-0.13125 0.60703125 0
-0.13125 0.6234375 0
-0.14765625 0.6234375 0
-0.1640625 0.6234375 0
-0.16340625 0.615234375 0
-0.16275 0.60703125 0
-0.147323567708 0.639511067708 0
-0.16340625 0.631640625 0
-0.13125 0.63984375 0
-0.13125 0.65625 0
-0.139453125 0.65559375 0
-0.14765625 0.6549375 0
-0.155859375 0.65559375 0
-0.1640625 0.65625 0
-0.16340625 0.648046875 0
-0.16275 0.63984375 0
-0.123046875 -0.55715625 0
-0.114629289216 -0.540415441176 0
-0.11484375 -0.5565 0
-0.106640625 -0.55715625 0
-0.0984375 -0.5578125 0
-0.0984375 -0.54009375 0
-0.114633413462 0.606366586538 0
-0.0984375 0.60571875 0
-0.0984375 0.6234375 0
-0.11484375 0.6234375 0
-0.11484375 0.63984375 0
-0.0984375 0.63984375 0
-0.0984375 0.65625 0
-0.11484375 0.65625 0
-0.114517857143 0.67265625 0
-0.13059375 0.664453125 0
-0.0984375 0.67265625 0
-0.0984375 0.6890625 0
-0.11484375 0.6890625 0
-0.13125 0.6890625 0
-0.13059375 0.680859375 0
-0.1299375 0.67265625 0
-0.114517857143 0.70546875 0
-0.13059375 0.697265625 0
-0.0984375 0.70546875 0
-0.0984375 0.721875 0
-0.11484375 0.721875 0
-0.13125 0.721875 0
-0.13059375 0.713671875 0
-0.1299375 0.70546875 0
-0.114511067708 0.737948567708 0
-0.13059375 0.730078125 0
-0.0984375 0.73828125 0
-0.0984375 0.7546875 0
-0.106640625 0.75403125 0
-0.11484375 0.753375 0
-0.123046875 0.75403125 0
-0.13125 0.7546875 0
-0.13059375 0.746484375 0
-0.1299375 0.73828125 0
-0.090234375 -0.55715625 0
-0.0822457107843 -0.540415441176 0
-0.08203125 -0.5565 0
-0.073828125 -0.55715625 0
-0.065625 -0.5578125 0
-0.065625 -0.54140625 0
-0.08159375 0.60659375 0
-0.08071875 0.6234375 0
-0.0813665865385 0.639633413462 0
-0.08203125 0.65625 0
-0.0813665865385 0.672866586538 0
-0.08071875 0.6890625 0
-0.0813665865385 0.705258413462 0
-0.08203125 0.721875 0
-0.0813665865385 0.738491586538 0
-0.08071875 0.7546875 0
-0.0810404411765 0.770879289216 0
-0.09778125 0.762890625 0
-0.08203125 0.7875 0
-0.0984375 0.7875 0
-0.09778125 0.779296875 0
-0.097125 0.77109375 0
-0.0816985677083 0.803573567708 0
-0.09778125 0.795703125 0
-0.065625 0.80390625 0
-0.065625 0.8203125 0
-0.073828125 0.81965625 0
-0.08203125 0.819 0
-0.090234375 0.81965625 0
-0.0984375 0.8203125 0
-0.09778125 0.812109375 0
-0.097125 0.80390625 0
-0.057421875 -0.55715625 0
-0.0490042892157 -0.540415441176 0
-0.04921875 -0.5565 0
-0.041015625 -0.55715625 0
-0.0328125 -0.5578125 0
-0.0328125 -0.54009375 0
-0.0490084134615 0.803241586538 0
-0.0328125 0.80259375 0
-0.0328125 0.8203125 0
-0.04921875 0.8203125 0
-0.0488860677083 0.836386067708 0
-0.06496875 0.828515625 0
-0.0328125 0.83671875 0
-0.0328125 0.853125 0
-0.041015625 0.85246875 0
-0.04921875 0.8518125 0
-0.057421875 0.85246875 0
-0.065625 0.853125 0
-0.06496875 0.844921875 0
-0.0643125 0.83671875 0
-0.024609375 -0.55715625 0
-0.0166207107843 -0.540415441176 0
-0.01640625 -0.5565 0
-0.008203125 -0.55715625 0
0 -0.5578125 0
0 -0.54140625 0
-0.0166165865385 0.803241586538 0
0 0.80390625 0
0 0.8203125 0
-0.01640625 0.8203125 0
-0.01640625 0.836392857143 0
0 0.83671875 0
0 0.853125 0
-0.008203125 0.85246875 0
-0.01640625 0.8518125 0
-0.024609375 0.85246875 0
0.008203125 -0.55715625 0
0.0166207107843 -0.540415441176 0
0.01640625 -0.5565 0
0.024609375 -0.55715625 0
0.0328125 -0.5578125 0
0.0328125 -0.54009375 0
0.0166165865385 0.803241586538 0
0.0328125 0.80259375 0
0.0328125 0.8203125 0
0.01640625 0.8203125 0
0.01640625 0.836392857143 0
0.0328125 0.83671875 0
0.0328125 0.853125 0
0.024609375 0.85246875 0
0.01640625 0.8518125 0
0.008203125 0.85246875 0
0.041015625 -0.55715625 0
0.0490042892157 -0.540415441176 0
0.04921875 -0.5565 0
0.057421875 -0.55715625 0
0.065625 -0.5578125 0
0.065625 -0.54140625 0
0.0490084134615 0.803241586538 0
0.065625 0.80390625 0
0.065625 0.8203125 0
0.04921875 0.8203125 0
0.0488860677083 0.836386067708 0
0.06496875 0.828515625 0
0.0643125 0.83671875 0
0.06496875 0.844921875 0
0.065625 0.853125 0
0.057421875 0.85246875 0
0.04921875 0.8518125 0
0.041015625 0.85246875 0
0.073828125 -0.55715625 0
0.0822457107843 -0.540415441176 0
0.08203125 -0.5565 0
0.090234375 -0.55715625 0
0.0984375 -0.5578125 0
0.0984375 -0.54009375 0
0.08159375 0.60659375 0
0.0984375 0.60571875 0
0.0984375 0.6234375 0
0.08071875 0.6234375 0
0.0813665865385 0.639633413462 0
0.0984375 0.63984375 0
0.0984375 0.65625 0
0.08203125 0.65625 0
0.0813665865385 0.672866586538 0
0.0984375 0.67265625 0
0.0984375 0.6890625 0
0.08071875 0.6890625 0
0.0813665865385 0.705258413462 0
0.0984375 0.70546875 0
0.0984375 0.721875 0
0.08203125 0.721875 0
0.0813665865385 0.738491586538 0
0.0984375 0.73828125 0
0.0984375 0.7546875 0
0.08071875 0.7546875 0
0.0810404411765 0.770879289216 0
0.09778125 0.762890625 0
0.097125 0.77109375 0
0.09778125 0.779296875 0
0.0984375 0.7875 0
0.08203125 0.7875 0
0.0816985677083 0.803573567708 0
0.09778125 0.795703125 0
0.097125 0.80390625 0
0.09778125 0.812109375 0
0.0984375 0.8203125 0
0.090234375 0.81965625 0
0.08203125 0.819 0
0.073828125 0.81965625 0
0.106640625 -0.55715625 0
0.114629289216 -0.540415441176 0
0.11484375 -0.5565 0
0.123046875 -0.55715625 0
0.13125 -0.5578125 0
0.13125 -0.54140625 0
0.114633413462 0.606366586538 0
0.13125 0.60703125 0
0.13125 0.6234375 0
0.11484375 0.6234375 0
0.11484375 0.63984375 0
0.13125 0.63984375 0
0.13125 0.65625 0
0.11484375 0.65625 0
0.114517857143 0.67265625 0
0.13059375 0.664453125 0
0.1299375 0.67265625 0
0.13059375 0.680859375 0
0.13125 0.6890625 0
0.11484375 0.6890625 0
0.114517857143 0.70546875 0
0.13059375 0.697265625 0
0.1299375 0.70546875 0
0.13059375 0.713671875 0
0.13125 0.721875 0
0.11484375 0.721875 0
0.114511067708 0.737948567708 0
0.13059375 0.730078125 0
0.1299375 0.73828125 0
0.13059375 0.746484375 0
0.13125 0.7546875 0
0.123046875 0.75403125 0
0.11484375 0.753375 0
0.106640625 0.75403125 0
0.139453125 -0.55715625 0
0.147870710784 -0.540415441176 0
0.14765625 -0.5565 0
0.155859375 -0.55715625 0
0.1640625 -0.5578125 0
0.1640625 -0.54009375 0
0.14721875 0.40971875 0
0.1640625 0.40884375 0
0.1640625 0.4265625 0
0.14634375 0.4265625 0
0.146991586538 0.442758413462 0
0.1640625 0.44296875 0
0.1640625 0.459375 0
0.14765625 0.459375 0
0.146991586538 0.475991586538 0
0.1640625 0.47578125 0
0.1640625 0.4921875 0
0.14634375 0.4921875 0
0.146991586538 0.508383413462 0
0.1640625 0.50859375 0
0.1640625 0.525 0
0.14765625 0.525 0
0.146665441176 0.541620710784 0
0.16340625 0.533203125 0
0.16275 0.54140625 0
0.16340625 0.549609375 0
0.1640625 0.5578125 0
0.14634375 0.5578125 0
0.146665441176 0.574004289216 0
0.16340625 0.566015625 0
0.16275 0.57421875 0
0.16340625 0.582421875 0
0.1640625 0.590625 0
0.14765625 0.590625 0
0.147330357143 0.60703125 0
0.16340625 0.598828125 0
0.16275 0.60703125 0
0.16340625 0.615234375 0
0.1640625 0.6234375 0
0.14765625 0.6234375 0
0.147323567708 0.639511067708 0
0.16340625 0.631640625 0
0.16275 0.63984375 0
0.16340625 0.648046875 0
0.1640625 0.65625 0
0.155859375 0.65559375 0
0.14765625 0.6549375 0
0.139453125 0.65559375 0
0.172265625 -0.55715625 0
0.180254289216 -0.540415441176 0
0.18046875 -0.5565 0
0.188671875 -0.55715625 0
0.196875 -0.5578125 0
0.196875 -0.54140625 0
0.180258413462 0.409491586538 0
0.196875 0.41015625 0
0.196875 0.4265625 0
0.18046875 0.4265625 0
0.180142857143 0.44296875 0
0.19621875 0.434765625 0
0.1955625 0.44296875 0
0.19621875 0.451171875 0
0.196875 0.459375 0
0.18046875 0.459375 0
0.180142857143 0.47578125 0
0.19621875 0.467578125 0
0.1955625 0.47578125 0
0.19621875 0.483984375 0
0.196875 0.4921875 0
0.18046875 0.4921875 0
0.180136067708 0.508261067708 0
0.19621875 0.500390625 0
0.1955625 0.50859375 0
0.19621875 0.516796875 0
0.196875 0.525 0
0.188671875 0.52434375 0
0.18046875 0.5236875 0
0.172265625 0.52434375 0
0.205078125 -0.55715625 0
0.213495710784 -0.540415441176 0
0.21328125 -0.5565 0
0.221484375 -0.55715625 0
0.2296875 -0.5578125 0
0.2296875 -0.54009375 0
0.21284375 0.34409375 0
0.2296875 0.34321875 0
0.2296875 0.3609375 0
0.21196875 0.3609375 0
0.212616586538 0.377133413462 0
0.2296875 0.37734375 0
0.2296875 0.39375 0
0.21328125 0.39375 0
0.212948567708 0.409823567708 0
0.22903125 0.401953125 0
0.228375 0.41015625 0
0.22903125 0.418359375 0
0.2296875 0.4265625 0
0.221484375 0.42590625 0
0.21328125 0.42525 0
0.205078125 0.42590625 0
0.2296875 -0.590625 0
0.237890625 -0.58996875 0
0.246426432292 -0.573886067708 0
0.23034375 -0.582421875 0
0.24609375 -0.5893125 0
0.254296875 -0.58996875 0
0.2625 -0.590625 0
0.2625 -0.57421875 0
0.2625 -0.5578125 0
0.24609375 -0.5578125 0
0.23034375 -0.566015625 0
0.231 -0.57421875 0
0.245883413462 -0.540741586538 0
0.2625 -0.54140625 0
0.245883413462 0.343866586538 0
0.2625 0.34453125 0
0.2625 0.3609375 0
0.24609375 0.3609375 0
0.24609375 0.377017857143 0
0.2625 0.37734375 0
0.2625 0.39375 0
0.254296875 0.39309375 0
0.24609375 0.3924375 0
0.237890625 0.39309375 0
0.270703125 -0.58996875 0
0.27890625 -0.573892857143 0
0.27890625 -0.5893125 0
0.287109375 -0.58996875 0
0.2953125 -0.590625 0
0.2953125 -0.57421875 0
0.2953125 -0.5578125 0
0.27890625 -0.5578125 0
0.279116586538 -0.540741586538 0
0.2953125 -0.54009375 0
0.279116586538 0.343866586538 0
0.2953125 0.34321875 0
0.2953125 0.3609375 0
0.27890625 0.3609375 0
0.27890625 0.377017857143 0
0.2953125 0.37734375 0
0.2953125 0.39375 0
0.287109375 0.39309375 0
0.27890625 0.3924375 0
0.270703125 0.39309375 0
0.2953125 -0.6234375 0
0.303515625 -0.62278125 0
0.312051432292 -0.606698567708 0
0.29596875 -0.615234375 0
0.31171875 -0.622125 0
0.319921875 -0.62278125 0
0.328125 -0.6234375 0
0.328125 -0.60703125 0
0.31171875 -0.590625 0
0.29596875 -0.598828125 0
0.296625 -0.60703125 0
0.312383413462 -0.574008413462 0
0.31303125 -0.5578125 0
0.31215625 -0.54096875 0
0.311508413462 0.343866586538 0
0.328125 0.34453125 0
0.328125 0.3609375 0
0.31171875 0.3609375 0
0.31171875 0.377017857143 0
0.328125 0.37734375 0
0.328125 0.39375 0
0.319921875 0.39309375 0
0.31171875 0.3924375 0
0.303515625 0.39309375 0
0.336328125 -0.62278125 0
0.344745710784 -0.606040441176 0
0.34453125 -0.622125 0
0.352734375 -0.62278125 0
0.3609375 -0.6234375 0
0.3609375 -0.60571875 0
0.34409375 -0.24653125 0
0.3609375 -0.24740625 0
0.3609375 -0.2296875 0
0.34321875 -0.2296875 0
0.343866586538 -0.213491586538 0
0.3609375 -0.21328125 0
0.3609375 -0.196875 0
0.34453125 -0.196875 0
0.343866586538 -0.180258413462 0
0.3609375 -0.18046875 0
0.3609375 -0.1640625 0
0.34321875 -0.1640625 0
0.343866586538 -0.147866586538 0
0.3609375 -0.14765625 0
0.3609375 -0.13125 0
0.34453125 -0.13125 0
0.343866586538 -0.114633413462 0
0.3609375 -0.11484375 0
0.3609375 -0.0984375 0
0.34321875 -0.0984375 0
0.34409375 -0.08159375 0
0.3609375 -0.08071875 0
0.344741586538 0.343866586538 0
0.3609375 0.34321875 0
0.3609375 0.3609375 0
0.34453125 0.3609375 0
0.34453125 0.377017857143 0
0.3609375 0.37734375 0
0.3609375 0.39375 0
0.352734375 0.39309375 0
0.34453125 0.3924375 0
0.336328125 0.39309375 0
0.3609375 -0.65625 0
0.369140625 -0.65559375 0
0.377676432292 -0.639511067708 0
0.36159375 -0.648046875 0
0.37734375 -0.6549375 0
0.385546875 -0.65559375 0
0.39375 -0.65625 0
0.39375 -0.63984375 0
0.39375 -0.6234375 0
0.37734375 -0.6234375 0
0.36159375 -0.631640625 0
0.36225 -0.63984375 0
0.377133413462 -0.606366586538 0
0.39375 -0.60703125 0
0.377133413462 -0.246758413462 0
0.39375 -0.24609375 0
0.39375 -0.2296875 0
0.37734375 -0.2296875 0
0.37734375 -0.21328125 0
0.39375 -0.21328125 0
0.39375 -0.196875 0
0.37734375 -0.196875 0
0.377017857143 -0.18046875 0
0.39309375 -0.188671875 0
0.3924375 -0.18046875 0
0.39309375 -0.172265625 0
0.39375 -0.1640625 0
0.37734375 -0.1640625 0
0.377017857143 -0.14765625 0
0.39309375 -0.155859375 0
0.3924375 -0.14765625 0
0.39309375 -0.139453125 0
0.39375 -0.13125 0
0.37734375 -0.13125 0
0.37734375 -0.11484375 0
0.39375 -0.11484375 0
0.39375 -0.0984375 0
0.37734375 -0.0984375 0
0.377133413462 -0.0813665865385 0
0.39375 -0.08203125 0
0.377133413462 0.343866586538 0
0.39375 0.34453125 0
0.39375 0.3609375 0
0.37734375 0.3609375 0
0.37734375 0.37734375 0
0.39375 0.37734375 0
0.39375 0.39375 0
0.37734375 0.39375 0
0.377676432292 0.409823567708 0
0.36159375 0.401953125 0
0.39375 0.41015625 0
0.39375 0.4265625 0
0.385546875 0.42590625 0
0.37734375 0.42525 0
0.369140625 0.42590625 0
0.3609375 0.4265625 0
0.36159375 0.418359375 0
0.36225 0.41015625 0
0.401953125 -0.65559375 0
0.41015625 -0.639517857143 0
0.41015625 -0.6549375 0
0.418359375 -0.65559375 0
0.4265625 -0.65625 0
0.4265625 -0.63984375 0
0.4265625 -0.6234375 0
0.41015625 -0.6234375 0
0.410366586538 -0.606366586538 0
0.4265625 -0.60571875 0
0.40971875 -0.37778125 0
0.4265625 -0.37865625 0
0.4265625 -0.3609375 0
0.40884375 -0.3609375 0
0.409491586538 -0.344741586538 0
0.4265625 -0.34453125 0
0.4265625 -0.328125 0
0.41015625 -0.328125 0
0.409491586538 -0.311508413462 0
0.4265625 -0.31171875 0
0.4265625 -0.2953125 0
0.40884375 -0.2953125 0
0.409491586538 -0.279116586538 0
0.4265625 -0.27890625 0
0.4265625 -0.2625 0
0.41015625 -0.2625 0
0.409830357143 -0.24609375 0
0.42590625 -0.254296875 0
0.42525 -0.24609375 0
0.42590625 -0.237890625 0
0.4265625 -0.2296875 0
0.41015625 -0.2296875 0
0.409823567708 -0.213613932292 0
0.42590625 -0.221484375 0
0.42525 -0.21328125 0
0.42590625 -0.205078125 0
0.4265625 -0.196875 0
0.418359375 -0.19753125 0
0.41015625 -0.1981875 0
0.401953125 -0.19753125 0
0.401953125 -0.13059375 0
0.409823567708 -0.114511067708 0
0.41015625 -0.1299375 0
0.418359375 -0.13059375 0
0.4265625 -0.13125 0
0.42590625 -0.123046875 0
0.42525 -0.11484375 0
0.42590625 -0.106640625 0
0.4265625 -0.0984375 0
0.41015625 -0.0984375 0
0.410366586538 -0.0813665865385 0
0.4265625 -0.08071875 0
0.410366586538 0.343866586538 0
0.4265625 0.34321875 0
0.4265625 0.3609375 0
0.41015625 0.3609375 0
0.41015625 0.37734375 0
0.4265625 0.37734375 0
0.4265625 0.39375 0
0.41015625 0.39375 0
0.41015625 0.409830357143 0
0.4265625 0.41015625 0
0.4265625 0.4265625 0
0.418359375 0.42590625 0
0.41015625 0.42525 0
0.401953125 0.42590625 0
0.434765625 -0.65559375 0
0.44296875 -0.639517857143 0
0.44296875 -0.6549375 0
0.451171875 -0.65559375 0
0.459375 -0.65625 0
0.459375 -0.63984375 0
0.459375 -0.6234375 0
0.44296875 -0.6234375 0
0.442758413462 -0.606366586538 0
0.459375 -0.60703125 0
0.442758413462 -0.378008413462 0
0.459375 -0.37734375 0
0.459375 -0.3609375 0
0.44296875 -0.3609375 0
0.44296875 -0.34453125 0
0.459375 -0.34453125 0
0.459375 -0.328125 0
0.44296875 -0.328125 0
0.442642857143 -0.31171875 0
0.45871875 -0.319921875 0
0.4580625 -0.31171875 0
0.45871875 -0.303515625 0
0.459375 -0.2953125 0
0.44296875 -0.2953125 0
0.442636067708 -0.279238932292 0
0.45871875 -0.287109375 0
0.4580625 -0.27890625 0
0.45871875 -0.270703125 0
0.459375 -0.2625 0
0.451171875 -0.26315625 0
0.44296875 -0.2638125 0
0.434765625 -0.26315625 0
0.434765625 -0.09778125 0
0.442754289216 -0.0810404411765 0
0.44296875 -0.097125 0
0.451171875 -0.09778125 0
0.459375 -0.0984375 0
0.459375 -0.08203125 0
0.442758413462 0.343866586538 0
0.459375 0.34453125 0
0.459375 0.3609375 0
0.44296875 0.3609375 0
0.44296875 0.37734375 0
0.459375 0.37734375 0
0.459375 0.39375 0
0.44296875 0.39375 0
0.442636067708 0.409823567708 0
0.45871875 0.401953125 0
0.4580625 0.41015625 0
0.45871875 0.418359375 0
0.459375 0.4265625 0
0.451171875 0.42590625 0
0.44296875 0.42525 0
0.434765625 0.42590625 0
0.467578125 -0.65559375 0
0.47578125 -0.639517857143 0
0.47578125 -0.6549375 0
0.483984375 -0.65559375 0
0.4921875 -0.65625 0
0.4921875 -0.63984375 0
0.4921875 -0.6234375 0
0.47578125 -0.6234375 0
0.475991586538 -0.606366586538 0
0.4921875 -0.60571875 0
0.47534375 -0.44340625 0
0.4921875 -0.44428125 0
0.4921875 -0.4265625 0
0.47446875 -0.4265625 0
0.475116586538 -0.410366586538 0
0.4921875 -0.41015625 0
0.4921875 -0.39375 0
0.47578125 -0.39375 0
0.47578125 -0.37734375 0
0.4921875 -0.37734375 0
0.4921875 -0.3609375 0
0.47578125 -0.3609375 0
0.475448567708 -0.344863932292 0
0.49153125 -0.352734375 0
0.490875 -0.34453125 0
0.49153125 -0.336328125 0
0.4921875 -0.328125 0
0.483984375 -0.32878125 0
0.47578125 -0.3294375 0
0.467578125 -0.32878125 0
0.467578125 -0.09778125 0
0.47578125 -0.0817053571429 0
0.47578125 -0.097125 0
0.483984375 -0.09778125 0
0.4921875 -0.0984375 0
0.4921875 -0.08203125 0
0.4921875 -0.065625 0
0.47578125 -0.065625 0
0.475116586538 -0.0490084134615 0
0.4921875 -0.04921875 0
0.4921875 -0.0328125 0
0.47446875 -0.0328125 0
0.47534375 -0.01596875 0
0.4921875 -0.01509375 0
0.475991586538 0.343866586538 0
0.4921875 0.34321875 0
0.4921875 0.3609375 0
0.47578125 0.3609375 0
0.47578125 0.377017857143 0
0.4921875 0.37734375 0
0.4921875 0.39375 0
0.483984375 0.39309375 0
0.47578125 0.3924375 0
0.467578125 0.39309375 0
0.500390625 -0.65559375 0
0.508261067708 -0.639511067708 0
0.50859375 -0.6549375 0
0.516796875 -0.65559375 0
0.525 -0.65625 0
0.52434375 -0.648046875 0
0.5236875 -0.63984375 0
0.52434375 -0.631640625 0
0.525 -0.6234375 0
0.50859375 -0.6234375 0
0.508383413462 -0.606366586538 0
0.525 -0.60703125 0
0.508383413462 -0.443633413462 0
0.525 -0.44296875 0
0.525 -0.4265625 0
0.50859375 -0.4265625 0
0.508267857143 -0.41015625 0
0.52434375 -0.418359375 0
0.5236875 -0.41015625 0
0.52434375 -0.401953125 0
0.525 -0.39375 0
0.50859375 -0.39375 0
0.508261067708 -0.377676432292 0
0.52434375 -0.385546875 0
0.5236875 -0.37734375 0
0.52434375 -0.369140625 0
0.525 -0.3609375 0
0.516796875 -0.36159375 0
0.50859375 -0.36225 0
0.500390625 -0.36159375 0
0.500390625 -0.09778125 0
0.508261067708 -0.0816985677083 0
0.50859375 -0.097125 0
0.516796875 -0.09778125 0
0.525 -0.0984375 0
0.52434375 -0.090234375 0
0.5236875 -0.08203125 0
0.52434375 -0.073828125 0
0.525 -0.065625 0
0.50859375 -0.065625 0
0.50859375 -0.04921875 0
0.525 -0.04921875 0
0.525 -0.0328125 0
0.50859375 -0.0328125 0
0.508383413462 -0.0157415865385 0
0.525 -0.01640625 0
0.508383413462 0.343866586538 0
0.525 0.34453125 0
0.525 0.3609375 0
0.50859375 0.3609375 0
0.50859375 0.377017857143 0
0.525 0.37734375 0
0.525 0.39375 0
0.516796875 0.39309375 0
0.50859375 0.3924375 0
0.500390625 0.39309375 0
0.533203125 -0.62278125 0
0.541073567708 -0.606698567708 0
0.54140625 -0.622125 0
0.549609375 -0.62278125 0
0.5578125 -0.6234375 0
0.55715625 -0.615234375 0
0.5565 -0.60703125 0
0.55715625 -0.598828125 0
0.5578125 -0.590625 0
0.54140625 -0.590625 0
0.540415441176 -0.574004289216 0
0.55715625 -0.582421875 0
0.5565 -0.57421875 0
0.55715625 -0.566015625 0
0.5578125 -0.5578125 0
0.54009375 -0.5578125 0
0.540741586538 -0.541616586538 0
0.5578125 -0.54140625 0
0.5578125 -0.525 0
0.54140625 -0.525 0
0.540415441176 -0.508379289216 0
0.55715625 -0.516796875 0
0.5565 -0.50859375 0
0.55715625 -0.500390625 0
0.5578125 -0.4921875 0
0.54009375 -0.4921875 0
0.540415441176 -0.475995710784 0
0.55715625 -0.483984375 0
0.5565 -0.47578125 0
0.55715625 -0.467578125 0
0.5578125 -0.459375 0
0.54140625 -0.459375 0
0.541073567708 -0.443301432292 0
0.55715625 -0.451171875 0
0.5565 -0.44296875 0
0.55715625 -0.434765625 0
0.5578125 -0.4265625 0
0.549609375 -0.42721875 0
0.54140625 -0.427875 0
0.533203125 -0.42721875 0
0.533203125 -0.06496875 0
0.54140625 -0.0488928571429 0
0.54140625 -0.0643125 0
0.549609375 -0.06496875 0
0.5578125 -0.065625 0
0.5578125 -0.04921875 0
0.5578125 -0.0328125 0
0.54140625 -0.0328125 0
0.541616586538 -0.0157415865385 0
0.5578125 -0.01509375 0
0.54096875 0.27846875 0
0.5578125 0.27759375 0
0.5578125 0.2953125 0
0.54009375 0.2953125 0
0.540741586538 0.311508413462 0
0.5578125 0.31171875 0
0.5578125 0.328125 0
0.54140625 0.328125 0
0.54140625 0.34453125 0
0.5578125 0.34453125 0
0.5578125 0.3609375 0
0.54140625 0.3609375 0
0.541073567708 0.377011067708 0
0.55715625 0.369140625 0
0.5565 0.37734375 0
0.55715625 0.385546875 0
0.5578125 0.39375 0
0.549609375 0.39309375 0
0.54140625 0.3924375 0
0.533203125 0.39309375 0
0.566015625 -0.55715625 0
0.573878989362 -0.54140625 0
0.57421875 -0.5565 0
0.582421875 -0.55715625 0
0.590625 -0.5578125 0
0.58996875 -0.549609375 0
0.5893125 -0.54140625 0
0.58996875 -0.533203125 0
0.590625 -0.525 0
0.582421875 -0.52565625 0
0.57421875 -0.5263125 0
0.566015625 -0.52565625 0
0.566015625 -0.06496875 0
0.573886067708 -0.0488860677083 0
0.57421875 -0.0643125 0
0.582421875 -0.06496875 0
0.590625 -0.065625 0
0.58996875 -0.057421875 0
0.5893125 -0.04921875 0
0.58996875 -0.041015625 0
0.590625 -0.0328125 0
0.57421875 -0.0328125 0
0.574008413462 -0.0157415865385 0
0.590625 -0.01640625 0
0.574008413462 0.278241586538 0
0.590625 0.27890625 0
0.590625 0.2953125 0
0.57421875 0.2953125 0
0.57421875 0.31171875 0
0.590625 0.31171875 0
0.590625 0.328125 0
0.57421875 0.328125 0
0.573886067708 0.344198567708 0
0.58996875 0.336328125 0
0.5893125 0.34453125 0
0.58996875 0.352734375 0
0.590625 0.3609375 0
0.582421875 0.36028125 0
0.57421875 0.359625 0
0.566015625 0.36028125 0
0.598828125 -0.03215625 0
0.60703125 -0.0160803571429 0
0.60703125 -0.0315 0
0.615234375 -0.03215625 0
0.6234375 -0.0328125 0
0.6234375 -0.01640625 0
0.6234375 0 0
0.60703125 0 0
0.606366586538 0.0166165865385 0
0.6234375 0.01640625 0
0.6234375 0.0328125 0
0.60571875 0.0328125 0
0.60659375 0.04965625 0
0.6234375 0.05053125 0
0.60659375 0.21284375 0
0.6234375 0.21196875 0
0.6234375 0.2296875 0
0.60571875 0.2296875 0
0.606366586538 0.245883413462 0
0.6234375 0.24609375 0
0.6234375 0.2625 0
0.60703125 0.2625 0
0.60703125 0.27890625 0
0.6234375 0.27890625 0
0.6234375 0.2953125 0
0.60703125 0.2953125 0
0.606698567708 0.311386067708 0
0.62278125 0.303515625 0
0.622125 0.31171875 0
0.62278125 0.319921875 0
0.6234375 0.328125 0
0.615234375 0.32746875 0
0.60703125 0.3268125 0
0.598828125 0.32746875 0
0.631640625 -0.03215625 0
0.639511067708 -0.0160735677083 0
0.63984375 -0.0315 0
0.648046875 -0.03215625 0
0.65625 -0.0328125 0
0.65559375 -0.024609375 0
0.6549375 -0.01640625 0
0.65559375 -0.008203125 0
0.65625 0 0
0.63984375 0 0
0.63984375 0.01640625 0
0.65625 0.01640625 0
0.65625 0.0328125 0
0.63984375 0.0328125 0
0.639633413462 0.0498834134615 0
0.65625 0.04921875 0
0.639633413462 0.212616586538 0
0.65625 0.21328125 0
0.65625 0.2296875 0
0.63984375 0.2296875 0
0.63984375 0.24609375 0
0.65625 0.24609375 0
0.65625 0.2625 0
0.63984375 0.2625 0
0.639511067708 0.278573567708 0
0.65559375 0.270703125 0
0.6549375 0.27890625 0
0.65559375 0.287109375 0
0.65625 0.2953125 0
0.648046875 0.29465625 0
0.63984375 0.294 0
0.631640625 0.29465625 0
0.664453125 0.00065625 0
0.67265625 0.0167321428571 0
0.67265625 0.0013125 0
0.680859375 0.00065625 0
0.6890625 0 0
0.6890625 0.01640625 0
0.6890625 0.0328125 0
0.67265625 0.0328125 0
0.67265625 0.04921875 0
0.6890625 0.04921875 0
0.6890625 0.065625 0
0.67265625 0.065625 0
0.671991586538 0.0822415865385 0
0.6890625 0.08203125 0
0.6890625 0.0984375 0
0.67134375 0.0984375 0
0.671991586538 0.114633413462 0
0.6890625 0.11484375 0
0.6890625 0.13125 0
0.67265625 0.13125 0
0.671991586538 0.147866586538 0
0.6890625 0.14765625 0
0.6890625 0.1640625 0
0.67134375 0.1640625 0
0.671991586538 0.180258413462 0
0.6890625 0.18046875 0
0.6890625 0.196875 0
0.67265625 0.196875 0
0.67265625 0.21328125 0
0.6890625 0.21328125 0
0.6890625 0.2296875 0
0.67265625 0.2296875 0
0.672323567708 0.245761067708 0
0.68840625 0.237890625 0
0.68775 0.24609375 0
0.68840625 0.254296875 0
0.6890625 0.2625 0
0.680859375 0.26184375 0
0.67265625 0.2611875 0
0.664453125 0.26184375 0
0.697265625 0.00065625 0
0.705136067708 0.0167389322917 0
0.70546875 0.0013125 0
0.713671875 0.00065625 0
0.721875 0 0
0.72121875 0.008203125 0
0.7205625 0.01640625 0
0.72121875 0.024609375 0
0.721875 0.0328125 0
0.70546875 0.0328125 0
0.705142857143 0.04921875 0
0.72121875 0.041015625 0
0.7205625 0.04921875 0
0.72121875 0.057421875 0
0.721875 0.065625 0
0.70546875 0.065625 0
0.70546875 0.08203125 0
0.721875 0.08203125 0
0.721875 0.0984375 0
0.70546875 0.0984375 0
0.70546875 0.11484375 0
0.721875 0.11484375 0
0.721875 0.13125 0
0.70546875 0.13125 0
0.70546875 0.14765625 0
0.721875 0.14765625 0
0.721875 0.1640625 0
0.70546875 0.1640625 0
0.70546875 0.18046875 0
0.721875 0.18046875 0
0.721875 0.196875 0
0.70546875 0.196875 0
0.705136067708 0.212948567708 0
0.72121875 0.205078125 0
0.7205625 0.21328125 0
0.72121875 0.221484375 0
0.721875 0.2296875 0
0.713671875 0.22903125 0
0.70546875 0.228375 0
0.697265625 0.22903125 0
0.730078125 0.06628125 0
0.737948567708 0.0823639322917 0
0.73828125 0.0669375 0
0.746484375 0.06628125 0
0.7546875 0.065625 0
0.75403125 0.073828125 0
0.753375 0.08203125 0
0.75403125 0.090234375 0
0.7546875 0.0984375 0
0.73828125 0.0984375 0
0.737955357143 0.11484375 0
0.75403125 0.106640625 0
0.753375 0.11484375 0
0.75403125 0.123046875 0
0.7546875 0.13125 0
0.73828125 0.13125 0
0.737955357143 0.14765625 0
0.75403125 0.139453125 0
0.753375 0.14765625 0
0.75403125 0.155859375 0
0.7546875 0.1640625 0
0.73828125 0.1640625 0
0.737948567708 0.180136067708 0
0.75403125 0.172265625 0
0.753375 0.18046875 0
0.75403125 0.188671875 0
0.7546875 0.196875 0
0.746484375 0.19621875 0
0.73828125 0.1955625 0
0.730078125 0.19621875 0
-0.786146202316 0.0595291785318 0
-0.785678779539 0.0630890377219 0
-0.786913497766 0.0641995000183 0
-0.787764568267 0.0629748015714 0
-0.785211356763 0.0666488969121 0
-0.787297145491 0.0665346607616 0
-0.789382934219 0.0664204246111 0
-0.789551302533 0.0750441182239 0
-0.79232627827 0.0742258373055 0
-0.786355678382 0.074340073456 0
-0.7875 0.08203125 0
-0.791384811161 0.08203125 0
-0.795269622322 0.08203125 0
-0.792483002141 0.0908059481662 0
-0.797322934633 0.090234375 0
-0.7875 0.090234375 0
-0.7875 0.0984375 0
-0.793438123472 0.0984375 0
-0.799376246944 0.0984375 0
-0.793960573413 0.106837926904 0
-0.800403677757 0.106599845192 0
-0.7875 0.106640625 0
-0.7875 0.11484375 0
-0.794465554285 0.114802970192 0
-0.801431108571 0.114762190384 0
-0.794497333204 0.123051745123 0
-0.80147350079 0.123040034744 0
-0.7875 0.123046875 0
-0.7875 0.13125 0
-0.794507946505 0.131283939552 0
-0.80151589301 0.131317879104 0
-0.794056297723 0.139278848798 0
-0.800599607688 0.139487064552 0
-0.7875 0.139453125 0
-0.7875 0.14765625 0
-0.793591661183 0.14765625 0
-0.799683322366 0.14765625 0
-0.792720879963 0.155369127929 0
-0.797831062481 0.155859375 0
-0.7875 0.155859375 0
-0.7875 0.1640625 0
-0.791739401298 0.1640625 0
-0.795978802596 0.1640625 0
-0.790270274192 0.171195733172 0
-0.79328899041 0.172082550459 0
-0.786886735697 0.172023038734 0
-0.786273471394 0.179983577468 0
-0.788436324809 0.180043089193 0
-0.790599178225 0.180102600918 0
-0.78794846294 0.182962885813 0
-0.788785958713 0.184452539985 0
-0.786623105298 0.18439302826 0
-0.786972739201 0.188802479052 0
-0.772558162218 0.0368162124852 0
-0.771825956109 0.0430174812426 0
-0.774732577283 0.0450845708284 0
-0.776551990925 0.0430174812426 0
-0.77109375 0.04921875 0
-0.775819784816 0.04921875 0
-0.780545819632 0.04921875 0
-0.777870805658 0.0582512328755 0
-0.783346010974 0.0543739642659 0
-0.77109375 0.057421875 0
-0.77109375 0.065625 0
-0.778152553382 0.066136948456 0
-0.778651224275 0.0742866543246 0
-0.77109375 0.073828125 0
-0.77109375 0.08203125 0
-0.779296875 0.08203125 0
-0.779296875 0.090234375 0
-0.77109375 0.090234375 0
-0.77109375 0.0984375 0
-0.779296875 0.0984375 0
-0.779296875 0.106640625 0
-0.77109375 0.106640625 0
-0.77109375 0.11484375 0
-0.779296875 0.11484375 0
-0.779296875 0.123046875 0
-0.77109375 0.123046875 0
-0.77109375 0.13125 0
-0.779296875 0.13125 0
-0.779296875 0.139453125 0
-0.77109375 0.139453125 0
-0.77109375 0.14765625 0
-0.779296875 0.14765625 0
-0.779296875 0.155859375 0
-0.77109375 0.155859375 0
-0.77109375 0.1640625 0
-0.779296875 0.1640625 0
-0.778953211985 0.172038720969 0
-0.77109375 0.172265625 0
-0.77109375 0.18046875 0
-0.778683610697 0.180226163734 0
-0.778564403494 0.188272309187 0
-0.77109375 0.188671875 0
-0.77109375 0.196875 0
-0.777122754868 0.196895944089 0
-0.783151759735 0.196916888179 0
-0.785062249468 0.192859683616 0
-0.775048561131 0.203611357291 0
-0.778826401531 0.204842874744 0
-0.77051966129 0.204732147615 0
-0.769945572579 0.212589295229 0
-0.772223307953 0.212679078269 0
-0.774501043327 0.212768861309 0
-0.771617438457 0.214933159873 0
-0.772453371394 0.216105092194 0
-0.770175636021 0.216015309154 0
-0.770405699462 0.21944132308 0
-0.753321488543 0.0132283768975 0
-0.75307027032 0.0156611598165 0
-0.754504855848 0.0163318681225 0
-0.755347757724 0.0154508308159 0
-0.752819052097 0.0180939427356 0
-0.755096539501 0.017883613735 0
-0.757374026904 0.0176732847343 0
-0.758985407444 0.0262692282536 0
-0.763081817018 0.0246470693259 0
-0.753753276048 0.0254532213678 0
-0.7546875 0.0328125 0
-0.761738553566 0.0322166769587 0
-0.768789607132 0.0316208539174 0
-0.76321788815 0.0407589808632 0
-0.770673884675 0.0342185332013 0
-0.7546875 0.041015625 0
-0.7546875 0.04921875 0
-0.762890625 0.04921875 0
-0.762890625 0.057421875 0
-0.7546875 0.057421875 0
-0.762890625 0.065625 0
-0.762558293269 0.0739332932692 0
-0.762234375 0.08203125 0
-0.762558293269 0.0901292067308 0
-0.762890625 0.0984375 0
-0.762558293269 0.106745793269 0
-0.762234375 0.11484375 0
-0.762558293269 0.122941706731 0
-0.762890625 0.13125 0
-0.762558293269 0.139558293269 0
-0.762234375 0.14765625 0
-0.762558293269 0.155754206731 0
-0.762890625 0.1640625 0
-0.762558293269 0.172370793269 0
-0.762234375 0.18046875 0
-0.762558293269 0.188566706731 0
-0.762890625 0.196875 0
-0.762548176508 0.204807196095 0
-0.7546875 0.205078125 0
-0.7546875 0.21328125 0
-0.76231653629 0.212935272615 0
-0.761700452966 0.220588876774 0
-0.7546875 0.221484375 0
-0.7546875 0.2296875 0
-0.759151400261 0.2296875 0
-0.763615300521 0.2296875 0
-0.767010499992 0.22456441154 0
-0.757915951277 0.233457938156 0
-0.759530176914 0.235343157233 0
-0.755066276654 0.235343157233 0
-0.755445053307 0.240998814467 0
-0.737059723313 -0.002681209568 0
-0.736862486045 -0.000465057032335 0
-0.738370809835 0.000120719203265 0
-0.739223590364 -0.000694468946769 0
-0.736665248778 0.00175109550333 0
-0.739026353097 0.0015216835889 0
-0.741387457416 0.00129227167447 0
-0.744008096427 0.0106803151 0
-0.747354472979 0.00726032428598 0
-0.737473249389 0.00907867275167 0
-0.73828125 0.01640625 0
-0.745550151048 0.0172500963678 0
-0.745878452878 0.0251888330906 0
-0.73828125 0.024609375 0
-0.73828125 0.0328125 0
-0.746484375 0.0328125 0
-0.746484375 0.041015625 0
-0.73828125 0.041015625 0
-0.73828125 0.04921875 0
-0.746484375 0.04921875 0
-0.746379206731 0.0577542067308 0
-0.73828125 0.058078125 0
-0.746379206731 0.204745793269 0
-0.73828125 0.204421875 0
-0.73828125 0.21328125 0
-0.746484375 0.21328125 0
-0.746484375 0.221484375 0
-0.73828125 0.221484375 0
-0.73828125 0.2296875 0
-0.746484375 0.2296875 0
-0.746466437937 0.237855702396 0
-0.73828125 0.237890625 0
-0.73828125 0.24609375 0
-0.744659796579 0.246418810991 0
-0.751038343158 0.246743871981 0
-0.753241698233 0.243871343224 0
-0.743258719578 0.250865860967 0
-0.745747454367 0.25325191645 0
-0.739368907788 0.25292685546 0
-0.740456565576 0.25975996092 0
-0.723251740472 -0.0143558786125 0
-0.722563370236 -0.00717793930625 0
-0.728451276557 -0.00441123578402 0
-0.730155731892 -0.00851854409025 0
-0.729270124389 0.000875547751667 0
-0.729181721636 0.00886658721115 0
-0.729421875 0.01640625 0
-0.729745793269 0.0245042067308 0
-0.730078125 0.0328125 0
-0.729745793269 0.0411207932692 0
-0.729421875 0.04921875 0
-0.729859375 0.057640625 0
-0.729859375 0.204859375 0
-0.729421875 0.21328125 0
-0.729745793269 0.221379206731 0
-0.730078125 0.2296875 0
-0.730078125 0.237890625 0
-0.721875 0.237890625 0
-0.721875 0.24609375 0
-0.730078125 0.24609375 0
-0.730706120864 0.254859927918 0
-0.721875 0.254296875 0
-0.721875 0.2625 0
-0.729167757974 0.263470399753 0
-0.736460515948 0.264440799507 0
-0.738458540762 0.262100380213 0
-0.726295897492 0.269225542433 0
-0.730632883597 0.270981448314 0
-0.720850263414 0.269755308707 0
-0.719825526827 0.277010617413 0
-0.722315389036 0.277266357267 0
-0.724805251245 0.27752209712 0
-0.721681589668 0.278932780472 0
-0.722609621088 0.279893862001 0
-0.720119758879 0.279638122148 0
-0.720413990931 0.282265626882 0
-0.70546875 -0.0275971998012 0
-0.70546875 -0.0220017249006 0
-0.70982053579 -0.0206851157483 0
-0.711996428685 -0.0228245486224 0
-0.70546875 -0.01640625 0
-0.711996428685 -0.0172290737218 0
-0.718524107369 -0.0180518974437 0
-0.713912754415 -0.00830132540287 0
-0.720887923921 -0.0162038880281 0
-0.70546875 -0.007546875 0
-0.713566706731 0.237558293269 0
-0.70546875 0.237234375 0
-0.70546875 0.24609375 0
-0.713671875 0.24609375 0
-0.713671875 0.254296875 0
-0.70546875 0.254296875 0
-0.70546875 0.2625 0
-0.713671875 0.2625 0
-0.713003289351 0.270056675395 0
-0.70546875 0.270703125 0
-0.70546875 0.27890625 0
-0.712647138414 0.277958433707 0
-0.71123487236 0.284734604626 0
-0.704680465664 0.286334931223 0
-0.703892181327 0.293763612446 0
-0.706451667128 0.293984064855 0
-0.709011152928 0.294204517264 0
-0.714712571929 0.288235072073 0
-0.705750344974 0.29563984516 0
-0.706679426799 0.296577961517 0
-0.704119940998 0.296357509108 0
-0.704347700669 0.298951405771 0
-0.6890625 -0.0384356092514 0
-0.6890625 -0.0356240546257 0
-0.691972795801 -0.0346868697505 0
-0.693427943702 -0.0356240546257 0
-0.6890625 -0.0328125 0
-0.693427943702 -0.0328125 0
-0.697793387404 -0.0328125 0
-0.696812179304 -0.0240900556832 0
-0.701631068702 -0.0302048499006 0
-0.6890625 -0.024609375 0
-0.6890625 -0.01640625 0
-0.697265625 -0.01640625 0
-0.697370793269 -0.00787079326923 0
-0.6890625 -0.008203125 0
-0.697046875 0.237671875 0
-0.696609375 0.24609375 0
-0.696933293269 0.254191706731 0
-0.697265625 0.2625 0
-0.697265625 0.270703125 0
-0.6890625 0.270703125 0
-0.6890625 0.27890625 0
-0.697265625 0.27890625 0
-0.696742651725 0.286590529533 0
-0.6890625 0.287109375 0
-0.6890625 0.2953125 0
-0.696477340664 0.294538056223 0
-0.694969607588 0.301212308055 0
-0.688262179145 0.30269052117 0
-0.687461858291 0.31006854234 0
-0.690066694679 0.310307257662 0
-0.692671531068 0.310545972985 0
-0.698509615868 0.304748689378 0
-0.689348969556 0.311926045997 0
-0.690292525189 0.312854797825 0
-0.687687688801 0.312616082503 0
-0.687913519311 0.315163622666 0
-0.673656895932 -0.0476574282896 0
-0.673156572966 -0.0402349641448 0
-0.679893365623 -0.0382525813235 0
-0.681359697966 -0.0430465187705 0
-0.67265625 -0.0328125 0
-0.680859375 -0.0328125 0
-0.680859375 -0.024609375 0
-0.67265625 -0.024609375 0
-0.67265625 -0.01640625 0
-0.680859375 -0.01640625 0
-0.680754206731 -0.00787079326923 0
-0.67265625 -0.007546875 0
-0.680754206731 0.270370793269 0
-0.67265625 0.270046875 0
-0.67265625 0.27890625 0
-0.680859375 0.27890625 0
-0.680859375 0.287109375 0
-0.67265625 0.287109375 0
-0.67265625 0.2953125 0
-0.680859375 0.2953125 0
-0.680321243043 0.3029701405 0
-0.67265625 0.303515625 0
-0.67265625 0.31171875 0
-0.680059054145 0.31089364617 0
-0.678431472814 0.31742384566 0
-0.671652974146 0.318841910165 0
-0.670649698292 0.325965070331 0
-0.673270782429 0.326272538878 0
-0.675891866566 0.326580007425 0
-0.681902692938 0.320871815046 0
-0.672576744586 0.327832374685 0
-0.673540267733 0.328766026861 0
-0.670919183596 0.328458558314 0
-0.6711886689 0.330952046297 0
-0.65625 -0.0571640696655 0
-0.65625 -0.0531914098328 0
-0.660239897292 -0.0523685717503 0
-0.662234845938 -0.0539434826254 0
-0.65625 -0.04921875 0
-0.662234845938 -0.0499708227927 0
-0.668219691876 -0.0507228955853 0
-0.664684591478 -0.0413758640628 0
-0.670938293904 -0.0491901619375 0
-0.65625 -0.041015625 0
-0.664453125 -0.0328125 0
-0.664120793269 -0.0245042067308 0
-0.663796875 -0.01640625 0
-0.664234375 -0.007984375 0
-0.664234375 0.270484375 0
-0.663796875 0.27890625 0
-0.664120793269 0.287004206731 0
-0.664453125 0.2953125 0
-0.664453125 0.303515625 0
-0.65625 0.303515625 0
-0.65625 0.31171875 0
-0.664453125 0.31171875 0
-0.663769633902 0.319216538972 0
-0.65625 0.319921875 0
-0.65625 0.328125 0
-0.663449849146 0.327045035165 0
-0.662960009095 0.332493156861 0
-0.657259549557 0.335406037022 0
-0.658269099115 0.342687074045 0
-0.664728884007 0.336819560171 0
-0.641103064259 -0.0647748388598 0
-0.640473407129 -0.0569967944299 0
-0.647484698241 -0.0552527889937 0
-0.648676532129 -0.0609694542627 0
-0.63984375 -0.04921875 0
-0.648046875 -0.04921875 0
-0.647941706731 -0.0406832932692 0
-0.63984375 -0.040359375 0
-0.647941706731 0.303183293269 0
-0.63984375 0.302859375 0
-0.63984375 0.31171875 0
-0.648046875 0.31171875 0
-0.648046875 0.319921875 0
-0.63984375 0.319921875 0
-0.63984375 0.328125 0
-0.648046875 0.328125 0
-0.648639922807 0.336972680361 0
-0.63984375 0.336328125 0
-0.63984375 0.34453125 0
-0.646772187972 0.345633775643 0
-0.653700625945 0.346736301286 0
-0.65598486253 0.344711687665 0
-0.644813325189 0.349682713898 0
-0.647298112783 0.352258445847 0
-0.640369674811 0.351155920204 0
-0.640895599621 0.357780590407 0
-0.6234375 -0.0729963759241 0
-0.6234375 -0.0693106879621 0
-0.627256889817 -0.0687865977383 0
-0.629166584725 -0.0703673966075 0
-0.6234375 -0.065625 0
-0.629166584725 -0.0666817086454 0
-0.63489566945 -0.0677384172908 0
-0.631986839077 -0.058006501156 0
-0.637999366854 -0.0662566280753 0
-0.6234375 -0.057421875 0
-0.6234375 -0.04921875 0
-0.631640625 -0.04921875 0
-0.631745793269 -0.0406832932692 0
-0.6234375 -0.041015625 0
-0.631421875 0.303296875 0
-0.630984375 0.31171875 0
-0.631308293269 0.319816706731 0
-0.631640625 0.328125 0
-0.631640625 0.336328125 0
-0.6234375 0.336328125 0
-0.6234375 0.34453125 0
-0.631640625 0.34453125 0
-0.631798735417 0.352923483948 0
-0.6234375 0.352734375 0
-0.6234375 0.3609375 0
-0.629570807462 0.361528404943 0
-0.635704114924 0.362119309886 0
-0.638299857273 0.359949950147 0
-0.627526371641 0.365023995434 0
-0.629570807462 0.367067243151 0
-0.6234375 0.366476338208 0
-0.6234375 0.372015176416 0
-0.607214343377 -0.0800200452427 0
-0.607122796688 -0.0728225226213 0
-0.614399346958 -0.0712493090735 0
-0.615325921688 -0.0765082105834 0
-0.60703125 -0.065625 0
-0.615234375 -0.065625 0
-0.615234375 -0.057421875 0
-0.60703125 -0.057421875 0
-0.60703125 -0.04921875 0
-0.615234375 -0.04921875 0
-0.615129206731 -0.0406832932692 0
-0.60703125 -0.040359375 0
-0.615129206731 0.335995793269 0
-0.60703125 0.335671875 0
-0.60703125 0.34453125 0
-0.615234375 0.34453125 0
-0.615234375 0.352734375 0
-0.60703125 0.352734375 0
-0.60703125 0.3609375 0
-0.615234375 0.3609375 0
-0.614801575161 0.368669377444 0
-0.60703125 0.369140625 0
-0.60703125 0.37734375 0
-0.611783555965 0.37734375 0
-0.616535861931 0.37734375 0
-0.619986680965 0.374679463208 0
-0.610199453978 0.379687250888 0
-0.611783555965 0.380859001331 0
-0.60703125 0.380859001331 0
-0.60703125 0.384374252662 0
-0.592655634675 -0.634999382433 0
-0.591640317337 -0.629218441217 0
-0.593625616882 -0.627291460811 0
-0.595125925324 -0.629218441217 0
-0.590625 -0.6234375 0
-0.594110607986 -0.6234375 0
-0.597596215973 -0.6234375 0
-0.595426827679 -0.61452890145 0
-0.600020192002 -0.615234375 0
-0.590625 -0.615234375 0
-0.590625 -0.60703125 0
-0.596534584016 -0.60703125 0
-0.602444168032 -0.60703125 0
-0.597255747853 -0.598579576971 0
-0.603856871689 -0.598914707381 0
-0.590625 -0.598828125 0
-0.590625 -0.590625 0
-0.597947287673 -0.590711582381 0
-0.605269575347 -0.590798164762 0
-0.5982725301 -0.582373679869 0
-0.60589583785 -0.582549557597 0
-0.590625 -0.582421875 0
-0.590625 -0.57421875 0
-0.598573550177 -0.574259850216 0
-0.606522100353 -0.574300950432 0
-0.598560153778 -0.56601654721 0
-0.606462997926 -0.565997099557 0
-0.590625 -0.566015625 0
-0.598514447749 -0.557752874341 0
-0.606403895499 -0.557693248682 0
-0.597864835251 -0.549546908926 0
-0.60576099028 -0.549489092109 0
-0.59721529253 -0.541345592768 0
-0.60511808506 -0.541284935536 0
-0.596974580036 -0.53352319601 0
-0.603974619963 -0.533142467768 0
-0.596728077432 -0.525 0
-0.602831154865 -0.525 0
-0.595964802186 -0.517211705011 0
-0.601223295311 -0.516796875 0
-0.590625 -0.516796875 0
-0.590625 -0.50859375 0
-0.595120217879 -0.50859375 0
-0.599615435757 -0.50859375 0
-0.594206550356 -0.501184636178 0
-0.597592271022 -0.500390625 0
-0.590625 -0.500390625 0
-0.590625 -0.4921875 0
-0.593097053144 -0.4921875 0
-0.595569106287 -0.4921875 0
-0.591108857939 -0.484720416397 0
-0.593309935017 -0.484446261505 0
-0.588780330801 -0.484565200949 0
-0.586935661601 -0.476942901898 0
-0.588993212674 -0.476823962454 0
-0.591050763746 -0.47670502301 0
-0.588858317962 -0.474240066819 0
-0.589819646138 -0.472888649275 0
-0.587762095065 -0.473007588719 0
-0.588588528529 -0.469072275541 0
-0.590625 -0.0867656588818 0
-0.590625 -0.0843984544409 0
-0.594265044265 -0.0837226236505 0
-0.596085066398 -0.0845683104758 0
-0.590625 -0.08203125 0
-0.596085066398 -0.082201106035 0
-0.601545132795 -0.0823709620699 0
-0.598752118839 -0.0737696527755 0
-0.604379738086 -0.0811955036563 0
-0.590625 -0.073828125 0
-0.598828125 -0.065625 0
-0.598495793269 -0.0573167067308 0
-0.598171875 -0.04921875 0
-0.598609375 -0.040796875 0
-0.598609375 0.336109375 0
-0.598171875 0.34453125 0
-0.598495793269 0.352629206731 0
-0.598828125 0.3609375 0
-0.598828125 0.369140625 0
-0.590625 0.369140625 0
-0.590625 0.37734375 0
-0.598828125 0.37734375 0
-0.597504831874 0.383851852163 0
-0.5899657754 0.384537116028 0
-0.589306550801 0.391730482055 0
-0.592374450367 0.392080032598 0
-0.595442349933 0.392429583141 0
-0.601236799966 0.388401917901 0
-0.591459491379 0.393468298694 0
-0.59253596167 0.394337207014 0
-0.589468062104 0.393987656472 0
-0.589629573408 0.396244830888 0
-0.573965804206 -0.661743625799 0
-0.573898100243 -0.658822731577 0
-0.575634721479 -0.657885569263 0
-0.576536884079 -0.658877435217 0
-0.57383039628 -0.655901837355 0
-0.576469180116 -0.655956540995 0
-0.579107963952 -0.656011244636 0
-0.579536822206 -0.646971223397 0
-0.584234452269 -0.648604975258 0
-0.57402457314 -0.647872793678 0
-0.57421875 -0.63984375 0
-0.581789845294 -0.64052122794 0
-0.589360940587 -0.641198705881 0
-0.582961639207 -0.631989400189 0
-0.591008287631 -0.638099044157 0
-0.57421875 -0.631640625 0
-0.57421875 -0.6234375 0
-0.582421875 -0.6234375 0
-0.582421875 -0.615234375 0
-0.57421875 -0.615234375 0
-0.57421875 -0.60703125 0
-0.582421875 -0.60703125 0
-0.582421875 -0.598828125 0
-0.57421875 -0.598828125 0
-0.57421875 -0.590625 0
-0.582421875 -0.590625 0
-0.582421875 -0.582421875 0
-0.57421875 -0.582421875 0
-0.57421875 -0.57421875 0
-0.582421875 -0.57421875 0
-0.582316706731 -0.565683293269 0
-0.57421875 -0.565359375 0
-0.582316706731 -0.517129206731 0
-0.57421875 -0.517453125 0
-0.57421875 -0.50859375 0
-0.582421875 -0.50859375 0
-0.582421875 -0.500390625 0
-0.57421875 -0.500390625 0
-0.57421875 -0.4921875 0
-0.582421875 -0.4921875 0
-0.581439279711 -0.484618776477 0
-0.57421875 -0.483984375 0
-0.57421875 -0.47578125 0
-0.580577205801 -0.476362075949 0
-0.580865114734 -0.468104277378 0
-0.57421875 -0.467578125 0
-0.57421875 -0.459375 0
-0.579733069511 -0.459375 0
-0.585247389022 -0.459375 0
-0.586917958776 -0.46422363777 0
-0.578390192944 -0.452233881209 0
-0.582162218573 -0.451171875 0
-0.57421875 -0.451171875 0
-0.57421875 -0.44296875 0
-0.576647899061 -0.44296875 0
-0.579077048123 -0.44296875 0
-0.575952169908 -0.439276307882 0
-0.576818879863 -0.437430086824 0
-0.574389730801 -0.437430086824 0
-0.574560711602 -0.431891423649 0
-0.57421875 -0.0930798422825 0
-0.57421875 -0.0875555461412 0
-0.581327954708 -0.0861875058407 0
-0.582421875 -0.0899227505821 0
-0.57421875 -0.08203125 0
-0.582421875 -0.08203125 0
-0.582316706731 -0.0734957932692 0
-0.57421875 -0.073171875 0
-0.582316706731 0.368808293269 0
-0.57421875 0.368484375 0
-0.57421875 0.37734375 0
-0.582421875 0.37734375 0
-0.581917353249 0.384938741036 0
-0.57421875 0.385546875 0
-0.57421875 0.39375 0
-0.5817626504 0.392740241028 0
-0.580731299417 0.397267406151 0
-0.57421875 0.39967567924 0
-0.57421875 0.40560135848 0
-0.581924161704 0.400923094684 0
-0.556988590217 -0.675793869755 0
-0.55684131981 -0.673422157916 0
-0.558849630041 -0.67282010873 0
-0.559927420361 -0.673704940058 0
-0.556694049402 -0.671050446077 0
-0.559780149954 -0.671333228219 0
-0.562866250505 -0.671616010361 0
-0.564419955363 -0.66269827898 0
-0.568416027356 -0.66667981808 0
-0.557253274701 -0.663650223039 0
-0.5578125 -0.65625 0
-0.56582144814 -0.656075918678 0
-0.56588959992 -0.647927394624 0
-0.5578125 -0.648046875 0
-0.5578125 -0.63984375 0
-0.566015625 -0.63984375 0
-0.566015625 -0.631640625 0
-0.5578125 -0.631640625 0
-0.566015625 -0.6234375 0
-0.565683293269 -0.61512920673 0
-0.565359375 -0.60703125 0
-0.565683293269 -0.598933293269 0
-0.566015625 -0.590625 0
-0.565683293269 -0.582316706731 0
-0.565359375 -0.57421875 0
-0.565796875 -0.565796875 0
-0.565796875 -0.517015625 0
-0.565359375 -0.50859375 0
-0.565683293269 -0.500495793269 0
-0.566015625 -0.4921875 0
-0.565683293269 -0.483879206731 0
-0.565359375 -0.47578125 0
-0.565683293269 -0.467683293269 0
-0.566015625 -0.459375 0
-0.565683293269 -0.451066706731 0
-0.565359375 -0.44296875 0
-0.565631435735 -0.434939259215 0
-0.565011209488 -0.426467817859 0
-0.572209918977 -0.426373135718 0
-0.57338531529 -0.429132279683 0
-0.563390194435 -0.419235707163 0
-0.568569349755 -0.418264692859 0
-0.5578125 -0.418359375 0
-0.5578125 -0.41015625 0
-0.561370640267 -0.41015625 0
-0.564928780533 -0.41015625 0
-0.560701553456 -0.406269147251 0
-0.562146080184 -0.404325595877 0
-0.558587939918 -0.404325595877 0
-0.559363379835 -0.398494941755 0
-0.557036607606 -0.0993974521462 0
-0.556945909218 -0.0975918482711 0
-0.559291132794 -0.0973526910456 0
-0.560509093777 -0.0981359143706 0
-0.55685521083 -0.0957862443959 0
-0.560418395389 -0.0963303104954 0
-0.563981579948 -0.0968743765949 0
-0.565436752102 -0.0888898302075 0
-0.569100164974 -0.0949771094387 0
-0.557333855415 -0.088908747198 0
-0.5578125 -0.08203125 0
-0.566015625 -0.08203125 0
-0.566120793269 -0.0734957932692 0
-0.5578125 -0.073828125 0
-0.565796875 0.368921875 0
-0.565359375 0.37734375 0
-0.565683293269 0.385441706731 0
-0.566015625 0.39375 0
-0.565606008443 0.401450554671 0
-0.5578125 0.401953125 0
-0.5578125 0.41015625 0
-0.561883573236 0.41015625 0
-0.565954646473 0.41015625 0
-0.570086698236 0.40787880424 0
-0.560526548823 0.411546250678 0
-0.561883573236 0.412241251018 0
-0.5578125 0.412241251018 0
-0.5578125 0.414326252036 0
-0.54140625 -0.684316258251 0
-0.54140625 -0.678486254126 0
-0.548060823475 -0.676321495233 0
-0.549197420109 -0.680055064003 0
-0.54140625 -0.67265625 0
-0.549050149701 -0.671853348039 0
-0.549192268189 -0.663962146971 0
-0.54140625 -0.664453125 0
-0.54140625 -0.65625 0
-0.549609375 -0.65625 0
-0.549609375 -0.648046875 0
-0.54140625 -0.648046875 0
-0.54140625 -0.63984375 0
-0.549609375 -0.63984375 0
-0.549504206731 -0.631308293269 0
-0.54140625 -0.630984375 0
-0.549504206731 -0.418691706731 0
-0.54140625 -0.419015625 0
-0.54140625 -0.41015625 0
-0.549609375 -0.41015625 0
-0.549992451158 -0.401727782428 0
-0.54140625 -0.401953125 0
-0.54140625 -0.39375 0
-0.548980125251 -0.393279560135 0
-0.556554000502 -0.39280912027 0
-0.557958690169 -0.395652031012 0
-0.54719848284 -0.386275132579 0
-0.552581196276 -0.385076435135 0
-0.54140625 -0.385546875 0
-0.54140625 -0.37734375 0
-0.545007321025 -0.37734375 0
-0.54860839205 -0.37734375 0
-0.543993877323 -0.37323200901 0
-0.545287690984 -0.371176138515 0
-0.54168661996 -0.371176138515 0
-0.541966989919 -0.36500852703 0
-0.54140625 -0.10496492638 0
-0.54140625 -0.10170121319 0
-0.548446940468 -0.0998456966154 0
-0.549221428803 -0.102181189263 0
-0.54140625 -0.0984375 0
-0.549130730415 -0.097111872198 0
-0.54913167203 -0.0895092297123 0
-0.54140625 -0.090234375 0
-0.54140625 -0.08203125 0
-0.549609375 -0.08203125 0
-0.549504206731 -0.0734957932692 0
-0.54140625 -0.073171875 0
-0.549504206731 0.401620793269 0
-0.54140625 0.401296875 0
-0.54140625 0.41015625 0
-0.549609375 0.41015625 0
-0.548318806326 0.414398172498 0
-0.54140625 0.415968672004 0
-0.54140625 0.421781094009 0
-0.549609375 0.418053673022 0
-0.524371067681 -0.690463570991 0
-0.524284508501 -0.688398426694 0
-0.527170532213 -0.688172341521 0
-0.528656823657 -0.689091871079 0
-0.524197949321 -0.686333282397 0
-0.528570264477 -0.687026726783 0
-0.532942579633 -0.687720171168 0
-0.532788910533 -0.679679292291 0
-0.537174414816 -0.68601821471 0
-0.52459897466 -0.679494766199 0
-0.525 -0.67265625 0
-0.533203125 -0.67265625 0
-0.533203125 -0.664453125 0
-0.525 -0.664453125 0
-0.533203125 -0.65625 0
-0.532870793269 -0.647941706731 0
-0.532546875 -0.63984375 0
-0.532984375 -0.631421875 0
-0.532984375 -0.418578125 0
-0.532546875 -0.41015625 0
-0.532870793269 -0.402058293269 0
-0.533203125 -0.39375 0
-0.532870793269 -0.385441706731 0
-0.532546875 -0.37734375 0
-0.532930831763 -0.36922736719 0
-0.532259438451 -0.360757700594 0
-0.539518876901 -0.360577901187 0
-0.54074293341 -0.362793214109 0
-0.530318385631 -0.35389190644 0
-0.534954969896 -0.352554575594 0
-0.525 -0.352734375 0
-0.525 -0.34453125 0
-0.527695531446 -0.34453125 0
-0.530391062892 -0.34453125 0
-0.526797020964 -0.341473511993 0
-0.527695531446 -0.339944642989 0
-0.525 -0.339944642989 0
-0.525 -0.335358035979 0
-0.525 -0.110728800504 0
-0.525 -0.104583150252 0
-0.532365629807 -0.103289296902 0
-0.533203125 -0.107846863442 0
-0.533203125 -0.0984375 0
-0.532870793269 -0.0901292067308 0
-0.532546875 -0.08203125 0
-0.532984375 -0.073609375 0
-0.533308293269 0.401620793269 0
-0.525 0.401953125 0
-0.525 0.41015625 0
-0.533203125 0.41015625 0
-0.532732667909 0.417239257783 0
-0.524590518002 0.417180798017 0
-0.524181036004 0.424205346033 0
-0.528307120606 0.424769972789 0
-0.532433205207 0.425334599544 0
-0.536919727604 0.423557846776 0
-0.52699026289 0.42592215344 0
-0.528394876335 0.426780557145 0
-0.524268791733 0.42621593039 0
-0.524356547463 0.428226514746 0
-0.50859375 -0.693968365604 0
-0.50859375 -0.691515432802 0
-0.516225524005 -0.690003873525 0
-0.51648240884 -0.692215968297 0
-0.50859375 -0.6890625 0
-0.51639584966 -0.687697891199 0
-0.516349559767 -0.680129600806 0
-0.50859375 -0.680859375 0
-0.50859375 -0.67265625 0
-0.516796875 -0.67265625 0
-0.516691706731 -0.664120793269 0
-0.50859375 -0.663796875 0
-0.516691706731 -0.353066706731 0
-0.50859375 -0.353390625 0
-0.50859375 -0.34453125 0
-0.516796875 -0.34453125 0
-0.516379079891 -0.336686161445 0
-0.50859375 -0.336328125 0
-0.50859375 -0.328125 0
-0.514630470289 -0.328125 0
-0.520667190578 -0.328125 0
-0.522833595289 -0.331741517989 0
-0.512646643151 -0.321821806289 0
-0.51567541181 -0.319990807907 0
-0.508465269962 -0.320002107891 0
-0.508336789924 -0.311879215783 0
-0.509510211483 -0.311867915799 0
-0.510683633043 -0.311856615814 0
-0.509138134097 -0.310642645258 0
-0.509538806182 -0.310024359995 0
-0.508365384622 -0.310035659979 0
-0.508393979321 -0.308192104175 0
-0.508284337462 -0.116665894191 0
-0.508253955721 -0.115233856197 0
-0.510532694916 -0.114898664596 0
-0.511687255384 -0.115447087792 0
-0.508223573981 -0.113801818202 0
-0.511656873644 -0.114015049798 0
-0.515090173306 -0.114228281394 0
-0.516276865022 -0.105504506426 0
-0.520045086653 -0.112478540949 0
-0.508408661991 -0.105463409101 0
-0.516691706731 0.401620793269 0
-0.50859375 0.401296875 0
-0.50859375 0.41015625 0
-0.516796875 0.41015625 0
-0.516381967242 0.41771557677 0
-0.50859375 0.418359375 0
-0.50859375 0.4265625 0
-0.516387393002 0.425383923017 0
-0.515827317763 0.42816006559 0
-0.50859375 0.429814741006 0
-0.50859375 0.433066982011 0
-0.516475148731 0.430646748378 0
-0.4921875 -0.695860854558 0
-0.4921875 -0.692461677279 0
-0.499948496057 -0.692014055205 0
-0.500390625 -0.694914610081 0
-0.4921875 -0.6890625 0
-0.500390625 -0.6890625 0
-0.500390625 -0.680859375 0
-0.4921875 -0.680859375 0
-0.4921875 -0.67265625 0
-0.500390625 -0.67265625 0
-0.500495793269 -0.664120793269 0
-0.4921875 -0.664453125 0
-0.500171875 -0.352953125 0
-0.499734375 -0.34453125 0
-0.500058293269 -0.336433293269 0
-0.500390625 -0.328125 0
-0.500313116447 -0.3199835084 0
-0.4921875 -0.319921875 0
-0.4921875 -0.31171875 0
-0.500262144962 -0.311798982891 0
-0.498986196786 -0.304518093725 0
-0.4921875 -0.303515625 0
-0.4921875 -0.2953125 0
-0.496217311839 -0.2953125 0
-0.500247123677 -0.2953125 0
-0.504320551499 -0.301752302087 0
-0.494874041226 -0.291126814506 0
-0.496217311839 -0.289033971759 0
-0.4921875 -0.289033971759 0
-0.4921875 -0.282755443519 0
-0.4921875 -0.122665194673 0
-0.4921875 -0.118754472336 0
-0.498983326531 -0.117267779059 0
-0.500235918731 -0.119665544432 0
-0.4921875 -0.11484375 0
-0.500205536991 -0.114322784101 0
-0.500318361861 -0.106019345225 0
-0.4921875 -0.106640625 0
-0.500495793269 0.401620793269 0
-0.4921875 0.401953125 0
-0.4921875 0.41015625 0
-0.500390625 0.41015625 0
-0.500390625 0.418359375 0
-0.4921875 0.418359375 0
-0.4921875 0.4265625 0
-0.500390625 0.4265625 0
-0.499750940474 0.430885371601 0
-0.4921875 0.431801104407 0
-0.4921875 0.437039708813 0
-0.500390625 0.435053345412 0
-0.47578125 -0.696286142938 0
-0.47578125 -0.692674321469 0
-0.483901441173 -0.692569074293 0
-0.483984375 -0.696073498748 0
-0.47578125 -0.6890625 0
-0.483984375 -0.6890625 0
-0.483984375 -0.680859375 0
-0.47578125 -0.680859375 0
-0.47578125 -0.67265625 0
-0.483984375 -0.67265625 0
-0.483879206731 -0.664120793269 0
-0.47578125 -0.663796875 0
-0.483879206731 -0.320254206731 0
-0.47578125 -0.320578125 0
-0.47578125 -0.31171875 0
-0.483984375 -0.31171875 0
-0.483984375 -0.303515625 0
-0.47578125 -0.303515625 0
-0.47578125 -0.2953125 0
-0.483984375 -0.2953125 0
-0.483850914548 -0.287234612307 0
-0.47578125 -0.287109375 0
-0.47578125 -0.27890625 0
-0.48274134025 -0.27890625 0
-0.4897014305 -0.27890625 0
-0.49094446525 -0.280830846759 0
-0.480632086579 -0.272389543302 0
-0.484391241681 -0.270703125 0
-0.47578125 -0.270703125 0
-0.47578125 -0.2625 0
-0.477431151431 -0.2625 0
-0.479081052862 -0.2625 0
-0.476881184288 -0.260795494457 0
-0.477431151431 -0.259943241686 0
-0.47578125 -0.259943241686 0
-0.47578125 -0.257386483372 0
-0.476317011448 -0.129224671204 0
-0.476049130724 -0.122034210602 0
-0.48331389319 -0.12053618305 0
-0.484252255724 -0.125944932939 0
-0.47578125 -0.11484375 0
-0.483984375 -0.11484375 0
-0.483879206731 -0.106308293269 0
-0.47578125 -0.105984375 0
-0.483879206731 0.401620793269 0
-0.47578125 0.401296875 0
-0.47578125 0.41015625 0
-0.483984375 0.41015625 0
-0.483984375 0.418359375 0
-0.47578125 0.418359375 0
-0.47578125 0.4265625 0
-0.483984375 0.4265625 0
-0.483655885382 0.432570110478 0
-0.475801514331 0.433282220073 0
-0.475821778662 0.440001940147 0
-0.484004639331 0.43852082448 0
-0.459375 -0.695473505936 0
-0.459375 -0.692268002968 0
-0.467741096142 -0.692475198375 0
-0.467578125 -0.695879824437 0
-0.459375 -0.6890625 0
-0.467578125 -0.6890625 0
-0.467578125 -0.680859375 0
-0.459375 -0.680859375 0
-0.459375 -0.67265625 0
-0.467578125 -0.67265625 0
-0.467683293269 -0.664120793269 0
-0.459375 -0.664453125 0
-0.467359375 -0.320140625 0
-0.466921875 -0.31171875 0
-0.467245793269 -0.303620793269 0
-0.467578125 -0.2953125 0
-0.467245793269 -0.287004206731 0
-0.466921875 -0.27890625 0
-0.467245793269 -0.270808293269 0
-0.467578125 -0.2625 0
-0.466543568706 -0.255089107894 0
-0.459375 -0.254296875 0
-0.459375 -0.24609375 0
-0.463968365161 -0.24609375 0
-0.468561730323 -0.24609375 0
-0.472171490161 -0.251740116686 0
-0.462946496213 -0.241996604695 0
-0.46473224432 -0.239948032043 0
-0.460138879158 -0.239948032043 0
-0.460902758317 -0.233802314086 0
-0.459375 -0.137860289342 0
-0.459375 -0.134555144671 0
-0.462932253232 -0.133750158035 0
-0.464710879848 -0.135000237053 0
-0.459375 -0.13125 0
-0.464710879848 -0.131695092382 0
-0.470046759695 -0.132140184764 0
-0.467602882094 -0.123146933589 0
-0.473181885572 -0.130682427984 0
-0.459375 -0.123046875 0
-0.459375 -0.11484375 0
-0.467578125 -0.11484375 0
-0.467683293269 -0.106308293269 0
-0.459375 -0.106640625 0
-0.467359375 0.401734375 0
-0.466921875 0.41015625 0
-0.467245793269 0.418254206731 0
-0.467578125 0.4265625 0
-0.46745220443 0.433790289169 0
-0.459487501058 0.434298876592 0
-0.459600002116 0.442035253185 0
-0.467710890389 0.441018596666 0
-0.44296875 -0.69359371874 0
-0.44296875 -0.69132810937 0
-0.451641618883 -0.69182496721 0
-0.451171875 -0.694533612338 0
-0.44296875 -0.6890625 0
-0.451171875 -0.6890625 0
-0.451171875 -0.680859375 0
-0.44296875 -0.680859375 0
-0.44296875 -0.67265625 0
-0.451171875 -0.67265625 0
-0.451066706731 -0.664120793269 0
-0.44296875 -0.663796875 0
-0.451066706731 -0.254629206731 0
-0.44296875 -0.254953125 0
-0.44296875 -0.24609375 0
-0.451171875 -0.24609375 0
-0.451546694452 -0.237638163224 0
-0.44296875 -0.237890625 0
-0.44296875 -0.2296875 0
-0.450377419244 -0.229164907513 0
-0.457786088488 -0.228642315026 0
-0.459344423402 -0.231222314556 0
-0.448471940556 -0.222350703455 0
-0.453422327853 -0.220961782513 0
-0.44296875 -0.221484375 0
-0.44296875 -0.21328125 0
-0.446013658609 -0.21328125 0
-0.449058567218 -0.21328125 0
-0.445326815113 -0.209887317344 0
-0.446505847669 -0.208190351017 0
-0.44346093906 -0.208190351017 0
-0.443953128121 -0.203099452033 0
-0.442233531668 -0.152143415016 0
-0.442062571208 -0.149371867889 0
-0.443718463368 -0.148551470126 0
-0.444631889678 -0.149527044809 0
-0.441891610748 -0.146600320761 0
-0.444460929218 -0.146755497681 0
-0.447030247688 -0.146910674602 0
-0.449754515895 -0.13787088613 0
-0.453202623844 -0.142385481972 0
-0.442430180374 -0.138925160381 0
-0.44296875 -0.13125 0
-0.451171875 -0.13125 0
-0.451171875 -0.123046875 0
-0.44296875 -0.123046875 0
-0.44296875 -0.11484375 0
-0.451171875 -0.11484375 0
-0.451066706731 -0.106308293269 0
-0.44296875 -0.105984375 0
-0.451313079309 0.433844427861 0
-0.44287479951 0.432266237198 0
-0.442780849019 0.439282474396 0
-0.447201397332 0.441006668128 0
-0.451621945644 0.44273086186 0
-0.45561097388 0.442383057522 0
-0.445739582779 0.441764936951 0
-0.44721894966 0.443006168228 0
-0.442798401347 0.441281974496 0
-0.442815953675 0.443281474597 0
-0.426840972731 -0.690834715317 0
-0.42687467296 -0.689063732901 0
-0.435246849002 -0.690243248128 0
-0.434904861366 -0.692214217029 0
-0.426908373188 -0.687292750484 0
-0.434938561594 -0.688177625242 0
-0.435007750196 -0.680396292628 0
-0.426735436594 -0.679974500242 0
-0.4265625 -0.67265625 0
-0.434765625 -0.67265625 0
-0.434870793269 -0.664120793269 0
-0.4265625 -0.664453125 0
-0.434546875 -0.254515625 0
-0.434109375 -0.24609375 0
-0.434433293269 -0.237995793269 0
-0.434765625 -0.2296875 0
-0.434433293269 -0.221379206731 0
-0.434109375 -0.21328125 0
-0.434552137505 -0.205165015866 0
-0.433787026823 -0.196613151557 0
-0.441011553645 -0.196351303114 0
-0.442482340883 -0.199725377574 0
-0.432638346694 -0.189086588621 0
-0.438603501262 -0.188410026557 0
-0.4265625 -0.188671875 0
-0.4265625 -0.18046875 0
-0.43137897444 -0.18046875 0
-0.436195448879 -0.18046875 0
-0.431425843301 -0.172239356673 0
-0.43628888739 -0.172265625 0
-0.4265625 -0.172265625 0
-0.4265625 -0.1640625 0
-0.43147241295 -0.1640625 0
-0.4363823259 -0.1640625 0
-0.433568928747 -0.154932788857 0
-0.439307928784 -0.158102957508 0
-0.4265625 -0.155859375 0
-0.4265625 -0.14765625 0
-0.434227055374 -0.147128285381 0
-0.434408468974 -0.139099258196 0
-0.4265625 -0.139453125 0
-0.434765625 -0.13125 0
-0.434433293269 -0.122941706731 0
-0.434109375 -0.11484375 0
-0.434546875 -0.106421875 0
-0.434776889207 0.432742399598 0
-0.426549429263 0.433248260322 0
-0.426536358526 0.439934020645 0
-0.434658603773 0.43960824752 0
-0.434734733705 0.441558718251 0
-0.42653891984 0.441838826873 0
-0.426541481153 0.443743633101 0
-0.434678717414 0.443512553849 0
-0.417962615677 -0.688968594531 0
-0.422435494432 -0.688130672508 0
-0.423903987199 -0.689032020111 0
-0.422401794204 -0.689901654924 0
-0.418386598442 -0.680426788226 0
-0.413916241468 -0.688018908764 0
-0.409869867259 -0.687069222996 0
-0.410013058629 -0.679862736498 0
-0.41015625 -0.67265625 0
-0.418359375 -0.67265625 0
-0.418254206731 -0.66412079327 0
-0.41015625 -0.663796875 0
-0.418254206731 -0.189004206731 0
-0.41015625 -0.189328125 0
-0.41015625 -0.18046875 0
-0.418359375 -0.18046875 0
-0.418359375 -0.172265625 0
-0.41015625 -0.172265625 0
-0.41015625 -0.1640625 0
-0.418359375 -0.1640625 0
-0.418359375 -0.155859375 0
-0.41015625 -0.155859375 0
-0.41015625 -0.14765625 0
-0.418359375 -0.14765625 0
-0.418254206731 -0.139120793269 0
-0.41015625 -0.138796875 0
-0.418272497168 0.432845903549 0
-0.410203942085 0.432470318307 0
-0.41025163417 0.439690636614 0
-0.418393996348 0.439812328629 0
-0.418370331909 0.441731756644 0
-0.410242849776 0.441624340304 0
-0.410234065382 0.443558043993 0
-0.418387773267 0.443650838547 0
-0.39375 -0.68276392299 0
-0.39375 -0.677710086495 0
-0.402361058892 -0.678835051635 0
-0.401809933629 -0.684916572993 0
-0.39375 -0.67265625 0
-0.401953125 -0.67265625 0
-0.402058293269 -0.664120793269 0
-0.39375 -0.664453125 0
-0.401734375 -0.188890625 0
-0.401296875 -0.18046875 0
-0.401620793269 -0.172370793269 0
-0.401953125 -0.1640625 0
-0.401620793269 -0.155754206731 0
-0.401296875 -0.14765625 0
-0.401734375 -0.139234375 0
-0.401780852979 0.434129884682 0
-0.39365589151 0.43467839411 0
-0.39356178302 0.442794288219 0
-0.397743806946 0.443018880403 0
-0.401925830871 0.443243472587 0
-0.40608873252 0.441467054601 0
-0.407470510142 0.442164051066 0
-0.406079948126 0.44340075829 0
-0.37734375 -0.677732664222 0
-0.37734375 -0.675194457111 0
-0.386452912222 -0.676591197752 0
-0.385546875 -0.680248293606 0
-0.37734375 -0.67265625 0
-0.385546875 -0.67265625 0
-0.385441706731 -0.664120793269 0
-0.37734375 -0.663796875 0
-0.385453727556 0.434044572328 0
-0.377268652746 0.433418542892 0
-0.377193555492 0.441587085784 0
-0.385377669256 0.442190687002 0
-0.367489551833 -0.674426069631 0
-0.372416650916 -0.673541159815 0
-0.374059017278 -0.674938327952 0
-0.372416650916 -0.676079366926 0
-0.36904592033 -0.664571342834 0
-0.363764545288 -0.673110977103 0
-0.360039538743 -0.671795884576 0
-0.360488519371 -0.664022942288 0
-0.369361583098 0.433357240083 0
-0.360936835468 0.433313066055 0
-0.360936170936 0.440063632109 0
-0.369064863214 0.440825358946 0
-0.34453125 -0.665991120858 0
-0.34453125 -0.661120560429 0
-0.353135158277 -0.662639798943 0
-0.352285394371 -0.668893502717 0
-0.34453125 -0.65625 0
-0.352734375 -0.65625 0
-0.353066706731 -0.647941706731 0
-0.34453125 -0.648046875 0
-0.34453125 -0.63984375 0
-0.353390625 -0.63984375 0
-0.352953125 -0.631421875 0
-0.34453125 -0.630984375 0
-0.352953125 0.401734375 0
-0.34453125 0.401296875 0
-0.34453125 0.41015625 0
-0.353390625 0.41015625 0
-0.353066706731 0.418254206731 0
-0.34453125 0.418359375 0
-0.34453125 0.4265625 0
-0.352734375 0.4265625 0
-0.352918720287 0.43289551762 0
-0.34453125 0.43245889768 0
-0.34453125 0.438355295359 0
-0.352733710468 0.439209463734 0
-0.328125 -0.659419165378 0
-0.328125 -0.657834582689 0
-0.337720053145 -0.659756358296 0
-0.336328125 -0.662705143118 0
-0.328125 -0.65625 0
-0.336328125 -0.65625 0
-0.336328125 -0.648046875 0
-0.328125 -0.648046875 0
-0.328125 -0.63984375 0
-0.336328125 -0.63984375 0
-0.336433293269 -0.631308293269 0
-0.328125 -0.631640625 0
-0.336433293269 0.401620793269 0
-0.328125 0.401953125 0
-0.328125 0.41015625 0
-0.336328125 0.41015625 0
-0.336328125 0.418359375 0
-0.328125 0.418359375 0
-0.328125 0.4265625 0
-0.336328125 0.4265625 0
-0.336536450861 0.43205206853 0
-0.328125 0.431624037339 0
-0.328125 0.436685574678 0
-0.336328125 0.437520435019 0
-0.320539585779 -0.65625 0
-0.324332292889 -0.65625 0
-0.325596528593 -0.657306388459 0
-0.324332292889 -0.657834582689 0
-0.320268966379 -0.647588877793 0
-0.316129167889 -0.654362031711 0
-0.31171875 -0.652474063423 0
-0.31171875 -0.646158906711 0
-0.31171875 -0.63984375 0
-0.319921875 -0.63984375 0
-0.319816706731 -0.631308293269 0
-0.31171875 -0.630984375 0
-0.319816706731 0.401620793269 0
-0.31171875 0.401296875 0
-0.31171875 0.41015625 0
-0.319921875 0.41015625 0
-0.319921875 0.418359375 0
-0.31171875 0.418359375 0
-0.31171875 0.4265625 0
-0.319921875 0.4265625 0
-0.320114051261 0.431299450676 0
-0.31171875 0.430959290863 0
-0.31171875 0.435356081726 0
-0.319921875 0.436020828202 0
-0.2953125 -0.645232354547 0
-0.2953125 -0.642538052273 0
-0.304614556009 -0.644591013236 0
-0.303515625 -0.648853208985 0
-0.2953125 -0.63984375 0
-0.303515625 -0.63984375 0
-0.303620793269 -0.631308293269 0
-0.2953125 -0.631640625 0
-0.303620793269 0.401620793269 0
-0.2953125 0.401953125 0
-0.2953125 0.41015625 0
-0.303515625 0.41015625 0
-0.303515625 0.418359375 0
-0.2953125 0.418359375 0
-0.2953125 0.4265625 0
-0.303515625 0.4265625 0
-0.303600257679 0.430828651609 0
-0.2953125 0.43069528861 0
-0.2953125 0.434828077221 0
-0.303515625 0.435092079473 0
-0.284979443475 -0.640556786461 0
-0.290145971737 -0.64020026823 0
-0.291868147825 -0.641877630337 0
-0.290145971737 -0.642894570504 0
-0.287142034972 -0.631658012678 0
-0.281727914175 -0.639069104789 0
-0.278476384875 -0.637581423117 0
-0.278691317438 -0.630509461559 0
-0.27890625 -0.6234375 0
-0.287109375 -0.6234375 0
-0.287441706731 -0.615129206731 0
-0.27890625 -0.615234375 0
-0.27890625 -0.60703125 0
-0.287765625 -0.60703125 0
-0.287328125 -0.598609375 0
-0.27890625 -0.598171875 0
-0.287004206731 0.401620793269 0
-0.27890625 0.401296875 0
-0.27890625 0.41015625 0
-0.287109375 0.41015625 0
-0.287109375 0.418359375 0
-0.27890625 0.418359375 0
-0.27890625 0.4265625 0
-0.287109375 0.4265625 0
-0.286948179869 0.430959271806 0
-0.27890625 0.431213080163 0
-0.27890625 0.435863660326 0
-0.287109375 0.435345868773 0
-0.2625 -0.630209077649 0
-0.2625 -0.626823288825 0
-0.271555295447 -0.628869867876 0
-0.270488192438 -0.633895250383 0
-0.2625 -0.6234375 0
-0.270703125 -0.6234375 0
-0.270703125 -0.615234375 0
-0.2625 -0.615234375 0
-0.2625 -0.60703125 0
-0.270703125 -0.60703125 0
-0.270808293269 -0.598495793269 0
-0.2625 -0.598828125 0
-0.270808293269 0.401620793269 0
-0.2625 0.401953125 0
-0.2625 0.41015625 0
-0.270703125 0.41015625 0
-0.270703125 0.418359375 0
-0.2625 0.418359375 0
-0.2625 0.4265625 0
-0.270703125 0.4265625 0
-0.270316657776 0.432216740143 0
-0.262664647351 0.433140561863 0
-0.262829294701 0.439718623725 0
-0.270867772351 0.437791142025 0
-0.251560891397 -0.625151196349 0
-0.257030445699 -0.624294348174 0
-0.258853630466 -0.626265924666 0
-0.257030445699 -0.627680136999 0
-0.254069891577 -0.615652142847 0
-0.248326265907 -0.623662324943 0
-0.245091640417 -0.622173453537 0
-0.245592695209 -0.614602351768 0
-0.24609375 -0.60703125 0
-0.254296875 -0.60703125 0
-0.254191706731 -0.598495793269 0
-0.24609375 -0.598171875 0
-0.254191706731 0.401620793269 0
-0.24609375 0.401296875 0
-0.24609375 0.41015625 0
-0.254296875 0.41015625 0
-0.254296875 0.418359375 0
-0.24609375 0.418359375 0
-0.24609375 0.4265625 0
-0.254296875 0.4265625 0
-0.254110135542 0.434572693017 0
-0.24609375 0.434765625 0
-0.24609375 0.44296875 0
-0.250367981107 0.443239550261 0
-0.254642212213 0.443510350521 0
-0.258735753457 0.441614487123 0
-0.248943237404 0.445342982783 0
-0.250367981107 0.446530099175 0
-0.24609375 0.446259298914 0
-0.24609375 0.449549847828 0
-0.2296875 -0.615179632612 0
-0.2296875 -0.611105441306 0
-0.238455319227 -0.612990348346 0
-0.237389570209 -0.618676543074 0
-0.2296875 -0.60703125 0
-0.237890625 -0.60703125 0
-0.237995793269 -0.598495793269 0
-0.2296875 -0.598828125 0
-0.237671875 0.401734375 0
-0.237234375 0.41015625 0
-0.237558293269 0.418254206731 0
-0.237890625 0.4265625 0
-0.237890625 0.434765625 0
-0.2296875 0.434765625 0
-0.2296875 0.44296875 0
-0.237890625 0.44296875 0
-0.236865632843 0.450198987575 0
-0.2296875 0.451171875 0
-0.2296875 0.459375 0
-0.233373946704 0.459375 0
-0.237060393407 0.459375 0
-0.241577071704 0.454462423914 0
-0.232427785376 0.462820553269 0
-0.233797928064 0.464543329904 0
-0.230111481361 0.464543329904 0
-0.230535462721 0.469711659807 0
-0.214183409122 -0.608378694914 0
-0.214303678862 -0.606371157076 0
-0.222845872524 -0.609010586276 0
-0.221935454561 -0.611779163763 0
-0.214423948602 -0.604363619238 0
-0.222055724301 -0.605697434619 0
-0.222009047786 -0.598082687998 0
-0.213852599301 -0.597494309619 0
-0.21328125 -0.590625 0
-0.221484375 -0.590625 0
-0.221816706731 -0.582316706731 0
-0.21328125 -0.582421875 0
-0.21328125 -0.57421875 0
-0.222140625 -0.57421875 0
-0.221703125 -0.565796875 0
-0.21328125 -0.565359375 0
-0.221379206731 0.434433293269 0
-0.21328125 0.434109375 0
-0.21328125 0.44296875 0
-0.221484375 0.44296875 0
-0.221484375 0.451171875 0
-0.21328125 0.451171875 0
-0.21328125 0.459375 0
-0.221484375 0.459375 0
-0.221529576531 0.467565479821 0
-0.21328125 0.467578125 0
-0.21328125 0.47578125 0
-0.220260040554 0.476053144752 0
-0.227238831108 0.476325039504 0
-0.228887146915 0.473018349656 0
-0.218822008943 0.483329701334 0
-0.224098078312 0.484256269752 0
-0.21328125 0.483984375 0
-0.21328125 0.4921875 0
-0.217119287757 0.4921875 0
-0.220957325515 0.4921875 0
-0.216055721428 0.499050740154 0
-0.218425510018 0.500388412643 0
-0.213271333046 0.500387990458 0
-0.213261416093 0.508588480916 0
-0.214577555307 0.508588903102 0
-0.215893694521 0.508589325287 0
-0.214340092218 0.511096086972 0
-0.21487943028 0.512349889999 0
-0.213563291066 0.512349467814 0
-0.21386516604 0.516110454711 0
-0.207256221146 -0.60545319165 0
-0.210840084874 -0.604908405444 0
-0.211954526291 -0.606065168602 0
-0.210719815134 -0.606915943282 0
-0.205761745196 -0.597435583364 0
-0.202065610573 -0.603345780737 0
-0.196875 -0.601238369824 0
-0.196875 -0.595931684912 0
-0.196875 -0.590625 0
-0.205078125 -0.590625 0
-0.205078125 -0.582421875 0
-0.196875 -0.582421875 0
-0.196875 -0.57421875 0
-0.205078125 -0.57421875 0
-0.205183293269 -0.565683293269 0
-0.196875 -0.566015625 0
-0.204859375 0.434546875 0
-0.204421875 0.44296875 0
-0.204745793269 0.451066706731 0
-0.205078125 0.459375 0
-0.204745793269 0.467683293269 0
-0.204421875 0.47578125 0
-0.204745793269 0.483879206731 0
-0.205078125 0.4921875 0
-0.204740394814 0.500492913902 0
-0.204411958046 0.508591115458 0
-0.204692890612 0.516610220305 0
-0.204218221066 0.525137280968 0
-0.211561442132 0.525274561936 0
-0.212713304086 0.520692508323 0
-0.203311657474 0.532872037242 0
-0.209686967632 0.533340405968 0
-0.196875 0.533203125 0
-0.196875 0.54140625 0
-0.202343746566 0.54140625 0
-0.207812493132 0.54140625 0
-0.2015073981 0.549074534753 0
-0.206023130521 0.549609375 0
-0.196875 0.549609375 0
-0.196875 0.5578125 0
-0.200554383955 0.5578125 0
-0.204233767909 0.5578125 0
-0.199774024988 0.565168577076 0
-0.202493334229 0.566015625 0
-0.196875 0.566015625 0
-0.196875 0.57421875 0
-0.198813950275 0.57421875 0
-0.200752900549 0.57421875 0
-0.197165005797 0.582083534159 0
-0.199072217387 0.582140334395 0
-0.19524251818 0.582073332241 0
-0.19361003636 0.589927914481 0
-0.195500785292 0.589994916636 0
-0.197391534225 0.590061918791 0
-0.19546760737 0.593100310518 0
-0.196396392874 0.594686508537 0
-0.194505643942 0.594619506382 0
-0.195401251524 0.599311098282 0
-0.18046875 -0.595092477898 0
-0.18046875 -0.592858738949 0
-0.189786213766 -0.59460393134 0
-0.188671875 -0.598165423861 0
-0.18046875 -0.590625 0
-0.188671875 -0.590625 0
-0.188671875 -0.582421875 0
-0.18046875 -0.582421875 0
-0.18046875 -0.57421875 0
-0.188671875 -0.57421875 0
-0.188566706731 -0.565683293269 0
-0.18046875 -0.565359375 0
-0.188566706731 0.532870793269 0
-0.18046875 0.532546875 0
-0.18046875 0.54140625 0
-0.188671875 0.54140625 0
-0.188671875 0.549609375 0
-0.18046875 0.549609375 0
-0.18046875 0.5578125 0
-0.188671875 0.5578125 0
-0.188671875 0.566015625 0
-0.18046875 0.566015625 0
-0.18046875 0.57421875 0
-0.188671875 0.57421875 0
-0.18782693098 0.581946135968 0
-0.18046875 0.582421875 0
-0.18046875 0.590625 0
-0.18703939318 0.590276457241 0
-0.187559576503 0.598669259981 0
-0.18046875 0.598828125 0
-0.18046875 0.60703125 0
-0.187091263099 0.60703125 0
-0.193713776198 0.60703125 0
-0.194557513861 0.603171174141 0
-0.186217812273 0.614791386433 0
-0.191867152399 0.615234375 0
-0.18046875 0.615234375 0
-0.18046875 0.6234375 0
-0.185244639301 0.6234375 0
-0.190020528601 0.6234375 0
-0.184356931224 0.630943591121 0
-0.188080242985 0.631640625 0
-0.18046875 0.631640625 0
-0.18046875 0.63984375 0
-0.183304353684 0.63984375 0
-0.186139957369 0.63984375 0
-0.182181999176 0.64695382719 0
-0.18411263089 0.647931211099 0
-0.179943319198 0.647910350377 0
-0.179417888396 0.655976950753 0
-0.180751596404 0.655997811476 0
-0.182085304411 0.656018672199 0
-0.180479611982 0.658730129591 0
-0.181010473776 0.660106719011 0
-0.179676765768 0.660085858288 0
-0.179935643141 0.664194765824 0
-0.171718307298 -0.59212558049 0
-0.176093528649 -0.591375290245 0
-0.177551935766 -0.592614352796 0
-0.176093528649 -0.593609029194 0
-0.172164049908 -0.582739201972 0
-0.167541972508 -0.590825920002 0
-0.163365637717 -0.589526259514 0
-0.163714068858 -0.581872504757 0
-0.1640625 -0.57421875 0
-0.172265625 -0.57421875 0
-0.172370793269 -0.565683293269 0
-0.1640625 -0.566015625 0
-0.172046875 0.532984375 0
-0.171609375 0.54140625 0
-0.171933293269 0.549504206731 0
-0.172265625 0.5578125 0
-0.171933293269 0.566120793269 0
-0.171609375 0.57421875 0
-0.171933293269 0.582316706731 0
-0.172265625 0.590625 0
-0.171933293269 0.598933293269 0
-0.171609375 0.60703125 0
-0.171933293269 0.615129206731 0
-0.172265625 0.6234375 0
-0.171933293269 0.631745793269 0
-0.171609375 0.63984375 0
-0.17164844917 0.647785247213 0
-0.171740194198 0.656113475377 0
-0.171678217716 0.664218610924 0
-0.1640625 0.664453125 0
-0.1640625 0.67265625 0
-0.17084745277 0.67265625 0
-0.177632405539 0.67265625 0
-0.17878402434 0.668425507912 0
-0.169750971046 0.68028420881 0
-0.175274087445 0.680859375 0
-0.1640625 0.680859375 0
-0.1640625 0.6890625 0
-0.168489134675 0.6890625 0
-0.17291576935 0.6890625 0
-0.167388115042 0.696163110487 0
-0.170371818603 0.697265625 0
-0.1640625 0.697265625 0
-0.1640625 0.70546875 0
-0.165945183928 0.70546875 0
-0.167827867856 0.70546875 0
-0.165498462457 0.708720703504 0
-0.166216443686 0.710346680256 0
-0.164333759758 0.710346680256 0
-0.164605019516 0.715224610511 0
-0.14765625 -0.585321631411 0
-0.14765625 -0.579770190706 0
-0.15612003883 -0.580838130093 0
-0.155510943858 -0.587423945463 0
-0.14765625 -0.57421875 0
-0.155859375 -0.57421875 0
-0.155754206731 -0.565683293269 0
-0.14765625 -0.565359375 0
-0.155754206731 0.664120793269 0
-0.14765625 0.663796875 0
-0.14765625 0.67265625 0
-0.155859375 0.67265625 0
-0.155859375 0.680859375 0
-0.14765625 0.680859375 0
-0.14765625 0.6890625 0
-0.155859375 0.6890625 0
-0.155859375 0.697265625 0
-0.14765625 0.697265625 0
-0.14765625 0.70546875 0
-0.155859375 0.70546875 0
-0.155840910209 0.713612494745 0
-0.14765625 0.713671875 0
-0.14765625 0.721875 0
-0.154938625344 0.722010518245 0
-0.162221000689 0.72214603649 0
-0.163413010102 0.718685323501 0
-0.153576924435 0.729452457294 0
-0.159270129397 0.730213643245 0
-0.14765625 0.730078125 0
-0.14765625 0.73828125 0
-0.151987754053 0.73828125 0
-0.156319258106 0.73828125 0
-0.150530561297 0.744984995834 0
-0.153084827486 0.746382373047 0
-0.147368839138 0.74636249983 0
-0.147081428275 0.75444374966 0
-0.148465912571 0.754463622877 0
-0.149850396867 0.754483496094 0
-0.148074175817 0.756477574342 0
-0.148570549587 0.757494486681 0
-0.147186065292 0.757474613465 0
-0.147290702308 0.760505477269 0
-0.13125 -0.5819664225 0
-0.13125 -0.57809258625 0
-0.139939816235 -0.578981154596 0
-0.139453125 -0.583644026955 0
-0.13125 -0.57421875 0
-0.139453125 -0.57421875 0
-0.139558293269 -0.565683293269 0
-0.13125 -0.566015625 0
-0.139234375 0.664234375 0
-0.138796875 0.67265625 0
-0.139120793269 0.680754206731 0
-0.139453125 0.6890625 0
-0.139120793269 0.697370793269 0
-0.138796875 0.70546875 0
-0.139120793269 0.713566706731 0
-0.139453125 0.721875 0
-0.139120793269 0.730183293269 0
-0.138796875 0.73828125 0
-0.138955749079 0.746271393566 0
-0.139165714138 0.75456562483 0
-0.138597914095 0.762350708762 0
-0.13125 0.762890625 0
-0.13125 0.77109375 0
-0.136906675709 0.77109375 0
-0.142563351417 0.77109375 0
-0.144927026863 0.765799613635 0
-0.135275881343 0.777811147186 0
-0.138580377161 0.779296875 0
-0.13125 0.779296875 0
-0.13125 0.7875 0
-0.132923701452 0.7875 0
-0.134597402905 0.7875 0
-0.132365800968 0.789633690711 0
-0.132923701452 0.79070053607 0
-0.13125 0.79070053607 0
-0.13125 0.79390107214 0
-0.11484375 -0.579699982912 0
-0.11484375 -0.576959366456 0
-0.123515341253 -0.577558334462 0
-0.123046875 -0.580833202706 0
-0.11484375 -0.57421875 0
-0.123046875 -0.57421875 0
-0.122941706731 -0.565683293269 0
-0.11484375 -0.565359375 0
-0.122941706731 0.762558293269 0
-0.11484375 0.762234375 0
-0.11484375 0.77109375 0
-0.123046875 0.77109375 0
-0.123046875 0.779296875 0
-0.11484375 0.779296875 0
-0.11484375 0.7875 0
-0.123046875 0.7875 0
-0.12231726266 0.795144354208 0
-0.11484375 0.795703125 0
-0.11484375 0.80390625 0
-0.120276868452 0.80390625 0
-0.125709986904 0.80390625 0
-0.128479993452 0.79890366107 0
-0.117783221883 0.810305927606 0
-0.121115266515 0.81145951515 0
-0.113572042117 0.811273320449 0
-0.112300334234 0.818640390898 0
-0.11441044018 0.818826585599 0
-0.116520546127 0.819012780301 0
-0.113968682748 0.820624028522 0
-0.114802857005 0.821615847336 0
-0.112692751059 0.821429652634 0
-0.113085167884 0.82421891437 0
-0.0984375 -0.578453241114 0
-0.0984375 -0.576335995557 0
-0.106991505654 -0.576661013047 0
-0.106640625 -0.579076612013 0
-0.0984375 -0.57421875 0
-0.106640625 -0.57421875 0
-0.106745793269 -0.565683293269 0
-0.0984375 -0.566015625 0
-0.106421875 0.762671875 0
-0.105984375 0.77109375 0
-0.106308293269 0.779191706731 0
-0.106640625 0.7875 0
-0.106308293269 0.795808293269 0
-0.105984375 0.80390625 0
-0.105530508329 0.811376816715 0
-0.105368917117 0.819476445449 0
-0.104599809513 0.826870701167 0
-0.0984375 0.828515625 0
-0.0984375 0.83671875 0
-0.101296634571 0.83671875 0
-0.104155769143 0.83671875 0
-0.108620468513 0.830468832185 0
-0.100343589714 0.839142275943 0
-0.101296634571 0.840354038913 0
-0.0984375 0.840354038913 0
-0.0984375 0.843989327826 0
-0.0820321385842 -0.578056008157 0
-0.0820322821182 -0.576025724699 0
-0.090292217832 -0.576181950521 0
-0.0902348192921 -0.578254624635 0
-0.0820324256522 -0.573995441242 0
-0.0902349628261 -0.574107095621 0
-0.090146826538 -0.565627463174 0
-0.0820318378261 -0.565247720621 0
-0.0901292067308 0.828183293269 0
-0.08203125 0.827859375 0
-0.08203125 0.83671875 0
-0.090234375 0.83671875 0
-0.0893742766721 0.844126804673 0
-0.08203125 0.844921875 0
-0.08203125 0.853125 0
-0.0862993281997 0.853125 0
-0.0905674063993 0.853125 0
-0.0945024531997 0.848557163913 0
-0.0848766354664 0.856071521747 0
-0.0862993281997 0.85754478262 0
-0.08203125 0.85754478262 0
-0.08203125 0.861964565241 0
-0.0656242158014 -0.578262438458 0
-0.0656240861794 -0.576219001536 0
-0.0738193520327 -0.576122455849 0
-0.0738281771928 -0.578159223307 0
-0.0656239565574 -0.574175564614 0
-0.0738281911048 -0.574085502928 0
-0.0739196218416 -0.565616906532 0
-0.0656244782787 -0.565994032307 0
-0.073609375 0.828296875 0
-0.073171875 0.83671875 0
-0.0734957932692 0.844816706731 0
-0.073828125 0.853125 0
-0.0731118849435 0.860581172762 0
-0.065625 0.861328125 0
-0.065625 0.86953125 0
-0.0696944133656 0.86953125 0
-0.0737638267312 0.86953125 0
-0.0778975383656 0.86574790762 0
-0.0683379422437 0.871713329818 0
-0.0696944133656 0.872804369728 0
-0.065625 0.872804369728 0
-0.065625 0.876077489455 0
-0.04921875 -0.578794551544 0
-0.04921875 -0.576506650772 0
-0.0572670980878 -0.576365538008 0
-0.0574214829007 -0.578528495001 0
-0.04921875 -0.57421875 0
-0.0574213532787 -0.574197157307 0
-0.0573128546872 -0.56567240237 0
-0.04921875 -0.565359375 0
-0.0573167067308 0.860995793269 0
-0.04921875 0.860671875 0
-0.04921875 0.86953125 0
-0.057421875 0.86953125 0
-0.0559995868082 0.875747861813 0
-0.0484136835735 0.876269419036 0
-0.047608617147 0.883007588073 0
-0.0507463149392 0.88351785577 0
-0.0538840127314 0.884028123467 0
-0.0597545063657 0.880052806461 0
-0.0498221036843 0.884809123621 0
-0.050928846953 0.885709891395 0
-0.0477911491608 0.885199623698 0
-0.0479736811745 0.887391659323 0
-0.0328125 -0.579389254168 0
-0.0328125 -0.576804002084 0
-0.0408487781931 -0.576658350405 0
-0.041015625 -0.579091902856 0
-0.0328125 -0.57421875 0
-0.041015625 -0.57421875 0
-0.0411207932692 -0.565683293269 0
-0.0328125 -0.566015625 0
-0.0411207932692 0.860995793269 0
-0.0328125 0.861328125 0
-0.0328125 0.86953125 0
-0.041015625 0.86953125 0
-0.0403512714061 0.876885380334 0
-0.0328125 0.877734375 0
-0.0328125 0.8859375 0
-0.0402105585735 0.884472544036 0
-0.0395737967564 0.887873809766 0
-0.0328125 0.890043745325 0
-0.0328125 0.894149990649 0
-0.0403930905873 0.890770824986 0
-0.01640625 -0.579835833798 0
-0.01640625 -0.577027291899 0
-0.0244961785949 -0.5769171876 0
-0.024609375 -0.579612543983 0
-0.01640625 -0.57421875 0
-0.024609375 -0.57421875 0
-0.0245042067308 -0.565683293269 0
-0.01640625 -0.565359375 0
-0.0245042067308 0.860995793269 0
-0.01640625 0.860671875 0
-0.01640625 0.86953125 0
-0.024609375 0.86953125 0
-0.024609375 0.877734375 0
-0.01640625 0.877734375 0
-0.01640625 0.8859375 0
-0.024609375 0.8859375 0
-0.0240433314888 0.891216186105 0
-0.0164268333521 0.892237727252 0
-0.0164474167043 0.898537954503 0
-0.0246299583521 0.896343972576 0
0 -0.58 0
0 -0.577109375 0
-0.00816374275643 -0.577068530485 0
-0.008203125 -0.579917916899 0
0 -0.57421875 0
-0.008203125 -0.57421875 0
-0.00830829326923 -0.565683293269 0
0 -0.566015625 0
-0.00830829326923 0.860995793269 0
0 0.861328125 0
0 0.86953125 0
-0.008203125 0.86953125 0
-0.008203125 0.877734375 0
0 0.877734375 0
0 0.8859375 0
-0.008203125 0.8859375 0
-0.00806349386462 0.892612847247 0
0 0.89296875 0
0 0.9 0
-0.00822370835214 0.899268977252 0
0.01640625 -0.579835833798 0
0.01640625 -0.577027291899 0
0.00816374275643 -0.577068530485 0
0.008203125 -0.579917916899 0
0.01640625 -0.57421875 0
0.008203125 -0.57421875 0
0.00830829326923 -0.565683293269 0
0.01640625 -0.565359375 0
0.00830829326923 0.860995793269 0
0.01640625 0.860671875 0
0.01640625 0.86953125 0
0.008203125 0.86953125 0
0.008203125 0.877734375 0
0.01640625 0.877734375 0
0.01640625 0.8859375 0
0.008203125 0.8859375 0
0.00806349386462 0.892612847247 0
0.0164268333521 0.892237727252 0
0.0164474167043 0.898537954503 0
0.00822370835214 0.899268977252 0
0.0328125 -0.579389254168 0
0.0328125 -0.576804002084 0
0.0244961785949 -0.5769171876 0
0.024609375 -0.579612543983 0
0.0328125 -0.57421875 0
0.024609375 -0.57421875 0
0.0245042067308 -0.565683293269 0
0.0328125 -0.566015625 0
0.0245042067308 0.860995793269 0
0.0328125 0.861328125 0
0.0328125 0.86953125 0
0.024609375 0.86953125 0
0.024609375 0.877734375 0
0.0328125 0.877734375 0
0.0328125 0.8859375 0
0.024609375 0.8859375 0
0.0240433314888 0.891216186105 0
0.0328125 0.890043745325 0
0.0328125 0.894149990649 0
0.0246299583521 0.896343972576 0
0.04921875 -0.578794551544 0
0.04921875 -0.576506650772 0
0.0408487781931 -0.576658350405 0
0.041015625 -0.579091902856 0
0.04921875 -0.57421875 0
0.041015625 -0.57421875 0
0.0411207932692 -0.565683293269 0
0.04921875 -0.565359375 0
0.0411207932692 0.860995793269 0
0.04921875 0.860671875 0
0.04921875 0.86953125 0
0.041015625 0.86953125 0
0.0403512714061 0.876885380334 0
0.0484136835736 0.876269419036 0
0.0476086171471 0.883007588073 0
0.0402105585736 0.884472544036 0
0.0395737967564 0.887873809766 0
0.0477911491609 0.885199623698 0
0.0479736811746 0.887391659323 0
0.0403930905873 0.890770824986 0
0.0656242158014 -0.578262438458 0
0.0656240861794 -0.576219001536 0
0.0572670980878 -0.576365538009 0
0.0574214829007 -0.578528495001 0
0.0656239565574 -0.574175564614 0
0.0574213532787 -0.574197157307 0
0.0573128546872 -0.56567240237 0
0.0656244782787 -0.565994032307 0
0.0573167067308 0.860995793269 0
0.065625 0.861328125 0
0.065625 0.86953125 0
0.057421875 0.86953125 0
0.0559995868082 0.875747861813 0
0.065625 0.872804369728 0
0.065625 0.876077489455 0
0.0597545063657 0.880052806461 0
0.0538840127315 0.884028123467 0
0.0507463149393 0.88351785577 0
0.0498221036844 0.884809123621 0
0.0509288469531 0.885709891395 0
0.0820321385842 -0.578056008157 0
0.0820322821182 -0.576025724699 0
0.0738193520327 -0.576122455849 0
0.0738281771928 -0.578159223307 0
0.0820324256522 -0.573995441242 0
0.0738281911048 -0.574085502928 0
0.0739196218416 -0.565616906532 0
0.0820318378261 -0.565247720621 0
0.073609375 0.828296875 0
0.08203125 0.827859375 0
0.08203125 0.83671875 0
0.073171875 0.83671875 0
0.0734957932692 0.844816706731 0
0.08203125 0.844921875 0
0.08203125 0.853125 0
0.073828125 0.853125 0
0.0731118849435 0.860581172762 0
0.08203125 0.85754478262 0
0.08203125 0.861964565241 0
0.0778975383656 0.86574790762 0
0.0737638267312 0.86953125 0
0.0696944133656 0.86953125 0
0.0683379422437 0.871713329818 0
0.0696944133656 0.872804369728 0
0.0984375 -0.578453241114 0
0.0984375 -0.576335995557 0
0.0902922178319 -0.576181950521 0
0.0902348192921 -0.578254624635 0
0.0984375 -0.57421875 0
0.0902349628261 -0.574107095621 0
0.090146826538 -0.565627463174 0
0.0984375 -0.566015625 0
0.0901292067308 0.828183293269 0
0.0984375 0.828515625 0
0.0984375 0.83671875 0
0.090234375 0.83671875 0
0.0893742766721 0.844126804673 0
0.0984375 0.840354038913 0
0.0984375 0.843989327826 0
0.0945024531997 0.848557163913 0
0.0905674063993 0.853125 0
0.0862993281997 0.853125 0
0.0848766354664 0.856071521747 0
0.0862993281997 0.85754478262 0
0.11484375 -0.579699982912 0
0.11484375 -0.576959366456 0
0.106991505654 -0.576661013047 0
0.106640625 -0.579076612013 0
0.11484375 -0.57421875 0
0.106640625 -0.57421875 0
0.106745793269 -0.565683293269 0
0.11484375 -0.565359375 0
0.106421875 0.762671875 0
0.11484375 0.762234375 0
0.11484375 0.77109375 0
0.105984375 0.77109375 0
0.106308293269 0.779191706731 0
0.11484375 0.779296875 0
0.11484375 0.7875 0
0.106640625 0.7875 0
0.106308293269 0.795808293269 0
0.11484375 0.795703125 0
0.11484375 0.80390625 0
0.105984375 0.80390625 0
0.105530508329 0.811376816715 0
0.113572042117 0.811273320449 0
0.112300334234 0.818640390898 0
0.105368917117 0.819476445449 0
0.104599809513 0.826870701166 0
0.112692751059 0.821429652634 0
0.113085167884 0.82421891437 0
0.108620468513 0.830468832185 0
0.104155769143 0.83671875 0
0.101296634571 0.83671875 0
0.100343589714 0.839142275943 0
0.101296634571 0.840354038913 0
0.13125 -0.5819664225 0
0.13125 -0.57809258625 0
0.123515341253 -0.577558334462 0
0.123046875 -0.580833202706 0
0.13125 -0.57421875 0
0.123046875 -0.57421875 0
0.122941706731 -0.565683293269 0
0.13125 -0.566015625 0
0.122941706731 0.762558293269 0
0.13125 0.762890625 0
0.13125 0.77109375 0
0.123046875 0.77109375 0
0.123046875 0.779296875 0
0.13125 0.779296875 0
0.13125 0.7875 0
0.123046875 0.7875 0
0.12231726266 0.795144354208 0
0.13125 0.79070053607 0
0.13125 0.79390107214 0
0.128479993452 0.79890366107 0
0.125709986904 0.80390625 0
0.120276868452 0.80390625 0
0.117783221883 0.810305927606 0
0.121115266516 0.81145951515 0
0.116520546127 0.819012780301 0
0.114410440181 0.818826585599 0
0.113968682748 0.820624028524 0
0.114802857005 0.821615847335 0
0.14765625 -0.585321631411 0
0.14765625 -0.579770190706 0
0.139939816235 -0.578981154596 0
0.139453125 -0.583644026955 0
0.14765625 -0.57421875 0
0.139453125 -0.57421875 0
0.139558293269 -0.565683293269 0
0.14765625 -0.565359375 0
0.139234375 0.664234375 0
0.14765625 0.663796875 0
0.14765625 0.67265625 0
0.138796875 0.67265625 0
0.139120793269 0.680754206731 0
0.14765625 0.680859375 0
0.14765625 0.6890625 0
0.139453125 0.6890625 0
0.139120793269 0.697370793269 0
0.14765625 0.697265625 0
0.14765625 0.70546875 0
0.138796875 0.70546875 0
0.139120793269 0.713566706731 0
0.14765625 0.713671875 0
0.14765625 0.721875 0
0.139453125 0.721875 0
0.139120793269 0.730183293269 0
0.14765625 0.730078125 0
0.14765625 0.73828125 0
0.138796875 0.73828125 0
0.138955749079 0.746271393566 0
0.147368839138 0.74636249983 0
0.147081428275 0.75444374966 0
0.139165714138 0.75456562483 0
0.138597914095 0.762350708761 0
0.147186065292 0.757474613465 0
0.147290702308 0.760505477269 0
0.144927026863 0.765799613635 0
0.142563351417 0.77109375 0
0.136906675709 0.77109375 0
0.135275881343 0.777811147186 0
0.138580377161 0.779296875 0
0.134597402905 0.7875 0
0.132923701452 0.7875 0
0.132365800968 0.789633690713 0
0.132923701452 0.79070053607 0
0.163365637717 -0.589526259514 0
0.163714068859 -0.581872504757 0
0.15612003883 -0.580838130094 0
0.155510943859 -0.587423945463 0
0.1640625 -0.57421875 0
0.155859375 -0.57421875 0
0.155754206731 -0.565683293269 0
0.1640625 -0.566015625 0
0.155754206731 0.664120793269 0
0.1640625 0.664453125 0
0.1640625 0.67265625 0
0.155859375 0.67265625 0
0.155859375 0.680859375 0
0.1640625 0.680859375 0
0.1640625 0.6890625 0
0.155859375 0.6890625 0
0.155859375 0.697265625 0
0.1640625 0.697265625 0
0.1640625 0.70546875 0
0.155859375 0.70546875 0
0.155840910209 0.713612494745 0
0.164333759758 0.710346680256 0
0.164605019516 0.715224610511 0
0.163413010102 0.718685323501 0
0.162221000689 0.72214603649 0
0.154938625344 0.722010518245 0
0.153576924435 0.729452457294 0
0.159270129397 0.730213643245 0
0.156319258106 0.73828125 0
0.151987754053 0.73828125 0
0.150530561297 0.744984995835 0
0.153084827486 0.746382373047 0
0.149850396867 0.754483496094 0
0.148465912571 0.754463622877 0
0.148074175816 0.75647757434 0
0.148570549587 0.757494486681 0
0.18046875 -0.595092477898 0
0.18046875 -0.592858738949 0
0.177551935766 -0.592614352796 0
0.176093528649 -0.593609029194 0
0.18046875 -0.590625 0
0.176093528649 -0.591375290245 0
0.171718307299 -0.59212558049 0
0.172164049908 -0.582739201972 0
0.167541972508 -0.590825920002 0
0.18046875 -0.582421875 0
0.18046875 -0.57421875 0
0.172265625 -0.57421875 0
0.172370793269 -0.565683293269 0
0.18046875 -0.565359375 0
0.172046875 0.532984375 0
0.18046875 0.532546875 0
0.18046875 0.54140625 0
0.171609375 0.54140625 0
0.171933293269 0.549504206731 0
0.18046875 0.549609375 0
0.18046875 0.5578125 0
0.172265625 0.5578125 0
0.171933293269 0.566120793269 0
0.18046875 0.566015625 0
0.18046875 0.57421875 0
0.171609375 0.57421875 0
0.171933293269 0.582316706731 0
0.18046875 0.582421875 0
0.18046875 0.590625 0
0.172265625 0.590625 0
0.171933293269 0.598933293269 0
0.18046875 0.598828125 0
0.18046875 0.60703125 0
0.171609375 0.60703125 0
0.171933293269 0.615129206731 0
0.18046875 0.615234375 0
0.18046875 0.6234375 0
0.172265625 0.6234375 0
0.171933293269 0.631745793269 0
0.18046875 0.631640625 0
0.18046875 0.63984375 0
0.171609375 0.63984375 0
0.17164844917 0.647785247213 0
0.179943319198 0.647910350377 0
0.179417888396 0.655976950753 0
0.171740194198 0.656113475377 0
0.171678217716 0.664218610924 0
0.179676765768 0.660085858288 0
0.179935643141 0.664194765824 0
0.17878402434 0.668425507912 0
0.177632405539 0.67265625 0
0.17084745277 0.67265625 0
0.169750971046 0.68028420881 0
0.175274087445 0.680859375 0
0.17291576935 0.6890625 0
0.168489134675 0.6890625 0
0.167388115042 0.696163110487 0
0.170371818603 0.697265625 0
0.167827867856 0.70546875 0
0.165945183928 0.70546875 0
0.165498462457 0.708720703503 0
0.166216443686 0.710346680256 0
0.196875 -0.601238369824 0
0.196875 -0.595931684912 0
0.189786213766 -0.59460393134 0
0.188671875 -0.598165423861 0
0.196875 -0.590625 0
0.188671875 -0.590625 0
0.188671875 -0.582421875 0
0.196875 -0.582421875 0
0.196875 -0.57421875 0
0.188671875 -0.57421875 0
0.188566706731 -0.565683293269 0
0.196875 -0.566015625 0
0.188566706731 0.532870793269 0
0.196875 0.533203125 0
0.196875 0.54140625 0
0.188671875 0.54140625 0
0.188671875 0.549609375 0
0.196875 0.549609375 0
0.196875 0.5578125 0
0.188671875 0.5578125 0
0.188671875 0.566015625 0
0.196875 0.566015625 0
0.196875 0.57421875 0
0.188671875 0.57421875 0
0.18782693098 0.581946135968 0
0.19524251818 0.582073332241 0
0.19361003636 0.589927914481 0
0.18703939318 0.590276457241 0
0.187559576503 0.598669259981 0
0.194505643942 0.594619506382 0
0.195401251524 0.599311098282 0
0.194557513861 0.603171174141 0
0.193713776198 0.60703125 0
0.187091263099 0.60703125 0
0.186217812273 0.614791386433 0
0.191867152399 0.615234375 0
0.190020528601 0.6234375 0
0.185244639301 0.6234375 0
0.184356931224 0.630943591121 0
0.188080242985 0.631640625 0
0.186139957369 0.63984375 0
0.183304353684 0.63984375 0
0.182181999176 0.64695382719 0
0.18411263089 0.647931211099 0
0.182085304411 0.656018672199 0
0.180751596404 0.655997811476 0
0.180479611983 0.658730129592 0
0.181010473776 0.660106719011 0
0.214183409122 -0.608378694915 0
0.214303678862 -0.606371157076 0
0.211954526291 -0.606065168601 0
0.210719815134 -0.606915943282 0
0.214423948602 -0.604363619238 0
0.210840084874 -0.604908405444 0
0.207256221146 -0.60545319165 0
0.205761745196 -0.597435583364 0
0.202065610573 -0.603345780737 0
0.213852599301 -0.597494309619 0
0.21328125 -0.590625 0
0.205078125 -0.590625 0
0.205078125 -0.582421875 0
0.21328125 -0.582421875 0
0.21328125 -0.57421875 0
0.205078125 -0.57421875 0
0.205183293269 -0.565683293269 0
0.21328125 -0.565359375 0
0.204859375 0.434546875 0
0.21328125 0.434109375 0
0.21328125 0.44296875 0
0.204421875 0.44296875 0
0.204745793269 0.451066706731 0
0.21328125 0.451171875 0
0.21328125 0.459375 0
0.205078125 0.459375 0
0.204745793269 0.467683293269 0
0.21328125 0.467578125 0
0.21328125 0.47578125 0
0.204421875 0.47578125 0
0.204745793269 0.483879206731 0
0.21328125 0.483984375 0
0.21328125 0.4921875 0
0.205078125 0.4921875 0
0.204740394814 0.500492913902 0
0.213271333046 0.500387990458 0
0.213261416093 0.508588480916 0
0.204411958046 0.508591115458 0
0.204692890612 0.516610220305 0
0.213563291066 0.512349467814 0
0.21386516604 0.516110454711 0
0.212713304086 0.520692508323 0
0.211561442132 0.525274561936 0
0.204218221066 0.525137280968 0
0.203311657474 0.532872037242 0
0.209686967632 0.533340405968 0
0.207812493132 0.54140625 0
0.202343746566 0.54140625 0
0.2015073981 0.549074534753 0
0.206023130521 0.549609375 0
0.204233767909 0.5578125 0
0.200554383955 0.5578125 0
0.199774024988 0.565168577076 0
0.202493334229 0.566015625 0
0.200752900549 0.57421875 0
0.198813950275 0.57421875 0
0.197165005797 0.582083534159 0
0.199072217387 0.582140334395 0
0.197391534225 0.590061918791 0
0.195500785292 0.589994916636 0
0.19546760737 0.593100310518 0
0.196396392874 0.594686508537 0
0.2296875 -0.615179632612 0
0.2296875 -0.611105441306 0
0.222845872524 -0.609010586276 0
0.221935454561 -0.611779163763 0
0.2296875 -0.60703125 0
0.222055724301 -0.605697434619 0
0.222009047786 -0.598082687997 0
0.2296875 -0.598828125 0
0.221484375 -0.590625 0
0.221816706731 -0.582316706731 0
0.222140625 -0.57421875 0
0.221703125 -0.565796875 0
0.221379206731 0.434433293269 0
0.2296875 0.434765625 0
0.2296875 0.44296875 0
0.221484375 0.44296875 0
0.221484375 0.451171875 0
0.2296875 0.451171875 0
0.2296875 0.459375 0
0.221484375 0.459375 0
0.221529576531 0.467565479821 0
0.230111481361 0.464543329904 0
0.230535462721 0.469711659807 0
0.228887146915 0.473018349656 0
0.227238831108 0.476325039504 0
0.220260040554 0.476053144752 0
0.218822008943 0.483329701334 0
0.224098078312 0.484256269752 0
0.220957325515 0.4921875 0
0.217119287757 0.4921875 0
0.216055721428 0.499050740154 0
0.218425510018 0.500388412643 0
0.215893694521 0.508589325287 0
0.214577555307 0.508588903102 0
0.214340092218 0.511096086972 0
0.21487943028 0.512349889999 0
0.245091640417 -0.622173453537 0
0.245592695209 -0.614602351768 0
0.238455319227 -0.612990348346 0
0.237389570209 -0.618676543074 0
0.24609375 -0.60703125 0
0.237890625 -0.60703125 0
0.237995793269 -0.598495793269 0
0.24609375 -0.598171875 0
0.237671875 0.401734375 0
0.24609375 0.401296875 0
0.24609375 0.41015625 0
0.237234375 0.41015625 0
0.237558293269 0.418254206731 0
0.24609375 0.418359375 0
0.24609375 0.4265625 0
0.237890625 0.4265625 0
0.237890625 0.434765625 0
0.24609375 0.434765625 0
0.24609375 0.44296875 0
0.237890625 0.44296875 0
0.236865632843 0.450198987575 0
0.24609375 0.446259298914 0
0.24609375 0.449549847828 0
0.241577071704 0.454462423914 0
0.237060393407 0.459375 0
0.233373946704 0.459375 0
0.232427785376 0.462820553269 0
0.233797928064 0.464543329904 0
0.2625 -0.630209077649 0
0.2625 -0.626823288825 0
0.258853630466 -0.626265924666 0
0.257030445699 -0.627680136999 0
0.2625 -0.6234375 0
0.257030445699 -0.624294348174 0
0.251560891397 -0.625151196349 0
0.254069891578 -0.615652142847 0
0.248326265907 -0.623662324943 0
0.2625 -0.615234375 0
0.2625 -0.60703125 0
0.254296875 -0.60703125 0
0.254191706731 -0.598495793269 0
0.2625 -0.598828125 0
0.254191706731 0.401620793269 0
0.2625 0.401953125 0
0.2625 0.41015625 0
0.254296875 0.41015625 0
0.254296875 0.418359375 0
0.2625 0.418359375 0
0.2625 0.4265625 0
0.254296875 0.4265625 0
0.254110135542 0.434572693017 0
0.262664647351 0.433140561863 0
0.262829294701 0.439718623725 0
0.258735753457 0.441614487123 0
0.254642212213 0.443510350521 0
0.250367981107 0.443239550261 0
0.248943237404 0.445342982783 0
0.250367981107 0.446530099175 0
0.278476384875 -0.637581423117 0
0.278691317438 -0.630509461559 0
0.271555295447 -0.628869867876 0
0.270488192438 -0.633895250383 0
0.27890625 -0.6234375 0
0.270703125 -0.6234375 0
0.270703125 -0.615234375 0
0.27890625 -0.615234375 0
0.27890625 -0.60703125 0
0.270703125 -0.60703125 0
0.270808293269 -0.598495793269 0
0.27890625 -0.598171875 0
0.270808293269 0.401620793269 0
0.27890625 0.401296875 0
0.27890625 0.41015625 0
0.270703125 0.41015625 0
0.270703125 0.418359375 0
0.27890625 0.418359375 0
0.27890625 0.4265625 0
0.270703125 0.4265625 0
0.270316657776 0.432216740143 0
0.27890625 0.431213080163 0
0.27890625 0.435863660326 0
0.270867772351 0.437791142025 0
0.2953125 -0.645232354547 0
0.2953125 -0.642538052273 0
0.291868147825 -0.641877630335 0
0.290145971737 -0.642894570504 0
0.2953125 -0.63984375 0
0.290145971737 -0.64020026823 0
0.284979443475 -0.640556786461 0
0.287142034972 -0.631658012678 0
0.281727914175 -0.639069104789 0
0.2953125 -0.631640625 0
0.287109375 -0.6234375 0
0.287441706731 -0.615129206731 0
0.287765625 -0.60703125 0
0.287328125 -0.598609375 0
0.287004206731 0.401620793269 0
0.2953125 0.401953125 0
0.2953125 0.41015625 0
0.287109375 0.41015625 0
0.287109375 0.418359375 0
0.2953125 0.418359375 0
0.2953125 0.4265625 0
0.287109375 0.4265625 0
0.286948179869 0.430959271806 0
0.2953125 0.43069528861 0
0.2953125 0.434828077221 0
0.287109375 0.435345868773 0
0.31171875 -0.652474063423 0
0.31171875 -0.646158906711 0
0.304614556009 -0.644591013236 0
0.303515625 -0.648853208985 0
0.31171875 -0.63984375 0
0.303515625 -0.63984375 0
0.303620793269 -0.631308293269 0
0.31171875 -0.630984375 0
0.303620793269 0.401620793269 0
0.31171875 0.401296875 0
0.31171875 0.41015625 0
0.303515625 0.41015625 0
0.303515625 0.418359375 0
0.31171875 0.418359375 0
0.31171875 0.4265625 0
0.303515625 0.4265625 0
0.303600257679 0.430828651609 0
0.31171875 0.430959290863 0
0.31171875 0.435356081726 0
0.303515625 0.435092079473 0
0.328125 -0.659419165378 0
0.328125 -0.657834582689 0
0.325596528593 -0.657306388459 0
0.324332292889 -0.657834582689 0
0.328125 -0.65625 0
0.324332292889 -0.65625 0
0.320539585779 -0.65625 0
0.320268966379 -0.647588877793 0
0.316129167889 -0.654362031711 0
0.328125 -0.648046875 0
0.328125 -0.63984375 0
0.319921875 -0.63984375 0
0.319816706731 -0.631308293269 0
0.328125 -0.631640625 0
0.319816706731 0.401620793269 0
0.328125 0.401953125 0
0.328125 0.41015625 0
0.319921875 0.41015625 0
0.319921875 0.418359375 0
0.328125 0.418359375 0
0.328125 0.4265625 0
0.319921875 0.4265625 0
0.320114051261 0.431299450676 0
0.328125 0.431624037339 0
0.328125 0.436685574678 0
0.319921875 0.436020828202 0
0.34453125 -0.665991120858 0
0.34453125 -0.661120560429 0
0.337720053145 -0.659756358296 0
0.336328125 -0.662705143118 0
0.34453125 -0.65625 0
0.336328125 -0.65625 0
0.336328125 -0.648046875 0
0.34453125 -0.648046875 0
0.34453125 -0.63984375 0
0.336328125 -0.63984375 0
0.336433293269 -0.631308293269 0
0.34453125 -0.630984375 0
0.336433293269 0.401620793269 0
0.34453125 0.401296875 0
0.34453125 0.41015625 0
0.336328125 0.41015625 0
0.336328125 0.418359375 0
0.34453125 0.418359375 0
0.34453125 0.4265625 0
0.336328125 0.4265625 0
0.336536450861 0.43205206853 0
0.34453125 0.43245889768 0
0.34453125 0.438355295359 0
0.336328125 0.437520435019 0
0.360039538743 -0.671795884576 0
0.360488519371 -0.664022942288 0
0.353135158277 -0.662639798943 0
0.352285394371 -0.668893502717 0
0.352734375 -0.65625 0
0.353066706731 -0.647941706731 0
0.353390625 -0.63984375 0
0.352953125 -0.631421875 0
0.352953125 0.401734375 0
0.353390625 0.41015625 0
0.353066706731 0.418254206731 0
0.352734375 0.4265625 0
0.352918720287 0.43289551762 0
0.360936835468 0.433313066055 0
0.360936170936 0.440063632109 0
0.352733710468 0.439209463734 0
0.37734375 -0.677732664222 0
0.37734375 -0.675194457111 0
0.374059017278 -0.674938327951 0
0.372416650917 -0.676079366926 0
0.37734375 -0.67265625 0
0.372416650917 -0.673541159815 0
0.367489551833 -0.674426069631 0
0.36904592033 -0.664571342834 0
0.363764545288 -0.673110977103 0
0.37734375 -0.663796875 0
0.369361583098 0.433357240083 0
0.377268652746 0.433418542892 0
0.377193555492 0.441587085784 0
0.369064863214 0.440825358946 0
0.39375 -0.68276392299 0
0.39375 -0.677710086495 0
0.386452912222 -0.676591197752 0
0.385546875 -0.680248293606 0
0.39375 -0.67265625 0
0.385546875 -0.67265625 0
0.385441706731 -0.664120793269 0
0.39375 -0.664453125 0
0.385453727556 0.434044572328 0
0.39365589151 0.43467839411 0
0.39356178302 0.442794288219 0
0.385377669256 0.442190687001 0
0.409869867259 -0.687069222996 0
0.41001305863 -0.679862736498 0
0.402361058892 -0.678835051635 0
0.40180993363 -0.684916572993 0
0.41015625 -0.67265625 0
0.401953125 -0.67265625 0
0.402058293269 -0.664120793269 0
0.41015625 -0.663796875 0
0.401734375 -0.188890625 0
0.41015625 -0.189328125 0
0.41015625 -0.18046875 0
0.401296875 -0.18046875 0
0.401620793269 -0.172370793269 0
0.41015625 -0.172265625 0
0.41015625 -0.1640625 0
0.401953125 -0.1640625 0
0.401620793269 -0.155754206731 0
0.41015625 -0.155859375 0
0.41015625 -0.14765625 0
0.401296875 -0.14765625 0
0.401734375 -0.139234375 0
0.41015625 -0.138796875 0
0.401780852979 0.434129884682 0
0.410203942085 0.432470318307 0
0.41025163417 0.439690636614 0
0.40608873252 0.441467054601 0
0.401925830871 0.443243472587 0
0.397743806945 0.443018880403 0
0.407470510141 0.442164051065 0
0.406079948126 0.44340075829 0
0.410242849776 0.441624340304 0
0.410234065382 0.443558043993 0
0.426840972731 -0.690834715317 0
0.426874672959 -0.689063732901 0
0.4239039872 -0.689032020114 0
0.422401794204 -0.689901654924 0
0.426908373188 -0.687292750484 0
0.422435494432 -0.688130672508 0
0.417962615677 -0.688968594531 0
0.418386598442 -0.680426788226 0
0.413916241468 -0.688018908764 0
0.426735436594 -0.679974500242 0
0.4265625 -0.67265625 0
0.418359375 -0.67265625 0
0.418254206731 -0.66412079327 0
0.4265625 -0.664453125 0
0.418254206731 -0.189004206731 0
0.4265625 -0.188671875 0
0.4265625 -0.18046875 0
0.418359375 -0.18046875 0
0.418359375 -0.172265625 0
0.4265625 -0.172265625 0
0.4265625 -0.1640625 0
0.418359375 -0.1640625 0
0.418359375 -0.155859375 0
0.4265625 -0.155859375 0
0.4265625 -0.14765625 0
0.418359375 -0.14765625 0
0.418254206731 -0.139120793269 0
0.4265625 -0.139453125 0
0.418272497168 0.432845903549 0
0.426549429263 0.433248260322 0
0.426536358526 0.439934020645 0
0.418393996348 0.439812328629 0
0.418370331909 0.441731756644 0
0.42653891984 0.441838826873 0
0.426541481153 0.443743633101 0
0.418387773267 0.443650838547 0
0.44296875 -0.69359371874 0
0.44296875 -0.69132810937 0
0.435246849002 -0.690243248129 0
0.434904861366 -0.692214217029 0
0.44296875 -0.6890625 0
0.434938561594 -0.688177625242 0
0.435007750196 -0.680396292628 0
0.44296875 -0.680859375 0
0.44296875 -0.67265625 0
0.434765625 -0.67265625 0
0.434870793269 -0.664120793269 0
0.44296875 -0.663796875 0
0.434546875 -0.254515625 0
0.44296875 -0.254953125 0
0.44296875 -0.24609375 0
0.434109375 -0.24609375 0
0.434433293269 -0.237995793269 0
0.44296875 -0.237890625 0
0.44296875 -0.2296875 0
0.434765625 -0.2296875 0
0.434433293269 -0.221379206731 0
0.44296875 -0.221484375 0
0.44296875 -0.21328125 0
0.434109375 -0.21328125 0
0.434552137505 -0.205165015866 0
0.44346093906 -0.208190351017 0
0.443953128121 -0.203099452033 0
0.442482340883 -0.199725377574 0
0.441011553645 -0.196351303114 0
0.433787026823 -0.196613151557 0
0.432638346694 -0.189086588621 0
0.438603501262 -0.188410026557 0
0.436195448879 -0.18046875 0
0.43137897444 -0.18046875 0
0.431425843301 -0.172239356673 0
0.43628888739 -0.172265625 0
0.4363823259 -0.1640625 0
0.43147241295 -0.1640625 0
0.433568928747 -0.154932788857 0
0.439307928784 -0.158102957508 0
0.442233531668 -0.152143415016 0
0.442062571208 -0.149371867888 0
0.441891610748 -0.146600320761 0
0.434227055374 -0.147128285381 0
0.434408468974 -0.139099258196 0
0.442430180374 -0.138925160381 0
0.44296875 -0.13125 0
0.434765625 -0.13125 0
0.434433293269 -0.122941706731 0
0.44296875 -0.123046875 0
0.44296875 -0.11484375 0
0.434109375 -0.11484375 0
0.434546875 -0.106421875 0
0.44296875 -0.105984375 0
0.434776889207 0.432742399599 0
0.44287479951 0.432266237198 0
0.442780849019 0.439282474396 0
0.434658603773 0.43960824752 0
0.434734733705 0.441558718251 0
0.442798401347 0.441281974496 0
0.442815953675 0.443281474597 0
0.434678717414 0.443512553849 0
0.459375 -0.695473505936 0
0.459375 -0.692268002968 0
0.451641618883 -0.69182496721 0
0.451171875 -0.694533612338 0
0.459375 -0.6890625 0
0.451171875 -0.6890625 0
0.451171875 -0.680859375 0
0.459375 -0.680859375 0
0.459375 -0.67265625 0
0.451171875 -0.67265625 0
0.451066706731 -0.664120793269 0
0.459375 -0.664453125 0
0.451066706731 -0.254629206731 0
0.459375 -0.254296875 0
0.459375 -0.24609375 0
0.451171875 -0.24609375 0
0.451546694452 -0.237638163224 0
0.460138879158 -0.239948032043 0
0.460902758317 -0.233802314086 0
0.459344423402 -0.231222314556 0
0.457786088488 -0.228642315026 0
0.450377419244 -0.229164907513 0
0.448471940556 -0.222350703455 0
0.453422327853 -0.220961782513 0
0.449058567218 -0.21328125 0
0.446013658609 -0.21328125 0
0.445326815113 -0.209887317344 0
0.446505847669 -0.208190351017 0
0.447030247688 -0.146910674601 0
0.444460929218 -0.146755497681 0
0.443718463368 -0.148551470126 0
0.444631889678 -0.149527044809 0
0.449754515895 -0.13787088613 0
0.453202623844 -0.142385481972 0
0.459375 -0.137860289342 0
0.459375 -0.134555144671 0
0.459375 -0.13125 0
0.451171875 -0.13125 0
0.451171875 -0.123046875 0
0.459375 -0.123046875 0
0.459375 -0.11484375 0
0.451171875 -0.11484375 0
0.451066706731 -0.106308293269 0
0.459375 -0.106640625 0
0.451313079309 0.433844427861 0
0.459487501058 0.434298876592 0
0.459600002116 0.442035253185 0
0.45561097388 0.442383057522 0
0.451621945644 0.44273086186 0
0.447201397331 0.441006668128 0
0.445739582779 0.441764936951 0
0.447218949659 0.443006168228 0
0.47578125 -0.696286142938 0
0.47578125 -0.692674321469 0
0.467741096142 -0.692475198375 0
0.467578125 -0.695879824437 0
0.47578125 -0.6890625 0
0.467578125 -0.6890625 0
0.467578125 -0.680859375 0
0.47578125 -0.680859375 0
0.47578125 -0.67265625 0
0.467578125 -0.67265625 0
0.467683293269 -0.664120793269 0
0.47578125 -0.663796875 0
0.467359375 -0.320140625 0
0.47578125 -0.320578125 0
0.47578125 -0.31171875 0
0.466921875 -0.31171875 0
0.467245793269 -0.303620793269 0
0.47578125 -0.303515625 0
0.47578125 -0.2953125 0
0.467578125 -0.2953125 0
0.467245793269 -0.287004206731 0
0.47578125 -0.287109375 0
0.47578125 -0.27890625 0
0.466921875 -0.27890625 0
0.467245793269 -0.270808293269 0
0.47578125 -0.270703125 0
0.47578125 -0.2625 0
0.467578125 -0.2625 0
0.466543568706 -0.255089107894 0
0.47578125 -0.259943241686 0
0.47578125 -0.257386483372 0
0.472171490161 -0.251740116686 0
0.468561730323 -0.24609375 0
0.463968365161 -0.24609375 0
0.462946496213 -0.241996604695 0
0.46473224432 -0.239948032043 0
0.470046759695 -0.132140184764 0
0.464710879848 -0.131695092382 0
0.462932253232 -0.133750158035 0
0.464710879848 -0.135000237053 0
0.467602882094 -0.123146933589 0
0.473181885572 -0.130682427984 0
0.476317011448 -0.129224671204 0
0.476049130724 -0.122034210602 0
0.47578125 -0.11484375 0
0.467578125 -0.11484375 0
0.467683293269 -0.106308293269 0
0.47578125 -0.105984375 0
0.467359375 0.401734375 0
0.47578125 0.401296875 0
0.47578125 0.41015625 0
0.466921875 0.41015625 0
0.467245793269 0.418254206731 0
0.47578125 0.418359375 0
0.47578125 0.4265625 0
0.467578125 0.4265625 0
0.467452204431 0.433790289169 0
0.475801514331 0.433282220073 0
0.475821778662 0.440001940147 0
0.467710890389 0.441018596666 0
0.4921875 -0.695860854558 0
0.4921875 -0.692461677279 0
0.483901441173 -0.692569074293 0
0.483984375 -0.696073498748 0
0.4921875 -0.6890625 0
0.483984375 -0.6890625 0
0.483984375 -0.680859375 0
0.4921875 -0.680859375 0
0.4921875 -0.67265625 0
0.483984375 -0.67265625 0
0.483879206731 -0.664120793269 0
0.4921875 -0.664453125 0
0.483879206731 -0.320254206731 0
0.4921875 -0.319921875 0
0.4921875 -0.31171875 0
0.483984375 -0.31171875 0
0.483984375 -0.303515625 0
0.4921875 -0.303515625 0
0.4921875 -0.2953125 0
0.483984375 -0.2953125 0
0.483850914548 -0.287234612307 0
0.4921875 -0.289033971759 0
0.4921875 -0.282755443519 0
0.49094446525 -0.280830846759 0
0.4897014305 -0.27890625 0
0.48274134025 -0.27890625 0
0.480632086579 -0.272389543302 0
0.484391241681 -0.270703125 0
0.479081052862 -0.2625 0
0.477431151431 -0.2625 0
0.476881184288 -0.260795494457 0
0.477431151431 -0.259943241686 0
0.4921875 -0.122665194673 0
0.4921875 -0.118754472336 0
0.48331389319 -0.12053618305 0
0.484252255724 -0.125944932939 0
0.4921875 -0.11484375 0
0.483984375 -0.11484375 0
0.483879206731 -0.106308293269 0
0.4921875 -0.106640625 0
0.483879206731 0.401620793269 0
0.4921875 0.401953125 0
0.4921875 0.41015625 0
0.483984375 0.41015625 0
0.483984375 0.418359375 0
0.4921875 0.418359375 0
0.4921875 0.4265625 0
0.483984375 0.4265625 0
0.483655885382 0.432570110478 0
0.4921875 0.431801104407 0
0.4921875 0.437039708813 0
0.484004639331 0.43852082448 0
0.50859375 -0.693968365604 0
0.50859375 -0.691515432802 0
0.499948496057 -0.692014055205 0
0.500390625 -0.694914610081 0
0.50859375 -0.6890625 0
0.500390625 -0.6890625 0
0.500390625 -0.680859375 0
0.50859375 -0.680859375 0
0.50859375 -0.67265625 0
0.500390625 -0.67265625 0
0.500495793269 -0.664120793269 0
0.50859375 -0.663796875 0
0.500171875 -0.352953125 0
0.50859375 -0.353390625 0
0.50859375 -0.34453125 0
0.499734375 -0.34453125 0
0.500058293269 -0.336433293269 0
0.50859375 -0.336328125 0
0.50859375 -0.328125 0
0.500390625 -0.328125 0
0.500313116447 -0.3199835084 0
0.508465269962 -0.320002107891 0
0.508336789924 -0.311879215783 0
0.500262144962 -0.311798982891 0
0.498986196786 -0.304518093725 0
0.508365384622 -0.310035659979 0
0.508393979321 -0.308192104175 0
0.504320551499 -0.301752302087 0
0.500247123677 -0.2953125 0
0.496217311839 -0.2953125 0
0.494874041226 -0.291126814506 0
0.496217311839 -0.289033971759 0
0.508284337461 -0.116665894191 0
0.508253955721 -0.115233856197 0
0.498983326531 -0.117267779059 0
0.500235918731 -0.119665544432 0
0.508223573981 -0.113801818202 0
0.500205536991 -0.114322784101 0
0.500318361861 -0.106019345225 0
0.508408661991 -0.105463409101 0
0.500495793269 0.401620793269 0
0.50859375 0.401296875 0
0.50859375 0.41015625 0
0.500390625 0.41015625 0
0.500390625 0.418359375 0
0.50859375 0.418359375 0
0.50859375 0.4265625 0
0.500390625 0.4265625 0
0.499750940474 0.430885371601 0
0.50859375 0.429814741006 0
0.50859375 0.433066982011 0
0.500390625 0.435053345412 0
0.524371067681 -0.690463570991 0
0.524284508501 -0.688398426694 0
0.516225524005 -0.690003873525 0
0.51648240884 -0.692215968297 0
0.52419794932 -0.686333282397 0
0.51639584966 -0.687697891199 0
0.516349559767 -0.680129600806 0
0.52459897466 -0.679494766199 0
0.525 -0.67265625 0
0.516796875 -0.67265625 0
0.516691706731 -0.664120793269 0
0.525 -0.664453125 0
0.516691706731 -0.353066706731 0
0.525 -0.352734375 0
0.525 -0.34453125 0
0.516796875 -0.34453125 0
0.516379079891 -0.336686161445 0
0.525 -0.339944642989 0
0.525 -0.335358035979 0
0.522833595289 -0.331741517989 0
0.520667190578 -0.328125 0
0.514630470289 -0.328125 0
0.512646643151 -0.321821806289 0
0.51567541181 -0.319990807907 0
0.510683633043 -0.311856615814 0
0.509510211483 -0.311867915799 0
0.509138134101 -0.31064264526 0
0.509538806182 -0.310024359995 0
0.515090173306 -0.114228281394 0
0.511656873644 -0.114015049798 0
0.510532694916 -0.114898664595 0
0.511687255384 -0.115447087792 0
0.516276865022 -0.105504506426 0
0.520045086653 -0.112478540949 0
0.525 -0.110728800504 0
0.525 -0.104583150252 0
0.516691706731 0.401620793269 0
0.525 0.401953125 0
0.525 0.41015625 0
0.516796875 0.41015625 0
0.516381967242 0.41771557677 0
0.524590518002 0.417180798017 0
0.524181036004 0.424205346033 0
0.516387393002 0.425383923017 0
0.515827317763 0.42816006559 0
0.524268791733 0.42621593039 0
0.524356547463 0.428226514746 0
0.516475148731 0.430646748378 0
0.532942579633 -0.687720171168 0
0.528570264477 -0.687026726783 0
0.527170532214 -0.688172341522 0
0.528656823657 -0.689091871079 0
0.532788910533 -0.679679292291 0
0.537174414816 -0.68601821471 0
0.54140625 -0.684316258251 0
0.54140625 -0.678486254126 0
0.54140625 -0.67265625 0
0.533203125 -0.67265625 0
0.533203125 -0.664453125 0
0.54140625 -0.664453125 0
0.54140625 -0.65625 0
0.533203125 -0.65625 0
0.532870793269 -0.647941706731 0
0.54140625 -0.648046875 0
0.54140625 -0.63984375 0
0.532546875 -0.63984375 0
0.532984375 -0.631421875 0
0.54140625 -0.630984375 0
0.532984375 -0.418578125 0
0.54140625 -0.419015625 0
0.54140625 -0.41015625 0
0.532546875 -0.41015625 0
0.532870793269 -0.402058293269 0
0.54140625 -0.401953125 0
0.54140625 -0.39375 0
0.533203125 -0.39375 0
0.532870793269 -0.385441706731 0
0.54140625 -0.385546875 0
0.54140625 -0.37734375 0
0.532546875 -0.37734375 0
0.532930831763 -0.369227367191 0
0.54168661996 -0.371176138515 0
0.541966989919 -0.36500852703 0
0.54074293341 -0.362793214109 0
0.539518876901 -0.360577901188 0
0.532259438451 -0.360757700594 0
0.530318385631 -0.35389190644 0
0.534954969896 -0.352554575594 0
0.530391062892 -0.34453125 0
0.527695531446 -0.34453125 0
0.526797020964 -0.341473511993 0
0.527695531446 -0.339944642989 0
0.54140625 -0.10496492638 0
0.54140625 -0.10170121319 0
0.532365629807 -0.103289296902 0
0.533203125 -0.107846863442 0
0.54140625 -0.0984375 0
0.533203125 -0.0984375 0
0.532870793269 -0.0901292067308 0
0.54140625 -0.090234375 0
0.54140625 -0.08203125 0
0.532546875 -0.08203125 0
0.532984375 -0.073609375 0
0.54140625 -0.073171875 0
0.533308293269 0.401620793269 0
0.54140625 0.401296875 0
0.54140625 0.41015625 0
0.533203125 0.41015625 0
0.532732667909 0.417239257783 0
0.54140625 0.415968672004 0
0.54140625 0.421781094009 0
0.536919727604 0.423557846776 0
0.532433205207 0.425334599544 0
0.528307120606 0.424769972789 0
0.526990262892 0.425922153441 0
0.528394876335 0.426780557145 0
0.556988590217 -0.675793869755 0
0.55684131981 -0.673422157916 0
0.548060823476 -0.676321495234 0
0.549197420109 -0.680055064003 0
0.556694049402 -0.671050446077 0
0.549050149701 -0.671853348039 0
0.549192268189 -0.663962146971 0
0.557253274701 -0.663650223039 0
0.5578125 -0.65625 0
0.549609375 -0.65625 0
0.549609375 -0.648046875 0
0.5578125 -0.648046875 0
0.5578125 -0.63984375 0
0.549609375 -0.63984375 0
0.549504206731 -0.631308293269 0
0.5578125 -0.631640625 0
0.549504206731 -0.418691706731 0
0.5578125 -0.418359375 0
0.5578125 -0.41015625 0
0.549609375 -0.41015625 0
0.549992451158 -0.401727782428 0
0.558587939918 -0.404325595877 0
0.559363379835 -0.398494941755 0
0.557958690169 -0.395652031012 0
0.556554000502 -0.39280912027 0
0.548980125251 -0.393279560135 0
0.54719848284 -0.386275132579 0
0.552581196276 -0.385076435135 0
0.54860839205 -0.37734375 0
0.545007321025 -0.37734375 0
0.543993877322 -0.373232009009 0
0.545287690985 -0.371176138515 0
0.557036607606 -0.0993974521462 0
0.556945909218 -0.0975918482711 0
0.548446940468 -0.0998456966154 0
0.549221428803 -0.102181189263 0
0.55685521083 -0.095786244396 0
0.549130730415 -0.097111872198 0
0.54913167203 -0.0895092297123 0
0.557333855415 -0.088908747198 0
0.5578125 -0.08203125 0
0.549609375 -0.08203125 0
0.549504206731 -0.0734957932692 0
0.5578125 -0.073828125 0
0.549504206731 0.401620793269 0
0.5578125 0.401953125 0
0.5578125 0.41015625 0
0.549609375 0.41015625 0
0.548318806326 0.414398172498 0
0.5578125 0.412241251018 0
0.5578125 0.414326252036 0
0.549609375 0.418053673022 0
0.562866250505 -0.671616010361 0
0.559780149954 -0.671333228219 0
0.558849630041 -0.672820108731 0
0.559927420361 -0.673704940058 0
0.564419955364 -0.662698278981 0
0.568416027356 -0.66667981808 0
0.573965804206 -0.661743625799 0
0.573898100243 -0.658822731577 0
0.57383039628 -0.655901837355 0
0.56582144814 -0.656075918678 0
0.565889599921 -0.647927394625 0
0.57402457314 -0.647872793678 0
0.57421875 -0.63984375 0
0.566015625 -0.63984375 0
0.566015625 -0.631640625 0
0.57421875 -0.631640625 0
0.57421875 -0.6234375 0
0.566015625 -0.6234375 0
0.565683293269 -0.61512920673 0
0.57421875 -0.615234375 0
0.57421875 -0.60703125 0
0.565359375 -0.60703125 0
0.565683293269 -0.598933293269 0
0.57421875 -0.598828125 0
0.57421875 -0.590625 0
0.566015625 -0.590625 0
0.565683293269 -0.582316706731 0
0.57421875 -0.582421875 0
0.57421875 -0.57421875 0
0.565359375 -0.57421875 0
0.565796875 -0.565796875 0
0.57421875 -0.565359375 0
0.565796875 -0.517015625 0
0.57421875 -0.517453125 0
0.57421875 -0.50859375 0
0.565359375 -0.50859375 0
0.565683293269 -0.500495793269 0
0.57421875 -0.500390625 0
0.57421875 -0.4921875 0
0.566015625 -0.4921875 0
0.565683293269 -0.483879206731 0
0.57421875 -0.483984375 0
0.57421875 -0.47578125 0
0.565359375 -0.47578125 0
0.565683293269 -0.467683293269 0
0.57421875 -0.467578125 0
0.57421875 -0.459375 0
0.566015625 -0.459375 0
0.565683293269 -0.451066706731 0
0.57421875 -0.451171875 0
0.57421875 -0.44296875 0
0.565359375 -0.44296875 0
0.565631435735 -0.434939259215 0
0.574389730801 -0.437430086824 0
0.574560711602 -0.431891423649 0
0.57338531529 -0.429132279683 0
0.572209918977 -0.426373135718 0
0.565011209488 -0.426467817859 0
0.563390194434 -0.419235707163 0
0.568569349755 -0.418264692859 0
0.564928780533 -0.41015625 0
0.561370640267 -0.41015625 0
0.560701553456 -0.406269147252 0
0.562146080184 -0.404325595877 0
0.563981579948 -0.0968743765949 0
0.560418395389 -0.0963303104955 0
0.559291132794 -0.0973526910457 0
0.560509093777 -0.0981359143706 0
0.565436752102 -0.0888898302075 0
0.569100164974 -0.0949771094387 0
0.57421875 -0.0930798422825 0
0.57421875 -0.0875555461412 0
0.57421875 -0.08203125 0
0.566015625 -0.08203125 0
0.566120793269 -0.0734957932692 0
0.57421875 -0.073171875 0
0.565796875 0.368921875 0
0.57421875 0.368484375 0
0.57421875 0.37734375 0
0.565359375 0.37734375 0
0.565683293269 0.385441706731 0
0.57421875 0.385546875 0
0.57421875 0.39375 0
0.566015625 0.39375 0
0.565606008443 0.401450554671 0
0.57421875 0.39967567924 0
0.57421875 0.40560135848 0
0.570086698236 0.40787880424 0
0.565954646473 0.41015625 0
0.561883573236 0.41015625 0
0.560526548823 0.411546250678 0
0.561883573236 0.412241251018 0
0.579107963952 -0.656011244636 0
0.576469180116 -0.655956540995 0
0.575634721479 -0.657885569263 0
0.576536884079 -0.658877435217 0
0.579536822206 -0.646971223397 0
0.58423445227 -0.648604975258 0
0.589360940587 -0.641198705881 0
0.581789845294 -0.64052122794 0
0.582961639207 -0.631989400189 0
0.591008287631 -0.638099044157 0
0.592655634675 -0.634999382433 0
0.591640317337 -0.629218441216 0
0.590625 -0.6234375 0
0.582421875 -0.6234375 0
0.582421875 -0.615234375 0
0.590625 -0.615234375 0
0.590625 -0.60703125 0
0.582421875 -0.60703125 0
0.582421875 -0.598828125 0
0.590625 -0.598828125 0
0.590625 -0.590625 0
0.582421875 -0.590625 0
0.582421875 -0.582421875 0
0.590625 -0.582421875 0
0.590625 -0.57421875 0
0.582421875 -0.57421875 0
0.582316706731 -0.565683293269 0
0.590625 -0.566015625 0
0.582316706731 -0.517129206731 0
0.590625 -0.516796875 0
0.590625 -0.50859375 0
0.582421875 -0.50859375 0
0.582421875 -0.500390625 0
0.590625 -0.500390625 0
0.590625 -0.4921875 0
0.582421875 -0.4921875 0
0.581439279712 -0.484618776477 0
0.588780330801 -0.484565200949 0
0.586935661601 -0.476942901897 0
0.580577205801 -0.476362075949 0
0.580865114733 -0.468104277377 0
0.587762095065 -0.473007588719 0
0.588588528529 -0.46907227554 0
0.586917958776 -0.46422363777 0
0.585247389022 -0.459375 0
0.579733069511 -0.459375 0
0.578390192944 -0.452233881209 0
0.582162218573 -0.451171875 0
0.579077048123 -0.44296875 0
0.576647899061 -0.44296875 0
0.575952169909 -0.439276307883 0
0.576818879863 -0.437430086824 0
0.590625 -0.0867656588818 0
0.590625 -0.0843984544409 0
0.581327954708 -0.0861875058407 0
0.582421875 -0.0899227505821 0
0.590625 -0.08203125 0
0.582421875 -0.08203125 0
0.582316706731 -0.0734957932692 0
0.590625 -0.073828125 0
0.582316706731 0.368808293269 0
0.590625 0.369140625 0
0.590625 0.37734375 0
0.582421875 0.37734375 0
0.581917353249 0.384938741036 0
0.5899657754 0.384537116028 0
0.589306550801 0.391730482055 0
0.5817626504 0.392740241028 0
0.580731299417 0.397267406151 0
0.589468062104 0.393987656472 0
0.589629573408 0.396244830888 0
0.581924161704 0.400923094684 0
0.597596215973 -0.6234375 0
0.594110607986 -0.6234375 0
0.593625616882 -0.62729146081 0
0.595125925324 -0.629218441216 0
0.595426827679 -0.61452890145 0
0.600020192002 -0.615234375 0
0.602444168032 -0.60703125 0
0.596534584016 -0.60703125 0
0.597255747853 -0.598579576971 0
0.603856871689 -0.598914707381 0
0.605269575347 -0.590798164762 0
0.597947287673 -0.590711582381 0
0.5982725301 -0.582373679869 0
0.60589583785 -0.582549557597 0
0.606522100353 -0.574300950433 0
0.598573550177 -0.574259850216 0
0.598560153778 -0.56601654721 0
0.606462997926 -0.565997099557 0
0.606403895499 -0.557693248682 0
0.598514447749 -0.557752874341 0
0.597864835251 -0.549546908926 0
0.60576099028 -0.549489092109 0
0.60511808506 -0.541284935536 0
0.59721529253 -0.541345592768 0
0.596974580036 -0.53352319601 0
0.603974619963 -0.533142467768 0
0.602831154865 -0.525 0
0.596728077432 -0.525 0
0.595964802186 -0.517211705011 0
0.601223295311 -0.516796875 0
0.599615435757 -0.50859375 0
0.595120217879 -0.50859375 0
0.594206550356 -0.501184636178 0
0.597592271022 -0.500390625 0
0.595569106287 -0.4921875 0
0.593097053144 -0.4921875 0
0.591108857939 -0.484720416397 0
0.593309935017 -0.484446261505 0
0.591050763746 -0.47670502301 0
0.588993212674 -0.476823962453 0
0.588858317959 -0.474240066816 0
0.589819646138 -0.472888649275 0
0.601545132795 -0.0823709620699 0
0.596085066398 -0.082201106035 0
0.594265044265 -0.0837226236505 0
0.596085066398 -0.0845683104758 0
0.598752118839 -0.0737696527755 0
0.604379738086 -0.0811955036563 0
0.607214343377 -0.0800200452427 0
0.607122796688 -0.0728225226213 0
0.60703125 -0.065625 0
0.598828125 -0.065625 0
0.598495793269 -0.0573167067308 0
0.60703125 -0.057421875 0
0.60703125 -0.04921875 0
0.598171875 -0.04921875 0
0.598609375 -0.040796875 0
0.60703125 -0.040359375 0
0.598609375 0.336109375 0
0.60703125 0.335671875 0
0.60703125 0.34453125 0
0.598171875 0.34453125 0
0.598495793269 0.352629206731 0
0.60703125 0.352734375 0
0.60703125 0.3609375 0
0.598828125 0.3609375 0
0.598828125 0.369140625 0
0.60703125 0.369140625 0
0.60703125 0.37734375 0
0.598828125 0.37734375 0
0.597504831875 0.383851852163 0
0.60703125 0.380859001331 0
0.60703125 0.384374252662 0
0.601236799966 0.388401917901 0
0.595442349933 0.392429583141 0
0.592374450367 0.392080032598 0
0.591459491382 0.393468298696 0
0.59253596167 0.394337207014 0
0.6234375 -0.0729963759241 0
0.6234375 -0.0693106879621 0
0.614399346958 -0.0712493090735 0
0.615325921688 -0.0765082105834 0
0.6234375 -0.065625 0
0.615234375 -0.065625 0
0.615234375 -0.057421875 0
0.6234375 -0.057421875 0
0.6234375 -0.04921875 0
0.615234375 -0.04921875 0
0.615129206731 -0.0406832932692 0
0.6234375 -0.041015625 0
0.615129206731 0.335995793269 0
0.6234375 0.336328125 0
0.6234375 0.34453125 0
0.615234375 0.34453125 0
0.615234375 0.352734375 0
0.6234375 0.352734375 0
0.6234375 0.3609375 0
0.615234375 0.3609375 0
0.614801575161 0.368669377444 0
0.6234375 0.366476338208 0
0.6234375 0.372015176416 0
0.619986680965 0.374679463208 0
0.616535861931 0.37734375 0
0.611783555965 0.37734375 0
0.610199453978 0.379687250888 0
0.611783555965 0.380859001331 0
0.63489566945 -0.0677384172908 0
0.629166584725 -0.0666817086454 0
0.627256889817 -0.0687865977383 0
0.629166584725 -0.0703673966075 0
0.631986839077 -0.058006501156 0
0.637999366855 -0.0662566280753 0
0.641103064259 -0.0647748388598 0
0.640473407129 -0.0569967944299 0
0.63984375 -0.04921875 0
0.631640625 -0.04921875 0
0.631745793269 -0.0406832932692 0
0.63984375 -0.040359375 0
0.631421875 0.303296875 0
0.63984375 0.302859375 0
0.63984375 0.31171875 0
0.630984375 0.31171875 0
0.631308293269 0.319816706731 0
0.63984375 0.319921875 0
0.63984375 0.328125 0
0.631640625 0.328125 0
0.631640625 0.336328125 0
0.63984375 0.336328125 0
0.63984375 0.34453125 0
0.631640625 0.34453125 0
0.631798735417 0.352923483948 0
0.640369674811 0.351155920204 0
0.640895599621 0.357780590407 0
0.638299857273 0.359949950147 0
0.635704114925 0.362119309886 0
0.629570807462 0.361528404943 0
0.627526371642 0.365023995434 0
0.629570807462 0.367067243151 0
0.65625 -0.0571640696655 0
0.65625 -0.0531914098328 0
0.647484698241 -0.0552527889937 0
0.648676532129 -0.0609694542626 0
0.65625 -0.04921875 0
0.648046875 -0.04921875 0
0.647941706731 -0.0406832932692 0
0.65625 -0.041015625 0
0.647941706731 0.303183293269 0
0.65625 0.303515625 0
0.65625 0.31171875 0
0.648046875 0.31171875 0
0.648046875 0.319921875 0
0.65625 0.319921875 0
0.65625 0.328125 0
0.648046875 0.328125 0
0.648639922806 0.336972680361 0
0.657259549557 0.335406037022 0
0.658269099115 0.342687074045 0
0.65598486253 0.344711687665 0
0.653700625945 0.346736301286 0
0.646772187972 0.345633775643 0
0.644813325189 0.349682713898 0
0.647298112783 0.352258445847 0
0.668219691876 -0.0507228955854 0
0.662234845938 -0.0499708227927 0
0.660239897292 -0.0523685717503 0
0.662234845938 -0.0539434826255 0
0.664684591478 -0.0413758640628 0
0.670938293904 -0.0491901619375 0
0.673656895932 -0.0476574282897 0
0.673156572966 -0.0402349641448 0
0.67265625 -0.0328125 0
0.664453125 -0.0328125 0
0.664120793269 -0.0245042067308 0
0.67265625 -0.024609375 0
0.67265625 -0.01640625 0
0.663796875 -0.01640625 0
0.664234375 -0.007984375 0
0.67265625 -0.007546875 0
0.664234375 0.270484375 0
0.67265625 0.270046875 0
0.67265625 0.27890625 0
0.663796875 0.27890625 0
0.664120793269 0.287004206731 0
0.67265625 0.287109375 0
0.67265625 0.2953125 0
0.664453125 0.2953125 0
0.664453125 0.303515625 0
0.67265625 0.303515625 0
0.67265625 0.31171875 0
0.664453125 0.31171875 0
0.663769633902 0.319216538972 0
0.671652974146 0.318841910165 0
0.670649698292 0.325965070331 0
0.663449849146 0.327045035165 0
0.662960009094 0.332493156861 0
0.670919183596 0.328458558314 0
0.6711886689 0.330952046298 0
0.664728884007 0.336819560171 0
0.6890625 -0.0384356092514 0
0.6890625 -0.0356240546257 0
0.679893365623 -0.0382525813236 0
0.681359697966 -0.0430465187705 0
0.6890625 -0.0328125 0
0.680859375 -0.0328125 0
0.680859375 -0.024609375 0
0.6890625 -0.024609375 0
0.6890625 -0.01640625 0
0.680859375 -0.01640625 0
0.680754206731 -0.00787079326923 0
0.6890625 -0.008203125 0
0.680754206731 0.270370793269 0
0.6890625 0.270703125 0
0.6890625 0.27890625 0
0.680859375 0.27890625 0
0.680859375 0.287109375 0
0.6890625 0.287109375 0
0.6890625 0.2953125 0
0.680859375 0.2953125 0
0.680321243043 0.3029701405 0
0.688262179145 0.30269052117 0
0.687461858291 0.31006854234 0
0.680059054145 0.31089364617 0
0.678431472814 0.317423845661 0
0.687687688801 0.312616082503 0
0.687913519311 0.315163622666 0
0.681902692938 0.320871815046 0
0.675891866566 0.326580007426 0
0.673270782429 0.326272538878 0
0.672576744586 0.327832374685 0
0.673540267733 0.328766026862 0
0.697793387404 -0.0328125 0
0.693427943702 -0.0328125 0
0.691972795801 -0.0346868697505 0
0.693427943702 -0.0356240546257 0
0.696812179304 -0.0240900556832 0
0.701631068702 -0.0302048499006 0
0.70546875 -0.0275971998012 0
0.70546875 -0.0220017249006 0
0.70546875 -0.01640625 0
0.697265625 -0.01640625 0
0.697370793269 -0.00787079326923 0
0.70546875 -0.007546875 0
0.697046875 0.237671875 0
0.70546875 0.237234375 0
0.70546875 0.24609375 0
0.696609375 0.24609375 0
0.696933293269 0.254191706731 0
0.70546875 0.254296875 0
0.70546875 0.2625 0
0.697265625 0.2625 0
0.697265625 0.270703125 0
0.70546875 0.270703125 0
0.70546875 0.27890625 0
0.697265625 0.27890625 0
0.696742651725 0.286590529533 0
0.704680465664 0.286334931223 0
0.703892181328 0.293763612445 0
0.696477340664 0.294538056223 0
0.694969607589 0.301212308055 0
0.704119940998 0.296357509108 0
0.704347700669 0.298951405771 0
0.698509615868 0.304748689378 0
0.692671531068 0.310545972985 0
0.690066694679 0.310307257662 0
0.689348969556 0.311926045996 0
0.690292525189 0.312854797825 0
0.718524107369 -0.0180518974438 0
0.711996428684 -0.0172290737219 0
0.70982053579 -0.0206851157483 0
0.711996428684 -0.0228245486225 0
0.713912754415 -0.00830132540289 0
0.720887923921 -0.0162038880282 0
0.723251740472 -0.0143558786126 0
0.722563370236 -0.00717793930632 0
0.713566706731 0.237558293269 0
0.721875 0.237890625 0
0.721875 0.24609375 0
0.713671875 0.24609375 0
0.713671875 0.254296875 0
0.721875 0.254296875 0
0.721875 0.2625 0
0.713671875 0.2625 0
0.713003289352 0.270056675396 0
0.720850263414 0.269755308707 0
0.719825526827 0.277010617413 0
0.712647138414 0.277958433707 0
0.71123487236 0.284734604626 0
0.720119758879 0.279638122148 0
0.720413990931 0.282265626882 0
0.714712571929 0.288235072073 0
0.709011152928 0.294204517264 0
0.706451667128 0.293984064855 0
0.705750344977 0.295639845161 0
0.706679426799 0.296577961517 0
0.737059723313 -0.00268120956788 0
0.736862486046 -0.00046505703219 0
0.728451276557 -0.004411235784 0
0.730155731892 -0.00851854409025 0
0.736665248779 0.0017510955035 0
0.729270124389 0.000875547751749 0
0.729181721636 0.00886658721117 0
0.737473249389 0.00907867275175 0
0.73828125 0.01640625 0
0.729421875 0.01640625 0
0.729745793269 0.0245042067308 0
0.73828125 0.024609375 0
0.73828125 0.0328125 0
0.730078125 0.0328125 0
0.729745793269 0.0411207932692 0
0.73828125 0.041015625 0
0.73828125 0.04921875 0
0.729421875 0.04921875 0
0.729859375 0.057640625 0
0.73828125 0.058078125 0
0.729859375 0.204859375 0
0.73828125 0.204421875 0
0.73828125 0.21328125 0
0.729421875 0.21328125 0
0.729745793269 0.221379206731 0
0.73828125 0.221484375 0
0.73828125 0.2296875 0
0.730078125 0.2296875 0
0.730078125 0.237890625 0
0.73828125 0.237890625 0
0.73828125 0.24609375 0
0.730078125 0.24609375 0
0.730706120864 0.254859927918 0
0.739368907788 0.25292685546 0
0.740456565576 0.25975996092 0
0.738458540762 0.262100380213 0
0.736460515948 0.264440799507 0
0.729167757974 0.263470399753 0
0.726295897491 0.269225542433 0
0.730632883597 0.270981448314 0
0.724805251245 0.27752209712 0
0.722315389036 0.277266357267 0
0.721681589667 0.278932780472 0
0.722609621088 0.279893862001 0
0.741387457416 0.00129227167459 0
0.739026353097 0.00152168358904 0
0.738370809836 0.000120719203402 0
0.739223590364 -0.000694468946646 0
0.744008096427 0.0106803151001 0
0.747354472979 0.00726032428608 0
0.753321488543 0.0132283768976 0
0.75307027032 0.0156611598166 0
0.752819052097 0.0180939427357 0
0.745550151048 0.0172500963678 0
0.745878452878 0.0251888330906 0
0.753753276048 0.0254532213678 0
0.7546875 0.0328125 0
0.746484375 0.0328125 0
0.746484375 0.041015625 0
0.7546875 0.041015625 0
0.7546875 0.04921875 0
0.746484375 0.04921875 0
0.746379206731 0.0577542067308 0
0.7546875 0.057421875 0
0.746379206731 0.204745793269 0
0.7546875 0.205078125 0
0.7546875 0.21328125 0
0.746484375 0.21328125 0
0.746484375 0.221484375 0
0.7546875 0.221484375 0
0.7546875 0.2296875 0
0.746484375 0.2296875 0
0.746466437937 0.237855702396 0
0.755066276654 0.235343157233 0
0.755445053307 0.240998814467 0
0.753241698233 0.243871343224 0
0.751038343158 0.246743871981 0
0.744659796579 0.246418810991 0
0.743258719578 0.250865860967 0
0.745747454367 0.25325191645 0
0.757374026904 0.0176732847344 0
0.755096539501 0.0178836137351 0
0.754504855848 0.0163318681226 0
0.755347757724 0.015450830816 0
0.758985407444 0.0262692282536 0
0.763081817018 0.024647069326 0
0.768789607132 0.0316208539175 0
0.761738553566 0.0322166769588 0
0.76321788815 0.0407589808632 0
0.770673884675 0.0342185332014 0
0.772558162218 0.0368162124853 0
0.771825956109 0.0430174812427 0
0.77109375 0.04921875 0
0.762890625 0.04921875 0
0.762890625 0.057421875 0
0.77109375 0.057421875 0
0.77109375 0.065625 0
0.762890625 0.065625 0
0.762558293269 0.0739332932692 0
0.77109375 0.073828125 0
0.77109375 0.08203125 0
0.762234375 0.08203125 0
0.762558293269 0.0901292067308 0
0.77109375 0.090234375 0
0.77109375 0.0984375 0
0.762890625 0.0984375 0
0.762558293269 0.106745793269 0
0.77109375 0.106640625 0
0.77109375 0.11484375 0
0.762234375 0.11484375 0
0.762558293269 0.122941706731 0
0.77109375 0.123046875 0
0.77109375 0.13125 0
0.762890625 0.13125 0
0.762558293269 0.139558293269 0
0.77109375 0.139453125 0
0.77109375 0.14765625 0
0.762234375 0.14765625 0
0.762558293269 0.155754206731 0
0.77109375 0.155859375 0
0.77109375 0.1640625 0
0.762890625 0.1640625 0
0.762558293269 0.172370793269 0
0.77109375 0.172265625 0
0.77109375 0.18046875 0
0.762234375 0.18046875 0
0.762558293269 0.188566706731 0
0.77109375 0.188671875 0
0.77109375 0.196875 0
0.762890625 0.196875 0
0.762548176508 0.204807196095 0
0.77051966129 0.204732147615 0
0.769945572579 0.212589295229 0
0.76231653629 0.212935272615 0
0.761700452966 0.220588876774 0
0.770175636021 0.216015309154 0
0.770405699462 0.21944132308 0
0.767010499992 0.22456441154 0
0.763615300521 0.2296875 0
0.759151400261 0.2296875 0
0.757915951275 0.233457938155 0
0.759530176914 0.235343157233 0
0.780545819632 0.04921875 0
0.775819784816 0.04921875 0
0.774732577283 0.0450845708284 0
0.776551990925 0.0430174812427 0
0.777870805658 0.0582512328755 0
0.783346010974 0.0543739642659 0
0.786146202316 0.0595291785318 0
0.785678779539 0.063089037722 0
0.785211356763 0.0666488969122 0
0.778152553382 0.0661369484561 0
0.778651224275 0.0742866543246 0
0.786355678382 0.0743400734561 0
0.7875 0.08203125 0
0.779296875 0.08203125 0
0.779296875 0.090234375 0
0.7875 0.090234375 0
0.7875 0.0984375 0
0.779296875 0.0984375 0
0.779296875 0.106640625 0
0.7875 0.106640625 0
0.7875 0.11484375 0
0.779296875 0.11484375 0
0.779296875 0.123046875 0
0.7875 0.123046875 0
0.7875 0.13125 0
0.779296875 0.13125 0
0.779296875 0.139453125 0
0.7875 0.139453125 0
0.7875 0.14765625 0
0.779296875 0.14765625 0
0.779296875 0.155859375 0
0.7875 0.155859375 0
0.7875 0.1640625 0
0.779296875 0.1640625 0
0.778953211985 0.172038720969 0
0.786886735697 0.172023038734 0
0.786273471394 0.179983577469 0
0.778683610697 0.180226163734 0
0.778564403494 0.188272309187 0
0.786623105298 0.18439302826 0
0.786972739201 0.188802479052 0
0.785062249468 0.192859683616 0
0.783151759735 0.196916888179 0
0.777122754868 0.196895944089 0
0.775048561131 0.203611357291 0
0.778826401531 0.204842874744 0
0.774501043327 0.212768861309 0
0.772223307953 0.212679078269 0
0.771617438456 0.214933159873 0
0.772453371394 0.216105092194 0
0.789382934219 0.0664204246111 0
0.787297145491 0.0665346607616 0
0.786913497766 0.0641995000184 0
0.787764568267 0.0629748015715 0
0.789551302533 0.075044118224 0
0.79232627827 0.0742258373056 0
0.795269622322 0.08203125 0
0.791384811161 0.08203125 0
0.792483002141 0.0908059481662 0
0.797322934633 0.090234375 0
0.799376246944 0.0984375 0
0.793438123472 0.0984375 0
0.793960573413 0.106837926904 0
0.800403677757 0.106599845192 0
0.801431108571 0.114762190384 0
0.794465554285 0.114802970192 0
0.794497333204 0.123051745123 0
0.80147350079 0.123040034744 0
0.80151589301 0.131317879104 0
0.794507946505 0.131283939552 0
0.794056297723 0.139278848798 0
0.800599607688 0.139487064552 0
0.799683322366 0.14765625 0
0.793591661183 0.14765625 0
0.792720879963 0.155369127929 0
0.797831062481 0.155859375 0
0.795978802596 0.1640625 0
0.791739401298 0.1640625 0
0.790270274192 0.171195733172 0
0.79328899041 0.172082550459 0
0.790599178225 0.180102600918 0
0.788436324809 0.180043089193 0
0.78794846294 0.182962885813 0
0.788785958713 0.184452539985 0
CELLS 6028 30140
4 0 1 2 3
4 4 5 2 1
4 6 7 2 5
4 8 9 2 7
4 10 11 2 9
4 12 3 2 11
4 10 9 13 14
4 8 15 13 9
4 16 17 13 15
4 18 19 13 17
4 20 21 13 19
4 22 14 13 21
4 23 24 25 26
4 27 28 25 24
4 29 30 25 28
4 31 32 25 30
4 33 34 25 32
4 35 26 25 34
4 33 32 36 37
4 31 38 36 32
4 39 40 36 38
4 41 42 36 40
4 43 37 36 42
4 41 40 44 45
4 39 46 44 40
4 47 48 44 46
4 6 49 44 48
4 50 45 44 49
4 6 48 51 7
4 47 52 51 48
4 53 54 51 52
4 8 7 51 54
4 8 54 55 15
4 53 56 55 54
4 57 58 55 56
4 59 60 55 58
4 16 15 55 60
4 29 61 62 30
4 63 64 62 61
4 65 66 62 64
4 67 68 62 66
4 31 30 62 68
4 31 68 69 38
4 67 70 69 68
4 71 72 69 70
4 39 38 69 72
4 39 72 73 46
4 71 74 73 72
4 75 76 73 74
4 47 46 73 76
4 47 76 77 52
4 75 78 77 76
4 79 80 77 78
4 53 52 77 80
4 53 80 81 56
4 79 82 81 80
4 83 84 81 82
4 85 86 81 84
4 57 56 81 86
4 65 87 88 66
4 89 90 88 87
4 91 92 88 90
4 93 94 88 92
4 67 66 88 94
4 67 94 95 70
4 93 96 95 94
4 97 98 95 96
4 71 70 95 98
4 71 98 99 74
4 97 100 99 98
4 101 102 99 100
4 75 74 99 102
4 75 102 103 78
4 101 104 103 102
4 105 106 103 104
4 79 78 103 106
4 79 106 107 82
4 105 108 107 106
4 109 110 107 108
4 111 112 107 110
4 83 82 107 112
4 91 113 114 92
4 115 116 114 113
4 117 118 114 116
4 119 120 114 118
4 121 122 114 120
4 93 92 114 122
4 93 122 123 96
4 121 124 123 122
4 125 126 123 124
4 127 128 123 126
4 97 96 123 128
4 97 128 129 100
4 127 130 129 128
4 131 132 129 130
4 133 134 129 132
4 101 100 129 134
4 101 134 135 104
4 133 136 135 134
4 137 138 135 136
4 105 104 135 138
4 105 138 139 108
4 137 140 139 138
4 141 142 139 140
4 143 144 139 142
4 109 108 139 144
4 133 145 146 136
4 147 148 146 145
4 149 150 146 148
4 151 152 146 150
4 153 154 146 152
4 137 136 146 154
4 137 154 155 140
4 153 156 155 154
4 157 158 155 156
4 159 160 155 158
4 161 162 155 160
4 141 140 155 162
4 163 164 165 166
4 167 168 165 164
4 169 170 165 168
4 171 172 165 170
4 173 174 165 172
4 175 166 165 174
4 173 172 176 177
4 171 178 176 172
4 179 180 176 178
4 181 182 176 180
4 183 184 176 182
4 185 177 176 184
4 186 187 188 189
4 190 191 188 187
4 192 193 188 191
4 194 195 188 193
4 169 196 188 195
4 197 189 188 196
4 169 195 198 170
4 194 199 198 195
4 200 201 198 199
4 171 170 198 201
4 171 201 202 178
4 200 203 202 201
4 204 205 202 203
4 179 178 202 205
4 179 205 206 207
4 204 208 206 205
4 209 210 206 208
4 211 212 206 210
4 213 214 206 212
4 215 207 206 214
4 216 217 218 219
4 220 221 218 217
4 222 223 218 221
4 224 225 218 223
4 226 227 218 225
4 228 219 218 227
4 226 225 229 230
4 224 231 229 225
4 232 233 229 231
4 234 235 229 233
4 236 237 229 235
4 238 230 229 237
4 192 239 240 193
4 241 242 240 239
4 243 244 240 242
4 245 246 240 244
4 194 193 240 246
4 194 246 247 199
4 245 248 247 246
4 249 250 247 248
4 200 199 247 250
4 200 250 251 203
4 249 252 251 250
4 253 254 251 252
4 204 203 251 254
4 204 254 255 208
4 253 256 255 254
4 257 258 255 256
4 209 208 255 258
4 209 258 259 260
4 257 261 259 258
4 262 263 259 261
4 264 265 259 263
4 266 267 259 265
4 268 260 259 267
4 222 269 270 223
4 271 272 270 269
4 273 274 270 272
4 275 276 270 274
4 224 223 270 276
4 224 276 277 231
4 275 278 277 276
4 279 280 277 278
4 232 231 277 280
4 232 280 281 282
4 279 283 281 280
4 284 285 281 283
4 286 287 281 285
4 288 289 281 287
4 290 282 281 289
4 291 292 293 294
4 295 296 293 292
4 297 298 293 296
4 0 299 293 298
4 243 300 293 299
4 301 294 293 300
4 243 299 302 244
4 0 3 302 299
4 12 303 302 3
4 245 244 302 303
4 245 303 304 248
4 12 11 304 303
4 10 305 304 11
4 249 248 304 305
4 249 305 306 252
4 10 14 306 305
4 22 307 306 14
4 253 252 306 307
4 253 307 308 256
4 22 21 308 307
4 20 309 308 21
4 257 256 308 309
4 257 309 310 261
4 20 311 310 309
4 312 313 310 311
4 314 315 310 313
4 262 261 310 315
4 273 316 317 274
4 318 319 317 316
4 320 321 317 319
4 322 323 317 321
4 324 325 317 323
4 275 274 317 325
4 275 325 326 278
4 324 327 326 325
4 328 329 326 327
4 279 278 326 329
4 279 329 330 283
4 328 331 330 329
4 332 333 330 331
4 284 283 330 333
4 284 333 334 335
4 332 336 334 333
4 337 338 334 336
4 339 340 334 338
4 341 335 334 340
4 339 338 342 343
4 337 344 342 338
4 345 346 342 344
4 347 348 342 346
4 349 350 342 348
4 351 343 342 350
4 297 352 353 298
4 354 355 353 352
4 356 357 353 355
4 4 1 353 357
4 0 298 353 1
4 20 19 358 311
4 18 359 358 19
4 360 361 358 359
4 362 363 358 361
4 312 311 358 363
4 324 364 365 327
4 366 367 365 364
4 368 369 365 367
4 370 371 365 369
4 328 327 365 371
4 328 371 372 331
4 370 373 372 371
4 23 374 372 373
4 332 331 372 374
4 332 374 375 336
4 23 26 375 374
4 35 376 375 26
4 337 336 375 376
4 337 376 377 344
4 35 34 377 376
4 33 378 377 34
4 345 344 377 378
4 345 378 379 380
4 33 37 379 378
4 43 381 379 37
4 382 383 379 381
4 384 380 379 383
4 382 381 385 386
4 43 42 385 381
4 41 387 385 42
4 388 389 385 387
4 390 386 385 389
4 388 387 391 392
4 41 45 391 387
4 50 393 391 45
4 356 394 391 393
4 395 392 391 394
4 356 393 396 357
4 50 49 396 393
4 6 5 396 49
4 4 357 396 5
4 18 17 397 359
4 16 398 397 17
4 399 400 397 398
4 401 402 397 400
4 360 359 397 402
4 368 403 404 369
4 405 406 404 403
4 407 408 404 406
4 409 410 404 408
4 370 369 404 410
4 370 410 411 373
4 409 412 411 410
4 27 24 411 412
4 23 373 411 24
4 16 60 413 398
4 59 414 413 60
4 415 416 413 414
4 417 418 413 416
4 399 398 413 418
4 407 419 420 408
4 421 422 420 419
4 423 424 420 422
4 425 426 420 424
4 409 408 420 426
4 409 426 427 412
4 425 428 427 426
4 29 28 427 428
4 27 412 427 28
4 59 58 429 414
4 57 430 429 58
4 431 432 429 430
4 415 414 429 432
4 415 432 433 434
4 431 435 433 432
4 436 437 433 435
4 438 439 433 437
4 440 441 433 439
4 442 434 433 441
4 423 443 444 424
4 445 446 444 443
4 447 448 444 446
4 449 450 444 448
4 425 424 444 450
4 425 450 451 428
4 449 452 451 450
4 63 61 451 452
4 29 428 451 61
4 57 86 453 430
4 85 454 453 86
4 455 456 453 454
4 431 430 453 456
4 431 456 457 435
4 455 458 457 456
4 459 460 457 458
4 436 435 457 460
4 436 460 461 462
4 459 463 461 460
4 464 465 461 463
4 466 467 461 465
4 468 462 461 467
4 466 465 469 470
4 464 471 469 465
4 472 473 469 471
4 474 475 469 473
4 476 470 469 475
4 474 473 477 478
4 472 479 477 473
4 480 481 477 479
4 482 483 477 481
4 484 485 477 483
4 486 478 477 485
4 447 487 488 448
4 489 490 488 487
4 491 492 488 490
4 493 494 488 492
4 449 448 488 494
4 449 494 495 452
4 493 496 495 494
4 65 64 495 496
4 63 452 495 64
4 85 84 497 454
4 83 498 497 84
4 499 500 497 498
4 455 454 497 500
4 455 500 501 458
4 499 502 501 500
4 503 504 501 502
4 459 458 501 504
4 459 504 505 463
4 503 506 505 504
4 507 508 505 506
4 464 463 505 508
4 464 508 509 471
4 507 510 509 508
4 511 512 509 510
4 472 471 509 512
4 472 512 513 479
4 511 514 513 512
4 515 516 513 514
4 480 479 513 516
4 480 516 517 518
4 515 519 517 516
4 520 521 517 519
4 522 523 517 521
4 524 518 517 523
4 522 521 525 526
4 520 527 525 521
4 528 529 525 527
4 530 531 525 529
4 532 526 525 531
4 530 529 533 534
4 528 535 533 529
4 536 537 533 535
4 538 539 533 537
4 540 541 533 539
4 542 534 533 541
4 491 543 544 492
4 545 546 544 543
4 547 548 544 546
4 549 550 544 548
4 493 492 544 550
4 493 550 551 496
4 549 552 551 550
4 89 87 551 552
4 65 496 551 87
4 83 112 553 498
4 111 554 553 112
4 555 556 553 554
4 499 498 553 556
4 499 556 557 502
4 555 558 557 556
4 559 560 557 558
4 503 502 557 560
4 503 560 561 506
4 559 562 561 560
4 563 564 561 562
4 507 506 561 564
4 507 564 565 510
4 563 566 565 564
4 567 568 565 566
4 511 510 565 568
4 511 568 569 514
4 567 570 569 568
4 571 572 569 570
4 515 514 569 572
4 515 572 573 519
4 571 574 573 572
4 575 576 573 574
4 577 578 573 576
4 520 519 573 578
4 520 578 579 527
4 577 580 579 578
4 581 582 579 580
4 583 584 579 582
4 528 527 579 584
4 528 584 585 535
4 583 586 585 584
4 587 588 585 586
4 589 590 585 588
4 591 592 585 590
4 536 535 585 592
4 547 593 594 548
4 595 596 594 593
4 597 598 594 596
4 599 600 594 598
4 549 548 594 600
4 549 600 601 552
4 599 602 601 600
4 91 90 601 602
4 89 552 601 90
4 111 110 603 554
4 109 604 603 110
4 605 606 603 604
4 555 554 603 606
4 555 606 607 558
4 605 608 607 606
4 609 610 607 608
4 559 558 607 610
4 559 610 611 562
4 609 612 611 610
4 613 614 611 612
4 615 616 611 614
4 563 562 611 616
4 563 616 617 566
4 615 618 617 616
4 619 620 617 618
4 621 622 617 620
4 567 566 617 622
4 567 622 623 570
4 621 624 623 622
4 625 626 623 624
4 627 628 623 626
4 629 630 623 628
4 571 570 623 630
4 597 631 632 598
4 633 634 632 631
4 635 636 632 634
4 637 638 632 636
4 599 598 632 638
4 599 638 639 602
4 637 640 639 638
4 115 113 639 640
4 91 602 639 113
4 109 144 641 604
4 143 642 641 144
4 643 644 641 642
4 605 604 641 644
4 605 644 645 608
4 643 646 645 644
4 647 648 645 646
4 649 650 645 648
4 651 652 645 650
4 609 608 645 652
4 635 653 654 636
4 655 656 654 653
4 657 658 654 656
4 659 660 654 658
4 637 636 654 660
4 637 660 661 640
4 659 662 661 660
4 117 116 661 662
4 115 640 661 116
4 143 142 663 642
4 141 664 663 142
4 665 666 663 664
4 667 668 663 666
4 643 642 663 668
4 657 669 670 658
4 671 672 670 669
4 673 674 670 672
4 675 676 670 674
4 659 658 670 676
4 659 676 677 662
4 675 678 677 676
4 679 680 677 678
4 117 662 677 680
4 117 680 681 118
4 679 682 681 680
4 683 684 681 682
4 119 118 681 684
4 119 684 685 120
4 683 686 685 684
4 687 688 685 686
4 121 120 685 688
4 121 688 689 124
4 687 690 689 688
4 691 692 689 690
4 693 694 689 692
4 125 124 689 694
4 125 694 695 126
4 693 696 695 694
4 697 698 695 696
4 699 700 695 698
4 127 126 695 700
4 127 700 701 130
4 699 702 701 700
4 703 704 701 702
4 705 706 701 704
4 131 130 701 706
4 131 706 707 132
4 705 708 707 706
4 147 145 707 708
4 133 132 707 145
4 141 162 709 664
4 161 710 709 162
4 711 712 709 710
4 713 714 709 712
4 665 664 709 714
4 715 716 717 718
4 719 720 717 716
4 721 722 717 720
4 723 724 717 722
4 673 725 717 724
4 726 718 717 725
4 673 724 727 674
4 723 728 727 724
4 729 730 727 728
4 675 674 727 730
4 675 730 731 678
4 729 732 731 730
4 733 734 731 732
4 679 678 731 734
4 679 734 735 682
4 733 736 735 734
4 737 738 735 736
4 739 740 735 738
4 683 682 735 740
4 683 740 741 686
4 739 742 741 740
4 743 744 741 742
4 745 746 741 744
4 747 748 741 746
4 687 686 741 748
4 705 749 750 708
4 751 752 750 749
4 753 754 750 752
4 149 148 750 754
4 147 708 750 148
4 161 160 755 710
4 159 756 755 160
4 757 758 755 756
4 759 760 755 758
4 711 710 755 760
4 721 761 762 722
4 763 764 762 761
4 765 766 762 764
4 767 768 762 766
4 723 722 762 768
4 723 768 769 728
4 767 770 769 768
4 771 772 769 770
4 729 728 769 772
4 729 772 773 732
4 771 774 773 772
4 775 776 773 774
4 777 778 773 776
4 779 780 773 778
4 733 732 773 780
4 753 781 782 754
4 783 784 782 781
4 785 786 782 784
4 787 788 782 786
4 789 790 782 788
4 149 754 782 790
4 149 790 791 150
4 789 792 791 790
4 793 794 791 792
4 151 150 791 794
4 151 794 795 152
4 793 796 795 794
4 797 798 795 796
4 153 152 795 798
4 153 798 799 156
4 797 800 799 798
4 801 802 799 800
4 157 156 799 802
4 157 802 803 158
4 801 804 803 802
4 805 806 803 804
4 159 158 803 806
4 159 806 807 756
4 805 808 807 806
4 809 810 807 808
4 811 812 807 810
4 757 756 807 812
4 765 813 814 766
4 815 816 814 813
4 817 818 814 816
4 819 820 814 818
4 821 822 814 820
4 767 766 814 822
4 767 822 823 770
4 821 824 823 822
4 825 826 823 824
4 827 828 823 826
4 829 830 823 828
4 771 770 823 830
4 789 831 832 792
4 833 834 832 831
4 835 836 832 834
4 837 838 832 836
4 793 792 832 838
4 793 838 839 796
4 837 840 839 838
4 841 842 839 840
4 797 796 839 842
4 797 842 843 800
4 841 844 843 842
4 845 846 843 844
4 801 800 843 846
4 801 846 847 804
4 845 848 847 846
4 849 850 847 848
4 805 804 847 850
4 805 850 851 808
4 849 852 851 850
4 853 854 851 852
4 855 856 851 854
4 857 858 851 856
4 809 808 851 858
4 835 859 860 836
4 861 862 860 859
4 863 864 860 862
4 865 866 860 864
4 867 868 860 866
4 837 836 860 868
4 837 868 869 840
4 867 870 869 868
4 871 872 869 870
4 841 840 869 872
4 841 872 873 844
4 871 874 873 872
4 875 876 873 874
4 845 844 873 876
4 845 876 877 848
4 875 878 877 876
4 879 880 877 878
4 881 882 877 880
4 883 884 877 882
4 849 848 877 884
4 867 885 886 870
4 887 888 886 885
4 889 890 886 888
4 891 892 886 890
4 893 894 886 892
4 871 870 886 894
4 871 894 895 874
4 893 896 895 894
4 897 898 895 896
4 899 900 895 898
4 901 902 895 900
4 875 874 895 902
4 903 904 905 906
4 907 908 905 904
4 909 910 905 908
4 911 912 905 910
4 913 914 905 912
4 915 906 905 914
4 913 912 916 917
4 911 918 916 912
4 919 920 916 918
4 921 922 916 920
4 923 917 916 922
4 921 920 924 925
4 919 926 924 920
4 927 928 924 926
4 929 930 924 928
4 931 925 924 930
4 929 928 932 933
4 927 934 932 928
4 935 936 932 934
4 937 938 932 936
4 939 940 932 938
4 941 933 932 940
4 942 943 944 945
4 946 947 944 943
4 948 949 944 947
4 950 951 944 949
4 952 953 944 951
4 954 945 944 953
4 952 951 955 956
4 950 957 955 951
4 958 959 955 957
4 909 960 955 959
4 961 956 955 960
4 909 959 962 910
4 958 963 962 959
4 964 965 962 963
4 911 910 962 965
4 911 965 966 918
4 964 967 966 965
4 968 969 966 967
4 919 918 966 969
4 919 969 970 926
4 968 971 970 969
4 972 973 970 971
4 927 926 970 973
4 927 973 974 934
4 972 975 974 973
4 976 977 974 975
4 935 934 974 977
4 935 977 978 979
4 976 980 978 977
4 981 982 978 980
4 983 984 978 982
4 985 986 978 984
4 987 979 978 986
4 948 988 989 949
4 990 991 989 988
4 992 993 989 991
4 994 995 989 993
4 950 949 989 995
4 950 995 996 957
4 994 997 996 995
4 163 998 996 997
4 958 957 996 998
4 958 998 999 963
4 163 166 999 998
4 175 1000 999 166
4 964 963 999 1000
4 964 1000 1001 967
4 175 174 1001 1000
4 173 1002 1001 174
4 968 967 1001 1002
4 968 1002 1003 971
4 173 177 1003 1002
4 185 1004 1003 177
4 972 971 1003 1004
4 972 1004 1005 975
4 185 184 1005 1004
4 183 1006 1005 184
4 976 975 1005 1006
4 976 1006 1007 980
4 183 1008 1007 1006
4 1009 1010 1007 1008
4 981 980 1007 1010
4 981 1010 1011 1012
4 1009 1013 1011 1010
4 1014 1015 1011 1013
4 1016 1017 1011 1015
4 1018 1019 1011 1017
4 1020 1012 1011 1019
4 1021 1022 1023 1024
4 1025 1026 1023 1022
4 1027 1028 1023 1026
4 1029 1030 1023 1028
4 992 1031 1023 1030
4 1032 1024 1023 1031
4 992 1030 1033 993
4 1029 1034 1033 1030
4 1035 1036 1033 1034
4 994 993 1033 1036
4 994 1036 1037 997
4 1035 1038 1037 1036
4 167 164 1037 1038
4 163 997 1037 164
4 183 182 1039 1008
4 181 1040 1039 182
4 1041 1042 1039 1040
4 1009 1008 1039 1042
4 1009 1042 1043 1013
4 1041 1044 1043 1042
4 1045 1046 1043 1044
4 1014 1013 1043 1046
4 1014 1046 1047 1048
4 1045 1049 1047 1046
4 1050 1051 1047 1049
4 1052 1053 1047 1051
4 1054 1055 1047 1053
4 1056 1048 1047 1055
4 1027 1057 1058 1028
4 1059 1060 1058 1057
4 1061 1062 1058 1060
4 186 1063 1058 1062
4 1029 1028 1058 1063
4 1029 1063 1064 1034
4 186 189 1064 1063
4 197 1065 1064 189
4 1035 1034 1064 1065
4 1035 1065 1066 1038
4 197 196 1066 1065
4 169 168 1066 196
4 167 1038 1066 168
4 181 180 1067 1040
4 179 207 1067 180
4 215 1068 1067 207
4 1041 1040 1067 1068
4 1041 1068 1069 1044
4 215 214 1069 1068
4 213 1070 1069 214
4 1045 1044 1069 1070
4 1045 1070 1071 1049
4 213 1072 1071 1070
4 1073 1074 1071 1072
4 1050 1049 1071 1074
4 1050 1074 1075 1076
4 1073 1077 1075 1074
4 1078 1079 1075 1077
4 1080 1081 1075 1079
4 1082 1083 1075 1081
4 1084 1076 1075 1083
4 1085 1086 1087 1088
4 1089 1090 1087 1086
4 1091 1092 1087 1090
4 1093 1094 1087 1092
4 1095 1096 1087 1094
4 1097 1098 1087 1096
4 1099 1088 1087 1098
4 1100 1101 1102 1103
4 1104 1105 1102 1101
4 1106 1107 1102 1105
4 1108 1109 1102 1107
4 1061 1110 1102 1109
4 1111 1103 1102 1110
4 1061 1109 1112 1062
4 1108 1113 1112 1109
4 190 187 1112 1113
4 186 1062 1112 187
4 213 212 1114 1072
4 211 1115 1114 212
4 1116 1117 1114 1115
4 1073 1072 1114 1117
4 1073 1117 1118 1077
4 1116 1119 1118 1117
4 1120 1121 1118 1119
4 1078 1077 1118 1121
4 1078 1121 1122 1123
4 1120 1124 1122 1121
4 1125 1126 1122 1124
4 1127 1128 1122 1126
4 1129 1130 1122 1128
4 1131 1123 1122 1130
4 1132 1133 1134 1135
4 1136 1137 1134 1133
4 1138 1139 1134 1137
4 216 1140 1134 1139
4 1141 1142 1134 1140
4 1143 1135 1134 1142
4 1141 1140 1144 1145
4 216 219 1144 1140
4 228 1146 1144 219
4 1091 1147 1144 1146
4 1148 1145 1144 1147
4 1091 1146 1149 1092
4 228 227 1149 1146
4 226 1150 1149 227
4 1093 1092 1149 1150
4 1093 1150 1151 1152
4 226 230 1151 1150
4 238 1153 1151 230
4 1154 1155 1151 1153
4 1156 1152 1151 1155
4 1154 1153 1157 1158
4 238 237 1157 1153
4 236 1159 1157 237
4 1160 1161 1157 1159
4 1162 1158 1157 1161
4 1160 1159 1163 1164
4 236 1165 1163 1159
4 1166 1167 1163 1165
4 1168 1169 1163 1167
4 1170 1171 1163 1169
4 1172 1164 1163 1171
4 1106 1173 1174 1107
4 1175 1176 1174 1173
4 1177 1178 1174 1176
4 1179 1180 1174 1178
4 1108 1107 1174 1180
4 1108 1180 1181 1113
4 1179 1182 1181 1180
4 192 191 1181 1182
4 190 1113 1181 191
4 211 210 1183 1115
4 209 260 1183 210
4 268 1184 1183 260
4 1116 1115 1183 1184
4 1116 1184 1185 1119
4 268 267 1185 1184
4 266 1186 1185 267
4 1120 1119 1185 1186
4 1120 1186 1187 1124
4 266 1188 1187 1186
4 1189 1190 1187 1188
4 1125 1124 1187 1190
4 1125 1190 1191 1192
4 1189 1193 1191 1190
4 1194 1195 1191 1193
4 1196 1197 1191 1195
4 1198 1199 1191 1197
4 1200 1192 1191 1199
4 1201 1202 1203 1204
4 1205 1206 1203 1202
4 1207 1208 1203 1206
4 1209 1210 1203 1208
4 1138 1211 1203 1210
4 1212 1204 1203 1211
4 1138 1210 1213 1139
4 1209 1214 1213 1210
4 220 217 1213 1214
4 216 1139 1213 217
4 236 235 1215 1165
4 234 1216 1215 235
4 1217 1218 1215 1216
4 1166 1165 1215 1218
4 1166 1218 1219 1220
4 1217 1221 1219 1218
4 1222 1223 1219 1221
4 1224 1225 1219 1223
4 1226 1220 1219 1225
4 1224 1223 1227 1228
4 1222 1229 1227 1223
4 1230 1231 1227 1229
4 1232 1233 1227 1231
4 1234 1235 1227 1233
4 1236 1228 1227 1235
4 1237 1238 1239 1240
4 1241 1242 1239 1238
4 1243 1244 1239 1242
4 1245 1246 1239 1244
4 1177 1247 1239 1246
4 1248 1240 1239 1247
4 1177 1246 1249 1178
4 1245 1250 1249 1246
4 1251 1252 1249 1250
4 1179 1178 1249 1252
4 1179 1252 1253 1182
4 1251 1254 1253 1252
4 241 239 1253 1254
4 192 1182 1253 239
4 266 265 1255 1188
4 264 1256 1255 265
4 1257 1258 1255 1256
4 1189 1188 1255 1258
4 1189 1258 1259 1193
4 1257 1260 1259 1258
4 1261 1262 1259 1260
4 1263 1264 1259 1262
4 1194 1193 1259 1264
4 1207 1265 1266 1208
4 1267 1268 1266 1265
4 1269 1270 1266 1268
4 1271 1272 1266 1270
4 1209 1208 1266 1272
4 1209 1272 1273 1214
4 1271 1274 1273 1272
4 222 221 1273 1274
4 220 1214 1273 221
4 234 233 1275 1216
4 232 282 1275 233
4 290 1276 1275 282
4 1217 1216 1275 1276
4 1217 1276 1277 1221
4 290 289 1277 1276
4 288 1278 1277 289
4 1222 1221 1277 1278
4 1222 1278 1279 1229
4 288 1280 1279 1278
4 1281 1282 1279 1280
4 1230 1229 1279 1282
4 1230 1282 1283 1284
4 1281 1285 1283 1282
4 1286 1287 1283 1285
4 1288 1289 1283 1287
4 1290 1291 1283 1289
4 1292 1284 1283 1291
4 1243 1293 1294 1244
4 1295 1296 1294 1293
4 1297 1298 1294 1296
4 291 1299 1294 1298
4 1245 1244 1294 1299
4 1245 1299 1300 1250
4 291 294 1300 1299
4 301 1301 1300 294
4 1251 1250 1300 1301
4 1251 1301 1302 1254
4 301 300 1302 1301
4 243 242 1302 300
4 241 1254 1302 242
4 264 263 1303 1256
4 262 1304 1303 263
4 1305 1306 1303 1304
4 1257 1256 1303 1306
4 1257 1306 1307 1260
4 1305 1308 1307 1306
4 1309 1310 1307 1308
4 1311 1312 1307 1310
4 1261 1260 1307 1312
4 1269 1313 1314 1270
4 1315 1316 1314 1313
4 1317 1318 1314 1316
4 1319 1320 1314 1318
4 1271 1270 1314 1320
4 1271 1320 1321 1274
4 1319 1322 1321 1320
4 271 269 1321 1322
4 222 1274 1321 269
4 288 287 1323 1280
4 286 1324 1323 287
4 1325 1326 1323 1324
4 1281 1280 1323 1326
4 1281 1326 1327 1285
4 1325 1328 1327 1326
4 1329 1330 1327 1328
4 1286 1285 1327 1330
4 1286 1330 1331 1332
4 1329 1333 1331 1330
4 1334 1335 1331 1333
4 1336 1337 1331 1335
4 1338 1332 1331 1337
4 1336 1335 1339 1340
4 1334 1341 1339 1335
4 1342 1343 1339 1341
4 1344 1345 1339 1343
4 1346 1347 1339 1345
4 1348 1340 1339 1347
4 1297 1349 1350 1298
4 1351 1352 1350 1349
4 1353 1354 1350 1352
4 295 292 1350 1354
4 291 1298 1350 292
4 262 315 1355 1304
4 314 1356 1355 315
4 1357 1358 1355 1356
4 1305 1304 1355 1358
4 1305 1358 1359 1308
4 1357 1360 1359 1358
4 1361 1362 1359 1360
4 1309 1308 1359 1362
4 1309 1362 1363 1364
4 1361 1365 1363 1362
4 1366 1367 1363 1365
4 1368 1369 1363 1367
4 1370 1371 1363 1369
4 1372 1364 1363 1371
4 1317 1373 1374 1318
4 1375 1376 1374 1373
4 1377 1378 1374 1376
4 1379 1380 1374 1378
4 1319 1318 1374 1380
4 1319 1380 1381 1322
4 1379 1382 1381 1380
4 273 272 1381 1382
4 271 1322 1381 272
4 286 285 1383 1324
4 284 335 1383 285
4 341 1384 1383 335
4 1325 1324 1383 1384
4 1325 1384 1385 1328
4 341 340 1385 1384
4 339 1386 1385 340
4 1329 1328 1385 1386
4 1329 1386 1387 1333
4 339 343 1387 1386
4 351 1388 1387 343
4 1334 1333 1387 1388
4 1334 1388 1389 1341
4 351 350 1389 1388
4 349 1390 1389 350
4 1342 1341 1389 1390
4 1342 1390 1391 1392
4 349 1393 1391 1390
4 1394 1395 1391 1393
4 1396 1397 1391 1395
4 1398 1392 1391 1397
4 1396 1395 1399 1400
4 1394 1401 1399 1395
4 1402 1403 1399 1401
4 1404 1405 1399 1403
4 1406 1407 1399 1405
4 1408 1400 1399 1407
4 1409 1410 1411 1412
4 1413 1414 1411 1410
4 1415 1416 1411 1414
4 1417 1418 1411 1416
4 1353 1419 1411 1418
4 1420 1412 1411 1419
4 1353 1418 1421 1354
4 1417 1422 1421 1418
4 297 296 1421 1422
4 295 1354 1421 296
4 314 313 1423 1356
4 312 1424 1423 313
4 1425 1426 1423 1424
4 1357 1356 1423 1426
4 1357 1426 1427 1360
4 1425 1428 1427 1426
4 1429 1430 1427 1428
4 1361 1360 1427 1430
4 1361 1430 1431 1365
4 1429 1432 1431 1430
4 1433 1434 1431 1432
4 1435 1436 1431 1434
4 1366 1365 1431 1436
4 1377 1437 1438 1378
4 1439 1440 1438 1437
4 1441 1442 1438 1440
4 1443 1444 1438 1442
4 1445 1446 1438 1444
4 1379 1378 1438 1446
4 1379 1446 1447 1382
4 1445 1448 1447 1446
4 318 316 1447 1448
4 273 1382 1447 316
4 349 348 1449 1393
4 347 1450 1449 348
4 1451 1452 1449 1450
4 1394 1393 1449 1452
4 1394 1452 1453 1401
4 1451 1454 1453 1452
4 1455 1456 1453 1454
4 1402 1401 1453 1456
4 1402 1456 1457 1458
4 1455 1459 1457 1456
4 1460 1461 1457 1459
4 1462 1463 1457 1461
4 1464 1458 1457 1463
4 1462 1461 1465 1466
4 1460 1467 1465 1461
4 1468 1469 1465 1467
4 1415 1470 1465 1469
4 1471 1466 1465 1470
4 1415 1469 1472 1416
4 1468 1473 1472 1469
4 1474 1475 1472 1473
4 1417 1416 1472 1475
4 1417 1475 1476 1422
4 1474 1477 1476 1475
4 354 352 1476 1477
4 297 1422 1476 352
4 312 363 1478 1424
4 362 1479 1478 363
4 1480 1481 1478 1479
4 1425 1424 1478 1481
4 1425 1481 1482 1428
4 1480 1483 1482 1481
4 1484 1485 1482 1483
4 1429 1428 1482 1485
4 1429 1485 1486 1432
4 1484 1487 1486 1485
4 1488 1489 1486 1487
4 1490 1491 1486 1489
4 1492 1493 1486 1491
4 1433 1432 1486 1493
4 1445 1494 1495 1448
4 1496 1497 1495 1494
4 1498 1499 1495 1497
4 320 319 1495 1499
4 318 1448 1495 319
4 347 346 1500 1450
4 345 380 1500 346
4 384 1501 1500 380
4 1451 1450 1500 1501
4 1451 1501 1502 1454
4 384 383 1502 1501
4 382 1503 1502 383
4 1455 1454 1502 1503
4 1455 1503 1504 1459
4 382 386 1504 1503
4 390 1505 1504 386
4 1460 1459 1504 1505
4 1460 1505 1506 1467
4 390 389 1506 1505
4 388 1507 1506 389
4 1468 1467 1506 1507
4 1468 1507 1508 1473
4 388 392 1508 1507
4 395 1509 1508 392
4 1474 1473 1508 1509
4 1474 1509 1510 1477
4 395 394 1510 1509
4 356 355 1510 394
4 354 1477 1510 355
4 362 361 1511 1479
4 360 1512 1511 361
4 1513 1514 1511 1512
4 1480 1479 1511 1514
4 1480 1514 1515 1483
4 1513 1516 1515 1514
4 1517 1518 1515 1516
4 1519 1520 1515 1518
4 1484 1483 1515 1520
4 1498 1521 1522 1499
4 1523 1524 1522 1521
4 1525 1526 1522 1524
4 1527 1528 1522 1526
4 1529 1530 1522 1528
4 320 1499 1522 1530
4 320 1530 1531 321
4 1529 1532 1531 1530
4 1533 1534 1531 1532
4 322 321 1531 1534
4 322 1534 1535 323
4 1533 1536 1535 1534
4 366 364 1535 1536
4 324 323 1535 364
4 360 402 1537 1512
4 401 1538 1537 402
4 1539 1540 1537 1538
4 1513 1512 1537 1540
4 1513 1540 1541 1516
4 1539 1542 1541 1540
4 1543 1544 1541 1542
4 1545 1546 1541 1544
4 1517 1516 1541 1546
4 1529 1547 1548 1532
4 1549 1550 1548 1547
4 1551 1552 1548 1550
4 1553 1554 1548 1552
4 1533 1532 1548 1554
4 1533 1554 1555 1536
4 1553 1556 1555 1554
4 368 367 1555 1556
4 366 1536 1555 367
4 401 400 1557 1538
4 399 1558 1557 400
4 1559 1560 1557 1558
4 1539 1538 1557 1560
4 1539 1560 1561 1542
4 1559 1562 1561 1560
4 1563 1564 1561 1562
4 1565 1566 1561 1564
4 1543 1542 1561 1566
4 1551 1567 1568 1552
4 1569 1570 1568 1567
4 1571 1572 1568 1570
4 1573 1574 1568 1572
4 1575 1576 1568 1574
4 1553 1552 1568 1576
4 1553 1576 1577 1556
4 1575 1578 1577 1576
4 405 403 1577 1578
4 368 1556 1577 403
4 399 418 1579 1558
4 417 1580 1579 418
4 1581 1582 1579 1580
4 1559 1558 1579 1582
4 1559 1582 1583 1562
4 1581 1584 1583 1582
4 1585 1586 1583 1584
4 1587 1588 1583 1586
4 1563 1562 1583 1588
4 1575 1589 1590 1578
4 1591 1592 1590 1589
4 1593 1594 1590 1592
4 407 406 1590 1594
4 405 1578 1590 406
4 417 416 1595 1580
4 415 434 1595 416
4 442 1596 1595 434
4 1581 1580 1595 1596
4 1581 1596 1597 1584
4 442 441 1597 1596
4 440 1598 1597 441
4 1585 1584 1597 1598
4 1585 1598 1599 1600
4 440 1601 1599 1598
4 1602 1603 1599 1601
4 1604 1605 1599 1603
4 1606 1607 1599 1605
4 1608 1600 1599 1607
4 1593 1609 1610 1594
4 1611 1612 1610 1609
4 1613 1614 1610 1612
4 421 419 1610 1614
4 407 1594 1610 419
4 440 439 1615 1601
4 438 1616 1615 439
4 1617 1618 1615 1616
4 1602 1601 1615 1618
4 1602 1618 1619 1620
4 1617 1621 1619 1618
4 1622 1623 1619 1621
4 1624 1625 1619 1623
4 1626 1620 1619 1625
4 1624 1623 1627 1628
4 1622 1629 1627 1623
4 1630 1631 1627 1629
4 1632 1633 1627 1631
4 1634 1628 1627 1633
4 1632 1631 1635 1636
4 1630 1637 1635 1631
4 1638 1639 1635 1637
4 1640 1641 1635 1639
4 1642 1643 1635 1641
4 1644 1636 1635 1643
4 1613 1645 1646 1614
4 1647 1648 1646 1645
4 1649 1650 1646 1648
4 423 422 1646 1650
4 421 1614 1646 422
4 438 437 1651 1616
4 436 462 1651 437
4 468 1652 1651 462
4 1617 1616 1651 1652
4 1617 1652 1653 1621
4 468 467 1653 1652
4 466 1654 1653 467
4 1622 1621 1653 1654
4 1622 1654 1655 1629
4 466 470 1655 1654
4 476 1656 1655 470
4 1630 1629 1655 1656
4 1630 1656 1657 1637
4 476 475 1657 1656
4 474 1658 1657 475
4 1638 1637 1657 1658
4 1638 1658 1659 1660
4 474 478 1659 1658
4 486 1661 1659 478
4 1662 1663 1659 1661
4 1664 1660 1659 1663
4 1662 1661 1665 1666
4 486 485 1665 1661
4 484 1667 1665 485
4 1668 1669 1665 1667
4 1670 1666 1665 1669
4 1668 1667 1671 1672
4 484 1673 1671 1667
4 1674 1675 1671 1673
4 1676 1677 1671 1675
4 1678 1672 1671 1677
4 1676 1675 1679 1680
4 1674 1681 1679 1675
4 1682 1683 1679 1681
4 1684 1685 1679 1683
4 1686 1687 1679 1685
4 1688 1680 1679 1687
4 1649 1689 1690 1650
4 1691 1692 1690 1689
4 1693 1694 1690 1692
4 445 443 1690 1694
4 423 1650 1690 443
4 484 483 1695 1673
4 482 1696 1695 483
4 1697 1698 1695 1696
4 1674 1673 1695 1698
4 1674 1698 1699 1681
4 1697 1700 1699 1698
4 1701 1702 1699 1700
4 1682 1681 1699 1702
4 1682 1702 1703 1704
4 1701 1705 1703 1702
4 1706 1707 1703 1705
4 1708 1709 1703 1707
4 1710 1704 1703 1709
4 1708 1707 1711 1712
4 1706 1713 1711 1707
4 1714 1715 1711 1713
4 1716 1717 1711 1715
4 1718 1712 1711 1717
4 1716 1715 1719 1720
4 1714 1721 1719 1715
4 1722 1723 1719 1721
4 1724 1725 1719 1723
4 1726 1727 1719 1725
4 1728 1720 1719 1727
4 1693 1729 1730 1694
4 1731 1732 1730 1729
4 1733 1734 1730 1732
4 447 446 1730 1734
4 445 1694 1730 446
4 482 481 1735 1696
4 480 518 1735 481
4 524 1736 1735 518
4 1697 1696 1735 1736
4 1697 1736 1737 1700
4 524 523 1737 1736
4 522 1738 1737 523
4 1701 1700 1737 1738
4 1701 1738 1739 1705
4 522 526 1739 1738
4 532 1740 1739 526
4 1706 1705 1739 1740
4 1706 1740 1741 1713
4 532 531 1741 1740
4 530 1742 1741 531
4 1714 1713 1741 1742
4 1714 1742 1743 1721
4 530 534 1743 1742
4 542 1744 1743 534
4 1722 1721 1743 1744
4 1722 1744 1745 1746
4 542 541 1745 1744
4 540 1747 1745 541
4 1748 1749 1745 1747
4 1750 1746 1745 1749
4 1748 1747 1751 1752
4 540 1753 1751 1747
4 1754 1755 1751 1753
4 1756 1757 1751 1755
4 1758 1759 1751 1757
4 1760 1752 1751 1759
4 1733 1761 1762 1734
4 1763 1764 1762 1761
4 1765 1766 1762 1764
4 489 487 1762 1766
4 447 1734 1762 487
4 540 539 1767 1753
4 538 1768 1767 539
4 1769 1770 1767 1768
4 1754 1753 1767 1770
4 1754 1770 1771 1772
4 1769 1773 1771 1770
4 1774 1775 1771 1773
4 1776 1777 1771 1775
4 1778 1779 1771 1777
4 1780 1772 1771 1779
4 1765 1781 1782 1766
4 1783 1784 1782 1781
4 1785 1786 1782 1784
4 491 490 1782 1786
4 489 1766 1782 490
4 538 537 1787 1768
4 536 1788 1787 537
4 1789 1790 1787 1788
4 1769 1768 1787 1790
4 1769 1790 1791 1773
4 1789 1792 1791 1790
4 1793 1794 1791 1792
4 1795 1796 1791 1794
4 1774 1773 1791 1796
4 1785 1797 1798 1786
4 1799 1800 1798 1797
4 1801 1802 1798 1800
4 545 543 1798 1802
4 491 1786 1798 543
4 536 592 1803 1788
4 591 1804 1803 592
4 1805 1806 1803 1804
4 1789 1788 1803 1806
4 1789 1806 1807 1792
4 1805 1808 1807 1806
4 1809 1810 1807 1808
4 1811 1812 1807 1810
4 1793 1792 1807 1812
4 1801 1813 1814 1802
4 1815 1816 1814 1813
4 1817 1818 1814 1816
4 547 546 1814 1818
4 545 1802 1814 546
4 591 590 1819 1804
4 589 1820 1819 590
4 1821 1822 1819 1820
4 1805 1804 1819 1822
4 1805 1822 1823 1808
4 1821 1824 1823 1822
4 1825 1826 1823 1824
4 1827 1828 1823 1826
4 1829 1830 1823 1828
4 1809 1808 1823 1830
4 1817 1831 1832 1818
4 1833 1834 1832 1831
4 1835 1836 1832 1834
4 595 593 1832 1836
4 547 1818 1832 593
4 571 630 1837 574
4 629 1838 1837 630
4 1839 1840 1837 1838
4 575 574 1837 1840
4 575 1840 1841 576
4 1839 1842 1841 1840
4 1843 1844 1841 1842
4 577 576 1841 1844
4 577 1844 1845 580
4 1843 1846 1845 1844
4 1847 1848 1845 1846
4 581 580 1845 1848
4 581 1848 1849 582
4 1847 1850 1849 1848
4 1851 1852 1849 1850
4 583 582 1849 1852
4 583 1852 1853 586
4 1851 1854 1853 1852
4 1855 1856 1853 1854
4 587 586 1853 1856
4 587 1856 1857 588
4 1855 1858 1857 1856
4 1859 1860 1857 1858
4 1861 1862 1857 1860
4 589 588 1857 1862
4 589 1862 1863 1820
4 1861 1864 1863 1862
4 1865 1866 1863 1864
4 1867 1868 1863 1866
4 1869 1870 1863 1868
4 1821 1820 1863 1870
4 1835 1871 1872 1836
4 1873 1874 1872 1871
4 1875 1876 1872 1874
4 597 596 1872 1876
4 595 1836 1872 596
4 629 628 1877 1838
4 627 1878 1877 628
4 1879 1880 1877 1878
4 1839 1838 1877 1880
4 1839 1880 1881 1842
4 1879 1882 1881 1880
4 1883 1884 1881 1882
4 1843 1842 1881 1884
4 1843 1884 1885 1846
4 1883 1886 1885 1884
4 1887 1888 1885 1886
4 1889 1890 1885 1888
4 1847 1846 1885 1890
4 1847 1890 1891 1850
4 1889 1892 1891 1890
4 1893 1894 1891 1892
4 1895 1896 1891 1894
4 1851 1850 1891 1896
4 1851 1896 1897 1854
4 1895 1898 1897 1896
4 1899 1900 1897 1898
4 1901 1902 1897 1900
4 1903 1904 1897 1902
4 1855 1854 1897 1904
4 1875 1905 1906 1876
4 1907 1908 1906 1905
4 1909 1910 1906 1908
4 633 631 1906 1910
4 597 1876 1906 631
4 609 652 1911 612
4 651 1912 1911 652
4 1913 1914 1911 1912
4 613 612 1911 1914
4 613 1914 1915 614
4 1913 1916 1915 1914
4 1917 1918 1915 1916
4 615 614 1915 1918
4 615 1918 1919 618
4 1917 1920 1919 1918
4 1921 1922 1919 1920
4 619 618 1919 1922
4 619 1922 1923 620
4 1921 1924 1923 1922
4 1925 1926 1923 1924
4 621 620 1923 1926
4 621 1926 1927 624
4 1925 1928 1927 1926
4 1929 1930 1927 1928
4 1931 1932 1927 1930
4 625 624 1927 1932
4 625 1932 1933 626
4 1931 1934 1933 1932
4 1935 1936 1933 1934
4 1937 1938 1933 1936
4 627 626 1933 1938
4 627 1938 1939 1878
4 1937 1940 1939 1938
4 1941 1942 1939 1940
4 1943 1944 1939 1942
4 1879 1878 1939 1944
4 1879 1944 1945 1882
4 1943 1946 1945 1944
4 1947 1948 1945 1946
4 1949 1950 1945 1948
4 1951 1952 1945 1950
4 1883 1882 1945 1952
4 1909 1953 1954 1910
4 1955 1956 1954 1953
4 1957 1958 1954 1956
4 635 634 1954 1958
4 633 1910 1954 634
4 651 650 1959 1912
4 649 1960 1959 650
4 1961 1962 1959 1960
4 1913 1912 1959 1962
4 1913 1962 1963 1916
4 1961 1964 1963 1962
4 1965 1966 1963 1964
4 1967 1968 1963 1966
4 1917 1916 1963 1968
4 1917 1968 1969 1920
4 1967 1970 1969 1968
4 1971 1972 1969 1970
4 1973 1974 1969 1972
4 1921 1920 1969 1974
4 1921 1974 1975 1924
4 1973 1976 1975 1974
4 1977 1978 1975 1976
4 1979 1980 1975 1978
4 1981 1982 1975 1980
4 1925 1924 1975 1982
4 1957 1983 1984 1958
4 1985 1986 1984 1983
4 1987 1988 1984 1986
4 655 653 1984 1988
4 635 1958 1984 653
4 643 668 1989 646
4 667 1990 1989 668
4 1991 1992 1989 1990
4 647 646 1989 1992
4 647 1992 1993 648
4 1991 1994 1993 1992
4 1995 1996 1993 1994
4 649 648 1993 1996
4 649 1996 1997 1960
4 1995 1998 1997 1996
4 1999 2000 1997 1998
4 2001 2002 1997 2000
4 2003 2004 1997 2002
4 1961 1960 1997 2004
4 2005 2006 2007 2008
4 2009 2010 2007 2006
4 2011 2012 2007 2010
4 2013 2014 2007 2012
4 1987 2015 2007 2014
4 2016 2008 2007 2015
4 1987 2014 2017 1988
4 2013 2018 2017 2014
4 657 656 2017 2018
4 655 1988 2017 656
4 667 666 2019 1990
4 665 2020 2019 666
4 2021 2022 2019 2020
4 1991 1990 2019 2022
4 1991 2022 2023 1994
4 2021 2024 2023 2022
4 2025 2026 2023 2024
4 2027 2028 2023 2026
4 1995 1994 2023 2028
4 2011 2029 2030 2012
4 2031 2032 2030 2029
4 2033 2034 2030 2032
4 2035 2036 2030 2034
4 2013 2012 2030 2036
4 2013 2036 2037 2018
4 2035 2038 2037 2036
4 671 669 2037 2038
4 657 2018 2037 669
4 665 714 2039 2020
4 713 2040 2039 714
4 2041 2042 2039 2040
4 2021 2020 2039 2042
4 2021 2042 2043 2024
4 2041 2044 2043 2042
4 2045 2046 2043 2044
4 2047 2048 2043 2046
4 2025 2024 2043 2048
4 2049 2050 2051 2052
4 2053 2054 2051 2050
4 2055 2056 2051 2054
4 715 2057 2051 2056
4 2033 2058 2051 2057
4 2059 2052 2051 2058
4 2033 2057 2060 2034
4 715 718 2060 2057
4 726 2061 2060 718
4 2035 2034 2060 2061
4 2035 2061 2062 2038
4 726 725 2062 2061
4 673 672 2062 725
4 671 2038 2062 672
4 713 712 2063 2040
4 711 2064 2063 712
4 2065 2066 2063 2064
4 2041 2040 2063 2066
4 2041 2066 2067 2044
4 2065 2068 2067 2066
4 2069 2070 2067 2068
4 2071 2072 2067 2070
4 2045 2044 2067 2072
4 2055 2073 2074 2056
4 2075 2076 2074 2073
4 2077 2078 2074 2076
4 719 716 2074 2078
4 715 2056 2074 716
4 687 748 2079 690
4 747 2080 2079 748
4 2081 2082 2079 2080
4 691 690 2079 2082
4 691 2082 2083 692
4 2081 2084 2083 2082
4 2085 2086 2083 2084
4 693 692 2083 2086
4 693 2086 2087 696
4 2085 2088 2087 2086
4 2089 2090 2087 2088
4 697 696 2087 2090
4 697 2090 2091 698
4 2089 2092 2091 2090
4 2093 2094 2091 2092
4 699 698 2091 2094
4 699 2094 2095 702
4 2093 2096 2095 2094
4 2097 2098 2095 2096
4 703 702 2095 2098
4 703 2098 2099 704
4 2097 2100 2099 2098
4 751 749 2099 2100
4 705 704 2099 749
4 711 760 2101 2064
4 759 2102 2101 760
4 2103 2104 2101 2102
4 2065 2064 2101 2104
4 2065 2104 2105 2068
4 2103 2106 2105 2104
4 2107 2108 2105 2106
4 2109 2110 2105 2108
4 2069 2068 2105 2110
4 2111 2112 2113 2114
4 2115 2116 2113 2112
4 2117 2118 2113 2116
4 2119 2120 2113 2118
4 2077 2121 2113 2120
4 2122 2114 2113 2121
4 2077 2120 2123 2078
4 2119 2124 2123 2120
4 721 720 2123 2124
4 719 2078 2123 720
4 747 746 2125 2080
4 745 2126 2125 746
4 2127 2128 2125 2126
4 2081 2080 2125 2128
4 2081 2128 2129 2084
4 2127 2130 2129 2128
4 2131 2132 2129 2130
4 2085 2084 2129 2132
4 2085 2132 2133 2088
4 2131 2134 2133 2132
4 2135 2136 2133 2134
4 2137 2138 2133 2136
4 2089 2088 2133 2138
4 2089 2138 2139 2092
4 2137 2140 2139 2138
4 2141 2142 2139 2140
4 2143 2144 2139 2142
4 2093 2092 2139 2144
4 2093 2144 2145 2096
4 2143 2146 2145 2144
4 2147 2148 2145 2146
4 2097 2096 2145 2148
4 2097 2148 2149 2100
4 2147 2150 2149 2148
4 753 752 2149 2150
4 751 2100 2149 752
4 759 758 2151 2102
4 757 2152 2151 758
4 2153 2154 2151 2152
4 2103 2102 2151 2154
4 2103 2154 2155 2106
4 2153 2156 2155 2154
4 2157 2158 2155 2156
4 2107 2106 2155 2158
4 2107 2158 2159 2160
4 2157 2161 2159 2158
4 2162 2163 2159 2161
4 2164 2165 2159 2163
4 2166 2167 2159 2165
4 2168 2160 2159 2167
4 2117 2169 2170 2118
4 2171 2172 2170 2169
4 2173 2174 2170 2172
4 2175 2176 2170 2174
4 2119 2118 2170 2176
4 2119 2176 2177 2124
4 2175 2178 2177 2176
4 763 761 2177 2178
4 721 2124 2177 761
4 733 780 2179 736
4 779 2180 2179 780
4 2181 2182 2179 2180
4 737 736 2179 2182
4 737 2182 2183 738
4 2181 2184 2183 2182
4 2185 2186 2183 2184
4 739 738 2183 2186
4 739 2186 2187 742
4 2185 2188 2187 2186
4 2189 2190 2187 2188
4 743 742 2187 2190
4 743 2190 2191 744
4 2189 2192 2191 2190
4 2193 2194 2191 2192
4 745 744 2191 2194
4 745 2194 2195 2126
4 2193 2196 2195 2194
4 2197 2198 2195 2196
4 2199 2200 2195 2198
4 2127 2126 2195 2200
4 2127 2200 2201 2130
4 2199 2202 2201 2200
4 2203 2204 2201 2202
4 2205 2206 2201 2204
4 2207 2208 2201 2206
4 2131 2130 2201 2208
4 2143 2209 2210 2146
4 2211 2212 2210 2209
4 2213 2214 2210 2212
4 2215 2216 2210 2214
4 2217 2218 2210 2216
4 2147 2146 2210 2218
4 2147 2218 2219 2150
4 2217 2220 2219 2218
4 783 781 2219 2220
4 753 2150 2219 781
4 757 812 2221 2152
4 811 2222 2221 812
4 2223 2224 2221 2222
4 2153 2152 2221 2224
4 2153 2224 2225 2156
4 2223 2226 2225 2224
4 2227 2228 2225 2226
4 2157 2156 2225 2228
4 2157 2228 2229 2161
4 2227 2230 2229 2228
4 2231 2232 2229 2230
4 2233 2234 2229 2232
4 2162 2161 2229 2234
4 2173 2235 2236 2174
4 2237 2238 2236 2235
4 2239 2240 2236 2238
4 2241 2242 2236 2240
4 2175 2174 2236 2242
4 2175 2242 2243 2178
4 2241 2244 2243 2242
4 765 764 2243 2244
4 763 2178 2243 764
4 779 778 2245 2180
4 777 2246 2245 778
4 2247 2248 2245 2246
4 2181 2180 2245 2248
4 2181 2248 2249 2184
4 2247 2250 2249 2248
4 2251 2252 2249 2250
4 2185 2184 2249 2252
4 2185 2252 2253 2188
4 2251 2254 2253 2252
4 2255 2256 2253 2254
4 2257 2258 2253 2256
4 2189 2188 2253 2258
4 2189 2258 2259 2192
4 2257 2260 2259 2258
4 2261 2262 2259 2260
4 2263 2264 2259 2262
4 2265 2266 2259 2264
4 2193 2192 2259 2266
4 2217 2267 2268 2220
4 2269 2270 2268 2267
4 2271 2272 2268 2270
4 785 784 2268 2272
4 783 2220 2268 784
4 811 810 2273 2222
4 809 2274 2273 810
4 2275 2276 2273 2274
4 2223 2222 2273 2276
4 2223 2276 2277 2226
4 2275 2278 2277 2276
4 2279 2280 2277 2278
4 2227 2226 2277 2280
4 2227 2280 2281 2230
4 2279 2282 2281 2280
4 2283 2284 2281 2282
4 2285 2286 2281 2284
4 2287 2288 2281 2286
4 2231 2230 2281 2288
4 2239 2289 2290 2240
4 2291 2292 2290 2289
4 2293 2294 2290 2292
4 2295 2296 2290 2294
4 2241 2240 2290 2296
4 2241 2296 2297 2244
4 2295 2298 2297 2296
4 815 813 2297 2298
4 765 2244 2297 813
4 771 830 2299 774
4 829 2300 2299 830
4 2301 2302 2299 2300
4 775 774 2299 2302
4 775 2302 2303 776
4 2301 2304 2303 2302
4 2305 2306 2303 2304
4 777 776 2303 2306
4 777 2306 2307 2246
4 2305 2308 2307 2306
4 2309 2310 2307 2308
4 2247 2246 2307 2310
4 2247 2310 2311 2250
4 2309 2312 2311 2310
4 2313 2314 2311 2312
4 2315 2316 2311 2314
4 2317 2318 2311 2316
4 2251 2250 2311 2318
4 2271 2319 2320 2272
4 2321 2322 2320 2319
4 2323 2324 2320 2322
4 2325 2326 2320 2324
4 785 2272 2320 2326
4 785 2326 2327 786
4 2325 2328 2327 2326
4 2329 2330 2327 2328
4 787 786 2327 2330
4 787 2330 2331 788
4 2329 2332 2331 2330
4 833 831 2331 2332
4 789 788 2331 831
4 809 858 2333 2274
4 857 2334 2333 858
4 2335 2336 2333 2334
4 2275 2274 2333 2336
4 2275 2336 2337 2278
4 2335 2338 2337 2336
4 2339 2340 2337 2338
4 2341 2342 2337 2340
4 2279 2278 2337 2342
4 2293 2343 2344 2294
4 2345 2346 2344 2343
4 2347 2348 2344 2346
4 2349 2350 2344 2348
4 2351 2352 2344 2350
4 2295 2294 2344 2352
4 2295 2352 2353 2298
4 2351 2354 2353 2352
4 817 816 2353 2354
4 815 2298 2353 816
4 829 828 2355 2300
4 827 2356 2355 828
4 2357 2358 2355 2356
4 2301 2300 2355 2358
4 2301 2358 2359 2304
4 2357 2360 2359 2358
4 2361 2362 2359 2360
4 2363 2364 2359 2362
4 2305 2304 2359 2364
4 2305 2364 2365 2308
4 2363 2366 2365 2364
4 2367 2368 2365 2366
4 2369 2370 2365 2368
4 2371 2372 2365 2370
4 2309 2308 2365 2372
4 2323 2373 2374 2324
4 2375 2376 2374 2373
4 2377 2378 2374 2376
4 2379 2380 2374 2378
4 2381 2382 2374 2380
4 2325 2324 2374 2382
4 2325 2382 2383 2328
4 2381 2384 2383 2382
4 2385 2386 2383 2384
4 2329 2328 2383 2386
4 2329 2386 2387 2332
4 2385 2388 2387 2386
4 835 834 2387 2388
4 833 2332 2387 834
4 857 856 2389 2334
4 855 2390 2389 856
4 2391 2392 2389 2390
4 2335 2334 2389 2392
4 2335 2392 2393 2338
4 2391 2394 2393 2392
4 2395 2396 2393 2394
4 2397 2398 2393 2396
4 2339 2338 2393 2398
4 2351 2399 2400 2354
4 2401 2402 2400 2399
4 2403 2404 2400 2402
4 2405 2406 2400 2404
4 2407 2408 2400 2406
4 817 2354 2400 2408
4 817 2408 2409 818
4 2407 2410 2409 2408
4 2411 2412 2409 2410
4 2413 2414 2409 2412
4 819 818 2409 2414
4 819 2414 2415 820
4 2413 2416 2415 2414
4 2417 2418 2415 2416
4 821 820 2415 2418
4 821 2418 2419 824
4 2417 2420 2419 2418
4 2421 2422 2419 2420
4 2423 2424 2419 2422
4 825 824 2419 2424
4 825 2424 2425 826
4 2423 2426 2425 2424
4 2427 2428 2425 2426
4 2429 2430 2425 2428
4 827 826 2425 2430
4 827 2430 2431 2356
4 2429 2432 2431 2430
4 2433 2434 2431 2432
4 2435 2436 2431 2434
4 2437 2438 2431 2436
4 2357 2356 2431 2438
4 2381 2439 2440 2384
4 2441 2442 2440 2439
4 2443 2444 2440 2442
4 2445 2446 2440 2444
4 2385 2384 2440 2446
4 2385 2446 2447 2388
4 2445 2448 2447 2446
4 861 859 2447 2448
4 835 2388 2447 859
4 849 884 2449 852
4 883 2450 2449 884
4 2451 2452 2449 2450
4 853 852 2449 2452
4 853 2452 2453 854
4 2451 2454 2453 2452
4 2455 2456 2453 2454
4 855 854 2453 2456
4 855 2456 2457 2390
4 2455 2458 2457 2456
4 2459 2460 2457 2458
4 2391 2390 2457 2460
4 2391 2460 2461 2394
4 2459 2462 2461 2460
4 2463 2464 2461 2462
4 2465 2466 2461 2464
4 2467 2468 2461 2466
4 2395 2394 2461 2468
4 2413 2469 2470 2416
4 2471 2472 2470 2469
4 2473 2474 2470 2472
4 2475 2476 2470 2474
4 2477 2478 2470 2476
4 2479 2480 2470 2478
4 2417 2416 2470 2480
4 2443 2481 2482 2444
4 2483 2484 2482 2481
4 2485 2486 2482 2484
4 2487 2488 2482 2486
4 2489 2490 2482 2488
4 2445 2444 2482 2490
4 2445 2490 2491 2448
4 2489 2492 2491 2490
4 863 862 2491 2492
4 861 2448 2491 862
4 883 882 2493 2450
4 881 2494 2493 882
4 2495 2496 2493 2494
4 2451 2450 2493 2496
4 2451 2496 2497 2454
4 2495 2498 2497 2496
4 2499 2500 2497 2498
4 2455 2454 2497 2500
4 2455 2500 2501 2458
4 2499 2502 2501 2500
4 2503 2504 2501 2502
4 2505 2506 2501 2504
4 2507 2508 2501 2506
4 2459 2458 2501 2508
4 2489 2509 2510 2492
4 2511 2512 2510 2509
4 2513 2514 2510 2512
4 2515 2516 2510 2514
4 863 2492 2510 2516
4 863 2516 2517 864
4 2515 2518 2517 2516
4 2519 2520 2517 2518
4 865 864 2517 2520
4 865 2520 2521 866
4 2519 2522 2521 2520
4 887 885 2521 2522
4 867 866 2521 885
4 875 902 2523 878
4 901 2524 2523 902
4 2525 2526 2523 2524
4 879 878 2523 2526
4 879 2526 2527 880
4 2525 2528 2527 2526
4 2529 2530 2527 2528
4 881 880 2527 2530
4 881 2530 2531 2494
4 2529 2532 2531 2530
4 2533 2534 2531 2532
4 2495 2494 2531 2534
4 2495 2534 2535 2498
4 2533 2536 2535 2534
4 2537 2538 2535 2536
4 2539 2540 2535 2538
4 2541 2542 2535 2540
4 2499 2498 2535 2542
4 2513 2543 2544 2514
4 2545 2546 2544 2543
4 2547 2548 2544 2546
4 2549 2550 2544 2548
4 2551 2552 2544 2550
4 2515 2514 2544 2552
4 2515 2552 2553 2518
4 2551 2554 2553 2552
4 2555 2556 2553 2554
4 2519 2518 2553 2556
4 2519 2556 2557 2522
4 2555 2558 2557 2556
4 889 888 2557 2558
4 887 2522 2557 888
4 901 900 2559 2524
4 899 2560 2559 900
4 2561 2562 2559 2560
4 2525 2524 2559 2562
4 2525 2562 2563 2528
4 2561 2564 2563 2562
4 2565 2566 2563 2564
4 2529 2528 2563 2566
4 2529 2566 2567 2532
4 2565 2568 2567 2566
4 2569 2570 2567 2568
4 2571 2572 2567 2570
4 2573 2574 2567 2572
4 2533 2532 2567 2574
4 2551 2575 2576 2554
4 2577 2578 2576 2575
4 2579 2580 2576 2578
4 2581 2582 2576 2580
4 2555 2554 2576 2582
4 2555 2582 2583 2558
4 2581 2584 2583 2582
4 2585 2586 2583 2584
4 889 2558 2583 2586
4 889 2586 2587 890
4 2585 2588 2587 2586
4 2589 2590 2587 2588
4 891 890 2587 2590
4 891 2590 2591 892
4 2589 2592 2591 2590
4 2593 2594 2591 2592
4 893 892 2591 2594
4 893 2594 2595 896
4 2593 2596 2595 2594
4 2597 2598 2595 2596
4 897 896 2595 2598
4 897 2598 2599 898
4 2597 2600 2599 2598
4 2601 2602 2599 2600
4 899 898 2599 2602
4 899 2602 2603 2560
4 2601 2604 2603 2602
4 2605 2606 2603 2604
4 2561 2560 2603 2606
4 2561 2606 2607 2564
4 2605 2608 2607 2606
4 2609 2610 2607 2608
4 2611 2612 2607 2610
4 2613 2614 2607 2612
4 2565 2564 2607 2614
4 2579 2615 2616 2580
4 2617 2618 2616 2615
4 2619 2620 2616 2618
4 2621 2622 2616 2620
4 2623 2624 2616 2622
4 2581 2580 2616 2624
4 2581 2624 2625 2584
4 2623 2626 2625 2624
4 2627 2628 2625 2626
4 2629 2630 2625 2628
4 2585 2584 2625 2630
4 2585 2630 2631 2588
4 2629 2632 2631 2630
4 2633 2634 2631 2632
4 2589 2588 2631 2634
4 2589 2634 2635 2592
4 2633 2636 2635 2634
4 2637 2638 2635 2636
4 2593 2592 2635 2638
4 2593 2638 2639 2596
4 2637 2640 2639 2638
4 2641 2642 2639 2640
4 2597 2596 2639 2642
4 2597 2642 2643 2600
4 2641 2644 2643 2642
4 2645 2646 2643 2644
4 2601 2600 2643 2646
4 2601 2646 2647 2604
4 2645 2648 2647 2646
4 2649 2650 2647 2648
4 2651 2652 2647 2650
4 2653 2654 2647 2652
4 2605 2604 2647 2654
4 2629 2655 2656 2632
4 2657 2658 2656 2655
4 2659 2660 2656 2658
4 2661 2662 2656 2660
4 2663 2664 2656 2662
4 2633 2632 2656 2664
4 2633 2664 2665 2636
4 2663 2666 2665 2664
4 2667 2668 2665 2666
4 2669 2670 2665 2668
4 2637 2636 2665 2670
4 2637 2670 2671 2640
4 2669 2672 2671 2670
4 2673 2674 2671 2672
4 2675 2676 2671 2674
4 2641 2640 2671 2676
4 2641 2676 2677 2644
4 2675 2678 2677 2676
4 2679 2680 2677 2678
4 2681 2682 2677 2680
4 2683 2684 2677 2682
4 2645 2644 2677 2684
4 2685 2686 2687 2688
4 2689 2690 2687 2686
4 2691 2688 2687 2690
4 2691 2690 2692 2693
4 2689 2694 2692 2690
4 2695 2696 2692 2694
4 2697 2693 2692 2696
4 2697 2696 2698 2699
4 2695 2700 2698 2696
4 2701 2702 2698 2700
4 2703 2699 2698 2702
4 2703 2702 2704 2705
4 2701 2706 2704 2702
4 2707 2708 2704 2706
4 2709 2705 2704 2708
4 2709 2708 2710 2711
4 2707 2712 2710 2708
4 2713 2714 2710 2712
4 2715 2711 2710 2714
4 2715 2714 2716 2717
4 2713 2718 2716 2714
4 2719 2720 2716 2718
4 2721 2717 2716 2720
4 2721 2720 2722 2723
4 2719 2724 2722 2720
4 2725 2726 2722 2724
4 2727 2723 2722 2726
4 2727 2726 2728 2729
4 2725 2730 2728 2726
4 2731 2732 2728 2730
4 2733 2729 2728 2732
4 2733 2732 2734 2735
4 2731 2736 2734 2732
4 2737 2735 2734 2736
4 2738 2739 2740 2741
4 2742 2743 2740 2739
4 2744 2741 2740 2743
4 2744 2743 2745 2746
4 2742 2747 2745 2743
4 2748 2749 2745 2747
4 2689 2686 2745 2749
4 2685 2746 2745 2686
4 2689 2749 2750 2694
4 2748 2751 2750 2749
4 2752 2753 2750 2751
4 2695 2694 2750 2753
4 2695 2753 2754 2700
4 2752 2755 2754 2753
4 2756 2757 2754 2755
4 2701 2700 2754 2757
4 2701 2757 2758 2706
4 2756 2759 2758 2757
4 2760 2761 2758 2759
4 2707 2706 2758 2761
4 2707 2761 2762 2712
4 2760 2763 2762 2761
4 2764 2765 2762 2763
4 2713 2712 2762 2765
4 2713 2765 2766 2718
4 2764 2767 2766 2765
4 2768 2769 2766 2767
4 2719 2718 2766 2769
4 2719 2769 2770 2724
4 2768 2771 2770 2769
4 2772 2773 2770 2771
4 2725 2724 2770 2773
4 2725 2773 2774 2730
4 2772 2775 2774 2773
4 2776 2777 2774 2775
4 2731 2730 2774 2777
4 2731 2777 2778 2736
4 2776 2779 2778 2777
4 2780 2781 2778 2779
4 2782 2783 2778 2781
4 2737 2736 2778 2783
4 2782 2781 2784 2785
4 2780 2786 2784 2781
4 2787 2788 2784 2786
4 2789 2785 2784 2788
4 2789 2788 2790 2791
4 2787 2792 2790 2788
4 2793 2791 2790 2792
4 2794 2795 2796 2797
4 2798 2799 2796 2795
4 2800 2797 2796 2799
4 2800 2799 2801 2802
4 2798 2803 2801 2799
4 2804 2805 2801 2803
4 2806 2802 2801 2805
4 2806 2805 2807 2808
4 2804 2809 2807 2805
4 2810 2811 2807 2809
4 2742 2739 2807 2811
4 2738 2808 2807 2739
4 2742 2811 2812 2747
4 2810 2813 2812 2811
4 903 2814 2812 2813
4 2748 2747 2812 2814
4 2748 2814 2815 2751
4 903 906 2815 2814
4 915 2816 2815 906
4 2752 2751 2815 2816
4 2752 2816 2817 2755
4 915 914 2817 2816
4 913 2818 2817 914
4 2756 2755 2817 2818
4 2756 2818 2819 2759
4 913 917 2819 2818
4 923 2820 2819 917
4 2760 2759 2819 2820
4 2760 2820 2821 2763
4 923 922 2821 2820
4 921 2822 2821 922
4 2764 2763 2821 2822
4 2764 2822 2823 2767
4 921 925 2823 2822
4 931 2824 2823 925
4 2768 2767 2823 2824
4 2768 2824 2825 2771
4 931 930 2825 2824
4 929 2826 2825 930
4 2772 2771 2825 2826
4 2772 2826 2827 2775
4 929 933 2827 2826
4 941 2828 2827 933
4 2776 2775 2827 2828
4 2776 2828 2829 2779
4 941 940 2829 2828
4 939 2830 2829 940
4 2780 2779 2829 2830
4 2780 2830 2831 2786
4 939 2832 2831 2830
4 2833 2834 2831 2832
4 2787 2786 2831 2834
4 2787 2834 2835 2792
4 2833 2836 2835 2834
4 2837 2838 2835 2836
4 2839 2840 2835 2838
4 2793 2792 2835 2840
4 2839 2838 2841 2842
4 2837 2843 2841 2838
4 2844 2842 2841 2843
4 2845 2846 2847 2848
4 2849 2850 2847 2846
4 2851 2848 2847 2850
4 2851 2850 2852 2853
4 2849 2854 2852 2850
4 2855 2856 2852 2854
4 2798 2795 2852 2856
4 2794 2853 2852 2795
4 2798 2856 2857 2803
4 2855 2858 2857 2856
4 2859 2860 2857 2858
4 2804 2803 2857 2860
4 2804 2860 2861 2809
4 2859 2862 2861 2860
4 2863 2864 2861 2862
4 2810 2809 2861 2864
4 2810 2864 2865 2813
4 2863 2866 2865 2864
4 907 904 2865 2866
4 903 2813 2865 904
4 939 938 2867 2832
4 937 2868 2867 938
4 2869 2870 2867 2868
4 2833 2832 2867 2870
4 2833 2870 2871 2836
4 2869 2872 2871 2870
4 2873 2874 2871 2872
4 2837 2836 2871 2874
4 2837 2874 2875 2843
4 2873 2876 2875 2874
4 2877 2878 2875 2876
4 2879 2880 2875 2878
4 2844 2843 2875 2880
4 2879 2878 2881 2882
4 2877 2883 2881 2878
4 2884 2882 2881 2883
4 2885 2886 2887 2888
4 942 2889 2887 2886
4 2849 2846 2887 2889
4 2845 2888 2887 2846
4 2849 2889 2890 2854
4 942 945 2890 2889
4 954 2891 2890 945
4 2855 2854 2890 2891
4 2855 2891 2892 2858
4 954 953 2892 2891
4 952 2893 2892 953
4 2859 2858 2892 2893
4 2859 2893 2894 2862
4 952 956 2894 2893
4 961 2895 2894 956
4 2863 2862 2894 2895
4 2863 2895 2896 2866
4 961 960 2896 2895
4 909 908 2896 960
4 907 2866 2896 908
4 937 936 2897 2868
4 935 979 2897 936
4 987 2898 2897 979
4 2869 2868 2897 2898
4 2869 2898 2899 2872
4 987 986 2899 2898
4 985 2900 2899 986
4 2873 2872 2899 2900
4 2873 2900 2901 2876
4 985 2902 2901 2900
4 2903 2904 2901 2902
4 2877 2876 2901 2904
4 2877 2904 2905 2883
4 2903 2906 2905 2904
4 2907 2908 2905 2906
4 2909 2910 2905 2908
4 2884 2883 2905 2910
4 2909 2908 2911 2912
4 2907 2913 2911 2908
4 2914 2915 2911 2913
4 2916 2912 2911 2915
4 2916 2915 2917 2918
4 2914 2919 2917 2915
4 2920 2918 2917 2919
4 2921 2922 2923 2924
4 2925 2926 2923 2922
4 2927 2924 2923 2926
4 2927 2926 2928 2929
4 2925 2930 2928 2926
4 946 943 2928 2930
4 942 2886 2928 943
4 2885 2929 2928 2886
4 985 984 2931 2902
4 983 2932 2931 984
4 2933 2934 2931 2932
4 2903 2902 2931 2934
4 2903 2934 2935 2906
4 2933 2936 2935 2934
4 2937 2938 2935 2936
4 2907 2906 2935 2938
4 2907 2938 2939 2913
4 2937 2940 2939 2938
4 2941 2942 2939 2940
4 2914 2913 2939 2942
4 2914 2942 2943 2919
4 2941 2944 2943 2942
4 2945 2946 2943 2944
4 2947 2948 2943 2946
4 2920 2919 2943 2948
4 2947 2946 2949 2950
4 2945 2951 2949 2946
4 2952 2950 2949 2951
4 2953 2954 2955 2956
4 2957 2958 2955 2954
4 2959 2956 2955 2958
4 2959 2958 2960 2961
4 2957 2962 2960 2958
4 2963 2964 2960 2962
4 2925 2922 2960 2964
4 2921 2961 2960 2922
4 2925 2964 2965 2930
4 2963 2966 2965 2964
4 948 947 2965 2966
4 946 2930 2965 947
4 983 982 2967 2932
4 981 1012 2967 982
4 1020 2968 2967 1012
4 2933 2932 2967 2968
4 2933 2968 2969 2936
4 1020 1019 2969 2968
4 1018 2970 2969 1019
4 2937 2936 2969 2970
4 2937 2970 2971 2940
4 1018 2972 2971 2970
4 2973 2974 2971 2972
4 2941 2940 2971 2974
4 2941 2974 2975 2944
4 2973 2976 2975 2974
4 2977 2978 2975 2976
4 2945 2944 2975 2978
4 2945 2978 2979 2951
4 2977 2980 2979 2978
4 2981 2982 2979 2980
4 2983 2984 2979 2982
4 2952 2951 2979 2984
4 2983 2982 2985 2986
4 2981 2987 2985 2982
4 2988 2986 2985 2987
4 2989 2990 2991 2992
4 2993 2994 2991 2990
4 2957 2954 2991 2994
4 2953 2992 2991 2954
4 2957 2994 2995 2962
4 2993 2996 2995 2994
4 2997 2998 2995 2996
4 2963 2962 2995 2998
4 2963 2998 2999 2966
4 2997 3000 2999 2998
4 990 988 2999 3000
4 948 2966 2999 988
4 1018 1017 3001 2972
4 1016 3002 3001 1017
4 3003 3004 3001 3002
4 2973 2972 3001 3004
4 2973 3004 3005 2976
4 3003 3006 3005 3004
4 3007 3008 3005 3006
4 2977 2976 3005 3008
4 2977 3008 3009 2980
4 3007 3010 3009 3008
4 3011 3012 3009 3010
4 2981 2980 3009 3012
4 2981 3012 3013 2987
4 3011 3014 3013 3012
4 3015 3016 3013 3014
4 3017 3018 3013 3016
4 2988 2987 3013 3018
4 3017 3016 3019 3020
4 3015 3021 3019 3016
4 3022 3020 3019 3021
4 3023 3024 3025 3026
4 3027 3028 3025 3024
4 3029 3026 3025 3028
4 3029 3028 3030 3031
4 3027 3032 3030 3028
4 1021 3033 3030 3032
4 2993 2990 3030 3033
4 2989 3031 3030 2990
4 2993 3033 3034 2996
4 1021 1024 3034 3033
4 1032 3035 3034 1024
4 2997 2996 3034 3035
4 2997 3035 3036 3000
4 1032 1031 3036 3035
4 992 991 3036 1031
4 990 3000 3036 991
4 1016 1015 3037 3002
4 1014 1048 3037 1015
4 1056 3038 3037 1048
4 3003 3002 3037 3038
4 3003 3038 3039 3006
4 1056 1055 3039 3038
4 1054 3040 3039 1055
4 3007 3006 3039 3040
4 3007 3040 3041 3010
4 1054 3042 3041 3040
4 3043 3044 3041 3042
4 3011 3010 3041 3044
4 3011 3044 3045 3014
4 3043 3046 3045 3044
4 3047 3048 3045 3046
4 3015 3014 3045 3048
4 3015 3048 3049 3021
4 3047 3050 3049 3048
4 3051 3052 3049 3050
4 3022 3021 3049 3052
4 3053 3054 3055 3056
4 3057 3058 3055 3054
4 3027 3024 3055 3058
4 3023 3056 3055 3024
4 3027 3058 3059 3032
4 3057 3060 3059 3058
4 1025 1022 3059 3060
4 1021 3032 3059 1022
4 1054 1053 3061 3042
4 1052 3062 3061 1053
4 3063 3064 3061 3062
4 3043 3042 3061 3064
4 3043 3064 3065 3046
4 3063 3066 3065 3064
4 3067 3068 3065 3066
4 3047 3046 3065 3068
4 3047 3068 3069 3050
4 3067 3070 3069 3068
4 3071 3072 3069 3070
4 3073 3074 3069 3072
4 3051 3050 3069 3074
4 3073 3072 3075 3076
4 3071 3077 3075 3072
4 3078 3076 3075 3077
4 3079 3080 3081 3082
4 3083 3084 3081 3080
4 3085 3082 3081 3084
4 3085 3084 3086 3087
4 3083 3088 3086 3084
4 3089 3090 3086 3088
4 3057 3054 3086 3090
4 3053 3087 3086 3054
4 3057 3090 3091 3060
4 3089 3092 3091 3090
4 1027 1026 3091 3092
4 1025 3060 3091 1026
4 1052 1051 3093 3062
4 1050 1076 3093 1051
4 1084 3094 3093 1076
4 3063 3062 3093 3094
4 3063 3094 3095 3066
4 1084 1083 3095 3094
4 1082 3096 3095 1083
4 3067 3066 3095 3096
4 3067 3096 3097 3070
4 1082 3098 3097 3096
4 3099 3100 3097 3098
4 3071 3070 3097 3100
4 3071 3100 3101 3077
4 3099 3102 3101 3100
4 3103 3104 3101 3102
4 3105 3106 3101 3104
4 3078 3077 3101 3106
4 3105 3104 3107 3108
4 3103 3109 3107 3104
4 3110 3108 3107 3109
4 3111 3112 3113 3114
4 3115 3116 3113 3112
4 3083 3080 3113 3116
4 3079 3114 3113 3080
4 3083 3116 3117 3088
4 3115 3118 3117 3116
4 3119 3120 3117 3118
4 3089 3088 3117 3120
4 3089 3120 3121 3092
4 3119 3122 3121 3120
4 1059 1057 3121 3122
4 1027 3092 3121 1057
4 1082 1081 3123 3098
4 1080 3124 3123 1081
4 3125 3126 3123 3124
4 3099 3098 3123 3126
4 3099 3126 3127 3102
4 3125 3128 3127 3126
4 3129 3130 3127 3128
4 3103 3102 3127 3130
4 3103 3130 3131 3109
4 3129 3132 3131 3130
4 3133 3134 3131 3132
4 3135 3136 3131 3134
4 3110 3109 3131 3136
4 3135 3134 3137 3138
4 3133 3139 3137 3134
4 3140 3138 3137 3139
4 3141 3142 3143 3144
4 3145 3146 3143 3142
4 3147 3144 3143 3146
4 3147 3146 3148 3149
4 3145 3150 3148 3146
4 3151 3152 3148 3150
4 3153 3149 3148 3152
4 3153 3152 3154 3155
4 3151 3156 3154 3152
4 3157 3158 3154 3156
4 3159 3155 3154 3158
4 3159 3158 3160 3161
4 3157 3162 3160 3158
4 3163 3164 3160 3162
4 3165 3161 3160 3164
4 3165 3164 3166 3167
4 3163 3168 3166 3164
4 1085 3169 3166 3168
4 3170 3167 3166 3169
4 3170 3169 3171 3172
4 1085 1088 3171 3169
4 1099 3173 3171 1088
4 3174 3172 3171 3173
4 3174 3173 3175 3176
4 1099 1098 3175 3173
4 1097 3177 3175 1098
4 3178 3176 3175 3177
4 3178 3177 3179 3180
4 1097 3181 3179 3177
4 3182 3183 3179 3181
4 3184 3180 3179 3183
4 3184 3183 3185 3186
4 3182 3187 3185 3183
4 3188 3189 3185 3187
4 3190 3186 3185 3189
4 3190 3189 3191 3192
4 3188 3193 3191 3189
4 3194 3195 3191 3193
4 3196 3192 3191 3195
4 3196 3195 3197 3198
4 3194 3199 3197 3195
4 3200 3198 3197 3199
4 3201 3202 3203 3204
4 3205 3206 3203 3202
4 3207 3204 3203 3206
4 3207 3206 3208 3209
4 3205 3210 3208 3206
4 1100 3211 3208 3210
4 3115 3112 3208 3211
4 3111 3209 3208 3112
4 3115 3211 3212 3118
4 1100 1103 3212 3211
4 1111 3213 3212 1103
4 3119 3118 3212 3213
4 3119 3213 3214 3122
4 1111 1110 3214 3213
4 1061 1060 3214 1110
4 1059 3122 3214 1060
4 1080 1079 3215 3124
4 1078 1123 3215 1079
4 1131 3216 3215 1123
4 3125 3124 3215 3216
4 3125 3216 3217 3128
4 1131 1130 3217 3216
4 1129 3218 3217 1130
4 3129 3128 3217 3218
4 3129 3218 3219 3132
4 1129 3220 3219 3218
4 3221 3222 3219 3220
4 3133 3132 3219 3222
4 3133 3222 3223 3139
4 3221 3224 3223 3222
4 3225 3226 3223 3224
4 3227 3228 3223 3226
4 3140 3139 3223 3228
4 3227 3226 3229 3230
4 3225 3231 3229 3226
4 3232 3230 3229 3231
4 3233 3234 3235 3236
4 3237 3238 3235 3234
4 3239 3236 3235 3238
4 3239 3238 3240 3241
4 3237 3242 3240 3238
4 3243 3244 3240 3242
4 3245 3241 3240 3244
4 3245 3244 3246 3247
4 3243 3248 3246 3244
4 3249 3250 3246 3248
4 3145 3142 3246 3250
4 3141 3247 3246 3142
4 3145 3250 3251 3150
4 3249 3252 3251 3250
4 3253 3254 3251 3252
4 3151 3150 3251 3254
4 3151 3254 3255 3156
4 3253 3256 3255 3254
4 3257 3258 3255 3256
4 3157 3156 3255 3258
4 3157 3258 3259 3162
4 3257 3260 3259 3258
4 3261 3262 3259 3260
4 3163 3162 3259 3262
4 3163 3262 3263 3168
4 3261 3264 3263 3262
4 1089 1086 3263 3264
4 1085 3168 3263 1086
4 1097 1096 3265 3181
4 1095 3266 3265 1096
4 3267 3268 3265 3266
4 3182 3181 3265 3268
4 3182 3268 3269 3187
4 3267 3270 3269 3268
4 3271 3272 3269 3270
4 3188 3187 3269 3272
4 3188 3272 3273 3193
4 3271 3274 3273 3272
4 3275 3276 3273 3274
4 3194 3193 3273 3276
4 3194 3276 3277 3199
4 3275 3278 3277 3276
4 3279 3280 3277 3278
4 3281 3282 3277 3280
4 3200 3199 3277 3282
4 3281 3280 3283 3284
4 3279 3285 3283 3280
4 3286 3287 3283 3285
4 3288 3284 3283 3287
4 3288 3287 3289 3290
4 3286 3291 3289 3287
4 3292 3290 3289 3291
4 3293 3294 3295 3296
4 3297 3298 3295 3294
4 3205 3202 3295 3298
4 3201 3296 3295 3202
4 3205 3298 3299 3210
4 3297 3300 3299 3298
4 1104 1101 3299 3300
4 1100 3210 3299 1101
4 1129 1128 3301 3220
4 1127 3302 3301 1128
4 3303 3304 3301 3302
4 3221 3220 3301 3304
4 3221 3304 3305 3224
4 3303 3306 3305 3304
4 3307 3308 3305 3306
4 3225 3224 3305 3308
4 3225 3308 3309 3231
4 3307 3310 3309 3308
4 3311 3312 3309 3310
4 3232 3231 3309 3312
4 3313 3314 3315 3316
4 3317 3318 3315 3314
4 3319 3316 3315 3318
4 3319 3318 3320 3321
4 3317 3322 3320 3318
4 3323 3324 3320 3322
4 3237 3234 3320 3324
4 3233 3321 3320 3234
4 3237 3324 3325 3242
4 3323 3326 3325 3324
4 3327 3328 3325 3326
4 3243 3242 3325 3328
4 3243 3328 3329 3248
4 3327 3330 3329 3328
4 1132 3331 3329 3330
4 3249 3248 3329 3331
4 3249 3331 3332 3252
4 1132 1135 3332 3331
4 1143 3333 3332 1135
4 3253 3252 3332 3333
4 3253 3333 3334 3256
4 1143 1142 3334 3333
4 1141 3335 3334 1142
4 3257 3256 3334 3335
4 3257 3335 3336 3260
4 1141 1145 3336 3335
4 1148 3337 3336 1145
4 3261 3260 3336 3337
4 3261 3337 3338 3264
4 1148 1147 3338 3337
4 1091 1090 3338 1147
4 1089 3264 3338 1090
4 1095 1094 3339 3266
4 1093 1152 3339 1094
4 1156 3340 3339 1152
4 3267 3266 3339 3340
4 3267 3340 3341 3270
4 1156 1155 3341 3340
4 1154 3342 3341 1155
4 3271 3270 3341 3342
4 3271 3342 3343 3274
4 1154 1158 3343 3342
4 1162 3344 3343 1158
4 3275 3274 3343 3344
4 3275 3344 3345 3278
4 1162 1161 3345 3344
4 1160 3346 3345 1161
4 3279 3278 3345 3346
4 3279 3346 3347 3285
4 1160 1164 3347 3346
4 1172 3348 3347 1164
4 3286 3285 3347 3348
4 3286 3348 3349 3291
4 1172 1171 3349 3348
4 1170 3350 3349 1171
4 3351 3352 3349 3350
4 3292 3291 3349 3352
4 3351 3350 3353 3354
4 1170 3355 3353 3350
4 3356 3357 3353 3355
4 3358 3354 3353 3357
4 3358 3357 3359 3360
4 3356 3361 3359 3357
4 3362 3360 3359 3361
4 3363 3364 3365 3366
4 3367 3368 3365 3364
4 3369 3366 3365 3368
4 3369 3368 3370 3371
4 3367 3372 3370 3368
4 3373 3374 3370 3372
4 3297 3294 3370 3374
4 3293 3371 3370 3294
4 3297 3374 3375 3300
4 3373 3376 3375 3374
4 1106 1105 3375 3376
4 1104 3300 3375 1105
4 1127 1126 3377 3302
4 1125 1192 3377 1126
4 1200 3378 3377 1192
4 3303 3302 3377 3378
4 3303 3378 3379 3306
4 1200 1199 3379 3378
4 1198 3380 3379 1199
4 3307 3306 3379 3380
4 3307 3380 3381 3310
4 1198 3382 3381 3380
4 3383 3384 3381 3382
4 3385 3386 3381 3384
4 3311 3310 3381 3386
4 3385 3384 3387 3388
4 3383 3389 3387 3384
4 3390 3388 3387 3389
4 3391 3392 3393 3394
4 3395 3396 3393 3392
4 3317 3314 3393 3396
4 3313 3394 3393 3314
4 3317 3396 3397 3322
4 3395 3398 3397 3396
4 3399 3400 3397 3398
4 3323 3322 3397 3400
4 3323 3400 3401 3326
4 3399 3402 3401 3400
4 3403 3404 3401 3402
4 3327 3326 3401 3404
4 3327 3404 3405 3330
4 3403 3406 3405 3404
4 1136 1133 3405 3406
4 1132 3330 3405 1133
4 1170 1169 3407 3355
4 1168 3408 3407 1169
4 3409 3410 3407 3408
4 3356 3355 3407 3410
4 3356 3410 3411 3361
4 3409 3412 3411 3410
4 3413 3414 3411 3412
4 3415 3416 3411 3414
4 3362 3361 3411 3416
4 3415 3414 3417 3418
4 3413 3419 3417 3414
4 3420 3421 3417 3419
4 3422 3418 3417 3421
4 3422 3421 3423 3424
4 3420 3425 3423 3421
4 3426 3424 3423 3425
4 3427 3428 3429 3430
4 3431 3432 3429 3428
4 3367 3364 3429 3432
4 3363 3430 3429 3364
4 3367 3432 3433 3372
4 3431 3434 3433 3432
4 3435 3436 3433 3434
4 3373 3372 3433 3436
4 3373 3436 3437 3376
4 3435 3438 3437 3436
4 1175 1173 3437 3438
4 1106 3376 3437 1173
4 1198 1197 3439 3382
4 1196 3440 3439 1197
4 3441 3442 3439 3440
4 3383 3382 3439 3442
4 3383 3442 3443 3389
4 3441 3444 3443 3442
4 3445 3446 3443 3444
4 3390 3389 3443 3446
4 3447 3448 3449 3450
4 3451 3452 3449 3448
4 3453 3450 3449 3452
4 3453 3452 3454 3455
4 3451 3456 3454 3452
4 3457 3458 3454 3456
4 3395 3392 3454 3458
4 3391 3455 3454 3392
4 3395 3458 3459 3398
4 3457 3460 3459 3458
4 1201 3461 3459 3460
4 3399 3398 3459 3461
4 3399 3461 3462 3402
4 1201 1204 3462 3461
4 1212 3463 3462 1204
4 3403 3402 3462 3463
4 3403 3463 3464 3406
4 1212 1211 3464 3463
4 1138 1137 3464 1211
4 1136 3406 3464 1137
4 1168 1167 3465 3408
4 1166 1220 3465 1167
4 1226 3466 3465 1220
4 3409 3408 3465 3466
4 3409 3466 3467 3412
4 1226 1225 3467 3466
4 1224 3468 3467 1225
4 3413 3412 3467 3468
4 3413 3468 3469 3419
4 1224 1228 3469 3468
4 1236 3470 3469 1228
4 3420 3419 3469 3470
4 3420 3470 3471 3425
4 1236 1235 3471 3470
4 1234 3472 3471 1235
4 3473 3474 3471 3472
4 3426 3425 3471 3474
4 3473 3472 3475 3476
4 1234 3477 3475 3472
4 3478 3479 3475 3477
4 3480 3476 3475 3479
4 3480 3479 3481 3482
4 3478 3483 3481 3479
4 3484 3482 3481 3483
4 3485 3486 3487 3488
4 1237 3489 3487 3486
4 3431 3428 3487 3489
4 3427 3488 3487 3428
4 3431 3489 3490 3434
4 1237 1240 3490 3489
4 1248 3491 3490 1240
4 3435 3434 3490 3491
4 3435 3491 3492 3438
4 1248 1247 3492 3491
4 1177 1176 3492 1247
4 1175 3438 3492 1176
4 1196 1195 3493 3440
4 1194 3494 3493 1195
4 3495 3496 3493 3494
4 3441 3440 3493 3496
4 3441 3496 3497 3444
4 3495 3498 3497 3496
4 3499 3500 3497 3498
4 3501 3502 3497 3500
4 3445 3444 3497 3502
4 3501 3500 3503 3504
4 3499 3505 3503 3500
4 3506 3504 3503 3505
4 3507 3508 3509 3510
4 3511 3512 3509 3508
4 3451 3448 3509 3512
4 3447 3510 3509 3448
4 3451 3512 3513 3456
4 3511 3514 3513 3512
4 3515 3516 3513 3514
4 3457 3456 3513 3516
4 3457 3516 3517 3460
4 3515 3518 3517 3516
4 1205 1202 3517 3518
4 1201 3460 3517 1202
4 1234 1233 3519 3477
4 1232 3520 3519 1233
4 3521 3522 3519 3520
4 3478 3477 3519 3522
4 3478 3522 3523 3483
4 3521 3524 3523 3522
4 3525 3526 3523 3524
4 3527 3528 3523 3526
4 3484 3483 3523 3528
4 3527 3526 3529 3530
4 3525 3531 3529 3526
4 3532 3533 3529 3531
4 3534 3530 3529 3533
4 3534 3533 3535 3536
4 3532 3537 3535 3533
4 3538 3536 3535 3537
4 3539 3540 3541 3542
4 3543 3544 3541 3540
4 3545 3542 3541 3544
4 3545 3544 3546 3547
4 3543 3548 3546 3544
4 1241 1238 3546 3548
4 1237 3486 3546 1238
4 3485 3547 3546 3486
4 1194 1264 3549 3494
4 1263 3550 3549 1264
4 3551 3552 3549 3550
4 3495 3494 3549 3552
4 3495 3552 3553 3498
4 3551 3554 3553 3552
4 3555 3556 3553 3554
4 3499 3498 3553 3556
4 3499 3556 3557 3505
4 3555 3558 3557 3556
4 3559 3560 3557 3558
4 3506 3505 3557 3560
4 3561 3562 3563 3564
4 3565 3566 3563 3562
4 3511 3508 3563 3566
4 3507 3564 3563 3508
4 3511 3566 3567 3514
4 3565 3568 3567 3566
4 3569 3570 3567 3568
4 3515 3514 3567 3570
4 3515 3570 3571 3518
4 3569 3572 3571 3570
4 1207 1206 3571 3572
4 1205 3518 3571 1206
4 1232 1231 3573 3520
4 1230 1284 3573 1231
4 1292 3574 3573 1284
4 3521 3520 3573 3574
4 3521 3574 3575 3524
4 1292 1291 3575 3574
4 1290 3576 3575 1291
4 3525 3524 3575 3576
4 3525 3576 3577 3531
4 1290 3578 3577 3576
4 3579 3580 3577 3578
4 3532 3531 3577 3580
4 3532 3580 3581 3537
4 3579 3582 3581 3580
4 3583 3584 3581 3582
4 3585 3586 3581 3584
4 3538 3537 3581 3586
4 3585 3584 3587 3588
4 3583 3589 3587 3584
4 3590 3588 3587 3589
4 3591 3592 3593 3594
4 3595 3596 3593 3592
4 3543 3540 3593 3596
4 3539 3594 3593 3540
4 3543 3596 3597 3548
4 3595 3598 3597 3596
4 1243 1242 3597 3598
4 1241 3548 3597 1242
4 1263 1262 3599 3550
4 1261 3600 3599 1262
4 3601 3602 3599 3600
4 3551 3550 3599 3602
4 3551 3602 3603 3554
4 3601 3604 3603 3602
4 3605 3606 3603 3604
4 3555 3554 3603 3606
4 3555 3606 3607 3558
4 3605 3608 3607 3606
4 3609 3610 3607 3608
4 3559 3558 3607 3610
4 3611 3612 3613 3614
4 3615 3616 3613 3612
4 3565 3562 3613 3616
4 3561 3614 3613 3562
4 3565 3616 3617 3568
4 3615 3618 3617 3616
4 3619 3620 3617 3618
4 3569 3568 3617 3620
4 3569 3620 3621 3572
4 3619 3622 3621 3620
4 1267 1265 3621 3622
4 1207 3572 3621 1265
4 1290 1289 3623 3578
4 1288 3624 3623 1289
4 3625 3626 3623 3624
4 3579 3578 3623 3626
4 3579 3626 3627 3582
4 3625 3628 3627 3626
4 3629 3630 3627 3628
4 3583 3582 3627 3630
4 3583 3630 3631 3589
4 3629 3632 3631 3630
4 3633 3634 3631 3632
4 3635 3636 3631 3634
4 3590 3589 3631 3636
4 3635 3634 3637 3638
4 3633 3639 3637 3634
4 3640 3641 3637 3639
4 3642 3638 3637 3641
4 3642 3641 3643 3644
4 3640 3645 3643 3641
4 3646 3644 3643 3645
4 3647 3648 3649 3650
4 3651 3652 3649 3648
4 3595 3592 3649 3652
4 3591 3650 3649 3592
4 3595 3652 3653 3598
4 3651 3654 3653 3652
4 1295 1293 3653 3654
4 1243 3598 3653 1293
4 1261 1312 3655 3600
4 1311 3656 3655 1312
4 3657 3658 3655 3656
4 3601 3600 3655 3658
4 3601 3658 3659 3604
4 3657 3660 3659 3658
4 3661 3662 3659 3660
4 3605 3604 3659 3662
4 3605 3662 3663 3608
4 3661 3664 3663 3662
4 3665 3666 3663 3664
4 3609 3608 3663 3666
4 3667 3668 3669 3670
4 3671 3672 3669 3668
4 3615 3612 3669 3672
4 3611 3670 3669 3612
4 3615 3672 3673 3618
4 3671 3674 3673 3672
4 3675 3676 3673 3674
4 3619 3618 3673 3676
4 3619 3676 3677 3622
4 3675 3678 3677 3676
4 1269 1268 3677 3678
4 1267 3622 3677 1268
4 1288 1287 3679 3624
4 1286 1332 3679 1287
4 1338 3680 3679 1332
4 3625 3624 3679 3680
4 3625 3680 3681 3628
4 1338 1337 3681 3680
4 1336 3682 3681 1337
4 3629 3628 3681 3682
4 3629 3682 3683 3632
4 1336 1340 3683 3682
4 1348 3684 3683 1340
4 3633 3632 3683 3684
4 3633 3684 3685 3639
4 1348 1347 3685 3684
4 1346 3686 3685 1347
4 3640 3639 3685 3686
4 3640 3686 3687 3645
4 1346 3688 3687 3686
4 3689 3690 3687 3688
4 3691 3692 3687 3690
4 3646 3645 3687 3692
4 3691 3690 3693 3694
4 3689 3695 3693 3690
4 3696 3694 3693 3695
4 3697 3698 3699 3700
4 3701 3702 3699 3698
4 3703 3700 3699 3702
4 3703 3702 3704 3705
4 3701 3706 3704 3702
4 3707 3708 3704 3706
4 3651 3648 3704 3708
4 3647 3705 3704 3648
4 3651 3708 3709 3654
4 3707 3710 3709 3708
4 1297 1296 3709 3710
4 1295 3654 3709 1296
4 1311 1310 3711 3656
4 1309 1364 3711 1310
4 1372 3712 3711 1364
4 3657 3656 3711 3712
4 3657 3712 3713 3660
4 1372 1371 3713 3712
4 1370 3714 3713 1371
4 3661 3660 3713 3714
4 3661 3714 3715 3664
4 1370 3716 3715 3714
4 3717 3718 3715 3716
4 3665 3664 3715 3718
4 3719 3720 3721 3722
4 3723 3724 3721 3720
4 3671 3668 3721 3724
4 3667 3722 3721 3668
4 3671 3724 3725 3674
4 3723 3726 3725 3724
4 3727 3728 3725 3726
4 3675 3674 3725 3728
4 3675 3728 3729 3678
4 3727 3730 3729 3728
4 1315 1313 3729 3730
4 1269 3678 3729 1313
4 1346 1345 3731 3688
4 1344 3732 3731 1345
4 3733 3734 3731 3732
4 3689 3688 3731 3734
4 3689 3734 3735 3695
4 3733 3736 3735 3734
4 3737 3738 3735 3736
4 3739 3740 3735 3738
4 3696 3695 3735 3740
4 3739 3738 3741 3742
4 3737 3743 3741 3738
4 3744 3745 3741 3743
4 3746 3742 3741 3745
4 3746 3745 3747 3748
4 3744 3749 3747 3745
4 3750 3748 3747 3749
4 3751 3752 3753 3754
4 3755 3756 3753 3752
4 3757 3754 3753 3756
4 3757 3756 3758 3759
4 3755 3760 3758 3756
4 3761 3762 3758 3760
4 3701 3698 3758 3762
4 3697 3759 3758 3698
4 3701 3762 3763 3706
4 3761 3764 3763 3762
4 3765 3766 3763 3764
4 3707 3706 3763 3766
4 3707 3766 3767 3710
4 3765 3768 3767 3766
4 1351 1349 3767 3768
4 1297 3710 3767 1349
4 1370 1369 3769 3716
4 1368 3770 3769 1369
4 3771 3772 3769 3770
4 3773 3774 3769 3772
4 3717 3716 3769 3774
4 3773 3772 3775 3776
4 3771 3777 3775 3772
4 3778 3776 3775 3777
4 3779 3780 3781 3782
4 3783 3784 3781 3780
4 3723 3720 3781 3784
4 3719 3782 3781 3720
4 3723 3784 3785 3726
4 3783 3786 3785 3784
4 3787 3788 3785 3786
4 3727 3726 3785 3788
4 3727 3788 3789 3730
4 3787 3790 3789 3788
4 1317 1316 3789 3790
4 1315 3730 3789 1316
4 1344 1343 3791 3732
4 1342 1392 3791 1343
4 1398 3792 3791 1392
4 3733 3732 3791 3792
4 3733 3792 3793 3736
4 1398 1397 3793 3792
4 1396 3794 3793 1397
4 3737 3736 3793 3794
4 3737 3794 3795 3743
4 1396 1400 3795 3794
4 1408 3796 3795 1400
4 3744 3743 3795 3796
4 3744 3796 3797 3749
4 1408 1407 3797 3796
4 1406 3798 3797 1407
4 3799 3800 3797 3798
4 3750 3749 3797 3800
4 3799 3798 3801 3802
4 1406 3803 3801 3798
4 3804 3805 3801 3803
4 3806 3802 3801 3805
4 3806 3805 3807 3808
4 3804 3809 3807 3805
4 3810 3811 3807 3809
4 3812 3808 3807 3811
4 3812 3811 3813 3814
4 3810 3815 3813 3811
4 3816 3817 3813 3815
4 3755 3752 3813 3817
4 3751 3814 3813 3752
4 3755 3817 3818 3760
4 3816 3819 3818 3817
4 1409 3820 3818 3819
4 3761 3760 3818 3820
4 3761 3820 3821 3764
4 1409 1412 3821 3820
4 1420 3822 3821 1412
4 3765 3764 3821 3822
4 3765 3822 3823 3768
4 1420 1419 3823 3822
4 1353 1352 3823 1419
4 1351 3768 3823 1352
4 1368 1367 3824 3770
4 1366 3825 3824 1367
4 3826 3827 3824 3825
4 3771 3770 3824 3827
4 3771 3827 3828 3777
4 3826 3829 3828 3827
4 3830 3831 3828 3829
4 3778 3777 3828 3831
4 3832 3833 3834 3835
4 3783 3780 3834 3833
4 3779 3835 3834 3780
4 3783 3833 3836 3786
4 3832 3837 3836 3833
4 3838 3839 3836 3837
4 3840 3841 3836 3839
4 3787 3786 3836 3841
4 3787 3841 3842 3790
4 3840 3843 3842 3841
4 1375 1373 3842 3843
4 1317 3790 3842 1373
4 1406 1405 3844 3803
4 1404 3845 3844 1405
4 3846 3847 3844 3845
4 3804 3803 3844 3847
4 3804 3847 3848 3809
4 3846 3849 3848 3847
4 3850 3851 3848 3849
4 3810 3809 3848 3851
4 3810 3851 3852 3815
4 3850 3853 3852 3851
4 3854 3855 3852 3853
4 3816 3815 3852 3855
4 3816 3855 3856 3819
4 3854 3857 3856 3855
4 1413 1410 3856 3857
4 1409 3819 3856 1410
4 1366 1436 3858 3825
4 1435 3859 3858 1436
4 3860 3861 3858 3859
4 3826 3825 3858 3861
4 3826 3861 3862 3829
4 3860 3863 3862 3861
4 3864 3865 3862 3863
4 3830 3829 3862 3865
4 3866 3867 3868 3869
4 3870 3871 3868 3867
4 3840 3839 3868 3871
4 3838 3869 3868 3839
4 3840 3871 3872 3843
4 3870 3873 3872 3871
4 1377 1376 3872 3873
4 1375 3843 3872 1376
4 1404 1403 3874 3845
4 1402 1458 3874 1403
4 1464 3875 3874 1458
4 3846 3845 3874 3875
4 3846 3875 3876 3849
4 1464 1463 3876 3875
4 1462 3877 3876 1463
4 3850 3849 3876 3877
4 3850 3877 3878 3853
4 1462 1466 3878 3877
4 1471 3879 3878 1466
4 3854 3853 3878 3879
4 3854 3879 3880 3857
4 1471 1470 3880 3879
4 1415 1414 3880 1470
4 1413 3857 3880 1414
4 1435 1434 3881 3859
4 1433 3882 3881 1434
4 3883 3884 3881 3882
4 3885 3886 3881 3884
4 3860 3859 3881 3886
4 3860 3886 3887 3863
4 3885 3888 3887 3886
4 3864 3863 3887 3888
4 3889 3890 3891 3892
4 3893 3894 3891 3890
4 3870 3867 3891 3894
4 3866 3892 3891 3867
4 3870 3894 3895 3873
4 3893 3896 3895 3894
4 1439 1437 3895 3896
4 1377 3873 3895 1437
4 1433 1493 3897 3882
4 1492 3898 3897 1493
4 3899 3900 3897 3898
4 3883 3882 3897 3900
4 3901 3902 3903 3904
4 3893 3890 3903 3902
4 3889 3904 3903 3890
4 3893 3902 3905 3896
4 3901 3906 3905 3902
4 3907 3908 3905 3906
4 1441 1440 3905 3908
4 1439 3896 3905 1440
4 1492 1491 3909 3898
4 1490 3910 3909 1491
4 3911 3912 3909 3910
4 3899 3898 3909 3912
4 3913 3914 3915 3916
4 3917 3918 3915 3914
4 1441 3908 3915 3918
4 3907 3916 3915 3908
4 1441 3918 3919 1442
4 3917 3920 3919 3918
4 3921 3922 3919 3920
4 1443 1442 3919 3922
4 1443 3922 3923 1444
4 3921 3924 3923 3922
4 1496 1494 3923 3924
4 1445 1444 3923 1494
4 1484 1520 3925 1487
4 1519 3926 3925 1520
4 3927 3928 3925 3926
4 1488 1487 3925 3928
4 1488 3928 3929 1489
4 3927 3930 3929 3928
4 3931 3932 3929 3930
4 1490 1489 3929 3932
4 1490 3932 3933 3910
4 3931 3934 3933 3932
4 3935 3936 3933 3934
4 3911 3910 3933 3936
4 3937 3938 3939 3940
4 3941 3942 3939 3938
4 3917 3914 3939 3942
4 3913 3940 3939 3914
4 3917 3942 3943 3920
4 3941 3944 3943 3942
4 3945 3946 3943 3944
4 3921 3920 3943 3946
4 3921 3946 3947 3924
4 3945 3948 3947 3946
4 1498 1497 3947 3948
4 1496 3924 3947 1497
4 1519 1518 3949 3926
4 1517 3950 3949 1518
4 3951 3952 3949 3950
4 3927 3926 3949 3952
4 3927 3952 3953 3930
4 3951 3954 3953 3952
4 3955 3956 3953 3954
4 3931 3930 3953 3956
4 3931 3956 3957 3934
4 3955 3958 3957 3956
4 3959 3960 3957 3958
4 3935 3934 3957 3960
4 3961 3962 3963 3964
4 3941 3938 3963 3962
4 3937 3964 3963 3938
4 3941 3962 3965 3944
4 3961 3966 3965 3962
4 3967 3968 3965 3966
4 3969 3970 3965 3968
4 3945 3944 3965 3970
4 3945 3970 3971 3948
4 3969 3972 3971 3970
4 1523 1521 3971 3972
4 1498 3948 3971 1521
4 1517 1546 3973 3950
4 1545 3974 3973 1546
4 3975 3976 3973 3974
4 3951 3950 3973 3976
4 3951 3976 3977 3954
4 3975 3978 3977 3976
4 3979 3980 3977 3978
4 3955 3954 3977 3980
4 3955 3980 3981 3958
4 3979 3982 3981 3980
4 3983 3984 3981 3982
4 3959 3958 3981 3984
4 3985 3986 3987 3988
4 3989 3990 3987 3986
4 3969 3968 3987 3990
4 3967 3988 3987 3968
4 3969 3990 3991 3972
4 3989 3992 3991 3990
4 1525 1524 3991 3992
4 1523 3972 3991 1524
4 1545 1544 3993 3974
4 1543 3994 3993 1544
4 3995 3996 3993 3994
4 3975 3974 3993 3996
4 3975 3996 3997 3978
4 3995 3998 3997 3996
4 3999 4000 3997 3998
4 3979 3978 3997 4000
4 3979 4000 4001 3982
4 3999 4002 4001 4000
4 4003 4004 4001 4002
4 3983 3982 4001 4004
4 4005 4006 4007 4008
4 3989 3986 4007 4006
4 3985 4008 4007 3986
4 3989 4006 4009 3992
4 4005 4010 4009 4006
4 4011 4012 4009 4010
4 4013 4014 4009 4012
4 1525 3992 4009 4014
4 1525 4014 4015 1526
4 4013 4016 4015 4014
4 4017 4018 4015 4016
4 1527 1526 4015 4018
4 1527 4018 4019 1528
4 4017 4020 4019 4018
4 1549 1547 4019 4020
4 1529 1528 4019 1547
4 1543 1566 4021 3994
4 1565 4022 4021 1566
4 4023 4024 4021 4022
4 3995 3994 4021 4024
4 3995 4024 4025 3998
4 4023 4026 4025 4024
4 4027 4028 4025 4026
4 3999 3998 4025 4028
4 3999 4028 4029 4002
4 4027 4030 4029 4028
4 4031 4032 4029 4030
4 4003 4002 4029 4032
4 4033 4034 4035 4036
4 4037 4038 4035 4034
4 4013 4012 4035 4038
4 4011 4036 4035 4012
4 4013 4038 4039 4016
4 4037 4040 4039 4038
4 4041 4042 4039 4040
4 4017 4016 4039 4042
4 4017 4042 4043 4020
4 4041 4044 4043 4042
4 1551 1550 4043 4044
4 1549 4020 4043 1550
4 1565 1564 4045 4022
4 1563 4046 4045 1564
4 4047 4048 4045 4046
4 4023 4022 4045 4048
4 4023 4048 4049 4026
4 4047 4050 4049 4048
4 4051 4052 4049 4050
4 4027 4026 4049 4052
4 4027 4052 4053 4030
4 4051 4054 4053 4052
4 4055 4056 4053 4054
4 4031 4030 4053 4056
4 4057 4058 4059 4060
4 4037 4034 4059 4058
4 4033 4060 4059 4034
4 4037 4058 4061 4040
4 4057 4062 4061 4058
4 4063 4064 4061 4062
4 4065 4066 4061 4064
4 4041 4040 4061 4066
4 4041 4066 4067 4044
4 4065 4068 4067 4066
4 1569 1567 4067 4068
4 1551 4044 4067 1567
4 1563 1588 4069 4046
4 1587 4070 4069 1588
4 4071 4072 4069 4070
4 4047 4046 4069 4072
4 4047 4072 4073 4050
4 4071 4074 4073 4072
4 4075 4076 4073 4074
4 4051 4050 4073 4076
4 4051 4076 4077 4054
4 4075 4078 4077 4076
4 4079 4080 4077 4078
4 4081 4082 4077 4080
4 4055 4054 4077 4082
4 4081 4080 4083 4084
4 4079 4085 4083 4080
4 4086 4084 4083 4085
4 4087 4088 4089 4090
4 4091 4092 4089 4088
4 4065 4064 4089 4092
4 4063 4090 4089 4064
4 4065 4092 4093 4068
4 4091 4094 4093 4092
4 1571 1570 4093 4094
4 1569 4068 4093 1570
4 1587 1586 4095 4070
4 1585 1600 4095 1586
4 1608 4096 4095 1600
4 4071 4070 4095 4096
4 4071 4096 4097 4074
4 1608 1607 4097 4096
4 1606 4098 4097 1607
4 4075 4074 4097 4098
4 4075 4098 4099 4078
4 1606 4100 4099 4098
4 4101 4102 4099 4100
4 4079 4078 4099 4102
4 4079 4102 4103 4085
4 4101 4104 4103 4102
4 4105 4106 4103 4104
4 4107 4108 4103 4106
4 4086 4085 4103 4108
4 4107 4106 4109 4110
4 4105 4111 4109 4106
4 4112 4110 4109 4111
4 4113 4114 4115 4116
4 4117 4118 4115 4114
4 4091 4088 4115 4118
4 4087 4116 4115 4088
4 4091 4118 4119 4094
4 4117 4120 4119 4118
4 4121 4122 4119 4120
4 1571 4094 4119 4122
4 1571 4122 4123 1572
4 4121 4124 4123 4122
4 4125 4126 4123 4124
4 1573 1572 4123 4126
4 1573 4126 4127 1574
4 4125 4128 4127 4126
4 1591 1589 4127 4128
4 1575 1574 4127 1589
4 1606 1605 4129 4100
4 1604 4130 4129 1605
4 4131 4132 4129 4130
4 4101 4100 4129 4132
4 4101 4132 4133 4104
4 4131 4134 4133 4132
4 4135 4136 4133 4134
4 4105 4104 4133 4136
4 4105 4136 4137 4111
4 4135 4138 4137 4136
4 4139 4140 4137 4138
4 4141 4142 4137 4140
4 4112 4111 4137 4142
4 4141 4140 4143 4144
4 4139 4145 4143 4140
4 4146 4147 4143 4145
4 4148 4144 4143 4147
4 4148 4147 4149 4150
4 4146 4151 4149 4147
4 4152 4153 4149 4151
4 4154 4150 4149 4153
4 4154 4153 4155 4156
4 4152 4157 4155 4153
4 4158 4156 4155 4157
4 4159 4160 4161 4162
4 4117 4114 4161 4160
4 4113 4162 4161 4114
4 4117 4160 4163 4120
4 4159 4164 4163 4160
4 4165 4166 4163 4164
4 4167 4168 4163 4166
4 4121 4120 4163 4168
4 4121 4168 4169 4124
4 4167 4170 4169 4168
4 4171 4172 4169 4170
4 4125 4124 4169 4172
4 4125 4172 4173 4128
4 4171 4174 4173 4172
4 1593 1592 4173 4174
4 1591 4128 4173 1592
4 1604 1603 4175 4130
4 1602 1620 4175 1603
4 1626 4176 4175 1620
4 4131 4130 4175 4176
4 4131 4176 4177 4134
4 1626 1625 4177 4176
4 1624 4178 4177 1625
4 4135 4134 4177 4178
4 4135 4178 4179 4138
4 1624 1628 4179 4178
4 1634 4180 4179 1628
4 4139 4138 4179 4180
4 4139 4180 4181 4145
4 1634 1633 4181 4180
4 1632 4182 4181 1633
4 4146 4145 4181 4182
4 4146 4182 4183 4151
4 1632 1636 4183 4182
4 1644 4184 4183 1636
4 4152 4151 4183 4184
4 4152 4184 4185 4157
4 1644 1643 4185 4184
4 1642 4186 4185 1643
4 4187 4188 4185 4186
4 4158 4157 4185 4188
4 4187 4186 4189 4190
4 1642 4191 4189 4186
4 4192 4193 4189 4191
4 4194 4190 4189 4193
4 4194 4193 4195 4196
4 4192 4197 4195 4193
4 4198 4199 4195 4197
4 4200 4196 4195 4199
4 4200 4199 4201 4202
4 4198 4203 4201 4199
4 4204 4205 4201 4203
4 4206 4202 4201 4205
4 4206 4205 4207 4208
4 4204 4209 4207 4205
4 4210 4211 4207 4209
4 4212 4208 4207 4211
4 4212 4211 4213 4214
4 4210 4215 4213 4211
4 4216 4214 4213 4215
4 4217 4218 4219 4220
4 4221 4222 4219 4218
4 4167 4166 4219 4222
4 4165 4220 4219 4166
4 4167 4222 4223 4170
4 4221 4224 4223 4222
4 4225 4226 4223 4224
4 4171 4170 4223 4226
4 4171 4226 4227 4174
4 4225 4228 4227 4226
4 1611 1609 4227 4228
4 1593 4174 4227 1609
4 1642 1641 4229 4191
4 1640 4230 4229 1641
4 4231 4232 4229 4230
4 4192 4191 4229 4232
4 4192 4232 4233 4197
4 4231 4234 4233 4232
4 4235 4236 4233 4234
4 4198 4197 4233 4236
4 4198 4236 4237 4203
4 4235 4238 4237 4236
4 4239 4240 4237 4238
4 4204 4203 4237 4240
4 4204 4240 4241 4209
4 4239 4242 4241 4240
4 4243 4244 4241 4242
4 4210 4209 4241 4244
4 4210 4244 4245 4215
4 4243 4246 4245 4244
4 4247 4248 4245 4246
4 4249 4250 4245 4248
4 4216 4215 4245 4250
4 4249 4248 4251 4252
4 4247 4253 4251 4248
4 4254 4255 4251 4253
4 4256 4252 4251 4255
4 4256 4255 4257 4258
4 4254 4259 4257 4255
4 4260 4261 4257 4259
4 4262 4258 4257 4261
4 4262 4261 4263 4264
4 4260 4265 4263 4261
4 4266 4267 4263 4265
4 4268 4264 4263 4267
4 4268 4267 4269 4270
4 4266 4271 4269 4267
4 4272 4270 4269 4271
4 4273 4274 4275 4276
4 4221 4218 4275 4274
4 4217 4276 4275 4218
4 4221 4274 4277 4224
4 4273 4278 4277 4274
4 4279 4280 4277 4278
4 4281 4282 4277 4280
4 4225 4224 4277 4282
4 4225 4282 4283 4228
4 4281 4284 4283 4282
4 1613 1612 4283 4284
4 1611 4228 4283 1612
4 1640 1639 4285 4230
4 1638 1660 4285 1639
4 1664 4286 4285 1660
4 4231 4230 4285 4286
4 4231 4286 4287 4234
4 1664 1663 4287 4286
4 1662 4288 4287 1663
4 4235 4234 4287 4288
4 4235 4288 4289 4238
4 1662 1666 4289 4288
4 1670 4290 4289 1666
4 4239 4238 4289 4290
4 4239 4290 4291 4242
4 1670 1669 4291 4290
4 1668 4292 4291 1669
4 4243 4242 4291 4292
4 4243 4292 4293 4246
4 1668 1672 4293 4292
4 1678 4294 4293 1672
4 4247 4246 4293 4294
4 4247 4294 4295 4253
4 1678 1677 4295 4294
4 1676 4296 4295 1677
4 4254 4253 4295 4296
4 4254 4296 4297 4259
4 1676 1680 4297 4296
4 1688 4298 4297 1680
4 4260 4259 4297 4298
4 4260 4298 4299 4265
4 1688 1687 4299 4298
4 1686 4300 4299 1687
4 4266 4265 4299 4300
4 4266 4300 4301 4271
4 1686 4302 4301 4300
4 4303 4304 4301 4302
4 4305 4306 4301 4304
4 4272 4271 4301 4306
4 4305 4304 4307 4308
4 4303 4309 4307 4304
4 4310 4311 4307 4309
4 4312 4308 4307 4311
4 4312 4311 4313 4314
4 4310 4315 4313 4311
4 4316 4317 4313 4315
4 4318 4314 4313 4317
4 4318 4317 4319 4320
4 4316 4321 4319 4317
4 4322 4320 4319 4321
4 4323 4324 4325 4326
4 4327 4328 4325 4324
4 4281 4280 4325 4328
4 4279 4326 4325 4280
4 4281 4328 4329 4284
4 4327 4330 4329 4328
4 1647 1645 4329 4330
4 1613 4284 4329 1645
4 1686 1685 4331 4302
4 1684 4332 4331 1685
4 4333 4334 4331 4332
4 4303 4302 4331 4334
4 4303 4334 4335 4309
4 4333 4336 4335 4334
4 4337 4338 4335 4336
4 4310 4309 4335 4338
4 4310 4338 4339 4315
4 4337 4340 4339 4338
4 4341 4342 4339 4340
4 4316 4315 4339 4342
4 4316 4342 4343 4321
4 4341 4344 4343 4342
4 4345 4346 4343 4344
4 4347 4348 4343 4346
4 4322 4321 4343 4348
4 4347 4346 4349 4350
4 4345 4351 4349 4346
4 4352 4353 4349 4351
4 4354 4350 4349 4353
4 4354 4353 4355 4356
4 4352 4357 4355 4353
4 4358 4359 4355 4357
4 4360 4356 4355 4359
4 4360 4359 4361 4362
4 4358 4363 4361 4359
4 4364 4362 4361 4363
4 4365 4366 4367 4368
4 4369 4370 4367 4366
4 4327 4324 4367 4370
4 4323 4368 4367 4324
4 4327 4370 4371 4330
4 4369 4372 4371 4370
4 1649 1648 4371 4372
4 1647 4330 4371 1648
4 1684 1683 4373 4332
4 1682 1704 4373 1683
4 1710 4374 4373 1704
4 4333 4332 4373 4374
4 4333 4374 4375 4336
4 1710 1709 4375 4374
4 1708 4376 4375 1709
4 4337 4336 4375 4376
4 4337 4376 4377 4340
4 1708 1712 4377 4376
4 1718 4378 4377 1712
4 4341 4340 4377 4378
4 4341 4378 4379 4344
4 1718 1717 4379 4378
4 1716 4380 4379 1717
4 4345 4344 4379 4380
4 4345 4380 4381 4351
4 1716 1720 4381 4380
4 1728 4382 4381 1720
4 4352 4351 4381 4382
4 4352 4382 4383 4357
4 1728 1727 4383 4382
4 1726 4384 4383 1727
4 4358 4357 4383 4384
4 4358 4384 4385 4363
4 1726 4386 4385 4384
4 4387 4388 4385 4386
4 4389 4390 4385 4388
4 4364 4363 4385 4390
4 4389 4388 4391 4392
4 4387 4393 4391 4388
4 4394 4395 4391 4393
4 4396 4392 4391 4395
4 4396 4395 4397 4398
4 4394 4399 4397 4395
4 4400 4398 4397 4399
4 4401 4402 4403 4404
4 4405 4406 4403 4402
4 4369 4366 4403 4406
4 4365 4404 4403 4366
4 4369 4406 4407 4372
4 4405 4408 4407 4406
4 1691 1689 4407 4408
4 1649 4372 4407 1689
4 1726 1725 4409 4386
4 1724 4410 4409 1725
4 4411 4412 4409 4410
4 4387 4386 4409 4412
4 4387 4412 4413 4393
4 4411 4414 4413 4412
4 4415 4416 4413 4414
4 4394 4393 4413 4416
4 4394 4416 4417 4399
4 4415 4418 4417 4416
4 4419 4420 4417 4418
4 4421 4422 4417 4420
4 4400 4399 4417 4422
4 4421 4420 4423 4424
4 4419 4425 4423 4420
4 4426 4427 4423 4425
4 4428 4424 4423 4427
4 4428 4427 4429 4430
4 4426 4431 4429 4427
4 4432 4430 4429 4431
4 4433 4434 4435 4436
4 4437 4438 4435 4434
4 4405 4402 4435 4438
4 4401 4436 4435 4402
4 4405 4438 4439 4408
4 4437 4440 4439 4438
4 1693 1692 4439 4440
4 1691 4408 4439 1692
4 1724 1723 4441 4410
4 1722 1746 4441 1723
4 1750 4442 4441 1746
4 4411 4410 4441 4442
4 4411 4442 4443 4414
4 1750 1749 4443 4442
4 1748 4444 4443 1749
4 4415 4414 4443 4444
4 4415 4444 4445 4418
4 1748 1752 4445 4444
4 1760 4446 4445 1752
4 4419 4418 4445 4446
4 4419 4446 4447 4425
4 1760 1759 4447 4446
4 1758 4448 4447 1759
4 4426 4425 4447 4448
4 4426 4448 4449 4431
4 1758 4450 4449 4448
4 4451 4452 4449 4450
4 4453 4454 4449 4452
4 4432 4431 4449 4454
4 4453 4452 4455 4456
4 4451 4457 4455 4452
4 4458 4456 4455 4457
4 4459 4460 4461 4462
4 4463 4464 4461 4460
4 4437 4434 4461 4464
4 4433 4462 4461 4434
4 4437 4464 4465 4440
4 4463 4466 4465 4464
4 1731 1729 4465 4466
4 1693 4440 4465 1729
4 1758 1757 4467 4450
4 1756 4468 4467 1757
4 4469 4470 4467 4468
4 4451 4450 4467 4470
4 4451 4470 4471 4457
4 4469 4472 4471 4470
4 4473 4474 4471 4472
4 4475 4476 4471 4474
4 4458 4457 4471 4476
4 4475 4474 4477 4478
4 4473 4479 4477 4474
4 4480 4478 4477 4479
4 4481 4482 4483 4484
4 4485 4486 4483 4482
4 4463 4460 4483 4486
4 4459 4484 4483 4460
4 4463 4486 4487 4466
4 4485 4488 4487 4486
4 1733 1732 4487 4488
4 1731 4466 4487 1732
4 1756 1755 4489 4468
4 1754 1772 4489 1755
4 1780 4490 4489 1772
4 4469 4468 4489 4490
4 4469 4490 4491 4472
4 1780 1779 4491 4490
4 1778 4492 4491 1779
4 4473 4472 4491 4492
4 4473 4492 4493 4479
4 1778 4494 4493 4492
4 4495 4496 4493 4494
4 4497 4498 4493 4496
4 4480 4479 4493 4498
4 4497 4496 4499 4500
4 4495 4501 4499 4496
4 4502 4500 4499 4501
4 4503 4504 4505 4506
4 4507 4508 4505 4504
4 4485 4482 4505 4508
4 4481 4506 4505 4482
4 4485 4508 4509 4488
4 4507 4510 4509 4508
4 1763 1761 4509 4510
4 1733 4488 4509 1761
4 1778 1777 4511 4494
4 1776 4512 4511 1777
4 4513 4514 4511 4512
4 4495 4494 4511 4514
4 4495 4514 4515 4501
4 4513 4516 4515 4514
4 4517 4518 4515 4516
4 4519 4520 4515 4518
4 4502 4501 4515 4520
4 4519 4518 4521 4522
4 4517 4523 4521 4518
4 4524 4522 4521 4523
4 4525 4526 4527 4528
4 4529 4530 4527 4526
4 4507 4504 4527 4530
4 4503 4528 4527 4504
4 4507 4530 4531 4510
4 4529 4532 4531 4530
4 1765 1764 4531 4532
4 1763 4510 4531 1764
4 1776 1775 4533 4512
4 1774 4534 4533 1775
4 4535 4536 4533 4534
4 4513 4512 4533 4536
4 4513 4536 4537 4516
4 4535 4538 4537 4536
4 4539 4540 4537 4538
4 4517 4516 4537 4540
4 4517 4540 4541 4523
4 4539 4542 4541 4540
4 4543 4544 4541 4542
4 4524 4523 4541 4544
4 4545 4546 4547 4548
4 4549 4550 4547 4546
4 4529 4526 4547 4550
4 4525 4548 4547 4526
4 4529 4550 4551 4532
4 4549 4552 4551 4550
4 1783 1781 4551 4552
4 1765 4532 4551 1781
4 1774 1796 4553 4534
4 1795 4554 4553 1796
4 4555 4556 4553 4554
4 4535 4534 4553 4556
4 4535 4556 4557 4538
4 4555 4558 4557 4556
4 4559 4560 4557 4558
4 4539 4538 4557 4560
4 4539 4560 4561 4542
4 4559 4562 4561 4560
4 4563 4564 4561 4562
4 4543 4542 4561 4564
4 4565 4566 4567 4568
4 4569 4570 4567 4566
4 4549 4546 4567 4570
4 4545 4568 4567 4546
4 4549 4570 4571 4552
4 4569 4572 4571 4570
4 1785 1784 4571 4572
4 1783 4552 4571 1784
4 1795 1794 4573 4554
4 1793 4574 4573 1794
4 4575 4576 4573 4574
4 4555 4554 4573 4576
4 4555 4576 4577 4558
4 4575 4578 4577 4576
4 4579 4580 4577 4578
4 4559 4558 4577 4580
4 4559 4580 4581 4562
4 4579 4582 4581 4580
4 4583 4584 4581 4582
4 4563 4562 4581 4584
4 4585 4586 4587 4588
4 4589 4590 4587 4586
4 4569 4566 4587 4590
4 4565 4588 4587 4566
4 4569 4590 4591 4572
4 4589 4592 4591 4590
4 1799 1797 4591 4592
4 1785 4572 4591 1797
4 1793 1812 4593 4574
4 1811 4594 4593 1812
4 4595 4596 4593 4594
4 4575 4574 4593 4596
4 4575 4596 4597 4578
4 4595 4598 4597 4596
4 4599 4600 4597 4598
4 4579 4578 4597 4600
4 4579 4600 4601 4582
4 4599 4602 4601 4600
4 4603 4604 4601 4602
4 4583 4582 4601 4604
4 4605 4606 4607 4608
4 4609 4610 4607 4606
4 4589 4586 4607 4610
4 4585 4608 4607 4586
4 4589 4610 4611 4592
4 4609 4612 4611 4610
4 1801 1800 4611 4612
4 1799 4592 4611 1800
4 1811 1810 4613 4594
4 1809 4614 4613 1810
4 4615 4616 4613 4614
4 4595 4594 4613 4616
4 4595 4616 4617 4598
4 4615 4618 4617 4616
4 4619 4620 4617 4618
4 4599 4598 4617 4620
4 4599 4620 4621 4602
4 4619 4622 4621 4620
4 4623 4624 4621 4622
4 4603 4602 4621 4624
4 4625 4626 4627 4628
4 4629 4630 4627 4626
4 4609 4606 4627 4630
4 4605 4628 4627 4606
4 4609 4630 4631 4612
4 4629 4632 4631 4630
4 1815 1813 4631 4632
4 1801 4612 4631 1813
4 1809 1830 4633 4614
4 1829 4634 4633 1830
4 4635 4636 4633 4634
4 4615 4614 4633 4636
4 4615 4636 4637 4618
4 4635 4638 4637 4636
4 4639 4640 4637 4638
4 4619 4618 4637 4640
4 4619 4640 4641 4622
4 4639 4642 4641 4640
4 4643 4644 4641 4642
4 4623 4622 4641 4644
4 4645 4646 4647 4648
4 4649 4650 4647 4646
4 4629 4626 4647 4650
4 4625 4648 4647 4626
4 4629 4650 4651 4632
4 4649 4652 4651 4650
4 1817 1816 4651 4652
4 1815 4632 4651 1816
4 1829 1828 4653 4634
4 1827 4654 4653 1828
4 4655 4656 4653 4654
4 4635 4634 4653 4656
4 4635 4656 4657 4638
4 4655 4658 4657 4656
4 4659 4660 4657 4658
4 4661 4662 4657 4660
4 4639 4638 4657 4662
4 4639 4662 4663 4642
4 4661 4664 4663 4662
4 4643 4642 4663 4664
4 4665 4666 4667 4668
4 4669 4670 4667 4666
4 4649 4646 4667 4670
4 4645 4668 4667 4646
4 4649 4670 4671 4652
4 4669 4672 4671 4670
4 1833 1831 4671 4672
4 1817 4652 4671 1831
4 1821 1870 4673 1824
4 1869 4674 4673 1870
4 4675 4676 4673 4674
4 1825 1824 4673 4676
4 1825 4676 4677 1826
4 4675 4678 4677 4676
4 4679 4680 4677 4678
4 1827 1826 4677 4680
4 1827 4680 4681 4654
4 4679 4682 4681 4680
4 4683 4684 4681 4682
4 4685 4686 4681 4684
4 4655 4654 4681 4686
4 4655 4686 4687 4658
4 4685 4688 4687 4686
4 4659 4658 4687 4688
4 4689 4690 4691 4692
4 4693 4694 4691 4690
4 4669 4666 4691 4694
4 4665 4692 4691 4666
4 4669 4694 4695 4672
4 4693 4696 4695 4694
4 1835 1834 4695 4696
4 1833 4672 4695 1834
4 1869 1868 4697 4674
4 1867 4698 4697 1868
4 4699 4700 4697 4698
4 4675 4674 4697 4700
4 4675 4700 4701 4678
4 4699 4702 4701 4700
4 4703 4704 4701 4702
4 4705 4706 4701 4704
4 4679 4678 4701 4706
4 4679 4706 4707 4682
4 4705 4708 4707 4706
4 4683 4682 4707 4708
4 4709 4710 4711 4712
4 4713 4714 4711 4710
4 4693 4690 4711 4714
4 4689 4712 4711 4690
4 4693 4714 4715 4696
4 4713 4716 4715 4714
4 1873 1871 4715 4716
4 1835 4696 4715 1871
4 1855 1904 4717 1858
4 1903 4718 4717 1904
4 4719 4720 4717 4718
4 1859 1858 4717 4720
4 1859 4720 4721 1860
4 4719 4722 4721 4720
4 4723 4724 4721 4722
4 1861 1860 4721 4724
4 1861 4724 4725 1864
4 4723 4726 4725 4724
4 4727 4728 4725 4726
4 1865 1864 4725 4728
4 1865 4728 4729 1866
4 4727 4730 4729 4728
4 4731 4732 4729 4730
4 1867 1866 4729 4732
4 1867 4732 4733 4698
4 4731 4734 4733 4732
4 4735 4736 4733 4734
4 4737 4738 4733 4736
4 4699 4698 4733 4738
4 4699 4738 4739 4702
4 4737 4740 4739 4738
4 4703 4702 4739 4740
4 4741 4742 4743 4744
4 4745 4746 4743 4742
4 4713 4710 4743 4746
4 4709 4744 4743 4710
4 4713 4746 4747 4716
4 4745 4748 4747 4746
4 1875 1874 4747 4748
4 1873 4716 4747 1874
4 1903 1902 4749 4718
4 1901 4750 4749 1902
4 4751 4752 4749 4750
4 4719 4718 4749 4752
4 4719 4752 4753 4722
4 4751 4754 4753 4752
4 4755 4756 4753 4754
4 4723 4722 4753 4756
4 4723 4756 4757 4726
4 4755 4758 4757 4756
4 4759 4760 4757 4758
4 4761 4762 4757 4760
4 4727 4726 4757 4762
4 4727 4762 4763 4730
4 4761 4764 4763 4762
4 4765 4766 4763 4764
4 4731 4730 4763 4766
4 4731 4766 4767 4734
4 4765 4768 4767 4766
4 4735 4734 4767 4768
4 4769 4770 4771 4772
4 4773 4774 4771 4770
4 4745 4742 4771 4774
4 4741 4772 4771 4742
4 4745 4774 4775 4748
4 4773 4776 4775 4774
4 1907 1905 4775 4776
4 1875 4748 4775 1905
4 1883 1952 4777 1886
4 1951 4778 4777 1952
4 4779 4780 4777 4778
4 1887 1886 4777 4780
4 1887 4780 4781 1888
4 4779 4782 4781 4780
4 4783 4784 4781 4782
4 1889 1888 4781 4784
4 1889 4784 4785 1892
4 4783 4786 4785 4784
4 4787 4788 4785 4786
4 1893 1892 4785 4788
4 1893 4788 4789 1894
4 4787 4790 4789 4788
4 4791 4792 4789 4790
4 1895 1894 4789 4792
4 1895 4792 4793 1898
4 4791 4794 4793 4792
4 4795 4796 4793 4794
4 1899 1898 4793 4796
4 1899 4796 4797 1900
4 4795 4798 4797 4796
4 4799 4800 4797 4798
4 1901 1900 4797 4800
4 1901 4800 4801 4750
4 4799 4802 4801 4800
4 4803 4804 4801 4802
4 4805 4806 4801 4804
4 4751 4750 4801 4806
4 4751 4806 4807 4754
4 4805 4808 4807 4806
4 4809 4810 4807 4808
4 4755 4754 4807 4810
4 4755 4810 4811 4758
4 4809 4812 4811 4810
4 4759 4758 4811 4812
4 4813 4814 4815 4816
4 4817 4818 4815 4814
4 4773 4770 4815 4818
4 4769 4816 4815 4770
4 4773 4818 4819 4776
4 4817 4820 4819 4818
4 1909 1908 4819 4820
4 1907 4776 4819 1908
4 1951 1950 4821 4778
4 1949 4822 4821 1950
4 4823 4824 4821 4822
4 4779 4778 4821 4824
4 4779 4824 4825 4782
4 4823 4826 4825 4824
4 4827 4828 4825 4826
4 4783 4782 4825 4828
4 4783 4828 4829 4786
4 4827 4830 4829 4828
4 4831 4832 4829 4830
4 4787 4786 4829 4832
4 4787 4832 4833 4790
4 4831 4834 4833 4832
4 4835 4836 4833 4834
4 4837 4838 4833 4836
4 4791 4790 4833 4838
4 4791 4838 4839 4794
4 4837 4840 4839 4838
4 4841 4842 4839 4840
4 4795 4794 4839 4842
4 4795 4842 4843 4798
4 4841 4844 4843 4842
4 4845 4846 4843 4844
4 4799 4798 4843 4846
4 4799 4846 4847 4802
4 4845 4848 4847 4846
4 4803 4802 4847 4848
4 4849 4850 4851 4852
4 4853 4854 4851 4850
4 4855 4852 4851 4854
4 4855 4854 4856 4857
4 4853 4858 4856 4854
4 4859 4860 4856 4858
4 4817 4814 4856 4860
4 4813 4857 4856 4814
4 4817 4860 4861 4820
4 4859 4862 4861 4860
4 1955 1953 4861 4862
4 1909 4820 4861 1953
4 1925 1982 4863 1928
4 1981 4864 4863 1982
4 4865 4866 4863 4864
4 1929 1928 4863 4866
4 1929 4866 4867 1930
4 4865 4868 4867 4866
4 4869 4870 4867 4868
4 1931 1930 4867 4870
4 1931 4870 4871 1934
4 4869 4872 4871 4870
4 4873 4874 4871 4872
4 1935 1934 4871 4874
4 1935 4874 4875 1936
4 4873 4876 4875 4874
4 4877 4878 4875 4876
4 1937 1936 4875 4878
4 1937 4878 4879 1940
4 4877 4880 4879 4878
4 4881 4882 4879 4880
4 1941 1940 4879 4882
4 1941 4882 4883 1942
4 4881 4884 4883 4882
4 4885 4886 4883 4884
4 1943 1942 4883 4886
4 1943 4886 4887 1946
4 4885 4888 4887 4886
4 4889 4890 4887 4888
4 1947 1946 4887 4890
4 1947 4890 4891 1948
4 4889 4892 4891 4890
4 4893 4894 4891 4892
4 1949 1948 4891 4894
4 1949 4894 4895 4822
4 4893 4896 4895 4894
4 4897 4898 4895 4896
4 4899 4900 4895 4898
4 4823 4822 4895 4900
4 4823 4900 4901 4826
4 4899 4902 4901 4900
4 4903 4904 4901 4902
4 4827 4826 4901 4904
4 4827 4904 4905 4830
4 4903 4906 4905 4904
4 4907 4908 4905 4906
4 4831 4830 4905 4908
4 4831 4908 4909 4834
4 4907 4910 4909 4908
4 4835 4834 4909 4910
4 4911 4912 4913 4914
4 4915 4916 4913 4912
4 4853 4850 4913 4916
4 4849 4914 4913 4850
4 4853 4916 4917 4858
4 4915 4918 4917 4916
4 4919 4920 4917 4918
4 4859 4858 4917 4920
4 4859 4920 4921 4862
4 4919 4922 4921 4920
4 1957 1956 4921 4922
4 1955 4862 4921 1956
4 1981 1980 4923 4864
4 1979 4924 4923 1980
4 4925 4926 4923 4924
4 4865 4864 4923 4926
4 4865 4926 4927 4868
4 4925 4928 4927 4926
4 4929 4930 4927 4928
4 4869 4868 4927 4930
4 4869 4930 4931 4872
4 4929 4932 4931 4930
4 4933 4934 4931 4932
4 4873 4872 4931 4934
4 4873 4934 4935 4876
4 4933 4936 4935 4934
4 4937 4938 4935 4936
4 4877 4876 4935 4938
4 4877 4938 4939 4880
4 4937 4940 4939 4938
4 4941 4942 4939 4940
4 4943 4944 4939 4942
4 4881 4880 4939 4944
4 4881 4944 4945 4884
4 4943 4946 4945 4944
4 4947 4948 4945 4946
4 4885 4884 4945 4948
4 4885 4948 4949 4888
4 4947 4950 4949 4948
4 4951 4952 4949 4950
4 4889 4888 4949 4952
4 4889 4952 4953 4892
4 4951 4954 4953 4952
4 4955 4956 4953 4954
4 4893 4892 4953 4956
4 4893 4956 4957 4896
4 4955 4958 4957 4956
4 4897 4896 4957 4958
4 4959 4960 4961 4962
4 4963 4964 4961 4960
4 4965 4962 4961 4964
4 4965 4964 4966 4967
4 4963 4968 4966 4964
4 4969 4970 4966 4968
4 4915 4912 4966 4970
4 4911 4967 4966 4912
4 4915 4970 4971 4918
4 4969 4972 4971 4970
4 4973 4974 4971 4972
4 4919 4918 4971 4974
4 4919 4974 4975 4922
4 4973 4976 4975 4974
4 1985 1983 4975 4976
4 1957 4922 4975 1983
4 1961 2004 4977 1964
4 2003 4978 4977 2004
4 4979 4980 4977 4978
4 1965 1964 4977 4980
4 1965 4980 4981 1966
4 4979 4982 4981 4980
4 4983 4984 4981 4982
4 1967 1966 4981 4984
4 1967 4984 4985 1970
4 4983 4986 4985 4984
4 4987 4988 4985 4986
4 1971 1970 4985 4988
4 1971 4988 4989 1972
4 4987 4990 4989 4988
4 4991 4992 4989 4990
4 1973 1972 4989 4992
4 1973 4992 4993 1976
4 4991 4994 4993 4992
4 4995 4996 4993 4994
4 1977 1976 4993 4996
4 1977 4996 4997 1978
4 4995 4998 4997 4996
4 4999 5000 4997 4998
4 5001 5002 4997 5000
4 1979 1978 4997 5002
4 1979 5002 5003 4924
4 5001 5004 5003 5002
4 5005 5006 5003 5004
4 4925 4924 5003 5006
4 4925 5006 5007 4928
4 5005 5008 5007 5006
4 5009 5010 5007 5008
4 4929 4928 5007 5010
4 4929 5010 5011 4932
4 5009 5012 5011 5010
4 5013 5014 5011 5012
4 4933 4932 5011 5014
4 4933 5014 5015 4936
4 5013 5016 5015 5014
4 5017 5018 5015 5016
4 4937 4936 5015 5018
4 4937 5018 5019 4940
4 5017 5020 5019 5018
4 4941 4940 5019 5020
4 5021 5022 5023 5024
4 5025 5026 5023 5022
4 4963 4960 5023 5026
4 4959 5024 5023 4960
4 4963 5026 5027 4968
4 5025 5028 5027 5026
4 2005 5029 5027 5028
4 4969 4968 5027 5029
4 4969 5029 5030 4972
4 2005 2008 5030 5029
4 2016 5031 5030 2008
4 4973 4972 5030 5031
4 4973 5031 5032 4976
4 2016 2015 5032 5031
4 1987 1986 5032 2015
4 1985 4976 5032 1986
4 2003 2002 5033 4978
4 2001 5034 5033 2002
4 5035 5036 5033 5034
4 4979 4978 5033 5036
4 4979 5036 5037 4982
4 5035 5038 5037 5036
4 5039 5040 5037 5038
4 4983 4982 5037 5040
4 4983 5040 5041 4986
4 5039 5042 5041 5040
4 5043 5044 5041 5042
4 5045 5046 5041 5044
4 4987 4986 5041 5046
4 4987 5046 5047 4990
4 5045 5048 5047 5046
4 5049 5050 5047 5048
4 4991 4990 5047 5050
4 4991 5050 5051 4994
4 5049 5052 5051 5050
4 5053 5054 5051 5052
4 4995 4994 5051 5054
4 4995 5054 5055 4998
4 5053 5056 5055 5054
4 4999 4998 5055 5056
4 5057 5058 5059 5060
4 5061 5062 5059 5058
4 5025 5022 5059 5062
4 5021 5060 5059 5022
4 5025 5062 5063 5028
4 5061 5064 5063 5062
4 2009 2006 5063 5064
4 2005 5028 5063 2006
4 1995 2028 5065 1998
4 2027 5066 5065 2028
4 5067 5068 5065 5066
4 1999 1998 5065 5068
4 1999 5068 5069 2000
4 5067 5070 5069 5068
4 5071 5072 5069 5070
4 2001 2000 5069 5072
4 2001 5072 5073 5034
4 5071 5074 5073 5072
4 5075 5076 5073 5074
4 5035 5034 5073 5076
4 5035 5076 5077 5038
4 5075 5078 5077 5076
4 5079 5080 5077 5078
4 5081 5082 5077 5080
4 5039 5038 5077 5082
4 5039 5082 5083 5042
4 5081 5084 5083 5082
4 5043 5042 5083 5084
4 5085 5086 5087 5088
4 5089 5090 5087 5086
4 5091 5088 5087 5090
4 5091 5090 5092 5093
4 5089 5094 5092 5090
4 5095 5096 5092 5094
4 5061 5058 5092 5096
4 5057 5093 5092 5058
4 5061 5096 5097 5064
4 5095 5098 5097 5096
4 2011 2010 5097 5098
4 2009 5064 5097 2010
4 2027 2026 5099 5066
4 2025 5100 5099 2026
4 5101 5102 5099 5100
4 5067 5066 5099 5102
4 5067 5102 5103 5070
4 5101 5104 5103 5102
4 5105 5106 5103 5104
4 5071 5070 5103 5106
4 5071 5106 5107 5074
4 5105 5108 5107 5106
4 5109 5110 5107 5108
4 5111 5112 5107 5110
4 5075 5074 5107 5112
4 5075 5112 5113 5078
4 5111 5114 5113 5112
4 5079 5078 5113 5114
4 5115 5116 5117 5118
4 5119 5120 5117 5116
4 5089 5086 5117 5120
4 5085 5118 5117 5086
4 5089 5120 5121 5094
4 5119 5122 5121 5120
4 5123 5124 5121 5122
4 5095 5094 5121 5124
4 5095 5124 5125 5098
4 5123 5126 5125 5124
4 2031 2029 5125 5126
4 2011 5098 5125 2029
4 2025 2048 5127 5100
4 2047 5128 5127 2048
4 5129 5130 5127 5128
4 5101 5100 5127 5130
4 5101 5130 5131 5104
4 5129 5132 5131 5130
4 5133 5134 5131 5132
4 5105 5104 5131 5134
4 5105 5134 5135 5108
4 5133 5136 5135 5134
4 5137 5138 5135 5136
4 5109 5108 5135 5138
4 5139 5140 5141 5142
4 5143 5144 5141 5140
4 5145 5142 5141 5144
4 5145 5144 5146 5147
4 5143 5148 5146 5144
4 2049 5149 5146 5148
4 5119 5116 5146 5149
4 5115 5147 5146 5116
4 5119 5149 5150 5122
4 2049 2052 5150 5149
4 2059 5151 5150 2052
4 5123 5122 5150 5151
4 5123 5151 5152 5126
4 2059 2058 5152 5151
4 2033 2032 5152 2058
4 2031 5126 5152 2032
4 2047 2046 5153 5128
4 2045 5154 5153 2046
4 5155 5156 5153 5154
4 5129 5128 5153 5156
4 5129 5156 5157 5132
4 5155 5158 5157 5156
4 5159 5160 5157 5158
4 5133 5132 5157 5160
4 5133 5160 5161 5136
4 5159 5162 5161 5160
4 5163 5164 5161 5162
4 5137 5136 5161 5164
4 5165 5166 5167 5168
4 5169 5170 5167 5166
4 5143 5140 5167 5170
4 5139 5168 5167 5140
4 5143 5170 5171 5148
4 5169 5172 5171 5170
4 2053 2050 5171 5172
4 2049 5148 5171 2050
4 2045 2072 5173 5154
4 2071 5174 5173 2072
4 5175 5176 5173 5174
4 5155 5154 5173 5176
4 5155 5176 5177 5158
4 5175 5178 5177 5176
4 5179 5180 5177 5178
4 5159 5158 5177 5180
4 5159 5180 5181 5162
4 5179 5182 5181 5180
4 5183 5184 5181 5182
4 5163 5162 5181 5184
4 5185 5186 5187 5188
4 5189 5190 5187 5186
4 5191 5188 5187 5190
4 5191 5190 5192 5193
4 5189 5194 5192 5190
4 5195 5196 5192 5194
4 5169 5166 5192 5196
4 5165 5193 5192 5166
4 5169 5196 5197 5172
4 5195 5198 5197 5196
4 2055 2054 5197 5198
4 2053 5172 5197 2054
4 2071 2070 5199 5174
4 2069 5200 5199 2070
4 5201 5202 5199 5200
4 5175 5174 5199 5202
4 5175 5202 5203 5178
4 5201 5204 5203 5202
4 5205 5206 5203 5204
4 5179 5178 5203 5206
4 5179 5206 5207 5182
4 5205 5208 5207 5206
4 5209 5210 5207 5208
4 5183 5182 5207 5210
4 5211 5212 5213 5214
4 5215 5216 5213 5212
4 5189 5186 5213 5216
4 5185 5214 5213 5186
4 5189 5216 5217 5194
4 5215 5218 5217 5216
4 5219 5220 5217 5218
4 5195 5194 5217 5220
4 5195 5220 5221 5198
4 5219 5222 5221 5220
4 2075 2073 5221 5222
4 2055 5198 5221 2073
4 2069 2110 5223 5200
4 2109 5224 5223 2110
4 5225 5226 5223 5224
4 5201 5200 5223 5226
4 5201 5226 5227 5204
4 5225 5228 5227 5226
4 5229 5230 5227 5228
4 5205 5204 5227 5230
4 5205 5230 5231 5208
4 5229 5232 5231 5230
4 5233 5234 5231 5232
4 5209 5208 5231 5234
4 5235 5236 5237 5238
4 2111 5239 5237 5236
4 5215 5212 5237 5239
4 5211 5238 5237 5212
4 5215 5239 5240 5218
4 2111 2114 5240 5239
4 2122 5241 5240 2114
4 5219 5218 5240 5241
4 5219 5241 5242 5222
4 2122 2121 5242 5241
4 2077 2076 5242 2121
4 2075 5222 5242 2076
4 2109 2108 5243 5224
4 2107 2160 5243 2108
4 2168 5244 5243 2160
4 5225 5224 5243 5244
4 5225 5244 5245 5228
4 2168 2167 5245 5244
4 2166 5246 5245 2167
4 5229 5228 5245 5246
4 5229 5246 5247 5232
4 2166 5248 5247 5246
4 5249 5250 5247 5248
4 5233 5232 5247 5250
4 5251 5252 5253 5254
4 5255 5256 5253 5252
4 5257 5254 5253 5256
4 5257 5256 5258 5259
4 5255 5260 5258 5256
4 2115 2112 5258 5260
4 2111 5236 5258 2112
4 5235 5259 5258 5236
4 2166 2165 5261 5248
4 2164 5262 5261 2165
4 5263 5264 5261 5262
4 5249 5248 5261 5264
4 5265 5266 5267 5268
4 5269 5270 5267 5266
4 5255 5252 5267 5270
4 5251 5268 5267 5252
4 5255 5270 5271 5260
4 5269 5272 5271 5270
4 2117 2116 5271 5272
4 2115 5260 5271 2116
4 2164 2163 5273 5262
4 2162 5274 5273 2163
4 5275 5276 5273 5274
4 5263 5262 5273 5276
4 5277 5278 5279 5280
4 5281 5282 5279 5278
4 5269 5266 5279 5282
4 5265 5280 5279 5266
4 5269 5282 5283 5272
4 5281 5284 5283 5282
4 2171 2169 5283 5284
4 2117 5272 5283 2169
4 2131 2208 5285 2134
4 2207 5286 5285 2208
4 5287 5288 5285 5286
4 2135 2134 5285 5288
4 2135 5288 5289 2136
4 5287 5290 5289 5288
4 5291 5292 5289 5290
4 2137 2136 5289 5292
4 2137 5292 5293 2140
4 5291 5294 5293 5292
4 5295 5296 5293 5294
4 2141 2140 5293 5296
4 2141 5296 5297 2142
4 5295 5298 5297 5296
4 2211 2209 5297 5298
4 2143 2142 5297 2209
4 2162 2234 5299 5274
4 2233 5300 5299 2234
4 5301 5302 5299 5300
4 5303 5304 5299 5302
4 5275 5274 5299 5304
4 5303 5302 5305 5306
4 5301 5307 5305 5302
4 5308 5306 5305 5307
4 5309 5310 5311 5312
4 5313 5314 5311 5310
4 5315 5312 5311 5314
4 5315 5314 5316 5317
4 5313 5318 5316 5314
4 5319 5320 5316 5318
4 5281 5278 5316 5320
4 5277 5317 5316 5278
4 5281 5320 5321 5284
4 5319 5322 5321 5320
4 2173 2172 5321 5322
4 2171 5284 5321 2172
4 2207 2206 5323 5286
4 2205 5324 5323 2206
4 5325 5326 5323 5324
4 5287 5286 5323 5326
4 5287 5326 5327 5290
4 5325 5328 5327 5326
4 5329 5330 5327 5328
4 5291 5290 5327 5330
4 5291 5330 5331 5294
4 5329 5332 5331 5330
4 5333 5334 5331 5332
4 5295 5294 5331 5334
4 5295 5334 5335 5298
4 5333 5336 5335 5334
4 2213 2212 5335 5336
4 2211 5298 5335 2212
4 2233 2232 5337 5300
4 2231 5338 5337 2232
4 5339 5340 5337 5338
4 5301 5300 5337 5340
4 5301 5340 5341 5307
4 5339 5342 5341 5340
4 5343 5344 5341 5342
4 5308 5307 5341 5344
4 5345 5346 5347 5348
4 5349 5350 5347 5346
4 5313 5310 5347 5350
4 5309 5348 5347 5310
4 5313 5350 5351 5318
4 5349 5352 5351 5350
4 5353 5354 5351 5352
4 5319 5318 5351 5354
4 5319 5354 5355 5322
4 5353 5356 5355 5354
4 2237 2235 5355 5356
4 2173 5322 5355 2235
4 2193 2266 5357 2196
4 2265 5358 5357 2266
4 5359 5360 5357 5358
4 2197 2196 5357 5360
4 2197 5360 5361 2198
4 5359 5362 5361 5360
4 5363 5364 5361 5362
4 2199 2198 5361 5364
4 2199 5364 5365 2202
4 5363 5366 5365 5364
4 5367 5368 5365 5366
4 2203 2202 5365 5368
4 2203 5368 5369 2204
4 5367 5370 5369 5368
4 5371 5372 5369 5370
4 5373 5374 5369 5372
4 2205 2204 5369 5374
4 2205 5374 5375 5324
4 5373 5376 5375 5374
4 5377 5378 5375 5376
4 5325 5324 5375 5378
4 5325 5378 5379 5328
4 5377 5380 5379 5378
4 5381 5382 5379 5380
4 5329 5328 5379 5382
4 5329 5382 5383 5332
4 5381 5384 5383 5382
4 5385 5386 5383 5384
4 5387 5388 5383 5386
4 5333 5332 5383 5388
4 5333 5388 5389 5336
4 5387 5390 5389 5388
4 5391 5392 5389 5390
4 2213 5336 5389 5392
4 2213 5392 5393 2214
4 5391 5394 5393 5392
4 5395 5396 5393 5394
4 2215 2214 5393 5396
4 2215 5396 5397 2216
4 5395 5398 5397 5396
4 2269 2267 5397 5398
4 2217 2216 5397 2267
4 2231 2288 5399 5338
4 2287 5400 5399 2288
4 5401 5402 5399 5400
4 5339 5338 5399 5402
4 5339 5402 5403 5342
4 5401 5404 5403 5402
4 5405 5406 5403 5404
4 5343 5342 5403 5406
4 5407 5408 5409 5410
4 5411 5412 5409 5408
4 5349 5346 5409 5412
4 5345 5410 5409 5346
4 5349 5412 5413 5352
4 5411 5414 5413 5412
4 5415 5416 5413 5414
4 5353 5352 5413 5416
4 5353 5416 5417 5356
4 5415 5418 5417 5416
4 2239 2238 5417 5418
4 2237 5356 5417 2238
4 2265 2264 5419 5358
4 2263 5420 5419 2264
4 5421 5422 5419 5420
4 5359 5358 5419 5422
4 5359 5422 5423 5362
4 5421 5424 5423 5422
4 5425 5426 5423 5424
4 5427 5428 5423 5426
4 5363 5362 5423 5428
4 5363 5428 5429 5366
4 5427 5430 5429 5428
4 5431 5432 5429 5430
4 5367 5366 5429 5432
4 5367 5432 5433 5370
4 5431 5434 5433 5432
4 5371 5370 5433 5434
4 5435 5436 5437 5438
4 5387 5386 5437 5436
4 5385 5438 5437 5386
4 5387 5436 5439 5390
4 5435 5440 5439 5436
4 5441 5442 5439 5440
4 5443 5444 5439 5442
4 5391 5390 5439 5444
4 5391 5444 5445 5394
4 5443 5446 5445 5444
4 5447 5448 5445 5446
4 5395 5394 5445 5448
4 5395 5448 5449 5398
4 5447 5450 5449 5448
4 2271 2270 5449 5450
4 2269 5398 5449 2270
4 2287 2286 5451 5400
4 2285 5452 5451 2286
4 5453 5454 5451 5452
4 5455 5456 5451 5454
4 5401 5400 5451 5456
4 5401 5456 5457 5404
4 5455 5458 5457 5456
4 5405 5404 5457 5458
4 5459 5460 5461 5462
4 5463 5464 5461 5460
4 5411 5408 5461 5464
4 5407 5462 5461 5408
4 5411 5464 5465 5414
4 5463 5466 5465 5464
4 5467 5468 5465 5466
4 5415 5414 5465 5468
4 5415 5468 5469 5418
4 5467 5470 5469 5468
4 2291 2289 5469 5470
4 2239 5418 5469 2289
4 2251 2318 5471 2254
4 2317 5472 5471 2318
4 5473 5474 5471 5472
4 2255 2254 5471 5474
4 2255 5474 5475 2256
4 5473 5476 5475 5474
4 5477 5478 5475 5476
4 2257 2256 5475 5478
4 2257 5478 5479 2260
4 5477 5480 5479 5478
4 5481 5482 5479 5480
4 2261 2260 5479 5482
4 2261 5482 5483 2262
4 5481 5484 5483 5482
4 5485 5486 5483 5484
4 2263 2262 5483 5486
4 2263 5486 5487 5420
4 5485 5488 5487 5486
4 5489 5490 5487 5488
4 5491 5492 5487 5490
4 5421 5420 5487 5492
4 5421 5492 5493 5424
4 5491 5494 5493 5492
4 5425 5424 5493 5494
4 5495 5496 5497 5498
4 5443 5442 5497 5496
4 5441 5498 5497 5442
4 5443 5496 5499 5446
4 5495 5500 5499 5496
4 5501 5502 5499 5500
4 5503 5504 5499 5502
4 5447 5446 5499 5504
4 5447 5504 5505 5450
4 5503 5506 5505 5504
4 2321 2319 5505 5506
4 2271 5450 5505 2319
4 2279 2342 5507 2282
4 2341 5508 5507 2342
4 5509 5510 5507 5508
4 2283 2282 5507 5510
4 2283 5510 5511 2284
4 5509 5512 5511 5510
4 5513 5514 5511 5512
4 2285 2284 5511 5514
4 2285 5514 5515 5452
4 5513 5516 5515 5514
4 5517 5518 5515 5516
4 5453 5452 5515 5518
4 5519 5520 5521 5522
4 5523 5524 5521 5520
4 5463 5460 5521 5524
4 5459 5522 5521 5460
4 5463 5524 5525 5466
4 5523 5526 5525 5524
4 5527 5528 5525 5526
4 5467 5466 5525 5528
4 5467 5528 5529 5470
4 5527 5530 5529 5528
4 2293 2292 5529 5530
4 2291 5470 5529 2292
4 2317 2316 5531 5472
4 2315 5532 5531 2316
4 5533 5534 5531 5532
4 5473 5472 5531 5534
4 5473 5534 5535 5476
4 5533 5536 5535 5534
4 5537 5538 5535 5536
4 5477 5476 5535 5538
4 5477 5538 5539 5480
4 5537 5540 5539 5538
4 5541 5542 5539 5540
4 5543 5544 5539 5542
4 5481 5480 5539 5544
4 5481 5544 5545 5484
4 5543 5546 5545 5544
4 5547 5548 5545 5546
4 5485 5484 5545 5548
4 5485 5548 5549 5488
4 5547 5550 5549 5548
4 5489 5488 5549 5550
4 5551 5552 5553 5554
4 5555 5556 5553 5552
4 5503 5502 5553 5556
4 5501 5554 5553 5502
4 5503 5556 5557 5506
4 5555 5558 5557 5556
4 2323 2322 5557 5558
4 2321 5506 5557 2322
4 2341 2340 5559 5508
4 2339 5560 5559 2340
4 5561 5562 5559 5560
4 5509 5508 5559 5562
4 5509 5562 5563 5512
4 5561 5564 5563 5562
4 5565 5566 5563 5564
4 5513 5512 5563 5566
4 5513 5566 5567 5516
4 5565 5568 5567 5566
4 5569 5570 5567 5568
4 5517 5516 5567 5570
4 5571 5572 5573 5574
4 5575 5576 5573 5572
4 5523 5520 5573 5576
4 5519 5574 5573 5520
4 5523 5576 5577 5526
4 5575 5578 5577 5576
4 5579 5580 5577 5578
4 5527 5526 5577 5580
4 5527 5580 5581 5530
4 5579 5582 5581 5580
4 2345 2343 5581 5582
4 2293 5530 5581 2343
4 2309 2372 5583 2312
4 2371 5584 5583 2372
4 5585 5586 5583 5584
4 2313 2312 5583 5586
4 2313 5586 5587 2314
4 5585 5588 5587 5586
4 5589 5590 5587 5588
4 2315 2314 5587 5590
4 2315 5590 5591 5532
4 5589 5592 5591 5590
4 5593 5594 5591 5592
4 5533 5532 5591 5594
4 5533 5594 5595 5536
4 5593 5596 5595 5594
4 5597 5598 5595 5596
4 5599 5600 5595 5598
4 5537 5536 5595 5600
4 5537 5600 5601 5540
4 5599 5602 5601 5600
4 5541 5540 5601 5602
4 5603 5604 5605 5606
4 5607 5608 5605 5604
4 5555 5552 5605 5608
4 5551 5606 5605 5552
4 5555 5608 5609 5558
4 5607 5610 5609 5608
4 2375 2373 5609 5610
4 2323 5558 5609 2373
4 2339 2398 5611 5560
4 2397 5612 5611 2398
4 5613 5614 5611 5612
4 5561 5560 5611 5614
4 5561 5614 5615 5564
4 5613 5616 5615 5614
4 5617 5618 5615 5616
4 5565 5564 5615 5618
4 5565 5618 5619 5568
4 5617 5620 5619 5618
4 5621 5622 5619 5620
4 5569 5568 5619 5622
4 5623 5624 5625 5626
4 5627 5628 5625 5624
4 5575 5572 5625 5628
4 5571 5626 5625 5572
4 5575 5628 5629 5578
4 5627 5630 5629 5628
4 5631 5632 5629 5630
4 5579 5578 5629 5632
4 5579 5632 5633 5582
4 5631 5634 5633 5632
4 2347 2346 5633 5634
4 2345 5582 5633 2346
4 2371 2370 5635 5584
4 2369 5636 5635 2370
4 5637 5638 5635 5636
4 5585 5584 5635 5638
4 5585 5638 5639 5588
4 5637 5640 5639 5638
4 5641 5642 5639 5640
4 5643 5644 5639 5642
4 5589 5588 5639 5644
4 5589 5644 5645 5592
4 5643 5646 5645 5644
4 5647 5648 5645 5646
4 5593 5592 5645 5648
4 5593 5648 5649 5596
4 5647 5650 5649 5648
4 5597 5596 5649 5650
4 5651 5652 5653 5654
4 5607 5604 5653 5652
4 5603 5654 5653 5604
4 5607 5652 5655 5610
4 5651 5656 5655 5652
4 5657 5658 5655 5656
4 2377 2376 5655 5658
4 2375 5610 5655 2376
4 2397 2396 5659 5612
4 2395 5660 5659 2396
4 5661 5662 5659 5660
4 5613 5612 5659 5662
4 5613 5662 5663 5616
4 5661 5664 5663 5662
4 5665 5666 5663 5664
4 5617 5616 5663 5666
4 5617 5666 5667 5620
4 5665 5668 5667 5666
4 5669 5670 5667 5668
4 5621 5620 5667 5670
4 5671 5672 5673 5674
4 5627 5624 5673 5672
4 5623 5674 5673 5624
4 5627 5672 5675 5630
4 5671 5676 5675 5672
4 5677 5678 5675 5676
4 5679 5680 5675 5678
4 5631 5630 5675 5680
4 5631 5680 5681 5634
4 5679 5682 5681 5680
4 5683 5684 5681 5682
4 2347 5634 5681 5684
4 2347 5684 5685 2348
4 5683 5686 5685 5684
4 5687 5688 5685 5686
4 2349 2348 5685 5688
4 2349 5688 5689 2350
4 5687 5690 5689 5688
4 2401 2399 5689 5690
4 2351 2350 5689 2399
4 2357 2438 5691 2360
4 2437 5692 5691 2438
4 5693 5694 5691 5692
4 2361 2360 5691 5694
4 2361 5694 5695 2362
4 5693 5696 5695 5694
4 5697 5698 5695 5696
4 2363 2362 5695 5698
4 2363 5698 5699 2366
4 5697 5700 5699 5698
4 5701 5702 5699 5700
4 2367 2366 5699 5702
4 2367 5702 5703 2368
4 5701 5704 5703 5702
4 5705 5706 5703 5704
4 5707 5708 5703 5706
4 2369 2368 5703 5708
4 2369 5708 5709 5636
4 5707 5710 5709 5708
4 5711 5712 5709 5710
4 5637 5636 5709 5712
4 5637 5712 5713 5640
4 5711 5714 5713 5712
4 5641 5640 5713 5714
4 5715 5716 5717 5718
4 5719 5720 5717 5716
4 2377 5658 5717 5720
4 5657 5718 5717 5658
4 2377 5720 5721 2378
4 5719 5722 5721 5720
4 5723 5724 5721 5722
4 2379 2378 5721 5724
4 2379 5724 5725 2380
4 5723 5726 5725 5724
4 2441 2439 5725 5726
4 2381 2380 5725 2439
4 2395 2468 5727 5660
4 2467 5728 5727 2468
4 5729 5730 5727 5728
4 5661 5660 5727 5730
4 5661 5730 5731 5664
4 5729 5732 5731 5730
4 5733 5734 5731 5732
4 5735 5736 5731 5734
4 5665 5664 5731 5736
4 5665 5736 5737 5668
4 5735 5738 5737 5736
4 5669 5668 5737 5738
4 5739 5740 5741 5742
4 5743 5744 5741 5740
4 5679 5678 5741 5744
4 5677 5742 5741 5678
4 5679 5744 5745 5682
4 5743 5746 5745 5744
4 5747 5748 5745 5746
4 5683 5682 5745 5748
4 5683 5748 5749 5686
4 5747 5750 5749 5748
4 5751 5752 5749 5750
4 5687 5686 5749 5752
4 5687 5752 5753 5690
4 5751 5754 5753 5752
4 2403 2402 5753 5754
4 2401 5690 5753 2402
4 2437 2436 5755 5692
4 2435 5756 5755 2436
4 5757 5758 5755 5756
4 5693 5692 5755 5758
4 5693 5758 5759 5696
4 5757 5760 5759 5758
4 5761 5762 5759 5760
4 5763 5764 5759 5762
4 5697 5696 5759 5764
4 5697 5764 5765 5700
4 5763 5766 5765 5764
4 5767 5768 5765 5766
4 5701 5700 5765 5768
4 5701 5768 5769 5704
4 5767 5770 5769 5768
4 5705 5704 5769 5770
4 5771 5772 5773 5774
4 5775 5776 5773 5772
4 5719 5716 5773 5776
4 5715 5774 5773 5716
4 5719 5776 5777 5722
4 5775 5778 5777 5776
4 5779 5780 5777 5778
4 5723 5722 5777 5780
4 5723 5780 5781 5726
4 5779 5782 5781 5780
4 2443 2442 5781 5782
4 2441 5726 5781 2442
4 2467 2466 5783 5728
4 2465 5784 5783 2466
4 5785 5786 5783 5784
4 5729 5728 5783 5786
4 5729 5786 5787 5732
4 5785 5788 5787 5786
4 5789 5790 5787 5788
4 5733 5732 5787 5790
4 5791 5792 5793 5794
4 5743 5740 5793 5792
4 5739 5794 5793 5740
4 5743 5792 5795 5746
4 5791 5796 5795 5792
4 5797 5798 5795 5796
4 5799 5800 5795 5798
4 5747 5746 5795 5800
4 5747 5800 5801 5750
4 5799 5802 5801 5800
4 5803 5804 5801 5802
4 5751 5750 5801 5804
4 5751 5804 5805 5754
4 5803 5806 5805 5804
4 5807 5808 5805 5806
4 2403 5754 5805 5808
4 2403 5808 5809 2404
4 5807 5810 5809 5808
4 5811 5812 5809 5810
4 2405 2404 5809 5812
4 2405 5812 5813 2406
4 5811 5814 5813 5812
4 5815 5816 5813 5814
4 2407 2406 5813 5816
4 2407 5816 5817 2410
4 5815 5818 5817 5816
4 5819 5820 5817 5818
4 2411 2410 5817 5820
4 2411 5820 5821 2412
4 5819 5822 5821 5820
4 2471 2469 5821 5822
4 2413 2412 5821 2469
4 2417 2480 5823 2420
4 2479 5824 5823 2480
4 5825 5826 5823 5824
4 2421 2420 5823 5826
4 2421 5826 5827 2422
4 5825 5828 5827 5826
4 5829 5830 5827 5828
4 2423 2422 5827 5830
4 2423 5830 5831 2426
4 5829 5832 5831 5830
4 5833 5834 5831 5832
4 2427 2426 5831 5834
4 2427 5834 5835 2428
4 5833 5836 5835 5834
4 5837 5838 5835 5836
4 2429 2428 5835 5838
4 2429 5838 5839 2432
4 5837 5840 5839 5838
4 5841 5842 5839 5840
4 2433 2432 5839 5842
4 2433 5842 5843 2434
4 5841 5844 5843 5842
4 5845 5846 5843 5844
4 5847 5848 5843 5846
4 2435 2434 5843 5848
4 2435 5848 5849 5756
4 5847 5850 5849 5848
4 5851 5852 5849 5850
4 5757 5756 5849 5852
4 5757 5852 5853 5760
4 5851 5854 5853 5852
4 5761 5760 5853 5854
4 5855 5856 5857 5858
4 5775 5772 5857 5856
4 5771 5858 5857 5772
4 5775 5856 5859 5778
4 5855 5860 5859 5856
4 5861 5862 5859 5860
4 5863 5864 5859 5862
4 5779 5778 5859 5864
4 5779 5864 5865 5782
4 5863 5866 5865 5864
4 2483 2481 5865 5866
4 2443 5782 5865 2481
4 2459 2508 5867 2462
4 2507 5868 5867 2508
4 5869 5870 5867 5868
4 2463 2462 5867 5870
4 2463 5870 5871 2464
4 5869 5872 5871 5870
4 5873 5874 5871 5872
4 2465 2464 5871 5874
4 2465 5874 5875 5784
4 5873 5876 5875 5874
4 5877 5878 5875 5876
4 5879 5880 5875 5878
4 5785 5784 5875 5880
4 5785 5880 5881 5788
4 5879 5882 5881 5880
4 5789 5788 5881 5882
4 5883 5884 5885 5886
4 5799 5798 5885 5884
4 5797 5886 5885 5798
4 5799 5884 5887 5802
4 5883 5888 5887 5884
4 5889 5890 5887 5888
4 5803 5802 5887 5890
4 5803 5890 5891 5806
4 5889 5892 5891 5890
4 5893 5894 5891 5892
4 5895 5896 5891 5894
4 5807 5806 5891 5896
4 5807 5896 5897 5810
4 5895 5898 5897 5896
4 5899 5900 5897 5898
4 5811 5810 5897 5900
4 5811 5900 5901 5814
4 5899 5902 5901 5900
4 5903 5904 5901 5902
4 5815 5814 5901 5904
4 5815 5904 5905 5818
4 5903 5906 5905 5904
4 5907 5908 5905 5906
4 5819 5818 5905 5908
4 5819 5908 5909 5822
4 5907 5910 5909 5908
4 2473 2472 5909 5910
4 2471 5822 5909 2472
4 2479 2478 5911 5824
4 2477 5912 5911 2478
4 5913 5914 5911 5912
4 5825 5824 5911 5914
4 5825 5914 5915 5828
4 5913 5916 5915 5914
4 5917 5918 5915 5916
4 5829 5828 5915 5918
4 5829 5918 5919 5832
4 5917 5920 5919 5918
4 5921 5922 5919 5920
4 5833 5832 5919 5922
4 5833 5922 5923 5836
4 5921 5924 5923 5922
4 5925 5926 5923 5924
4 5927 5928 5923 5926
4 5837 5836 5923 5928
4 5837 5928 5929 5840
4 5927 5930 5929 5928
4 5931 5932 5929 5930
4 5841 5840 5929 5932
4 5841 5932 5933 5844
4 5931 5934 5933 5932
4 5845 5844 5933 5934
4 5935 5936 5937 5938
4 5939 5940 5937 5936
4 5863 5862 5937 5940
4 5861 5938 5937 5862
4 5863 5940 5941 5866
4 5939 5942 5941 5940
4 2485 2484 5941 5942
4 2483 5866 5941 2484
4 2507 2506 5943 5868
4 2505 5944 5943 2506
4 5945 5946 5943 5944
4 5869 5868 5943 5946
4 5869 5946 5947 5872
4 5945 5948 5947 5946
4 5949 5950 5947 5948
4 5873 5872 5947 5950
4 5873 5950 5951 5876
4 5949 5952 5951 5950
4 5953 5954 5951 5952
4 5877 5876 5951 5954
4 5955 5956 5957 5958
4 5895 5894 5957 5956
4 5893 5958 5957 5894
4 5895 5956 5959 5898
4 5955 5960 5959 5956
4 5961 5962 5959 5960
4 5899 5898 5959 5962
4 5899 5962 5963 5902
4 5961 5964 5963 5962
4 5965 5966 5963 5964
4 5903 5902 5963 5966
4 5903 5966 5967 5906
4 5965 5968 5967 5966
4 5969 5970 5967 5968
4 5907 5906 5967 5970
4 5907 5970 5971 5910
4 5969 5972 5971 5970
4 5973 5974 5971 5972
4 2473 5910 5971 5974
4 2473 5974 5975 2474
4 5973 5976 5975 5974
4 5977 5978 5975 5976
4 2475 2474 5975 5978
4 2475 5978 5979 2476
4 5977 5980 5979 5978
4 5981 5982 5979 5980
4 2477 2476 5979 5982
4 2477 5982 5983 5912
4 5981 5984 5983 5982
4 5985 5986 5983 5984
4 5913 5912 5983 5986
4 5913 5986 5987 5916
4 5985 5988 5987 5986
4 5989 5990 5987 5988
4 5917 5916 5987 5990
4 5917 5990 5991 5920
4 5989 5992 5991 5990
4 5993 5994 5991 5992
4 5921 5920 5991 5994
4 5921 5994 5995 5924
4 5993 5996 5995 5994
4 5925 5924 5995 5996
4 5997 5998 5999 6000
4 5939 5936 5999 5998
4 5935 6000 5999 5936
4 5939 5998 6001 5942
4 5997 6002 6001 5998
4 6003 6004 6001 6002
4 6005 6006 6001 6004
4 2485 5942 6001 6006
4 2485 6006 6007 2486
4 6005 6008 6007 6006
4 6009 6010 6007 6008
4 2487 2486 6007 6010
4 2487 6010 6011 2488
4 6009 6012 6011 6010
4 2511 2509 6011 6012
4 2489 2488 6011 2509
4 2499 2542 6013 2502
4 2541 6014 6013 2542
4 6015 6016 6013 6014
4 2503 2502 6013 6016
4 2503 6016 6017 2504
4 6015 6018 6017 6016
4 6019 6020 6017 6018
4 2505 2504 6017 6020
4 2505 6020 6021 5944
4 6019 6022 6021 6020
4 6023 6024 6021 6022
4 5945 5944 6021 6024
4 5945 6024 6025 5948
4 6023 6026 6025 6024
4 6027 6028 6025 6026
4 6029 6030 6025 6028
4 5949 5948 6025 6030
4 5949 6030 6031 5952
4 6029 6032 6031 6030
4 5953 5952 6031 6032
4 6033 6034 6035 6036
4 6037 6038 6035 6034
4 6005 6004 6035 6038
4 6003 6036 6035 6004
4 6005 6038 6039 6008
4 6037 6040 6039 6038
4 6041 6042 6039 6040
4 6009 6008 6039 6042
4 6009 6042 6043 6012
4 6041 6044 6043 6042
4 2513 2512 6043 6044
4 2511 6012 6043 2512
4 2541 2540 6045 6014
4 2539 6046 6045 2540
4 6047 6048 6045 6046
4 6015 6014 6045 6048
4 6015 6048 6049 6018
4 6047 6050 6049 6048
4 6051 6052 6049 6050
4 6019 6018 6049 6052
4 6019 6052 6053 6022
4 6051 6054 6053 6052
4 6055 6056 6053 6054
4 6057 6058 6053 6056
4 6023 6022 6053 6058
4 6023 6058 6059 6026
4 6057 6060 6059 6058
4 6027 6026 6059 6060
4 6061 6062 6063 6064
4 6037 6034 6063 6062
4 6033 6064 6063 6034
4 6037 6062 6065 6040
4 6061 6066 6065 6062
4 6067 6068 6065 6066
4 6069 6070 6065 6068
4 6041 6040 6065 6070
4 6041 6070 6071 6044
4 6069 6072 6071 6070
4 2545 2543 6071 6072
4 2513 6044 6071 2543
4 2533 2574 6073 2536
4 2573 6074 6073 2574
4 6075 6076 6073 6074
4 2537 2536 6073 6076
4 2537 6076 6077 2538
4 6075 6078 6077 6076
4 6079 6080 6077 6078
4 2539 2538 6077 6080
4 2539 6080 6081 6046
4 6079 6082 6081 6080
4 6083 6084 6081 6082
4 6047 6046 6081 6084
4 6047 6084 6085 6050
4 6083 6086 6085 6084
4 6087 6088 6085 6086
4 6089 6090 6085 6088
4 6051 6050 6085 6090
4 6051 6090 6091 6054
4 6089 6092 6091 6090
4 6055 6054 6091 6092
4 6093 6094 6095 6096
4 6097 6098 6095 6094
4 6069 6068 6095 6098
4 6067 6096 6095 6068
4 6069 6098 6099 6072
4 6097 6100 6099 6098
4 2547 2546 6099 6100
4 2545 6072 6099 2546
4 2573 2572 6101 6074
4 2571 6102 6101 2572
4 6103 6104 6101 6102
4 6075 6074 6101 6104
4 6075 6104 6105 6078
4 6103 6106 6105 6104
4 6107 6108 6105 6106
4 6079 6078 6105 6108
4 6079 6108 6109 6082
4 6107 6110 6109 6108
4 6111 6112 6109 6110
4 6113 6114 6109 6112
4 6083 6082 6109 6114
4 6083 6114 6115 6086
4 6113 6116 6115 6114
4 6087 6086 6115 6116
4 6117 6118 6119 6120
4 6097 6094 6119 6118
4 6093 6120 6119 6094
4 6097 6118 6121 6100
4 6117 6122 6121 6118
4 6123 6124 6121 6122
4 6125 6126 6121 6124
4 2547 6100 6121 6126
4 2547 6126 6127 2548
4 6125 6128 6127 6126
4 6129 6130 6127 6128
4 2549 2548 6127 6130
4 2549 6130 6131 2550
4 6129 6132 6131 6130
4 2577 2575 6131 6132
4 2551 2550 6131 2575
4 2565 2614 6133 2568
4 2613 6134 6133 2614
4 6135 6136 6133 6134
4 2569 2568 6133 6136
4 2569 6136 6137 2570
4 6135 6138 6137 6136
4 6139 6140 6137 6138
4 2571 2570 6137 6140
4 2571 6140 6141 6102
4 6139 6142 6141 6140
4 6143 6144 6141 6142
4 6103 6102 6141 6144
4 6103 6144 6145 6106
4 6143 6146 6145 6144
4 6147 6148 6145 6146
4 6107 6106 6145 6148
4 6107 6148 6149 6110
4 6147 6150 6149 6148
4 6151 6152 6149 6150
4 6111 6110 6149 6152
4 6153 6154 6155 6156
4 6157 6158 6155 6154
4 6125 6124 6155 6158
4 6123 6156 6155 6124
4 6125 6158 6159 6128
4 6157 6160 6159 6158
4 6161 6162 6159 6160
4 6129 6128 6159 6162
4 6129 6162 6163 6132
4 6161 6164 6163 6162
4 2579 2578 6163 6164
4 2577 6132 6163 2578
4 2613 2612 6165 6134
4 2611 6166 6165 2612
4 6167 6168 6165 6166
4 6135 6134 6165 6168
4 6135 6168 6169 6138
4 6167 6170 6169 6168
4 6171 6172 6169 6170
4 6139 6138 6169 6172
4 6139 6172 6173 6142
4 6171 6174 6173 6172
4 6175 6176 6173 6174
4 6143 6142 6173 6176
4 6143 6176 6177 6146
4 6175 6178 6177 6176
4 6179 6180 6177 6178
4 6181 6182 6177 6180
4 6147 6146 6177 6182
4 6147 6182 6183 6150
4 6181 6184 6183 6182
4 6151 6150 6183 6184
4 6185 6186 6187 6188
4 6157 6154 6187 6186
4 6153 6188 6187 6154
4 6157 6186 6189 6160
4 6185 6190 6189 6186
4 6191 6192 6189 6190
4 6193 6194 6189 6192
4 6161 6160 6189 6194
4 6161 6194 6195 6164
4 6193 6196 6195 6194
4 2617 2615 6195 6196
4 2579 6164 6195 2615
4 2605 2654 6197 2608
4 2653 6198 6197 2654
4 6199 6200 6197 6198
4 2609 2608 6197 6200
4 2609 6200 6201 2610
4 6199 6202 6201 6200
4 6203 6204 6201 6202
4 2611 2610 6201 6204
4 2611 6204 6205 6166
4 6203 6206 6205 6204
4 6207 6208 6205 6206
4 6167 6166 6205 6208
4 6167 6208 6209 6170
4 6207 6210 6209 6208
4 6211 6212 6209 6210
4 6171 6170 6209 6212
4 6171 6212 6213 6174
4 6211 6214 6213 6212
4 6215 6216 6213 6214
4 6217 6218 6213 6216
4 6175 6174 6213 6218
4 6175 6218 6219 6178
4 6217 6220 6219 6218
4 6179 6178 6219 6220
4 6221 6222 6223 6224
4 6193 6192 6223 6222
4 6191 6224 6223 6192
4 6193 6222 6225 6196
4 6221 6226 6225 6222
4 6227 6228 6225 6226
4 2619 2618 6225 6228
4 2617 6196 6225 2618
4 2653 2652 6229 6198
4 2651 6230 6229 2652
4 6231 6232 6229 6230
4 6199 6198 6229 6232
4 6199 6232 6233 6202
4 6231 6234 6233 6232
4 6235 6236 6233 6234
4 6203 6202 6233 6236
4 6203 6236 6237 6206
4 6235 6238 6237 6236
4 6239 6240 6237 6238
4 6207 6206 6237 6240
4 6207 6240 6241 6210
4 6239 6242 6241 6240
4 6243 6244 6241 6242
4 6245 6246 6241 6244
4 6211 6210 6241 6246
4 6211 6246 6247 6214
4 6245 6248 6247 6246
4 6215 6214 6247 6248
4 6249 6250 6251 6252
4 6253 6254 6251 6250
4 2619 6228 6251 6254
4 6227 6252 6251 6228
4 2619 6254 6255 2620
4 6253 6256 6255 6254
4 6257 6258 6255 6256
4 2621 2620 6255 6258
4 2621 6258 6259 2622
4 6257 6260 6259 6258
4 6261 6262 6259 6260
4 2623 2622 6259 6262
4 2623 6262 6263 2626
4 6261 6264 6263 6262
4 6265 6266 6263 6264
4 2627 2626 6263 6266
4 2627 6266 6267 2628
4 6265 6268 6267 6266
4 2657 2655 6267 6268
4 2629 2628 6267 2655
4 2645 2684 6269 2648
4 2683 6270 6269 2684
4 6271 6272 6269 6270
4 2649 2648 6269 6272
4 2649 6272 6273 2650
4 6271 6274 6273 6272
4 6275 6276 6273 6274
4 2651 2650 6273 6276
4 2651 6276 6277 6230
4 6275 6278 6277 6276
4 6279 6280 6277 6278
4 6231 6230 6277 6280
4 6231 6280 6281 6234
4 6279 6282 6281 6280
4 6283 6284 6281 6282
4 6285 6286 6281 6284
4 6235 6234 6281 6286
4 6235 6286 6287 6238
4 6285 6288 6287 6286
4 6289 6290 6287 6288
4 6239 6238 6287 6290
4 6239 6290 6291 6242
4 6289 6292 6291 6290
4 6243 6242 6291 6292
4 6293 6294 6295 6296
4 6253 6250 6295 6294
4 6249 6296 6295 6250
4 6253 6294 6297 6256
4 6293 6298 6297 6294
4 6299 6300 6297 6298
4 6301 6302 6297 6300
4 6257 6256 6297 6302
4 6257 6302 6303 6260
4 6301 6304 6303 6302
4 6305 6306 6303 6304
4 6261 6260 6303 6306
4 6261 6306 6307 6264
4 6305 6308 6307 6306
4 6309 6310 6307 6308
4 6265 6264 6307 6310
4 6265 6310 6311 6268
4 6309 6312 6311 6310
4 2659 2658 6311 6312
4 2657 6268 6311 2658
4 2683 2682 6313 6270
4 2681 6314 6313 2682
4 6315 6316 6313 6314
4 6271 6270 6313 6316
4 6271 6316 6317 6274
4 6315 6318 6317 6316
4 6319 6320 6317 6318
4 6275 6274 6317 6320
4 6275 6320 6321 6278
4 6319 6322 6321 6320
4 6323 6324 6321 6322
4 6325 6326 6321 6324
4 6279 6278 6321 6326
4 6279 6326 6327 6282
4 6325 6328 6327 6326
4 6283 6282 6327 6328
4 6329 6330 6331 6332
4 6301 6300 6331 6330
4 6299 6332 6331 6300
4 6301 6330 6333 6304
4 6329 6334 6333 6330
4 6335 6336 6333 6334
4 6305 6304 6333 6336
4 6305 6336 6337 6308
4 6335 6338 6337 6336
4 6339 6340 6337 6338
4 6341 6342 6337 6340
4 6309 6308 6337 6342
4 6309 6342 6343 6312
4 6341 6344 6343 6342
4 6345 6346 6343 6344
4 2659 6312 6343 6346
4 2659 6346 6347 2660
4 6345 6348 6347 6346
4 6349 6350 6347 6348
4 2661 2660 6347 6350
4 2661 6350 6351 2662
4 6349 6352 6351 6350
4 6353 6354 6351 6352
4 2663 2662 6351 6354
4 2663 6354 6355 2666
4 6353 6356 6355 6354
4 6357 6358 6355 6356
4 2667 2666 6355 6358
4 2667 6358 6359 2668
4 6357 6360 6359 6358
4 6361 6362 6359 6360
4 2669 2668 6359 6362
4 2669 6362 6363 2672
4 6361 6364 6363 6362
4 6365 6366 6363 6364
4 2673 2672 6363 6366
4 2673 6366 6367 2674
4 6365 6368 6367 6366
4 6369 6370 6367 6368
4 2675 2674 6367 6370
4 2675 6370 6371 2678
4 6369 6372 6371 6370
4 6373 6374 6371 6372
4 2679 2678 6371 6374
4 2679 6374 6375 2680
4 6373 6376 6375 6374
4 6377 6378 6375 6376
4 2681 2680 6375 6378
4 2681 6378 6379 6314
4 6377 6380 6379 6378
4 6381 6382 6379 6380
4 6315 6314 6379 6382
4 6315 6382 6383 6318
4 6381 6384 6383 6382
4 6385 6386 6383 6384
4 6387 6388 6383 6386
4 6319 6318 6383 6388
4 6319 6388 6389 6322
4 6387 6390 6389 6388
4 6323 6322 6389 6390
4 6391 6392 6393 6394
4 6341 6340 6393 6392
4 6339 6394 6393 6340
4 6341 6392 6395 6344
4 6391 6396 6395 6392
4 6397 6398 6395 6396
4 6399 6400 6395 6398
4 6345 6344 6395 6400
4 6345 6400 6401 6348
4 6399 6402 6401 6400
4 6403 6404 6401 6402
4 6349 6348 6401 6404
4 6349 6404 6405 6352
4 6403 6406 6405 6404
4 6407 6408 6405 6406
4 6353 6352 6405 6408
4 6353 6408 6409 6356
4 6407 6410 6409 6408
4 6411 6412 6409 6410
4 6357 6356 6409 6412
4 6357 6412 6413 6360
4 6411 6414 6413 6412
4 6415 6416 6413 6414
4 6361 6360 6413 6416
4 6361 6416 6417 6364
4 6415 6418 6417 6416
4 6419 6420 6417 6418
4 6365 6364 6417 6420
4 6365 6420 6421 6368
4 6419 6422 6421 6420
4 6423 6424 6421 6422
4 6369 6368 6421 6424
4 6369 6424 6425 6372
4 6423 6426 6425 6424
4 6427 6428 6425 6426
4 6373 6372 6425 6428
4 6373 6428 6429 6376
4 6427 6430 6429 6428
4 6431 6432 6429 6430
4 6433 6434 6429 6432
4 6377 6376 6429 6434
4 6377 6434 6435 6380
4 6433 6436 6435 6434
4 6437 6438 6435 6436
4 6381 6380 6435 6438
4 6381 6438 6439 6384
4 6437 6440 6439 6438
4 6385 6384 6439 6440
4 6441 6442 6443 6444
4 6399 6398 6443 6442
4 6397 6444 6443 6398
4 6399 6442 6445 6402
4 6441 6446 6445 6442
4 6447 6448 6445 6446
4 6403 6402 6445 6448
4 6403 6448 6449 6406
4 6447 6450 6449 6448
4 6451 6452 6449 6450
4 6407 6406 6449 6452
4 6407 6452 6453 6410
4 6451 6454 6453 6452
4 6455 6456 6453 6454
4 6411 6410 6453 6456
4 6411 6456 6457 6414
4 6455 6458 6457 6456
4 6459 6460 6457 6458
4 6415 6414 6457 6460
4 6415 6460 6461 6418
4 6459 6462 6461 6460
4 6463 6464 6461 6462
4 6419 6418 6461 6464
4 6419 6464 6465 6422
4 6463 6466 6465 6464
4 6467 6468 6465 6466
4 6423 6422 6465 6468
4 6423 6468 6469 6426
4 6467 6470 6469 6468
4 6471 6472 6469 6470
4 6427 6426 6469 6472
4 6427 6472 6473 6430
4 6471 6474 6473 6472
4 6431 6430 6473 6474
CELL_TYPES 6028
9
9
9
9
9
9
9
9
9
9
9
9
9
9
9
9
9
9
9
9
9
9
9
9
9
9
9
9
9
9
9
9
9
9
9
9
9
9
9
9
9
9
9
9
9
9
9
9
9
9
9
9
9
9
9
9
9
9
9
9
9
9
9
9
9
9
9
9
9
9
9
9
9
9
9
9
9
9
9
9
9
9
9
9
9
9
9
9
9
9
9
9
9
9
9
9
9
9
9
9
9
9
9
9
9
9
9
9
9
9
9
9
9
9
9
9
9
9
9
9
9
9
9
9
9
9
9
9
9
9
9
9
9
9
9
9
9
9
9
9
9
9
9
9
9
9
9
9
9
9
9
9
9
9
9
9
9
9
9
9
9
9
9
9
9
9
9
9
9
9
9
9
9
9
9
9
9
9
9
9
9
9
9
9
9
9
9
9
9
9
9
9
9
9
9
9
9
9
9
9
9
9
9
9
9
9
9
9
9
9
9
9
9
9
9
9
9
9
9
9
9
9
9
9
9
9
9
9
9
9
9
9
9
9
9
9
9
9
9
9
9
9
9
9
9
9
9
9
9
9
9
9
9
9
9
9
9
9
9
9
9
9
9
9
9
9
9
9
9
9
9
9
9
9
9
9
9
9
9
9
9
9
9
9
9
9
9
9
9
9
9
9
9
9
9
9
9
9
9
9
9
9
9
9
9
9
9
9
9
9
9
9
9
9
9
9
9
9
9
9
9
9
9
9
9
9
9
9
9
9
9
9
9
9
9
9
9
9
9
9
9
9
9
9
9
9
9
9
9
9
9
9
9
9
9
9
9
9
9
9
9
9
9
9
9
9
9
9
9
9
9
9
9
9
9
9
9
9
9
9
9
9
9
9
9
9
9
9
9
9
9
9
9
9
9
9
9
9
9
9
9
9
9
9
9
9
9
9
9
9
9
9
9
9
9
9
9
9
9
9
9
9
9
9
9
9
9
9
9
9
9
9
9
9
9
9
9
9
9
9
9
9
9
9
9
9
9
9
9
9
9
9
9
9
9
9
9
9
9
9
9
9
9
9
9
9
9
9
9
9
9
9
9
9
9
9
9
9
9
9
9
9
9
9
9
9
9
9
9
9
9
9
9
9
9
9
9
9
9
9
9
9
9
9
9
9
9
9
9
9
9
9
9
9
9
9
9
9
9
9
9
9
9
9
9
9
9
9
9
9
9
9
9
9
9
9
9
9
9
9
9
9
9
9
9
9
9
9
9
9
9
9
9
9
9
9
9
9
9
9
9
9
9
9
9
9
9
9
9
9
9
9
9
9
9
9
9
9
9
9
9
9
9
9
9
9
9
9
9
9
9
9
9
9
9
9
9
9
9
9
9
9
9
9
9
9
9
9
9
9
9
9
9
9
9
9
9
9
9
9
9
9
9
9
9
9
9
9
9
9
9
9
9
9
9
9
9
9
9
9
9
9
9
9
9
9
9
9
9
9
9
9
9
9
9
9
9
9
9
9
9
9
9
9
9
9
9
9
9
9
9
9
9
9
9
9
9
9
9
9
9
9
9
9
9
9
9
9
9
9
9
9
9
9
9
9
9
9
9
9
9
9
9
9
9
9
9
9
9
9
9
9
9
9
9
9
9
9
9
9
9
9
9
9
9
9
9
9
9
9
9
9
9
9
9
9
9
9
9
9
9
9
9
9
9
9
9
9
9
9
9
9
9
9
9
9
9
9
9
9
9
9
9
9
9
9
9
9
9
9
9
9
9
9
9
9
9
9
9
9
9
9
9
9
9
9
9
9
9
9
9
9
9
9
9
9
9
9
9
9
9
9
9
9
9
9
9
9
9
9
9
9
9
9
9
9
9
9
9
9
9
9
9
9
9
9
9
9
9
9
9
9
9
9
9
9
9
9
9
9
9
9
9
9
9
9
9
9
9
9
9
9
9
9
9
9
9
9
9
9
9
9
9
9
9
9
9
9
9
9
9
9
9
9
9
9
9
9
9
9
9
9
9
9
9
9
9
9
9
9
9
9
9
9
9
9
9
9
9
9
9
9
9
9
9
9
9
9
9
9
9
9
9
9
9
9
9
9
9
9
9
9
9
9
9
9
9
9
9
9
9
9
9
9
9
9
9
9
9
9
9
9
9
9
9
9
9
9
9
9
9
9
9
9
9
9
9
9
9
9
9
9
9
9
9
9
9
9
9
9
9
9
9
9
9
9
9
9
9
9
9
9
9
9
9
9
9
9
9
9
9
9
9
9
9
9
9
9
9
9
9
9
9
9
9
9
9
9
9
9
9
9
9
9
9
9
9
9
9
9
9
9
9
9
9
9
9
9
9
9
9
9
9
9
9
9
9
9
9
9
9
9
9
9
9
9
9
9
9
9
9
9
9
9
9
9
9
9
9
9
9
9
9
9
9
9
9
9
9
9
9
9
9
9
9
9
9
9
9
9
9
9
9
9
9
9
9
9
9
9
9
9
9
9
9
9
9
9
9
9
9
9
9
9
9
9
9
9
9
9
9
9
9
9
9
9
9
9
9
9
9
9
9
9
9
9
9
9
9
9
9
9
9
9
9
9
9
9
9
9
9
9
9
9
9
9
9
9
9
9
9
9
9
9
9
9
9
9
9
9
9
9
9
9
9
9
9
9
9
9
9
9
9
9
9
9
9
9
9
9
9
9
9
9
9
9
9
9
9
9
9
9
9
9
9
9
9
9
9
9
9
9
9
9
9
9
9
9
9
9
9
9
9
9
9
9
9
9
9
9
9
9
9
9
9
9
9
9
9
9
9
9
9
9
9
9
9
9
9
9
9
9
9
9
9
9
9
9
9
9
9
9
9
9
9
9
9
9
9
9
9
9
9
9
9
9
9
9
9
9
9
9
9
9
9
9
9
9
9
9
9
9
9
9
9
9
9
9
9
9
9
9
9
9
9
9
9
9
9
9
9
9
9
9
9
9
9
9
9
9
9
9
9
9
9
9
9
9
9
9
9
9
9
9
9
9
9
9
9
9
9
9
9
9
9
9
9
9
9
9
9
9
9
9
9
9
9
9
9
9
9
9
9
9
9
9
9
9
9
9
9
9
9
9
9
9
9
9
9
9
9
9
9
9
9
9
9
9
9
9
9
9
9
9
9
9
9
9
9
9
9
9
9
9
9
9
9
9
9
9
9
9
9
9
9
9
9
9
9
9
9
9
9
9
9
9
9
9
9
9
9
9
9
9
9
9
9
9
9
9
9
9
9
9
9
9
9
9
9
9
9
9
9
9
9
9
9
9
9
9
9
9
9
9
9
9
9
9
9
9
9
9
9
9
9
9
9
9
9
9
9
9
9
9
9
9
9
9
9
9
9
9
9
9
9
9
9
9
9
9
9
9
9
9
9
9
9
9
9
9
9
9
9
9
9
9
9
9
9
9
9
9
9
9
9
9
9
9
9
9
9
9
9
9
9
9
9
9
9
9
9
9
9
9
9
9
9
9
9
9
9
9
9
9
9
9
9
9
9
9
9
9
9
9
9
9
9
9
9
9
9
9
9
9
9
9
9
9
9
9
9
9
9
9
9
9
9
9
9
9
9
9
9
9
9
9
9
9
9
9
9
9
9
9
9
9
9
9
9
9
9
9
9
9
9
9
9
9
9
9
9
9
9
9
9
9
9
9
9
9
9
9
9
9
9
9
9
9
9
9
9
9
9
9
9
9
9
9
9
9
9
9
9
9
9
9
9
9
9
9
9
9
9
9
9
9
9
9
9
9
9
9
9
9
9
9
9
9
9
9
9
9
9
9
9
9
9
9
9
9
9
9
9
9
9
9
9
9
9
9
9
9
9
9
9
9
9
9
9
9
9
9
9
9
9
9
9
9
9
9
9
9
9
9
9
9
9
9
9
9
9
9
9
9
9
9
9
9
9
9
9
9
9
9
9
9
9
9
9
9
9
9
9
9
9
9
9
9
9
9
9
9
9
9
9
9
9
9
9
9
9
9
9
9
9
9
9
9
9
9
9
9
9
9
9
9
9
9
9
9
9
9
9
9
9
9
9
9
9
9
9
9
9
9
9
9
9
9
9
9
9
9
9
9
9
9
9
9
9
9
9
9
9
9
9
9
9
9
9
9
9
9
9
9
9
9
9
9
9
9
9
9
9
9
9
9
9
9
9
9
9
9
9
9
9
9
9
9
9
9
9
9
9
9
9
9
9
9
9
9
9
9
9
9
9
9
9
9
9
9
9
9
9
9
9
9
9
9
9
9
9
9
9
9
9
9
9
9
9
9
9
9
9
9
9
9
9
9
9
9
9
9
9
9
9
9
9
9
9
9
9
9
9
9
9
9
9
9
9
9
9
9
9
9
9
9
9
9
9
9
9
9
9
9
9
9
9
9
9
9
9
9
9
9
9
9
9
9
9
9
9
9
9
9
9
9
9
9
9
9
9
9
9
9
9
9
9
9
9
9
9
9
9
9
9
9
9
9
9
9
9
9
9
9
9
9
9
9
9
9
9
9
9
9
9
9
9
9
9
9
9
9
9
9
9
9
9
9
9
9
9
9
9
9
9
9
9
9
9
9
9
9
9
9
9
9
9
9
9
9
9
9
9
9
9
9
9
9
9
9
9
9
9
9
9
9
9
9
9
9
9
9
9
9
9
9
9
9
9
9
9
9
9
9
9
9
9
9
9
9
9
9
9
9
9
9
9
9
9
9
9
9
9
9
9
9
9
9
9
9
9
9
9
9
9
9
9
9
9
9
9
9
9
9
9
9
9
9
9
9
9
9
9
9
9
9
9
9
9
9
9
9
9
9
9
9
9
9
9
9
9
9
9
9
9
9
9
9
9
9
9
9
9
9
9
9
9
9
9
9
9
9
9
9
9
9
9
9
9
9
9
9
9
9
9
9
9
9
9
9
9
9
9
9
9
9
9
9
9
9
9
9
9
9
9
9
9
9
9
9
9
9
9
9
9
9
9
9
9
9
9
9
9
9
9
9
9
9
9
9
9
9
9
9
9
9
9
9
9
9
9
9
9
9
9
9
9
9
9
9
9
9
9
9
9
9
9
9
9
9
9
9
9
9
9
9
9
9
9
9
9
9
9
9
9
9
9
9
9
9
9
9
9
9
9
9
9
9
9
9
9
9
9
9
9
9
9
9
9
9
9
9
9
9
9
9
9
9
9
9
9
9
9
9
9
9
9
9
9
9
9
9
9
9
9
9
9
9
9
9
9
9
9
9
9
9
9
9
9
9
9
9
9
9
9
9
9
9
9
9
9
9
9
9
9
9
9
9
9
9
9
9
9
9
9
9
9
9
9
9
9
9
9
9
9
9
9
9
9
9
9
9
9
9
9
9
9
9
9
9
9
9
9
9
9
9
9
9
9
9
9
9
9
9
9
9
9
9
9
9
9
9
9
9
9
9
9
9
9
9
9
9
9
9
9
9
9
9
9
9
9
9
9
9
9
9
9
9
9
9
9
9
9
9
9
9
9
9
9
9
9
9
9
9
9
9
9
9
9
9
9
9
9
9
9
9
9
9
9
9
9
9
9
9
9
9
9
9
9
9
9
9
9
9
9
9
9
9
9
9
9
9
9
9
9
9
9
9
9
9
9
9
9
9
9
9
9
9
9
9
9
9
9
9
9
9
9
9
9
9
9
9
9
9
9
9
9
9
9
9
9
9
9
9
9
9
9
9
9
9
9
9
9
9
9
9
9
9
9
9
9
9
9
9
9
9
9
9
9
9
9
9
9
9
9
9
9
9
9
9
9
9
9
9
9
9
9
9
9
9
9
9
9
9
9
9
9
9
9
9
9
9
9
9
9
9
9
9
9
9
9
9
9
9
9
9
9
9
9
9
9
9
9
9
9
9
9
9
9
9
9
9
9
9
9
9
9
9
9
9
9
9
9
9
9
9
9
9
9
9
9
9
9
9
9
9
9
9
9
9
9
9
9
9
9
9
9
9
9
9
9
9
9
9
9
9
9
9
9
9
9
9
9
9
9
9
9
9
9
9
9
9
9
9
9
9
9
9
9
9
9
9
9
9
9
9
9
9
9
9
9
9
9
9
9
9
9
9
9
9
9
9
9
9
9
9
9
9
9
9
9
9
9
9
9
9
9
9
9
9
9
9
9
9
9
9
9
9
9
9
9
9
9
9
9
9
9
9
9
9
9
9
9
9
9
9
9
9
9
9
9
9
9
9
9
9
9
9
9
9
9
9
9
9
9
9
9
9
9
9
9
9
9
9
9
9
9
9
9
9
9
9
9
9
9
9
9
9
9
9
9
9
9
9
9
9
9
9
9
9
9
9
9
9
9
9
9
9
9
9
9
9
9
9
9
9
9
9
9
9
9
9
9
9
9
9
9
9
9
9
9
9
9
9
9
9
9
9
9
9
9
9
9
9
9
9
9
9
9
9
9
9
9
9
9
9
9
9
9
9
9
9
9
9
9
9
9
9
9
9
9
9
9
9
9
9
9
9
9
9
9
9
9
9
9
9
9
9
9
9
9
9
9
9
9
9
9
9
9
9
9
9
9
9
9
9
9
9
9
9
9
9
9
9
9
9
9
9
9
9
9
9
9
9
9
9
9
9
9
9
9
9
9
9
9
9
9
9
9
9
9
9
9
9
9
9
9
9
9
9
9
9
9
9
9
9
9
9
9
9
9
9
9
9
9
9
9
9
9
9
9
9
9
9
9
9
9
9
9
9
9
9
9
9
9
9
9
9
9
9
9
9
9
9
9
9
9
9
9
9
9
9
9
9
9
9
9
9
9
9
9
9
9
9
9
9
9
9
9
9
9
9
9
9
9
9
9
9
9
9
9
9
9
9
9
9
9
9
9
9
9
9
9
9
9
9
9
9
9
9
9
9
9
9
9
9
9
9
9
9
9
9
9
9
9
9
9
9
9
9
9
9
9
9
9
9
9
9
9
9
9
9
9
9
9
9
9
9
9
9
9
9
9
9
9
9
9
9
9
9
9
9
9
9
9
9
9
9
9
9
9
9
9
9
9
9
9
9
9
9
9
9
9
9
9
9
9
9
9
9
9
9
9
9
9
9
9
9
9
9
9
9
9
9
9
9
9
9
9
9
9
9
9
9
9
9
9
9
9
9
9
9
9
9
9
9
9
9
9
9
9
9
9
9
9
9
9
9
9
9
9
9
9
9
9
9
9
9
9
9
9
9
9
9
9
9
9
9
9
9
9
9
9
9
9
9
9
9
9
9
9
9
9
9
9
9
9
9
9
9
9
9
9
9
9
9
9
9
9
9
9
9
9
9
9
9
9
9
9
9
9
9
9
9
9
9
9
9
9
9
9
9
9
9
9
9
9
9
9
9
9
9
9
9
9
9
9
9
9
9
9
9
9
9
9
9
9
9
9
9
9
9
9
9
9
9
9
9
9
9
9
9
9
9
9
9
9
9
9
9
9
9
9
9
9
9
9
9
9
9
9
9
9
9
9
9
9
9
9
9
9
9
9
9
9
9
9
9
9
9
9
9
9
9
9
9
9
9
9
9
9
9
9
9
9
9
9
9
9
9
9
9
9
9
9
9
9
9
9
9
9
9
9
9
9
9
9
9
9
9
9
9
9
9
9
9
9
9
9
9
9
9
9
9
9
9
9
9
9
9
9
9
9
9
9
9
9
9
9
9
9
9
9
9
9
9
9
9
9
9
9
9
9
9
9
9
9
9
9
9
9
9
9
9
9
9
9
9
9
9
9
9
9
9
9
9
9
9
9
9
9
9
9
9
9
9
9
9
9
9
9
9
9
9
9
9
9
9
9
9
9
9
9
9
9
9
9
9
9
9
9
9
9
9
9
9
9
9
9
9
9
9
9
9
9
9
9
9
9
9
9
9
9
9
9
9
9
9
9
9
9
9
9
9
9
9
9
9
9
9
9
9
9
9
9
9
9
9
9
9
9
9
9
9
9
9
9
9
9
9
9
9
9
9
9
9
9
9
9
9
9
9
9
9
9
9
9
9
9
9
9
9
9
9
9
9
9
9
9
9
9
9
9
9
9
9
9
9
9
9
9
9
9
9
9
9
9
9
9
9
9
9
9
9
9
9
9
9
9
9
9
9
9
9
9
9
9
9
9
9
9
9
9
9
9
9
9
9
9
9
9
9
9
9
9
9
9
9
9
9
9
9
9
9
9
9
9
9
9
9
9
9
9
9
9
9
9
9
9
9
9
9
9
9
9
9
9
9
9
9
9
9
9
9
9
9
9
9
9
9
9
9
9
9
9
9
9
9
9
9
9
9
9
9
9
9
9
9
9
9
9
9
9
9
9
9
9
9
9
9
9
9
9
9
9
9
9
9
9
9
9
9
9
9
9
9
9
9
9
9
9
9
9
9
9
9
9
9
9
9
9
9
9
9
9
9
9
9
9
9
9
9
9
9
9
9
9
9
9
9
9
9
9
9
9
9
9
9
9
9
9
9
9
9
9
9
9
9
9
9
9
9
9
9
9
9
9
9
9
9
9
9
9
9
9
9
9
9
9
9
9
9
9
9
9
9
9
9
9
9
9
9
9
9
9
9
9
9
9
9
9
9
9
9
9
9
9
9
9
9
9
9
9
9
9
9
9
9
9
9
9
9
9
9
9
9
9
9
9
9
9
9
9
9
9
9
9
9
9
9
9
9
9
9
9
9
9
9
9
9
9
9
9
9
9
9
9
9
9
9
9
9
9
9
9
9
9
9
9
9
9
9
9
9
9
9
9
9
9
9
9
9
9
9
9
9
9
9
9
9
9
9
9
9
9
9
9
9
9
9
9
9
9
9
9
9
9
9
9
9
9
9
9
9
9
9
9
9
9
9
9
9
9
9
9
9
9
9
9
9
9
9
9
9
9
9
9
9
9
9
9
9
9
9
9
9
9
9
9
9
9
9
9
9
9
9
9
9
9
9
9
9
9
9
9
9
9
9
9
9
9
9
9
9
9
9
9
9
9
9
9
9
9
9
9
9
9
9
9
9
9
9
9
9
9
9
9
9
9
9
9
9
9
9
9
9
9
9
9
9
9
9
9
9
9
9
9
9
9
9
9
9
9
9
9
9
9
9
9
9
9
9
9
9
9
9
9
9
9
9
9
9
9
9
9
9
9
9
9
9
9
9
9
9
9
9
9
9
9
9
9
9
9
9
9
9
9
9
9
9
9
9
9
9
9
9
9
9
9
9
9
9
9
9
9
9
9
9
9
9
9
9
9
9
9
9
9
9
9
9
9
9
9
9
9
9
9
9
9
9
9
9
9
9
9
9
9
9
9
9
9
9
9
9
9
9
9
9
9
9
9
9
9
9
9
9
9
9
9
9
9
9
9
9
9
9
9
9
9
9
9
9
9
9
9
9
9
9
9
9
9
9
9
9
9
9
9
9
9
9
9
9
9
9
9
9
9
9
9
9
9
9
9
9
9
9
9
9
9
9
9
9
9
9
9
9
9
9
9
9
9
9
9
9
9
9
9
9
9
9
9
9
9
9
9
9
9
9
9
9
9
9
9
9
9
9
9
9
9
9
9
9
9
9
9
9
9
9
9
9
9
9
9
9
9
9
9
9
9
9
9
9
9
9
9
9
9
9
9
9
9
9
9
9
9
9
9
9
9
9
9
9
9
9
9
9
9
9
9
9
9
9
9
9
9
9
9
9
9
9
9
9
9
9
9
9
9
9
9
9
9
9
9
9
9
9
9
9
9
9
9
9
9
9
9
9
9
9
9
9
9
9
9
9
9
9
9
9
9
9
9
9
9
9
9
9
9
9
9
9
9
9
9
9
9
9
9
9
9
9
9
9
9
9
9
9
9
9
9
9
9
9
9
9
9
9
9
9
9
9
9
9
9
9
9
9
9
9
9
9
9
9
9
9
9
9
9
9
9
9
9
9
9
9
9
9
9
9
9
9
9
9
9
9
9
9
9
9
9
9
9
9
9
9
9
9
9
9
9
9
9
9
9
9
9
9
9
9
9
9
9
9
9
9
9
9
9
9
9
9
9
9
9
9
9
9
9
9
9
9
9
9
9
9
9
9
9
9
9
9
9
9
9
9
9
9
9
9
9
9
9
9
9
9
9
9
9
9
9
9
9
9
9
9
9
9
9
9
9
9
9
9
9
9
9
9
9
9
9
9
9
9
9
9
9
9
9
9
9
9
9
9
9
9
9
9
9
9
9
9
9
9
9
9
9
9
9
9
9
9
9
9
9
9
9
9
9
9
9
9
9
9
9
9
9
9
9
9
9
9
9
9
9
9
9
9
9
9
9
9
9
9
9
9
9
9
9
9
9
9
9
9
9
9
9
9
9
9
9
9
9
9
9
9
9
9
9
9
9
9
9
9
9
9
9
9
9
9
9
9
9
9
9
9
9
9
9
9
9
9
9
9
9
9
9
9
9
9
9
9
9
9
9
9
9
9
9
9
9
9
9
9
9
9
9
9
9
9
9
9
9
9
9
9
9
9
9
9
9
9
9
9
9
9
9
9
9
9
9
9
9
9
9
9
9
9
9
9
9
9
9
9
9
9
9
9
9
9
9
9
9
9
9
9
9
9
9
9
9
9
9
9
9
9
9
9
9
9
9
9
9
9
9
9
9
9
9
9
9
9
9
9
9
9
9
9
9
9
9
9
9
9
9
9
9
9
9
9
9
9
9
9
9
9
9
9
9
9
9
9
9
9
9
9
9
9
9
9
9
9
9
9
9
9
9
9
9
9
9
9
9
9
9
9
9
9
9
9
9
9
9
9
9
9
9
9
9
9
9
9
9
9
9
9
9
9
9
9
9
9
9
9
9
9
9
9
9
9
9
9
9
9
9
9
9
9
9
9
9
9
9
9
9
9
9
9
9
9
9
9
9
9
9
9
9
9
9
9
9
9
9
9
9
9
9
9
9
9
9
9
9
9
9
9
9
9
9
9
9
9
9
9
9
9
9
9
9
9
9
9
9
9
9
9
9
9
9
9
9
9
9
9
9
9
9
9
9
9
9
9
9
9
9
9
9
9
9
9
9
9
9
9
9
9
9
9
9
9
9
9
9
9
9
9
9
9
9
9
9
9
9
9
9
9
9
9
9
9
9
9
9
9
9
9
9
9
9
9
9
9
9
9
9
9
9
9
9
9
9
9
9
9
9
9
9
9
9
9
9
9
9
9
9
9
9
9
9
9
9
9
9
9
9
9
9
9
9
9
9
9
9
9
9
9
9
9
9
9
9
9
9
9
9
9
9
9
9
9
9
9
9
9
9
9
9
9
9
9
9
9
9
9
9
9
9
9
9
9
9
9
9
9
9
9
9
9
9
9
9
9
9
9
9
9
9
9
9
9
9
9
9
9
9
9
9
9
9
9
9
9
9
9
9
9
9
9
9
9
9
9
9
9
9
9
9
9
9
9
9
9
9
9
9
9
9
9
9
9
9
9
9
9
9
9
9
9
9
9
9
9
9
9
9
9
9
9
9
9
9
9
9
9
9
9
9
9
9
9
9
9
9
9
9
9
9
9
9
9
9
9
9
9
9
9
9
9
9
9
9
9
9
9
9
9
9
9
9
9
9
9
9
9
9
9
9
9
9
9
9
9
9
9
9
9
9
9
9
9
9
9
9
9
9
9
9
9
9
9
9
9
9
9
9
9
9
9
9
9
9
9
9
9
9
9
9
9
9
9
9
9
9
9
9
9
9
9
9
9
9
9
9
9
9
9
9
9
9
9
9
9
9
9
9
9
9
9
9
9
9
9
9
9
9
9
9
9
9
9
9
9
9
9
9
9
9
9
9
9
9
9
9
9
9
9
9
9
9
9
9
9
9
9
9
9
9
9
9
9
9
9
9
9
9
9
9
9
9
9
9
9
9
9
9
9
9
9
9
9
9
9
9
9
9
9
9
9
9
9
9
9
9
9
9
9
9
9
9
9
9
9
9
9
9
9
9
9
9
9
9
9
9
9
9
9
9
9
9
9
9
9
9
9
9
9
9
9
9
9
9
9
9
9
9
9
9
9
9
9
9
9
9
9
9
9
9
9
9
9
9
9
9
9
9
9
9
9
9
9
9
9
9
9
9
9
9
9
9
9
9
9
9
9
9
9
9
9
9
9
9
9
9
9
9
9
9
9
9
9
9
9
9
9
9
9
9
9
9
9
9
9
9
9
9
9
9
9
9
9
9
9
9
9
9
9
9
9
9
9
9
9
9
9
9
9
9
9
9
9
9
9
9
9
9
9
9
9
9
9
9
9
9
9
9
9
9
9
9
9
9
9
9
9
9
9
9
9
9
9
9
9
9
9
9
9
9
9
9
9
9
9
9
9
9
9
9
9
9
9
9
9
9
9
9
9
9
9
9
9
9
9
9
9
9
9
9
9
9
9
9
9
9
9
9
9
9
9
9
9
9
9
9
9
9
9
9
9
9
9
9
9
9
9
9
9
9
9
9
9
9
9
9
9
9
9
9
9
9
9
9
9
9
9
9
9
9
9
9
9
9
9
9
9
9
9
9
9
9
9
9
9
9
9
9
9
9
9
9
9
9
9
9
9
9
9
9
9
9
9
9
9
9
9
9
9
9
9
9
9
9
9
9
9
9
9
9
9
9
9
9
9
9
9
9
9
9
9
9
9
9
9
9
9
9
9
9
9
9
9
9
9
9
9
9
9
9
9
9
9
9
9
9
9
9
9
9
9
9
9
9
9
9
9
9
9
9
9
9
9
9
9
9
9
9
9
9
9
9
9
9
9
9
9
9
9
9
9
9
9
9
9
9
9
9
9
9
9
9
9
9
9
9
9
9
9
9
9
9
9
9
9
9
9
9
9
9
9
9
9
9
9
9
9
9
9
9
9
9
9
9
9
9
9
9
9
9
9
9
9
9
9
9
9
9
9
9
9
9
9
9
9
9
9
9
9
9
9
9
9
9
9
9
9
9
9
9
9
9
9
9
9
9
9
9
9
9
9
9
9
9
9
9
9
9
9
9
9
9
9
9
9
9
9
9
9
9
9
9
9
9
9
9
9
9
9
9
9
9
9
9
9
9
9
9
9
9
9
9
9
9
9
9
9
9
9
9
9
9
9
9
9
9
9
9
9
9
9
9
9
9
9
9
9
9
9
9
9
9
9
9
9
9
9
9
9
9
9
9
9
9
9
9
9
9
9
9
9
9
9
9
9
9
9
9
9
9
9
9
9
9
9
9
9
9
9
9
9
9
9
9
9
9
9
9
9
9
9
9
9
9
9
9
9
9
9
9
9
9
9
9
9
9
9
9
9
9
9
9
9
9
9
9
9
9
9
9
9
9
9
9
9
9
9
9
9
9
9
9
9
9
9
9
9
9
9
9
9
9
9
9
9
9
9
9
9
9
9
9
9
9
9
9
9
9
9
9
9
9
9
9
9
9
9
9
9
9
9
9
9
9
9
9
9
9
9
9
9
9
9
9
9
9
9
9
9
9
9
9
9
9
9
9
9
9
9
9
9
9
9
9
9
9
9
9
9
9
9
9
9
9
9
9
9
9
9
9
9
9
9
9
9
9
9
9
9
9
9
9
9
9
9
9
9
9
9
9
9
9
9
9
9
9
9
9
9
9
9
9
9
9
9
9
9
9
9
9
9
9
9
