# all-quad mesh
v -1.05 0.7875 0
v -0.984375 0.79275 0
v -0.91875 0.921357142857 0
v -1.05 0.91875 0
v -0.91875 0.798 0
v -0.853125 0.79275 0
v -0.7875 0.7875 0
v -0.7875 0.91875 0
v -0.7875 1.05 0
v -0.91875 1.05 0
v -1.05 1.05 0
v -0.721875 0.79275 0
v -0.658911458333 0.921411458333 0
v -0.65625 0.798 0
v -0.590625 0.79275 0
v -0.525 0.7875 0
v -0.53025 0.853125 0
v -0.5355 0.91875 0
v -0.53025 0.984375 0
v -0.525 1.05 0
v -0.65625 1.05 0
v 0.525 0.7875 0
v 0.590625 0.79275 0
v 0.658911458333 0.921411458333 0
v 0.53025 0.853125 0
v 0.65625 0.798 0
v 0.721875 0.79275 0
v 0.7875 0.7875 0
v 0.7875 0.91875 0
v 0.7875 1.05 0
v 0.65625 1.05 0
v 0.525 1.05 0
v 0.53025 0.984375 0
v 0.5355 0.91875 0
v 0.853125 0.79275 0
v 0.91875 0.921357142857 0
v 0.91875 0.798 0
v 0.984375 0.79275 0
v 1.05 0.7875 0
v 1.05 0.91875 0
v 1.05 1.05 0
v 0.91875 1.05 0
v -1.05 -1.05 0
v -0.984375 -1.05 0
v -0.984375 -0.984375 0
v -1.05 -0.984375 0
v -0.91875 -1.05 0
v -0.91875 -0.984375 0
v -0.91875 -0.91875 0
v -0.984375 -0.91875 0
v -1.05 -0.91875 0
v -0.984375 -0.853125 0
v -1.05 -0.853125 0
v -0.91875 -0.853125 0
v -0.91875 -0.7875 0
v -0.984375 -0.7875 0
v -1.05 -0.7875 0
v -0.984375 -0.721875 0
v -1.05 -0.721875 0
v -0.91875 -0.721875 0
v -0.91875 -0.65625 0
v -0.984375 -0.65625 0
v -1.05 -0.65625 0
v -0.984375 -0.590625 0
v -1.05 -0.590625 0
v -0.91875 -0.590625 0
v -0.91875 -0.525 0
v -0.984375 -0.525 0
v -1.05 -0.525 0
v -0.984375 -0.459375 0
v -1.05 -0.459375 0
v -0.91875 -0.459375 0
v -0.91875 -0.39375 0
v -0.984375 -0.39375 0
v -1.05 -0.39375 0
v -0.984375 -0.328125 0
v -1.05 -0.328125 0
v -0.91875 -0.328125 0
v -0.91875 -0.2625 0
v -0.984375 -0.2625 0
v -1.05 -0.2625 0
v -0.985678571429 -0.196875 0
v -1.05 -0.196875 0
v -0.921375 -0.2296875 0
v -0.924 -0.196875 0
v -0.921375 -0.1640625 0
v -0.91875 -0.13125 0
v -0.984375 -0.13125 0
v -1.05 -0.13125 0
v -0.985678571429 -0.065625 0
v -1.05 -0.065625 0
v -0.921375 -0.0984375 0
v -0.924 -0.065625 0
v -0.921375 -0.0328125 0
v -0.91875 -0 0
v -0.984375 0 0
v -1.05 0 0
v -0.985678571429 0.065625 0
v -1.05 0.065625 0
v -0.921375 0.0328125 0
v -0.924 0.065625 0
v -0.921375 0.0984375 0
v -0.91875 0.13125 0
v -0.984375 0.13125 0
v -1.05 0.13125 0
v -0.985678571429 0.196875 0
v -1.05 0.196875 0
v -0.921375 0.1640625 0
v -0.924 0.196875 0
v -0.921375 0.2296875 0
v -0.91875 0.2625 0
v -0.984375 0.2625 0
v -1.05 0.2625 0
v -0.985678571429 0.328125 0
v -1.05 0.328125 0
v -0.921375 0.2953125 0
v -0.924 0.328125 0
v -0.921375 0.3609375 0
v -0.91875 0.39375 0
v -0.984375 0.39375 0
v -1.05 0.39375 0
v -0.985678571429 0.459375 0
v -1.05 0.459375 0
v -0.921375 0.4265625 0
v -0.924 0.459375 0
v -0.921375 0.4921875 0
v -0.91875 0.525 0
v -0.984375 0.525 0
v -1.05 0.525 0
v -0.984375 0.590625 0
v -1.05 0.590625 0
v -0.91875 0.590625 0
v -0.91875 0.65625 0
v -0.984375 0.65625 0
v -1.05 0.65625 0
v -0.983533653846 0.724533653846 0
v -1.05 0.721875 0
v -0.91875 0.727125 0
v -0.853125 -1.05 0
v -0.853125 -0.984375 0
v -0.7875 -1.05 0
v -0.7875 -0.984375 0
v -0.7875 -0.91875 0
v -0.853125 -0.91875 0
v -0.854428571429 -0.853125 0
v -0.790125 -0.8859375 0
v -0.79275 -0.853125 0
v -0.790125 -0.8203125 0
v -0.7875 -0.7875 0
v -0.853125 -0.7875 0
v -0.854428571429 -0.721875 0
v -0.790125 -0.7546875 0
v -0.79275 -0.721875 0
v -0.790125 -0.6890625 0
v -0.7875 -0.65625 0
v -0.853125 -0.65625 0
v -0.854428571429 -0.590625 0
v -0.790125 -0.6234375 0
v -0.79275 -0.590625 0
v -0.790125 -0.5578125 0
v -0.7875 -0.525 0
v -0.853125 -0.525 0
v -0.854428571429 -0.459375 0
v -0.790125 -0.4921875 0
v -0.79275 -0.459375 0
v -0.790125 -0.4265625 0
v -0.7875 -0.39375 0
v -0.853125 -0.39375 0
v -0.854455729167 -0.329455729167 0
v -0.790125 -0.3609375 0
v -0.79275 -0.328125 0
v -0.790125 -0.2953125 0
v -0.7875 -0.2625 0
v -0.8203125 -0.265125 0
v -0.853125 -0.26775 0
v -0.8859375 -0.265125 0
v -0.8859375 0.527625 0
v -0.854455729167 0.591955729167 0
v -0.853125 0.53025 0
v -0.8203125 0.527625 0
v -0.7875 0.525 0
v -0.790125 0.5578125 0
v -0.79275 0.590625 0
v -0.790125 0.6234375 0
v -0.7875 0.65625 0
v -0.853125 0.65625 0
v -0.853966346154 0.724533653846 0
v -0.7875 0.721875 0
v -0.721875 -1.05 0
v -0.721875 -0.985678571429 0
v -0.65625 -1.05 0
v -0.65625 -0.984375 0
v -0.65625 -0.91875 0
v -0.6890625 -0.921375 0
v -0.721875 -0.924 0
v -0.7546875 -0.921375 0
v -0.7546875 0.658875 0
v -0.721017156863 0.725838235294 0
v -0.721875 0.6615 0
v -0.6890625 0.658875 0
v -0.65625 0.65625 0
v -0.65625 0.727125 0
v -0.590625 -1.05 0
v -0.590625 -0.985678571429 0
v -0.525 -1.05 0
v -0.525 -0.984375 0
v -0.525 -0.91875 0
v -0.5578125 -0.921375 0
v -0.590625 -0.924 0
v -0.6234375 -0.921375 0
v -0.6234375 0.658875 0
v -0.591482843137 0.725838235294 0
v -0.590625 0.6615 0
v -0.5578125 0.658875 0
v -0.525 0.65625 0
v -0.525 0.721875 0
v -0.459375 -1.05 0
v -0.459375 -0.985678571429 0
v -0.39375 -1.05 0
v -0.39375 -0.984375 0
v -0.39375 -0.91875 0
v -0.4265625 -0.921375 0
v -0.459375 -0.924 0
v -0.4921875 -0.921375 0
v -0.4921875 0.658875 0
v -0.460705729167 0.723205729167 0
v -0.459375 0.6615 0
v -0.4265625 0.658875 0
v -0.39375 0.65625 0
v -0.396375 0.6890625 0
v -0.399 0.721875 0
v -0.396375 0.7546875 0
v -0.39375 0.7875 0
v -0.459375 0.7875 0
v -0.463338235294 0.853982843137 0
v -0.396375 0.8203125 0
v -0.399 0.853125 0
v -0.396375 0.8859375 0
v -0.39375 0.91875 0
v -0.464625 0.91875 0
v -0.462033653846 0.983533653846 0
v -0.39375 0.984375 0
v -0.39375 1.05 0
v -0.459375 1.05 0
v -0.328125 -1.05 0
v -0.328125 -0.985678571429 0
v -0.2625 -1.05 0
v -0.2625 -0.984375 0
v -0.2625 -0.91875 0
v -0.2953125 -0.921375 0
v -0.328125 -0.924 0
v -0.3609375 -0.921375 0
v -0.39375 0 0
v -0.3609375 0.002625 0
v -0.326794270833 0.0669557291667 0
v -0.391125 0.0328125 0
v -0.328125 0.00525 0
v -0.2953125 0.002625 0
v -0.2625 0 0
v -0.2625 0.065625 0
v -0.2625 0.13125 0
v -0.328125 0.13125 0
v -0.39375 0.13125 0
v -0.391125 0.0984375 0
v -0.3885 0.065625 0
v -0.326794270833 0.195544270833 0
v -0.391125 0.1640625 0
v -0.2625 0.196875 0
v -0.2625 0.2625 0
v -0.2953125 0.259875 0
v -0.328125 0.25725 0
v -0.3609375 0.259875 0
v -0.39375 0.2625 0
v -0.391125 0.2296875 0
v -0.3885 0.196875 0
v -0.3609375 0.921375 0
v -0.329455729167 0.985705729167 0
v -0.328125 0.924 0
v -0.2953125 0.921375 0
v -0.2625 0.91875 0
v -0.265125 0.9515625 0
v -0.26775 0.984375 0
v -0.265125 1.0171875 0
v -0.2625 1.05 0
v -0.328125 1.05 0
v -0.196875 -1.05 0
v -0.196875 -0.984375 0
v -0.13125 -1.05 0
v -0.13125 -0.984375 0
v -0.13125 -0.91875 0
v -0.196875 -0.91875 0
v -0.195544270833 -0.854455729167 0
v -0.259875 -0.8859375 0
v -0.13125 -0.853125 0
v -0.13125 -0.7875 0
v -0.1640625 -0.790125 0
v -0.196875 -0.79275 0
v -0.2296875 -0.790125 0
v -0.2625 -0.7875 0
v -0.259875 -0.8203125 0
v -0.25725 -0.853125 0
v -0.2625 -0.39375 0
v -0.2296875 -0.391125 0
v -0.195544270833 -0.326794270833 0
v -0.259875 -0.3609375 0
v -0.196875 -0.3885 0
v -0.1640625 -0.391125 0
v -0.13125 -0.39375 0
v -0.13125 -0.328125 0
v -0.13125 -0.2625 0
v -0.196875 -0.2625 0
v -0.2625 -0.2625 0
v -0.259875 -0.2953125 0
v -0.25725 -0.328125 0
v -0.195571428571 -0.196875 0
v -0.259875 -0.2296875 0
v -0.13125 -0.196875 0
v -0.13125 -0.13125 0
v -0.196875 -0.13125 0
v -0.2625 -0.13125 0
v -0.259875 -0.1640625 0
v -0.25725 -0.196875 0
v -0.195571428571 -0.065625 0
v -0.259875 -0.0984375 0
v -0.13125 -0.065625 0
v -0.13125 0 0
v -0.196875 0 0
v -0.259875 -0.0328125 0
v -0.25725 -0.065625 0
v -0.196875 0.065625 0
v -0.13125 0.065625 0
v -0.13125 0.13125 0
v -0.196875 0.13125 0
v -0.196875 0.195571428571 0
v -0.13125 0.196875 0
v -0.13125 0.2625 0
v -0.1640625 0.259875 0
v -0.196875 0.25725 0
v -0.2296875 0.259875 0
v -0.065625 -1.05 0
v -0.065625 -0.984375 0
v 0 -1.05 0
v 0 -0.984375 0
v 0 -0.91875 0
v -0.065625 -0.91875 0
v -0.065625 -0.854428571429 0
v 0 -0.853125 0
v 0 -0.7875 0
v -0.0328125 -0.790125 0
v -0.065625 -0.79275 0
v -0.0984375 -0.790125 0
v -0.0984375 -0.391125 0
v -0.065625 -0.326821428571 0
v -0.065625 -0.3885 0
v -0.0328125 -0.391125 0
v 0 -0.39375 0
v 0 -0.328125 0
v 0 -0.2625 0
v -0.065625 -0.2625 0
v -0.065625 -0.196875 0
v 0 -0.196875 0
v 0 -0.13125 0
v -0.065625 -0.13125 0
v -0.065625 -0.065625 0
v 0 -0.065625 0
v 0 0 0
v -0.065625 0 0
v -0.065625 0.065625 0
v 0 0.065625 0
v 0 0.13125 0
v -0.065625 0.13125 0
v -0.065625 0.195571428571 0
v 0 0.196875 0
v 0 0.2625 0
v -0.0328125 0.259875 0
v -0.065625 0.25725 0
v -0.0984375 0.259875 0
v 0.065625 -1.05 0
v 0.065625 -0.984375 0
v 0.13125 -1.05 0
v 0.13125 -0.984375 0
v 0.13125 -0.91875 0
v 0.065625 -0.91875 0
v 0.065625 -0.854428571429 0
v 0.13125 -0.853125 0
v 0.13125 -0.7875 0
v 0.0984375 -0.790125 0
v 0.065625 -0.79275 0
v 0.0328125 -0.790125 0
v 0.0328125 -0.391125 0
v 0.065625 -0.326821428571 0
v 0.065625 -0.3885 0
v 0.0984375 -0.391125 0
v 0.13125 -0.39375 0
v 0.13125 -0.328125 0
v 0.13125 -0.2625 0
v 0.065625 -0.2625 0
v 0.065625 -0.196875 0
v 0.13125 -0.196875 0
v 0.13125 -0.13125 0
v 0.065625 -0.13125 0
v 0.065625 -0.065625 0
v 0.13125 -0.065625 0
v 0.13125 0 0
v 0.065625 0 0
v 0.065625 0.065625 0
v 0.13125 0.065625 0
v 0.13125 0.13125 0
v 0.065625 0.13125 0
v 0.065625 0.195571428571 0
v 0.13125 0.196875 0
v 0.13125 0.2625 0
v 0.0984375 0.259875 0
v 0.065625 0.25725 0
v 0.0328125 0.259875 0
v 0.196875 -1.05 0
v 0.196875 -0.984375 0
v 0.2625 -1.05 0
v 0.2625 -0.984375 0
v 0.2625 -0.91875 0
v 0.196875 -0.91875 0
v 0.195544270833 -0.854455729167 0
v 0.259875 -0.8859375 0
v 0.25725 -0.853125 0
v 0.259875 -0.8203125 0
v 0.2625 -0.7875 0
v 0.2296875 -0.790125 0
v 0.196875 -0.79275 0
v 0.1640625 -0.790125 0
v 0.1640625 -0.391125 0
v 0.195544270833 -0.326794270833 0
v 0.196875 -0.3885 0
v 0.2296875 -0.391125 0
v 0.2625 -0.39375 0
v 0.259875 -0.3609375 0
v 0.25725 -0.328125 0
v 0.259875 -0.2953125 0
v 0.2625 -0.2625 0
v 0.196875 -0.2625 0
v 0.195571428571 -0.196875 0
v 0.259875 -0.2296875 0
v 0.25725 -0.196875 0
v 0.259875 -0.1640625 0
v 0.2625 -0.13125 0
v 0.196875 -0.13125 0
v 0.195571428571 -0.065625 0
v 0.259875 -0.0984375 0
v 0.25725 -0.065625 0
v 0.259875 -0.0328125 0
v 0.2625 -0 0
v 0.196875 0 0
v 0.196875 0.065625 0
v 0.2625 0.065625 0
v 0.2625 0.13125 0
v 0.196875 0.13125 0
v 0.196875 0.195571428571 0
v 0.2625 0.196875 0
v 0.2625 0.2625 0
v 0.2296875 0.259875 0
v 0.196875 0.25725 0
v 0.1640625 0.259875 0
v 0.328125 -1.05 0
v 0.328125 -0.985678571429 0
v 0.39375 -1.05 0
v 0.39375 -0.984375 0
v 0.39375 -0.91875 0
v 0.3609375 -0.921375 0
v 0.328125 -0.924 0
v 0.2953125 -0.921375 0
v 0.2953125 0.002625 0
v 0.326794270833 0.0669557291667 0
v 0.328125 0.00525 0
v 0.3609375 0.002625 0
v 0.39375 0 0
v 0.391125 0.0328125 0
v 0.3885 0.065625 0
v 0.391125 0.0984375 0
v 0.39375 0.13125 0
v 0.328125 0.13125 0
v 0.326794270833 0.195544270833 0
v 0.391125 0.1640625 0
v 0.3885 0.196875 0
v 0.391125 0.2296875 0
v 0.39375 0.2625 0
v 0.3609375 0.259875 0
v 0.328125 0.25725 0
v 0.2953125 0.259875 0
v 0.2625 0.91875 0
v 0.2953125 0.921375 0
v 0.329455729167 0.985705729167 0
v 0.265125 0.9515625 0
v 0.328125 0.924 0
v 0.3609375 0.921375 0
v 0.39375 0.91875 0
v 0.39375 0.984375 0
v 0.39375 1.05 0
v 0.328125 1.05 0
v 0.2625 1.05 0
v 0.265125 1.0171875 0
v 0.26775 0.984375 0
v 0.459375 -1.05 0
v 0.459375 -0.985678571429 0
v 0.525 -1.05 0
v 0.525 -0.984375 0
v 0.525 -0.91875 0
v 0.4921875 -0.921375 0
v 0.459375 -0.924 0
v 0.4265625 -0.921375 0
v 0.39375 0.65625 0
v 0.4265625 0.658875 0
v 0.460705729167 0.723205729167 0
v 0.396375 0.6890625 0
v 0.459375 0.6615 0
v 0.4921875 0.658875 0
v 0.525 0.65625 0
v 0.525 0.721875 0
v 0.459375 0.7875 0
v 0.39375 0.7875 0
v 0.396375 0.7546875 0
v 0.399 0.721875 0
v 0.463338235294 0.853982843137 0
v 0.396375 0.8203125 0
v 0.464625 0.91875 0
v 0.396375 0.8859375 0
v 0.399 0.853125 0
v 0.462033653846 0.983533653846 0
v 0.459375 1.05 0
v 0.590625 -1.05 0
v 0.590625 -0.985678571429 0
v 0.65625 -1.05 0
v 0.65625 -0.984375 0
v 0.65625 -0.91875 0
v 0.6234375 -0.921375 0
v 0.590625 -0.924 0
v 0.5578125 -0.921375 0
v 0.5578125 0.658875 0
v 0.591482843137 0.725838235294 0
v 0.590625 0.6615 0
v 0.6234375 0.658875 0
v 0.65625 0.65625 0
v 0.65625 0.727125 0
v 0.721875 -1.05 0
v 0.721875 -0.985678571429 0
v 0.7875 -1.05 0
v 0.7875 -0.984375 0
v 0.7875 -0.91875 0
v 0.7546875 -0.921375 0
v 0.721875 -0.924 0
v 0.6890625 -0.921375 0
v 0.6890625 0.658875 0
v 0.721017156863 0.725838235294 0
v 0.721875 0.6615 0
v 0.7546875 0.658875 0
v 0.7875 0.65625 0
v 0.7875 0.721875 0
v 0.853125 -1.05 0
v 0.853125 -0.984375 0
v 0.91875 -1.05 0
v 0.91875 -0.984375 0
v 0.91875 -0.91875 0
v 0.853125 -0.91875 0
v 0.854428571429 -0.853125 0
v 0.790125 -0.8859375 0
v 0.91875 -0.853125 0
v 0.91875 -0.7875 0
v 0.853125 -0.7875 0
v 0.7875 -0.7875 0
v 0.790125 -0.8203125 0
v 0.79275 -0.853125 0
v 0.854428571429 -0.721875 0
v 0.790125 -0.7546875 0
v 0.91875 -0.721875 0
v 0.91875 -0.65625 0
v 0.853125 -0.65625 0
v 0.7875 -0.65625 0
v 0.790125 -0.6890625 0
v 0.79275 -0.721875 0
v 0.854428571429 -0.590625 0
v 0.790125 -0.6234375 0
v 0.91875 -0.590625 0
v 0.91875 -0.525 0
v 0.853125 -0.525 0
v 0.7875 -0.525 0
v 0.790125 -0.5578125 0
v 0.79275 -0.590625 0
v 0.854428571429 -0.459375 0
v 0.790125 -0.4921875 0
v 0.91875 -0.459375 0
v 0.91875 -0.39375 0
v 0.853125 -0.39375 0
v 0.7875 -0.39375 0
v 0.790125 -0.4265625 0
v 0.79275 -0.459375 0
v 0.854455729167 -0.329455729167 0
v 0.790125 -0.3609375 0
v 0.91875 -0.328125 0
v 0.91875 -0.2625 0
v 0.8859375 -0.265125 0
v 0.853125 -0.26775 0
v 0.8203125 -0.265125 0
v 0.7875 -0.2625 0
v 0.790125 -0.2953125 0
v 0.79275 -0.328125 0
v 0.7875 0.525 0
v 0.8203125 0.527625 0
v 0.854455729167 0.591955729167 0
v 0.790125 0.5578125 0
v 0.853125 0.53025 0
v 0.8859375 0.527625 0
v 0.91875 0.525 0
v 0.91875 0.590625 0
v 0.91875 0.65625 0
v 0.853125 0.65625 0
v 0.790125 0.6234375 0
v 0.79275 0.590625 0
v 0.853966346154 0.724533653846 0
v 0.91875 0.727125 0
v 0.984375 -1.05 0
v 0.984375 -0.984375 0
v 1.05 -1.05 0
v 1.05 -0.984375 0
v 1.05 -0.91875 0
v 0.984375 -0.91875 0
v 0.984375 -0.853125 0
v 1.05 -0.853125 0
v 1.05 -0.7875 0
v 0.984375 -0.7875 0
v 0.984375 -0.721875 0
v 1.05 -0.721875 0
v 1.05 -0.65625 0
v 0.984375 -0.65625 0
v 0.984375 -0.590625 0
v 1.05 -0.590625 0
v 1.05 -0.525 0
v 0.984375 -0.525 0
v 0.984375 -0.459375 0
v 1.05 -0.459375 0
v 1.05 -0.39375 0
v 0.984375 -0.39375 0
v 0.984375 -0.328125 0
v 1.05 -0.328125 0
v 1.05 -0.2625 0
v 0.984375 -0.2625 0
v 0.985678571429 -0.196875 0
v 0.921375 -0.2296875 0
v 1.05 -0.196875 0
v 1.05 -0.13125 0
v 0.984375 -0.13125 0
v 0.91875 -0.13125 0
v 0.921375 -0.1640625 0
v 0.924 -0.196875 0
v 0.985678571429 -0.065625 0
v 0.921375 -0.0984375 0
v 1.05 -0.065625 0
v 1.05 0 0
v 0.984375 0 0
v 0.91875 0 0
v 0.921375 -0.0328125 0
v 0.924 -0.065625 0
v 0.985678571429 0.065625 0
v 0.921375 0.0328125 0
v 1.05 0.065625 0
v 1.05 0.13125 0
v 0.984375 0.13125 0
v 0.91875 0.13125 0
v 0.921375 0.0984375 0
v 0.924 0.065625 0
v 0.985678571429 0.196875 0
v 0.921375 0.1640625 0
v 1.05 0.196875 0
v 1.05 0.2625 0
v 0.984375 0.2625 0
v 0.91875 0.2625 0
v 0.921375 0.2296875 0
v 0.924 0.196875 0
v 0.985678571429 0.328125 0
v 0.921375 0.2953125 0
v 1.05 0.328125 0
v 1.05 0.39375 0
v 0.984375 0.39375 0
v 0.91875 0.39375 0
v 0.921375 0.3609375 0
v 0.924 0.328125 0
v 0.985678571429 0.459375 0
v 0.921375 0.4265625 0
v 1.05 0.459375 0
v 1.05 0.525 0
v 0.984375 0.525 0
v 0.921375 0.4921875 0
v 0.924 0.459375 0
v 0.984375 0.590625 0
v 1.05 0.590625 0
v 1.05 0.65625 0
v 0.984375 0.65625 0
v 0.983533653846 0.724533653846 0
v 1.05 0.721875 0
v -0.8868125 -0.2305625 0
v -0.853125 -0.2323125 0
v -0.853125 -0.196875 0
v -0.8885625 -0.196875 0
v -0.887266826923 -0.164483173077 0
v -0.853125 -0.1640625 0
v -0.853125 -0.13125 0
v -0.8859375 -0.13125 0
v -0.887266826923 -0.0980168269231 0
v -0.853125 -0.0984375 0
v -0.853125 -0.065625 0
v -0.8885625 -0.065625 0
v -0.887919117647 -0.0332414215686 0
v -0.8544375 -0.04921875 0
v -0.85575 -0.0328125 0
v -0.8544375 -0.01640625 0
v -0.853125 -0 0
v -0.8859375 -0 0
v -0.887919117647 0.0332414215686 0
v -0.8544375 0.01640625 0
v -0.85575 0.0328125 0
v -0.8544375 0.04921875 0
v -0.853125 0.065625 0
v -0.8885625 0.065625 0
v -0.887919117647 0.0980085784314 0
v -0.8544375 0.08203125 0
v -0.85575 0.0984375 0
v -0.8544375 0.11484375 0
v -0.853125 0.13125 0
v -0.8859375 0.13125 0
v -0.887919117647 0.164491421569 0
v -0.8544375 0.14765625 0
v -0.85575 0.1640625 0
v -0.8544375 0.18046875 0
v -0.853125 0.196875 0
v -0.8885625 0.196875 0
v -0.887919117647 0.229258578431 0
v -0.8544375 0.21328125 0
v -0.85575 0.2296875 0
v -0.8544375 0.24609375 0
v -0.853125 0.2625 0
v -0.8859375 0.2625 0
v -0.887919117647 0.295741421569 0
v -0.8544375 0.27890625 0
v -0.85575 0.2953125 0
v -0.8544375 0.31171875 0
v -0.853125 0.328125 0
v -0.8885625 0.328125 0
v -0.887266826923 0.360516826923 0
v -0.853125 0.3609375 0
v -0.853125 0.39375 0
v -0.8859375 0.39375 0
v -0.887266826923 0.426983173077 0
v -0.853125 0.4265625 0
v -0.853125 0.459375 0
v -0.8885625 0.459375 0
v -0.8868125 0.4930625 0
v -0.853125 0.4948125 0
v -0.820733173077 -0.231016826923 0
v -0.7875 -0.2296875 0
v -0.7875 -0.196875 0
v -0.8203125 -0.196875 0
v -0.8203125 -0.1640625 0
v -0.7875 -0.1640625 0
v -0.7875 -0.13125 0
v -0.8203125 -0.13125 0
v -0.820977864583 -0.0991028645833 0
v -0.7888125 -0.11484375 0
v -0.790125 -0.0984375 0
v -0.7888125 -0.08203125 0
v -0.7875 -0.065625 0
v -0.80390625 -0.0669375 0
v -0.8203125 -0.06825 0
v -0.83671875 -0.0669375 0
v -0.83671875 0.3294375 0
v -0.820977864583 0.361602864583 0
v -0.8203125 0.33075 0
v -0.80390625 0.3294375 0
v -0.7875 0.328125 0
v -0.7888125 0.34453125 0
v -0.790125 0.3609375 0
v -0.7888125 0.37734375 0
v -0.7875 0.39375 0
v -0.8203125 0.39375 0
v -0.8203125 0.4265625 0
v -0.7875 0.4265625 0
v -0.7875 0.459375 0
v -0.8203125 0.459375 0
v -0.820733173077 0.493516826923 0
v -0.7875 0.4921875 0
v -0.7555625 -0.8868125 0
v -0.721875 -0.8885625 0
v -0.721875 -0.853125 0
v -0.7573125 -0.853125 0
v -0.756016826923 -0.820733173077 0
v -0.721875 -0.8203125 0
v -0.721875 -0.7875 0
v -0.7546875 -0.7875 0
v -0.756016826923 -0.754266826923 0
v -0.721875 -0.7546875 0
v -0.721875 -0.721875 0
v -0.7573125 -0.721875 0
v -0.756016826923 -0.689483173077 0
v -0.721875 -0.6890625 0
v -0.721875 -0.65625 0
v -0.7546875 -0.65625 0
v -0.756016826923 -0.623016826923 0
v -0.721875 -0.6234375 0
v -0.721875 -0.590625 0
v -0.7573125 -0.590625 0
v -0.756016826923 -0.558233173077 0
v -0.721875 -0.5578125 0
v -0.721875 -0.525 0
v -0.7546875 -0.525 0
v -0.756016826923 -0.491766826923 0
v -0.721875 -0.4921875 0
v -0.721875 -0.459375 0
v -0.7573125 -0.459375 0
v -0.756016826923 -0.426983173077 0
v -0.721875 -0.4265625 0
v -0.721875 -0.39375 0
v -0.7546875 -0.39375 0
v -0.756016826923 -0.360516826923 0
v -0.721875 -0.3609375 0
v -0.721875 -0.328125 0
v -0.7573125 -0.328125 0
v -0.756016826923 -0.295733173077 0
v -0.721875 -0.2953125 0
v -0.721875 -0.2625 0
v -0.7546875 -0.2625 0
v -0.7546875 -0.2296875 0
v -0.721875 -0.2296875 0
v -0.721875 -0.196875 0
v -0.7546875 -0.196875 0
v -0.7546875 -0.164714285714 0
v -0.721875 -0.1640625 0
v -0.721875 -0.13125 0
v -0.73828125 -0.1325625 0
v -0.7546875 -0.133875 0
v -0.77109375 -0.1325625 0
v -0.77109375 0.3950625 0
v -0.755352864583 0.427227864583 0
v -0.7546875 0.396375 0
v -0.73828125 0.3950625 0
v -0.721875 0.39375 0
v -0.7231875 0.41015625 0
v -0.7245 0.4265625 0
v -0.7231875 0.44296875 0
v -0.721875 0.459375 0
v -0.7546875 0.459375 0
v -0.7546875 0.4921875 0
v -0.721875 0.4921875 0
v -0.721875 0.525 0
v -0.7546875 0.525 0
v -0.756016826923 0.558233173077 0
v -0.721875 0.5578125 0
v -0.721875 0.590625 0
v -0.7573125 0.590625 0
v -0.7555625 0.6243125 0
v -0.721875 0.6260625 0
v -0.689483173077 -0.887266826923 0
v -0.65625 -0.8859375 0
v -0.65625 -0.853125 0
v -0.6890625 -0.853125 0
v -0.6890625 -0.8203125 0
v -0.65625 -0.8203125 0
v -0.65625 -0.7875 0
v -0.6890625 -0.7875 0
v -0.689714285714 -0.7546875 0
v -0.6575625 -0.77109375 0
v -0.658875 -0.7546875 0
v -0.6575625 -0.73828125 0
v -0.65625 -0.721875 0
v -0.6890625 -0.721875 0
v -0.689714285714 -0.6890625 0
v -0.6575625 -0.70546875 0
v -0.658875 -0.6890625 0
v -0.6575625 -0.67265625 0
v -0.65625 -0.65625 0
v -0.6890625 -0.65625 0
v -0.689714285714 -0.6234375 0
v -0.6575625 -0.63984375 0
v -0.658875 -0.6234375 0
v -0.6575625 -0.60703125 0
v -0.65625 -0.590625 0
v -0.6890625 -0.590625 0
v -0.689714285714 -0.5578125 0
v -0.6575625 -0.57421875 0
v -0.658875 -0.5578125 0
v -0.6575625 -0.54140625 0
v -0.65625 -0.525 0
v -0.6890625 -0.525 0
v -0.689714285714 -0.4921875 0
v -0.6575625 -0.50859375 0
v -0.658875 -0.4921875 0
v -0.6575625 -0.47578125 0
v -0.65625 -0.459375 0
v -0.6890625 -0.459375 0
v -0.689714285714 -0.4265625 0
v -0.6575625 -0.44296875 0
v -0.658875 -0.4265625 0
v -0.6575625 -0.41015625 0
v -0.65625 -0.39375 0
v -0.6890625 -0.39375 0
v -0.689714285714 -0.3609375 0
v -0.6575625 -0.37734375 0
v -0.658875 -0.3609375 0
v -0.6575625 -0.34453125 0
v -0.65625 -0.328125 0
v -0.6890625 -0.328125 0
v -0.6890625 -0.2953125 0
v -0.65625 -0.2953125 0
v -0.65625 -0.2625 0
v -0.6890625 -0.2625 0
v -0.6890625 -0.2296875 0
v -0.65625 -0.2296875 0
v -0.65625 -0.196875 0
v -0.6890625 -0.196875 0
v -0.689727864583 -0.164727864583 0
v -0.6575625 -0.18046875 0
v -0.658875 -0.1640625 0
v -0.6575625 -0.14765625 0
v -0.65625 -0.13125 0
v -0.67265625 -0.1325625 0
v -0.6890625 -0.133875 0
v -0.70546875 -0.1325625 0
v -0.70546875 0.4606875 0
v -0.689727864583 0.492852864583 0
v -0.6890625 0.462 0
v -0.67265625 0.4606875 0
v -0.65625 0.459375 0
v -0.6575625 0.47578125 0
v -0.658875 0.4921875 0
v -0.6575625 0.50859375 0
v -0.65625 0.525 0
v -0.6890625 0.525 0
v -0.6890625 0.5578125 0
v -0.65625 0.5578125 0
v -0.65625 0.590625 0
v -0.6890625 0.590625 0
v -0.689483173077 0.624766826923 0
v -0.65625 0.6234375 0
v -0.623016826923 -0.887266826923 0
v -0.590625 -0.8885625 0
v -0.590625 -0.853125 0
v -0.6234375 -0.853125 0
v -0.6234375 -0.820964285714 0
v -0.590625 -0.8203125 0
v -0.590625 -0.7875 0
v -0.60703125 -0.7888125 0
v -0.6234375 -0.790125 0
v -0.63984375 -0.7888125 0
v -0.63984375 -0.3268125 0
v -0.624102864583 -0.294647135417 0
v -0.6234375 -0.3255 0
v -0.60703125 -0.3268125 0
v -0.590625 -0.328125 0
v -0.5919375 -0.31171875 0
v -0.59325 -0.2953125 0
v -0.5919375 -0.27890625 0
v -0.590625 -0.2625 0
v -0.6234375 -0.2625 0
v -0.624102864583 -0.230352864583 0
v -0.5919375 -0.24609375 0
v -0.59325 -0.2296875 0
v -0.5919375 -0.21328125 0
v -0.590625 -0.196875 0
v -0.60703125 -0.1981875 0
v -0.6234375 -0.1995 0
v -0.63984375 -0.1981875 0
v -0.65625 0.065625 0
v -0.63984375 0.0669375 0
v -0.622772135417 0.0991028645833 0
v -0.6549375 0.08203125 0
v -0.6234375 0.06825 0
v -0.60703125 0.0669375 0
v -0.590625 0.065625 0
v -0.590625 0.0984375 0
v -0.590625 0.13125 0
v -0.6234375 0.13125 0
v -0.65625 0.13125 0
v -0.6549375 0.11484375 0
v -0.653625 0.0984375 0
v -0.622772135417 0.163397135417 0
v -0.6549375 0.14765625 0
v -0.590625 0.1640625 0
v -0.590625 0.196875 0
v -0.60703125 0.1955625 0
v -0.6234375 0.19425 0
v -0.63984375 0.1955625 0
v -0.65625 0.196875 0
v -0.6549375 0.18046875 0
v -0.653625 0.1640625 0
v -0.63984375 0.5263125 0
v -0.6234375 0.558464285714 0
v -0.6234375 0.527625 0
v -0.60703125 0.5263125 0
v -0.590625 0.525 0
v -0.590625 0.5578125 0
v -0.590625 0.590625 0
v -0.6234375 0.590625 0
v -0.623016826923 0.624766826923 0
v -0.590625 0.6260625 0
v -0.558233173077 -0.887266826923 0
v -0.525 -0.8859375 0
v -0.525 -0.853125 0
v -0.5578125 -0.853125 0
v -0.5578125 -0.820964285714 0
v -0.525 -0.8203125 0
v -0.525 -0.7875 0
v -0.54140625 -0.7888125 0
v -0.5578125 -0.790125 0
v -0.57421875 -0.7888125 0
v -0.590625 0 0
v -0.57421875 0.0013125 0
v -0.557147135417 0.0334778645833 0
v -0.5893125 0.01640625 0
v -0.5578125 0.002625 0
v -0.54140625 0.0013125 0
v -0.525 0 0
v -0.525 0.0328125 0
v -0.525 0.065625 0
v -0.5578125 0.065625 0
v -0.5893125 0.04921875 0
v -0.588 0.0328125 0
v -0.5578125 0.0984375 0
v -0.525 0.0984375 0
v -0.525 0.13125 0
v -0.5578125 0.13125 0
v -0.5578125 0.1640625 0
v -0.525 0.1640625 0
v -0.525 0.196875 0
v -0.5578125 0.196875 0
v -0.557147135417 0.229022135417 0
v -0.5893125 0.21328125 0
v -0.525 0.2296875 0
v -0.525 0.2625 0
v -0.54140625 0.2611875 0
v -0.5578125 0.259875 0
v -0.57421875 0.2611875 0
v -0.590625 0.2625 0
v -0.5893125 0.24609375 0
v -0.588 0.2296875 0
v -0.57421875 0.5263125 0
v -0.5578125 0.558464285714 0
v -0.5578125 0.527625 0
v -0.54140625 0.5263125 0
v -0.525 0.525 0
v -0.525 0.5578125 0
v -0.525 0.590625 0
v -0.5578125 0.590625 0
v -0.558233173077 0.624766826923 0
v -0.525 0.6234375 0
v -0.491766826923 -0.887266826923 0
v -0.459375 -0.8885625 0
v -0.459375 -0.853125 0
v -0.4921875 -0.853125 0
v -0.4921875 -0.820964285714 0
v -0.459375 -0.8203125 0
v -0.459375 -0.7875 0
v -0.47578125 -0.7888125 0
v -0.4921875 -0.790125 0
v -0.50859375 -0.7888125 0
v -0.525 -0.590625 0
v -0.50859375 -0.5893125 0
v -0.491522135417 -0.557147135417 0
v -0.5236875 -0.57421875 0
v -0.4921875 -0.588 0
v -0.47578125 -0.5893125 0
v -0.459375 -0.590625 0
v -0.459375 -0.5578125 0
v -0.459375 -0.525 0
v -0.4921875 -0.525 0
v -0.525 -0.525 0
v -0.5236875 -0.54140625 0
v -0.522375 -0.5578125 0
v -0.491522135417 -0.492852864583 0
v -0.5236875 -0.50859375 0
v -0.459375 -0.4921875 0
v -0.459375 -0.459375 0
v -0.47578125 -0.4606875 0
v -0.4921875 -0.462 0
v -0.50859375 -0.4606875 0
v -0.525 -0.459375 0
v -0.5236875 -0.47578125 0
v -0.522375 -0.4921875 0
v -0.50859375 0.0013125 0
v -0.4921875 0.0334642857143 0
v -0.4921875 0.002625 0
v -0.47578125 0.0013125 0
v -0.459375 0 0
v -0.459375 0.0328125 0
v -0.459375 0.065625 0
v -0.4921875 0.065625 0
v -0.4921875 0.0984375 0
v -0.459375 0.0984375 0
v -0.459375 0.13125 0
v -0.4921875 0.13125 0
v -0.4921875 0.1640625 0
v -0.459375 0.1640625 0
v -0.459375 0.196875 0
v -0.4921875 0.196875 0
v -0.4921875 0.2296875 0
v -0.459375 0.2296875 0
v -0.459375 0.2625 0
v -0.4921875 0.2625 0
v -0.491522135417 0.294647135417 0
v -0.5236875 0.27890625 0
v -0.459375 0.2953125 0
v -0.459375 0.328125 0
v -0.47578125 0.3268125 0
v -0.4921875 0.3255 0
v -0.50859375 0.3268125 0
v -0.525 0.328125 0
v -0.5236875 0.31171875 0
v -0.522375 0.2953125 0
v -0.50859375 0.5263125 0
v -0.4921875 0.558464285714 0
v -0.4921875 0.527625 0
v -0.47578125 0.5263125 0
v -0.459375 0.525 0
v -0.459375 0.5578125 0
v -0.459375 0.590625 0
v -0.4921875 0.590625 0
v -0.491766826923 0.624766826923 0
v -0.459375 0.6260625 0
v -0.426983173077 -0.887266826923 0
v -0.39375 -0.8859375 0
v -0.39375 -0.853125 0
v -0.4265625 -0.853125 0
v -0.4265625 -0.820964285714 0
v -0.39375 -0.8203125 0
v -0.39375 -0.7875 0
v -0.41015625 -0.7888125 0
v -0.4265625 -0.790125 0
v -0.44296875 -0.7888125 0
v -0.44296875 -0.5893125 0
v -0.4265625 -0.557160714286 0
v -0.4265625 -0.588 0
v -0.41015625 -0.5893125 0
v -0.39375 -0.590625 0
v -0.39375 -0.5578125 0
v -0.39375 -0.525 0
v -0.4265625 -0.525 0
v -0.4265625 -0.4921875 0
v -0.39375 -0.4921875 0
v -0.39375 -0.459375 0
v -0.4265625 -0.459375 0
v -0.425897135417 -0.427227864583 0
v -0.4580625 -0.44296875 0
v -0.39375 -0.4265625 0
v -0.39375 -0.39375 0
v -0.41015625 -0.3950625 0
v -0.4265625 -0.396375 0
v -0.44296875 -0.3950625 0
v -0.459375 -0.39375 0
v -0.4580625 -0.41015625 0
v -0.45675 -0.4265625 0
v -0.459375 -0.065625 0
v -0.44296875 -0.0643125 0
v -0.425897135417 -0.0321471354167 0
v -0.4580625 -0.04921875 0
v -0.4265625 -0.063 0
v -0.41015625 -0.0643125 0
v -0.39375 -0.065625 0
v -0.39375 -0.0328125 0
v -0.4265625 0 0
v -0.4580625 -0.01640625 0
v -0.45675 -0.0328125 0
v -0.425233173077 0.0332331730769 0
v -0.4239375 0.065625 0
v -0.425233173077 0.0980168269231 0
v -0.4265625 0.13125 0
v -0.425233173077 0.164483173077 0
v -0.4239375 0.196875 0
v -0.425233173077 0.229266826923 0
v -0.4265625 0.2625 0
v -0.4265625 0.294660714286 0
v -0.39375 0.2953125 0
v -0.39375 0.328125 0
v -0.41015625 0.3268125 0
v -0.4265625 0.3255 0
v -0.44296875 0.3268125 0
v -0.44296875 0.5263125 0
v -0.4265625 0.558464285714 0
v -0.4265625 0.527625 0
v -0.41015625 0.5263125 0
v -0.39375 0.525 0
v -0.39375 0.5578125 0
v -0.39375 0.590625 0
v -0.4265625 0.590625 0
v -0.426983173077 0.624766826923 0
v -0.39375 0.6234375 0
v -0.360516826923 -0.887266826923 0
v -0.328125 -0.8885625 0
v -0.328125 -0.853125 0
v -0.3609375 -0.853125 0
v -0.3609375 -0.820964285714 0
v -0.328125 -0.8203125 0
v -0.328125 -0.7875 0
v -0.34453125 -0.7888125 0
v -0.3609375 -0.790125 0
v -0.37734375 -0.7888125 0
v -0.37734375 -0.5893125 0
v -0.361602864583 -0.557147135417 0
v -0.3609375 -0.588 0
v -0.34453125 -0.5893125 0
v -0.328125 -0.590625 0
v -0.3294375 -0.57421875 0
v -0.33075 -0.5578125 0
v -0.3294375 -0.54140625 0
v -0.328125 -0.525 0
v -0.3609375 -0.525 0
v -0.3609375 -0.4921875 0
v -0.328125 -0.4921875 0
v -0.328125 -0.459375 0
v -0.3609375 -0.459375 0
v -0.3609375 -0.4265625 0
v -0.328125 -0.4265625 0
v -0.328125 -0.39375 0
v -0.3609375 -0.39375 0
v -0.360285714286 -0.3609375 0
v -0.3924375 -0.37734375 0
v -0.328125 -0.3609375 0
v -0.328125 -0.328125 0
v -0.3609375 -0.328125 0
v -0.39375 -0.328125 0
v -0.3924375 -0.34453125 0
v -0.391125 -0.3609375 0
v -0.360272135417 -0.295977864583 0
v -0.3924375 -0.31171875 0
v -0.328125 -0.2953125 0
v -0.328125 -0.2625 0
v -0.34453125 -0.2638125 0
v -0.3609375 -0.265125 0
v -0.37734375 -0.2638125 0
v -0.39375 -0.2625 0
v -0.3924375 -0.27890625 0
v -0.391125 -0.2953125 0
v -0.37734375 -0.0643125 0
v -0.360508578431 -0.0308308823529 0
v -0.3609375 -0.063 0
v -0.34453125 -0.0643125 0
v -0.328125 -0.065625 0
v -0.328125 -0.0301875 0
v -0.360508578431 0.293330882353 0
v -0.328125 0.2926875 0
v -0.328125 0.328125 0
v -0.34453125 0.3268125 0
v -0.3609375 0.3255 0
v -0.37734375 0.3268125 0
v -0.37734375 0.5263125 0
v -0.361602864583 0.558477864583 0
v -0.3609375 0.527625 0
v -0.34453125 0.5263125 0
v -0.328125 0.525 0
v -0.3294375 0.54140625 0
v -0.33075 0.5578125 0
v -0.3294375 0.57421875 0
v -0.328125 0.590625 0
v -0.3609375 0.590625 0
v -0.3609375 0.6234375 0
v -0.328125 0.6234375 0
v -0.328125 0.65625 0
v -0.3609375 0.65625 0
v -0.362266826923 0.689483173077 0
v -0.328125 0.6890625 0
v -0.328125 0.721875 0
v -0.3635625 0.721875 0
v -0.362266826923 0.754266826923 0
v -0.328125 0.7546875 0
v -0.328125 0.7875 0
v -0.3609375 0.7875 0
v -0.362266826923 0.820733173077 0
v -0.328125 0.8203125 0
v -0.328125 0.853125 0
v -0.3635625 0.853125 0
v -0.3618125 0.8868125 0
v -0.328125 0.8885625 0
v -0.2944375 -0.8868125 0
v -0.2926875 -0.853125 0
v -0.293983173077 -0.820733173077 0
v -0.2953125 -0.7875 0
v -0.294647135417 -0.755352864583 0
v -0.3268125 -0.77109375 0
v -0.2625 -0.7546875 0
v -0.2625 -0.721875 0
v -0.27890625 -0.7231875 0
v -0.2953125 -0.7245 0
v -0.31171875 -0.7231875 0
v -0.328125 -0.721875 0
v -0.3268125 -0.73828125 0
v -0.3255 -0.7546875 0
v -0.31171875 -0.5236875 0
v -0.2953125 -0.491535714286 0
v -0.2953125 -0.522375 0
v -0.27890625 -0.5236875 0
v -0.2625 -0.525 0
v -0.2625 -0.4921875 0
v -0.2625 -0.459375 0
v -0.2953125 -0.459375 0
v -0.2953125 -0.4265625 0
v -0.2625 -0.4265625 0
v -0.2953125 -0.39375 0
v -0.293983173077 -0.360516826923 0
v -0.2926875 -0.328125 0
v -0.293983173077 -0.295733173077 0
v -0.2953125 -0.2625 0
v -0.293330882353 -0.229258578431 0
v -0.3268125 -0.24609375 0
v -0.2926875 -0.196875 0
v -0.328125 -0.196875 0
v -0.3268125 -0.21328125 0
v -0.3255 -0.2296875 0
v -0.293330882353 -0.164491421569 0
v -0.3268125 -0.18046875 0
v -0.2953125 -0.13125 0
v -0.328125 -0.13125 0
v -0.3268125 -0.14765625 0
v -0.3255 -0.1640625 0
v -0.293330882353 -0.0980085784314 0
v -0.3268125 -0.11484375 0
v -0.2926875 -0.065625 0
v -0.3268125 -0.08203125 0
v -0.3255 -0.0984375 0
v -0.2944375 -0.0319375 0
v -0.295741421569 0.293330882353 0
v -0.2625 0.2953125 0
v -0.2625 0.328125 0
v -0.27890625 0.3268125 0
v -0.2953125 0.3255 0
v -0.31171875 0.3268125 0
v -0.31171875 0.5919375 0
v -0.295977864583 0.624102864583 0
v -0.2953125 0.59325 0
v -0.27890625 0.5919375 0
v -0.2625 0.590625 0
v -0.2638125 0.60703125 0
v -0.265125 0.6234375 0
v -0.2638125 0.63984375 0
v -0.2625 0.65625 0
v -0.2953125 0.65625 0
v -0.295964285714 0.6890625 0
v -0.2638125 0.67265625 0
v -0.265125 0.6890625 0
v -0.2638125 0.70546875 0
v -0.2625 0.721875 0
v -0.2953125 0.721875 0
v -0.295964285714 0.7546875 0
v -0.2638125 0.73828125 0
v -0.265125 0.7546875 0
v -0.2638125 0.77109375 0
v -0.2625 0.7875 0
v -0.2953125 0.7875 0
v -0.2953125 0.8203125 0
v -0.2625 0.8203125 0
v -0.2625 0.853125 0
v -0.2953125 0.853125 0
v -0.295733173077 0.887266826923 0
v -0.2625 0.8859375 0
v -0.229258578431 -0.756669117647 0
v -0.196875 -0.7573125 0
v -0.196875 -0.721875 0
v -0.21328125 -0.7231875 0
v -0.2296875 -0.7245 0
v -0.24609375 -0.7231875 0
v -0.24609375 -0.5236875 0
v -0.2296875 -0.491535714286 0
v -0.2296875 -0.522375 0
v -0.21328125 -0.5236875 0
v -0.196875 -0.525 0
v -0.196875 -0.4921875 0
v -0.196875 -0.459375 0
v -0.2296875 -0.459375 0
v -0.229266826923 -0.425233173077 0
v -0.196875 -0.4239375 0
v -0.229258578431 0.293330882353 0
v -0.196875 0.2926875 0
v -0.196875 0.328125 0
v -0.21328125 0.3268125 0
v -0.2296875 0.3255 0
v -0.24609375 0.3268125 0
v -0.24609375 0.7888125 0
v -0.230352864583 0.820977864583 0
v -0.2296875 0.790125 0
v -0.21328125 0.7888125 0
v -0.196875 0.7875 0
v -0.1981875 0.80390625 0
v -0.1995 0.8203125 0
v -0.1981875 0.83671875 0
v -0.196875 0.853125 0
v -0.2296875 0.853125 0
v -0.230339285714 0.8859375 0
v -0.1981875 0.86953125 0
v -0.1995 0.8859375 0
v -0.1981875 0.90234375 0
v -0.196875 0.91875 0
v -0.2296875 0.91875 0
v -0.231016826923 0.951983173077 0
v -0.196875 0.9515625 0
v -0.196875 0.984375 0
v -0.2323125 0.984375 0
v -0.231016826923 1.01676682692 0
v -0.196875 1.0171875 0
v -0.196875 1.05 0
v -0.2296875 1.05 0
v -0.164491421569 -0.756669117647 0
v -0.13125 -0.7546875 0
v -0.13125 -0.721875 0
v -0.14765625 -0.7231875 0
v -0.1640625 -0.7245 0
v -0.18046875 -0.7231875 0
v -0.18046875 -0.5236875 0
v -0.1640625 -0.491535714286 0
v -0.1640625 -0.522375 0
v -0.14765625 -0.5236875 0
v -0.13125 -0.525 0
v -0.13125 -0.4921875 0
v -0.13125 -0.459375 0
v -0.1640625 -0.459375 0
v -0.164483173077 -0.425233173077 0
v -0.13125 -0.4265625 0
v -0.164483173077 0.293983173077 0
v -0.13125 0.2953125 0
v -0.13125 0.328125 0
v -0.1640625 0.328125 0
v -0.163397135417 0.360272135417 0
v -0.1955625 0.34453125 0
v -0.13125 0.3609375 0
v -0.13125 0.39375 0
v -0.14765625 0.3924375 0
v -0.1640625 0.391125 0
v -0.18046875 0.3924375 0
v -0.196875 0.39375 0
v -0.1955625 0.37734375 0
v -0.19425 0.3609375 0
v -0.18046875 0.9200625 0
v -0.164727864583 0.952227864583 0
v -0.1640625 0.921375 0
v -0.14765625 0.9200625 0
v -0.13125 0.91875 0
v -0.1325625 0.93515625 0
v -0.133875 0.9515625 0
v -0.1325625 0.96796875 0
v -0.13125 0.984375 0
v -0.1640625 0.984375 0
v -0.1640625 1.0171875 0
v -0.13125 1.0171875 0
v -0.13125 1.05 0
v -0.1640625 1.05 0
v -0.0980168269231 -0.756016826923 0
v -0.065625 -0.7573125 0
v -0.065625 -0.721875 0
v -0.0984375 -0.721875 0
v -0.0977721354167 -0.689727864583 0
v -0.1299375 -0.70546875 0
v -0.065625 -0.6890625 0
v -0.065625 -0.65625 0
v -0.08203125 -0.6575625 0
v -0.0984375 -0.658875 0
v -0.11484375 -0.6575625 0
v -0.13125 -0.65625 0
v -0.1299375 -0.67265625 0
v -0.128625 -0.6890625 0
v -0.11484375 -0.5236875 0
v -0.0984375 -0.491535714286 0
v -0.0984375 -0.522375 0
v -0.08203125 -0.5236875 0
v -0.065625 -0.525 0
v -0.065625 -0.4921875 0
v -0.065625 -0.459375 0
v -0.0984375 -0.459375 0
v -0.0980168269231 -0.425233173077 0
v -0.065625 -0.4239375 0
v -0.0980168269231 0.293983173077 0
v -0.065625 0.2926875 0
v -0.065625 0.328125 0
v -0.0984375 0.328125 0
v -0.0984375 0.3609375 0
v -0.065625 0.3609375 0
v -0.065625 0.39375 0
v -0.0984375 0.39375 0
v -0.0977857142857 0.4265625 0
v -0.1299375 0.41015625 0
v -0.065625 0.4265625 0
v -0.065625 0.459375 0
v -0.0984375 0.459375 0
v -0.13125 0.459375 0
v -0.1299375 0.44296875 0
v -0.128625 0.4265625 0
v -0.0977857142857 0.4921875 0
v -0.1299375 0.47578125 0
v -0.065625 0.4921875 0
v -0.065625 0.525 0
v -0.0984375 0.525 0
v -0.13125 0.525 0
v -0.1299375 0.50859375 0
v -0.128625 0.4921875 0
v -0.0977721354167 0.557147135417 0
v -0.1299375 0.54140625 0
v -0.065625 0.5578125 0
v -0.065625 0.590625 0
v -0.08203125 0.5893125 0
v -0.0984375 0.588 0
v -0.11484375 0.5893125 0
v -0.13125 0.590625 0
v -0.1299375 0.57421875 0
v -0.128625 0.5578125 0
v -0.11484375 0.9856875 0
v -0.0984375 1.01783928571 0
v -0.0984375 0.987 0
v -0.08203125 0.9856875 0
v -0.065625 0.984375 0
v -0.065625 1.0171875 0
v -0.065625 1.05 0
v -0.0984375 1.05 0
v -0.0332331730769 -0.756016826923 0
v 0 -0.7546875 0
v 0 -0.721875 0
v -0.0328125 -0.721875 0
v -0.0328125 -0.689714285714 0
v 0 -0.6890625 0
v 0 -0.65625 0
v -0.01640625 -0.6575625 0
v -0.0328125 -0.658875 0
v -0.04921875 -0.6575625 0
v -0.04921875 -0.5236875 0
v -0.0328125 -0.491535714286 0
v -0.0328125 -0.522375 0
v -0.01640625 -0.5236875 0
v 0 -0.525 0
v 0 -0.4921875 0
v 0 -0.459375 0
v -0.0328125 -0.459375 0
v -0.0332331730769 -0.425233173077 0
v 0 -0.4265625 0
v -0.0332331730769 0.293983173077 0
v 0 0.2953125 0
v -0 0.328125 0
v -0.0328125 0.328125 0
v -0.0328125 0.3609375 0
v -0 0.3609375 0
v -0 0.39375 0
v -0.0328125 0.39375 0
v -0.0328125 0.4265625 0
v -0 0.4265625 0
v -0 0.459375 0
v -0.0328125 0.459375 0
v -0.0328125 0.4921875 0
v -0 0.4921875 0
v -0 0.525 0
v -0.0328125 0.525 0
v -0.0328125 0.5578125 0
v 0 0.5578125 0
v 0 0.590625 0
v -0.0328125 0.590625 0
v -0.0321607142857 0.6234375 0
v -0.0643125 0.60703125 0
v 0 0.6234375 0
v 0 0.65625 0
v -0.0328125 0.65625 0
v -0.065625 0.65625 0
v -0.0643125 0.63984375 0
v -0.063 0.6234375 0
v -0.0321607142857 0.6890625 0
v -0.0643125 0.67265625 0
v 0 0.6890625 0
v 0 0.721875 0
v -0.0328125 0.721875 0
v -0.065625 0.721875 0
v -0.0643125 0.70546875 0
v -0.063 0.6890625 0
v -0.0321471354167 0.754022135417 0
v -0.0643125 0.73828125 0
v 0 0.7546875 0
v 0 0.7875 0
v -0.01640625 0.7861875 0
v -0.0328125 0.784875 0
v -0.04921875 0.7861875 0
v -0.065625 0.7875 0
v -0.0643125 0.77109375 0
v -0.063 0.7546875 0
v -0.04921875 0.9856875 0
v -0.0328125 1.01783928571 0
v -0.0328125 0.987 0
v -0.01640625 0.9856875 0
v 0 0.984375 0
v 0 1.0171875 0
v 0 1.05 0
v -0.0328125 1.05 0
v 0.0332331730769 -0.756016826923 0
v 0.065625 -0.7573125 0
v 0.065625 -0.721875 0
v 0.0328125 -0.721875 0
v 0.0328125 -0.689714285714 0
v 0.065625 -0.6890625 0
v 0.065625 -0.65625 0
v 0.04921875 -0.6575625 0
v 0.0328125 -0.658875 0
v 0.01640625 -0.6575625 0
v 0.01640625 -0.5236875 0
v 0.0328125 -0.491535714286 0
v 0.0328125 -0.522375 0
v 0.04921875 -0.5236875 0
v 0.065625 -0.525 0
v 0.065625 -0.4921875 0
v 0.065625 -0.459375 0
v 0.0328125 -0.459375 0
v 0.0332331730769 -0.425233173077 0
v 0.065625 -0.4239375 0
v 0.0332331730769 0.293983173077 0
v 0.065625 0.2926875 0
v 0.065625 0.328125 0
v 0.0328125 0.328125 0
v 0.0328125 0.3609375 0
v 0.065625 0.3609375 0
v 0.065625 0.39375 0
v 0.0328125 0.39375 0
v 0.0328125 0.4265625 0
v 0.065625 0.4265625 0
v 0.065625 0.459375 0
v 0.0328125 0.459375 0
v 0.0328125 0.4921875 0
v 0.065625 0.4921875 0
v 0.065625 0.525 0
v 0.0328125 0.525 0
v 0.0328125 0.5578125 0
v 0.065625 0.5578125 0
v 0.065625 0.590625 0
v 0.0328125 0.590625 0
v 0.0321607142857 0.6234375 0
v 0.0643125 0.60703125 0
v 0.063 0.6234375 0
v 0.0643125 0.63984375 0
v 0.065625 0.65625 0
v 0.0328125 0.65625 0
v 0.0321607142857 0.6890625 0
v 0.0643125 0.67265625 0
v 0.063 0.6890625 0
v 0.0643125 0.70546875 0
v 0.065625 0.721875 0
v 0.0328125 0.721875 0
v 0.0321471354167 0.754022135417 0
v 0.0643125 0.73828125 0
v 0.063 0.7546875 0
v 0.0643125 0.77109375 0
v 0.065625 0.7875 0
v 0.04921875 0.7861875 0
v 0.0328125 0.784875 0
v 0.01640625 0.7861875 0
v 0.01640625 0.9856875 0
v 0.0328125 1.01783928571 0
v 0.0328125 0.987 0
v 0.04921875 0.9856875 0
v 0.065625 0.984375 0
v 0.065625 1.0171875 0
v 0.065625 1.05 0
v 0.0328125 1.05 0
v 0.0980168269231 -0.756016826923 0
v 0.13125 -0.7546875 0
v 0.13125 -0.721875 0
v 0.0984375 -0.721875 0
v 0.0977721354167 -0.689727864583 0
v 0.1299375 -0.70546875 0
v 0.128625 -0.6890625 0
v 0.1299375 -0.67265625 0
v 0.13125 -0.65625 0
v 0.11484375 -0.6575625 0
v 0.0984375 -0.658875 0
v 0.08203125 -0.6575625 0
v 0.08203125 -0.5236875 0
v 0.0984375 -0.491535714286 0
v 0.0984375 -0.522375 0
v 0.11484375 -0.5236875 0
v 0.13125 -0.525 0
v 0.13125 -0.4921875 0
v 0.13125 -0.459375 0
v 0.0984375 -0.459375 0
v 0.0980168269231 -0.425233173077 0
v 0.13125 -0.4265625 0
v 0.0980168269231 0.293983173077 0
v 0.13125 0.2953125 0
v 0.13125 0.328125 0
v 0.0984375 0.328125 0
v 0.0984375 0.3609375 0
v 0.13125 0.3609375 0
v 0.13125 0.39375 0
v 0.0984375 0.39375 0
v 0.0977857142857 0.4265625 0
v 0.1299375 0.41015625 0
v 0.128625 0.4265625 0
v 0.1299375 0.44296875 0
v 0.13125 0.459375 0
v 0.0984375 0.459375 0
v 0.0977857142857 0.4921875 0
v 0.1299375 0.47578125 0
v 0.128625 0.4921875 0
v 0.1299375 0.50859375 0
v 0.13125 0.525 0
v 0.0984375 0.525 0
v 0.0977721354167 0.557147135417 0
v 0.1299375 0.54140625 0
v 0.128625 0.5578125 0
v 0.1299375 0.57421875 0
v 0.13125 0.590625 0
v 0.11484375 0.5893125 0
v 0.0984375 0.588 0
v 0.08203125 0.5893125 0
v 0.08203125 0.9856875 0
v 0.0984375 1.01783928571 0
v 0.0984375 0.987 0
v 0.11484375 0.9856875 0
v 0.13125 0.984375 0
v 0.13125 1.0171875 0
v 0.13125 1.05 0
v 0.0984375 1.05 0
v 0.164491421569 -0.756669117647 0
v 0.196875 -0.7573125 0
v 0.196875 -0.721875 0
v 0.18046875 -0.7231875 0
v 0.1640625 -0.7245 0
v 0.14765625 -0.7231875 0
v 0.14765625 -0.5236875 0
v 0.1640625 -0.491535714286 0
v 0.1640625 -0.522375 0
v 0.18046875 -0.5236875 0
v 0.196875 -0.525 0
v 0.196875 -0.4921875 0
v 0.196875 -0.459375 0
v 0.1640625 -0.459375 0
v 0.164483173077 -0.425233173077 0
v 0.196875 -0.4239375 0
v 0.164483173077 0.293983173077 0
v 0.196875 0.2926875 0
v 0.196875 0.328125 0
v 0.1640625 0.328125 0
v 0.163397135417 0.360272135417 0
v 0.1955625 0.34453125 0
v 0.19425 0.3609375 0
v 0.1955625 0.37734375 0
v 0.196875 0.39375 0
v 0.18046875 0.3924375 0
v 0.1640625 0.391125 0
v 0.14765625 0.3924375 0
v 0.13125 0.91875 0
v 0.14765625 0.9200625 0
v 0.164727864583 0.952227864583 0
v 0.1325625 0.93515625 0
v 0.1640625 0.921375 0
v 0.18046875 0.9200625 0
v 0.196875 0.91875 0
v 0.196875 0.9515625 0
v 0.196875 0.984375 0
v 0.1640625 0.984375 0
v 0.1325625 0.96796875 0
v 0.133875 0.9515625 0
v 0.1640625 1.0171875 0
v 0.196875 1.0171875 0
v 0.196875 1.05 0
v 0.1640625 1.05 0
v 0.229258578431 -0.756669117647 0
v 0.2625 -0.7546875 0
v 0.2625 -0.721875 0
v 0.24609375 -0.7231875 0
v 0.2296875 -0.7245 0
v 0.21328125 -0.7231875 0
v 0.21328125 -0.5236875 0
v 0.2296875 -0.491535714286 0
v 0.2296875 -0.522375 0
v 0.24609375 -0.5236875 0
v 0.2625 -0.525 0
v 0.2625 -0.4921875 0
v 0.2625 -0.459375 0
v 0.2296875 -0.459375 0
v 0.229266826923 -0.425233173077 0
v 0.2625 -0.4265625 0
v 0.229258578431 0.293330882353 0
v 0.2625 0.2953125 0
v 0.2625 0.328125 0
v 0.24609375 0.3268125 0
v 0.2296875 0.3255 0
v 0.21328125 0.3268125 0
v 0.196875 0.7875 0
v 0.21328125 0.7888125 0
v 0.230352864583 0.820977864583 0
v 0.1981875 0.80390625 0
v 0.2296875 0.790125 0
v 0.24609375 0.7888125 0
v 0.2625 0.7875 0
v 0.2625 0.8203125 0
v 0.2625 0.853125 0
v 0.2296875 0.853125 0
v 0.196875 0.853125 0
v 0.1981875 0.83671875 0
v 0.1995 0.8203125 0
v 0.230339285714 0.8859375 0
v 0.1981875 0.86953125 0
v 0.2625 0.8859375 0
v 0.2296875 0.91875 0
v 0.1981875 0.90234375 0
v 0.1995 0.8859375 0
v 0.231016826923 0.951983173077 0
v 0.2323125 0.984375 0
v 0.231016826923 1.01676682692 0
v 0.2296875 1.05 0
v 0.2944375 -0.8868125 0
v 0.328125 -0.8885625 0
v 0.328125 -0.853125 0
v 0.2926875 -0.853125 0
v 0.293983173077 -0.820733173077 0
v 0.328125 -0.8203125 0
v 0.328125 -0.7875 0
v 0.2953125 -0.7875 0
v 0.294647135417 -0.755352864583 0
v 0.3268125 -0.77109375 0
v 0.3255 -0.7546875 0
v 0.3268125 -0.73828125 0
v 0.328125 -0.721875 0
v 0.31171875 -0.7231875 0
v 0.2953125 -0.7245 0
v 0.27890625 -0.7231875 0
v 0.27890625 -0.5236875 0
v 0.2953125 -0.491535714286 0
v 0.2953125 -0.522375 0
v 0.31171875 -0.5236875 0
v 0.328125 -0.525 0
v 0.328125 -0.4921875 0
v 0.328125 -0.459375 0
v 0.2953125 -0.459375 0
v 0.2953125 -0.4265625 0
v 0.328125 -0.4265625 0
v 0.328125 -0.39375 0
v 0.2953125 -0.39375 0
v 0.293983173077 -0.360516826923 0
v 0.328125 -0.3609375 0
v 0.328125 -0.328125 0
v 0.2926875 -0.328125 0
v 0.293983173077 -0.295733173077 0
v 0.328125 -0.2953125 0
v 0.328125 -0.2625 0
v 0.2953125 -0.2625 0
v 0.293330882353 -0.229258578431 0
v 0.3268125 -0.24609375 0
v 0.3255 -0.2296875 0
v 0.3268125 -0.21328125 0
v 0.328125 -0.196875 0
v 0.2926875 -0.196875 0
v 0.293330882353 -0.164491421569 0
v 0.3268125 -0.18046875 0
v 0.3255 -0.1640625 0
v 0.3268125 -0.14765625 0
v 0.328125 -0.13125 0
v 0.2953125 -0.13125 0
v 0.293330882353 -0.0980085784314 0
v 0.3268125 -0.11484375 0
v 0.3255 -0.0984375 0
v 0.3268125 -0.08203125 0
v 0.328125 -0.065625 0
v 0.2926875 -0.065625 0
v 0.2944375 -0.0319375 0
v 0.328125 -0.0301875 0
v 0.295741421569 0.293330882353 0
v 0.328125 0.2926875 0
v 0.328125 0.328125 0
v 0.31171875 0.3268125 0
v 0.2953125 0.3255 0
v 0.27890625 0.3268125 0
v 0.2625 0.590625 0
v 0.27890625 0.5919375 0
v 0.295977864583 0.624102864583 0
v 0.2638125 0.60703125 0
v 0.2953125 0.59325 0
v 0.31171875 0.5919375 0
v 0.328125 0.590625 0
v 0.328125 0.6234375 0
v 0.328125 0.65625 0
v 0.2953125 0.65625 0
v 0.2625 0.65625 0
v 0.2638125 0.63984375 0
v 0.265125 0.6234375 0
v 0.295964285714 0.6890625 0
v 0.2638125 0.67265625 0
v 0.328125 0.6890625 0
v 0.328125 0.721875 0
v 0.2953125 0.721875 0
v 0.2625 0.721875 0
v 0.2638125 0.70546875 0
v 0.265125 0.6890625 0
v 0.295964285714 0.7546875 0
v 0.2638125 0.73828125 0
v 0.328125 0.7546875 0
v 0.328125 0.7875 0
v 0.2953125 0.7875 0
v 0.2638125 0.77109375 0
v 0.265125 0.7546875 0
v 0.2953125 0.8203125 0
v 0.328125 0.8203125 0
v 0.328125 0.853125 0
v 0.2953125 0.853125 0
v 0.295733173077 0.887266826923 0
v 0.328125 0.8885625 0
v 0.360516826923 -0.887266826923 0
v 0.39375 -0.8859375 0
v 0.39375 -0.853125 0
v 0.3609375 -0.853125 0
v 0.3609375 -0.820964285714 0
v 0.39375 -0.8203125 0
v 0.39375 -0.7875 0
v 0.37734375 -0.7888125 0
v 0.3609375 -0.790125 0
v 0.34453125 -0.7888125 0
v 0.328125 -0.590625 0
v 0.34453125 -0.5893125 0
v 0.361602864583 -0.557147135417 0
v 0.3294375 -0.57421875 0
v 0.3609375 -0.588 0
v 0.37734375 -0.5893125 0
v 0.39375 -0.590625 0
v 0.39375 -0.5578125 0
v 0.39375 -0.525 0
v 0.3609375 -0.525 0
v 0.3294375 -0.54140625 0
v 0.33075 -0.5578125 0
v 0.3609375 -0.4921875 0
v 0.39375 -0.4921875 0
v 0.39375 -0.459375 0
v 0.3609375 -0.459375 0
v 0.3609375 -0.4265625 0
v 0.39375 -0.4265625 0
v 0.39375 -0.39375 0
v 0.3609375 -0.39375 0
v 0.360285714286 -0.3609375 0
v 0.3924375 -0.37734375 0
v 0.391125 -0.3609375 0
v 0.3924375 -0.34453125 0
v 0.39375 -0.328125 0
v 0.3609375 -0.328125 0
v 0.360272135417 -0.295977864583 0
v 0.3924375 -0.31171875 0
v 0.391125 -0.2953125 0
v 0.3924375 -0.27890625 0
v 0.39375 -0.2625 0
v 0.37734375 -0.2638125 0
v 0.3609375 -0.265125 0
v 0.34453125 -0.2638125 0
v 0.34453125 -0.0643125 0
v 0.360508578431 -0.0308308823529 0
v 0.3609375 -0.063 0
v 0.37734375 -0.0643125 0
v 0.39375 -0.065625 0
v 0.39375 -0.0328125 0
v 0.360508578431 0.293330882353 0
v 0.39375 0.2953125 0
v 0.39375 0.328125 0
v 0.37734375 0.3268125 0
v 0.3609375 0.3255 0
v 0.34453125 0.3268125 0
v 0.328125 0.525 0
v 0.34453125 0.5263125 0
v 0.361602864583 0.558477864583 0
v 0.3294375 0.54140625 0
v 0.3609375 0.527625 0
v 0.37734375 0.5263125 0
v 0.39375 0.525 0
v 0.39375 0.5578125 0
v 0.39375 0.590625 0
v 0.3609375 0.590625 0
v 0.3294375 0.57421875 0
v 0.33075 0.5578125 0
v 0.3609375 0.6234375 0
v 0.39375 0.6234375 0
v 0.3609375 0.65625 0
v 0.362266826923 0.689483173077 0
v 0.3635625 0.721875 0
v 0.362266826923 0.754266826923 0
v 0.3609375 0.7875 0
v 0.362266826923 0.820733173077 0
v 0.3635625 0.853125 0
v 0.3618125 0.8868125 0
v 0.426983173077 -0.887266826923 0
v 0.459375 -0.8885625 0
v 0.459375 -0.853125 0
v 0.4265625 -0.853125 0
v 0.4265625 -0.820964285714 0
v 0.459375 -0.8203125 0
v 0.459375 -0.7875 0
v 0.44296875 -0.7888125 0
v 0.4265625 -0.790125 0
v 0.41015625 -0.7888125 0
v 0.41015625 -0.5893125 0
v 0.4265625 -0.557160714286 0
v 0.4265625 -0.588 0
v 0.44296875 -0.5893125 0
v 0.459375 -0.590625 0
v 0.459375 -0.5578125 0
v 0.459375 -0.525 0
v 0.4265625 -0.525 0
v 0.4265625 -0.4921875 0
v 0.459375 -0.4921875 0
v 0.459375 -0.459375 0
v 0.4265625 -0.459375 0
v 0.425897135417 -0.427227864583 0
v 0.4580625 -0.44296875 0
v 0.45675 -0.4265625 0
v 0.4580625 -0.41015625 0
v 0.459375 -0.39375 0
v 0.44296875 -0.3950625 0
v 0.4265625 -0.396375 0
v 0.41015625 -0.3950625 0
v 0.41015625 -0.0643125 0
v 0.425897135417 -0.0321471354167 0
v 0.4265625 -0.063 0
v 0.44296875 -0.0643125 0
v 0.459375 -0.065625 0
v 0.4580625 -0.04921875 0
v 0.45675 -0.0328125 0
v 0.4580625 -0.01640625 0
v 0.459375 0 0
v 0.4265625 0 0
v 0.425233173077 0.0332331730769 0
v 0.459375 0.0328125 0
v 0.459375 0.065625 0
v 0.4239375 0.065625 0
v 0.425233173077 0.0980168269231 0
v 0.459375 0.0984375 0
v 0.459375 0.13125 0
v 0.4265625 0.13125 0
v 0.425233173077 0.164483173077 0
v 0.459375 0.1640625 0
v 0.459375 0.196875 0
v 0.4239375 0.196875 0
v 0.425233173077 0.229266826923 0
v 0.459375 0.2296875 0
v 0.459375 0.2625 0
v 0.4265625 0.2625 0
v 0.4265625 0.294660714286 0
v 0.459375 0.2953125 0
v 0.459375 0.328125 0
v 0.44296875 0.3268125 0
v 0.4265625 0.3255 0
v 0.41015625 0.3268125 0
v 0.41015625 0.5263125 0
v 0.4265625 0.558464285714 0
v 0.4265625 0.527625 0
v 0.44296875 0.5263125 0
v 0.459375 0.525 0
v 0.459375 0.5578125 0
v 0.459375 0.590625 0
v 0.4265625 0.590625 0
v 0.426983173077 0.624766826923 0
v 0.459375 0.6260625 0
v 0.491766826923 -0.887266826923 0
v 0.525 -0.8859375 0
v 0.525 -0.853125 0
v 0.4921875 -0.853125 0
v 0.4921875 -0.820964285714 0
v 0.525 -0.8203125 0
v 0.525 -0.7875 0
v 0.50859375 -0.7888125 0
v 0.4921875 -0.790125 0
v 0.47578125 -0.7888125 0
v 0.47578125 -0.5893125 0
v 0.491522135417 -0.557147135417 0
v 0.4921875 -0.588 0
v 0.50859375 -0.5893125 0
v 0.525 -0.590625 0
v 0.5236875 -0.57421875 0
v 0.522375 -0.5578125 0
v 0.5236875 -0.54140625 0
v 0.525 -0.525 0
v 0.4921875 -0.525 0
v 0.491522135417 -0.492852864583 0
v 0.5236875 -0.50859375 0
v 0.522375 -0.4921875 0
v 0.5236875 -0.47578125 0
v 0.525 -0.459375 0
v 0.50859375 -0.4606875 0
v 0.4921875 -0.462 0
v 0.47578125 -0.4606875 0
v 0.47578125 0.0013125 0
v 0.4921875 0.0334642857143 0
v 0.4921875 0.002625 0
v 0.50859375 0.0013125 0
v 0.525 0 0
v 0.525 0.0328125 0
v 0.525 0.065625 0
v 0.4921875 0.065625 0
v 0.4921875 0.0984375 0
v 0.525 0.0984375 0
v 0.525 0.13125 0
v 0.4921875 0.13125 0
v 0.4921875 0.1640625 0
v 0.525 0.1640625 0
v 0.525 0.196875 0
v 0.4921875 0.196875 0
v 0.4921875 0.2296875 0
v 0.525 0.2296875 0
v 0.525 0.2625 0
v 0.4921875 0.2625 0
v 0.491522135417 0.294647135417 0
v 0.5236875 0.27890625 0
v 0.522375 0.2953125 0
v 0.5236875 0.31171875 0
v 0.525 0.328125 0
v 0.50859375 0.3268125 0
v 0.4921875 0.3255 0
v 0.47578125 0.3268125 0
v 0.47578125 0.5263125 0
v 0.4921875 0.558464285714 0
v 0.4921875 0.527625 0
v 0.50859375 0.5263125 0
v 0.525 0.525 0
v 0.525 0.5578125 0
v 0.525 0.590625 0
v 0.4921875 0.590625 0
v 0.491766826923 0.624766826923 0
v 0.525 0.6234375 0
v 0.558233173077 -0.887266826923 0
v 0.590625 -0.8885625 0
v 0.590625 -0.853125 0
v 0.5578125 -0.853125 0
v 0.5578125 -0.820964285714 0
v 0.590625 -0.8203125 0
v 0.590625 -0.7875 0
v 0.57421875 -0.7888125 0
v 0.5578125 -0.790125 0
v 0.54140625 -0.7888125 0
v 0.54140625 0.0013125 0
v 0.557147135417 0.0334778645833 0
v 0.5578125 0.002625 0
v 0.57421875 0.0013125 0
v 0.590625 0 0
v 0.5893125 0.01640625 0
v 0.588 0.0328125 0
v 0.5893125 0.04921875 0
v 0.590625 0.065625 0
v 0.5578125 0.065625 0
v 0.5578125 0.0984375 0
v 0.590625 0.0984375 0
v 0.590625 0.13125 0
v 0.5578125 0.13125 0
v 0.5578125 0.1640625 0
v 0.590625 0.1640625 0
v 0.590625 0.196875 0
v 0.5578125 0.196875 0
v 0.557147135417 0.229022135417 0
v 0.5893125 0.21328125 0
v 0.588 0.2296875 0
v 0.5893125 0.24609375 0
v 0.590625 0.2625 0
v 0.57421875 0.2611875 0
v 0.5578125 0.259875 0
v 0.54140625 0.2611875 0
v 0.54140625 0.5263125 0
v 0.5578125 0.558464285714 0
v 0.5578125 0.527625 0
v 0.57421875 0.5263125 0
v 0.590625 0.525 0
v 0.590625 0.5578125 0
v 0.590625 0.590625 0
v 0.5578125 0.590625 0
v 0.558233173077 0.624766826923 0
v 0.590625 0.6260625 0
v 0.623016826923 -0.887266826923 0
v 0.65625 -0.8859375 0
v 0.65625 -0.853125 0
v 0.6234375 -0.853125 0
v 0.6234375 -0.820964285714 0
v 0.65625 -0.8203125 0
v 0.65625 -0.7875 0
v 0.63984375 -0.7888125 0
v 0.6234375 -0.790125 0
v 0.60703125 -0.7888125 0
v 0.590625 -0.328125 0
v 0.60703125 -0.3268125 0
v 0.624102864583 -0.294647135417 0
v 0.5919375 -0.31171875 0
v 0.6234375 -0.3255 0
v 0.63984375 -0.3268125 0
v 0.65625 -0.328125 0
v 0.65625 -0.2953125 0
v 0.65625 -0.2625 0
v 0.6234375 -0.2625 0
v 0.590625 -0.2625 0
v 0.5919375 -0.27890625 0
v 0.59325 -0.2953125 0
v 0.624102864583 -0.230352864583 0
v 0.5919375 -0.24609375 0
v 0.65625 -0.2296875 0
v 0.65625 -0.196875 0
v 0.63984375 -0.1981875 0
v 0.6234375 -0.1995 0
v 0.60703125 -0.1981875 0
v 0.590625 -0.196875 0
v 0.5919375 -0.21328125 0
v 0.59325 -0.2296875 0
v 0.60703125 0.0669375 0
v 0.622772135417 0.0991028645833 0
v 0.6234375 0.06825 0
v 0.63984375 0.0669375 0
v 0.65625 0.065625 0
v 0.6549375 0.08203125 0
v 0.653625 0.0984375 0
v 0.6549375 0.11484375 0
v 0.65625 0.13125 0
v 0.6234375 0.13125 0
v 0.622772135417 0.163397135417 0
v 0.6549375 0.14765625 0
v 0.653625 0.1640625 0
v 0.6549375 0.18046875 0
v 0.65625 0.196875 0
v 0.63984375 0.1955625 0
v 0.6234375 0.19425 0
v 0.60703125 0.1955625 0
v 0.60703125 0.5263125 0
v 0.6234375 0.558464285714 0
v 0.6234375 0.527625 0
v 0.63984375 0.5263125 0
v 0.65625 0.525 0
v 0.65625 0.5578125 0
v 0.65625 0.590625 0
v 0.6234375 0.590625 0
v 0.623016826923 0.624766826923 0
v 0.65625 0.6234375 0
v 0.689483173077 -0.887266826923 0
v 0.721875 -0.8885625 0
v 0.721875 -0.853125 0
v 0.6890625 -0.853125 0
v 0.6890625 -0.8203125 0
v 0.721875 -0.8203125 0
v 0.721875 -0.7875 0
v 0.6890625 -0.7875 0
v 0.689714285714 -0.7546875 0
v 0.6575625 -0.77109375 0
v 0.721875 -0.7546875 0
v 0.721875 -0.721875 0
v 0.6890625 -0.721875 0
v 0.65625 -0.721875 0
v 0.6575625 -0.73828125 0
v 0.658875 -0.7546875 0
v 0.689714285714 -0.6890625 0
v 0.6575625 -0.70546875 0
v 0.721875 -0.6890625 0
v 0.721875 -0.65625 0
v 0.6890625 -0.65625 0
v 0.65625 -0.65625 0
v 0.6575625 -0.67265625 0
v 0.658875 -0.6890625 0
v 0.689714285714 -0.6234375 0
v 0.6575625 -0.63984375 0
v 0.721875 -0.6234375 0
v 0.721875 -0.590625 0
v 0.6890625 -0.590625 0
v 0.65625 -0.590625 0
v 0.6575625 -0.60703125 0
v 0.658875 -0.6234375 0
v 0.689714285714 -0.5578125 0
v 0.6575625 -0.57421875 0
v 0.721875 -0.5578125 0
v 0.721875 -0.525 0
v 0.6890625 -0.525 0
v 0.65625 -0.525 0
v 0.6575625 -0.54140625 0
v 0.658875 -0.5578125 0
v 0.689714285714 -0.4921875 0
v 0.6575625 -0.50859375 0
v 0.721875 -0.4921875 0
v 0.721875 -0.459375 0
v 0.6890625 -0.459375 0
v 0.65625 -0.459375 0
v 0.6575625 -0.47578125 0
v 0.658875 -0.4921875 0
v 0.689714285714 -0.4265625 0
v 0.6575625 -0.44296875 0
v 0.721875 -0.4265625 0
v 0.721875 -0.39375 0
v 0.6890625 -0.39375 0
v 0.65625 -0.39375 0
v 0.6575625 -0.41015625 0
v 0.658875 -0.4265625 0
v 0.689714285714 -0.3609375 0
v 0.6575625 -0.37734375 0
v 0.721875 -0.3609375 0
v 0.721875 -0.328125 0
v 0.6890625 -0.328125 0
v 0.6575625 -0.34453125 0
v 0.658875 -0.3609375 0
v 0.6890625 -0.2953125 0
v 0.721875 -0.2953125 0
v 0.721875 -0.2625 0
v 0.6890625 -0.2625 0
v 0.6890625 -0.2296875 0
v 0.721875 -0.2296875 0
v 0.721875 -0.196875 0
v 0.6890625 -0.196875 0
v 0.689727864583 -0.164727864583 0
v 0.6575625 -0.18046875 0
v 0.721875 -0.1640625 0
v 0.721875 -0.13125 0
v 0.70546875 -0.1325625 0
v 0.6890625 -0.133875 0
v 0.67265625 -0.1325625 0
v 0.65625 -0.13125 0
v 0.6575625 -0.14765625 0
v 0.658875 -0.1640625 0
v 0.65625 0.459375 0
v 0.67265625 0.4606875 0
v 0.689727864583 0.492852864583 0
v 0.6575625 0.47578125 0
v 0.6890625 0.462 0
v 0.70546875 0.4606875 0
v 0.721875 0.459375 0
v 0.721875 0.4921875 0
v 0.721875 0.525 0
v 0.6890625 0.525 0
v 0.6575625 0.50859375 0
v 0.658875 0.4921875 0
v 0.6890625 0.5578125 0
v 0.721875 0.5578125 0
v 0.721875 0.590625 0
v 0.6890625 0.590625 0
v 0.689483173077 0.624766826923 0
v 0.721875 0.6260625 0
v 0.7555625 -0.8868125 0
v 0.7573125 -0.853125 0
v 0.756016826923 -0.820733173077 0
v 0.7546875 -0.7875 0
v 0.756016826923 -0.754266826923 0
v 0.7573125 -0.721875 0
v 0.756016826923 -0.689483173077 0
v 0.7546875 -0.65625 0
v 0.756016826923 -0.623016826923 0
v 0.7573125 -0.590625 0
v 0.756016826923 -0.558233173077 0
v 0.7546875 -0.525 0
v 0.756016826923 -0.491766826923 0
v 0.7573125 -0.459375 0
v 0.756016826923 -0.426983173077 0
v 0.7546875 -0.39375 0
v 0.756016826923 -0.360516826923 0
v 0.7573125 -0.328125 0
v 0.756016826923 -0.295733173077 0
v 0.7546875 -0.2625 0
v 0.7546875 -0.2296875 0
v 0.7875 -0.2296875 0
v 0.7875 -0.196875 0
v 0.7546875 -0.196875 0
v 0.7546875 -0.164714285714 0
v 0.7875 -0.1640625 0
v 0.7875 -0.13125 0
v 0.77109375 -0.1325625 0
v 0.7546875 -0.133875 0
v 0.73828125 -0.1325625 0
v 0.721875 0.39375 0
v 0.73828125 0.3950625 0
v 0.755352864583 0.427227864583 0
v 0.7231875 0.41015625 0
v 0.7546875 0.396375 0
v 0.77109375 0.3950625 0
v 0.7875 0.39375 0
v 0.7875 0.4265625 0
v 0.7875 0.459375 0
v 0.7546875 0.459375 0
v 0.7231875 0.44296875 0
v 0.7245 0.4265625 0
v 0.7546875 0.4921875 0
v 0.7875 0.4921875 0
v 0.7546875 0.525 0
v 0.756016826923 0.558233173077 0
v 0.7573125 0.590625 0
v 0.7555625 0.6243125 0
v 0.820733173077 -0.231016826923 0
v 0.853125 -0.2323125 0
v 0.853125 -0.196875 0
v 0.8203125 -0.196875 0
v 0.8203125 -0.1640625 0
v 0.853125 -0.1640625 0
v 0.853125 -0.13125 0
v 0.8203125 -0.13125 0
v 0.820977864583 -0.0991028645833 0
v 0.7888125 -0.11484375 0
v 0.853125 -0.0984375 0
v 0.853125 -0.065625 0
v 0.83671875 -0.0669375 0
v 0.8203125 -0.06825 0
v 0.80390625 -0.0669375 0
v 0.7875 -0.065625 0
v 0.7888125 -0.08203125 0
v 0.790125 -0.0984375 0
v 0.7875 0.328125 0
v 0.80390625 0.3294375 0
v 0.820977864583 0.361602864583 0
v 0.7888125 0.34453125 0
v 0.8203125 0.33075 0
v 0.83671875 0.3294375 0
v 0.853125 0.328125 0
v 0.853125 0.3609375 0
v 0.853125 0.39375 0
v 0.8203125 0.39375 0
v 0.7888125 0.37734375 0
v 0.790125 0.3609375 0
v 0.8203125 0.4265625 0
v 0.853125 0.4265625 0
v 0.853125 0.459375 0
v 0.8203125 0.459375 0
v 0.820733173077 0.493516826923 0
v 0.853125 0.4948125 0
v 0.8868125 -0.2305625 0
v 0.8885625 -0.196875 0
v 0.887266826923 -0.164483173077 0
v 0.8859375 -0.13125 0
v 0.887266826923 -0.0980168269231 0
v 0.8885625 -0.065625 0
v 0.887919117647 -0.0332414215686 0
v 0.8544375 -0.04921875 0
v 0.8859375 0 0
v 0.853125 0 0
v 0.8544375 -0.01640625 0
v 0.85575 -0.0328125 0
v 0.887919117647 0.0332414215686 0
v 0.8544375 0.01640625 0
v 0.8885625 0.065625 0
v 0.853125 0.065625 0
v 0.8544375 0.04921875 0
v 0.85575 0.0328125 0
v 0.887919117647 0.0980085784314 0
v 0.8544375 0.08203125 0
v 0.8859375 0.13125 0
v 0.853125 0.13125 0
v 0.8544375 0.11484375 0
v 0.85575 0.0984375 0
v 0.887919117647 0.164491421569 0
v 0.8544375 0.14765625 0
v 0.8885625 0.196875 0
v 0.853125 0.196875 0
v 0.8544375 0.18046875 0
v 0.85575 0.1640625 0
v 0.887919117647 0.229258578431 0
v 0.8544375 0.21328125 0
v 0.8859375 0.2625 0
v 0.853125 0.2625 0
v 0.8544375 0.24609375 0
v 0.85575 0.2296875 0
v 0.887919117647 0.295741421569 0
v 0.8544375 0.27890625 0
v 0.8885625 0.328125 0
v 0.8544375 0.31171875 0
v 0.85575 0.2953125 0
v 0.887266826923 0.360516826923 0
v 0.8859375 0.39375 0
v 0.887266826923 0.426983173077 0
v 0.8885625 0.459375 0
v 0.8868125 0.4930625 0
v -0.83715625 -0.04965625 0
v -0.8203125 -0.05053125 0
v -0.8203125 -0.0328125 0
v -0.83803125 -0.0328125 0
v -0.837383413462 -0.0166165865385 0
v -0.8203125 -0.01640625 0
v -0.8203125 0 0
v -0.83671875 0 0
v -0.837383413462 0.0166165865385 0
v -0.8203125 0.01640625 0
v -0.8203125 0.0328125 0
v -0.83803125 0.0328125 0
v -0.837709558824 0.0490042892157 0
v -0.82096875 0.041015625 0
v -0.821625 0.04921875 0
v -0.82096875 0.057421875 0
v -0.8203125 0.065625 0
v -0.83671875 0.065625 0
v -0.837709558824 0.0822457107843 0
v -0.82096875 0.073828125 0
v -0.821625 0.08203125 0
v -0.82096875 0.090234375 0
v -0.8203125 0.0984375 0
v -0.83803125 0.0984375 0
v -0.837709558824 0.114629289216 0
v -0.82096875 0.106640625 0
v -0.821625 0.11484375 0
v -0.82096875 0.123046875 0
v -0.8203125 0.13125 0
v -0.83671875 0.13125 0
v -0.837709558824 0.147870710784 0
v -0.82096875 0.139453125 0
v -0.821625 0.14765625 0
v -0.82096875 0.155859375 0
v -0.8203125 0.1640625 0
v -0.83803125 0.1640625 0
v -0.837709558824 0.180254289216 0
v -0.82096875 0.172265625 0
v -0.821625 0.18046875 0
v -0.82096875 0.188671875 0
v -0.8203125 0.196875 0
v -0.83671875 0.196875 0
v -0.837709558824 0.213495710784 0
v -0.82096875 0.205078125 0
v -0.821625 0.21328125 0
v -0.82096875 0.221484375 0
v -0.8203125 0.2296875 0
v -0.83803125 0.2296875 0
v -0.837383413462 0.245883413462 0
v -0.8203125 0.24609375 0
v -0.8203125 0.2625 0
v -0.83671875 0.2625 0
v -0.837383413462 0.279116586538 0
v -0.8203125 0.27890625 0
v -0.8203125 0.2953125 0
v -0.83803125 0.2953125 0
v -0.83715625 0.31215625 0
v -0.8203125 0.31303125 0
v -0.804116586538 -0.0498834134615 0
v -0.7875 -0.04921875 0
v -0.7875 -0.0328125 0
v -0.80390625 -0.0328125 0
v -0.804232142857 -0.01640625 0
v -0.78815625 -0.024609375 0
v -0.7888125 -0.01640625 0
v -0.78815625 -0.008203125 0
v -0.7875 0 0
v -0.80390625 0 0
v -0.804238932292 0.0160735677083 0
v -0.78815625 0.008203125 0
v -0.7888125 0.01640625 0
v -0.78815625 0.024609375 0
v -0.7875 0.0328125 0
v -0.795703125 0.03215625 0
v -0.80390625 0.0315 0
v -0.812109375 0.03215625 0
v -0.812109375 0.23034375 0
v -0.804238932292 0.246426432292 0
v -0.80390625 0.231 0
v -0.795703125 0.23034375 0
v -0.7875 0.2296875 0
v -0.78815625 0.237890625 0
v -0.7888125 0.24609375 0
v -0.78815625 0.254296875 0
v -0.7875 0.2625 0
v -0.80390625 0.2625 0
v -0.804232142857 0.27890625 0
v -0.78815625 0.270703125 0
v -0.7888125 0.27890625 0
v -0.78815625 0.287109375 0
v -0.7875 0.2953125 0
v -0.80390625 0.2953125 0
v -0.804116586538 0.312383413462 0
v -0.7875 0.31171875 0
v -0.77153125 -0.11528125 0
v -0.7546875 -0.11615625 0
v -0.7546875 -0.0984375 0
v -0.77240625 -0.0984375 0
v -0.771758413462 -0.0822415865385 0
v -0.7546875 -0.08203125 0
v -0.7546875 -0.065625 0
v -0.77109375 -0.065625 0
v -0.77109375 -0.0495446428571 0
v -0.7546875 -0.04921875 0
v -0.7546875 -0.0328125 0
v -0.762890625 -0.03346875 0
v -0.77109375 -0.034125 0
v -0.779296875 -0.03346875 0
v -0.779296875 0.29596875 0
v -0.771426432292 0.312051432292 0
v -0.77109375 0.296625 0
v -0.762890625 0.29596875 0
v -0.7546875 0.2953125 0
v -0.75534375 0.303515625 0
v -0.756 0.31171875 0
v -0.75534375 0.319921875 0
v -0.7546875 0.328125 0
v -0.77109375 0.328125 0
v -0.771758413462 0.344741586538 0
v -0.7546875 0.34453125 0
v -0.7546875 0.3609375 0
v -0.77240625 0.3609375 0
v -0.77153125 0.37778125 0
v -0.7546875 0.37865625 0
v -0.738491586538 -0.115508413462 0
v -0.721875 -0.11484375 0
v -0.721875 -0.0984375 0
v -0.73828125 -0.0984375 0
v -0.73828125 -0.08203125 0
v -0.721875 -0.08203125 0
v -0.721875 -0.065625 0
v -0.73828125 -0.065625 0
v -0.738613932292 -0.0495514322917 0
v -0.72253125 -0.057421875 0
v -0.7231875 -0.04921875 0
v -0.72253125 -0.041015625 0
v -0.721875 -0.0328125 0
v -0.730078125 -0.03346875 0
v -0.73828125 -0.034125 0
v -0.746484375 -0.03346875 0
v -0.7546875 0.065625 0
v -0.746484375 0.06628125 0
v -0.737948567708 0.0823639322917 0
v -0.75403125 0.073828125 0
v -0.73828125 0.0669375 0
v -0.730078125 0.06628125 0
v -0.721875 0.065625 0
v -0.721875 0.08203125 0
v -0.721875 0.0984375 0
v -0.73828125 0.0984375 0
v -0.7546875 0.0984375 0
v -0.75403125 0.090234375 0
v -0.753375 0.08203125 0
v -0.737955357143 0.11484375 0
v -0.75403125 0.106640625 0
v -0.721875 0.11484375 0
v -0.721875 0.13125 0
v -0.73828125 0.13125 0
v -0.7546875 0.13125 0
v -0.75403125 0.123046875 0
v -0.753375 0.11484375 0
v -0.737955357143 0.14765625 0
v -0.75403125 0.139453125 0
v -0.721875 0.14765625 0
v -0.721875 0.1640625 0
v -0.73828125 0.1640625 0
v -0.7546875 0.1640625 0
v -0.75403125 0.155859375 0
v -0.753375 0.14765625 0
v -0.737948567708 0.180136067708 0
v -0.75403125 0.172265625 0
v -0.721875 0.18046875 0
v -0.721875 0.196875 0
v -0.730078125 0.19621875 0
v -0.73828125 0.1955625 0
v -0.746484375 0.19621875 0
v -0.7546875 0.196875 0
v -0.75403125 0.188671875 0
v -0.753375 0.18046875 0
v -0.746484375 0.32878125 0
v -0.738613932292 0.344863932292 0
v -0.73828125 0.3294375 0
v -0.730078125 0.32878125 0
v -0.721875 0.328125 0
v -0.72253125 0.336328125 0
v -0.7231875 0.34453125 0
v -0.72253125 0.352734375 0
v -0.721875 0.3609375 0
v -0.73828125 0.3609375 0
v -0.738491586538 0.378008413462 0
v -0.721875 0.37734375 0
v -0.705258413462 -0.115508413462 0
v -0.6890625 -0.11615625 0
v -0.6890625 -0.0984375 0
v -0.70546875 -0.0984375 0
v -0.705801432292 -0.0823639322917 0
v -0.68971875 -0.090234375 0
v -0.690375 -0.08203125 0
v -0.68971875 -0.073828125 0
v -0.6890625 -0.065625 0
v -0.697265625 -0.06628125 0
v -0.70546875 -0.0669375 0
v -0.713671875 -0.06628125 0
v -0.721875 0 0
v -0.713671875 0.00065625 0
v -0.705136067708 0.0167389322917 0
v -0.72121875 0.008203125 0
v -0.70546875 0.0013125 0
v -0.697265625 0.00065625 0
v -0.6890625 0 0
v -0.6890625 0.01640625 0
v -0.6890625 0.0328125 0
v -0.70546875 0.0328125 0
v -0.721875 0.0328125 0
v -0.72121875 0.024609375 0
v -0.7205625 0.01640625 0
v -0.705142857143 0.04921875 0
v -0.72121875 0.041015625 0
v -0.6890625 0.04921875 0
v -0.6890625 0.065625 0
v -0.70546875 0.065625 0
v -0.72121875 0.057421875 0
v -0.7205625 0.04921875 0
v -0.70546875 0.08203125 0
v -0.6890625 0.08203125 0
v -0.6890625 0.0984375 0
v -0.70546875 0.0984375 0
v -0.70546875 0.11484375 0
v -0.6890625 0.11484375 0
v -0.6890625 0.13125 0
v -0.70546875 0.13125 0
v -0.70546875 0.14765625 0
v -0.6890625 0.14765625 0
v -0.6890625 0.1640625 0
v -0.70546875 0.1640625 0
v -0.70546875 0.18046875 0
v -0.6890625 0.18046875 0
v -0.6890625 0.196875 0
v -0.70546875 0.196875 0
v -0.705136067708 0.212948567708 0
v -0.72121875 0.205078125 0
v -0.6890625 0.21328125 0
v -0.6890625 0.2296875 0
v -0.697265625 0.22903125 0
v -0.70546875 0.228375 0
v -0.713671875 0.22903125 0
v -0.721875 0.2296875 0
v -0.72121875 0.221484375 0
v -0.7205625 0.21328125 0
v -0.713671875 0.36159375 0
v -0.705801432292 0.377676432292 0
v -0.70546875 0.36225 0
v -0.697265625 0.36159375 0
v -0.6890625 0.3609375 0
v -0.68971875 0.369140625 0
v -0.690375 0.37734375 0
v -0.68971875 0.385546875 0
v -0.6890625 0.39375 0
v -0.70546875 0.39375 0
v -0.706133413462 0.410366586538 0
v -0.6890625 0.41015625 0
v -0.6890625 0.4265625 0
v -0.70678125 0.4265625 0
v -0.70590625 0.44340625 0
v -0.6890625 0.44428125 0
v -0.672870710784 -0.115834558824 0
v -0.65625 -0.11484375 0
v -0.65625 -0.0984375 0
v -0.664453125 -0.09909375 0
v -0.67265625 -0.09975 0
v -0.680859375 -0.09909375 0
v -0.680859375 0.00065625 0
v -0.67265625 0.0167321428571 0
v -0.67265625 0.0013125 0
v -0.664453125 0.00065625 0
v -0.65625 0 0
v -0.65625 0.01640625 0
v -0.65625 0.0328125 0
v -0.67265625 0.0328125 0
v -0.67265625 0.04921875 0
v -0.65625 0.04921875 0
v -0.67265625 0.065625 0
v -0.671991586538 0.0822415865385 0
v -0.67134375 0.0984375 0
v -0.671991586538 0.114633413462 0
v -0.67265625 0.13125 0
v -0.671991586538 0.147866586538 0
v -0.67134375 0.1640625 0
v -0.671991586538 0.180258413462 0
v -0.67265625 0.196875 0
v -0.67265625 0.21328125 0
v -0.65625 0.21328125 0
v -0.65625 0.2296875 0
v -0.67265625 0.2296875 0
v -0.672323567708 0.245761067708 0
v -0.68840625 0.237890625 0
v -0.65625 0.24609375 0
v -0.65625 0.2625 0
v -0.664453125 0.26184375 0
v -0.67265625 0.2611875 0
v -0.680859375 0.26184375 0
v -0.6890625 0.2625 0
v -0.68840625 0.254296875 0
v -0.68775 0.24609375 0
v -0.680859375 0.39440625 0
v -0.67265625 0.410482142857 0
v -0.67265625 0.3950625 0
v -0.664453125 0.39440625 0
v -0.65625 0.39375 0
v -0.65625 0.41015625 0
v -0.65625 0.4265625 0
v -0.67265625 0.4265625 0
v -0.672866586538 0.443633413462 0
v -0.65625 0.44296875 0
v -0.64028125 -0.77153125 0
v -0.6234375 -0.77240625 0
v -0.6234375 -0.7546875 0
v -0.64115625 -0.7546875 0
v -0.640508413462 -0.738491586538 0
v -0.6234375 -0.73828125 0
v -0.6234375 -0.721875 0
v -0.63984375 -0.721875 0
v -0.640508413462 -0.705258413462 0
v -0.6234375 -0.70546875 0
v -0.6234375 -0.6890625 0
v -0.64115625 -0.6890625 0
v -0.640834558824 -0.672870710784 0
v -0.62409375 -0.680859375 0
v -0.62475 -0.67265625 0
v -0.62409375 -0.664453125 0
v -0.6234375 -0.65625 0
v -0.63984375 -0.65625 0
v -0.640834558823 -0.639629289216 0
v -0.62409375 -0.648046875 0
v -0.62475 -0.63984375 0
v -0.62409375 -0.631640625 0
v -0.6234375 -0.6234375 0
v -0.64115625 -0.6234375 0
v -0.640834558823 -0.607245710784 0
v -0.62409375 -0.615234375 0
v -0.62475 -0.60703125 0
v -0.62409375 -0.598828125 0
v -0.6234375 -0.590625 0
v -0.63984375 -0.590625 0
v -0.640834558824 -0.574004289216 0
v -0.62409375 -0.582421875 0
v -0.62475 -0.57421875 0
v -0.62409375 -0.566015625 0
v -0.6234375 -0.5578125 0
v -0.64115625 -0.5578125 0
v -0.640834558824 -0.541620710784 0
v -0.62409375 -0.549609375 0
v -0.62475 -0.54140625 0
v -0.62409375 -0.533203125 0
v -0.6234375 -0.525 0
v -0.63984375 -0.525 0
v -0.640834558824 -0.508379289216 0
v -0.62409375 -0.516796875 0
v -0.62475 -0.50859375 0
v -0.62409375 -0.500390625 0
v -0.6234375 -0.4921875 0
v -0.64115625 -0.4921875 0
v -0.640834558824 -0.475995710784 0
v -0.62409375 -0.483984375 0
v -0.62475 -0.47578125 0
v -0.62409375 -0.467578125 0
v -0.6234375 -0.459375 0
v -0.63984375 -0.459375 0
v -0.640834558824 -0.442754289216 0
v -0.62409375 -0.451171875 0
v -0.62475 -0.44296875 0
v -0.62409375 -0.434765625 0
v -0.6234375 -0.4265625 0
v -0.64115625 -0.4265625 0
v -0.640508413462 -0.410366586538 0
v -0.6234375 -0.41015625 0
v -0.6234375 -0.39375 0
v -0.63984375 -0.39375 0
v -0.640508413462 -0.377133413462 0
v -0.6234375 -0.37734375 0
v -0.6234375 -0.3609375 0
v -0.64115625 -0.3609375 0
v -0.64028125 -0.34409375 0
v -0.6234375 -0.34321875 0
v -0.64028125 -0.18090625 0
v -0.6234375 -0.18178125 0
v -0.6234375 -0.1640625 0
v -0.64115625 -0.1640625 0
v -0.640508413462 -0.147866586538 0
v -0.6234375 -0.14765625 0
v -0.6234375 -0.13125 0
v -0.63984375 -0.13125 0
v -0.63984375 -0.115169642857 0
v -0.6234375 -0.11484375 0
v -0.6234375 -0.0984375 0
v -0.631640625 -0.09909375 0
v -0.63984375 -0.09975 0
v -0.648046875 -0.09909375 0
v -0.65625 -0.0328125 0
v -0.648046875 -0.03215625 0
v -0.639511067708 -0.0160735677083 0
v -0.65559375 -0.024609375 0
v -0.63984375 -0.0315 0
v -0.631640625 -0.03215625 0
v -0.6234375 -0.0328125 0
v -0.6234375 -0.01640625 0
v -0.6234375 0 0
v -0.63984375 0 0
v -0.65559375 -0.008203125 0
v -0.6549375 -0.01640625 0
v -0.63984375 0.01640625 0
v -0.6234375 0.01640625 0
v -0.6234375 0.0328125 0
v -0.63984375 0.0328125 0
v -0.639633413462 0.0498834134615 0
v -0.6234375 0.05053125 0
v -0.639633413462 0.212616586538 0
v -0.6234375 0.21196875 0
v -0.6234375 0.2296875 0
v -0.63984375 0.2296875 0
v -0.63984375 0.24609375 0
v -0.6234375 0.24609375 0
v -0.6234375 0.2625 0
v -0.63984375 0.2625 0
v -0.639511067708 0.278573567708 0
v -0.65559375 0.270703125 0
v -0.6234375 0.27890625 0
v -0.6234375 0.2953125 0
v -0.631640625 0.29465625 0
v -0.63984375 0.294 0
v -0.648046875 0.29465625 0
v -0.65625 0.2953125 0
v -0.65559375 0.287109375 0
v -0.6549375 0.27890625 0
v -0.648046875 0.39440625 0
v -0.640176432292 0.410488932292 0
v -0.63984375 0.3950625 0
v -0.631640625 0.39440625 0
v -0.6234375 0.39375 0
v -0.62409375 0.401953125 0
v -0.62475 0.41015625 0
v -0.62409375 0.418359375 0
v -0.6234375 0.4265625 0
v -0.63984375 0.4265625 0
v -0.63984375 0.44296875 0
v -0.6234375 0.44296875 0
v -0.6234375 0.459375 0
v -0.63984375 0.459375 0
v -0.640508413462 0.475991586538 0
v -0.6234375 0.47578125 0
v -0.6234375 0.4921875 0
v -0.64115625 0.4921875 0
v -0.64028125 0.50903125 0
v -0.6234375 0.50990625 0
v -0.607241586538 -0.771758413462 0
v -0.590625 -0.77109375 0
v -0.590625 -0.7546875 0
v -0.60703125 -0.7546875 0
v -0.60703125 -0.73828125 0
v -0.590625 -0.73828125 0
v -0.590625 -0.721875 0
v -0.60703125 -0.721875 0
v -0.607363932292 -0.705801432292 0
v -0.59128125 -0.713671875 0
v -0.5919375 -0.70546875 0
v -0.59128125 -0.697265625 0
v -0.590625 -0.6890625 0
v -0.598828125 -0.68971875 0
v -0.60703125 -0.690375 0
v -0.615234375 -0.68971875 0
v -0.615234375 -0.42590625 0
v -0.607363932292 -0.409823567708 0
v -0.60703125 -0.42525 0
v -0.598828125 -0.42590625 0
v -0.590625 -0.4265625 0
v -0.59128125 -0.418359375 0
v -0.5919375 -0.41015625 0
v -0.59128125 -0.401953125 0
v -0.590625 -0.39375 0
v -0.60703125 -0.39375 0
v -0.607357142857 -0.37734375 0
v -0.59128125 -0.385546875 0
v -0.5919375 -0.37734375 0
v -0.59128125 -0.369140625 0
v -0.590625 -0.3609375 0
v -0.60703125 -0.3609375 0
v -0.607241586538 -0.343866586538 0
v -0.590625 -0.34453125 0
v -0.607241586538 -0.181133413462 0
v -0.590625 -0.18046875 0
v -0.590625 -0.1640625 0
v -0.60703125 -0.1640625 0
v -0.60703125 -0.14765625 0
v -0.590625 -0.14765625 0
v -0.590625 -0.13125 0
v -0.60703125 -0.13125 0
v -0.607363932292 -0.115176432292 0
v -0.59128125 -0.123046875 0
v -0.5919375 -0.11484375 0
v -0.59128125 -0.106640625 0
v -0.590625 -0.0984375 0
v -0.598828125 -0.09909375 0
v -0.60703125 -0.09975 0
v -0.615234375 -0.09909375 0
v -0.615234375 -0.03215625 0
v -0.60703125 -0.0160803571429 0
v -0.60703125 -0.0315 0
v -0.598828125 -0.03215625 0
v -0.590625 -0.0328125 0
v -0.590625 -0.01640625 0
v -0.60703125 0 0
v -0.606366586538 0.0166165865385 0
v -0.60571875 0.0328125 0
v -0.60659375 0.04965625 0
v -0.60659375 0.21284375 0
v -0.60571875 0.2296875 0
v -0.606366586538 0.245883413462 0
v -0.60703125 0.2625 0
v -0.60703125 0.27890625 0
v -0.590625 0.27890625 0
v -0.590625 0.2953125 0
v -0.60703125 0.2953125 0
v -0.606698567708 0.311386067708 0
v -0.62278125 0.303515625 0
v -0.590625 0.31171875 0
v -0.590625 0.328125 0
v -0.598828125 0.32746875 0
v -0.60703125 0.3268125 0
v -0.615234375 0.32746875 0
v -0.6234375 0.328125 0
v -0.62278125 0.319921875 0
v -0.622125 0.31171875 0
v -0.615234375 0.42721875 0
v -0.607363932292 0.443301432292 0
v -0.60703125 0.427875 0
v -0.598828125 0.42721875 0
v -0.590625 0.4265625 0
v -0.59128125 0.434765625 0
v -0.5919375 0.44296875 0
v -0.59128125 0.451171875 0
v -0.590625 0.459375 0
v -0.60703125 0.459375 0
v -0.60703125 0.47578125 0
v -0.590625 0.47578125 0
v -0.590625 0.4921875 0
v -0.60703125 0.4921875 0
v -0.607241586538 0.509258413462 0
v -0.590625 0.50859375 0
v -0.574008413462 -0.771758413461 0
v -0.5578125 -0.77240625 0
v -0.5578125 -0.7546875 0
v -0.57421875 -0.7546875 0
v -0.57421875 -0.738607142857 0
v -0.5578125 -0.73828125 0
v -0.5578125 -0.721875 0
v -0.566015625 -0.72253125 0
v -0.57421875 -0.7231875 0
v -0.582421875 -0.72253125 0
v -0.590625 -0.5578125 0
v -0.582421875 -0.55715625 0
v -0.573878989362 -0.54140625 0
v -0.58996875 -0.549609375 0
v -0.57421875 -0.5565 0
v -0.566015625 -0.55715625 0
v -0.5578125 -0.5578125 0
v -0.5578125 -0.54140625 0
v -0.5578125 -0.525 0
v -0.566015625 -0.52565625 0
v -0.57421875 -0.5263125 0
v -0.582421875 -0.52565625 0
v -0.590625 -0.525 0
v -0.58996875 -0.533203125 0
v -0.5893125 -0.54140625 0
v -0.582421875 -0.36028125 0
v -0.574551432292 -0.344198567708 0
v -0.57421875 -0.359625 0
v -0.566015625 -0.36028125 0
v -0.5578125 -0.3609375 0
v -0.55846875 -0.352734375 0
v -0.559125 -0.34453125 0
v -0.55846875 -0.336328125 0
v -0.5578125 -0.328125 0
v -0.57421875 -0.328125 0
v -0.575209558824 -0.311504289216 0
v -0.55846875 -0.319921875 0
v -0.559125 -0.31171875 0
v -0.55846875 -0.303515625 0
v -0.5578125 -0.2953125 0
v -0.57553125 -0.2953125 0
v -0.574883413462 -0.279116586538 0
v -0.5578125 -0.27890625 0
v -0.5578125 -0.2625 0
v -0.57421875 -0.2625 0
v -0.574883413462 -0.245883413462 0
v -0.5578125 -0.24609375 0
v -0.5578125 -0.2296875 0
v -0.57553125 -0.2296875 0
v -0.574883413462 -0.213491586538 0
v -0.5578125 -0.21328125 0
v -0.5578125 -0.196875 0
v -0.57421875 -0.196875 0
v -0.57421875 -0.18046875 0
v -0.5578125 -0.18046875 0
v -0.5578125 -0.1640625 0
v -0.57421875 -0.1640625 0
v -0.57421875 -0.147982142857 0
v -0.5578125 -0.14765625 0
v -0.5578125 -0.13125 0
v -0.566015625 -0.13190625 0
v -0.57421875 -0.1325625 0
v -0.582421875 -0.13190625 0
v -0.590625 -0.065625 0
v -0.582421875 -0.06496875 0
v -0.573886067708 -0.0488860677083 0
v -0.58996875 -0.057421875 0
v -0.57421875 -0.0643125 0
v -0.566015625 -0.06496875 0
v -0.5578125 -0.065625 0
v -0.5578125 -0.04921875 0
v -0.5578125 -0.0328125 0
v -0.57421875 -0.0328125 0
v -0.58996875 -0.041015625 0
v -0.5893125 -0.04921875 0
v -0.574008413462 -0.0157415865385 0
v -0.5578125 -0.01509375 0
v -0.574008413462 0.278241586538 0
v -0.5578125 0.27759375 0
v -0.5578125 0.2953125 0
v -0.57421875 0.2953125 0
v -0.57421875 0.31171875 0
v -0.5578125 0.31171875 0
v -0.5578125 0.328125 0
v -0.57421875 0.328125 0
v -0.573886067708 0.344198567708 0
v -0.58996875 0.336328125 0
v -0.5578125 0.34453125 0
v -0.5578125 0.3609375 0
v -0.566015625 0.36028125 0
v -0.57421875 0.359625 0
v -0.582421875 0.36028125 0
v -0.590625 0.3609375 0
v -0.58996875 0.352734375 0
v -0.5893125 0.34453125 0
v -0.582421875 0.46003125 0
v -0.57421875 0.476107142857 0
v -0.57421875 0.4606875 0
v -0.566015625 0.46003125 0
v -0.5578125 0.459375 0
v -0.5578125 0.47578125 0
v -0.5578125 0.4921875 0
v -0.57421875 0.4921875 0
v -0.574008413462 0.509258413462 0
v -0.5578125 0.50990625 0
v -0.541616586538 -0.771758413462 0
v -0.525 -0.77109375 0
v -0.525 -0.7546875 0
v -0.54140625 -0.7546875 0
v -0.54140625 -0.738607142857 0
v -0.525 -0.73828125 0
v -0.525 -0.721875 0
v -0.533203125 -0.72253125 0
v -0.54140625 -0.7231875 0
v -0.549609375 -0.72253125 0
v -0.5578125 -0.6234375 0
v -0.549609375 -0.62278125 0
v -0.541073567708 -0.606698567708 0
v -0.55715625 -0.615234375 0
v -0.54140625 -0.622125 0
v -0.533203125 -0.62278125 0
v -0.525 -0.6234375 0
v -0.525 -0.60703125 0
v -0.54140625 -0.590625 0
v -0.5578125 -0.590625 0
v -0.55715625 -0.598828125 0
v -0.5565 -0.60703125 0
v -0.540415441176 -0.574004289216 0
v -0.55715625 -0.582421875 0
v -0.54009375 -0.5578125 0
v -0.55715625 -0.566015625 0
v -0.5565 -0.57421875 0
v -0.540741586538 -0.541616586538 0
v -0.54140625 -0.525 0
v -0.540415441176 -0.508379289216 0
v -0.55715625 -0.516796875 0
v -0.54009375 -0.4921875 0
v -0.5578125 -0.4921875 0
v -0.55715625 -0.500390625 0
v -0.5565 -0.50859375 0
v -0.540415441176 -0.475995710784 0
v -0.55715625 -0.483984375 0
v -0.54140625 -0.459375 0
v -0.5578125 -0.459375 0
v -0.55715625 -0.467578125 0
v -0.5565 -0.47578125 0
v -0.541073567708 -0.443301432292 0
v -0.55715625 -0.451171875 0
v -0.525 -0.44296875 0
v -0.525 -0.4265625 0
v -0.533203125 -0.42721875 0
v -0.54140625 -0.427875 0
v -0.549609375 -0.42721875 0
v -0.5578125 -0.4265625 0
v -0.55715625 -0.434765625 0
v -0.5565 -0.44296875 0
v -0.549609375 -0.29465625 0
v -0.541738932292 -0.278573567708 0
v -0.54140625 -0.294 0
v -0.533203125 -0.29465625 0
v -0.525 -0.2953125 0
v -0.52565625 -0.287109375 0
v -0.5263125 -0.27890625 0
v -0.52565625 -0.270703125 0
v -0.525 -0.2625 0
v -0.54140625 -0.2625 0
v -0.54140625 -0.24609375 0
v -0.525 -0.24609375 0
v -0.525 -0.2296875 0
v -0.54140625 -0.2296875 0
v -0.54140625 -0.21328125 0
v -0.525 -0.21328125 0
v -0.525 -0.196875 0
v -0.54140625 -0.196875 0
v -0.54140625 -0.18046875 0
v -0.525 -0.18046875 0
v -0.525 -0.1640625 0
v -0.54140625 -0.1640625 0
v -0.541738932292 -0.147988932292 0
v -0.52565625 -0.155859375 0
v -0.5263125 -0.14765625 0
v -0.52565625 -0.139453125 0
v -0.525 -0.13125 0
v -0.533203125 -0.13190625 0
v -0.54140625 -0.1325625 0
v -0.549609375 -0.13190625 0
v -0.549609375 -0.06496875 0
v -0.54140625 -0.0488928571429 0
v -0.54140625 -0.0643125 0
v -0.533203125 -0.06496875 0
v -0.525 -0.065625 0
v -0.525 -0.04921875 0
v -0.525 -0.0328125 0
v -0.54140625 -0.0328125 0
v -0.541616586538 -0.0157415865385 0
v -0.525 -0.01640625 0
v -0.54096875 0.27846875 0
v -0.54009375 0.2953125 0
v -0.540741586538 0.311508413462 0
v -0.54140625 0.328125 0
v -0.54140625 0.34453125 0
v -0.525 0.34453125 0
v -0.525 0.3609375 0
v -0.54140625 0.3609375 0
v -0.541073567708 0.377011067708 0
v -0.55715625 0.369140625 0
v -0.525 0.37734375 0
v -0.525 0.39375 0
v -0.533203125 0.39309375 0
v -0.54140625 0.3924375 0
v -0.549609375 0.39309375 0
v -0.5578125 0.39375 0
v -0.55715625 0.385546875 0
v -0.5565 0.37734375 0
v -0.549609375 0.46003125 0
v -0.54140625 0.476107142857 0
v -0.54140625 0.4606875 0
v -0.533203125 0.46003125 0
v -0.525 0.459375 0
v -0.525 0.47578125 0
v -0.525 0.4921875 0
v -0.54140625 0.4921875 0
v -0.541616586538 0.509258413462 0
v -0.525 0.50859375 0
v -0.508383413462 -0.771758413462 0
v -0.4921875 -0.77240625 0
v -0.4921875 -0.7546875 0
v -0.50859375 -0.7546875 0
v -0.50859375 -0.738607142857 0
v -0.4921875 -0.73828125 0
v -0.4921875 -0.721875 0
v -0.500390625 -0.72253125 0
v -0.50859375 -0.7231875 0
v -0.516796875 -0.72253125 0
v -0.525 -0.65625 0
v -0.516796875 -0.65559375 0
v -0.508261067708 -0.639511067708 0
v -0.52434375 -0.648046875 0
v -0.50859375 -0.6549375 0
v -0.500390625 -0.65559375 0
v -0.4921875 -0.65625 0
v -0.4921875 -0.63984375 0
v -0.4921875 -0.6234375 0
v -0.50859375 -0.6234375 0
v -0.52434375 -0.631640625 0
v -0.5236875 -0.63984375 0
v -0.508383413462 -0.606366586538 0
v -0.4921875 -0.60571875 0
v -0.508383413462 -0.443633413462 0
v -0.4921875 -0.44428125 0
v -0.4921875 -0.4265625 0
v -0.50859375 -0.4265625 0
v -0.508267857143 -0.41015625 0
v -0.52434375 -0.418359375 0
v -0.4921875 -0.41015625 0
v -0.4921875 -0.39375 0
v -0.50859375 -0.39375 0
v -0.525 -0.39375 0
v -0.52434375 -0.401953125 0
v -0.5236875 -0.41015625 0
v -0.508261067708 -0.377676432292 0
v -0.52434375 -0.385546875 0
v -0.4921875 -0.37734375 0
v -0.4921875 -0.3609375 0
v -0.500390625 -0.36159375 0
v -0.50859375 -0.36225 0
v -0.516796875 -0.36159375 0
v -0.525 -0.3609375 0
v -0.52434375 -0.369140625 0
v -0.5236875 -0.37734375 0
v -0.516796875 -0.26184375 0
v -0.508926432292 -0.245761067708 0
v -0.50859375 -0.2611875 0
v -0.500390625 -0.26184375 0
v -0.4921875 -0.2625 0
v -0.49284375 -0.254296875 0
v -0.4935 -0.24609375 0
v -0.49284375 -0.237890625 0
v -0.4921875 -0.2296875 0
v -0.50859375 -0.2296875 0
v -0.508919642857 -0.21328125 0
v -0.49284375 -0.221484375 0
v -0.4935 -0.21328125 0
v -0.49284375 -0.205078125 0
v -0.4921875 -0.196875 0
v -0.50859375 -0.196875 0
v -0.50859375 -0.180794642857 0
v -0.4921875 -0.18046875 0
v -0.4921875 -0.1640625 0
v -0.500390625 -0.16471875 0
v -0.50859375 -0.165375 0
v -0.516796875 -0.16471875 0
v -0.525 -0.0984375 0
v -0.516796875 -0.09778125 0
v -0.508261067708 -0.0816985677083 0
v -0.52434375 -0.090234375 0
v -0.50859375 -0.097125 0
v -0.500390625 -0.09778125 0
v -0.4921875 -0.0984375 0
v -0.4921875 -0.08203125 0
v -0.4921875 -0.065625 0
v -0.50859375 -0.065625 0
v -0.52434375 -0.073828125 0
v -0.5236875 -0.08203125 0
v -0.50859375 -0.04921875 0
v -0.4921875 -0.04921875 0
v -0.4921875 -0.0328125 0
v -0.50859375 -0.0328125 0
v -0.508383413462 -0.0157415865385 0
v -0.4921875 -0.01509375 0
v -0.508383413462 0.343866586538 0
v -0.4921875 0.34321875 0
v -0.4921875 0.3609375 0
v -0.50859375 0.3609375 0
v -0.50859375 0.377017857143 0
v -0.4921875 0.37734375 0
v -0.4921875 0.39375 0
v -0.500390625 0.39309375 0
v -0.50859375 0.3924375 0
v -0.516796875 0.39309375 0
v -0.516796875 0.46003125 0
v -0.50859375 0.476107142857 0
v -0.50859375 0.4606875 0
v -0.500390625 0.46003125 0
v -0.4921875 0.459375 0
v -0.4921875 0.47578125 0
v -0.4921875 0.4921875 0
v -0.50859375 0.4921875 0
v -0.508383413462 0.509258413462 0
v -0.4921875 0.50990625 0
v -0.475991586538 -0.771758413462 0
v -0.459375 -0.77109375 0
v -0.459375 -0.7546875 0
v -0.47578125 -0.7546875 0
v -0.47578125 -0.738607142857 0
v -0.459375 -0.73828125 0
v -0.459375 -0.721875 0
v -0.467578125 -0.72253125 0
v -0.47578125 -0.7231875 0
v -0.483984375 -0.72253125 0
v -0.483984375 -0.65559375 0
v -0.47578125 -0.639517857143 0
v -0.47578125 -0.6549375 0
v -0.467578125 -0.65559375 0
v -0.459375 -0.65625 0
v -0.459375 -0.63984375 0
v -0.459375 -0.6234375 0
v -0.47578125 -0.6234375 0
v -0.475991586538 -0.606366586538 0
v -0.459375 -0.60703125 0
v -0.47534375 -0.44340625 0
v -0.47446875 -0.4265625 0
v -0.475116586538 -0.410366586538 0
v -0.47578125 -0.39375 0
v -0.47578125 -0.37734375 0
v -0.459375 -0.37734375 0
v -0.459375 -0.3609375 0
v -0.47578125 -0.3609375 0
v -0.475448567708 -0.344863932292 0
v -0.49153125 -0.352734375 0
v -0.459375 -0.34453125 0
v -0.459375 -0.328125 0
v -0.467578125 -0.32878125 0
v -0.47578125 -0.3294375 0
v -0.483984375 -0.32878125 0
v -0.4921875 -0.328125 0
v -0.49153125 -0.336328125 0
v -0.490875 -0.34453125 0
v -0.483984375 -0.19621875 0
v -0.476121010638 -0.18046875 0
v -0.47578125 -0.1955625 0
v -0.467578125 -0.19621875 0
v -0.459375 -0.196875 0
v -0.46003125 -0.188671875 0
v -0.4606875 -0.18046875 0
v -0.46003125 -0.172265625 0
v -0.459375 -0.1640625 0
v -0.467578125 -0.16471875 0
v -0.47578125 -0.165375 0
v -0.483984375 -0.16471875 0
v -0.483984375 -0.09778125 0
v -0.47578125 -0.0817053571429 0
v -0.47578125 -0.097125 0
v -0.467578125 -0.09778125 0
v -0.459375 -0.0984375 0
v -0.459375 -0.08203125 0
v -0.47578125 -0.065625 0
v -0.475116586538 -0.0490084134615 0
v -0.47446875 -0.0328125 0
v -0.47534375 -0.01596875 0
v -0.475991586538 0.343866586538 0
v -0.459375 0.34453125 0
v -0.459375 0.3609375 0
v -0.47578125 0.3609375 0
v -0.47578125 0.377017857143 0
v -0.459375 0.37734375 0
v -0.459375 0.39375 0
v -0.467578125 0.39309375 0
v -0.47578125 0.3924375 0
v -0.483984375 0.39309375 0
v -0.483984375 0.46003125 0
v -0.47578125 0.476107142857 0
v -0.47578125 0.4606875 0
v -0.467578125 0.46003125 0
v -0.459375 0.459375 0
v -0.459375 0.47578125 0
v -0.459375 0.4921875 0
v -0.47578125 0.4921875 0
v -0.475991586538 0.509258413462 0
v -0.459375 0.50859375 0
v -0.442758413462 -0.771758413462 0
v -0.4265625 -0.77240625 0
v -0.4265625 -0.7546875 0
v -0.44296875 -0.7546875 0
v -0.44296875 -0.738607142857 0
v -0.4265625 -0.73828125 0
v -0.4265625 -0.721875 0
v -0.434765625 -0.72253125 0
v -0.44296875 -0.7231875 0
v -0.451171875 -0.72253125 0
v -0.451171875 -0.65559375 0
v -0.44296875 -0.639517857143 0
v -0.44296875 -0.6549375 0
v -0.434765625 -0.65559375 0
v -0.4265625 -0.65625 0
v -0.4265625 -0.63984375 0
v -0.4265625 -0.6234375 0
v -0.44296875 -0.6234375 0
v -0.442758413462 -0.606366586538 0
v -0.4265625 -0.60571875 0
v -0.442758413462 -0.378008413462 0
v -0.4265625 -0.37865625 0
v -0.4265625 -0.3609375 0
v -0.44296875 -0.3609375 0
v -0.44296875 -0.34453125 0
v -0.4265625 -0.34453125 0
v -0.4265625 -0.328125 0
v -0.44296875 -0.328125 0
v -0.442642857143 -0.31171875 0
v -0.45871875 -0.319921875 0
v -0.4265625 -0.31171875 0
v -0.4265625 -0.2953125 0
v -0.44296875 -0.2953125 0
v -0.459375 -0.2953125 0
v -0.45871875 -0.303515625 0
v -0.4580625 -0.31171875 0
v -0.442636067708 -0.279238932292 0
v -0.45871875 -0.287109375 0
v -0.4265625 -0.27890625 0
v -0.4265625 -0.2625 0
v -0.434765625 -0.26315625 0
v -0.44296875 -0.2638125 0
v -0.451171875 -0.26315625 0
v -0.459375 -0.2625 0
v -0.45871875 -0.270703125 0
v -0.4580625 -0.27890625 0
v -0.451171875 -0.09778125 0
v -0.442754289216 -0.0810404411765 0
v -0.44296875 -0.097125 0
v -0.434765625 -0.09778125 0
v -0.4265625 -0.0984375 0
v -0.4265625 -0.08071875 0
v -0.442758413462 0.343866586538 0
v -0.4265625 0.34321875 0
v -0.4265625 0.3609375 0
v -0.44296875 0.3609375 0
v -0.44296875 0.37734375 0
v -0.4265625 0.37734375 0
v -0.4265625 0.39375 0
v -0.44296875 0.39375 0
v -0.442636067708 0.409823567708 0
v -0.45871875 0.401953125 0
v -0.4265625 0.41015625 0
v -0.4265625 0.4265625 0
v -0.434765625 0.42590625 0
v -0.44296875 0.42525 0
v -0.451171875 0.42590625 0
v -0.459375 0.4265625 0
v -0.45871875 0.418359375 0
v -0.4580625 0.41015625 0
v -0.451171875 0.46003125 0
v -0.44296875 0.476107142857 0
v -0.44296875 0.4606875 0
v -0.434765625 0.46003125 0
v -0.4265625 0.459375 0
v -0.4265625 0.47578125 0
v -0.4265625 0.4921875 0
v -0.44296875 0.4921875 0
v -0.442758413462 0.509258413462 0
v -0.4265625 0.50990625 0
v -0.410366586538 -0.771758413462 0
v -0.39375 -0.77109375 0
v -0.39375 -0.7546875 0
v -0.41015625 -0.7546875 0
v -0.41015625 -0.738607142857 0
v -0.39375 -0.73828125 0
v -0.39375 -0.721875 0
v -0.401953125 -0.72253125 0
v -0.41015625 -0.7231875 0
v -0.418359375 -0.72253125 0
v -0.418359375 -0.65559375 0
v -0.41015625 -0.639517857143 0
v -0.41015625 -0.6549375 0
v -0.401953125 -0.65559375 0
v -0.39375 -0.65625 0
v -0.39375 -0.63984375 0
v -0.39375 -0.6234375 0
v -0.41015625 -0.6234375 0
v -0.410366586538 -0.606366586538 0
v -0.39375 -0.60703125 0
v -0.40971875 -0.37778125 0
v -0.40884375 -0.3609375 0
v -0.409491586538 -0.344741586538 0
v -0.41015625 -0.328125 0
v -0.409491586538 -0.311508413462 0
v -0.40884375 -0.2953125 0
v -0.409491586538 -0.279116586538 0
v -0.41015625 -0.2625 0
v -0.409830357143 -0.24609375 0
v -0.42590625 -0.254296875 0
v -0.39375 -0.24609375 0
v -0.39375 -0.2296875 0
v -0.41015625 -0.2296875 0
v -0.4265625 -0.2296875 0
v -0.42590625 -0.237890625 0
v -0.42525 -0.24609375 0
v -0.409823567708 -0.213613932292 0
v -0.42590625 -0.221484375 0
v -0.39375 -0.21328125 0
v -0.39375 -0.196875 0
v -0.401953125 -0.19753125 0
v -0.41015625 -0.1981875 0
v -0.418359375 -0.19753125 0
v -0.4265625 -0.196875 0
v -0.42590625 -0.205078125 0
v -0.42525 -0.21328125 0
v -0.4265625 -0.13125 0
v -0.418359375 -0.13059375 0
v -0.409823567708 -0.114511067708 0
v -0.42590625 -0.123046875 0
v -0.41015625 -0.1299375 0
v -0.401953125 -0.13059375 0
v -0.39375 -0.13125 0
v -0.39375 -0.11484375 0
v -0.39375 -0.0984375 0
v -0.41015625 -0.0984375 0
v -0.42590625 -0.106640625 0
v -0.42525 -0.11484375 0
v -0.410366586538 -0.0813665865385 0
v -0.39375 -0.08203125 0
v -0.410366586538 0.343866586538 0
v -0.39375 0.34453125 0
v -0.39375 0.3609375 0
v -0.41015625 0.3609375 0
v -0.41015625 0.37734375 0
v -0.39375 0.37734375 0
v -0.39375 0.39375 0
v -0.41015625 0.39375 0
v -0.41015625 0.409830357143 0
v -0.39375 0.41015625 0
v -0.39375 0.4265625 0
v -0.401953125 0.42590625 0
v -0.41015625 0.42525 0
v -0.418359375 0.42590625 0
v -0.418359375 0.46003125 0
v -0.41015625 0.476107142857 0
v -0.41015625 0.4606875 0
v -0.401953125 0.46003125 0
v -0.39375 0.459375 0
v -0.39375 0.47578125 0
v -0.39375 0.4921875 0
v -0.41015625 0.4921875 0
v -0.410366586538 0.509258413462 0
v -0.39375 0.50859375 0
v -0.377133413461 -0.771758413461 0
v -0.3609375 -0.77240625 0
v -0.3609375 -0.7546875 0
v -0.37734375 -0.7546875 0
v -0.37734375 -0.738607142857 0
v -0.3609375 -0.73828125 0
v -0.3609375 -0.721875 0
v -0.369140625 -0.72253125 0
v -0.37734375 -0.7231875 0
v -0.385546875 -0.72253125 0
v -0.385546875 -0.65559375 0
v -0.377676432292 -0.639511067708 0
v -0.37734375 -0.6549375 0
v -0.369140625 -0.65559375 0
v -0.3609375 -0.65625 0
v -0.36159375 -0.648046875 0
v -0.36225 -0.63984375 0
v -0.36159375 -0.631640625 0
v -0.3609375 -0.6234375 0
v -0.37734375 -0.6234375 0
v -0.377133413462 -0.606366586538 0
v -0.3609375 -0.60571875 0
v -0.377133413462 -0.246758413462 0
v -0.3609375 -0.24740625 0
v -0.3609375 -0.2296875 0
v -0.37734375 -0.2296875 0
v -0.37734375 -0.21328125 0
v -0.3609375 -0.21328125 0
v -0.3609375 -0.196875 0
v -0.37734375 -0.196875 0
v -0.377017857143 -0.18046875 0
v -0.39309375 -0.188671875 0
v -0.3609375 -0.18046875 0
v -0.3609375 -0.1640625 0
v -0.37734375 -0.1640625 0
v -0.39375 -0.1640625 0
v -0.39309375 -0.172265625 0
v -0.3924375 -0.18046875 0
v -0.377017857143 -0.14765625 0
v -0.39309375 -0.155859375 0
v -0.3609375 -0.14765625 0
v -0.3609375 -0.13125 0
v -0.37734375 -0.13125 0
v -0.39309375 -0.139453125 0
v -0.3924375 -0.14765625 0
v -0.37734375 -0.11484375 0
v -0.3609375 -0.11484375 0
v -0.3609375 -0.0984375 0
v -0.37734375 -0.0984375 0
v -0.377133413462 -0.0813665865385 0
v -0.3609375 -0.08071875 0
v -0.377133413462 0.343866586538 0
v -0.3609375 0.34321875 0
v -0.3609375 0.3609375 0
v -0.37734375 0.3609375 0
v -0.37734375 0.37734375 0
v -0.3609375 0.37734375 0
v -0.3609375 0.39375 0
v -0.37734375 0.39375 0
v -0.377676432292 0.409823567708 0
v -0.36159375 0.401953125 0
v -0.36225 0.41015625 0
v -0.36159375 0.418359375 0
v -0.3609375 0.4265625 0
v -0.369140625 0.42590625 0
v -0.37734375 0.42525 0
v -0.385546875 0.42590625 0
v -0.385546875 0.46003125 0
v -0.37734375 0.476107142857 0
v -0.37734375 0.4606875 0
v -0.369140625 0.46003125 0
v -0.3609375 0.459375 0
v -0.3609375 0.47578125 0
v -0.3609375 0.4921875 0
v -0.37734375 0.4921875 0
v -0.377133413462 0.509258413462 0
v -0.3609375 0.50990625 0
v -0.34409375 -0.77153125 0
v -0.34321875 -0.7546875 0
v -0.343866586538 -0.738491586538 0
v -0.34453125 -0.721875 0
v -0.344198567708 -0.705801432292 0
v -0.36028125 -0.713671875 0
v -0.328125 -0.70546875 0
v -0.328125 -0.6890625 0
v -0.336328125 -0.68971875 0
v -0.34453125 -0.690375 0
v -0.352734375 -0.68971875 0
v -0.3609375 -0.6890625 0
v -0.36028125 -0.697265625 0
v -0.359625 -0.70546875 0
v -0.352734375 -0.62278125 0
v -0.344745710784 -0.606040441176 0
v -0.34453125 -0.622125 0
v -0.336328125 -0.62278125 0
v -0.328125 -0.6234375 0
v -0.328125 -0.60703125 0
v -0.34409375 -0.24653125 0
v -0.34321875 -0.2296875 0
v -0.343866586538 -0.213491586538 0
v -0.34453125 -0.196875 0
v -0.343866586538 -0.180258413462 0
v -0.34321875 -0.1640625 0
v -0.343866586538 -0.147866586538 0
v -0.34453125 -0.13125 0
v -0.343866586538 -0.114633413462 0
v -0.34321875 -0.0984375 0
v -0.34409375 -0.08159375 0
v -0.344741586538 0.343866586538 0
v -0.328125 0.34453125 0
v -0.328125 0.3609375 0
v -0.34453125 0.3609375 0
v -0.34453125 0.377017857143 0
v -0.328125 0.37734375 0
v -0.328125 0.39375 0
v -0.336328125 0.39309375 0
v -0.34453125 0.3924375 0
v -0.352734375 0.39309375 0
v -0.352734375 0.46003125 0
v -0.34453125 0.476107142857 0
v -0.34453125 0.4606875 0
v -0.336328125 0.46003125 0
v -0.328125 0.459375 0
v -0.328125 0.47578125 0
v -0.328125 0.4921875 0
v -0.34453125 0.4921875 0
v -0.344741586538 0.509258413462 0
v -0.328125 0.50859375 0
v -0.311504289216 -0.706459558824 0
v -0.2953125 -0.70678125 0
v -0.2953125 -0.6890625 0
v -0.303515625 -0.68971875 0
v -0.31171875 -0.690375 0
v -0.319921875 -0.68971875 0
v -0.319921875 -0.62278125 0
v -0.312051432292 -0.606698567708 0
v -0.31171875 -0.622125 0
v -0.303515625 -0.62278125 0
v -0.2953125 -0.6234375 0
v -0.29596875 -0.615234375 0
v -0.296625 -0.60703125 0
v -0.29596875 -0.598828125 0
v -0.2953125 -0.590625 0
v -0.31171875 -0.590625 0
v -0.312383413462 -0.574008413462 0
v -0.2953125 -0.57421875 0
v -0.2953125 -0.5578125 0
v -0.31303125 -0.5578125 0
v -0.31215625 -0.54096875 0
v -0.2953125 -0.54009375 0
v -0.311508413462 0.343866586538 0
v -0.2953125 0.34321875 0
v -0.2953125 0.3609375 0
v -0.31171875 0.3609375 0
v -0.31171875 0.377017857143 0
v -0.2953125 0.37734375 0
v -0.2953125 0.39375 0
v -0.303515625 0.39309375 0
v -0.31171875 0.3924375 0
v -0.319921875 0.39309375 0
v -0.319921875 0.46003125 0
v -0.312051432292 0.476113932292 0
v -0.31171875 0.4606875 0
v -0.303515625 0.46003125 0
v -0.2953125 0.459375 0
v -0.29596875 0.467578125 0
v -0.296625 0.47578125 0
v -0.29596875 0.483984375 0
v -0.2953125 0.4921875 0
v -0.31171875 0.4921875 0
v -0.31171875 0.50859375 0
v -0.2953125 0.50859375 0
v -0.2953125 0.525 0
v -0.31171875 0.525 0
v -0.312383413462 0.541616586538 0
v -0.2953125 0.54140625 0
v -0.2953125 0.5578125 0
v -0.31303125 0.5578125 0
v -0.31215625 0.57465625 0
v -0.2953125 0.57553125 0
v -0.279120710784 -0.706459558824 0
v -0.2625 -0.70546875 0
v -0.2625 -0.6890625 0
v -0.270703125 -0.68971875 0
v -0.27890625 -0.690375 0
v -0.287109375 -0.68971875 0
v -0.287109375 -0.58996875 0
v -0.27890625 -0.573892857143 0
v -0.27890625 -0.5893125 0
v -0.270703125 -0.58996875 0
v -0.2625 -0.590625 0
v -0.2625 -0.57421875 0
v -0.2625 -0.5578125 0
v -0.27890625 -0.5578125 0
v -0.279116586538 -0.540741586538 0
v -0.2625 -0.54140625 0
v -0.279116586538 0.343866586538 0
v -0.2625 0.34453125 0
v -0.2625 0.3609375 0
v -0.27890625 0.3609375 0
v -0.27890625 0.377017857143 0
v -0.2625 0.37734375 0
v -0.2625 0.39375 0
v -0.270703125 0.39309375 0
v -0.27890625 0.3924375 0
v -0.287109375 0.39309375 0
v -0.287109375 0.49284375 0
v -0.279238932292 0.508926432292 0
v -0.27890625 0.4935 0
v -0.270703125 0.49284375 0
v -0.2625 0.4921875 0
v -0.26315625 0.500390625 0
v -0.2638125 0.50859375 0
v -0.26315625 0.516796875 0
v -0.2625 0.525 0
v -0.27890625 0.525 0
v -0.27890625 0.54140625 0
v -0.2625 0.54140625 0
v -0.2625 0.5578125 0
v -0.27890625 0.5578125 0
v -0.279116586538 0.574883413462 0
v -0.2625 0.57421875 0
v -0.245883413462 -0.706133413462 0
v -0.2296875 -0.70678125 0
v -0.2296875 -0.6890625 0
v -0.24609375 -0.6890625 0
v -0.245761067708 -0.672988932292 0
v -0.26184375 -0.680859375 0
v -0.2296875 -0.67265625 0
v -0.2296875 -0.65625 0
v -0.237890625 -0.65690625 0
v -0.24609375 -0.6575625 0
v -0.254296875 -0.65690625 0
v -0.2625 -0.65625 0
v -0.26184375 -0.664453125 0
v -0.2611875 -0.67265625 0
v -0.254296875 -0.58996875 0
v -0.246426432292 -0.573886067708 0
v -0.24609375 -0.5893125 0
v -0.237890625 -0.58996875 0
v -0.2296875 -0.590625 0
v -0.23034375 -0.582421875 0
v -0.231 -0.57421875 0
v -0.23034375 -0.566015625 0
v -0.2296875 -0.5578125 0
v -0.24609375 -0.5578125 0
v -0.245883413462 -0.540741586538 0
v -0.2296875 -0.54009375 0
v -0.245883413462 0.343866586538 0
v -0.2296875 0.34321875 0
v -0.2296875 0.3609375 0
v -0.24609375 0.3609375 0
v -0.24609375 0.377017857143 0
v -0.2296875 0.37734375 0
v -0.2296875 0.39375 0
v -0.237890625 0.39309375 0
v -0.24609375 0.3924375 0
v -0.254296875 0.39309375 0
v -0.254296875 0.52565625 0
v -0.246426432292 0.541738932292 0
v -0.24609375 0.5263125 0
v -0.237890625 0.52565625 0
v -0.2296875 0.525 0
v -0.23034375 0.533203125 0
v -0.231 0.54140625 0
v -0.23034375 0.549609375 0
v -0.2296875 0.5578125 0
v -0.24609375 0.5578125 0
v -0.246419642857 0.57421875 0
v -0.23034375 0.566015625 0
v -0.231 0.57421875 0
v -0.23034375 0.582421875 0
v -0.2296875 0.590625 0
v -0.24609375 0.590625 0
v -0.247084558824 0.607245710784 0
v -0.23034375 0.598828125 0
v -0.231 0.60703125 0
v -0.23034375 0.615234375 0
v -0.2296875 0.6234375 0
v -0.24740625 0.6234375 0
v -0.247084558824 0.639629289216 0
v -0.23034375 0.631640625 0
v -0.231 0.63984375 0
v -0.23034375 0.648046875 0
v -0.2296875 0.65625 0
v -0.24609375 0.65625 0
v -0.246758413462 0.672866586538 0
v -0.2296875 0.67265625 0
v -0.2296875 0.6890625 0
v -0.24740625 0.6890625 0
v -0.246758413462 0.705258413462 0
v -0.2296875 0.70546875 0
v -0.2296875 0.721875 0
v -0.24609375 0.721875 0
v -0.246758413462 0.738491586538 0
v -0.2296875 0.73828125 0
v -0.2296875 0.7546875 0
v -0.24740625 0.7546875 0
v -0.24653125 0.77153125 0
v -0.2296875 0.77240625 0
v -0.213491586538 -0.706133413462 0
v -0.196875 -0.70546875 0
v -0.196875 -0.6890625 0
v -0.21328125 -0.6890625 0
v -0.21328125 -0.672982142857 0
v -0.196875 -0.67265625 0
v -0.196875 -0.65625 0
v -0.205078125 -0.65690625 0
v -0.21328125 -0.6575625 0
v -0.221484375 -0.65690625 0
v -0.221484375 -0.55715625 0
v -0.213495710784 -0.540415441176 0
v -0.21328125 -0.5565 0
v -0.205078125 -0.55715625 0
v -0.196875 -0.5578125 0
v -0.196875 -0.54140625 0
v -0.21284375 0.34409375 0
v -0.21196875 0.3609375 0
v -0.212616586538 0.377133413462 0
v -0.21328125 0.39375 0
v -0.212948567708 0.409823567708 0
v -0.22903125 0.401953125 0
v -0.196875 0.41015625 0
v -0.196875 0.4265625 0
v -0.205078125 0.42590625 0
v -0.21328125 0.42525 0
v -0.221484375 0.42590625 0
v -0.2296875 0.4265625 0
v -0.22903125 0.418359375 0
v -0.228375 0.41015625 0
v -0.221484375 0.65690625 0
v -0.213613932292 0.672988932292 0
v -0.21328125 0.6575625 0
v -0.205078125 0.65690625 0
v -0.196875 0.65625 0
v -0.19753125 0.664453125 0
v -0.1981875 0.67265625 0
v -0.19753125 0.680859375 0
v -0.196875 0.6890625 0
v -0.21328125 0.6890625 0
v -0.213607142857 0.70546875 0
v -0.19753125 0.697265625 0
v -0.1981875 0.70546875 0
v -0.19753125 0.713671875 0
v -0.196875 0.721875 0
v -0.21328125 0.721875 0
v -0.213607142857 0.73828125 0
v -0.19753125 0.730078125 0
v -0.1981875 0.73828125 0
v -0.19753125 0.746484375 0
v -0.196875 0.7546875 0
v -0.21328125 0.7546875 0
v -0.213491586538 0.771758413462 0
v -0.196875 0.77109375 0
v -0.180258413462 -0.706133413462 0
v -0.1640625 -0.70678125 0
v -0.1640625 -0.6890625 0
v -0.18046875 -0.6890625 0
v -0.18046875 -0.67265625 0
v -0.1640625 -0.67265625 0
v -0.1640625 -0.65625 0
v -0.18046875 -0.65625 0
v -0.180136067708 -0.640176432292 0
v -0.19621875 -0.648046875 0
v -0.1640625 -0.63984375 0
v -0.1640625 -0.6234375 0
v -0.172265625 -0.62409375 0
v -0.18046875 -0.62475 0
v -0.188671875 -0.62409375 0
v -0.196875 -0.6234375 0
v -0.19621875 -0.631640625 0
v -0.1955625 -0.63984375 0
v -0.188671875 -0.55715625 0
v -0.180254289216 -0.540415441176 0
v -0.18046875 -0.5565 0
v -0.172265625 -0.55715625 0
v -0.1640625 -0.5578125 0
v -0.1640625 -0.54009375 0
v -0.180258413462 0.409491586538 0
v -0.1640625 0.40884375 0
v -0.1640625 0.4265625 0
v -0.18046875 0.4265625 0
v -0.180142857143 0.44296875 0
v -0.19621875 0.434765625 0
v -0.1640625 0.44296875 0
v -0.1640625 0.459375 0
v -0.18046875 0.459375 0
v -0.196875 0.459375 0
v -0.19621875 0.451171875 0
v -0.1955625 0.44296875 0
v -0.180142857143 0.47578125 0
v -0.19621875 0.467578125 0
v -0.1640625 0.47578125 0
v -0.1640625 0.4921875 0
v -0.18046875 0.4921875 0
v -0.196875 0.4921875 0
v -0.19621875 0.483984375 0
v -0.1955625 0.47578125 0
v -0.180136067708 0.508261067708 0
v -0.19621875 0.500390625 0
v -0.1640625 0.50859375 0
v -0.1640625 0.525 0
v -0.172265625 0.52434375 0
v -0.18046875 0.5236875 0
v -0.188671875 0.52434375 0
v -0.196875 0.525 0
v -0.19621875 0.516796875 0
v -0.1955625 0.50859375 0
v -0.188671875 0.75534375 0
v -0.180801432292 0.771426432292 0
v -0.18046875 0.756 0
v -0.172265625 0.75534375 0
v -0.1640625 0.7546875 0
v -0.16471875 0.762890625 0
v -0.165375 0.77109375 0
v -0.16471875 0.779296875 0
v -0.1640625 0.7875 0
v -0.18046875 0.7875 0
v -0.181459558824 0.804120710784 0
v -0.16471875 0.795703125 0
v -0.165375 0.80390625 0
v -0.16471875 0.812109375 0
v -0.1640625 0.8203125 0
v -0.18178125 0.8203125 0
v -0.181133413462 0.836508413462 0
v -0.1640625 0.83671875 0
v -0.1640625 0.853125 0
v -0.18046875 0.853125 0
v -0.181133413462 0.869741586538 0
v -0.1640625 0.86953125 0
v -0.1640625 0.8859375 0
v -0.18178125 0.8859375 0
v -0.18090625 0.90278125 0
v -0.1640625 0.90365625 0
v -0.14721875 -0.70590625 0
v -0.14634375 -0.6890625 0
v -0.146991586538 -0.672866586538 0
v -0.14765625 -0.65625 0
v -0.14765625 -0.640169642857 0
v -0.13125 -0.63984375 0
v -0.13125 -0.6234375 0
v -0.139453125 -0.62409375 0
v -0.14765625 -0.62475 0
v -0.155859375 -0.62409375 0
v -0.155859375 -0.55715625 0
v -0.147870710784 -0.540415441176 0
v -0.14765625 -0.5565 0
v -0.139453125 -0.55715625 0
v -0.13125 -0.5578125 0
v -0.13125 -0.54140625 0
v -0.14721875 0.40971875 0
v -0.14634375 0.4265625 0
v -0.146991586538 0.442758413462 0
v -0.14765625 0.459375 0
v -0.146991586538 0.475991586538 0
v -0.14634375 0.4921875 0
v -0.146991586538 0.508383413462 0
v -0.14765625 0.525 0
v -0.146665441176 0.541620710784 0
v -0.16340625 0.533203125 0
v -0.14634375 0.5578125 0
v -0.1640625 0.5578125 0
v -0.16340625 0.549609375 0
v -0.16275 0.54140625 0
v -0.146665441176 0.574004289216 0
v -0.16340625 0.566015625 0
v -0.14765625 0.590625 0
v -0.1640625 0.590625 0
v -0.16340625 0.582421875 0
v -0.16275 0.57421875 0
v -0.147330357143 0.60703125 0
v -0.16340625 0.598828125 0
v -0.13125 0.60703125 0
v -0.13125 0.6234375 0
v -0.14765625 0.6234375 0
v -0.1640625 0.6234375 0
v -0.16340625 0.615234375 0
v -0.16275 0.60703125 0
v -0.147323567708 0.639511067708 0
v -0.16340625 0.631640625 0
v -0.13125 0.63984375 0
v -0.13125 0.65625 0
v -0.139453125 0.65559375 0
v -0.14765625 0.6549375 0
v -0.155859375 0.65559375 0
v -0.1640625 0.65625 0
v -0.16340625 0.648046875 0
v -0.16275 0.63984375 0
v -0.155859375 0.82096875 0
v -0.147988932292 0.837051432292 0
v -0.14765625 0.821625 0
v -0.139453125 0.82096875 0
v -0.13125 0.8203125 0
v -0.13190625 0.828515625 0
v -0.1325625 0.83671875 0
v -0.13190625 0.844921875 0
v -0.13125 0.853125 0
v -0.14765625 0.853125 0
v -0.147982142857 0.86953125 0
v -0.13190625 0.861328125 0
v -0.1325625 0.86953125 0
v -0.13190625 0.877734375 0
v -0.13125 0.8859375 0
v -0.14765625 0.8859375 0
v -0.147866586538 0.903008413462 0
v -0.13125 0.90234375 0
v -0.114629289216 -0.640834558824 0
v -0.0984375 -0.64115625 0
v -0.0984375 -0.6234375 0
v -0.106640625 -0.62409375 0
v -0.11484375 -0.62475 0
v -0.123046875 -0.62409375 0
v -0.123046875 -0.55715625 0
v -0.114629289216 -0.540415441176 0
v -0.11484375 -0.5565 0
v -0.106640625 -0.55715625 0
v -0.0984375 -0.5578125 0
v -0.0984375 -0.54009375 0
v -0.114633413462 0.606366586538 0
v -0.0984375 0.60571875 0
v -0.0984375 0.6234375 0
v -0.11484375 0.6234375 0
v -0.11484375 0.63984375 0
v -0.0984375 0.63984375 0
v -0.0984375 0.65625 0
v -0.11484375 0.65625 0
v -0.114517857143 0.67265625 0
v -0.13059375 0.664453125 0
v -0.0984375 0.67265625 0
v -0.0984375 0.6890625 0
v -0.11484375 0.6890625 0
v -0.13125 0.6890625 0
v -0.13059375 0.680859375 0
v -0.1299375 0.67265625 0
v -0.114517857143 0.70546875 0
v -0.13059375 0.697265625 0
v -0.0984375 0.70546875 0
v -0.0984375 0.721875 0
v -0.11484375 0.721875 0
v -0.13125 0.721875 0
v -0.13059375 0.713671875 0
v -0.1299375 0.70546875 0
v -0.114511067708 0.737948567708 0
v -0.13059375 0.730078125 0
v -0.0984375 0.73828125 0
v -0.0984375 0.7546875 0
v -0.106640625 0.75403125 0
v -0.11484375 0.753375 0
v -0.123046875 0.75403125 0
v -0.13125 0.7546875 0
v -0.13059375 0.746484375 0
v -0.1299375 0.73828125 0
v -0.123046875 0.88659375 0
v -0.115176432292 0.902676432292 0
v -0.11484375 0.88725 0
v -0.106640625 0.88659375 0
v -0.0984375 0.8859375 0
v -0.09909375 0.894140625 0
v -0.09975 0.90234375 0
v -0.09909375 0.910546875 0
v -0.0984375 0.91875 0
v -0.11484375 0.91875 0
v -0.115508413462 0.935366586538 0
v -0.0984375 0.93515625 0
v -0.0984375 0.9515625 0
v -0.11615625 0.9515625 0
v -0.11528125 0.96840625 0
v -0.0984375 0.96928125 0
v -0.0822457107843 -0.640834558824 0
v -0.065625 -0.63984375 0
v -0.065625 -0.6234375 0
v -0.073828125 -0.62409375 0
v -0.08203125 -0.62475 0
v -0.090234375 -0.62409375 0
v -0.090234375 -0.55715625 0
v -0.0822457107843 -0.540415441176 0
v -0.08203125 -0.5565 0
v -0.073828125 -0.55715625 0
v -0.065625 -0.5578125 0
v -0.065625 -0.54140625 0
v -0.08159375 0.60659375 0
v -0.08071875 0.6234375 0
v -0.0813665865385 0.639633413462 0
v -0.08203125 0.65625 0
v -0.0813665865385 0.672866586538 0
v -0.08071875 0.6890625 0
v -0.0813665865385 0.705258413462 0
v -0.08203125 0.721875 0
v -0.0813665865385 0.738491586538 0
v -0.08071875 0.7546875 0
v -0.0810404411765 0.770879289216 0
v -0.09778125 0.762890625 0
v -0.08203125 0.7875 0
v -0.0984375 0.7875 0
v -0.09778125 0.779296875 0
v -0.097125 0.77109375 0
v -0.0816985677083 0.803573567708 0
v -0.09778125 0.795703125 0
v -0.065625 0.80390625 0
v -0.065625 0.8203125 0
v -0.073828125 0.81965625 0
v -0.08203125 0.819 0
v -0.090234375 0.81965625 0
v -0.0984375 0.8203125 0
v -0.09778125 0.812109375 0
v -0.097125 0.80390625 0
v -0.090234375 0.91940625 0
v -0.08203125 0.935482142857 0
v -0.08203125 0.9200625 0
v -0.073828125 0.91940625 0
v -0.065625 0.91875 0
v -0.065625 0.93515625 0
v -0.065625 0.9515625 0
v -0.08203125 0.9515625 0
v -0.0822415865385 0.968633413462 0
v -0.065625 0.96796875 0
v -0.0490042892157 -0.640834558824 0
v -0.0328125 -0.64115625 0
v -0.0328125 -0.6234375 0
v -0.041015625 -0.62409375 0
v -0.04921875 -0.62475 0
v -0.057421875 -0.62409375 0
v -0.057421875 -0.55715625 0
v -0.0490042892157 -0.540415441176 0
v -0.04921875 -0.5565 0
v -0.041015625 -0.55715625 0
v -0.0328125 -0.5578125 0
v -0.0328125 -0.54009375 0
v -0.0490084134615 0.803241586538 0
v -0.0328125 0.80259375 0
v -0.0328125 0.8203125 0
v -0.04921875 0.8203125 0
v -0.0488860677083 0.836386067708 0
v -0.06496875 0.828515625 0
v -0.0328125 0.83671875 0
v -0.0328125 0.853125 0
v -0.041015625 0.85246875 0
v -0.04921875 0.8518125 0
v -0.057421875 0.85246875 0
v -0.065625 0.853125 0
v -0.06496875 0.844921875 0
v -0.0643125 0.83671875 0
v -0.057421875 0.91940625 0
v -0.04921875 0.935482142857 0
v -0.04921875 0.9200625 0
v -0.041015625 0.91940625 0
v -0.0328125 0.91875 0
v -0.0328125 0.93515625 0
v -0.0328125 0.9515625 0
v -0.04921875 0.9515625 0
v -0.0490084134615 0.968633413462 0
v -0.0328125 0.96928125 0
v -0.0166207107843 -0.640834558824 0
v 0 -0.63984375 0
v 0 -0.6234375 0
v -0.008203125 -0.62409375 0
v -0.01640625 -0.62475 0
v -0.024609375 -0.62409375 0
v -0.024609375 -0.55715625 0
v -0.0166207107843 -0.540415441176 0
v -0.01640625 -0.5565 0
v -0.008203125 -0.55715625 0
v 0 -0.5578125 0
v 0 -0.54140625 0
v -0.0166165865385 0.803241586538 0
v 0 0.80390625 0
v 0 0.8203125 0
v -0.01640625 0.8203125 0
v -0.01640625 0.836392857143 0
v 0 0.83671875 0
v 0 0.853125 0
v -0.008203125 0.85246875 0
v -0.01640625 0.8518125 0
v -0.024609375 0.85246875 0
v -0.024609375 0.91940625 0
v -0.01640625 0.935482142857 0
v -0.01640625 0.9200625 0
v -0.008203125 0.91940625 0
v 0 0.91875 0
v 0 0.93515625 0
v 0 0.9515625 0
v -0.01640625 0.9515625 0
v -0.0166165865385 0.968633413462 0
v 0 0.96796875 0
v 0.0166207107843 -0.640834558824 0
v 0.0328125 -0.64115625 0
v 0.0328125 -0.6234375 0
v 0.024609375 -0.62409375 0
v 0.01640625 -0.62475 0
v 0.008203125 -0.62409375 0
v 0.008203125 -0.55715625 0
v 0.0166207107843 -0.540415441176 0
v 0.01640625 -0.5565 0
v 0.024609375 -0.55715625 0
v 0.0328125 -0.5578125 0
v 0.0328125 -0.54009375 0
v 0.0166165865385 0.803241586538 0
v 0.0328125 0.80259375 0
v 0.0328125 0.8203125 0
v 0.01640625 0.8203125 0
v 0.01640625 0.836392857143 0
v 0.0328125 0.83671875 0
v 0.0328125 0.853125 0
v 0.024609375 0.85246875 0
v 0.01640625 0.8518125 0
v 0.008203125 0.85246875 0
v 0.008203125 0.91940625 0
v 0.01640625 0.935482142857 0
v 0.01640625 0.9200625 0
v 0.024609375 0.91940625 0
v 0.0328125 0.91875 0
v 0.0328125 0.93515625 0
v 0.0328125 0.9515625 0
v 0.01640625 0.9515625 0
v 0.0166165865385 0.968633413462 0
v 0.0328125 0.96928125 0
v 0.0490042892157 -0.640834558824 0
v 0.065625 -0.63984375 0
v 0.065625 -0.6234375 0
v 0.057421875 -0.62409375 0
v 0.04921875 -0.62475 0
v 0.041015625 -0.62409375 0
v 0.041015625 -0.55715625 0
v 0.0490042892157 -0.540415441176 0
v 0.04921875 -0.5565 0
v 0.057421875 -0.55715625 0
v 0.065625 -0.5578125 0
v 0.065625 -0.54140625 0
v 0.0490084134615 0.803241586538 0
v 0.065625 0.80390625 0
v 0.065625 0.8203125 0
v 0.04921875 0.8203125 0
v 0.0488860677083 0.836386067708 0
v 0.06496875 0.828515625 0
v 0.0643125 0.83671875 0
v 0.06496875 0.844921875 0
v 0.065625 0.853125 0
v 0.057421875 0.85246875 0
v 0.04921875 0.8518125 0
v 0.041015625 0.85246875 0
v 0.041015625 0.91940625 0
v 0.04921875 0.935482142857 0
v 0.04921875 0.9200625 0
v 0.057421875 0.91940625 0
v 0.065625 0.91875 0
v 0.065625 0.93515625 0
v 0.065625 0.9515625 0
v 0.04921875 0.9515625 0
v 0.0490084134615 0.968633413462 0
v 0.065625 0.96796875 0
v 0.0822457107843 -0.640834558824 0
v 0.0984375 -0.64115625 0
v 0.0984375 -0.6234375 0
v 0.090234375 -0.62409375 0
v 0.08203125 -0.62475 0
v 0.073828125 -0.62409375 0
v 0.073828125 -0.55715625 0
v 0.0822457107843 -0.540415441176 0
v 0.08203125 -0.5565 0
v 0.090234375 -0.55715625 0
v 0.0984375 -0.5578125 0
v 0.0984375 -0.54009375 0
v 0.08159375 0.60659375 0
v 0.0984375 0.60571875 0
v 0.0984375 0.6234375 0
v 0.08071875 0.6234375 0
v 0.0813665865385 0.639633413462 0
v 0.0984375 0.63984375 0
v 0.0984375 0.65625 0
v 0.08203125 0.65625 0
v 0.0813665865385 0.672866586538 0
v 0.0984375 0.67265625 0
v 0.0984375 0.6890625 0
v 0.08071875 0.6890625 0
v 0.0813665865385 0.705258413462 0
v 0.0984375 0.70546875 0
v 0.0984375 0.721875 0
v 0.08203125 0.721875 0
v 0.0813665865385 0.738491586538 0
v 0.0984375 0.73828125 0
v 0.0984375 0.7546875 0
v 0.08071875 0.7546875 0
v 0.0810404411765 0.770879289216 0
v 0.09778125 0.762890625 0
v 0.097125 0.77109375 0
v 0.09778125 0.779296875 0
v 0.0984375 0.7875 0
v 0.08203125 0.7875 0
v 0.0816985677083 0.803573567708 0
v 0.09778125 0.795703125 0
v 0.097125 0.80390625 0
v 0.09778125 0.812109375 0
v 0.0984375 0.8203125 0
v 0.090234375 0.81965625 0
v 0.08203125 0.819 0
v 0.073828125 0.81965625 0
v 0.073828125 0.91940625 0
v 0.08203125 0.935482142857 0
v 0.08203125 0.9200625 0
v 0.090234375 0.91940625 0
v 0.0984375 0.91875 0
v 0.0984375 0.93515625 0
v 0.0984375 0.9515625 0
v 0.08203125 0.9515625 0
v 0.0822415865385 0.968633413462 0
v 0.0984375 0.96928125 0
v 0.114629289216 -0.640834558824 0
v 0.13125 -0.63984375 0
v 0.13125 -0.6234375 0
v 0.123046875 -0.62409375 0
v 0.11484375 -0.62475 0
v 0.106640625 -0.62409375 0
v 0.106640625 -0.55715625 0
v 0.114629289216 -0.540415441176 0
v 0.11484375 -0.5565 0
v 0.123046875 -0.55715625 0
v 0.13125 -0.5578125 0
v 0.13125 -0.54140625 0
v 0.114633413462 0.606366586538 0
v 0.13125 0.60703125 0
v 0.13125 0.6234375 0
v 0.11484375 0.6234375 0
v 0.11484375 0.63984375 0
v 0.13125 0.63984375 0
v 0.13125 0.65625 0
v 0.11484375 0.65625 0
v 0.114517857143 0.67265625 0
v 0.13059375 0.664453125 0
v 0.1299375 0.67265625 0
v 0.13059375 0.680859375 0
v 0.13125 0.6890625 0
v 0.11484375 0.6890625 0
v 0.114517857143 0.70546875 0
v 0.13059375 0.697265625 0
v 0.1299375 0.70546875 0
v 0.13059375 0.713671875 0
v 0.13125 0.721875 0
v 0.11484375 0.721875 0
v 0.114511067708 0.737948567708 0
v 0.13059375 0.730078125 0
v 0.1299375 0.73828125 0
v 0.13059375 0.746484375 0
v 0.13125 0.7546875 0
v 0.123046875 0.75403125 0
v 0.11484375 0.753375 0
v 0.106640625 0.75403125 0
v 0.0984375 0.8859375 0
v 0.106640625 0.88659375 0
v 0.115176432292 0.902676432292 0
v 0.09909375 0.894140625 0
v 0.11484375 0.88725 0
v 0.123046875 0.88659375 0
v 0.13125 0.8859375 0
v 0.13125 0.90234375 0
v 0.11484375 0.91875 0
v 0.09909375 0.910546875 0
v 0.09975 0.90234375 0
v 0.115508413462 0.935366586538 0
v 0.11615625 0.9515625 0
v 0.11528125 0.96840625 0
v 0.14721875 -0.70590625 0
v 0.1640625 -0.70678125 0
v 0.1640625 -0.6890625 0
v 0.14634375 -0.6890625 0
v 0.146991586538 -0.672866586538 0
v 0.1640625 -0.67265625 0
v 0.1640625 -0.65625 0
v 0.14765625 -0.65625 0
v 0.14765625 -0.640169642857 0
v 0.1640625 -0.63984375 0
v 0.1640625 -0.6234375 0
v 0.155859375 -0.62409375 0
v 0.14765625 -0.62475 0
v 0.139453125 -0.62409375 0
v 0.139453125 -0.55715625 0
v 0.147870710784 -0.540415441176 0
v 0.14765625 -0.5565 0
v 0.155859375 -0.55715625 0
v 0.1640625 -0.5578125 0
v 0.1640625 -0.54009375 0
v 0.14721875 0.40971875 0
v 0.1640625 0.40884375 0
v 0.1640625 0.4265625 0
v 0.14634375 0.4265625 0
v 0.146991586538 0.442758413462 0
v 0.1640625 0.44296875 0
v 0.1640625 0.459375 0
v 0.14765625 0.459375 0
v 0.146991586538 0.475991586538 0
v 0.1640625 0.47578125 0
v 0.1640625 0.4921875 0
v 0.14634375 0.4921875 0
v 0.146991586538 0.508383413462 0
v 0.1640625 0.50859375 0
v 0.1640625 0.525 0
v 0.14765625 0.525 0
v 0.146665441176 0.541620710784 0
v 0.16340625 0.533203125 0
v 0.16275 0.54140625 0
v 0.16340625 0.549609375 0
v 0.1640625 0.5578125 0
v 0.14634375 0.5578125 0
v 0.146665441176 0.574004289216 0
v 0.16340625 0.566015625 0
v 0.16275 0.57421875 0
v 0.16340625 0.582421875 0
v 0.1640625 0.590625 0
v 0.14765625 0.590625 0
v 0.147330357143 0.60703125 0
v 0.16340625 0.598828125 0
v 0.16275 0.60703125 0
v 0.16340625 0.615234375 0
v 0.1640625 0.6234375 0
v 0.14765625 0.6234375 0
v 0.147323567708 0.639511067708 0
v 0.16340625 0.631640625 0
v 0.16275 0.63984375 0
v 0.16340625 0.648046875 0
v 0.1640625 0.65625 0
v 0.155859375 0.65559375 0
v 0.14765625 0.6549375 0
v 0.139453125 0.65559375 0
v 0.13125 0.8203125 0
v 0.139453125 0.82096875 0
v 0.147988932292 0.837051432292 0
v 0.13190625 0.828515625 0
v 0.14765625 0.821625 0
v 0.155859375 0.82096875 0
v 0.1640625 0.8203125 0
v 0.1640625 0.83671875 0
v 0.1640625 0.853125 0
v 0.14765625 0.853125 0
v 0.13125 0.853125 0
v 0.13190625 0.844921875 0
v 0.1325625 0.83671875 0
v 0.147982142857 0.86953125 0
v 0.13190625 0.861328125 0
v 0.1640625 0.86953125 0
v 0.1640625 0.8859375 0
v 0.14765625 0.8859375 0
v 0.13190625 0.877734375 0
v 0.1325625 0.86953125 0
v 0.147866586538 0.903008413462 0
v 0.1640625 0.90365625 0
v 0.180258413462 -0.706133413462 0
v 0.196875 -0.70546875 0
v 0.196875 -0.6890625 0
v 0.18046875 -0.6890625 0
v 0.18046875 -0.67265625 0
v 0.196875 -0.67265625 0
v 0.196875 -0.65625 0
v 0.18046875 -0.65625 0
v 0.180136067708 -0.640176432292 0
v 0.19621875 -0.648046875 0
v 0.1955625 -0.63984375 0
v 0.19621875 -0.631640625 0
v 0.196875 -0.6234375 0
v 0.188671875 -0.62409375 0
v 0.18046875 -0.62475 0
v 0.172265625 -0.62409375 0
v 0.172265625 -0.55715625 0
v 0.180254289216 -0.540415441176 0
v 0.18046875 -0.5565 0
v 0.188671875 -0.55715625 0
v 0.196875 -0.5578125 0
v 0.196875 -0.54140625 0
v 0.180258413462 0.409491586538 0
v 0.196875 0.41015625 0
v 0.196875 0.4265625 0
v 0.18046875 0.4265625 0
v 0.180142857143 0.44296875 0
v 0.19621875 0.434765625 0
v 0.1955625 0.44296875 0
v 0.19621875 0.451171875 0
v 0.196875 0.459375 0
v 0.18046875 0.459375 0
v 0.180142857143 0.47578125 0
v 0.19621875 0.467578125 0
v 0.1955625 0.47578125 0
v 0.19621875 0.483984375 0
v 0.196875 0.4921875 0
v 0.18046875 0.4921875 0
v 0.180136067708 0.508261067708 0
v 0.19621875 0.500390625 0
v 0.1955625 0.50859375 0
v 0.19621875 0.516796875 0
v 0.196875 0.525 0
v 0.188671875 0.52434375 0
v 0.18046875 0.5236875 0
v 0.172265625 0.52434375 0
v 0.1640625 0.7546875 0
v 0.172265625 0.75534375 0
v 0.180801432292 0.771426432292 0
v 0.16471875 0.762890625 0
v 0.18046875 0.756 0
v 0.188671875 0.75534375 0
v 0.196875 0.7546875 0
v 0.196875 0.77109375 0
v 0.18046875 0.7875 0
v 0.1640625 0.7875 0
v 0.16471875 0.779296875 0
v 0.165375 0.77109375 0
v 0.181459558824 0.804120710784 0
v 0.16471875 0.795703125 0
v 0.18178125 0.8203125 0
v 0.16471875 0.812109375 0
v 0.165375 0.80390625 0
v 0.181133413462 0.836508413462 0
v 0.18046875 0.853125 0
v 0.181133413462 0.869741586538 0
v 0.18178125 0.8859375 0
v 0.18090625 0.90278125 0
v 0.213491586538 -0.706133413462 0
v 0.2296875 -0.70678125 0
v 0.2296875 -0.6890625 0
v 0.21328125 -0.6890625 0
v 0.21328125 -0.672982142857 0
v 0.2296875 -0.67265625 0
v 0.2296875 -0.65625 0
v 0.221484375 -0.65690625 0
v 0.21328125 -0.6575625 0
v 0.205078125 -0.65690625 0
v 0.205078125 -0.55715625 0
v 0.213495710784 -0.540415441176 0
v 0.21328125 -0.5565 0
v 0.221484375 -0.55715625 0
v 0.2296875 -0.5578125 0
v 0.2296875 -0.54009375 0
v 0.21284375 0.34409375 0
v 0.2296875 0.34321875 0
v 0.2296875 0.3609375 0
v 0.21196875 0.3609375 0
v 0.212616586538 0.377133413462 0
v 0.2296875 0.37734375 0
v 0.2296875 0.39375 0
v 0.21328125 0.39375 0
v 0.212948567708 0.409823567708 0
v 0.22903125 0.401953125 0
v 0.228375 0.41015625 0
v 0.22903125 0.418359375 0
v 0.2296875 0.4265625 0
v 0.221484375 0.42590625 0
v 0.21328125 0.42525 0
v 0.205078125 0.42590625 0
v 0.196875 0.65625 0
v 0.205078125 0.65690625 0
v 0.213613932292 0.672988932292 0
v 0.19753125 0.664453125 0
v 0.21328125 0.6575625 0
v 0.221484375 0.65690625 0
v 0.2296875 0.65625 0
v 0.2296875 0.67265625 0
v 0.2296875 0.6890625 0
v 0.21328125 0.6890625 0
v 0.196875 0.6890625 0
v 0.19753125 0.680859375 0
v 0.1981875 0.67265625 0
v 0.213607142857 0.70546875 0
v 0.19753125 0.697265625 0
v 0.2296875 0.70546875 0
v 0.2296875 0.721875 0
v 0.21328125 0.721875 0
v 0.196875 0.721875 0
v 0.19753125 0.713671875 0
v 0.1981875 0.70546875 0
v 0.213607142857 0.73828125 0
v 0.19753125 0.730078125 0
v 0.2296875 0.73828125 0
v 0.2296875 0.7546875 0
v 0.21328125 0.7546875 0
v 0.19753125 0.746484375 0
v 0.1981875 0.73828125 0
v 0.213491586538 0.771758413462 0
v 0.2296875 0.77240625 0
v 0.245883413462 -0.706133413462 0
v 0.2625 -0.70546875 0
v 0.2625 -0.6890625 0
v 0.24609375 -0.6890625 0
v 0.245761067708 -0.672988932292 0
v 0.26184375 -0.680859375 0
v 0.2611875 -0.67265625 0
v 0.26184375 -0.664453125 0
v 0.2625 -0.65625 0
v 0.254296875 -0.65690625 0
v 0.24609375 -0.6575625 0
v 0.237890625 -0.65690625 0
v 0.2296875 -0.590625 0
v 0.237890625 -0.58996875 0
v 0.246426432292 -0.573886067708 0
v 0.23034375 -0.582421875 0
v 0.24609375 -0.5893125 0
v 0.254296875 -0.58996875 0
v 0.2625 -0.590625 0
v 0.2625 -0.57421875 0
v 0.2625 -0.5578125 0
v 0.24609375 -0.5578125 0
v 0.23034375 -0.566015625 0
v 0.231 -0.57421875 0
v 0.245883413462 -0.540741586538 0
v 0.2625 -0.54140625 0
v 0.245883413462 0.343866586538 0
v 0.2625 0.34453125 0
v 0.2625 0.3609375 0
v 0.24609375 0.3609375 0
v 0.24609375 0.377017857143 0
v 0.2625 0.37734375 0
v 0.2625 0.39375 0
v 0.254296875 0.39309375 0
v 0.24609375 0.3924375 0
v 0.237890625 0.39309375 0
v 0.2296875 0.525 0
v 0.237890625 0.52565625 0
v 0.246426432292 0.541738932292 0
v 0.23034375 0.533203125 0
v 0.24609375 0.5263125 0
v 0.254296875 0.52565625 0
v 0.2625 0.525 0
v 0.2625 0.54140625 0
v 0.2625 0.5578125 0
v 0.24609375 0.5578125 0
v 0.2296875 0.5578125 0
v 0.23034375 0.549609375 0
v 0.231 0.54140625 0
v 0.246419642857 0.57421875 0
v 0.23034375 0.566015625 0
v 0.2625 0.57421875 0
v 0.24609375 0.590625 0
v 0.2296875 0.590625 0
v 0.23034375 0.582421875 0
v 0.231 0.57421875 0
v 0.247084558824 0.607245710784 0
v 0.23034375 0.598828125 0
v 0.24740625 0.6234375 0
v 0.2296875 0.6234375 0
v 0.23034375 0.615234375 0
v 0.231 0.60703125 0
v 0.247084558824 0.639629289216 0
v 0.23034375 0.631640625 0
v 0.24609375 0.65625 0
v 0.23034375 0.648046875 0
v 0.231 0.63984375 0
v 0.246758413462 0.672866586538 0
v 0.24740625 0.6890625 0
v 0.246758413462 0.705258413462 0
v 0.24609375 0.721875 0
v 0.246758413462 0.738491586538 0
v 0.24740625 0.7546875 0
v 0.24653125 0.77153125 0
v 0.279120710784 -0.706459558824 0
v 0.2953125 -0.70678125 0
v 0.2953125 -0.6890625 0
v 0.287109375 -0.68971875 0
v 0.27890625 -0.690375 0
v 0.270703125 -0.68971875 0
v 0.270703125 -0.58996875 0
v 0.27890625 -0.573892857143 0
v 0.27890625 -0.5893125 0
v 0.287109375 -0.58996875 0
v 0.2953125 -0.590625 0
v 0.2953125 -0.57421875 0
v 0.2953125 -0.5578125 0
v 0.27890625 -0.5578125 0
v 0.279116586538 -0.540741586538 0
v 0.2953125 -0.54009375 0
v 0.279116586538 0.343866586538 0
v 0.2953125 0.34321875 0
v 0.2953125 0.3609375 0
v 0.27890625 0.3609375 0
v 0.27890625 0.377017857143 0
v 0.2953125 0.37734375 0
v 0.2953125 0.39375 0
v 0.287109375 0.39309375 0
v 0.27890625 0.3924375 0
v 0.270703125 0.39309375 0
v 0.2625 0.4921875 0
v 0.270703125 0.49284375 0
v 0.279238932292 0.508926432292 0
v 0.26315625 0.500390625 0
v 0.27890625 0.4935 0
v 0.287109375 0.49284375 0
v 0.2953125 0.4921875 0
v 0.2953125 0.50859375 0
v 0.2953125 0.525 0
v 0.27890625 0.525 0
v 0.26315625 0.516796875 0
v 0.2638125 0.50859375 0
v 0.27890625 0.54140625 0
v 0.2953125 0.54140625 0
v 0.2953125 0.5578125 0
v 0.27890625 0.5578125 0
v 0.279116586538 0.574883413462 0
v 0.2953125 0.57553125 0
v 0.311504289216 -0.706459558824 0
v 0.328125 -0.70546875 0
v 0.328125 -0.6890625 0
v 0.319921875 -0.68971875 0
v 0.31171875 -0.690375 0
v 0.303515625 -0.68971875 0
v 0.2953125 -0.6234375 0
v 0.303515625 -0.62278125 0
v 0.312051432292 -0.606698567708 0
v 0.29596875 -0.615234375 0
v 0.31171875 -0.622125 0
v 0.319921875 -0.62278125 0
v 0.328125 -0.6234375 0
v 0.328125 -0.60703125 0
v 0.31171875 -0.590625 0
v 0.29596875 -0.598828125 0
v 0.296625 -0.60703125 0
v 0.312383413462 -0.574008413462 0
v 0.31303125 -0.5578125 0
v 0.31215625 -0.54096875 0
v 0.311508413462 0.343866586538 0
v 0.328125 0.34453125 0
v 0.328125 0.3609375 0
v 0.31171875 0.3609375 0
v 0.31171875 0.377017857143 0
v 0.328125 0.37734375 0
v 0.328125 0.39375 0
v 0.319921875 0.39309375 0
v 0.31171875 0.3924375 0
v 0.303515625 0.39309375 0
v 0.2953125 0.459375 0
v 0.303515625 0.46003125 0
v 0.312051432292 0.476113932292 0
v 0.29596875 0.467578125 0
v 0.31171875 0.4606875 0
v 0.319921875 0.46003125 0
v 0.328125 0.459375 0
v 0.328125 0.47578125 0
v 0.328125 0.4921875 0
v 0.31171875 0.4921875 0
v 0.29596875 0.483984375 0
v 0.296625 0.47578125 0
v 0.31171875 0.50859375 0
v 0.328125 0.50859375 0
v 0.31171875 0.525 0
v 0.312383413462 0.541616586538 0
v 0.31303125 0.5578125 0
v 0.31215625 0.57465625 0
v 0.34409375 -0.77153125 0
v 0.3609375 -0.77240625 0
v 0.3609375 -0.7546875 0
v 0.34321875 -0.7546875 0
v 0.343866586538 -0.738491586538 0
v 0.3609375 -0.73828125 0
v 0.3609375 -0.721875 0
v 0.34453125 -0.721875 0
v 0.344198567708 -0.705801432292 0
v 0.36028125 -0.713671875 0
v 0.359625 -0.70546875 0
v 0.36028125 -0.697265625 0
v 0.3609375 -0.6890625 0
v 0.352734375 -0.68971875 0
v 0.34453125 -0.690375 0
v 0.336328125 -0.68971875 0
v 0.336328125 -0.62278125 0
v 0.344745710784 -0.606040441176 0
v 0.34453125 -0.622125 0
v 0.352734375 -0.62278125 0
v 0.3609375 -0.6234375 0
v 0.3609375 -0.60571875 0
v 0.34409375 -0.24653125 0
v 0.3609375 -0.24740625 0
v 0.3609375 -0.2296875 0
v 0.34321875 -0.2296875 0
v 0.343866586538 -0.213491586538 0
v 0.3609375 -0.21328125 0
v 0.3609375 -0.196875 0
v 0.34453125 -0.196875 0
v 0.343866586538 -0.180258413462 0
v 0.3609375 -0.18046875 0
v 0.3609375 -0.1640625 0
v 0.34321875 -0.1640625 0
v 0.343866586538 -0.147866586538 0
v 0.3609375 -0.14765625 0
v 0.3609375 -0.13125 0
v 0.34453125 -0.13125 0
v 0.343866586538 -0.114633413462 0
v 0.3609375 -0.11484375 0
v 0.3609375 -0.0984375 0
v 0.34321875 -0.0984375 0
v 0.34409375 -0.08159375 0
v 0.3609375 -0.08071875 0
v 0.344741586538 0.343866586538 0
v 0.3609375 0.34321875 0
v 0.3609375 0.3609375 0
v 0.34453125 0.3609375 0
v 0.34453125 0.377017857143 0
v 0.3609375 0.37734375 0
v 0.3609375 0.39375 0
v 0.352734375 0.39309375 0
v 0.34453125 0.3924375 0
v 0.336328125 0.39309375 0
v 0.336328125 0.46003125 0
v 0.34453125 0.476107142857 0
v 0.34453125 0.4606875 0
v 0.352734375 0.46003125 0
v 0.3609375 0.459375 0
v 0.3609375 0.47578125 0
v 0.3609375 0.4921875 0
v 0.34453125 0.4921875 0
v 0.344741586538 0.509258413462 0
v 0.3609375 0.50990625 0
v 0.377133413461 -0.771758413461 0
v 0.39375 -0.77109375 0
v 0.39375 -0.7546875 0
v 0.37734375 -0.7546875 0
v 0.37734375 -0.738607142857 0
v 0.39375 -0.73828125 0
v 0.39375 -0.721875 0
v 0.385546875 -0.72253125 0
v 0.37734375 -0.7231875 0
v 0.369140625 -0.72253125 0
v 0.3609375 -0.65625 0
v 0.369140625 -0.65559375 0
v 0.377676432292 -0.639511067708 0
v 0.36159375 -0.648046875 0
v 0.37734375 -0.6549375 0
v 0.385546875 -0.65559375 0
v 0.39375 -0.65625 0
v 0.39375 -0.63984375 0
v 0.39375 -0.6234375 0
v 0.37734375 -0.6234375 0
v 0.36159375 -0.631640625 0
v 0.36225 -0.63984375 0
v 0.377133413462 -0.606366586538 0
v 0.39375 -0.60703125 0
v 0.377133413462 -0.246758413462 0
v 0.39375 -0.24609375 0
v 0.39375 -0.2296875 0
v 0.37734375 -0.2296875 0
v 0.37734375 -0.21328125 0
v 0.39375 -0.21328125 0
v 0.39375 -0.196875 0
v 0.37734375 -0.196875 0
v 0.377017857143 -0.18046875 0
v 0.39309375 -0.188671875 0
v 0.3924375 -0.18046875 0
v 0.39309375 -0.172265625 0
v 0.39375 -0.1640625 0
v 0.37734375 -0.1640625 0
v 0.377017857143 -0.14765625 0
v 0.39309375 -0.155859375 0
v 0.3924375 -0.14765625 0
v 0.39309375 -0.139453125 0
v 0.39375 -0.13125 0
v 0.37734375 -0.13125 0
v 0.37734375 -0.11484375 0
v 0.39375 -0.11484375 0
v 0.39375 -0.0984375 0
v 0.37734375 -0.0984375 0
v 0.377133413462 -0.0813665865385 0
v 0.39375 -0.08203125 0
v 0.377133413462 0.343866586538 0
v 0.39375 0.34453125 0
v 0.39375 0.3609375 0
v 0.37734375 0.3609375 0
v 0.37734375 0.37734375 0
v 0.39375 0.37734375 0
v 0.39375 0.39375 0
v 0.37734375 0.39375 0
v 0.377676432292 0.409823567708 0
v 0.36159375 0.401953125 0
v 0.39375 0.41015625 0
v 0.39375 0.4265625 0
v 0.385546875 0.42590625 0
v 0.37734375 0.42525 0
v 0.369140625 0.42590625 0
v 0.3609375 0.4265625 0
v 0.36159375 0.418359375 0
v 0.36225 0.41015625 0
v 0.369140625 0.46003125 0
v 0.37734375 0.476107142857 0
v 0.37734375 0.4606875 0
v 0.385546875 0.46003125 0
v 0.39375 0.459375 0
v 0.39375 0.47578125 0
v 0.39375 0.4921875 0
v 0.37734375 0.4921875 0
v 0.377133413462 0.509258413462 0
v 0.39375 0.50859375 0
v 0.410366586538 -0.771758413462 0
v 0.4265625 -0.77240625 0
v 0.4265625 -0.7546875 0
v 0.41015625 -0.7546875 0
v 0.41015625 -0.738607142857 0
v 0.4265625 -0.73828125 0
v 0.4265625 -0.721875 0
v 0.418359375 -0.72253125 0
v 0.41015625 -0.7231875 0
v 0.401953125 -0.72253125 0
v 0.401953125 -0.65559375 0
v 0.41015625 -0.639517857143 0
v 0.41015625 -0.6549375 0
v 0.418359375 -0.65559375 0
v 0.4265625 -0.65625 0
v 0.4265625 -0.63984375 0
v 0.4265625 -0.6234375 0
v 0.41015625 -0.6234375 0
v 0.410366586538 -0.606366586538 0
v 0.4265625 -0.60571875 0
v 0.40971875 -0.37778125 0
v 0.4265625 -0.37865625 0
v 0.4265625 -0.3609375 0
v 0.40884375 -0.3609375 0
v 0.409491586538 -0.344741586538 0
v 0.4265625 -0.34453125 0
v 0.4265625 -0.328125 0
v 0.41015625 -0.328125 0
v 0.409491586538 -0.311508413462 0
v 0.4265625 -0.31171875 0
v 0.4265625 -0.2953125 0
v 0.40884375 -0.2953125 0
v 0.409491586538 -0.279116586538 0
v 0.4265625 -0.27890625 0
v 0.4265625 -0.2625 0
v 0.41015625 -0.2625 0
v 0.409830357143 -0.24609375 0
v 0.42590625 -0.254296875 0
v 0.42525 -0.24609375 0
v 0.42590625 -0.237890625 0
v 0.4265625 -0.2296875 0
v 0.41015625 -0.2296875 0
v 0.409823567708 -0.213613932292 0
v 0.42590625 -0.221484375 0
v 0.42525 -0.21328125 0
v 0.42590625 -0.205078125 0
v 0.4265625 -0.196875 0
v 0.418359375 -0.19753125 0
v 0.41015625 -0.1981875 0
v 0.401953125 -0.19753125 0
v 0.401953125 -0.13059375 0
v 0.409823567708 -0.114511067708 0
v 0.41015625 -0.1299375 0
v 0.418359375 -0.13059375 0
v 0.4265625 -0.13125 0
v 0.42590625 -0.123046875 0
v 0.42525 -0.11484375 0
v 0.42590625 -0.106640625 0
v 0.4265625 -0.0984375 0
v 0.41015625 -0.0984375 0
v 0.410366586538 -0.0813665865385 0
v 0.4265625 -0.08071875 0
v 0.410366586538 0.343866586538 0
v 0.4265625 0.34321875 0
v 0.4265625 0.3609375 0
v 0.41015625 0.3609375 0
v 0.41015625 0.37734375 0
v 0.4265625 0.37734375 0
v 0.4265625 0.39375 0
v 0.41015625 0.39375 0
v 0.41015625 0.409830357143 0
v 0.4265625 0.41015625 0
v 0.4265625 0.4265625 0
v 0.418359375 0.42590625 0
v 0.41015625 0.42525 0
v 0.401953125 0.42590625 0
v 0.401953125 0.46003125 0
v 0.41015625 0.476107142857 0
v 0.41015625 0.4606875 0
v 0.418359375 0.46003125 0
v 0.4265625 0.459375 0
v 0.4265625 0.47578125 0
v 0.4265625 0.4921875 0
v 0.41015625 0.4921875 0
v 0.410366586538 0.509258413462 0
v 0.4265625 0.50990625 0
v 0.442758413462 -0.771758413462 0
v 0.459375 -0.77109375 0
v 0.459375 -0.7546875 0
v 0.44296875 -0.7546875 0
v 0.44296875 -0.738607142857 0
v 0.459375 -0.73828125 0
v 0.459375 -0.721875 0
v 0.451171875 -0.72253125 0
v 0.44296875 -0.7231875 0
v 0.434765625 -0.72253125 0
v 0.434765625 -0.65559375 0
v 0.44296875 -0.639517857143 0
v 0.44296875 -0.6549375 0
v 0.451171875 -0.65559375 0
v 0.459375 -0.65625 0
v 0.459375 -0.63984375 0
v 0.459375 -0.6234375 0
v 0.44296875 -0.6234375 0
v 0.442758413462 -0.606366586538 0
v 0.459375 -0.60703125 0
v 0.442758413462 -0.378008413462 0
v 0.459375 -0.37734375 0
v 0.459375 -0.3609375 0
v 0.44296875 -0.3609375 0
v 0.44296875 -0.34453125 0
v 0.459375 -0.34453125 0
v 0.459375 -0.328125 0
v 0.44296875 -0.328125 0
v 0.442642857143 -0.31171875 0
v 0.45871875 -0.319921875 0
v 0.4580625 -0.31171875 0
v 0.45871875 -0.303515625 0
v 0.459375 -0.2953125 0
v 0.44296875 -0.2953125 0
v 0.442636067708 -0.279238932292 0
v 0.45871875 -0.287109375 0
v 0.4580625 -0.27890625 0
v 0.45871875 -0.270703125 0
v 0.459375 -0.2625 0
v 0.451171875 -0.26315625 0
v 0.44296875 -0.2638125 0
v 0.434765625 -0.26315625 0
v 0.434765625 -0.09778125 0
v 0.442754289216 -0.0810404411765 0
v 0.44296875 -0.097125 0
v 0.451171875 -0.09778125 0
v 0.459375 -0.0984375 0
v 0.459375 -0.08203125 0
v 0.442758413462 0.343866586538 0
v 0.459375 0.34453125 0
v 0.459375 0.3609375 0
v 0.44296875 0.3609375 0
v 0.44296875 0.37734375 0
v 0.459375 0.37734375 0
v 0.459375 0.39375 0
v 0.44296875 0.39375 0
v 0.442636067708 0.409823567708 0
v 0.45871875 0.401953125 0
v 0.4580625 0.41015625 0
v 0.45871875 0.418359375 0
v 0.459375 0.4265625 0
v 0.451171875 0.42590625 0
v 0.44296875 0.42525 0
v 0.434765625 0.42590625 0
v 0.434765625 0.46003125 0
v 0.44296875 0.476107142857 0
v 0.44296875 0.4606875 0
v 0.451171875 0.46003125 0
v 0.459375 0.459375 0
v 0.459375 0.47578125 0
v 0.459375 0.4921875 0
v 0.44296875 0.4921875 0
v 0.442758413462 0.509258413462 0
v 0.459375 0.50859375 0
v 0.475991586538 -0.771758413462 0
v 0.4921875 -0.77240625 0
v 0.4921875 -0.7546875 0
v 0.47578125 -0.7546875 0
v 0.47578125 -0.738607142857 0
v 0.4921875 -0.73828125 0
v 0.4921875 -0.721875 0
v 0.483984375 -0.72253125 0
v 0.47578125 -0.7231875 0
v 0.467578125 -0.72253125 0
v 0.467578125 -0.65559375 0
v 0.47578125 -0.639517857143 0
v 0.47578125 -0.6549375 0
v 0.483984375 -0.65559375 0
v 0.4921875 -0.65625 0
v 0.4921875 -0.63984375 0
v 0.4921875 -0.6234375 0
v 0.47578125 -0.6234375 0
v 0.475991586538 -0.606366586538 0
v 0.4921875 -0.60571875 0
v 0.47534375 -0.44340625 0
v 0.4921875 -0.44428125 0
v 0.4921875 -0.4265625 0
v 0.47446875 -0.4265625 0
v 0.475116586538 -0.410366586538 0
v 0.4921875 -0.41015625 0
v 0.4921875 -0.39375 0
v 0.47578125 -0.39375 0
v 0.47578125 -0.37734375 0
v 0.4921875 -0.37734375 0
v 0.4921875 -0.3609375 0
v 0.47578125 -0.3609375 0
v 0.475448567708 -0.344863932292 0
v 0.49153125 -0.352734375 0
v 0.490875 -0.34453125 0
v 0.49153125 -0.336328125 0
v 0.4921875 -0.328125 0
v 0.483984375 -0.32878125 0
v 0.47578125 -0.3294375 0
v 0.467578125 -0.32878125 0
v 0.459375 -0.196875 0
v 0.467578125 -0.19621875 0
v 0.476121010638 -0.18046875 0
v 0.46003125 -0.188671875 0
v 0.47578125 -0.1955625 0
v 0.483984375 -0.19621875 0
v 0.4921875 -0.196875 0
v 0.4921875 -0.18046875 0
v 0.4921875 -0.1640625 0
v 0.483984375 -0.16471875 0
v 0.47578125 -0.165375 0
v 0.467578125 -0.16471875 0
v 0.459375 -0.1640625 0
v 0.46003125 -0.172265625 0
v 0.4606875 -0.18046875 0
v 0.467578125 -0.09778125 0
v 0.47578125 -0.0817053571429 0
v 0.47578125 -0.097125 0
v 0.483984375 -0.09778125 0
v 0.4921875 -0.0984375 0
v 0.4921875 -0.08203125 0
v 0.4921875 -0.065625 0
v 0.47578125 -0.065625 0
v 0.475116586538 -0.0490084134615 0
v 0.4921875 -0.04921875 0
v 0.4921875 -0.0328125 0
v 0.47446875 -0.0328125 0
v 0.47534375 -0.01596875 0
v 0.4921875 -0.01509375 0
v 0.475991586538 0.343866586538 0
v 0.4921875 0.34321875 0
v 0.4921875 0.3609375 0
v 0.47578125 0.3609375 0
v 0.47578125 0.377017857143 0
v 0.4921875 0.37734375 0
v 0.4921875 0.39375 0
v 0.483984375 0.39309375 0
v 0.47578125 0.3924375 0
v 0.467578125 0.39309375 0
v 0.467578125 0.46003125 0
v 0.47578125 0.476107142857 0
v 0.47578125 0.4606875 0
v 0.483984375 0.46003125 0
v 0.4921875 0.459375 0
v 0.4921875 0.47578125 0
v 0.4921875 0.4921875 0
v 0.47578125 0.4921875 0
v 0.475991586538 0.509258413462 0
v 0.4921875 0.50990625 0
v 0.508383413462 -0.771758413462 0
v 0.525 -0.77109375 0
v 0.525 -0.7546875 0
v 0.50859375 -0.7546875 0
v 0.50859375 -0.738607142857 0
v 0.525 -0.73828125 0
v 0.525 -0.721875 0
v 0.516796875 -0.72253125 0
v 0.50859375 -0.7231875 0
v 0.500390625 -0.72253125 0
v 0.500390625 -0.65559375 0
v 0.508261067708 -0.639511067708 0
v 0.50859375 -0.6549375 0
v 0.516796875 -0.65559375 0
v 0.525 -0.65625 0
v 0.52434375 -0.648046875 0
v 0.5236875 -0.63984375 0
v 0.52434375 -0.631640625 0
v 0.525 -0.6234375 0
v 0.50859375 -0.6234375 0
v 0.508383413462 -0.606366586538 0
v 0.525 -0.60703125 0
v 0.508383413462 -0.443633413462 0
v 0.525 -0.44296875 0
v 0.525 -0.4265625 0
v 0.50859375 -0.4265625 0
v 0.508267857143 -0.41015625 0
v 0.52434375 -0.418359375 0
v 0.5236875 -0.41015625 0
v 0.52434375 -0.401953125 0
v 0.525 -0.39375 0
v 0.50859375 -0.39375 0
v 0.508261067708 -0.377676432292 0
v 0.52434375 -0.385546875 0
v 0.5236875 -0.37734375 0
v 0.52434375 -0.369140625 0
v 0.525 -0.3609375 0
v 0.516796875 -0.36159375 0
v 0.50859375 -0.36225 0
v 0.500390625 -0.36159375 0
v 0.4921875 -0.2625 0
v 0.500390625 -0.26184375 0
v 0.508926432292 -0.245761067708 0
v 0.49284375 -0.254296875 0
v 0.50859375 -0.2611875 0
v 0.516796875 -0.26184375 0
v 0.525 -0.2625 0
v 0.525 -0.24609375 0
v 0.525 -0.2296875 0
v 0.50859375 -0.2296875 0
v 0.4921875 -0.2296875 0
v 0.49284375 -0.237890625 0
v 0.4935 -0.24609375 0
v 0.508919642857 -0.21328125 0
v 0.49284375 -0.221484375 0
v 0.525 -0.21328125 0
v 0.525 -0.196875 0
v 0.50859375 -0.196875 0
v 0.49284375 -0.205078125 0
v 0.4935 -0.21328125 0
v 0.50859375 -0.180794642857 0
v 0.525 -0.18046875 0
v 0.525 -0.1640625 0
v 0.516796875 -0.16471875 0
v 0.50859375 -0.165375 0
v 0.500390625 -0.16471875 0
v 0.500390625 -0.09778125 0
v 0.508261067708 -0.0816985677083 0
v 0.50859375 -0.097125 0
v 0.516796875 -0.09778125 0
v 0.525 -0.0984375 0
v 0.52434375 -0.090234375 0
v 0.5236875 -0.08203125 0
v 0.52434375 -0.073828125 0
v 0.525 -0.065625 0
v 0.50859375 -0.065625 0
v 0.50859375 -0.04921875 0
v 0.525 -0.04921875 0
v 0.525 -0.0328125 0
v 0.50859375 -0.0328125 0
v 0.508383413462 -0.0157415865385 0
v 0.525 -0.01640625 0
v 0.508383413462 0.343866586538 0
v 0.525 0.34453125 0
v 0.525 0.3609375 0
v 0.50859375 0.3609375 0
v 0.50859375 0.377017857143 0
v 0.525 0.37734375 0
v 0.525 0.39375 0
v 0.516796875 0.39309375 0
v 0.50859375 0.3924375 0
v 0.500390625 0.39309375 0
v 0.500390625 0.46003125 0
v 0.50859375 0.476107142857 0
v 0.50859375 0.4606875 0
v 0.516796875 0.46003125 0
v 0.525 0.459375 0
v 0.525 0.47578125 0
v 0.525 0.4921875 0
v 0.50859375 0.4921875 0
v 0.508383413462 0.509258413462 0
v 0.525 0.50859375 0
v 0.541616586538 -0.771758413462 0
v 0.5578125 -0.77240625 0
v 0.5578125 -0.7546875 0
v 0.54140625 -0.7546875 0
v 0.54140625 -0.738607142857 0
v 0.5578125 -0.73828125 0
v 0.5578125 -0.721875 0
v 0.549609375 -0.72253125 0
v 0.54140625 -0.7231875 0
v 0.533203125 -0.72253125 0
v 0.533203125 -0.62278125 0
v 0.541073567708 -0.606698567708 0
v 0.54140625 -0.622125 0
v 0.549609375 -0.62278125 0
v 0.5578125 -0.6234375 0
v 0.55715625 -0.615234375 0
v 0.5565 -0.60703125 0
v 0.55715625 -0.598828125 0
v 0.5578125 -0.590625 0
v 0.54140625 -0.590625 0
v 0.540415441176 -0.574004289216 0
v 0.55715625 -0.582421875 0
v 0.5565 -0.57421875 0
v 0.55715625 -0.566015625 0
v 0.5578125 -0.5578125 0
v 0.54009375 -0.5578125 0
v 0.540741586538 -0.541616586538 0
v 0.5578125 -0.54140625 0
v 0.5578125 -0.525 0
v 0.54140625 -0.525 0
v 0.540415441176 -0.508379289216 0
v 0.55715625 -0.516796875 0
v 0.5565 -0.50859375 0
v 0.55715625 -0.500390625 0
v 0.5578125 -0.4921875 0
v 0.54009375 -0.4921875 0
v 0.540415441176 -0.475995710784 0
v 0.55715625 -0.483984375 0
v 0.5565 -0.47578125 0
v 0.55715625 -0.467578125 0
v 0.5578125 -0.459375 0
v 0.54140625 -0.459375 0
v 0.541073567708 -0.443301432292 0
v 0.55715625 -0.451171875 0
v 0.5565 -0.44296875 0
v 0.55715625 -0.434765625 0
v 0.5578125 -0.4265625 0
v 0.549609375 -0.42721875 0
v 0.54140625 -0.427875 0
v 0.533203125 -0.42721875 0
v 0.525 -0.2953125 0
v 0.533203125 -0.29465625 0
v 0.541738932292 -0.278573567708 0
v 0.52565625 -0.287109375 0
v 0.54140625 -0.294 0
v 0.549609375 -0.29465625 0
v 0.5578125 -0.2953125 0
v 0.5578125 -0.27890625 0
v 0.5578125 -0.2625 0
v 0.54140625 -0.2625 0
v 0.52565625 -0.270703125 0
v 0.5263125 -0.27890625 0
v 0.54140625 -0.24609375 0
v 0.5578125 -0.24609375 0
v 0.5578125 -0.2296875 0
v 0.54140625 -0.2296875 0
v 0.54140625 -0.21328125 0
v 0.5578125 -0.21328125 0
v 0.5578125 -0.196875 0
v 0.54140625 -0.196875 0
v 0.54140625 -0.18046875 0
v 0.5578125 -0.18046875 0
v 0.5578125 -0.1640625 0
v 0.54140625 -0.1640625 0
v 0.541738932292 -0.147988932292 0
v 0.52565625 -0.155859375 0
v 0.5578125 -0.14765625 0
v 0.5578125 -0.13125 0
v 0.549609375 -0.13190625 0
v 0.54140625 -0.1325625 0
v 0.533203125 -0.13190625 0
v 0.525 -0.13125 0
v 0.52565625 -0.139453125 0
v 0.5263125 -0.14765625 0
v 0.533203125 -0.06496875 0
v 0.54140625 -0.0488928571429 0
v 0.54140625 -0.0643125 0
v 0.549609375 -0.06496875 0
v 0.5578125 -0.065625 0
v 0.5578125 -0.04921875 0
v 0.5578125 -0.0328125 0
v 0.54140625 -0.0328125 0
v 0.541616586538 -0.0157415865385 0
v 0.5578125 -0.01509375 0
v 0.54096875 0.27846875 0
v 0.5578125 0.27759375 0
v 0.5578125 0.2953125 0
v 0.54009375 0.2953125 0
v 0.540741586538 0.311508413462 0
v 0.5578125 0.31171875 0
v 0.5578125 0.328125 0
v 0.54140625 0.328125 0
v 0.54140625 0.34453125 0
v 0.5578125 0.34453125 0
v 0.5578125 0.3609375 0
v 0.54140625 0.3609375 0
v 0.541073567708 0.377011067708 0
v 0.55715625 0.369140625 0
v 0.5565 0.37734375 0
v 0.55715625 0.385546875 0
v 0.5578125 0.39375 0
v 0.549609375 0.39309375 0
v 0.54140625 0.3924375 0
v 0.533203125 0.39309375 0
v 0.533203125 0.46003125 0
v 0.54140625 0.476107142857 0
v 0.54140625 0.4606875 0
v 0.549609375 0.46003125 0
v 0.5578125 0.459375 0
v 0.5578125 0.47578125 0
v 0.5578125 0.4921875 0
v 0.54140625 0.4921875 0
v 0.541616586538 0.509258413462 0
v 0.5578125 0.50990625 0
v 0.574008413462 -0.771758413461 0
v 0.590625 -0.77109375 0
v 0.590625 -0.7546875 0
v 0.57421875 -0.7546875 0
v 0.57421875 -0.738607142857 0
v 0.590625 -0.73828125 0
v 0.590625 -0.721875 0
v 0.582421875 -0.72253125 0
v 0.57421875 -0.7231875 0
v 0.566015625 -0.72253125 0
v 0.566015625 -0.55715625 0
v 0.573878989362 -0.54140625 0
v 0.57421875 -0.5565 0
v 0.582421875 -0.55715625 0
v 0.590625 -0.5578125 0
v 0.58996875 -0.549609375 0
v 0.5893125 -0.54140625 0
v 0.58996875 -0.533203125 0
v 0.590625 -0.525 0
v 0.582421875 -0.52565625 0
v 0.57421875 -0.5263125 0
v 0.566015625 -0.52565625 0
v 0.5578125 -0.3609375 0
v 0.566015625 -0.36028125 0
v 0.574551432292 -0.344198567708 0
v 0.55846875 -0.352734375 0
v 0.57421875 -0.359625 0
v 0.582421875 -0.36028125 0
v 0.590625 -0.3609375 0
v 0.590625 -0.34453125 0
v 0.57421875 -0.328125 0
v 0.5578125 -0.328125 0
v 0.55846875 -0.336328125 0
v 0.559125 -0.34453125 0
v 0.575209558824 -0.311504289216 0
v 0.55846875 -0.319921875 0
v 0.57553125 -0.2953125 0
v 0.55846875 -0.303515625 0
v 0.559125 -0.31171875 0
v 0.574883413462 -0.279116586538 0
v 0.57421875 -0.2625 0
v 0.574883413462 -0.245883413462 0
v 0.57553125 -0.2296875 0
v 0.574883413462 -0.213491586538 0
v 0.57421875 -0.196875 0
v 0.57421875 -0.18046875 0
v 0.590625 -0.18046875 0
v 0.590625 -0.1640625 0
v 0.57421875 -0.1640625 0
v 0.57421875 -0.147982142857 0
v 0.590625 -0.14765625 0
v 0.590625 -0.13125 0
v 0.582421875 -0.13190625 0
v 0.57421875 -0.1325625 0
v 0.566015625 -0.13190625 0
v 0.566015625 -0.06496875 0
v 0.573886067708 -0.0488860677083 0
v 0.57421875 -0.0643125 0
v 0.582421875 -0.06496875 0
v 0.590625 -0.065625 0
v 0.58996875 -0.057421875 0
v 0.5893125 -0.04921875 0
v 0.58996875 -0.041015625 0
v 0.590625 -0.0328125 0
v 0.57421875 -0.0328125 0
v 0.574008413462 -0.0157415865385 0
v 0.590625 -0.01640625 0
v 0.574008413462 0.278241586538 0
v 0.590625 0.27890625 0
v 0.590625 0.2953125 0
v 0.57421875 0.2953125 0
v 0.57421875 0.31171875 0
v 0.590625 0.31171875 0
v 0.590625 0.328125 0
v 0.57421875 0.328125 0
v 0.573886067708 0.344198567708 0
v 0.58996875 0.336328125 0
v 0.5893125 0.34453125 0
v 0.58996875 0.352734375 0
v 0.590625 0.3609375 0
v 0.582421875 0.36028125 0
v 0.57421875 0.359625 0
v 0.566015625 0.36028125 0
v 0.566015625 0.46003125 0
v 0.57421875 0.476107142857 0
v 0.57421875 0.4606875 0
v 0.582421875 0.46003125 0
v 0.590625 0.459375 0
v 0.590625 0.47578125 0
v 0.590625 0.4921875 0
v 0.57421875 0.4921875 0
v 0.574008413462 0.509258413462 0
v 0.590625 0.50859375 0
v 0.607241586538 -0.771758413462 0
v 0.6234375 -0.77240625 0
v 0.6234375 -0.7546875 0
v 0.60703125 -0.7546875 0
v 0.60703125 -0.73828125 0
v 0.6234375 -0.73828125 0
v 0.6234375 -0.721875 0
v 0.60703125 -0.721875 0
v 0.607363932292 -0.705801432292 0
v 0.59128125 -0.713671875 0
v 0.6234375 -0.70546875 0
v 0.6234375 -0.6890625 0
v 0.615234375 -0.68971875 0
v 0.60703125 -0.690375 0
v 0.598828125 -0.68971875 0
v 0.590625 -0.6890625 0
v 0.59128125 -0.697265625 0
v 0.5919375 -0.70546875 0
v 0.590625 -0.4265625 0
v 0.598828125 -0.42590625 0
v 0.607363932292 -0.409823567708 0
v 0.59128125 -0.418359375 0
v 0.60703125 -0.42525 0
v 0.615234375 -0.42590625 0
v 0.6234375 -0.4265625 0
v 0.6234375 -0.41015625 0
v 0.6234375 -0.39375 0
v 0.60703125 -0.39375 0
v 0.590625 -0.39375 0
v 0.59128125 -0.401953125 0
v 0.5919375 -0.41015625 0
v 0.607357142857 -0.37734375 0
v 0.59128125 -0.385546875 0
v 0.6234375 -0.37734375 0
v 0.6234375 -0.3609375 0
v 0.60703125 -0.3609375 0
v 0.59128125 -0.369140625 0
v 0.5919375 -0.37734375 0
v 0.607241586538 -0.343866586538 0
v 0.6234375 -0.34321875 0
v 0.607241586538 -0.181133413462 0
v 0.6234375 -0.18178125 0
v 0.6234375 -0.1640625 0
v 0.60703125 -0.1640625 0
v 0.60703125 -0.14765625 0
v 0.6234375 -0.14765625 0
v 0.6234375 -0.13125 0
v 0.60703125 -0.13125 0
v 0.607363932292 -0.115176432292 0
v 0.59128125 -0.123046875 0
v 0.6234375 -0.11484375 0
v 0.6234375 -0.0984375 0
v 0.615234375 -0.09909375 0
v 0.60703125 -0.09975 0
v 0.598828125 -0.09909375 0
v 0.590625 -0.0984375 0
v 0.59128125 -0.106640625 0
v 0.5919375 -0.11484375 0
v 0.598828125 -0.03215625 0
v 0.60703125 -0.0160803571429 0
v 0.60703125 -0.0315 0
v 0.615234375 -0.03215625 0
v 0.6234375 -0.0328125 0
v 0.6234375 -0.01640625 0
v 0.6234375 0 0
v 0.60703125 0 0
v 0.606366586538 0.0166165865385 0
v 0.6234375 0.01640625 0
v 0.6234375 0.0328125 0
v 0.60571875 0.0328125 0
v 0.60659375 0.04965625 0
v 0.6234375 0.05053125 0
v 0.60659375 0.21284375 0
v 0.6234375 0.21196875 0
v 0.6234375 0.2296875 0
v 0.60571875 0.2296875 0
v 0.606366586538 0.245883413462 0
v 0.6234375 0.24609375 0
v 0.6234375 0.2625 0
v 0.60703125 0.2625 0
v 0.60703125 0.27890625 0
v 0.6234375 0.27890625 0
v 0.6234375 0.2953125 0
v 0.60703125 0.2953125 0
v 0.606698567708 0.311386067708 0
v 0.62278125 0.303515625 0
v 0.622125 0.31171875 0
v 0.62278125 0.319921875 0
v 0.6234375 0.328125 0
v 0.615234375 0.32746875 0
v 0.60703125 0.3268125 0
v 0.598828125 0.32746875 0
v 0.590625 0.4265625 0
v 0.598828125 0.42721875 0
v 0.607363932292 0.443301432292 0
v 0.59128125 0.434765625 0
v 0.60703125 0.427875 0
v 0.615234375 0.42721875 0
v 0.6234375 0.4265625 0
v 0.6234375 0.44296875 0
v 0.6234375 0.459375 0
v 0.60703125 0.459375 0
v 0.59128125 0.451171875 0
v 0.5919375 0.44296875 0
v 0.60703125 0.47578125 0
v 0.6234375 0.47578125 0
v 0.6234375 0.4921875 0
v 0.60703125 0.4921875 0
v 0.607241586538 0.509258413462 0
v 0.6234375 0.50990625 0
v 0.64028125 -0.77153125 0
v 0.64115625 -0.7546875 0
v 0.640508413462 -0.738491586538 0
v 0.63984375 -0.721875 0
v 0.640508413462 -0.705258413462 0
v 0.64115625 -0.6890625 0
v 0.640834558824 -0.672870710784 0
v 0.62409375 -0.680859375 0
v 0.63984375 -0.65625 0
v 0.6234375 -0.65625 0
v 0.62409375 -0.664453125 0
v 0.62475 -0.67265625 0
v 0.640834558824 -0.639629289216 0
v 0.62409375 -0.648046875 0
v 0.64115625 -0.6234375 0
v 0.6234375 -0.6234375 0
v 0.62409375 -0.631640625 0
v 0.62475 -0.63984375 0
v 0.640834558824 -0.607245710784 0
v 0.62409375 -0.615234375 0
v 0.63984375 -0.590625 0
v 0.6234375 -0.590625 0
v 0.62409375 -0.598828125 0
v 0.62475 -0.60703125 0
v 0.640834558824 -0.574004289216 0
v 0.62409375 -0.582421875 0
v 0.64115625 -0.5578125 0
v 0.6234375 -0.5578125 0
v 0.62409375 -0.566015625 0
v 0.62475 -0.57421875 0
v 0.640834558824 -0.541620710784 0
v 0.62409375 -0.549609375 0
v 0.63984375 -0.525 0
v 0.6234375 -0.525 0
v 0.62409375 -0.533203125 0
v 0.62475 -0.54140625 0
v 0.640834558824 -0.508379289216 0
v 0.62409375 -0.516796875 0
v 0.64115625 -0.4921875 0
v 0.6234375 -0.4921875 0
v 0.62409375 -0.500390625 0
v 0.62475 -0.50859375 0
v 0.640834558824 -0.475995710784 0
v 0.62409375 -0.483984375 0
v 0.63984375 -0.459375 0
v 0.6234375 -0.459375 0
v 0.62409375 -0.467578125 0
v 0.62475 -0.47578125 0
v 0.640834558824 -0.442754289216 0
v 0.62409375 -0.451171875 0
v 0.64115625 -0.4265625 0
v 0.62409375 -0.434765625 0
v 0.62475 -0.44296875 0
v 0.640508413462 -0.410366586538 0
v 0.63984375 -0.39375 0
v 0.640508413462 -0.377133413462 0
v 0.64115625 -0.3609375 0
v 0.64028125 -0.34409375 0
v 0.64028125 -0.18090625 0
v 0.64115625 -0.1640625 0
v 0.640508413462 -0.147866586538 0
v 0.63984375 -0.13125 0
v 0.63984375 -0.115169642857 0
v 0.65625 -0.11484375 0
v 0.65625 -0.0984375 0
v 0.648046875 -0.09909375 0
v 0.63984375 -0.09975 0
v 0.631640625 -0.09909375 0
v 0.631640625 -0.03215625 0
v 0.639511067708 -0.0160735677083 0
v 0.63984375 -0.0315 0
v 0.648046875 -0.03215625 0
v 0.65625 -0.0328125 0
v 0.65559375 -0.024609375 0
v 0.6549375 -0.01640625 0
v 0.65559375 -0.008203125 0
v 0.65625 0 0
v 0.63984375 0 0
v 0.63984375 0.01640625 0
v 0.65625 0.01640625 0
v 0.65625 0.0328125 0
v 0.63984375 0.0328125 0
v 0.639633413462 0.0498834134615 0
v 0.65625 0.04921875 0
v 0.639633413462 0.212616586538 0
v 0.65625 0.21328125 0
v 0.65625 0.2296875 0
v 0.63984375 0.2296875 0
v 0.63984375 0.24609375 0
v 0.65625 0.24609375 0
v 0.65625 0.2625 0
v 0.63984375 0.2625 0
v 0.639511067708 0.278573567708 0
v 0.65559375 0.270703125 0
v 0.6549375 0.27890625 0
v 0.65559375 0.287109375 0
v 0.65625 0.2953125 0
v 0.648046875 0.29465625 0
v 0.63984375 0.294 0
v 0.631640625 0.29465625 0
v 0.6234375 0.39375 0
v 0.631640625 0.39440625 0
v 0.640176432292 0.410488932292 0
v 0.62409375 0.401953125 0
v 0.63984375 0.3950625 0
v 0.648046875 0.39440625 0
v 0.65625 0.39375 0
v 0.65625 0.41015625 0
v 0.65625 0.4265625 0
v 0.63984375 0.4265625 0
v 0.62409375 0.418359375 0
v 0.62475 0.41015625 0
v 0.63984375 0.44296875 0
v 0.65625 0.44296875 0
v 0.63984375 0.459375 0
v 0.640508413462 0.475991586538 0
v 0.64115625 0.4921875 0
v 0.64028125 0.50903125 0
v 0.672870710784 -0.115834558824 0
v 0.6890625 -0.11615625 0
v 0.6890625 -0.0984375 0
v 0.680859375 -0.09909375 0
v 0.67265625 -0.09975 0
v 0.664453125 -0.09909375 0
v 0.664453125 0.00065625 0
v 0.67265625 0.0167321428571 0
v 0.67265625 0.0013125 0
v 0.680859375 0.00065625 0
v 0.6890625 0 0
v 0.6890625 0.01640625 0
v 0.6890625 0.0328125 0
v 0.67265625 0.0328125 0
v 0.67265625 0.04921875 0
v 0.6890625 0.04921875 0
v 0.6890625 0.065625 0
v 0.67265625 0.065625 0
v 0.671991586538 0.0822415865385 0
v 0.6890625 0.08203125 0
v 0.6890625 0.0984375 0
v 0.67134375 0.0984375 0
v 0.671991586538 0.114633413462 0
v 0.6890625 0.11484375 0
v 0.6890625 0.13125 0
v 0.67265625 0.13125 0
v 0.671991586538 0.147866586538 0
v 0.6890625 0.14765625 0
v 0.6890625 0.1640625 0
v 0.67134375 0.1640625 0
v 0.671991586538 0.180258413462 0
v 0.6890625 0.18046875 0
v 0.6890625 0.196875 0
v 0.67265625 0.196875 0
v 0.67265625 0.21328125 0
v 0.6890625 0.21328125 0
v 0.6890625 0.2296875 0
v 0.67265625 0.2296875 0
v 0.672323567708 0.245761067708 0
v 0.68840625 0.237890625 0
v 0.68775 0.24609375 0
v 0.68840625 0.254296875 0
v 0.6890625 0.2625 0
v 0.680859375 0.26184375 0
v 0.67265625 0.2611875 0
v 0.664453125 0.26184375 0
v 0.664453125 0.39440625 0
v 0.67265625 0.410482142857 0
v 0.67265625 0.3950625 0
v 0.680859375 0.39440625 0
v 0.6890625 0.39375 0
v 0.6890625 0.41015625 0
v 0.6890625 0.4265625 0
v 0.67265625 0.4265625 0
v 0.672866586538 0.443633413462 0
v 0.6890625 0.44428125 0
v 0.705258413462 -0.115508413462 0
v 0.721875 -0.11484375 0
v 0.721875 -0.0984375 0
v 0.70546875 -0.0984375 0
v 0.705801432292 -0.0823639322917 0
v 0.68971875 -0.090234375 0
v 0.721875 -0.08203125 0
v 0.721875 -0.065625 0
v 0.713671875 -0.06628125 0
v 0.70546875 -0.0669375 0
v 0.697265625 -0.06628125 0
v 0.6890625 -0.065625 0
v 0.68971875 -0.073828125 0
v 0.690375 -0.08203125 0
v 0.697265625 0.00065625 0
v 0.705136067708 0.0167389322917 0
v 0.70546875 0.0013125 0
v 0.713671875 0.00065625 0
v 0.721875 0 0
v 0.72121875 0.008203125 0
v 0.7205625 0.01640625 0
v 0.72121875 0.024609375 0
v 0.721875 0.0328125 0
v 0.70546875 0.0328125 0
v 0.705142857143 0.04921875 0
v 0.72121875 0.041015625 0
v 0.7205625 0.04921875 0
v 0.72121875 0.057421875 0
v 0.721875 0.065625 0
v 0.70546875 0.065625 0
v 0.70546875 0.08203125 0
v 0.721875 0.08203125 0
v 0.721875 0.0984375 0
v 0.70546875 0.0984375 0
v 0.70546875 0.11484375 0
v 0.721875 0.11484375 0
v 0.721875 0.13125 0
v 0.70546875 0.13125 0
v 0.70546875 0.14765625 0
v 0.721875 0.14765625 0
v 0.721875 0.1640625 0
v 0.70546875 0.1640625 0
v 0.70546875 0.18046875 0
v 0.721875 0.18046875 0
v 0.721875 0.196875 0
v 0.70546875 0.196875 0
v 0.705136067708 0.212948567708 0
v 0.72121875 0.205078125 0
v 0.7205625 0.21328125 0
v 0.72121875 0.221484375 0
v 0.721875 0.2296875 0
v 0.713671875 0.22903125 0
v 0.70546875 0.228375 0
v 0.697265625 0.22903125 0
v 0.6890625 0.3609375 0
v 0.697265625 0.36159375 0
v 0.705801432292 0.377676432292 0
v 0.68971875 0.369140625 0
v 0.70546875 0.36225 0
v 0.713671875 0.36159375 0
v 0.721875 0.3609375 0
v 0.721875 0.37734375 0
v 0.70546875 0.39375 0
v 0.68971875 0.385546875 0
v 0.690375 0.37734375 0
v 0.706133413462 0.410366586538 0
v 0.70678125 0.4265625 0
v 0.70590625 0.44340625 0
v 0.738491586538 -0.115508413462 0
v 0.7546875 -0.11615625 0
v 0.7546875 -0.0984375 0
v 0.73828125 -0.0984375 0
v 0.73828125 -0.08203125 0
v 0.7546875 -0.08203125 0
v 0.7546875 -0.065625 0
v 0.73828125 -0.065625 0
v 0.738613932292 -0.0495514322917 0
v 0.72253125 -0.057421875 0
v 0.7546875 -0.04921875 0
v 0.7546875 -0.0328125 0
v 0.746484375 -0.03346875 0
v 0.73828125 -0.034125 0
v 0.730078125 -0.03346875 0
v 0.721875 -0.0328125 0
v 0.72253125 -0.041015625 0
v 0.7231875 -0.04921875 0
v 0.730078125 0.06628125 0
v 0.737948567708 0.0823639322917 0
v 0.73828125 0.0669375 0
v 0.746484375 0.06628125 0
v 0.7546875 0.065625 0
v 0.75403125 0.073828125 0
v 0.753375 0.08203125 0
v 0.75403125 0.090234375 0
v 0.7546875 0.0984375 0
v 0.73828125 0.0984375 0
v 0.737955357143 0.11484375 0
v 0.75403125 0.106640625 0
v 0.753375 0.11484375 0
v 0.75403125 0.123046875 0
v 0.7546875 0.13125 0
v 0.73828125 0.13125 0
v 0.737955357143 0.14765625 0
v 0.75403125 0.139453125 0
v 0.753375 0.14765625 0
v 0.75403125 0.155859375 0
v 0.7546875 0.1640625 0
v 0.73828125 0.1640625 0
v 0.737948567708 0.180136067708 0
v 0.75403125 0.172265625 0
v 0.753375 0.18046875 0
v 0.75403125 0.188671875 0
v 0.7546875 0.196875 0
v 0.746484375 0.19621875 0
v 0.73828125 0.1955625 0
v 0.730078125 0.19621875 0
v 0.721875 0.328125 0
v 0.730078125 0.32878125 0
v 0.738613932292 0.344863932292 0
v 0.72253125 0.336328125 0
v 0.73828125 0.3294375 0
v 0.746484375 0.32878125 0
v 0.7546875 0.328125 0
v 0.7546875 0.34453125 0
v 0.7546875 0.3609375 0
v 0.73828125 0.3609375 0
v 0.72253125 0.352734375 0
v 0.7231875 0.34453125 0
v 0.738491586538 0.378008413462 0
v 0.7546875 0.37865625 0
v 0.77153125 -0.11528125 0
v 0.77240625 -0.0984375 0
v 0.771758413462 -0.0822415865385 0
v 0.77109375 -0.065625 0
v 0.77109375 -0.0495446428571 0
v 0.7875 -0.04921875 0
v 0.7875 -0.0328125 0
v 0.779296875 -0.03346875 0
v 0.77109375 -0.034125 0
v 0.762890625 -0.03346875 0
v 0.7546875 0.2953125 0
v 0.762890625 0.29596875 0
v 0.771426432292 0.312051432292 0
v 0.75534375 0.303515625 0
v 0.77109375 0.296625 0
v 0.779296875 0.29596875 0
v 0.7875 0.2953125 0
v 0.7875 0.31171875 0
v 0.77109375 0.328125 0
v 0.75534375 0.319921875 0
v 0.756 0.31171875 0
v 0.771758413462 0.344741586538 0
v 0.77240625 0.3609375 0
v 0.77153125 0.37778125 0
v 0.804116586538 -0.0498834134615 0
v 0.8203125 -0.05053125 0
v 0.8203125 -0.0328125 0
v 0.80390625 -0.0328125 0
v 0.804232142857 -0.01640625 0
v 0.78815625 -0.024609375 0
v 0.8203125 -0.01640625 0
v 0.8203125 0 0
v 0.80390625 0 0
v 0.7875 0 0
v 0.78815625 -0.008203125 0
v 0.7888125 -0.01640625 0
v 0.804238932292 0.0160735677083 0
v 0.78815625 0.008203125 0
v 0.8203125 0.01640625 0
v 0.8203125 0.0328125 0
v 0.812109375 0.03215625 0
v 0.80390625 0.0315 0
v 0.795703125 0.03215625 0
v 0.7875 0.0328125 0
v 0.78815625 0.024609375 0
v 0.7888125 0.01640625 0
v 0.7875 0.2296875 0
v 0.795703125 0.23034375 0
v 0.804238932292 0.246426432292 0
v 0.78815625 0.237890625 0
v 0.80390625 0.231 0
v 0.812109375 0.23034375 0
v 0.8203125 0.2296875 0
v 0.8203125 0.24609375 0
v 0.8203125 0.2625 0
v 0.80390625 0.2625 0
v 0.7875 0.2625 0
v 0.78815625 0.254296875 0
v 0.7888125 0.24609375 0
v 0.804232142857 0.27890625 0
v 0.78815625 0.270703125 0
v 0.8203125 0.27890625 0
v 0.8203125 0.2953125 0
v 0.80390625 0.2953125 0
v 0.78815625 0.287109375 0
v 0.7888125 0.27890625 0
v 0.804116586538 0.312383413462 0
v 0.8203125 0.31303125 0
v 0.83715625 -0.04965625 0
v 0.83803125 -0.0328125 0
v 0.837383413462 -0.0166165865385 0
v 0.83671875 0 0
v 0.837383413462 0.0166165865385 0
v 0.83803125 0.0328125 0
v 0.837709558824 0.0490042892157 0
v 0.82096875 0.041015625 0
v 0.83671875 0.065625 0
v 0.8203125 0.065625 0
v 0.82096875 0.057421875 0
v 0.821625 0.04921875 0
v 0.837709558824 0.0822457107843 0
v 0.82096875 0.073828125 0
v 0.83803125 0.0984375 0
v 0.8203125 0.0984375 0
v 0.82096875 0.090234375 0
v 0.821625 0.08203125 0
v 0.837709558824 0.114629289216 0
v 0.82096875 0.106640625 0
v 0.83671875 0.13125 0
v 0.8203125 0.13125 0
v 0.82096875 0.123046875 0
v 0.821625 0.11484375 0
v 0.837709558824 0.147870710784 0
v 0.82096875 0.139453125 0
v 0.83803125 0.1640625 0
v 0.8203125 0.1640625 0
v 0.82096875 0.155859375 0
v 0.821625 0.14765625 0
v 0.837709558824 0.180254289216 0
v 0.82096875 0.172265625 0
v 0.83671875 0.196875 0
v 0.8203125 0.196875 0
v 0.82096875 0.188671875 0
v 0.821625 0.18046875 0
v 0.837709558824 0.213495710784 0
v 0.82096875 0.205078125 0
v 0.83803125 0.2296875 0
v 0.82096875 0.221484375 0
v 0.821625 0.21328125 0
v 0.837383413462 0.245883413462 0
v 0.83671875 0.2625 0
v 0.837383413462 0.279116586538 0
v 0.83803125 0.2953125 0
v 0.83715625 0.31215625 0
v -0.812328125 0.040796875 0
v -0.80390625 0.040359375 0
v -0.80390625 0.04921875 0
v -0.812765625 0.04921875 0
v -0.812441706731 0.0573167067308 0
v -0.80390625 0.057421875 0
v -0.80390625 0.065625 0
v -0.812109375 0.065625 0
v -0.812441706731 0.0739332932692 0
v -0.80390625 0.073828125 0
v -0.80390625 0.08203125 0
v -0.812765625 0.08203125 0
v -0.812441706731 0.0901292067308 0
v -0.80390625 0.090234375 0
v -0.80390625 0.0984375 0
v -0.812109375 0.0984375 0
v -0.812839108403 0.106591191288 0
v -0.804695947403 0.106587976559 0
v -0.805485644806 0.114738453118 0
v -0.813555322403 0.114791101559 0
v -0.813247422945 0.122913909839 0
v -0.805546754544 0.123038074839 0
v -0.805607864282 0.131337696559 0
v -0.812960182141 0.13129384828 0
v -0.812867802151 0.139728634796 0
v -0.804757057141 0.13949697328 0
v -0.80390625 0.14765625 0
v -0.812765625 0.14765625 0
v -0.812441706731 0.155754206731 0
v -0.80390625 0.155859375 0
v -0.80390625 0.1640625 0
v -0.812109375 0.1640625 0
v -0.812441706731 0.172370793269 0
v -0.80390625 0.172265625 0
v -0.80390625 0.18046875 0
v -0.812765625 0.18046875 0
v -0.812441706731 0.188566706731 0
v -0.80390625 0.188671875 0
v -0.80390625 0.196875 0
v -0.812109375 0.196875 0
v -0.812441706731 0.205183293269 0
v -0.80390625 0.205078125 0
v -0.80390625 0.21328125 0
v -0.812765625 0.21328125 0
v -0.812328125 0.221703125 0
v -0.80390625 0.222140625 0
v -0.795808293269 0.0406832932692 0
v -0.7875 0.041015625 0
v -0.7875 0.04921875 0
v -0.795703125 0.04921875 0
v -0.786146202316 0.0595291785318 0
v -0.785678779539 0.0630890377219 0
v -0.786913497766 0.0641995000183 0
v -0.787764568267 0.0629748015714 0
v -0.785211356763 0.0666488969121 0
v -0.787297145491 0.0665346607616 0
v -0.789382934219 0.0664204246111 0
v -0.795461242927 0.0575269310843 0
v -0.786823101158 0.0543739642659 0
v -0.796644592109 0.0660227123055 0
v -0.789551302533 0.0750441182239 0
v -0.79232627827 0.0742258373055 0
v -0.786355678382 0.074340073456 0
v -0.7875 0.08203125 0
v -0.791384811161 0.08203125 0
v -0.795269622322 0.08203125 0
v -0.798024817324 0.0733351109948 0
v -0.799587936161 0.08203125 0
v -0.792483002141 0.0908059481662 0
v -0.797322934633 0.090234375 0
v -0.7875 0.090234375 0
v -0.7875 0.0984375 0
v -0.793438123472 0.0984375 0
v -0.799376246944 0.0984375 0
v -0.800507855533 0.089381533303 0
v -0.801641248472 0.0984375 0
v -0.793960573413 0.106837926904 0
v -0.800403677757 0.106599845192 0
v -0.7875 0.106640625 0
v -0.7875 0.11484375 0
v -0.794465554285 0.114802970192 0
v -0.801431108571 0.114762190384 0
v -0.802532587822 0.106444211158 0
v -0.803458376689 0.114750321751 0
v -0.794497333204 0.123051745123 0
v -0.80147350079 0.123040034744 0
v -0.7875 0.123046875 0
v -0.7875 0.13125 0
v -0.794507946505 0.131283939552 0
v -0.80151589301 0.131317879104 0
v -0.803511098547 0.123051658295 0
v -0.803561878646 0.131327787831 0
v -0.794056297723 0.139278848798 0
v -0.800599607688 0.139487064552 0
v -0.7875 0.139453125 0
v -0.7875 0.14765625 0
v -0.793591661183 0.14765625 0
v -0.799683322366 0.14765625 0
v -0.80267334406 0.139534166223 0
v -0.801794786183 0.14765625 0
v -0.792720879963 0.155369127929 0
v -0.797831062481 0.155859375 0
v -0.7875 0.155859375 0
v -0.7875 0.1640625 0
v -0.791739401298 0.1640625 0
v -0.795978802596 0.1640625 0
v -0.800774533859 0.156693056776 0
v -0.799942526298 0.1640625 0
v -0.790270274192 0.171195733172 0
v -0.79328899041 0.172082550459 0
v -0.786886735697 0.172023038734 0
v -0.786273471394 0.179983577468 0
v -0.788436324809 0.180043089193 0
v -0.790599178225 0.180102600918 0
v -0.79849795901 0.172865105002 0
v -0.797252714112 0.180285675459 0
v -0.78794846294 0.182962885813 0
v -0.788785958713 0.184452539985 0
v -0.786623105298 0.18439302826 0
v -0.786972739201 0.188802479052 0
v -0.795913066842 0.188852462682 0
v -0.787295057849 0.192867440143 0
v -0.787617376496 0.196932401233 0
v -0.795761813248 0.196903700616 0
v -0.795737225796 0.205102283447 0
v -0.787558688248 0.205106825616 0
v -0.7875 0.21328125 0
v -0.795703125 0.21328125 0
v -0.795808293269 0.221816706731 0
v -0.7875 0.221484375 0
v -0.779515625 -0.024828125 0
v -0.77109375 -0.025265625 0
v -0.77109375 -0.01640625 0
v -0.779953125 -0.01640625 0
v -0.779629206731 -0.00830829326923 0
v -0.77109375 -0.008203125 0
v -0.77109375 0 0
v -0.779296875 0 0
v -0.779629206731 0.00830829326923 0
v -0.77109375 0.008203125 0
v -0.77109375 0.01640625 0
v -0.779953125 0.01640625 0
v -0.780296325436 0.0239421021858 0
v -0.77215475412 0.0238265442449 0
v -0.773215758239 0.0312468384899 0
v -0.78035787912 0.0320296692449 0
v -0.772558162218 0.0368162124852 0
v -0.771825956109 0.0430174812426 0
v -0.774732577283 0.0450845708284 0
v -0.776551990925 0.0430174812426 0
v -0.77109375 0.04921875 0
v -0.775819784816 0.04921875 0
v -0.780545819632 0.04921875 0
v -0.781102729575 0.0395889457774 0
v -0.772886960229 0.0340315254876 0
v -0.784022909816 0.04921875 0
v -0.777870805658 0.0582512328755 0
v -0.783346010974 0.0543739642659 0
v -0.77109375 0.057421875 0
v -0.77109375 0.065625 0
v -0.778152553382 0.066136948456 0
v -0.784730673982 0.0526555595106 0
v -0.778651224275 0.0742866543246 0
v -0.77109375 0.073828125 0
v -0.77109375 0.08203125 0
v -0.779296875 0.08203125 0
v -0.779296875 0.090234375 0
v -0.77109375 0.090234375 0
v -0.77109375 0.0984375 0
v -0.779296875 0.0984375 0
v -0.779296875 0.106640625 0
v -0.77109375 0.106640625 0
v -0.77109375 0.11484375 0
v -0.779296875 0.11484375 0
v -0.779296875 0.123046875 0
v -0.77109375 0.123046875 0
v -0.77109375 0.13125 0
v -0.779296875 0.13125 0
v -0.779296875 0.139453125 0
v -0.77109375 0.139453125 0
v -0.77109375 0.14765625 0
v -0.779296875 0.14765625 0
v -0.779296875 0.155859375 0
v -0.77109375 0.155859375 0
v -0.77109375 0.1640625 0
v -0.779296875 0.1640625 0
v -0.778953211985 0.172038720969 0
v -0.77109375 0.172265625 0
v -0.77109375 0.18046875 0
v -0.778683610697 0.180226163734 0
v -0.778564403494 0.188272309187 0
v -0.77109375 0.188671875 0
v -0.77109375 0.196875 0
v -0.777122754868 0.196895944089 0
v -0.783151759735 0.196916888179 0
v -0.785062249468 0.192859683616 0
v -0.785384568116 0.196924644706 0
v -0.785913958477 0.194217256154 0
v -0.775048561131 0.203611357291 0
v -0.778826401531 0.204842874744 0
v -0.77051966129 0.204732147615 0
v -0.769945572579 0.212589295229 0
v -0.772223307953 0.212679078269 0
v -0.774501043327 0.212768861309 0
v -0.782843542476 0.206296222002 0
v -0.781000521663 0.213025055655 0
v -0.771617438457 0.214933159873 0
v -0.772453371394 0.216105092194 0
v -0.770175636021 0.216015309154 0
v -0.770405699462 0.21944132308 0
v -0.779374942252 0.221581796617 0
v -0.770749724731 0.22456441154 0
v -0.77109375 0.2296875 0
v -0.779296875 0.2296875 0
v -0.779629206731 0.237995793269 0
v -0.77109375 0.237890625 0
v -0.77109375 0.24609375 0
v -0.779953125 0.24609375 0
v -0.779629206731 0.254191706731 0
v -0.77109375 0.254296875 0
v -0.77109375 0.2625 0
v -0.779296875 0.2625 0
v -0.779629206731 0.270808293269 0
v -0.77109375 0.270703125 0
v -0.77109375 0.27890625 0
v -0.779953125 0.27890625 0
v -0.779515625 0.287328125 0
v -0.77109375 0.287765625 0
v -0.762995793269 -0.0249417067308 0
v -0.7546875 -0.024609375 0
v -0.7546875 -0.01640625 0
v -0.762890625 -0.01640625 0
v -0.762890625 -0.008203125 0
v -0.7546875 -0.008203125 0
v -0.7546875 0 0
v -0.762890625 0 0
v -0.753321488543 0.0132283768975 0
v -0.75307027032 0.0156611598165 0
v -0.754504855848 0.0163318681225 0
v -0.755347757724 0.0154508308159 0
v -0.752819052097 0.0180939427356 0
v -0.755096539501 0.017883613735 0
v -0.757374026904 0.0176732847343 0
v -0.762578419781 0.00849081245204 0
v -0.754004494272 0.00661418844875 0
v -0.764233888452 0.0170397673672 0
v -0.758985407444 0.0262692282536 0
v -0.763081817018 0.0246470693259 0
v -0.753753276048 0.0254532213678 0
v -0.7546875 0.0328125 0
v -0.761738553566 0.0322166769587 0
v -0.768789607132 0.0316208539174 0
v -0.767041676308 0.0230047580933 0
v -0.771002682685 0.0314338462036 0
v -0.76321788815 0.0407589808632 0
v -0.770673884675 0.0342185332013 0
v -0.7546875 0.041015625 0
v -0.7546875 0.04921875 0
v -0.762890625 0.04921875 0
v -0.771521175863 0.0332279682975 0
v -0.762890625 0.057421875 0
v -0.7546875 0.057421875 0
v -0.762890625 0.065625 0
v -0.762558293269 0.0739332932692 0
v -0.762234375 0.08203125 0
v -0.762558293269 0.0901292067308 0
v -0.762890625 0.0984375 0
v -0.762558293269 0.106745793269 0
v -0.762234375 0.11484375 0
v -0.762558293269 0.122941706731 0
v -0.762890625 0.13125 0
v -0.762558293269 0.139558293269 0
v -0.762234375 0.14765625 0
v -0.762558293269 0.155754206731 0
v -0.762890625 0.1640625 0
v -0.762558293269 0.172370793269 0
v -0.762234375 0.18046875 0
v -0.762558293269 0.188566706731 0
v -0.762890625 0.196875 0
v -0.762548176508 0.204807196095 0
v -0.7546875 0.205078125 0
v -0.7546875 0.21328125 0
v -0.76231653629 0.212935272615 0
v -0.761700452966 0.220588876774 0
v -0.7546875 0.221484375 0
v -0.7546875 0.2296875 0
v -0.759151400261 0.2296875 0
v -0.763615300521 0.2296875 0
v -0.767010499992 0.22456441154 0
v -0.767354525261 0.2296875 0
v -0.768371583327 0.226272107693 0
v -0.757915951277 0.233457938156 0
v -0.759530176914 0.235343157233 0
v -0.755066276654 0.235343157233 0
v -0.755445053307 0.240998814467 0
v -0.764314312083 0.239079561747 0
v -0.755645640124 0.243993851968 0
v -0.755846226941 0.24698888947 0
v -0.763469988471 0.246541319735 0
v -0.763253434966 0.254618687171 0
v -0.755266863471 0.254744444735 0
v -0.7546875 0.2625 0
v -0.762890625 0.2625 0
v -0.762890625 0.270703125 0
v -0.7546875 0.270703125 0
v -0.7546875 0.27890625 0
v -0.762890625 0.27890625 0
v -0.762995793269 0.287441706731 0
v -0.7546875 0.287109375 0
v -0.746379206731 -0.0249417067308 0
v -0.73828125 -0.025265625 0
v -0.73828125 -0.01640625 0
v -0.746484375 -0.01640625 0
v -0.737059723313 -0.002681209568 0
v -0.736862486045 -0.000465057032335 0
v -0.738370809835 0.000120719203265 0
v -0.739223590364 -0.000694468946769 0
v -0.736665248778 0.00175109550333 0
v -0.739026353097 0.0015216835889 0
v -0.741387457416 0.00129227167447 0
v -0.746209512631 -0.0079103768926 0
v -0.737670486656 -0.009543729784 0
v -0.748037478708 0.000646135837233 0
v -0.744008096427 0.0106803151 0
v -0.747354472979 0.00726032428598 0
v -0.737473249389 0.00907867275167 0
v -0.73828125 0.01640625 0
v -0.745550151048 0.0172500963678 0
v -0.74979881532 0.00484021619065 0
v -0.745878452878 0.0251888330906 0
v -0.73828125 0.024609375 0
v -0.73828125 0.0328125 0
v -0.746484375 0.0328125 0
v -0.746484375 0.041015625 0
v -0.73828125 0.041015625 0
v -0.73828125 0.04921875 0
v -0.746484375 0.04921875 0
v -0.746379206731 0.0577542067308 0
v -0.73828125 0.058078125 0
v -0.746379206731 0.204745793269 0
v -0.73828125 0.204421875 0
v -0.73828125 0.21328125 0
v -0.746484375 0.21328125 0
v -0.746484375 0.221484375 0
v -0.73828125 0.221484375 0
v -0.73828125 0.2296875 0
v -0.746484375 0.2296875 0
v -0.746466437937 0.237855702396 0
v -0.73828125 0.237890625 0
v -0.73828125 0.24609375 0
v -0.744659796579 0.246418810991 0
v -0.751038343158 0.246743871981 0
v -0.753241698233 0.243871343224 0
v -0.75344228505 0.246866380726 0
v -0.75410987447 0.244910525306 0
v -0.743258719578 0.250865860967 0
v -0.745747454367 0.25325191645 0
v -0.739368907788 0.25292685546 0
v -0.740456565576 0.25975996092 0
v -0.749129231448 0.256694441818 0
v -0.740880396959 0.262422640826 0
v -0.741304228342 0.265085320733 0
v -0.747995864171 0.263792660367 0
v -0.747448044182 0.271608888843 0
v -0.739792739171 0.271995785367 0
v -0.73828125 0.27890625 0
v -0.746484375 0.27890625 0
v -0.746484375 0.287109375 0
v -0.73828125 0.287109375 0
v -0.73828125 0.2953125 0
v -0.746484375 0.2953125 0
v -0.746816706731 0.303620793269 0
v -0.73828125 0.303515625 0
v -0.73828125 0.31171875 0
v -0.747140625 0.31171875 0
v -0.746703125 0.320140625 0
v -0.73828125 0.320578125 0
v -0.73081485716 -0.0256726323064 0
v -0.722771688955 -0.0257564202436 0
v -0.723668377911 -0.0187003404872 0
v -0.730974813955 -0.0175532952436 0
v -0.723251740472 -0.0143558786125 0
v -0.722563370236 -0.00717793930625 0
v -0.728451276557 -0.00441123578402 0
v -0.730155731892 -0.00851854409025 0
v -0.729270124389 0.000875547751667 0
v -0.731791785118 -0.0124306797632 0
v -0.723460059192 -0.0165281095498 0
v -0.729181721636 0.00886658721115 0
v -0.729421875 0.01640625 0
v -0.729745793269 0.0245042067308 0
v -0.730078125 0.0328125 0
v -0.729745793269 0.0411207932692 0
v -0.729421875 0.04921875 0
v -0.729859375 0.057640625 0
v -0.729859375 0.204859375 0
v -0.729421875 0.21328125 0
v -0.729745793269 0.221379206731 0
v -0.730078125 0.2296875 0
v -0.730078125 0.237890625 0
v -0.721875 0.237890625 0
v -0.721875 0.24609375 0
v -0.730078125 0.24609375 0
v -0.730706120864 0.254859927918 0
v -0.721875 0.254296875 0
v -0.721875 0.2625 0
v -0.729167757974 0.263470399753 0
v -0.736460515948 0.264440799507 0
v -0.738458540762 0.262100380213 0
v -0.738882372145 0.26476306012 0
v -0.739407103288 0.263095360386 0
v -0.726295897492 0.269225542433 0
v -0.730632883597 0.270981448314 0
v -0.720850263414 0.269755308707 0
v -0.719825526827 0.277010617413 0
v -0.722315389036 0.277266357267 0
v -0.724805251245 0.27752209712 0
v -0.73463229912 0.272530082392 0
v -0.731543250623 0.27821417356 0
v -0.721681589668 0.278932780472 0
v -0.722609621088 0.279893862001 0
v -0.720119758879 0.279638122148 0
v -0.720413990931 0.282265626882 0
v -0.729752611015 0.286803668452 0
v -0.721144495465 0.288789063441 0
v -0.721875 0.2953125 0
v -0.730078125 0.2953125 0
v -0.730078125 0.303515625 0
v -0.721875 0.303515625 0
v -0.721875 0.31171875 0
v -0.730078125 0.31171875 0
v -0.730183293269 0.320254206731 0
v -0.721875 0.319921875 0
v -0.713890625 -0.057640625 0
v -0.70546875 -0.058078125 0
v -0.70546875 -0.04921875 0
v -0.714328125 -0.04921875 0
v -0.714004206731 -0.0411207932692 0
v -0.70546875 -0.041015625 0
v -0.70546875 -0.0328125 0
v -0.713671875 -0.0328125 0
v -0.70546875 -0.0275971998012 0
v -0.70546875 -0.0220017249006 0
v -0.70982053579 -0.0206851157483 0
v -0.711996428685 -0.0228245486224 0
v -0.70546875 -0.01640625 0
v -0.711996428685 -0.0172290737218 0
v -0.718524107369 -0.0180518974437 0
v -0.715484883324 -0.0266805311097 0
v -0.70546875 -0.0302048499006 0
v -0.72109624264 -0.0183761189654 0
v -0.713912754415 -0.00830132540287 0
v -0.720887923921 -0.0162038880281 0
v -0.70546875 -0.007546875 0
v -0.721814741917 -0.0170360388478 0
v -0.713566706731 0.237558293269 0
v -0.70546875 0.237234375 0
v -0.70546875 0.24609375 0
v -0.713671875 0.24609375 0
v -0.713671875 0.254296875 0
v -0.70546875 0.254296875 0
v -0.70546875 0.2625 0
v -0.713671875 0.2625 0
v -0.713003289351 0.270056675395 0
v -0.70546875 0.270703125 0
v -0.70546875 0.27890625 0
v -0.712647138414 0.277958433707 0
v -0.71123487236 0.284734604626 0
v -0.704680465664 0.286334931223 0
v -0.703892181327 0.293763612446 0
v -0.706451667128 0.293984064855 0
v -0.709011152928 0.294204517264 0
v -0.714712571929 0.288235072073 0
v -0.715443076464 0.294758508632 0
v -0.717100047953 0.290594214715 0
v -0.705750344974 0.29563984516 0
v -0.706679426799 0.296577961517 0
v -0.704119940998 0.296357509108 0
v -0.704347700669 0.298951405771 0
v -0.713494626164 0.303341484846 0
v -0.704908225335 0.305335077885 0
v -0.70546875 0.31171875 0
v -0.713671875 0.31171875 0
v -0.713671875 0.319921875 0
v -0.70546875 0.319921875 0
v -0.70546875 0.328125 0
v -0.713671875 0.328125 0
v -0.714004206731 0.336433293269 0
v -0.70546875 0.336328125 0
v -0.70546875 0.34453125 0
v -0.714328125 0.34453125 0
v -0.713890625 0.352953125 0
v -0.70546875 0.353390625 0
v -0.697370793269 -0.0577542067308 0
v -0.6890625 -0.057421875 0
v -0.6890625 -0.04921875 0
v -0.697265625 -0.04921875 0
v -0.6890625 -0.0384356092514 0
v -0.6890625 -0.0356240546257 0
v -0.691972795801 -0.0346868697505 0
v -0.693427943702 -0.0356240546257 0
v -0.6890625 -0.0328125 0
v -0.693427943702 -0.0328125 0
v -0.697793387404 -0.0328125 0
v -0.697796760052 -0.0416507151614 0
v -0.6890625 -0.0438271796257 0
v -0.701631068702 -0.0328125 0
v -0.696812179304 -0.0240900556832 0
v -0.701631068702 -0.0302048499006 0
v -0.6890625 -0.024609375 0
v -0.6890625 -0.01640625 0
v -0.697265625 -0.01640625 0
v -0.702910295801 -0.0310740666004 0
v -0.697370793269 -0.00787079326923 0
v -0.6890625 -0.008203125 0
v -0.697046875 0.237671875 0
v -0.696609375 0.24609375 0
v -0.696933293269 0.254191706731 0
v -0.697265625 0.2625 0
v -0.697265625 0.270703125 0
v -0.6890625 0.270703125 0
v -0.6890625 0.27890625 0
v -0.697265625 0.27890625 0
v -0.696742651725 0.286590529533 0
v -0.6890625 0.287109375 0
v -0.6890625 0.2953125 0
v -0.696477340664 0.294538056223 0
v -0.694969607588 0.301212308055 0
v -0.688262179145 0.30269052117 0
v -0.687461858291 0.31006854234 0
v -0.690066694679 0.310307257662 0
v -0.692671531068 0.310545972985 0
v -0.698509615868 0.304748689378 0
v -0.699070140534 0.311132361492 0
v -0.700829327245 0.307072042918 0
v -0.689348969556 0.311926045997 0
v -0.690292525189 0.312854797825 0
v -0.687687688801 0.312616082503 0
v -0.687913519311 0.315163622666 0
v -0.697071980565 0.319722492667 0
v -0.688488009655 0.321644311333 0
v -0.6890625 0.328125 0
v -0.697265625 0.328125 0
v -0.697265625 0.336328125 0
v -0.6890625 0.336328125 0
v -0.6890625 0.34453125 0
v -0.697265625 0.34453125 0
v -0.697370793269 0.353066706731 0
v -0.6890625 0.352734375 0
v -0.681078125 -0.090453125 0
v -0.67265625 -0.090890625 0
v -0.67265625 -0.08203125 0
v -0.681515625 -0.08203125 0
v -0.681191706731 -0.0739332932692 0
v -0.67265625 -0.073828125 0
v -0.67265625 -0.065625 0
v -0.680859375 -0.065625 0
v -0.681367714856 -0.0580718411856 0
v -0.673283996578 -0.0585315874836 0
v -0.673911743157 -0.0514381749671 0
v -0.681487121578 -0.0503284624836 0
v -0.673656895932 -0.0476574282896 0
v -0.673156572966 -0.0402349641448 0
v -0.679893365623 -0.0382525813235 0
v -0.681359697966 -0.0430465187705 0
v -0.67265625 -0.0328125 0
v -0.680859375 -0.0328125 0
v -0.682622909562 -0.0462233719208 0
v -0.673784319544 -0.0495478016284 0
v -0.680859375 -0.024609375 0
v -0.67265625 -0.024609375 0
v -0.67265625 -0.01640625 0
v -0.680859375 -0.01640625 0
v -0.680754206731 -0.00787079326923 0
v -0.67265625 -0.007546875 0
v -0.680754206731 0.270370793269 0
v -0.67265625 0.270046875 0
v -0.67265625 0.27890625 0
v -0.680859375 0.27890625 0
v -0.680859375 0.287109375 0
v -0.67265625 0.287109375 0
v -0.67265625 0.2953125 0
v -0.680859375 0.2953125 0
v -0.680321243043 0.3029701405 0
v -0.67265625 0.303515625 0
v -0.67265625 0.31171875 0
v -0.680059054145 0.31089364617 0
v -0.678431472814 0.31742384566 0
v -0.671652974146 0.318841910165 0
v -0.670649698292 0.325965070331 0
v -0.673270782429 0.326272538878 0
v -0.675891866566 0.326580007425 0
v -0.681902692938 0.320871815046 0
v -0.682477183283 0.327352503713 0
v -0.684289295292 0.323289543364 0
v -0.672576744586 0.327832374685 0
v -0.673540267733 0.328766026861 0
v -0.670919183596 0.328458558314 0
v -0.6711886689 0.330952046297 0
v -0.680516996629 0.335965509501 0
v -0.67192245945 0.337741648149 0
v -0.67265625 0.34453125 0
v -0.680859375 0.34453125 0
v -0.680859375 0.352734375 0
v -0.67265625 0.352734375 0
v -0.67265625 0.3609375 0
v -0.680859375 0.3609375 0
v -0.681191706731 0.369245793269 0
v -0.67265625 0.369140625 0
v -0.67265625 0.37734375 0
v -0.681515625 0.37734375 0
v -0.681078125 0.385765625 0
v -0.67265625 0.386203125 0
v -0.664558293269 -0.0905667067308 0
v -0.65625 -0.090234375 0
v -0.65625 -0.08203125 0
v -0.664453125 -0.08203125 0
v -0.664453125 -0.073828125 0
v -0.65625 -0.073828125 0
v -0.65625 -0.065625 0
v -0.664453125 -0.065625 0
v -0.65625 -0.0571640696655 0
v -0.65625 -0.0531914098328 0
v -0.660239897292 -0.0523685717503 0
v -0.662234845938 -0.0539434826254 0
v -0.65625 -0.04921875 0
v -0.662234845938 -0.0499708227927 0
v -0.668219691876 -0.0507228955853 0
v -0.665537497815 -0.0590859769913 0
v -0.65625 -0.0613945348328 0
v -0.671065717516 -0.0510805352762 0
v -0.664684591478 -0.0413758640628 0
v -0.670938293904 -0.0491901619375 0
v -0.65625 -0.041015625 0
v -0.664453125 -0.0328125 0
v -0.671929443655 -0.049939499614 0
v -0.664120793269 -0.0245042067308 0
v -0.663796875 -0.01640625 0
v -0.664234375 -0.007984375 0
v -0.664234375 0.270484375 0
v -0.663796875 0.27890625 0
v -0.664120793269 0.287004206731 0
v -0.664453125 0.2953125 0
v -0.664453125 0.303515625 0
v -0.65625 0.303515625 0
v -0.65625 0.31171875 0
v -0.664453125 0.31171875 0
v -0.663769633902 0.319216538972 0
v -0.65625 0.319921875 0
v -0.65625 0.328125 0
v -0.663449849146 0.327045035165 0
v -0.662960009095 0.332493156861 0
v -0.657259549557 0.335406037022 0
v -0.658269099115 0.342687074045 0
v -0.664728884007 0.336819560171 0
v -0.658607691758 0.345129059733 0
v -0.666295026059 0.340851215399 0
v -0.658946284401 0.347571045421 0
v -0.665801267201 0.346051147711 0
v -0.665386576723 0.353712949885 0
v -0.657598142201 0.354254272711 0
v -0.65625 0.3609375 0
v -0.664453125 0.3609375 0
v -0.664453125 0.369140625 0
v -0.65625 0.369140625 0
v -0.65625 0.37734375 0
v -0.664453125 0.37734375 0
v -0.664558293269 0.385879206731 0
v -0.65625 0.385546875 0
v -0.647941706731 -0.0905667067308 0
v -0.63984375 -0.090890625 0
v -0.63984375 -0.08203125 0
v -0.648046875 -0.08203125 0
v -0.648748153916 -0.0747660384401 0
v -0.640642226233 -0.0754884373015 0
v -0.641440702466 -0.068945624603 0
v -0.648845351233 -0.0672853123015 0
v -0.641103064259 -0.0647748388598 0
v -0.640473407129 -0.0569967944299 0
v -0.647484698241 -0.0552527889937 0
v -0.648676532129 -0.0609694542627 0
v -0.63984375 -0.04921875 0
v -0.648046875 -0.04921875 0
v -0.649576060321 -0.06381404265 0
v -0.641271883362 -0.0668602317314 0
v -0.647941706731 -0.0406832932692 0
v -0.63984375 -0.040359375 0
v -0.647941706731 0.303183293269 0
v -0.63984375 0.302859375 0
v -0.63984375 0.31171875 0
v -0.648046875 0.31171875 0
v -0.648046875 0.319921875 0
v -0.63984375 0.319921875 0
v -0.63984375 0.328125 0
v -0.648046875 0.328125 0
v -0.648639922807 0.336972680361 0
v -0.63984375 0.336328125 0
v -0.63984375 0.34453125 0
v -0.646772187972 0.345633775643 0
v -0.653700625945 0.346736301286 0
v -0.65598486253 0.344711687665 0
v -0.656323455173 0.347153673354 0
v -0.656972003152 0.345664806917 0
v -0.644813325189 0.349682713898 0
v -0.647298112783 0.352258445847 0
v -0.640369674811 0.351155920204 0
v -0.640895599621 0.357780590407 0
v -0.650648818897 0.355557523159 0
v -0.641089156804 0.360218681315 0
v -0.641282713986 0.362656772223 0
v -0.648766356993 0.361797136112 0
v -0.648552376462 0.369687868941 0
v -0.640563231993 0.370000261112 0
v -0.63984375 0.37734375 0
v -0.648046875 0.37734375 0
v -0.647941706731 0.385879206731 0
v -0.63984375 0.386203125 0
v -0.631745793269 -0.0905667067308 0
v -0.6234375 -0.090234375 0
v -0.6234375 -0.08203125 0
v -0.631640625 -0.08203125 0
v -0.6234375 -0.0729963759241 0
v -0.6234375 -0.0693106879621 0
v -0.627256889817 -0.0687865977383 0
v -0.629166584725 -0.0703673966075 0
v -0.6234375 -0.065625 0
v -0.629166584725 -0.0666817086454 0
v -0.63489566945 -0.0677384172908 0
v -0.632630227604 -0.0756368575181 0
v -0.6234375 -0.0775138129621 0
v -0.638168185958 -0.0683420209469 0
v -0.631986839077 -0.058006501156 0
v -0.637999366854 -0.0662566280753 0
v -0.6234375 -0.057421875 0
v -0.6234375 -0.04921875 0
v -0.631640625 -0.04921875 0
v -0.639146478725 -0.0671529602512 0
v -0.631745793269 -0.0406832932692 0
v -0.6234375 -0.041015625 0
v -0.631421875 0.303296875 0
v -0.630984375 0.31171875 0
v -0.631308293269 0.319816706731 0
v -0.631640625 0.328125 0
v -0.631640625 0.336328125 0
v -0.6234375 0.336328125 0
v -0.6234375 0.34453125 0
v -0.631640625 0.34453125 0
v -0.631798735417 0.352923483948 0
v -0.6234375 0.352734375 0
v -0.6234375 0.3609375 0
v -0.629570807462 0.361528404943 0
v -0.635704114924 0.362119309886 0
v -0.638299857273 0.359949950147 0
v -0.638493414455 0.362388041055 0
v -0.639294142843 0.360852224172 0
v -0.627526371641 0.365023995434 0
v -0.629570807462 0.367067243151 0
v -0.6234375 0.366476338208 0
v -0.6234375 0.372015176416 0
v -0.633333224281 0.370959385383 0
v -0.6234375 0.374679463208 0
v -0.6234375 0.37734375 0
v -0.631640625 0.37734375 0
v -0.631745793269 0.385879206731 0
v -0.6234375 0.385546875 0
v -0.615453125 -0.681078125 0
v -0.60703125 -0.681515625 0
v -0.60703125 -0.67265625 0
v -0.615890625 -0.67265625 0
v -0.615566706731 -0.664558293269 0
v -0.60703125 -0.664453125 0
v -0.60703125 -0.65625 0
v -0.615234375 -0.65625 0
v -0.615566706731 -0.647941706731 0
v -0.60703125 -0.648046875 0
v -0.60703125 -0.63984375 0
v -0.615890625 -0.63984375 0
v -0.615566706731 -0.631745793269 0
v -0.60703125 -0.631640625 0
v -0.60703125 -0.6234375 0
v -0.615234375 -0.6234375 0
v -0.615566706731 -0.615129206731 0
v -0.60703125 -0.615234375 0
v -0.60703125 -0.60703125 0
v -0.615890625 -0.60703125 0
v -0.616054246936 -0.599154067801 0
v -0.60798544143 -0.598936405676 0
v -0.60893963286 -0.590841561352 0
v -0.61618856643 -0.590733280676 0
v -0.616885491518 -0.582520034104 0
v -0.609696684169 -0.582581420705 0
v -0.610453735477 -0.574321280059 0
v -0.617601867738 -0.574270015029 0
v -0.617209906812 -0.566116243968 0
v -0.610350779526 -0.565992738845 0
v -0.610247823576 -0.557664197631 0
v -0.616842661788 -0.557738348816 0
v -0.616678348285 -0.54923436838 0
v -0.609269507006 -0.54946238913 0
v -0.608291190437 -0.541260580628 0
v -0.616520595218 -0.541333415314 0
v -0.615889950715 -0.533170166292 0
v -0.607661220218 -0.533130290314 0
v -0.60703125 -0.525 0
v -0.615234375 -0.525 0
v -0.615566706731 -0.516691706731 0
v -0.60703125 -0.516796875 0
v -0.60703125 -0.50859375 0
v -0.615890625 -0.50859375 0
v -0.615566706731 -0.500495793269 0
v -0.60703125 -0.500390625 0
v -0.60703125 -0.4921875 0
v -0.615234375 -0.4921875 0
v -0.615566706731 -0.483879206731 0
v -0.60703125 -0.483984375 0
v -0.60703125 -0.47578125 0
v -0.615890625 -0.47578125 0
v -0.615566706731 -0.467683293269 0
v -0.60703125 -0.467578125 0
v -0.60703125 -0.459375 0
v -0.615234375 -0.459375 0
v -0.615566706731 -0.451066706731 0
v -0.60703125 -0.451171875 0
v -0.60703125 -0.44296875 0
v -0.615890625 -0.44296875 0
v -0.615453125 -0.434546875 0
v -0.60703125 -0.434109375 0
v -0.615224733741 -0.0907133861766 0
v -0.607138875527 -0.0911491623564 0
v -0.607246501055 -0.0825483247128 0
v -0.615342000527 -0.0822897873564 0
v -0.607214343377 -0.0800200452427 0
v -0.607122796688 -0.0728225226213 0
v -0.614399346958 -0.0712493090735 0
v -0.615325921688 -0.0765082105834 0
v -0.60703125 -0.065625 0
v -0.615234375 -0.065625 0
v -0.616851183422 -0.0790445424574 0
v -0.607230422216 -0.0812841849777 0
v -0.615234375 -0.057421875 0
v -0.60703125 -0.057421875 0
v -0.60703125 -0.04921875 0
v -0.615234375 -0.04921875 0
v -0.615129206731 -0.0406832932692 0
v -0.60703125 -0.040359375 0
v -0.615129206731 0.335995793269 0
v -0.60703125 0.335671875 0
v -0.60703125 0.34453125 0
v -0.615234375 0.34453125 0
v -0.615234375 0.352734375 0
v -0.60703125 0.352734375 0
v -0.60703125 0.3609375 0
v -0.615234375 0.3609375 0
v -0.614801575161 0.368669377444 0
v -0.60703125 0.369140625 0
v -0.60703125 0.37734375 0
v -0.611783555965 0.37734375 0
v -0.616535861931 0.37734375 0
v -0.619986680965 0.374679463208 0
v -0.619986680965 0.37734375 0
v -0.621136953976 0.375567558805 0
v -0.610199453978 0.379687250888 0
v -0.611783555965 0.380859001331 0
v -0.60703125 0.380859001331 0
v -0.60703125 0.384374252662 0
v -0.615947925106 0.386377302208 0
v -0.60703125 0.389062126331 0
v -0.60703125 0.39375 0
v -0.615234375 0.39375 0
v -0.615566706731 0.402058293269 0
v -0.60703125 0.401953125 0
v -0.60703125 0.41015625 0
v -0.615890625 0.41015625 0
v -0.615453125 0.418578125 0
v -0.60703125 0.419015625 0
v -0.598933293269 -0.681191706731 0
v -0.590625 -0.680859375 0
v -0.590625 -0.67265625 0
v -0.598828125 -0.67265625 0
v -0.598828125 -0.664453125 0
v -0.590625 -0.664453125 0
v -0.590625 -0.65625 0
v -0.598828125 -0.65625 0
v -0.599750379677 -0.648772249318 0
v -0.59221971191 -0.648923606584 0
v -0.593814423821 -0.641597213168 0
v -0.60042283691 -0.640720481584 0
v -0.592655634675 -0.634999382433 0
v -0.591640317337 -0.629218441217 0
v -0.593625616882 -0.627291460811 0
v -0.595125925324 -0.629218441217 0
v -0.590625 -0.6234375 0
v -0.594110607986 -0.6234375 0
v -0.597596215973 -0.6234375 0
v -0.600543708922 -0.632630280657 0
v -0.593235029248 -0.638298297801 0
v -0.602313732986 -0.6234375 0
v -0.595426827679 -0.61452890145 0
v -0.600020192002 -0.615234375 0
v -0.590625 -0.615234375 0
v -0.590625 -0.60703125 0
v -0.596534584016 -0.60703125 0
v -0.602444168032 -0.60703125 0
v -0.603386044988 -0.616179747219 0
v -0.604737709016 -0.60703125 0
v -0.597255747853 -0.598579576971 0
v -0.603856871689 -0.598914707381 0
v -0.590625 -0.598828125 0
v -0.590625 -0.590625 0
v -0.597947287673 -0.590711582381 0
v -0.605269575347 -0.590798164762 0
v -0.605876659548 -0.599223317778 0
v -0.607104604104 -0.590819863057 0
v -0.5982725301 -0.582373679869 0
v -0.60589583785 -0.582549557597 0
v -0.590625 -0.582421875 0
v -0.590625 -0.57421875 0
v -0.598573550177 -0.574259850216 0
v -0.606522100353 -0.574300950432 0
v -0.607804614562 -0.582471579893 0
v -0.608487917915 -0.574311115245 0
v -0.598560153778 -0.56601654721 0
v -0.606462997926 -0.565997099557 0
v -0.590625 -0.566015625 0
v -0.598514447749 -0.557752874341 0
v -0.606403895499 -0.557693248682 0
v -0.608408155508 -0.56602601468 0
v -0.608325859537 -0.557678723156 0
v -0.597864835251 -0.549546908926 0
v -0.60576099028 -0.549489092109 0
v -0.59721529253 -0.541345592768 0
v -0.60511808506 -0.541284935536 0
v -0.607541085626 -0.5497371243 0
v -0.606704637749 -0.541272758082 0
v -0.596974580036 -0.53352319601 0
v -0.603974619963 -0.533142467768 0
v -0.596728077432 -0.525 0
v -0.602831154865 -0.525 0
v -0.605776348247 -0.532759729192 0
v -0.604931202432 -0.525 0
v -0.595964802186 -0.517211705011 0
v -0.601223295311 -0.516796875 0
v -0.590625 -0.516796875 0
v -0.590625 -0.50859375 0
v -0.595120217879 -0.50859375 0
v -0.599615435757 -0.50859375 0
v -0.60405308669 -0.516039897509 0
v -0.603323342879 -0.50859375 0
v -0.594206550356 -0.501184636178 0
v -0.597592271022 -0.500390625 0
v -0.590625 -0.500390625 0
v -0.590625 -0.4921875 0
v -0.593097053144 -0.4921875 0
v -0.595569106287 -0.4921875 0
v -0.602239485823 -0.499804535012 0
v -0.601300178144 -0.4921875 0
v -0.591108857939 -0.484720416397 0
v -0.593309935017 -0.484446261505 0
v -0.588780330801 -0.484565200949 0
v -0.586935661601 -0.476942901898 0
v -0.588993212674 -0.476823962454 0
v -0.591050763746 -0.47670502301 0
v -0.600162182941 -0.483765395108 0
v -0.599041006873 -0.476243136505 0
v -0.588858317962 -0.474240066819 0
v -0.589819646138 -0.472888649275 0
v -0.587762095065 -0.473007588719 0
v -0.588588528529 -0.469072275541 0
v -0.598269141152 -0.46781623145 0
v -0.589606764265 -0.46422363777 0
v -0.590625 -0.459375 0
v -0.598828125 -0.459375 0
v -0.598828125 -0.451171875 0
v -0.590625 -0.451171875 0
v -0.590625 -0.44296875 0
v -0.598828125 -0.44296875 0
v -0.598933293269 -0.434433293269 0
v -0.590625 -0.434765625 0
v -0.590625 -0.0867656588818 0
v -0.590625 -0.0843984544409 0
v -0.594265044265 -0.0837226236505 0
v -0.596085066398 -0.0845683104758 0
v -0.590625 -0.08203125 0
v -0.596085066398 -0.082201106035 0
v -0.601545132795 -0.0823709620699 0
v -0.599429022284 -0.0913917769437 0
v -0.590625 -0.0926015794409 0
v -0.604395816925 -0.0824596433913 0
v -0.598752118839 -0.0737696527755 0
v -0.604379738086 -0.0811955036563 0
v -0.590625 -0.073828125 0
v -0.598828125 -0.065625 0
v -0.605335325742 -0.0816464440084 0
v -0.598495793269 -0.0573167067308 0
v -0.598171875 -0.04921875 0
v -0.598609375 -0.040796875 0
v -0.598609375 0.336109375 0
v -0.598171875 0.34453125 0
v -0.598495793269 0.352629206731 0
v -0.598828125 0.3609375 0
v -0.598828125 0.369140625 0
v -0.590625 0.369140625 0
v -0.590625 0.37734375 0
v -0.598828125 0.37734375 0
v -0.597504831874 0.383851852163 0
v -0.5899657754 0.384537116028 0
v -0.589306550801 0.391730482055 0
v -0.592374450367 0.392080032598 0
v -0.595442349933 0.392429583141 0
v -0.601236799966 0.388401917901 0
v -0.601236799966 0.39308979157 0
v -0.60316828331 0.390184611934 0
v -0.591459491379 0.393468298694 0
v -0.59253596167 0.394337207014 0
v -0.589468062104 0.393987656472 0
v -0.589629573408 0.396244830888 0
v -0.598669601062 0.401714983656 0
v -0.590127286704 0.403200540444 0
v -0.590625 0.41015625 0
v -0.598828125 0.41015625 0
v -0.598933293269 0.418691706731 0
v -0.590625 0.418359375 0
v -0.582640625 -0.713890625 0
v -0.57421875 -0.714328125 0
v -0.57421875 -0.70546875 0
v -0.583078125 -0.70546875 0
v -0.582754206731 -0.697370793269 0
v -0.57421875 -0.697265625 0
v -0.57421875 -0.6890625 0
v -0.582421875 -0.6890625 0
v -0.582421875 -0.680859375 0
v -0.57421875 -0.680859375 0
v -0.57421875 -0.67265625 0
v -0.582421875 -0.67265625 0
v -0.573965804206 -0.661743625799 0
v -0.573898100243 -0.658822731577 0
v -0.575634721479 -0.657885569263 0
v -0.576536884079 -0.658877435217 0
v -0.57383039628 -0.655901837355 0
v -0.576469180116 -0.655956540995 0
v -0.579107963952 -0.656011244636 0
v -0.582690739865 -0.664716217809 0
v -0.574092277103 -0.667199937899 0
v -0.584866481976 -0.656130622318 0
v -0.579536822206 -0.646971223397 0
v -0.584234452269 -0.648604975258 0
v -0.57402457314 -0.647872793678 0
v -0.57421875 -0.63984375 0
v -0.581789845294 -0.64052122794 0
v -0.589360940587 -0.641198705881 0
v -0.587725921047 -0.649819098929 0
v -0.591587682204 -0.641397959524 0
v -0.582961639207 -0.631989400189 0
v -0.591008287631 -0.638099044157 0
v -0.57421875 -0.631640625 0
v -0.57421875 -0.6234375 0
v -0.582421875 -0.6234375 0
v -0.591943666364 -0.639265100498 0
v -0.582421875 -0.615234375 0
v -0.57421875 -0.615234375 0
v -0.57421875 -0.60703125 0
v -0.582421875 -0.60703125 0
v -0.582421875 -0.598828125 0
v -0.57421875 -0.598828125 0
v -0.57421875 -0.590625 0
v -0.582421875 -0.590625 0
v -0.582421875 -0.582421875 0
v -0.57421875 -0.582421875 0
v -0.57421875 -0.57421875 0
v -0.582421875 -0.57421875 0
v -0.582316706731 -0.565683293269 0
v -0.57421875 -0.565359375 0
v -0.582316706731 -0.517129206731 0
v -0.57421875 -0.517453125 0
v -0.57421875 -0.50859375 0
v -0.582421875 -0.50859375 0
v -0.582421875 -0.500390625 0
v -0.57421875 -0.500390625 0
v -0.57421875 -0.4921875 0
v -0.582421875 -0.4921875 0
v -0.581439279711 -0.484618776477 0
v -0.57421875 -0.483984375 0
v -0.57421875 -0.47578125 0
v -0.580577205801 -0.476362075949 0
v -0.580865114734 -0.468104277378 0
v -0.57421875 -0.467578125 0
v -0.57421875 -0.459375 0
v -0.579733069511 -0.459375 0
v -0.585247389022 -0.459375 0
v -0.586917958776 -0.46422363777 0
v -0.587936194511 -0.459375 0
v -0.588153639184 -0.46260742518 0
v -0.578390192944 -0.452233881209 0
v -0.582162218573 -0.451171875 0
v -0.57421875 -0.451171875 0
v -0.57421875 -0.44296875 0
v -0.576647899061 -0.44296875 0
v -0.579077048123 -0.44296875 0
v -0.586206155615 -0.450175038083 0
v -0.584851024061 -0.44296875 0
v -0.575952169908 -0.439276307882 0
v -0.576818879863 -0.437430086824 0
v -0.574389730801 -0.437430086824 0
v -0.574560711602 -0.431891423649 0
v -0.583269135252 -0.434245932922 0
v -0.574646399542 -0.429115693077 0
v -0.574732087482 -0.426339962506 0
v -0.582678543741 -0.426451231253 0
v -0.582902102481 -0.418156810822 0
v -0.574475418741 -0.418248106253 0
v -0.57421875 -0.41015625 0
v -0.583078125 -0.41015625 0
v -0.582754206731 -0.402058293269 0
v -0.57421875 -0.401953125 0
v -0.57421875 -0.39375 0
v -0.582421875 -0.39375 0
v -0.582754206731 -0.385441706731 0
v -0.57421875 -0.385546875 0
v -0.57421875 -0.37734375 0
v -0.583078125 -0.37734375 0
v -0.582640625 -0.368921875 0
v -0.57421875 -0.368484375 0
v -0.582640625 -0.123265625 0
v -0.57421875 -0.123703125 0
v -0.57421875 -0.11484375 0
v -0.583078125 -0.11484375 0
v -0.582754206731 -0.106745793269 0
v -0.57421875 -0.106640625 0
v -0.57421875 -0.0984375 0
v -0.582421875 -0.0984375 0
v -0.57421875 -0.0930798422825 0
v -0.57421875 -0.0875555461412 0
v -0.581327954708 -0.0861875058407 0
v -0.582421875 -0.0899227505821 0
v -0.57421875 -0.08203125 0
v -0.582421875 -0.08203125 0
v -0.583435724286 -0.0939850279857 0
v -0.57421875 -0.0957586711412 0
v -0.582316706731 -0.0734957932692 0
v -0.57421875 -0.073171875 0
v -0.582316706731 0.368808293269 0
v -0.57421875 0.368484375 0
v -0.57421875 0.37734375 0
v -0.582421875 0.37734375 0
v -0.581917353249 0.384938741036 0
v -0.57421875 0.385546875 0
v -0.57421875 0.39375 0
v -0.5817626504 0.392740241028 0
v -0.580731299417 0.397267406151 0
v -0.57421875 0.39967567924 0
v -0.57421875 0.40560135848 0
v -0.581924161704 0.400923094684 0
v -0.57421875 0.40787880424 0
v -0.583538114837 0.405161985618 0
v -0.57421875 0.41015625 0
v -0.582421875 0.41015625 0
v -0.582421875 0.418359375 0
v -0.57421875 0.418359375 0
v -0.57421875 0.4265625 0
v -0.582421875 0.4265625 0
v -0.582754206731 0.434870793269 0
v -0.57421875 0.434765625 0
v -0.57421875 0.44296875 0
v -0.583078125 0.44296875 0
v -0.582640625 0.451390625 0
v -0.57421875 0.451828125 0
v -0.566120793269 -0.714004206731 0
v -0.5578125 -0.713671875 0
v -0.5578125 -0.70546875 0
v -0.566015625 -0.70546875 0
v -0.566015625 -0.697265625 0
v -0.5578125 -0.697265625 0
v -0.5578125 -0.6890625 0
v -0.566015625 -0.6890625 0
v -0.556988590217 -0.675793869755 0
v -0.55684131981 -0.673422157916 0
v -0.558849630041 -0.67282010873 0
v -0.559927420361 -0.673704940058 0
v -0.556694049402 -0.671050446077 0
v -0.559780149954 -0.671333228219 0
v -0.562866250505 -0.671616010361 0
v -0.565960351334 -0.680757947485 0
v -0.557400545109 -0.682428184878 0
v -0.568542500253 -0.672136130181 0
v -0.564419955363 -0.66269827898 0
v -0.568416027356 -0.66667981808 0
v -0.557253274701 -0.663650223039 0
v -0.5578125 -0.65625 0
v -0.56582144814 -0.656075918678 0
v -0.570350268236 -0.668671962052 0
v -0.56588959992 -0.647927394624 0
v -0.5578125 -0.648046875 0
v -0.5578125 -0.63984375 0
v -0.566015625 -0.63984375 0
v -0.566015625 -0.631640625 0
v -0.5578125 -0.631640625 0
v -0.566015625 -0.6234375 0
v -0.565683293269 -0.61512920673 0
v -0.565359375 -0.60703125 0
v -0.565683293269 -0.598933293269 0
v -0.566015625 -0.590625 0
v -0.565683293269 -0.582316706731 0
v -0.565359375 -0.57421875 0
v -0.565796875 -0.565796875 0
v -0.565796875 -0.517015625 0
v -0.565359375 -0.50859375 0
v -0.565683293269 -0.500495793269 0
v -0.566015625 -0.4921875 0
v -0.565683293269 -0.483879206731 0
v -0.565359375 -0.47578125 0
v -0.565683293269 -0.467683293269 0
v -0.566015625 -0.459375 0
v -0.565683293269 -0.451066706731 0
v -0.565359375 -0.44296875 0
v -0.565631435735 -0.434939259215 0
v -0.565011209488 -0.426467817859 0
v -0.572209918977 -0.426373135718 0
v -0.57338531529 -0.429132279683 0
v -0.573471003229 -0.426356549112 0
v -0.573834239348 -0.428201507287 0
v -0.563390194435 -0.419235707163 0
v -0.568569349755 -0.418264692859 0
v -0.5578125 -0.418359375 0
v -0.5578125 -0.41015625 0
v -0.561370640267 -0.41015625 0
v -0.564928780533 -0.41015625 0
v -0.57114933411 -0.416712269489 0
v -0.569573765267 -0.41015625 0
v -0.560701553456 -0.406269147251 0
v -0.562146080184 -0.404325595877 0
v -0.558587939918 -0.404325595877 0
v -0.559363379835 -0.398494941755 0
v -0.567593824159 -0.401030069243 0
v -0.559756318553 -0.39554037403 0
v -0.56014925727 -0.392585806305 0
v -0.567184003635 -0.393167903153 0
v -0.566685159611 -0.385049425956 0
v -0.558980878635 -0.384964778153 0
v -0.5578125 -0.37734375 0
v -0.566015625 -0.37734375 0
v -0.566120793269 -0.368808293269 0
v -0.5578125 -0.369140625 0
v -0.566120793269 -0.123379206731 0
v -0.5578125 -0.123046875 0
v -0.5578125 -0.11484375 0
v -0.566015625 -0.11484375 0
v -0.557036607606 -0.0993974521462 0
v -0.556945909218 -0.0975918482711 0
v -0.559291132794 -0.0973526910456 0
v -0.560509093777 -0.0981359143706 0
v -0.55685521083 -0.0957862443959 0
v -0.560418395389 -0.0963303104954 0
v -0.563981579948 -0.0968743765949 0
v -0.565849649608 -0.106264943431 0
v -0.557424553803 -0.107120601073 0
v -0.569100164974 -0.0976559382975 0
v -0.565436752102 -0.0888898302075 0
v -0.569100164974 -0.0949771094387 0
v -0.557333855415 -0.088908747198 0
v -0.5578125 -0.08203125 0
v -0.566015625 -0.08203125 0
v -0.570806359983 -0.0961305729591 0
v -0.566120793269 -0.0734957932692 0
v -0.5578125 -0.073828125 0
v -0.565796875 0.368921875 0
v -0.565359375 0.37734375 0
v -0.565683293269 0.385441706731 0
v -0.566015625 0.39375 0
v -0.565606008443 0.401450554671 0
v -0.5578125 0.401953125 0
v -0.5578125 0.41015625 0
v -0.561883573236 0.41015625 0
v -0.565954646473 0.41015625 0
v -0.570086698236 0.40787880424 0
v -0.570086698236 0.41015625 0
v -0.571464048823 0.408637952826 0
v -0.560526548823 0.411546250678 0
v -0.561883573236 0.412241251018 0
v -0.5578125 0.412241251018 0
v -0.5578125 0.414326252036 0
v -0.566385128787 0.418818008686 0
v -0.5578125 0.420444376018 0
v -0.5578125 0.4265625 0
v -0.566015625 0.4265625 0
v -0.566015625 0.434765625 0
v -0.5578125 0.434765625 0
v -0.5578125 0.44296875 0
v -0.566015625 0.44296875 0
v -0.566120793269 0.451504206731 0
v -0.5578125 0.451171875 0
v -0.549504206731 -0.714004206731 0
v -0.54140625 -0.714328125 0
v -0.54140625 -0.70546875 0
v -0.549609375 -0.70546875 0
v -0.549609375 -0.697265625 0
v -0.54140625 -0.697265625 0
v -0.54140625 -0.6890625 0
v -0.549609375 -0.6890625 0
v -0.54140625 -0.684316258251 0
v -0.54140625 -0.678486254126 0
v -0.548060823475 -0.676321495233 0
v -0.549197420109 -0.680055064003 0
v -0.54140625 -0.67265625 0
v -0.549050149701 -0.671853348039 0
v -0.550682311098 -0.684238428646 0
v -0.54140625 -0.686689379126 0
v -0.549192268189 -0.663962146971 0
v -0.54140625 -0.664453125 0
v -0.54140625 -0.65625 0
v -0.549609375 -0.65625 0
v -0.549609375 -0.648046875 0
v -0.54140625 -0.648046875 0
v -0.54140625 -0.63984375 0
v -0.549609375 -0.63984375 0
v -0.549504206731 -0.631308293269 0
v -0.54140625 -0.630984375 0
v -0.549504206731 -0.418691706731 0
v -0.54140625 -0.419015625 0
v -0.54140625 -0.41015625 0
v -0.549609375 -0.41015625 0
v -0.549992451158 -0.401727782428 0
v -0.54140625 -0.401953125 0
v -0.54140625 -0.39375 0
v -0.548980125251 -0.393279560135 0
v -0.556554000502 -0.39280912027 0
v -0.557958690169 -0.395652031012 0
v -0.558351628886 -0.392697463287 0
v -0.558688879201 -0.394629956109 0
v -0.54719848284 -0.386275132579 0
v -0.552581196276 -0.385076435135 0
v -0.54140625 -0.385546875 0
v -0.54140625 -0.37734375 0
v -0.545007321025 -0.37734375 0
v -0.54860839205 -0.37734375 0
v -0.555401615168 -0.3839208097 0
v -0.553210446025 -0.37734375 0
v -0.543993877323 -0.37323200901 0
v -0.545287690984 -0.371176138515 0
v -0.54168661996 -0.371176138515 0
v -0.541966989919 -0.36500852703 0
v -0.550918982353 -0.368271987229 0
v -0.542069187805 -0.362760365872 0
v -0.54217138569 -0.360512204714 0
v -0.549991942845 -0.360724852357 0
v -0.550170385137 -0.352461074811 0
v -0.541788817845 -0.352521727357 0
v -0.54140625 -0.34453125 0
v -0.550265625 -0.34453125 0
v -0.549941706731 -0.336433293269 0
v -0.54140625 -0.336328125 0
v -0.54140625 -0.328125 0
v -0.549609375 -0.328125 0
v -0.549941706731 -0.319816706731 0
v -0.54140625 -0.319921875 0
v -0.54140625 -0.31171875 0
v -0.550265625 -0.31171875 0
v -0.549828125 -0.303296875 0
v -0.54140625 -0.302859375 0
v -0.549504206731 -0.123379206731 0
v -0.54140625 -0.123703125 0
v -0.54140625 -0.11484375 0
v -0.549609375 -0.11484375 0
v -0.54140625 -0.10496492638 0
v -0.54140625 -0.10170121319 0
v -0.548446940468 -0.0998456966154 0
v -0.549221428803 -0.102181189263 0
v -0.54140625 -0.0984375 0
v -0.549130730415 -0.097111872198 0
v -0.550014558452 -0.108448221111 0
v -0.54140625 -0.10990433819 0
v -0.54913167203 -0.0895092297123 0
v -0.54140625 -0.090234375 0
v -0.54140625 -0.08203125 0
v -0.549609375 -0.08203125 0
v -0.549504206731 -0.0734957932692 0
v -0.54140625 -0.073171875 0
v -0.549504206731 0.401620793269 0
v -0.54140625 0.401296875 0
v -0.54140625 0.41015625 0
v -0.549609375 0.41015625 0
v -0.548318806326 0.414398172498 0
v -0.54140625 0.415968672004 0
v -0.54140625 0.421781094009 0
v -0.549609375 0.418053673022 0
v -0.54140625 0.424171797004 0
v -0.550807209529 0.422035944275 0
v -0.54140625 0.4265625 0
v -0.549609375 0.4265625 0
v -0.549609375 0.434765625 0
v -0.54140625 0.434765625 0
v -0.54140625 0.44296875 0
v -0.549609375 0.44296875 0
v -0.549504206731 0.451504206731 0
v -0.54140625 0.451828125 0
v -0.533308293269 -0.714004206731 0
v -0.525 -0.713671875 0
v -0.525 -0.70546875 0
v -0.533203125 -0.70546875 0
v -0.524371067681 -0.690463570991 0
v -0.524284508501 -0.688398426694 0
v -0.527170532213 -0.688172341521 0
v -0.528656823657 -0.689091871079 0
v -0.524197949321 -0.686333282397 0
v -0.528570264477 -0.687026726783 0
v -0.532942579633 -0.687720171168 0
v -0.53315060768 -0.697034098099 0
v -0.52468553384 -0.697966160495 0
v -0.537174414816 -0.688391335584 0
v -0.532788910533 -0.679679292291 0
v -0.537174414816 -0.68601821471 0
v -0.52459897466 -0.679494766199 0
v -0.525 -0.67265625 0
v -0.533203125 -0.67265625 0
v -0.538585026541 -0.687032976469 0
v -0.533203125 -0.664453125 0
v -0.525 -0.664453125 0
v -0.533203125 -0.65625 0
v -0.532870793269 -0.647941706731 0
v -0.532546875 -0.63984375 0
v -0.532984375 -0.631421875 0
v -0.532984375 -0.418578125 0
v -0.532546875 -0.41015625 0
v -0.532870793269 -0.402058293269 0
v -0.533203125 -0.39375 0
v -0.532870793269 -0.385441706731 0
v -0.532546875 -0.37734375 0
v -0.532930831763 -0.36922736719 0
v -0.532259438451 -0.360757700594 0
v -0.539518876901 -0.360577901187 0
v -0.54074293341 -0.362793214109 0
v -0.540845131296 -0.360545052951 0
v -0.54121908417 -0.362032877644 0
v -0.530318385631 -0.35389190644 0
v -0.534954969896 -0.352554575594 0
v -0.525 -0.352734375 0
v -0.525 -0.34453125 0
v -0.527695531446 -0.34453125 0
v -0.530391062892 -0.34453125 0
v -0.537865680965 -0.350911520581 0
v -0.535898656446 -0.34453125 0
v -0.526797020964 -0.341473511993 0
v -0.527695531446 -0.339944642989 0
v -0.525 -0.339944642989 0
v -0.525 -0.335358035979 0
v -0.533851148222 -0.335807632321 0
v -0.525 -0.331741517989 0
v -0.525 -0.328125 0
v -0.533203125 -0.328125 0
v -0.533203125 -0.319921875 0
v -0.525 -0.319921875 0
v -0.525 -0.31171875 0
v -0.533203125 -0.31171875 0
v -0.533308293269 -0.303183293269 0
v -0.525 -0.303515625 0
v -0.533308293269 -0.123379206731 0
v -0.525 -0.123046875 0
v -0.525 -0.11484375 0
v -0.533203125 -0.11484375 0
v -0.525 -0.110728800504 0
v -0.525 -0.104583150252 0
v -0.532365629807 -0.103289296902 0
v -0.533203125 -0.107846863442 0
v -0.533203125 -0.0984375 0
v -0.534329382599 -0.111147467269 0
v -0.525 -0.112786275252 0
v -0.532870793269 -0.0901292067308 0
v -0.532546875 -0.08203125 0
v -0.532984375 -0.073609375 0
v -0.533308293269 0.401620793269 0
v -0.525 0.401953125 0
v -0.525 0.41015625 0
v -0.533203125 0.41015625 0
v -0.532732667909 0.417239257783 0
v -0.524590518002 0.417180798017 0
v -0.524181036004 0.424205346033 0
v -0.528307120606 0.424769972789 0
v -0.532433205207 0.425334599544 0
v -0.536919727604 0.423557846776 0
v -0.536919727604 0.425948549772 0
v -0.538415235069 0.424559397851 0
v -0.52699026289 0.42592215344 0
v -0.528394876335 0.426780557145 0
v -0.524268791733 0.42621593039 0
v -0.524356547463 0.428226514746 0
v -0.533157821179 0.434580479237 0
v -0.524678273731 0.435597632373 0
v -0.525 0.44296875 0
v -0.533203125 0.44296875 0
v -0.533308293269 0.451504206731 0
v -0.525 0.451171875 0
v -0.516691706731 -0.714004206731 0
v -0.50859375 -0.714328125 0
v -0.50859375 -0.70546875 0
v -0.516796875 -0.70546875 0
v -0.50859375 -0.693968365604 0
v -0.50859375 -0.691515432802 0
v -0.516225524005 -0.690003873525 0
v -0.51648240884 -0.692215968297 0
v -0.50859375 -0.6890625 0
v -0.51639584966 -0.687697891199 0
v -0.517001159229 -0.698840446682 0
v -0.50859375 -0.699718557802 0
v -0.516349559767 -0.680129600806 0
v -0.50859375 -0.680859375 0
v -0.50859375 -0.67265625 0
v -0.516796875 -0.67265625 0
v -0.516691706731 -0.664120793269 0
v -0.50859375 -0.663796875 0
v -0.516691706731 -0.353066706731 0
v -0.50859375 -0.353390625 0
v -0.50859375 -0.34453125 0
v -0.516796875 -0.34453125 0
v -0.516379079891 -0.336686161445 0
v -0.50859375 -0.336328125 0
v -0.50859375 -0.328125 0
v -0.514630470289 -0.328125 0
v -0.520667190578 -0.328125 0
v -0.522833595289 -0.331741517989 0
v -0.522833595289 -0.328125 0
v -0.523555730193 -0.330536011993 0
v -0.512646643151 -0.321821806289 0
v -0.51567541181 -0.319990807907 0
v -0.508465269962 -0.320002107891 0
v -0.508336789924 -0.311879215783 0
v -0.509510211483 -0.311867915799 0
v -0.510683633043 -0.311856615814 0
v -0.519894495732 -0.318495811184 0
v -0.517841816521 -0.311787682907 0
v -0.509138134097 -0.310642645258 0
v -0.509538806182 -0.310024359995 0
v -0.508365384622 -0.310035659979 0
v -0.508393979321 -0.308192104175 0
v -0.51684140995 -0.30346311733 0
v -0.50849386466 -0.301752302087 0
v -0.50859375 -0.2953125 0
v -0.516796875 -0.2953125 0
v -0.517129206731 -0.287004206731 0
v -0.50859375 -0.287109375 0
v -0.50859375 -0.27890625 0
v -0.517453125 -0.27890625 0
v -0.517015625 -0.270484375 0
v -0.50859375 -0.270046875 0
v -0.517015625 -0.156078125 0
v -0.50859375 -0.156515625 0
v -0.50859375 -0.14765625 0
v -0.517453125 -0.14765625 0
v -0.517129206731 -0.139558293269 0
v -0.50859375 -0.139453125 0
v -0.50859375 -0.13125 0
v -0.516796875 -0.13125 0
v -0.508284337462 -0.116665894191 0
v -0.508253955721 -0.115233856197 0
v -0.510532694916 -0.114898664596 0
v -0.511687255384 -0.115447087792 0
v -0.508223573981 -0.113801818202 0
v -0.511656873644 -0.114015049798 0
v -0.515090173306 -0.114228281394 0
v -0.516840451276 -0.123037936902 0
v -0.508439043731 -0.123957947095 0
v -0.520045086653 -0.114536015697 0
v -0.516276865022 -0.105504506426 0
v -0.520045086653 -0.112478540949 0
v -0.508408661991 -0.105463409101 0
v -0.521696724435 -0.113266943966 0
v -0.516691706731 0.401620793269 0
v -0.50859375 0.401296875 0
v -0.50859375 0.41015625 0
v -0.516796875 0.41015625 0
v -0.516381967242 0.41771557677 0
v -0.50859375 0.418359375 0
v -0.50859375 0.4265625 0
v -0.516387393002 0.425383923017 0
v -0.515827317763 0.42816006559 0
v -0.50859375 0.429814741006 0
v -0.50859375 0.433066982011 0
v -0.516475148731 0.430646748378 0
v -0.50859375 0.438017866006 0
v -0.517171842568 0.436760132464 0
v -0.50859375 0.44296875 0
v -0.516796875 0.44296875 0
v -0.516691706731 0.451504206731 0
v -0.50859375 0.451828125 0
v -0.500495793269 -0.714004206731 0
v -0.4921875 -0.713671875 0
v -0.4921875 -0.70546875 0
v -0.500390625 -0.70546875 0
v -0.4921875 -0.695860854558 0
v -0.4921875 -0.692461677279 0
v -0.499948496057 -0.692014055205 0
v -0.500390625 -0.694914610081 0
v -0.4921875 -0.6890625 0
v -0.500390625 -0.6890625 0
v -0.500635778775 -0.700177540588 0
v -0.4921875 -0.700664802279 0
v -0.500390625 -0.680859375 0
v -0.4921875 -0.680859375 0
v -0.4921875 -0.67265625 0
v -0.500390625 -0.67265625 0
v -0.500495793269 -0.664120793269 0
v -0.4921875 -0.664453125 0
v -0.500171875 -0.352953125 0
v -0.499734375 -0.34453125 0
v -0.500058293269 -0.336433293269 0
v -0.500390625 -0.328125 0
v -0.500313116447 -0.3199835084 0
v -0.4921875 -0.319921875 0
v -0.4921875 -0.31171875 0
v -0.500262144962 -0.311798982891 0
v -0.498986196786 -0.304518093725 0
v -0.4921875 -0.303515625 0
v -0.4921875 -0.2953125 0
v -0.496217311839 -0.2953125 0
v -0.500247123677 -0.2953125 0
v -0.504320551499 -0.301752302087 0
v -0.504420436839 -0.2953125 0
v -0.505744950999 -0.299605701392 0
v -0.494874041226 -0.291126814506 0
v -0.496217311839 -0.289033971759 0
v -0.4921875 -0.289033971759 0
v -0.4921875 -0.282755443519 0
v -0.501667849543 -0.28617923915 0
v -0.4921875 -0.280830846759 0
v -0.4921875 -0.27890625 0
v -0.500390625 -0.27890625 0
v -0.500495793269 -0.270370793269 0
v -0.4921875 -0.270703125 0
v -0.500495793269 -0.156191706731 0
v -0.4921875 -0.155859375 0
v -0.4921875 -0.14765625 0
v -0.500390625 -0.14765625 0
v -0.500390625 -0.139453125 0
v -0.4921875 -0.139453125 0
v -0.4921875 -0.13125 0
v -0.500390625 -0.13125 0
v -0.4921875 -0.122665194673 0
v -0.4921875 -0.118754472336 0
v -0.498983326531 -0.117267779059 0
v -0.500235918731 -0.119665544432 0
v -0.4921875 -0.11484375 0
v -0.500205536991 -0.114322784101 0
v -0.501019744633 -0.12534099455 0
v -0.4921875 -0.126957597336 0
v -0.500318361861 -0.106019345225 0
v -0.4921875 -0.106640625 0
v -0.500495793269 0.401620793269 0
v -0.4921875 0.401953125 0
v -0.4921875 0.41015625 0
v -0.500390625 0.41015625 0
v -0.500390625 0.418359375 0
v -0.4921875 0.418359375 0
v -0.4921875 0.4265625 0
v -0.500390625 0.4265625 0
v -0.499750940474 0.430885371601 0
v -0.4921875 0.431801104407 0
v -0.4921875 0.437039708813 0
v -0.500390625 0.435053345412 0
v -0.4921875 0.440004229407 0
v -0.501076813857 0.438927968366 0
v -0.4921875 0.44296875 0
v -0.500390625 0.44296875 0
v -0.500495793269 0.451504206731 0
v -0.4921875 0.451171875 0
v -0.483879206731 -0.71400420673 0
v -0.47578125 -0.714328125 0
v -0.47578125 -0.70546875 0
v -0.483984375 -0.70546875 0
v -0.47578125 -0.696286142938 0
v -0.47578125 -0.692674321469 0
v -0.483901441173 -0.692569074293 0
v -0.483984375 -0.696073498748 0
v -0.47578125 -0.6890625 0
v -0.483984375 -0.6890625 0
v -0.484046262537 -0.700770322239 0
v -0.47578125 -0.700877446469 0
v -0.483984375 -0.680859375 0
v -0.47578125 -0.680859375 0
v -0.47578125 -0.67265625 0
v -0.483984375 -0.67265625 0
v -0.483879206731 -0.664120793269 0
v -0.47578125 -0.663796875 0
v -0.483879206731 -0.320254206731 0
v -0.47578125 -0.320578125 0
v -0.47578125 -0.31171875 0
v -0.483984375 -0.31171875 0
v -0.483984375 -0.303515625 0
v -0.47578125 -0.303515625 0
v -0.47578125 -0.2953125 0
v -0.483984375 -0.2953125 0
v -0.483850914548 -0.287234612307 0
v -0.47578125 -0.287109375 0
v -0.47578125 -0.27890625 0
v -0.48274134025 -0.27890625 0
v -0.4897014305 -0.27890625 0
v -0.49094446525 -0.280830846759 0
v -0.49094446525 -0.27890625 0
v -0.491358810166 -0.280189314506 0
v -0.480632086579 -0.272389543302 0
v -0.484391241681 -0.270703125 0
v -0.47578125 -0.270703125 0
v -0.47578125 -0.2625 0
v -0.477431151431 -0.2625 0
v -0.479081052862 -0.2625 0
v -0.487686558052 -0.268840687026 0
v -0.485634276431 -0.2625 0
v -0.476881184288 -0.260795494457 0
v -0.477431151431 -0.259943241686 0
v -0.47578125 -0.259943241686 0
v -0.47578125 -0.257386483372 0
v -0.484547768225 -0.253986491688 0
v -0.47578125 -0.251740116686 0
v -0.47578125 -0.24609375 0
v -0.484640625 -0.24609375 0
v -0.484316706731 -0.237995793269 0
v -0.47578125 -0.237890625 0
v -0.47578125 -0.2296875 0
v -0.483984375 -0.2296875 0
v -0.484316706731 -0.221379206731 0
v -0.47578125 -0.221484375 0
v -0.47578125 -0.21328125 0
v -0.484640625 -0.21328125 0
v -0.484203125 -0.204859375 0
v -0.47578125 -0.204421875 0
v -0.483879206731 -0.156191706731 0
v -0.47578125 -0.156515625 0
v -0.47578125 -0.14765625 0
v -0.483984375 -0.14765625 0
v -0.48427340502 -0.139860161879 0
v -0.476113381946 -0.140165093401 0
v -0.476445513892 -0.132673936803 0
v -0.484316506946 -0.131961968401 0
v -0.476317011448 -0.129224671204 0
v -0.476049130724 -0.122034210602 0
v -0.48331389319 -0.12053618305 0
v -0.484252255724 -0.125944932939 0
v -0.47578125 -0.11484375 0
v -0.483984375 -0.11484375 0
v -0.48539842957 -0.128666292861 0
v -0.47638126267 -0.130949304003 0
v -0.483879206731 -0.106308293269 0
v -0.47578125 -0.105984375 0
v -0.483879206731 0.401620793269 0
v -0.47578125 0.401296875 0
v -0.47578125 0.41015625 0
v -0.483984375 0.41015625 0
v -0.483984375 0.418359375 0
v -0.47578125 0.418359375 0
v -0.47578125 0.4265625 0
v -0.483984375 0.4265625 0
v -0.483655885382 0.432570110478 0
v -0.475801514331 0.433282220073 0
v -0.475821778662 0.440001940147 0
v -0.484004639331 0.43852082448 0
v -0.475826775153 0.441658793203 0
v -0.484778328722 0.440753218787 0
v -0.475831771644 0.44331564626 0
v -0.484009635822 0.44314219813 0
v -0.483919153694 0.451594883889 0
v -0.475806510822 0.45200157313 0
v -0.467683293269 -0.714004206731 0
v -0.459375 -0.713671875 0
v -0.459375 -0.70546875 0
v -0.467578125 -0.70546875 0
v -0.459375 -0.695473505936 0
v -0.459375 -0.692268002968 0
v -0.467741096142 -0.692475198375 0
v -0.467578125 -0.695879824437 0
v -0.459375 -0.6890625 0
v -0.467578125 -0.6890625 0
v -0.467462259344 -0.700671417681 0
v -0.459375 -0.700471127968 0
v -0.467578125 -0.680859375 0
v -0.459375 -0.680859375 0
v -0.459375 -0.67265625 0
v -0.467578125 -0.67265625 0
v -0.467683293269 -0.664120793269 0
v -0.459375 -0.664453125 0
v -0.467359375 -0.320140625 0
v -0.466921875 -0.31171875 0
v -0.467245793269 -0.303620793269 0
v -0.467578125 -0.2953125 0
v -0.467245793269 -0.287004206731 0
v -0.466921875 -0.27890625 0
v -0.467245793269 -0.270808293269 0
v -0.467578125 -0.2625 0
v -0.466543568706 -0.255089107894 0
v -0.459375 -0.254296875 0
v -0.459375 -0.24609375 0
v -0.463968365161 -0.24609375 0
v -0.468561730323 -0.24609375 0
v -0.472171490161 -0.251740116686 0
v -0.472171490161 -0.24609375 0
v -0.473374743441 -0.249857994457 0
v -0.462946496213 -0.241996604695 0
v -0.46473224432 -0.239948032043 0
v -0.460138879158 -0.239948032043 0
v -0.460902758317 -0.233802314086 0
v -0.469403260905 -0.2365880721 0
v -0.461240058107 -0.231088600333 0
v -0.461577357898 -0.228374886579 0
v -0.468679303949 -0.229031193289 0
v -0.468229203334 -0.220963796228 0
v -0.460476178949 -0.220828068289 0
v -0.459375 -0.21328125 0
v -0.467578125 -0.21328125 0
v -0.467683293269 -0.204745793269 0
v -0.459375 -0.205078125 0
v -0.467683293269 -0.156191706731 0
v -0.459375 -0.155859375 0
v -0.459375 -0.14765625 0
v -0.467578125 -0.14765625 0
v -0.459375 -0.137860289342 0
v -0.459375 -0.134555144671 0
v -0.462932253232 -0.133750158035 0
v -0.464710879848 -0.135000237053 0
v -0.459375 -0.13125 0
v -0.464710879848 -0.131695092382 0
v -0.470046759695 -0.132140184764 0
v -0.468347897486 -0.14067913012 0
v -0.459375 -0.142758269671 0
v -0.473246136794 -0.132407060783 0
v -0.467602882094 -0.123146933589 0
v -0.473181885572 -0.130682427984 0
v -0.459375 -0.123046875 0
v -0.459375 -0.11484375 0
v -0.467578125 -0.11484375 0
v -0.474269761679 -0.131346264257 0
v -0.467683293269 -0.106308293269 0
v -0.459375 -0.106640625 0
v -0.467359375 0.401734375 0
v -0.466921875 0.41015625 0
v -0.467245793269 0.418254206731 0
v -0.467578125 0.4265625 0
v -0.46745220443 0.433790289169 0
v -0.459487501058 0.434298876592 0
v -0.459600002116 0.442035253185 0
v -0.467710890389 0.441018596666 0
v -0.459627843127 0.443949799991 0
v -0.467530310788 0.442831405612 0
v -0.459655684137 0.445864346798 0
v -0.467743727891 0.444589996529 0
v -0.468001079923 0.452319167955 0
v -0.459515342069 0.452619673399 0
v -0.451066706731 -0.714004206731 0
v -0.44296875 -0.714328125 0
v -0.44296875 -0.70546875 0
v -0.451171875 -0.70546875 0
v -0.44296875 -0.69359371874 0
v -0.44296875 -0.69132810937 0
v -0.451641618883 -0.69182496721 0
v -0.451171875 -0.694533612338 0
v -0.44296875 -0.6890625 0
v -0.451171875 -0.6890625 0
v -0.450936850839 -0.699987716928 0
v -0.44296875 -0.69953123437 0
v -0.451171875 -0.680859375 0
v -0.44296875 -0.680859375 0
v -0.44296875 -0.67265625 0
v -0.451171875 -0.67265625 0
v -0.451066706731 -0.664120793269 0
v -0.44296875 -0.663796875 0
v -0.451066706731 -0.254629206731 0
v -0.44296875 -0.254953125 0
v -0.44296875 -0.24609375 0
v -0.451171875 -0.24609375 0
v -0.451546694452 -0.237638163224 0
v -0.44296875 -0.237890625 0
v -0.44296875 -0.2296875 0
v -0.450377419244 -0.229164907513 0
v -0.457786088488 -0.228642315026 0
v -0.459344423402 -0.231222314556 0
v -0.459681723193 -0.228508600802 0
v -0.460088734901 -0.230273171897 0
v -0.448471940556 -0.222350703455 0
v -0.453422327853 -0.220961782513 0
v -0.44296875 -0.221484375 0
v -0.44296875 -0.21328125 0
v -0.446013658609 -0.21328125 0
v -0.449058567218 -0.21328125 0
v -0.456521979872 -0.219746452514 0
v -0.454216783609 -0.21328125 0
v -0.445326815113 -0.209887317344 0
v -0.446505847669 -0.208190351017 0
v -0.44346093906 -0.208190351017 0
v -0.443953128121 -0.203099452033 0
v -0.452358995455 -0.204407011034 0
v -0.444285653277 -0.199660017647 0
v -0.444618178433 -0.196220583261 0
v -0.451996589217 -0.19654779163 0
v -0.451969898608 -0.188264450217 0
v -0.443793464217 -0.18834466663 0
v -0.44296875 -0.18046875 0
v -0.451828125 -0.18046875 0
v -0.451504206731 -0.172370793269 0
v -0.44296875 -0.172265625 0
v -0.44296875 -0.1640625 0
v -0.451171875 -0.1640625 0
v -0.442233531668 -0.152143415016 0
v -0.442062571208 -0.149371867889 0
v -0.443718463368 -0.148551470126 0
v -0.444631889678 -0.149527044809 0
v -0.441891610748 -0.146600320761 0
v -0.444460929218 -0.146755497681 0
v -0.447030247688 -0.146910674602 0
v -0.451184009398 -0.155867878319 0
v -0.442601140834 -0.158102957508 0
v -0.453202623844 -0.147283462301 0
v -0.449754515895 -0.13787088613 0
v -0.453202623844 -0.142385481972 0
v -0.442430180374 -0.138925160381 0
v -0.44296875 -0.13125 0
v -0.451171875 -0.13125 0
v -0.455260082563 -0.144142404648 0
v -0.451171875 -0.123046875 0
v -0.44296875 -0.123046875 0
v -0.44296875 -0.11484375 0
v -0.451171875 -0.11484375 0
v -0.451066706731 -0.106308293269 0
v -0.44296875 -0.105984375 0
v -0.451313079309 0.433844427861 0
v -0.44287479951 0.432266237198 0
v -0.442780849019 0.439282474396 0
v -0.447201397332 0.441006668128 0
v -0.451621945644 0.44273086186 0
v -0.45561097388 0.442383057522 0
v -0.455638814891 0.444297604329 0
v -0.456959210632 0.443543487281 0
v -0.445739582779 0.441764936951 0
v -0.44721894966 0.443006168228 0
v -0.442798401347 0.441281974496 0
v -0.442815953675 0.443281474597 0
v -0.450886250352 0.451767572949 0
v -0.442892351838 0.451984487298 0
v -0.434870793269 -0.714004206731 0
v -0.4265625 -0.713671875 0
v -0.4265625 -0.70546875 0
v -0.434765625 -0.70546875 0
v -0.426840972731 -0.690834715317 0
v -0.42687467296 -0.689063732901 0
v -0.435246849002 -0.690243248128 0
v -0.434904861366 -0.692214217029 0
v -0.426908373188 -0.687292750484 0
v -0.434938561594 -0.688177625242 0
v -0.434550731137 -0.698834296445 0
v -0.426701736366 -0.698151732659 0
v -0.435007750196 -0.680396292628 0
v -0.426735436594 -0.679974500242 0
v -0.4265625 -0.67265625 0
v -0.434765625 -0.67265625 0
v -0.434870793269 -0.664120793269 0
v -0.4265625 -0.664453125 0
v -0.434546875 -0.254515625 0
v -0.434109375 -0.24609375 0
v -0.434433293269 -0.237995793269 0
v -0.434765625 -0.2296875 0
v -0.434433293269 -0.221379206731 0
v -0.434109375 -0.21328125 0
v -0.434552137505 -0.205165015866 0
v -0.433787026823 -0.196613151557 0
v -0.441011553645 -0.196351303114 0
v -0.442482340883 -0.199725377574 0
v -0.442814866039 -0.196285943187 0
v -0.443194286733 -0.198557112803 0
v -0.432638346694 -0.189086588621 0
v -0.438603501262 -0.188410026557 0
v -0.4265625 -0.188671875 0
v -0.4265625 -0.18046875 0
v -0.43137897444 -0.18046875 0
v -0.436195448879 -0.18046875 0
v -0.441031261402 -0.187581994262 0
v -0.43958209944 -0.18046875 0
v -0.431425843301 -0.172239356673 0
v -0.43628888739 -0.172265625 0
v -0.4265625 -0.172265625 0
v -0.4265625 -0.1640625 0
v -0.43147241295 -0.1640625 0
v -0.4363823259 -0.1640625 0
v -0.439628600857 -0.17230387368 0
v -0.43967553795 -0.1640625 0
v -0.433568928747 -0.154932788857 0
v -0.439307928784 -0.158102957508 0
v -0.4265625 -0.155859375 0
v -0.4265625 -0.14765625 0
v -0.434227055374 -0.147128285381 0
v -0.440528202523 -0.160089471672 0
v -0.434408468974 -0.139099258196 0
v -0.4265625 -0.139453125 0
v -0.434765625 -0.13125 0
v -0.434433293269 -0.122941706731 0
v -0.434109375 -0.11484375 0
v -0.434546875 -0.106421875 0
v -0.434776889207 0.432742399598 0
v -0.426549429263 0.433248260322 0
v -0.426536358526 0.439934020645 0
v -0.434658603773 0.43960824752 0
v -0.434734733705 0.441558718251 0
v -0.42653891984 0.441838826873 0
v -0.426541481153 0.443743633101 0
v -0.434678717414 0.443512553849 0
v -0.426551990577 0.45155931655 0
v -0.43486825444 0.451786017711 0
v -0.418254206731 -0.714004206731 0
v -0.41015625 -0.714328125 0
v -0.41015625 -0.70546875 0
v -0.418359375 -0.70546875 0
v -0.417962615677 -0.688968594531 0
v -0.422435494432 -0.688130672508 0
v -0.423903987199 -0.689032020111 0
v -0.422401794204 -0.689901654924 0
v -0.418303193024 -0.697585008313 0
v -0.409979000035 -0.697983075841 0
v -0.40980175007 -0.690497401681 0
v -0.413882182873 -0.689732998106 0
v -0.418386598442 -0.680426788226 0
v -0.413916241468 -0.688018908764 0
v -0.409869867259 -0.687069222996 0
v -0.410013058629 -0.679862736498 0
v -0.41015625 -0.67265625 0
v -0.418359375 -0.67265625 0
v -0.412544744335 -0.688845073069 0
v -0.409835808664 -0.688783312339 0
v -0.418254206731 -0.66412079327 0
v -0.41015625 -0.663796875 0
v -0.418254206731 -0.189004206731 0
v -0.41015625 -0.189328125 0
v -0.41015625 -0.18046875 0
v -0.418359375 -0.18046875 0
v -0.418359375 -0.172265625 0
v -0.41015625 -0.172265625 0
v -0.41015625 -0.1640625 0
v -0.418359375 -0.1640625 0
v -0.418359375 -0.155859375 0
v -0.41015625 -0.155859375 0
v -0.41015625 -0.14765625 0
v -0.418359375 -0.14765625 0
v -0.418254206731 -0.139120793269 0
v -0.41015625 -0.138796875 0
v -0.418272497168 0.432845903549 0
v -0.410203942085 0.432470318307 0
v -0.41025163417 0.439690636614 0
v -0.418393996348 0.439812328629 0
v -0.418370331909 0.441731756644 0
v -0.410242849776 0.441624340304 0
v -0.410234065382 0.443558043993 0
v -0.418387773267 0.443650838547 0
v -0.410195157691 0.452122771996 0
v -0.418249175031 0.451853360851 0
v -0.402058293269 -0.714004206731 0
v -0.39375 -0.713671875 0
v -0.39375 -0.70546875 0
v -0.401953125 -0.70546875 0
v -0.401739731777 -0.697648698981 0
v -0.39375 -0.697265625 0
v -0.39375 -0.6890625 0
v -0.401775875035 -0.689779950841 0
v -0.39375 -0.68276392299 0
v -0.39375 -0.677710086495 0
v -0.402361058892 -0.678835051635 0
v -0.401809933629 -0.684916572993 0
v -0.39375 -0.67265625 0
v -0.401953125 -0.67265625 0
v -0.401006090251 -0.687205652413 0
v -0.39375 -0.685913211495 0
v -0.402058293269 -0.664120793269 0
v -0.39375 -0.664453125 0
v -0.401734375 -0.188890625 0
v -0.401296875 -0.18046875 0
v -0.401620793269 -0.172370793269 0
v -0.401953125 -0.1640625 0
v -0.401620793269 -0.155754206731 0
v -0.401296875 -0.14765625 0
v -0.401734375 -0.139234375 0
v -0.401780852979 0.434129884682 0
v -0.39365589151 0.43467839411 0
v -0.39356178302 0.442794288219 0
v -0.397743806946 0.443018880403 0
v -0.401925830871 0.443243472587 0
v -0.40608873252 0.441467054601 0
v -0.393538369677 0.444813449441 0
v -0.396334190076 0.444290123823 0
v -0.393514956334 0.446832610662 0
v -0.397720393603 0.445038041624 0
v -0.407470510142 0.442164051066 0
v -0.406079948126 0.44340075829 0
v -0.402310885204 0.452066240135 0
v -0.393632478167 0.453103805331 0
v -0.385441706731 -0.714004206731 0
v -0.37734375 -0.714328125 0
v -0.37734375 -0.70546875 0
v -0.385546875 -0.70546875 0
v -0.385546875 -0.697265625 0
v -0.37734375 -0.697265625 0
v -0.37734375 -0.6890625 0
v -0.385546875 -0.6890625 0
v -0.37734375 -0.677732664222 0
v -0.37734375 -0.675194457111 0
v -0.386452912222 -0.676591197752 0
v -0.385546875 -0.680248293606 0
v -0.37734375 -0.67265625 0
v -0.385546875 -0.67265625 0
v -0.38476646735 -0.684535734088 0
v -0.37734375 -0.683397582111 0
v -0.385441706731 -0.664120793269 0
v -0.37734375 -0.663796875 0
v -0.385453727556 0.434044572328 0
v -0.377268652746 0.433418542892 0
v -0.377193555492 0.441587085784 0
v -0.385377669256 0.442190687002 0
v -0.377177303395 0.443354872804 0
v -0.385539134242 0.444100148988 0
v -0.377161051298 0.445122659825 0
v -0.385338003816 0.445977635244 0
v -0.385148862045 0.453007835175 0
v -0.377252400649 0.452905079913 0
v -0.368921875 -0.713890625 0
v -0.368484375 -0.70546875 0
v -0.368808293269 -0.697370793269 0
v -0.369140625 -0.6890625 0
v -0.367489551833 -0.674426069631 0
v -0.372416650916 -0.673541159815 0
v -0.374059017278 -0.674938327952 0
v -0.372416650916 -0.676079366926 0
v -0.368603911536 -0.682253568182 0
v -0.360372712071 -0.68243409718 0
v -0.359807924143 -0.67580569436 0
v -0.363648737988 -0.675115881996 0
v -0.36904592033 -0.664571342834 0
v -0.363764545288 -0.673110977103 0
v -0.360039538743 -0.671795884576 0
v -0.360488519371 -0.664022942288 0
v -0.362445671574 -0.674009216191 0
v -0.359923731443 -0.673800789468 0
v -0.369361583098 0.433357240083 0
v -0.360936835468 0.433313066055 0
v -0.360936170936 0.440063632109 0
v -0.369064863214 0.440825358946 0
v -0.360936027138 0.441524386202 0
v -0.369315464852 0.442468315701 0
v -0.36093588334 0.442985140294 0
v -0.369048467319 0.44405390006 0
v -0.369022753018 0.452050150125 0
v -0.36093669167 0.451180070147 0
v -0.352069108793 -0.682057948866 0
v -0.34453125 -0.681515625 0
v -0.34453125 -0.67265625 0
v -0.352169587071 -0.67423097218 0
v -0.34453125 -0.665991120858 0
v -0.34453125 -0.661120560429 0
v -0.353135158277 -0.662639798943 0
v -0.352285394371 -0.668893502717 0
v -0.34453125 -0.65625 0
v -0.352734375 -0.65625 0
v -0.351609631874 -0.671374167484 0
v -0.34453125 -0.669323685429 0
v -0.353066706731 -0.647941706731 0
v -0.34453125 -0.648046875 0
v -0.34453125 -0.63984375 0
v -0.353390625 -0.63984375 0
v -0.352953125 -0.631421875 0
v -0.34453125 -0.630984375 0
v -0.352953125 0.401734375 0
v -0.34453125 0.401296875 0
v -0.34453125 0.41015625 0
v -0.353390625 0.41015625 0
v -0.353066706731 0.418254206731 0
v -0.34453125 0.418359375 0
v -0.34453125 0.4265625 0
v -0.352734375 0.4265625 0
v -0.352918720287 0.43289551762 0
v -0.34453125 0.43245889768 0
v -0.34453125 0.438355295359 0
v -0.352733710468 0.439209463734 0
v -0.34453125 0.44066202268 0
v -0.352119707187 0.44106092466 0
v -0.34453125 0.44296875 0
v -0.35273356667 0.442976945147 0
v -0.352627448647 0.451508450966 0
v -0.34453125 0.451828125 0
v -0.336433293269 -0.681191706731 0
v -0.328125 -0.680859375 0
v -0.328125 -0.67265625 0
v -0.336328125 -0.67265625 0
v -0.328125 -0.659419165378 0
v -0.328125 -0.657834582689 0
v -0.337720053145 -0.659756358296 0
v -0.336328125 -0.662705143118 0
v -0.328125 -0.65625 0
v -0.336328125 -0.65625 0
v -0.335425200784 -0.667499851523 0
v -0.328125 -0.666037707689 0
v -0.336328125 -0.648046875 0
v -0.328125 -0.648046875 0
v -0.328125 -0.63984375 0
v -0.336328125 -0.63984375 0
v -0.336433293269 -0.631308293269 0
v -0.328125 -0.631640625 0
v -0.336433293269 0.401620793269 0
v -0.328125 0.401953125 0
v -0.328125 0.41015625 0
v -0.336328125 0.41015625 0
v -0.336328125 0.418359375 0
v -0.328125 0.418359375 0
v -0.328125 0.4265625 0
v -0.336328125 0.4265625 0
v -0.336536450861 0.43205206853 0
v -0.328125 0.431624037339 0
v -0.328125 0.436685574678 0
v -0.336328125 0.437520435019 0
v -0.328125 0.439827162339 0
v -0.335909129172 0.440223271183 0
v -0.328125 0.44296875 0
v -0.336328125 0.44296875 0
v -0.336433293269 0.451504206731 0
v -0.328125 0.451171875 0
v -0.319816706731 -0.681191706731 0
v -0.31171875 -0.681515625 0
v -0.31171875 -0.67265625 0
v -0.319921875 -0.67265625 0
v -0.320539585779 -0.65625 0
v -0.324332292889 -0.65625 0
v -0.325596528593 -0.657306388459 0
v -0.324332292889 -0.657834582689 0
v -0.31965662528 -0.664787184134 0
v -0.31171875 -0.664453125 0
v -0.31171875 -0.65625 0
v -0.316129167889 -0.65625 0
v -0.320268966379 -0.647588877793 0
v -0.316129167889 -0.654362031711 0
v -0.31171875 -0.652474063423 0
v -0.31171875 -0.646158906711 0
v -0.31171875 -0.63984375 0
v -0.319921875 -0.63984375 0
v -0.314659028592 -0.654991354473 0
v -0.31171875 -0.654362031711 0
v -0.319816706731 -0.631308293269 0
v -0.31171875 -0.630984375 0
v -0.319816706731 0.401620793269 0
v -0.31171875 0.401296875 0
v -0.31171875 0.41015625 0
v -0.319921875 0.41015625 0
v -0.319921875 0.418359375 0
v -0.31171875 0.418359375 0
v -0.31171875 0.4265625 0
v -0.319921875 0.4265625 0
v -0.320114051261 0.431299450676 0
v -0.31171875 0.430959290863 0
v -0.31171875 0.435356081726 0
v -0.319921875 0.436020828202 0
v -0.31171875 0.439162415863 0
v -0.319660262075 0.4394841891 0
v -0.31171875 0.44296875 0
v -0.319921875 0.44296875 0
v -0.319816706731 0.451504206731 0
v -0.31171875 0.451828125 0
v -0.303620793269 -0.681191706731 0
v -0.2953125 -0.680859375 0
v -0.2953125 -0.67265625 0
v -0.303515625 -0.67265625 0
v -0.303515625 -0.664453125 0
v -0.2953125 -0.664453125 0
v -0.2953125 -0.65625 0
v -0.303515625 -0.65625 0
v -0.2953125 -0.645232354547 0
v -0.2953125 -0.642538052273 0
v -0.304614556009 -0.644591013236 0
v -0.303515625 -0.648853208985 0
v -0.2953125 -0.63984375 0
v -0.303515625 -0.63984375 0
v -0.302177102142 -0.652256192901 0
v -0.2953125 -0.650741177273 0
v -0.303620793269 -0.631308293269 0
v -0.2953125 -0.631640625 0
v -0.303620793269 0.401620793269 0
v -0.2953125 0.401953125 0
v -0.2953125 0.41015625 0
v -0.303515625 0.41015625 0
v -0.303515625 0.418359375 0
v -0.2953125 0.418359375 0
v -0.2953125 0.4265625 0
v -0.303515625 0.4265625 0
v -0.303600257679 0.430828651609 0
v -0.2953125 0.43069528861 0
v -0.2953125 0.434828077221 0
v -0.303515625 0.435092079473 0
v -0.2953125 0.43889841361 0
v -0.303423976993 0.439028939977 0
v -0.2953125 0.44296875 0
v -0.303515625 0.44296875 0
v -0.303620793269 0.451504206731 0
v -0.2953125 0.451171875 0
v -0.287004206731 -0.681191706731 0
v -0.27890625 -0.681515625 0
v -0.27890625 -0.67265625 0
v -0.287109375 -0.67265625 0
v -0.287109375 -0.664453125 0
v -0.27890625 -0.664453125 0
v -0.27890625 -0.65625 0
v -0.287109375 -0.65625 0
v -0.284979443475 -0.640556786461 0
v -0.290145971737 -0.64020026823 0
v -0.291868147825 -0.641877630337 0
v -0.290145971737 -0.642894570504 0
v -0.286511020272 -0.649048097587 0
v -0.278639174953 -0.648631364347 0
v -0.278372099905 -0.641012728694 0
v -0.28167577169 -0.640784757577 0
v -0.287142034972 -0.631658012678 0
v -0.281727914175 -0.639069104789 0
v -0.278476384875 -0.637581423117 0
v -0.278691317438 -0.630509461559 0
v -0.27890625 -0.6234375 0
v -0.287109375 -0.6234375 0
v -0.280609309417 -0.639716979422 0
v -0.27842424239 -0.639297075906 0
v -0.287441706731 -0.615129206731 0
v -0.27890625 -0.615234375 0
v -0.27890625 -0.60703125 0
v -0.287765625 -0.60703125 0
v -0.287328125 -0.598609375 0
v -0.27890625 -0.598171875 0
v -0.287004206731 0.401620793269 0
v -0.27890625 0.401296875 0
v -0.27890625 0.41015625 0
v -0.287109375 0.41015625 0
v -0.287109375 0.418359375 0
v -0.27890625 0.418359375 0
v -0.27890625 0.4265625 0
v -0.287109375 0.4265625 0
v -0.286948179869 0.430959271806 0
v -0.27890625 0.431213080163 0
v -0.27890625 0.435863660326 0
v -0.287109375 0.435345868773 0
v -0.27890625 0.439416205163 0
v -0.287295110057 0.439151447472 0
v -0.27890625 0.44296875 0
v -0.287109375 0.44296875 0
v -0.287109375 0.451171875 0
v -0.27890625 0.451171875 0
v -0.27890625 0.459375 0
v -0.287109375 0.459375 0
v -0.287441706731 0.467683293269 0
v -0.27890625 0.467578125 0
v -0.27890625 0.47578125 0
v -0.287765625 0.47578125 0
v -0.287328125 0.484203125 0
v -0.27890625 0.484640625 0
v -0.270484375 -0.681078125 0
v -0.270046875 -0.67265625 0
v -0.270370793269 -0.664558293269 0
v -0.270703125 -0.65625 0
v -0.270469276365 -0.648380735962 0
v -0.2625 -0.648046875 0
v -0.2625 -0.63984375 0
v -0.270436049953 -0.640428239347 0
v -0.2625 -0.630209077649 0
v -0.2625 -0.626823288825 0
v -0.271555295447 -0.628869867876 0
v -0.270488192438 -0.633895250383 0
v -0.2625 -0.6234375 0
v -0.270703125 -0.6234375 0
v -0.269210457991 -0.636820808088 0
v -0.2625 -0.635026413825 0
v -0.270703125 -0.615234375 0
v -0.2625 -0.615234375 0
v -0.2625 -0.60703125 0
v -0.270703125 -0.60703125 0
v -0.270808293269 -0.598495793269 0
v -0.2625 -0.598828125 0
v -0.270808293269 0.401620793269 0
v -0.2625 0.401953125 0
v -0.2625 0.41015625 0
v -0.270703125 0.41015625 0
v -0.270703125 0.418359375 0
v -0.2625 0.418359375 0
v -0.2625 0.4265625 0
v -0.270703125 0.4265625 0
v -0.270316657776 0.432216740143 0
v -0.262664647351 0.433140561863 0
v -0.262829294701 0.439718623725 0
v -0.270867772351 0.437791142025 0
v -0.262883324929 0.441877262675 0
v -0.271541704476 0.440543376912 0
v -0.262937355158 0.444035901624 0
v -0.270921802579 0.443502325812 0
v -0.270903915166 0.451472587095 0
v -0.262718677579 0.451705450812 0
v -0.2625 0.459375 0
v -0.270703125 0.459375 0
v -0.270703125 0.467578125 0
v -0.2625 0.467578125 0
v -0.2625 0.47578125 0
v -0.270703125 0.47578125 0
v -0.270808293269 0.484316706731 0
v -0.2625 0.483984375 0
v -0.254191706731 -0.648379206731 0
v -0.24609375 -0.648703125 0
v -0.24609375 -0.63984375 0
v -0.254296875 -0.63984375 0
v -0.251560891397 -0.625151196349 0
v -0.257030445699 -0.624294348174 0
v -0.258853630466 -0.626265924666 0
v -0.257030445699 -0.627680136999 0
v -0.253446871278 -0.633212668078 0
v -0.245459242971 -0.633025108717 0
v -0.244824735943 -0.626206467434 0
v -0.24819281367 -0.625678831892 0
v -0.254069891577 -0.615652142847 0
v -0.248326265907 -0.623662324943 0
v -0.245091640417 -0.622173453537 0
v -0.245592695209 -0.614602351768 0
v -0.24609375 -0.60703125 0
v -0.254296875 -0.60703125 0
v -0.247159089252 -0.624510372439 0
v -0.24495818818 -0.624189960485 0
v -0.254191706731 -0.598495793269 0
v -0.24609375 -0.598171875 0
v -0.254191706731 0.401620793269 0
v -0.24609375 0.401296875 0
v -0.24609375 0.41015625 0
v -0.254296875 0.41015625 0
v -0.254296875 0.418359375 0
v -0.24609375 0.418359375 0
v -0.24609375 0.4265625 0
v -0.254296875 0.4265625 0
v -0.254110135542 0.434572693017 0
v -0.24609375 0.434765625 0
v -0.24609375 0.44296875 0
v -0.250367981107 0.443239550261 0
v -0.254642212213 0.443510350521 0
v -0.258735753457 0.441614487123 0
v -0.258789783685 0.443773126073 0
v -0.260136287357 0.44242162529 0
v -0.248943237404 0.445342982783 0
v -0.250367981107 0.446530099175 0
v -0.24609375 0.446259298914 0
v -0.24609375 0.449549847828 0
v -0.254955431808 0.452122077374 0
v -0.24609375 0.454462423914 0
v -0.24609375 0.459375 0
v -0.254296875 0.459375 0
v -0.254296875 0.467578125 0
v -0.24609375 0.467578125 0
v -0.24609375 0.47578125 0
v -0.254296875 0.47578125 0
v -0.254296875 0.483984375 0
v -0.24609375 0.483984375 0
v -0.24609375 0.4921875 0
v -0.254296875 0.4921875 0
v -0.254629206731 0.500495793269 0
v -0.24609375 0.500390625 0
v -0.24609375 0.50859375 0
v -0.254953125 0.50859375 0
v -0.254515625 0.517015625 0
v -0.24609375 0.517453125 0
v -0.237995793269 -0.648379206731 0
v -0.2296875 -0.648046875 0
v -0.2296875 -0.63984375 0
v -0.237890625 -0.63984375 0
v -0.237325083263 -0.632421077094 0
v -0.2296875 -0.631640625 0
v -0.2296875 -0.6234375 0
v -0.237256117971 -0.624821983717 0
v -0.2296875 -0.615179632612 0
v -0.2296875 -0.611105441306 0
v -0.238455319227 -0.612990348346 0
v -0.237389570209 -0.618676543074 0
v -0.2296875 -0.60703125 0
v -0.237890625 -0.60703125 0
v -0.236471824984 -0.621465200787 0
v -0.2296875 -0.619308566306 0
v -0.237995793269 -0.598495793269 0
v -0.2296875 -0.598828125 0
v -0.237671875 0.401734375 0
v -0.237234375 0.41015625 0
v -0.237558293269 0.418254206731 0
v -0.237890625 0.4265625 0
v -0.237890625 0.434765625 0
v -0.2296875 0.434765625 0
v -0.2296875 0.44296875 0
v -0.237890625 0.44296875 0
v -0.236865632843 0.450198987575 0
v -0.2296875 0.451171875 0
v -0.2296875 0.459375 0
v -0.233373946704 0.459375 0
v -0.237060393407 0.459375 0
v -0.241577071704 0.454462423914 0
v -0.241577071704 0.459375 0
v -0.243082631136 0.456099949276 0
v -0.232427785376 0.462820553269 0
v -0.233797928064 0.464543329904 0
v -0.230111481361 0.464543329904 0
v -0.230535462721 0.469711659807 0
v -0.239152714573 0.468444603983 0
v -0.230812880161 0.473093376519 0
v -0.231090297602 0.47647509323 0
v -0.238592023801 0.476128171615 0
v -0.238295111946 0.484278768331 0
v -0.230388898801 0.484331296615 0
v -0.2296875 0.4921875 0
v -0.237890625 0.4921875 0
v -0.237890625 0.500390625 0
v -0.2296875 0.500390625 0
v -0.2296875 0.50859375 0
v -0.237890625 0.50859375 0
v -0.237995793269 0.517129206731 0
v -0.2296875 0.516796875 0
v -0.221379206731 -0.648379206731 0
v -0.21328125 -0.648703125 0
v -0.21328125 -0.63984375 0
v -0.221484375 -0.63984375 0
v -0.221484375 -0.631640625 0
v -0.21328125 -0.631640625 0
v -0.21328125 -0.6234375 0
v -0.221484375 -0.6234375 0
v -0.214183409122 -0.608378694914 0
v -0.214303678862 -0.606371157076 0
v -0.222845872524 -0.609010586276 0
v -0.221935454561 -0.611779163763 0
v -0.214423948602 -0.604363619238 0
v -0.222055724301 -0.605697434619 0
v -0.220917390213 -0.617478334572 0
v -0.213732329561 -0.615908097457 0
v -0.222009047786 -0.598082687998 0
v -0.213852599301 -0.597494309619 0
v -0.21328125 -0.590625 0
v -0.221484375 -0.590625 0
v -0.221816706731 -0.582316706731 0
v -0.21328125 -0.582421875 0
v -0.21328125 -0.57421875 0
v -0.222140625 -0.57421875 0
v -0.221703125 -0.565796875 0
v -0.21328125 -0.565359375 0
v -0.221379206731 0.434433293269 0
v -0.21328125 0.434109375 0
v -0.21328125 0.44296875 0
v -0.221484375 0.44296875 0
v -0.221484375 0.451171875 0
v -0.21328125 0.451171875 0
v -0.21328125 0.459375 0
v -0.221484375 0.459375 0
v -0.221529576531 0.467565479821 0
v -0.21328125 0.467578125 0
v -0.21328125 0.47578125 0
v -0.220260040554 0.476053144752 0
v -0.227238831108 0.476325039504 0
v -0.228887146915 0.473018349656 0
v -0.229164564355 0.476400066367 0
v -0.229621530477 0.474170597514 0
v -0.218822008943 0.483329701334 0
v -0.224098078312 0.484256269752 0
v -0.21328125 0.483984375 0
v -0.21328125 0.4921875 0
v -0.217119287757 0.4921875 0
v -0.220957325515 0.4921875 0
v -0.226990857662 0.485303432884 0
v -0.225322412757 0.4921875 0
v -0.216055721428 0.499050740154 0
v -0.218425510018 0.500388412643 0
v -0.213271333046 0.500387990458 0
v -0.213261416093 0.508588480916 0
v -0.214577555307 0.508588903102 0
v -0.215893694521 0.508589325287 0
v -0.223961828131 0.501004216895 0
v -0.22279059726 0.508591537643 0
v -0.214340092218 0.511096086972 0
v -0.21487943028 0.512349889999 0
v -0.213563291066 0.512349467814 0
v -0.21386516604 0.516110454711 0
v -0.222070910474 0.516985318405 0
v -0.214235227509 0.520720960568 0
v -0.214605288977 0.525331466425 0
v -0.222146394489 0.525165733212 0
v -0.222173568968 0.533503266166 0
v -0.213943269489 0.533368858212 0
v -0.21328125 0.54140625 0
v -0.222140625 0.54140625 0
v -0.221816706731 0.549504206731 0
v -0.21328125 0.549609375 0
v -0.21328125 0.5578125 0
v -0.221484375 0.5578125 0
v -0.221816706731 0.566120793269 0
v -0.21328125 0.566015625 0
v -0.21328125 0.57421875 0
v -0.222140625 0.57421875 0
v -0.221816706731 0.582316706731 0
v -0.21328125 0.582421875 0
v -0.21328125 0.590625 0
v -0.221484375 0.590625 0
v -0.221816706731 0.598933293269 0
v -0.21328125 0.598828125 0
v -0.21328125 0.60703125 0
v -0.222140625 0.60703125 0
v -0.221816706731 0.615129206731 0
v -0.21328125 0.615234375 0
v -0.21328125 0.6234375 0
v -0.221484375 0.6234375 0
v -0.221816706731 0.631745793269 0
v -0.21328125 0.631640625 0
v -0.21328125 0.63984375 0
v -0.222140625 0.63984375 0
v -0.221703125 0.648265625 0
v -0.21328125 0.648703125 0
v -0.204859375 -0.648265625 0
v -0.204421875 -0.63984375 0
v -0.204745793269 -0.631745793269 0
v -0.205078125 -0.6234375 0
v -0.207256221146 -0.60545319165 0
v -0.210840084874 -0.604908405444 0
v -0.211954526291 -0.606065168602 0
v -0.210719815134 -0.606915943282 0
v -0.205254907227 -0.614877255197 0
v -0.196875 -0.615234375 0
v -0.196875 -0.60703125 0
v -0.202065610573 -0.606242220825 0
v -0.205761745196 -0.597435583364 0
v -0.202065610573 -0.603345780737 0
v -0.196875 -0.601238369824 0
v -0.196875 -0.595931684912 0
v -0.196875 -0.590625 0
v -0.205078125 -0.590625 0
v -0.200335407049 -0.604574270491 0
v -0.196875 -0.604134809912 0
v -0.205078125 -0.582421875 0
v -0.196875 -0.582421875 0
v -0.196875 -0.57421875 0
v -0.205078125 -0.57421875 0
v -0.205183293269 -0.565683293269 0
v -0.196875 -0.566015625 0
v -0.204859375 0.434546875 0
v -0.204421875 0.44296875 0
v -0.204745793269 0.451066706731 0
v -0.205078125 0.459375 0
v -0.204745793269 0.467683293269 0
v -0.204421875 0.47578125 0
v -0.204745793269 0.483879206731 0
v -0.205078125 0.4921875 0
v -0.204740394814 0.500492913902 0
v -0.204411958046 0.508591115458 0
v -0.204692890612 0.516610220305 0
v -0.204218221066 0.525137280968 0
v -0.211561442132 0.525274561936 0
v -0.212713304086 0.520692508323 0
v -0.213083365554 0.52530301418 0
v -0.213343965716 0.522238827689 0
v -0.203311657474 0.532872037242 0
v -0.209686967632 0.533340405968 0
v -0.196875 0.533203125 0
v -0.196875 0.54140625 0
v -0.202343746566 0.54140625 0
v -0.207812493132 0.54140625 0
v -0.211693656395 0.53411552521 0
v -0.210546871566 0.54140625 0
v -0.2015073981 0.549074534753 0
v -0.206023130521 0.549609375 0
v -0.196875 0.549609375 0
v -0.196875 0.5578125 0
v -0.200554383955 0.5578125 0
v -0.204233767909 0.5578125 0
v -0.209578667576 0.550283487407 0
v -0.208757508955 0.5578125 0
v -0.199774024988 0.565168577076 0
v -0.202493334229 0.566015625 0
v -0.196875 0.566015625 0
v -0.196875 0.57421875 0
v -0.198813950275 0.57421875 0
v -0.200752900549 0.57421875 0
v -0.207840494237 0.566456766593 0
v -0.207017075275 0.57421875 0
v -0.197165005797 0.582083534159 0
v -0.199072217387 0.582140334395 0
v -0.19524251818 0.582073332241 0
v -0.19361003636 0.589927914481 0
v -0.195500785292 0.589994916636 0
v -0.197391534225 0.590061918791 0
v -0.206179474807 0.582604588349 0
v -0.205336392112 0.590343459395 0
v -0.19546760737 0.593100310518 0
v -0.196396392874 0.594686508537 0
v -0.194505643942 0.594619506382 0
v -0.195401251524 0.599311098282 0
v -0.204721272982 0.598733903414 0
v -0.196138125762 0.603171174141 0
v -0.196875 0.60703125 0
v -0.205078125 0.60703125 0
v -0.205078125 0.615234375 0
v -0.196875 0.615234375 0
v -0.196875 0.6234375 0
v -0.205078125 0.6234375 0
v -0.205078125 0.631640625 0
v -0.196875 0.631640625 0
v -0.196875 0.63984375 0
v -0.205078125 0.63984375 0
v -0.205183293269 0.648379206731 0
v -0.196875 0.648046875 0
v -0.188566706731 -0.615566706731 0
v -0.18046875 -0.615890625 0
v -0.18046875 -0.60703125 0
v -0.188671875 -0.60703125 0
v -0.18046875 -0.595092477898 0
v -0.18046875 -0.592858738949 0
v -0.189786213766 -0.59460393134 0
v -0.188671875 -0.598165423861 0
v -0.18046875 -0.590625 0
v -0.188671875 -0.590625 0
v -0.187724125012 -0.602420820161 0
v -0.18046875 -0.601061863949 0
v -0.188671875 -0.582421875 0
v -0.18046875 -0.582421875 0
v -0.18046875 -0.57421875 0
v -0.188671875 -0.57421875 0
v -0.188566706731 -0.565683293269 0
v -0.18046875 -0.565359375 0
v -0.188566706731 0.532870793269 0
v -0.18046875 0.532546875 0
v -0.18046875 0.54140625 0
v -0.188671875 0.54140625 0
v -0.188671875 0.549609375 0
v -0.18046875 0.549609375 0
v -0.18046875 0.5578125 0
v -0.188671875 0.5578125 0
v -0.188671875 0.566015625 0
v -0.18046875 0.566015625 0
v -0.18046875 0.57421875 0
v -0.188671875 0.57421875 0
v -0.18782693098 0.581946135968 0
v -0.18046875 0.582421875 0
v -0.18046875 0.590625 0
v -0.18703939318 0.590276457241 0
v -0.187559576503 0.598669259981 0
v -0.18046875 0.598828125 0
v -0.18046875 0.60703125 0
v -0.187091263099 0.60703125 0
v -0.193713776198 0.60703125 0
v -0.194557513861 0.603171174141 0
v -0.195294388099 0.60703125 0
v -0.195330009241 0.604457866095 0
v -0.186217812273 0.614791386433 0
v -0.191867152399 0.615234375 0
v -0.18046875 0.615234375 0
v -0.18046875 0.6234375 0
v -0.185244639301 0.6234375 0
v -0.190020528601 0.6234375 0
v -0.194257587008 0.616242664859 0
v -0.193447764301 0.6234375 0
v -0.184356931224 0.630943591121 0
v -0.188080242985 0.631640625 0
v -0.18046875 0.631640625 0
v -0.18046875 0.63984375 0
v -0.183304353684 0.63984375 0
v -0.186139957369 0.63984375 0
v -0.192406277693 0.63224387856 0
v -0.191507478684 0.63984375 0
v -0.182181999176 0.64695382719 0
v -0.18411263089 0.647931211099 0
v -0.179943319198 0.647910350377 0
v -0.179417888396 0.655976950753 0
v -0.180751596404 0.655997811476 0
v -0.182085304411 0.656018672199 0
v -0.19045251005 0.648423029346 0
v -0.189480152206 0.656134336099 0
v -0.180479611982 0.658730129591 0
v -0.181010473776 0.660106719011 0
v -0.179676765768 0.660085858288 0
v -0.179935643141 0.664194765824 0
v -0.189036678951 0.664628829345 0
v -0.18020219657 0.668425507912 0
v -0.18046875 0.67265625 0
v -0.189328125 0.67265625 0
v -0.189004206731 0.680754206731 0
v -0.18046875 0.680859375 0
v -0.18046875 0.6890625 0
v -0.188671875 0.6890625 0
v -0.189004206731 0.697370793269 0
v -0.18046875 0.697265625 0
v -0.18046875 0.70546875 0
v -0.189328125 0.70546875 0
v -0.189004206731 0.713566706731 0
v -0.18046875 0.713671875 0
v -0.18046875 0.721875 0
v -0.188671875 0.721875 0
v -0.189004206731 0.730183293269 0
v -0.18046875 0.730078125 0
v -0.18046875 0.73828125 0
v -0.189328125 0.73828125 0
v -0.188890625 0.746703125 0
v -0.18046875 0.747140625 0
v -0.172370793269 -0.615566706731 0
v -0.1640625 -0.615234375 0
v -0.1640625 -0.60703125 0
v -0.172265625 -0.60703125 0
v -0.171718307298 -0.59212558049 0
v -0.176093528649 -0.591375290245 0
v -0.177551935766 -0.592614352796 0
v -0.176093528649 -0.593609029194 0
v -0.171873652019 -0.6000506923 0
v -0.16362157707 -0.600310460251 0
v -0.16318065414 -0.593589670502 0
v -0.167449480719 -0.592857625496 0
v -0.172164049908 -0.582739201972 0
v -0.167541972508 -0.590825920002 0
v -0.163365637717 -0.589526259514 0
v -0.163714068858 -0.581872504757 0
v -0.1640625 -0.57421875 0
v -0.172265625 -0.57421875 0
v -0.166088199718 -0.591747170168 0
v -0.163273145929 -0.591557965008 0
v -0.172370793269 -0.565683293269 0
v -0.1640625 -0.566015625 0
v -0.172046875 0.532984375 0
v -0.171609375 0.54140625 0
v -0.171933293269 0.549504206731 0
v -0.172265625 0.5578125 0
v -0.171933293269 0.566120793269 0
v -0.171609375 0.57421875 0
v -0.171933293269 0.582316706731 0
v -0.172265625 0.590625 0
v -0.171933293269 0.598933293269 0
v -0.171609375 0.60703125 0
v -0.171933293269 0.615129206731 0
v -0.172265625 0.6234375 0
v -0.171933293269 0.631745793269 0
v -0.171609375 0.63984375 0
v -0.17164844917 0.647785247213 0
v -0.171740194198 0.656113475377 0
v -0.171678217716 0.664218610924 0
v -0.1640625 0.664453125 0
v -0.1640625 0.67265625 0
v -0.17084745277 0.67265625 0
v -0.177632405539 0.67265625 0
v -0.17878402434 0.668425507912 0
v -0.17905057777 0.67265625 0
v -0.17934559956 0.669835755276 0
v -0.169750971046 0.68028420881 0
v -0.175274087445 0.680859375 0
v -0.1640625 0.680859375 0
v -0.1640625 0.6890625 0
v -0.168489134675 0.6890625 0
v -0.17291576935 0.6890625 0
v -0.177692977095 0.682100750348 0
v -0.176692259675 0.6890625 0
v -0.167388115042 0.696163110487 0
v -0.170371818603 0.697265625 0
v -0.1640625 0.697265625 0
v -0.1640625 0.70546875 0
v -0.165945183928 0.70546875 0
v -0.167827867856 0.70546875 0
v -0.175313458357 0.697954558603 0
v -0.174148308928 0.70546875 0
v -0.165498462457 0.708720703504 0
v -0.166216443686 0.710346680256 0
v -0.164333759758 0.710346680256 0
v -0.164605019516 0.715224610511 0
v -0.172990207115 0.714043074585 0
v -0.164798902568 0.718711113673 0
v -0.16499278562 0.722197616835 0
v -0.17273076781 0.722036308417 0
v -0.172523070792 0.730238313359 0
v -0.16452764281 0.730239433417 0
v -0.1640625 0.73828125 0
v -0.172265625 0.73828125 0
v -0.172370793269 0.746816706731 0
v -0.1640625 0.746484375 0
v -0.155754206731 -0.615566706731 0
v -0.14765625 -0.615890625 0
v -0.14765625 -0.60703125 0
v -0.155859375 -0.60703125 0
v -0.15536880873 -0.599619730851 0
v -0.14765625 -0.598828125 0
v -0.14765625 -0.590625 0
v -0.15541845207 -0.592107335251 0
v -0.14765625 -0.585321631411 0
v -0.14765625 -0.579770190706 0
v -0.15612003883 -0.580838130093 0
v -0.155510943858 -0.587423945463 0
v -0.14765625 -0.57421875 0
v -0.155859375 -0.57421875 0
v -0.155133545162 -0.589684393759 0
v -0.14765625 -0.587973315706 0
v -0.155754206731 -0.565683293269 0
v -0.14765625 -0.565359375 0
v -0.155754206731 0.664120793269 0
v -0.14765625 0.663796875 0
v -0.14765625 0.67265625 0
v -0.155859375 0.67265625 0
v -0.155859375 0.680859375 0
v -0.14765625 0.680859375 0
v -0.14765625 0.6890625 0
v -0.155859375 0.6890625 0
v -0.155859375 0.697265625 0
v -0.14765625 0.697265625 0
v -0.14765625 0.70546875 0
v -0.155859375 0.70546875 0
v -0.155840910209 0.713612494745 0
v -0.14765625 0.713671875 0
v -0.14765625 0.721875 0
v -0.154938625344 0.722010518245 0
v -0.162221000689 0.72214603649 0
v -0.163413010102 0.718685323501 0
v -0.163606893154 0.722171826662 0
v -0.163939601942 0.719856087946 0
v -0.153576924435 0.729452457294 0
v -0.159270129397 0.730213643245 0
v -0.14765625 0.730078125 0
v -0.14765625 0.73828125 0
v -0.151987754053 0.73828125 0
v -0.156319258106 0.73828125 0
v -0.16162851416 0.731491829609 0
v -0.160190879053 0.73828125 0
v -0.150530561297 0.744984995834 0
v -0.153084827486 0.746382373047 0
v -0.147368839138 0.74636249983 0
v -0.147081428275 0.75444374966 0
v -0.148465912571 0.754463622877 0
v -0.149850396867 0.754483496094 0
v -0.158422192511 0.747237615164 0
v -0.156956448433 0.754585498047 0
v -0.148074175817 0.756477574342 0
v -0.148570549587 0.757494486681 0
v -0.147186065292 0.757474613465 0
v -0.147290702308 0.760505477269 0
v -0.156265111425 0.763082506387 0
v -0.147473476154 0.765799613635 0
v -0.14765625 0.77109375 0
v -0.156515625 0.77109375 0
v -0.156191706731 0.779191706731 0
v -0.14765625 0.779296875 0
v -0.14765625 0.7875 0
v -0.155859375 0.7875 0
v -0.156191706731 0.795808293269 0
v -0.14765625 0.795703125 0
v -0.14765625 0.80390625 0
v -0.156515625 0.80390625 0
v -0.156078125 0.812328125 0
v -0.14765625 0.812765625 0
v -0.139558293269 -0.615566706731 0
v -0.13125 -0.615234375 0
v -0.13125 -0.60703125 0
v -0.139453125 -0.60703125 0
v -0.139453125 -0.598828125 0
v -0.13125 -0.598828125 0
v -0.13125 -0.590625 0
v -0.139453125 -0.590625 0
v -0.13125 -0.5819664225 0
v -0.13125 -0.57809258625 0
v -0.139939816235 -0.578981154596 0
v -0.139453125 -0.583644026955 0
v -0.13125 -0.57421875 0
v -0.139453125 -0.57421875 0
v -0.138796024671 -0.58706732235 0
v -0.13125 -0.58629571125 0
v -0.139558293269 -0.565683293269 0
v -0.13125 -0.566015625 0
v -0.139234375 0.664234375 0
v -0.138796875 0.67265625 0
v -0.139120793269 0.680754206731 0
v -0.139453125 0.6890625 0
v -0.139120793269 0.697370793269 0
v -0.138796875 0.70546875 0
v -0.139120793269 0.713566706731 0
v -0.139453125 0.721875 0
v -0.139120793269 0.730183293269 0
v -0.138796875 0.73828125 0
v -0.138955749079 0.746271393566 0
v -0.139165714138 0.75456562483 0
v -0.138597914095 0.762350708762 0
v -0.13125 0.762890625 0
v -0.13125 0.77109375 0
v -0.136906675709 0.77109375 0
v -0.142563351417 0.77109375 0
v -0.144927026863 0.765799613635 0
v -0.145109800709 0.77109375 0
v -0.145836767908 0.767564325756 0
v -0.135275881343 0.777811147186 0
v -0.138580377161 0.779296875 0
v -0.13125 0.779296875 0
v -0.13125 0.7875 0
v -0.132923701452 0.7875 0
v -0.134597402905 0.7875 0
v -0.142826990196 0.780496863742 0
v -0.141126826452 0.7875 0
v -0.132365800968 0.789633690711 0
v -0.132923701452 0.79070053607 0
v -0.13125 0.79070053607 0
v -0.13125 0.79390107214 0
v -0.139746912865 0.795954718709 0
v -0.13125 0.79890366107 0
v -0.13125 0.80390625 0
v -0.139453125 0.80390625 0
v -0.139558293269 0.812441706731 0
v -0.13125 0.812109375 0
v -0.122941706731 -0.615566706731 0
v -0.11484375 -0.615890625 0
v -0.11484375 -0.60703125 0
v -0.123046875 -0.60703125 0
v -0.123046875 -0.598828125 0
v -0.11484375 -0.598828125 0
v -0.11484375 -0.590625 0
v -0.123046875 -0.590625 0
v -0.11484375 -0.579699982912 0
v -0.11484375 -0.576959366456 0
v -0.123515341253 -0.577558334462 0
v -0.123046875 -0.580833202706 0
v -0.11484375 -0.57421875 0
v -0.123046875 -0.57421875 0
v -0.122730421566 -0.585707243141 0
v -0.11484375 -0.585162491456 0
v -0.122941706731 -0.565683293269 0
v -0.11484375 -0.565359375 0
v -0.122941706731 0.762558293269 0
v -0.11484375 0.762234375 0
v -0.11484375 0.77109375 0
v -0.123046875 0.77109375 0
v -0.123046875 0.779296875 0
v -0.11484375 0.779296875 0
v -0.11484375 0.7875 0
v -0.123046875 0.7875 0
v -0.12231726266 0.795144354208 0
v -0.11484375 0.795703125 0
v -0.11484375 0.80390625 0
v -0.120276868452 0.80390625 0
v -0.125709986904 0.80390625 0
v -0.128479993452 0.79890366107 0
v -0.128479993452 0.80390625 0
v -0.129403328968 0.800571190712 0
v -0.117783221883 0.810305927606 0
v -0.121115266515 0.81145951515 0
v -0.113572042117 0.811273320449 0
v -0.112300334234 0.818640390898 0
v -0.11441044018 0.818826585599 0
v -0.116520546127 0.819012780301 0
v -0.125865152872 0.813003753982 0
v -0.123885273063 0.81966264015 0
v -0.113968682748 0.820624028522 0
v -0.114802857005 0.821615847336 0
v -0.112692751059 0.821429652634 0
v -0.113085167884 0.82421891437 0
v -0.122916767672 0.828292236546 0
v -0.113964458942 0.830468832185 0
v -0.11484375 0.83671875 0
v -0.123703125 0.83671875 0
v -0.123379206731 0.844816706731 0
v -0.11484375 0.844921875 0
v -0.11484375 0.853125 0
v -0.123046875 0.853125 0
v -0.123379206731 0.861433293269 0
v -0.11484375 0.861328125 0
v -0.11484375 0.86953125 0
v -0.123703125 0.86953125 0
v -0.123265625 0.877953125 0
v -0.11484375 0.878390625 0
v -0.106745793269 -0.615566706731 0
v -0.0984375 -0.615234375 0
v -0.0984375 -0.60703125 0
v -0.106640625 -0.60703125 0
v -0.106640625 -0.598828125 0
v -0.0984375 -0.598828125 0
v -0.0984375 -0.590625 0
v -0.106640625 -0.590625 0
v -0.0984375 -0.578453241114 0
v -0.0984375 -0.576335995557 0
v -0.106991505654 -0.576661013047 0
v -0.106640625 -0.579076612013 0
v -0.0984375 -0.57421875 0
v -0.106640625 -0.57421875 0
v -0.106493026062 -0.584845197846 0
v -0.0984375 -0.584539120557 0
v -0.106745793269 -0.565683293269 0
v -0.0984375 -0.566015625 0
v -0.106421875 0.762671875 0
v -0.105984375 0.77109375 0
v -0.106308293269 0.779191706731 0
v -0.106640625 0.7875 0
v -0.106308293269 0.795808293269 0
v -0.105984375 0.80390625 0
v -0.105530508329 0.811376816715 0
v -0.105368917117 0.819476445449 0
v -0.104599809513 0.826870701167 0
v -0.0984375 0.828515625 0
v -0.0984375 0.83671875 0
v -0.101296634571 0.83671875 0
v -0.104155769143 0.83671875 0
v -0.108620468513 0.830468832185 0
v -0.109499759571 0.83671875 0
v -0.110694895675 0.832552138123 0
v -0.100343589714 0.839142275943 0
v -0.101296634571 0.840354038913 0
v -0.0984375 0.840354038913 0
v -0.0984375 0.843989327826 0
v -0.107167645413 0.845405589406 0
v -0.0984375 0.848557163913 0
v -0.0984375 0.853125 0
v -0.106640625 0.853125 0
v -0.106640625 0.861328125 0
v -0.0984375 0.861328125 0
v -0.0984375 0.86953125 0
v -0.106640625 0.86953125 0
v -0.106745793269 0.878066706731 0
v -0.0984375 0.877734375 0
v -0.0901292067308 -0.615566706731 0
v -0.08203125 -0.615890625 0
v -0.08203125 -0.60703125 0
v -0.090234375 -0.60703125 0
v -0.090234375 -0.598828125 0
v -0.08203125 -0.598828125 0
v -0.08203125 -0.590625 0
v -0.090234375 -0.590625 0
v -0.0820321385842 -0.578056008157 0
v -0.0820322821182 -0.576025724699 0
v -0.090292217832 -0.576181950521 0
v -0.0902348192921 -0.578254624635 0
v -0.0820324256522 -0.573995441242 0
v -0.0902349628261 -0.574107095621 0
v -0.0901906945395 -0.58443933575 0
v -0.0820316942921 -0.584340504078 0
v -0.090146826538 -0.565627463174 0
v -0.0820318378261 -0.565247720621 0
v -0.0901292067308 0.828183293269 0
v -0.08203125 0.827859375 0
v -0.08203125 0.83671875 0
v -0.090234375 0.83671875 0
v -0.0893742766721 0.844126804673 0
v -0.08203125 0.844921875 0
v -0.08203125 0.853125 0
v -0.0862993281997 0.853125 0
v -0.0905674063993 0.853125 0
v -0.0945024531997 0.848557163913 0
v -0.0945024531997 0.853125 0
v -0.0958141354665 0.850079775942 0
v -0.0848766354664 0.856071521747 0
v -0.0862993281997 0.85754478262 0
v -0.08203125 0.85754478262 0
v -0.08203125 0.861964565241 0
v -0.0911077724557 0.86218503562 0
v -0.08203125 0.86574790762 0
v -0.08203125 0.86953125 0
v -0.090234375 0.86953125 0
v -0.090234375 0.877734375 0
v -0.08203125 0.877734375 0
v -0.08203125 0.8859375 0
v -0.090234375 0.8859375 0
v -0.0905667067308 0.894245793269 0
v -0.08203125 0.894140625 0
v -0.08203125 0.90234375 0
v -0.090890625 0.90234375 0
v -0.090453125 0.910765625 0
v -0.08203125 0.911203125 0
v -0.0739332932692 -0.615566706731 0
v -0.065625 -0.615234375 0
v -0.065625 -0.60703125 0
v -0.073828125 -0.60703125 0
v -0.073828125 -0.598828125 0
v -0.065625 -0.598828125 0
v -0.065625 -0.590625 0
v -0.073828125 -0.590625 0
v -0.0656242158014 -0.578262438458 0
v -0.0656240861794 -0.576219001536 0
v -0.0738193520327 -0.576122455849 0
v -0.0738281771928 -0.578159223307 0
v -0.0656239565574 -0.574175564614 0
v -0.0738281911048 -0.574085502928 0
v -0.0738507913977 -0.584391863369 0
v -0.0656246079007 -0.584443719229 0
v -0.0739196218416 -0.565616906532 0
v -0.0656244782787 -0.565994032307 0
v -0.073609375 0.828296875 0
v -0.073171875 0.83671875 0
v -0.0734957932692 0.844816706731 0
v -0.073828125 0.853125 0
v -0.0731118849435 0.860581172762 0
v -0.065625 0.861328125 0
v -0.065625 0.86953125 0
v -0.0696944133656 0.86953125 0
v -0.0737638267312 0.86953125 0
v -0.0778975383656 0.86574790762 0
v -0.0778975383656 0.86953125 0
v -0.0792754422437 0.867009021747 0
v -0.0683379422437 0.871713329818 0
v -0.0696944133656 0.872804369728 0
v -0.065625 0.872804369728 0
v -0.065625 0.876077489455 0
v -0.074431174215 0.878395734873 0
v -0.065625 0.881007494728 0
v -0.065625 0.8859375 0
v -0.073828125 0.8859375 0
v -0.073828125 0.894140625 0
v -0.065625 0.894140625 0
v -0.065625 0.90234375 0
v -0.073828125 0.90234375 0
v -0.0739332932692 0.910879206731 0
v -0.065625 0.910546875 0
v -0.0573167067308 -0.615566706731 0
v -0.04921875 -0.615890625 0
v -0.04921875 -0.60703125 0
v -0.057421875 -0.60703125 0
v -0.057421875 -0.598828125 0
v -0.04921875 -0.598828125 0
v -0.04921875 -0.590625 0
v -0.057421875 -0.590625 0
v -0.04921875 -0.578794551544 0
v -0.04921875 -0.576506650772 0
v -0.0572670980878 -0.576365538008 0
v -0.0574214829007 -0.578528495001 0
v -0.04921875 -0.57421875 0
v -0.0574213532787 -0.574197157307 0
v -0.057481820123 -0.584575819306 0
v -0.04921875 -0.584709775772 0
v -0.0573128546872 -0.56567240237 0
v -0.04921875 -0.565359375 0
v -0.0573167067308 0.860995793269 0
v -0.04921875 0.860671875 0
v -0.04921875 0.86953125 0
v -0.057421875 0.86953125 0
v -0.0559995868082 0.875747861813 0
v -0.0484136835735 0.876269419036 0
v -0.047608617147 0.883007588073 0
v -0.0507463149392 0.88351785577 0
v -0.0538840127314 0.884028123467 0
v -0.0597545063657 0.880052806461 0
v -0.0597545063657 0.884982811733 0
v -0.0617113375771 0.882014370974 0
v -0.0498221036843 0.884809123621 0
v -0.050928846953 0.885709891395 0
v -0.0477911491608 0.885199623698 0
v -0.0479736811745 0.887391659323 0
v -0.0571113634547 0.893652228481 0
v -0.0485962155873 0.894867704662 0
v -0.04921875 0.90234375 0
v -0.057421875 0.90234375 0
v -0.0573167067308 0.910879206731 0
v -0.04921875 0.911203125 0
v -0.0411207932692 -0.615566706731 0
v -0.0328125 -0.615234375 0
v -0.0328125 -0.60703125 0
v -0.041015625 -0.60703125 0
v -0.041015625 -0.598828125 0
v -0.0328125 -0.598828125 0
v -0.0328125 -0.590625 0
v -0.041015625 -0.590625 0
v -0.0328125 -0.579389254168 0
v -0.0328125 -0.576804002084 0
v -0.0408487781931 -0.576658350405 0
v -0.041015625 -0.579091902856 0
v -0.0328125 -0.57421875 0
v -0.041015625 -0.57421875 0
v -0.041086123842 -0.584857173688 0
v -0.0328125 -0.585007127084 0
v -0.0411207932692 -0.565683293269 0
v -0.0328125 -0.566015625 0
v -0.0411207932692 0.860995793269 0
v -0.0328125 0.861328125 0
v -0.0328125 0.86953125 0
v -0.041015625 0.86953125 0
v -0.0403512714061 0.876885380334 0
v -0.0328125 0.877734375 0
v -0.0328125 0.8859375 0
v -0.0402105585735 0.884472544036 0
v -0.0395737967564 0.887873809766 0
v -0.0328125 0.890043745325 0
v -0.0328125 0.894149990649 0
v -0.0403930905873 0.890770824986 0
v -0.0328125 0.898246870325 0
v -0.0414965391762 0.896441550322 0
v -0.0328125 0.90234375 0
v -0.041015625 0.90234375 0
v -0.0411207932692 0.910879206731 0
v -0.0328125 0.910546875 0
v -0.0245042067308 -0.615566706731 0
v -0.01640625 -0.615890625 0
v -0.01640625 -0.60703125 0
v -0.024609375 -0.60703125 0
v -0.024609375 -0.598828125 0
v -0.01640625 -0.598828125 0
v -0.01640625 -0.590625 0
v -0.024609375 -0.590625 0
v -0.01640625 -0.579835833798 0
v -0.01640625 -0.577027291899 0
v -0.0244961785949 -0.5769171876 0
v -0.024609375 -0.579612543983 0
v -0.01640625 -0.57421875 0
v -0.024609375 -0.57421875 0
v -0.0246648174996 -0.585118017416 0
v -0.01640625 -0.585230416899 0
v -0.0245042067308 -0.565683293269 0
v -0.01640625 -0.565359375 0
v -0.0245042067308 0.860995793269 0
v -0.01640625 0.860671875 0
v -0.01640625 0.86953125 0
v -0.024609375 0.86953125 0
v -0.024609375 0.877734375 0
v -0.01640625 0.877734375 0
v -0.01640625 0.8859375 0
v -0.024609375 0.8859375 0
v -0.0240433314888 0.891216186105 0
v -0.0164268333521 0.892237727252 0
v -0.0164474167043 0.898537954503 0
v -0.0246299583521 0.896343972576 0
v -0.0164541398465 0.900595798322 0
v -0.0255359935507 0.899291156443 0
v -0.0164608629888 0.902653642141 0
v -0.0246366814944 0.902498696071 0
v -0.0245422943156 0.910961030196 0
v -0.0164335564944 0.911358071071 0
v -0.00830829326923 -0.615566706731 0
v 0 -0.615234375 0
v 0 -0.60703125 0
v -0.008203125 -0.60703125 0
v -0.008203125 -0.598828125 0
v 0 -0.598828125 0
v 0 -0.590625 0
v -0.008203125 -0.590625 0
v 0 -0.58 0
v 0 -0.577109375 0
v -0.00816374275643 -0.577068530485 0
v -0.008203125 -0.579917916899 0
v 0 -0.57421875 0
v -0.008203125 -0.57421875 0
v -0.0082240873832 -0.585271353571 0
v 0 -0.5853125 0
v -0.00830829326923 -0.565683293269 0
v 0 -0.566015625 0
v -0.00830829326923 0.860995793269 0
v 0 0.861328125 0
v 0 0.86953125 0
v -0.008203125 0.86953125 0
v -0.008203125 0.877734375 0
v 0 0.877734375 0
v 0 0.8859375 0
v -0.008203125 0.8859375 0
v -0.00806349386462 0.892612847247 0
v 0 0.89296875 0
v 0 0.9 0
v -0.00822370835214 0.899268977252 0
v 0 0.90205078125 0
v -0.00823218045678 0.901323117195 0
v 0 0.9041015625 0
v -0.00823043149439 0.903377602321 0
v -0.00845261366441 0.911386897748 0
v 0 0.91142578125 0
v 0.00830829326923 -0.615566706731 0
v 0.01640625 -0.615890625 0
v 0.01640625 -0.60703125 0
v 0.008203125 -0.60703125 0
v 0.008203125 -0.598828125 0
v 0.01640625 -0.598828125 0
v 0.01640625 -0.590625 0
v 0.008203125 -0.590625 0
v 0.01640625 -0.579835833798 0
v 0.01640625 -0.577027291899 0
v 0.00816374275643 -0.577068530485 0
v 0.008203125 -0.579917916899 0
v 0.01640625 -0.57421875 0
v 0.008203125 -0.57421875 0
v 0.0082240873832 -0.585271353571 0
v 0.01640625 -0.585230416899 0
v 0.00830829326923 -0.565683293269 0
v 0.01640625 -0.565359375 0
v 0.00830829326923 0.860995793269 0
v 0.01640625 0.860671875 0
v 0.01640625 0.86953125 0
v 0.008203125 0.86953125 0
v 0.008203125 0.877734375 0
v 0.01640625 0.877734375 0
v 0.01640625 0.8859375 0
v 0.008203125 0.8859375 0
v 0.00806349386462 0.892612847247 0
v 0.0164268333521 0.892237727252 0
v 0.0164474167043 0.898537954503 0
v 0.00822370835214 0.899268977252 0
v 0.0164541398465 0.900595798322 0
v 0.00823218045678 0.901323117195 0
v 0.0164608629888 0.902653642141 0
v 0.00823043149439 0.903377602321 0
v 0.00845261366441 0.911386897748 0
v 0.0164335564944 0.911358071071 0
v 0.0245042067308 -0.615566706731 0
v 0.0328125 -0.615234375 0
v 0.0328125 -0.60703125 0
v 0.024609375 -0.60703125 0
v 0.024609375 -0.598828125 0
v 0.0328125 -0.598828125 0
v 0.0328125 -0.590625 0
v 0.024609375 -0.590625 0
v 0.0328125 -0.579389254168 0
v 0.0328125 -0.576804002084 0
v 0.0244961785949 -0.5769171876 0
v 0.024609375 -0.579612543983 0
v 0.0328125 -0.57421875 0
v 0.024609375 -0.57421875 0
v 0.0246648174996 -0.585118017416 0
v 0.0328125 -0.585007127084 0
v 0.0245042067308 -0.565683293269 0
v 0.0328125 -0.566015625 0
v 0.0245042067308 0.860995793269 0
v 0.0328125 0.861328125 0
v 0.0328125 0.86953125 0
v 0.024609375 0.86953125 0
v 0.024609375 0.877734375 0
v 0.0328125 0.877734375 0
v 0.0328125 0.8859375 0
v 0.024609375 0.8859375 0
v 0.0240433314888 0.891216186105 0
v 0.0328125 0.890043745325 0
v 0.0328125 0.894149990649 0
v 0.0246299583521 0.896343972576 0
v 0.0328125 0.898246870325 0
v 0.0255359935507 0.899291156443 0
v 0.0328125 0.90234375 0
v 0.0246366814944 0.902498696071 0
v 0.0245422943156 0.910961030196 0
v 0.0328125 0.910546875 0
v 0.0411207932692 -0.615566706731 0
v 0.04921875 -0.615890625 0
v 0.04921875 -0.60703125 0
v 0.041015625 -0.60703125 0
v 0.041015625 -0.598828125 0
v 0.04921875 -0.598828125 0
v 0.04921875 -0.590625 0
v 0.041015625 -0.590625 0
v 0.04921875 -0.578794551544 0
v 0.04921875 -0.576506650772 0
v 0.0408487781931 -0.576658350405 0
v 0.041015625 -0.579091902856 0
v 0.04921875 -0.57421875 0
v 0.041015625 -0.57421875 0
v 0.041086123842 -0.584857173688 0
v 0.04921875 -0.584709775772 0
v 0.0411207932692 -0.565683293269 0
v 0.04921875 -0.565359375 0
v 0.0411207932692 0.860995793269 0
v 0.04921875 0.860671875 0
v 0.04921875 0.86953125 0
v 0.041015625 0.86953125 0
v 0.0403512714061 0.876885380334 0
v 0.0484136835736 0.876269419036 0
v 0.0476086171471 0.883007588073 0
v 0.0402105585736 0.884472544036 0
v 0.0395737967564 0.887873809766 0
v 0.0477911491609 0.885199623698 0
v 0.0479736811746 0.887391659323 0
v 0.0403930905873 0.890770824986 0
v 0.0485962155873 0.894867704662 0
v 0.0414965391762 0.896441550322 0
v 0.04921875 0.90234375 0
v 0.041015625 0.90234375 0
v 0.0411207932692 0.910879206731 0
v 0.04921875 0.911203125 0
v 0.0573167067308 -0.615566706731 0
v 0.065625 -0.615234375 0
v 0.065625 -0.60703125 0
v 0.057421875 -0.60703125 0
v 0.057421875 -0.598828125 0
v 0.065625 -0.598828125 0
v 0.065625 -0.590625 0
v 0.057421875 -0.590625 0
v 0.0656242158014 -0.578262438458 0
v 0.0656240861794 -0.576219001536 0
v 0.0572670980878 -0.576365538009 0
v 0.0574214829007 -0.578528495001 0
v 0.0656239565574 -0.574175564614 0
v 0.0574213532787 -0.574197157307 0
v 0.057481820123 -0.584575819306 0
v 0.0656246079007 -0.584443719229 0
v 0.0573128546872 -0.56567240237 0
v 0.0656244782787 -0.565994032307 0
v 0.0573167067308 0.860995793269 0
v 0.065625 0.861328125 0
v 0.065625 0.86953125 0
v 0.057421875 0.86953125 0
v 0.0559995868082 0.875747861813 0
v 0.065625 0.872804369728 0
v 0.065625 0.876077489455 0
v 0.0597545063657 0.880052806461 0
v 0.0538840127315 0.884028123467 0
v 0.0507463149393 0.88351785577 0
v 0.065625 0.881007494728 0
v 0.0617113375772 0.882014370974 0
v 0.065625 0.8859375 0
v 0.0597545063657 0.884982811733 0
v 0.0498221036844 0.884809123621 0
v 0.0509288469531 0.885709891395 0
v 0.0571113634547 0.893652228481 0
v 0.065625 0.894140625 0
v 0.065625 0.90234375 0
v 0.057421875 0.90234375 0
v 0.0573167067308 0.910879206731 0
v 0.065625 0.910546875 0
v 0.0739332932692 -0.615566706731 0
v 0.08203125 -0.615890625 0
v 0.08203125 -0.60703125 0
v 0.073828125 -0.60703125 0
v 0.073828125 -0.598828125 0
v 0.08203125 -0.598828125 0
v 0.08203125 -0.590625 0
v 0.073828125 -0.590625 0
v 0.0820321385842 -0.578056008157 0
v 0.0820322821182 -0.576025724699 0
v 0.0738193520327 -0.576122455849 0
v 0.0738281771928 -0.578159223307 0
v 0.0820324256522 -0.573995441242 0
v 0.0738281911048 -0.574085502928 0
v 0.0738507913977 -0.584391863368 0
v 0.0820316942921 -0.584340504078 0
v 0.0739196218416 -0.565616906532 0
v 0.0820318378261 -0.565247720621 0
v 0.073609375 0.828296875 0
v 0.08203125 0.827859375 0
v 0.08203125 0.83671875 0
v 0.073171875 0.83671875 0
v 0.0734957932692 0.844816706731 0
v 0.08203125 0.844921875 0
v 0.08203125 0.853125 0
v 0.073828125 0.853125 0
v 0.0731118849435 0.860581172762 0
v 0.08203125 0.85754478262 0
v 0.08203125 0.861964565241 0
v 0.0778975383656 0.86574790762 0
v 0.0737638267312 0.86953125 0
v 0.0696944133656 0.86953125 0
v 0.08203125 0.86574790762 0
v 0.0792754422437 0.867009021747 0
v 0.08203125 0.86953125 0
v 0.0778975383656 0.86953125 0
v 0.0683379422437 0.871713329818 0
v 0.0696944133656 0.872804369728 0
v 0.074431174215 0.878395734873 0
v 0.08203125 0.877734375 0
v 0.08203125 0.8859375 0
v 0.073828125 0.8859375 0
v 0.073828125 0.894140625 0
v 0.08203125 0.894140625 0
v 0.08203125 0.90234375 0
v 0.073828125 0.90234375 0
v 0.0739332932692 0.910879206731 0
v 0.08203125 0.911203125 0
v 0.0901292067308 -0.615566706731 0
v 0.0984375 -0.615234375 0
v 0.0984375 -0.60703125 0
v 0.090234375 -0.60703125 0
v 0.090234375 -0.598828125 0
v 0.0984375 -0.598828125 0
v 0.0984375 -0.590625 0
v 0.090234375 -0.590625 0
v 0.0984375 -0.578453241114 0
v 0.0984375 -0.576335995557 0
v 0.0902922178319 -0.576181950521 0
v 0.0902348192921 -0.578254624635 0
v 0.0984375 -0.57421875 0
v 0.0902349628261 -0.574107095621 0
v 0.0901906945395 -0.58443933575 0
v 0.0984375 -0.584539120557 0
v 0.090146826538 -0.565627463174 0
v 0.0984375 -0.566015625 0
v 0.0901292067308 0.828183293269 0
v 0.0984375 0.828515625 0
v 0.0984375 0.83671875 0
v 0.090234375 0.83671875 0
v 0.0893742766721 0.844126804673 0
v 0.0984375 0.840354038913 0
v 0.0984375 0.843989327826 0
v 0.0945024531997 0.848557163913 0
v 0.0905674063993 0.853125 0
v 0.0862993281997 0.853125 0
v 0.0984375 0.848557163913 0
v 0.0958141354665 0.850079775942 0
v 0.0984375 0.853125 0
v 0.0945024531997 0.853125 0
v 0.0848766354664 0.856071521747 0
v 0.0862993281997 0.85754478262 0
v 0.0911077724557 0.86218503562 0
v 0.0984375 0.861328125 0
v 0.0984375 0.86953125 0
v 0.090234375 0.86953125 0
v 0.090234375 0.877734375 0
v 0.0984375 0.877734375 0
v 0.090234375 0.8859375 0
v 0.0905667067308 0.894245793269 0
v 0.090890625 0.90234375 0
v 0.090453125 0.910765625 0
v 0.106745793269 -0.615566706731 0
v 0.11484375 -0.615890625 0
v 0.11484375 -0.60703125 0
v 0.106640625 -0.60703125 0
v 0.106640625 -0.598828125 0
v 0.11484375 -0.598828125 0
v 0.11484375 -0.590625 0
v 0.106640625 -0.590625 0
v 0.11484375 -0.579699982912 0
v 0.11484375 -0.576959366456 0
v 0.106991505654 -0.576661013047 0
v 0.106640625 -0.579076612013 0
v 0.11484375 -0.57421875 0
v 0.106640625 -0.57421875 0
v 0.106493026062 -0.584845197846 0
v 0.11484375 -0.585162491456 0
v 0.106745793269 -0.565683293269 0
v 0.11484375 -0.565359375 0
v 0.106421875 0.762671875 0
v 0.11484375 0.762234375 0
v 0.11484375 0.77109375 0
v 0.105984375 0.77109375 0
v 0.106308293269 0.779191706731 0
v 0.11484375 0.779296875 0
v 0.11484375 0.7875 0
v 0.106640625 0.7875 0
v 0.106308293269 0.795808293269 0
v 0.11484375 0.795703125 0
v 0.11484375 0.80390625 0
v 0.105984375 0.80390625 0
v 0.105530508329 0.811376816715 0
v 0.113572042117 0.811273320449 0
v 0.112300334234 0.818640390898 0
v 0.105368917117 0.819476445449 0
v 0.104599809513 0.826870701166 0
v 0.112692751059 0.821429652634 0
v 0.113085167884 0.82421891437 0
v 0.108620468513 0.830468832185 0
v 0.104155769143 0.83671875 0
v 0.101296634571 0.83671875 0
v 0.113964458942 0.830468832185 0
v 0.110694895676 0.832552138124 0
v 0.11484375 0.83671875 0
v 0.109499759571 0.83671875 0
v 0.100343589714 0.839142275943 0
v 0.101296634571 0.840354038913 0
v 0.107167645413 0.845405589406 0
v 0.11484375 0.844921875 0
v 0.11484375 0.853125 0
v 0.106640625 0.853125 0
v 0.106640625 0.861328125 0
v 0.11484375 0.861328125 0
v 0.11484375 0.86953125 0
v 0.106640625 0.86953125 0
v 0.106745793269 0.878066706731 0
v 0.11484375 0.878390625 0
v 0.122941706731 -0.615566706731 0
v 0.13125 -0.615234375 0
v 0.13125 -0.60703125 0
v 0.123046875 -0.60703125 0
v 0.123046875 -0.598828125 0
v 0.13125 -0.598828125 0
v 0.13125 -0.590625 0
v 0.123046875 -0.590625 0
v 0.13125 -0.5819664225 0
v 0.13125 -0.57809258625 0
v 0.123515341253 -0.577558334462 0
v 0.123046875 -0.580833202706 0
v 0.13125 -0.57421875 0
v 0.123046875 -0.57421875 0
v 0.122730421566 -0.585707243141 0
v 0.13125 -0.58629571125 0
v 0.122941706731 -0.565683293269 0
v 0.13125 -0.566015625 0
v 0.122941706731 0.762558293269 0
v 0.13125 0.762890625 0
v 0.13125 0.77109375 0
v 0.123046875 0.77109375 0
v 0.123046875 0.779296875 0
v 0.13125 0.779296875 0
v 0.13125 0.7875 0
v 0.123046875 0.7875 0
v 0.12231726266 0.795144354208 0
v 0.13125 0.79070053607 0
v 0.13125 0.79390107214 0
v 0.128479993452 0.79890366107 0
v 0.125709986904 0.80390625 0
v 0.120276868452 0.80390625 0
v 0.13125 0.79890366107 0
v 0.129403328968 0.800571190712 0
v 0.13125 0.80390625 0
v 0.128479993452 0.80390625 0
v 0.117783221883 0.810305927606 0
v 0.121115266516 0.81145951515 0
v 0.116520546127 0.819012780301 0
v 0.114410440181 0.818826585599 0
v 0.125865152872 0.813003753982 0
v 0.13125 0.812109375 0
v 0.123885273063 0.81966264015 0
v 0.113968682748 0.820624028524 0
v 0.114802857005 0.821615847335 0
v 0.122916767672 0.828292236546 0
v 0.123703125 0.83671875 0
v 0.123379206731 0.844816706731 0
v 0.123046875 0.853125 0
v 0.123379206731 0.861433293269 0
v 0.123703125 0.86953125 0
v 0.123265625 0.877953125 0
v 0.139558293269 -0.615566706731 0
v 0.14765625 -0.615890625 0
v 0.14765625 -0.60703125 0
v 0.139453125 -0.60703125 0
v 0.139453125 -0.598828125 0
v 0.14765625 -0.598828125 0
v 0.14765625 -0.590625 0
v 0.139453125 -0.590625 0
v 0.14765625 -0.585321631411 0
v 0.14765625 -0.579770190706 0
v 0.139939816235 -0.578981154596 0
v 0.139453125 -0.583644026955 0
v 0.14765625 -0.57421875 0
v 0.139453125 -0.57421875 0
v 0.138796024671 -0.58706732235 0
v 0.14765625 -0.587973315706 0
v 0.139558293269 -0.565683293269 0
v 0.14765625 -0.565359375 0
v 0.139234375 0.664234375 0
v 0.14765625 0.663796875 0
v 0.14765625 0.67265625 0
v 0.138796875 0.67265625 0
v 0.139120793269 0.680754206731 0
v 0.14765625 0.680859375 0
v 0.14765625 0.6890625 0
v 0.139453125 0.6890625 0
v 0.139120793269 0.697370793269 0
v 0.14765625 0.697265625 0
v 0.14765625 0.70546875 0
v 0.138796875 0.70546875 0
v 0.139120793269 0.713566706731 0
v 0.14765625 0.713671875 0
v 0.14765625 0.721875 0
v 0.139453125 0.721875 0
v 0.139120793269 0.730183293269 0
v 0.14765625 0.730078125 0
v 0.14765625 0.73828125 0
v 0.138796875 0.73828125 0
v 0.138955749079 0.746271393566 0
v 0.147368839138 0.74636249983 0
v 0.147081428275 0.75444374966 0
v 0.139165714138 0.75456562483 0
v 0.138597914095 0.762350708761 0
v 0.147186065292 0.757474613465 0
v 0.147290702308 0.760505477269 0
v 0.144927026863 0.765799613635 0
v 0.142563351417 0.77109375 0
v 0.136906675709 0.77109375 0
v 0.147473476154 0.765799613635 0
v 0.145836767908 0.767564325756 0
v 0.14765625 0.77109375 0
v 0.145109800709 0.77109375 0
v 0.135275881343 0.777811147186 0
v 0.138580377161 0.779296875 0
v 0.134597402905 0.7875 0
v 0.132923701452 0.7875 0
v 0.142826990196 0.780496863742 0
v 0.14765625 0.779296875 0
v 0.14765625 0.7875 0
v 0.141126826452 0.7875 0
v 0.132365800968 0.789633690713 0
v 0.132923701452 0.79070053607 0
v 0.139746912865 0.795954718709 0
v 0.14765625 0.795703125 0
v 0.14765625 0.80390625 0
v 0.139453125 0.80390625 0
v 0.139558293269 0.812441706731 0
v 0.14765625 0.812765625 0
v 0.155754206731 -0.615566706731 0
v 0.1640625 -0.615234375 0
v 0.1640625 -0.60703125 0
v 0.155859375 -0.60703125 0
v 0.15536880873 -0.599619730851 0
v 0.16362157707 -0.600310460251 0
v 0.163180654141 -0.593589670502 0
v 0.15541845207 -0.592107335251 0
v 0.163365637717 -0.589526259514 0
v 0.163714068859 -0.581872504757 0
v 0.15612003883 -0.580838130094 0
v 0.155510943859 -0.587423945463 0
v 0.1640625 -0.57421875 0
v 0.155859375 -0.57421875 0
v 0.155133545162 -0.589684393759 0
v 0.163273145929 -0.591557965008 0
v 0.155754206731 -0.565683293269 0
v 0.1640625 -0.566015625 0
v 0.155754206731 0.664120793269 0
v 0.1640625 0.664453125 0
v 0.1640625 0.67265625 0
v 0.155859375 0.67265625 0
v 0.155859375 0.680859375 0
v 0.1640625 0.680859375 0
v 0.1640625 0.6890625 0
v 0.155859375 0.6890625 0
v 0.155859375 0.697265625 0
v 0.1640625 0.697265625 0
v 0.1640625 0.70546875 0
v 0.155859375 0.70546875 0
v 0.155840910209 0.713612494745 0
v 0.164333759758 0.710346680256 0
v 0.164605019516 0.715224610511 0
v 0.163413010102 0.718685323501 0
v 0.162221000689 0.72214603649 0
v 0.154938625344 0.722010518245 0
v 0.164798902568 0.718711113673 0
v 0.163939601942 0.719856087946 0
v 0.16499278562 0.722197616835 0
v 0.163606893154 0.722171826662 0
v 0.153576924435 0.729452457294 0
v 0.159270129397 0.730213643245 0
v 0.156319258106 0.73828125 0
v 0.151987754053 0.73828125 0
v 0.16162851416 0.731491829609 0
v 0.16452764281 0.730239433417 0
v 0.1640625 0.73828125 0
v 0.160190879053 0.73828125 0
v 0.150530561297 0.744984995835 0
v 0.153084827486 0.746382373047 0
v 0.149850396867 0.754483496094 0
v 0.148465912571 0.754463622877 0
v 0.158422192511 0.747237615164 0
v 0.1640625 0.746484375 0
v 0.156956448433 0.754585498047 0
v 0.148074175816 0.75647757434 0
v 0.148570549587 0.757494486681 0
v 0.156265111425 0.763082506387 0
v 0.156515625 0.77109375 0
v 0.156191706731 0.779191706731 0
v 0.155859375 0.7875 0
v 0.156191706731 0.795808293269 0
v 0.156515625 0.80390625 0
v 0.156078125 0.812328125 0
v 0.172370793269 -0.615566706731 0
v 0.18046875 -0.615890625 0
v 0.18046875 -0.60703125 0
v 0.172265625 -0.60703125 0
v 0.18046875 -0.595092477898 0
v 0.18046875 -0.592858738949 0
v 0.177551935766 -0.592614352796 0
v 0.176093528649 -0.593609029194 0
v 0.18046875 -0.590625 0
v 0.176093528649 -0.591375290245 0
v 0.171718307299 -0.59212558049 0
v 0.171873652019 -0.6000506923 0
v 0.18046875 -0.601061863949 0
v 0.16744948072 -0.592857625496 0
v 0.172164049908 -0.582739201972 0
v 0.167541972508 -0.590825920002 0
v 0.18046875 -0.582421875 0
v 0.18046875 -0.57421875 0
v 0.172265625 -0.57421875 0
v 0.166088199719 -0.591747170169 0
v 0.172370793269 -0.565683293269 0
v 0.18046875 -0.565359375 0
v 0.172046875 0.532984375 0
v 0.18046875 0.532546875 0
v 0.18046875 0.54140625 0
v 0.171609375 0.54140625 0
v 0.171933293269 0.549504206731 0
v 0.18046875 0.549609375 0
v 0.18046875 0.5578125 0
v 0.172265625 0.5578125 0
v 0.171933293269 0.566120793269 0
v 0.18046875 0.566015625 0
v 0.18046875 0.57421875 0
v 0.171609375 0.57421875 0
v 0.171933293269 0.582316706731 0
v 0.18046875 0.582421875 0
v 0.18046875 0.590625 0
v 0.172265625 0.590625 0
v 0.171933293269 0.598933293269 0
v 0.18046875 0.598828125 0
v 0.18046875 0.60703125 0
v 0.171609375 0.60703125 0
v 0.171933293269 0.615129206731 0
v 0.18046875 0.615234375 0
v 0.18046875 0.6234375 0
v 0.172265625 0.6234375 0
v 0.171933293269 0.631745793269 0
v 0.18046875 0.631640625 0
v 0.18046875 0.63984375 0
v 0.171609375 0.63984375 0
v 0.17164844917 0.647785247213 0
v 0.179943319198 0.647910350377 0
v 0.179417888396 0.655976950753 0
v 0.171740194198 0.656113475377 0
v 0.171678217716 0.664218610924 0
v 0.179676765768 0.660085858288 0
v 0.179935643141 0.664194765824 0
v 0.17878402434 0.668425507912 0
v 0.177632405539 0.67265625 0
v 0.17084745277 0.67265625 0
v 0.18020219657 0.668425507912 0
v 0.17934559956 0.669835755275 0
v 0.18046875 0.67265625 0
v 0.17905057777 0.67265625 0
v 0.169750971046 0.68028420881 0
v 0.175274087445 0.680859375 0
v 0.17291576935 0.6890625 0
v 0.168489134675 0.6890625 0
v 0.177692977095 0.682100750348 0
v 0.18046875 0.680859375 0
v 0.18046875 0.6890625 0
v 0.176692259675 0.6890625 0
v 0.167388115042 0.696163110487 0
v 0.170371818603 0.697265625 0
v 0.167827867856 0.70546875 0
v 0.165945183928 0.70546875 0
v 0.175313458357 0.697954558603 0
v 0.18046875 0.697265625 0
v 0.18046875 0.70546875 0
v 0.174148308928 0.70546875 0
v 0.165498462457 0.708720703503 0
v 0.166216443686 0.710346680256 0
v 0.172990207115 0.714043074585 0
v 0.18046875 0.713671875 0
v 0.18046875 0.721875 0
v 0.17273076781 0.722036308417 0
v 0.172523070792 0.73023831336 0
v 0.18046875 0.730078125 0
v 0.18046875 0.73828125 0
v 0.172265625 0.73828125 0
v 0.172370793269 0.746816706731 0
v 0.18046875 0.747140625 0
v 0.188566706731 -0.615566706731 0
v 0.196875 -0.615234375 0
v 0.196875 -0.60703125 0
v 0.188671875 -0.60703125 0
v 0.196875 -0.601238369824 0
v 0.196875 -0.595931684912 0
v 0.189786213766 -0.59460393134 0
v 0.188671875 -0.598165423861 0
v 0.196875 -0.590625 0
v 0.188671875 -0.590625 0
v 0.187724125012 -0.602420820161 0
v 0.196875 -0.604134809912 0
v 0.188671875 -0.582421875 0
v 0.196875 -0.582421875 0
v 0.196875 -0.57421875 0
v 0.188671875 -0.57421875 0
v 0.188566706731 -0.565683293269 0
v 0.196875 -0.566015625 0
v 0.188566706731 0.532870793269 0
v 0.196875 0.533203125 0
v 0.196875 0.54140625 0
v 0.188671875 0.54140625 0
v 0.188671875 0.549609375 0
v 0.196875 0.549609375 0
v 0.196875 0.5578125 0
v 0.188671875 0.5578125 0
v 0.188671875 0.566015625 0
v 0.196875 0.566015625 0
v 0.196875 0.57421875 0
v 0.188671875 0.57421875 0
v 0.18782693098 0.581946135968 0
v 0.19524251818 0.582073332241 0
v 0.19361003636 0.589927914481 0
v 0.18703939318 0.590276457241 0
v 0.187559576503 0.598669259981 0
v 0.194505643942 0.594619506382 0
v 0.195401251524 0.599311098282 0
v 0.194557513861 0.603171174141 0
v 0.193713776198 0.60703125 0
v 0.187091263099 0.60703125 0
v 0.196138125762 0.603171174141 0
v 0.195330009241 0.604457866094 0
v 0.196875 0.60703125 0
v 0.195294388099 0.60703125 0
v 0.186217812273 0.614791386433 0
v 0.191867152399 0.615234375 0
v 0.190020528601 0.6234375 0
v 0.185244639301 0.6234375 0
v 0.194257587008 0.616242664859 0
v 0.196875 0.615234375 0
v 0.196875 0.6234375 0
v 0.193447764301 0.6234375 0
v 0.184356931224 0.630943591121 0
v 0.188080242985 0.631640625 0
v 0.186139957369 0.63984375 0
v 0.183304353684 0.63984375 0
v 0.192406277693 0.63224387856 0
v 0.196875 0.631640625 0
v 0.196875 0.63984375 0
v 0.191507478684 0.63984375 0
v 0.182181999176 0.64695382719 0
v 0.18411263089 0.647931211099 0
v 0.182085304411 0.656018672199 0
v 0.180751596404 0.655997811476 0
v 0.19045251005 0.648423029346 0
v 0.196875 0.648046875 0
v 0.189480152206 0.656134336099 0
v 0.180479611983 0.658730129592 0
v 0.181010473776 0.660106719011 0
v 0.189036678951 0.664628829345 0
v 0.189328125 0.67265625 0
v 0.189004206731 0.680754206731 0
v 0.188671875 0.6890625 0
v 0.189004206731 0.697370793269 0
v 0.189328125 0.70546875 0
v 0.189004206731 0.713566706731 0
v 0.188671875 0.721875 0
v 0.189004206731 0.730183293269 0
v 0.189328125 0.73828125 0
v 0.188890625 0.746703125 0
v 0.204859375 -0.648265625 0
v 0.21328125 -0.648703125 0
v 0.21328125 -0.63984375 0
v 0.204421875 -0.63984375 0
v 0.204745793269 -0.631745793269 0
v 0.21328125 -0.631640625 0
v 0.21328125 -0.6234375 0
v 0.205078125 -0.6234375 0
v 0.214183409122 -0.608378694915 0
v 0.214303678862 -0.606371157076 0
v 0.211954526291 -0.606065168601 0
v 0.210719815134 -0.606915943282 0
v 0.214423948602 -0.604363619238 0
v 0.210840084874 -0.604908405444 0
v 0.207256221146 -0.60545319165 0
v 0.205254907227 -0.614877255197 0
v 0.213732329561 -0.615908097457 0
v 0.202065610573 -0.606242220825 0
v 0.205761745196 -0.597435583364 0
v 0.202065610573 -0.603345780737 0
v 0.213852599301 -0.597494309619 0
v 0.21328125 -0.590625 0
v 0.205078125 -0.590625 0
v 0.200335407049 -0.604574270491 0
v 0.205078125 -0.582421875 0
v 0.21328125 -0.582421875 0
v 0.21328125 -0.57421875 0
v 0.205078125 -0.57421875 0
v 0.205183293269 -0.565683293269 0
v 0.21328125 -0.565359375 0
v 0.204859375 0.434546875 0
v 0.21328125 0.434109375 0
v 0.21328125 0.44296875 0
v 0.204421875 0.44296875 0
v 0.204745793269 0.451066706731 0
v 0.21328125 0.451171875 0
v 0.21328125 0.459375 0
v 0.205078125 0.459375 0
v 0.204745793269 0.467683293269 0
v 0.21328125 0.467578125 0
v 0.21328125 0.47578125 0
v 0.204421875 0.47578125 0
v 0.204745793269 0.483879206731 0
v 0.21328125 0.483984375 0
v 0.21328125 0.4921875 0
v 0.205078125 0.4921875 0
v 0.204740394814 0.500492913902 0
v 0.213271333046 0.500387990458 0
v 0.213261416093 0.508588480916 0
v 0.204411958046 0.508591115458 0
v 0.204692890612 0.516610220305 0
v 0.213563291066 0.512349467814 0
v 0.21386516604 0.516110454711 0
v 0.212713304086 0.520692508323 0
v 0.211561442132 0.525274561936 0
v 0.204218221066 0.525137280968 0
v 0.214235227509 0.520720960568 0
v 0.213343965716 0.52223882769 0
v 0.214605288977 0.525331466425 0
v 0.213083365554 0.525303014181 0
v 0.203311657474 0.532872037242 0
v 0.209686967632 0.533340405968 0
v 0.207812493132 0.54140625 0
v 0.202343746566 0.54140625 0
v 0.211693656395 0.53411552521 0
v 0.213943269489 0.533368858213 0
v 0.21328125 0.54140625 0
v 0.210546871566 0.54140625 0
v 0.2015073981 0.549074534753 0
v 0.206023130521 0.549609375 0
v 0.204233767909 0.5578125 0
v 0.200554383955 0.5578125 0
v 0.209578667576 0.550283487407 0
v 0.21328125 0.549609375 0
v 0.21328125 0.5578125 0
v 0.208757508955 0.5578125 0
v 0.199774024988 0.565168577076 0
v 0.202493334229 0.566015625 0
v 0.200752900549 0.57421875 0
v 0.198813950275 0.57421875 0
v 0.207840494237 0.566456766593 0
v 0.21328125 0.566015625 0
v 0.21328125 0.57421875 0
v 0.207017075275 0.57421875 0
v 0.197165005797 0.582083534159 0
v 0.199072217387 0.582140334395 0
v 0.197391534225 0.590061918791 0
v 0.195500785292 0.589994916636 0
v 0.206179474807 0.582604588349 0
v 0.21328125 0.582421875 0
v 0.21328125 0.590625 0
v 0.205336392112 0.590343459395 0
v 0.19546760737 0.593100310518 0
v 0.196396392874 0.594686508537 0
v 0.204721272982 0.598733903414 0
v 0.21328125 0.598828125 0
v 0.21328125 0.60703125 0
v 0.205078125 0.60703125 0
v 0.205078125 0.615234375 0
v 0.21328125 0.615234375 0
v 0.21328125 0.6234375 0
v 0.205078125 0.6234375 0
v 0.205078125 0.631640625 0
v 0.21328125 0.631640625 0
v 0.21328125 0.63984375 0
v 0.205078125 0.63984375 0
v 0.205183293269 0.648379206731 0
v 0.21328125 0.648703125 0
v 0.221379206731 -0.648379206731 0
v 0.2296875 -0.648046875 0
v 0.2296875 -0.63984375 0
v 0.221484375 -0.63984375 0
v 0.221484375 -0.631640625 0
v 0.2296875 -0.631640625 0
v 0.2296875 -0.6234375 0
v 0.221484375 -0.6234375 0
v 0.2296875 -0.615179632612 0
v 0.2296875 -0.611105441306 0
v 0.222845872524 -0.609010586276 0
v 0.221935454561 -0.611779163763 0
v 0.2296875 -0.60703125 0
v 0.222055724301 -0.605697434619 0
v 0.220917390213 -0.617478334572 0
v 0.2296875 -0.619308566306 0
v 0.222009047786 -0.598082687997 0
v 0.2296875 -0.598828125 0
v 0.221484375 -0.590625 0
v 0.221816706731 -0.582316706731 0
v 0.222140625 -0.57421875 0
v 0.221703125 -0.565796875 0
v 0.221379206731 0.434433293269 0
v 0.2296875 0.434765625 0
v 0.2296875 0.44296875 0
v 0.221484375 0.44296875 0
v 0.221484375 0.451171875 0
v 0.2296875 0.451171875 0
v 0.2296875 0.459375 0
v 0.221484375 0.459375 0
v 0.221529576531 0.467565479821 0
v 0.230111481361 0.464543329904 0
v 0.230535462721 0.469711659807 0
v 0.228887146915 0.473018349656 0
v 0.227238831108 0.476325039504 0
v 0.220260040554 0.476053144752 0
v 0.230812880161 0.473093376519 0
v 0.229621530477 0.474170597513 0
v 0.231090297602 0.47647509323 0
v 0.229164564355 0.476400066367 0
v 0.218822008943 0.483329701334 0
v 0.224098078312 0.484256269752 0
v 0.220957325515 0.4921875 0
v 0.217119287757 0.4921875 0
v 0.226990857662 0.485303432884 0
v 0.230388898801 0.484331296615 0
v 0.2296875 0.4921875 0
v 0.225322412757 0.4921875 0
v 0.216055721428 0.499050740154 0
v 0.218425510018 0.500388412643 0
v 0.215893694521 0.508589325287 0
v 0.214577555307 0.508588903102 0
v 0.223961828131 0.501004216895 0
v 0.2296875 0.500390625 0
v 0.2296875 0.50859375 0
v 0.22279059726 0.508591537643 0
v 0.214340092218 0.511096086972 0
v 0.21487943028 0.512349889999 0
v 0.222070910474 0.516985318405 0
v 0.2296875 0.516796875 0
v 0.222146394489 0.525165733213 0
v 0.222173568968 0.533503266166 0
v 0.222140625 0.54140625 0
v 0.221816706731 0.549504206731 0
v 0.221484375 0.5578125 0
v 0.221816706731 0.566120793269 0
v 0.222140625 0.57421875 0
v 0.221816706731 0.582316706731 0
v 0.221484375 0.590625 0
v 0.221816706731 0.598933293269 0
v 0.222140625 0.60703125 0
v 0.221816706731 0.615129206731 0
v 0.221484375 0.6234375 0
v 0.221816706731 0.631745793269 0
v 0.222140625 0.63984375 0
v 0.221703125 0.648265625 0
v 0.237995793269 -0.648379206731 0
v 0.24609375 -0.648703125 0
v 0.24609375 -0.63984375 0
v 0.237890625 -0.63984375 0
v 0.237325083263 -0.632421077094 0
v 0.245459242972 -0.633025108717 0
v 0.244824735943 -0.626206467434 0
v 0.237256117972 -0.624821983717 0
v 0.245091640417 -0.622173453537 0
v 0.245592695209 -0.614602351768 0
v 0.238455319227 -0.612990348346 0
v 0.237389570209 -0.618676543074 0
v 0.24609375 -0.60703125 0
v 0.237890625 -0.60703125 0
v 0.236471824984 -0.621465200787 0
v 0.24495818818 -0.624189960485 0
v 0.237995793269 -0.598495793269 0
v 0.24609375 -0.598171875 0
v 0.237671875 0.401734375 0
v 0.24609375 0.401296875 0
v 0.24609375 0.41015625 0
v 0.237234375 0.41015625 0
v 0.237558293269 0.418254206731 0
v 0.24609375 0.418359375 0
v 0.24609375 0.4265625 0
v 0.237890625 0.4265625 0
v 0.237890625 0.434765625 0
v 0.24609375 0.434765625 0
v 0.24609375 0.44296875 0
v 0.237890625 0.44296875 0
v 0.236865632843 0.450198987575 0
v 0.24609375 0.446259298914 0
v 0.24609375 0.449549847828 0
v 0.241577071704 0.454462423914 0
v 0.237060393407 0.459375 0
v 0.233373946704 0.459375 0
v 0.24609375 0.454462423914 0
v 0.243082631136 0.456099949276 0
v 0.24609375 0.459375 0
v 0.241577071704 0.459375 0
v 0.232427785376 0.462820553269 0
v 0.233797928064 0.464543329904 0
v 0.239152714573 0.468444603982 0
v 0.24609375 0.467578125 0
v 0.24609375 0.47578125 0
v 0.238592023801 0.476128171615 0
v 0.238295111946 0.484278768331 0
v 0.24609375 0.483984375 0
v 0.24609375 0.4921875 0
v 0.237890625 0.4921875 0
v 0.237890625 0.500390625 0
v 0.24609375 0.500390625 0
v 0.24609375 0.50859375 0
v 0.237890625 0.50859375 0
v 0.237995793269 0.517129206731 0
v 0.24609375 0.517453125 0
v 0.254191706731 -0.648379206731 0
v 0.2625 -0.648046875 0
v 0.2625 -0.63984375 0
v 0.254296875 -0.63984375 0
v 0.2625 -0.630209077649 0
v 0.2625 -0.626823288825 0
v 0.258853630466 -0.626265924666 0
v 0.257030445699 -0.627680136999 0
v 0.2625 -0.6234375 0
v 0.257030445699 -0.624294348174 0
v 0.251560891397 -0.625151196349 0
v 0.253446871278 -0.633212668078 0
v 0.2625 -0.635026413825 0
v 0.24819281367 -0.625678831892 0
v 0.254069891578 -0.615652142847 0
v 0.248326265907 -0.623662324943 0
v 0.2625 -0.615234375 0
v 0.2625 -0.60703125 0
v 0.254296875 -0.60703125 0
v 0.247159089253 -0.624510372442 0
v 0.254191706731 -0.598495793269 0
v 0.2625 -0.598828125 0
v 0.254191706731 0.401620793269 0
v 0.2625 0.401953125 0
v 0.2625 0.41015625 0
v 0.254296875 0.41015625 0
v 0.254296875 0.418359375 0
v 0.2625 0.418359375 0
v 0.2625 0.4265625 0
v 0.254296875 0.4265625 0
v 0.254110135542 0.434572693017 0
v 0.262664647351 0.433140561863 0
v 0.262829294701 0.439718623725 0
v 0.258735753457 0.441614487123 0
v 0.254642212213 0.443510350521 0
v 0.250367981107 0.443239550261 0
v 0.262883324929 0.441877262675 0
v 0.260136287357 0.442421625291 0
v 0.262937355158 0.444035901624 0
v 0.258789783685 0.443773126073 0
v 0.248943237404 0.445342982783 0
v 0.250367981107 0.446530099175 0
v 0.254955431808 0.452122077374 0
v 0.262718677579 0.451705450812 0
v 0.2625 0.459375 0
v 0.254296875 0.459375 0
v 0.254296875 0.467578125 0
v 0.2625 0.467578125 0
v 0.2625 0.47578125 0
v 0.254296875 0.47578125 0
v 0.254296875 0.483984375 0
v 0.2625 0.483984375 0
v 0.254296875 0.4921875 0
v 0.254629206731 0.500495793269 0
v 0.254953125 0.50859375 0
v 0.254515625 0.517015625 0
v 0.270484375 -0.681078125 0
v 0.27890625 -0.681515625 0
v 0.27890625 -0.67265625 0
v 0.270046875 -0.67265625 0
v 0.270370793269 -0.664558293269 0
v 0.27890625 -0.664453125 0
v 0.27890625 -0.65625 0
v 0.270703125 -0.65625 0
v 0.270469276365 -0.648380735962 0
v 0.278639174953 -0.648631364347 0
v 0.278372099905 -0.641012728694 0
v 0.270436049953 -0.640428239347 0
v 0.278476384875 -0.637581423117 0
v 0.278691317438 -0.630509461559 0
v 0.271555295447 -0.628869867876 0
v 0.270488192438 -0.633895250383 0
v 0.27890625 -0.6234375 0
v 0.270703125 -0.6234375 0
v 0.269210457991 -0.636820808088 0
v 0.27842424239 -0.639297075906 0
v 0.270703125 -0.615234375 0
v 0.27890625 -0.615234375 0
v 0.27890625 -0.60703125 0
v 0.270703125 -0.60703125 0
v 0.270808293269 -0.598495793269 0
v 0.27890625 -0.598171875 0
v 0.270808293269 0.401620793269 0
v 0.27890625 0.401296875 0
v 0.27890625 0.41015625 0
v 0.270703125 0.41015625 0
v 0.270703125 0.418359375 0
v 0.27890625 0.418359375 0
v 0.27890625 0.4265625 0
v 0.270703125 0.4265625 0
v 0.270316657776 0.432216740143 0
v 0.27890625 0.431213080163 0
v 0.27890625 0.435863660326 0
v 0.270867772351 0.437791142025 0
v 0.27890625 0.439416205163 0
v 0.271541704476 0.440543376912 0
v 0.27890625 0.44296875 0
v 0.270921802579 0.443502325812 0
v 0.270903915166 0.451472587095 0
v 0.27890625 0.451171875 0
v 0.27890625 0.459375 0
v 0.270703125 0.459375 0
v 0.270703125 0.467578125 0
v 0.27890625 0.467578125 0
v 0.27890625 0.47578125 0
v 0.270703125 0.47578125 0
v 0.270808293269 0.484316706731 0
v 0.27890625 0.484640625 0
v 0.287004206731 -0.681191706731 0
v 0.2953125 -0.680859375 0
v 0.2953125 -0.67265625 0
v 0.287109375 -0.67265625 0
v 0.287109375 -0.664453125 0
v 0.2953125 -0.664453125 0
v 0.2953125 -0.65625 0
v 0.287109375 -0.65625 0
v 0.2953125 -0.645232354547 0
v 0.2953125 -0.642538052273 0
v 0.291868147825 -0.641877630335 0
v 0.290145971737 -0.642894570504 0
v 0.2953125 -0.63984375 0
v 0.290145971737 -0.64020026823 0
v 0.284979443475 -0.640556786461 0
v 0.286511020272 -0.649048097588 0
v 0.2953125 -0.650741177273 0
v 0.28167577169 -0.640784757577 0
v 0.287142034972 -0.631658012678 0
v 0.281727914175 -0.639069104789 0
v 0.2953125 -0.631640625 0
v 0.287109375 -0.6234375 0
v 0.280609309418 -0.639716979423 0
v 0.287441706731 -0.615129206731 0
v 0.287765625 -0.60703125 0
v 0.287328125 -0.598609375 0
v 0.287004206731 0.401620793269 0
v 0.2953125 0.401953125 0
v 0.2953125 0.41015625 0
v 0.287109375 0.41015625 0
v 0.287109375 0.418359375 0
v 0.2953125 0.418359375 0
v 0.2953125 0.4265625 0
v 0.287109375 0.4265625 0
v 0.286948179869 0.430959271806 0
v 0.2953125 0.43069528861 0
v 0.2953125 0.434828077221 0
v 0.287109375 0.435345868773 0
v 0.2953125 0.43889841361 0
v 0.287295110057 0.439151447472 0
v 0.2953125 0.44296875 0
v 0.287109375 0.44296875 0
v 0.287109375 0.451171875 0
v 0.2953125 0.451171875 0
v 0.287109375 0.459375 0
v 0.287441706731 0.467683293269 0
v 0.287765625 0.47578125 0
v 0.287328125 0.484203125 0
v 0.303620793269 -0.681191706731 0
v 0.31171875 -0.681515625 0
v 0.31171875 -0.67265625 0
v 0.303515625 -0.67265625 0
v 0.303515625 -0.664453125 0
v 0.31171875 -0.664453125 0
v 0.31171875 -0.65625 0
v 0.303515625 -0.65625 0
v 0.31171875 -0.652474063423 0
v 0.31171875 -0.646158906711 0
v 0.304614556009 -0.644591013236 0
v 0.303515625 -0.648853208985 0
v 0.31171875 -0.63984375 0
v 0.303515625 -0.63984375 0
v 0.302177102142 -0.652256192901 0
v 0.31171875 -0.654362031711 0
v 0.303620793269 -0.631308293269 0
v 0.31171875 -0.630984375 0
v 0.303620793269 0.401620793269 0
v 0.31171875 0.401296875 0
v 0.31171875 0.41015625 0
v 0.303515625 0.41015625 0
v 0.303515625 0.418359375 0
v 0.31171875 0.418359375 0
v 0.31171875 0.4265625 0
v 0.303515625 0.4265625 0
v 0.303600257679 0.430828651609 0
v 0.31171875 0.430959290863 0
v 0.31171875 0.435356081726 0
v 0.303515625 0.435092079473 0
v 0.31171875 0.439162415863 0
v 0.303423976993 0.439028939977 0
v 0.31171875 0.44296875 0
v 0.303515625 0.44296875 0
v 0.303620793269 0.451504206731 0
v 0.31171875 0.451828125 0
v 0.319816706731 -0.681191706731 0
v 0.328125 -0.680859375 0
v 0.328125 -0.67265625 0
v 0.319921875 -0.67265625 0
v 0.328125 -0.659419165378 0
v 0.328125 -0.657834582689 0
v 0.325596528593 -0.657306388459 0
v 0.324332292889 -0.657834582689 0
v 0.328125 -0.65625 0
v 0.324332292889 -0.65625 0
v 0.320539585779 -0.65625 0
v 0.31965662528 -0.664787184134 0
v 0.328125 -0.666037707689 0
v 0.316129167889 -0.65625 0
v 0.320268966379 -0.647588877793 0
v 0.316129167889 -0.654362031711 0
v 0.328125 -0.648046875 0
v 0.328125 -0.63984375 0
v 0.319921875 -0.63984375 0
v 0.314659028593 -0.654991354475 0
v 0.319816706731 -0.631308293269 0
v 0.328125 -0.631640625 0
v 0.319816706731 0.401620793269 0
v 0.328125 0.401953125 0
v 0.328125 0.41015625 0
v 0.319921875 0.41015625 0
v 0.319921875 0.418359375 0
v 0.328125 0.418359375 0
v 0.328125 0.4265625 0
v 0.319921875 0.4265625 0
v 0.320114051261 0.431299450676 0
v 0.328125 0.431624037339 0
v 0.328125 0.436685574678 0
v 0.319921875 0.436020828202 0
v 0.328125 0.439827162339 0
v 0.319660262075 0.4394841891 0
v 0.328125 0.44296875 0
v 0.319921875 0.44296875 0
v 0.319816706731 0.451504206731 0
v 0.328125 0.451171875 0
v 0.336433293269 -0.681191706731 0
v 0.34453125 -0.681515625 0
v 0.34453125 -0.67265625 0
v 0.336328125 -0.67265625 0
v 0.34453125 -0.665991120858 0
v 0.34453125 -0.661120560429 0
v 0.337720053145 -0.659756358296 0
v 0.336328125 -0.662705143118 0
v 0.34453125 -0.65625 0
v 0.336328125 -0.65625 0
v 0.335425200784 -0.667499851523 0
v 0.34453125 -0.669323685429 0
v 0.336328125 -0.648046875 0
v 0.34453125 -0.648046875 0
v 0.34453125 -0.63984375 0
v 0.336328125 -0.63984375 0
v 0.336433293269 -0.631308293269 0
v 0.34453125 -0.630984375 0
v 0.336433293269 0.401620793269 0
v 0.34453125 0.401296875 0
v 0.34453125 0.41015625 0
v 0.336328125 0.41015625 0
v 0.336328125 0.418359375 0
v 0.34453125 0.418359375 0
v 0.34453125 0.4265625 0
v 0.336328125 0.4265625 0
v 0.336536450861 0.43205206853 0
v 0.34453125 0.43245889768 0
v 0.34453125 0.438355295359 0
v 0.336328125 0.437520435019 0
v 0.34453125 0.44066202268 0
v 0.335909129172 0.440223271183 0
v 0.34453125 0.44296875 0
v 0.336328125 0.44296875 0
v 0.336433293269 0.451504206731 0
v 0.34453125 0.451828125 0
v 0.352069108793 -0.682057948866 0
v 0.360372712071 -0.68243409718 0
v 0.359807924143 -0.675805694361 0
v 0.352169587071 -0.67423097218 0
v 0.360039538743 -0.671795884576 0
v 0.360488519371 -0.664022942288 0
v 0.353135158277 -0.662639798943 0
v 0.352285394371 -0.668893502717 0
v 0.352734375 -0.65625 0
v 0.351609631874 -0.671374167484 0
v 0.359923731443 -0.673800789468 0
v 0.353066706731 -0.647941706731 0
v 0.353390625 -0.63984375 0
v 0.352953125 -0.631421875 0
v 0.352953125 0.401734375 0
v 0.353390625 0.41015625 0
v 0.353066706731 0.418254206731 0
v 0.352734375 0.4265625 0
v 0.352918720287 0.43289551762 0
v 0.360936835468 0.433313066055 0
v 0.360936170936 0.440063632109 0
v 0.352733710468 0.439209463734 0
v 0.360936027138 0.441524386202 0
v 0.352119707187 0.441060924661 0
v 0.36093588334 0.442985140294 0
v 0.35273356667 0.442976945147 0
v 0.352627448648 0.451508450966 0
v 0.36093669167 0.451180070147 0
v 0.368921875 -0.713890625 0
v 0.37734375 -0.714328125 0
v 0.37734375 -0.70546875 0
v 0.368484375 -0.70546875 0
v 0.368808293269 -0.697370793269 0
v 0.37734375 -0.697265625 0
v 0.37734375 -0.6890625 0
v 0.369140625 -0.6890625 0
v 0.37734375 -0.677732664222 0
v 0.37734375 -0.675194457111 0
v 0.374059017278 -0.674938327951 0
v 0.372416650917 -0.676079366926 0
v 0.37734375 -0.67265625 0
v 0.372416650917 -0.673541159815 0
v 0.367489551833 -0.674426069631 0
v 0.368603911536 -0.682253568182 0
v 0.37734375 -0.683397582111 0
v 0.363648737988 -0.675115881996 0
v 0.36904592033 -0.664571342834 0
v 0.363764545288 -0.673110977103 0
v 0.37734375 -0.663796875 0
v 0.362445671574 -0.67400921619 0
v 0.369361583098 0.433357240083 0
v 0.377268652746 0.433418542892 0
v 0.377193555492 0.441587085784 0
v 0.369064863214 0.440825358946 0
v 0.377177303395 0.443354872804 0
v 0.369315464852 0.442468315702 0
v 0.377161051298 0.445122659825 0
v 0.369048467319 0.44405390006 0
v 0.369022753018 0.452050150125 0
v 0.377252400649 0.452905079913 0
v 0.385441706731 -0.714004206731 0
v 0.39375 -0.713671875 0
v 0.39375 -0.70546875 0
v 0.385546875 -0.70546875 0
v 0.385546875 -0.697265625 0
v 0.39375 -0.697265625 0
v 0.39375 -0.6890625 0
v 0.385546875 -0.6890625 0
v 0.39375 -0.68276392299 0
v 0.39375 -0.677710086495 0
v 0.386452912222 -0.676591197752 0
v 0.385546875 -0.680248293606 0
v 0.39375 -0.67265625 0
v 0.385546875 -0.67265625 0
v 0.38476646735 -0.684535734088 0
v 0.39375 -0.685913211495 0
v 0.385441706731 -0.664120793269 0
v 0.39375 -0.664453125 0
v 0.385453727556 0.434044572328 0
v 0.39365589151 0.43467839411 0
v 0.39356178302 0.442794288219 0
v 0.385377669256 0.442190687001 0
v 0.393538369677 0.444813449441 0
v 0.385539134242 0.444100148988 0
v 0.393514956334 0.446832610662 0
v 0.385338003816 0.445977635243 0
v 0.385148862045 0.453007835175 0
v 0.393632478167 0.453103805331 0
v 0.402058293269 -0.714004206731 0
v 0.41015625 -0.714328125 0
v 0.41015625 -0.70546875 0
v 0.401953125 -0.70546875 0
v 0.401739731777 -0.697648698981 0
v 0.409979000035 -0.697983075841 0
v 0.40980175007 -0.690497401682 0
v 0.401775875035 -0.689779950841 0
v 0.409869867259 -0.687069222996 0
v 0.41001305863 -0.679862736498 0
v 0.402361058892 -0.678835051635 0
v 0.40180993363 -0.684916572993 0
v 0.41015625 -0.67265625 0
v 0.401953125 -0.67265625 0
v 0.401006090251 -0.687205652412 0
v 0.409835808664 -0.688783312339 0
v 0.402058293269 -0.664120793269 0
v 0.41015625 -0.663796875 0
v 0.401734375 -0.188890625 0
v 0.41015625 -0.189328125 0
v 0.41015625 -0.18046875 0
v 0.401296875 -0.18046875 0
v 0.401620793269 -0.172370793269 0
v 0.41015625 -0.172265625 0
v 0.41015625 -0.1640625 0
v 0.401953125 -0.1640625 0
v 0.401620793269 -0.155754206731 0
v 0.41015625 -0.155859375 0
v 0.41015625 -0.14765625 0
v 0.401296875 -0.14765625 0
v 0.401734375 -0.139234375 0
v 0.41015625 -0.138796875 0
v 0.401780852979 0.434129884682 0
v 0.410203942085 0.432470318307 0
v 0.41025163417 0.439690636614 0
v 0.40608873252 0.441467054601 0
v 0.401925830871 0.443243472587 0
v 0.397743806945 0.443018880403 0
v 0.397720393602 0.445038041624 0
v 0.396334190074 0.444290123822 0
v 0.407470510141 0.442164051065 0
v 0.406079948126 0.44340075829 0
v 0.410242849776 0.441624340304 0
v 0.410234065382 0.443558043993 0
v 0.402310885204 0.452066240135 0
v 0.410195157691 0.452122771996 0
v 0.418254206731 -0.714004206731 0
v 0.4265625 -0.713671875 0
v 0.4265625 -0.70546875 0
v 0.418359375 -0.70546875 0
v 0.426840972731 -0.690834715317 0
v 0.426874672959 -0.689063732901 0
v 0.4239039872 -0.689032020114 0
v 0.422401794204 -0.689901654924 0
v 0.426908373188 -0.687292750484 0
v 0.422435494432 -0.688130672508 0
v 0.417962615677 -0.688968594531 0
v 0.418303193024 -0.697585008314 0
v 0.426701736366 -0.698151732659 0
v 0.413882182873 -0.689732998106 0
v 0.418386598442 -0.680426788226 0
v 0.413916241468 -0.688018908764 0
v 0.426735436594 -0.679974500242 0
v 0.4265625 -0.67265625 0
v 0.418359375 -0.67265625 0
v 0.412544744335 -0.68884507307 0
v 0.418254206731 -0.66412079327 0
v 0.4265625 -0.664453125 0
v 0.418254206731 -0.189004206731 0
v 0.4265625 -0.188671875 0
v 0.4265625 -0.18046875 0
v 0.418359375 -0.18046875 0
v 0.418359375 -0.172265625 0
v 0.4265625 -0.172265625 0
v 0.4265625 -0.1640625 0
v 0.418359375 -0.1640625 0
v 0.418359375 -0.155859375 0
v 0.4265625 -0.155859375 0
v 0.4265625 -0.14765625 0
v 0.418359375 -0.14765625 0
v 0.418254206731 -0.139120793269 0
v 0.4265625 -0.139453125 0
v 0.418272497168 0.432845903549 0
v 0.426549429263 0.433248260322 0
v 0.426536358526 0.439934020645 0
v 0.418393996348 0.439812328629 0
v 0.418370331909 0.441731756644 0
v 0.42653891984 0.441838826873 0
v 0.426541481153 0.443743633101 0
v 0.418387773267 0.443650838547 0
v 0.426551990577 0.45155931655 0
v 0.418249175032 0.451853360851 0
v 0.434870793269 -0.714004206731 0
v 0.44296875 -0.714328125 0
v 0.44296875 -0.70546875 0
v 0.434765625 -0.70546875 0
v 0.44296875 -0.69359371874 0
v 0.44296875 -0.69132810937 0
v 0.435246849002 -0.690243248129 0
v 0.434904861366 -0.692214217029 0
v 0.44296875 -0.6890625 0
v 0.434938561594 -0.688177625242 0
v 0.434550731137 -0.698834296445 0
v 0.44296875 -0.69953123437 0
v 0.435007750196 -0.680396292628 0
v 0.44296875 -0.680859375 0
v 0.44296875 -0.67265625 0
v 0.434765625 -0.67265625 0
v 0.434870793269 -0.664120793269 0
v 0.44296875 -0.663796875 0
v 0.434546875 -0.254515625 0
v 0.44296875 -0.254953125 0
v 0.44296875 -0.24609375 0
v 0.434109375 -0.24609375 0
v 0.434433293269 -0.237995793269 0
v 0.44296875 -0.237890625 0
v 0.44296875 -0.2296875 0
v 0.434765625 -0.2296875 0
v 0.434433293269 -0.221379206731 0
v 0.44296875 -0.221484375 0
v 0.44296875 -0.21328125 0
v 0.434109375 -0.21328125 0
v 0.434552137505 -0.205165015866 0
v 0.44346093906 -0.208190351017 0
v 0.443953128121 -0.203099452033 0
v 0.442482340883 -0.199725377574 0
v 0.441011553645 -0.196351303114 0
v 0.433787026823 -0.196613151557 0
v 0.444285653277 -0.199660017647 0
v 0.443194286732 -0.198557112802 0
v 0.444618178433 -0.196220583261 0
v 0.442814866039 -0.196285943187 0
v 0.432638346694 -0.189086588621 0
v 0.438603501262 -0.188410026557 0
v 0.436195448879 -0.18046875 0
v 0.43137897444 -0.18046875 0
v 0.441031261402 -0.187581994262 0
v 0.443793464217 -0.18834466663 0
v 0.44296875 -0.18046875 0
v 0.43958209944 -0.18046875 0
v 0.431425843301 -0.172239356673 0
v 0.43628888739 -0.172265625 0
v 0.4363823259 -0.1640625 0
v 0.43147241295 -0.1640625 0
v 0.439628600857 -0.17230387368 0
v 0.44296875 -0.172265625 0
v 0.44296875 -0.1640625 0
v 0.43967553795 -0.1640625 0
v 0.433568928747 -0.154932788857 0
v 0.439307928784 -0.158102957508 0
v 0.442233531668 -0.152143415016 0
v 0.442062571208 -0.149371867888 0
v 0.441891610748 -0.146600320761 0
v 0.434227055374 -0.147128285381 0
v 0.440528202523 -0.160089471672 0
v 0.442601140834 -0.158102957508 0
v 0.434408468974 -0.139099258196 0
v 0.442430180374 -0.138925160381 0
v 0.44296875 -0.13125 0
v 0.434765625 -0.13125 0
v 0.434433293269 -0.122941706731 0
v 0.44296875 -0.123046875 0
v 0.44296875 -0.11484375 0
v 0.434109375 -0.11484375 0
v 0.434546875 -0.106421875 0
v 0.44296875 -0.105984375 0
v 0.434776889207 0.432742399599 0
v 0.44287479951 0.432266237198 0
v 0.442780849019 0.439282474396 0
v 0.434658603773 0.43960824752 0
v 0.434734733705 0.441558718251 0
v 0.442798401347 0.441281974496 0
v 0.442815953675 0.443281474597 0
v 0.434678717414 0.443512553849 0
v 0.442892351838 0.451984487298 0
v 0.43486825444 0.451786017711 0
v 0.451066706731 -0.714004206731 0
v 0.459375 -0.713671875 0
v 0.459375 -0.70546875 0
v 0.451171875 -0.70546875 0
v 0.459375 -0.695473505936 0
v 0.459375 -0.692268002968 0
v 0.451641618883 -0.69182496721 0
v 0.451171875 -0.694533612338 0
v 0.459375 -0.6890625 0
v 0.451171875 -0.6890625 0
v 0.450936850839 -0.699987716928 0
v 0.459375 -0.700471127968 0
v 0.451171875 -0.680859375 0
v 0.459375 -0.680859375 0
v 0.459375 -0.67265625 0
v 0.451171875 -0.67265625 0
v 0.451066706731 -0.664120793269 0
v 0.459375 -0.664453125 0
v 0.451066706731 -0.254629206731 0
v 0.459375 -0.254296875 0
v 0.459375 -0.24609375 0
v 0.451171875 -0.24609375 0
v 0.451546694452 -0.237638163224 0
v 0.460138879158 -0.239948032043 0
v 0.460902758317 -0.233802314086 0
v 0.459344423402 -0.231222314556 0
v 0.457786088488 -0.228642315026 0
v 0.450377419244 -0.229164907513 0
v 0.461240058107 -0.231088600333 0
v 0.460088734901 -0.230273171897 0
v 0.461577357898 -0.228374886579 0
v 0.459681723193 -0.228508600802 0
v 0.448471940556 -0.222350703455 0
v 0.453422327853 -0.220961782513 0
v 0.449058567218 -0.21328125 0
v 0.446013658609 -0.21328125 0
v 0.456521979872 -0.219746452514 0
v 0.460476178949 -0.220828068289 0
v 0.459375 -0.21328125 0
v 0.454216783609 -0.21328125 0
v 0.445326815113 -0.209887317344 0
v 0.446505847669 -0.208190351017 0
v 0.452358995455 -0.204407011034 0
v 0.459375 -0.205078125 0
v 0.451996589217 -0.19654779163 0
v 0.451969898608 -0.188264450217 0
v 0.451828125 -0.18046875 0
v 0.451504206731 -0.172370793269 0
v 0.451171875 -0.1640625 0
v 0.447030247688 -0.146910674601 0
v 0.444460929218 -0.146755497681 0
v 0.443718463368 -0.148551470126 0
v 0.444631889678 -0.149527044809 0
v 0.451184009398 -0.155867878319 0
v 0.459375 -0.155859375 0
v 0.459375 -0.14765625 0
v 0.453202623844 -0.147283462301 0
v 0.449754515895 -0.13787088613 0
v 0.453202623844 -0.142385481972 0
v 0.459375 -0.137860289342 0
v 0.459375 -0.134555144671 0
v 0.459375 -0.13125 0
v 0.451171875 -0.13125 0
v 0.455260082563 -0.144142404648 0
v 0.459375 -0.142758269671 0
v 0.451171875 -0.123046875 0
v 0.459375 -0.123046875 0
v 0.459375 -0.11484375 0
v 0.451171875 -0.11484375 0
v 0.451066706731 -0.106308293269 0
v 0.459375 -0.106640625 0
v 0.451313079309 0.433844427861 0
v 0.459487501058 0.434298876592 0
v 0.459600002116 0.442035253185 0
v 0.45561097388 0.442383057522 0
v 0.451621945644 0.44273086186 0
v 0.447201397331 0.441006668128 0
v 0.459627843127 0.443949799991 0
v 0.456959210634 0.443543487282 0
v 0.459655684137 0.445864346798 0
v 0.45563881489 0.444297604329 0
v 0.445739582779 0.441764936951 0
v 0.447218949659 0.443006168228 0
v 0.450886250352 0.451767572948 0
v 0.459515342069 0.452619673399 0
v 0.467683293269 -0.714004206731 0
v 0.47578125 -0.714328125 0
v 0.47578125 -0.70546875 0
v 0.467578125 -0.70546875 0
v 0.47578125 -0.696286142938 0
v 0.47578125 -0.692674321469 0
v 0.467741096142 -0.692475198375 0
v 0.467578125 -0.695879824437 0
v 0.47578125 -0.6890625 0
v 0.467578125 -0.6890625 0
v 0.467462259344 -0.700671417681 0
v 0.47578125 -0.700877446469 0
v 0.467578125 -0.680859375 0
v 0.47578125 -0.680859375 0
v 0.47578125 -0.67265625 0
v 0.467578125 -0.67265625 0
v 0.467683293269 -0.664120793269 0
v 0.47578125 -0.663796875 0
v 0.467359375 -0.320140625 0
v 0.47578125 -0.320578125 0
v 0.47578125 -0.31171875 0
v 0.466921875 -0.31171875 0
v 0.467245793269 -0.303620793269 0
v 0.47578125 -0.303515625 0
v 0.47578125 -0.2953125 0
v 0.467578125 -0.2953125 0
v 0.467245793269 -0.287004206731 0
v 0.47578125 -0.287109375 0
v 0.47578125 -0.27890625 0
v 0.466921875 -0.27890625 0
v 0.467245793269 -0.270808293269 0
v 0.47578125 -0.270703125 0
v 0.47578125 -0.2625 0
v 0.467578125 -0.2625 0
v 0.466543568706 -0.255089107894 0
v 0.47578125 -0.259943241686 0
v 0.47578125 -0.257386483372 0
v 0.472171490161 -0.251740116686 0
v 0.468561730323 -0.24609375 0
v 0.463968365161 -0.24609375 0
v 0.47578125 -0.251740116686 0
v 0.473374743441 -0.249857994457 0
v 0.47578125 -0.24609375 0
v 0.472171490161 -0.24609375 0
v 0.462946496213 -0.241996604695 0
v 0.46473224432 -0.239948032043 0
v 0.469403260905 -0.2365880721 0
v 0.47578125 -0.237890625 0
v 0.47578125 -0.2296875 0
v 0.468679303949 -0.229031193289 0
v 0.468229203334 -0.220963796228 0
v 0.47578125 -0.221484375 0
v 0.47578125 -0.21328125 0
v 0.467578125 -0.21328125 0
v 0.467683293269 -0.204745793269 0
v 0.47578125 -0.204421875 0
v 0.467683293269 -0.156191706731 0
v 0.47578125 -0.156515625 0
v 0.47578125 -0.14765625 0
v 0.467578125 -0.14765625 0
v 0.470046759695 -0.132140184764 0
v 0.464710879848 -0.131695092382 0
v 0.462932253232 -0.133750158035 0
v 0.464710879848 -0.135000237053 0
v 0.468347897486 -0.14067913012 0
v 0.476113381946 -0.140165093401 0
v 0.476445513892 -0.132673936803 0
v 0.473246136794 -0.132407060783 0
v 0.467602882094 -0.123146933589 0
v 0.473181885572 -0.130682427984 0
v 0.476317011448 -0.129224671204 0
v 0.476049130724 -0.122034210602 0
v 0.47578125 -0.11484375 0
v 0.467578125 -0.11484375 0
v 0.474269761679 -0.131346264257 0
v 0.47638126267 -0.130949304003 0
v 0.467683293269 -0.106308293269 0
v 0.47578125 -0.105984375 0
v 0.467359375 0.401734375 0
v 0.47578125 0.401296875 0
v 0.47578125 0.41015625 0
v 0.466921875 0.41015625 0
v 0.467245793269 0.418254206731 0
v 0.47578125 0.418359375 0
v 0.47578125 0.4265625 0
v 0.467578125 0.4265625 0
v 0.467452204431 0.433790289169 0
v 0.475801514331 0.433282220073 0
v 0.475821778662 0.440001940147 0
v 0.467710890389 0.441018596666 0
v 0.475826775153 0.441658793203 0
v 0.467530310788 0.442831405611 0
v 0.475831771644 0.44331564626 0
v 0.467743727891 0.444589996529 0
v 0.468001079923 0.452319167955 0
v 0.475806510822 0.45200157313 0
v 0.483879206731 -0.71400420673 0
v 0.4921875 -0.713671875 0
v 0.4921875 -0.70546875 0
v 0.483984375 -0.70546875 0
v 0.4921875 -0.695860854558 0
v 0.4921875 -0.692461677279 0
v 0.483901441173 -0.692569074293 0
v 0.483984375 -0.696073498748 0
v 0.4921875 -0.6890625 0
v 0.483984375 -0.6890625 0
v 0.484046262537 -0.700770322239 0
v 0.4921875 -0.700664802279 0
v 0.483984375 -0.680859375 0
v 0.4921875 -0.680859375 0
v 0.4921875 -0.67265625 0
v 0.483984375 -0.67265625 0
v 0.483879206731 -0.664120793269 0
v 0.4921875 -0.664453125 0
v 0.483879206731 -0.320254206731 0
v 0.4921875 -0.319921875 0
v 0.4921875 -0.31171875 0
v 0.483984375 -0.31171875 0
v 0.483984375 -0.303515625 0
v 0.4921875 -0.303515625 0
v 0.4921875 -0.2953125 0
v 0.483984375 -0.2953125 0
v 0.483850914548 -0.287234612307 0
v 0.4921875 -0.289033971759 0
v 0.4921875 -0.282755443519 0
v 0.49094446525 -0.280830846759 0
v 0.4897014305 -0.27890625 0
v 0.48274134025 -0.27890625 0
v 0.4921875 -0.280830846759 0
v 0.491358810166 -0.280189314506 0
v 0.4921875 -0.27890625 0
v 0.49094446525 -0.27890625 0
v 0.480632086579 -0.272389543302 0
v 0.484391241681 -0.270703125 0
v 0.479081052862 -0.2625 0
v 0.477431151431 -0.2625 0
v 0.487686558052 -0.268840687026 0
v 0.4921875 -0.270703125 0
v 0.485634276431 -0.2625 0
v 0.476881184288 -0.260795494457 0
v 0.477431151431 -0.259943241686 0
v 0.484547768225 -0.253986491688 0
v 0.484640625 -0.24609375 0
v 0.484316706731 -0.237995793269 0
v 0.483984375 -0.2296875 0
v 0.484316706731 -0.221379206731 0
v 0.484640625 -0.21328125 0
v 0.484203125 -0.204859375 0
v 0.483879206731 -0.156191706731 0
v 0.4921875 -0.155859375 0
v 0.4921875 -0.14765625 0
v 0.483984375 -0.14765625 0
v 0.48427340502 -0.139860161879 0
v 0.4921875 -0.139453125 0
v 0.4921875 -0.13125 0
v 0.484316506946 -0.131961968401 0
v 0.4921875 -0.122665194673 0
v 0.4921875 -0.118754472336 0
v 0.48331389319 -0.12053618305 0
v 0.484252255724 -0.125944932939 0
v 0.4921875 -0.11484375 0
v 0.483984375 -0.11484375 0
v 0.48539842957 -0.128666292862 0
v 0.4921875 -0.126957597336 0
v 0.483879206731 -0.106308293269 0
v 0.4921875 -0.106640625 0
v 0.483879206731 0.401620793269 0
v 0.4921875 0.401953125 0
v 0.4921875 0.41015625 0
v 0.483984375 0.41015625 0
v 0.483984375 0.418359375 0
v 0.4921875 0.418359375 0
v 0.4921875 0.4265625 0
v 0.483984375 0.4265625 0
v 0.483655885382 0.432570110478 0
v 0.4921875 0.431801104407 0
v 0.4921875 0.437039708813 0
v 0.484004639331 0.43852082448 0
v 0.4921875 0.440004229407 0
v 0.484778328722 0.440753218787 0
v 0.4921875 0.44296875 0
v 0.484009635822 0.44314219813 0
v 0.483919153694 0.451594883889 0
v 0.4921875 0.451171875 0
v 0.500495793269 -0.714004206731 0
v 0.50859375 -0.714328125 0
v 0.50859375 -0.70546875 0
v 0.500390625 -0.70546875 0
v 0.50859375 -0.693968365604 0
v 0.50859375 -0.691515432802 0
v 0.499948496057 -0.692014055205 0
v 0.500390625 -0.694914610081 0
v 0.50859375 -0.6890625 0
v 0.500390625 -0.6890625 0
v 0.500635778775 -0.700177540588 0
v 0.50859375 -0.699718557802 0
v 0.500390625 -0.680859375 0
v 0.50859375 -0.680859375 0
v 0.50859375 -0.67265625 0
v 0.500390625 -0.67265625 0
v 0.500495793269 -0.664120793269 0
v 0.50859375 -0.663796875 0
v 0.500171875 -0.352953125 0
v 0.50859375 -0.353390625 0
v 0.50859375 -0.34453125 0
v 0.499734375 -0.34453125 0
v 0.500058293269 -0.336433293269 0
v 0.50859375 -0.336328125 0
v 0.50859375 -0.328125 0
v 0.500390625 -0.328125 0
v 0.500313116447 -0.3199835084 0
v 0.508465269962 -0.320002107891 0
v 0.508336789924 -0.311879215783 0
v 0.500262144962 -0.311798982891 0
v 0.498986196786 -0.304518093725 0
v 0.508365384622 -0.310035659979 0
v 0.508393979321 -0.308192104175 0
v 0.504320551499 -0.301752302087 0
v 0.500247123677 -0.2953125 0
v 0.496217311839 -0.2953125 0
v 0.50849386466 -0.301752302087 0
v 0.505744950999 -0.299605701392 0
v 0.50859375 -0.2953125 0
v 0.504420436839 -0.2953125 0
v 0.494874041226 -0.291126814506 0
v 0.496217311839 -0.289033971759 0
v 0.501667849543 -0.28617923915 0
v 0.50859375 -0.287109375 0
v 0.50859375 -0.27890625 0
v 0.500390625 -0.27890625 0
v 0.500495793269 -0.270370793269 0
v 0.50859375 -0.270046875 0
v 0.500495793269 -0.156191706731 0
v 0.50859375 -0.156515625 0
v 0.50859375 -0.14765625 0
v 0.500390625 -0.14765625 0
v 0.500390625 -0.139453125 0
v 0.50859375 -0.139453125 0
v 0.50859375 -0.13125 0
v 0.500390625 -0.13125 0
v 0.508284337461 -0.116665894191 0
v 0.508253955721 -0.115233856197 0
v 0.498983326531 -0.117267779059 0
v 0.500235918731 -0.119665544432 0
v 0.508223573981 -0.113801818202 0
v 0.500205536991 -0.114322784101 0
v 0.501019744633 -0.12534099455 0
v 0.508439043731 -0.123957947095 0
v 0.500318361861 -0.106019345225 0
v 0.508408661991 -0.105463409101 0
v 0.500495793269 0.401620793269 0
v 0.50859375 0.401296875 0
v 0.50859375 0.41015625 0
v 0.500390625 0.41015625 0
v 0.500390625 0.418359375 0
v 0.50859375 0.418359375 0
v 0.50859375 0.4265625 0
v 0.500390625 0.4265625 0
v 0.499750940474 0.430885371601 0
v 0.50859375 0.429814741006 0
v 0.50859375 0.433066982011 0
v 0.500390625 0.435053345412 0
v 0.50859375 0.438017866006 0
v 0.501076813857 0.438927968366 0
v 0.50859375 0.44296875 0
v 0.500390625 0.44296875 0
v 0.500495793269 0.451504206731 0
v 0.50859375 0.451828125 0
v 0.516691706731 -0.714004206731 0
v 0.525 -0.713671875 0
v 0.525 -0.70546875 0
v 0.516796875 -0.70546875 0
v 0.524371067681 -0.690463570991 0
v 0.524284508501 -0.688398426694 0
v 0.516225524005 -0.690003873525 0
v 0.51648240884 -0.692215968297 0
v 0.52419794932 -0.686333282397 0
v 0.51639584966 -0.687697891199 0
v 0.517001159229 -0.698840446682 0
v 0.52468553384 -0.697966160495 0
v 0.516349559767 -0.680129600806 0
v 0.52459897466 -0.679494766199 0
v 0.525 -0.67265625 0
v 0.516796875 -0.67265625 0
v 0.516691706731 -0.664120793269 0
v 0.525 -0.664453125 0
v 0.516691706731 -0.353066706731 0
v 0.525 -0.352734375 0
v 0.525 -0.34453125 0
v 0.516796875 -0.34453125 0
v 0.516379079891 -0.336686161445 0
v 0.525 -0.339944642989 0
v 0.525 -0.335358035979 0
v 0.522833595289 -0.331741517989 0
v 0.520667190578 -0.328125 0
v 0.514630470289 -0.328125 0
v 0.525 -0.331741517989 0
v 0.523555730193 -0.330536011993 0
v 0.525 -0.328125 0
v 0.522833595289 -0.328125 0
v 0.512646643151 -0.321821806289 0
v 0.51567541181 -0.319990807907 0
v 0.510683633043 -0.311856615814 0
v 0.509510211483 -0.311867915799 0
v 0.519894495732 -0.318495811184 0
v 0.525 -0.319921875 0
v 0.525 -0.31171875 0
v 0.517841816521 -0.311787682907 0
v 0.509138134101 -0.31064264526 0
v 0.509538806182 -0.310024359995 0
v 0.51684140995 -0.30346311733 0
v 0.525 -0.303515625 0
v 0.516796875 -0.2953125 0
v 0.517129206731 -0.287004206731 0
v 0.517453125 -0.27890625 0
v 0.517015625 -0.270484375 0
v 0.517015625 -0.156078125 0
v 0.517453125 -0.14765625 0
v 0.517129206731 -0.139558293269 0
v 0.516796875 -0.13125 0
v 0.515090173306 -0.114228281394 0
v 0.511656873644 -0.114015049798 0
v 0.510532694916 -0.114898664595 0
v 0.511687255384 -0.115447087792 0
v 0.516840451276 -0.123037936902 0
v 0.525 -0.123046875 0
v 0.525 -0.11484375 0
v 0.520045086653 -0.114536015697 0
v 0.516276865022 -0.105504506426 0
v 0.520045086653 -0.112478540949 0
v 0.525 -0.110728800504 0
v 0.525 -0.104583150252 0
v 0.521696724435 -0.113266943966 0
v 0.525 -0.112786275252 0
v 0.516691706731 0.401620793269 0
v 0.525 0.401953125 0
v 0.525 0.41015625 0
v 0.516796875 0.41015625 0
v 0.516381967242 0.41771557677 0
v 0.524590518002 0.417180798017 0
v 0.524181036004 0.424205346033 0
v 0.516387393002 0.425383923017 0
v 0.515827317763 0.42816006559 0
v 0.524268791733 0.42621593039 0
v 0.524356547463 0.428226514746 0
v 0.516475148731 0.430646748378 0
v 0.524678273731 0.435597632373 0
v 0.517171842568 0.436760132464 0
v 0.525 0.44296875 0
v 0.516796875 0.44296875 0
v 0.516691706731 0.451504206731 0
v 0.525 0.451171875 0
v 0.533308293269 -0.714004206731 0
v 0.54140625 -0.714328125 0
v 0.54140625 -0.70546875 0
v 0.533203125 -0.70546875 0
v 0.532942579633 -0.687720171168 0
v 0.528570264477 -0.687026726783 0
v 0.527170532214 -0.688172341522 0
v 0.528656823657 -0.689091871079 0
v 0.533150607679 -0.697034098099 0
v 0.54140625 -0.697265625 0
v 0.54140625 -0.6890625 0
v 0.537174414816 -0.688391335584 0
v 0.532788910533 -0.679679292291 0
v 0.537174414816 -0.68601821471 0
v 0.54140625 -0.684316258251 0
v 0.54140625 -0.678486254126 0
v 0.54140625 -0.67265625 0
v 0.533203125 -0.67265625 0
v 0.538585026544 -0.687032976473 0
v 0.54140625 -0.686689379126 0
v 0.533203125 -0.664453125 0
v 0.54140625 -0.664453125 0
v 0.54140625 -0.65625 0
v 0.533203125 -0.65625 0
v 0.532870793269 -0.647941706731 0
v 0.54140625 -0.648046875 0
v 0.54140625 -0.63984375 0
v 0.532546875 -0.63984375 0
v 0.532984375 -0.631421875 0
v 0.54140625 -0.630984375 0
v 0.532984375 -0.418578125 0
v 0.54140625 -0.419015625 0
v 0.54140625 -0.41015625 0
v 0.532546875 -0.41015625 0
v 0.532870793269 -0.402058293269 0
v 0.54140625 -0.401953125 0
v 0.54140625 -0.39375 0
v 0.533203125 -0.39375 0
v 0.532870793269 -0.385441706731 0
v 0.54140625 -0.385546875 0
v 0.54140625 -0.37734375 0
v 0.532546875 -0.37734375 0
v 0.532930831763 -0.369227367191 0
v 0.54168661996 -0.371176138515 0
v 0.541966989919 -0.36500852703 0
v 0.54074293341 -0.362793214109 0
v 0.539518876901 -0.360577901188 0
v 0.532259438451 -0.360757700594 0
v 0.542069187805 -0.362760365872 0
v 0.541219084171 -0.362032877644 0
v 0.54217138569 -0.360512204714 0
v 0.540845131296 -0.360545052951 0
v 0.530318385631 -0.35389190644 0
v 0.534954969896 -0.352554575594 0
v 0.530391062892 -0.34453125 0
v 0.527695531446 -0.34453125 0
v 0.537865680965 -0.350911520581 0
v 0.541788817845 -0.352521727357 0
v 0.54140625 -0.34453125 0
v 0.535898656446 -0.34453125 0
v 0.526797020964 -0.341473511993 0
v 0.527695531446 -0.339944642989 0
v 0.533851148221 -0.33580763232 0
v 0.54140625 -0.336328125 0
v 0.54140625 -0.328125 0
v 0.533203125 -0.328125 0
v 0.533203125 -0.319921875 0
v 0.54140625 -0.319921875 0
v 0.54140625 -0.31171875 0
v 0.533203125 -0.31171875 0
v 0.533308293269 -0.303183293269 0
v 0.54140625 -0.302859375 0
v 0.533308293269 -0.123379206731 0
v 0.54140625 -0.123703125 0
v 0.54140625 -0.11484375 0
v 0.533203125 -0.11484375 0
v 0.54140625 -0.10496492638 0
v 0.54140625 -0.10170121319 0
v 0.532365629807 -0.103289296902 0
v 0.533203125 -0.107846863442 0
v 0.54140625 -0.0984375 0
v 0.533203125 -0.0984375 0
v 0.534329382599 -0.111147467269 0
v 0.54140625 -0.10990433819 0
v 0.532870793269 -0.0901292067308 0
v 0.54140625 -0.090234375 0
v 0.54140625 -0.08203125 0
v 0.532546875 -0.08203125 0
v 0.532984375 -0.073609375 0
v 0.54140625 -0.073171875 0
v 0.533308293269 0.401620793269 0
v 0.54140625 0.401296875 0
v 0.54140625 0.41015625 0
v 0.533203125 0.41015625 0
v 0.532732667909 0.417239257783 0
v 0.54140625 0.415968672004 0
v 0.54140625 0.421781094009 0
v 0.536919727604 0.423557846776 0
v 0.532433205207 0.425334599544 0
v 0.528307120606 0.424769972789 0
v 0.54140625 0.424171797004 0
v 0.53841523507 0.424559397852 0
v 0.54140625 0.4265625 0
v 0.536919727604 0.425948549772 0
v 0.526990262892 0.425922153441 0
v 0.528394876335 0.426780557145 0
v 0.533157821179 0.434580479237 0
v 0.54140625 0.434765625 0
v 0.54140625 0.44296875 0
v 0.533203125 0.44296875 0
v 0.533308293269 0.451504206731 0
v 0.54140625 0.451828125 0
v 0.549504206731 -0.714004206731 0
v 0.5578125 -0.713671875 0
v 0.5578125 -0.70546875 0
v 0.549609375 -0.70546875 0
v 0.549609375 -0.697265625 0
v 0.5578125 -0.697265625 0
v 0.5578125 -0.6890625 0
v 0.549609375 -0.6890625 0
v 0.556988590217 -0.675793869755 0
v 0.55684131981 -0.673422157916 0
v 0.548060823476 -0.676321495234 0
v 0.549197420109 -0.680055064003 0
v 0.556694049402 -0.671050446077 0
v 0.549050149701 -0.671853348039 0
v 0.550682311098 -0.684238428646 0
v 0.557400545109 -0.682428184878 0
v 0.549192268189 -0.663962146971 0
v 0.557253274701 -0.663650223039 0
v 0.5578125 -0.65625 0
v 0.549609375 -0.65625 0
v 0.549609375 -0.648046875 0
v 0.5578125 -0.648046875 0
v 0.5578125 -0.63984375 0
v 0.549609375 -0.63984375 0
v 0.549504206731 -0.631308293269 0
v 0.5578125 -0.631640625 0
v 0.549504206731 -0.418691706731 0
v 0.5578125 -0.418359375 0
v 0.5578125 -0.41015625 0
v 0.549609375 -0.41015625 0
v 0.549992451158 -0.401727782428 0
v 0.558587939918 -0.404325595877 0
v 0.559363379835 -0.398494941755 0
v 0.557958690169 -0.395652031012 0
v 0.556554000502 -0.39280912027 0
v 0.548980125251 -0.393279560135 0
v 0.559756318553 -0.39554037403 0
v 0.558688879201 -0.394629956109 0
v 0.56014925727 -0.392585806305 0
v 0.558351628886 -0.392697463288 0
v 0.54719848284 -0.386275132579 0
v 0.552581196276 -0.385076435135 0
v 0.54860839205 -0.37734375 0
v 0.545007321025 -0.37734375 0
v 0.555401615168 -0.3839208097 0
v 0.558980878635 -0.384964778153 0
v 0.5578125 -0.37734375 0
v 0.553210446025 -0.37734375 0
v 0.543993877322 -0.373232009009 0
v 0.545287690985 -0.371176138515 0
v 0.550918982353 -0.368271987229 0
v 0.5578125 -0.369140625 0
v 0.549991942845 -0.360724852357 0
v 0.550170385137 -0.352461074812 0
v 0.550265625 -0.34453125 0
v 0.549941706731 -0.336433293269 0
v 0.549609375 -0.328125 0
v 0.549941706731 -0.319816706731 0
v 0.550265625 -0.31171875 0
v 0.549828125 -0.303296875 0
v 0.549504206731 -0.123379206731 0
v 0.5578125 -0.123046875 0
v 0.5578125 -0.11484375 0
v 0.549609375 -0.11484375 0
v 0.557036607606 -0.0993974521462 0
v 0.556945909218 -0.0975918482711 0
v 0.548446940468 -0.0998456966154 0
v 0.549221428803 -0.102181189263 0
v 0.55685521083 -0.095786244396 0
v 0.549130730415 -0.097111872198 0
v 0.550014558452 -0.108448221111 0
v 0.557424553803 -0.107120601073 0
v 0.54913167203 -0.0895092297123 0
v 0.557333855415 -0.088908747198 0
v 0.5578125 -0.08203125 0
v 0.549609375 -0.08203125 0
v 0.549504206731 -0.0734957932692 0
v 0.5578125 -0.073828125 0
v 0.549504206731 0.401620793269 0
v 0.5578125 0.401953125 0
v 0.5578125 0.41015625 0
v 0.549609375 0.41015625 0
v 0.548318806326 0.414398172498 0
v 0.5578125 0.412241251018 0
v 0.5578125 0.414326252036 0
v 0.549609375 0.418053673022 0
v 0.5578125 0.420444376018 0
v 0.550807209529 0.422035944275 0
v 0.5578125 0.4265625 0
v 0.549609375 0.4265625 0
v 0.549609375 0.434765625 0
v 0.5578125 0.434765625 0
v 0.5578125 0.44296875 0
v 0.549609375 0.44296875 0
v 0.549504206731 0.451504206731 0
v 0.5578125 0.451171875 0
v 0.566120793269 -0.714004206731 0
v 0.57421875 -0.714328125 0
v 0.57421875 -0.70546875 0
v 0.566015625 -0.70546875 0
v 0.566015625 -0.697265625 0
v 0.57421875 -0.697265625 0
v 0.57421875 -0.6890625 0
v 0.566015625 -0.6890625 0
v 0.562866250505 -0.671616010361 0
v 0.559780149954 -0.671333228219 0
v 0.558849630041 -0.672820108731 0
v 0.559927420361 -0.673704940058 0
v 0.565960351334 -0.680757947486 0
v 0.57421875 -0.680859375 0
v 0.57421875 -0.67265625 0
v 0.568542500253 -0.672136130181 0
v 0.564419955364 -0.662698278981 0
v 0.568416027356 -0.66667981808 0
v 0.573965804206 -0.661743625799 0
v 0.573898100243 -0.658822731577 0
v 0.57383039628 -0.655901837355 0
v 0.56582144814 -0.656075918678 0
v 0.570350268237 -0.668671962054 0
v 0.574092277103 -0.667199937899 0
v 0.565889599921 -0.647927394625 0
v 0.57402457314 -0.647872793678 0
v 0.57421875 -0.63984375 0
v 0.566015625 -0.63984375 0
v 0.566015625 -0.631640625 0
v 0.57421875 -0.631640625 0
v 0.57421875 -0.6234375 0
v 0.566015625 -0.6234375 0
v 0.565683293269 -0.61512920673 0
v 0.57421875 -0.615234375 0
v 0.57421875 -0.60703125 0
v 0.565359375 -0.60703125 0
v 0.565683293269 -0.598933293269 0
v 0.57421875 -0.598828125 0
v 0.57421875 -0.590625 0
v 0.566015625 -0.590625 0
v 0.565683293269 -0.582316706731 0
v 0.57421875 -0.582421875 0
v 0.57421875 -0.57421875 0
v 0.565359375 -0.57421875 0
v 0.565796875 -0.565796875 0
v 0.57421875 -0.565359375 0
v 0.565796875 -0.517015625 0
v 0.57421875 -0.517453125 0
v 0.57421875 -0.50859375 0
v 0.565359375 -0.50859375 0
v 0.565683293269 -0.500495793269 0
v 0.57421875 -0.500390625 0
v 0.57421875 -0.4921875 0
v 0.566015625 -0.4921875 0
v 0.565683293269 -0.483879206731 0
v 0.57421875 -0.483984375 0
v 0.57421875 -0.47578125 0
v 0.565359375 -0.47578125 0
v 0.565683293269 -0.467683293269 0
v 0.57421875 -0.467578125 0
v 0.57421875 -0.459375 0
v 0.566015625 -0.459375 0
v 0.565683293269 -0.451066706731 0
v 0.57421875 -0.451171875 0
v 0.57421875 -0.44296875 0
v 0.565359375 -0.44296875 0
v 0.565631435735 -0.434939259215 0
v 0.574389730801 -0.437430086824 0
v 0.574560711602 -0.431891423649 0
v 0.57338531529 -0.429132279683 0
v 0.572209918977 -0.426373135718 0
v 0.565011209488 -0.426467817859 0
v 0.574646399542 -0.429115693078 0
v 0.573834239355 -0.428201507292 0
v 0.574732087482 -0.426339962506 0
v 0.573471003229 -0.426356549112 0
v 0.563390194434 -0.419235707163 0
v 0.568569349755 -0.418264692859 0
v 0.564928780533 -0.41015625 0
v 0.561370640267 -0.41015625 0
v 0.571149334109 -0.416712269489 0
v 0.574475418741 -0.418248106253 0
v 0.57421875 -0.41015625 0
v 0.569573765267 -0.41015625 0
v 0.560701553456 -0.406269147252 0
v 0.562146080184 -0.404325595877 0
v 0.567593824159 -0.401030069243 0
v 0.57421875 -0.401953125 0
v 0.57421875 -0.39375 0
v 0.567184003635 -0.393167903153 0
v 0.566685159611 -0.385049425956 0
v 0.57421875 -0.385546875 0
v 0.57421875 -0.37734375 0
v 0.566015625 -0.37734375 0
v 0.566120793269 -0.368808293269 0
v 0.57421875 -0.368484375 0
v 0.566120793269 -0.123379206731 0
v 0.57421875 -0.123703125 0
v 0.57421875 -0.11484375 0
v 0.566015625 -0.11484375 0
v 0.563981579948 -0.0968743765949 0
v 0.560418395389 -0.0963303104955 0
v 0.559291132794 -0.0973526910457 0
v 0.560509093777 -0.0981359143706 0
v 0.565849649608 -0.106264943431 0
v 0.57421875 -0.106640625 0
v 0.57421875 -0.0984375 0
v 0.569100164974 -0.0976559382975 0
v 0.565436752102 -0.0888898302075 0
v 0.569100164974 -0.0949771094387 0
v 0.57421875 -0.0930798422825 0
v 0.57421875 -0.0875555461412 0
v 0.57421875 -0.08203125 0
v 0.566015625 -0.08203125 0
v 0.570806359982 -0.0961305729591 0
v 0.57421875 -0.0957586711412 0
v 0.566120793269 -0.0734957932692 0
v 0.57421875 -0.073171875 0
v 0.565796875 0.368921875 0
v 0.57421875 0.368484375 0
v 0.57421875 0.37734375 0
v 0.565359375 0.37734375 0
v 0.565683293269 0.385441706731 0
v 0.57421875 0.385546875 0
v 0.57421875 0.39375 0
v 0.566015625 0.39375 0
v 0.565606008443 0.401450554671 0
v 0.57421875 0.39967567924 0
v 0.57421875 0.40560135848 0
v 0.570086698236 0.40787880424 0
v 0.565954646473 0.41015625 0
v 0.561883573236 0.41015625 0
v 0.57421875 0.40787880424 0
v 0.571464048823 0.408637952826 0
v 0.57421875 0.41015625 0
v 0.570086698236 0.41015625 0
v 0.560526548823 0.411546250678 0
v 0.561883573236 0.412241251018 0
v 0.566385128787 0.418818008686 0
v 0.57421875 0.418359375 0
v 0.57421875 0.4265625 0
v 0.566015625 0.4265625 0
v 0.566015625 0.434765625 0
v 0.57421875 0.434765625 0
v 0.57421875 0.44296875 0
v 0.566015625 0.44296875 0
v 0.566120793269 0.451504206731 0
v 0.57421875 0.451828125 0
v 0.582640625 -0.713890625 0
v 0.583078125 -0.70546875 0
v 0.582754206731 -0.697370793269 0
v 0.582421875 -0.6890625 0
v 0.582421875 -0.680859375 0
v 0.590625 -0.680859375 0
v 0.590625 -0.67265625 0
v 0.582421875 -0.67265625 0
v 0.579107963952 -0.656011244636 0
v 0.576469180116 -0.655956540995 0
v 0.575634721479 -0.657885569263 0
v 0.576536884079 -0.658877435217 0
v 0.582690739865 -0.664716217809 0
v 0.590625 -0.664453125 0
v 0.590625 -0.65625 0
v 0.584866481976 -0.656130622318 0
v 0.579536822206 -0.646971223397 0
v 0.58423445227 -0.648604975258 0
v 0.589360940587 -0.641198705881 0
v 0.581789845294 -0.64052122794 0
v 0.587725921048 -0.649819098929 0
v 0.59221971191 -0.648923606584 0
v 0.593814423821 -0.641597213168 0
v 0.591587682204 -0.641397959524 0
v 0.582961639207 -0.631989400189 0
v 0.591008287631 -0.638099044157 0
v 0.592655634675 -0.634999382433 0
v 0.591640317337 -0.629218441216 0
v 0.590625 -0.6234375 0
v 0.582421875 -0.6234375 0
v 0.591943666359 -0.639265100492 0
v 0.593235029248 -0.638298297801 0
v 0.582421875 -0.615234375 0
v 0.590625 -0.615234375 0
v 0.590625 -0.60703125 0
v 0.582421875 -0.60703125 0
v 0.582421875 -0.598828125 0
v 0.590625 -0.598828125 0
v 0.590625 -0.590625 0
v 0.582421875 -0.590625 0
v 0.582421875 -0.582421875 0
v 0.590625 -0.582421875 0
v 0.590625 -0.57421875 0
v 0.582421875 -0.57421875 0
v 0.582316706731 -0.565683293269 0
v 0.590625 -0.566015625 0
v 0.582316706731 -0.517129206731 0
v 0.590625 -0.516796875 0
v 0.590625 -0.50859375 0
v 0.582421875 -0.50859375 0
v 0.582421875 -0.500390625 0
v 0.590625 -0.500390625 0
v 0.590625 -0.4921875 0
v 0.582421875 -0.4921875 0
v 0.581439279712 -0.484618776477 0
v 0.588780330801 -0.484565200949 0
v 0.586935661601 -0.476942901897 0
v 0.580577205801 -0.476362075949 0
v 0.580865114733 -0.468104277377 0
v 0.587762095065 -0.473007588719 0
v 0.588588528529 -0.46907227554 0
v 0.586917958776 -0.46422363777 0
v 0.585247389022 -0.459375 0
v 0.579733069511 -0.459375 0
v 0.589606764265 -0.46422363777 0
v 0.588153639184 -0.462607425181 0
v 0.590625 -0.459375 0
v 0.587936194511 -0.459375 0
v 0.578390192944 -0.452233881209 0
v 0.582162218573 -0.451171875 0
v 0.579077048123 -0.44296875 0
v 0.576647899061 -0.44296875 0
v 0.586206155615 -0.450175038083 0
v 0.590625 -0.451171875 0
v 0.590625 -0.44296875 0
v 0.584851024061 -0.44296875 0
v 0.575952169909 -0.439276307883 0
v 0.576818879863 -0.437430086824 0
v 0.583269135252 -0.434245932922 0
v 0.590625 -0.434765625 0
v 0.582678543741 -0.426451231253 0
v 0.582902102481 -0.418156810822 0
v 0.583078125 -0.41015625 0
v 0.582754206731 -0.402058293269 0
v 0.582421875 -0.39375 0
v 0.582754206731 -0.385441706731 0
v 0.583078125 -0.37734375 0
v 0.582640625 -0.368921875 0
v 0.582640625 -0.123265625 0
v 0.583078125 -0.11484375 0
v 0.582754206731 -0.106745793269 0
v 0.582421875 -0.0984375 0
v 0.590625 -0.0867656588818 0
v 0.590625 -0.0843984544409 0
v 0.581327954708 -0.0861875058407 0
v 0.582421875 -0.0899227505821 0
v 0.590625 -0.08203125 0
v 0.582421875 -0.08203125 0
v 0.583435724286 -0.0939850279857 0
v 0.590625 -0.0926015794409 0
v 0.582316706731 -0.0734957932692 0
v 0.590625 -0.073828125 0
v 0.582316706731 0.368808293269 0
v 0.590625 0.369140625 0
v 0.590625 0.37734375 0
v 0.582421875 0.37734375 0
v 0.581917353249 0.384938741036 0
v 0.5899657754 0.384537116028 0
v 0.589306550801 0.391730482055 0
v 0.5817626504 0.392740241028 0
v 0.580731299417 0.397267406151 0
v 0.589468062104 0.393987656472 0
v 0.589629573408 0.396244830888 0
v 0.581924161704 0.400923094684 0
v 0.590127286704 0.403200540444 0
v 0.583538114836 0.405161985618 0
v 0.590625 0.41015625 0
v 0.582421875 0.41015625 0
v 0.582421875 0.418359375 0
v 0.590625 0.418359375 0
v 0.582421875 0.4265625 0
v 0.582754206731 0.434870793269 0
v 0.583078125 0.44296875 0
v 0.582640625 0.451390625 0
v 0.598933293269 -0.681191706731 0
v 0.60703125 -0.681515625 0
v 0.60703125 -0.67265625 0
v 0.598828125 -0.67265625 0
v 0.598828125 -0.664453125 0
v 0.60703125 -0.664453125 0
v 0.60703125 -0.65625 0
v 0.598828125 -0.65625 0
v 0.599750379677 -0.648772249318 0
v 0.60703125 -0.648046875 0
v 0.60703125 -0.63984375 0
v 0.60042283691 -0.640720481584 0
v 0.597596215973 -0.6234375 0
v 0.594110607986 -0.6234375 0
v 0.593625616882 -0.62729146081 0
v 0.595125925324 -0.629218441216 0
v 0.600543708923 -0.632630280657 0
v 0.60703125 -0.631640625 0
v 0.60703125 -0.6234375 0
v 0.602313732986 -0.6234375 0
v 0.595426827679 -0.61452890145 0
v 0.600020192002 -0.615234375 0
v 0.602444168032 -0.60703125 0
v 0.596534584016 -0.60703125 0
v 0.603386044988 -0.616179747219 0
v 0.60703125 -0.615234375 0
v 0.60703125 -0.60703125 0
v 0.604737709016 -0.60703125 0
v 0.597255747853 -0.598579576971 0
v 0.603856871689 -0.598914707381 0
v 0.605269575347 -0.590798164762 0
v 0.597947287673 -0.590711582381 0
v 0.605876659547 -0.599223317777 0
v 0.60798544143 -0.598936405676 0
v 0.60893963286 -0.590841561352 0
v 0.607104604104 -0.590819863057 0
v 0.5982725301 -0.582373679869 0
v 0.60589583785 -0.582549557597 0
v 0.606522100353 -0.574300950433 0
v 0.598573550177 -0.574259850216 0
v 0.607804614562 -0.582471579893 0
v 0.609696684169 -0.582581420705 0
v 0.610453735477 -0.574321280059 0
v 0.608487917915 -0.574311115246 0
v 0.598560153778 -0.56601654721 0
v 0.606462997926 -0.565997099557 0
v 0.606403895499 -0.557693248682 0
v 0.598514447749 -0.557752874341 0
v 0.608408155507 -0.56602601468 0
v 0.610350779526 -0.565992738845 0
v 0.610247823576 -0.557664197631 0
v 0.608325859537 -0.557678723156 0
v 0.597864835251 -0.549546908926 0
v 0.60576099028 -0.549489092109 0
v 0.60511808506 -0.541284935536 0
v 0.59721529253 -0.541345592768 0
v 0.607541085625 -0.5497371243 0
v 0.609269507006 -0.54946238913 0
v 0.608291190437 -0.541260580628 0
v 0.606704637749 -0.541272758082 0
v 0.596974580036 -0.53352319601 0
v 0.603974619963 -0.533142467768 0
v 0.602831154865 -0.525 0
v 0.596728077432 -0.525 0
v 0.605776348248 -0.532759729193 0
v 0.607661220218 -0.533130290314 0
v 0.60703125 -0.525 0
v 0.604931202432 -0.525 0
v 0.595964802186 -0.517211705011 0
v 0.601223295311 -0.516796875 0
v 0.599615435757 -0.50859375 0
v 0.595120217879 -0.50859375 0
v 0.60405308669 -0.516039897509 0
v 0.60703125 -0.516796875 0
v 0.60703125 -0.50859375 0
v 0.603323342879 -0.50859375 0
v 0.594206550356 -0.501184636178 0
v 0.597592271022 -0.500390625 0
v 0.595569106287 -0.4921875 0
v 0.593097053144 -0.4921875 0
v 0.602239485823 -0.499804535012 0
v 0.60703125 -0.500390625 0
v 0.60703125 -0.4921875 0
v 0.601300178144 -0.4921875 0
v 0.591108857939 -0.484720416397 0
v 0.593309935017 -0.484446261505 0
v 0.591050763746 -0.47670502301 0
v 0.588993212674 -0.476823962453 0
v 0.600162182942 -0.483765395108 0
v 0.60703125 -0.483984375 0
v 0.60703125 -0.47578125 0
v 0.599041006873 -0.476243136505 0
v 0.588858317959 -0.474240066816 0
v 0.589819646138 -0.472888649275 0
v 0.598269141152 -0.46781623145 0
v 0.60703125 -0.467578125 0
v 0.60703125 -0.459375 0
v 0.598828125 -0.459375 0
v 0.598828125 -0.451171875 0
v 0.60703125 -0.451171875 0
v 0.60703125 -0.44296875 0
v 0.598828125 -0.44296875 0
v 0.598933293269 -0.434433293269 0
v 0.60703125 -0.434109375 0
v 0.601545132795 -0.0823709620699 0
v 0.596085066398 -0.082201106035 0
v 0.594265044265 -0.0837226236505 0
v 0.596085066398 -0.0845683104758 0
v 0.599429022284 -0.0913917769437 0
v 0.607138875527 -0.0911491623564 0
v 0.607246501055 -0.0825483247127 0
v 0.604395816925 -0.0824596433913 0
v 0.598752118839 -0.0737696527755 0
v 0.604379738086 -0.0811955036563 0
v 0.607214343377 -0.0800200452427 0
v 0.607122796688 -0.0728225226213 0
v 0.60703125 -0.065625 0
v 0.598828125 -0.065625 0
v 0.605335325743 -0.0816464440085 0
v 0.607230422216 -0.0812841849777 0
v 0.598495793269 -0.0573167067308 0
v 0.60703125 -0.057421875 0
v 0.60703125 -0.04921875 0
v 0.598171875 -0.04921875 0
v 0.598609375 -0.040796875 0
v 0.60703125 -0.040359375 0
v 0.598609375 0.336109375 0
v 0.60703125 0.335671875 0
v 0.60703125 0.34453125 0
v 0.598171875 0.34453125 0
v 0.598495793269 0.352629206731 0
v 0.60703125 0.352734375 0
v 0.60703125 0.3609375 0
v 0.598828125 0.3609375 0
v 0.598828125 0.369140625 0
v 0.60703125 0.369140625 0
v 0.60703125 0.37734375 0
v 0.598828125 0.37734375 0
v 0.597504831875 0.383851852163 0
v 0.60703125 0.380859001331 0
v 0.60703125 0.384374252662 0
v 0.601236799966 0.388401917901 0
v 0.595442349933 0.392429583141 0
v 0.592374450367 0.392080032598 0
v 0.60703125 0.389062126331 0
v 0.603168283311 0.390184611935 0
v 0.60703125 0.39375 0
v 0.601236799966 0.39308979157 0
v 0.591459491382 0.393468298696 0
v 0.59253596167 0.394337207014 0
v 0.598669601062 0.401714983656 0
v 0.60703125 0.401953125 0
v 0.60703125 0.41015625 0
v 0.598828125 0.41015625 0
v 0.598933293269 0.418691706731 0
v 0.60703125 0.419015625 0
v 0.615453125 -0.681078125 0
v 0.615890625 -0.67265625 0
v 0.615566706731 -0.664558293269 0
v 0.615234375 -0.65625 0
v 0.615566706731 -0.647941706731 0
v 0.615890625 -0.63984375 0
v 0.615566706731 -0.631745793269 0
v 0.615234375 -0.6234375 0
v 0.615566706731 -0.615129206731 0
v 0.615890625 -0.60703125 0
v 0.616054246936 -0.599154067801 0
v 0.61618856643 -0.590733280676 0
v 0.616885491518 -0.582520034104 0
v 0.617601867738 -0.574270015029 0
v 0.617209906812 -0.566116243968 0
v 0.616842661788 -0.557738348816 0
v 0.616678348285 -0.54923436838 0
v 0.616520595218 -0.541333415314 0
v 0.615889950715 -0.533170166292 0
v 0.615234375 -0.525 0
v 0.615566706731 -0.516691706731 0
v 0.615890625 -0.50859375 0
v 0.615566706731 -0.500495793269 0
v 0.615234375 -0.4921875 0
v 0.615566706731 -0.483879206731 0
v 0.615890625 -0.47578125 0
v 0.615566706731 -0.467683293269 0
v 0.615234375 -0.459375 0
v 0.615566706731 -0.451066706731 0
v 0.615890625 -0.44296875 0
v 0.615453125 -0.434546875 0
v 0.615224733741 -0.0907133861766 0
v 0.6234375 -0.090234375 0
v 0.6234375 -0.08203125 0
v 0.615342000527 -0.0822897873564 0
v 0.6234375 -0.0729963759241 0
v 0.6234375 -0.0693106879621 0
v 0.614399346958 -0.0712493090735 0
v 0.615325921688 -0.0765082105834 0
v 0.6234375 -0.065625 0
v 0.615234375 -0.065625 0
v 0.616851183422 -0.0790445424574 0
v 0.6234375 -0.0775138129621 0
v 0.615234375 -0.057421875 0
v 0.6234375 -0.057421875 0
v 0.6234375 -0.04921875 0
v 0.615234375 -0.04921875 0
v 0.615129206731 -0.0406832932692 0
v 0.6234375 -0.041015625 0
v 0.615129206731 0.335995793269 0
v 0.6234375 0.336328125 0
v 0.6234375 0.34453125 0
v 0.615234375 0.34453125 0
v 0.615234375 0.352734375 0
v 0.6234375 0.352734375 0
v 0.6234375 0.3609375 0
v 0.615234375 0.3609375 0
v 0.614801575161 0.368669377444 0
v 0.6234375 0.366476338208 0
v 0.6234375 0.372015176416 0
v 0.619986680965 0.374679463208 0
v 0.616535861931 0.37734375 0
v 0.611783555965 0.37734375 0
v 0.6234375 0.374679463208 0
v 0.621136953976 0.375567558805 0
v 0.6234375 0.37734375 0
v 0.619986680965 0.37734375 0
v 0.610199453978 0.379687250888 0
v 0.611783555965 0.380859001331 0
v 0.615947925106 0.386377302208 0
v 0.6234375 0.385546875 0
v 0.615234375 0.39375 0
v 0.615566706731 0.402058293269 0
v 0.615890625 0.41015625 0
v 0.615453125 0.418578125 0
v 0.631745793269 -0.0905667067308 0
v 0.63984375 -0.090890625 0
v 0.63984375 -0.08203125 0
v 0.631640625 -0.08203125 0
v 0.63489566945 -0.0677384172908 0
v 0.629166584725 -0.0666817086454 0
v 0.627256889817 -0.0687865977383 0
v 0.629166584725 -0.0703673966075 0
v 0.632630227604 -0.0756368575181 0
v 0.640642226233 -0.0754884373015 0
v 0.641440702466 -0.068945624603 0
v 0.638168185958 -0.0683420209469 0
v 0.631986839077 -0.058006501156 0
v 0.637999366855 -0.0662566280753 0
v 0.641103064259 -0.0647748388598 0
v 0.640473407129 -0.0569967944299 0
v 0.63984375 -0.04921875 0
v 0.631640625 -0.04921875 0
v 0.639146478725 -0.0671529602512 0
v 0.641271883363 -0.0668602317314 0
v 0.631745793269 -0.0406832932692 0
v 0.63984375 -0.040359375 0
v 0.631421875 0.303296875 0
v 0.63984375 0.302859375 0
v 0.63984375 0.31171875 0
v 0.630984375 0.31171875 0
v 0.631308293269 0.319816706731 0
v 0.63984375 0.319921875 0
v 0.63984375 0.328125 0
v 0.631640625 0.328125 0
v 0.631640625 0.336328125 0
v 0.63984375 0.336328125 0
v 0.63984375 0.34453125 0
v 0.631640625 0.34453125 0
v 0.631798735417 0.352923483948 0
v 0.640369674811 0.351155920204 0
v 0.640895599621 0.357780590407 0
v 0.638299857273 0.359949950147 0
v 0.635704114925 0.362119309886 0
v 0.629570807462 0.361528404943 0
v 0.641089156804 0.360218681315 0
v 0.639294142844 0.360852224172 0
v 0.641282713986 0.362656772223 0
v 0.638493414455 0.362388041055 0
v 0.627526371642 0.365023995434 0
v 0.629570807462 0.367067243151 0
v 0.633333224281 0.370959385383 0
v 0.640563231993 0.370000261112 0
v 0.63984375 0.37734375 0
v 0.631640625 0.37734375 0
v 0.631745793269 0.385879206731 0
v 0.63984375 0.386203125 0
v 0.647941706731 -0.0905667067308 0
v 0.65625 -0.090234375 0
v 0.65625 -0.08203125 0
v 0.648046875 -0.08203125 0
v 0.648748153916 -0.0747660384401 0
v 0.65625 -0.073828125 0
v 0.65625 -0.065625 0
v 0.648845351233 -0.0672853123015 0
v 0.65625 -0.0571640696655 0
v 0.65625 -0.0531914098328 0
v 0.647484698241 -0.0552527889937 0
v 0.648676532129 -0.0609694542626 0
v 0.65625 -0.04921875 0
v 0.648046875 -0.04921875 0
v 0.649576060321 -0.06381404265 0
v 0.65625 -0.0613945348328 0
v 0.647941706731 -0.0406832932692 0
v 0.65625 -0.041015625 0
v 0.647941706731 0.303183293269 0
v 0.65625 0.303515625 0
v 0.65625 0.31171875 0
v 0.648046875 0.31171875 0
v 0.648046875 0.319921875 0
v 0.65625 0.319921875 0
v 0.65625 0.328125 0
v 0.648046875 0.328125 0
v 0.648639922806 0.336972680361 0
v 0.657259549557 0.335406037022 0
v 0.658269099115 0.342687074045 0
v 0.65598486253 0.344711687665 0
v 0.653700625945 0.346736301286 0
v 0.646772187972 0.345633775643 0
v 0.658607691758 0.345129059733 0
v 0.656972003156 0.345664806919 0
v 0.658946284401 0.347571045421 0
v 0.656323455173 0.347153673354 0
v 0.644813325189 0.349682713898 0
v 0.647298112783 0.352258445847 0
v 0.650648818897 0.355557523159 0
v 0.657598142201 0.354254272711 0
v 0.65625 0.3609375 0
v 0.648766356993 0.361797136112 0
v 0.648552376462 0.369687868941 0
v 0.65625 0.369140625 0
v 0.65625 0.37734375 0
v 0.648046875 0.37734375 0
v 0.647941706731 0.385879206731 0
v 0.65625 0.385546875 0
v 0.664558293269 -0.0905667067308 0
v 0.67265625 -0.090890625 0
v 0.67265625 -0.08203125 0
v 0.664453125 -0.08203125 0
v 0.664453125 -0.073828125 0
v 0.67265625 -0.073828125 0
v 0.67265625 -0.065625 0
v 0.664453125 -0.065625 0
v 0.668219691876 -0.0507228955854 0
v 0.662234845938 -0.0499708227927 0
v 0.660239897292 -0.0523685717503 0
v 0.662234845938 -0.0539434826255 0
v 0.665537497815 -0.0590859769913 0
v 0.673283996578 -0.0585315874836 0
v 0.673911743157 -0.0514381749673 0
v 0.671065717516 -0.0510805352763 0
v 0.664684591478 -0.0413758640628 0
v 0.670938293904 -0.0491901619375 0
v 0.673656895932 -0.0476574282897 0
v 0.673156572966 -0.0402349641448 0
v 0.67265625 -0.0328125 0
v 0.664453125 -0.0328125 0
v 0.671929443655 -0.0499394996141 0
v 0.673784319544 -0.0495478016285 0
v 0.664120793269 -0.0245042067308 0
v 0.67265625 -0.024609375 0
v 0.67265625 -0.01640625 0
v 0.663796875 -0.01640625 0
v 0.664234375 -0.007984375 0
v 0.67265625 -0.007546875 0
v 0.664234375 0.270484375 0
v 0.67265625 0.270046875 0
v 0.67265625 0.27890625 0
v 0.663796875 0.27890625 0
v 0.664120793269 0.287004206731 0
v 0.67265625 0.287109375 0
v 0.67265625 0.2953125 0
v 0.664453125 0.2953125 0
v 0.664453125 0.303515625 0
v 0.67265625 0.303515625 0
v 0.67265625 0.31171875 0
v 0.664453125 0.31171875 0
v 0.663769633902 0.319216538972 0
v 0.671652974146 0.318841910165 0
v 0.670649698292 0.325965070331 0
v 0.663449849146 0.327045035165 0
v 0.662960009094 0.332493156861 0
v 0.670919183596 0.328458558314 0
v 0.6711886689 0.330952046298 0
v 0.664728884007 0.336819560171 0
v 0.67192245945 0.337741648149 0
v 0.666295026058 0.340851215399 0
v 0.67265625 0.34453125 0
v 0.665801267201 0.346051147711 0
v 0.665386576723 0.353712949885 0
v 0.67265625 0.352734375 0
v 0.67265625 0.3609375 0
v 0.664453125 0.3609375 0
v 0.664453125 0.369140625 0
v 0.67265625 0.369140625 0
v 0.67265625 0.37734375 0
v 0.664453125 0.37734375 0
v 0.664558293269 0.385879206731 0
v 0.67265625 0.386203125 0
v 0.681078125 -0.090453125 0
v 0.681515625 -0.08203125 0
v 0.681191706731 -0.0739332932692 0
v 0.680859375 -0.065625 0
v 0.681367714856 -0.0580718411856 0
v 0.6890625 -0.057421875 0
v 0.6890625 -0.04921875 0
v 0.681487121578 -0.0503284624836 0
v 0.6890625 -0.0384356092514 0
v 0.6890625 -0.0356240546257 0
v 0.679893365623 -0.0382525813236 0
v 0.681359697966 -0.0430465187705 0
v 0.6890625 -0.0328125 0
v 0.680859375 -0.0328125 0
v 0.682622909561 -0.0462233719209 0
v 0.6890625 -0.0438271796257 0
v 0.680859375 -0.024609375 0
v 0.6890625 -0.024609375 0
v 0.6890625 -0.01640625 0
v 0.680859375 -0.01640625 0
v 0.680754206731 -0.00787079326923 0
v 0.6890625 -0.008203125 0
v 0.680754206731 0.270370793269 0
v 0.6890625 0.270703125 0
v 0.6890625 0.27890625 0
v 0.680859375 0.27890625 0
v 0.680859375 0.287109375 0
v 0.6890625 0.287109375 0
v 0.6890625 0.2953125 0
v 0.680859375 0.2953125 0
v 0.680321243043 0.3029701405 0
v 0.688262179145 0.30269052117 0
v 0.687461858291 0.31006854234 0
v 0.680059054145 0.31089364617 0
v 0.678431472814 0.317423845661 0
v 0.687687688801 0.312616082503 0
v 0.687913519311 0.315163622666 0
v 0.681902692938 0.320871815046 0
v 0.675891866566 0.326580007426 0
v 0.673270782429 0.326272538878 0
v 0.688488009655 0.321644311333 0
v 0.684289295292 0.323289543364 0
v 0.6890625 0.328125 0
v 0.682477183283 0.327352503713 0
v 0.672576744586 0.327832374685 0
v 0.673540267733 0.328766026862 0
v 0.680516996629 0.335965509501 0
v 0.6890625 0.336328125 0
v 0.6890625 0.34453125 0
v 0.680859375 0.34453125 0
v 0.680859375 0.352734375 0
v 0.6890625 0.352734375 0
v 0.680859375 0.3609375 0
v 0.681191706731 0.369245793269 0
v 0.681515625 0.37734375 0
v 0.681078125 0.385765625 0
v 0.697370793269 -0.0577542067308 0
v 0.70546875 -0.058078125 0
v 0.70546875 -0.04921875 0
v 0.697265625 -0.04921875 0
v 0.697793387404 -0.0328125 0
v 0.693427943702 -0.0328125 0
v 0.691972795801 -0.0346868697505 0
v 0.693427943702 -0.0356240546257 0
v 0.697796760052 -0.0416507151614 0
v 0.70546875 -0.041015625 0
v 0.70546875 -0.0328125 0
v 0.701631068702 -0.0328125 0
v 0.696812179304 -0.0240900556832 0
v 0.701631068702 -0.0302048499006 0
v 0.70546875 -0.0275971998012 0
v 0.70546875 -0.0220017249006 0
v 0.70546875 -0.01640625 0
v 0.697265625 -0.01640625 0
v 0.702910295801 -0.0310740666004 0
v 0.70546875 -0.0302048499006 0
v 0.697370793269 -0.00787079326923 0
v 0.70546875 -0.007546875 0
v 0.697046875 0.237671875 0
v 0.70546875 0.237234375 0
v 0.70546875 0.24609375 0
v 0.696609375 0.24609375 0
v 0.696933293269 0.254191706731 0
v 0.70546875 0.254296875 0
v 0.70546875 0.2625 0
v 0.697265625 0.2625 0
v 0.697265625 0.270703125 0
v 0.70546875 0.270703125 0
v 0.70546875 0.27890625 0
v 0.697265625 0.27890625 0
v 0.696742651725 0.286590529533 0
v 0.704680465664 0.286334931223 0
v 0.703892181328 0.293763612445 0
v 0.696477340664 0.294538056223 0
v 0.694969607589 0.301212308055 0
v 0.704119940998 0.296357509108 0
v 0.704347700669 0.298951405771 0
v 0.698509615868 0.304748689378 0
v 0.692671531068 0.310545972985 0
v 0.690066694679 0.310307257662 0
v 0.704908225335 0.305335077885 0
v 0.700829327246 0.307072042918 0
v 0.70546875 0.31171875 0
v 0.699070140534 0.311132361492 0
v 0.689348969556 0.311926045996 0
v 0.690292525189 0.312854797825 0
v 0.697071980564 0.319722492667 0
v 0.70546875 0.319921875 0
v 0.70546875 0.328125 0
v 0.697265625 0.328125 0
v 0.697265625 0.336328125 0
v 0.70546875 0.336328125 0
v 0.70546875 0.34453125 0
v 0.697265625 0.34453125 0
v 0.697370793269 0.353066706731 0
v 0.70546875 0.353390625 0
v 0.713890625 -0.057640625 0
v 0.714328125 -0.04921875 0
v 0.714004206731 -0.0411207932692 0
v 0.713671875 -0.0328125 0
v 0.718524107369 -0.0180518974438 0
v 0.711996428684 -0.0172290737219 0
v 0.70982053579 -0.0206851157483 0
v 0.711996428684 -0.0228245486225 0
v 0.715484883324 -0.0266805311097 0
v 0.722771688955 -0.0257564202437 0
v 0.723668377911 -0.0187003404874 0
v 0.72109624264 -0.0183761189656 0
v 0.713912754415 -0.00830132540289 0
v 0.720887923921 -0.0162038880282 0
v 0.723251740472 -0.0143558786126 0
v 0.722563370236 -0.00717793930632 0
v 0.721814741917 -0.0170360388479 0
v 0.723460059191 -0.01652810955 0
v 0.713566706731 0.237558293269 0
v 0.721875 0.237890625 0
v 0.721875 0.24609375 0
v 0.713671875 0.24609375 0
v 0.713671875 0.254296875 0
v 0.721875 0.254296875 0
v 0.721875 0.2625 0
v 0.713671875 0.2625 0
v 0.713003289352 0.270056675396 0
v 0.720850263414 0.269755308707 0
v 0.719825526827 0.277010617413 0
v 0.712647138414 0.277958433707 0
v 0.71123487236 0.284734604626 0
v 0.720119758879 0.279638122148 0
v 0.720413990931 0.282265626882 0
v 0.714712571929 0.288235072073 0
v 0.709011152928 0.294204517264 0
v 0.706451667128 0.293984064855 0
v 0.721144495465 0.288789063441 0
v 0.717100047952 0.290594214715 0
v 0.721875 0.2953125 0
v 0.715443076464 0.294758508632 0
v 0.705750344977 0.295639845161 0
v 0.706679426799 0.296577961517 0
v 0.713494626165 0.303341484846 0
v 0.721875 0.303515625 0
v 0.721875 0.31171875 0
v 0.713671875 0.31171875 0
v 0.713671875 0.319921875 0
v 0.721875 0.319921875 0
v 0.713671875 0.328125 0
v 0.714004206731 0.336433293269 0
v 0.714328125 0.34453125 0
v 0.713890625 0.352953125 0
v 0.73081485716 -0.0256726323064 0
v 0.73828125 -0.025265625 0
v 0.73828125 -0.01640625 0
v 0.730974813955 -0.0175532952437 0
v 0.737059723313 -0.00268120956788 0
v 0.736862486046 -0.00046505703219 0
v 0.728451276557 -0.004411235784 0
v 0.730155731892 -0.00851854409025 0
v 0.736665248779 0.0017510955035 0
v 0.729270124389 0.000875547751749 0
v 0.731791785118 -0.0124306797632 0
v 0.737670486656 -0.00954372978394 0
v 0.729181721636 0.00886658721117 0
v 0.737473249389 0.00907867275175 0
v 0.73828125 0.01640625 0
v 0.729421875 0.01640625 0
v 0.729745793269 0.0245042067308 0
v 0.73828125 0.024609375 0
v 0.73828125 0.0328125 0
v 0.730078125 0.0328125 0
v 0.729745793269 0.0411207932692 0
v 0.73828125 0.041015625 0
v 0.73828125 0.04921875 0
v 0.729421875 0.04921875 0
v 0.729859375 0.057640625 0
v 0.73828125 0.058078125 0
v 0.729859375 0.204859375 0
v 0.73828125 0.204421875 0
v 0.73828125 0.21328125 0
v 0.729421875 0.21328125 0
v 0.729745793269 0.221379206731 0
v 0.73828125 0.221484375 0
v 0.73828125 0.2296875 0
v 0.730078125 0.2296875 0
v 0.730078125 0.237890625 0
v 0.73828125 0.237890625 0
v 0.73828125 0.24609375 0
v 0.730078125 0.24609375 0
v 0.730706120864 0.254859927918 0
v 0.739368907788 0.25292685546 0
v 0.740456565576 0.25975996092 0
v 0.738458540762 0.262100380213 0
v 0.736460515948 0.264440799507 0
v 0.729167757974 0.263470399753 0
v 0.740880396959 0.262422640826 0
v 0.739407103291 0.263095360388 0
v 0.741304228342 0.265085320733 0
v 0.738882372145 0.26476306012 0
v 0.726295897491 0.269225542433 0
v 0.730632883597 0.270981448314 0
v 0.724805251245 0.27752209712 0
v 0.722315389036 0.277266357267 0
v 0.73463229912 0.272530082392 0
v 0.739792739171 0.271995785367 0
v 0.73828125 0.27890625 0
v 0.731543250623 0.27821417356 0
v 0.721681589667 0.278932780472 0
v 0.722609621088 0.279893862001 0
v 0.729752611015 0.286803668452 0
v 0.73828125 0.287109375 0
v 0.73828125 0.2953125 0
v 0.730078125 0.2953125 0
v 0.730078125 0.303515625 0
v 0.73828125 0.303515625 0
v 0.73828125 0.31171875 0
v 0.730078125 0.31171875 0
v 0.730183293269 0.320254206731 0
v 0.73828125 0.320578125 0
v 0.746379206731 -0.0249417067308 0
v 0.7546875 -0.024609375 0
v 0.7546875 -0.01640625 0
v 0.746484375 -0.01640625 0
v 0.741387457416 0.00129227167459 0
v 0.739026353097 0.00152168358904 0
v 0.738370809836 0.000120719203402 0
v 0.739223590364 -0.000694468946646 0
v 0.746209512631 -0.00791037689257 0
v 0.7546875 -0.008203125 0
v 0.7546875 0 0
v 0.748037478708 0.000646135837294 0
v 0.744008096427 0.0106803151001 0
v 0.747354472979 0.00726032428608 0
v 0.753321488543 0.0132283768976 0
v 0.75307027032 0.0156611598166 0
v 0.752819052097 0.0180939427357 0
v 0.745550151048 0.0172500963678 0
v 0.74979881532 0.00484021619072 0
v 0.754004494272 0.00661418844878 0
v 0.745878452878 0.0251888330906 0
v 0.753753276048 0.0254532213678 0
v 0.7546875 0.0328125 0
v 0.746484375 0.0328125 0
v 0.746484375 0.041015625 0
v 0.7546875 0.041015625 0
v 0.7546875 0.04921875 0
v 0.746484375 0.04921875 0
v 0.746379206731 0.0577542067308 0
v 0.7546875 0.057421875 0
v 0.746379206731 0.204745793269 0
v 0.7546875 0.205078125 0
v 0.7546875 0.21328125 0
v 0.746484375 0.21328125 0
v 0.746484375 0.221484375 0
v 0.7546875 0.221484375 0
v 0.7546875 0.2296875 0
v 0.746484375 0.2296875 0
v 0.746466437937 0.237855702396 0
v 0.755066276654 0.235343157233 0
v 0.755445053307 0.240998814467 0
v 0.753241698233 0.243871343224 0
v 0.751038343158 0.246743871981 0
v 0.744659796579 0.246418810991 0
v 0.755645640124 0.243993851968 0
v 0.754109874468 0.244910525306 0
v 0.755846226941 0.24698888947 0
v 0.75344228505 0.246866380726 0
v 0.743258719578 0.250865860967 0
v 0.745747454367 0.25325191645 0
v 0.749129231448 0.256694441818 0
v 0.755266863471 0.254744444735 0
v 0.7546875 0.2625 0
v 0.747995864171 0.263792660367 0
v 0.747448044182 0.271608888843 0
v 0.7546875 0.270703125 0
v 0.7546875 0.27890625 0
v 0.746484375 0.27890625 0
v 0.746484375 0.287109375 0
v 0.7546875 0.287109375 0
v 0.746484375 0.2953125 0
v 0.746816706731 0.303620793269 0
v 0.747140625 0.31171875 0
v 0.746703125 0.320140625 0
v 0.762995793269 -0.0249417067308 0
v 0.77109375 -0.025265625 0
v 0.77109375 -0.01640625 0
v 0.762890625 -0.01640625 0
v 0.762890625 -0.008203125 0
v 0.77109375 -0.008203125 0
v 0.77109375 0 0
v 0.762890625 0 0
v 0.757374026904 0.0176732847344 0
v 0.755096539501 0.0178836137351 0
v 0.754504855848 0.0163318681226 0
v 0.755347757724 0.015450830816 0
v 0.762578419781 0.00849081245206 0
v 0.77109375 0.008203125 0
v 0.77109375 0.01640625 0
v 0.764233888452 0.0170397673672 0
v 0.758985407444 0.0262692282536 0
v 0.763081817018 0.024647069326 0
v 0.768789607132 0.0316208539175 0
v 0.761738553566 0.0322166769588 0
v 0.767041676308 0.0230047580933 0
v 0.77215475412 0.023826544245 0
v 0.773215758239 0.03124683849 0
v 0.771002682686 0.0314338462037 0
v 0.76321788815 0.0407589808632 0
v 0.770673884675 0.0342185332014 0
v 0.772558162218 0.0368162124853 0
v 0.771825956109 0.0430174812427 0
v 0.77109375 0.04921875 0
v 0.762890625 0.04921875 0
v 0.771521175863 0.0332279682976 0
v 0.772886960229 0.0340315254877 0
v 0.762890625 0.057421875 0
v 0.77109375 0.057421875 0
v 0.77109375 0.065625 0
v 0.762890625 0.065625 0
v 0.762558293269 0.0739332932692 0
v 0.77109375 0.073828125 0
v 0.77109375 0.08203125 0
v 0.762234375 0.08203125 0
v 0.762558293269 0.0901292067308 0
v 0.77109375 0.090234375 0
v 0.77109375 0.0984375 0
v 0.762890625 0.0984375 0
v 0.762558293269 0.106745793269 0
v 0.77109375 0.106640625 0
v 0.77109375 0.11484375 0
v 0.762234375 0.11484375 0
v 0.762558293269 0.122941706731 0
v 0.77109375 0.123046875 0
v 0.77109375 0.13125 0
v 0.762890625 0.13125 0
v 0.762558293269 0.139558293269 0
v 0.77109375 0.139453125 0
v 0.77109375 0.14765625 0
v 0.762234375 0.14765625 0
v 0.762558293269 0.155754206731 0
v 0.77109375 0.155859375 0
v 0.77109375 0.1640625 0
v 0.762890625 0.1640625 0
v 0.762558293269 0.172370793269 0
v 0.77109375 0.172265625 0
v 0.77109375 0.18046875 0
v 0.762234375 0.18046875 0
v 0.762558293269 0.188566706731 0
v 0.77109375 0.188671875 0
v 0.77109375 0.196875 0
v 0.762890625 0.196875 0
v 0.762548176508 0.204807196095 0
v 0.77051966129 0.204732147615 0
v 0.769945572579 0.212589295229 0
v 0.76231653629 0.212935272615 0
v 0.761700452966 0.220588876774 0
v 0.770175636021 0.216015309154 0
v 0.770405699462 0.21944132308 0
v 0.767010499992 0.22456441154 0
v 0.763615300521 0.2296875 0
v 0.759151400261 0.2296875 0
v 0.770749724731 0.22456441154 0
v 0.768371583329 0.226272107693 0
v 0.77109375 0.2296875 0
v 0.767354525261 0.2296875 0
v 0.757915951275 0.233457938155 0
v 0.759530176914 0.235343157233 0
v 0.764314312083 0.239079561747 0
v 0.77109375 0.237890625 0
v 0.77109375 0.24609375 0
v 0.763469988471 0.246541319735 0
v 0.763253434966 0.254618687171 0
v 0.77109375 0.254296875 0
v 0.77109375 0.2625 0
v 0.762890625 0.2625 0
v 0.762890625 0.270703125 0
v 0.77109375 0.270703125 0
v 0.77109375 0.27890625 0
v 0.762890625 0.27890625 0
v 0.762995793269 0.287441706731 0
v 0.77109375 0.287765625 0
v 0.779515625 -0.024828125 0
v 0.779953125 -0.01640625 0
v 0.779629206731 -0.00830829326923 0
v 0.779296875 0 0
v 0.779629206731 0.00830829326923 0
v 0.779953125 0.01640625 0
v 0.780296325436 0.0239421021858 0
v 0.78035787912 0.032029669245 0
v 0.780545819632 0.04921875 0
v 0.775819784816 0.04921875 0
v 0.774732577283 0.0450845708284 0
v 0.776551990925 0.0430174812427 0
v 0.781102729575 0.0395889457775 0
v 0.7875 0.041015625 0
v 0.7875 0.04921875 0
v 0.784022909816 0.04921875 0
v 0.777870805658 0.0582512328755 0
v 0.783346010974 0.0543739642659 0
v 0.786146202316 0.0595291785318 0
v 0.785678779539 0.063089037722 0
v 0.785211356763 0.0666488969122 0
v 0.778152553382 0.0661369484561 0
v 0.784730673983 0.0526555595106 0
v 0.786823101158 0.0543739642659 0
v 0.778651224275 0.0742866543246 0
v 0.786355678382 0.0743400734561 0
v 0.7875 0.08203125 0
v 0.779296875 0.08203125 0
v 0.779296875 0.090234375 0
v 0.7875 0.090234375 0
v 0.7875 0.0984375 0
v 0.779296875 0.0984375 0
v 0.779296875 0.106640625 0
v 0.7875 0.106640625 0
v 0.7875 0.11484375 0
v 0.779296875 0.11484375 0
v 0.779296875 0.123046875 0
v 0.7875 0.123046875 0
v 0.7875 0.13125 0
v 0.779296875 0.13125 0
v 0.779296875 0.139453125 0
v 0.7875 0.139453125 0
v 0.7875 0.14765625 0
v 0.779296875 0.14765625 0
v 0.779296875 0.155859375 0
v 0.7875 0.155859375 0
v 0.7875 0.1640625 0
v 0.779296875 0.1640625 0
v 0.778953211985 0.172038720969 0
v 0.786886735697 0.172023038734 0
v 0.786273471394 0.179983577469 0
v 0.778683610697 0.180226163734 0
v 0.778564403494 0.188272309187 0
v 0.786623105298 0.18439302826 0
v 0.786972739201 0.188802479052 0
v 0.785062249468 0.192859683616 0
v 0.783151759735 0.196916888179 0
v 0.777122754868 0.196895944089 0
v 0.787295057849 0.192867440143 0
v 0.785913958478 0.194217256155 0
v 0.787617376496 0.196932401233 0
v 0.785384568116 0.196924644706 0
v 0.775048561131 0.203611357291 0
v 0.778826401531 0.204842874744 0
v 0.774501043327 0.212768861309 0
v 0.772223307953 0.212679078269 0
v 0.782843542476 0.206296222002 0
v 0.787558688248 0.205106825616 0
v 0.7875 0.21328125 0
v 0.781000521663 0.213025055655 0
v 0.771617438456 0.214933159873 0
v 0.772453371394 0.216105092194 0
v 0.779374942252 0.221581796617 0
v 0.7875 0.221484375 0
v 0.779296875 0.2296875 0
v 0.779629206731 0.237995793269 0
v 0.779953125 0.24609375 0
v 0.779629206731 0.254191706731 0
v 0.779296875 0.2625 0
v 0.779629206731 0.270808293269 0
v 0.779953125 0.27890625 0
v 0.779515625 0.287328125 0
v 0.795808293269 0.0406832932692 0
v 0.80390625 0.040359375 0
v 0.80390625 0.04921875 0
v 0.795703125 0.04921875 0
v 0.789382934219 0.0664204246111 0
v 0.787297145491 0.0665346607616 0
v 0.786913497766 0.0641995000184 0
v 0.787764568267 0.0629748015715 0
v 0.795461242927 0.0575269310843 0
v 0.80390625 0.057421875 0
v 0.80390625 0.065625 0
v 0.796644592109 0.0660227123056 0
v 0.789551302533 0.075044118224 0
v 0.79232627827 0.0742258373056 0
v 0.795269622322 0.08203125 0
v 0.791384811161 0.08203125 0
v 0.798024817324 0.0733351109949 0
v 0.80390625 0.073828125 0
v 0.80390625 0.08203125 0
v 0.799587936161 0.08203125 0
v 0.792483002141 0.0908059481662 0
v 0.797322934633 0.090234375 0
v 0.799376246944 0.0984375 0
v 0.793438123472 0.0984375 0
v 0.800507855533 0.089381533303 0
v 0.80390625 0.090234375 0
v 0.80390625 0.0984375 0
v 0.801641248472 0.0984375 0
v 0.793960573413 0.106837926904 0
v 0.800403677757 0.106599845192 0
v 0.801431108571 0.114762190384 0
v 0.794465554285 0.114802970192 0
v 0.802532587823 0.106444211158 0
v 0.804695947403 0.106587976559 0
v 0.805485644806 0.114738453118 0
v 0.803458376689 0.114750321751 0
v 0.794497333204 0.123051745123 0
v 0.80147350079 0.123040034744 0
v 0.80151589301 0.131317879104 0
v 0.794507946505 0.131283939552 0
v 0.803511098547 0.123051658295 0
v 0.805546754544 0.123038074839 0
v 0.805607864282 0.13133769656 0
v 0.803561878646 0.131327787832 0
v 0.794056297723 0.139278848798 0
v 0.800599607688 0.139487064552 0
v 0.799683322366 0.14765625 0
v 0.793591661183 0.14765625 0
v 0.80267334406 0.139534166223 0
v 0.804757057141 0.13949697328 0
v 0.80390625 0.14765625 0
v 0.801794786183 0.14765625 0
v 0.792720879963 0.155369127929 0
v 0.797831062481 0.155859375 0
v 0.795978802596 0.1640625 0
v 0.791739401298 0.1640625 0
v 0.800774533859 0.156693056776 0
v 0.80390625 0.155859375 0
v 0.80390625 0.1640625 0
v 0.799942526298 0.1640625 0
v 0.790270274192 0.171195733172 0
v 0.79328899041 0.172082550459 0
v 0.790599178225 0.180102600918 0
v 0.788436324809 0.180043089193 0
v 0.79849795901 0.172865105002 0
v 0.80390625 0.172265625 0
v 0.80390625 0.18046875 0
v 0.797252714112 0.180285675459 0
v 0.78794846294 0.182962885813 0
v 0.788785958713 0.184452539985 0
v 0.795913066842 0.188852462682 0
v 0.80390625 0.188671875 0
v 0.80390625 0.196875 0
v 0.795761813248 0.196903700616 0
v 0.795737225796 0.205102283447 0
v 0.80390625 0.205078125 0
v 0.80390625 0.21328125 0
v 0.795703125 0.21328125 0
v 0.795808293269 0.221816706731 0
v 0.80390625 0.222140625 0
v 0.812328125 0.040796875 0
v 0.812765625 0.04921875 0
v 0.812441706731 0.0573167067308 0
v 0.812109375 0.065625 0
v 0.812441706731 0.0739332932692 0
v 0.812765625 0.08203125 0
v 0.812441706731 0.0901292067308 0
v 0.812109375 0.0984375 0
v 0.812839108403 0.106591191288 0
v 0.813555322403 0.114791101559 0
v 0.813247422945 0.122913909839 0
v 0.812960182141 0.13129384828 0
v 0.812867802151 0.139728634796 0
v 0.812765625 0.14765625 0
v 0.812441706731 0.155754206731 0
v 0.812109375 0.1640625 0
v 0.812441706731 0.172370793269 0
v 0.812765625 0.18046875 0
v 0.812441706731 0.188566706731 0
v 0.812109375 0.196875 0
v 0.812441706731 0.205183293269 0
v 0.812765625 0.21328125 0
v 0.812328125 0.221703125 0
g exterior
f 1 2 3 4
f 5 6 3 2
f 7 8 3 6
f 9 10 3 8
f 11 4 3 10
f 7 12 13 8
f 14 15 13 12
f 16 17 13 15
f 18 19 13 17
f 20 21 13 19
f 9 8 13 21
f 22 23 24 25
f 26 27 24 23
f 28 29 24 27
f 30 31 24 29
f 32 33 24 31
f 34 25 24 33
f 28 35 36 29
f 37 38 36 35
f 39 40 36 38
f 41 42 36 40
f 30 29 36 42
f 43 44 45 46
f 47 48 45 44
f 49 50 45 48
f 51 46 45 50
f 51 50 52 53
f 49 54 52 50
f 55 56 52 54
f 57 53 52 56
f 57 56 58 59
f 55 60 58 56
f 61 62 58 60
f 63 59 58 62
f 63 62 64 65
f 61 66 64 62
f 67 68 64 66
f 69 65 64 68
f 69 68 70 71
f 67 72 70 68
f 73 74 70 72
f 75 71 70 74
f 75 74 76 77
f 73 78 76 74
f 79 80 76 78
f 81 77 76 80
f 81 80 82 83
f 79 84 82 80
f 85 86 82 84
f 87 88 82 86
f 89 83 82 88
f 89 88 90 91
f 87 92 90 88
f 93 94 90 92
f 95 96 90 94
f 97 91 90 96
f 97 96 98 99
f 95 100 98 96
f 101 102 98 100
f 103 104 98 102
f 105 99 98 104
f 105 104 106 107
f 103 108 106 104
f 109 110 106 108
f 111 112 106 110
f 113 107 106 112
f 113 112 114 115
f 111 116 114 112
f 117 118 114 116
f 119 120 114 118
f 121 115 114 120
f 121 120 122 123
f 119 124 122 120
f 125 126 122 124
f 127 128 122 126
f 129 123 122 128
f 129 128 130 131
f 127 132 130 128
f 133 134 130 132
f 135 131 130 134
f 135 134 136 137
f 133 138 136 134
f 5 2 136 138
f 1 137 136 2
f 47 139 140 48
f 141 142 140 139
f 143 144 140 142
f 49 48 140 144
f 49 144 145 54
f 143 146 145 144
f 147 148 145 146
f 149 150 145 148
f 55 54 145 150
f 55 150 151 60
f 149 152 151 150
f 153 154 151 152
f 155 156 151 154
f 61 60 151 156
f 61 156 157 66
f 155 158 157 156
f 159 160 157 158
f 161 162 157 160
f 67 66 157 162
f 67 162 163 72
f 161 164 163 162
f 165 166 163 164
f 167 168 163 166
f 73 72 163 168
f 73 168 169 78
f 167 170 169 168
f 171 172 169 170
f 173 174 169 172
f 175 176 169 174
f 79 78 169 176
f 127 177 178 132
f 179 180 178 177
f 181 182 178 180
f 183 184 178 182
f 185 186 178 184
f 133 132 178 186
f 133 186 187 138
f 185 188 187 186
f 7 6 187 188
f 5 138 187 6
f 141 189 190 142
f 191 192 190 189
f 193 194 190 192
f 195 196 190 194
f 143 142 190 196
f 185 197 198 188
f 199 200 198 197
f 201 202 198 200
f 14 12 198 202
f 7 188 198 12
f 191 203 204 192
f 205 206 204 203
f 207 208 204 206
f 209 210 204 208
f 193 192 204 210
f 201 211 212 202
f 213 214 212 211
f 215 216 212 214
f 16 15 212 216
f 14 202 212 15
f 205 217 218 206
f 219 220 218 217
f 221 222 218 220
f 223 224 218 222
f 207 206 218 224
f 215 225 226 216
f 227 228 226 225
f 229 230 226 228
f 231 232 226 230
f 233 234 226 232
f 16 216 226 234
f 16 234 235 17
f 233 236 235 234
f 237 238 235 236
f 239 240 235 238
f 18 17 235 240
f 18 240 241 19
f 239 242 241 240
f 243 244 241 242
f 20 19 241 244
f 219 245 246 220
f 247 248 246 245
f 249 250 246 248
f 251 252 246 250
f 221 220 246 252
g interior
f 253 254 255 256
f 257 258 255 254
f 259 260 255 258
f 261 262 255 260
f 263 264 255 262
f 265 256 255 264
f 263 262 266 267
f 261 268 266 262
f 269 270 266 268
f 271 272 266 270
f 273 274 266 272
f 275 267 266 274
g exterior
f 239 276 277 242
f 278 279 277 276
f 280 281 277 279
f 282 283 277 281
f 284 285 277 283
f 243 242 277 285
f 247 286 287 248
f 288 289 287 286
f 290 291 287 289
f 249 248 287 291
f 249 291 292 293
f 290 294 292 291
f 295 296 292 294
f 297 298 292 296
f 299 300 292 298
f 301 293 292 300
g interior
f 302 303 304 305
f 306 307 304 303
f 308 309 304 307
f 310 311 304 309
f 312 313 304 311
f 314 305 304 313
f 312 311 315 316
f 310 317 315 311
f 318 319 315 317
f 320 321 315 319
f 322 316 315 321
f 320 319 323 324
f 318 325 323 319
f 326 327 323 325
f 259 328 323 327
f 329 324 323 328
f 259 327 330 260
f 326 331 330 327
f 332 333 330 331
f 261 260 330 333
f 261 333 334 268
f 332 335 334 333
f 336 337 334 335
f 338 339 334 337
f 269 268 334 339
g exterior
f 288 340 341 289
f 342 343 341 340
f 344 345 341 343
f 290 289 341 345
f 290 345 346 294
f 344 347 346 345
f 348 349 346 347
f 350 351 346 349
f 295 294 346 351
g interior
f 308 352 353 309
f 354 355 353 352
f 356 357 353 355
f 358 359 353 357
f 310 309 353 359
f 310 359 360 317
f 358 361 360 359
f 362 363 360 361
f 318 317 360 363
f 318 363 364 325
f 362 365 364 363
f 366 367 364 365
f 326 325 364 367
f 326 367 368 331
f 366 369 368 367
f 370 371 368 369
f 332 331 368 371
f 332 371 372 335
f 370 373 372 371
f 374 375 372 373
f 376 377 372 375
f 336 335 372 377
g exterior
f 342 378 379 343
f 380 381 379 378
f 382 383 379 381
f 344 343 379 383
f 344 383 384 347
f 382 385 384 383
f 386 387 384 385
f 388 389 384 387
f 348 347 384 389
g interior
f 356 390 391 357
f 392 393 391 390
f 394 395 391 393
f 396 397 391 395
f 358 357 391 397
f 358 397 398 361
f 396 399 398 397
f 400 401 398 399
f 362 361 398 401
f 362 401 402 365
f 400 403 402 401
f 404 405 402 403
f 366 365 402 405
f 366 405 406 369
f 404 407 406 405
f 408 409 406 407
f 370 369 406 409
f 370 409 410 373
f 408 411 410 409
f 412 413 410 411
f 414 415 410 413
f 374 373 410 415
g exterior
f 380 416 417 381
f 418 419 417 416
f 420 421 417 419
f 382 381 417 421
f 382 421 422 385
f 420 423 422 421
f 424 425 422 423
f 426 427 422 425
f 428 429 422 427
f 386 385 422 429
g interior
f 394 430 431 395
f 432 433 431 430
f 434 435 431 433
f 436 437 431 435
f 438 439 431 437
f 396 395 431 439
f 396 439 440 399
f 438 441 440 439
f 442 443 440 441
f 444 445 440 443
f 400 399 440 445
f 400 445 446 403
f 444 447 446 445
f 448 449 446 447
f 450 451 446 449
f 404 403 446 451
f 404 451 452 407
f 450 453 452 451
f 454 455 452 453
f 408 407 452 455
f 408 455 456 411
f 454 457 456 455
f 458 459 456 457
f 460 461 456 459
f 412 411 456 461
g exterior
f 418 462 463 419
f 464 465 463 462
f 466 467 463 465
f 468 469 463 467
f 420 419 463 469
g interior
f 450 470 471 453
f 472 473 471 470
f 474 475 471 473
f 476 477 471 475
f 478 479 471 477
f 454 453 471 479
f 454 479 480 457
f 478 481 480 479
f 482 483 480 481
f 484 485 480 483
f 486 487 480 485
f 458 457 480 487
g exterior
f 488 489 490 491
f 492 493 490 489
f 494 495 490 493
f 496 497 490 495
f 498 499 490 497
f 500 491 490 499
f 464 501 502 465
f 503 504 502 501
f 505 506 502 504
f 507 508 502 506
f 466 465 502 508
f 509 510 511 512
f 513 514 511 510
f 515 516 511 514
f 22 517 511 516
f 518 519 511 517
f 520 512 511 519
f 518 517 521 522
f 22 25 521 517
f 34 523 521 25
f 494 524 521 523
f 525 522 521 524
f 494 523 526 495
f 34 33 526 523
f 32 527 526 33
f 496 495 526 527
f 503 528 529 504
f 530 531 529 528
f 532 533 529 531
f 534 535 529 533
f 505 504 529 535
f 515 536 537 516
f 538 539 537 536
f 540 541 537 539
f 26 23 537 541
f 22 516 537 23
f 530 542 543 531
f 544 545 543 542
f 546 547 543 545
f 548 549 543 547
f 532 531 543 549
f 540 550 551 541
f 552 553 551 550
f 554 555 551 553
f 28 27 551 555
f 26 541 551 27
f 544 556 557 545
f 558 559 557 556
f 560 561 557 559
f 546 545 557 561
f 546 561 562 563
f 560 564 562 561
f 565 566 562 564
f 567 568 562 566
f 569 563 562 568
f 567 566 570 571
f 565 572 570 566
f 573 574 570 572
f 575 576 570 574
f 577 571 570 576
f 575 574 578 579
f 573 580 578 574
f 581 582 578 580
f 583 584 578 582
f 585 579 578 584
f 583 582 586 587
f 581 588 586 582
f 589 590 586 588
f 591 592 586 590
f 593 587 586 592
f 591 590 594 595
f 589 596 594 590
f 597 598 594 596
f 599 600 594 598
f 601 602 594 600
f 603 595 594 602
f 604 605 606 607
f 608 609 606 605
f 610 611 606 609
f 612 613 606 611
f 554 614 606 613
f 615 607 606 614
f 554 613 616 555
f 612 617 616 613
f 37 35 616 617
f 28 555 616 35
f 558 618 619 559
f 620 621 619 618
f 622 623 619 621
f 560 559 619 623
f 560 623 624 564
f 622 625 624 623
f 626 627 624 625
f 565 564 624 627
f 565 627 628 572
f 626 629 628 627
f 630 631 628 629
f 573 572 628 631
f 573 631 632 580
f 630 633 632 631
f 634 635 632 633
f 581 580 632 635
f 581 635 636 588
f 634 637 636 635
f 638 639 636 637
f 589 588 636 639
f 589 639 640 596
f 638 641 640 639
f 642 643 640 641
f 597 596 640 643
f 597 643 644 645
f 642 646 644 643
f 647 648 644 646
f 649 650 644 648
f 651 645 644 650
f 649 648 652 653
f 647 654 652 648
f 655 656 652 654
f 657 658 652 656
f 659 653 652 658
f 657 656 660 661
f 655 662 660 656
f 663 664 660 662
f 665 666 660 664
f 667 661 660 666
f 665 664 668 669
f 663 670 668 664
f 671 672 668 670
f 673 674 668 672
f 675 669 668 674
f 673 672 676 677
f 671 678 676 672
f 679 680 676 678
f 681 682 676 680
f 683 677 676 682
f 681 680 684 685
f 679 686 684 680
f 687 688 684 686
f 610 689 684 688
f 690 685 684 689
f 610 688 691 611
f 687 692 691 688
f 693 694 691 692
f 612 611 691 694
f 612 694 695 617
f 693 696 695 694
f 39 38 695 696
f 37 617 695 38
f 79 176 697 84
f 175 698 697 176
f 699 700 697 698
f 85 84 697 700
f 85 700 701 86
f 699 702 701 700
f 703 704 701 702
f 87 86 701 704
f 87 704 705 92
f 703 706 705 704
f 707 708 705 706
f 93 92 705 708
f 93 708 709 94
f 707 710 709 708
f 711 712 709 710
f 713 714 709 712
f 95 94 709 714
f 95 714 715 100
f 713 716 715 714
f 717 718 715 716
f 719 720 715 718
f 101 100 715 720
f 101 720 721 102
f 719 722 721 720
f 723 724 721 722
f 725 726 721 724
f 103 102 721 726
f 103 726 727 108
f 725 728 727 726
f 729 730 727 728
f 731 732 727 730
f 109 108 727 732
f 109 732 733 110
f 731 734 733 732
f 735 736 733 734
f 737 738 733 736
f 111 110 733 738
f 111 738 739 116
f 737 740 739 738
f 741 742 739 740
f 743 744 739 742
f 117 116 739 744
f 117 744 745 118
f 743 746 745 744
f 747 748 745 746
f 119 118 745 748
f 119 748 749 124
f 747 750 749 748
f 751 752 749 750
f 125 124 749 752
f 125 752 753 126
f 751 754 753 752
f 179 177 753 754
f 127 126 753 177
f 175 174 755 698
f 173 756 755 174
f 757 758 755 756
f 699 698 755 758
f 699 758 759 702
f 757 760 759 758
f 761 762 759 760
f 703 702 759 762
f 703 762 763 706
f 761 764 763 762
f 765 766 763 764
f 767 768 763 766
f 769 770 763 768
f 707 706 763 770
f 743 771 772 746
f 773 774 772 771
f 775 776 772 774
f 777 778 772 776
f 779 780 772 778
f 747 746 772 780
f 747 780 781 750
f 779 782 781 780
f 783 784 781 782
f 751 750 781 784
f 751 784 785 754
f 783 786 785 784
f 181 180 785 786
f 179 754 785 180
f 143 196 787 146
f 195 788 787 196
f 789 790 787 788
f 147 146 787 790
f 147 790 791 148
f 789 792 791 790
f 793 794 791 792
f 149 148 791 794
f 149 794 795 152
f 793 796 795 794
f 797 798 795 796
f 153 152 795 798
f 153 798 799 154
f 797 800 799 798
f 801 802 799 800
f 155 154 799 802
f 155 802 803 158
f 801 804 803 802
f 805 806 803 804
f 159 158 803 806
f 159 806 807 160
f 805 808 807 806
f 809 810 807 808
f 161 160 807 810
f 161 810 811 164
f 809 812 811 810
f 813 814 811 812
f 165 164 811 814
f 165 814 815 166
f 813 816 815 814
f 817 818 815 816
f 167 166 815 818
f 167 818 819 170
f 817 820 819 818
f 821 822 819 820
f 171 170 819 822
f 171 822 823 172
f 821 824 823 822
f 825 826 823 824
f 173 172 823 826
f 173 826 827 756
f 825 828 827 826
f 829 830 827 828
f 757 756 827 830
f 757 830 831 760
f 829 832 831 830
f 833 834 831 832
f 835 836 831 834
f 761 760 831 836
f 779 837 838 782
f 839 840 838 837
f 841 842 838 840
f 843 844 838 842
f 845 846 838 844
f 783 782 838 846
f 783 846 847 786
f 845 848 847 846
f 849 850 847 848
f 181 786 847 850
f 181 850 851 182
f 849 852 851 850
f 853 854 851 852
f 183 182 851 854
f 183 854 855 184
f 853 856 855 854
f 199 197 855 856
f 185 184 855 197
f 195 194 857 788
f 193 858 857 194
f 859 860 857 858
f 789 788 857 860
f 789 860 861 792
f 859 862 861 860
f 863 864 861 862
f 793 792 861 864
f 793 864 865 796
f 863 866 865 864
f 867 868 865 866
f 869 870 865 868
f 797 796 865 870
f 797 870 871 800
f 869 872 871 870
f 873 874 871 872
f 875 876 871 874
f 801 800 871 876
f 801 876 877 804
f 875 878 877 876
f 879 880 877 878
f 881 882 877 880
f 805 804 877 882
f 805 882 883 808
f 881 884 883 882
f 885 886 883 884
f 887 888 883 886
f 809 808 883 888
f 809 888 889 812
f 887 890 889 888
f 891 892 889 890
f 893 894 889 892
f 813 812 889 894
f 813 894 895 816
f 893 896 895 894
f 897 898 895 896
f 899 900 895 898
f 817 816 895 900
f 817 900 901 820
f 899 902 901 900
f 903 904 901 902
f 905 906 901 904
f 821 820 901 906
f 821 906 907 824
f 905 908 907 906
f 909 910 907 908
f 825 824 907 910
f 825 910 911 828
f 909 912 911 910
f 913 914 911 912
f 829 828 911 914
f 829 914 915 832
f 913 916 915 914
f 917 918 915 916
f 919 920 915 918
f 921 922 915 920
f 833 832 915 922
f 845 923 924 848
f 925 926 924 923
f 927 928 924 926
f 929 930 924 928
f 931 932 924 930
f 849 848 924 932
f 849 932 933 852
f 931 934 933 932
f 935 936 933 934
f 853 852 933 936
f 853 936 937 856
f 935 938 937 936
f 201 200 937 938
f 199 856 937 200
f 193 210 939 858
f 209 940 939 210
f 941 942 939 940
f 859 858 939 942
f 859 942 943 862
f 941 944 943 942
f 945 946 943 944
f 947 948 943 946
f 863 862 943 948
f 905 949 950 908
f 951 952 950 949
f 953 954 950 952
f 955 956 950 954
f 957 958 950 956
f 909 908 950 958
f 909 958 959 912
f 957 960 959 958
f 961 962 959 960
f 963 964 959 962
f 965 966 959 964
f 913 912 959 966
g interior
f 967 968 969 970
f 971 972 969 968
f 973 974 969 972
f 975 976 969 974
f 977 978 969 976
f 979 970 969 978
f 977 976 980 981
f 975 982 980 976
f 983 984 980 982
f 985 986 980 984
f 987 988 980 986
f 989 981 980 988
g exterior
f 931 990 991 934
f 992 993 991 990
f 994 995 991 993
f 996 997 991 995
f 935 934 991 997
f 935 997 998 938
f 996 999 998 997
f 213 211 998 999
f 201 938 998 211
f 209 208 1000 940
f 207 1001 1000 208
f 1002 1003 1000 1001
f 941 940 1000 1003
f 941 1003 1004 944
f 1002 1005 1004 1003
f 1006 1007 1004 1005
f 1008 1009 1004 1007
f 945 944 1004 1009
g interior
f 1010 1011 1012 1013
f 1014 1015 1012 1011
f 1016 1017 1012 1015
f 1018 1019 1012 1017
f 973 1020 1012 1019
f 1021 1013 1012 1020
f 973 1019 1022 974
f 1018 1023 1022 1019
f 1024 1025 1022 1023
f 975 974 1022 1025
f 975 1025 1026 982
f 1024 1027 1026 1025
f 1028 1029 1026 1027
f 983 982 1026 1029
f 983 1029 1030 1031
f 1028 1032 1030 1029
f 1033 1034 1030 1032
f 1035 1036 1030 1034
f 1037 1038 1030 1036
f 1039 1031 1030 1038
g exterior
f 994 1040 1041 995
f 1042 1043 1041 1040
f 1044 1045 1041 1043
f 1046 1047 1041 1045
f 996 995 1041 1047
f 996 1047 1048 999
f 1046 1049 1048 1047
f 215 214 1048 1049
f 213 999 1048 214
f 207 224 1050 1001
f 223 1051 1050 224
f 1052 1053 1050 1051
f 1002 1001 1050 1053
f 1002 1053 1054 1005
f 1052 1055 1054 1053
f 1056 1057 1054 1055
f 1058 1059 1054 1057
f 1006 1005 1054 1059
g interior
f 1060 1061 1062 1063
f 1064 1065 1062 1061
f 1066 1067 1062 1065
f 1068 1069 1062 1067
f 1070 1071 1062 1069
f 1072 1063 1062 1071
f 1070 1069 1073 1074
f 1068 1075 1073 1069
f 1076 1077 1073 1075
f 1078 1079 1073 1077
f 1080 1081 1073 1079
f 1082 1074 1073 1081
f 1016 1083 1084 1017
f 1085 1086 1084 1083
f 1087 1088 1084 1086
f 1089 1090 1084 1088
f 1018 1017 1084 1090
f 1018 1090 1091 1023
f 1089 1092 1091 1090
f 1093 1094 1091 1092
f 1024 1023 1091 1094
f 1024 1094 1095 1027
f 1093 1096 1095 1094
f 1097 1098 1095 1096
f 1028 1027 1095 1098
f 1028 1098 1099 1032
f 1097 1100 1099 1098
f 1101 1102 1099 1100
f 1033 1032 1099 1102
f 1033 1102 1103 1104
f 1101 1105 1103 1102
f 1106 1107 1103 1105
f 1108 1109 1103 1107
f 1110 1111 1103 1109
f 1112 1104 1103 1111
g exterior
f 1044 1113 1114 1045
f 1115 1116 1114 1113
f 1117 1118 1114 1116
f 1119 1120 1114 1118
f 1046 1045 1114 1120
f 1046 1120 1121 1049
f 1119 1122 1121 1120
f 227 225 1121 1122
f 215 1049 1121 225
f 223 222 1123 1051
f 221 1124 1123 222
f 1125 1126 1123 1124
f 1052 1051 1123 1126
f 1052 1126 1127 1055
f 1125 1128 1127 1126
f 1129 1130 1127 1128
f 1131 1132 1127 1130
f 1056 1055 1127 1132
g interior
f 1066 1133 1134 1067
f 1135 1136 1134 1133
f 1137 1138 1134 1136
f 1139 1140 1134 1138
f 1068 1067 1134 1140
f 1068 1140 1141 1075
f 1139 1142 1141 1140
f 1143 1144 1141 1142
f 1076 1075 1141 1144
f 1076 1144 1145 1146
f 1143 1147 1145 1144
f 1148 1149 1145 1147
f 1150 1151 1145 1149
f 1152 1153 1145 1151
f 1154 1146 1145 1153
f 1155 1156 1157 1158
f 1159 1160 1157 1156
f 1161 1162 1157 1160
f 253 1163 1157 1162
f 1087 1164 1157 1163
f 1165 1158 1157 1164
f 1087 1163 1166 1088
f 253 256 1166 1163
f 265 1167 1166 256
f 1089 1088 1166 1167
f 1089 1167 1168 1092
f 265 264 1168 1167
f 263 1169 1168 264
f 1093 1092 1168 1169
f 1093 1169 1170 1096
f 263 267 1170 1169
f 275 1171 1170 267
f 1097 1096 1170 1171
f 1097 1171 1172 1100
f 275 274 1172 1171
f 273 1173 1172 274
f 1101 1100 1172 1173
f 1101 1173 1174 1105
f 273 1175 1174 1173
f 1176 1177 1174 1175
f 1178 1179 1174 1177
f 1106 1105 1174 1179
g exterior
f 1117 1180 1181 1118
f 1182 1183 1181 1180
f 1184 1185 1181 1183
f 1186 1187 1181 1185
f 1119 1118 1181 1187
f 1119 1187 1188 1122
f 1186 1189 1188 1187
f 229 228 1188 1189
f 227 1122 1188 228
f 221 252 1190 1124
f 251 1191 1190 252
f 1192 1193 1190 1191
f 1125 1124 1190 1193
f 1125 1193 1194 1128
f 1192 1195 1194 1193
f 1196 1197 1194 1195
f 1198 1199 1194 1197
f 1129 1128 1194 1199
g interior
f 1137 1200 1201 1138
f 1202 1203 1201 1200
f 1204 1205 1201 1203
f 1206 1207 1201 1205
f 1208 1209 1201 1207
f 1139 1138 1201 1209
f 1139 1209 1210 1142
f 1208 1211 1210 1209
f 1212 1213 1210 1211
f 1143 1142 1210 1213
f 1143 1213 1214 1147
f 1212 1215 1214 1213
f 1216 1217 1214 1215
f 1148 1147 1214 1217
f 1148 1217 1218 1219
f 1216 1220 1218 1217
f 1221 1222 1218 1220
f 1223 1224 1218 1222
f 1225 1219 1218 1224
f 1223 1222 1226 1227
f 1221 1228 1226 1222
f 1229 1230 1226 1228
f 1231 1232 1226 1230
f 1233 1234 1226 1232
f 1235 1227 1226 1234
f 1161 1236 1237 1162
f 1238 1239 1237 1236
f 1240 1241 1237 1239
f 257 254 1237 1241
f 253 1162 1237 254
f 273 272 1242 1175
f 271 1243 1242 272
f 1244 1245 1242 1243
f 1246 1247 1242 1245
f 1176 1175 1242 1247
g exterior
f 1184 1248 1249 1185
f 1250 1251 1249 1248
f 1252 1253 1249 1251
f 1254 1255 1249 1253
f 1256 1257 1249 1255
f 1186 1185 1249 1257
f 1186 1257 1258 1189
f 1256 1259 1258 1257
f 1260 1261 1258 1259
f 229 1189 1258 1261
f 229 1261 1262 230
f 1260 1263 1262 1261
f 1264 1265 1262 1263
f 231 230 1262 1265
f 231 1265 1266 232
f 1264 1267 1266 1265
f 1268 1269 1266 1267
f 233 232 1266 1269
f 233 1269 1270 236
f 1268 1271 1270 1269
f 1272 1273 1270 1271
f 237 236 1270 1273
f 237 1273 1274 238
f 1272 1275 1274 1273
f 278 276 1274 1275
f 239 238 1274 276
f 251 250 1276 1191
f 249 293 1276 250
f 301 1277 1276 293
f 1192 1191 1276 1277
f 1192 1277 1278 1195
f 301 300 1278 1277
f 299 1279 1278 300
f 1196 1195 1278 1279
f 1196 1279 1280 1281
f 299 1282 1280 1279
f 1283 1284 1280 1282
f 1285 1286 1280 1284
f 1287 1288 1280 1286
f 1289 1281 1280 1288
g interior
f 1208 1290 1291 1211
f 1292 1293 1291 1290
f 1294 1295 1291 1293
f 1296 1297 1291 1295
f 1212 1211 1291 1297
f 1212 1297 1298 1215
f 1296 1299 1298 1297
f 302 1300 1298 1299
f 1216 1215 1298 1300
f 1216 1300 1301 1220
f 302 305 1301 1300
f 314 1302 1301 305
f 1221 1220 1301 1302
f 1221 1302 1303 1228
f 314 313 1303 1302
f 312 1304 1303 313
f 1229 1228 1303 1304
f 1229 1304 1305 1306
f 312 316 1305 1304
f 322 1307 1305 316
f 1308 1309 1305 1307
f 1310 1306 1305 1309
f 1308 1307 1311 1312
f 322 321 1311 1307
f 320 1313 1311 321
f 1314 1315 1311 1313
f 1316 1312 1311 1315
f 1314 1313 1317 1318
f 320 324 1317 1313
f 329 1319 1317 324
f 1240 1320 1317 1319
f 1321 1318 1317 1320
f 1240 1319 1322 1241
f 329 328 1322 1319
f 259 258 1322 328
f 257 1241 1322 258
f 271 270 1323 1243
f 269 1324 1323 270
f 1325 1326 1323 1324
f 1327 1328 1323 1326
f 1244 1243 1323 1328
g exterior
f 1256 1329 1330 1259
f 1331 1332 1330 1329
f 1333 1334 1330 1332
f 1335 1336 1330 1334
f 1337 1338 1330 1336
f 1260 1259 1330 1338
f 1260 1338 1339 1263
f 1337 1340 1339 1338
f 1341 1342 1339 1340
f 1343 1344 1339 1342
f 1264 1263 1339 1344
f 1264 1344 1345 1267
f 1343 1346 1345 1344
f 1347 1348 1345 1346
f 1349 1350 1345 1348
f 1268 1267 1345 1350
f 1268 1350 1351 1271
f 1349 1352 1351 1350
f 1353 1354 1351 1352
f 1272 1271 1351 1354
f 1272 1354 1355 1275
f 1353 1356 1355 1354
f 280 279 1355 1356
f 278 1275 1355 279
f 299 298 1357 1282
f 297 1358 1357 298
f 1359 1360 1357 1358
f 1361 1362 1357 1360
f 1283 1282 1357 1362
g interior
f 1294 1363 1364 1295
f 1365 1366 1364 1363
f 1367 1368 1364 1366
f 1369 1370 1364 1368
f 1296 1295 1364 1370
f 1296 1370 1371 1299
f 1369 1372 1371 1370
f 306 303 1371 1372
f 302 1299 1371 303
f 269 339 1373 1324
f 338 1374 1373 339
f 1375 1376 1373 1374
f 1377 1378 1373 1376
f 1325 1324 1373 1378
g exterior
f 1349 1379 1380 1352
f 1381 1382 1380 1379
f 1383 1384 1380 1382
f 1385 1386 1380 1384
f 1387 1388 1380 1386
f 1353 1352 1380 1388
f 1353 1388 1389 1356
f 1387 1390 1389 1388
f 1391 1392 1389 1390
f 1393 1394 1389 1392
f 280 1356 1389 1394
f 280 1394 1395 281
f 1393 1396 1395 1394
f 1397 1398 1395 1396
f 282 281 1395 1398
f 282 1398 1399 283
f 1397 1400 1399 1398
f 1401 1402 1399 1400
f 284 283 1399 1402
f 297 296 1403 1358
f 295 1404 1403 296
f 1405 1406 1403 1404
f 1407 1408 1403 1406
f 1359 1358 1403 1408
g interior
f 1367 1409 1410 1368
f 1411 1412 1410 1409
f 1413 1414 1410 1412
f 1415 1416 1410 1414
f 1369 1368 1410 1416
f 1369 1416 1417 1372
f 1415 1418 1417 1416
f 308 307 1417 1418
f 306 1372 1417 307
f 338 337 1419 1374
f 336 1420 1419 337
f 1421 1422 1419 1420
f 1375 1374 1419 1422
f 1375 1422 1423 1424
f 1421 1425 1423 1422
f 1426 1427 1423 1425
f 1428 1429 1423 1427
f 1430 1431 1423 1429
f 1432 1424 1423 1431
g exterior
f 1393 1433 1434 1396
f 1435 1436 1434 1433
f 1437 1438 1434 1436
f 1439 1440 1434 1438
f 1441 1442 1434 1440
f 1397 1396 1434 1442
f 1397 1442 1443 1400
f 1441 1444 1443 1442
f 1445 1446 1443 1444
f 1401 1400 1443 1446
f 295 351 1447 1404
f 350 1448 1447 351
f 1449 1450 1447 1448
f 1405 1404 1447 1450
f 1405 1450 1451 1452
f 1449 1453 1451 1450
f 1454 1455 1451 1453
f 1456 1457 1451 1455
f 1458 1459 1451 1457
f 1460 1452 1451 1459
g interior
f 1413 1461 1462 1414
f 1463 1464 1462 1461
f 1465 1466 1462 1464
f 1467 1468 1462 1466
f 1415 1414 1462 1468
f 1415 1468 1469 1418
f 1467 1470 1469 1468
f 354 352 1469 1470
f 308 1418 1469 352
f 336 377 1471 1420
f 376 1472 1471 377
f 1473 1474 1471 1472
f 1421 1420 1471 1474
f 1421 1474 1475 1425
f 1473 1476 1475 1474
f 1477 1478 1475 1476
f 1426 1425 1475 1478
f 1426 1478 1479 1480
f 1477 1481 1479 1478
f 1482 1483 1479 1481
f 1484 1485 1479 1483
f 1486 1480 1479 1485
f 1484 1483 1487 1488
f 1482 1489 1487 1483
f 1490 1491 1487 1489
f 1492 1493 1487 1491
f 1494 1488 1487 1493
f 1492 1491 1495 1496
f 1490 1497 1495 1491
f 1498 1499 1495 1497
f 1500 1501 1495 1499
f 1502 1503 1495 1501
f 1504 1496 1495 1503
g exterior
f 1441 1505 1506 1444
f 1507 1508 1506 1505
f 1509 1510 1506 1508
f 1511 1512 1506 1510
f 1445 1444 1506 1512
f 350 349 1513 1448
f 348 1514 1513 349
f 1515 1516 1513 1514
f 1449 1448 1513 1516
f 1449 1516 1517 1453
f 1515 1518 1517 1516
f 1519 1520 1517 1518
f 1521 1522 1517 1520
f 1454 1453 1517 1522
g interior
f 1465 1523 1524 1466
f 1525 1526 1524 1523
f 1527 1528 1524 1526
f 1529 1530 1524 1528
f 1467 1466 1524 1530
f 1467 1530 1531 1470
f 1529 1532 1531 1530
f 356 355 1531 1532
f 354 1470 1531 355
f 376 375 1533 1472
f 374 1534 1533 375
f 1535 1536 1533 1534
f 1473 1472 1533 1536
f 1473 1536 1537 1476
f 1535 1538 1537 1536
f 1539 1540 1537 1538
f 1477 1476 1537 1540
f 1477 1540 1541 1481
f 1539 1542 1541 1540
f 1543 1544 1541 1542
f 1482 1481 1541 1544
f 1482 1544 1545 1489
f 1543 1546 1545 1544
f 1547 1548 1545 1546
f 1490 1489 1545 1548
f 1490 1548 1549 1497
f 1547 1550 1549 1548
f 1551 1552 1549 1550
f 1498 1497 1549 1552
f 1498 1552 1553 1554
f 1551 1555 1553 1552
f 1556 1557 1553 1555
f 1558 1559 1553 1557
f 1560 1554 1553 1559
f 1558 1557 1561 1562
f 1556 1563 1561 1557
f 1564 1565 1561 1563
f 1566 1567 1561 1565
f 1568 1562 1561 1567
f 1566 1565 1569 1570
f 1564 1571 1569 1565
f 1572 1573 1569 1571
f 1574 1575 1569 1573
f 1576 1577 1569 1575
f 1578 1570 1569 1577
g exterior
f 1509 1579 1580 1510
f 1581 1582 1580 1579
f 1583 1584 1580 1582
f 1585 1586 1580 1584
f 1511 1510 1580 1586
f 348 389 1587 1514
f 388 1588 1587 389
f 1589 1590 1587 1588
f 1515 1514 1587 1590
f 1515 1590 1591 1518
f 1589 1592 1591 1590
f 1593 1594 1591 1592
f 1595 1596 1591 1594
f 1519 1518 1591 1596
g interior
f 1527 1597 1598 1528
f 1599 1600 1598 1597
f 1601 1602 1598 1600
f 1603 1604 1598 1602
f 1529 1528 1598 1604
f 1529 1604 1605 1532
f 1603 1606 1605 1604
f 392 390 1605 1606
f 356 1532 1605 390
f 374 415 1607 1534
f 414 1608 1607 415
f 1609 1610 1607 1608
f 1535 1534 1607 1610
f 1535 1610 1611 1538
f 1609 1612 1611 1610
f 1613 1614 1611 1612
f 1539 1538 1611 1614
f 1539 1614 1615 1542
f 1613 1616 1615 1614
f 1617 1618 1615 1616
f 1543 1542 1615 1618
f 1543 1618 1619 1546
f 1617 1620 1619 1618
f 1621 1622 1619 1620
f 1547 1546 1619 1622
f 1547 1622 1623 1550
f 1621 1624 1623 1622
f 1625 1626 1623 1624
f 1551 1550 1623 1626
f 1551 1626 1627 1555
f 1625 1628 1627 1626
f 1629 1630 1627 1628
f 1631 1632 1627 1630
f 1556 1555 1627 1632
f 1556 1632 1633 1563
f 1631 1634 1633 1632
f 1635 1636 1633 1634
f 1637 1638 1633 1636
f 1564 1563 1633 1638
f 1564 1638 1639 1571
f 1637 1640 1639 1638
f 1641 1642 1639 1640
f 1643 1644 1639 1642
f 1645 1646 1639 1644
f 1572 1571 1639 1646
g exterior
f 1583 1647 1648 1584
f 1649 1650 1648 1647
f 1651 1652 1648 1650
f 1653 1654 1648 1652
f 1585 1584 1648 1654
f 388 387 1655 1588
f 386 1656 1655 387
f 1657 1658 1655 1656
f 1589 1588 1655 1658
f 1589 1658 1659 1592
f 1657 1660 1659 1658
f 1661 1662 1659 1660
f 1663 1664 1659 1662
f 1665 1666 1659 1664
f 1593 1592 1659 1666
g interior
f 1601 1667 1668 1602
f 1669 1670 1668 1667
f 1671 1672 1668 1670
f 1673 1674 1668 1672
f 1603 1602 1668 1674
f 1603 1674 1675 1606
f 1673 1676 1675 1674
f 394 393 1675 1676
f 392 1606 1675 393
f 414 413 1677 1608
f 412 1678 1677 413
f 1679 1680 1677 1678
f 1609 1608 1677 1680
f 1609 1680 1681 1612
f 1679 1682 1681 1680
f 1683 1684 1681 1682
f 1613 1612 1681 1684
f 1613 1684 1685 1616
f 1683 1686 1685 1684
f 1687 1688 1685 1686
f 1689 1690 1685 1688
f 1617 1616 1685 1690
f 1617 1690 1691 1620
f 1689 1692 1691 1690
f 1693 1694 1691 1692
f 1695 1696 1691 1694
f 1621 1620 1691 1696
f 1621 1696 1697 1624
f 1695 1698 1697 1696
f 1699 1700 1697 1698
f 1701 1702 1697 1700
f 1703 1704 1697 1702
f 1625 1624 1697 1704
g exterior
f 1651 1705 1706 1652
f 1707 1708 1706 1705
f 1709 1710 1706 1708
f 1711 1712 1706 1710
f 1653 1652 1706 1712
f 386 429 1713 1656
f 428 1714 1713 429
f 1715 1716 1713 1714
f 1717 1718 1713 1716
f 1657 1656 1713 1718
g interior
f 1671 1719 1720 1672
f 1721 1722 1720 1719
f 1723 1724 1720 1722
f 1725 1726 1720 1724
f 1673 1672 1720 1726
f 1673 1726 1727 1676
f 1725 1728 1727 1726
f 432 430 1727 1728
f 394 1676 1727 430
f 412 461 1729 1678
f 460 1730 1729 461
f 1731 1732 1729 1730
f 1679 1678 1729 1732
f 1679 1732 1733 1682
f 1731 1734 1733 1732
f 1735 1736 1733 1734
f 1737 1738 1733 1736
f 1739 1740 1733 1738
f 1683 1682 1733 1740
g exterior
f 1741 1742 1743 1744
f 1745 1746 1743 1742
f 1747 1748 1743 1746
f 1749 1750 1743 1748
f 1709 1751 1743 1750
f 1752 1744 1743 1751
f 1709 1750 1753 1710
f 1749 1754 1753 1750
f 1755 1756 1753 1754
f 1711 1710 1753 1756
f 428 427 1757 1714
f 426 1758 1757 427
f 1759 1760 1757 1758
f 1761 1762 1757 1760
f 1715 1714 1757 1762
g interior
f 1723 1763 1764 1724
f 1765 1766 1764 1763
f 1767 1768 1764 1766
f 1769 1770 1764 1768
f 1725 1724 1764 1770
f 1725 1770 1771 1728
f 1769 1772 1771 1770
f 434 433 1771 1772
f 432 1728 1771 433
f 460 459 1773 1730
f 458 1774 1773 459
f 1775 1776 1773 1774
f 1777 1778 1773 1776
f 1731 1730 1773 1778
g exterior
f 1779 1780 1781 1782
f 1783 1784 1781 1780
f 1785 1786 1781 1784
f 1787 1788 1781 1786
f 1789 1790 1781 1788
f 1791 1782 1781 1790
f 1789 1788 1792 1793
f 1787 1794 1792 1788
f 488 1795 1792 1794
f 1747 1796 1792 1795
f 1797 1793 1792 1796
f 1747 1795 1798 1748
f 488 491 1798 1795
f 500 1799 1798 491
f 1749 1748 1798 1799
f 1749 1799 1800 1754
f 500 499 1800 1799
f 498 1801 1800 499
f 1755 1754 1800 1801
f 420 469 1802 423
f 468 1803 1802 469
f 1804 1805 1802 1803
f 424 423 1802 1805
f 424 1805 1806 425
f 1804 1807 1806 1805
f 1808 1809 1806 1807
f 426 425 1806 1809
f 426 1809 1810 1758
f 1808 1811 1810 1809
f 1812 1813 1810 1811
f 1814 1815 1810 1813
f 1816 1817 1810 1815
f 1759 1758 1810 1817
g interior
f 1767 1818 1819 1768
f 1820 1821 1819 1818
f 1822 1823 1819 1821
f 1824 1825 1819 1823
f 1769 1768 1819 1825
f 1769 1825 1826 1772
f 1824 1827 1826 1825
f 1828 1829 1826 1827
f 434 1772 1826 1829
f 434 1829 1830 435
f 1828 1831 1830 1829
f 1832 1833 1830 1831
f 436 435 1830 1833
f 436 1833 1834 437
f 1832 1835 1834 1833
f 1836 1837 1834 1835
f 438 437 1834 1837
f 438 1837 1838 441
f 1836 1839 1838 1837
f 1840 1841 1838 1839
f 1842 1843 1838 1841
f 442 441 1838 1843
f 442 1843 1844 443
f 1842 1845 1844 1843
f 1846 1847 1844 1845
f 1848 1849 1844 1847
f 444 443 1844 1849
f 444 1849 1850 447
f 1848 1851 1850 1849
f 1852 1853 1850 1851
f 1854 1855 1850 1853
f 448 447 1850 1855
f 448 1855 1856 449
f 1854 1857 1856 1855
f 472 470 1856 1857
f 450 449 1856 470
f 458 487 1858 1774
f 486 1859 1858 487
f 1860 1861 1858 1859
f 1862 1863 1858 1861
f 1775 1774 1858 1863
g exterior
f 1864 1865 1866 1867
f 1868 1869 1866 1865
f 1870 1871 1866 1869
f 1872 1873 1866 1871
f 1874 1875 1866 1873
f 1876 1867 1866 1875
f 1874 1873 1877 1878
f 1872 1879 1877 1873
f 1880 1881 1877 1879
f 1882 1883 1877 1881
f 1884 1878 1877 1883
f 1882 1881 1885 1886
f 1880 1887 1885 1881
f 1888 1889 1885 1887
f 1785 1890 1885 1889
f 1891 1886 1885 1890
f 1785 1889 1892 1786
f 1888 1893 1892 1889
f 1894 1895 1892 1893
f 1787 1786 1892 1895
f 1787 1895 1896 1794
f 1894 1897 1896 1895
f 492 489 1896 1897
f 488 1794 1896 489
f 468 467 1898 1803
f 466 1899 1898 467
f 1900 1901 1898 1899
f 1804 1803 1898 1901
f 1804 1901 1902 1807
f 1900 1903 1902 1901
f 1904 1905 1902 1903
f 1906 1907 1902 1905
f 1808 1807 1902 1907
g interior
f 1908 1909 1910 1911
f 1912 1913 1910 1909
f 1914 1915 1910 1913
f 1916 1917 1910 1915
f 1822 1918 1910 1917
f 1919 1911 1910 1918
f 1822 1917 1920 1823
f 1916 1921 1920 1917
f 1922 1923 1920 1921
f 1824 1823 1920 1923
f 1824 1923 1924 1827
f 1922 1925 1924 1923
f 1926 1927 1924 1925
f 1828 1827 1924 1927
f 1828 1927 1928 1831
f 1926 1929 1928 1927
f 1930 1931 1928 1929
f 1932 1933 1928 1931
f 1832 1831 1928 1933
f 1832 1933 1934 1835
f 1932 1935 1934 1933
f 1936 1937 1934 1935
f 1938 1939 1934 1937
f 1940 1941 1934 1939
f 1836 1835 1934 1941
f 1854 1942 1943 1857
f 1944 1945 1943 1942
f 1946 1947 1943 1945
f 474 473 1943 1947
f 472 1857 1943 473
f 486 485 1948 1859
f 484 1949 1948 485
f 1950 1951 1948 1949
f 1952 1953 1948 1951
f 1860 1859 1948 1953
g exterior
f 1954 1955 1956 1957
f 1958 1959 1956 1955
f 1960 1961 1956 1959
f 1962 1963 1956 1961
f 1870 1964 1956 1963
f 1965 1957 1956 1964
f 1870 1963 1966 1871
f 1962 1967 1966 1963
f 509 1968 1966 1967
f 1872 1871 1966 1968
f 1872 1968 1969 1879
f 509 512 1969 1968
f 520 1970 1969 512
f 1880 1879 1969 1970
f 1880 1970 1971 1887
f 520 519 1971 1970
f 518 1972 1971 519
f 1888 1887 1971 1972
f 1888 1972 1973 1893
f 518 522 1973 1972
f 525 1974 1973 522
f 1894 1893 1973 1974
f 1894 1974 1975 1897
f 525 524 1975 1974
f 494 493 1975 524
f 492 1897 1975 493
f 466 508 1976 1899
f 507 1977 1976 508
f 1978 1979 1976 1977
f 1900 1899 1976 1979
f 1900 1979 1980 1903
f 1978 1981 1980 1979
f 1982 1983 1980 1981
f 1984 1985 1980 1983
f 1904 1903 1980 1985
g interior
f 1914 1986 1987 1915
f 1988 1989 1987 1986
f 1990 1991 1987 1989
f 1992 1993 1987 1991
f 1916 1915 1987 1993
f 1916 1993 1994 1921
f 1992 1995 1994 1993
f 1996 1997 1994 1995
f 1922 1921 1994 1997
f 1922 1997 1998 1925
f 1996 1999 1998 1997
f 2000 2001 1998 1999
f 2002 2003 1998 2001
f 2004 2005 1998 2003
f 1926 1925 1998 2005
f 1946 2006 2007 1947
f 2008 2009 2007 2006
f 2010 2011 2007 2009
f 2012 2013 2007 2011
f 2014 2015 2007 2013
f 474 1947 2007 2015
f 474 2015 2016 475
f 2014 2017 2016 2015
f 2018 2019 2016 2017
f 476 475 2016 2019
f 476 2019 2020 477
f 2018 2021 2020 2019
f 2022 2023 2020 2021
f 478 477 2020 2023
f 478 2023 2024 481
f 2022 2025 2024 2023
f 2026 2027 2024 2025
f 482 481 2024 2027
f 482 2027 2028 483
f 2026 2029 2028 2027
f 2030 2031 2028 2029
f 484 483 2028 2031
f 484 2031 2032 1949
f 2030 2033 2032 2031
f 2034 2035 2032 2033
f 2036 2037 2032 2035
f 1950 1949 2032 2037
g exterior
f 1960 2038 2039 1961
f 2040 2041 2039 2038
f 2042 2043 2039 2041
f 2044 2045 2039 2043
f 1962 1961 2039 2045
f 1962 2045 2046 1967
f 2044 2047 2046 2045
f 513 510 2046 2047
f 509 1967 2046 510
f 507 506 2048 1977
f 505 2049 2048 506
f 2050 2051 2048 2049
f 1978 1977 2048 2051
f 1978 2051 2052 1981
f 2050 2053 2052 2051
f 2054 2055 2052 2053
f 2056 2057 2052 2055
f 1982 1981 2052 2057
g interior
f 1990 2058 2059 1991
f 2060 2061 2059 2058
f 2062 2063 2059 2061
f 2064 2065 2059 2063
f 2066 2067 2059 2065
f 1992 1991 2059 2067
f 1992 2067 2068 1995
f 2066 2069 2068 2067
f 2070 2071 2068 2069
f 2072 2073 2068 2071
f 2074 2075 2068 2073
f 1996 1995 2068 2075
f 2014 2076 2077 2017
f 2078 2079 2077 2076
f 2080 2081 2077 2079
f 2082 2083 2077 2081
f 2018 2017 2077 2083
f 2018 2083 2084 2021
f 2082 2085 2084 2083
f 2086 2087 2084 2085
f 2022 2021 2084 2087
f 2022 2087 2088 2025
f 2086 2089 2088 2087
f 2090 2091 2088 2089
f 2026 2025 2088 2091
f 2026 2091 2092 2029
f 2090 2093 2092 2091
f 2094 2095 2092 2093
f 2030 2029 2092 2095
f 2030 2095 2096 2033
f 2094 2097 2096 2095
f 2098 2099 2096 2097
f 2100 2101 2096 2099
f 2102 2103 2096 2101
f 2034 2033 2096 2103
g exterior
f 2042 2104 2105 2043
f 2106 2107 2105 2104
f 2108 2109 2105 2107
f 2110 2111 2105 2109
f 2044 2043 2105 2111
f 2044 2111 2112 2047
f 2110 2113 2112 2111
f 515 514 2112 2113
f 513 2047 2112 514
f 505 535 2114 2049
f 534 2115 2114 535
f 2116 2117 2114 2115
f 2050 2049 2114 2117
f 2050 2117 2118 2053
f 2116 2119 2118 2117
f 2120 2121 2118 2119
f 2122 2123 2118 2121
f 2054 2053 2118 2123
g interior
f 2080 2124 2125 2081
f 2126 2127 2125 2124
f 2128 2129 2125 2127
f 2130 2131 2125 2129
f 2132 2133 2125 2131
f 2082 2081 2125 2133
f 2082 2133 2134 2085
f 2132 2135 2134 2133
f 2136 2137 2134 2135
f 2086 2085 2134 2137
f 2086 2137 2138 2089
f 2136 2139 2138 2137
f 2140 2141 2138 2139
f 2090 2089 2138 2141
f 2090 2141 2142 2093
f 2140 2143 2142 2141
f 2144 2145 2142 2143
f 2146 2147 2142 2145
f 2148 2149 2142 2147
f 2094 2093 2142 2149
g exterior
f 2108 2150 2151 2109
f 2152 2153 2151 2150
f 2154 2155 2151 2153
f 2156 2157 2151 2155
f 2110 2109 2151 2157
f 2110 2157 2158 2113
f 2156 2159 2158 2157
f 538 536 2158 2159
f 515 2113 2158 536
f 534 533 2160 2115
f 532 2161 2160 533
f 2162 2163 2160 2161
f 2116 2115 2160 2163
f 2116 2163 2164 2119
f 2162 2165 2164 2163
f 2166 2167 2164 2165
f 2168 2169 2164 2167
f 2120 2119 2164 2169
f 2170 2171 2172 2173
f 2174 2175 2172 2171
f 2176 2177 2172 2175
f 2178 2179 2172 2177
f 2180 2181 2172 2179
f 2182 2173 2172 2181
f 2180 2179 2183 2184
f 2178 2185 2183 2179
f 2186 2187 2183 2185
f 2188 2189 2183 2187
f 2190 2191 2183 2189
f 2192 2184 2183 2191
g interior
f 2132 2193 2194 2135
f 2195 2196 2194 2193
f 2197 2198 2194 2196
f 2199 2200 2194 2198
f 2201 2202 2194 2200
f 2136 2135 2194 2202
f 2136 2202 2203 2139
f 2201 2204 2203 2202
f 2205 2206 2203 2204
f 2207 2208 2203 2206
f 2209 2210 2203 2208
f 2140 2139 2203 2210
g exterior
f 2154 2211 2212 2155
f 2213 2214 2212 2211
f 2215 2216 2212 2214
f 2217 2218 2212 2216
f 2156 2155 2212 2218
f 2156 2218 2219 2159
f 2217 2220 2219 2218
f 540 539 2219 2220
f 538 2159 2219 539
f 532 549 2221 2161
f 548 2222 2221 549
f 2223 2224 2221 2222
f 2162 2161 2221 2224
f 2162 2224 2225 2165
f 2223 2226 2225 2224
f 2227 2228 2225 2226
f 2166 2165 2225 2228
f 2166 2228 2229 2230
f 2227 2231 2229 2228
f 2232 2233 2229 2231
f 2234 2235 2229 2233
f 2236 2230 2229 2235
f 2234 2233 2237 2238
f 2232 2239 2237 2233
f 2240 2241 2237 2239
f 2242 2243 2237 2241
f 2244 2238 2237 2243
f 2242 2241 2245 2246
f 2240 2247 2245 2241
f 2248 2249 2245 2247
f 2250 2251 2245 2249
f 2252 2246 2245 2251
f 2250 2249 2253 2254
f 2248 2255 2253 2249
f 2256 2257 2253 2255
f 2258 2259 2253 2257
f 2260 2254 2253 2259
f 2258 2257 2261 2262
f 2256 2263 2261 2257
f 2264 2265 2261 2263
f 2266 2267 2261 2265
f 2268 2262 2261 2267
f 2266 2265 2269 2270
f 2264 2271 2269 2265
f 2272 2273 2269 2271
f 2274 2275 2269 2273
f 2276 2270 2269 2275
f 2274 2273 2277 2278
f 2272 2279 2277 2273
f 2280 2281 2277 2279
f 2176 2282 2277 2281
f 2283 2278 2277 2282
f 2176 2281 2284 2177
f 2280 2285 2284 2281
f 2286 2287 2284 2285
f 2178 2177 2284 2287
f 2178 2287 2288 2185
f 2286 2289 2288 2287
f 2290 2291 2288 2289
f 2186 2185 2288 2291
f 2186 2291 2292 2293
f 2290 2294 2292 2291
f 2295 2296 2292 2294
f 2297 2298 2292 2296
f 2299 2300 2292 2298
f 2301 2293 2292 2300
f 2302 2303 2304 2305
f 2306 2307 2304 2303
f 2308 2309 2304 2307
f 2310 2311 2304 2309
f 2215 2312 2304 2311
f 2313 2305 2304 2312
f 2215 2311 2314 2216
f 2310 2315 2314 2311
f 2316 2317 2314 2315
f 2217 2216 2314 2317
f 2217 2317 2318 2220
f 2316 2319 2318 2317
f 552 550 2318 2319
f 540 2220 2318 550
f 548 547 2320 2222
f 546 563 2320 547
f 569 2321 2320 563
f 2223 2222 2320 2321
f 2223 2321 2322 2226
f 569 568 2322 2321
f 567 2323 2322 568
f 2227 2226 2322 2323
f 2227 2323 2324 2231
f 567 571 2324 2323
f 577 2325 2324 571
f 2232 2231 2324 2325
f 2232 2325 2326 2239
f 577 576 2326 2325
f 575 2327 2326 576
f 2240 2239 2326 2327
f 2240 2327 2328 2247
f 575 579 2328 2327
f 585 2329 2328 579
f 2248 2247 2328 2329
f 2248 2329 2330 2255
f 585 584 2330 2329
f 583 2331 2330 584
f 2256 2255 2330 2331
f 2256 2331 2332 2263
f 583 587 2332 2331
f 593 2333 2332 587
f 2264 2263 2332 2333
f 2264 2333 2334 2271
f 593 592 2334 2333
f 591 2335 2334 592
f 2272 2271 2334 2335
f 2272 2335 2336 2279
f 591 595 2336 2335
f 603 2337 2336 595
f 2280 2279 2336 2337
f 2280 2337 2338 2285
f 603 602 2338 2337
f 601 2339 2338 602
f 2286 2285 2338 2339
f 2286 2339 2340 2289
f 601 2341 2340 2339
f 2342 2343 2340 2341
f 2290 2289 2340 2343
f 2290 2343 2344 2294
f 2342 2345 2344 2343
f 2346 2347 2344 2345
f 2348 2349 2344 2347
f 2295 2294 2344 2349
f 2350 2351 2352 2353
f 2354 2355 2352 2351
f 2356 2357 2352 2355
f 2358 2359 2352 2357
f 2308 2360 2352 2359
f 2361 2353 2352 2360
f 2308 2359 2362 2309
f 2358 2363 2362 2359
f 604 2364 2362 2363
f 2310 2309 2362 2364
f 2310 2364 2365 2315
f 604 607 2365 2364
f 615 2366 2365 607
f 2316 2315 2365 2366
f 2316 2366 2367 2319
f 615 614 2367 2366
f 554 553 2367 614
f 552 2319 2367 553
f 601 600 2368 2341
f 599 2369 2368 600
f 2370 2371 2368 2369
f 2342 2341 2368 2371
f 2342 2371 2372 2345
f 2370 2373 2372 2371
f 2374 2375 2372 2373
f 2346 2345 2372 2375
f 2346 2375 2376 2377
f 2374 2378 2376 2375
f 2379 2380 2376 2378
f 2381 2382 2376 2380
f 2383 2384 2376 2382
f 2385 2377 2376 2384
f 2386 2387 2388 2389
f 2390 2391 2388 2387
f 2392 2393 2388 2391
f 2394 2395 2388 2393
f 2356 2396 2388 2395
f 2397 2389 2388 2396
f 2356 2395 2398 2357
f 2394 2399 2398 2395
f 2400 2401 2398 2399
f 2358 2357 2398 2401
f 2358 2401 2402 2363
f 2400 2403 2402 2401
f 608 605 2402 2403
f 604 2363 2402 605
f 599 598 2404 2369
f 597 645 2404 598
f 651 2405 2404 645
f 2370 2369 2404 2405
f 2370 2405 2406 2373
f 651 650 2406 2405
f 649 2407 2406 650
f 2374 2373 2406 2407
f 2374 2407 2408 2378
f 649 653 2408 2407
f 659 2409 2408 653
f 2379 2378 2408 2409
f 2379 2409 2410 2411
f 659 658 2410 2409
f 657 2412 2410 658
f 2413 2414 2410 2412
f 2415 2411 2410 2414
f 2413 2412 2416 2417
f 657 661 2416 2412
f 667 2418 2416 661
f 2419 2420 2416 2418
f 2421 2417 2416 2420
f 2419 2418 2422 2423
f 667 666 2422 2418
f 665 2424 2422 666
f 2425 2426 2422 2424
f 2427 2423 2422 2426
f 2425 2424 2428 2429
f 665 669 2428 2424
f 675 2430 2428 669
f 2431 2432 2428 2430
f 2433 2429 2428 2432
f 2431 2430 2434 2435
f 675 674 2434 2430
f 673 2436 2434 674
f 2437 2438 2434 2436
f 2439 2435 2434 2438
f 2437 2436 2440 2441
f 673 677 2440 2436
f 683 2442 2440 677
f 2392 2443 2440 2442
f 2444 2441 2440 2443
f 2392 2442 2445 2393
f 683 682 2445 2442
f 681 2446 2445 682
f 2394 2393 2445 2446
f 2394 2446 2447 2399
f 681 685 2447 2446
f 690 2448 2447 685
f 2400 2399 2447 2448
f 2400 2448 2449 2403
f 690 689 2449 2448
f 610 609 2449 689
f 608 2403 2449 609
f 707 770 2450 710
f 769 2451 2450 770
f 2452 2453 2450 2451
f 711 710 2450 2453
f 711 2453 2454 712
f 2452 2455 2454 2453
f 2456 2457 2454 2455
f 713 712 2454 2457
f 713 2457 2458 716
f 2456 2459 2458 2457
f 2460 2461 2458 2459
f 717 716 2458 2461
f 717 2461 2462 718
f 2460 2463 2462 2461
f 2464 2465 2462 2463
f 2466 2467 2462 2465
f 719 718 2462 2467
f 719 2467 2468 722
f 2466 2469 2468 2467
f 2470 2471 2468 2469
f 2472 2473 2468 2471
f 723 722 2468 2473
f 723 2473 2474 724
f 2472 2475 2474 2473
f 2476 2477 2474 2475
f 2478 2479 2474 2477
f 725 724 2474 2479
f 725 2479 2480 728
f 2478 2481 2480 2479
f 2482 2483 2480 2481
f 2484 2485 2480 2483
f 729 728 2480 2485
f 729 2485 2486 730
f 2484 2487 2486 2485
f 2488 2489 2486 2487
f 2490 2491 2486 2489
f 731 730 2486 2491
f 731 2491 2492 734
f 2490 2493 2492 2491
f 2494 2495 2492 2493
f 2496 2497 2492 2495
f 735 734 2492 2497
f 735 2497 2498 736
f 2496 2499 2498 2497
f 2500 2501 2498 2499
f 737 736 2498 2501
f 737 2501 2502 740
f 2500 2503 2502 2501
f 2504 2505 2502 2503
f 741 740 2502 2505
f 741 2505 2506 742
f 2504 2507 2506 2505
f 773 771 2506 2507
f 743 742 2506 771
f 769 768 2508 2451
f 767 2509 2508 768
f 2510 2511 2508 2509
f 2452 2451 2508 2511
f 2452 2511 2512 2455
f 2510 2513 2512 2511
f 2514 2515 2512 2513
f 2516 2517 2512 2515
f 2456 2455 2512 2517
f 2456 2517 2518 2459
f 2516 2519 2518 2517
f 2520 2521 2518 2519
f 2522 2523 2518 2521
f 2524 2525 2518 2523
f 2460 2459 2518 2525
f 2496 2526 2527 2499
f 2528 2529 2527 2526
f 2530 2531 2527 2529
f 2532 2533 2527 2531
f 2534 2535 2527 2533
f 2500 2499 2527 2535
f 2500 2535 2536 2503
f 2534 2537 2536 2535
f 2538 2539 2536 2537
f 2540 2541 2536 2539
f 2504 2503 2536 2541
f 2504 2541 2542 2507
f 2540 2543 2542 2541
f 775 774 2542 2543
f 773 2507 2542 774
f 761 836 2544 764
f 835 2545 2544 836
f 2546 2547 2544 2545
f 765 764 2544 2547
f 765 2547 2548 766
f 2546 2549 2548 2547
f 2550 2551 2548 2549
f 767 766 2548 2551
f 767 2551 2552 2509
f 2550 2553 2552 2551
f 2554 2555 2552 2553
f 2556 2557 2552 2555
f 2510 2509 2552 2557
f 2540 2558 2559 2543
f 2560 2561 2559 2558
f 2562 2563 2559 2561
f 2564 2565 2559 2563
f 2566 2567 2559 2565
f 775 2543 2559 2567
f 775 2567 2568 776
f 2566 2569 2568 2567
f 2570 2571 2568 2569
f 777 776 2568 2571
f 777 2571 2572 778
f 2570 2573 2572 2571
f 839 837 2572 2573
f 779 778 2572 837
f 835 834 2574 2545
f 833 2575 2574 834
f 2576 2577 2574 2575
f 2546 2545 2574 2577
f 2546 2577 2578 2549
f 2576 2579 2578 2577
f 2580 2581 2578 2579
f 2550 2549 2578 2581
f 2550 2581 2582 2553
f 2580 2583 2582 2581
f 2584 2585 2582 2583
f 2586 2587 2582 2585
f 2588 2589 2582 2587
f 2554 2553 2582 2589
g interior
f 2590 2591 2592 2593
f 2594 2595 2592 2591
f 2596 2597 2592 2595
f 2598 2599 2592 2597
f 2600 2601 2592 2599
f 2602 2593 2592 2601
f 2600 2599 2603 2604
f 2598 2605 2603 2599
f 2606 2607 2603 2605
f 2608 2609 2603 2607
f 2610 2604 2603 2609
f 2608 2607 2611 2612
f 2606 2613 2611 2607
f 2614 2615 2611 2613
f 2616 2617 2611 2615
f 2618 2612 2611 2617
f 2616 2615 2619 2620
f 2614 2621 2619 2615
f 2622 2623 2619 2621
f 2624 2625 2619 2623
f 2626 2627 2619 2625
f 2628 2620 2619 2627
g exterior
f 2566 2629 2630 2569
f 2631 2632 2630 2629
f 2633 2634 2630 2632
f 2635 2636 2630 2634
f 2637 2638 2630 2636
f 2570 2569 2630 2638
f 2570 2638 2639 2573
f 2637 2640 2639 2638
f 841 840 2639 2640
f 839 2573 2639 840
f 833 922 2641 2575
f 921 2642 2641 922
f 2643 2644 2641 2642
f 2576 2575 2641 2644
f 2576 2644 2645 2579
f 2643 2646 2645 2644
f 2647 2648 2645 2646
f 2649 2650 2645 2648
f 2651 2652 2645 2650
f 2580 2579 2645 2652
g interior
f 2653 2654 2655 2656
f 2657 2658 2655 2654
f 2659 2660 2655 2658
f 2661 2662 2655 2660
f 2663 2664 2655 2662
f 2665 2656 2655 2664
f 2663 2662 2666 2667
f 2661 2668 2666 2662
f 2669 2670 2666 2668
f 2596 2671 2666 2670
f 2672 2667 2666 2671
f 2596 2670 2673 2597
f 2669 2674 2673 2670
f 2675 2676 2673 2674
f 2598 2597 2673 2676
f 2598 2676 2677 2605
f 2675 2678 2677 2676
f 2679 2680 2677 2678
f 2606 2605 2677 2680
f 2606 2680 2681 2613
f 2679 2682 2681 2680
f 2683 2684 2681 2682
f 2614 2613 2681 2684
f 2614 2684 2685 2621
f 2683 2686 2685 2684
f 2687 2688 2685 2686
f 2622 2621 2685 2688
f 2622 2688 2689 2690
f 2687 2691 2689 2688
f 2692 2693 2689 2691
f 2694 2695 2689 2693
f 2696 2697 2689 2695
f 2698 2690 2689 2697
g exterior
f 2637 2699 2700 2640
f 2701 2702 2700 2699
f 2703 2704 2700 2702
f 2705 2706 2700 2704
f 2707 2708 2700 2706
f 841 2640 2700 2708
f 841 2708 2709 842
f 2707 2710 2709 2708
f 2711 2712 2709 2710
f 843 842 2709 2712
f 843 2712 2713 844
f 2711 2714 2713 2712
f 925 923 2713 2714
f 845 844 2713 923
f 921 920 2715 2642
f 919 2716 2715 920
f 2717 2718 2715 2716
f 2719 2720 2715 2718
f 2643 2642 2715 2720
g interior
f 2659 2721 2722 2660
f 2723 2724 2722 2721
f 2725 2726 2722 2724
f 2727 2728 2722 2726
f 2661 2660 2722 2728
f 2661 2728 2729 2668
f 2727 2730 2729 2728
f 967 2731 2729 2730
f 2669 2668 2729 2731
f 2669 2731 2732 2674
f 967 970 2732 2731
f 979 2733 2732 970
f 2675 2674 2732 2733
f 2675 2733 2734 2678
f 979 978 2734 2733
f 977 2735 2734 978
f 2679 2678 2734 2735
f 2679 2735 2736 2682
f 977 981 2736 2735
f 989 2737 2736 981
f 2683 2682 2736 2737
f 2683 2737 2738 2686
f 989 988 2738 2737
f 987 2739 2738 988
f 2687 2686 2738 2739
f 2687 2739 2740 2691
f 987 2741 2740 2739
f 2742 2743 2740 2741
f 2692 2691 2740 2743
f 2692 2743 2744 2745
f 2742 2746 2744 2743
f 2747 2748 2744 2746
f 2749 2750 2744 2748
f 2751 2752 2744 2750
f 2753 2745 2744 2752
g exterior
f 2707 2754 2755 2710
f 2756 2757 2755 2754
f 2758 2759 2755 2757
f 2760 2761 2755 2759
f 2711 2710 2755 2761
f 2711 2761 2762 2714
f 2760 2763 2762 2761
f 927 926 2762 2763
f 925 2714 2762 926
f 863 948 2764 866
f 947 2765 2764 948
f 2766 2767 2764 2765
f 867 866 2764 2767
f 867 2767 2768 868
f 2766 2769 2768 2767
f 2770 2771 2768 2769
f 869 868 2768 2771
f 869 2771 2772 872
f 2770 2773 2772 2771
f 2774 2775 2772 2773
f 873 872 2772 2775
f 873 2775 2776 874
f 2774 2777 2776 2775
f 2778 2779 2776 2777
f 2780 2781 2776 2779
f 875 874 2776 2781
f 875 2781 2782 878
f 2780 2783 2782 2781
f 2784 2785 2782 2783
f 2786 2787 2782 2785
f 879 878 2782 2787
f 879 2787 2788 880
f 2786 2789 2788 2787
f 2790 2791 2788 2789
f 2792 2793 2788 2791
f 881 880 2788 2793
f 881 2793 2794 884
f 2792 2795 2794 2793
f 2796 2797 2794 2795
f 2798 2799 2794 2797
f 885 884 2794 2799
f 885 2799 2800 886
f 2798 2801 2800 2799
f 2802 2803 2800 2801
f 2804 2805 2800 2803
f 887 886 2800 2805
f 887 2805 2806 890
f 2804 2807 2806 2805
f 2808 2809 2806 2807
f 2810 2811 2806 2809
f 891 890 2806 2811
f 891 2811 2812 892
f 2810 2813 2812 2811
f 2814 2815 2812 2813
f 2816 2817 2812 2815
f 893 892 2812 2817
f 893 2817 2818 896
f 2816 2819 2818 2817
f 2820 2821 2818 2819
f 2822 2823 2818 2821
f 897 896 2818 2823
f 897 2823 2824 898
f 2822 2825 2824 2823
f 2826 2827 2824 2825
f 899 898 2824 2827
f 899 2827 2828 902
f 2826 2829 2828 2827
f 2830 2831 2828 2829
f 903 902 2828 2831
f 903 2831 2832 904
f 2830 2833 2832 2831
f 951 949 2832 2833
f 905 904 2832 949
f 913 966 2834 916
f 965 2835 2834 966
f 2836 2837 2834 2835
f 917 916 2834 2837
f 917 2837 2838 918
f 2836 2839 2838 2837
f 2840 2841 2838 2839
f 919 918 2838 2841
f 919 2841 2842 2716
f 2840 2843 2842 2841
f 2844 2845 2842 2843
f 2846 2847 2842 2845
f 2717 2716 2842 2847
g interior
f 2848 2849 2850 2851
f 2852 2853 2850 2849
f 2854 2855 2850 2853
f 2856 2857 2850 2855
f 2725 2858 2850 2857
f 2859 2851 2850 2858
f 2725 2857 2860 2726
f 2856 2861 2860 2857
f 2862 2863 2860 2861
f 2727 2726 2860 2863
f 2727 2863 2864 2730
f 2862 2865 2864 2863
f 971 968 2864 2865
f 967 2730 2864 968
f 987 986 2866 2741
f 985 2867 2866 986
f 2868 2869 2866 2867
f 2742 2741 2866 2869
f 2742 2869 2870 2746
f 2868 2871 2870 2869
f 2872 2873 2870 2871
f 2747 2746 2870 2873
f 2747 2873 2874 2875
f 2872 2876 2874 2873
f 2877 2878 2874 2876
f 2879 2880 2874 2878
f 2881 2882 2874 2880
f 2883 2875 2874 2882
g exterior
f 2758 2884 2885 2759
f 2886 2887 2885 2884
f 2888 2889 2885 2887
f 2890 2891 2885 2889
f 2892 2893 2885 2891
f 2760 2759 2885 2893
f 2760 2893 2894 2763
f 2892 2895 2894 2893
f 2896 2897 2894 2895
f 927 2763 2894 2897
f 927 2897 2898 928
f 2896 2899 2898 2897
f 2900 2901 2898 2899
f 929 928 2898 2901
f 929 2901 2902 930
f 2900 2903 2902 2901
f 992 990 2902 2903
f 931 930 2902 990
f 947 946 2904 2765
f 945 2905 2904 946
f 2906 2907 2904 2905
f 2766 2765 2904 2907
f 2766 2907 2908 2769
f 2906 2909 2908 2907
f 2910 2911 2908 2909
f 2770 2769 2908 2911
f 2770 2911 2912 2773
f 2910 2913 2912 2911
f 2914 2915 2912 2913
f 2916 2917 2912 2915
f 2918 2919 2912 2917
f 2774 2773 2912 2919
f 2822 2920 2921 2825
f 2922 2923 2921 2920
f 2924 2925 2921 2923
f 2926 2927 2921 2925
f 2928 2929 2921 2927
f 2826 2825 2921 2929
f 2826 2929 2930 2829
f 2928 2931 2930 2929
f 2932 2933 2930 2931
f 2934 2935 2930 2933
f 2830 2829 2930 2935
f 2830 2935 2936 2833
f 2934 2937 2936 2935
f 953 952 2936 2937
f 951 2833 2936 952
f 965 964 2938 2835
f 963 2939 2938 964
f 2940 2941 2938 2939
f 2836 2835 2938 2941
f 2836 2941 2942 2839
f 2940 2943 2942 2941
f 2944 2945 2942 2943
f 2840 2839 2942 2945
f 2840 2945 2946 2843
f 2944 2947 2946 2945
f 2948 2949 2946 2947
f 2950 2951 2946 2949
f 2952 2953 2946 2951
f 2844 2843 2946 2953
g interior
f 2854 2954 2955 2855
f 2956 2957 2955 2954
f 2958 2959 2955 2957
f 1010 2960 2955 2959
f 2856 2855 2955 2960
f 2856 2960 2961 2861
f 1010 1013 2961 2960
f 1021 2962 2961 1013
f 2862 2861 2961 2962
f 2862 2962 2963 2865
f 1021 1020 2963 2962
f 973 972 2963 1020
f 971 2865 2963 972
f 985 984 2964 2867
f 983 1031 2964 984
f 1039 2965 2964 1031
f 2868 2867 2964 2965
f 2868 2965 2966 2871
f 1039 1038 2966 2965
f 1037 2967 2966 1038
f 2872 2871 2966 2967
f 2872 2967 2968 2876
f 1037 2969 2968 2967
f 2970 2971 2968 2969
f 2877 2876 2968 2971
f 2877 2971 2972 2973
f 2970 2974 2972 2971
f 2975 2976 2972 2974
f 2977 2978 2972 2976
f 2979 2980 2972 2978
f 2981 2973 2972 2980
g exterior
f 2892 2982 2983 2895
f 2984 2985 2983 2982
f 2986 2987 2983 2985
f 2988 2989 2983 2987
f 2990 2991 2983 2989
f 2896 2895 2983 2991
f 2896 2991 2992 2899
f 2990 2993 2992 2991
f 2994 2995 2992 2993
f 2900 2899 2992 2995
f 2900 2995 2996 2903
f 2994 2997 2996 2995
f 994 993 2996 2997
f 992 2903 2996 993
f 945 1009 2998 2905
f 1008 2999 2998 1009
f 3000 3001 2998 2999
f 2906 2905 2998 3001
f 2906 3001 3002 2909
f 3000 3003 3002 3001
f 3004 3005 3002 3003
f 3006 3007 3002 3005
f 2910 2909 3002 3007
g interior
f 3008 3009 3010 3011
f 3012 3013 3010 3009
f 3014 3015 3010 3013
f 3016 3017 3010 3015
f 3018 3019 3010 3017
f 3020 3021 3010 3019
f 3022 3011 3010 3021
g exterior
f 2934 3023 3024 2937
f 3025 3026 3024 3023
f 3027 3028 3024 3026
f 3029 3030 3024 3028
f 3031 3032 3024 3030
f 953 2937 3024 3032
f 953 3032 3033 954
f 3031 3034 3033 3032
f 3035 3036 3033 3034
f 3037 3038 3033 3036
f 955 954 3033 3038
f 955 3038 3039 956
f 3037 3040 3039 3038
f 3041 3042 3039 3040
f 957 956 3039 3042
f 957 3042 3043 960
f 3041 3044 3043 3042
f 3045 3046 3043 3044
f 961 960 3043 3046
f 961 3046 3047 962
f 3045 3048 3047 3046
f 3049 3050 3047 3048
f 963 962 3047 3050
f 963 3050 3051 2939
f 3049 3052 3051 3050
f 3053 3054 3051 3052
f 2940 2939 3051 3054
f 2940 3054 3055 2943
f 3053 3056 3055 3054
f 3057 3058 3055 3056
f 3059 3060 3055 3058
f 2944 2943 3055 3060
g interior
f 3061 3062 3063 3064
f 3065 3066 3063 3062
f 3067 3068 3063 3066
f 3069 3070 3063 3068
f 2958 3071 3063 3070
f 3072 3064 3063 3071
f 2958 3070 3073 2959
f 3069 3074 3073 3070
f 1014 1011 3073 3074
f 1010 2959 3073 1011
f 1037 1036 3075 2969
f 1035 3076 3075 1036
f 3077 3078 3075 3076
f 2970 2969 3075 3078
f 2970 3078 3079 2974
f 3077 3080 3079 3078
f 3081 3082 3079 3080
f 2975 2974 3079 3082
f 2975 3082 3083 3084
f 3081 3085 3083 3082
f 3086 3087 3083 3085
f 3088 3089 3083 3087
f 3090 3091 3083 3089
f 3092 3084 3083 3091
g exterior
f 2990 3093 3094 2993
f 3095 3096 3094 3093
f 3097 3098 3094 3096
f 3099 3100 3094 3098
f 2994 2993 3094 3100
f 2994 3100 3101 2997
f 3099 3102 3101 3100
f 1042 1040 3101 3102
f 994 2997 3101 1040
f 1008 1007 3103 2999
f 1006 3104 3103 1007
f 3105 3106 3103 3104
f 3000 2999 3103 3106
f 3000 3106 3107 3003
f 3105 3108 3107 3106
f 3109 3110 3107 3108
f 3111 3112 3107 3110
f 3004 3003 3107 3112
g interior
f 3113 3114 3115 3116
f 3117 3118 3115 3114
f 3119 3120 3115 3118
f 1060 3121 3115 3120
f 3122 3123 3115 3121
f 3124 3116 3115 3123
f 3122 3121 3125 3126
f 1060 1063 3125 3121
f 1072 3127 3125 1063
f 3014 3128 3125 3127
f 3129 3126 3125 3128
f 3014 3127 3130 3015
f 1072 1071 3130 3127
f 1070 3131 3130 1071
f 3016 3015 3130 3131
f 3016 3131 3132 3133
f 1070 1074 3132 3131
f 1082 3134 3132 1074
f 3135 3136 3132 3134
f 3137 3133 3132 3136
f 3135 3134 3138 3139
f 1082 1081 3138 3134
f 1080 3140 3138 1081
f 3141 3142 3138 3140
f 3143 3139 3138 3142
f 3141 3140 3144 3145
f 1080 3146 3144 3140
f 3147 3148 3144 3146
f 3149 3150 3144 3148
f 3151 3152 3144 3150
f 3153 3145 3144 3152
g exterior
f 3037 3154 3155 3040
f 3156 3157 3155 3154
f 3158 3159 3155 3157
f 3160 3161 3155 3159
f 3162 3163 3155 3161
f 3041 3040 3155 3163
f 3041 3163 3164 3044
f 3162 3165 3164 3163
f 3166 3167 3164 3165
f 3045 3044 3164 3167
f 3045 3167 3168 3048
f 3166 3169 3168 3167
f 3170 3171 3168 3169
f 3049 3048 3168 3171
f 3049 3171 3172 3052
f 3170 3173 3172 3171
f 3174 3175 3172 3173
f 3053 3052 3172 3175
f 3053 3175 3176 3056
f 3174 3177 3176 3175
f 3178 3179 3176 3177
f 3180 3181 3176 3179
f 3182 3183 3176 3181
f 3057 3056 3176 3183
g interior
f 3067 3184 3185 3068
f 3186 3187 3185 3184
f 3188 3189 3185 3187
f 3190 3191 3185 3189
f 3069 3068 3185 3191
f 3069 3191 3192 3074
f 3190 3193 3192 3191
f 1016 1015 3192 3193
f 1014 3074 3192 1015
f 1035 1034 3194 3076
f 1033 1104 3194 1034
f 1112 3195 3194 1104
f 3077 3076 3194 3195
f 3077 3195 3196 3080
f 1112 1111 3196 3195
f 1110 3197 3196 1111
f 3081 3080 3196 3197
f 3081 3197 3198 3085
f 1110 3199 3198 3197
f 3200 3201 3198 3199
f 3086 3085 3198 3201
f 3086 3201 3202 3203
f 3200 3204 3202 3201
f 3205 3206 3202 3204
f 3207 3208 3202 3206
f 3209 3210 3202 3208
f 3211 3203 3202 3210
g exterior
f 3097 3212 3213 3098
f 3214 3215 3213 3212
f 3216 3217 3213 3215
f 3218 3219 3213 3217
f 3099 3098 3213 3219
f 3099 3219 3220 3102
f 3218 3221 3220 3219
f 1044 1043 3220 3221
f 1042 3102 3220 1043
f 1006 1059 3222 3104
f 1058 3223 3222 1059
f 3224 3225 3222 3223
f 3105 3104 3222 3225
f 3105 3225 3226 3108
f 3224 3227 3226 3225
f 3228 3229 3226 3227
f 3230 3231 3226 3229
f 3109 3108 3226 3231
g interior
f 3232 3233 3234 3235
f 3236 3237 3234 3233
f 3238 3239 3234 3237
f 3240 3241 3234 3239
f 3119 3242 3234 3241
f 3243 3235 3234 3242
f 3119 3241 3244 3120
f 3240 3245 3244 3241
f 1064 1061 3244 3245
f 1060 3120 3244 1061
f 1080 1079 3246 3146
f 1078 3247 3246 1079
f 3248 3249 3246 3247
f 3147 3146 3246 3249
f 3147 3249 3250 3251
f 3248 3252 3250 3249
f 3253 3254 3250 3252
f 3255 3256 3250 3254
f 3257 3251 3250 3256
f 3255 3254 3258 3259
f 3253 3260 3258 3254
f 3261 3262 3258 3260
f 3263 3264 3258 3262
f 3265 3266 3258 3264
f 3267 3259 3258 3266
g exterior
f 3162 3268 3269 3165
f 3270 3271 3269 3268
f 3272 3273 3269 3271
f 3274 3275 3269 3273
f 3276 3277 3269 3275
f 3166 3165 3269 3277
f 3166 3277 3278 3169
f 3276 3279 3278 3277
f 3280 3281 3278 3279
f 3282 3283 3278 3281
f 3170 3169 3278 3283
f 3170 3283 3284 3173
f 3282 3285 3284 3283
f 3286 3287 3284 3285
f 3288 3289 3284 3287
f 3174 3173 3284 3289
g interior
f 3290 3291 3292 3293
f 3294 3295 3292 3291
f 3296 3297 3292 3295
f 3298 3299 3292 3297
f 3188 3300 3292 3299
f 3301 3293 3292 3300
f 3188 3299 3302 3189
f 3298 3303 3302 3299
f 3304 3305 3302 3303
f 3190 3189 3302 3305
f 3190 3305 3306 3193
f 3304 3307 3306 3305
f 1085 1083 3306 3307
f 1016 3193 3306 1083
f 1110 1109 3308 3199
f 1108 3309 3308 1109
f 3310 3311 3308 3309
f 3200 3199 3308 3311
f 3200 3311 3312 3204
f 3310 3313 3312 3311
f 3314 3315 3312 3313
f 3316 3317 3312 3315
f 3205 3204 3312 3317
g exterior
f 3216 3318 3319 3217
f 3320 3321 3319 3318
f 3322 3323 3319 3321
f 3324 3325 3319 3323
f 3218 3217 3319 3325
f 3218 3325 3326 3221
f 3324 3327 3326 3325
f 1115 1113 3326 3327
f 1044 3221 3326 1113
f 1058 1057 3328 3223
f 1056 3329 3328 1057
f 3330 3331 3328 3329
f 3224 3223 3328 3331
f 3224 3331 3332 3227
f 3330 3333 3332 3331
f 3334 3335 3332 3333
f 3336 3337 3332 3335
f 3228 3227 3332 3337
g interior
f 3238 3338 3339 3239
f 3340 3341 3339 3338
f 3342 3343 3339 3341
f 3344 3345 3339 3343
f 3240 3239 3339 3345
f 3240 3345 3346 3245
f 3344 3347 3346 3345
f 1066 1065 3346 3347
f 1064 3245 3346 1065
f 1078 1077 3348 3247
f 1076 1146 3348 1077
f 1154 3349 3348 1146
f 3248 3247 3348 3349
f 3248 3349 3350 3252
f 1154 1153 3350 3349
f 1152 3351 3350 1153
f 3253 3252 3350 3351
f 3253 3351 3352 3260
f 1152 3353 3352 3351
f 3354 3355 3352 3353
f 3261 3260 3352 3355
f 3261 3355 3356 3357
f 3354 3358 3356 3355
f 3359 3360 3356 3358
f 3361 3362 3356 3360
f 3363 3364 3356 3362
f 3365 3357 3356 3364
g exterior
f 3282 3366 3367 3285
f 3368 3369 3367 3366
f 3370 3371 3367 3369
f 3372 3373 3367 3371
f 3374 3375 3367 3373
f 3376 3377 3367 3375
f 3286 3285 3367 3377
g interior
f 3296 3378 3379 3297
f 3380 3381 3379 3378
f 3382 3383 3379 3381
f 1155 3384 3379 3383
f 3298 3297 3379 3384
f 3298 3384 3385 3303
f 1155 1158 3385 3384
f 1165 3386 3385 1158
f 3304 3303 3385 3386
f 3304 3386 3387 3307
f 1165 1164 3387 3386
f 1087 1086 3387 1164
f 1085 3307 3387 1086
f 1108 1107 3388 3309
f 1106 3389 3388 1107
f 3390 3391 3388 3389
f 3310 3309 3388 3391
f 3310 3391 3392 3313
f 3390 3393 3392 3391
f 3394 3395 3392 3393
f 3396 3397 3392 3395
f 3314 3313 3392 3397
g exterior
f 3322 3398 3399 3323
f 3400 3401 3399 3398
f 3402 3403 3399 3401
f 3404 3405 3399 3403
f 3324 3323 3399 3405
f 3324 3405 3406 3327
f 3404 3407 3406 3405
f 1117 1116 3406 3407
f 1115 3327 3406 1116
f 1056 1132 3408 3329
f 1131 3409 3408 1132
f 3410 3411 3408 3409
f 3330 3329 3408 3411
f 3330 3411 3412 3333
f 3410 3413 3412 3411
f 3414 3415 3412 3413
f 3416 3417 3412 3415
f 3334 3333 3412 3417
g interior
f 3342 3418 3419 3343
f 3420 3421 3419 3418
f 3422 3423 3419 3421
f 3424 3425 3419 3423
f 3344 3343 3419 3425
f 3344 3425 3426 3347
f 3424 3427 3426 3425
f 1135 1133 3426 3427
f 1066 3347 3426 1133
f 1152 1151 3428 3353
f 1150 3429 3428 1151
f 3430 3431 3428 3429
f 3354 3353 3428 3431
f 3354 3431 3432 3358
f 3430 3433 3432 3431
f 3434 3435 3432 3433
f 3359 3358 3432 3435
f 3359 3435 3436 3437
f 3434 3438 3436 3435
f 3439 3440 3436 3438
f 3441 3442 3436 3440
f 3443 3437 3436 3442
f 3441 3440 3444 3445
f 3439 3446 3444 3440
f 3447 3448 3444 3446
f 3449 3450 3444 3448
f 3451 3452 3444 3450
f 3453 3445 3444 3452
f 3382 3454 3455 3383
f 3456 3457 3455 3454
f 3458 3459 3455 3457
f 1159 1156 3455 3459
f 1155 3383 3455 1156
f 1106 1179 3460 3389
f 1178 3461 3460 1179
f 3462 3463 3460 3461
f 3390 3389 3460 3463
f 3390 3463 3464 3393
f 3462 3465 3464 3463
f 3466 3467 3464 3465
f 3394 3393 3464 3467
f 3394 3467 3468 3469
f 3466 3470 3468 3467
f 3471 3472 3468 3470
f 3473 3474 3468 3472
f 3475 3476 3468 3474
f 3477 3469 3468 3476
g exterior
f 3402 3478 3479 3403
f 3480 3481 3479 3478
f 3482 3483 3479 3481
f 3484 3485 3479 3483
f 3404 3403 3479 3485
f 3404 3485 3486 3407
f 3484 3487 3486 3485
f 1182 1180 3486 3487
f 1117 3407 3486 1180
f 1131 1130 3488 3409
f 1129 3489 3488 1130
f 3490 3491 3488 3489
f 3410 3409 3488 3491
f 3410 3491 3492 3413
f 3490 3493 3492 3491
f 3494 3495 3492 3493
f 3496 3497 3492 3495
f 3414 3413 3492 3497
g interior
f 3422 3498 3499 3423
f 3500 3501 3499 3498
f 3502 3503 3499 3501
f 3504 3505 3499 3503
f 3424 3423 3499 3505
f 3424 3505 3506 3427
f 3504 3507 3506 3505
f 1137 1136 3506 3507
f 1135 3427 3506 1136
f 1150 1149 3508 3429
f 1148 1219 3508 1149
f 1225 3509 3508 1219
f 3430 3429 3508 3509
f 3430 3509 3510 3433
f 1225 1224 3510 3509
f 1223 3511 3510 1224
f 3434 3433 3510 3511
f 3434 3511 3512 3438
f 1223 1227 3512 3511
f 1235 3513 3512 1227
f 3439 3438 3512 3513
f 3439 3513 3514 3446
f 1235 1234 3514 3513
f 1233 3515 3514 1234
f 3447 3446 3514 3515
f 3447 3515 3516 3517
f 1233 3518 3516 3515
f 3519 3520 3516 3518
f 3521 3522 3516 3520
f 3523 3517 3516 3522
f 3521 3520 3524 3525
f 3519 3526 3524 3520
f 3527 3528 3524 3526
f 3529 3530 3524 3528
f 3531 3532 3524 3530
f 3533 3525 3524 3532
f 3534 3535 3536 3537
f 3538 3539 3536 3535
f 3540 3541 3536 3539
f 3542 3543 3536 3541
f 3458 3544 3536 3543
f 3545 3537 3536 3544
f 3458 3543 3546 3459
f 3542 3547 3546 3543
f 1161 1160 3546 3547
f 1159 3459 3546 1160
f 1178 1177 3548 3461
f 1176 3549 3548 1177
f 3550 3551 3548 3549
f 3462 3461 3548 3551
f 3462 3551 3552 3465
f 3550 3553 3552 3551
f 3554 3555 3552 3553
f 3466 3465 3552 3555
f 3466 3555 3556 3470
f 3554 3557 3556 3555
f 3558 3559 3556 3557
f 3560 3561 3556 3559
f 3471 3470 3556 3561
g exterior
f 3482 3562 3563 3483
f 3564 3565 3563 3562
f 3566 3567 3563 3565
f 3568 3569 3563 3567
f 3484 3483 3563 3569
f 3484 3569 3570 3487
f 3568 3571 3570 3569
f 1184 1183 3570 3571
f 1182 3487 3570 1183
f 1129 1199 3572 3489
f 1198 3573 3572 1199
f 3574 3575 3572 3573
f 3490 3489 3572 3575
f 3490 3575 3576 3493
f 3574 3577 3576 3575
f 3578 3579 3576 3577
f 3580 3581 3576 3579
f 3494 3493 3576 3581
g interior
f 3502 3582 3583 3503
f 3584 3585 3583 3582
f 3586 3587 3583 3585
f 3588 3589 3583 3587
f 3590 3591 3583 3589
f 3504 3503 3583 3591
f 3504 3591 3592 3507
f 3590 3593 3592 3591
f 1202 1200 3592 3593
f 1137 3507 3592 1200
f 1233 1232 3594 3518
f 1231 3595 3594 1232
f 3596 3597 3594 3595
f 3519 3518 3594 3597
f 3519 3597 3598 3526
f 3596 3599 3598 3597
f 3600 3601 3598 3599
f 3527 3526 3598 3601
f 3527 3601 3602 3603
f 3600 3604 3602 3601
f 3605 3606 3602 3604
f 3607 3608 3602 3606
f 3609 3603 3602 3608
f 3607 3606 3610 3611
f 3605 3612 3610 3606
f 3613 3614 3610 3612
f 3540 3615 3610 3614
f 3616 3611 3610 3615
f 3540 3614 3617 3541
f 3613 3618 3617 3614
f 3619 3620 3617 3618
f 3542 3541 3617 3620
f 3542 3620 3621 3547
f 3619 3622 3621 3620
f 1238 1236 3621 3622
f 1161 3547 3621 1236
f 1176 1247 3623 3549
f 1246 3624 3623 1247
f 3625 3626 3623 3624
f 3550 3549 3623 3626
f 3550 3626 3627 3553
f 3625 3628 3627 3626
f 3629 3630 3627 3628
f 3554 3553 3627 3630
f 3554 3630 3631 3557
f 3629 3632 3631 3630
f 3633 3634 3631 3632
f 3635 3636 3631 3634
f 3637 3638 3631 3636
f 3558 3557 3631 3638
g exterior
f 3566 3639 3640 3567
f 3641 3642 3640 3639
f 3643 3644 3640 3642
f 3645 3646 3640 3644
f 3568 3567 3640 3646
f 3568 3646 3647 3571
f 3645 3648 3647 3646
f 1250 1248 3647 3648
f 1184 3571 3647 1248
f 1198 1197 3649 3573
f 1196 1281 3649 1197
f 1289 3650 3649 1281
f 3574 3573 3649 3650
f 3574 3650 3651 3577
f 1289 1288 3651 3650
f 1287 3652 3651 1288
f 3578 3577 3651 3652
f 3578 3652 3653 3654
f 1287 3655 3653 3652
f 3656 3657 3653 3655
f 3658 3659 3653 3657
f 3660 3661 3653 3659
f 3662 3654 3653 3661
g interior
f 3590 3663 3664 3593
f 3665 3666 3664 3663
f 3667 3668 3664 3666
f 1204 1203 3664 3668
f 1202 3593 3664 1203
f 1231 1230 3669 3595
f 1229 1306 3669 1230
f 1310 3670 3669 1306
f 3596 3595 3669 3670
f 3596 3670 3671 3599
f 1310 1309 3671 3670
f 1308 3672 3671 1309
f 3600 3599 3671 3672
f 3600 3672 3673 3604
f 1308 1312 3673 3672
f 1316 3674 3673 1312
f 3605 3604 3673 3674
f 3605 3674 3675 3612
f 1316 1315 3675 3674
f 1314 3676 3675 1315
f 3613 3612 3675 3676
f 3613 3676 3677 3618
f 1314 1318 3677 3676
f 1321 3678 3677 1318
f 3619 3618 3677 3678
f 3619 3678 3679 3622
f 1321 1320 3679 3678
f 1240 1239 3679 1320
f 1238 3622 3679 1239
f 1246 1245 3680 3624
f 1244 3681 3680 1245
f 3682 3683 3680 3681
f 3625 3624 3680 3683
f 3625 3683 3684 3628
f 3682 3685 3684 3683
f 3686 3687 3684 3685
f 3688 3689 3684 3687
f 3629 3628 3684 3689
g exterior
f 3643 3690 3691 3644
f 3692 3693 3691 3690
f 3694 3695 3691 3693
f 3696 3697 3691 3695
f 3645 3644 3691 3697
f 3645 3697 3698 3648
f 3696 3699 3698 3697
f 1252 1251 3698 3699
f 1250 3648 3698 1251
f 1287 1286 3700 3655
f 1285 3701 3700 1286
f 3702 3703 3700 3701
f 3704 3705 3700 3703
f 3656 3655 3700 3705
g interior
f 3667 3706 3707 3668
f 3708 3709 3707 3706
f 3710 3711 3707 3709
f 3712 3713 3707 3711
f 3714 3715 3707 3713
f 1204 3668 3707 3715
f 1204 3715 3716 1205
f 3714 3717 3716 3715
f 3718 3719 3716 3717
f 1206 1205 3716 3719
f 1206 3719 3720 1207
f 3718 3721 3720 3719
f 1292 1290 3720 3721
f 1208 1207 3720 1290
f 1244 1328 3722 3681
f 1327 3723 3722 1328
f 3724 3725 3722 3723
f 3682 3681 3722 3725
f 3682 3725 3726 3685
f 3724 3727 3726 3725
f 3728 3729 3726 3727
f 3730 3731 3726 3729
f 3686 3685 3726 3731
g exterior
f 3694 3732 3733 3695
f 3734 3735 3733 3732
f 3736 3737 3733 3735
f 3738 3739 3733 3737
f 3740 3741 3733 3739
f 3696 3695 3733 3741
f 3696 3741 3742 3699
f 3740 3743 3742 3741
f 3744 3745 3742 3743
f 1252 3699 3742 3745
f 1252 3745 3746 1253
f 3744 3747 3746 3745
f 3748 3749 3746 3747
f 1254 1253 3746 3749
f 1254 3749 3750 1255
f 3748 3751 3750 3749
f 1331 1329 3750 3751
f 1256 1255 3750 1329
f 1285 1284 3752 3701
f 1283 3753 3752 1284
f 3754 3755 3752 3753
f 3756 3757 3752 3755
f 3702 3701 3752 3757
g interior
f 3714 3758 3759 3717
f 3760 3761 3759 3758
f 3762 3763 3759 3761
f 3764 3765 3759 3763
f 3718 3717 3759 3765
f 3718 3765 3766 3721
f 3764 3767 3766 3765
f 1294 1293 3766 3767
f 1292 3721 3766 1293
f 1327 1326 3768 3723
f 1325 3769 3768 1326
f 3770 3771 3768 3769
f 3724 3723 3768 3771
f 3724 3771 3772 3727
f 3770 3773 3772 3771
f 3774 3775 3772 3773
f 3776 3777 3772 3775
f 3728 3727 3772 3777
g exterior
f 3740 3778 3779 3743
f 3780 3781 3779 3778
f 3782 3783 3779 3781
f 3784 3785 3779 3783
f 3786 3787 3779 3785
f 3744 3743 3779 3787
f 3744 3787 3788 3747
f 3786 3789 3788 3787
f 3790 3791 3788 3789
f 3748 3747 3788 3791
f 3748 3791 3792 3751
f 3790 3793 3792 3791
f 1333 1332 3792 3793
f 1331 3751 3792 1332
f 1283 1362 3794 3753
f 1361 3795 3794 1362
f 3796 3797 3794 3795
f 3754 3753 3794 3797
f 3754 3797 3798 3799
f 3796 3800 3798 3797
f 3801 3802 3798 3800
f 3803 3804 3798 3802
f 3805 3806 3798 3804
f 3807 3799 3798 3806
g interior
f 3762 3808 3809 3763
f 3810 3811 3809 3808
f 3812 3813 3809 3811
f 3814 3815 3809 3813
f 3816 3817 3809 3815
f 3764 3763 3809 3817
f 3764 3817 3818 3767
f 3816 3819 3818 3817
f 1365 1363 3818 3819
f 1294 3767 3818 1363
f 1325 1378 3820 3769
f 1377 3821 3820 1378
f 3822 3823 3820 3821
f 3770 3769 3820 3823
f 3770 3823 3824 3773
f 3822 3825 3824 3823
f 3826 3827 3824 3825
f 3828 3829 3824 3827
f 3774 3773 3824 3829
g exterior
f 3786 3830 3831 3789
f 3832 3833 3831 3830
f 3834 3835 3831 3833
f 3836 3837 3831 3835
f 3838 3839 3831 3837
f 3790 3789 3831 3839
f 3790 3839 3840 3793
f 3838 3841 3840 3839
f 3842 3843 3840 3841
f 3844 3845 3840 3843
f 1333 3793 3840 3845
f 1333 3845 3846 1334
f 3844 3847 3846 3845
f 3848 3849 3846 3847
f 3850 3851 3846 3849
f 1335 1334 3846 3851
f 1335 3851 3852 1336
f 3850 3853 3852 3851
f 3854 3855 3852 3853
f 3856 3857 3852 3855
f 1337 1336 3852 3857
f 1337 3857 3858 1340
f 3856 3859 3858 3857
f 3860 3861 3858 3859
f 1341 1340 3858 3861
f 1341 3861 3862 1342
f 3860 3863 3862 3861
f 3864 3865 3862 3863
f 1343 1342 3862 3865
f 1343 3865 3866 1346
f 3864 3867 3866 3865
f 3868 3869 3866 3867
f 1347 1346 3866 3869
f 1347 3869 3870 1348
f 3868 3871 3870 3869
f 1381 1379 3870 3871
f 1349 1348 3870 1379
f 1361 1360 3872 3795
f 1359 3873 3872 1360
f 3874 3875 3872 3873
f 3796 3795 3872 3875
f 3796 3875 3876 3800
f 3874 3877 3876 3875
f 3878 3879 3876 3877
f 3880 3881 3876 3879
f 3801 3800 3876 3881
g interior
f 3816 3882 3883 3819
f 3884 3885 3883 3882
f 3886 3887 3883 3885
f 1367 1366 3883 3887
f 1365 3819 3883 1366
f 1377 1376 3888 3821
f 1375 1424 3888 1376
f 1432 3889 3888 1424
f 3822 3821 3888 3889
f 3822 3889 3890 3825
f 1432 1431 3890 3889
f 1430 3891 3890 1431
f 3826 3825 3890 3891
f 3826 3891 3892 3893
f 1430 3894 3892 3891
f 3895 3896 3892 3894
f 3897 3898 3892 3896
f 3899 3900 3892 3898
f 3901 3893 3892 3900
g exterior
f 3856 3902 3903 3859
f 3904 3905 3903 3902
f 3906 3907 3903 3905
f 3908 3909 3903 3907
f 3910 3911 3903 3909
f 3860 3859 3903 3911
f 3860 3911 3912 3863
f 3910 3913 3912 3911
f 3914 3915 3912 3913
f 3916 3917 3912 3915
f 3864 3863 3912 3917
f 3864 3917 3918 3867
f 3916 3919 3918 3917
f 3920 3921 3918 3919
f 3922 3923 3918 3921
f 3868 3867 3918 3923
f 3868 3923 3924 3871
f 3922 3925 3924 3923
f 1383 1382 3924 3925
f 1381 3871 3924 1382
f 1359 1408 3926 3873
f 1407 3927 3926 1408
f 3928 3929 3926 3927
f 3874 3873 3926 3929
f 3874 3929 3930 3877
f 3928 3931 3930 3929
f 3932 3933 3930 3931
f 3878 3877 3930 3933
f 3878 3933 3934 3935
f 3932 3936 3934 3933
f 3937 3938 3934 3936
f 3939 3940 3934 3938
f 3941 3942 3934 3940
f 3943 3935 3934 3942
g interior
f 3886 3944 3945 3887
f 3946 3947 3945 3944
f 3948 3949 3945 3947
f 1411 1409 3945 3949
f 1367 3887 3945 1409
f 1430 1429 3950 3894
f 1428 3951 3950 1429
f 3952 3953 3950 3951
f 3895 3894 3950 3953
f 3895 3953 3954 3955
f 3952 3956 3954 3953
f 3957 3958 3954 3956
f 3959 3960 3954 3958
f 3961 3955 3954 3960
f 3959 3958 3962 3963
f 3957 3964 3962 3958
f 3965 3966 3962 3964
f 3967 3968 3962 3966
f 3969 3963 3962 3968
f 3967 3966 3970 3971
f 3965 3972 3970 3966
f 3973 3974 3970 3972
f 3975 3976 3970 3974
f 3977 3978 3970 3976
f 3979 3971 3970 3978
g exterior
f 3922 3980 3981 3925
f 3982 3983 3981 3980
f 3984 3985 3981 3983
f 3986 3987 3981 3985
f 3988 3989 3981 3987
f 1383 3925 3981 3989
f 1383 3989 3990 1384
f 3988 3991 3990 3989
f 3992 3993 3990 3991
f 3994 3995 3990 3993
f 1385 1384 3990 3995
f 1385 3995 3996 1386
f 3994 3997 3996 3995
f 3998 3999 3996 3997
f 1387 1386 3996 3999
f 1387 3999 4000 1390
f 3998 4001 4000 3999
f 4002 4003 4000 4001
f 1391 1390 4000 4003
f 1391 4003 4004 1392
f 4002 4005 4004 4003
f 1435 1433 4004 4005
f 1393 1392 4004 1433
f 1407 1406 4006 3927
f 1405 1452 4006 1406
f 1460 4007 4006 1452
f 3928 3927 4006 4007
f 3928 4007 4008 3931
f 1460 1459 4008 4007
f 1458 4009 4008 1459
f 3932 3931 4008 4009
f 3932 4009 4010 3936
f 1458 4011 4010 4009
f 4012 4013 4010 4011
f 4014 4015 4010 4013
f 3937 3936 4010 4015
g interior
f 3948 4016 4017 3949
f 4018 4019 4017 4016
f 4020 4021 4017 4019
f 1413 1412 4017 4021
f 1411 3949 4017 1412
f 1428 1427 4022 3951
f 1426 1480 4022 1427
f 1486 4023 4022 1480
f 3952 3951 4022 4023
f 3952 4023 4024 3956
f 1486 1485 4024 4023
f 1484 4025 4024 1485
f 3957 3956 4024 4025
f 3957 4025 4026 3964
f 1484 1488 4026 4025
f 1494 4027 4026 1488
f 3965 3964 4026 4027
f 3965 4027 4028 3972
f 1494 1493 4028 4027
f 1492 4029 4028 1493
f 3973 3972 4028 4029
f 3973 4029 4030 4031
f 1492 1496 4030 4029
f 1504 4032 4030 1496
f 4033 4034 4030 4032
f 4035 4031 4030 4034
f 4033 4032 4036 4037
f 1504 1503 4036 4032
f 1502 4038 4036 1503
f 4039 4040 4036 4038
f 4041 4037 4036 4040
f 4039 4038 4042 4043
f 1502 4044 4042 4038
f 4045 4046 4042 4044
f 4047 4048 4042 4046
f 4049 4043 4042 4048
f 4047 4046 4050 4051
f 4045 4052 4050 4046
f 4053 4054 4050 4052
f 4055 4056 4050 4054
f 4057 4058 4050 4056
f 4059 4051 4050 4058
g exterior
f 3994 4060 4061 3997
f 4062 4063 4061 4060
f 4064 4065 4061 4063
f 4066 4067 4061 4065
f 4068 4069 4061 4067
f 3998 3997 4061 4069
f 3998 4069 4070 4001
f 4068 4071 4070 4069
f 4072 4073 4070 4071
f 4074 4075 4070 4073
f 4002 4001 4070 4075
f 4002 4075 4076 4005
f 4074 4077 4076 4075
f 1437 1436 4076 4077
f 1435 4005 4076 1436
f 1458 1457 4078 4011
f 1456 4079 4078 1457
f 4080 4081 4078 4079
f 4082 4083 4078 4081
f 4012 4011 4078 4083
g interior
f 4020 4084 4085 4021
f 4086 4087 4085 4084
f 4088 4089 4085 4087
f 1463 1461 4085 4089
f 1413 4021 4085 1461
f 1502 1501 4090 4044
f 1500 4091 4090 1501
f 4092 4093 4090 4091
f 4045 4044 4090 4093
f 4045 4093 4094 4052
f 4092 4095 4094 4093
f 4096 4097 4094 4095
f 4053 4052 4094 4097
f 4053 4097 4098 4099
f 4096 4100 4098 4097
f 4101 4102 4098 4100
f 4103 4104 4098 4102
f 4105 4099 4098 4104
f 4103 4102 4106 4107
f 4101 4108 4106 4102
f 4109 4110 4106 4108
f 4111 4112 4106 4110
f 4113 4107 4106 4112
f 4111 4110 4114 4115
f 4109 4116 4114 4110
f 4117 4118 4114 4116
f 4119 4120 4114 4118
f 4121 4122 4114 4120
f 4123 4115 4114 4122
g exterior
f 4074 4124 4125 4077
f 4126 4127 4125 4124
f 4128 4129 4125 4127
f 4130 4131 4125 4129
f 4132 4133 4125 4131
f 1437 4077 4125 4133
f 1437 4133 4134 1438
f 4132 4135 4134 4133
f 4136 4137 4134 4135
f 1439 1438 4134 4137
f 1439 4137 4138 1440
f 4136 4139 4138 4137
f 1507 1505 4138 4139
f 1441 1440 4138 1505
f 1456 1455 4140 4079
f 1454 4141 4140 1455
f 4142 4143 4140 4141
f 4144 4145 4140 4143
f 4080 4079 4140 4145
g interior
f 4088 4146 4147 4089
f 4148 4149 4147 4146
f 4150 4151 4147 4149
f 1465 1464 4147 4151
f 1463 4089 4147 1464
f 1500 1499 4152 4091
f 1498 1554 4152 1499
f 1560 4153 4152 1554
f 4092 4091 4152 4153
f 4092 4153 4154 4095
f 1560 1559 4154 4153
f 1558 4155 4154 1559
f 4096 4095 4154 4155
f 4096 4155 4156 4100
f 1558 1562 4156 4155
f 1568 4157 4156 1562
f 4101 4100 4156 4157
f 4101 4157 4158 4108
f 1568 1567 4158 4157
f 1566 4159 4158 1567
f 4109 4108 4158 4159
f 4109 4159 4160 4116
f 1566 1570 4160 4159
f 1578 4161 4160 1570
f 4117 4116 4160 4161
f 4117 4161 4162 4163
f 1578 1577 4162 4161
f 1576 4164 4162 1577
f 4165 4166 4162 4164
f 4167 4163 4162 4166
f 4165 4164 4168 4169
f 1576 4170 4168 4164
f 4171 4172 4168 4170
f 4173 4174 4168 4172
f 4175 4176 4168 4174
f 4177 4169 4168 4176
g exterior
f 4132 4178 4179 4135
f 4180 4181 4179 4178
f 4182 4183 4179 4181
f 4184 4185 4179 4183
f 4136 4135 4179 4185
f 4136 4185 4186 4139
f 4184 4187 4186 4185
f 1509 1508 4186 4187
f 1507 4139 4186 1508
f 1454 1522 4188 4141
f 1521 4189 4188 1522
f 4190 4191 4188 4189
f 4192 4193 4188 4191
f 4142 4141 4188 4193
g interior
f 4150 4194 4195 4151
f 4196 4197 4195 4194
f 4198 4199 4195 4197
f 1525 1523 4195 4199
f 1465 4151 4195 1523
f 1576 1575 4200 4170
f 1574 4201 4200 1575
f 4202 4203 4200 4201
f 4171 4170 4200 4203
f 4171 4203 4204 4205
f 4202 4206 4204 4203
f 4207 4208 4204 4206
f 4209 4210 4204 4208
f 4211 4212 4204 4210
f 4213 4205 4204 4212
g exterior
f 4182 4214 4215 4183
f 4216 4217 4215 4214
f 4218 4219 4215 4217
f 4220 4221 4215 4219
f 4184 4183 4215 4221
f 4184 4221 4222 4187
f 4220 4223 4222 4221
f 1581 1579 4222 4223
f 1509 4187 4222 1579
f 1521 1520 4224 4189
f 1519 4225 4224 1520
f 4226 4227 4224 4225
f 4228 4229 4224 4227
f 4190 4189 4224 4229
g interior
f 4198 4230 4231 4199
f 4232 4233 4231 4230
f 4234 4235 4231 4233
f 1527 1526 4231 4235
f 1525 4199 4231 1526
f 1574 1573 4236 4201
f 1572 4237 4236 1573
f 4238 4239 4236 4237
f 4202 4201 4236 4239
f 4202 4239 4240 4206
f 4238 4241 4240 4239
f 4242 4243 4240 4241
f 4244 4245 4240 4243
f 4207 4206 4240 4245
g exterior
f 4218 4246 4247 4219
f 4248 4249 4247 4246
f 4250 4251 4247 4249
f 4252 4253 4247 4251
f 4220 4219 4247 4253
f 4220 4253 4254 4223
f 4252 4255 4254 4253
f 1583 1582 4254 4255
f 1581 4223 4254 1582
f 1519 1596 4256 4225
f 1595 4257 4256 1596
f 4258 4259 4256 4257
f 4260 4261 4256 4259
f 4226 4225 4256 4261
g interior
f 4234 4262 4263 4235
f 4264 4265 4263 4262
f 4266 4267 4263 4265
f 1599 1597 4263 4267
f 1527 4235 4263 1597
f 1572 1646 4268 4237
f 1645 4269 4268 1646
f 4270 4271 4268 4269
f 4238 4237 4268 4271
f 4238 4271 4272 4241
f 4270 4273 4272 4271
f 4274 4275 4272 4273
f 4276 4277 4272 4275
f 4242 4241 4272 4277
g exterior
f 4250 4278 4279 4251
f 4280 4281 4279 4278
f 4282 4283 4279 4281
f 4284 4285 4279 4283
f 4252 4251 4279 4285
f 4252 4285 4286 4255
f 4284 4287 4286 4285
f 1649 1647 4286 4287
f 1583 4255 4286 1647
f 1595 1594 4288 4257
f 1593 4289 4288 1594
f 4290 4291 4288 4289
f 4292 4293 4288 4291
f 4258 4257 4288 4293
g interior
f 4266 4294 4295 4267
f 4296 4297 4295 4294
f 4298 4299 4295 4297
f 1601 1600 4295 4299
f 1599 4267 4295 1600
f 1645 1644 4300 4269
f 1643 4301 4300 1644
f 4302 4303 4300 4301
f 4270 4269 4300 4303
f 4270 4303 4304 4273
f 4302 4305 4304 4303
f 4306 4307 4304 4305
f 4308 4309 4304 4307
f 4310 4311 4304 4309
f 4274 4273 4304 4311
g exterior
f 4282 4312 4313 4283
f 4314 4315 4313 4312
f 4316 4317 4313 4315
f 4318 4319 4313 4317
f 4284 4283 4313 4319
f 4284 4319 4320 4287
f 4318 4321 4320 4319
f 1651 1650 4320 4321
f 1649 4287 4320 1650
f 1593 1666 4322 4289
f 1665 4323 4322 1666
f 4324 4325 4322 4323
f 4326 4327 4322 4325
f 4290 4289 4322 4327
g interior
f 4298 4328 4329 4299
f 4330 4331 4329 4328
f 4332 4333 4329 4331
f 1669 1667 4329 4333
f 1601 4299 4329 1667
f 1625 1704 4334 1628
f 1703 4335 4334 1704
f 4336 4337 4334 4335
f 1629 1628 4334 4337
f 1629 4337 4338 1630
f 4336 4339 4338 4337
f 4340 4341 4338 4339
f 1631 1630 4338 4341
f 1631 4341 4342 1634
f 4340 4343 4342 4341
f 4344 4345 4342 4343
f 1635 1634 4342 4345
f 1635 4345 4346 1636
f 4344 4347 4346 4345
f 4348 4349 4346 4347
f 1637 1636 4346 4349
f 1637 4349 4350 1640
f 4348 4351 4350 4349
f 4352 4353 4350 4351
f 1641 1640 4350 4353
f 1641 4353 4354 1642
f 4352 4355 4354 4353
f 4356 4357 4354 4355
f 4358 4359 4354 4357
f 1643 1642 4354 4359
f 1643 4359 4360 4301
f 4358 4361 4360 4359
f 4362 4363 4360 4361
f 4364 4365 4360 4363
f 4366 4367 4360 4365
f 4302 4301 4360 4367
g exterior
f 4316 4368 4369 4317
f 4370 4371 4369 4368
f 4372 4373 4369 4371
f 4374 4375 4369 4373
f 4318 4317 4369 4375
f 4318 4375 4376 4321
f 4374 4377 4376 4375
f 1707 1705 4376 4377
f 1651 4321 4376 1705
f 1665 1664 4378 4323
f 1663 4379 4378 1664
f 4380 4381 4378 4379
f 4382 4383 4378 4381
f 4324 4323 4378 4383
g interior
f 4332 4384 4385 4333
f 4386 4387 4385 4384
f 4388 4389 4385 4387
f 1671 1670 4385 4389
f 1669 4333 4385 1670
f 1703 1702 4390 4335
f 1701 4391 4390 1702
f 4392 4393 4390 4391
f 4336 4335 4390 4393
f 4336 4393 4394 4339
f 4392 4395 4394 4393
f 4396 4397 4394 4395
f 4340 4339 4394 4397
f 4340 4397 4398 4343
f 4396 4399 4398 4397
f 4400 4401 4398 4399
f 4402 4403 4398 4401
f 4344 4343 4398 4403
f 4344 4403 4404 4347
f 4402 4405 4404 4403
f 4406 4407 4404 4405
f 4408 4409 4404 4407
f 4348 4347 4404 4409
f 4348 4409 4410 4351
f 4408 4411 4410 4409
f 4412 4413 4410 4411
f 4414 4415 4410 4413
f 4416 4417 4410 4415
f 4352 4351 4410 4417
g exterior
f 4418 4419 4420 4421
f 4422 4423 4420 4419
f 4424 4425 4420 4423
f 1741 4426 4420 4425
f 4372 4427 4420 4426
f 4428 4421 4420 4427
f 4372 4426 4429 4373
f 1741 1744 4429 4426
f 1752 4430 4429 1744
f 4374 4373 4429 4430
f 4374 4430 4431 4377
f 1752 1751 4431 4430
f 1709 1708 4431 1751
f 1707 4377 4431 1708
f 1657 1718 4432 1660
f 1717 4433 4432 1718
f 4434 4435 4432 4433
f 1661 1660 4432 4435
f 1661 4435 4436 1662
f 4434 4437 4436 4435
f 4438 4439 4436 4437
f 1663 1662 4436 4439
f 1663 4439 4440 4379
f 4438 4441 4440 4439
f 4442 4443 4440 4441
f 4444 4445 4440 4443
f 4380 4379 4440 4445
g interior
f 4388 4446 4447 4389
f 4448 4449 4447 4446
f 4450 4451 4447 4449
f 1721 1719 4447 4451
f 1671 4389 4447 1719
f 1683 1740 4452 1686
f 1739 4453 4452 1740
f 4454 4455 4452 4453
f 1687 1686 4452 4455
f 1687 4455 4456 1688
f 4454 4457 4456 4455
f 4458 4459 4456 4457
f 1689 1688 4456 4459
f 1689 4459 4460 1692
f 4458 4461 4460 4459
f 4462 4463 4460 4461
f 1693 1692 4460 4463
f 1693 4463 4464 1694
f 4462 4465 4464 4463
f 4466 4467 4464 4465
f 1695 1694 4464 4467
f 1695 4467 4468 1698
f 4466 4469 4468 4467
f 4470 4471 4468 4469
f 4472 4473 4468 4471
f 1699 1698 4468 4473
f 1699 4473 4474 1700
f 4472 4475 4474 4473
f 4476 4477 4474 4475
f 4478 4479 4474 4477
f 1701 1700 4474 4479
f 1701 4479 4480 4391
f 4478 4481 4480 4479
f 4482 4483 4480 4481
f 4484 4485 4480 4483
f 4392 4391 4480 4485
f 4392 4485 4486 4395
f 4484 4487 4486 4485
f 4488 4489 4486 4487
f 4490 4491 4486 4489
f 4492 4493 4486 4491
f 4396 4395 4486 4493
g exterior
f 4494 4495 4496 4497
f 4498 4499 4496 4495
f 4500 4501 4496 4499
f 4502 4503 4496 4501
f 4504 4505 4496 4503
f 4506 4497 4496 4505
f 4504 4503 4507 4508
f 4502 4509 4507 4503
f 4510 4511 4507 4509
f 4424 4512 4507 4511
f 4513 4508 4507 4512
f 4424 4511 4514 4425
f 4510 4515 4514 4511
f 1745 1742 4514 4515
f 1741 4425 4514 1742
f 1717 1716 4516 4433
f 1715 4517 4516 1716
f 4518 4519 4516 4517
f 4434 4433 4516 4519
f 4434 4519 4520 4437
f 4518 4521 4520 4519
f 4522 4523 4520 4521
f 4438 4437 4520 4523
f 4438 4523 4524 4441
f 4522 4525 4524 4523
f 4526 4527 4524 4525
f 4528 4529 4524 4527
f 4530 4531 4524 4529
f 4442 4441 4524 4531
g interior
f 4450 4532 4533 4451
f 4534 4535 4533 4532
f 4536 4537 4533 4535
f 1723 1722 4533 4537
f 1721 4451 4533 1722
f 1739 1738 4538 4453
f 1737 4539 4538 1738
f 4540 4541 4538 4539
f 4454 4453 4538 4541
f 4454 4541 4542 4457
f 4540 4543 4542 4541
f 4544 4545 4542 4543
f 4546 4547 4542 4545
f 4458 4457 4542 4547
f 4458 4547 4548 4461
f 4546 4549 4548 4547
f 4550 4551 4548 4549
f 4552 4553 4548 4551
f 4462 4461 4548 4553
f 4462 4553 4554 4465
f 4552 4555 4554 4553
f 4556 4557 4554 4555
f 4558 4559 4554 4557
f 4560 4561 4554 4559
f 4466 4465 4554 4561
g exterior
f 4562 4563 4564 4565
f 4566 4567 4564 4563
f 4568 4569 4564 4567
f 1779 4570 4564 4569
f 4571 4572 4564 4570
f 4573 4565 4564 4572
f 4571 4570 4574 4575
f 1779 1782 4574 4570
f 1791 4576 4574 1782
f 4500 4577 4574 4576
f 4578 4575 4574 4577
f 4500 4576 4579 4501
f 1791 1790 4579 4576
f 1789 4580 4579 1790
f 4502 4501 4579 4580
f 4502 4580 4581 4509
f 1789 1793 4581 4580
f 1797 4582 4581 1793
f 4510 4509 4581 4582
f 4510 4582 4583 4515
f 1797 1796 4583 4582
f 1747 1746 4583 1796
f 1745 4515 4583 1746
f 1715 1762 4584 4517
f 1761 4585 4584 1762
f 4586 4587 4584 4585
f 4518 4517 4584 4587
f 4518 4587 4588 4521
f 4586 4589 4588 4587
f 4590 4591 4588 4589
f 4592 4593 4588 4591
f 4522 4521 4588 4593
g interior
f 4536 4594 4595 4537
f 4596 4597 4595 4594
f 4598 4599 4595 4597
f 1765 1763 4595 4599
f 1723 4537 4595 1763
f 1731 1778 4600 1734
f 1777 4601 4600 1778
f 4602 4603 4600 4601
f 1735 1734 4600 4603
f 1735 4603 4604 1736
f 4602 4605 4604 4603
f 4606 4607 4604 4605
f 1737 1736 4604 4607
f 1737 4607 4608 4539
f 4606 4609 4608 4607
f 4610 4611 4608 4609
f 4612 4613 4608 4611
f 4614 4615 4608 4613
f 4540 4539 4608 4615
g exterior
f 4616 4617 4618 4619
f 4620 4621 4618 4617
f 4622 4623 4618 4621
f 4624 4625 4618 4623
f 4626 4627 4618 4625
f 4628 4619 4618 4627
f 4626 4625 4629 4630
f 4624 4631 4629 4625
f 4632 4633 4629 4631
f 4634 4635 4629 4633
f 4636 4630 4629 4635
f 4634 4633 4637 4638
f 4632 4639 4637 4633
f 4640 4641 4637 4639
f 4568 4642 4637 4641
f 4643 4638 4637 4642
f 4568 4641 4644 4569
f 4640 4645 4644 4641
f 1783 1780 4644 4645
f 1779 4569 4644 1780
f 1761 1760 4646 4585
f 1759 4647 4646 1760
f 4648 4649 4646 4647
f 4586 4585 4646 4649
f 4586 4649 4650 4589
f 4648 4651 4650 4649
f 4652 4653 4650 4651
f 4654 4655 4650 4653
f 4656 4657 4650 4655
f 4590 4589 4650 4657
g interior
f 4658 4659 4660 4661
f 4662 4663 4660 4659
f 4664 4665 4660 4663
f 4666 4667 4660 4665
f 4598 4668 4660 4667
f 4669 4661 4660 4668
f 4598 4667 4670 4599
f 4666 4671 4670 4667
f 1767 1766 4670 4671
f 1765 4599 4670 1766
f 1777 1776 4672 4601
f 1775 4673 4672 1776
f 4674 4675 4672 4673
f 4602 4601 4672 4675
f 4602 4675 4676 4605
f 4674 4677 4676 4675
f 4678 4679 4676 4677
f 4680 4681 4676 4679
f 4606 4605 4676 4681
g exterior
f 4682 4683 4684 4685
f 4686 4687 4684 4683
f 4688 4689 4684 4687
f 4690 4691 4684 4689
f 4692 4693 4684 4691
f 4694 4685 4684 4693
f 4692 4691 4695 4696
f 4690 4697 4695 4691
f 1864 4698 4695 4697
f 4699 4700 4695 4698
f 4701 4696 4695 4700
f 4699 4698 4702 4703
f 1864 1867 4702 4698
f 1876 4704 4702 1867
f 4705 4706 4702 4704
f 4707 4703 4702 4706
f 4705 4704 4708 4709
f 1876 1875 4708 4704
f 1874 4710 4708 1875
f 4622 4711 4708 4710
f 4712 4709 4708 4711
f 4622 4710 4713 4623
f 1874 1878 4713 4710
f 1884 4714 4713 1878
f 4624 4623 4713 4714
f 4624 4714 4715 4631
f 1884 1883 4715 4714
f 1882 4716 4715 1883
f 4632 4631 4715 4716
f 4632 4716 4717 4639
f 1882 1886 4717 4716
f 1891 4718 4717 1886
f 4640 4639 4717 4718
f 4640 4718 4719 4645
f 1891 1890 4719 4718
f 1785 1784 4719 1890
f 1783 4645 4719 1784
f 1759 1817 4720 4647
f 1816 4721 4720 1817
f 4722 4723 4720 4721
f 4724 4725 4720 4723
f 4648 4647 4720 4725
g interior
f 4664 4726 4727 4665
f 4728 4729 4727 4726
f 4730 4731 4727 4729
f 4732 4733 4727 4731
f 4666 4665 4727 4733
f 4666 4733 4734 4671
f 4732 4735 4734 4733
f 1820 1818 4734 4735
f 1767 4671 4734 1818
f 1775 1863 4736 4673
f 1862 4737 4736 1863
f 4738 4739 4736 4737
f 4674 4673 4736 4739
f 4674 4739 4740 4677
f 4738 4741 4740 4739
f 4742 4743 4740 4741
f 4744 4745 4740 4743
f 4678 4677 4740 4745
g exterior
f 4746 4747 4748 4749
f 4750 4751 4748 4747
f 4752 4753 4748 4751
f 4754 4755 4748 4753
f 4688 4756 4748 4755
f 4757 4749 4748 4756
f 4688 4755 4758 4689
f 4754 4759 4758 4755
f 4760 4761 4758 4759
f 4690 4689 4758 4761
f 4690 4761 4762 4697
f 4760 4763 4762 4761
f 1868 1865 4762 4763
f 1864 4697 4762 1865
f 1816 1815 4764 4721
f 1814 4765 4764 1815
f 4766 4767 4764 4765
f 4768 4769 4764 4767
f 4722 4721 4764 4769
g interior
f 4770 4771 4772 4773
f 4774 4775 4772 4771
f 4776 4777 4772 4775
f 1908 4778 4772 4777
f 4730 4779 4772 4778
f 4780 4773 4772 4779
f 4730 4778 4781 4731
f 1908 1911 4781 4778
f 1919 4782 4781 1911
f 4732 4731 4781 4782
f 4732 4782 4783 4735
f 1919 1918 4783 4782
f 1822 1821 4783 1918
f 1820 4735 4783 1821
f 1862 1861 4784 4737
f 1860 4785 4784 1861
f 4786 4787 4784 4785
f 4738 4737 4784 4787
f 4738 4787 4788 4741
f 4786 4789 4788 4787
f 4790 4791 4788 4789
f 4792 4793 4788 4791
f 4742 4741 4788 4793
g exterior
f 4794 4795 4796 4797
f 4798 4799 4796 4795
f 4800 4801 4796 4799
f 4802 4803 4796 4801
f 4752 4804 4796 4803
f 4805 4797 4796 4804
f 4752 4803 4806 4753
f 4802 4807 4806 4803
f 1954 4808 4806 4807
f 4754 4753 4806 4808
f 4754 4808 4809 4759
f 1954 1957 4809 4808
f 1965 4810 4809 1957
f 4760 4759 4809 4810
f 4760 4810 4811 4763
f 1965 1964 4811 4810
f 1870 1869 4811 1964
f 1868 4763 4811 1869
f 1808 1907 4812 1811
f 1906 4813 4812 1907
f 4814 4815 4812 4813
f 1812 1811 4812 4815
f 1812 4815 4816 1813
f 4814 4817 4816 4815
f 4818 4819 4816 4817
f 1814 1813 4816 4819
f 1814 4819 4820 4765
f 4818 4821 4820 4819
f 4822 4823 4820 4821
f 4824 4825 4820 4823
f 4826 4827 4820 4825
f 4766 4765 4820 4827
g interior
f 4776 4828 4829 4777
f 4830 4831 4829 4828
f 4832 4833 4829 4831
f 1912 1909 4829 4833
f 1908 4777 4829 1909
f 1836 1941 4834 1839
f 1940 4835 4834 1941
f 4836 4837 4834 4835
f 1840 1839 4834 4837
f 1840 4837 4838 1841
f 4836 4839 4838 4837
f 4840 4841 4838 4839
f 1842 1841 4838 4841
f 1842 4841 4842 1845
f 4840 4843 4842 4841
f 4844 4845 4842 4843
f 1846 1845 4842 4845
f 1846 4845 4846 1847
f 4844 4847 4846 4845
f 4848 4849 4846 4847
f 1848 1847 4846 4849
f 1848 4849 4850 1851
f 4848 4851 4850 4849
f 4852 4853 4850 4851
f 1852 1851 4850 4853
f 1852 4853 4854 1853
f 4852 4855 4854 4853
f 1944 1942 4854 4855
f 1854 1853 4854 1942
f 1860 1953 4856 4785
f 1952 4857 4856 1953
f 4858 4859 4856 4857
f 4786 4785 4856 4859
f 4786 4859 4860 4789
f 4858 4861 4860 4859
f 4862 4863 4860 4861
f 4864 4865 4860 4863
f 4790 4789 4860 4865
g exterior
f 4800 4866 4867 4801
f 4868 4869 4867 4866
f 4870 4871 4867 4869
f 4872 4873 4867 4871
f 4802 4801 4867 4873
f 4802 4873 4874 4807
f 4872 4875 4874 4873
f 1958 1955 4874 4875
f 1954 4807 4874 1955
f 1906 1905 4876 4813
f 1904 4877 4876 1905
f 4878 4879 4876 4877
f 4814 4813 4876 4879
f 4814 4879 4880 4817
f 4878 4881 4880 4879
f 4882 4883 4880 4881
f 4884 4885 4880 4883
f 4818 4817 4880 4885
g interior
f 4886 4887 4888 4889
f 4890 4891 4888 4887
f 4892 4893 4888 4891
f 4894 4895 4888 4893
f 4832 4896 4888 4895
f 4897 4889 4888 4896
f 4832 4895 4898 4833
f 4894 4899 4898 4895
f 1914 1913 4898 4899
f 1912 4833 4898 1913
f 1940 1939 4900 4835
f 1938 4901 4900 1939
f 4902 4903 4900 4901
f 4836 4835 4900 4903
f 4836 4903 4904 4839
f 4902 4905 4904 4903
f 4906 4907 4904 4905
f 4840 4839 4904 4907
f 4840 4907 4908 4843
f 4906 4909 4908 4907
f 4910 4911 4908 4909
f 4912 4913 4908 4911
f 4844 4843 4908 4913
f 4844 4913 4914 4847
f 4912 4915 4914 4913
f 4916 4917 4914 4915
f 4918 4919 4914 4917
f 4848 4847 4914 4919
f 4848 4919 4920 4851
f 4918 4921 4920 4919
f 4922 4923 4920 4921
f 4852 4851 4920 4923
f 4852 4923 4924 4855
f 4922 4925 4924 4923
f 1946 1945 4924 4925
f 1944 4855 4924 1945
f 1952 1951 4926 4857
f 1950 4927 4926 1951
f 4928 4929 4926 4927
f 4858 4857 4926 4929
f 4858 4929 4930 4861
f 4928 4931 4930 4929
f 4932 4933 4930 4931
f 4862 4861 4930 4933
f 4862 4933 4934 4935
f 4932 4936 4934 4933
f 4937 4938 4934 4936
f 4939 4940 4934 4938
f 4941 4942 4934 4940
f 4943 4935 4934 4942
g exterior
f 4870 4944 4945 4871
f 4946 4947 4945 4944
f 4948 4949 4945 4947
f 4950 4951 4945 4949
f 4872 4871 4945 4951
f 4872 4951 4952 4875
f 4950 4953 4952 4951
f 1960 1959 4952 4953
f 1958 4875 4952 1959
f 1904 1985 4954 4877
f 1984 4955 4954 1985
f 4956 4957 4954 4955
f 4878 4877 4954 4957
f 4878 4957 4958 4881
f 4956 4959 4958 4957
f 4960 4961 4958 4959
f 4962 4963 4958 4961
f 4882 4881 4958 4963
g interior
f 4892 4964 4965 4893
f 4966 4967 4965 4964
f 4968 4969 4965 4967
f 4970 4971 4965 4969
f 4894 4893 4965 4971
f 4894 4971 4972 4899
f 4970 4973 4972 4971
f 1988 1986 4972 4973
f 1914 4899 4972 1986
f 1926 2005 4974 1929
f 2004 4975 4974 2005
f 4976 4977 4974 4975
f 1930 1929 4974 4977
f 1930 4977 4978 1931
f 4976 4979 4978 4977
f 4980 4981 4978 4979
f 1932 1931 4978 4981
f 1932 4981 4982 1935
f 4980 4983 4982 4981
f 4984 4985 4982 4983
f 1936 1935 4982 4985
f 1936 4985 4986 1937
f 4984 4987 4986 4985
f 4988 4989 4986 4987
f 1938 1937 4986 4989
f 1938 4989 4990 4901
f 4988 4991 4990 4989
f 4992 4993 4990 4991
f 4994 4995 4990 4993
f 4902 4901 4990 4995
f 4902 4995 4996 4905
f 4994 4997 4996 4995
f 4998 4999 4996 4997
f 5000 5001 4996 4999
f 5002 5003 4996 5001
f 4906 4905 4996 5003
f 4918 5004 5005 4921
f 5006 5007 5005 5004
f 5008 5009 5005 5007
f 5010 5011 5005 5009
f 5012 5013 5005 5011
f 4922 4921 5005 5013
f 4922 5013 5014 4925
f 5012 5015 5014 5013
f 2008 2006 5014 5015
f 1946 4925 5014 2006
f 1950 2037 5016 4927
f 2036 5017 5016 2037
f 5018 5019 5016 5017
f 4928 4927 5016 5019
f 4928 5019 5020 4931
f 5018 5021 5020 5019
f 5022 5023 5020 5021
f 4932 4931 5020 5023
f 4932 5023 5024 4936
f 5022 5025 5024 5023
f 5026 5027 5024 5025
f 5028 5029 5024 5027
f 4937 4936 5024 5029
g exterior
f 4948 5030 5031 4949
f 5032 5033 5031 5030
f 5034 5035 5031 5033
f 5036 5037 5031 5035
f 4950 4949 5031 5037
f 4950 5037 5038 4953
f 5036 5039 5038 5037
f 2040 2038 5038 5039
f 1960 4953 5038 2038
f 1984 1983 5040 4955
f 1982 5041 5040 1983
f 5042 5043 5040 5041
f 4956 4955 5040 5043
f 4956 5043 5044 4959
f 5042 5045 5044 5043
f 5046 5047 5044 5045
f 5048 5049 5044 5047
f 4960 4959 5044 5049
g interior
f 4968 5050 5051 4969
f 5052 5053 5051 5050
f 5054 5055 5051 5053
f 5056 5057 5051 5055
f 4970 4969 5051 5057
f 4970 5057 5058 4973
f 5056 5059 5058 5057
f 1990 1989 5058 5059
f 1988 4973 5058 1989
f 2004 2003 5060 4975
f 2002 5061 5060 2003
f 5062 5063 5060 5061
f 4976 4975 5060 5063
f 4976 5063 5064 4979
f 5062 5065 5064 5063
f 5066 5067 5064 5065
f 4980 4979 5064 5067
f 4980 5067 5068 4983
f 5066 5069 5068 5067
f 5070 5071 5068 5069
f 5072 5073 5068 5071
f 4984 4983 5068 5073
f 4984 5073 5074 4987
f 5072 5075 5074 5073
f 5076 5077 5074 5075
f 5078 5079 5074 5077
f 5080 5081 5074 5079
f 4988 4987 5074 5081
f 5012 5082 5083 5015
f 5084 5085 5083 5082
f 5086 5087 5083 5085
f 2010 2009 5083 5087
f 2008 5015 5083 2009
f 2036 2035 5088 5017
f 2034 5089 5088 2035
f 5090 5091 5088 5089
f 5018 5017 5088 5091
f 5018 5091 5092 5021
f 5090 5093 5092 5091
f 5094 5095 5092 5093
f 5022 5021 5092 5095
f 5022 5095 5096 5025
f 5094 5097 5096 5095
f 5098 5099 5096 5097
f 5100 5101 5096 5099
f 5102 5103 5096 5101
f 5026 5025 5096 5103
g exterior
f 5034 5104 5105 5035
f 5106 5107 5105 5104
f 5108 5109 5105 5107
f 5110 5111 5105 5109
f 5036 5035 5105 5111
f 5036 5111 5112 5039
f 5110 5113 5112 5111
f 2042 2041 5112 5113
f 2040 5039 5112 2041
f 1982 2057 5114 5041
f 2056 5115 5114 2057
f 5116 5117 5114 5115
f 5042 5041 5114 5117
f 5042 5117 5118 5045
f 5116 5119 5118 5117
f 5120 5121 5118 5119
f 5122 5123 5118 5121
f 5046 5045 5118 5123
g interior
f 5054 5124 5125 5055
f 5126 5127 5125 5124
f 5128 5129 5125 5127
f 5130 5131 5125 5129
f 5056 5055 5125 5131
f 5056 5131 5132 5059
f 5130 5133 5132 5131
f 2060 2058 5132 5133
f 1990 5059 5132 2058
f 1996 2075 5134 1999
f 2074 5135 5134 2075
f 5136 5137 5134 5135
f 2000 1999 5134 5137
f 2000 5137 5138 2001
f 5136 5139 5138 5137
f 5140 5141 5138 5139
f 2002 2001 5138 5141
f 2002 5141 5142 5061
f 5140 5143 5142 5141
f 5144 5145 5142 5143
f 5062 5061 5142 5145
f 5062 5145 5146 5065
f 5144 5147 5146 5145
f 5148 5149 5146 5147
f 5150 5151 5146 5149
f 5152 5153 5146 5151
f 5066 5065 5146 5153
g exterior
f 5154 5155 5156 5157
f 5158 5159 5156 5155
f 5160 5161 5156 5159
f 5162 5163 5156 5161
f 5164 5165 5156 5163
f 5166 5167 5156 5165
f 5168 5157 5156 5167
g interior
f 5086 5169 5170 5087
f 5171 5172 5170 5169
f 5173 5174 5170 5172
f 5175 5176 5170 5174
f 2010 5087 5170 5176
f 2010 5176 5177 2011
f 5175 5178 5177 5176
f 5179 5180 5177 5178
f 2012 2011 5177 5180
f 2012 5180 5181 2013
f 5179 5182 5181 5180
f 2078 2076 5181 5182
f 2014 2013 5181 2076
f 2034 2103 5183 5089
f 2102 5184 5183 2103
f 5185 5186 5183 5184
f 5090 5089 5183 5186
f 5090 5186 5187 5093
f 5185 5188 5187 5186
f 5189 5190 5187 5188
f 5191 5192 5187 5190
f 5094 5093 5187 5192
g exterior
f 5108 5193 5194 5109
f 5195 5196 5194 5193
f 5197 5198 5194 5196
f 5199 5200 5194 5198
f 5110 5109 5194 5200
f 5110 5200 5201 5113
f 5199 5202 5201 5200
f 2106 2104 5201 5202
f 2042 5113 5201 2104
f 2056 2055 5203 5115
f 2054 5204 5203 2055
f 5205 5206 5203 5204
f 5116 5115 5203 5206
f 5116 5206 5207 5119
f 5205 5208 5207 5206
f 5209 5210 5207 5208
f 5211 5212 5207 5210
f 5120 5119 5207 5212
g interior
f 5128 5213 5214 5129
f 5215 5216 5214 5213
f 5217 5218 5214 5216
f 5219 5220 5214 5218
f 5221 5222 5214 5220
f 5130 5129 5214 5222
f 5130 5222 5223 5133
f 5221 5224 5223 5222
f 2062 2061 5223 5224
f 2060 5133 5223 2061
f 2074 2073 5225 5135
f 2072 5226 5225 2073
f 5227 5228 5225 5226
f 5136 5135 5225 5228
f 5136 5228 5229 5139
f 5227 5230 5229 5228
f 5231 5232 5229 5230
f 5233 5234 5229 5232
f 5140 5139 5229 5234
f 5140 5234 5235 5143
f 5233 5236 5235 5234
f 5237 5238 5235 5236
f 5239 5240 5235 5238
f 5241 5242 5235 5240
f 5144 5143 5235 5242
g exterior
f 5243 5244 5245 5246
f 5247 5248 5245 5244
f 5249 5250 5245 5248
f 5251 5252 5245 5250
f 5253 5254 5245 5252
f 5255 5246 5245 5254
f 5253 5252 5256 5257
f 5251 5258 5256 5252
f 5259 5260 5256 5258
f 5160 5261 5256 5260
f 5262 5257 5256 5261
f 5160 5260 5263 5161
f 5259 5264 5263 5260
f 5265 5266 5263 5264
f 5267 5268 5263 5266
f 5162 5161 5263 5268
g interior
f 5173 5269 5270 5174
f 5271 5272 5270 5269
f 5273 5274 5270 5272
f 5275 5276 5270 5274
f 5277 5278 5270 5276
f 5175 5174 5270 5278
f 5175 5278 5279 5178
f 5277 5280 5279 5278
f 5281 5282 5279 5280
f 5179 5178 5279 5282
f 5179 5282 5283 5182
f 5281 5284 5283 5282
f 2080 2079 5283 5284
f 2078 5182 5283 2079
f 2102 2101 5285 5184
f 2100 5286 5285 2101
f 5287 5288 5285 5286
f 5185 5184 5285 5288
f 5185 5288 5289 5188
f 5287 5290 5289 5288
f 5291 5292 5289 5290
f 5293 5294 5289 5292
f 5189 5188 5289 5294
g exterior
f 5197 5295 5296 5198
f 5297 5298 5296 5295
f 5299 5300 5296 5298
f 5301 5302 5296 5300
f 5199 5198 5296 5302
f 5199 5302 5303 5202
f 5301 5304 5303 5302
f 2108 2107 5303 5304
f 2106 5202 5303 2107
f 2054 2123 5305 5204
f 2122 5306 5305 2123
f 5307 5308 5305 5306
f 5205 5204 5305 5308
f 5205 5308 5309 5208
f 5307 5310 5309 5308
f 5311 5312 5309 5310
f 5313 5314 5309 5312
f 5209 5208 5309 5314
g interior
f 5221 5315 5316 5224
f 5317 5318 5316 5315
f 5319 5320 5316 5318
f 5321 5322 5316 5320
f 5323 5324 5316 5322
f 2062 5224 5316 5324
f 2062 5324 5325 2063
f 5323 5326 5325 5324
f 5327 5328 5325 5326
f 5329 5330 5325 5328
f 2064 2063 5325 5330
f 2064 5330 5331 2065
f 5329 5332 5331 5330
f 5333 5334 5331 5332
f 2066 2065 5331 5334
f 2066 5334 5335 2069
f 5333 5336 5335 5334
f 5337 5338 5335 5336
f 5339 5340 5335 5338
f 2070 2069 5335 5340
f 2070 5340 5341 2071
f 5339 5342 5341 5340
f 5343 5344 5341 5342
f 5345 5346 5341 5344
f 2072 2071 5341 5346
f 2072 5346 5347 5226
f 5345 5348 5347 5346
f 5349 5350 5347 5348
f 5351 5352 5347 5350
f 5353 5354 5347 5352
f 5227 5226 5347 5354
g exterior
f 5355 5356 5357 5358
f 5359 5360 5357 5356
f 5361 5362 5357 5360
f 5363 5364 5357 5362
f 5249 5365 5357 5364
f 5366 5358 5357 5365
f 5249 5364 5367 5250
f 5363 5368 5367 5364
f 5369 5370 5367 5368
f 5251 5250 5367 5370
f 5251 5370 5371 5258
f 5369 5372 5371 5370
f 5373 5374 5371 5372
f 5259 5258 5371 5374
f 5259 5374 5375 5264
f 5373 5376 5375 5374
f 5377 5378 5375 5376
f 5265 5264 5375 5378
f 5265 5378 5379 5380
f 5377 5381 5379 5378
f 5382 5383 5379 5381
f 5384 5385 5379 5383
f 5386 5387 5379 5385
f 5388 5380 5379 5387
g interior
f 5277 5389 5390 5280
f 5391 5392 5390 5389
f 5393 5394 5390 5392
f 5395 5396 5390 5394
f 5281 5280 5390 5396
f 5281 5396 5397 5284
f 5395 5398 5397 5396
f 2126 2124 5397 5398
f 2080 5284 5397 2124
f 2094 2149 5399 2097
f 2148 5400 5399 2149
f 5401 5402 5399 5400
f 2098 2097 5399 5402
f 2098 5402 5403 2099
f 5401 5404 5403 5402
f 5405 5406 5403 5404
f 2100 2099 5403 5406
f 2100 5406 5407 5286
f 5405 5408 5407 5406
f 5409 5410 5407 5408
f 5287 5286 5407 5410
f 5287 5410 5411 5290
f 5409 5412 5411 5410
f 5413 5414 5411 5412
f 5415 5416 5411 5414
f 5417 5418 5411 5416
f 5291 5290 5411 5418
g exterior
f 5299 5419 5420 5300
f 5421 5422 5420 5419
f 5423 5424 5420 5422
f 5425 5426 5420 5424
f 5301 5300 5420 5426
f 5301 5426 5427 5304
f 5425 5428 5427 5426
f 2152 2150 5427 5428
f 2108 5304 5427 2150
f 2122 2121 5429 5306
f 2120 5430 5429 2121
f 5431 5432 5429 5430
f 5307 5306 5429 5432
f 5307 5432 5433 5310
f 5431 5434 5433 5432
f 5435 5436 5433 5434
f 5437 5438 5433 5436
f 5311 5310 5433 5438
g interior
f 5329 5439 5440 5332
f 5441 5442 5440 5439
f 5443 5444 5440 5442
f 5445 5446 5440 5444
f 5447 5448 5440 5446
f 5449 5450 5440 5448
f 5333 5332 5440 5450
g exterior
f 5451 5452 5453 5454
f 5455 5456 5453 5452
f 5457 5458 5453 5456
f 2170 5459 5453 5458
f 5460 5461 5453 5459
f 5462 5454 5453 5461
f 5460 5459 5463 5464
f 2170 2173 5463 5459
f 2182 5465 5463 2173
f 5361 5466 5463 5465
f 5467 5464 5463 5466
f 5361 5465 5468 5362
f 2182 2181 5468 5465
f 2180 5469 5468 2181
f 5363 5362 5468 5469
f 5363 5469 5470 5368
f 2180 2184 5470 5469
f 2192 5471 5470 2184
f 5369 5368 5470 5471
f 5369 5471 5472 5372
f 2192 2191 5472 5471
f 2190 5473 5472 2191
f 5373 5372 5472 5473
f 5373 5473 5474 5376
f 2190 5475 5474 5473
f 5476 5477 5474 5475
f 5377 5376 5474 5477
f 5377 5477 5478 5381
f 5476 5479 5478 5477
f 5480 5481 5478 5479
f 5482 5483 5478 5481
f 5382 5381 5478 5483
g interior
f 5393 5484 5485 5394
f 5486 5487 5485 5484
f 5488 5489 5485 5487
f 5490 5491 5485 5489
f 5492 5493 5485 5491
f 5395 5394 5485 5493
f 5395 5493 5494 5398
f 5492 5495 5494 5493
f 2128 2127 5494 5495
f 2126 5398 5494 2127
f 2148 2147 5496 5400
f 2146 5497 5496 2147
f 5498 5499 5496 5497
f 5401 5400 5496 5499
f 5401 5499 5500 5404
f 5498 5501 5500 5499
f 5502 5503 5500 5501
f 5405 5404 5500 5503
f 5405 5503 5504 5408
f 5502 5505 5504 5503
f 5506 5507 5504 5505
f 5508 5509 5504 5507
f 5510 5511 5504 5509
f 5409 5408 5504 5511
g exterior
f 5423 5512 5513 5424
f 5514 5515 5513 5512
f 5516 5517 5513 5515
f 5518 5519 5513 5517
f 5425 5424 5513 5519
f 5425 5519 5520 5428
f 5518 5521 5520 5519
f 2154 2153 5520 5521
f 2152 5428 5520 2153
f 2120 2169 5522 5430
f 2168 5523 5522 2169
f 5524 5525 5522 5523
f 5431 5430 5522 5525
f 5431 5525 5526 5434
f 5524 5527 5526 5525
f 5528 5529 5526 5527
f 5435 5434 5526 5529
f 5435 5529 5530 5531
f 5528 5532 5530 5529
f 5533 5534 5530 5532
f 5535 5536 5530 5534
f 5537 5538 5530 5536
f 5539 5531 5530 5538
f 5540 5541 5542 5543
f 5544 5545 5542 5541
f 5546 5547 5542 5545
f 5548 5549 5542 5547
f 5550 5551 5542 5549
f 5552 5543 5542 5551
f 5550 5549 5553 5554
f 5548 5555 5553 5549
f 5556 5557 5553 5555
f 5457 5558 5553 5557
f 5559 5554 5553 5558
f 5457 5557 5560 5458
f 5556 5561 5560 5557
f 2174 2171 5560 5561
f 2170 5458 5560 2171
f 2190 2189 5562 5475
f 2188 5563 5562 2189
f 5564 5565 5562 5563
f 5476 5475 5562 5565
f 5476 5565 5566 5479
f 5564 5567 5566 5565
f 5568 5569 5566 5567
f 5480 5479 5566 5569
f 5480 5569 5570 5571
f 5568 5572 5570 5569
f 5573 5574 5570 5572
f 5575 5576 5570 5574
f 5577 5578 5570 5576
f 5579 5571 5570 5578
g interior
f 5492 5580 5581 5495
f 5582 5583 5581 5580
f 5584 5585 5581 5583
f 5586 5587 5581 5585
f 2128 5495 5581 5587
f 2128 5587 5588 2129
f 5586 5589 5588 5587
f 5590 5591 5588 5589
f 2130 2129 5588 5591
f 2130 5591 5592 2131
f 5590 5593 5592 5591
f 2195 2193 5592 5593
f 2132 2131 5592 2193
f 2140 2210 5594 2143
f 2209 5595 5594 2210
f 5596 5597 5594 5595
f 2144 2143 5594 5597
f 2144 5597 5598 2145
f 5596 5599 5598 5597
f 5600 5601 5598 5599
f 2146 2145 5598 5601
f 2146 5601 5602 5497
f 5600 5603 5602 5601
f 5604 5605 5602 5603
f 5498 5497 5602 5605
f 5498 5605 5606 5501
f 5604 5607 5606 5605
f 5608 5609 5606 5607
f 5610 5611 5606 5609
f 5612 5613 5606 5611
f 5502 5501 5606 5613
g exterior
f 5614 5615 5616 5617
f 5618 5619 5616 5615
f 5620 5621 5616 5619
f 5622 5623 5616 5621
f 5516 5624 5616 5623
f 5625 5617 5616 5624
f 5516 5623 5626 5517
f 5622 5627 5626 5623
f 5628 5629 5626 5627
f 5518 5517 5626 5629
f 5518 5629 5630 5521
f 5628 5631 5630 5629
f 2213 2211 5630 5631
f 2154 5521 5630 2211
f 2168 2167 5632 5523
f 2166 2230 5632 2167
f 2236 5633 5632 2230
f 5524 5523 5632 5633
f 5524 5633 5634 5527
f 2236 2235 5634 5633
f 2234 5635 5634 2235
f 5528 5527 5634 5635
f 5528 5635 5636 5532
f 2234 2238 5636 5635
f 2244 5637 5636 2238
f 5533 5532 5636 5637
f 5533 5637 5638 5639
f 2244 2243 5638 5637
f 2242 5640 5638 2243
f 5641 5642 5638 5640
f 5643 5639 5638 5642
f 5641 5640 5644 5645
f 2242 2246 5644 5640
f 2252 5646 5644 2246
f 5647 5648 5644 5646
f 5649 5645 5644 5648
f 5647 5646 5650 5651
f 2252 2251 5650 5646
f 2250 5652 5650 2251
f 5653 5654 5650 5652
f 5655 5651 5650 5654
f 5653 5652 5656 5657
f 2250 2254 5656 5652
f 2260 5658 5656 2254
f 5659 5660 5656 5658
f 5661 5657 5656 5660
f 5659 5658 5662 5663
f 2260 2259 5662 5658
f 2258 5664 5662 2259
f 5665 5666 5662 5664
f 5667 5663 5662 5666
f 5665 5664 5668 5669
f 2258 2262 5668 5664
f 2268 5670 5668 2262
f 5671 5672 5668 5670
f 5673 5669 5668 5672
f 5671 5670 5674 5675
f 2268 2267 5674 5670
f 2266 5676 5674 2267
f 5677 5678 5674 5676
f 5679 5675 5674 5678
f 5677 5676 5680 5681
f 2266 2270 5680 5676
f 2276 5682 5680 2270
f 5546 5683 5680 5682
f 5684 5681 5680 5683
f 5546 5682 5685 5547
f 2276 2275 5685 5682
f 2274 5686 5685 2275
f 5548 5547 5685 5686
f 5548 5686 5687 5555
f 2274 2278 5687 5686
f 2283 5688 5687 2278
f 5556 5555 5687 5688
f 5556 5688 5689 5561
f 2283 2282 5689 5688
f 2176 2175 5689 2282
f 2174 5561 5689 2175
f 2188 2187 5690 5563
f 2186 2293 5690 2187
f 2301 5691 5690 2293
f 5564 5563 5690 5691
f 5564 5691 5692 5567
f 2301 2300 5692 5691
f 2299 5693 5692 2300
f 5568 5567 5692 5693
f 5568 5693 5694 5572
f 2299 5695 5694 5693
f 5696 5697 5694 5695
f 5698 5699 5694 5697
f 5573 5572 5694 5699
g interior
f 5584 5700 5701 5585
f 5702 5703 5701 5700
f 5704 5705 5701 5703
f 5706 5707 5701 5705
f 5708 5709 5701 5707
f 5586 5585 5701 5709
f 5586 5709 5710 5589
f 5708 5711 5710 5709
f 5712 5713 5710 5711
f 5590 5589 5710 5713
f 5590 5713 5714 5593
f 5712 5715 5714 5713
f 2197 2196 5714 5715
f 2195 5593 5714 2196
f 2209 2208 5716 5595
f 2207 5717 5716 2208
f 5718 5719 5716 5717
f 5596 5595 5716 5719
f 5596 5719 5720 5599
f 5718 5721 5720 5719
f 5722 5723 5720 5721
f 5600 5599 5720 5723
f 5600 5723 5724 5603
f 5722 5725 5724 5723
f 5726 5727 5724 5725
f 5728 5729 5724 5727
f 5730 5731 5724 5729
f 5604 5603 5724 5731
g exterior
f 5732 5733 5734 5735
f 5736 5737 5734 5733
f 5738 5739 5734 5737
f 5740 5741 5734 5739
f 5620 5742 5734 5741
f 5743 5735 5734 5742
f 5620 5741 5744 5621
f 5740 5745 5744 5741
f 2302 5746 5744 5745
f 5622 5621 5744 5746
f 5622 5746 5747 5627
f 2302 2305 5747 5746
f 2313 5748 5747 2305
f 5628 5627 5747 5748
f 5628 5748 5749 5631
f 2313 2312 5749 5748
f 2215 2214 5749 2312
f 2213 5631 5749 2214
f 2299 2298 5750 5695
f 2297 5751 5750 2298
f 5752 5753 5750 5751
f 5754 5755 5750 5753
f 5696 5695 5750 5755
g interior
f 5708 5756 5757 5711
f 5758 5759 5757 5756
f 5760 5761 5757 5759
f 5762 5763 5757 5761
f 5712 5711 5757 5763
f 5712 5763 5764 5715
f 5762 5765 5764 5763
f 5766 5767 5764 5765
f 2197 5715 5764 5767
f 2197 5767 5768 2198
f 5766 5769 5768 5767
f 5770 5771 5768 5769
f 2199 2198 5768 5771
f 2199 5771 5772 2200
f 5770 5773 5772 5771
f 5774 5775 5772 5773
f 2201 2200 5772 5775
f 2201 5775 5776 2204
f 5774 5777 5776 5775
f 5778 5779 5776 5777
f 2205 2204 5776 5779
f 2205 5779 5780 2206
f 5778 5781 5780 5779
f 5782 5783 5780 5781
f 2207 2206 5780 5783
f 2207 5783 5784 5717
f 5782 5785 5784 5783
f 5786 5787 5784 5785
f 5718 5717 5784 5787
f 5718 5787 5788 5721
f 5786 5789 5788 5787
f 5790 5791 5788 5789
f 5792 5793 5788 5791
f 5794 5795 5788 5793
f 5722 5721 5788 5795
g exterior
f 5738 5796 5797 5739
f 5798 5799 5797 5796
f 5800 5801 5797 5799
f 5802 5803 5797 5801
f 5740 5739 5797 5803
f 5740 5803 5804 5745
f 5802 5805 5804 5803
f 2306 2303 5804 5805
f 2302 5745 5804 2303
f 2297 2296 5806 5751
f 2295 5807 5806 2296
f 5808 5809 5806 5807
f 5752 5751 5806 5809
f 5752 5809 5810 5811
f 5808 5812 5810 5809
f 5813 5814 5810 5812
f 5815 5816 5810 5814
f 5817 5818 5810 5816
f 5819 5811 5810 5818
g interior
f 5760 5820 5821 5761
f 5822 5823 5821 5820
f 5824 5825 5821 5823
f 5826 5827 5821 5825
f 5828 5829 5821 5827
f 5762 5761 5821 5829
f 5762 5829 5830 5765
f 5828 5831 5830 5829
f 5832 5833 5830 5831
f 5834 5835 5830 5833
f 5766 5765 5830 5835
f 5766 5835 5836 5769
f 5834 5837 5836 5835
f 5838 5839 5836 5837
f 5770 5769 5836 5839
f 5770 5839 5840 5773
f 5838 5841 5840 5839
f 5842 5843 5840 5841
f 5774 5773 5840 5843
f 5774 5843 5844 5777
f 5842 5845 5844 5843
f 5846 5847 5844 5845
f 5778 5777 5844 5847
f 5778 5847 5848 5781
f 5846 5849 5848 5847
f 5850 5851 5848 5849
f 5782 5781 5848 5851
f 5782 5851 5852 5785
f 5850 5853 5852 5851
f 5854 5855 5852 5853
f 5856 5857 5852 5855
f 5858 5859 5852 5857
f 5786 5785 5852 5859
g exterior
f 5860 5861 5862 5863
f 5864 5865 5862 5861
f 5866 5867 5862 5865
f 2350 5868 5862 5867
f 5800 5869 5862 5868
f 5870 5863 5862 5869
f 5800 5868 5871 5801
f 2350 2353 5871 5868
f 2361 5872 5871 2353
f 5802 5801 5871 5872
f 5802 5872 5873 5805
f 2361 2360 5873 5872
f 2308 2307 5873 2360
f 2306 5805 5873 2307
f 2295 2349 5874 5807
f 2348 5875 5874 2349
f 5876 5877 5874 5875
f 5808 5807 5874 5877
f 5808 5877 5878 5812
f 5876 5879 5878 5877
f 5880 5881 5878 5879
f 5813 5812 5878 5881
f 5813 5881 5882 5883
f 5880 5884 5882 5881
f 5885 5886 5882 5884
f 5887 5888 5882 5886
f 5889 5890 5882 5888
f 5891 5883 5882 5890
g interior
f 5834 5892 5893 5837
f 5894 5895 5893 5892
f 5896 5897 5893 5895
f 5898 5899 5893 5897
f 5900 5901 5893 5899
f 5838 5837 5893 5901
f 5838 5901 5902 5841
f 5900 5903 5902 5901
f 5904 5905 5902 5903
f 5906 5907 5902 5905
f 5842 5841 5902 5907
f 5842 5907 5908 5845
f 5906 5909 5908 5907
f 5910 5911 5908 5909
f 5912 5913 5908 5911
f 5846 5845 5908 5913
f 5846 5913 5914 5849
f 5912 5915 5914 5913
f 5916 5917 5914 5915
f 5918 5919 5914 5917
f 5920 5921 5914 5919
f 5850 5849 5914 5921
g exterior
f 5922 5923 5924 5925
f 5926 5927 5924 5923
f 5928 5929 5924 5927
f 5930 5931 5924 5929
f 5866 5932 5924 5931
f 5933 5925 5924 5932
f 5866 5931 5934 5867
f 5930 5935 5934 5931
f 2354 2351 5934 5935
f 2350 5867 5934 2351
f 2348 2347 5936 5875
f 2346 2377 5936 2347
f 2385 5937 5936 2377
f 5876 5875 5936 5937
f 5876 5937 5938 5879
f 2385 2384 5938 5937
f 2383 5939 5938 2384
f 5880 5879 5938 5939
f 5880 5939 5940 5884
f 2383 5941 5940 5939
f 5942 5943 5940 5941
f 5944 5945 5940 5943
f 5885 5884 5940 5945
f 5946 5947 5948 5949
f 5950 5951 5948 5947
f 5952 5953 5948 5951
f 2386 5954 5948 5953
f 5928 5955 5948 5954
f 5956 5949 5948 5955
f 5928 5954 5957 5929
f 2386 2389 5957 5954
f 2397 5958 5957 2389
f 5930 5929 5957 5958
f 5930 5958 5959 5935
f 2397 2396 5959 5958
f 2356 2355 5959 2396
f 2354 5935 5959 2355
f 2383 2382 5960 5941
f 2381 5961 5960 2382
f 5962 5963 5960 5961
f 5942 5941 5960 5963
f 5942 5963 5964 5965
f 5962 5966 5964 5963
f 5967 5968 5964 5966
f 5969 5970 5964 5968
f 5971 5965 5964 5970
f 5969 5968 5972 5973
f 5967 5974 5972 5968
f 5975 5976 5972 5974
f 5977 5978 5972 5976
f 5979 5980 5972 5978
f 5981 5973 5972 5980
f 5982 5983 5984 5985
f 5986 5987 5984 5983
f 5988 5989 5984 5987
f 5990 5991 5984 5989
f 5992 5993 5984 5991
f 5994 5985 5984 5993
f 5992 5991 5995 5996
f 5990 5997 5995 5991
f 5998 5999 5995 5997
f 5952 6000 5995 5999
f 6001 5996 5995 6000
f 5952 5999 6002 5953
f 5998 6003 6002 5999
f 2390 2387 6002 6003
f 2386 5953 6002 2387
f 2381 2380 6004 5961
f 2379 2411 6004 2380
f 2415 6005 6004 2411
f 5962 5961 6004 6005
f 5962 6005 6006 5966
f 2415 2414 6006 6005
f 2413 6007 6006 2414
f 5967 5966 6006 6007
f 5967 6007 6008 5974
f 2413 2417 6008 6007
f 2421 6009 6008 2417
f 5975 5974 6008 6009
f 5975 6009 6010 6011
f 2421 2420 6010 6009
f 2419 6012 6010 2420
f 6013 6014 6010 6012
f 6015 6011 6010 6014
f 6013 6012 6016 6017
f 2419 2423 6016 6012
f 2427 6018 6016 2423
f 6019 6020 6016 6018
f 6021 6017 6016 6020
f 6019 6018 6022 6023
f 2427 2426 6022 6018
f 2425 6024 6022 2426
f 6025 6026 6022 6024
f 6027 6023 6022 6026
f 6025 6024 6028 6029
f 2425 2429 6028 6024
f 2433 6030 6028 2429
f 6031 6032 6028 6030
f 6033 6029 6028 6032
f 6031 6030 6034 6035
f 2433 2432 6034 6030
f 2431 6036 6034 2432
f 6037 6038 6034 6036
f 6039 6035 6034 6038
f 6037 6036 6040 6041
f 2431 2435 6040 6036
f 2439 6042 6040 2435
f 5988 6043 6040 6042
f 6044 6041 6040 6043
f 5988 6042 6045 5989
f 2439 2438 6045 6042
f 2437 6046 6045 2438
f 5990 5989 6045 6046
f 5990 6046 6047 5997
f 2437 2441 6047 6046
f 2444 6048 6047 2441
f 5998 5997 6047 6048
f 5998 6048 6049 6003
f 2444 2443 6049 6048
f 2392 2391 6049 2443
f 2390 6003 6049 2391
f 2460 2525 6050 2463
f 2524 6051 6050 2525
f 6052 6053 6050 6051
f 2464 2463 6050 6053
f 2464 6053 6054 2465
f 6052 6055 6054 6053
f 6056 6057 6054 6055
f 2466 2465 6054 6057
f 2466 6057 6058 2469
f 6056 6059 6058 6057
f 6060 6061 6058 6059
f 2470 2469 6058 6061
f 2470 6061 6062 2471
f 6060 6063 6062 6061
f 6064 6065 6062 6063
f 2472 2471 6062 6065
f 2472 6065 6066 2475
f 6064 6067 6066 6065
f 6068 6069 6066 6067
f 2476 2475 6066 6069
f 2476 6069 6070 2477
f 6068 6071 6070 6069
f 6072 6073 6070 6071
f 2478 2477 6070 6073
f 2478 6073 6074 2481
f 6072 6075 6074 6073
f 6076 6077 6074 6075
f 2482 2481 6074 6077
f 2482 6077 6078 2483
f 6076 6079 6078 6077
f 6080 6081 6078 6079
f 2484 2483 6078 6081
f 2484 6081 6082 2487
f 6080 6083 6082 6081
f 6084 6085 6082 6083
f 2488 2487 6082 6085
f 2488 6085 6086 2489
f 6084 6087 6086 6085
f 6088 6089 6086 6087
f 2490 2489 6086 6089
f 2490 6089 6090 2493
f 6088 6091 6090 6089
f 6092 6093 6090 6091
f 2494 2493 6090 6093
f 2494 6093 6094 2495
f 6092 6095 6094 6093
f 2528 2526 6094 6095
f 2496 2495 6094 2526
f 2524 2523 6096 6051
f 2522 6097 6096 2523
f 6098 6099 6096 6097
f 6052 6051 6096 6099
g interior
f 6100 6101 6102 6103
f 6104 6105 6102 6101
f 6106 6103 6102 6105
g exterior
f 6052 6099 6107 6055
f 6098 6108 6107 6099
f 6100 6103 6107 6108
f 6106 6109 6107 6103
f 6056 6055 6107 6109
g interior
f 6106 6105 6110 6111
f 6104 6112 6110 6105
f 6113 6114 6110 6112
f 6115 6111 6110 6114
g exterior
f 6056 6109 6116 6059
f 6106 6111 6116 6109
f 6115 6117 6116 6111
f 6060 6059 6116 6117
g interior
f 6115 6114 6118 6119
f 6113 6120 6118 6114
f 6121 6122 6118 6120
f 6123 6119 6118 6122
g exterior
f 6060 6117 6124 6063
f 6115 6119 6124 6117
f 6123 6125 6124 6119
f 6064 6063 6124 6125
g interior
f 6123 6122 6126 6127
f 6121 6128 6126 6122
f 6129 6130 6126 6128
f 6131 6127 6126 6130
g exterior
f 6064 6125 6132 6067
f 6123 6127 6132 6125
f 6131 6133 6132 6127
f 6068 6067 6132 6133
g interior
f 6131 6130 6134 6135
f 6129 6136 6134 6130
f 6137 6138 6134 6136
f 6139 6135 6134 6138
g exterior
f 6068 6133 6140 6071
f 6131 6135 6140 6133
f 6139 6141 6140 6135
f 6072 6071 6140 6141
g interior
f 6139 6138 6142 6143
f 6137 6144 6142 6138
f 6145 6146 6142 6144
f 6147 6143 6142 6146
g exterior
f 6072 6141 6148 6075
f 6139 6143 6148 6141
f 6147 6149 6148 6143
f 6076 6075 6148 6149
g interior
f 6147 6146 6150 6151
f 6145 6152 6150 6146
f 6153 6154 6150 6152
f 6155 6151 6150 6154
g exterior
f 6076 6149 6156 6079
f 6147 6151 6156 6149
f 6155 6157 6156 6151
f 6080 6079 6156 6157
g interior
f 6155 6154 6158 6159
f 6153 6160 6158 6154
f 6161 6162 6158 6160
f 6163 6159 6158 6162
g exterior
f 6080 6157 6164 6083
f 6155 6159 6164 6157
f 6163 6165 6164 6159
f 6084 6083 6164 6165
g interior
f 6163 6162 6166 6167
f 6161 6168 6166 6162
f 6169 6167 6166 6168
g exterior
f 6084 6165 6170 6087
f 6163 6167 6170 6165
f 6169 6171 6170 6167
f 6172 6173 6170 6171
f 6088 6087 6170 6173
f 6088 6173 6174 6091
f 6172 6175 6174 6173
f 6176 6177 6174 6175
f 6092 6091 6174 6177
f 6092 6177 6178 6095
f 6176 6179 6178 6177
f 2530 2529 6178 6179
f 2528 6095 6178 2529
f 2510 2557 6180 2513
f 2556 6181 6180 2557
f 6182 6183 6180 6181
f 2514 2513 6180 6183
f 2514 6183 6184 2515
f 6182 6185 6184 6183
f 6186 6187 6184 6185
f 2516 2515 6184 6187
f 2516 6187 6188 2519
f 6186 6189 6188 6187
f 6190 6191 6188 6189
f 2520 2519 6188 6191
f 2520 6191 6192 2521
f 6190 6193 6192 6191
f 6194 6195 6192 6193
f 2522 2521 6192 6195
g interior
f 6196 6197 6198 6199
f 6200 6201 6198 6197
f 6202 6199 6198 6201
g exterior
f 2522 6195 6203 6097
f 6194 6204 6203 6195
f 6196 6199 6203 6204
f 6202 6205 6203 6199
f 6098 6097 6203 6205
g interior
f 6202 6201 6206 6207
f 6200 6208 6206 6201
f 6209 6210 6206 6208
f 6104 6101 6206 6210
f 6100 6207 6206 6101
g exterior
f 6098 6205 6211 6108
f 6202 6207 6211 6205
f 6100 6108 6211 6207
g interior
f 6104 6210 6212 6112
f 6209 6213 6212 6210
f 6214 6215 6212 6213
f 6113 6112 6212 6215
f 6113 6215 6216 6120
f 6214 6217 6216 6215
f 6218 6219 6216 6217
f 6121 6120 6216 6219
f 6121 6219 6220 6128
f 6218 6221 6220 6219
f 6222 6223 6220 6221
f 6129 6128 6220 6223
f 6129 6223 6224 6136
f 6222 6225 6224 6223
f 6226 6227 6224 6225
f 6137 6136 6224 6227
f 6137 6227 6228 6144
f 6226 6229 6228 6227
f 6230 6231 6228 6229
f 6145 6144 6228 6231
f 6145 6231 6232 6152
f 6230 6233 6232 6231
f 6234 6235 6232 6233
f 6153 6152 6232 6235
f 6153 6235 6236 6160
f 6234 6237 6236 6235
f 6238 6239 6236 6237
f 6161 6160 6236 6239
f 6161 6239 6240 6168
f 6238 6241 6240 6239
f 6242 6243 6240 6241
f 6244 6245 6240 6243
f 6169 6168 6240 6245
g exterior
f 6244 6246 6247 6245
f 6172 6171 6247 6246
f 6169 6245 6247 6171
g interior
f 6244 6243 6248 6249
f 6242 6250 6248 6243
f 6251 6252 6248 6250
f 6253 6249 6248 6252
g exterior
f 6172 6246 6254 6175
f 6244 6249 6254 6246
f 6253 6255 6254 6249
f 6176 6175 6254 6255
g interior
f 6253 6252 6256 6257
f 6251 6258 6256 6252
f 6259 6257 6256 6258
g exterior
f 6176 6255 6260 6179
f 6253 6257 6260 6255
f 6259 6261 6260 6257
f 6262 6263 6260 6261
f 2530 6179 6260 6263
f 2530 6263 6264 2531
f 6262 6265 6264 6263
f 6266 6267 6264 6265
f 2532 2531 6264 6267
f 2532 6267 6268 2533
f 6266 6269 6268 6267
f 6270 6271 6268 6269
f 2534 2533 6268 6271
f 2534 6271 6272 2537
f 6270 6273 6272 6271
f 6274 6275 6272 6273
f 2538 2537 6272 6275
f 2538 6275 6276 2539
f 6274 6277 6276 6275
f 2560 2558 6276 6277
f 2540 2539 6276 2558
f 2556 2555 6278 6181
f 2554 6279 6278 2555
f 6280 6281 6278 6279
f 6182 6181 6278 6281
f 6182 6281 6282 6185
f 6280 6283 6282 6281
f 6284 6285 6282 6283
f 6186 6185 6282 6285
g interior
f 6286 6287 6288 6289
f 6290 6291 6288 6287
f 6292 6289 6288 6291
g exterior
f 6186 6285 6293 6189
f 6284 6294 6293 6285
f 6286 6289 6293 6294
f 6292 6295 6293 6289
f 6190 6189 6293 6295
g interior
f 6292 6291 6296 6297
f 6290 6298 6296 6291
f 6299 6300 6296 6298
f 6301 6297 6296 6300
g exterior
f 6190 6295 6302 6193
f 6292 6297 6302 6295
f 6301 6303 6302 6297
f 6194 6193 6302 6303
g interior
f 6301 6300 6304 6305
f 6299 6306 6304 6300
f 6307 6308 6304 6306
f 6200 6197 6304 6308
f 6196 6305 6304 6197
g exterior
f 6194 6303 6309 6204
f 6301 6305 6309 6303
f 6196 6204 6309 6305
g interior
f 6200 6308 6310 6208
f 6307 6311 6310 6308
f 2590 6312 6310 6311
f 6209 6208 6310 6312
f 6209 6312 6313 6213
f 2590 2593 6313 6312
f 2602 6314 6313 2593
f 6214 6213 6313 6314
f 6214 6314 6315 6217
f 2602 2601 6315 6314
f 2600 6316 6315 2601
f 6218 6217 6315 6316
f 6218 6316 6317 6221
f 2600 2604 6317 6316
f 2610 6318 6317 2604
f 6222 6221 6317 6318
f 6222 6318 6319 6225
f 2610 2609 6319 6318
f 2608 6320 6319 2609
f 6226 6225 6319 6320
f 6226 6320 6321 6229
f 2608 2612 6321 6320
f 2618 6322 6321 2612
f 6230 6229 6321 6322
f 6230 6322 6323 6233
f 2618 2617 6323 6322
f 2616 6324 6323 2617
f 6234 6233 6323 6324
f 6234 6324 6325 6237
f 2616 2620 6325 6324
f 2628 6326 6325 2620
f 6238 6237 6325 6326
f 6238 6326 6327 6241
f 2628 2627 6327 6326
f 2626 6328 6327 2627
f 6242 6241 6327 6328
f 6242 6328 6329 6250
f 2626 6330 6329 6328
f 6331 6332 6329 6330
f 6251 6250 6329 6332
f 6251 6332 6333 6258
f 6331 6334 6333 6332
f 6335 6336 6333 6334
f 6337 6338 6333 6336
f 6259 6258 6333 6338
g exterior
f 6337 6339 6340 6338
f 6262 6261 6340 6339
f 6259 6338 6340 6261
g interior
f 6337 6336 6341 6342
f 6335 6343 6341 6336
f 6344 6342 6341 6343
g exterior
f 6262 6339 6345 6265
f 6337 6342 6345 6339
f 6344 6346 6345 6342
f 6347 6348 6345 6346
f 6266 6265 6345 6348
f 6266 6348 6349 6269
f 6347 6350 6349 6348
f 6351 6352 6349 6350
f 6270 6269 6349 6352
f 6270 6352 6353 6273
f 6351 6354 6353 6352
f 6355 6356 6353 6354
f 6274 6273 6353 6356
f 6274 6356 6357 6277
f 6355 6358 6357 6356
f 2562 2561 6357 6358
f 2560 6277 6357 2561
f 2554 2589 6359 6279
f 2588 6360 6359 2589
f 6361 6362 6359 6360
f 6280 6279 6359 6362
g interior
f 6363 6364 6365 6366
f 6367 6368 6365 6364
f 6369 6366 6365 6368
g exterior
f 6280 6362 6370 6283
f 6361 6371 6370 6362
f 6363 6366 6370 6371
f 6369 6372 6370 6366
f 6284 6283 6370 6372
g interior
f 6369 6368 6373 6374
f 6367 6375 6373 6368
f 6376 6377 6373 6375
f 6290 6287 6373 6377
f 6286 6374 6373 6287
g exterior
f 6284 6372 6378 6294
f 6369 6374 6378 6372
f 6286 6294 6378 6374
g interior
f 6290 6377 6379 6298
f 6376 6380 6379 6377
f 6381 6382 6379 6380
f 6299 6298 6379 6382
f 6299 6382 6383 6306
f 6381 6384 6383 6382
f 6385 6386 6383 6384
f 6307 6306 6383 6386
f 6307 6386 6387 6311
f 6385 6388 6387 6386
f 2594 2591 6387 6388
f 2590 6311 6387 2591
f 2626 2625 6389 6330
f 2624 6390 6389 2625
f 6391 6392 6389 6390
f 6331 6330 6389 6392
f 6331 6392 6393 6334
f 6391 6394 6393 6392
f 6395 6396 6393 6394
f 6335 6334 6393 6396
f 6335 6396 6397 6343
f 6395 6398 6397 6396
f 6399 6400 6397 6398
f 6401 6402 6397 6400
f 6344 6343 6397 6402
g exterior
f 6401 6403 6404 6402
f 6347 6346 6404 6403
f 6344 6402 6404 6346
g interior
f 6401 6400 6405 6406
f 6399 6407 6405 6400
f 6408 6406 6405 6407
g exterior
f 6347 6403 6409 6350
f 6401 6406 6409 6403
f 6408 6410 6409 6406
f 6411 6412 6409 6410
f 6351 6350 6409 6412
f 6351 6412 6413 6354
f 6411 6414 6413 6412
f 6415 6416 6413 6414
f 6355 6354 6413 6416
f 6355 6416 6417 6358
f 6415 6418 6417 6416
f 6419 6420 6417 6418
f 2562 6358 6417 6420
f 2562 6420 6421 2563
f 6419 6422 6421 6420
f 6423 6424 6421 6422
f 2564 2563 6421 6424
f 2564 6424 6425 2565
f 6423 6426 6425 6424
f 2631 2629 6425 6426
f 2566 2565 6425 2629
f 2588 2587 6427 6360
f 2586 6428 6427 2587
f 6429 6430 6427 6428
f 6361 6360 6427 6430
g interior
f 6431 6432 6433 6434
f 2653 6435 6433 6432
f 6367 6364 6433 6435
f 6363 6434 6433 6364
g exterior
f 6361 6430 6436 6371
f 6429 6437 6436 6430
f 6431 6434 6436 6437
f 6363 6371 6436 6434
g interior
f 6367 6435 6438 6375
f 2653 2656 6438 6435
f 2665 6439 6438 2656
f 6376 6375 6438 6439
f 6376 6439 6440 6380
f 2665 2664 6440 6439
f 2663 6441 6440 2664
f 6381 6380 6440 6441
f 6381 6441 6442 6384
f 2663 2667 6442 6441
f 2672 6443 6442 2667
f 6385 6384 6442 6443
f 6385 6443 6444 6388
f 2672 2671 6444 6443
f 2596 2595 6444 2671
f 2594 6388 6444 2595
f 2624 2623 6445 6390
f 2622 2690 6445 2623
f 2698 6446 6445 2690
f 6391 6390 6445 6446
f 6391 6446 6447 6394
f 2698 2697 6447 6446
f 2696 6448 6447 2697
f 6395 6394 6447 6448
f 6395 6448 6449 6398
f 2696 6450 6449 6448
f 6451 6452 6449 6450
f 6399 6398 6449 6452
f 6399 6452 6453 6407
f 6451 6454 6453 6452
f 6455 6456 6453 6454
f 6457 6458 6453 6456
f 6408 6407 6453 6458
g exterior
f 6457 6459 6460 6458
f 6411 6410 6460 6459
f 6408 6458 6460 6410
g interior
f 6457 6456 6461 6462
f 6455 6463 6461 6456
f 6464 6465 6461 6463
f 6466 6462 6461 6465
g exterior
f 6411 6459 6467 6414
f 6457 6462 6467 6459
f 6466 6468 6467 6462
f 6415 6414 6467 6468
g interior
f 6466 6465 6469 6470
f 6464 6471 6469 6465
f 6472 6470 6469 6471
g exterior
f 6415 6468 6473 6418
f 6466 6470 6473 6468
f 6472 6474 6473 6470
f 6475 6476 6473 6474
f 6419 6418 6473 6476
f 6419 6476 6477 6422
f 6475 6478 6477 6476
f 6479 6480 6477 6478
f 6423 6422 6477 6480
f 6423 6480 6481 6426
f 6479 6482 6481 6480
f 2633 2632 6481 6482
f 2631 6426 6481 2632
f 2580 2652 6483 2583
f 2651 6484 6483 2652
f 6485 6486 6483 6484
f 2584 2583 6483 6486
f 2584 6486 6487 2585
f 6485 6488 6487 6486
f 6489 6490 6487 6488
f 2586 2585 6487 6490
g interior
f 6491 6492 6493 6494
f 6495 6496 6493 6492
f 6497 6494 6493 6496
g exterior
f 2586 6490 6498 6428
f 6489 6499 6498 6490
f 6491 6494 6498 6499
f 6497 6500 6498 6494
f 6429 6428 6498 6500
g interior
f 6497 6496 6501 6502
f 6495 6503 6501 6496
f 2657 2654 6501 6503
f 2653 6432 6501 2654
f 6431 6502 6501 6432
g exterior
f 6429 6500 6504 6437
f 6497 6502 6504 6500
f 6431 6437 6504 6502
g interior
f 2696 2695 6505 6450
f 2694 6506 6505 2695
f 6507 6508 6505 6506
f 6451 6450 6505 6508
f 6451 6508 6509 6454
f 6507 6510 6509 6508
f 6511 6512 6509 6510
f 6455 6454 6509 6512
f 6455 6512 6513 6463
f 6511 6514 6513 6512
f 6515 6516 6513 6514
f 6464 6463 6513 6516
f 6464 6516 6517 6471
f 6515 6518 6517 6516
f 6519 6520 6517 6518
f 6521 6522 6517 6520
f 6472 6471 6517 6522
g exterior
f 6521 6523 6524 6522
f 6475 6474 6524 6523
f 6472 6522 6524 6474
g interior
f 6521 6520 6525 6526
f 6519 6527 6525 6520
f 6528 6526 6525 6527
g exterior
f 6475 6523 6529 6478
f 6521 6526 6529 6523
f 6528 6530 6529 6526
f 6531 6532 6529 6530
f 6479 6478 6529 6532
f 6479 6532 6533 6482
f 6531 6534 6533 6532
f 6535 6536 6533 6534
f 2633 6482 6533 6536
f 2633 6536 6537 2634
f 6535 6538 6537 6536
f 6539 6540 6537 6538
f 2635 2634 6537 6540
f 2635 6540 6541 2636
f 6539 6542 6541 6540
f 2701 2699 6541 6542
f 2637 2636 6541 2699
f 2651 2650 6543 6484
f 2649 6544 6543 2650
f 6545 6546 6543 6544
f 6485 6484 6543 6546
g interior
f 6547 6548 6549 6550
f 6551 6552 6549 6548
f 6553 6550 6549 6552
g exterior
f 6485 6546 6554 6488
f 6545 6555 6554 6546
f 6547 6550 6554 6555
f 6553 6556 6554 6550
f 6489 6488 6554 6556
g interior
f 6553 6552 6557 6558
f 6551 6559 6557 6552
f 6560 6561 6557 6559
f 6495 6492 6557 6561
f 6491 6558 6557 6492
g exterior
f 6489 6556 6562 6499
f 6553 6558 6562 6556
f 6491 6499 6562 6558
g interior
f 6495 6561 6563 6503
f 6560 6564 6563 6561
f 2659 2658 6563 6564
f 2657 6503 6563 2658
f 2694 2693 6565 6506
f 2692 2745 6565 2693
f 2753 6566 6565 2745
f 6507 6506 6565 6566
f 6507 6566 6567 6510
f 2753 2752 6567 6566
f 2751 6568 6567 2752
f 6511 6510 6567 6568
f 6511 6568 6569 6514
f 2751 6570 6569 6568
f 6571 6572 6569 6570
f 6515 6514 6569 6572
f 6515 6572 6573 6518
f 6571 6574 6573 6572
f 6575 6576 6573 6574
f 6519 6518 6573 6576
f 6519 6576 6577 6527
f 6575 6578 6577 6576
f 6579 6580 6577 6578
f 6581 6582 6577 6580
f 6528 6527 6577 6582
g exterior
f 6581 6583 6584 6582
f 6531 6530 6584 6583
f 6528 6582 6584 6530
g interior
f 6581 6580 6585 6586
f 6579 6587 6585 6580
f 6588 6586 6585 6587
g exterior
f 6531 6583 6589 6534
f 6581 6586 6589 6583
f 6588 6590 6589 6586
f 6591 6592 6589 6590
f 6535 6534 6589 6592
f 6535 6592 6593 6538
f 6591 6594 6593 6592
f 6595 6596 6593 6594
f 6539 6538 6593 6596
f 6539 6596 6597 6542
f 6595 6598 6597 6596
f 2703 2702 6597 6598
f 2701 6542 6597 2702
f 2643 2720 6599 2646
f 2719 6600 6599 2720
f 6601 6602 6599 6600
f 2647 2646 6599 6602
f 2647 6602 6603 2648
f 6601 6604 6603 6602
f 6605 6606 6603 6604
f 2649 2648 6603 6606
f 2649 6606 6607 6544
f 6605 6608 6607 6606
f 6609 6610 6607 6608
f 6545 6544 6607 6610
g interior
f 6611 6612 6613 6614
f 6615 6616 6613 6612
f 6551 6548 6613 6616
f 6547 6614 6613 6548
g exterior
f 6545 6610 6617 6555
f 6609 6618 6617 6610
f 6611 6614 6617 6618
f 6547 6555 6617 6614
g interior
f 6551 6616 6619 6559
f 6615 6620 6619 6616
f 6621 6622 6619 6620
f 6560 6559 6619 6622
f 6560 6622 6623 6564
f 6621 6624 6623 6622
f 2723 2721 6623 6624
f 2659 6564 6623 2721
f 2751 2750 6625 6570
f 2749 6626 6625 2750
f 6627 6628 6625 6626
f 6571 6570 6625 6628
f 6571 6628 6629 6574
f 6627 6630 6629 6628
f 6631 6632 6629 6630
f 6575 6574 6629 6632
f 6575 6632 6633 6578
f 6631 6634 6633 6632
f 6635 6636 6633 6634
f 6579 6578 6633 6636
f 6579 6636 6637 6587
f 6635 6638 6637 6636
f 6639 6640 6637 6638
f 6641 6642 6637 6640
f 6588 6587 6637 6642
g exterior
f 6641 6643 6644 6642
f 6591 6590 6644 6643
f 6588 6642 6644 6590
g interior
f 6641 6640 6645 6646
f 6639 6647 6645 6640
f 6648 6646 6645 6647
g exterior
f 6591 6643 6649 6594
f 6641 6646 6649 6643
f 6648 6650 6649 6646
f 6651 6652 6649 6650
f 6595 6594 6649 6652
f 6595 6652 6653 6598
f 6651 6654 6653 6652
f 6655 6656 6653 6654
f 2703 6598 6653 6656
f 2703 6656 6657 2704
f 6655 6658 6657 6656
f 6659 6660 6657 6658
f 2705 2704 6657 6660
f 2705 6660 6661 2706
f 6659 6662 6661 6660
f 2756 2754 6661 6662
f 2707 2706 6661 2754
f 2719 2718 6663 6600
f 2717 6664 6663 2718
f 6665 6666 6663 6664
f 6601 6600 6663 6666
f 6601 6666 6667 6604
f 6665 6668 6667 6666
f 6669 6670 6667 6668
f 6605 6604 6667 6670
g interior
f 6671 6672 6673 6674
f 6675 6676 6673 6672
f 6677 6674 6673 6676
g exterior
f 6605 6670 6678 6608
f 6669 6679 6678 6670
f 6671 6674 6678 6679
f 6677 6680 6678 6674
f 6609 6608 6678 6680
g interior
f 6677 6676 6681 6682
f 6675 6683 6681 6676
f 2848 6684 6681 6683
f 6615 6612 6681 6684
f 6611 6682 6681 6612
g exterior
f 6609 6680 6685 6618
f 6677 6682 6685 6680
f 6611 6618 6685 6682
g interior
f 6615 6684 6686 6620
f 2848 2851 6686 6684
f 2859 6687 6686 2851
f 6621 6620 6686 6687
f 6621 6687 6688 6624
f 2859 2858 6688 6687
f 2725 2724 6688 2858
f 2723 6624 6688 2724
f 2749 2748 6689 6626
f 2747 2875 6689 2748
f 2883 6690 6689 2875
f 6627 6626 6689 6690
f 6627 6690 6691 6630
f 2883 2882 6691 6690
f 2881 6692 6691 2882
f 6631 6630 6691 6692
f 6631 6692 6693 6634
f 2881 6694 6693 6692
f 6695 6696 6693 6694
f 6635 6634 6693 6696
f 6635 6696 6697 6638
f 6695 6698 6697 6696
f 6699 6700 6697 6698
f 6639 6638 6697 6700
f 6639 6700 6701 6647
f 6699 6702 6701 6700
f 6703 6704 6701 6702
f 6648 6647 6701 6704
g exterior
f 6703 6705 6706 6704
f 6707 6708 6706 6705
f 6651 6650 6706 6708
f 6648 6704 6706 6650
f 6651 6708 6709 6654
f 6707 6710 6709 6708
f 6711 6712 6709 6710
f 6655 6654 6709 6712
f 6655 6712 6713 6658
f 6711 6714 6713 6712
f 6715 6716 6713 6714
f 6659 6658 6713 6716
f 6659 6716 6717 6662
f 6715 6718 6717 6716
f 2758 2757 6717 6718
f 2756 6662 6717 2757
f 2717 2847 6719 6664
f 2846 6720 6719 2847
f 6721 6722 6719 6720
f 6665 6664 6719 6722
f 6665 6722 6723 6668
f 6721 6724 6723 6722
f 6725 6726 6723 6724
f 6669 6668 6723 6726
g interior
f 6727 6728 6729 6730
f 6731 6732 6729 6728
f 6675 6672 6729 6732
f 6671 6730 6729 6672
g exterior
f 6669 6726 6733 6679
f 6725 6734 6733 6726
f 6727 6730 6733 6734
f 6671 6679 6733 6730
g interior
f 6675 6732 6735 6683
f 6731 6736 6735 6732
f 2852 2849 6735 6736
f 2848 6683 6735 2849
f 2881 2880 6737 6694
f 2879 6738 6737 2880
f 6739 6740 6737 6738
f 6695 6694 6737 6740
f 6695 6740 6741 6698
f 6739 6742 6741 6740
f 6743 6744 6741 6742
f 6699 6698 6741 6744
f 6699 6744 6745 6702
f 6743 6746 6745 6744
f 6747 6748 6745 6746
f 6749 6750 6745 6748
f 6703 6702 6745 6750
g exterior
f 6749 6751 6752 6750
f 6707 6705 6752 6751
f 6703 6750 6752 6705
g interior
f 6749 6748 6753 6754
f 6747 6755 6753 6748
f 6756 6754 6753 6755
g exterior
f 6707 6751 6757 6710
f 6749 6754 6757 6751
f 6756 6758 6757 6754
f 6759 6760 6757 6758
f 6711 6710 6757 6760
f 6711 6760 6761 6714
f 6759 6762 6761 6760
f 6763 6764 6761 6762
f 6715 6714 6761 6764
f 6715 6764 6765 6718
f 6763 6766 6765 6764
f 2886 2884 6765 6766
f 2758 6718 6765 2884
f 2846 2845 6767 6720
f 2844 6768 6767 2845
f 6769 6770 6767 6768
f 6721 6720 6767 6770
g interior
f 6771 6772 6773 6774
f 6775 6776 6773 6772
f 6777 6774 6773 6776
g exterior
f 6721 6770 6778 6724
f 6769 6779 6778 6770
f 6771 6774 6778 6779
f 6777 6780 6778 6774
f 6725 6724 6778 6780
g interior
f 6777 6776 6781 6782
f 6775 6783 6781 6776
f 6784 6785 6781 6783
f 6731 6728 6781 6785
f 6727 6782 6781 6728
g exterior
f 6725 6780 6786 6734
f 6777 6782 6786 6780
f 6727 6734 6786 6782
g interior
f 6731 6785 6787 6736
f 6784 6788 6787 6785
f 2854 2853 6787 6788
f 2852 6736 6787 2853
f 2879 2878 6789 6738
f 2877 2973 6789 2878
f 2981 6790 6789 2973
f 6739 6738 6789 6790
f 6739 6790 6791 6742
f 2981 2980 6791 6790
f 2979 6792 6791 2980
f 6743 6742 6791 6792
f 6743 6792 6793 6746
f 2979 6794 6793 6792
f 6795 6796 6793 6794
f 6747 6746 6793 6796
f 6747 6796 6797 6755
f 6795 6798 6797 6796
f 6799 6800 6797 6798
f 6801 6802 6797 6800
f 6756 6755 6797 6802
g exterior
f 6801 6803 6804 6802
f 6759 6758 6804 6803
f 6756 6802 6804 6758
g interior
f 6801 6800 6805 6806
f 6799 6807 6805 6800
f 6808 6806 6805 6807
g exterior
f 6759 6803 6809 6762
f 6801 6806 6809 6803
f 6808 6810 6809 6806
f 6811 6812 6809 6810
f 6763 6762 6809 6812
f 6763 6812 6813 6766
f 6811 6814 6813 6812
f 2888 2887 6813 6814
f 2886 6766 6813 2887
f 2774 2919 6815 2777
f 2918 6816 6815 2919
f 6817 6818 6815 6816
f 2778 2777 6815 6818
f 2778 6818 6819 2779
f 6817 6820 6819 6818
f 6821 6822 6819 6820
f 2780 2779 6819 6822
f 2780 6822 6823 2783
f 6821 6824 6823 6822
f 6825 6826 6823 6824
f 2784 2783 6823 6826
f 2784 6826 6827 2785
f 6825 6828 6827 6826
f 6829 6830 6827 6828
f 2786 2785 6827 6830
f 2786 6830 6831 2789
f 6829 6832 6831 6830
f 6833 6834 6831 6832
f 2790 2789 6831 6834
f 2790 6834 6835 2791
f 6833 6836 6835 6834
f 6837 6838 6835 6836
f 2792 2791 6835 6838
f 2792 6838 6839 2795
f 6837 6840 6839 6838
f 6841 6842 6839 6840
f 2796 2795 6839 6842
f 2796 6842 6843 2797
f 6841 6844 6843 6842
f 6845 6846 6843 6844
f 2798 2797 6843 6846
f 2798 6846 6847 2801
f 6845 6848 6847 6846
f 6849 6850 6847 6848
f 2802 2801 6847 6850
f 2802 6850 6851 2803
f 6849 6852 6851 6850
f 6853 6854 6851 6852
f 2804 2803 6851 6854
f 2804 6854 6855 2807
f 6853 6856 6855 6854
f 6857 6858 6855 6856
f 2808 2807 6855 6858
f 2808 6858 6859 2809
f 6857 6860 6859 6858
f 6861 6862 6859 6860
f 2810 2809 6859 6862
f 2810 6862 6863 2813
f 6861 6864 6863 6862
f 6865 6866 6863 6864
f 2814 2813 6863 6866
f 2814 6866 6867 2815
f 6865 6868 6867 6866
f 6869 6870 6867 6868
f 2816 2815 6867 6870
f 2816 6870 6871 2819
f 6869 6872 6871 6870
f 6873 6874 6871 6872
f 2820 2819 6871 6874
f 2820 6874 6875 2821
f 6873 6876 6875 6874
f 2922 2920 6875 6876
f 2822 2821 6875 2920
f 2844 2953 6877 6768
f 2952 6878 6877 2953
f 6879 6880 6877 6878
f 6769 6768 6877 6880
g interior
f 6881 6882 6883 6884
f 6885 6886 6883 6882
f 6775 6772 6883 6886
f 6771 6884 6883 6772
g exterior
f 6769 6880 6887 6779
f 6879 6888 6887 6880
f 6881 6884 6887 6888
f 6771 6779 6887 6884
g interior
f 6775 6886 6889 6783
f 6885 6890 6889 6886
f 6891 6892 6889 6890
f 6784 6783 6889 6892
f 6784 6892 6893 6788
f 6891 6894 6893 6892
f 2956 2954 6893 6894
f 2854 6788 6893 2954
f 2979 2978 6895 6794
f 2977 6896 6895 2978
f 6897 6898 6895 6896
f 6795 6794 6895 6898
f 6795 6898 6899 6798
f 6897 6900 6899 6898
f 6901 6902 6899 6900
f 6799 6798 6899 6902
f 6799 6902 6903 6807
f 6901 6904 6903 6902
f 6905 6906 6903 6904
f 6907 6908 6903 6906
f 6808 6807 6903 6908
g exterior
f 6907 6909 6910 6908
f 6811 6810 6910 6909
f 6808 6908 6910 6810
g interior
f 6907 6906 6911 6912
f 6905 6913 6911 6906
f 6914 6912 6911 6913
g exterior
f 6811 6909 6915 6814
f 6907 6912 6915 6909
f 6914 6916 6915 6912
f 6917 6918 6915 6916
f 2888 6814 6915 6918
f 2888 6918 6919 2889
f 6917 6920 6919 6918
f 6921 6922 6919 6920
f 2890 2889 6919 6922
f 2890 6922 6923 2891
f 6921 6924 6923 6922
f 2984 2982 6923 6924
f 2892 2891 6923 2982
f 2918 2917 6925 6816
f 2916 6926 6925 2917
f 6927 6928 6925 6926
f 6817 6816 6925 6928
f 6817 6928 6929 6820
f 6927 6930 6929 6928
f 6931 6932 6929 6930
f 6821 6820 6929 6932
f 6821 6932 6933 6824
f 6931 6934 6933 6932
f 6935 6936 6933 6934
f 6825 6824 6933 6936
g interior
f 6937 6938 6939 6940
f 6941 6942 6939 6938
f 6943 6940 6939 6942
g exterior
f 6825 6936 6944 6828
f 6935 6945 6944 6936
f 6937 6940 6944 6945
f 6943 6946 6944 6940
f 6829 6828 6944 6946
g interior
f 6943 6942 6947 6948
f 6941 6949 6947 6942
f 6950 6951 6947 6949
f 6952 6948 6947 6951
g exterior
f 6829 6946 6953 6832
f 6943 6948 6953 6946
f 6952 6954 6953 6948
f 6833 6832 6953 6954
g interior
f 6952 6951 6955 6956
f 6950 6957 6955 6951
f 6958 6959 6955 6957
f 6960 6956 6955 6959
g exterior
f 6833 6954 6961 6836
f 6952 6956 6961 6954
f 6960 6962 6961 6956
f 6837 6836 6961 6962
g interior
f 6960 6959 6963 6964
f 6958 6965 6963 6959
f 6966 6967 6963 6965
f 6968 6964 6963 6967
g exterior
f 6837 6962 6969 6840
f 6960 6964 6969 6962
f 6968 6970 6969 6964
f 6841 6840 6969 6970
g interior
f 6968 6967 6971 6972
f 6966 6973 6971 6967
f 3008 6974 6971 6973
f 6975 6972 6971 6974
g exterior
f 6841 6970 6976 6844
f 6968 6972 6976 6970
f 6975 6977 6976 6972
f 6845 6844 6976 6977
g interior
f 6975 6974 6978 6979
f 3008 3011 6978 6974
f 3022 6980 6978 3011
f 6981 6979 6978 6980
g exterior
f 6845 6977 6982 6848
f 6975 6979 6982 6977
f 6981 6983 6982 6979
f 6849 6848 6982 6983
g interior
f 6981 6980 6984 6985
f 3022 3021 6984 6980
f 3020 6986 6984 3021
f 6987 6985 6984 6986
g exterior
f 6849 6983 6988 6852
f 6981 6985 6988 6983
f 6987 6989 6988 6985
f 6853 6852 6988 6989
g interior
f 6987 6986 6990 6991
f 3020 6992 6990 6986
f 6993 6994 6990 6992
f 6995 6991 6990 6994
g exterior
f 6853 6989 6996 6856
f 6987 6991 6996 6989
f 6995 6997 6996 6991
f 6857 6856 6996 6997
g interior
f 6995 6994 6998 6999
f 6993 7000 6998 6994
f 7001 7002 6998 7000
f 7003 6999 6998 7002
g exterior
f 6857 6997 7004 6860
f 6995 6999 7004 6997
f 7003 7005 7004 6999
f 6861 6860 7004 7005
g interior
f 7003 7002 7006 7007
f 7001 7008 7006 7002
f 7009 7010 7006 7008
f 7011 7007 7006 7010
g exterior
f 6861 7005 7012 6864
f 7003 7007 7012 7005
f 7011 7013 7012 7007
f 6865 6864 7012 7013
g interior
f 7011 7010 7014 7015
f 7009 7016 7014 7010
f 7017 7015 7014 7016
g exterior
f 6865 7013 7018 6868
f 7011 7015 7018 7013
f 7017 7019 7018 7015
f 7020 7021 7018 7019
f 6869 6868 7018 7021
f 6869 7021 7022 6872
f 7020 7023 7022 7021
f 7024 7025 7022 7023
f 6873 6872 7022 7025
f 6873 7025 7026 6876
f 7024 7027 7026 7025
f 2924 2923 7026 7027
f 2922 6876 7026 2923
g interior
f 7028 7029 7030 7031
f 7032 7033 7030 7029
f 7034 7031 7030 7033
g exterior
f 2952 2951 7035 6878
f 2950 7036 7035 2951
f 7028 7031 7035 7036
f 7034 7037 7035 7031
f 6879 6878 7035 7037
g interior
f 7034 7033 7038 7039
f 7032 7040 7038 7033
f 3061 7041 7038 7040
f 6885 6882 7038 7041
f 6881 7039 7038 6882
g exterior
f 6879 7037 7042 6888
f 7034 7039 7042 7037
f 6881 6888 7042 7039
g interior
f 6885 7041 7043 6890
f 3061 3064 7043 7041
f 3072 7044 7043 3064
f 6891 6890 7043 7044
f 6891 7044 7045 6894
f 3072 3071 7045 7044
f 2958 2957 7045 3071
f 2956 6894 7045 2957
f 2977 2976 7046 6896
f 2975 3084 7046 2976
f 3092 7047 7046 3084
f 6897 6896 7046 7047
f 6897 7047 7048 6900
f 3092 3091 7048 7047
f 3090 7049 7048 3091
f 6901 6900 7048 7049
f 6901 7049 7050 6904
f 3090 7051 7050 7049
f 7052 7053 7050 7051
f 6905 6904 7050 7053
f 6905 7053 7054 6913
f 7052 7055 7054 7053
f 7056 7057 7054 7055
f 7058 7059 7054 7057
f 6914 6913 7054 7059
g exterior
f 7058 7060 7061 7059
f 6917 6916 7061 7060
f 6914 7059 7061 6916
g interior
f 7058 7057 7062 7063
f 7056 7064 7062 7057
f 7065 7063 7062 7064
g exterior
f 6917 7060 7066 6920
f 7058 7063 7066 7060
f 7065 7067 7066 7063
f 7068 7069 7066 7067
f 6921 6920 7066 7069
f 6921 7069 7070 6924
f 7068 7071 7070 7069
f 2986 2985 7070 7071
f 2984 6924 7070 2985
f 2910 3007 7072 2913
f 3006 7073 7072 3007
f 7074 7075 7072 7073
f 2914 2913 7072 7075
f 2914 7075 7076 2915
f 7074 7077 7076 7075
f 7078 7079 7076 7077
f 2916 2915 7076 7079
f 2916 7079 7080 6926
f 7078 7081 7080 7079
f 7082 7083 7080 7081
f 6927 6926 7080 7083
g interior
f 7084 7085 7086 7087
f 7088 7089 7086 7085
f 7090 7087 7086 7089
g exterior
f 6927 7083 7091 6930
f 7082 7092 7091 7083
f 7084 7087 7091 7092
f 7090 7093 7091 7087
f 6931 6930 7091 7093
g interior
f 7090 7089 7094 7095
f 7088 7096 7094 7089
f 7097 7098 7094 7096
f 7099 7095 7094 7098
g exterior
f 6931 7093 7100 6934
f 7090 7095 7100 7093
f 7099 7101 7100 7095
f 6935 6934 7100 7101
g interior
f 7099 7098 7102 7103
f 7097 7104 7102 7098
f 7105 7106 7102 7104
f 6941 6938 7102 7106
f 6937 7103 7102 6938
g exterior
f 6935 7101 7107 6945
f 7099 7103 7107 7101
f 6937 6945 7107 7103
g interior
f 6941 7106 7108 6949
f 7105 7109 7108 7106
f 7110 7111 7108 7109
f 6950 6949 7108 7111
f 6950 7111 7112 6957
f 7110 7113 7112 7111
f 7114 7115 7112 7113
f 6958 6957 7112 7115
f 6958 7115 7116 6965
f 7114 7117 7116 7115
f 7118 7119 7116 7117
f 6966 6965 7116 7119
f 6966 7119 7120 6973
f 7118 7121 7120 7119
f 3012 3009 7120 7121
f 3008 6973 7120 3009
f 3020 3019 7122 6992
f 3018 7123 7122 3019
f 7124 7125 7122 7123
f 6993 6992 7122 7125
f 6993 7125 7126 7000
f 7124 7127 7126 7125
f 7128 7129 7126 7127
f 7001 7000 7126 7129
f 7001 7129 7130 7008
f 7128 7131 7130 7129
f 7132 7133 7130 7131
f 7009 7008 7130 7133
f 7009 7133 7134 7016
f 7132 7135 7134 7133
f 7136 7137 7134 7135
f 7138 7139 7134 7137
f 7017 7016 7134 7139
g exterior
f 7138 7140 7141 7139
f 7020 7019 7141 7140
f 7017 7139 7141 7019
g interior
f 7138 7137 7142 7143
f 7136 7144 7142 7137
f 7145 7146 7142 7144
f 7147 7143 7142 7146
g exterior
f 7020 7140 7148 7023
f 7138 7143 7148 7140
f 7147 7149 7148 7143
f 7024 7023 7148 7149
g interior
f 7147 7146 7150 7151
f 7145 7152 7150 7146
f 7153 7151 7150 7152
g exterior
f 7024 7149 7154 7027
f 7147 7151 7154 7149
f 7153 7155 7154 7151
f 7156 7157 7154 7155
f 2924 7027 7154 7157
f 2924 7157 7158 2925
f 7156 7159 7158 7157
f 7160 7161 7158 7159
f 2926 2925 7158 7161
f 2926 7161 7162 2927
f 7160 7163 7162 7161
f 7164 7165 7162 7163
f 2928 2927 7162 7165
f 2928 7165 7166 2931
f 7164 7167 7166 7165
f 7168 7169 7166 7167
f 2932 2931 7166 7169
f 2932 7169 7170 2933
f 7168 7171 7170 7169
f 3025 3023 7170 7171
f 2934 2933 7170 3023
f 2944 3060 7172 2947
f 3059 7173 7172 3060
f 7174 7175 7172 7173
f 2948 2947 7172 7175
f 2948 7175 7176 2949
f 7174 7177 7176 7175
f 7178 7179 7176 7177
f 2950 2949 7176 7179
g interior
f 7180 7181 7182 7183
f 7184 7185 7182 7181
f 7032 7029 7182 7185
f 7028 7183 7182 7029
g exterior
f 2950 7179 7186 7036
f 7178 7187 7186 7179
f 7180 7183 7186 7187
f 7028 7036 7186 7183
g interior
f 7032 7185 7188 7040
f 7184 7189 7188 7185
f 3065 3062 7188 7189
f 3061 7040 7188 3062
f 3090 3089 7190 7051
f 3088 7191 7190 3089
f 7192 7193 7190 7191
f 7052 7051 7190 7193
f 7052 7193 7194 7055
f 7192 7195 7194 7193
f 7196 7197 7194 7195
f 7056 7055 7194 7197
f 7056 7197 7198 7064
f 7196 7199 7198 7197
f 7200 7201 7198 7199
f 7065 7064 7198 7201
g exterior
f 7200 7202 7203 7201
f 7204 7205 7203 7202
f 7068 7067 7203 7205
f 7065 7201 7203 7067
f 7068 7205 7206 7071
f 7204 7207 7206 7205
f 7208 7209 7206 7207
f 2986 7071 7206 7209
f 2986 7209 7210 2987
f 7208 7211 7210 7209
f 7212 7213 7210 7211
f 2988 2987 7210 7213
f 2988 7213 7214 2989
f 7212 7215 7214 7213
f 3095 3093 7214 7215
f 2990 2989 7214 3093
f 3006 3005 7216 7073
f 3004 7217 7216 3005
f 7218 7219 7216 7217
f 7074 7073 7216 7219
f 7074 7219 7220 7077
f 7218 7221 7220 7219
f 7222 7223 7220 7221
f 7078 7077 7220 7223
g interior
f 7224 7225 7226 7227
f 7228 7229 7226 7225
f 7230 7227 7226 7229
g exterior
f 7078 7223 7231 7081
f 7222 7232 7231 7223
f 7224 7227 7231 7232
f 7230 7233 7231 7227
f 7082 7081 7231 7233
g interior
f 7230 7229 7234 7235
f 7228 7236 7234 7229
f 7237 7238 7234 7236
f 7088 7085 7234 7238
f 7084 7235 7234 7085
g exterior
f 7082 7233 7239 7092
f 7230 7235 7239 7233
f 7084 7092 7239 7235
g interior
f 7088 7238 7240 7096
f 7237 7241 7240 7238
f 7242 7243 7240 7241
f 7097 7096 7240 7243
f 7097 7243 7244 7104
f 7242 7245 7244 7243
f 3113 7246 7244 7245
f 7105 7104 7244 7246
f 7105 7246 7247 7109
f 3113 3116 7247 7246
f 3124 7248 7247 3116
f 7110 7109 7247 7248
f 7110 7248 7249 7113
f 3124 3123 7249 7248
f 3122 7250 7249 3123
f 7114 7113 7249 7250
f 7114 7250 7251 7117
f 3122 3126 7251 7250
f 3129 7252 7251 3126
f 7118 7117 7251 7252
f 7118 7252 7253 7121
f 3129 3128 7253 7252
f 3014 3013 7253 3128
f 3012 7121 7253 3013
f 3018 3017 7254 7123
f 3016 3133 7254 3017
f 3137 7255 7254 3133
f 7124 7123 7254 7255
f 7124 7255 7256 7127
f 3137 3136 7256 7255
f 3135 7257 7256 3136
f 7128 7127 7256 7257
f 7128 7257 7258 7131
f 3135 3139 7258 7257
f 3143 7259 7258 3139
f 7132 7131 7258 7259
f 7132 7259 7260 7135
f 3143 3142 7260 7259
f 3141 7261 7260 3142
f 7136 7135 7260 7261
f 7136 7261 7262 7144
f 3141 3145 7262 7261
f 3153 7263 7262 3145
f 7145 7144 7262 7263
f 7145 7263 7264 7152
f 3153 3152 7264 7263
f 3151 7265 7264 3152
f 7266 7267 7264 7265
f 7153 7152 7264 7267
g exterior
f 7266 7268 7269 7267
f 7156 7155 7269 7268
f 7153 7267 7269 7155
g interior
f 7266 7265 7270 7271
f 3151 7272 7270 7265
f 7273 7274 7270 7272
f 7275 7271 7270 7274
g exterior
f 7156 7268 7276 7159
f 7266 7271 7276 7268
f 7275 7277 7276 7271
f 7160 7159 7276 7277
g interior
f 7275 7274 7278 7279
f 7273 7280 7278 7274
f 7281 7279 7278 7280
g exterior
f 7160 7277 7282 7163
f 7275 7279 7282 7277
f 7281 7283 7282 7279
f 7284 7285 7282 7283
f 7164 7163 7282 7285
f 7164 7285 7286 7167
f 7284 7287 7286 7285
f 7288 7289 7286 7287
f 7168 7167 7286 7289
f 7168 7289 7290 7171
f 7288 7291 7290 7289
f 3027 3026 7290 7291
f 3025 7171 7290 3026
f 3059 3058 7292 7173
f 3057 7293 7292 3058
f 7294 7295 7292 7293
f 7174 7173 7292 7295
g interior
f 7296 7297 7298 7299
f 7300 7301 7298 7297
f 7302 7299 7298 7301
g exterior
f 7174 7295 7303 7177
f 7294 7304 7303 7295
f 7296 7299 7303 7304
f 7302 7305 7303 7299
f 7178 7177 7303 7305
g interior
f 7302 7301 7306 7307
f 7300 7308 7306 7301
f 7309 7310 7306 7308
f 7184 7181 7306 7310
f 7180 7307 7306 7181
g exterior
f 7178 7305 7311 7187
f 7302 7307 7311 7305
f 7180 7187 7311 7307
g interior
f 7184 7310 7312 7189
f 7309 7313 7312 7310
f 3067 3066 7312 7313
f 3065 7189 7312 3066
f 3088 3087 7314 7191
f 3086 3203 7314 3087
f 3211 7315 7314 3203
f 7192 7191 7314 7315
f 7192 7315 7316 7195
f 3211 3210 7316 7315
f 3209 7317 7316 3210
f 7196 7195 7316 7317
f 7196 7317 7318 7199
f 3209 7319 7318 7317
f 7320 7321 7318 7319
f 7322 7323 7318 7321
f 7200 7199 7318 7323
g exterior
f 7322 7324 7325 7323
f 7204 7202 7325 7324
f 7200 7323 7325 7202
g interior
f 7322 7321 7326 7327
f 7320 7328 7326 7321
f 7329 7327 7326 7328
g exterior
f 7204 7324 7330 7207
f 7322 7327 7330 7324
f 7329 7331 7330 7327
f 7332 7333 7330 7331
f 7208 7207 7330 7333
f 7208 7333 7334 7211
f 7332 7335 7334 7333
f 7336 7337 7334 7335
f 7212 7211 7334 7337
f 7212 7337 7338 7215
f 7336 7339 7338 7337
f 3097 3096 7338 7339
f 3095 7215 7338 3096
f 3004 3112 7340 7217
f 3111 7341 7340 3112
f 7342 7343 7340 7341
f 7218 7217 7340 7343
f 7218 7343 7344 7221
f 7342 7345 7344 7343
f 7346 7347 7344 7345
f 7222 7221 7344 7347
g interior
f 7348 7349 7350 7351
f 7352 7353 7350 7349
f 7228 7225 7350 7353
f 7224 7351 7350 7225
g exterior
f 7222 7347 7354 7232
f 7346 7355 7354 7347
f 7348 7351 7354 7355
f 7224 7232 7354 7351
g interior
f 7228 7353 7356 7236
f 7352 7357 7356 7353
f 7358 7359 7356 7357
f 7237 7236 7356 7359
f 7237 7359 7360 7241
f 7358 7361 7360 7359
f 7362 7363 7360 7361
f 7242 7241 7360 7363
f 7242 7363 7364 7245
f 7362 7365 7364 7363
f 3117 3114 7364 7365
f 3113 7245 7364 3114
f 3151 3150 7366 7272
f 3149 7367 7366 3150
f 7368 7369 7366 7367
f 7273 7272 7366 7369
f 7273 7369 7370 7280
f 7368 7371 7370 7369
f 7372 7373 7370 7371
f 7374 7375 7370 7373
f 7281 7280 7370 7375
g exterior
f 7374 7376 7377 7375
f 7284 7283 7377 7376
f 7281 7375 7377 7283
g interior
f 7374 7373 7378 7379
f 7372 7380 7378 7373
f 7381 7382 7378 7380
f 7383 7379 7378 7382
g exterior
f 7284 7376 7384 7287
f 7374 7379 7384 7376
f 7383 7385 7384 7379
f 7288 7287 7384 7385
g interior
f 7383 7382 7386 7387
f 7381 7388 7386 7382
f 7389 7387 7386 7388
g exterior
f 7288 7385 7390 7291
f 7383 7387 7390 7385
f 7389 7391 7390 7387
f 7392 7393 7390 7391
f 3027 7291 7390 7393
f 3027 7393 7394 3028
f 7392 7395 7394 7393
f 7396 7397 7394 7395
f 3029 3028 7394 7397
f 3029 7397 7398 3030
f 7396 7399 7398 7397
f 7400 7401 7398 7399
f 3031 3030 7398 7401
f 3031 7401 7402 3034
f 7400 7403 7402 7401
f 7404 7405 7402 7403
f 3035 3034 7402 7405
f 3035 7405 7406 3036
f 7404 7407 7406 7405
f 3156 3154 7406 7407
f 3037 3036 7406 3154
f 3057 3183 7408 7293
f 3182 7409 7408 3183
f 7410 7411 7408 7409
f 7294 7293 7408 7411
g interior
f 7412 7413 7414 7415
f 7416 7417 7414 7413
f 7300 7297 7414 7417
f 7296 7415 7414 7297
g exterior
f 7294 7411 7418 7304
f 7410 7419 7418 7411
f 7412 7415 7418 7419
f 7296 7304 7418 7415
g interior
f 7300 7417 7420 7308
f 7416 7421 7420 7417
f 7422 7423 7420 7421
f 7309 7308 7420 7423
f 7309 7423 7424 7313
f 7422 7425 7424 7423
f 3186 3184 7424 7425
f 3067 7313 7424 3184
f 3209 3208 7426 7319
f 3207 7427 7426 3208
f 7428 7429 7426 7427
f 7320 7319 7426 7429
f 7320 7429 7430 7328
f 7428 7431 7430 7429
f 7432 7433 7430 7431
f 7329 7328 7430 7433
g exterior
f 7432 7434 7435 7433
f 7436 7437 7435 7434
f 7332 7331 7435 7437
f 7329 7433 7435 7331
f 7332 7437 7438 7335
f 7436 7439 7438 7437
f 7440 7441 7438 7439
f 7336 7335 7438 7441
f 7336 7441 7442 7339
f 7440 7443 7442 7441
f 3214 3212 7442 7443
f 3097 7339 7442 3212
f 3111 3110 7444 7341
f 3109 7445 7444 3110
f 7446 7447 7444 7445
f 7342 7341 7444 7447
g interior
f 7448 7449 7450 7451
f 7452 7453 7450 7449
f 7454 7451 7450 7453
g exterior
f 7342 7447 7455 7345
f 7446 7456 7455 7447
f 7448 7451 7455 7456
f 7454 7457 7455 7451
f 7346 7345 7455 7457
g interior
f 7454 7453 7458 7459
f 7452 7460 7458 7453
f 7461 7462 7458 7460
f 7352 7349 7458 7462
f 7348 7459 7458 7349
g exterior
f 7346 7457 7463 7355
f 7454 7459 7463 7457
f 7348 7355 7463 7459
g interior
f 7352 7462 7464 7357
f 7461 7465 7464 7462
f 3232 7466 7464 7465
f 7358 7357 7464 7466
f 7358 7466 7467 7361
f 3232 3235 7467 7466
f 3243 7468 7467 3235
f 7362 7361 7467 7468
f 7362 7468 7469 7365
f 3243 3242 7469 7468
f 3119 3118 7469 3242
f 3117 7365 7469 3118
f 3149 3148 7470 7367
f 3147 3251 7470 3148
f 3257 7471 7470 3251
f 7368 7367 7470 7471
f 7368 7471 7472 7371
f 3257 3256 7472 7471
f 3255 7473 7472 3256
f 7372 7371 7472 7473
f 7372 7473 7474 7380
f 3255 3259 7474 7473
f 3267 7475 7474 3259
f 7381 7380 7474 7475
f 7381 7475 7476 7388
f 3267 3266 7476 7475
f 3265 7477 7476 3266
f 7478 7479 7476 7477
f 7389 7388 7476 7479
g exterior
f 7478 7480 7481 7479
f 7392 7391 7481 7480
f 7389 7479 7481 7391
g interior
f 7478 7477 7482 7483
f 3265 7484 7482 7477
f 7485 7486 7482 7484
f 7487 7483 7482 7486
g exterior
f 7392 7480 7488 7395
f 7478 7483 7488 7480
f 7487 7489 7488 7483
f 7396 7395 7488 7489
g interior
f 7487 7486 7490 7491
f 7485 7492 7490 7486
f 7493 7491 7490 7492
g exterior
f 7396 7489 7494 7399
f 7487 7491 7494 7489
f 7493 7495 7494 7491
f 7496 7497 7494 7495
f 7400 7399 7494 7497
f 7400 7497 7498 7403
f 7496 7499 7498 7497
f 7500 7501 7498 7499
f 7404 7403 7498 7501
f 7404 7501 7502 7407
f 7500 7503 7502 7501
f 3158 3157 7502 7503
f 3156 7407 7502 3157
f 3182 3181 7504 7409
f 3180 7505 7504 3181
f 7506 7507 7504 7505
f 7410 7409 7504 7507
g interior
f 7508 7509 7510 7511
f 3290 7512 7510 7509
f 7416 7413 7510 7512
f 7412 7511 7510 7413
g exterior
f 7410 7507 7513 7419
f 7506 7514 7513 7507
f 7508 7511 7513 7514
f 7412 7419 7513 7511
g interior
f 7416 7512 7515 7421
f 3290 3293 7515 7512
f 3301 7516 7515 3293
f 7422 7421 7515 7516
f 7422 7516 7517 7425
f 3301 3300 7517 7516
f 3188 3187 7517 3300
f 3186 7425 7517 3187
f 3207 3206 7518 7427
f 3205 7519 7518 3206
f 7520 7521 7518 7519
f 7428 7427 7518 7521
f 7428 7521 7522 7431
f 7520 7523 7522 7521
f 7524 7525 7522 7523
f 7526 7527 7522 7525
f 7432 7431 7522 7527
g exterior
f 7526 7528 7529 7527
f 7436 7434 7529 7528
f 7432 7527 7529 7434
g interior
f 7526 7525 7530 7531
f 7524 7532 7530 7525
f 7533 7531 7530 7532
g exterior
f 7436 7528 7534 7439
f 7526 7531 7534 7528
f 7533 7535 7534 7531
f 7536 7537 7534 7535
f 7440 7439 7534 7537
f 7440 7537 7538 7443
f 7536 7539 7538 7537
f 3216 3215 7538 7539
f 3214 7443 7538 3215
f 3109 3231 7540 7445
f 3230 7541 7540 3231
f 7542 7543 7540 7541
f 7446 7445 7540 7543
g interior
f 7544 7545 7546 7547
f 7548 7549 7546 7545
f 7452 7449 7546 7549
f 7448 7547 7546 7449
g exterior
f 7446 7543 7550 7456
f 7542 7551 7550 7543
f 7544 7547 7550 7551
f 7448 7456 7550 7547
g interior
f 7452 7549 7552 7460
f 7548 7553 7552 7549
f 7554 7555 7552 7553
f 7461 7460 7552 7555
f 7461 7555 7556 7465
f 7554 7557 7556 7555
f 3236 3233 7556 7557
f 3232 7465 7556 3233
f 3265 3264 7558 7484
f 3263 7559 7558 3264
f 7560 7561 7558 7559
f 7485 7484 7558 7561
f 7485 7561 7562 7492
f 7560 7563 7562 7561
f 7564 7565 7562 7563
f 7566 7567 7562 7565
f 7493 7492 7562 7567
g exterior
f 7566 7568 7569 7567
f 7496 7495 7569 7568
f 7493 7567 7569 7495
g interior
f 7566 7565 7570 7571
f 7564 7572 7570 7565
f 7573 7574 7570 7572
f 7575 7571 7570 7574
g exterior
f 7496 7568 7576 7499
f 7566 7571 7576 7568
f 7575 7577 7576 7571
f 7500 7499 7576 7577
g interior
f 7575 7574 7578 7579
f 7573 7580 7578 7574
f 7581 7579 7578 7580
g exterior
f 7500 7577 7582 7503
f 7575 7579 7582 7577
f 7581 7583 7582 7579
f 7584 7585 7582 7583
f 3158 7503 7582 7585
f 3158 7585 7586 3159
f 7584 7587 7586 7585
f 7588 7589 7586 7587
f 3160 3159 7586 7589
f 3160 7589 7590 3161
f 7588 7591 7590 7589
f 3270 3268 7590 7591
f 3162 3161 7590 3268
f 3174 3289 7592 3177
f 3288 7593 7592 3289
f 7594 7595 7592 7593
f 3178 3177 7592 7595
f 3178 7595 7596 3179
f 7594 7597 7596 7595
f 7598 7599 7596 7597
f 3180 3179 7596 7599
g interior
f 7600 7601 7602 7603
f 7604 7605 7602 7601
f 7606 7603 7602 7605
g exterior
f 3180 7599 7607 7505
f 7598 7608 7607 7599
f 7600 7603 7607 7608
f 7606 7609 7607 7603
f 7506 7505 7607 7609
g interior
f 7606 7605 7610 7611
f 7604 7612 7610 7605
f 3294 3291 7610 7612
f 3290 7509 7610 3291
f 7508 7611 7610 7509
g exterior
f 7506 7609 7613 7514
f 7606 7611 7613 7609
f 7508 7514 7613 7611
g interior
f 3205 3317 7614 7519
f 3316 7615 7614 3317
f 7616 7617 7614 7615
f 7520 7519 7614 7617
f 7520 7617 7618 7523
f 7616 7619 7618 7617
f 7620 7621 7618 7619
f 7524 7523 7618 7621
f 7524 7621 7622 7532
f 7620 7623 7622 7621
f 7624 7625 7622 7623
f 7533 7532 7622 7625
g exterior
f 7624 7626 7627 7625
f 7628 7629 7627 7626
f 7536 7535 7627 7629
f 7533 7625 7627 7535
f 7536 7629 7630 7539
f 7628 7631 7630 7629
f 3320 3318 7630 7631
f 3216 7539 7630 3318
f 3230 3229 7632 7541
f 3228 7633 7632 3229
f 7634 7635 7632 7633
f 7542 7541 7632 7635
g interior
f 7636 7637 7638 7639
f 7640 7641 7638 7637
f 7548 7545 7638 7641
f 7544 7639 7638 7545
g exterior
f 7542 7635 7642 7551
f 7634 7643 7642 7635
f 7636 7639 7642 7643
f 7544 7551 7642 7639
g interior
f 7548 7641 7644 7553
f 7640 7645 7644 7641
f 7646 7647 7644 7645
f 7554 7553 7644 7647
f 7554 7647 7648 7557
f 7646 7649 7648 7647
f 3238 3237 7648 7649
f 3236 7557 7648 3237
f 3263 3262 7650 7559
f 3261 3357 7650 3262
f 3365 7651 7650 3357
f 7560 7559 7650 7651
f 7560 7651 7652 7563
f 3365 3364 7652 7651
f 3363 7653 7652 3364
f 7564 7563 7652 7653
f 7564 7653 7654 7572
f 3363 7655 7654 7653
f 7656 7657 7654 7655
f 7573 7572 7654 7657
f 7573 7657 7658 7580
f 7656 7659 7658 7657
f 7660 7661 7658 7659
f 7662 7663 7658 7661
f 7581 7580 7658 7663
g exterior
f 7662 7664 7665 7663
f 7584 7583 7665 7664
f 7581 7663 7665 7583
g interior
f 7662 7661 7666 7667
f 7660 7668 7666 7661
f 7669 7667 7666 7668
g exterior
f 7584 7664 7670 7587
f 7662 7667 7670 7664
f 7669 7671 7670 7667
f 7672 7673 7670 7671
f 7588 7587 7670 7673
f 7588 7673 7674 7591
f 7672 7675 7674 7673
f 3272 3271 7674 7675
f 3270 7591 7674 3271
f 3288 3287 7676 7593
f 3286 7677 7676 3287
f 7678 7679 7676 7677
f 7594 7593 7676 7679
f 7594 7679 7680 7597
f 7678 7681 7680 7679
f 7682 7683 7680 7681
f 7598 7597 7680 7683
g interior
f 7684 7685 7686 7687
f 7688 7689 7686 7685
f 7604 7601 7686 7689
f 7600 7687 7686 7601
g exterior
f 7598 7683 7690 7608
f 7682 7691 7690 7683
f 7684 7687 7690 7691
f 7600 7608 7690 7687
g interior
f 7604 7689 7692 7612
f 7688 7693 7692 7689
f 3296 3295 7692 7693
f 3294 7612 7692 3295
f 3316 3315 7694 7615
f 3314 7695 7694 3315
f 7696 7697 7694 7695
f 7616 7615 7694 7697
f 7616 7697 7698 7619
f 7696 7699 7698 7697
f 7700 7701 7698 7699
f 7620 7619 7698 7701
f 7620 7701 7702 7623
f 7700 7703 7702 7701
f 7704 7705 7702 7703
f 7624 7623 7702 7705
g exterior
f 7704 7706 7707 7705
f 7708 7709 7707 7706
f 7628 7626 7707 7709
f 7624 7705 7707 7626
f 7628 7709 7710 7631
f 7708 7711 7710 7709
f 3322 3321 7710 7711
f 3320 7631 7710 3321
f 3228 3337 7712 7633
f 3336 7713 7712 3337
f 7714 7715 7712 7713
f 7634 7633 7712 7715
g interior
f 7716 7717 7718 7719
f 7720 7721 7718 7717
f 7640 7637 7718 7721
f 7636 7719 7718 7637
g exterior
f 7634 7715 7722 7643
f 7714 7723 7722 7715
f 7716 7719 7722 7723
f 7636 7643 7722 7719
g interior
f 7640 7721 7724 7645
f 7720 7725 7724 7721
f 7726 7727 7724 7725
f 7646 7645 7724 7727
f 7646 7727 7728 7649
f 7726 7729 7728 7727
f 3340 3338 7728 7729
f 3238 7649 7728 3338
f 3363 3362 7730 7655
f 3361 7731 7730 3362
f 7732 7733 7730 7731
f 7656 7655 7730 7733
f 7656 7733 7734 7659
f 7732 7735 7734 7733
f 7736 7737 7734 7735
f 7660 7659 7734 7737
f 7660 7737 7738 7668
f 7736 7739 7738 7737
f 7740 7741 7738 7739
f 7742 7743 7738 7741
f 7669 7668 7738 7743
g exterior
f 7742 7744 7745 7743
f 7672 7671 7745 7744
f 7669 7743 7745 7671
g interior
f 7742 7741 7746 7747
f 7740 7748 7746 7741
f 7749 7750 7746 7748
f 7751 7747 7746 7750
g exterior
f 7672 7744 7752 7675
f 7742 7747 7752 7744
f 7751 7753 7752 7747
f 3272 7675 7752 7753
g interior
f 7751 7750 7754 7755
f 7749 7756 7754 7750
f 7757 7755 7754 7756
g exterior
f 3272 7753 7758 3273
f 7751 7755 7758 7753
f 7757 7759 7758 7755
f 7760 7761 7758 7759
f 3274 3273 7758 7761
f 3274 7761 7762 3275
f 7760 7763 7762 7761
f 7764 7765 7762 7763
f 3276 3275 7762 7765
f 3276 7765 7766 3279
f 7764 7767 7766 7765
f 7768 7769 7766 7767
f 3280 3279 7766 7769
f 3280 7769 7770 3281
f 7768 7771 7770 7769
f 3368 3366 7770 7771
f 3282 3281 7770 3366
f 3286 3377 7772 7677
f 3376 7773 7772 3377
f 7774 7775 7772 7773
f 7678 7677 7772 7775
f 7678 7775 7776 7681
f 7774 7777 7776 7775
f 7778 7779 7776 7777
f 7682 7681 7776 7779
g interior
f 7780 7781 7782 7783
f 7784 7785 7782 7781
f 7688 7685 7782 7785
f 7684 7783 7782 7685
g exterior
f 7682 7779 7786 7691
f 7778 7787 7786 7779
f 7780 7783 7786 7787
f 7684 7691 7786 7783
g interior
f 7688 7785 7788 7693
f 7784 7789 7788 7785
f 3380 3378 7788 7789
f 3296 7693 7788 3378
f 3314 3397 7790 7695
f 3396 7791 7790 3397
f 7792 7793 7790 7791
f 7696 7695 7790 7793
f 7696 7793 7794 7699
f 7792 7795 7794 7793
f 7796 7797 7794 7795
f 7700 7699 7794 7797
f 7700 7797 7798 7703
f 7796 7799 7798 7797
f 7800 7801 7798 7799
f 7704 7703 7798 7801
g exterior
f 7800 7802 7803 7801
f 7804 7805 7803 7802
f 7708 7706 7803 7805
f 7704 7801 7803 7706
f 7708 7805 7806 7711
f 7804 7807 7806 7805
f 3400 3398 7806 7807
f 3322 7711 7806 3398
f 3336 3335 7808 7713
f 3334 7809 7808 3335
f 7810 7811 7808 7809
f 7714 7713 7808 7811
g interior
f 7812 7813 7814 7815
f 7816 7817 7814 7813
f 7720 7717 7814 7817
f 7716 7815 7814 7717
g exterior
f 7714 7811 7818 7723
f 7810 7819 7818 7811
f 7812 7815 7818 7819
f 7716 7723 7818 7815
g interior
f 7720 7817 7820 7725
f 7816 7821 7820 7817
f 7822 7823 7820 7821
f 7726 7725 7820 7823
f 7726 7823 7824 7729
f 7822 7825 7824 7823
f 3342 3341 7824 7825
f 3340 7729 7824 3341
f 3361 3360 7826 7731
f 3359 3437 7826 3360
f 3443 7827 7826 3437
f 7732 7731 7826 7827
f 7732 7827 7828 7735
f 3443 3442 7828 7827
f 3441 7829 7828 3442
f 7736 7735 7828 7829
f 7736 7829 7830 7739
f 3441 3445 7830 7829
f 3453 7831 7830 3445
f 7740 7739 7830 7831
f 7740 7831 7832 7748
f 3453 3452 7832 7831
f 3451 7833 7832 3452
f 7749 7748 7832 7833
f 7749 7833 7834 7756
f 3451 7835 7834 7833
f 7836 7837 7834 7835
f 7838 7839 7834 7837
f 7757 7756 7834 7839
g exterior
f 7838 7840 7841 7839
f 7760 7759 7841 7840
f 7757 7839 7841 7759
g interior
f 7838 7837 7842 7843
f 7836 7844 7842 7837
f 7845 7843 7842 7844
g exterior
f 7760 7840 7846 7763
f 7838 7843 7846 7840
f 7845 7847 7846 7843
f 7848 7849 7846 7847
f 7764 7763 7846 7849
f 7764 7849 7850 7767
f 7848 7851 7850 7849
f 7852 7853 7850 7851
f 7768 7767 7850 7853
f 7768 7853 7854 7771
f 7852 7855 7854 7853
f 3370 3369 7854 7855
f 3368 7771 7854 3369
f 3376 3375 7856 7773
f 3374 7857 7856 3375
f 7858 7859 7856 7857
f 7774 7773 7856 7859
g interior
f 7860 7861 7862 7863
f 7864 7865 7862 7861
f 7866 7863 7862 7865
g exterior
f 7774 7859 7867 7777
f 7858 7868 7867 7859
f 7860 7863 7867 7868
f 7866 7869 7867 7863
f 7778 7777 7867 7869
g interior
f 7866 7865 7870 7871
f 7864 7872 7870 7865
f 7873 7874 7870 7872
f 7784 7781 7870 7874
f 7780 7871 7870 7781
g exterior
f 7778 7869 7875 7787
f 7866 7871 7875 7869
f 7780 7787 7875 7871
g interior
f 7784 7874 7876 7789
f 7873 7877 7876 7874
f 3382 3381 7876 7877
f 3380 7789 7876 3381
f 3396 3395 7878 7791
f 3394 3469 7878 3395
f 3477 7879 7878 3469
f 7792 7791 7878 7879
f 7792 7879 7880 7795
f 3477 3476 7880 7879
f 3475 7881 7880 3476
f 7796 7795 7880 7881
f 7796 7881 7882 7799
f 3475 7883 7882 7881
f 7884 7885 7882 7883
f 7800 7799 7882 7885
g exterior
f 7884 7886 7887 7885
f 7888 7889 7887 7886
f 7804 7802 7887 7889
f 7800 7885 7887 7802
f 7804 7889 7890 7807
f 7888 7891 7890 7889
f 3402 3401 7890 7891
f 3400 7807 7890 3401
f 3334 3417 7892 7809
f 3416 7893 7892 3417
f 7894 7895 7892 7893
f 7810 7809 7892 7895
g interior
f 7896 7897 7898 7899
f 7900 7901 7898 7897
f 7816 7813 7898 7901
f 7812 7899 7898 7813
g exterior
f 7810 7895 7902 7819
f 7894 7903 7902 7895
f 7896 7899 7902 7903
f 7812 7819 7902 7899
g interior
f 7816 7901 7904 7821
f 7900 7905 7904 7901
f 7906 7907 7904 7905
f 7822 7821 7904 7907
f 7822 7907 7908 7825
f 7906 7909 7908 7907
f 3420 3418 7908 7909
f 3342 7825 7908 3418
f 3451 3450 7910 7835
f 3449 7911 7910 3450
f 7912 7913 7910 7911
f 7836 7835 7910 7913
f 7836 7913 7914 7844
f 7912 7915 7914 7913
f 7916 7917 7914 7915
f 7918 7919 7914 7917
f 7845 7844 7914 7919
g exterior
f 7918 7920 7921 7919
f 7848 7847 7921 7920
f 7845 7919 7921 7847
g interior
f 7918 7917 7922 7923
f 7916 7924 7922 7917
f 7925 7926 7922 7924
f 7927 7923 7922 7926
g exterior
f 7848 7920 7928 7851
f 7918 7923 7928 7920
f 7927 7929 7928 7923
f 7852 7851 7928 7929
g interior
f 7927 7926 7930 7931
f 7925 7932 7930 7926
f 7933 7931 7930 7932
g exterior
f 7852 7929 7934 7855
f 7927 7931 7934 7929
f 7933 7935 7934 7931
f 7936 7937 7934 7935
f 3370 7855 7934 7937
f 3370 7937 7938 3371
f 7936 7939 7938 7937
f 7940 7941 7938 7939
f 3372 3371 7938 7941
f 3372 7941 7942 3373
f 7940 7943 7942 7941
f 7944 7945 7942 7943
f 3374 3373 7942 7945
g interior
f 7946 7947 7948 7949
f 7950 7951 7948 7947
f 7952 7949 7948 7951
g exterior
f 3374 7945 7953 7857
f 7944 7954 7953 7945
f 7946 7949 7953 7954
f 7952 7955 7953 7949
f 7858 7857 7953 7955
g interior
f 7952 7951 7956 7957
f 7950 7958 7956 7951
f 7959 7960 7956 7958
f 7864 7861 7956 7960
f 7860 7957 7956 7861
g exterior
f 7858 7955 7961 7868
f 7952 7957 7961 7955
f 7860 7868 7961 7957
g interior
f 7864 7960 7962 7872
f 7959 7963 7962 7960
f 7964 7965 7962 7963
f 7873 7872 7962 7965
f 7873 7965 7966 7877
f 7964 7967 7966 7965
f 3456 3454 7966 7967
f 3382 7877 7966 3454
f 3475 3474 7968 7883
f 3473 7969 7968 3474
f 7970 7971 7968 7969
f 7972 7973 7968 7971
f 7884 7883 7968 7973
g exterior
f 7972 7974 7975 7973
f 7888 7886 7975 7974
f 7884 7973 7975 7886
g interior
f 7972 7971 7976 7977
f 7970 7978 7976 7971
f 7979 7977 7976 7978
g exterior
f 7888 7974 7980 7891
f 7972 7977 7980 7974
f 7979 7981 7980 7977
f 3480 3478 7980 7981
f 3402 7891 7980 3478
f 3416 3415 7982 7893
f 3414 7983 7982 3415
f 7984 7985 7982 7983
f 7894 7893 7982 7985
g interior
f 7986 7987 7988 7989
f 7990 7991 7988 7987
f 7900 7897 7988 7991
f 7896 7989 7988 7897
g exterior
f 7894 7985 7992 7903
f 7984 7993 7992 7985
f 7986 7989 7992 7993
f 7896 7903 7992 7989
g interior
f 7900 7991 7994 7905
f 7990 7995 7994 7991
f 7996 7997 7994 7995
f 7906 7905 7994 7997
f 7906 7997 7998 7909
f 7996 7999 7998 7997
f 3422 3421 7998 7999
f 3420 7909 7998 3421
f 3449 3448 8000 7911
f 3447 3517 8000 3448
f 3523 8001 8000 3517
f 7912 7911 8000 8001
f 7912 8001 8002 7915
f 3523 3522 8002 8001
f 3521 8003 8002 3522
f 7916 7915 8002 8003
f 7916 8003 8004 7924
f 3521 3525 8004 8003
f 3533 8005 8004 3525
f 7925 7924 8004 8005
f 7925 8005 8006 7932
f 3533 3532 8006 8005
f 3531 8007 8006 3532
f 8008 8009 8006 8007
f 7933 7932 8006 8009
g exterior
f 8008 8010 8011 8009
f 7936 7935 8011 8010
f 7933 8009 8011 7935
g interior
f 8008 8007 8012 8013
f 3531 8014 8012 8007
f 8015 8016 8012 8014
f 8017 8013 8012 8016
g exterior
f 7936 8010 8018 7939
f 8008 8013 8018 8010
f 8017 8019 8018 8013
f 7940 7939 8018 8019
g interior
f 8017 8016 8020 8021
f 8015 8022 8020 8016
f 8023 8024 8020 8022
f 8025 8021 8020 8024
g exterior
f 7940 8019 8026 7943
f 8017 8021 8026 8019
f 8025 8027 8026 8021
f 7944 7943 8026 8027
g interior
f 8025 8024 8028 8029
f 8023 8030 8028 8024
f 8031 8032 8028 8030
f 7950 7947 8028 8032
f 7946 8029 8028 7947
g exterior
f 7944 8027 8033 7954
f 8025 8029 8033 8027
f 7946 7954 8033 8029
g interior
f 7950 8032 8034 7958
f 8031 8035 8034 8032
f 3534 8036 8034 8035
f 7959 7958 8034 8036
f 7959 8036 8037 7963
f 3534 3537 8037 8036
f 3545 8038 8037 3537
f 7964 7963 8037 8038
f 7964 8038 8039 7967
f 3545 3544 8039 8038
f 3458 3457 8039 3544
f 3456 7967 8039 3457
f 3473 3472 8040 7969
f 3471 8041 8040 3472
f 8042 8043 8040 8041
f 7970 7969 8040 8043
f 7970 8043 8044 7978
f 8042 8045 8044 8043
f 8046 8047 8044 8045
f 7979 7978 8044 8047
g exterior
f 8046 8048 8049 8047
f 3482 3481 8049 8048
f 3480 7981 8049 3481
f 7979 8047 8049 7981
f 3414 3497 8050 7983
f 3496 8051 8050 3497
f 8052 8053 8050 8051
f 7984 7983 8050 8053
g interior
f 8054 8055 8056 8057
f 7990 7987 8056 8055
f 7986 8057 8056 7987
g exterior
f 7984 8053 8058 7993
f 8052 8059 8058 8053
f 8060 8061 8058 8059
f 8054 8057 8058 8061
f 7986 7993 8058 8057
g interior
f 7990 8055 8062 7995
f 8054 8063 8062 8055
f 8064 8065 8062 8063
f 8066 8067 8062 8065
f 7996 7995 8062 8067
g exterior
f 8054 8061 8068 8063
f 8060 8069 8068 8061
f 8064 8063 8068 8069
g interior
f 7996 8067 8070 7999
f 8066 8071 8070 8067
f 3500 3498 8070 8071
f 3422 7999 8070 3498
f 3531 3530 8072 8014
f 3529 8073 8072 3530
f 8074 8075 8072 8073
f 8015 8014 8072 8075
f 8015 8075 8076 8022
f 8074 8077 8076 8075
f 8078 8079 8076 8077
f 8023 8022 8076 8079
f 8023 8079 8080 8030
f 8078 8081 8080 8079
f 8082 8083 8080 8081
f 8031 8030 8080 8083
f 8031 8083 8084 8035
f 8082 8085 8084 8083
f 3538 3535 8084 8085
f 3534 8035 8084 3535
f 3471 3561 8086 8041
f 3560 8087 8086 3561
f 8088 8089 8086 8087
f 8042 8041 8086 8089
f 8042 8089 8090 8045
f 8088 8091 8090 8089
f 8092 8093 8090 8091
f 8046 8045 8090 8093
g exterior
f 8092 8094 8095 8093
f 3564 3562 8095 8094
f 3482 8048 8095 3562
f 8046 8093 8095 8048
f 3496 3495 8096 8051
f 3494 8097 8096 3495
f 8098 8099 8096 8097
f 8052 8051 8096 8099
f 8052 8099 8100 8059
f 8098 8101 8100 8099
f 8102 8103 8100 8101
f 8060 8059 8100 8103
g interior
f 8104 8105 8106 8107
f 8108 8109 8106 8105
f 8066 8065 8106 8109
f 8064 8107 8106 8065
g exterior
f 8060 8103 8110 8069
f 8102 8111 8110 8103
f 8104 8107 8110 8111
f 8064 8069 8110 8107
g interior
f 8066 8109 8112 8071
f 8108 8113 8112 8109
f 3502 3501 8112 8113
f 3500 8071 8112 3501
f 3529 3528 8114 8073
f 3527 3603 8114 3528
f 3609 8115 8114 3603
f 8074 8073 8114 8115
f 8074 8115 8116 8077
f 3609 3608 8116 8115
f 3607 8117 8116 3608
f 8078 8077 8116 8117
f 8078 8117 8118 8081
f 3607 3611 8118 8117
f 3616 8119 8118 3611
f 8082 8081 8118 8119
f 8082 8119 8120 8085
f 3616 3615 8120 8119
f 3540 3539 8120 3615
f 3538 8085 8120 3539
f 3560 3559 8121 8087
f 3558 8122 8121 3559
f 8123 8124 8121 8122
f 8125 8126 8121 8124
f 8088 8087 8121 8126
g exterior
f 8123 8127 8128 8124
f 8129 8130 8128 8127
f 8125 8124 8128 8130
g interior
f 8088 8126 8131 8091
f 8125 8132 8131 8126
f 8092 8091 8131 8132
g exterior
f 8125 8130 8133 8132
f 8129 8134 8133 8130
f 3566 3565 8133 8134
f 3564 8094 8133 3565
f 8092 8132 8133 8094
f 3494 3581 8135 8097
f 3580 8136 8135 3581
f 8137 8138 8135 8136
f 8098 8097 8135 8138
f 8098 8138 8139 8101
f 8137 8140 8139 8138
f 8141 8142 8139 8140
f 8102 8101 8139 8142
g interior
f 8143 8144 8145 8146
f 8147 8148 8145 8144
f 8108 8105 8145 8148
f 8104 8146 8145 8105
g exterior
f 8102 8142 8149 8111
f 8141 8150 8149 8142
f 8143 8146 8149 8150
f 8104 8111 8149 8146
g interior
f 8108 8148 8151 8113
f 8147 8152 8151 8148
f 3584 3582 8151 8152
f 3502 8113 8151 3582
f 3558 3638 8153 8122
f 3637 8154 8153 3638
f 8155 8156 8153 8154
f 8123 8122 8153 8156
g exterior
f 8155 8157 8158 8156
f 8159 8160 8158 8157
f 8129 8127 8158 8160
f 8123 8156 8158 8127
f 8129 8160 8161 8134
f 8159 8162 8161 8160
f 3641 3639 8161 8162
f 3566 8134 8161 3639
f 3580 3579 8163 8136
f 3578 3654 8163 3579
f 3662 8164 8163 3654
f 8137 8136 8163 8164
f 8137 8164 8165 8140
f 3662 3661 8165 8164
f 3660 8166 8165 3661
f 8141 8140 8165 8166
g interior
f 8167 8168 8169 8170
f 8147 8144 8169 8168
f 8143 8170 8169 8144
g exterior
f 8141 8166 8171 8150
f 3660 8172 8171 8166
f 8173 8174 8171 8172
f 8167 8170 8171 8174
f 8143 8150 8171 8170
g interior
f 8147 8168 8175 8152
f 8167 8176 8175 8168
f 8177 8178 8175 8176
f 3586 3585 8175 8178
f 3584 8152 8175 3585
g exterior
f 8167 8174 8179 8176
f 8173 8180 8179 8174
f 8177 8176 8179 8180
g interior
f 3637 3636 8181 8154
f 3635 8182 8181 3636
f 8183 8184 8181 8182
f 8155 8154 8181 8184
g exterior
f 8183 8185 8186 8184
f 8187 8188 8186 8185
f 8159 8157 8186 8188
f 8155 8184 8186 8157
f 8159 8188 8189 8162
f 8187 8190 8189 8188
f 3643 3642 8189 8190
f 3641 8162 8189 3642
f 3660 3659 8191 8172
f 3658 8192 8191 3659
f 8193 8194 8191 8192
f 8173 8172 8191 8194
g interior
f 8195 8196 8197 8198
f 8199 8200 8197 8196
f 3586 8178 8197 8200
f 8177 8198 8197 8178
g exterior
f 8173 8194 8201 8180
f 8193 8202 8201 8194
f 8195 8198 8201 8202
f 8177 8180 8201 8198
g interior
f 3586 8200 8203 3587
f 8199 8204 8203 8200
f 8205 8206 8203 8204
f 3588 3587 8203 8206
f 3588 8206 8207 3589
f 8205 8208 8207 8206
f 3665 3663 8207 8208
f 3590 3589 8207 3663
f 3629 3689 8209 3632
f 3688 8210 8209 3689
f 8211 8212 8209 8210
f 3633 3632 8209 8212
f 3633 8212 8213 3634
f 8211 8214 8213 8212
f 8215 8216 8213 8214
f 3635 3634 8213 8216
f 3635 8216 8217 8182
f 8215 8218 8217 8216
f 8219 8220 8217 8218
f 8183 8182 8217 8220
g exterior
f 8219 8221 8222 8220
f 8223 8224 8222 8221
f 8187 8185 8222 8224
f 8183 8220 8222 8185
f 8187 8224 8225 8190
f 8223 8226 8225 8224
f 3692 3690 8225 8226
f 3643 8190 8225 3690
f 3658 3657 8227 8192
f 3656 8228 8227 3657
f 8229 8230 8227 8228
f 8193 8192 8227 8230
g interior
f 8231 8232 8233 8234
f 8235 8236 8233 8232
f 8199 8196 8233 8236
f 8195 8234 8233 8196
g exterior
f 8193 8230 8237 8202
f 8229 8238 8237 8230
f 8231 8234 8237 8238
f 8195 8202 8237 8234
g interior
f 8199 8236 8239 8204
f 8235 8240 8239 8236
f 8241 8242 8239 8240
f 8205 8204 8239 8242
f 8205 8242 8243 8208
f 8241 8244 8243 8242
f 3667 3666 8243 8244
f 3665 8208 8243 3666
f 3688 3687 8245 8210
f 3686 8246 8245 3687
f 8247 8248 8245 8246
f 8211 8210 8245 8248
f 8211 8248 8249 8214
f 8247 8250 8249 8248
f 8251 8252 8249 8250
f 8215 8214 8249 8252
f 8215 8252 8253 8218
f 8251 8254 8253 8252
f 8255 8256 8253 8254
f 8219 8218 8253 8256
g exterior
f 8255 8257 8258 8256
f 8259 8260 8258 8257
f 8223 8221 8258 8260
f 8219 8256 8258 8221
f 8223 8260 8261 8226
f 8259 8262 8261 8260
f 3694 3693 8261 8262
f 3692 8226 8261 3693
f 3656 3705 8263 8228
f 3704 8264 8263 3705
f 8265 8266 8263 8264
f 8229 8228 8263 8266
g interior
f 8267 8268 8269 8270
f 8235 8232 8269 8268
f 8231 8270 8269 8232
g exterior
f 8229 8266 8271 8238
f 8265 8272 8271 8266
f 8273 8274 8271 8272
f 8267 8270 8271 8274
f 8231 8238 8271 8270
g interior
f 8235 8268 8275 8240
f 8267 8276 8275 8268
f 8277 8278 8275 8276
f 8279 8280 8275 8278
f 8241 8240 8275 8280
g exterior
f 8267 8274 8281 8276
f 8273 8282 8281 8274
f 8277 8276 8281 8282
g interior
f 8241 8280 8283 8244
f 8279 8284 8283 8280
f 3708 3706 8283 8284
f 3667 8244 8283 3706
f 3686 3731 8285 8246
f 3730 8286 8285 3731
f 8287 8288 8285 8286
f 8247 8246 8285 8288
f 8247 8288 8289 8250
f 8287 8290 8289 8288
f 8291 8292 8289 8290
f 8251 8250 8289 8292
f 8251 8292 8293 8254
f 8291 8294 8293 8292
f 8295 8296 8293 8294
f 8255 8254 8293 8296
g exterior
f 8295 8297 8298 8296
f 8299 8300 8298 8297
f 8259 8257 8298 8300
f 8255 8296 8298 8257
f 8259 8300 8301 8262
f 8299 8302 8301 8300
f 3734 3732 8301 8302
f 3694 8262 8301 3732
f 3704 3703 8303 8264
f 3702 8304 8303 3703
f 8305 8306 8303 8304
f 8265 8264 8303 8306
f 8265 8306 8307 8272
f 8305 8308 8307 8306
f 8309 8310 8307 8308
f 8273 8272 8307 8310
g interior
f 8311 8312 8313 8314
f 8315 8316 8313 8312
f 8279 8278 8313 8316
f 8277 8314 8313 8278
g exterior
f 8273 8310 8317 8282
f 8309 8318 8317 8310
f 8311 8314 8317 8318
f 8277 8282 8317 8314
g interior
f 8279 8316 8319 8284
f 8315 8320 8319 8316
f 3710 3709 8319 8320
f 3708 8284 8319 3709
f 3730 3729 8321 8286
f 3728 8322 8321 3729
f 8323 8324 8321 8322
f 8287 8286 8321 8324
f 8287 8324 8325 8290
f 8323 8326 8325 8324
f 8327 8328 8325 8326
f 8291 8290 8325 8328
f 8291 8328 8329 8294
f 8327 8330 8329 8328
f 8331 8332 8329 8330
f 8295 8294 8329 8332
g exterior
f 8331 8333 8334 8332
f 8335 8336 8334 8333
f 8299 8297 8334 8336
f 8295 8332 8334 8297
f 8299 8336 8337 8302
f 8335 8338 8337 8336
f 3736 3735 8337 8338
f 3734 8302 8337 3735
f 3702 3757 8339 8304
f 3756 8340 8339 3757
f 8341 8342 8339 8340
f 8305 8304 8339 8342
f 8305 8342 8343 8308
f 8341 8344 8343 8342
f 8345 8346 8343 8344
f 8309 8308 8343 8346
g interior
f 8347 8348 8349 8350
f 8315 8312 8349 8348
f 8311 8350 8349 8312
g exterior
f 8309 8346 8351 8318
f 8345 8352 8351 8346
f 8353 8354 8351 8352
f 8347 8350 8351 8354
f 8311 8318 8351 8350
g interior
f 8315 8348 8355 8320
f 8347 8356 8355 8348
f 8357 8358 8355 8356
f 8359 8360 8355 8358
f 3710 8320 8355 8360
g exterior
f 8347 8354 8361 8356
f 8353 8362 8361 8354
f 8357 8356 8361 8362
g interior
f 3710 8360 8363 3711
f 8359 8364 8363 8360
f 8365 8366 8363 8364
f 3712 3711 8363 8366
f 3712 8366 8367 3713
f 8365 8368 8367 8366
f 3760 3758 8367 8368
f 3714 3713 8367 3758
f 3728 3777 8369 8322
f 3776 8370 8369 3777
f 8371 8372 8369 8370
f 8323 8322 8369 8372
f 8323 8372 8373 8326
f 8371 8374 8373 8372
f 8375 8376 8373 8374
f 8327 8326 8373 8376
f 8327 8376 8377 8330
f 8375 8378 8377 8376
f 8379 8380 8377 8378
f 8331 8330 8377 8380
g exterior
f 8379 8381 8382 8380
f 8383 8384 8382 8381
f 8335 8333 8382 8384
f 8331 8380 8382 8333
f 8335 8384 8385 8338
f 8383 8386 8385 8384
f 8387 8388 8385 8386
f 3736 8338 8385 8388
f 3736 8388 8389 3737
f 8387 8390 8389 8388
f 8391 8392 8389 8390
f 3738 3737 8389 8392
f 3738 8392 8393 3739
f 8391 8394 8393 8392
f 3780 3778 8393 8394
f 3740 3739 8393 3778
f 3756 3755 8395 8340
f 3754 3799 8395 3755
f 3807 8396 8395 3799
f 8341 8340 8395 8396
f 8341 8396 8397 8344
f 3807 3806 8397 8396
f 3805 8398 8397 3806
f 8345 8344 8397 8398
f 8345 8398 8399 8352
f 3805 8400 8399 8398
f 8401 8402 8399 8400
f 8353 8352 8399 8402
g interior
f 8403 8404 8405 8406
f 8407 8408 8405 8404
f 8359 8358 8405 8408
f 8357 8406 8405 8358
g exterior
f 8353 8402 8409 8362
f 8401 8410 8409 8402
f 8403 8406 8409 8410
f 8357 8362 8409 8406
g interior
f 8359 8408 8411 8364
f 8407 8412 8411 8408
f 8413 8414 8411 8412
f 8365 8364 8411 8414
f 8365 8414 8415 8368
f 8413 8416 8415 8414
f 3762 3761 8415 8416
f 3760 8368 8415 3761
f 3776 3775 8417 8370
f 3774 8418 8417 3775
f 8419 8420 8417 8418
f 8371 8370 8417 8420
f 8371 8420 8421 8374
f 8419 8422 8421 8420
f 8423 8424 8421 8422
f 8375 8374 8421 8424
f 8375 8424 8425 8378
f 8423 8426 8425 8424
f 8427 8428 8425 8426
f 8379 8378 8425 8428
g exterior
f 8427 8429 8430 8428
f 8431 8432 8430 8429
f 8383 8381 8430 8432
f 8379 8428 8430 8381
f 8383 8432 8433 8386
f 8431 8434 8433 8432
f 8435 8436 8433 8434
f 8387 8386 8433 8436
f 8387 8436 8437 8390
f 8435 8438 8437 8436
f 8439 8440 8437 8438
f 8391 8390 8437 8440
f 8391 8440 8441 8394
f 8439 8442 8441 8440
f 3782 3781 8441 8442
f 3780 8394 8441 3781
f 3805 3804 8443 8400
f 3803 8444 8443 3804
f 8445 8446 8443 8444
f 8401 8400 8443 8446
g interior
f 8447 8448 8449 8450
f 8407 8404 8449 8448
f 8403 8450 8449 8404
g exterior
f 8401 8446 8451 8410
f 8445 8452 8451 8446
f 8453 8454 8451 8452
f 8447 8450 8451 8454
f 8403 8410 8451 8450
g interior
f 8407 8448 8455 8412
f 8447 8456 8455 8448
f 8457 8458 8455 8456
f 8459 8460 8455 8458
f 8413 8412 8455 8460
g exterior
f 8447 8454 8461 8456
f 8453 8462 8461 8454
f 8457 8456 8461 8462
g interior
f 8413 8460 8463 8416
f 8459 8464 8463 8460
f 3810 3808 8463 8464
f 3762 8416 8463 3808
f 3774 3829 8465 8418
f 3828 8466 8465 3829
f 8467 8468 8465 8466
f 8419 8418 8465 8468
f 8419 8468 8469 8422
f 8467 8470 8469 8468
f 8471 8472 8469 8470
f 8423 8422 8469 8472
f 8423 8472 8473 8426
f 8471 8474 8473 8472
f 8475 8476 8473 8474
f 8477 8478 8473 8476
f 8427 8426 8473 8478
g exterior
f 8477 8479 8480 8478
f 8431 8429 8480 8479
f 8427 8478 8480 8429
g interior
f 8477 8476 8481 8482
f 8475 8483 8481 8476
f 8484 8482 8481 8483
g exterior
f 8431 8479 8485 8434
f 8477 8482 8485 8479
f 8484 8486 8485 8482
f 8487 8488 8485 8486
f 8435 8434 8485 8488
f 8435 8488 8489 8438
f 8487 8490 8489 8488
f 8491 8492 8489 8490
f 8439 8438 8489 8492
f 8439 8492 8493 8442
f 8491 8494 8493 8492
f 8495 8496 8493 8494
f 3782 8442 8493 8496
f 3782 8496 8497 3783
f 8495 8498 8497 8496
f 8499 8500 8497 8498
f 3784 3783 8497 8500
f 3784 8500 8501 3785
f 8499 8502 8501 8500
f 3832 3830 8501 8502
f 3786 3785 8501 3830
f 3803 3802 8503 8444
f 3801 8504 8503 3802
f 8505 8506 8503 8504
f 8445 8444 8503 8506
f 8445 8506 8507 8452
f 8505 8508 8507 8506
f 8509 8510 8507 8508
f 8453 8452 8507 8510
g interior
f 8511 8512 8513 8514
f 8515 8516 8513 8512
f 8459 8458 8513 8516
f 8457 8514 8513 8458
g exterior
f 8453 8510 8517 8462
f 8509 8518 8517 8510
f 8511 8514 8517 8518
f 8457 8462 8517 8514
g interior
f 8459 8516 8519 8464
f 8515 8520 8519 8516
f 3812 3811 8519 8520
f 3810 8464 8519 3811
f 3828 3827 8521 8466
f 3826 3893 8521 3827
f 3901 8522 8521 3893
f 8467 8466 8521 8522
f 8467 8522 8523 8470
f 3901 3900 8523 8522
f 3899 8524 8523 3900
f 8471 8470 8523 8524
f 8471 8524 8525 8474
f 3899 8526 8525 8524
f 8527 8528 8525 8526
f 8475 8474 8525 8528
f 8475 8528 8529 8483
f 8527 8530 8529 8528
f 8531 8532 8529 8530
f 8533 8534 8529 8532
f 8484 8483 8529 8534
g exterior
f 8533 8535 8536 8534
f 8487 8486 8536 8535
f 8484 8534 8536 8486
g interior
f 8533 8532 8537 8538
f 8531 8539 8537 8532
f 8540 8538 8537 8539
g exterior
f 8487 8535 8541 8490
f 8533 8538 8541 8535
f 8540 8542 8541 8538
f 8543 8544 8541 8542
f 8491 8490 8541 8544
f 8491 8544 8545 8494
f 8543 8546 8545 8544
f 8547 8548 8545 8546
f 8495 8494 8545 8548
f 8495 8548 8549 8498
f 8547 8550 8549 8548
f 8551 8552 8549 8550
f 8499 8498 8549 8552
f 8499 8552 8553 8502
f 8551 8554 8553 8552
f 3834 3833 8553 8554
f 3832 8502 8553 3833
f 3801 3881 8555 8504
f 3880 8556 8555 3881
f 8557 8558 8555 8556
f 8505 8504 8555 8558
f 8505 8558 8559 8508
f 8557 8560 8559 8558
f 8561 8562 8559 8560
f 8509 8508 8559 8562
g interior
f 8563 8564 8565 8566
f 8567 8568 8565 8564
f 8515 8512 8565 8568
f 8511 8566 8565 8512
g exterior
f 8509 8562 8569 8518
f 8561 8570 8569 8562
f 8563 8566 8569 8570
f 8511 8518 8569 8566
g interior
f 8515 8568 8571 8520
f 8567 8572 8571 8568
f 8573 8574 8571 8572
f 3812 8520 8571 8574
f 3812 8574 8575 3813
f 8573 8576 8575 8574
f 8577 8578 8575 8576
f 3814 3813 8575 8578
f 3814 8578 8579 3815
f 8577 8580 8579 8578
f 3884 3882 8579 8580
f 3816 3815 8579 3882
f 3899 3898 8581 8526
f 3897 8582 8581 3898
f 8583 8584 8581 8582
f 8527 8526 8581 8584
f 8527 8584 8585 8530
f 8583 8586 8585 8584
f 8587 8588 8585 8586
f 8531 8530 8585 8588
f 8531 8588 8589 8539
f 8587 8590 8589 8588
f 8591 8592 8589 8590
f 8593 8594 8589 8592
f 8540 8539 8589 8594
g exterior
f 8593 8595 8596 8594
f 8543 8542 8596 8595
f 8540 8594 8596 8542
g interior
f 8593 8592 8597 8598
f 8591 8599 8597 8592
f 8600 8601 8597 8599
f 8602 8598 8597 8601
g exterior
f 8543 8595 8603 8546
f 8593 8598 8603 8595
f 8602 8604 8603 8598
f 8547 8546 8603 8604
g interior
f 8602 8601 8605 8606
f 8600 8607 8605 8601
f 8608 8609 8605 8607
f 8610 8606 8605 8609
g exterior
f 8547 8604 8611 8550
f 8602 8606 8611 8604
f 8610 8612 8611 8606
f 8551 8550 8611 8612
g interior
f 8610 8609 8613 8614
f 8608 8615 8613 8609
f 8616 8614 8613 8615
g exterior
f 8551 8612 8617 8554
f 8610 8614 8617 8612
f 8616 8618 8617 8614
f 8619 8620 8617 8618
f 3834 8554 8617 8620
f 3834 8620 8621 3835
f 8619 8622 8621 8620
f 8623 8624 8621 8622
f 3836 3835 8621 8624
f 3836 8624 8625 3837
f 8623 8626 8625 8624
f 8627 8628 8625 8626
f 3838 3837 8625 8628
f 3838 8628 8629 3841
f 8627 8630 8629 8628
f 8631 8632 8629 8630
f 3842 3841 8629 8632
f 3842 8632 8633 3843
f 8631 8634 8633 8632
f 8635 8636 8633 8634
f 3844 3843 8633 8636
f 3844 8636 8637 3847
f 8635 8638 8637 8636
f 8639 8640 8637 8638
f 3848 3847 8637 8640
f 3848 8640 8641 3849
f 8639 8642 8641 8640
f 8643 8644 8641 8642
f 3850 3849 8641 8644
f 3850 8644 8645 3853
f 8643 8646 8645 8644
f 8647 8648 8645 8646
f 3854 3853 8645 8648
f 3854 8648 8649 3855
f 8647 8650 8649 8648
f 3904 3902 8649 8650
f 3856 3855 8649 3902
f 3880 3879 8651 8556
f 3878 3935 8651 3879
f 3943 8652 8651 3935
f 8557 8556 8651 8652
f 8557 8652 8653 8560
f 3943 3942 8653 8652
f 3941 8654 8653 3942
f 8561 8560 8653 8654
g interior
f 8655 8656 8657 8658
f 8567 8564 8657 8656
f 8563 8658 8657 8564
g exterior
f 8561 8654 8659 8570
f 3941 8660 8659 8654
f 8661 8662 8659 8660
f 8655 8658 8659 8662
f 8563 8570 8659 8658
g interior
f 8567 8656 8663 8572
f 8655 8664 8663 8656
f 8665 8666 8663 8664
f 8667 8668 8663 8666
f 8573 8572 8663 8668
g exterior
f 8655 8662 8669 8664
f 8661 8670 8669 8662
f 8665 8664 8669 8670
g interior
f 8573 8668 8671 8576
f 8667 8672 8671 8668
f 8673 8674 8671 8672
f 8577 8576 8671 8674
f 8577 8674 8675 8580
f 8673 8676 8675 8674
f 3886 3885 8675 8676
f 3884 8580 8675 3885
f 3897 3896 8677 8582
f 3895 3955 8677 3896
f 3961 8678 8677 3955
f 8583 8582 8677 8678
f 8583 8678 8679 8586
f 3961 3960 8679 8678
f 3959 8680 8679 3960
f 8587 8586 8679 8680
f 8587 8680 8681 8590
f 3959 3963 8681 8680
f 3969 8682 8681 3963
f 8591 8590 8681 8682
f 8591 8682 8683 8599
f 3969 3968 8683 8682
f 3967 8684 8683 3968
f 8600 8599 8683 8684
f 8600 8684 8685 8607
f 3967 3971 8685 8684
f 3979 8686 8685 3971
f 8608 8607 8685 8686
f 8608 8686 8687 8615
f 3979 3978 8687 8686
f 3977 8688 8687 3978
f 8689 8690 8687 8688
f 8616 8615 8687 8690
g exterior
f 8689 8691 8692 8690
f 8619 8618 8692 8691
f 8616 8690 8692 8618
g interior
f 8689 8688 8693 8694
f 3977 8695 8693 8688
f 8696 8697 8693 8695
f 8698 8694 8693 8697
g exterior
f 8619 8691 8699 8622
f 8689 8694 8699 8691
f 8698 8700 8699 8694
f 8623 8622 8699 8700
g interior
f 8698 8697 8701 8702
f 8696 8703 8701 8697
f 8704 8705 8701 8703
f 8706 8702 8701 8705
g exterior
f 8623 8700 8707 8626
f 8698 8702 8707 8700
f 8706 8708 8707 8702
f 8627 8626 8707 8708
g interior
f 8706 8705 8709 8710
f 8704 8711 8709 8705
f 8712 8713 8709 8711
f 8714 8710 8709 8713
g exterior
f 8627 8708 8715 8630
f 8706 8710 8715 8708
f 8714 8716 8715 8710
f 8631 8630 8715 8716
g interior
f 8714 8713 8717 8718
f 8712 8719 8717 8713
f 8720 8721 8717 8719
f 8722 8718 8717 8721
g exterior
f 8631 8716 8723 8634
f 8714 8718 8723 8716
f 8722 8724 8723 8718
f 8635 8634 8723 8724
g interior
f 8722 8721 8725 8726
f 8720 8727 8725 8721
f 8728 8726 8725 8727
g exterior
f 8635 8724 8729 8638
f 8722 8726 8729 8724
f 8728 8730 8729 8726
f 8731 8732 8729 8730
f 8639 8638 8729 8732
f 8639 8732 8733 8642
f 8731 8734 8733 8732
f 8735 8736 8733 8734
f 8643 8642 8733 8736
f 8643 8736 8737 8646
f 8735 8738 8737 8736
f 8739 8740 8737 8738
f 8647 8646 8737 8740
f 8647 8740 8741 8650
f 8739 8742 8741 8740
f 3906 3905 8741 8742
f 3904 8650 8741 3905
f 3941 3940 8743 8660
f 3939 8744 8743 3940
f 8745 8746 8743 8744
f 8661 8660 8743 8746
g interior
f 8747 8748 8749 8750
f 8751 8752 8749 8748
f 8667 8666 8749 8752
f 8665 8750 8749 8666
g exterior
f 8661 8746 8753 8670
f 8745 8754 8753 8746
f 8747 8750 8753 8754
f 8665 8670 8753 8750
g interior
f 8667 8752 8755 8672
f 8751 8756 8755 8752
f 8757 8758 8755 8756
f 8673 8672 8755 8758
f 8673 8758 8759 8676
f 8757 8760 8759 8758
f 3946 3944 8759 8760
f 3886 8676 8759 3944
f 3977 3976 8761 8695
f 3975 8762 8761 3976
f 8763 8764 8761 8762
f 8696 8695 8761 8764
f 8696 8764 8765 8703
f 8763 8766 8765 8764
f 8767 8768 8765 8766
f 8704 8703 8765 8768
f 8704 8768 8769 8711
f 8767 8770 8769 8768
f 8771 8772 8769 8770
f 8712 8711 8769 8772
f 8712 8772 8773 8719
f 8771 8774 8773 8772
f 8775 8776 8773 8774
f 8720 8719 8773 8776
f 8720 8776 8777 8727
f 8775 8778 8777 8776
f 8779 8780 8777 8778
f 8781 8782 8777 8780
f 8728 8727 8777 8782
g exterior
f 8781 8783 8784 8782
f 8731 8730 8784 8783
f 8728 8782 8784 8730
g interior
f 8781 8780 8785 8786
f 8779 8787 8785 8780
f 8788 8789 8785 8787
f 8790 8786 8785 8789
g exterior
f 8731 8783 8791 8734
f 8781 8786 8791 8783
f 8790 8792 8791 8786
f 8735 8734 8791 8792
g interior
f 8790 8789 8793 8794
f 8788 8795 8793 8789
f 8796 8797 8793 8795
f 8798 8794 8793 8797
g exterior
f 8735 8792 8799 8738
f 8790 8794 8799 8792
f 8798 8800 8799 8794
f 8739 8738 8799 8800
g interior
f 8798 8797 8801 8802
f 8796 8803 8801 8797
f 8804 8805 8801 8803
f 8806 8802 8801 8805
g exterior
f 8739 8800 8807 8742
f 8798 8802 8807 8800
f 8806 8808 8807 8802
f 3906 8742 8807 8808
g interior
f 8806 8805 8809 8810
f 8804 8811 8809 8805
f 8812 8810 8809 8811
g exterior
f 3906 8808 8813 3907
f 8806 8810 8813 8808
f 8812 8814 8813 8810
f 8815 8816 8813 8814
f 3908 3907 8813 8816
f 3908 8816 8817 3909
f 8815 8818 8817 8816
f 8819 8820 8817 8818
f 3910 3909 8817 8820
f 3910 8820 8821 3913
f 8819 8822 8821 8820
f 8823 8824 8821 8822
f 3914 3913 8821 8824
f 3914 8824 8825 3915
f 8823 8826 8825 8824
f 8827 8828 8825 8826
f 3916 3915 8825 8828
f 3916 8828 8829 3919
f 8827 8830 8829 8828
f 8831 8832 8829 8830
f 3920 3919 8829 8832
f 3920 8832 8833 3921
f 8831 8834 8833 8832
f 3982 3980 8833 8834
f 3922 3921 8833 3980
f 3939 3938 8835 8744
f 3937 8836 8835 3938
f 8837 8838 8835 8836
f 8745 8744 8835 8838
g interior
f 8839 8840 8841 8842
f 8751 8748 8841 8840
f 8747 8842 8841 8748
g exterior
f 8745 8838 8843 8754
f 8837 8844 8843 8838
f 8845 8846 8843 8844
f 8839 8842 8843 8846
f 8747 8754 8843 8842
g interior
f 8751 8840 8847 8756
f 8839 8848 8847 8840
f 8849 8850 8847 8848
f 8851 8852 8847 8850
f 8757 8756 8847 8852
g exterior
f 8839 8846 8853 8848
f 8845 8854 8853 8846
f 8849 8848 8853 8854
g interior
f 8757 8852 8855 8760
f 8851 8856 8855 8852
f 3948 3947 8855 8856
f 3946 8760 8855 3947
f 3975 3974 8857 8762
f 3973 4031 8857 3974
f 4035 8858 8857 4031
f 8763 8762 8857 8858
f 8763 8858 8859 8766
f 4035 4034 8859 8858
f 4033 8860 8859 4034
f 8767 8766 8859 8860
f 8767 8860 8861 8770
f 4033 4037 8861 8860
f 4041 8862 8861 4037
f 8771 8770 8861 8862
f 8771 8862 8863 8774
f 4041 4040 8863 8862
f 4039 8864 8863 4040
f 8775 8774 8863 8864
f 8775 8864 8865 8778
f 4039 4043 8865 8864
f 4049 8866 8865 4043
f 8779 8778 8865 8866
f 8779 8866 8867 8787
f 4049 4048 8867 8866
f 4047 8868 8867 4048
f 8788 8787 8867 8868
f 8788 8868 8869 8795
f 4047 4051 8869 8868
f 4059 8870 8869 4051
f 8796 8795 8869 8870
f 8796 8870 8871 8803
f 4059 4058 8871 8870
f 4057 8872 8871 4058
f 8804 8803 8871 8872
f 8804 8872 8873 8811
f 4057 8874 8873 8872
f 8875 8876 8873 8874
f 8877 8878 8873 8876
f 8812 8811 8873 8878
g exterior
f 8877 8879 8880 8878
f 8815 8814 8880 8879
f 8812 8878 8880 8814
g interior
f 8877 8876 8881 8882
f 8875 8883 8881 8876
f 8884 8885 8881 8883
f 8886 8882 8881 8885
g exterior
f 8815 8879 8887 8818
f 8877 8882 8887 8879
f 8886 8888 8887 8882
f 8819 8818 8887 8888
g interior
f 8886 8885 8889 8890
f 8884 8891 8889 8885
f 8892 8893 8889 8891
f 8894 8890 8889 8893
g exterior
f 8819 8888 8895 8822
f 8886 8890 8895 8888
f 8894 8896 8895 8890
f 8823 8822 8895 8896
g interior
f 8894 8893 8897 8898
f 8892 8899 8897 8893
f 8900 8898 8897 8899
g exterior
f 8823 8896 8901 8826
f 8894 8898 8901 8896
f 8900 8902 8901 8898
f 8903 8904 8901 8902
f 8827 8826 8901 8904
f 8827 8904 8905 8830
f 8903 8906 8905 8904
f 8907 8908 8905 8906
f 8831 8830 8905 8908
f 8831 8908 8909 8834
f 8907 8910 8909 8908
f 3984 3983 8909 8910
f 3982 8834 8909 3983
f 3937 4015 8911 8836
f 4014 8912 8911 4015
f 8913 8914 8911 8912
f 8837 8836 8911 8914
f 8837 8914 8915 8844
f 8913 8916 8915 8914
f 8917 8918 8915 8916
f 8845 8844 8915 8918
g interior
f 8919 8920 8921 8922
f 8923 8924 8921 8920
f 8851 8850 8921 8924
f 8849 8922 8921 8850
g exterior
f 8845 8918 8925 8854
f 8917 8926 8925 8918
f 8919 8922 8925 8926
f 8849 8854 8925 8922
g interior
f 8851 8924 8927 8856
f 8923 8928 8927 8924
f 4018 4016 8927 8928
f 3948 8856 8927 4016
f 4057 4056 8929 8874
f 4055 8930 8929 4056
f 8931 8932 8929 8930
f 8875 8874 8929 8932
f 8875 8932 8933 8883
f 8931 8934 8933 8932
f 8935 8936 8933 8934
f 8884 8883 8933 8936
f 8884 8936 8937 8891
f 8935 8938 8937 8936
f 8939 8940 8937 8938
f 8892 8891 8937 8940
f 8892 8940 8941 8899
f 8939 8942 8941 8940
f 8943 8944 8941 8942
f 8945 8946 8941 8944
f 8900 8899 8941 8946
g exterior
f 8945 8947 8948 8946
f 8903 8902 8948 8947
f 8900 8946 8948 8902
g interior
f 8945 8944 8949 8950
f 8943 8951 8949 8944
f 8952 8953 8949 8951
f 8954 8950 8949 8953
g exterior
f 8903 8947 8955 8906
f 8945 8950 8955 8947
f 8954 8956 8955 8950
f 8907 8906 8955 8956
g interior
f 8954 8953 8957 8958
f 8952 8959 8957 8953
f 8960 8961 8957 8959
f 8962 8958 8957 8961
g exterior
f 8907 8956 8963 8910
f 8954 8958 8963 8956
f 8962 8964 8963 8958
f 3984 8910 8963 8964
g interior
f 8962 8961 8965 8966
f 8960 8967 8965 8961
f 8968 8966 8965 8967
g exterior
f 3984 8964 8969 3985
f 8962 8966 8969 8964
f 8968 8970 8969 8966
f 8971 8972 8969 8970
f 3986 3985 8969 8972
f 3986 8972 8973 3987
f 8971 8974 8973 8972
f 8975 8976 8973 8974
f 3988 3987 8973 8976
f 3988 8976 8977 3991
f 8975 8978 8977 8976
f 8979 8980 8977 8978
f 3992 3991 8977 8980
f 3992 8980 8981 3993
f 8979 8982 8981 8980
f 4062 4060 8981 8982
f 3994 3993 8981 4060
f 4014 4013 8983 8912
f 4012 8984 8983 4013
f 8985 8986 8983 8984
f 8913 8912 8983 8986
f 8913 8986 8987 8916
f 8985 8988 8987 8986
f 8989 8990 8987 8988
f 8917 8916 8987 8990
g interior
f 8991 8992 8993 8994
f 8995 8996 8993 8992
f 8923 8920 8993 8996
f 8919 8994 8993 8920
g exterior
f 8917 8990 8997 8926
f 8989 8998 8997 8990
f 8991 8994 8997 8998
f 8919 8926 8997 8994
g interior
f 8923 8996 8999 8928
f 8995 9000 8999 8996
f 4020 4019 8999 9000
f 4018 8928 8999 4019
f 4055 4054 9001 8930
f 4053 4099 9001 4054
f 4105 9002 9001 4099
f 8931 8930 9001 9002
f 8931 9002 9003 8934
f 4105 4104 9003 9002
f 4103 9004 9003 4104
f 8935 8934 9003 9004
f 8935 9004 9005 8938
f 4103 4107 9005 9004
f 4113 9006 9005 4107
f 8939 8938 9005 9006
f 8939 9006 9007 8942
f 4113 4112 9007 9006
f 4111 9008 9007 4112
f 8943 8942 9007 9008
f 8943 9008 9009 8951
f 4111 4115 9009 9008
f 4123 9010 9009 4115
f 8952 8951 9009 9010
f 8952 9010 9011 8959
f 4123 4122 9011 9010
f 4121 9012 9011 4122
f 8960 8959 9011 9012
f 8960 9012 9013 8967
f 4121 9014 9013 9012
f 9015 9016 9013 9014
f 9017 9018 9013 9016
f 8968 8967 9013 9018
g exterior
f 9017 9019 9020 9018
f 8971 8970 9020 9019
f 8968 9018 9020 8970
g interior
f 9017 9016 9021 9022
f 9015 9023 9021 9016
f 9024 9025 9021 9023
f 9026 9022 9021 9025
g exterior
f 8971 9019 9027 8974
f 9017 9022 9027 9019
f 9026 9028 9027 9022
f 8975 8974 9027 9028
g interior
f 9026 9025 9029 9030
f 9024 9031 9029 9025
f 9032 9030 9029 9031
g exterior
f 8975 9028 9033 8978
f 9026 9030 9033 9028
f 9032 9034 9033 9030
f 9035 9036 9033 9034
f 8979 8978 9033 9036
f 8979 9036 9037 8982
f 9035 9038 9037 9036
f 4064 4063 9037 9038
f 4062 8982 9037 4063
f 4012 4083 9039 8984
f 4082 9040 9039 4083
f 9041 9042 9039 9040
f 8985 8984 9039 9042
f 8985 9042 9043 8988
f 9041 9044 9043 9042
f 9045 9046 9043 9044
f 8989 8988 9043 9046
g interior
f 9047 9048 9049 9050
f 9051 9052 9049 9048
f 8995 8992 9049 9052
f 8991 9050 9049 8992
g exterior
f 8989 9046 9053 8998
f 9045 9054 9053 9046
f 9047 9050 9053 9054
f 8991 8998 9053 9050
g interior
f 8995 9052 9055 9000
f 9051 9056 9055 9052
f 4086 4084 9055 9056
f 4020 9000 9055 4084
f 4121 4120 9057 9014
f 4119 9058 9057 4120
f 9059 9060 9057 9058
f 9015 9014 9057 9060
f 9015 9060 9061 9023
f 9059 9062 9061 9060
f 9063 9064 9061 9062
f 9024 9023 9061 9064
f 9024 9064 9065 9031
f 9063 9066 9065 9064
f 9067 9068 9065 9066
f 9069 9070 9065 9068
f 9032 9031 9065 9070
g exterior
f 9069 9071 9072 9070
f 9035 9034 9072 9071
f 9032 9070 9072 9034
g interior
f 9069 9068 9073 9074
f 9067 9075 9073 9068
f 9076 9077 9073 9075
f 9078 9074 9073 9077
g exterior
f 9035 9071 9079 9038
f 9069 9074 9079 9071
f 9078 9080 9079 9074
f 4064 9038 9079 9080
g interior
f 9078 9077 9081 9082
f 9076 9083 9081 9077
f 9084 9082 9081 9083
g exterior
f 4064 9080 9085 4065
f 9078 9082 9085 9080
f 9084 9086 9085 9082
f 9087 9088 9085 9086
f 4066 4065 9085 9088
f 4066 9088 9089 4067
f 9087 9090 9089 9088
f 9091 9092 9089 9090
f 4068 4067 9089 9092
f 4068 9092 9093 4071
f 9091 9094 9093 9092
f 9095 9096 9093 9094
f 4072 4071 9093 9096
f 4072 9096 9097 4073
f 9095 9098 9097 9096
f 4126 4124 9097 9098
f 4074 4073 9097 4124
f 4082 4081 9099 9040
f 4080 9100 9099 4081
f 9101 9102 9099 9100
f 9041 9040 9099 9102
f 9041 9102 9103 9044
f 9101 9104 9103 9102
f 9105 9106 9103 9104
f 9045 9044 9103 9106
g interior
f 9107 9108 9109 9110
f 9111 9112 9109 9108
f 9051 9048 9109 9112
f 9047 9110 9109 9048
g exterior
f 9045 9106 9113 9054
f 9105 9114 9113 9106
f 9107 9110 9113 9114
f 9047 9054 9113 9110
g interior
f 9051 9112 9115 9056
f 9111 9116 9115 9112
f 4088 4087 9115 9116
f 4086 9056 9115 4087
f 4119 4118 9117 9058
f 4117 4163 9117 4118
f 4167 9118 9117 4163
f 9059 9058 9117 9118
f 9059 9118 9119 9062
f 4167 4166 9119 9118
f 4165 9120 9119 4166
f 9063 9062 9119 9120
f 9063 9120 9121 9066
f 4165 4169 9121 9120
f 4177 9122 9121 4169
f 9067 9066 9121 9122
f 9067 9122 9123 9075
f 4177 4176 9123 9122
f 4175 9124 9123 4176
f 9076 9075 9123 9124
f 9076 9124 9125 9083
f 4175 9126 9125 9124
f 9127 9128 9125 9126
f 9129 9130 9125 9128
f 9084 9083 9125 9130
g exterior
f 9129 9131 9132 9130
f 9087 9086 9132 9131
f 9084 9130 9132 9086
g interior
f 9129 9128 9133 9134
f 9127 9135 9133 9128
f 9136 9134 9133 9135
g exterior
f 9087 9131 9137 9090
f 9129 9134 9137 9131
f 9136 9138 9137 9134
f 9139 9140 9137 9138
f 9091 9090 9137 9140
f 9091 9140 9141 9094
f 9139 9142 9141 9140
f 9143 9144 9141 9142
f 9095 9094 9141 9144
f 9095 9144 9145 9098
f 9143 9146 9145 9144
f 4128 4127 9145 9146
f 4126 9098 9145 4127
f 4080 4145 9147 9100
f 4144 9148 9147 4145
f 9149 9150 9147 9148
f 9101 9100 9147 9150
f 9101 9150 9151 9104
f 9149 9152 9151 9150
f 9153 9154 9151 9152
f 9105 9104 9151 9154
g interior
f 9155 9156 9157 9158
f 9159 9160 9157 9156
f 9111 9108 9157 9160
f 9107 9158 9157 9108
g exterior
f 9105 9154 9161 9114
f 9153 9162 9161 9154
f 9155 9158 9161 9162
f 9107 9114 9161 9158
g interior
f 9111 9160 9163 9116
f 9159 9164 9163 9160
f 4148 4146 9163 9164
f 4088 9116 9163 4146
f 4175 4174 9165 9126
f 4173 9166 9165 4174
f 9167 9168 9165 9166
f 9127 9126 9165 9168
f 9127 9168 9169 9135
f 9167 9170 9169 9168
f 9171 9172 9169 9170
f 9173 9174 9169 9172
f 9136 9135 9169 9174
g exterior
f 9173 9175 9176 9174
f 9139 9138 9176 9175
f 9136 9174 9176 9138
g interior
f 9173 9172 9177 9178
f 9171 9179 9177 9172
f 9180 9178 9177 9179
g exterior
f 9139 9175 9181 9142
f 9173 9178 9181 9175
f 9180 9182 9181 9178
f 9183 9184 9181 9182
f 9143 9142 9181 9184
f 9143 9184 9185 9146
f 9183 9186 9185 9184
f 9187 9188 9185 9186
f 4128 9146 9185 9188
f 4128 9188 9189 4129
f 9187 9190 9189 9188
f 9191 9192 9189 9190
f 4130 4129 9189 9192
f 4130 9192 9193 4131
f 9191 9194 9193 9192
f 4180 4178 9193 9194
f 4132 4131 9193 4178
f 4144 4143 9195 9148
f 4142 9196 9195 4143
f 9197 9198 9195 9196
f 9149 9148 9195 9198
f 9149 9198 9199 9152
f 9197 9200 9199 9198
f 9201 9202 9199 9200
f 9153 9152 9199 9202
g interior
f 9203 9204 9205 9206
f 9207 9208 9205 9204
f 9159 9156 9205 9208
f 9155 9206 9205 9156
g exterior
f 9153 9202 9209 9162
f 9201 9210 9209 9202
f 9203 9206 9209 9210
f 9155 9162 9209 9206
g interior
f 9159 9208 9211 9164
f 9207 9212 9211 9208
f 4150 4149 9211 9212
f 4148 9164 9211 4149
f 4173 4172 9213 9166
f 4171 4205 9213 4172
f 4213 9214 9213 4205
f 9167 9166 9213 9214
f 9167 9214 9215 9170
f 4213 4212 9215 9214
f 4211 9216 9215 4212
f 9171 9170 9215 9216
f 9171 9216 9217 9179
f 4211 9218 9217 9216
f 9219 9220 9217 9218
f 9221 9222 9217 9220
f 9180 9179 9217 9222
g exterior
f 9221 9223 9224 9222
f 9183 9182 9224 9223
f 9180 9222 9224 9182
g interior
f 9221 9220 9225 9226
f 9219 9227 9225 9220
f 9228 9226 9225 9227
g exterior
f 9183 9223 9229 9186
f 9221 9226 9229 9223
f 9228 9230 9229 9226
f 9231 9232 9229 9230
f 9187 9186 9229 9232
f 9187 9232 9233 9190
f 9231 9234 9233 9232
f 9235 9236 9233 9234
f 9191 9190 9233 9236
f 9191 9236 9237 9194
f 9235 9238 9237 9236
f 4182 4181 9237 9238
f 4180 9194 9237 4181
f 4142 4193 9239 9196
f 4192 9240 9239 4193
f 9241 9242 9239 9240
f 9197 9196 9239 9242
f 9197 9242 9243 9200
f 9241 9244 9243 9242
f 9245 9246 9243 9244
f 9201 9200 9243 9246
g interior
f 9247 9248 9249 9250
f 9251 9252 9249 9248
f 9207 9204 9249 9252
f 9203 9250 9249 9204
g exterior
f 9201 9246 9253 9210
f 9245 9254 9253 9246
f 9247 9250 9253 9254
f 9203 9210 9253 9250
g interior
f 9207 9252 9255 9212
f 9251 9256 9255 9252
f 4196 4194 9255 9256
f 4150 9212 9255 4194
f 4211 4210 9257 9218
f 4209 9258 9257 4210
f 9259 9260 9257 9258
f 9219 9218 9257 9260
f 9219 9260 9261 9227
f 9259 9262 9261 9260
f 9263 9264 9261 9262
f 9265 9266 9261 9264
f 9228 9227 9261 9266
g exterior
f 9265 9267 9268 9266
f 9231 9230 9268 9267
f 9228 9266 9268 9230
g interior
f 9265 9264 9269 9270
f 9263 9271 9269 9264
f 9272 9270 9269 9271
g exterior
f 9231 9267 9273 9234
f 9265 9270 9273 9267
f 9272 9274 9273 9270
f 9275 9276 9273 9274
f 9235 9234 9273 9276
f 9235 9276 9277 9238
f 9275 9278 9277 9276
f 4216 4214 9277 9278
f 4182 9238 9277 4214
f 4192 4191 9279 9240
f 4190 9280 9279 4191
f 9281 9282 9279 9280
f 9241 9240 9279 9282
f 9241 9282 9283 9244
f 9281 9284 9283 9282
f 9285 9286 9283 9284
f 9245 9244 9283 9286
g interior
f 9287 9288 9289 9290
f 9291 9292 9289 9288
f 9251 9248 9289 9292
f 9247 9290 9289 9248
g exterior
f 9245 9286 9293 9254
f 9285 9294 9293 9286
f 9287 9290 9293 9294
f 9247 9254 9293 9290
g interior
f 9251 9292 9295 9256
f 9291 9296 9295 9292
f 4198 4197 9295 9296
f 4196 9256 9295 4197
f 4209 4208 9297 9258
f 4207 9298 9297 4208
f 9299 9300 9297 9298
f 9259 9258 9297 9300
f 9259 9300 9301 9262
f 9299 9302 9301 9300
f 9303 9304 9301 9302
f 9263 9262 9301 9304
f 9263 9304 9305 9271
f 9303 9306 9305 9304
f 9307 9308 9305 9306
f 9272 9271 9305 9308
g exterior
f 9307 9309 9310 9308
f 9311 9312 9310 9309
f 9275 9274 9310 9312
f 9272 9308 9310 9274
f 9275 9312 9313 9278
f 9311 9314 9313 9312
f 4218 4217 9313 9314
f 4216 9278 9313 4217
f 4190 4229 9315 9280
f 4228 9316 9315 4229
f 9317 9318 9315 9316
f 9281 9280 9315 9318
f 9281 9318 9319 9284
f 9317 9320 9319 9318
f 9321 9322 9319 9320
f 9285 9284 9319 9322
g interior
f 9323 9324 9325 9326
f 9327 9328 9325 9324
f 9291 9288 9325 9328
f 9287 9326 9325 9288
g exterior
f 9285 9322 9329 9294
f 9321 9330 9329 9322
f 9323 9326 9329 9330
f 9287 9294 9329 9326
g interior
f 9291 9328 9331 9296
f 9327 9332 9331 9328
f 4232 4230 9331 9332
f 4198 9296 9331 4230
f 4207 4245 9333 9298
f 4244 9334 9333 4245
f 9335 9336 9333 9334
f 9299 9298 9333 9336
f 9299 9336 9337 9302
f 9335 9338 9337 9336
f 9339 9340 9337 9338
f 9303 9302 9337 9340
f 9303 9340 9341 9306
f 9339 9342 9341 9340
f 9343 9344 9341 9342
f 9307 9306 9341 9344
g exterior
f 9343 9345 9346 9344
f 9347 9348 9346 9345
f 9311 9309 9346 9348
f 9307 9344 9346 9309
f 9311 9348 9349 9314
f 9347 9350 9349 9348
f 4248 4246 9349 9350
f 4218 9314 9349 4246
f 4228 4227 9351 9316
f 4226 9352 9351 4227
f 9353 9354 9351 9352
f 9317 9316 9351 9354
f 9317 9354 9355 9320
f 9353 9356 9355 9354
f 9357 9358 9355 9356
f 9321 9320 9355 9358
g interior
f 9359 9360 9361 9362
f 9363 9364 9361 9360
f 9327 9324 9361 9364
f 9323 9362 9361 9324
g exterior
f 9321 9358 9365 9330
f 9357 9366 9365 9358
f 9359 9362 9365 9366
f 9323 9330 9365 9362
g interior
f 9327 9364 9367 9332
f 9363 9368 9367 9364
f 4234 4233 9367 9368
f 4232 9332 9367 4233
f 4244 4243 9369 9334
f 4242 9370 9369 4243
f 9371 9372 9369 9370
f 9335 9334 9369 9372
f 9335 9372 9373 9338
f 9371 9374 9373 9372
f 9375 9376 9373 9374
f 9339 9338 9373 9376
f 9339 9376 9377 9342
f 9375 9378 9377 9376
f 9379 9380 9377 9378
f 9343 9342 9377 9380
g exterior
f 9379 9381 9382 9380
f 9383 9384 9382 9381
f 9347 9345 9382 9384
f 9343 9380 9382 9345
f 9347 9384 9385 9350
f 9383 9386 9385 9384
f 4250 4249 9385 9386
f 4248 9350 9385 4249
f 4226 4261 9387 9352
f 4260 9388 9387 4261
f 9389 9390 9387 9388
f 9353 9352 9387 9390
f 9353 9390 9391 9356
f 9389 9392 9391 9390
f 9393 9394 9391 9392
f 9357 9356 9391 9394
g interior
f 9395 9396 9397 9398
f 9399 9400 9397 9396
f 9363 9360 9397 9400
f 9359 9398 9397 9360
g exterior
f 9357 9394 9401 9366
f 9393 9402 9401 9394
f 9395 9398 9401 9402
f 9359 9366 9401 9398
g interior
f 9363 9400 9403 9368
f 9399 9404 9403 9400
f 4264 4262 9403 9404
f 4234 9368 9403 4262
f 4242 4277 9405 9370
f 4276 9406 9405 4277
f 9407 9408 9405 9406
f 9371 9370 9405 9408
f 9371 9408 9409 9374
f 9407 9410 9409 9408
f 9411 9412 9409 9410
f 9375 9374 9409 9412
f 9375 9412 9413 9378
f 9411 9414 9413 9412
f 9415 9416 9413 9414
f 9379 9378 9413 9416
g exterior
f 9415 9417 9418 9416
f 9419 9420 9418 9417
f 9383 9381 9418 9420
f 9379 9416 9418 9381
f 9383 9420 9421 9386
f 9419 9422 9421 9420
f 4280 4278 9421 9422
f 4250 9386 9421 4278
f 4260 4259 9423 9388
f 4258 9424 9423 4259
f 9425 9426 9423 9424
f 9389 9388 9423 9426
f 9389 9426 9427 9392
f 9425 9428 9427 9426
f 9429 9430 9427 9428
f 9393 9392 9427 9430
g interior
f 9431 9432 9433 9434
f 9435 9436 9433 9432
f 9399 9396 9433 9436
f 9395 9434 9433 9396
g exterior
f 9393 9430 9437 9402
f 9429 9438 9437 9430
f 9431 9434 9437 9438
f 9395 9402 9437 9434
g interior
f 9399 9436 9439 9404
f 9435 9440 9439 9436
f 4266 4265 9439 9440
f 4264 9404 9439 4265
f 4276 4275 9441 9406
f 4274 9442 9441 4275
f 9443 9444 9441 9442
f 9407 9406 9441 9444
f 9407 9444 9445 9410
f 9443 9446 9445 9444
f 9447 9448 9445 9446
f 9411 9410 9445 9448
f 9411 9448 9449 9414
f 9447 9450 9449 9448
f 9451 9452 9449 9450
f 9415 9414 9449 9452
g exterior
f 9451 9453 9454 9452
f 9455 9456 9454 9453
f 9419 9417 9454 9456
f 9415 9452 9454 9417
f 9419 9456 9457 9422
f 9455 9458 9457 9456
f 4282 4281 9457 9458
f 4280 9422 9457 4281
f 4258 4293 9459 9424
f 4292 9460 9459 4293
f 9461 9462 9459 9460
f 9425 9424 9459 9462
f 9425 9462 9463 9428
f 9461 9464 9463 9462
f 9465 9466 9463 9464
f 9429 9428 9463 9466
g interior
f 9467 9468 9469 9470
f 9471 9472 9469 9468
f 9435 9432 9469 9472
f 9431 9470 9469 9432
g exterior
f 9429 9466 9473 9438
f 9465 9474 9473 9466
f 9467 9470 9473 9474
f 9431 9438 9473 9470
g interior
f 9435 9472 9475 9440
f 9471 9476 9475 9472
f 4296 4294 9475 9476
f 4266 9440 9475 4294
f 4274 4311 9477 9442
f 4310 9478 9477 4311
f 9479 9480 9477 9478
f 9443 9442 9477 9480
f 9443 9480 9481 9446
f 9479 9482 9481 9480
f 9483 9484 9481 9482
f 9447 9446 9481 9484
f 9447 9484 9485 9450
f 9483 9486 9485 9484
f 9487 9488 9485 9486
f 9451 9450 9485 9488
g exterior
f 9487 9489 9490 9488
f 9491 9492 9490 9489
f 9455 9453 9490 9492
f 9451 9488 9490 9453
f 9455 9492 9493 9458
f 9491 9494 9493 9492
f 4314 4312 9493 9494
f 4282 9458 9493 4312
f 4292 4291 9495 9460
f 4290 9496 9495 4291
f 9497 9498 9495 9496
f 9461 9460 9495 9498
f 9461 9498 9499 9464
f 9497 9500 9499 9498
f 9501 9502 9499 9500
f 9465 9464 9499 9502
g interior
f 9503 9504 9505 9506
f 9507 9508 9505 9504
f 9471 9468 9505 9508
f 9467 9506 9505 9468
g exterior
f 9465 9502 9509 9474
f 9501 9510 9509 9502
f 9503 9506 9509 9510
f 9467 9474 9509 9506
g interior
f 9471 9508 9511 9476
f 9507 9512 9511 9508
f 4298 4297 9511 9512
f 4296 9476 9511 4297
f 4310 4309 9513 9478
f 4308 9514 9513 4309
f 9515 9516 9513 9514
f 9479 9478 9513 9516
f 9479 9516 9517 9482
f 9515 9518 9517 9516
f 9519 9520 9517 9518
f 9521 9522 9517 9520
f 9483 9482 9517 9522
g exterior
f 9519 9523 9524 9520
f 9525 9526 9524 9523
f 9521 9520 9524 9526
g interior
f 9483 9522 9527 9486
f 9521 9528 9527 9522
f 9487 9486 9527 9528
g exterior
f 9521 9526 9529 9528
f 9525 9530 9529 9526
f 9531 9532 9529 9530
f 9491 9489 9529 9532
f 9487 9528 9529 9489
f 9491 9532 9533 9494
f 9531 9534 9533 9532
f 4316 4315 9533 9534
f 4314 9494 9533 4315
f 4290 4327 9535 9496
f 4326 9536 9535 4327
f 9537 9538 9535 9536
f 9497 9496 9535 9538
f 9497 9538 9539 9500
f 9537 9540 9539 9538
f 9541 9542 9539 9540
f 9501 9500 9539 9542
g interior
f 9543 9544 9545 9546
f 9547 9548 9545 9544
f 9507 9504 9545 9548
f 9503 9546 9545 9504
g exterior
f 9501 9542 9549 9510
f 9541 9550 9549 9542
f 9543 9546 9549 9550
f 9503 9510 9549 9546
g interior
f 9507 9548 9551 9512
f 9547 9552 9551 9548
f 4330 4328 9551 9552
f 4298 9512 9551 4328
f 4302 4367 9553 4305
f 4366 9554 9553 4367
f 9555 9556 9553 9554
f 4306 4305 9553 9556
f 4306 9556 9557 4307
f 9555 9558 9557 9556
f 9559 9560 9557 9558
f 4308 4307 9557 9560
f 4308 9560 9561 9514
f 9559 9562 9561 9560
f 9563 9564 9561 9562
f 9565 9566 9561 9564
f 9515 9514 9561 9566
g exterior
f 9563 9567 9568 9564
f 9569 9570 9568 9567
f 9565 9564 9568 9570
g interior
f 9515 9566 9571 9518
f 9565 9572 9571 9566
f 9519 9518 9571 9572
g exterior
f 9565 9570 9573 9572
f 9569 9574 9573 9570
f 9575 9576 9573 9574
f 9525 9523 9573 9576
f 9519 9572 9573 9523
f 9525 9576 9577 9530
f 9575 9578 9577 9576
f 9579 9580 9577 9578
f 9531 9530 9577 9580
f 9531 9580 9581 9534
f 9579 9582 9581 9580
f 4370 4368 9581 9582
f 4316 9534 9581 4368
f 4326 4325 9583 9536
f 4324 9584 9583 4325
f 9585 9586 9583 9584
f 9537 9536 9583 9586
f 9537 9586 9587 9540
f 9585 9588 9587 9586
f 9589 9590 9587 9588
f 9541 9540 9587 9590
g interior
f 9591 9592 9593 9594
f 9595 9596 9593 9592
f 9547 9544 9593 9596
f 9543 9594 9593 9544
g exterior
f 9541 9590 9597 9550
f 9589 9598 9597 9590
f 9591 9594 9597 9598
f 9543 9550 9597 9594
g interior
f 9547 9596 9599 9552
f 9595 9600 9599 9596
f 4332 4331 9599 9600
f 4330 9552 9599 4331
f 4366 4365 9601 9554
f 4364 9602 9601 4365
f 9603 9604 9601 9602
f 9555 9554 9601 9604
f 9555 9604 9605 9558
f 9603 9606 9605 9604
f 9607 9608 9605 9606
f 9609 9610 9605 9608
f 9559 9558 9605 9610
g exterior
f 9607 9611 9612 9608
f 9613 9614 9612 9611
f 9609 9608 9612 9614
g interior
f 9559 9610 9615 9562
f 9609 9616 9615 9610
f 9563 9562 9615 9616
g exterior
f 9609 9614 9617 9616
f 9613 9618 9617 9614
f 9619 9620 9617 9618
f 9569 9567 9617 9620
f 9563 9616 9617 9567
f 9569 9620 9621 9574
f 9619 9622 9621 9620
f 4418 9623 9621 9622
f 9575 9574 9621 9623
f 9575 9623 9624 9578
f 4418 4421 9624 9623
f 4428 9625 9624 4421
f 9579 9578 9624 9625
f 9579 9625 9626 9582
f 4428 4427 9626 9625
f 4372 4371 9626 4427
f 4370 9582 9626 4371
f 4324 4383 9627 9584
f 4382 9628 9627 4383
f 9629 9630 9627 9628
f 9585 9584 9627 9630
f 9585 9630 9631 9588
f 9629 9632 9631 9630
f 9633 9634 9631 9632
f 9589 9588 9631 9634
g interior
f 9635 9636 9637 9638
f 9639 9640 9637 9636
f 9595 9592 9637 9640
f 9591 9638 9637 9592
g exterior
f 9589 9634 9641 9598
f 9633 9642 9641 9634
f 9635 9638 9641 9642
f 9591 9598 9641 9638
g interior
f 9595 9640 9643 9600
f 9639 9644 9643 9640
f 4386 4384 9643 9644
f 4332 9600 9643 4384
f 4352 4417 9645 4355
f 4416 9646 9645 4417
f 9647 9648 9645 9646
f 4356 4355 9645 9648
f 4356 9648 9649 4357
f 9647 9650 9649 9648
f 9651 9652 9649 9650
f 4358 4357 9649 9652
f 4358 9652 9653 4361
f 9651 9654 9653 9652
f 9655 9656 9653 9654
f 4362 4361 9653 9656
f 4362 9656 9657 4363
f 9655 9658 9657 9656
f 9659 9660 9657 9658
f 4364 4363 9657 9660
f 4364 9660 9661 9602
f 9659 9662 9661 9660
f 9663 9664 9661 9662
f 9665 9666 9661 9664
f 9603 9602 9661 9666
g exterior
f 9663 9667 9668 9664
f 9669 9670 9668 9667
f 9665 9664 9668 9670
g interior
f 9603 9666 9671 9606
f 9665 9672 9671 9666
f 9607 9606 9671 9672
g exterior
f 9665 9670 9673 9672
f 9669 9674 9673 9670
f 9675 9676 9673 9674
f 9613 9611 9673 9676
f 9607 9672 9673 9611
f 9613 9676 9677 9618
f 9675 9678 9677 9676
f 9679 9680 9677 9678
f 9619 9618 9677 9680
f 9619 9680 9681 9622
f 9679 9682 9681 9680
f 4422 4419 9681 9682
f 4418 9622 9681 4419
f 4382 4381 9683 9628
f 4380 9684 9683 4381
f 9685 9686 9683 9684
f 9629 9628 9683 9686
f 9629 9686 9687 9632
f 9685 9688 9687 9686
f 9689 9690 9687 9688
f 9633 9632 9687 9690
g interior
f 9691 9692 9693 9694
f 9695 9696 9693 9692
f 9639 9636 9693 9696
f 9635 9694 9693 9636
g exterior
f 9633 9690 9697 9642
f 9689 9698 9697 9690
f 9691 9694 9697 9698
f 9635 9642 9697 9694
g interior
f 9639 9696 9699 9644
f 9695 9700 9699 9696
f 4388 4387 9699 9700
f 4386 9644 9699 4387
f 4416 4415 9701 9646
f 4414 9702 9701 4415
f 9703 9704 9701 9702
f 9647 9646 9701 9704
f 9647 9704 9705 9650
f 9703 9706 9705 9704
f 9707 9708 9705 9706
f 9651 9650 9705 9708
f 9651 9708 9709 9654
f 9707 9710 9709 9708
f 9711 9712 9709 9710
f 9713 9714 9709 9712
f 9655 9654 9709 9714
g exterior
f 9711 9715 9716 9712
f 9717 9718 9716 9715
f 9713 9712 9716 9718
g interior
f 9655 9714 9719 9658
f 9713 9720 9719 9714
f 9721 9722 9719 9720
f 9659 9658 9719 9722
g exterior
f 9713 9718 9723 9720
f 9717 9724 9723 9718
f 4494 9725 9723 9724
f 9721 9720 9723 9725
g interior
f 9659 9722 9726 9662
f 9721 9727 9726 9722
f 9663 9662 9726 9727
g exterior
f 9721 9725 9728 9727
f 4494 4497 9728 9725
f 4506 9729 9728 4497
f 9669 9667 9728 9729
f 9663 9727 9728 9667
f 9669 9729 9730 9674
f 4506 4505 9730 9729
f 4504 9731 9730 4505
f 9675 9674 9730 9731
f 9675 9731 9732 9678
f 4504 4508 9732 9731
f 4513 9733 9732 4508
f 9679 9678 9732 9733
f 9679 9733 9734 9682
f 4513 4512 9734 9733
f 4424 4423 9734 4512
f 4422 9682 9734 4423
f 4380 4445 9735 9684
f 4444 9736 9735 4445
f 9737 9738 9735 9736
f 9685 9684 9735 9738
f 9685 9738 9739 9688
f 9737 9740 9739 9738
f 9741 9742 9739 9740
f 9689 9688 9739 9742
g interior
f 9743 9744 9745 9746
f 9747 9748 9745 9744
f 9695 9692 9745 9748
f 9691 9746 9745 9692
g exterior
f 9689 9742 9749 9698
f 9741 9750 9749 9742
f 9743 9746 9749 9750
f 9691 9698 9749 9746
g interior
f 9695 9748 9751 9700
f 9747 9752 9751 9748
f 4448 4446 9751 9752
f 4388 9700 9751 4446
f 4396 4493 9753 4399
f 4492 9754 9753 4493
f 9755 9756 9753 9754
f 4400 4399 9753 9756
f 4400 9756 9757 4401
f 9755 9758 9757 9756
f 9759 9760 9757 9758
f 4402 4401 9757 9760
f 4402 9760 9761 4405
f 9759 9762 9761 9760
f 9763 9764 9761 9762
f 4406 4405 9761 9764
f 4406 9764 9765 4407
f 9763 9766 9765 9764
f 9767 9768 9765 9766
f 4408 4407 9765 9768
f 4408 9768 9769 4411
f 9767 9770 9769 9768
f 9771 9772 9769 9770
f 4412 4411 9769 9772
f 4412 9772 9773 4413
f 9771 9774 9773 9772
f 9775 9776 9773 9774
f 4414 4413 9773 9776
f 4414 9776 9777 9702
f 9775 9778 9777 9776
f 9779 9780 9777 9778
f 9781 9782 9777 9780
f 9703 9702 9777 9782
g exterior
f 9779 9783 9784 9780
f 9785 9786 9784 9783
f 9781 9780 9784 9786
g interior
f 9703 9782 9787 9706
f 9781 9788 9787 9782
f 9789 9790 9787 9788
f 9707 9706 9787 9790
g exterior
f 9781 9786 9791 9788
f 9785 9792 9791 9786
f 9793 9794 9791 9792
f 9789 9788 9791 9794
g interior
f 9707 9790 9795 9710
f 9789 9796 9795 9790
f 9711 9710 9795 9796
g exterior
f 9789 9794 9797 9796
f 9793 9798 9797 9794
f 9799 9800 9797 9798
f 9717 9715 9797 9800
f 9711 9796 9797 9715
f 9717 9800 9801 9724
f 9799 9802 9801 9800
f 4498 4495 9801 9802
f 4494 9724 9801 4495
f 4444 4443 9803 9736
f 4442 9804 9803 4443
f 9805 9806 9803 9804
f 9737 9736 9803 9806
f 9737 9806 9807 9740
f 9805 9808 9807 9806
f 9809 9810 9807 9808
f 9741 9740 9807 9810
g interior
f 9811 9812 9813 9814
f 9815 9816 9813 9812
f 9747 9744 9813 9816
f 9743 9814 9813 9744
g exterior
f 9741 9810 9817 9750
f 9809 9818 9817 9810
f 9811 9814 9817 9818
f 9743 9750 9817 9814
g interior
f 9747 9816 9819 9752
f 9815 9820 9819 9816
f 4450 4449 9819 9820
f 4448 9752 9819 4449
f 4492 4491 9821 9754
f 4490 9822 9821 4491
f 9823 9824 9821 9822
f 9755 9754 9821 9824
f 9755 9824 9825 9758
f 9823 9826 9825 9824
f 9827 9828 9825 9826
f 9759 9758 9825 9828
f 9759 9828 9829 9762
f 9827 9830 9829 9828
f 9831 9832 9829 9830
f 9763 9762 9829 9832
f 9763 9832 9833 9766
f 9831 9834 9833 9832
f 9835 9836 9833 9834
f 9837 9838 9833 9836
f 9767 9766 9833 9838
g exterior
f 9835 9839 9840 9836
f 9841 9842 9840 9839
f 9837 9836 9840 9842
g interior
f 9767 9838 9843 9770
f 9837 9844 9843 9838
f 9845 9846 9843 9844
f 9771 9770 9843 9846
g exterior
f 9837 9842 9847 9844
f 9841 9848 9847 9842
f 9849 9850 9847 9848
f 9845 9844 9847 9850
g interior
f 9771 9846 9851 9774
f 9845 9852 9851 9846
f 9853 9854 9851 9852
f 9775 9774 9851 9854
g exterior
f 9845 9850 9855 9852
f 9849 9856 9855 9850
f 4562 9857 9855 9856
f 9853 9852 9855 9857
g interior
f 9775 9854 9858 9778
f 9853 9859 9858 9854
f 9779 9778 9858 9859
g exterior
f 9853 9857 9860 9859
f 4562 4565 9860 9857
f 4573 9861 9860 4565
f 9785 9783 9860 9861
f 9779 9859 9860 9783
f 9785 9861 9862 9792
f 4573 4572 9862 9861
f 4571 9863 9862 4572
f 9793 9792 9862 9863
f 9793 9863 9864 9798
f 4571 4575 9864 9863
f 4578 9865 9864 4575
f 9799 9798 9864 9865
f 9799 9865 9866 9802
f 4578 4577 9866 9865
f 4500 4499 9866 4577
f 4498 9802 9866 4499
f 4442 4531 9867 9804
f 4530 9868 9867 4531
f 9869 9870 9867 9868
f 9805 9804 9867 9870
g interior
f 9871 9872 9873 9874
f 9875 9876 9873 9872
f 9877 9874 9873 9876
g exterior
f 9805 9870 9878 9808
f 9869 9879 9878 9870
f 9871 9874 9878 9879
f 9877 9880 9878 9874
f 9809 9808 9878 9880
g interior
f 9877 9876 9881 9882
f 9875 9883 9881 9876
f 9884 9885 9881 9883
f 9815 9812 9881 9885
f 9811 9882 9881 9812
g exterior
f 9809 9880 9886 9818
f 9877 9882 9886 9880
f 9811 9818 9886 9882
g interior
f 9815 9885 9887 9820
f 9884 9888 9887 9885
f 4534 4532 9887 9888
f 4450 9820 9887 4532
f 4466 4561 9889 4469
f 4560 9890 9889 4561
f 9891 9892 9889 9890
f 4470 4469 9889 9892
f 4470 9892 9893 4471
f 9891 9894 9893 9892
f 9895 9896 9893 9894
f 4472 4471 9893 9896
f 4472 9896 9897 4475
f 9895 9898 9897 9896
f 9899 9900 9897 9898
f 4476 4475 9897 9900
f 4476 9900 9901 4477
f 9899 9902 9901 9900
f 9903 9904 9901 9902
f 4478 4477 9901 9904
f 4478 9904 9905 4481
f 9903 9906 9905 9904
f 9907 9908 9905 9906
f 4482 4481 9905 9908
f 4482 9908 9909 4483
f 9907 9910 9909 9908
f 9911 9912 9909 9910
f 4484 4483 9909 9912
f 4484 9912 9913 4487
f 9911 9914 9913 9912
f 9915 9916 9913 9914
f 4488 4487 9913 9916
f 4488 9916 9917 4489
f 9915 9918 9917 9916
f 9919 9920 9917 9918
f 4490 4489 9917 9920
f 4490 9920 9921 9822
f 9919 9922 9921 9920
f 9923 9924 9921 9922
f 9925 9926 9921 9924
f 9823 9822 9921 9926
g exterior
f 9923 9927 9928 9924
f 9929 9930 9928 9927
f 9925 9924 9928 9930
g interior
f 9823 9926 9931 9826
f 9925 9932 9931 9926
f 9933 9934 9931 9932
f 9827 9826 9931 9934
g exterior
f 9925 9930 9935 9932
f 9929 9936 9935 9930
f 9937 9938 9935 9936
f 9933 9932 9935 9938
g interior
f 9827 9934 9939 9830
f 9933 9940 9939 9934
f 9941 9942 9939 9940
f 9831 9830 9939 9942
g exterior
f 9933 9938 9943 9940
f 9937 9944 9943 9938
f 9945 9946 9943 9944
f 9941 9940 9943 9946
g interior
f 9831 9942 9947 9834
f 9941 9948 9947 9942
f 9835 9834 9947 9948
g exterior
f 9941 9946 9949 9948
f 9945 9950 9949 9946
f 9951 9952 9949 9950
f 9841 9839 9949 9952
f 9835 9948 9949 9839
f 9841 9952 9953 9848
f 9951 9954 9953 9952
f 9955 9956 9953 9954
f 9849 9848 9953 9956
f 9849 9956 9957 9856
f 9955 9958 9957 9956
f 4566 4563 9957 9958
f 4562 9856 9957 4563
f 4530 4529 9959 9868
f 4528 9960 9959 4529
f 9961 9962 9959 9960
f 9869 9868 9959 9962
g interior
f 9963 9964 9965 9966
f 9967 9968 9965 9964
f 9875 9872 9965 9968
f 9871 9966 9965 9872
g exterior
f 9869 9962 9969 9879
f 9961 9970 9969 9962
f 9963 9966 9969 9970
f 9871 9879 9969 9966
g interior
f 9875 9968 9971 9883
f 9967 9972 9971 9968
f 9973 9974 9971 9972
f 9884 9883 9971 9974
f 9884 9974 9975 9888
f 9973 9976 9975 9974
f 4536 4535 9975 9976
f 4534 9888 9975 4535
f 4560 4559 9977 9890
f 4558 9978 9977 4559
f 9979 9980 9977 9978
f 9891 9890 9977 9980
f 9891 9980 9981 9894
f 9979 9982 9981 9980
f 9983 9984 9981 9982
f 9895 9894 9981 9984
f 9895 9984 9985 9898
f 9983 9986 9985 9984
f 9987 9988 9985 9986
f 9899 9898 9985 9988
f 9899 9988 9989 9902
f 9987 9990 9989 9988
f 9991 9992 9989 9990
f 9903 9902 9989 9992
f 9903 9992 9993 9906
f 9991 9994 9993 9992
f 9995 9996 9993 9994
f 9997 9998 9993 9996
f 9907 9906 9993 9998
g exterior
f 9995 9999 10000 9996
f 10001 10002 10000 9999
f 9997 9996 10000 10002
g interior
f 9907 9998 10003 9910
f 9997 10004 10003 9998
f 10005 10006 10003 10004
f 9911 9910 10003 10006
g exterior
f 9997 10002 10007 10004
f 10001 10008 10007 10002
f 10009 10010 10007 10008
f 10005 10004 10007 10010
g interior
f 9911 10006 10011 9914
f 10005 10012 10011 10006
f 10013 10014 10011 10012
f 9915 9914 10011 10014
g exterior
f 10005 10010 10015 10012
f 10009 10016 10015 10010
f 10017 10018 10015 10016
f 10013 10012 10015 10018
g interior
f 9915 10014 10019 9918
f 10013 10020 10019 10014
f 10021 10022 10019 10020
f 9919 9918 10019 10022
g exterior
f 10013 10018 10023 10020
f 10017 10024 10023 10018
f 4616 10025 10023 10024
f 10021 10020 10023 10025
g interior
f 9919 10022 10026 9922
f 10021 10027 10026 10022
f 9923 9922 10026 10027
g exterior
f 10021 10025 10028 10027
f 4616 4619 10028 10025
f 4628 10029 10028 4619
f 9929 9927 10028 10029
f 9923 10027 10028 9927
f 9929 10029 10030 9936
f 4628 4627 10030 10029
f 4626 10031 10030 4627
f 9937 9936 10030 10031
f 9937 10031 10032 9944
f 4626 4630 10032 10031
f 4636 10033 10032 4630
f 9945 9944 10032 10033
f 9945 10033 10034 9950
f 4636 4635 10034 10033
f 4634 10035 10034 4635
f 9951 9950 10034 10035
f 9951 10035 10036 9954
f 4634 4638 10036 10035
f 4643 10037 10036 4638
f 9955 9954 10036 10037
f 9955 10037 10038 9958
f 4643 4642 10038 10037
f 4568 4567 10038 4642
f 4566 9958 10038 4567
f 4522 4593 10039 4525
f 4592 10040 10039 4593
f 10041 10042 10039 10040
f 4526 4525 10039 10042
f 4526 10042 10043 4527
f 10041 10044 10043 10042
f 10045 10046 10043 10044
f 4528 4527 10043 10046
g interior
f 10047 10048 10049 10050
f 10051 10052 10049 10048
f 10053 10050 10049 10052
g exterior
f 4528 10046 10054 9960
f 10045 10055 10054 10046
f 10047 10050 10054 10055
f 10053 10056 10054 10050
f 9961 9960 10054 10056
g interior
f 10053 10052 10057 10058
f 10051 10059 10057 10052
f 10060 10061 10057 10059
f 9967 9964 10057 10061
f 9963 10058 10057 9964
g exterior
f 9961 10056 10062 9970
f 10053 10058 10062 10056
f 9963 9970 10062 10058
g interior
f 9967 10061 10063 9972
f 10060 10064 10063 10061
f 10065 10066 10063 10064
f 9973 9972 10063 10066
f 9973 10066 10067 9976
f 10065 10068 10067 10066
f 4596 4594 10067 10068
f 4536 9976 10067 4594
f 4540 4615 10069 4543
f 4614 10070 10069 4615
f 10071 10072 10069 10070
f 4544 4543 10069 10072
f 4544 10072 10073 4545
f 10071 10074 10073 10072
f 10075 10076 10073 10074
f 4546 4545 10073 10076
f 4546 10076 10077 4549
f 10075 10078 10077 10076
f 10079 10080 10077 10078
f 4550 4549 10077 10080
f 4550 10080 10081 4551
f 10079 10082 10081 10080
f 10083 10084 10081 10082
f 4552 4551 10081 10084
f 4552 10084 10085 4555
f 10083 10086 10085 10084
f 10087 10088 10085 10086
f 4556 4555 10085 10088
f 4556 10088 10089 4557
f 10087 10090 10089 10088
f 10091 10092 10089 10090
f 10093 10094 10089 10092
f 4558 4557 10089 10094
g exterior
f 10091 10095 10096 10092
f 10097 10098 10096 10095
f 10093 10092 10096 10098
g interior
f 4558 10094 10099 9978
f 10093 10100 10099 10094
f 10101 10102 10099 10100
f 9979 9978 10099 10102
g exterior
f 10093 10098 10103 10100
f 10097 10104 10103 10098
f 10105 10106 10103 10104
f 10101 10100 10103 10106
g interior
f 9979 10102 10107 9982
f 10101 10108 10107 10102
f 10109 10110 10107 10108
f 9983 9982 10107 10110
g exterior
f 10101 10106 10111 10108
f 10105 10112 10111 10106
f 10113 10114 10111 10112
f 10109 10108 10111 10114
g interior
f 9983 10110 10115 9986
f 10109 10116 10115 10110
f 10117 10118 10115 10116
f 9987 9986 10115 10118
g exterior
f 10109 10114 10119 10116
f 10113 10120 10119 10114
f 10121 10122 10119 10120
f 10117 10116 10119 10122
g interior
f 9987 10118 10123 9990
f 10117 10124 10123 10118
f 10125 10126 10123 10124
f 9991 9990 10123 10126
g exterior
f 10117 10122 10127 10124
f 10121 10128 10127 10122
f 10129 10130 10127 10128
f 10125 10124 10127 10130
g interior
f 9991 10126 10131 9994
f 10125 10132 10131 10126
f 9995 9994 10131 10132
g exterior
f 10125 10130 10133 10132
f 10129 10134 10133 10130
f 10135 10136 10133 10134
f 10001 9999 10133 10136
f 9995 10132 10133 9999
f 10001 10136 10137 10008
f 10135 10138 10137 10136
f 10139 10140 10137 10138
f 10009 10008 10137 10140
f 10009 10140 10141 10016
f 10139 10142 10141 10140
f 10143 10144 10141 10142
f 10017 10016 10141 10144
f 10017 10144 10145 10024
f 10143 10146 10145 10144
f 4620 4617 10145 10146
f 4616 10024 10145 4617
f 4592 4591 10147 10040
f 4590 10148 10147 4591
f 10149 10150 10147 10148
f 10041 10040 10147 10150
f 10041 10150 10151 10044
f 10149 10152 10151 10150
f 10153 10154 10151 10152
f 10045 10044 10151 10154
g interior
f 10155 10156 10157 10158
f 10159 10160 10157 10156
f 10051 10048 10157 10160
f 10047 10158 10157 10048
g exterior
f 10045 10154 10161 10055
f 10153 10162 10161 10154
f 10155 10158 10161 10162
f 10047 10055 10161 10158
g interior
f 10051 10160 10163 10059
f 10159 10164 10163 10160
f 4658 10165 10163 10164
f 10060 10059 10163 10165
f 10060 10165 10166 10064
f 4658 4661 10166 10165
f 4669 10167 10166 4661
f 10065 10064 10166 10167
f 10065 10167 10168 10068
f 4669 4668 10168 10167
f 4598 4597 10168 4668
f 4596 10068 10168 4597
f 4614 4613 10169 10070
f 4612 10170 10169 4613
f 10171 10172 10169 10170
f 10071 10070 10169 10172
f 10071 10172 10173 10074
f 10171 10174 10173 10172
f 10175 10176 10173 10174
f 10075 10074 10173 10176
f 10075 10176 10177 10078
f 10175 10178 10177 10176
f 10179 10180 10177 10178
f 10181 10182 10177 10180
f 10079 10078 10177 10182
g exterior
f 10179 10183 10184 10180
f 10185 10186 10184 10183
f 10181 10180 10184 10186
g interior
f 10079 10182 10187 10082
f 10181 10188 10187 10182
f 10189 10190 10187 10188
f 10083 10082 10187 10190
g exterior
f 10181 10186 10191 10188
f 10185 10192 10191 10186
f 10193 10194 10191 10192
f 10189 10188 10191 10194
g interior
f 10083 10190 10195 10086
f 10189 10196 10195 10190
f 10197 10198 10195 10196
f 10087 10086 10195 10198
g exterior
f 10189 10194 10199 10196
f 10193 10200 10199 10194
f 10201 10202 10199 10200
f 10197 10196 10199 10202
g interior
f 10087 10198 10203 10090
f 10197 10204 10203 10198
f 10091 10090 10203 10204
g exterior
f 10197 10202 10205 10204
f 10201 10206 10205 10202
f 4682 10207 10205 10206
f 10097 10095 10205 10207
f 10091 10204 10205 10095
f 10097 10207 10208 10104
f 4682 4685 10208 10207
f 4694 10209 10208 4685
f 10105 10104 10208 10209
f 10105 10209 10210 10112
f 4694 4693 10210 10209
f 4692 10211 10210 4693
f 10113 10112 10210 10211
f 10113 10211 10212 10120
f 4692 4696 10212 10211
f 4701 10213 10212 4696
f 10121 10120 10212 10213
f 10121 10213 10214 10128
f 4701 4700 10214 10213
f 4699 10215 10214 4700
f 10129 10128 10214 10215
f 10129 10215 10216 10134
f 4699 4703 10216 10215
f 4707 10217 10216 4703
f 10135 10134 10216 10217
f 10135 10217 10218 10138
f 4707 4706 10218 10217
f 4705 10219 10218 4706
f 10139 10138 10218 10219
f 10139 10219 10220 10142
f 4705 4709 10220 10219
f 4712 10221 10220 4709
f 10143 10142 10220 10221
f 10143 10221 10222 10146
f 4712 4711 10222 10221
f 4622 4621 10222 4711
f 4620 10146 10222 4621
f 4590 4657 10223 10148
f 4656 10224 10223 4657
f 10225 10226 10223 10224
f 10149 10148 10223 10226
f 10149 10226 10227 10152
f 10225 10228 10227 10226
f 10229 10230 10227 10228
f 10153 10152 10227 10230
g interior
f 10231 10232 10233 10234
f 10235 10236 10233 10232
f 10159 10156 10233 10236
f 10155 10234 10233 10156
g exterior
f 10153 10230 10237 10162
f 10229 10238 10237 10230
f 10231 10234 10237 10238
f 10155 10162 10237 10234
g interior
f 10159 10236 10239 10164
f 10235 10240 10239 10236
f 4662 4659 10239 10240
f 4658 10164 10239 4659
f 4606 4681 10241 4609
f 4680 10242 10241 4681
f 10243 10244 10241 10242
f 4610 4609 10241 10244
f 4610 10244 10245 4611
f 10243 10246 10245 10244
f 10247 10248 10245 10246
f 4612 4611 10245 10248
f 4612 10248 10249 10170
f 10247 10250 10249 10248
f 10251 10252 10249 10250
f 10171 10170 10249 10252
f 10171 10252 10253 10174
f 10251 10254 10253 10252
f 10255 10256 10253 10254
f 10257 10258 10253 10256
f 10175 10174 10253 10258
g exterior
f 10255 10259 10260 10256
f 10261 10262 10260 10259
f 10257 10256 10260 10262
g interior
f 10175 10258 10263 10178
f 10257 10264 10263 10258
f 10179 10178 10263 10264
g exterior
f 10257 10262 10265 10264
f 10261 10266 10265 10262
f 10267 10268 10265 10266
f 10185 10183 10265 10268
f 10179 10264 10265 10183
f 10185 10268 10269 10192
f 10267 10270 10269 10268
f 10271 10272 10269 10270
f 10193 10192 10269 10272
f 10193 10272 10273 10200
f 10271 10274 10273 10272
f 10275 10276 10273 10274
f 10201 10200 10273 10276
f 10201 10276 10277 10206
f 10275 10278 10277 10276
f 4686 4683 10277 10278
f 4682 10206 10277 4683
f 4656 4655 10279 10224
f 4654 10280 10279 4655
f 10281 10282 10279 10280
f 10225 10224 10279 10282
g interior
f 10283 10284 10285 10286
f 10287 10288 10285 10284
f 10289 10286 10285 10288
g exterior
f 10225 10282 10290 10228
f 10281 10291 10290 10282
f 10283 10286 10290 10291
f 10289 10292 10290 10286
f 10229 10228 10290 10292
g interior
f 10289 10288 10293 10294
f 10287 10295 10293 10288
f 10296 10297 10293 10295
f 10235 10232 10293 10297
f 10231 10294 10293 10232
g exterior
f 10229 10292 10298 10238
f 10289 10294 10298 10292
f 10231 10238 10298 10294
g interior
f 10235 10297 10299 10240
f 10296 10300 10299 10297
f 4664 4663 10299 10300
f 4662 10240 10299 4663
f 4680 4679 10301 10242
f 4678 10302 10301 4679
f 10303 10304 10301 10302
f 10243 10242 10301 10304
f 10243 10304 10305 10246
f 10303 10306 10305 10304
f 10307 10308 10305 10306
f 10247 10246 10305 10308
f 10247 10308 10309 10250
f 10307 10310 10309 10308
f 10311 10312 10309 10310
f 10313 10314 10309 10312
f 10251 10250 10309 10314
g exterior
f 10311 10315 10316 10312
f 10317 10318 10316 10315
f 10313 10312 10316 10318
g interior
f 10251 10314 10319 10254
f 10313 10320 10319 10314
f 10255 10254 10319 10320
g exterior
f 10313 10318 10321 10320
f 10317 10322 10321 10318
f 10323 10324 10321 10322
f 10261 10259 10321 10324
f 10255 10320 10321 10259
f 10261 10324 10325 10266
f 10323 10326 10325 10324
f 10327 10328 10325 10326
f 10267 10266 10325 10328
f 10267 10328 10329 10270
f 10327 10330 10329 10328
f 4746 10331 10329 10330
f 10271 10270 10329 10331
f 10271 10331 10332 10274
f 4746 4749 10332 10331
f 4757 10333 10332 4749
f 10275 10274 10332 10333
f 10275 10333 10334 10278
f 4757 4756 10334 10333
f 4688 4687 10334 4756
f 4686 10278 10334 4687
f 4648 4725 10335 4651
f 4724 10336 10335 4725
f 10337 10338 10335 10336
f 4652 4651 10335 10338
f 4652 10338 10339 4653
f 10337 10340 10339 10338
f 10341 10342 10339 10340
f 4654 4653 10339 10342
f 4654 10342 10343 10280
f 10341 10344 10343 10342
f 10345 10346 10343 10344
f 10281 10280 10343 10346
g interior
f 10347 10348 10349 10350
f 10351 10352 10349 10348
f 10287 10284 10349 10352
f 10283 10350 10349 10284
g exterior
f 10281 10346 10353 10291
f 10345 10354 10353 10346
f 10347 10350 10353 10354
f 10283 10291 10353 10350
g interior
f 10287 10352 10355 10295
f 10351 10356 10355 10352
f 10357 10358 10355 10356
f 10296 10295 10355 10358
f 10296 10358 10359 10300
f 10357 10360 10359 10358
f 4728 4726 10359 10360
f 4664 10300 10359 4726
f 4678 4745 10361 10302
f 4744 10362 10361 4745
f 10363 10364 10361 10362
f 10303 10302 10361 10364
f 10303 10364 10365 10306
f 10363 10366 10365 10364
f 10367 10368 10365 10366
f 10307 10306 10365 10368
f 10307 10368 10369 10310
f 10367 10370 10369 10368
f 10371 10372 10369 10370
f 10311 10310 10369 10372
g exterior
f 10371 10373 10374 10372
f 10375 10376 10374 10373
f 10317 10315 10374 10376
f 10311 10372 10374 10315
f 10317 10376 10377 10322
f 10375 10378 10377 10376
f 10379 10380 10377 10378
f 10323 10322 10377 10380
f 10323 10380 10381 10326
f 10379 10382 10381 10380
f 10383 10384 10381 10382
f 10327 10326 10381 10384
f 10327 10384 10385 10330
f 10383 10386 10385 10384
f 4750 4747 10385 10386
f 4746 10330 10385 4747
f 4724 4723 10387 10336
f 4722 10388 10387 4723
f 10389 10390 10387 10388
f 10337 10336 10387 10390
f 10337 10390 10391 10340
f 10389 10392 10391 10390
f 10393 10394 10391 10392
f 10341 10340 10391 10394
g interior
f 10395 10396 10397 10398
f 10399 10400 10397 10396
f 10401 10398 10397 10400
g exterior
f 10341 10394 10402 10344
f 10393 10403 10402 10394
f 10395 10398 10402 10403
f 10401 10404 10402 10398
f 10345 10344 10402 10404
g interior
f 10401 10400 10405 10406
f 10399 10407 10405 10400
f 4770 10408 10405 10407
f 10351 10348 10405 10408
f 10347 10406 10405 10348
g exterior
f 10345 10404 10409 10354
f 10401 10406 10409 10404
f 10347 10354 10409 10406
g interior
f 10351 10408 10410 10356
f 4770 4773 10410 10408
f 4780 10411 10410 4773
f 10357 10356 10410 10411
f 10357 10411 10412 10360
f 4780 4779 10412 10411
f 4730 4729 10412 4779
f 4728 10360 10412 4729
f 4744 4743 10413 10362
f 4742 10414 10413 4743
f 10415 10416 10413 10414
f 10363 10362 10413 10416
f 10363 10416 10417 10366
f 10415 10418 10417 10416
f 10419 10420 10417 10418
f 10367 10366 10417 10420
f 10367 10420 10421 10370
f 10419 10422 10421 10420
f 10423 10424 10421 10422
f 10371 10370 10421 10424
g exterior
f 10423 10425 10426 10424
f 10427 10428 10426 10425
f 10375 10373 10426 10428
f 10371 10424 10426 10373
f 10375 10428 10429 10378
f 10427 10430 10429 10428
f 4794 10431 10429 10430
f 10379 10378 10429 10431
f 10379 10431 10432 10382
f 4794 4797 10432 10431
f 4805 10433 10432 4797
f 10383 10382 10432 10433
f 10383 10433 10434 10386
f 4805 4804 10434 10433
f 4752 4751 10434 4804
f 4750 10386 10434 4751
f 4722 4769 10435 10388
f 4768 10436 10435 4769
f 10437 10438 10435 10436
f 10389 10388 10435 10438
f 10389 10438 10439 10392
f 10437 10440 10439 10438
f 10441 10442 10439 10440
f 10393 10392 10439 10442
g interior
f 10443 10444 10445 10446
f 10447 10448 10445 10444
f 10399 10396 10445 10448
f 10395 10446 10445 10396
g exterior
f 10393 10442 10449 10403
f 10441 10450 10449 10442
f 10443 10446 10449 10450
f 10395 10403 10449 10446
g interior
f 10399 10448 10451 10407
f 10447 10452 10451 10448
f 4774 4771 10451 10452
f 4770 10407 10451 4771
f 4742 4793 10453 10414
f 4792 10454 10453 4793
f 10455 10456 10453 10454
f 10415 10414 10453 10456
f 10415 10456 10457 10418
f 10455 10458 10457 10456
f 10459 10460 10457 10458
f 10419 10418 10457 10460
f 10419 10460 10461 10422
f 10459 10462 10461 10460
f 10463 10464 10461 10462
f 10423 10422 10461 10464
g exterior
f 10463 10465 10466 10464
f 10467 10468 10466 10465
f 10427 10425 10466 10468
f 10423 10464 10466 10425
f 10427 10468 10469 10430
f 10467 10470 10469 10468
f 4798 4795 10469 10470
f 4794 10430 10469 4795
f 4768 4767 10471 10436
f 4766 10472 10471 4767
f 10473 10474 10471 10472
f 10437 10436 10471 10474
g interior
f 10475 10476 10477 10478
f 10479 10480 10477 10476
f 10481 10478 10477 10480
g exterior
f 10437 10474 10482 10440
f 10473 10483 10482 10474
f 10475 10478 10482 10483
f 10481 10484 10482 10478
f 10441 10440 10482 10484
g interior
f 10481 10480 10485 10486
f 10479 10487 10485 10480
f 10488 10489 10485 10487
f 10447 10444 10485 10489
f 10443 10486 10485 10444
g exterior
f 10441 10484 10490 10450
f 10481 10486 10490 10484
f 10443 10450 10490 10486
g interior
f 10447 10489 10491 10452
f 10488 10492 10491 10489
f 4776 4775 10491 10492
f 4774 10452 10491 4775
f 4792 4791 10493 10454
f 4790 10494 10493 4791
f 10495 10496 10493 10494
f 10455 10454 10493 10496
f 10455 10496 10497 10458
f 10495 10498 10497 10496
f 10499 10500 10497 10498
f 10459 10458 10497 10500
f 10459 10500 10501 10462
f 10499 10502 10501 10500
f 10503 10504 10501 10502
f 10463 10462 10501 10504
g exterior
f 10503 10505 10506 10504
f 10507 10508 10506 10505
f 10467 10465 10506 10508
f 10463 10504 10506 10465
f 10467 10508 10509 10470
f 10507 10510 10509 10508
f 4800 4799 10509 10510
f 4798 10470 10509 4799
f 4766 4827 10511 10472
f 4826 10512 10511 4827
f 10513 10514 10511 10512
f 10473 10472 10511 10514
g interior
f 10515 10516 10517 10518
f 10519 10520 10517 10516
f 10479 10476 10517 10520
f 10475 10518 10517 10476
g exterior
f 10473 10514 10521 10483
f 10513 10522 10521 10514
f 10515 10518 10521 10522
f 10475 10483 10521 10518
g interior
f 10479 10520 10523 10487
f 10519 10524 10523 10520
f 10525 10526 10523 10524
f 10488 10487 10523 10526
f 10488 10526 10527 10492
f 10525 10528 10527 10526
f 4830 4828 10527 10528
f 4776 10492 10527 4828
f 4790 4865 10529 10494
f 4864 10530 10529 4865
f 10531 10532 10529 10530
f 10495 10494 10529 10532
f 10495 10532 10533 10498
f 10531 10534 10533 10532
f 10535 10536 10533 10534
f 10499 10498 10533 10536
f 10499 10536 10537 10502
f 10535 10538 10537 10536
f 10539 10540 10537 10538
f 10503 10502 10537 10540
g exterior
f 10539 10541 10542 10540
f 10543 10544 10542 10541
f 10507 10505 10542 10544
f 10503 10540 10542 10505
f 10507 10544 10545 10510
f 10543 10546 10545 10544
f 4868 4866 10545 10546
f 4800 10510 10545 4866
f 4826 4825 10547 10512
f 4824 10548 10547 4825
f 10549 10550 10547 10548
f 10513 10512 10547 10550
g interior
f 10551 10552 10553 10554
f 4886 10555 10553 10552
f 10519 10516 10553 10555
f 10515 10554 10553 10516
g exterior
f 10513 10550 10556 10522
f 10549 10557 10556 10550
f 10551 10554 10556 10557
f 10515 10522 10556 10554
g interior
f 10519 10555 10558 10524
f 4886 4889 10558 10555
f 4897 10559 10558 4889
f 10525 10524 10558 10559
f 10525 10559 10560 10528
f 4897 4896 10560 10559
f 4832 4831 10560 4896
f 4830 10528 10560 4831
f 4864 4863 10561 10530
f 4862 4935 10561 4863
f 4943 10562 10561 4935
f 10531 10530 10561 10562
f 10531 10562 10563 10534
f 4943 4942 10563 10562
f 4941 10564 10563 4942
f 10535 10534 10563 10564
f 10535 10564 10565 10538
f 4941 10566 10565 10564
f 10567 10568 10565 10566
f 10539 10538 10565 10568
g exterior
f 10567 10569 10570 10568
f 10571 10572 10570 10569
f 10543 10541 10570 10572
f 10539 10568 10570 10541
f 10543 10572 10573 10546
f 10571 10574 10573 10572
f 4870 4869 10573 10574
f 4868 10546 10573 4869
f 4818 4885 10575 4821
f 4884 10576 10575 4885
f 10577 10578 10575 10576
f 4822 4821 10575 10578
f 4822 10578 10579 4823
f 10577 10580 10579 10578
f 10581 10582 10579 10580
f 4824 4823 10579 10582
g interior
f 10583 10584 10585 10586
f 10587 10588 10585 10584
f 10589 10586 10585 10588
g exterior
f 4824 10582 10590 10548
f 10581 10591 10590 10582
f 10583 10586 10590 10591
f 10589 10592 10590 10586
f 10549 10548 10590 10592
g interior
f 10589 10588 10593 10594
f 10587 10595 10593 10588
f 4890 4887 10593 10595
f 4886 10552 10593 4887
f 10551 10594 10593 10552
g exterior
f 10549 10592 10596 10557
f 10589 10594 10596 10592
f 10551 10557 10596 10594
g interior
f 4941 4940 10597 10566
f 4939 10598 10597 4940
f 10599 10600 10597 10598
f 10567 10566 10597 10600
g exterior
f 10599 10601 10602 10600
f 10603 10604 10602 10601
f 10571 10569 10602 10604
f 10567 10600 10602 10569
f 10571 10604 10605 10574
f 10603 10606 10605 10604
f 4946 4944 10605 10606
f 4870 10574 10605 4944
f 4884 4883 10607 10576
f 4882 10608 10607 4883
f 10609 10610 10607 10608
f 10577 10576 10607 10610
f 10577 10610 10611 10580
f 10609 10612 10611 10610
f 10613 10614 10611 10612
f 10581 10580 10611 10614
g interior
f 10615 10616 10617 10618
f 10619 10620 10617 10616
f 10587 10584 10617 10620
f 10583 10618 10617 10584
g exterior
f 10581 10614 10621 10591
f 10613 10622 10621 10614
f 10615 10618 10621 10622
f 10583 10591 10621 10618
g interior
f 10587 10620 10623 10595
f 10619 10624 10623 10620
f 4892 4891 10623 10624
f 4890 10595 10623 4891
f 4939 4938 10625 10598
f 4937 10626 10625 4938
f 10627 10628 10625 10626
f 10599 10598 10625 10628
g exterior
f 10627 10629 10630 10628
f 10631 10632 10630 10629
f 10603 10601 10630 10632
f 10599 10628 10630 10601
f 10603 10632 10633 10606
f 10631 10634 10633 10632
f 4948 4947 10633 10634
f 4946 10606 10633 4947
f 4882 4963 10635 10608
f 4962 10636 10635 4963
f 10637 10638 10635 10636
f 10609 10608 10635 10638
f 10609 10638 10639 10612
f 10637 10640 10639 10638
f 10641 10642 10639 10640
f 10613 10612 10639 10642
g interior
f 10643 10644 10645 10646
f 10647 10648 10645 10644
f 10619 10616 10645 10648
f 10615 10646 10645 10616
g exterior
f 10613 10642 10649 10622
f 10641 10650 10649 10642
f 10643 10646 10649 10650
f 10615 10622 10649 10646
g interior
f 10619 10648 10651 10624
f 10647 10652 10651 10648
f 4966 4964 10651 10652
f 4892 10624 10651 4964
f 4906 5003 10653 4909
f 5002 10654 10653 5003
f 10655 10656 10653 10654
f 4910 4909 10653 10656
f 4910 10656 10657 4911
f 10655 10658 10657 10656
f 10659 10660 10657 10658
f 4912 4911 10657 10660
f 4912 10660 10661 4915
f 10659 10662 10661 10660
f 10663 10664 10661 10662
f 4916 4915 10661 10664
f 4916 10664 10665 4917
f 10663 10666 10665 10664
f 5006 5004 10665 10666
f 4918 4917 10665 5004
f 4937 5029 10667 10626
f 5028 10668 10667 5029
f 10669 10670 10667 10668
f 10671 10672 10667 10670
f 10627 10626 10667 10672
g exterior
f 10671 10673 10674 10672
f 10631 10629 10674 10673
f 10627 10672 10674 10629
g interior
f 10671 10670 10675 10676
f 10669 10677 10675 10670
f 10678 10676 10675 10677
g exterior
f 10631 10673 10679 10634
f 10671 10676 10679 10673
f 10678 10680 10679 10676
f 5032 5030 10679 10680
f 4948 10634 10679 5030
f 4962 4961 10681 10636
f 4960 10682 10681 4961
f 10683 10684 10681 10682
f 10637 10636 10681 10684
g interior
f 10685 10686 10687 10688
f 10689 10690 10687 10686
f 10691 10688 10687 10690
g exterior
f 10637 10684 10692 10640
f 10683 10693 10692 10684
f 10685 10688 10692 10693
f 10691 10694 10692 10688
f 10641 10640 10692 10694
g interior
f 10691 10690 10695 10696
f 10689 10697 10695 10690
f 10698 10699 10695 10697
f 10647 10644 10695 10699
f 10643 10696 10695 10644
g exterior
f 10641 10694 10700 10650
f 10691 10696 10700 10694
f 10643 10650 10700 10696
g interior
f 10647 10699 10701 10652
f 10698 10702 10701 10699
f 4968 4967 10701 10702
f 4966 10652 10701 4967
f 5002 5001 10703 10654
f 5000 10704 10703 5001
f 10705 10706 10703 10704
f 10655 10654 10703 10706
f 10655 10706 10707 10658
f 10705 10708 10707 10706
f 10709 10710 10707 10708
f 10659 10658 10707 10710
f 10659 10710 10711 10662
f 10709 10712 10711 10710
f 10713 10714 10711 10712
f 10663 10662 10711 10714
f 10663 10714 10715 10666
f 10713 10716 10715 10714
f 5008 5007 10715 10716
f 5006 10666 10715 5007
f 5028 5027 10717 10668
f 5026 10718 10717 5027
f 10719 10720 10717 10718
f 10669 10668 10717 10720
f 10669 10720 10721 10677
f 10719 10722 10721 10720
f 10723 10724 10721 10722
f 10678 10677 10721 10724
g exterior
f 10723 10725 10726 10724
f 5034 5033 10726 10725
f 5032 10680 10726 5033
f 10678 10724 10726 10680
f 4960 5049 10727 10682
f 5048 10728 10727 5049
f 10729 10730 10727 10728
f 10683 10682 10727 10730
g interior
f 10731 10732 10733 10734
f 10735 10736 10733 10732
f 10689 10686 10733 10736
f 10685 10734 10733 10686
g exterior
f 10683 10730 10737 10693
f 10729 10738 10737 10730
f 10731 10734 10737 10738
f 10685 10693 10737 10734
g interior
f 10689 10736 10739 10697
f 10735 10740 10739 10736
f 10741 10742 10739 10740
f 10698 10697 10739 10742
f 10698 10742 10743 10702
f 10741 10744 10743 10742
f 5052 5050 10743 10744
f 4968 10702 10743 5050
f 4988 5081 10745 4991
f 5080 10746 10745 5081
f 10747 10748 10745 10746
f 4992 4991 10745 10748
f 4992 10748 10749 4993
f 10747 10750 10749 10748
f 10751 10752 10749 10750
f 4994 4993 10749 10752
f 4994 10752 10753 4997
f 10751 10754 10753 10752
f 10755 10756 10753 10754
f 4998 4997 10753 10756
f 4998 10756 10757 4999
f 10755 10758 10757 10756
f 10759 10760 10757 10758
f 10761 10762 10757 10760
f 5000 4999 10757 10762
g exterior
f 10759 10763 10764 10760
f 10765 10766 10764 10763
f 10761 10760 10764 10766
g interior
f 5000 10762 10767 10704
f 10761 10768 10767 10762
f 10769 10770 10767 10768
f 10705 10704 10767 10770
g exterior
f 10761 10766 10771 10768
f 10765 10772 10771 10766
f 10773 10774 10771 10772
f 10769 10768 10771 10774
g interior
f 10705 10770 10775 10708
f 10769 10776 10775 10770
f 10777 10778 10775 10776
f 10709 10708 10775 10778
g exterior
f 10769 10774 10779 10776
f 10773 10780 10779 10774
f 10781 10782 10779 10780
f 10777 10776 10779 10782
g interior
f 10709 10778 10783 10712
f 10777 10784 10783 10778
f 10785 10786 10783 10784
f 10787 10788 10783 10786
f 10713 10712 10783 10788
g exterior
f 10777 10782 10789 10784
f 10781 10790 10789 10782
f 10785 10784 10789 10790
g interior
f 10713 10788 10791 10716
f 10787 10792 10791 10788
f 10793 10794 10791 10792
f 5008 10716 10791 10794
f 5008 10794 10795 5009
f 10793 10796 10795 10794
f 10797 10798 10795 10796
f 5010 5009 10795 10798
f 5010 10798 10799 5011
f 10797 10800 10799 10798
f 5084 5082 10799 10800
f 5012 5011 10799 5082
f 5026 5103 10801 10718
f 5102 10802 10801 5103
f 10803 10804 10801 10802
f 10719 10718 10801 10804
f 10719 10804 10805 10722
f 10803 10806 10805 10804
f 10807 10808 10805 10806
f 10723 10722 10805 10808
g exterior
f 10807 10809 10810 10808
f 5106 5104 10810 10809
f 5034 10725 10810 5104
f 10723 10808 10810 10725
f 5048 5047 10811 10728
f 5046 10812 10811 5047
f 10813 10814 10811 10812
f 10729 10728 10811 10814
g interior
f 10815 10816 10817 10818
f 10819 10820 10817 10816
f 10735 10732 10817 10820
f 10731 10818 10817 10732
g exterior
f 10729 10814 10821 10738
f 10813 10822 10821 10814
f 10815 10818 10821 10822
f 10731 10738 10821 10818
g interior
f 10735 10820 10823 10740
f 10819 10824 10823 10820
f 10825 10826 10823 10824
f 10741 10740 10823 10826
f 10741 10826 10827 10744
f 10825 10828 10827 10826
f 5054 5053 10827 10828
f 5052 10744 10827 5053
f 5080 5079 10829 10746
f 5078 10830 10829 5079
f 10831 10832 10829 10830
f 10747 10746 10829 10832
f 10747 10832 10833 10750
f 10831 10834 10833 10832
f 10835 10836 10833 10834
f 10837 10838 10833 10836
f 10751 10750 10833 10838
g exterior
f 10835 10839 10840 10836
f 10841 10842 10840 10839
f 10837 10836 10840 10842
g interior
f 10751 10838 10843 10754
f 10837 10844 10843 10838
f 10845 10846 10843 10844
f 10755 10754 10843 10846
g exterior
f 10837 10842 10847 10844
f 10841 10848 10847 10842
f 10849 10850 10847 10848
f 10845 10844 10847 10850
g interior
f 10755 10846 10851 10758
f 10845 10852 10851 10846
f 10759 10758 10851 10852
g exterior
f 10845 10850 10853 10852
f 10849 10854 10853 10850
f 5154 10855 10853 10854
f 10765 10763 10853 10855
f 10759 10852 10853 10763
f 10765 10855 10856 10772
f 5154 5157 10856 10855
f 5168 10857 10856 5157
f 10773 10772 10856 10857
f 10773 10857 10858 10780
f 5168 5167 10858 10857
f 5166 10859 10858 5167
f 10781 10780 10858 10859
g interior
f 10860 10861 10862 10863
f 10787 10786 10862 10861
f 10785 10863 10862 10786
g exterior
f 10781 10859 10864 10790
f 5166 10865 10864 10859
f 10866 10867 10864 10865
f 10860 10863 10864 10867
f 10785 10790 10864 10863
g interior
f 10787 10861 10868 10792
f 10860 10869 10868 10861
f 10870 10871 10868 10869
f 10872 10873 10868 10871
f 10793 10792 10868 10873
g exterior
f 10860 10867 10874 10869
f 10866 10875 10874 10867
f 10870 10869 10874 10875
g interior
f 10793 10873 10876 10796
f 10872 10877 10876 10873
f 10878 10879 10876 10877
f 10797 10796 10876 10879
f 10797 10879 10880 10800
f 10878 10881 10880 10879
f 5086 5085 10880 10881
f 5084 10800 10880 5085
f 5102 5101 10882 10802
f 5100 10883 10882 5101
f 10884 10885 10882 10883
f 10886 10887 10882 10885
f 10803 10802 10882 10887
g exterior
f 10884 10888 10889 10885
f 10890 10891 10889 10888
f 10886 10885 10889 10891
g interior
f 10803 10887 10892 10806
f 10886 10893 10892 10887
f 10807 10806 10892 10893
g exterior
f 10886 10891 10894 10893
f 10890 10895 10894 10891
f 5108 5107 10894 10895
f 5106 10809 10894 5107
f 10807 10893 10894 10809
f 5046 5123 10896 10812
f 5122 10897 10896 5123
f 10898 10899 10896 10897
f 10813 10812 10896 10899
g interior
f 10900 10901 10902 10903
f 10904 10905 10902 10901
f 10819 10816 10902 10905
f 10815 10903 10902 10816
g exterior
f 10813 10899 10906 10822
f 10898 10907 10906 10899
f 10900 10903 10906 10907
f 10815 10822 10906 10903
g interior
f 10819 10905 10908 10824
f 10904 10909 10908 10905
f 10910 10911 10908 10909
f 10825 10824 10908 10911
f 10825 10911 10912 10828
f 10910 10913 10912 10911
f 5126 5124 10912 10913
f 5054 10828 10912 5124
f 5066 5153 10914 5069
f 5152 10915 10914 5153
f 10916 10917 10914 10915
f 5070 5069 10914 10917
f 5070 10917 10918 5071
f 10916 10919 10918 10917
f 10920 10921 10918 10919
f 5072 5071 10918 10921
f 5072 10921 10922 5075
f 10920 10923 10922 10921
f 10924 10925 10922 10923
f 5076 5075 10922 10925
f 5076 10925 10926 5077
f 10924 10927 10926 10925
f 10928 10929 10926 10927
f 5078 5077 10926 10929
f 5078 10929 10930 10830
f 10928 10931 10930 10929
f 10932 10933 10930 10931
f 10934 10935 10930 10933
f 10831 10830 10930 10935
g exterior
f 10932 10936 10937 10933
f 10938 10939 10937 10936
f 10934 10933 10937 10939
g interior
f 10831 10935 10940 10834
f 10934 10941 10940 10935
f 10835 10834 10940 10941
g exterior
f 10934 10939 10942 10941
f 10938 10943 10942 10939
f 10944 10945 10942 10943
f 10841 10839 10942 10945
f 10835 10941 10942 10839
f 10841 10945 10946 10848
f 10944 10947 10946 10945
f 10948 10949 10946 10947
f 10849 10848 10946 10949
f 10849 10949 10950 10854
f 10948 10951 10950 10949
f 5158 5155 10950 10951
f 5154 10854 10950 5155
f 5166 5165 10952 10865
f 5164 10953 10952 5165
f 10954 10955 10952 10953
f 10866 10865 10952 10955
g interior
f 10956 10957 10958 10959
f 10872 10871 10958 10957
f 10870 10959 10958 10871
g exterior
f 10866 10955 10960 10875
f 10954 10961 10960 10955
f 10962 10963 10960 10961
f 10956 10959 10960 10963
f 10870 10875 10960 10959
g interior
f 10872 10957 10964 10877
f 10956 10965 10964 10957
f 10966 10967 10964 10965
f 10968 10969 10964 10967
f 10878 10877 10964 10969
g exterior
f 10956 10963 10970 10965
f 10962 10971 10970 10963
f 10966 10965 10970 10971
g interior
f 10878 10969 10972 10881
f 10968 10973 10972 10969
f 5171 5169 10972 10973
f 5086 10881 10972 5169
f 5094 5192 10974 5097
f 5191 10975 10974 5192
f 10976 10977 10974 10975
f 5098 5097 10974 10977
f 5098 10977 10978 5099
f 10976 10979 10978 10977
f 10980 10981 10978 10979
f 5100 5099 10978 10981
f 5100 10981 10982 10883
f 10980 10983 10982 10981
f 10984 10985 10982 10983
f 10884 10883 10982 10985
g exterior
f 10984 10986 10987 10985
f 10988 10989 10987 10986
f 10890 10888 10987 10989
f 10884 10985 10987 10888
f 10890 10989 10990 10895
f 10988 10991 10990 10989
f 5195 5193 10990 10991
f 5108 10895 10990 5193
f 5122 5121 10992 10897
f 5120 10993 10992 5121
f 10994 10995 10992 10993
f 10898 10897 10992 10995
g interior
f 10996 10997 10998 10999
f 11000 11001 10998 10997
f 10904 10901 10998 11001
f 10900 10999 10998 10901
g exterior
f 10898 10995 11002 10907
f 10994 11003 11002 10995
f 10996 10999 11002 11003
f 10900 10907 11002 10999
g interior
f 10904 11001 11004 10909
f 11000 11005 11004 11001
f 11006 11007 11004 11005
f 10910 10909 11004 11007
f 10910 11007 11008 10913
f 11006 11009 11008 11007
f 5128 5127 11008 11009
f 5126 10913 11008 5127
f 5152 5151 11010 10915
f 5150 11011 11010 5151
f 11012 11013 11010 11011
f 10916 10915 11010 11013
f 10916 11013 11014 10919
f 11012 11015 11014 11013
f 11016 11017 11014 11015
f 10920 10919 11014 11017
f 10920 11017 11018 10923
f 11016 11019 11018 11017
f 11020 11021 11018 11019
f 11022 11023 11018 11021
f 10924 10923 11018 11023
g exterior
f 11020 11024 11025 11021
f 11026 11027 11025 11024
f 11022 11021 11025 11027
g interior
f 10924 11023 11028 10927
f 11022 11029 11028 11023
f 11030 11031 11028 11029
f 10928 10927 11028 11031
g exterior
f 11022 11027 11032 11029
f 11026 11033 11032 11027
f 5243 11034 11032 11033
f 11030 11029 11032 11034
g interior
f 10928 11031 11035 10931
f 11030 11036 11035 11031
f 10932 10931 11035 11036
g exterior
f 11030 11034 11037 11036
f 5243 5246 11037 11034
f 5255 11038 11037 5246
f 10938 10936 11037 11038
f 10932 11036 11037 10936
f 10938 11038 11039 10943
f 5255 5254 11039 11038
f 5253 11040 11039 5254
f 10944 10943 11039 11040
f 10944 11040 11041 10947
f 5253 5257 11041 11040
f 5262 11042 11041 5257
f 10948 10947 11041 11042
f 10948 11042 11043 10951
f 5262 5261 11043 11042
f 5160 5159 11043 5261
f 5158 10951 11043 5159
f 5164 5163 11044 10953
f 5162 11045 11044 5163
f 11046 11047 11044 11045
f 10954 10953 11044 11047
f 10954 11047 11048 10961
f 11046 11049 11048 11047
f 11050 11051 11048 11049
f 10962 10961 11048 11051
g interior
f 11052 11053 11054 11055
f 11056 11057 11054 11053
f 10968 10967 11054 11057
f 10966 11055 11054 10967
g exterior
f 10962 11051 11058 10971
f 11050 11059 11058 11051
f 11052 11055 11058 11059
f 10966 10971 11058 11055
g interior
f 10968 11057 11060 10973
f 11056 11061 11060 11057
f 5173 5172 11060 11061
f 5171 10973 11060 5172
f 5191 5190 11062 10975
f 5189 11063 11062 5190
f 11064 11065 11062 11063
f 10976 10975 11062 11065
f 10976 11065 11066 10979
f 11064 11067 11066 11065
f 11068 11069 11066 11067
f 10980 10979 11066 11069
f 10980 11069 11070 10983
f 11068 11071 11070 11069
f 11072 11073 11070 11071
f 10984 10983 11070 11073
g exterior
f 11072 11074 11075 11073
f 11076 11077 11075 11074
f 10988 10986 11075 11077
f 10984 11073 11075 10986
f 10988 11077 11078 10991
f 11076 11079 11078 11077
f 5197 5196 11078 11079
f 5195 10991 11078 5196
f 5120 5212 11080 10993
f 5211 11081 11080 5212
f 11082 11083 11080 11081
f 10994 10993 11080 11083
g interior
f 11084 11085 11086 11087
f 11088 11089 11086 11085
f 11000 10997 11086 11089
f 10996 11087 11086 10997
g exterior
f 10994 11083 11090 11003
f 11082 11091 11090 11083
f 11084 11087 11090 11091
f 10996 11003 11090 11087
g interior
f 11000 11089 11092 11005
f 11088 11093 11092 11089
f 11094 11095 11092 11093
f 11006 11005 11092 11095
f 11006 11095 11096 11009
f 11094 11097 11096 11095
f 5215 5213 11096 11097
f 5128 11009 11096 5213
f 5144 5242 11098 5147
f 5241 11099 11098 5242
f 11100 11101 11098 11099
f 5148 5147 11098 11101
f 5148 11101 11102 5149
f 11100 11103 11102 11101
f 11104 11105 11102 11103
f 5150 5149 11102 11105
f 5150 11105 11106 11011
f 11104 11107 11106 11105
f 11108 11109 11106 11107
f 11012 11011 11106 11109
f 11012 11109 11110 11015
f 11108 11111 11110 11109
f 11112 11113 11110 11111
f 11114 11115 11110 11113
f 11016 11015 11110 11115
g exterior
f 11112 11116 11117 11113
f 11118 11119 11117 11116
f 11114 11113 11117 11119
g interior
f 11016 11115 11120 11019
f 11114 11121 11120 11115
f 11020 11019 11120 11121
g exterior
f 11114 11119 11122 11121
f 11118 11123 11122 11119
f 11124 11125 11122 11123
f 11026 11024 11122 11125
f 11020 11121 11122 11024
f 11026 11125 11126 11033
f 11124 11127 11126 11125
f 5247 5244 11126 11127
f 5243 11033 11126 5244
f 5162 5268 11128 11045
f 5267 11129 11128 5268
f 11130 11131 11128 11129
f 11046 11045 11128 11131
f 11046 11131 11132 11049
f 11130 11133 11132 11131
f 11134 11135 11132 11133
f 11050 11049 11132 11135
g interior
f 11136 11137 11138 11139
f 11140 11141 11138 11137
f 11056 11053 11138 11141
f 11052 11139 11138 11053
g exterior
f 11050 11135 11142 11059
f 11134 11143 11142 11135
f 11136 11139 11142 11143
f 11052 11059 11142 11139
g interior
f 11056 11141 11144 11061
f 11140 11145 11144 11141
f 5271 5269 11144 11145
f 5173 11061 11144 5269
f 5189 5294 11146 11063
f 5293 11147 11146 5294
f 11148 11149 11146 11147
f 11064 11063 11146 11149
f 11064 11149 11150 11067
f 11148 11151 11150 11149
f 11152 11153 11150 11151
f 11068 11067 11150 11153
f 11068 11153 11154 11071
f 11152 11155 11154 11153
f 11156 11157 11154 11155
f 11072 11071 11154 11157
g exterior
f 11156 11158 11159 11157
f 11160 11161 11159 11158
f 11076 11074 11159 11161
f 11072 11157 11159 11074
f 11076 11161 11162 11079
f 11160 11163 11162 11161
f 5297 5295 11162 11163
f 5197 11079 11162 5295
f 5211 5210 11164 11081
f 5209 11165 11164 5210
f 11166 11167 11164 11165
f 11082 11081 11164 11167
g interior
f 11168 11169 11170 11171
f 11172 11173 11170 11169
f 11088 11085 11170 11173
f 11084 11171 11170 11085
g exterior
f 11082 11167 11174 11091
f 11166 11175 11174 11167
f 11168 11171 11174 11175
f 11084 11091 11174 11171
g interior
f 11088 11173 11176 11093
f 11172 11177 11176 11173
f 11178 11179 11176 11177
f 11094 11093 11176 11179
f 11094 11179 11180 11097
f 11178 11181 11180 11179
f 5217 5216 11180 11181
f 5215 11097 11180 5216
f 5241 5240 11182 11099
f 5239 11183 11182 5240
f 11184 11185 11182 11183
f 11100 11099 11182 11185
f 11100 11185 11186 11103
f 11184 11187 11186 11185
f 11188 11189 11186 11187
f 11190 11191 11186 11189
f 11104 11103 11186 11191
g exterior
f 11188 11192 11193 11189
f 11194 11195 11193 11192
f 11190 11189 11193 11195
g interior
f 11104 11191 11196 11107
f 11190 11197 11196 11191
f 11198 11199 11196 11197
f 11108 11107 11196 11199
g exterior
f 11190 11195 11200 11197
f 11194 11201 11200 11195
f 11202 11203 11200 11201
f 11198 11197 11200 11203
g interior
f 11108 11199 11204 11111
f 11198 11205 11204 11199
f 11112 11111 11204 11205
g exterior
f 11198 11203 11206 11205
f 11202 11207 11206 11203
f 5355 11208 11206 11207
f 11118 11116 11206 11208
f 11112 11205 11206 11116
f 11118 11208 11209 11123
f 5355 5358 11209 11208
f 5366 11210 11209 5358
f 11124 11123 11209 11210
f 11124 11210 11211 11127
f 5366 5365 11211 11210
f 5249 5248 11211 5365
f 5247 11127 11211 5248
f 5267 5266 11212 11129
f 5265 5380 11212 5266
f 5388 11213 11212 5380
f 11130 11129 11212 11213
f 11130 11213 11214 11133
f 5388 5387 11214 11213
f 5386 11215 11214 5387
f 11134 11133 11214 11215
g interior
f 11216 11217 11218 11219
f 11140 11137 11218 11217
f 11136 11219 11218 11137
g exterior
f 11134 11215 11220 11143
f 5386 11221 11220 11215
f 11222 11223 11220 11221
f 11216 11219 11220 11223
f 11136 11143 11220 11219
g interior
f 11140 11217 11224 11145
f 11216 11225 11224 11217
f 11226 11227 11224 11225
f 5273 5272 11224 11227
f 5271 11145 11224 5272
g exterior
f 11216 11223 11228 11225
f 11222 11229 11228 11223
f 11226 11225 11228 11229
g interior
f 5293 5292 11230 11147
f 5291 11231 11230 5292
f 11232 11233 11230 11231
f 11148 11147 11230 11233
f 11148 11233 11234 11151
f 11232 11235 11234 11233
f 11236 11237 11234 11235
f 11152 11151 11234 11237
f 11152 11237 11238 11155
f 11236 11239 11238 11237
f 11240 11241 11238 11239
f 11156 11155 11238 11241
g exterior
f 11240 11242 11243 11241
f 11244 11245 11243 11242
f 11160 11158 11243 11245
f 11156 11241 11243 11158
f 11160 11245 11246 11163
f 11244 11247 11246 11245
f 5299 5298 11246 11247
f 5297 11163 11246 5298
f 5209 5314 11248 11165
f 5313 11249 11248 5314
f 11250 11251 11248 11249
f 11166 11165 11248 11251
g interior
f 11252 11253 11254 11255
f 11172 11169 11254 11253
f 11168 11255 11254 11169
g exterior
f 11166 11251 11256 11175
f 11250 11257 11256 11251
f 11258 11259 11256 11257
f 11252 11255 11256 11259
f 11168 11175 11256 11255
g interior
f 11172 11253 11260 11177
f 11252 11261 11260 11253
f 11262 11263 11260 11261
f 11264 11265 11260 11263
f 11178 11177 11260 11265
g exterior
f 11252 11259 11266 11261
f 11258 11267 11266 11259
f 11262 11261 11266 11267
g interior
f 11178 11265 11268 11181
f 11264 11269 11268 11265
f 11270 11271 11268 11269
f 5217 11181 11268 11271
f 5217 11271 11272 5218
f 11270 11273 11272 11271
f 11274 11275 11272 11273
f 5219 5218 11272 11275
f 5219 11275 11276 5220
f 11274 11277 11276 11275
f 5317 5315 11276 11277
f 5221 5220 11276 5315
f 5227 5354 11278 5230
f 5353 11279 11278 5354
f 11280 11281 11278 11279
f 5231 5230 11278 11281
f 5231 11281 11282 5232
f 11280 11283 11282 11281
f 11284 11285 11282 11283
f 5233 5232 11282 11285
f 5233 11285 11286 5236
f 11284 11287 11286 11285
f 11288 11289 11286 11287
f 5237 5236 11286 11289
f 5237 11289 11290 5238
f 11288 11291 11290 11289
f 11292 11293 11290 11291
f 11294 11295 11290 11293
f 5239 5238 11290 11295
g exterior
f 11292 11296 11297 11293
f 11298 11299 11297 11296
f 11294 11293 11297 11299
g interior
f 5239 11295 11300 11183
f 11294 11301 11300 11295
f 11302 11303 11300 11301
f 11184 11183 11300 11303
g exterior
f 11294 11299 11304 11301
f 11298 11305 11304 11299
f 11306 11307 11304 11305
f 11302 11301 11304 11307
g interior
f 11184 11303 11308 11187
f 11302 11309 11308 11303
f 11188 11187 11308 11309
g exterior
f 11302 11307 11310 11309
f 11306 11311 11310 11307
f 11312 11313 11310 11311
f 11194 11192 11310 11313
f 11188 11309 11310 11192
f 11194 11313 11314 11201
f 11312 11315 11314 11313
f 11316 11317 11314 11315
f 11202 11201 11314 11317
f 11202 11317 11318 11207
f 11316 11319 11318 11317
f 5359 5356 11318 11319
f 5355 11207 11318 5356
f 5386 5385 11320 11221
f 5384 11321 11320 5385
f 11322 11323 11320 11321
f 11222 11221 11320 11323
g interior
f 11324 11325 11326 11327
f 11328 11329 11326 11325
f 5273 11227 11326 11329
f 11226 11327 11326 11227
g exterior
f 11222 11323 11330 11229
f 11322 11331 11330 11323
f 11324 11327 11330 11331
f 11226 11229 11330 11327
g interior
f 5273 11329 11332 5274
f 11328 11333 11332 11329
f 11334 11335 11332 11333
f 5275 5274 11332 11335
f 5275 11335 11336 5276
f 11334 11337 11336 11335
f 5391 5389 11336 11337
f 5277 5276 11336 5389
f 5291 5418 11338 11231
f 5417 11339 11338 5418
f 11340 11341 11338 11339
f 11232 11231 11338 11341
f 11232 11341 11342 11235
f 11340 11343 11342 11341
f 11344 11345 11342 11343
f 11346 11347 11342 11345
f 11236 11235 11342 11347
g exterior
f 11344 11348 11349 11345
f 11350 11351 11349 11348
f 11346 11345 11349 11351
g interior
f 11236 11347 11352 11239
f 11346 11353 11352 11347
f 11240 11239 11352 11353
g exterior
f 11346 11351 11354 11353
f 11350 11355 11354 11351
f 11356 11357 11354 11355
f 11244 11242 11354 11357
f 11240 11353 11354 11242
f 11244 11357 11358 11247
f 11356 11359 11358 11357
f 5421 5419 11358 11359
f 5299 11247 11358 5419
f 5313 5312 11360 11249
f 5311 11361 11360 5312
f 11362 11363 11360 11361
f 11250 11249 11360 11363
f 11250 11363 11364 11257
f 11362 11365 11364 11363
f 11366 11367 11364 11365
f 11258 11257 11364 11367
g interior
f 11368 11369 11370 11371
f 11372 11373 11370 11369
f 11264 11263 11370 11373
f 11262 11371 11370 11263
g exterior
f 11258 11367 11374 11267
f 11366 11375 11374 11367
f 11368 11371 11374 11375
f 11262 11267 11374 11371
g interior
f 11264 11373 11376 11269
f 11372 11377 11376 11373
f 11378 11379 11376 11377
f 11270 11269 11376 11379
f 11270 11379 11380 11273
f 11378 11381 11380 11379
f 11382 11383 11380 11381
f 11274 11273 11380 11383
f 11274 11383 11384 11277
f 11382 11385 11384 11383
f 5319 5318 11384 11385
f 5317 11277 11384 5318
f 5353 5352 11386 11279
f 5351 11387 11386 5352
f 11388 11389 11386 11387
f 11280 11279 11386 11389
f 11280 11389 11390 11283
f 11388 11391 11390 11389
f 11392 11393 11390 11391
f 11394 11395 11390 11393
f 11284 11283 11390 11395
g exterior
f 11392 11396 11397 11393
f 11398 11399 11397 11396
f 11394 11393 11397 11399
g interior
f 11284 11395 11400 11287
f 11394 11401 11400 11395
f 11402 11403 11400 11401
f 11288 11287 11400 11403
g exterior
f 11394 11399 11404 11401
f 11398 11405 11404 11399
f 11406 11407 11404 11405
f 11402 11401 11404 11407
g interior
f 11288 11403 11408 11291
f 11402 11409 11408 11403
f 11292 11291 11408 11409
g exterior
f 11402 11407 11410 11409
f 11406 11411 11410 11407
f 5451 11412 11410 11411
f 11298 11296 11410 11412
f 11292 11409 11410 11296
f 11298 11412 11413 11305
f 5451 5454 11413 11412
f 5462 11414 11413 5454
f 11306 11305 11413 11414
f 11306 11414 11415 11311
f 5462 5461 11415 11414
f 5460 11416 11415 5461
f 11312 11311 11415 11416
f 11312 11416 11417 11315
f 5460 5464 11417 11416
f 5467 11418 11417 5464
f 11316 11315 11417 11418
f 11316 11418 11419 11319
f 5467 5466 11419 11418
f 5361 5360 11419 5466
f 5359 11319 11419 5360
f 5384 5383 11420 11321
f 5382 11421 11420 5383
f 11422 11423 11420 11421
f 11322 11321 11420 11423
g interior
f 11424 11425 11426 11427
f 11428 11429 11426 11425
f 11328 11325 11426 11429
f 11324 11427 11426 11325
g exterior
f 11322 11423 11430 11331
f 11422 11431 11430 11423
f 11424 11427 11430 11431
f 11324 11331 11430 11427
g interior
f 11328 11429 11432 11333
f 11428 11433 11432 11429
f 11434 11435 11432 11433
f 11334 11333 11432 11435
f 11334 11435 11436 11337
f 11434 11437 11436 11435
f 5393 5392 11436 11437
f 5391 11337 11436 5392
f 5417 5416 11438 11339
f 5415 11439 11438 5416
f 11440 11441 11438 11439
f 11340 11339 11438 11441
f 11340 11441 11442 11343
f 11440 11443 11442 11441
f 11444 11445 11442 11443
f 11344 11343 11442 11445
g exterior
f 11444 11446 11447 11445
f 11448 11449 11447 11446
f 11350 11348 11447 11449
f 11344 11445 11447 11348
f 11350 11449 11450 11355
f 11448 11451 11450 11449
f 11452 11453 11450 11451
f 11356 11355 11450 11453
f 11356 11453 11454 11359
f 11452 11455 11454 11453
f 5423 5422 11454 11455
f 5421 11359 11454 5422
f 5311 5438 11456 11361
f 5437 11457 11456 5438
f 11458 11459 11456 11457
f 11362 11361 11456 11459
f 11362 11459 11460 11365
f 11458 11461 11460 11459
f 11462 11463 11460 11461
f 11366 11365 11460 11463
g interior
f 11464 11465 11466 11467
f 11372 11369 11466 11465
f 11368 11467 11466 11369
g exterior
f 11366 11463 11468 11375
f 11462 11469 11468 11463
f 11470 11471 11468 11469
f 11464 11467 11468 11471
f 11368 11375 11468 11467
g interior
f 11372 11465 11472 11377
f 11464 11473 11472 11465
f 11474 11475 11472 11473
f 11476 11477 11472 11475
f 11378 11377 11472 11477
g exterior
f 11464 11471 11478 11473
f 11470 11479 11478 11471
f 11474 11473 11478 11479
g interior
f 11378 11477 11480 11381
f 11476 11481 11480 11477
f 11482 11483 11480 11481
f 11382 11381 11480 11483
f 11382 11483 11484 11385
f 11482 11485 11484 11483
f 11486 11487 11484 11485
f 5319 11385 11484 11487
f 5319 11487 11488 5320
f 11486 11489 11488 11487
f 11490 11491 11488 11489
f 5321 5320 11488 11491
f 5321 11491 11492 5322
f 11490 11493 11492 11491
f 11494 11495 11492 11493
f 5323 5322 11492 11495
f 5323 11495 11496 5326
f 11494 11497 11496 11495
f 11498 11499 11496 11497
f 5327 5326 11496 11499
f 5327 11499 11500 5328
f 11498 11501 11500 11499
f 5441 5439 11500 11501
f 5329 5328 11500 5439
f 5333 5450 11502 5336
f 5449 11503 11502 5450
f 11504 11505 11502 11503
f 5337 5336 11502 11505
f 5337 11505 11506 5338
f 11504 11507 11506 11505
f 11508 11509 11506 11507
f 5339 5338 11506 11509
f 5339 11509 11510 5342
f 11508 11511 11510 11509
f 11512 11513 11510 11511
f 5343 5342 11510 11513
f 5343 11513 11514 5344
f 11512 11515 11514 11513
f 11516 11517 11514 11515
f 5345 5344 11514 11517
f 5345 11517 11518 5348
f 11516 11519 11518 11517
f 11520 11521 11518 11519
f 5349 5348 11518 11521
f 5349 11521 11522 5350
f 11520 11523 11522 11521
f 11524 11525 11522 11523
f 11526 11527 11522 11525
f 5351 5350 11522 11527
g exterior
f 11524 11528 11529 11525
f 11530 11531 11529 11528
f 11526 11525 11529 11531
g interior
f 5351 11527 11532 11387
f 11526 11533 11532 11527
f 11534 11535 11532 11533
f 11388 11387 11532 11535
g exterior
f 11526 11531 11536 11533
f 11530 11537 11536 11531
f 11538 11539 11536 11537
f 11534 11533 11536 11539
g interior
f 11388 11535 11540 11391
f 11534 11541 11540 11535
f 11392 11391 11540 11541
g exterior
f 11534 11539 11542 11541
f 11538 11543 11542 11539
f 11544 11545 11542 11543
f 11398 11396 11542 11545
f 11392 11541 11542 11396
f 11398 11545 11546 11405
f 11544 11547 11546 11545
f 11548 11549 11546 11547
f 11406 11405 11546 11549
f 11406 11549 11550 11411
f 11548 11551 11550 11549
f 5455 5452 11550 11551
f 5451 11411 11550 5452
f 5382 5483 11552 11421
f 5482 11553 11552 5483
f 11554 11555 11552 11553
f 11422 11421 11552 11555
g interior
f 11556 11557 11558 11559
f 11428 11425 11558 11557
f 11424 11559 11558 11425
g exterior
f 11422 11555 11560 11431
f 11554 11561 11560 11555
f 11562 11563 11560 11561
f 11556 11559 11560 11563
f 11424 11431 11560 11559
g interior
f 11428 11557 11564 11433
f 11556 11565 11564 11557
f 11566 11567 11564 11565
f 11568 11569 11564 11567
f 11434 11433 11564 11569
g exterior
f 11556 11563 11570 11565
f 11562 11571 11570 11563
f 11566 11565 11570 11571
g interior
f 11434 11569 11572 11437
f 11568 11573 11572 11569
f 5486 5484 11572 11573
f 5393 11437 11572 5484
f 5409 5511 11574 5412
f 5510 11575 11574 5511
f 11576 11577 11574 11575
f 5413 5412 11574 11577
f 5413 11577 11578 5414
f 11576 11579 11578 11577
f 11580 11581 11578 11579
f 5415 5414 11578 11581
f 5415 11581 11582 11439
f 11580 11583 11582 11581
f 11584 11585 11582 11583
f 11586 11587 11582 11585
f 11440 11439 11582 11587
g exterior
f 11584 11588 11589 11585
f 11590 11591 11589 11588
f 11586 11585 11589 11591
g interior
f 11440 11587 11592 11443
f 11586 11593 11592 11587
f 11444 11443 11592 11593
g exterior
f 11586 11591 11594 11593
f 11590 11595 11594 11591
f 11596 11597 11594 11595
f 11448 11446 11594 11597
f 11444 11593 11594 11446
f 11448 11597 11598 11451
f 11596 11599 11598 11597
f 11600 11601 11598 11599
f 11452 11451 11598 11601
f 11452 11601 11602 11455
f 11600 11603 11602 11601
f 5514 5512 11602 11603
f 5423 11455 11602 5512
f 5437 5436 11604 11457
f 5435 5531 11604 5436
f 5539 11605 11604 5531
f 11458 11457 11604 11605
f 11458 11605 11606 11461
f 5539 5538 11606 11605
f 5537 11607 11606 5538
f 11462 11461 11606 11607
f 11462 11607 11608 11469
f 5537 11609 11608 11607
f 11610 11611 11608 11609
f 11470 11469 11608 11611
g interior
f 11612 11613 11614 11615
f 11476 11475 11614 11613
f 11474 11615 11614 11475
g exterior
f 11470 11611 11616 11479
f 11610 11617 11616 11611
f 11618 11619 11616 11617
f 11612 11615 11616 11619
f 11474 11479 11616 11615
g interior
f 11476 11613 11620 11481
f 11612 11621 11620 11613
f 11622 11623 11620 11621
f 11482 11481 11620 11623
g exterior
f 11612 11619 11624 11621
f 11618 11625 11624 11619
f 11626 11627 11624 11625
f 11622 11621 11624 11627
g interior
f 11482 11623 11628 11485
f 11622 11629 11628 11623
f 11630 11631 11628 11629
f 11632 11633 11628 11631
f 11486 11485 11628 11633
g exterior
f 11622 11627 11634 11629
f 11626 11635 11634 11627
f 11630 11629 11634 11635
g interior
f 11486 11633 11636 11489
f 11632 11637 11636 11633
f 11638 11639 11636 11637
f 11490 11489 11636 11639
f 11490 11639 11640 11493
f 11638 11641 11640 11639
f 11642 11643 11640 11641
f 11494 11493 11640 11643
f 11494 11643 11644 11497
f 11642 11645 11644 11643
f 11646 11647 11644 11645
f 11498 11497 11644 11647
f 11498 11647 11648 11501
f 11646 11649 11648 11647
f 5443 5442 11648 11649
f 5441 11501 11648 5442
f 5449 5448 11650 11503
f 5447 11651 11650 5448
f 11652 11653 11650 11651
f 11504 11503 11650 11653
f 11504 11653 11654 11507
f 11652 11655 11654 11653
f 11656 11657 11654 11655
f 11508 11507 11654 11657
f 11508 11657 11658 11511
f 11656 11659 11658 11657
f 11660 11661 11658 11659
f 11512 11511 11658 11661
f 11512 11661 11662 11515
f 11660 11663 11662 11661
f 11664 11665 11662 11663
f 11666 11667 11662 11665
f 11516 11515 11662 11667
g exterior
f 11664 11668 11669 11665
f 11670 11671 11669 11668
f 11666 11665 11669 11671
g interior
f 11516 11667 11672 11519
f 11666 11673 11672 11667
f 11674 11675 11672 11673
f 11520 11519 11672 11675
g exterior
f 11666 11671 11676 11673
f 11670 11677 11676 11671
f 11678 11679 11676 11677
f 11674 11673 11676 11679
g interior
f 11520 11675 11680 11523
f 11674 11681 11680 11675
f 11524 11523 11680 11681
g exterior
f 11674 11679 11682 11681
f 11678 11683 11682 11679
f 5540 11684 11682 11683
f 11530 11528 11682 11684
f 11524 11681 11682 11528
f 11530 11684 11685 11537
f 5540 5543 11685 11684
f 5552 11686 11685 5543
f 11538 11537 11685 11686
f 11538 11686 11687 11543
f 5552 5551 11687 11686
f 5550 11688 11687 5551
f 11544 11543 11687 11688
f 11544 11688 11689 11547
f 5550 5554 11689 11688
f 5559 11690 11689 5554
f 11548 11547 11689 11690
f 11548 11690 11691 11551
f 5559 5558 11691 11690
f 5457 5456 11691 5558
f 5455 11551 11691 5456
f 5482 5481 11692 11553
f 5480 5571 11692 5481
f 5579 11693 11692 5571
f 11554 11553 11692 11693
f 11554 11693 11694 11561
f 5579 5578 11694 11693
f 5577 11695 11694 5578
f 11562 11561 11694 11695
g interior
f 11696 11697 11698 11699
f 11700 11701 11698 11697
f 11568 11567 11698 11701
f 11566 11699 11698 11567
g exterior
f 11562 11695 11702 11571
f 5577 11703 11702 11695
f 11696 11699 11702 11703
f 11566 11571 11702 11699
g interior
f 11568 11701 11704 11573
f 11700 11705 11704 11701
f 5488 5487 11704 11705
f 5486 11573 11704 5487
f 5510 5509 11706 11575
f 5508 11707 11706 5509
f 11708 11709 11706 11707
f 11576 11575 11706 11709
f 11576 11709 11710 11579
f 11708 11711 11710 11709
f 11712 11713 11710 11711
f 11580 11579 11710 11713
f 11580 11713 11714 11583
f 11712 11715 11714 11713
f 11716 11717 11714 11715
f 11584 11583 11714 11717
g exterior
f 11716 11718 11719 11717
f 11720 11721 11719 11718
f 11590 11588 11719 11721
f 11584 11717 11719 11588
f 11590 11721 11722 11595
f 11720 11723 11722 11721
f 5614 11724 11722 11723
f 11596 11595 11722 11724
f 11596 11724 11725 11599
f 5614 5617 11725 11724
f 5625 11726 11725 5617
f 11600 11599 11725 11726
f 11600 11726 11727 11603
f 5625 5624 11727 11726
f 5516 5515 11727 5624
f 5514 11603 11727 5515
f 5537 5536 11728 11609
f 5535 11729 11728 5536
f 11730 11731 11728 11729
f 11610 11609 11728 11731
f 11610 11731 11732 11617
f 11730 11733 11732 11731
f 11734 11735 11732 11733
f 11618 11617 11732 11735
f 11618 11735 11736 11625
f 11734 11737 11736 11735
f 11738 11739 11736 11737
f 11626 11625 11736 11739
g interior
f 11740 11741 11742 11743
f 11632 11631 11742 11741
f 11630 11743 11742 11631
g exterior
f 11626 11739 11744 11635
f 11738 11745 11744 11739
f 11746 11747 11744 11745
f 11740 11743 11744 11747
f 11630 11635 11744 11743
g interior
f 11632 11741 11748 11637
f 11740 11749 11748 11741
f 11750 11751 11748 11749
f 11638 11637 11748 11751
g exterior
f 11740 11747 11752 11749
f 11746 11753 11752 11747
f 11754 11755 11752 11753
f 11750 11749 11752 11755
g interior
f 11638 11751 11756 11641
f 11750 11757 11756 11751
f 11758 11759 11756 11757
f 11642 11641 11756 11759
g exterior
f 11750 11755 11760 11757
f 11754 11761 11760 11755
f 11762 11763 11760 11761
f 11758 11757 11760 11763
g interior
f 11642 11759 11764 11645
f 11758 11765 11764 11759
f 11766 11767 11764 11765
f 11646 11645 11764 11767
g exterior
f 11758 11763 11768 11765
f 11762 11769 11768 11763
f 11770 11771 11768 11769
f 11766 11765 11768 11771
g interior
f 11646 11767 11772 11649
f 11766 11773 11772 11767
f 11774 11775 11772 11773
f 5443 11649 11772 11775
g exterior
f 11766 11771 11776 11773
f 11770 11777 11776 11771
f 11778 11779 11776 11777
f 11774 11773 11776 11779
g interior
f 5443 11775 11780 5444
f 11774 11781 11780 11775
f 11782 11783 11780 11781
f 5445 5444 11780 11783
g exterior
f 11774 11779 11784 11781
f 11778 11785 11784 11779
f 11786 11787 11784 11785
f 11782 11781 11784 11787
g interior
f 5445 11783 11788 5446
f 11782 11789 11788 11783
f 11790 11791 11788 11789
f 5447 5446 11788 11791
g exterior
f 11782 11787 11792 11789
f 11786 11793 11792 11787
f 11794 11795 11792 11793
f 11790 11789 11792 11795
g interior
f 5447 11791 11796 11651
f 11790 11797 11796 11791
f 11798 11799 11796 11797
f 11652 11651 11796 11799
g exterior
f 11790 11795 11800 11797
f 11794 11801 11800 11795
f 11802 11803 11800 11801
f 11798 11797 11800 11803
g interior
f 11652 11799 11804 11655
f 11798 11805 11804 11799
f 11806 11807 11804 11805
f 11656 11655 11804 11807
g exterior
f 11798 11803 11808 11805
f 11802 11809 11808 11803
f 11810 11811 11808 11809
f 11806 11805 11808 11811
g interior
f 11656 11807 11812 11659
f 11806 11813 11812 11807
f 11814 11815 11812 11813
f 11660 11659 11812 11815
g exterior
f 11806 11811 11816 11813
f 11810 11817 11816 11811
f 11818 11819 11816 11817
f 11814 11813 11816 11819
g interior
f 11660 11815 11820 11663
f 11814 11821 11820 11815
f 11664 11663 11820 11821
g exterior
f 11814 11819 11822 11821
f 11818 11823 11822 11819
f 11824 11825 11822 11823
f 11670 11668 11822 11825
f 11664 11821 11822 11668
f 11670 11825 11826 11677
f 11824 11827 11826 11825
f 11828 11829 11826 11827
f 11678 11677 11826 11829
f 11678 11829 11830 11683
f 11828 11831 11830 11829
f 5544 5541 11830 11831
f 5540 11683 11830 5541
g interior
f 11832 11833 11834 11835
f 11700 11697 11834 11833
f 11696 11835 11834 11697
g exterior
f 5577 5576 11836 11703
f 5575 11837 11836 5576
f 11838 11839 11836 11837
f 11832 11835 11836 11839
f 11696 11703 11836 11835
g interior
f 11700 11833 11840 11705
f 11832 11841 11840 11833
f 11842 11843 11840 11841
f 11844 11845 11840 11843
f 5488 11705 11840 11845
g exterior
f 11832 11839 11846 11841
f 11838 11847 11846 11839
f 11842 11841 11846 11847
g interior
f 5488 11845 11848 5489
f 11844 11849 11848 11845
f 11850 11851 11848 11849
f 5490 5489 11848 11851
f 5490 11851 11852 5491
f 11850 11853 11852 11851
f 5582 5580 11852 11853
f 5492 5491 11852 5580
f 5502 5613 11854 5505
f 5612 11855 11854 5613
f 11856 11857 11854 11855
f 5506 5505 11854 11857
f 5506 11857 11858 5507
f 11856 11859 11858 11857
f 11860 11861 11858 11859
f 5508 5507 11858 11861
f 5508 11861 11862 11707
f 11860 11863 11862 11861
f 11864 11865 11862 11863
f 11708 11707 11862 11865
f 11708 11865 11866 11711
f 11864 11867 11866 11865
f 11868 11869 11866 11867
f 11870 11871 11866 11869
f 11712 11711 11866 11871
g exterior
f 11868 11872 11873 11869
f 11874 11875 11873 11872
f 11870 11869 11873 11875
g interior
f 11712 11871 11876 11715
f 11870 11877 11876 11871
f 11716 11715 11876 11877
g exterior
f 11870 11875 11878 11877
f 11874 11879 11878 11875
f 11880 11881 11878 11879
f 11720 11718 11878 11881
f 11716 11877 11878 11718
f 11720 11881 11882 11723
f 11880 11883 11882 11881
f 5618 5615 11882 11883
f 5614 11723 11882 5615
f 5535 5534 11884 11729
f 5533 5639 11884 5534
f 5643 11885 11884 5639
f 11730 11729 11884 11885
f 11730 11885 11886 11733
f 5643 5642 11886 11885
f 5641 11887 11886 5642
f 11734 11733 11886 11887
f 11734 11887 11888 11737
f 5641 5645 11888 11887
f 5649 11889 11888 5645
f 11738 11737 11888 11889
f 11738 11889 11890 11745
f 5649 5648 11890 11889
f 5647 11891 11890 5648
f 11746 11745 11890 11891
f 11746 11891 11892 11753
f 5647 5651 11892 11891
f 5655 11893 11892 5651
f 11754 11753 11892 11893
f 11754 11893 11894 11761
f 5655 5654 11894 11893
f 5653 11895 11894 5654
f 11762 11761 11894 11895
f 11762 11895 11896 11769
f 5653 5657 11896 11895
f 5661 11897 11896 5657
f 11770 11769 11896 11897
f 11770 11897 11898 11777
f 5661 5660 11898 11897
f 5659 11899 11898 5660
f 11778 11777 11898 11899
f 11778 11899 11900 11785
f 5659 5663 11900 11899
f 5667 11901 11900 5663
f 11786 11785 11900 11901
f 11786 11901 11902 11793
f 5667 5666 11902 11901
f 5665 11903 11902 5666
f 11794 11793 11902 11903
f 11794 11903 11904 11801
f 5665 5669 11904 11903
f 5673 11905 11904 5669
f 11802 11801 11904 11905
f 11802 11905 11906 11809
f 5673 5672 11906 11905
f 5671 11907 11906 5672
f 11810 11809 11906 11907
f 11810 11907 11908 11817
f 5671 5675 11908 11907
f 5679 11909 11908 5675
f 11818 11817 11908 11909
f 11818 11909 11910 11823
f 5679 5678 11910 11909
f 5677 11911 11910 5678
f 11824 11823 11910 11911
f 11824 11911 11912 11827
f 5677 5681 11912 11911
f 5684 11913 11912 5681
f 11828 11827 11912 11913
f 11828 11913 11914 11831
f 5684 5683 11914 11913
f 5546 5545 11914 5683
f 5544 11831 11914 5545
f 5575 5574 11915 11837
f 5573 11916 11915 5574
f 11917 11918 11915 11916
f 11838 11837 11915 11918
g interior
f 11919 11920 11921 11922
f 11923 11924 11921 11920
f 11844 11843 11921 11924
f 11842 11922 11921 11843
g exterior
f 11838 11918 11925 11847
f 11917 11926 11925 11918
f 11919 11922 11925 11926
f 11842 11847 11925 11922
g interior
f 11844 11924 11927 11849
f 11923 11928 11927 11924
f 11929 11930 11927 11928
f 11850 11849 11927 11930
f 11850 11930 11931 11853
f 11929 11932 11931 11930
f 5584 5583 11931 11932
f 5582 11853 11931 5583
f 5612 5611 11933 11855
f 5610 11934 11933 5611
f 11935 11936 11933 11934
f 11856 11855 11933 11936
f 11856 11936 11937 11859
f 11935 11938 11937 11936
f 11939 11940 11937 11938
f 11860 11859 11937 11940
f 11860 11940 11941 11863
f 11939 11942 11941 11940
f 11943 11944 11941 11942
f 11945 11946 11941 11944
f 11864 11863 11941 11946
g exterior
f 11943 11947 11948 11944
f 11949 11950 11948 11947
f 11945 11944 11948 11950
g interior
f 11864 11946 11951 11867
f 11945 11952 11951 11946
f 11868 11867 11951 11952
g exterior
f 11945 11950 11953 11952
f 11949 11954 11953 11950
f 5732 11955 11953 11954
f 11874 11872 11953 11955
f 11868 11952 11953 11872
f 11874 11955 11956 11879
f 5732 5735 11956 11955
f 5743 11957 11956 5735
f 11880 11879 11956 11957
f 11880 11957 11958 11883
f 5743 5742 11958 11957
f 5620 5619 11958 5742
f 5618 11883 11958 5619
f 5573 5699 11959 11916
f 5698 11960 11959 5699
f 11961 11962 11959 11960
f 11917 11916 11959 11962
g interior
f 11963 11964 11965 11966
f 11923 11920 11965 11964
f 11919 11966 11965 11920
g exterior
f 11917 11962 11967 11926
f 11961 11968 11967 11962
f 11969 11970 11967 11968
f 11963 11966 11967 11970
f 11919 11926 11967 11966
g interior
f 11923 11964 11971 11928
f 11963 11972 11971 11964
f 11973 11974 11971 11972
f 11975 11976 11971 11974
f 11929 11928 11971 11976
g exterior
f 11963 11970 11977 11972
f 11969 11978 11977 11970
f 11973 11972 11977 11978
g interior
f 11929 11976 11979 11932
f 11975 11980 11979 11976
f 5702 5700 11979 11980
f 5584 11932 11979 5700
f 5604 5731 11981 5607
f 5730 11982 11981 5731
f 11983 11984 11981 11982
f 5608 5607 11981 11984
f 5608 11984 11985 5609
f 11983 11986 11985 11984
f 11987 11988 11985 11986
f 5610 5609 11985 11988
f 5610 11988 11989 11934
f 11987 11990 11989 11988
f 11991 11992 11989 11990
f 11935 11934 11989 11992
f 11935 11992 11993 11938
f 11991 11994 11993 11992
f 11995 11996 11993 11994
f 11997 11998 11993 11996
f 11939 11938 11993 11998
g exterior
f 11995 11999 12000 11996
f 12001 12002 12000 11999
f 11997 11996 12000 12002
g interior
f 11939 11998 12003 11942
f 11997 12004 12003 11998
f 11943 11942 12003 12004
g exterior
f 11997 12002 12005 12004
f 12001 12006 12005 12002
f 12007 12008 12005 12006
f 11949 11947 12005 12008
f 11943 12004 12005 11947
f 11949 12008 12009 11954
f 12007 12010 12009 12008
f 5736 5733 12009 12010
f 5732 11954 12009 5733
f 5698 5697 12011 11960
f 5696 12012 12011 5697
f 12013 12014 12011 12012
f 11961 11960 12011 12014
f 11961 12014 12015 11968
f 12013 12016 12015 12014
f 12017 12018 12015 12016
f 11969 11968 12015 12018
g interior
f 12019 12020 12021 12022
f 12023 12024 12021 12020
f 11975 11974 12021 12024
f 11973 12022 12021 11974
g exterior
f 11969 12018 12025 11978
f 12017 12026 12025 12018
f 12019 12022 12025 12026
f 11973 11978 12025 12022
g interior
f 11975 12024 12027 11980
f 12023 12028 12027 12024
f 5704 5703 12027 12028
f 5702 11980 12027 5703
f 5730 5729 12029 11982
f 5728 12030 12029 5729
f 12031 12032 12029 12030
f 11983 11982 12029 12032
f 11983 12032 12033 11986
f 12031 12034 12033 12032
f 12035 12036 12033 12034
f 11987 11986 12033 12036
f 11987 12036 12037 11990
f 12035 12038 12037 12036
f 12039 12040 12037 12038
f 12041 12042 12037 12040
f 11991 11990 12037 12042
g exterior
f 12039 12043 12044 12040
f 12045 12046 12044 12043
f 12041 12040 12044 12046
g interior
f 11991 12042 12047 11994
f 12041 12048 12047 12042
f 11995 11994 12047 12048
g exterior
f 12041 12046 12049 12048
f 12045 12050 12049 12046
f 12051 12052 12049 12050
f 12001 11999 12049 12052
f 11995 12048 12049 11999
f 12001 12052 12053 12006
f 12051 12054 12053 12052
f 12055 12056 12053 12054
f 12007 12006 12053 12056
f 12007 12056 12057 12010
f 12055 12058 12057 12056
f 5738 5737 12057 12058
f 5736 12010 12057 5737
f 5696 5755 12059 12012
f 5754 12060 12059 5755
f 12061 12062 12059 12060
f 12013 12012 12059 12062
f 12013 12062 12063 12016
f 12061 12064 12063 12062
f 12065 12066 12063 12064
f 12017 12016 12063 12066
g interior
f 12067 12068 12069 12070
f 12023 12020 12069 12068
f 12019 12070 12069 12020
g exterior
f 12017 12066 12071 12026
f 12065 12072 12071 12066
f 12073 12074 12071 12072
f 12067 12070 12071 12074
f 12019 12026 12071 12070
g interior
f 12023 12068 12075 12028
f 12067 12076 12075 12068
f 12077 12078 12075 12076
f 12079 12080 12075 12078
f 5704 12028 12075 12080
g exterior
f 12067 12074 12081 12076
f 12073 12082 12081 12074
f 12077 12076 12081 12082
g interior
f 5704 12080 12083 5705
f 12079 12084 12083 12080
f 12085 12086 12083 12084
f 5706 5705 12083 12086
f 5706 12086 12087 5707
f 12085 12088 12087 12086
f 5758 5756 12087 12088
f 5708 5707 12087 5756
f 5722 5795 12089 5725
f 5794 12090 12089 5795
f 12091 12092 12089 12090
f 5726 5725 12089 12092
f 5726 12092 12093 5727
f 12091 12094 12093 12092
f 12095 12096 12093 12094
f 5728 5727 12093 12096
f 5728 12096 12097 12030
f 12095 12098 12097 12096
f 12099 12100 12097 12098
f 12031 12030 12097 12100
f 12031 12100 12101 12034
f 12099 12102 12101 12100
f 12103 12104 12101 12102
f 12035 12034 12101 12104
f 12035 12104 12105 12038
f 12103 12106 12105 12104
f 12107 12108 12105 12106
f 12039 12038 12105 12108
g exterior
f 12107 12109 12110 12108
f 12111 12112 12110 12109
f 12045 12043 12110 12112
f 12039 12108 12110 12043
f 12045 12112 12113 12050
f 12111 12114 12113 12112
f 12115 12116 12113 12114
f 12051 12050 12113 12116
f 12051 12116 12117 12054
f 12115 12118 12117 12116
f 12119 12120 12117 12118
f 12055 12054 12117 12120
f 12055 12120 12121 12058
f 12119 12122 12121 12120
f 5798 5796 12121 12122
f 5738 12058 12121 5796
f 5754 5753 12123 12060
f 5752 5811 12123 5753
f 5819 12124 12123 5811
f 12061 12060 12123 12124
f 12061 12124 12125 12064
f 5819 5818 12125 12124
f 5817 12126 12125 5818
f 12065 12064 12125 12126
f 12065 12126 12127 12072
f 5817 12128 12127 12126
f 12129 12130 12127 12128
f 12073 12072 12127 12130
g interior
f 12131 12132 12133 12134
f 12135 12136 12133 12132
f 12079 12078 12133 12136
f 12077 12134 12133 12078
g exterior
f 12073 12130 12137 12082
f 12129 12138 12137 12130
f 12131 12134 12137 12138
f 12077 12082 12137 12134
g interior
f 12079 12136 12139 12084
f 12135 12140 12139 12136
f 12141 12142 12139 12140
f 12085 12084 12139 12142
f 12085 12142 12143 12088
f 12141 12144 12143 12142
f 5760 5759 12143 12144
f 5758 12088 12143 5759
f 5794 5793 12145 12090
f 5792 12146 12145 5793
f 12147 12148 12145 12146
f 12091 12090 12145 12148
f 12091 12148 12149 12094
f 12147 12150 12149 12148
f 12151 12152 12149 12150
f 12095 12094 12149 12152
f 12095 12152 12153 12098
f 12151 12154 12153 12152
f 12155 12156 12153 12154
f 12099 12098 12153 12156
f 12099 12156 12157 12102
f 12155 12158 12157 12156
f 12159 12160 12157 12158
f 12161 12162 12157 12160
f 12103 12102 12157 12162
g exterior
f 12159 12163 12164 12160
f 12165 12166 12164 12163
f 12161 12160 12164 12166
g interior
f 12103 12162 12167 12106
f 12161 12168 12167 12162
f 12107 12106 12167 12168
g exterior
f 12161 12166 12169 12168
f 12165 12170 12169 12166
f 12171 12172 12169 12170
f 12111 12109 12169 12172
f 12107 12168 12169 12109
f 12111 12172 12173 12114
f 12171 12174 12173 12172
f 5860 12175 12173 12174
f 12115 12114 12173 12175
f 12115 12175 12176 12118
f 5860 5863 12176 12175
f 5870 12177 12176 5863
f 12119 12118 12176 12177
f 12119 12177 12178 12122
f 5870 5869 12178 12177
f 5800 5799 12178 5869
f 5798 12122 12178 5799
f 5817 5816 12179 12128
f 5815 12180 12179 5816
f 12181 12182 12179 12180
f 12129 12128 12179 12182
g interior
f 12183 12184 12185 12186
f 12135 12132 12185 12184
f 12131 12186 12185 12132
g exterior
f 12129 12182 12187 12138
f 12181 12188 12187 12182
f 12189 12190 12187 12188
f 12183 12186 12187 12190
f 12131 12138 12187 12186
g interior
f 12135 12184 12191 12140
f 12183 12192 12191 12184
f 12193 12194 12191 12192
f 12195 12196 12191 12194
f 12141 12140 12191 12196
g exterior
f 12183 12190 12197 12192
f 12189 12198 12197 12190
f 12193 12192 12197 12198
g interior
f 12141 12196 12199 12144
f 12195 12200 12199 12196
f 5822 5820 12199 12200
f 5760 12144 12199 5820
f 5786 5859 12201 5789
f 5858 12202 12201 5859
f 12203 12204 12201 12202
f 5790 5789 12201 12204
f 5790 12204 12205 5791
f 12203 12206 12205 12204
f 12207 12208 12205 12206
f 5792 5791 12205 12208
f 5792 12208 12209 12146
f 12207 12210 12209 12208
f 12211 12212 12209 12210
f 12147 12146 12209 12212
f 12147 12212 12213 12150
f 12211 12214 12213 12212
f 12215 12216 12213 12214
f 12151 12150 12213 12216
f 12151 12216 12217 12154
f 12215 12218 12217 12216
f 12219 12220 12217 12218
f 12221 12222 12217 12220
f 12155 12154 12217 12222
g exterior
f 12219 12223 12224 12220
f 12225 12226 12224 12223
f 12221 12220 12224 12226
g interior
f 12155 12222 12227 12158
f 12221 12228 12227 12222
f 12159 12158 12227 12228
g exterior
f 12221 12226 12229 12228
f 12225 12230 12229 12226
f 12231 12232 12229 12230
f 12165 12163 12229 12232
f 12159 12228 12229 12163
f 12165 12232 12233 12170
f 12231 12234 12233 12232
f 12235 12236 12233 12234
f 12171 12170 12233 12236
f 12171 12236 12237 12174
f 12235 12238 12237 12236
f 5864 5861 12237 12238
f 5860 12174 12237 5861
f 5815 5814 12239 12180
f 5813 5883 12239 5814
f 5891 12240 12239 5883
f 12181 12180 12239 12240
f 12181 12240 12241 12188
f 5891 5890 12241 12240
f 5889 12242 12241 5890
f 12189 12188 12241 12242
g interior
f 12243 12244 12245 12246
f 12195 12194 12245 12244
f 12193 12246 12245 12194
g exterior
f 12189 12242 12247 12198
f 5889 12248 12247 12242
f 12249 12250 12247 12248
f 12243 12246 12247 12250
f 12193 12198 12247 12246
g interior
f 12195 12244 12251 12200
f 12243 12252 12251 12244
f 12253 12254 12251 12252
f 5824 5823 12251 12254
f 5822 12200 12251 5823
g exterior
f 12243 12250 12255 12252
f 12249 12256 12255 12250
f 12253 12252 12255 12256
g interior
f 5858 5857 12257 12202
f 5856 12258 12257 5857
f 12259 12260 12257 12258
f 12203 12202 12257 12260
f 12203 12260 12261 12206
f 12259 12262 12261 12260
f 12263 12264 12261 12262
f 12207 12206 12261 12264
f 12207 12264 12265 12210
f 12263 12266 12265 12264
f 12267 12268 12265 12266
f 12211 12210 12265 12268
f 12211 12268 12269 12214
f 12267 12270 12269 12268
f 12271 12272 12269 12270
f 12273 12274 12269 12272
f 12215 12214 12269 12274
g exterior
f 12271 12275 12276 12272
f 12277 12278 12276 12275
f 12273 12272 12276 12278
g interior
f 12215 12274 12279 12218
f 12273 12280 12279 12274
f 12219 12218 12279 12280
g exterior
f 12273 12278 12281 12280
f 12277 12282 12281 12278
f 12283 12284 12281 12282
f 12225 12223 12281 12284
f 12219 12280 12281 12223
f 12225 12284 12285 12230
f 12283 12286 12285 12284
f 5922 12287 12285 12286
f 12231 12230 12285 12287
f 12231 12287 12288 12234
f 5922 5925 12288 12287
f 5933 12289 12288 5925
f 12235 12234 12288 12289
f 12235 12289 12290 12238
f 5933 5932 12290 12289
f 5866 5865 12290 5932
f 5864 12238 12290 5865
f 5889 5888 12291 12248
f 5887 12292 12291 5888
f 12293 12294 12291 12292
f 12249 12248 12291 12294
g interior
f 12295 12296 12297 12298
f 12299 12300 12297 12296
f 5824 12254 12297 12300
f 12253 12298 12297 12254
g exterior
f 12249 12294 12301 12256
f 12293 12302 12301 12294
f 12295 12298 12301 12302
f 12253 12256 12301 12298
g interior
f 5824 12300 12303 5825
f 12299 12304 12303 12300
f 12305 12306 12303 12304
f 5826 5825 12303 12306
f 5826 12306 12307 5827
f 12305 12308 12307 12306
f 12309 12310 12307 12308
f 5828 5827 12307 12310
f 5828 12310 12311 5831
f 12309 12312 12311 12310
f 12313 12314 12311 12312
f 5832 5831 12311 12314
f 5832 12314 12315 5833
f 12313 12316 12315 12314
f 5894 5892 12315 12316
f 5834 5833 12315 5892
f 5850 5921 12317 5853
f 5920 12318 12317 5921
f 12319 12320 12317 12318
f 5854 5853 12317 12320
f 5854 12320 12321 5855
f 12319 12322 12321 12320
f 12323 12324 12321 12322
f 5856 5855 12321 12324
f 5856 12324 12325 12258
f 12323 12326 12325 12324
f 12327 12328 12325 12326
f 12259 12258 12325 12328
f 12259 12328 12329 12262
f 12327 12330 12329 12328
f 12331 12332 12329 12330
f 12333 12334 12329 12332
f 12263 12262 12329 12334
g exterior
f 12331 12335 12336 12332
f 12337 12338 12336 12335
f 12333 12332 12336 12338
g interior
f 12263 12334 12339 12266
f 12333 12340 12339 12334
f 12341 12342 12339 12340
f 12267 12266 12339 12342
g exterior
f 12333 12338 12343 12340
f 12337 12344 12343 12338
f 12345 12346 12343 12344
f 12341 12340 12343 12346
g interior
f 12267 12342 12347 12270
f 12341 12348 12347 12342
f 12271 12270 12347 12348
g exterior
f 12341 12346 12349 12348
f 12345 12350 12349 12346
f 12351 12352 12349 12350
f 12277 12275 12349 12352
f 12271 12348 12349 12275
f 12277 12352 12353 12282
f 12351 12354 12353 12352
f 12355 12356 12353 12354
f 12283 12282 12353 12356
f 12283 12356 12357 12286
f 12355 12358 12357 12356
f 5926 5923 12357 12358
f 5922 12286 12357 5923
f 5887 5886 12359 12292
f 5885 12360 12359 5886
f 12361 12362 12359 12360
f 12293 12292 12359 12362
g interior
f 12363 12364 12365 12366
f 12299 12296 12365 12364
f 12295 12366 12365 12296
g exterior
f 12293 12362 12367 12302
f 12361 12368 12367 12362
f 12369 12370 12367 12368
f 12363 12366 12367 12370
f 12295 12302 12367 12366
g interior
f 12299 12364 12371 12304
f 12363 12372 12371 12364
f 12373 12374 12371 12372
f 12375 12376 12371 12374
f 12305 12304 12371 12376
g exterior
f 12363 12370 12377 12372
f 12369 12378 12377 12370
f 12373 12372 12377 12378
g interior
f 12305 12376 12379 12308
f 12375 12380 12379 12376
f 12381 12382 12379 12380
f 12309 12308 12379 12382
f 12309 12382 12383 12312
f 12381 12384 12383 12382
f 12385 12386 12383 12384
f 12313 12312 12383 12386
f 12313 12386 12387 12316
f 12385 12388 12387 12386
f 5896 5895 12387 12388
f 5894 12316 12387 5895
f 5920 5919 12389 12318
f 5918 12390 12389 5919
f 12391 12392 12389 12390
f 12319 12318 12389 12392
f 12319 12392 12393 12322
f 12391 12394 12393 12392
f 12395 12396 12393 12394
f 12323 12322 12393 12396
f 12323 12396 12397 12326
f 12395 12398 12397 12396
f 12399 12400 12397 12398
f 12401 12402 12397 12400
f 12327 12326 12397 12402
g exterior
f 12399 12403 12404 12400
f 12405 12406 12404 12403
f 12401 12400 12404 12406
g interior
f 12327 12402 12407 12330
f 12401 12408 12407 12402
f 12331 12330 12407 12408
g exterior
f 12401 12406 12409 12408
f 12405 12410 12409 12406
f 12411 12412 12409 12410
f 12337 12335 12409 12412
f 12331 12408 12409 12335
f 12337 12412 12413 12344
f 12411 12414 12413 12412
f 12415 12416 12413 12414
f 12345 12344 12413 12416
f 12345 12416 12417 12350
f 12415 12418 12417 12416
f 5946 12419 12417 12418
f 12351 12350 12417 12419
f 12351 12419 12420 12354
f 5946 5949 12420 12419
f 5956 12421 12420 5949
f 12355 12354 12420 12421
f 12355 12421 12422 12358
f 5956 5955 12422 12421
f 5928 5927 12422 5955
f 5926 12358 12422 5927
f 5885 5945 12423 12360
f 5944 12424 12423 5945
f 12425 12426 12423 12424
f 12361 12360 12423 12426
f 12361 12426 12427 12368
f 12425 12428 12427 12426
f 12429 12430 12427 12428
f 12369 12368 12427 12430
g interior
f 12431 12432 12433 12434
f 12375 12374 12433 12432
f 12373 12434 12433 12374
g exterior
f 12369 12430 12435 12378
f 12429 12436 12435 12430
f 12437 12438 12435 12436
f 12431 12434 12435 12438
f 12373 12378 12435 12434
g interior
f 12375 12432 12439 12380
f 12431 12440 12439 12432
f 12441 12442 12439 12440
f 12381 12380 12439 12442
g exterior
f 12431 12438 12443 12440
f 12437 12444 12443 12438
f 12445 12446 12443 12444
f 12441 12440 12443 12446
g interior
f 12381 12442 12447 12384
f 12441 12448 12447 12442
f 12449 12450 12447 12448
f 12451 12452 12447 12450
f 12385 12384 12447 12452
g exterior
f 12441 12446 12453 12448
f 12445 12454 12453 12446
f 12449 12448 12453 12454
g interior
f 12385 12452 12455 12388
f 12451 12456 12455 12452
f 12457 12458 12455 12456
f 5896 12388 12455 12458
f 5896 12458 12459 5897
f 12457 12460 12459 12458
f 12461 12462 12459 12460
f 5898 5897 12459 12462
f 5898 12462 12463 5899
f 12461 12464 12463 12462
f 12465 12466 12463 12464
f 5900 5899 12463 12466
f 5900 12466 12467 5903
f 12465 12468 12467 12466
f 12469 12470 12467 12468
f 5904 5903 12467 12470
f 5904 12470 12471 5905
f 12469 12472 12471 12470
f 12473 12474 12471 12472
f 5906 5905 12471 12474
f 5906 12474 12475 5909
f 12473 12476 12475 12474
f 12477 12478 12475 12476
f 5910 5909 12475 12478
f 5910 12478 12479 5911
f 12477 12480 12479 12478
f 12481 12482 12479 12480
f 5912 5911 12479 12482
f 5912 12482 12483 5915
f 12481 12484 12483 12482
f 12485 12486 12483 12484
f 5916 5915 12483 12486
f 5916 12486 12487 5917
f 12485 12488 12487 12486
f 12489 12490 12487 12488
f 5918 5917 12487 12490
f 5918 12490 12491 12390
f 12489 12492 12491 12490
f 12493 12494 12491 12492
f 12391 12390 12491 12494
f 12391 12494 12495 12394
f 12493 12496 12495 12494
f 12497 12498 12495 12496
f 12499 12500 12495 12498
f 12395 12394 12495 12500
g exterior
f 12497 12501 12502 12498
f 12503 12504 12502 12501
f 12499 12498 12502 12504
g interior
f 12395 12500 12505 12398
f 12499 12506 12505 12500
f 12399 12398 12505 12506
g exterior
f 12499 12504 12507 12506
f 12503 12508 12507 12504
f 12509 12510 12507 12508
f 12405 12403 12507 12510
f 12399 12506 12507 12403
f 12405 12510 12511 12410
f 12509 12512 12511 12510
f 12513 12514 12511 12512
f 12411 12410 12511 12514
f 12411 12514 12515 12414
f 12513 12516 12515 12514
f 12517 12518 12515 12516
f 12415 12414 12515 12518
f 12415 12518 12519 12418
f 12517 12520 12519 12518
f 5950 5947 12519 12520
f 5946 12418 12519 5947
f 5944 5943 12521 12424
f 5942 5965 12521 5943
f 5971 12522 12521 5965
f 12425 12424 12521 12522
f 12425 12522 12523 12428
f 5971 5970 12523 12522
f 5969 12524 12523 5970
f 12429 12428 12523 12524
f 12429 12524 12525 12436
f 5969 5973 12525 12524
f 5981 12526 12525 5973
f 12437 12436 12525 12526
f 12437 12526 12527 12444
f 5981 5980 12527 12526
f 5979 12528 12527 5980
f 12445 12444 12527 12528
g interior
f 12529 12530 12531 12532
f 12451 12450 12531 12530
f 12449 12532 12531 12450
g exterior
f 12445 12528 12533 12454
f 5979 12534 12533 12528
f 12535 12536 12533 12534
f 12529 12532 12533 12536
f 12449 12454 12533 12532
g interior
f 12451 12530 12537 12456
f 12529 12538 12537 12530
f 12539 12540 12537 12538
f 12541 12542 12537 12540
f 12457 12456 12537 12542
g exterior
f 12529 12536 12543 12538
f 12535 12544 12543 12536
f 12539 12538 12543 12544
g interior
f 12457 12542 12545 12460
f 12541 12546 12545 12542
f 12547 12548 12545 12546
f 12461 12460 12545 12548
f 12461 12548 12549 12464
f 12547 12550 12549 12548
f 12551 12552 12549 12550
f 12465 12464 12549 12552
f 12465 12552 12553 12468
f 12551 12554 12553 12552
f 12555 12556 12553 12554
f 12469 12468 12553 12556
f 12469 12556 12557 12472
f 12555 12558 12557 12556
f 12559 12560 12557 12558
f 12473 12472 12557 12560
f 12473 12560 12561 12476
f 12559 12562 12561 12560
f 12563 12564 12561 12562
f 12477 12476 12561 12564
f 12477 12564 12565 12480
f 12563 12566 12565 12564
f 12567 12568 12565 12566
f 12481 12480 12565 12568
f 12481 12568 12569 12484
f 12567 12570 12569 12568
f 12571 12572 12569 12570
f 12485 12484 12569 12572
f 12485 12572 12573 12488
f 12571 12574 12573 12572
f 12575 12576 12573 12574
f 12577 12578 12573 12576
f 12489 12488 12573 12578
g exterior
f 12575 12579 12580 12576
f 12581 12582 12580 12579
f 12577 12576 12580 12582
g interior
f 12489 12578 12583 12492
f 12577 12584 12583 12578
f 12585 12586 12583 12584
f 12493 12492 12583 12586
g exterior
f 12577 12582 12587 12584
f 12581 12588 12587 12582
f 12589 12590 12587 12588
f 12585 12584 12587 12590
g interior
f 12493 12586 12591 12496
f 12585 12592 12591 12586
f 12497 12496 12591 12592
g exterior
f 12585 12590 12593 12592
f 12589 12594 12593 12590
f 5982 12595 12593 12594
f 12503 12501 12593 12595
f 12497 12592 12593 12501
f 12503 12595 12596 12508
f 5982 5985 12596 12595
f 5994 12597 12596 5985
f 12509 12508 12596 12597
f 12509 12597 12598 12512
f 5994 5993 12598 12597
f 5992 12599 12598 5993
f 12513 12512 12598 12599
f 12513 12599 12600 12516
f 5992 5996 12600 12599
f 6001 12601 12600 5996
f 12517 12516 12600 12601
f 12517 12601 12602 12520
f 6001 6000 12602 12601
f 5952 5951 12602 6000
f 5950 12520 12602 5951
f 5979 5978 12603 12534
f 5977 12604 12603 5978
f 12605 12606 12603 12604
f 12535 12534 12603 12606
g interior
f 12607 12608 12609 12610
f 12541 12540 12609 12608
f 12539 12610 12609 12540
g exterior
f 12535 12606 12611 12544
f 12605 12612 12611 12606
f 12613 12614 12611 12612
f 12607 12610 12611 12614
f 12539 12544 12611 12610
g interior
f 12541 12608 12615 12546
f 12607 12616 12615 12608
f 12617 12618 12615 12616
f 12547 12546 12615 12618
g exterior
f 12607 12614 12619 12616
f 12613 12620 12619 12614
f 12621 12622 12619 12620
f 12617 12616 12619 12622
g interior
f 12547 12618 12623 12550
f 12617 12624 12623 12618
f 12625 12626 12623 12624
f 12551 12550 12623 12626
g exterior
f 12617 12622 12627 12624
f 12621 12628 12627 12622
f 12629 12630 12627 12628
f 12625 12624 12627 12630
g interior
f 12551 12626 12631 12554
f 12625 12632 12631 12626
f 12633 12634 12631 12632
f 12555 12554 12631 12634
g exterior
f 12625 12630 12635 12632
f 12629 12636 12635 12630
f 12637 12638 12635 12636
f 12633 12632 12635 12638
g interior
f 12555 12634 12639 12558
f 12633 12640 12639 12634
f 12641 12642 12639 12640
f 12559 12558 12639 12642
g exterior
f 12633 12638 12643 12640
f 12637 12644 12643 12638
f 12645 12646 12643 12644
f 12641 12640 12643 12646
g interior
f 12559 12642 12647 12562
f 12641 12648 12647 12642
f 12649 12650 12647 12648
f 12563 12562 12647 12650
g exterior
f 12641 12646 12651 12648
f 12645 12652 12651 12646
f 12653 12654 12651 12652
f 12649 12648 12651 12654
g interior
f 12563 12650 12655 12566
f 12649 12656 12655 12650
f 12657 12658 12655 12656
f 12567 12566 12655 12658
g exterior
f 12649 12654 12659 12656
f 12653 12660 12659 12654
f 12661 12662 12659 12660
f 12657 12656 12659 12662
g interior
f 12567 12658 12663 12570
f 12657 12664 12663 12658
f 12665 12666 12663 12664
f 12571 12570 12663 12666
g exterior
f 12657 12662 12667 12664
f 12661 12668 12667 12662
f 12669 12670 12667 12668
f 12665 12664 12667 12670
g interior
f 12571 12666 12671 12574
f 12665 12672 12671 12666
f 12575 12574 12671 12672
g exterior
f 12665 12670 12673 12672
f 12669 12674 12673 12670
f 12675 12676 12673 12674
f 12581 12579 12673 12676
f 12575 12672 12673 12579
f 12581 12676 12677 12588
f 12675 12678 12677 12676
f 12679 12680 12677 12678
f 12589 12588 12677 12680
f 12589 12680 12681 12594
f 12679 12682 12681 12680
f 5986 5983 12681 12682
f 5982 12594 12681 5983
f 5977 5976 12683 12604
f 5975 6011 12683 5976
f 6015 12684 12683 6011
f 12605 12604 12683 12684
f 12605 12684 12685 12612
f 6015 6014 12685 12684
f 6013 12686 12685 6014
f 12613 12612 12685 12686
f 12613 12686 12687 12620
f 6013 6017 12687 12686
f 6021 12688 12687 6017
f 12621 12620 12687 12688
f 12621 12688 12689 12628
f 6021 6020 12689 12688
f 6019 12690 12689 6020
f 12629 12628 12689 12690
f 12629 12690 12691 12636
f 6019 6023 12691 12690
f 6027 12692 12691 6023
f 12637 12636 12691 12692
f 12637 12692 12693 12644
f 6027 6026 12693 12692
f 6025 12694 12693 6026
f 12645 12644 12693 12694
f 12645 12694 12695 12652
f 6025 6029 12695 12694
f 6033 12696 12695 6029
f 12653 12652 12695 12696
f 12653 12696 12697 12660
f 6033 6032 12697 12696
f 6031 12698 12697 6032
f 12661 12660 12697 12698
f 12661 12698 12699 12668
f 6031 6035 12699 12698
f 6039 12700 12699 6035
f 12669 12668 12699 12700
f 12669 12700 12701 12674
f 6039 6038 12701 12700
f 6037 12702 12701 6038
f 12675 12674 12701 12702
f 12675 12702 12703 12678
f 6037 6041 12703 12702
f 6044 12704 12703 6041
f 12679 12678 12703 12704
f 12679 12704 12705 12682
f 6044 6043 12705 12704
f 5988 5987 12705 6043
f 5986 12682 12705 5987
