# all-quad mesh
v -0.2625 -0.2625 0
v -0.2296875 -0.259875 0
v -0.195544270833 -0.195544270833 0
v -0.259875 -0.2296875 0
v -0.196875 -0.25725 0
v -0.1640625 -0.259875 0
v -0.13125 -0.2625 0
v -0.13125 -0.196875 0
v -0.13125 -0.13125 0
v -0.196875 -0.13125 0
v -0.2625 -0.13125 0
v -0.259875 -0.1640625 0
v -0.25725 -0.196875 0
v -0.195571428571 -0.065625 0
v -0.259875 -0.0984375 0
v -0.13125 -0.065625 0
v -0.13125 0 0
v -0.196875 0 0
v -0.2625 0 0
v -0.259875 -0.0328125 0
v -0.25725 -0.065625 0
v -0.195571428571 0.065625 0
v -0.259875 0.0328125 0
v -0.13125 0.065625 0
v -0.13125 0.13125 0
v -0.196875 0.13125 0
v -0.2625 0.13125 0
v -0.259875 0.0984375 0
v -0.25725 0.065625 0
v -0.195544270833 0.195544270833 0
v -0.259875 0.1640625 0
v -0.13125 0.196875 0
v -0.13125 0.2625 0
v -0.1640625 0.259875 0
v -0.196875 0.25725 0
v -0.2296875 0.259875 0
v -0.2625 0.2625 0
v -0.259875 0.2296875 0
v -0.25725 0.196875 0
v -0.0984375 -0.259875 0
v -0.065625 -0.195571428571 0
v -0.065625 -0.25725 0
v -0.0328125 -0.259875 0
v -0 -0.2625 0
v 0 -0.196875 0
v 0 -0.13125 0
v -0.065625 -0.13125 0
v -0.065625 -0.065625 0
v 0 -0.065625 0
v 0 0 0
v -0.065625 0 0
v -0.065625 0.065625 0
v 0 0.065625 0
v 0 0.13125 0
v -0.065625 0.13125 0
v -0.065625 0.195571428571 0
v 0 0.196875 0
v 0 0.2625 0
v -0.0328125 0.259875 0
v -0.065625 0.25725 0
v -0.0984375 0.259875 0
v 0.0328125 -0.259875 0
v 0.0642942708333 -0.195544270833 0
v 0.065625 -0.25725 0
v 0.0984375 -0.259875 0
v 0.13125 -0.2625 0
v 0.128625 -0.2296875 0
v 0.126 -0.196875 0
v 0.128625 -0.1640625 0
v 0.13125 -0.13125 0
v 0.065625 -0.13125 0
v 0.0643214285714 -0.065625 0
v 0.128625 -0.0984375 0
v 0.126 -0.065625 0
v 0.128625 -0.0328125 0
v 0.13125 0 0
v 0.065625 0 0
v 0.0643214285714 0.065625 0
v 0.128625 0.0328125 0
v 0.126 0.065625 0
v 0.128625 0.0984375 0
v 0.13125 0.13125 0
v 0.065625 0.13125 0
v 0.0642942708333 0.195544270833 0
v 0.128625 0.1640625 0
v 0.126 0.196875 0
v 0.128625 0.2296875 0
v 0.13125 0.2625 0
v 0.0984375 0.259875 0
v 0.065625 0.25725 0
v 0.0328125 0.259875 0
v -0.590625 -0.459375 0
v -0.57421875 -0.4580625 0
v -0.557147135417 -0.425897135417 0
v -0.5893125 -0.44296875 0
v -0.5578125 -0.45675 0
v -0.54140625 -0.4580625 0
v -0.525 -0.459375 0
v -0.525 -0.4265625 0
v -0.525 -0.39375 0
v -0.5578125 -0.39375 0
v -0.590625 -0.39375 0
v -0.5893125 -0.41015625 0
v -0.588 -0.4265625 0
v -0.557147135417 -0.361602864583 0
v -0.5893125 -0.37734375 0
v -0.525 -0.3609375 0
v -0.525 -0.328125 0
v -0.54140625 -0.3294375 0
v -0.5578125 -0.33075 0
v -0.57421875 -0.3294375 0
v -0.590625 -0.328125 0
v -0.5893125 -0.34453125 0
v -0.588 -0.3609375 0
v -0.590625 0.328125 0
v -0.57421875 0.3294375 0
v -0.557147135417 0.361602864583 0
v -0.5893125 0.34453125 0
v -0.5578125 0.33075 0
v -0.54140625 0.3294375 0
v -0.525 0.328125 0
v -0.525 0.3609375 0
v -0.525 0.39375 0
v -0.5578125 0.39375 0
v -0.590625 0.39375 0
v -0.5893125 0.37734375 0
v -0.588 0.3609375 0
v -0.557147135417 0.425897135417 0
v -0.5893125 0.41015625 0
v -0.525 0.4265625 0
v -0.525 0.459375 0
v -0.54140625 0.4580625 0
v -0.5578125 0.45675 0
v -0.57421875 0.4580625 0
v -0.590625 0.459375 0
v -0.5893125 0.44296875 0
v -0.588 0.4265625 0
v -0.50859375 -0.4580625 0
v -0.492852864583 -0.425897135417 0
v -0.4921875 -0.45675 0
v -0.47578125 -0.4580625 0
v -0.459375 -0.459375 0
v -0.4606875 -0.44296875 0
v -0.462 -0.4265625 0
v -0.4606875 -0.41015625 0
v -0.459375 -0.39375 0
v -0.4921875 -0.39375 0
v -0.4921875 -0.3609375 0
v -0.459375 -0.3609375 0
v -0.459375 -0.328125 0
v -0.4921875 -0.328125 0
v -0.491522135417 -0.295977864583 0
v -0.5236875 -0.31171875 0
v -0.459375 -0.2953125 0
v -0.459375 -0.2625 0
v -0.47578125 -0.2638125 0
v -0.4921875 -0.265125 0
v -0.50859375 -0.2638125 0
v -0.525 -0.2625 0
v -0.5236875 -0.27890625 0
v -0.522375 -0.2953125 0
v -0.525 0.2625 0
v -0.50859375 0.2638125 0
v -0.491522135417 0.295977864583 0
v -0.5236875 0.27890625 0
v -0.4921875 0.265125 0
v -0.47578125 0.2638125 0
v -0.459375 0.2625 0
v -0.459375 0.2953125 0
v -0.459375 0.328125 0
v -0.4921875 0.328125 0
v -0.5236875 0.31171875 0
v -0.522375 0.2953125 0
v -0.4921875 0.3609375 0
v -0.459375 0.3609375 0
v -0.459375 0.39375 0
v -0.4921875 0.39375 0
v -0.492852864583 0.425897135417 0
v -0.4606875 0.41015625 0
v -0.462 0.4265625 0
v -0.4606875 0.44296875 0
v -0.459375 0.459375 0
v -0.47578125 0.4580625 0
v -0.4921875 0.45675 0
v -0.50859375 0.4580625 0
v -0.44296875 -0.3924375 0
v -0.4265625 -0.360285714286 0
v -0.4265625 -0.391125 0
v -0.41015625 -0.3924375 0
v -0.39375 -0.39375 0
v -0.39375 -0.3609375 0
v -0.39375 -0.328125 0
v -0.4265625 -0.328125 0
v -0.4265625 -0.2953125 0
v -0.39375 -0.2953125 0
v -0.39375 -0.2625 0
v -0.4265625 -0.2625 0
v -0.425897135417 -0.230352864583 0
v -0.4580625 -0.24609375 0
v -0.39375 -0.2296875 0
v -0.39375 -0.196875 0
v -0.41015625 -0.1981875 0
v -0.4265625 -0.1995 0
v -0.44296875 -0.1981875 0
v -0.459375 -0.196875 0
v -0.4580625 -0.21328125 0
v -0.45675 -0.2296875 0
v -0.459375 0.196875 0
v -0.44296875 0.1981875 0
v -0.425897135417 0.230352864583 0
v -0.4580625 0.21328125 0
v -0.4265625 0.1995 0
v -0.41015625 0.1981875 0
v -0.39375 0.196875 0
v -0.39375 0.2296875 0
v -0.39375 0.2625 0
v -0.4265625 0.2625 0
v -0.4580625 0.24609375 0
v -0.45675 0.2296875 0
v -0.4265625 0.2953125 0
v -0.39375 0.2953125 0
v -0.39375 0.328125 0
v -0.4265625 0.328125 0
v -0.4265625 0.360285714286 0
v -0.39375 0.3609375 0
v -0.39375 0.39375 0
v -0.41015625 0.3924375 0
v -0.4265625 0.391125 0
v -0.44296875 0.3924375 0
v -0.37734375 -0.3924375 0
v -0.361602864583 -0.360272135417 0
v -0.3609375 -0.391125 0
v -0.34453125 -0.3924375 0
v -0.328125 -0.39375 0
v -0.3294375 -0.37734375 0
v -0.33075 -0.3609375 0
v -0.3294375 -0.34453125 0
v -0.328125 -0.328125 0
v -0.3609375 -0.328125 0
v -0.3609375 -0.2953125 0
v -0.328125 -0.2953125 0
v -0.328125 -0.2625 0
v -0.3609375 -0.2625 0
v -0.3609375 -0.2296875 0
v -0.328125 -0.2296875 0
v -0.328125 -0.196875 0
v -0.3609375 -0.196875 0
v -0.360272135417 -0.164727864583 0
v -0.3924375 -0.18046875 0
v -0.328125 -0.1640625 0
v -0.328125 -0.13125 0
v -0.34453125 -0.1325625 0
v -0.3609375 -0.133875 0
v -0.37734375 -0.1325625 0
v -0.39375 -0.13125 0
v -0.3924375 -0.14765625 0
v -0.391125 -0.1640625 0
v -0.39375 0.13125 0
v -0.37734375 0.1325625 0
v -0.360272135417 0.164727864583 0
v -0.3924375 0.14765625 0
v -0.3609375 0.133875 0
v -0.34453125 0.1325625 0
v -0.328125 0.13125 0
v -0.328125 0.1640625 0
v -0.328125 0.196875 0
v -0.3609375 0.196875 0
v -0.3924375 0.18046875 0
v -0.391125 0.1640625 0
v -0.3609375 0.2296875 0
v -0.328125 0.2296875 0
v -0.328125 0.2625 0
v -0.3609375 0.2625 0
v -0.3609375 0.2953125 0
v -0.328125 0.2953125 0
v -0.328125 0.328125 0
v -0.3609375 0.328125 0
v -0.361602864583 0.360272135417 0
v -0.3294375 0.34453125 0
v -0.33075 0.3609375 0
v -0.3294375 0.37734375 0
v -0.328125 0.39375 0
v -0.34453125 0.3924375 0
v -0.3609375 0.391125 0
v -0.37734375 0.3924375 0
v -0.31171875 -0.3268125 0
v -0.2953125 -0.294660714286 0
v -0.2953125 -0.3255 0
v -0.27890625 -0.3268125 0
v -0.2625 -0.328125 0
v -0.2625 -0.2953125 0
v -0.2953125 -0.2625 0
v -0.293983173077 -0.229266826923 0
v -0.2926875 -0.196875 0
v -0.293983173077 -0.164483173077 0
v -0.2953125 -0.13125 0
v -0.293330882353 -0.0980085784314 0
v -0.3268125 -0.11484375 0
v -0.2926875 -0.065625 0
v -0.328125 -0.065625 0
v -0.3268125 -0.08203125 0
v -0.3255 -0.0984375 0
v -0.293330882353 -0.0332414215686 0
v -0.3268125 -0.04921875 0
v -0.2953125 0 0
v -0.328125 0 0
v -0.3268125 -0.01640625 0
v -0.3255 -0.0328125 0
v -0.293330882353 0.0332414215686 0
v -0.3268125 0.01640625 0
v -0.2926875 0.065625 0
v -0.328125 0.065625 0
v -0.3268125 0.04921875 0
v -0.3255 0.0328125 0
v -0.293330882353 0.0980085784314 0
v -0.3268125 0.08203125 0
v -0.2953125 0.13125 0
v -0.3268125 0.11484375 0
v -0.3255 0.0984375 0
v -0.293983173077 0.164483173077 0
v -0.2926875 0.196875 0
v -0.293983173077 0.229266826923 0
v -0.2953125 0.2625 0
v -0.2953125 0.294660714286 0
v -0.2625 0.2953125 0
v -0.2625 0.328125 0
v -0.27890625 0.3268125 0
v -0.2953125 0.3255 0
v -0.31171875 0.3268125 0
v -0.24609375 -0.3268125 0
v -0.229258578431 -0.293330882353 0
v -0.2296875 -0.3255 0
v -0.21328125 -0.3268125 0
v -0.196875 -0.328125 0
v -0.196875 -0.2926875 0
v -0.229258578431 0.293330882353 0
v -0.196875 0.2926875 0
v -0.196875 0.328125 0
v -0.21328125 0.3268125 0
v -0.2296875 0.3255 0
v -0.24609375 0.3268125 0
v -0.18046875 -0.3268125 0
v -0.164491421569 -0.293330882353 0
v -0.1640625 -0.3255 0
v -0.14765625 -0.3268125 0
v -0.13125 -0.328125 0
v -0.13125 -0.2953125 0
v -0.164491421569 0.293330882353 0
v -0.13125 0.2953125 0
v -0.13125 0.328125 0
v -0.14765625 0.3268125 0
v -0.1640625 0.3255 0
v -0.18046875 0.3268125 0
v -0.11484375 -0.3268125 0
v -0.0980085784314 -0.293330882353 0
v -0.0984375 -0.3255 0
v -0.08203125 -0.3268125 0
v -0.065625 -0.328125 0
v -0.065625 -0.2926875 0
v -0.0980085784314 0.293330882353 0
v -0.065625 0.2926875 0
v -0.065625 0.328125 0
v -0.08203125 0.3268125 0
v -0.0984375 0.3255 0
v -0.11484375 0.3268125 0
v -0.04921875 -0.3268125 0
v -0.0332414215686 -0.293330882353 0
v -0.0328125 -0.3255 0
v -0.01640625 -0.3268125 0
v -0 -0.328125 0
v -0 -0.2953125 0
v -0.0332414215686 0.293330882353 0
v 0 0.2953125 0
v -0 0.328125 0
v -0.01640625 0.3268125 0
v -0.0328125 0.3255 0
v -0.04921875 0.3268125 0
v 0 -0.459375 0
v 0.01640625 -0.4580625 0
v 0.0334778645833 -0.425897135417 0
v 0.0013125 -0.44296875 0
v 0.0328125 -0.45675 0
v 0.04921875 -0.4580625 0
v 0.065625 -0.459375 0
v 0.065625 -0.4265625 0
v 0.065625 -0.39375 0
v 0.0328125 -0.39375 0
v 0 -0.39375 0
v 0.0013125 -0.41015625 0
v 0.002625 -0.4265625 0
v 0.0334642857143 -0.3609375 0
v 0.0013125 -0.37734375 0
v 0.065625 -0.3609375 0
v 0.065625 -0.328125 0
v 0.0328125 -0.328125 0
v 0.0013125 -0.34453125 0
v 0.002625 -0.3609375 0
v 0.0332331730769 -0.293983173077 0
v 0.065625 -0.2926875 0
v 0.0332331730769 0.293983173077 0
v 0.065625 0.2926875 0
v 0.065625 0.328125 0
v 0.0328125 0.328125 0
v 0.0334642857143 0.3609375 0
v 0.0013125 0.34453125 0
v 0.065625 0.3609375 0
v 0.065625 0.39375 0
v 0.0328125 0.39375 0
v 0 0.39375 0
v 0.0013125 0.37734375 0
v 0.002625 0.3609375 0
v 0.0334778645833 0.425897135417 0
v 0.0013125 0.41015625 0
v 0.065625 0.4265625 0
v 0.065625 0.459375 0
v 0.04921875 0.4580625 0
v 0.0328125 0.45675 0
v 0.01640625 0.4580625 0
v 0 0.459375 0
v 0.0013125 0.44296875 0
v 0.002625 0.4265625 0
v 0.065625 -0.590625 0
v 0.08203125 -0.5893125 0
v 0.0991028645833 -0.557147135417 0
v 0.0669375 -0.57421875 0
v 0.0984375 -0.588 0
v 0.11484375 -0.5893125 0
v 0.13125 -0.590625 0
v 0.13125 -0.5578125 0
v 0.13125 -0.525 0
v 0.0984375 -0.525 0
v 0.065625 -0.525 0
v 0.0669375 -0.54140625 0
v 0.06825 -0.5578125 0
v 0.0990892857143 -0.4921875 0
v 0.0669375 -0.50859375 0
v 0.13125 -0.4921875 0
v 0.13125 -0.459375 0
v 0.0984375 -0.459375 0
v 0.0669375 -0.47578125 0
v 0.06825 -0.4921875 0
v 0.0984375 -0.4265625 0
v 0.13125 -0.4265625 0
v 0.13125 -0.39375 0
v 0.0984375 -0.39375 0
v 0.0984375 -0.3609375 0
v 0.13125 -0.3609375 0
v 0.13125 -0.328125 0
v 0.0984375 -0.328125 0
v 0.0980168269231 -0.293983173077 0
v 0.13125 -0.2953125 0
v 0.0980168269231 0.293983173077 0
v 0.13125 0.2953125 0
v 0.13125 0.328125 0
v 0.0984375 0.328125 0
v 0.0984375 0.3609375 0
v 0.13125 0.3609375 0
v 0.13125 0.39375 0
v 0.0984375 0.39375 0
v 0.0984375 0.4265625 0
v 0.13125 0.4265625 0
v 0.13125 0.459375 0
v 0.0984375 0.459375 0
v 0.0990892857143 0.4921875 0
v 0.0669375 0.47578125 0
v 0.13125 0.4921875 0
v 0.13125 0.525 0
v 0.0984375 0.525 0
v 0.065625 0.525 0
v 0.0669375 0.50859375 0
v 0.06825 0.4921875 0
v 0.0991028645833 0.557147135417 0
v 0.0669375 0.54140625 0
v 0.13125 0.5578125 0
v 0.13125 0.590625 0
v 0.11484375 0.5893125 0
v 0.0984375 0.588 0
v 0.08203125 0.5893125 0
v 0.065625 0.590625 0
v 0.0669375 0.57421875 0
v 0.06825 0.5578125 0
v 0.13125 -0.65625 0
v 0.14765625 -0.6549375 0
v 0.164727864583 -0.622772135417 0
v 0.1325625 -0.63984375 0
v 0.1640625 -0.653625 0
v 0.18046875 -0.6549375 0
v 0.196875 -0.65625 0
v 0.196875 -0.6234375 0
v 0.196875 -0.590625 0
v 0.1640625 -0.590625 0
v 0.1325625 -0.60703125 0
v 0.133875 -0.6234375 0
v 0.1640625 -0.5578125 0
v 0.196875 -0.5578125 0
v 0.196875 -0.525 0
v 0.1640625 -0.525 0
v 0.1640625 -0.4921875 0
v 0.196875 -0.4921875 0
v 0.196875 -0.459375 0
v 0.1640625 -0.459375 0
v 0.1640625 -0.4265625 0
v 0.196875 -0.4265625 0
v 0.196875 -0.39375 0
v 0.1640625 -0.39375 0
v 0.1640625 -0.3609375 0
v 0.196875 -0.3609375 0
v 0.196875 -0.328125 0
v 0.1640625 -0.328125 0
v 0.1640625 -0.2953125 0
v 0.196875 -0.2953125 0
v 0.196875 -0.2625 0
v 0.1640625 -0.2625 0
v 0.162733173077 -0.229266826923 0
v 0.196875 -0.2296875 0
v 0.196875 -0.196875 0
v 0.1614375 -0.196875 0
v 0.162733173077 -0.164483173077 0
v 0.196875 -0.1640625 0
v 0.196875 -0.13125 0
v 0.1640625 -0.13125 0
v 0.162733173077 -0.0980168269231 0
v 0.196875 -0.0984375 0
v 0.196875 -0.065625 0
v 0.1614375 -0.065625 0
v 0.162733173077 -0.0332331730769 0
v 0.196875 -0.0328125 0
v 0.196875 0 0
v 0.1640625 0 0
v 0.162733173077 0.0332331730769 0
v 0.196875 0.0328125 0
v 0.196875 0.065625 0
v 0.1614375 0.065625 0
v 0.162733173077 0.0980168269231 0
v 0.196875 0.0984375 0
v 0.196875 0.13125 0
v 0.1640625 0.13125 0
v 0.162733173077 0.164483173077 0
v 0.196875 0.1640625 0
v 0.196875 0.196875 0
v 0.1614375 0.196875 0
v 0.162733173077 0.229266826923 0
v 0.196875 0.2296875 0
v 0.196875 0.2625 0
v 0.1640625 0.2625 0
v 0.1640625 0.2953125 0
v 0.196875 0.2953125 0
v 0.196875 0.328125 0
v 0.1640625 0.328125 0
v 0.1640625 0.3609375 0
v 0.196875 0.3609375 0
v 0.196875 0.39375 0
v 0.1640625 0.39375 0
v 0.1640625 0.4265625 0
v 0.196875 0.4265625 0
v 0.196875 0.459375 0
v 0.1640625 0.459375 0
v 0.1640625 0.4921875 0
v 0.196875 0.4921875 0
v 0.196875 0.525 0
v 0.1640625 0.525 0
v 0.1640625 0.5578125 0
v 0.196875 0.5578125 0
v 0.196875 0.590625 0
v 0.1640625 0.590625 0
v 0.164727864583 0.622772135417 0
v 0.1325625 0.60703125 0
v 0.196875 0.6234375 0
v 0.196875 0.65625 0
v 0.18046875 0.6549375 0
v 0.1640625 0.653625 0
v 0.14765625 0.6549375 0
v 0.13125 0.65625 0
v 0.1325625 0.63984375 0
v 0.133875 0.6234375 0
v 0.21328125 -0.6549375 0
v 0.229022135417 -0.622772135417 0
v 0.2296875 -0.653625 0
v 0.24609375 -0.6549375 0
v 0.2625 -0.65625 0
v 0.2611875 -0.63984375 0
v 0.259875 -0.6234375 0
v 0.2611875 -0.60703125 0
v 0.2625 -0.590625 0
v 0.2296875 -0.590625 0
v 0.229035714286 -0.5578125 0
v 0.2611875 -0.57421875 0
v 0.259875 -0.5578125 0
v 0.2611875 -0.54140625 0
v 0.2625 -0.525 0
v 0.2296875 -0.525 0
v 0.229035714286 -0.4921875 0
v 0.2611875 -0.50859375 0
v 0.259875 -0.4921875 0
v 0.2611875 -0.47578125 0
v 0.2625 -0.459375 0
v 0.2296875 -0.459375 0
v 0.229035714286 -0.4265625 0
v 0.2611875 -0.44296875 0
v 0.259875 -0.4265625 0
v 0.2611875 -0.41015625 0
v 0.2625 -0.39375 0
v 0.2296875 -0.39375 0
v 0.229035714286 -0.3609375 0
v 0.2611875 -0.37734375 0
v 0.259875 -0.3609375 0
v 0.2611875 -0.34453125 0
v 0.2625 -0.328125 0
v 0.2296875 -0.328125 0
v 0.229035714286 -0.2953125 0
v 0.2611875 -0.31171875 0
v 0.259875 -0.2953125 0
v 0.2611875 -0.27890625 0
v 0.2625 -0.2625 0
v 0.2296875 -0.2625 0
v 0.229035714286 -0.2296875 0
v 0.2611875 -0.24609375 0
v 0.259875 -0.2296875 0
v 0.2611875 -0.21328125 0
v 0.2625 -0.196875 0
v 0.2296875 -0.196875 0
v 0.229035714286 -0.1640625 0
v 0.2611875 -0.18046875 0
v 0.259875 -0.1640625 0
v 0.2611875 -0.14765625 0
v 0.2625 -0.13125 0
v 0.2296875 -0.13125 0
v 0.2296875 -0.0984375 0
v 0.2625 -0.0984375 0
v 0.2625 -0.065625 0
v 0.2296875 -0.065625 0
v 0.2296875 -0.0328125 0
v 0.2625 -0.0328125 0
v 0.2625 0 0
v 0.2296875 0 0
v 0.2296875 0.0328125 0
v 0.2625 0.0328125 0
v 0.2625 0.065625 0
v 0.2296875 0.065625 0
v 0.2296875 0.0984375 0
v 0.2625 0.0984375 0
v 0.2625 0.13125 0
v 0.2296875 0.13125 0
v 0.229035714286 0.1640625 0
v 0.2611875 0.14765625 0
v 0.259875 0.1640625 0
v 0.2611875 0.18046875 0
v 0.2625 0.196875 0
v 0.2296875 0.196875 0
v 0.229035714286 0.2296875 0
v 0.2611875 0.21328125 0
v 0.259875 0.2296875 0
v 0.2611875 0.24609375 0
v 0.2625 0.2625 0
v 0.2296875 0.2625 0
v 0.229035714286 0.2953125 0
v 0.2611875 0.27890625 0
v 0.259875 0.2953125 0
v 0.2611875 0.31171875 0
v 0.2625 0.328125 0
v 0.2296875 0.328125 0
v 0.229035714286 0.3609375 0
v 0.2611875 0.34453125 0
v 0.259875 0.3609375 0
v 0.2611875 0.37734375 0
v 0.2625 0.39375 0
v 0.2296875 0.39375 0
v 0.229035714286 0.4265625 0
v 0.2611875 0.41015625 0
v 0.259875 0.4265625 0
v 0.2611875 0.44296875 0
v 0.2625 0.459375 0
v 0.2296875 0.459375 0
v 0.229035714286 0.4921875 0
v 0.2611875 0.47578125 0
v 0.259875 0.4921875 0
v 0.2611875 0.50859375 0
v 0.2625 0.525 0
v 0.2296875 0.525 0
v 0.229035714286 0.5578125 0
v 0.2611875 0.54140625 0
v 0.259875 0.5578125 0
v 0.2611875 0.57421875 0
v 0.2625 0.590625 0
v 0.2296875 0.590625 0
v 0.229022135417 0.622772135417 0
v 0.2611875 0.60703125 0
v 0.259875 0.6234375 0
v 0.2611875 0.63984375 0
v 0.2625 0.65625 0
v 0.24609375 0.6549375 0
v 0.2296875 0.653625 0
v 0.21328125 0.6549375 0
v 0.27890625 -0.1299375 0
v 0.2953125 -0.0977857142857 0
v 0.2953125 -0.128625 0
v 0.31171875 -0.1299375 0
v 0.328125 -0.13125 0
v 0.328125 -0.0984375 0
v 0.328125 -0.065625 0
v 0.2953125 -0.065625 0
v 0.2953125 -0.0328125 0
v 0.328125 -0.0328125 0
v 0.328125 0 0
v 0.2953125 0 0
v 0.2953125 0.0328125 0
v 0.328125 0.0328125 0
v 0.328125 0.065625 0
v 0.2953125 0.065625 0
v 0.2953125 0.0977857142857 0
v 0.328125 0.0984375 0
v 0.328125 0.13125 0
v 0.31171875 0.1299375 0
v 0.2953125 0.128625 0
v 0.27890625 0.1299375 0
v 0.34453125 -0.1299375 0
v 0.3609375 -0.0977857142857 0
v 0.3609375 -0.128625 0
v 0.37734375 -0.1299375 0
v 0.39375 -0.13125 0
v 0.39375 -0.0984375 0
v 0.39375 -0.065625 0
v 0.3609375 -0.065625 0
v 0.3609375 -0.0328125 0
v 0.39375 -0.0328125 0
v 0.39375 0 0
v 0.3609375 0 0
v 0.3609375 0.0328125 0
v 0.39375 0.0328125 0
v 0.39375 0.065625 0
v 0.3609375 0.065625 0
v 0.3609375 0.0977857142857 0
v 0.39375 0.0984375 0
v 0.39375 0.13125 0
v 0.37734375 0.1299375 0
v 0.3609375 0.128625 0
v 0.34453125 0.1299375 0
v 0.41015625 -0.1299375 0
v 0.4265625 -0.0977857142857 0
v 0.4265625 -0.128625 0
v 0.44296875 -0.1299375 0
v 0.459375 -0.13125 0
v 0.459375 -0.0984375 0
v 0.459375 -0.065625 0
v 0.4265625 -0.065625 0
v 0.4265625 -0.0328125 0
v 0.459375 -0.0328125 0
v 0.459375 0 0
v 0.4265625 0 0
v 0.4265625 0.0328125 0
v 0.459375 0.0328125 0
v 0.459375 0.065625 0
v 0.4265625 0.065625 0
v 0.4265625 0.0977857142857 0
v 0.459375 0.0984375 0
v 0.459375 0.13125 0
v 0.44296875 0.1299375 0
v 0.4265625 0.128625 0
v 0.41015625 0.1299375 0
v 0.47578125 -0.1299375 0
v 0.4921875 -0.0977857142857 0
v 0.4921875 -0.128625 0
v 0.50859375 -0.1299375 0
v 0.525 -0.13125 0
v 0.525 -0.0984375 0
v 0.525 -0.065625 0
v 0.4921875 -0.065625 0
v 0.4921875 -0.0328125 0
v 0.525 -0.0328125 0
v 0.525 -0 0
v 0.4921875 0 0
v 0.4921875 0.0328125 0
v 0.525 0.0328125 0
v 0.525 0.065625 0
v 0.4921875 0.065625 0
v 0.4921875 0.0977857142857 0
v 0.525 0.0984375 0
v 0.525 0.13125 0
v 0.50859375 0.1299375 0
v 0.4921875 0.128625 0
v 0.47578125 0.1299375 0
v 0.54140625 -0.1299375 0
v 0.557147135417 -0.0977721354167 0
v 0.5578125 -0.128625 0
v 0.57421875 -0.1299375 0
v 0.590625 -0.13125 0
v 0.5893125 -0.11484375 0
v 0.588 -0.0984375 0
v 0.5893125 -0.08203125 0
v 0.590625 -0.065625 0
v 0.5578125 -0.065625 0
v 0.5578125 -0.0328125 0
v 0.590625 -0.0328125 0
v 0.590625 -0 0
v 0.5578125 -0 0
v 0.5578125 0.0328125 0
v 0.590625 0.0328125 0
v 0.590625 0.065625 0
v 0.5578125 0.065625 0
v 0.557147135417 0.0977721354167 0
v 0.5893125 0.08203125 0
v 0.588 0.0984375 0
v 0.5893125 0.11484375 0
v 0.590625 0.13125 0
v 0.57421875 0.1299375 0
v 0.5578125 0.128625 0
v 0.54140625 0.1299375 0
v 0.60703125 -0.0643125 0
v 0.6234375 -0.0321607142857 0
v 0.6234375 -0.063 0
v 0.63984375 -0.0643125 0
v 0.65625 -0.065625 0
v 0.65625 -0.0328125 0
v 0.65625 -0 0
v 0.6234375 -0 0
v 0.6234375 0.0321607142857 0
v 0.65625 0.0328125 0
v 0.65625 0.065625 0
v 0.63984375 0.0643125 0
v 0.6234375 0.063 0
v 0.60703125 0.0643125 0
v 0.67265625 -0.0643125 0
v 0.688397135417 -0.0321471354167 0
v 0.6890625 -0.063 0
v 0.70546875 -0.0643125 0
v 0.721875 -0.065625 0
v 0.7205625 -0.04921875 0
v 0.71925 -0.0328125 0
v 0.7205625 -0.01640625 0
v 0.721875 0 0
v 0.6890625 0 0
v 0.688397135417 0.0321471354167 0
v 0.7205625 0.01640625 0
v 0.71925 0.0328125 0
v 0.7205625 0.04921875 0
v 0.721875 0.065625 0
v 0.70546875 0.0643125 0
v 0.6890625 0.063 0
v 0.67265625 0.0643125 0
v -0.65625 -0.459375 0
v -0.648046875 -0.45871875 0
v -0.639511067708 -0.442636067708 0
v -0.65559375 -0.451171875 0
v -0.63984375 -0.4580625 0
v -0.631640625 -0.45871875 0
v -0.6234375 -0.459375 0
v -0.6234375 -0.44296875 0
v -0.6234375 -0.4265625 0
v -0.63984375 -0.4265625 0
v -0.65625 -0.4265625 0
v -0.65559375 -0.434765625 0
v -0.6549375 -0.44296875 0
v -0.639517857143 -0.41015625 0
v -0.65559375 -0.418359375 0
v -0.6234375 -0.41015625 0
v -0.6234375 -0.39375 0
v -0.63984375 -0.39375 0
v -0.65625 -0.39375 0
v -0.65559375 -0.401953125 0
v -0.6549375 -0.41015625 0
v -0.639517857143 -0.37734375 0
v -0.65559375 -0.385546875 0
v -0.6234375 -0.37734375 0
v -0.6234375 -0.3609375 0
v -0.63984375 -0.3609375 0
v -0.65625 -0.3609375 0
v -0.65559375 -0.369140625 0
v -0.6549375 -0.37734375 0
v -0.639511067708 -0.344863932292 0
v -0.65559375 -0.352734375 0
v -0.6234375 -0.34453125 0
v -0.6234375 -0.328125 0
v -0.631640625 -0.32878125 0
v -0.63984375 -0.3294375 0
v -0.648046875 -0.32878125 0
v -0.65625 -0.328125 0
v -0.65559375 -0.336328125 0
v -0.6549375 -0.34453125 0
v -0.65625 0.328125 0
v -0.648046875 0.32878125 0
v -0.639511067708 0.344863932292 0
v -0.65559375 0.336328125 0
v -0.63984375 0.3294375 0
v -0.631640625 0.32878125 0
v -0.6234375 0.328125 0
v -0.6234375 0.34453125 0
v -0.6234375 0.3609375 0
v -0.63984375 0.3609375 0
v -0.65625 0.3609375 0
v -0.65559375 0.352734375 0
v -0.6549375 0.34453125 0
v -0.639517857143 0.37734375 0
v -0.65559375 0.369140625 0
v -0.6234375 0.37734375 0
v -0.6234375 0.39375 0
v -0.63984375 0.39375 0
v -0.65625 0.39375 0
v -0.65559375 0.385546875 0
v -0.6549375 0.37734375 0
v -0.639517857143 0.41015625 0
v -0.65559375 0.401953125 0
v -0.6234375 0.41015625 0
v -0.6234375 0.4265625 0
v -0.63984375 0.4265625 0
v -0.65625 0.4265625 0
v -0.65559375 0.418359375 0
v -0.6549375 0.41015625 0
v -0.639511067708 0.442636067708 0
v -0.65559375 0.434765625 0
v -0.6234375 0.44296875 0
v -0.6234375 0.459375 0
v -0.631640625 0.45871875 0
v -0.63984375 0.4580625 0
v -0.648046875 0.45871875 0
v -0.65625 0.459375 0
v -0.65559375 0.451171875 0
v -0.6549375 0.44296875 0
v -0.6234375 -0.4921875 0
v -0.615234375 -0.49153125 0
v -0.606698567708 -0.475448567708 0
v -0.62278125 -0.483984375 0
v -0.60703125 -0.490875 0
v -0.598828125 -0.49153125 0
v -0.590625 -0.4921875 0
v -0.590625 -0.47578125 0
v -0.60703125 -0.459375 0
v -0.62278125 -0.467578125 0
v -0.622125 -0.47578125 0
v -0.606366586538 -0.442758413462 0
v -0.60571875 -0.4265625 0
v -0.606366586538 -0.410366586538 0
v -0.60703125 -0.39375 0
v -0.606366586538 -0.377133413462 0
v -0.60571875 -0.3609375 0
v -0.606366586538 -0.344741586538 0
v -0.60703125 -0.328125 0
v -0.606705357143 -0.31171875 0
v -0.62278125 -0.319921875 0
v -0.590625 -0.31171875 0
v -0.590625 -0.2953125 0
v -0.60703125 -0.2953125 0
v -0.6234375 -0.2953125 0
v -0.62278125 -0.303515625 0
v -0.622125 -0.31171875 0
v -0.606698567708 -0.279238932292 0
v -0.62278125 -0.287109375 0
v -0.590625 -0.27890625 0
v -0.590625 -0.2625 0
v -0.598828125 -0.26315625 0
v -0.60703125 -0.2638125 0
v -0.615234375 -0.26315625 0
v -0.6234375 -0.2625 0
v -0.62278125 -0.270703125 0
v -0.622125 -0.27890625 0
v -0.6234375 0.2625 0
v -0.615234375 0.26315625 0
v -0.606698567708 0.279238932292 0
v -0.62278125 0.270703125 0
v -0.60703125 0.2638125 0
v -0.598828125 0.26315625 0
v -0.590625 0.2625 0
v -0.590625 0.27890625 0
v -0.590625 0.2953125 0
v -0.60703125 0.2953125 0
v -0.6234375 0.2953125 0
v -0.62278125 0.287109375 0
v -0.622125 0.27890625 0
v -0.606705357143 0.31171875 0
v -0.62278125 0.303515625 0
v -0.590625 0.31171875 0
v -0.60703125 0.328125 0
v -0.62278125 0.319921875 0
v -0.622125 0.31171875 0
v -0.606366586538 0.344741586538 0
v -0.60571875 0.3609375 0
v -0.606366586538 0.377133413462 0
v -0.60703125 0.39375 0
v -0.606366586538 0.410366586538 0
v -0.60571875 0.4265625 0
v -0.606366586538 0.442758413462 0
v -0.60703125 0.459375 0
v -0.606698567708 0.475448567708 0
v -0.62278125 0.467578125 0
v -0.590625 0.47578125 0
v -0.590625 0.4921875 0
v -0.598828125 0.49153125 0
v -0.60703125 0.490875 0
v -0.615234375 0.49153125 0
v -0.6234375 0.4921875 0
v -0.62278125 0.483984375 0
v -0.622125 0.47578125 0
v -0.582421875 -0.49153125 0
v -0.574004289216 -0.474790441177 0
v -0.57421875 -0.490875 0
v -0.566015625 -0.49153125 0
v -0.5578125 -0.4921875 0
v -0.5578125 -0.47446875 0
v -0.574008413462 -0.312383413462 0
v -0.5578125 -0.31303125 0
v -0.5578125 -0.2953125 0
v -0.57421875 -0.2953125 0
v -0.57421875 -0.27890625 0
v -0.5578125 -0.27890625 0
v -0.5578125 -0.2625 0
v -0.57421875 -0.2625 0
v -0.573886067708 -0.246426432292 0
v -0.58996875 -0.254296875 0
v -0.5578125 -0.24609375 0
v -0.5578125 -0.2296875 0
v -0.566015625 -0.23034375 0
v -0.57421875 -0.231 0
v -0.582421875 -0.23034375 0
v -0.590625 -0.2296875 0
v -0.58996875 -0.237890625 0
v -0.5893125 -0.24609375 0
v -0.590625 0.2296875 0
v -0.582421875 0.23034375 0
v -0.573886067708 0.246426432292 0
v -0.58996875 0.237890625 0
v -0.57421875 0.231 0
v -0.566015625 0.23034375 0
v -0.5578125 0.2296875 0
v -0.5578125 0.24609375 0
v -0.5578125 0.2625 0
v -0.57421875 0.2625 0
v -0.58996875 0.254296875 0
v -0.5893125 0.24609375 0
v -0.57421875 0.27890625 0
v -0.5578125 0.27890625 0
v -0.5578125 0.2953125 0
v -0.57421875 0.2953125 0
v -0.574008413462 0.312383413462 0
v -0.5578125 0.31303125 0
v -0.574004289216 0.474790441177 0
v -0.5578125 0.47446875 0
v -0.5578125 0.4921875 0
v -0.566015625 0.49153125 0
v -0.57421875 0.490875 0
v -0.582421875 0.49153125 0
v -0.549609375 -0.49153125 0
v -0.541620710784 -0.474790441176 0
v -0.54140625 -0.490875 0
v -0.533203125 -0.49153125 0
v -0.525 -0.4921875 0
v -0.525 -0.47578125 0
v -0.54096875 -0.31215625 0
v -0.54009375 -0.2953125 0
v -0.540741586538 -0.279116586538 0
v -0.54140625 -0.2625 0
v -0.54140625 -0.24609375 0
v -0.525 -0.24609375 0
v -0.525 -0.2296875 0
v -0.54140625 -0.2296875 0
v -0.541073567708 -0.213613932292 0
v -0.55715625 -0.221484375 0
v -0.525 -0.21328125 0
v -0.525 -0.196875 0
v -0.533203125 -0.19753125 0
v -0.54140625 -0.1981875 0
v -0.549609375 -0.19753125 0
v -0.5578125 -0.196875 0
v -0.55715625 -0.205078125 0
v -0.5565 -0.21328125 0
v -0.5578125 0.196875 0
v -0.549609375 0.19753125 0
v -0.541073567708 0.213613932292 0
v -0.55715625 0.205078125 0
v -0.54140625 0.1981875 0
v -0.533203125 0.19753125 0
v -0.525 0.196875 0
v -0.525 0.21328125 0
v -0.525 0.2296875 0
v -0.54140625 0.2296875 0
v -0.55715625 0.221484375 0
v -0.5565 0.21328125 0
v -0.54140625 0.24609375 0
v -0.525 0.24609375 0
v -0.54140625 0.2625 0
v -0.540741586538 0.279116586538 0
v -0.54009375 0.2953125 0
v -0.54096875 0.31215625 0
v -0.541620710784 0.474790441176 0
v -0.525 0.47578125 0
v -0.525 0.4921875 0
v -0.533203125 0.49153125 0
v -0.54140625 0.490875 0
v -0.549609375 0.49153125 0
v -0.516796875 -0.49153125 0
v -0.508379289216 -0.474790441176 0
v -0.50859375 -0.490875 0
v -0.500390625 -0.49153125 0
v -0.4921875 -0.4921875 0
v -0.4921875 -0.47446875 0
v -0.508383413462 -0.246758413462 0
v -0.4921875 -0.24740625 0
v -0.4921875 -0.2296875 0
v -0.50859375 -0.2296875 0
v -0.50859375 -0.21328125 0
v -0.4921875 -0.21328125 0
v -0.4921875 -0.196875 0
v -0.50859375 -0.196875 0
v -0.508261067708 -0.180801432292 0
v -0.52434375 -0.188671875 0
v -0.4921875 -0.18046875 0
v -0.4921875 -0.1640625 0
v -0.500390625 -0.16471875 0
v -0.50859375 -0.165375 0
v -0.516796875 -0.16471875 0
v -0.525 -0.1640625 0
v -0.52434375 -0.172265625 0
v -0.5236875 -0.18046875 0
v -0.525 0.1640625 0
v -0.516796875 0.16471875 0
v -0.508261067708 0.180801432292 0
v -0.52434375 0.172265625 0
v -0.50859375 0.165375 0
v -0.500390625 0.16471875 0
v -0.4921875 0.1640625 0
v -0.4921875 0.18046875 0
v -0.4921875 0.196875 0
v -0.50859375 0.196875 0
v -0.52434375 0.188671875 0
v -0.5236875 0.18046875 0
v -0.50859375 0.21328125 0
v -0.4921875 0.21328125 0
v -0.4921875 0.2296875 0
v -0.50859375 0.2296875 0
v -0.508383413462 0.246758413462 0
v -0.4921875 0.24740625 0
v -0.508379289216 0.474790441176 0
v -0.4921875 0.47446875 0
v -0.4921875 0.4921875 0
v -0.500390625 0.49153125 0
v -0.50859375 0.490875 0
v -0.516796875 0.49153125 0
v -0.483984375 -0.49153125 0
v -0.475995710784 -0.474790441176 0
v -0.47578125 -0.490875 0
v -0.467578125 -0.49153125 0
v -0.459375 -0.4921875 0
v -0.459375 -0.47578125 0
v -0.47534375 -0.24653125 0
v -0.47446875 -0.2296875 0
v -0.475116586538 -0.213491586538 0
v -0.47578125 -0.196875 0
v -0.47578125 -0.18046875 0
v -0.459375 -0.18046875 0
v -0.459375 -0.1640625 0
v -0.47578125 -0.1640625 0
v -0.475448567708 -0.147988932292 0
v -0.49153125 -0.155859375 0
v -0.459375 -0.14765625 0
v -0.459375 -0.13125 0
v -0.467578125 -0.13190625 0
v -0.47578125 -0.1325625 0
v -0.483984375 -0.13190625 0
v -0.4921875 -0.13125 0
v -0.49153125 -0.139453125 0
v -0.490875 -0.14765625 0
v -0.4921875 0.13125 0
v -0.483984375 0.13190625 0
v -0.475448567708 0.147988932292 0
v -0.49153125 0.139453125 0
v -0.47578125 0.1325625 0
v -0.467578125 0.13190625 0
v -0.459375 0.13125 0
v -0.459375 0.14765625 0
v -0.459375 0.1640625 0
v -0.47578125 0.1640625 0
v -0.49153125 0.155859375 0
v -0.490875 0.14765625 0
v -0.47578125 0.18046875 0
v -0.459375 0.18046875 0
v -0.47578125 0.196875 0
v -0.475116586538 0.213491586538 0
v -0.47446875 0.2296875 0
v -0.47534375 0.24653125 0
v -0.475995710784 0.474790441176 0
v -0.459375 0.47578125 0
v -0.459375 0.4921875 0
v -0.467578125 0.49153125 0
v -0.47578125 0.490875 0
v -0.483984375 0.49153125 0
v -0.451171875 -0.49153125 0
v -0.44296875 -0.475455357143 0
v -0.44296875 -0.490875 0
v -0.434765625 -0.49153125 0
v -0.4265625 -0.4921875 0
v -0.4265625 -0.47578125 0
v -0.4265625 -0.459375 0
v -0.44296875 -0.459375 0
v -0.443633413462 -0.442758413462 0
v -0.4265625 -0.44296875 0
v -0.4265625 -0.4265625 0
v -0.44428125 -0.4265625 0
v -0.44340625 -0.40971875 0
v -0.4265625 -0.40884375 0
v -0.442758413462 -0.181133413462 0
v -0.4265625 -0.18178125 0
v -0.4265625 -0.1640625 0
v -0.44296875 -0.1640625 0
v -0.44296875 -0.14765625 0
v -0.4265625 -0.14765625 0
v -0.4265625 -0.13125 0
v -0.44296875 -0.13125 0
v -0.442636067708 -0.115176432292 0
v -0.45871875 -0.123046875 0
v -0.4265625 -0.11484375 0
v -0.4265625 -0.0984375 0
v -0.434765625 -0.09909375 0
v -0.44296875 -0.09975 0
v -0.451171875 -0.09909375 0
v -0.459375 -0.0984375 0
v -0.45871875 -0.106640625 0
v -0.4580625 -0.11484375 0
v -0.459375 0.0984375 0
v -0.451171875 0.09909375 0
v -0.442636067708 0.115176432292 0
v -0.45871875 0.106640625 0
v -0.44296875 0.09975 0
v -0.434765625 0.09909375 0
v -0.4265625 0.0984375 0
v -0.4265625 0.11484375 0
v -0.4265625 0.13125 0
v -0.44296875 0.13125 0
v -0.45871875 0.123046875 0
v -0.4580625 0.11484375 0
v -0.44296875 0.14765625 0
v -0.4265625 0.14765625 0
v -0.4265625 0.1640625 0
v -0.44296875 0.1640625 0
v -0.442758413462 0.181133413462 0
v -0.4265625 0.18178125 0
v -0.44340625 0.40971875 0
v -0.4265625 0.40884375 0
v -0.4265625 0.4265625 0
v -0.44428125 0.4265625 0
v -0.443633413462 0.442758413462 0
v -0.4265625 0.44296875 0
v -0.4265625 0.459375 0
v -0.44296875 0.459375 0
v -0.44296875 0.475455357143 0
v -0.4265625 0.47578125 0
v -0.4265625 0.4921875 0
v -0.434765625 0.49153125 0
v -0.44296875 0.490875 0
v -0.451171875 0.49153125 0
v -0.418359375 -0.49153125 0
v -0.410488932292 -0.475448567708 0
v -0.41015625 -0.490875 0
v -0.401953125 -0.49153125 0
v -0.39375 -0.4921875 0
v -0.39440625 -0.483984375 0
v -0.3950625 -0.47578125 0
v -0.39440625 -0.467578125 0
v -0.39375 -0.459375 0
v -0.41015625 -0.459375 0
v -0.41015625 -0.44296875 0
v -0.39375 -0.44296875 0
v -0.39375 -0.4265625 0
v -0.41015625 -0.4265625 0
v -0.410366586538 -0.409491586538 0
v -0.39375 -0.41015625 0
v -0.40971875 -0.18090625 0
v -0.40884375 -0.1640625 0
v -0.409491586538 -0.147866586538 0
v -0.41015625 -0.13125 0
v -0.41015625 -0.11484375 0
v -0.39375 -0.11484375 0
v -0.39375 -0.0984375 0
v -0.41015625 -0.0984375 0
v -0.409823567708 -0.0823639322917 0
v -0.42590625 -0.090234375 0
v -0.39375 -0.08203125 0
v -0.39375 -0.065625 0
v -0.401953125 -0.06628125 0
v -0.41015625 -0.0669375 0
v -0.418359375 -0.06628125 0
v -0.4265625 -0.065625 0
v -0.42590625 -0.073828125 0
v -0.42525 -0.08203125 0
v -0.4265625 0.065625 0
v -0.418359375 0.06628125 0
v -0.409823567708 0.0823639322917 0
v -0.42590625 0.073828125 0
v -0.41015625 0.0669375 0
v -0.401953125 0.06628125 0
v -0.39375 0.065625 0
v -0.39375 0.08203125 0
v -0.39375 0.0984375 0
v -0.41015625 0.0984375 0
v -0.42590625 0.090234375 0
v -0.42525 0.08203125 0
v -0.41015625 0.11484375 0
v -0.39375 0.11484375 0
v -0.41015625 0.13125 0
v -0.409491586538 0.147866586538 0
v -0.40884375 0.1640625 0
v -0.40971875 0.18090625 0
v -0.410366586538 0.409491586538 0
v -0.39375 0.41015625 0
v -0.39375 0.4265625 0
v -0.41015625 0.4265625 0
v -0.41015625 0.44296875 0
v -0.39375 0.44296875 0
v -0.39375 0.459375 0
v -0.41015625 0.459375 0
v -0.410488932292 0.475448567708 0
v -0.39440625 0.467578125 0
v -0.3950625 0.47578125 0
v -0.39440625 0.483984375 0
v -0.39375 0.4921875 0
v -0.401953125 0.49153125 0
v -0.41015625 0.490875 0
v -0.418359375 0.49153125 0
v -0.385546875 -0.45871875 0
v -0.37734375 -0.442642857143 0
v -0.37734375 -0.4580625 0
v -0.369140625 -0.45871875 0
v -0.3609375 -0.459375 0
v -0.3609375 -0.44296875 0
v -0.3609375 -0.4265625 0
v -0.37734375 -0.4265625 0
v -0.377133413462 -0.409491586538 0
v -0.3609375 -0.40884375 0
v -0.377133413462 -0.115508413462 0
v -0.3609375 -0.11615625 0
v -0.3609375 -0.0984375 0
v -0.37734375 -0.0984375 0
v -0.37734375 -0.08203125 0
v -0.3609375 -0.08203125 0
v -0.3609375 -0.065625 0
v -0.37734375 -0.065625 0
v -0.377017857143 -0.04921875 0
v -0.39309375 -0.057421875 0
v -0.3609375 -0.04921875 0
v -0.3609375 -0.0328125 0
v -0.37734375 -0.0328125 0
v -0.39375 -0.0328125 0
v -0.39309375 -0.041015625 0
v -0.3924375 -0.04921875 0
v -0.377017857143 -0.01640625 0
v -0.39309375 -0.024609375 0
v -0.3609375 -0.01640625 0
v -0.3609375 0 0
v -0.37734375 0 0
v -0.39375 0 0
v -0.39309375 -0.008203125 0
v -0.3924375 -0.01640625 0
v -0.377017857143 0.01640625 0
v -0.39309375 0.008203125 0
v -0.3609375 0.01640625 0
v -0.3609375 0.0328125 0
v -0.37734375 0.0328125 0
v -0.39375 0.0328125 0
v -0.39309375 0.024609375 0
v -0.3924375 0.01640625 0
v -0.377017857143 0.04921875 0
v -0.39309375 0.041015625 0
v -0.3609375 0.04921875 0
v -0.3609375 0.065625 0
v -0.37734375 0.065625 0
v -0.39309375 0.057421875 0
v -0.3924375 0.04921875 0
v -0.37734375 0.08203125 0
v -0.3609375 0.08203125 0
v -0.3609375 0.0984375 0
v -0.37734375 0.0984375 0
v -0.377133413462 0.115508413462 0
v -0.3609375 0.11615625 0
v -0.377133413462 0.409491586538 0
v -0.3609375 0.40884375 0
v -0.3609375 0.4265625 0
v -0.37734375 0.4265625 0
v -0.37734375 0.442642857143 0
v -0.3609375 0.44296875 0
v -0.3609375 0.459375 0
v -0.369140625 0.45871875 0
v -0.37734375 0.4580625 0
v -0.385546875 0.45871875 0
v -0.352734375 -0.45871875 0
v -0.344863932292 -0.442636067708 0
v -0.34453125 -0.4580625 0
v -0.336328125 -0.45871875 0
v -0.328125 -0.459375 0
v -0.32878125 -0.451171875 0
v -0.3294375 -0.44296875 0
v -0.32878125 -0.434765625 0
v -0.328125 -0.4265625 0
v -0.34453125 -0.4265625 0
v -0.344741586538 -0.409491586538 0
v -0.328125 -0.41015625 0
v -0.34409375 -0.11528125 0
v -0.34321875 -0.0984375 0
v -0.343866586538 -0.0822415865385 0
v -0.34453125 -0.065625 0
v -0.343866586538 -0.0490084134615 0
v -0.34321875 -0.0328125 0
v -0.343866586538 -0.0166165865385 0
v -0.34453125 0 0
v -0.343866586538 0.0166165865385 0
v -0.34321875 0.0328125 0
v -0.343866586538 0.0490084134615 0
v -0.34453125 0.065625 0
v -0.343866586538 0.0822415865385 0
v -0.34321875 0.0984375 0
v -0.34409375 0.11528125 0
v -0.344741586538 0.409491586538 0
v -0.328125 0.41015625 0
v -0.328125 0.4265625 0
v -0.34453125 0.4265625 0
v -0.344863932292 0.442636067708 0
v -0.32878125 0.434765625 0
v -0.3294375 0.44296875 0
v -0.32878125 0.451171875 0
v -0.328125 0.459375 0
v -0.336328125 0.45871875 0
v -0.34453125 0.4580625 0
v -0.352734375 0.45871875 0
v -0.319921875 -0.42590625 0
v -0.31171875 -0.409830357143 0
v -0.31171875 -0.42525 0
v -0.303515625 -0.42590625 0
v -0.2953125 -0.4265625 0
v -0.2953125 -0.41015625 0
v -0.2953125 -0.39375 0
v -0.31171875 -0.39375 0
v -0.312383413462 -0.377133413462 0
v -0.2953125 -0.37734375 0
v -0.2953125 -0.3609375 0
v -0.31303125 -0.3609375 0
v -0.31215625 -0.34409375 0
v -0.2953125 -0.34321875 0
v -0.31215625 0.34409375 0
v -0.2953125 0.34321875 0
v -0.2953125 0.3609375 0
v -0.31303125 0.3609375 0
v -0.312383413462 0.377133413462 0
v -0.2953125 0.37734375 0
v -0.2953125 0.39375 0
v -0.31171875 0.39375 0
v -0.31171875 0.409830357143 0
v -0.2953125 0.41015625 0
v -0.2953125 0.4265625 0
v -0.303515625 0.42590625 0
v -0.31171875 0.42525 0
v -0.319921875 0.42590625 0
v -0.287109375 -0.42590625 0
v -0.279238932292 -0.409823567708 0
v -0.27890625 -0.42525 0
v -0.270703125 -0.42590625 0
v -0.2625 -0.4265625 0
v -0.26315625 -0.418359375 0
v -0.2638125 -0.41015625 0
v -0.26315625 -0.401953125 0
v -0.2625 -0.39375 0
v -0.27890625 -0.39375 0
v -0.27890625 -0.37734375 0
v -0.2625 -0.37734375 0
v -0.2625 -0.3609375 0
v -0.27890625 -0.3609375 0
v -0.279116586538 -0.343866586538 0
v -0.2625 -0.34453125 0
v -0.279116586538 0.343866586538 0
v -0.2625 0.34453125 0
v -0.2625 0.3609375 0
v -0.27890625 0.3609375 0
v -0.27890625 0.37734375 0
v -0.2625 0.37734375 0
v -0.2625 0.39375 0
v -0.27890625 0.39375 0
v -0.279238932292 0.409823567708 0
v -0.26315625 0.401953125 0
v -0.2638125 0.41015625 0
v -0.26315625 0.418359375 0
v -0.2625 0.4265625 0
v -0.270703125 0.42590625 0
v -0.27890625 0.42525 0
v -0.287109375 0.42590625 0
v -0.254296875 -0.39309375 0
v -0.24609375 -0.377017857143 0
v -0.24609375 -0.3924375 0
v -0.237890625 -0.39309375 0
v -0.2296875 -0.39375 0
v -0.2296875 -0.37734375 0
v -0.2296875 -0.3609375 0
v -0.24609375 -0.3609375 0
v -0.245883413462 -0.343866586538 0
v -0.2296875 -0.34321875 0
v -0.245883413462 0.343866586538 0
v -0.2296875 0.34321875 0
v -0.2296875 0.3609375 0
v -0.24609375 0.3609375 0
v -0.24609375 0.377017857143 0
v -0.2296875 0.37734375 0
v -0.2296875 0.39375 0
v -0.237890625 0.39309375 0
v -0.24609375 0.3924375 0
v -0.254296875 0.39309375 0
v -0.221484375 -0.39309375 0
v -0.213613932292 -0.377011067708 0
v -0.21328125 -0.3924375 0
v -0.205078125 -0.39309375 0
v -0.196875 -0.39375 0
v -0.19753125 -0.385546875 0
v -0.1981875 -0.37734375 0
v -0.19753125 -0.369140625 0
v -0.196875 -0.3609375 0
v -0.21328125 -0.3609375 0
v -0.213491586538 -0.343866586538 0
v -0.196875 -0.34453125 0
v -0.213491586538 0.343866586538 0
v -0.196875 0.34453125 0
v -0.196875 0.3609375 0
v -0.21328125 0.3609375 0
v -0.213613932292 0.377011067708 0
v -0.19753125 0.369140625 0
v -0.1981875 0.37734375 0
v -0.19753125 0.385546875 0
v -0.196875 0.39375 0
v -0.205078125 0.39309375 0
v -0.21328125 0.3924375 0
v -0.221484375 0.39309375 0
v -0.188671875 -0.36028125 0
v -0.180254289216 -0.343540441176 0
v -0.18046875 -0.359625 0
v -0.172265625 -0.36028125 0
v -0.1640625 -0.3609375 0
v -0.1640625 -0.34321875 0
v -0.180254289216 0.343540441176 0
v -0.1640625 0.34321875 0
v -0.1640625 0.3609375 0
v -0.172265625 0.36028125 0
v -0.18046875 0.359625 0
v -0.188671875 0.36028125 0
v -0.155859375 -0.36028125 0
v -0.147870710784 -0.343540441176 0
v -0.14765625 -0.359625 0
v -0.139453125 -0.36028125 0
v -0.13125 -0.3609375 0
v -0.13125 -0.34453125 0
v -0.147870710784 0.343540441176 0
v -0.13125 0.34453125 0
v -0.13125 0.3609375 0
v -0.139453125 0.36028125 0
v -0.14765625 0.359625 0
v -0.155859375 0.36028125 0
v -0.123046875 -0.36028125 0
v -0.114629289216 -0.343540441176 0
v -0.11484375 -0.359625 0
v -0.106640625 -0.36028125 0
v -0.0984375 -0.3609375 0
v -0.0984375 -0.34321875 0
v -0.114629289216 0.343540441176 0
v -0.0984375 0.34321875 0
v -0.0984375 0.3609375 0
v -0.106640625 0.36028125 0
v -0.11484375 0.359625 0
v -0.123046875 0.36028125 0
v -0.0984375 -0.39375 0
v -0.090234375 -0.39309375 0
v -0.0816985677083 -0.377011067708 0
v -0.09778125 -0.385546875 0
v -0.08203125 -0.3924375 0
v -0.073828125 -0.39309375 0
v -0.065625 -0.39375 0
v -0.065625 -0.37734375 0
v -0.065625 -0.3609375 0
v -0.08203125 -0.3609375 0
v -0.09778125 -0.369140625 0
v -0.097125 -0.37734375 0
v -0.0822415865385 -0.343866586538 0
v -0.065625 -0.34453125 0
v -0.0822415865385 0.343866586538 0
v -0.065625 0.34453125 0
v -0.065625 0.3609375 0
v -0.08203125 0.3609375 0
v -0.0816985677083 0.377011067708 0
v -0.09778125 0.369140625 0
v -0.065625 0.37734375 0
v -0.065625 0.39375 0
v -0.073828125 0.39309375 0
v -0.08203125 0.3924375 0
v -0.090234375 0.39309375 0
v -0.0984375 0.39375 0
v -0.09778125 0.385546875 0
v -0.097125 0.37734375 0
v -0.065625 -0.459375 0
v -0.057421875 -0.45871875 0
v -0.0488860677083 -0.442636067708 0
v -0.06496875 -0.451171875 0
v -0.04921875 -0.4580625 0
v -0.041015625 -0.45871875 0
v -0.0328125 -0.459375 0
v -0.0328125 -0.44296875 0
v -0.0328125 -0.4265625 0
v -0.04921875 -0.4265625 0
v -0.065625 -0.4265625 0
v -0.06496875 -0.434765625 0
v -0.0643125 -0.44296875 0
v -0.0488928571429 -0.41015625 0
v -0.06496875 -0.418359375 0
v -0.0328125 -0.41015625 0
v -0.0328125 -0.39375 0
v -0.04921875 -0.39375 0
v -0.06496875 -0.401953125 0
v -0.0643125 -0.41015625 0
v -0.04921875 -0.37734375 0
v -0.0328125 -0.37734375 0
v -0.0328125 -0.3609375 0
v -0.04921875 -0.3609375 0
v -0.0490084134615 -0.343866586538 0
v -0.0328125 -0.34321875 0
v -0.0490084134615 0.343866586538 0
v -0.0328125 0.34321875 0
v -0.0328125 0.3609375 0
v -0.04921875 0.3609375 0
v -0.04921875 0.37734375 0
v -0.0328125 0.37734375 0
v -0.0328125 0.39375 0
v -0.04921875 0.39375 0
v -0.0488928571429 0.41015625 0
v -0.06496875 0.401953125 0
v -0.0328125 0.41015625 0
v -0.0328125 0.4265625 0
v -0.04921875 0.4265625 0
v -0.065625 0.4265625 0
v -0.06496875 0.418359375 0
v -0.0643125 0.41015625 0
v -0.0488860677083 0.442636067708 0
v -0.06496875 0.434765625 0
v -0.0328125 0.44296875 0
v -0.0328125 0.459375 0
v -0.041015625 0.45871875 0
v -0.04921875 0.4580625 0
v -0.057421875 0.45871875 0
v -0.065625 0.459375 0
v -0.06496875 0.451171875 0
v -0.0643125 0.44296875 0
v -0.0328125 -0.525 0
v -0.024609375 -0.52434375 0
v -0.0160735677083 -0.508261067708 0
v -0.03215625 -0.516796875 0
v -0.01640625 -0.5236875 0
v -0.008203125 -0.52434375 0
v 0 -0.525 0
v 0 -0.50859375 0
v 0 -0.4921875 0
v -0.01640625 -0.4921875 0
v -0.0328125 -0.4921875 0
v -0.03215625 -0.500390625 0
v -0.0315 -0.50859375 0
v -0.0160803571429 -0.47578125 0
v -0.03215625 -0.483984375 0
v 0 -0.47578125 0
v -0.01640625 -0.459375 0
v -0.03215625 -0.467578125 0
v -0.0315 -0.47578125 0
v -0.0157415865385 -0.442758413462 0
v -0.01509375 -0.4265625 0
v -0.0157415865385 -0.410366586538 0
v -0.01640625 -0.39375 0
v -0.0157415865385 -0.377133413462 0
v -0.01509375 -0.3609375 0
v -0.01596875 -0.34409375 0
v -0.01596875 0.34409375 0
v -0.01509375 0.3609375 0
v -0.0157415865385 0.377133413462 0
v -0.01640625 0.39375 0
v -0.0157415865385 0.410366586538 0
v -0.01509375 0.4265625 0
v -0.0157415865385 0.442758413462 0
v -0.01640625 0.459375 0
v -0.0160803571429 0.47578125 0
v -0.03215625 0.467578125 0
v 0 0.47578125 0
v 0 0.4921875 0
v -0.01640625 0.4921875 0
v -0.0328125 0.4921875 0
v -0.03215625 0.483984375 0
v -0.0315 0.47578125 0
v -0.0160735677083 0.508261067708 0
v -0.03215625 0.500390625 0
v 0 0.50859375 0
v 0 0.525 0
v -0.008203125 0.52434375 0
v -0.01640625 0.5236875 0
v -0.024609375 0.52434375 0
v -0.0328125 0.525 0
v -0.03215625 0.516796875 0
v -0.0315 0.50859375 0
v 0 -0.590625 0
v 0.008203125 -0.58996875 0
v 0.0167389322917 -0.573886067708 0
v 0.00065625 -0.582421875 0
v 0.01640625 -0.5893125 0
v 0.024609375 -0.58996875 0
v 0.0328125 -0.590625 0
v 0.0328125 -0.57421875 0
v 0.0328125 -0.5578125 0
v 0.01640625 -0.5578125 0
v 0 -0.5578125 0
v 0.00065625 -0.566015625 0
v 0.0013125 -0.57421875 0
v 0.0167321428571 -0.54140625 0
v 0.00065625 -0.549609375 0
v 0.0328125 -0.54140625 0
v 0.0328125 -0.525 0
v 0.01640625 -0.525 0
v 0.00065625 -0.533203125 0
v 0.0013125 -0.54140625 0
v 0.01640625 -0.50859375 0
v 0.0328125 -0.50859375 0
v 0.0328125 -0.4921875 0
v 0.01640625 -0.4921875 0
v 0.0166165865385 -0.475116586538 0
v 0.0328125 -0.47446875 0
v 0.0166165865385 0.475116586538 0
v 0.0328125 0.47446875 0
v 0.0328125 0.4921875 0
v 0.01640625 0.4921875 0
v 0.01640625 0.50859375 0
v 0.0328125 0.50859375 0
v 0.0328125 0.525 0
v 0.01640625 0.525 0
v 0.0167321428571 0.54140625 0
v 0.00065625 0.533203125 0
v 0.0328125 0.54140625 0
v 0.0328125 0.5578125 0
v 0.01640625 0.5578125 0
v 0 0.5578125 0
v 0.00065625 0.549609375 0
v 0.0013125 0.54140625 0
v 0.0167389322917 0.573886067708 0
v 0.00065625 0.566015625 0
v 0.0328125 0.57421875 0
v 0.0328125 0.590625 0
v 0.024609375 0.58996875 0
v 0.01640625 0.5893125 0
v 0.008203125 0.58996875 0
v 0 0.590625 0
v 0.00065625 0.582421875 0
v 0.0013125 0.57421875 0
v 0.0328125 -0.6234375 0
v 0.041015625 -0.62278125 0
v 0.0495514322917 -0.606698567708 0
v 0.03346875 -0.615234375 0
v 0.04921875 -0.622125 0
v 0.057421875 -0.62278125 0
v 0.065625 -0.6234375 0
v 0.065625 -0.60703125 0
v 0.04921875 -0.590625 0
v 0.03346875 -0.598828125 0
v 0.034125 -0.60703125 0
v 0.0498834134615 -0.574008413462 0
v 0.05053125 -0.5578125 0
v 0.0498834134615 -0.541616586538 0
v 0.04921875 -0.525 0
v 0.0498834134615 -0.508383413462 0
v 0.05053125 -0.4921875 0
v 0.04965625 -0.47534375 0
v 0.04965625 0.47534375 0
v 0.05053125 0.4921875 0
v 0.0498834134615 0.508383413462 0
v 0.04921875 0.525 0
v 0.0498834134615 0.541616586538 0
v 0.05053125 0.5578125 0
v 0.0498834134615 0.574008413462 0
v 0.04921875 0.590625 0
v 0.0495514322917 0.606698567708 0
v 0.03346875 0.598828125 0
v 0.065625 0.60703125 0
v 0.065625 0.6234375 0
v 0.057421875 0.62278125 0
v 0.04921875 0.622125 0
v 0.041015625 0.62278125 0
v 0.0328125 0.6234375 0
v 0.03346875 0.615234375 0
v 0.034125 0.60703125 0
v 0.065625 -0.6890625 0
v 0.073828125 -0.68840625 0
v 0.0823639322917 -0.672323567708 0
v 0.06628125 -0.680859375 0
v 0.08203125 -0.68775 0
v 0.090234375 -0.68840625 0
v 0.0984375 -0.6890625 0
v 0.0984375 -0.67265625 0
v 0.0984375 -0.65625 0
v 0.08203125 -0.65625 0
v 0.065625 -0.65625 0
v 0.06628125 -0.664453125 0
v 0.0669375 -0.67265625 0
v 0.0823571428571 -0.63984375 0
v 0.06628125 -0.648046875 0
v 0.0984375 -0.63984375 0
v 0.0984375 -0.6234375 0
v 0.08203125 -0.6234375 0
v 0.06628125 -0.631640625 0
v 0.0669375 -0.63984375 0
v 0.0822415865385 -0.606366586538 0
v 0.0984375 -0.60571875 0
v 0.0822415865385 0.606366586538 0
v 0.0984375 0.60571875 0
v 0.0984375 0.6234375 0
v 0.08203125 0.6234375 0
v 0.0823571428571 0.63984375 0
v 0.06628125 0.631640625 0
v 0.0984375 0.63984375 0
v 0.0984375 0.65625 0
v 0.08203125 0.65625 0
v 0.065625 0.65625 0
v 0.06628125 0.648046875 0
v 0.0669375 0.63984375 0
v 0.0823639322917 0.672323567708 0
v 0.06628125 0.664453125 0
v 0.0984375 0.67265625 0
v 0.0984375 0.6890625 0
v 0.090234375 0.68840625 0
v 0.08203125 0.68775 0
v 0.073828125 0.68840625 0
v 0.065625 0.6890625 0
v 0.06628125 0.680859375 0
v 0.0669375 0.67265625 0
v 0.106640625 -0.68840625 0
v 0.11484375 -0.672330357143 0
v 0.11484375 -0.68775 0
v 0.123046875 -0.68840625 0
v 0.13125 -0.6890625 0
v 0.13125 -0.67265625 0
v 0.11484375 -0.65625 0
v 0.115508413462 -0.639633413462 0
v 0.11615625 -0.6234375 0
v 0.11528125 -0.60659375 0
v 0.11528125 0.60659375 0
v 0.11615625 0.6234375 0
v 0.115508413462 0.639633413462 0
v 0.11484375 0.65625 0
v 0.11484375 0.672330357143 0
v 0.13125 0.67265625 0
v 0.13125 0.6890625 0
v 0.123046875 0.68840625 0
v 0.11484375 0.68775 0
v 0.106640625 0.68840625 0
v 0.13125 -0.721875 0
v 0.139453125 -0.72121875 0
v 0.147988932292 -0.705136067708 0
v 0.13190625 -0.713671875 0
v 0.14765625 -0.7205625 0
v 0.155859375 -0.72121875 0
v 0.1640625 -0.721875 0
v 0.1640625 -0.70546875 0
v 0.1640625 -0.6890625 0
v 0.14765625 -0.6890625 0
v 0.13190625 -0.697265625 0
v 0.1325625 -0.70546875 0
v 0.147866586538 -0.671991586538 0
v 0.1640625 -0.67134375 0
v 0.147866586538 0.671991586538 0
v 0.1640625 0.67134375 0
v 0.1640625 0.6890625 0
v 0.14765625 0.6890625 0
v 0.147988932292 0.705136067708 0
v 0.13190625 0.697265625 0
v 0.1640625 0.70546875 0
v 0.1640625 0.721875 0
v 0.155859375 0.72121875 0
v 0.14765625 0.7205625 0
v 0.139453125 0.72121875 0
v 0.13125 0.721875 0
v 0.13190625 0.713671875 0
v 0.1325625 0.70546875 0
v 0.1640625 -0.7546875 0
v 0.172265625 -0.75403125 0
v 0.180801432292 -0.737948567708 0
v 0.16471875 -0.746484375 0
v 0.18046875 -0.753375 0
v 0.188671875 -0.75403125 0
v 0.196875 -0.7546875 0
v 0.196875 -0.73828125 0
v 0.196875 -0.721875 0
v 0.18046875 -0.721875 0
v 0.16471875 -0.730078125 0
v 0.165375 -0.73828125 0
v 0.18046875 -0.70546875 0
v 0.196875 -0.70546875 0
v 0.196875 -0.6890625 0
v 0.18046875 -0.6890625 0
v 0.180258413462 -0.671991586538 0
v 0.196875 -0.67265625 0
v 0.180258413462 0.671991586538 0
v 0.196875 0.67265625 0
v 0.196875 0.6890625 0
v 0.18046875 0.6890625 0
v 0.18046875 0.70546875 0
v 0.196875 0.70546875 0
v 0.196875 0.721875 0
v 0.18046875 0.721875 0
v 0.180801432292 0.737948567708 0
v 0.16471875 0.730078125 0
v 0.196875 0.73828125 0
v 0.196875 0.7546875 0
v 0.188671875 0.75403125 0
v 0.18046875 0.753375 0
v 0.172265625 0.75403125 0
v 0.1640625 0.7546875 0
v 0.16471875 0.746484375 0
v 0.165375 0.73828125 0
v 0.205078125 -0.75403125 0
v 0.21328125 -0.737955357143 0
v 0.21328125 -0.753375 0
v 0.221484375 -0.75403125 0
v 0.2296875 -0.7546875 0
v 0.2296875 -0.73828125 0
v 0.2296875 -0.721875 0
v 0.21328125 -0.721875 0
v 0.21328125 -0.70546875 0
v 0.2296875 -0.70546875 0
v 0.2296875 -0.6890625 0
v 0.21328125 -0.6890625 0
v 0.213491586538 -0.671991586538 0
v 0.2296875 -0.67134375 0
v 0.213491586538 0.671991586538 0
v 0.2296875 0.67134375 0
v 0.2296875 0.6890625 0
v 0.21328125 0.6890625 0
v 0.21328125 0.70546875 0
v 0.2296875 0.70546875 0
v 0.2296875 0.721875 0
v 0.21328125 0.721875 0
v 0.21328125 0.737955357143 0
v 0.2296875 0.73828125 0
v 0.2296875 0.7546875 0
v 0.221484375 0.75403125 0
v 0.21328125 0.753375 0
v 0.205078125 0.75403125 0
v 0.237890625 -0.75403125 0
v 0.245761067708 -0.737948567708 0
v 0.24609375 -0.753375 0
v 0.254296875 -0.75403125 0
v 0.2625 -0.7546875 0
v 0.26184375 -0.746484375 0
v 0.2611875 -0.73828125 0
v 0.26184375 -0.730078125 0
v 0.2625 -0.721875 0
v 0.24609375 -0.721875 0
v 0.24609375 -0.70546875 0
v 0.2625 -0.70546875 0
v 0.2625 -0.6890625 0
v 0.24609375 -0.6890625 0
v 0.245883413462 -0.671991586538 0
v 0.2625 -0.67265625 0
v 0.245883413462 0.671991586538 0
v 0.2625 0.67265625 0
v 0.2625 0.6890625 0
v 0.24609375 0.6890625 0
v 0.24609375 0.70546875 0
v 0.2625 0.70546875 0
v 0.2625 0.721875 0
v 0.24609375 0.721875 0
v 0.245761067708 0.737948567708 0
v 0.26184375 0.730078125 0
v 0.2611875 0.73828125 0
v 0.26184375 0.746484375 0
v 0.2625 0.7546875 0
v 0.254296875 0.75403125 0
v 0.24609375 0.753375 0
v 0.237890625 0.75403125 0
v 0.270703125 -0.72121875 0
v 0.278573567708 -0.705136067708 0
v 0.27890625 -0.7205625 0
v 0.287109375 -0.72121875 0
v 0.2953125 -0.721875 0
v 0.29465625 -0.713671875 0
v 0.294 -0.70546875 0
v 0.29465625 -0.697265625 0
v 0.2953125 -0.6890625 0
v 0.27890625 -0.6890625 0
v 0.278580357143 -0.67265625 0
v 0.29465625 -0.680859375 0
v 0.294 -0.67265625 0
v 0.29465625 -0.664453125 0
v 0.2953125 -0.65625 0
v 0.27890625 -0.65625 0
v 0.278241586538 -0.639633413462 0
v 0.2953125 -0.63984375 0
v 0.2953125 -0.6234375 0
v 0.27759375 -0.6234375 0
v 0.278241586538 -0.607241586538 0
v 0.2953125 -0.60703125 0
v 0.2953125 -0.590625 0
v 0.27890625 -0.590625 0
v 0.278241586538 -0.574008413462 0
v 0.2953125 -0.57421875 0
v 0.2953125 -0.5578125 0
v 0.27759375 -0.5578125 0
v 0.278241586538 -0.541616586538 0
v 0.2953125 -0.54140625 0
v 0.2953125 -0.525 0
v 0.27890625 -0.525 0
v 0.278241586538 -0.508383413462 0
v 0.2953125 -0.50859375 0
v 0.2953125 -0.4921875 0
v 0.27759375 -0.4921875 0
v 0.278241586538 -0.475991586538 0
v 0.2953125 -0.47578125 0
v 0.2953125 -0.459375 0
v 0.27890625 -0.459375 0
v 0.278241586538 -0.442758413462 0
v 0.2953125 -0.44296875 0
v 0.2953125 -0.4265625 0
v 0.27759375 -0.4265625 0
v 0.278241586538 -0.410366586538 0
v 0.2953125 -0.41015625 0
v 0.2953125 -0.39375 0
v 0.27890625 -0.39375 0
v 0.278241586538 -0.377133413462 0
v 0.2953125 -0.37734375 0
v 0.2953125 -0.3609375 0
v 0.27759375 -0.3609375 0
v 0.277915441176 -0.344745710784 0
v 0.29465625 -0.352734375 0
v 0.294 -0.34453125 0
v 0.29465625 -0.336328125 0
v 0.2953125 -0.328125 0
v 0.27890625 -0.328125 0
v 0.277915441176 -0.311504289216 0
v 0.29465625 -0.319921875 0
v 0.294 -0.31171875 0
v 0.29465625 -0.303515625 0
v 0.2953125 -0.2953125 0
v 0.27759375 -0.2953125 0
v 0.277915441176 -0.279120710784 0
v 0.29465625 -0.287109375 0
v 0.294 -0.27890625 0
v 0.29465625 -0.270703125 0
v 0.2953125 -0.2625 0
v 0.27890625 -0.2625 0
v 0.277915441176 -0.245879289216 0
v 0.29465625 -0.254296875 0
v 0.294 -0.24609375 0
v 0.29465625 -0.237890625 0
v 0.2953125 -0.2296875 0
v 0.27759375 -0.2296875 0
v 0.278241586538 -0.213491586538 0
v 0.2953125 -0.21328125 0
v 0.2953125 -0.196875 0
v 0.27890625 -0.196875 0
v 0.278241586538 -0.180258413462 0
v 0.2953125 -0.18046875 0
v 0.2953125 -0.1640625 0
v 0.27759375 -0.1640625 0
v 0.27846875 -0.14721875 0
v 0.2953125 -0.14634375 0
v 0.27846875 0.14721875 0
v 0.2953125 0.14634375 0
v 0.2953125 0.1640625 0
v 0.27759375 0.1640625 0
v 0.278241586538 0.180258413462 0
v 0.2953125 0.18046875 0
v 0.2953125 0.196875 0
v 0.27890625 0.196875 0
v 0.278241586538 0.213491586538 0
v 0.2953125 0.21328125 0
v 0.2953125 0.2296875 0
v 0.27759375 0.2296875 0
v 0.277915441176 0.245879289216 0
v 0.29465625 0.237890625 0
v 0.294 0.24609375 0
v 0.29465625 0.254296875 0
v 0.2953125 0.2625 0
v 0.27890625 0.2625 0
v 0.277915441176 0.279120710784 0
v 0.29465625 0.270703125 0
v 0.294 0.27890625 0
v 0.29465625 0.287109375 0
v 0.2953125 0.2953125 0
v 0.27759375 0.2953125 0
v 0.277915441176 0.311504289216 0
v 0.29465625 0.303515625 0
v 0.294 0.31171875 0
v 0.29465625 0.319921875 0
v 0.2953125 0.328125 0
v 0.27890625 0.328125 0
v 0.277915441176 0.344745710784 0
v 0.29465625 0.336328125 0
v 0.294 0.34453125 0
v 0.29465625 0.352734375 0
v 0.2953125 0.3609375 0
v 0.27759375 0.3609375 0
v 0.278241586538 0.377133413462 0
v 0.2953125 0.37734375 0
v 0.2953125 0.39375 0
v 0.27890625 0.39375 0
v 0.278241586538 0.410366586538 0
v 0.2953125 0.41015625 0
v 0.2953125 0.4265625 0
v 0.27759375 0.4265625 0
v 0.278241586538 0.442758413462 0
v 0.2953125 0.44296875 0
v 0.2953125 0.459375 0
v 0.27890625 0.459375 0
v 0.278241586538 0.475991586538 0
v 0.2953125 0.47578125 0
v 0.2953125 0.4921875 0
v 0.27759375 0.4921875 0
v 0.278241586538 0.508383413462 0
v 0.2953125 0.50859375 0
v 0.2953125 0.525 0
v 0.27890625 0.525 0
v 0.278241586538 0.541616586538 0
v 0.2953125 0.54140625 0
v 0.2953125 0.5578125 0
v 0.27759375 0.5578125 0
v 0.278241586538 0.574008413462 0
v 0.2953125 0.57421875 0
v 0.2953125 0.590625 0
v 0.27890625 0.590625 0
v 0.278241586538 0.607241586538 0
v 0.2953125 0.60703125 0
v 0.2953125 0.6234375 0
v 0.27759375 0.6234375 0
v 0.278241586538 0.639633413462 0
v 0.2953125 0.63984375 0
v 0.2953125 0.65625 0
v 0.27890625 0.65625 0
v 0.278580357143 0.67265625 0
v 0.29465625 0.664453125 0
v 0.294 0.67265625 0
v 0.29465625 0.680859375 0
v 0.2953125 0.6890625 0
v 0.27890625 0.6890625 0
v 0.278573567708 0.705136067708 0
v 0.29465625 0.697265625 0
v 0.294 0.70546875 0
v 0.29465625 0.713671875 0
v 0.2953125 0.721875 0
v 0.287109375 0.72121875 0
v 0.27890625 0.7205625 0
v 0.270703125 0.72121875 0
v 0.303515625 -0.65559375 0
v 0.311386067708 -0.639511067708 0
v 0.31171875 -0.6549375 0
v 0.319921875 -0.65559375 0
v 0.328125 -0.65625 0
v 0.32746875 -0.648046875 0
v 0.3268125 -0.63984375 0
v 0.32746875 -0.631640625 0
v 0.328125 -0.6234375 0
v 0.31171875 -0.6234375 0
v 0.311392857143 -0.60703125 0
v 0.32746875 -0.615234375 0
v 0.3268125 -0.60703125 0
v 0.32746875 -0.598828125 0
v 0.328125 -0.590625 0
v 0.31171875 -0.590625 0
v 0.311392857143 -0.57421875 0
v 0.32746875 -0.582421875 0
v 0.3268125 -0.57421875 0
v 0.32746875 -0.566015625 0
v 0.328125 -0.5578125 0
v 0.31171875 -0.5578125 0
v 0.311392857143 -0.54140625 0
v 0.32746875 -0.549609375 0
v 0.3268125 -0.54140625 0
v 0.32746875 -0.533203125 0
v 0.328125 -0.525 0
v 0.31171875 -0.525 0
v 0.311392857143 -0.50859375 0
v 0.32746875 -0.516796875 0
v 0.3268125 -0.50859375 0
v 0.32746875 -0.500390625 0
v 0.328125 -0.4921875 0
v 0.31171875 -0.4921875 0
v 0.311392857143 -0.47578125 0
v 0.32746875 -0.483984375 0
v 0.3268125 -0.47578125 0
v 0.32746875 -0.467578125 0
v 0.328125 -0.459375 0
v 0.31171875 -0.459375 0
v 0.311392857143 -0.44296875 0
v 0.32746875 -0.451171875 0
v 0.3268125 -0.44296875 0
v 0.32746875 -0.434765625 0
v 0.328125 -0.4265625 0
v 0.31171875 -0.4265625 0
v 0.311392857143 -0.41015625 0
v 0.32746875 -0.418359375 0
v 0.3268125 -0.41015625 0
v 0.32746875 -0.401953125 0
v 0.328125 -0.39375 0
v 0.31171875 -0.39375 0
v 0.311386067708 -0.377676432292 0
v 0.32746875 -0.385546875 0
v 0.3268125 -0.37734375 0
v 0.32746875 -0.369140625 0
v 0.328125 -0.3609375 0
v 0.319921875 -0.36159375 0
v 0.31171875 -0.36225 0
v 0.303515625 -0.36159375 0
v 0.303515625 -0.22903125 0
v 0.311386067708 -0.212948567708 0
v 0.31171875 -0.228375 0
v 0.319921875 -0.22903125 0
v 0.328125 -0.2296875 0
v 0.32746875 -0.221484375 0
v 0.3268125 -0.21328125 0
v 0.32746875 -0.205078125 0
v 0.328125 -0.196875 0
v 0.31171875 -0.196875 0
v 0.31171875 -0.18046875 0
v 0.328125 -0.18046875 0
v 0.328125 -0.1640625 0
v 0.31171875 -0.1640625 0
v 0.311508413462 -0.146991586538 0
v 0.328125 -0.14765625 0
v 0.311508413462 0.146991586538 0
v 0.328125 0.14765625 0
v 0.328125 0.1640625 0
v 0.31171875 0.1640625 0
v 0.31171875 0.18046875 0
v 0.328125 0.18046875 0
v 0.328125 0.196875 0
v 0.31171875 0.196875 0
v 0.311386067708 0.212948567708 0
v 0.32746875 0.205078125 0
v 0.3268125 0.21328125 0
v 0.32746875 0.221484375 0
v 0.328125 0.2296875 0
v 0.319921875 0.22903125 0
v 0.31171875 0.228375 0
v 0.303515625 0.22903125 0
v 0.303515625 0.36159375 0
v 0.311386067708 0.377676432292 0
v 0.31171875 0.36225 0
v 0.319921875 0.36159375 0
v 0.328125 0.3609375 0
v 0.32746875 0.369140625 0
v 0.3268125 0.37734375 0
v 0.32746875 0.385546875 0
v 0.328125 0.39375 0
v 0.31171875 0.39375 0
v 0.311392857143 0.41015625 0
v 0.32746875 0.401953125 0
v 0.3268125 0.41015625 0
v 0.32746875 0.418359375 0
v 0.328125 0.4265625 0
v 0.31171875 0.4265625 0
v 0.311392857143 0.44296875 0
v 0.32746875 0.434765625 0
v 0.3268125 0.44296875 0
v 0.32746875 0.451171875 0
v 0.328125 0.459375 0
v 0.31171875 0.459375 0
v 0.311392857143 0.47578125 0
v 0.32746875 0.467578125 0
v 0.3268125 0.47578125 0
v 0.32746875 0.483984375 0
v 0.328125 0.4921875 0
v 0.31171875 0.4921875 0
v 0.311392857143 0.50859375 0
v 0.32746875 0.500390625 0
v 0.3268125 0.50859375 0
v 0.32746875 0.516796875 0
v 0.328125 0.525 0
v 0.31171875 0.525 0
v 0.311392857143 0.54140625 0
v 0.32746875 0.533203125 0
v 0.3268125 0.54140625 0
v 0.32746875 0.549609375 0
v 0.328125 0.5578125 0
v 0.31171875 0.5578125 0
v 0.311392857143 0.57421875 0
v 0.32746875 0.566015625 0
v 0.3268125 0.57421875 0
v 0.32746875 0.582421875 0
v 0.328125 0.590625 0
v 0.31171875 0.590625 0
v 0.311392857143 0.60703125 0
v 0.32746875 0.598828125 0
v 0.3268125 0.60703125 0
v 0.32746875 0.615234375 0
v 0.328125 0.6234375 0
v 0.31171875 0.6234375 0
v 0.311386067708 0.639511067708 0
v 0.32746875 0.631640625 0
v 0.3268125 0.63984375 0
v 0.32746875 0.648046875 0
v 0.328125 0.65625 0
v 0.319921875 0.65559375 0
v 0.31171875 0.6549375 0
v 0.303515625 0.65559375 0
v 0.336328125 -0.19621875 0
v 0.34453125 -0.180142857143 0
v 0.34453125 -0.1955625 0
v 0.352734375 -0.19621875 0
v 0.3609375 -0.196875 0
v 0.3609375 -0.18046875 0
v 0.3609375 -0.1640625 0
v 0.34453125 -0.1640625 0
v 0.344741586538 -0.146991586538 0
v 0.3609375 -0.14634375 0
v 0.344741586538 0.146991586538 0
v 0.3609375 0.14634375 0
v 0.3609375 0.1640625 0
v 0.34453125 0.1640625 0
v 0.34453125 0.180142857143 0
v 0.3609375 0.18046875 0
v 0.3609375 0.196875 0
v 0.352734375 0.19621875 0
v 0.34453125 0.1955625 0
v 0.336328125 0.19621875 0
v 0.369140625 -0.19621875 0
v 0.37734375 -0.180142857143 0
v 0.37734375 -0.1955625 0
v 0.385546875 -0.19621875 0
v 0.39375 -0.196875 0
v 0.39375 -0.18046875 0
v 0.39375 -0.1640625 0
v 0.37734375 -0.1640625 0
v 0.377133413462 -0.146991586538 0
v 0.39375 -0.14765625 0
v 0.377133413462 0.146991586538 0
v 0.39375 0.14765625 0
v 0.39375 0.1640625 0
v 0.37734375 0.1640625 0
v 0.37734375 0.180142857143 0
v 0.39375 0.18046875 0
v 0.39375 0.196875 0
v 0.385546875 0.19621875 0
v 0.37734375 0.1955625 0
v 0.369140625 0.19621875 0
v 0.401953125 -0.19621875 0
v 0.41015625 -0.180142857143 0
v 0.41015625 -0.1955625 0
v 0.418359375 -0.19621875 0
v 0.4265625 -0.196875 0
v 0.4265625 -0.18046875 0
v 0.4265625 -0.1640625 0
v 0.41015625 -0.1640625 0
v 0.410366586538 -0.146991586538 0
v 0.4265625 -0.14634375 0
v 0.410366586538 0.146991586538 0
v 0.4265625 0.14634375 0
v 0.4265625 0.1640625 0
v 0.41015625 0.1640625 0
v 0.41015625 0.180142857143 0
v 0.4265625 0.18046875 0
v 0.4265625 0.196875 0
v 0.418359375 0.19621875 0
v 0.41015625 0.1955625 0
v 0.401953125 0.19621875 0
v 0.434765625 -0.19621875 0
v 0.44296875 -0.180142857143 0
v 0.44296875 -0.1955625 0
v 0.451171875 -0.19621875 0
v 0.459375 -0.196875 0
v 0.459375 -0.18046875 0
v 0.459375 -0.1640625 0
v 0.44296875 -0.1640625 0
v 0.442758413462 -0.146991586538 0
v 0.459375 -0.14765625 0
v 0.442758413462 0.146991586538 0
v 0.459375 0.14765625 0
v 0.459375 0.1640625 0
v 0.44296875 0.1640625 0
v 0.44296875 0.180142857143 0
v 0.459375 0.18046875 0
v 0.459375 0.196875 0
v 0.451171875 0.19621875 0
v 0.44296875 0.1955625 0
v 0.434765625 0.19621875 0
v 0.467578125 -0.19621875 0
v 0.475448567708 -0.180136067708 0
v 0.47578125 -0.1955625 0
v 0.483984375 -0.19621875 0
v 0.4921875 -0.196875 0
v 0.49153125 -0.188671875 0
v 0.490875 -0.18046875 0
v 0.49153125 -0.172265625 0
v 0.4921875 -0.1640625 0
v 0.47578125 -0.1640625 0
v 0.475991586538 -0.146991586538 0
v 0.4921875 -0.14634375 0
v 0.475991586538 0.146991586538 0
v 0.4921875 0.14634375 0
v 0.4921875 0.1640625 0
v 0.47578125 0.1640625 0
v 0.475448567708 0.180136067708 0
v 0.49153125 0.172265625 0
v 0.490875 0.18046875 0
v 0.49153125 0.188671875 0
v 0.4921875 0.196875 0
v 0.483984375 0.19621875 0
v 0.47578125 0.1955625 0
v 0.467578125 0.19621875 0
v 0.500390625 -0.16340625 0
v 0.508379289216 -0.146665441176 0
v 0.50859375 -0.16275 0
v 0.516796875 -0.16340625 0
v 0.525 -0.1640625 0
v 0.525 -0.14765625 0
v 0.508379289216 0.146665441176 0
v 0.525 0.14765625 0
v 0.525 0.1640625 0
v 0.516796875 0.16340625 0
v 0.50859375 0.16275 0
v 0.500390625 0.16340625 0
v 0.533203125 -0.16340625 0
v 0.541620710784 -0.146665441176 0
v 0.54140625 -0.16275 0
v 0.549609375 -0.16340625 0
v 0.5578125 -0.1640625 0
v 0.5578125 -0.14634375 0
v 0.541620710784 0.146665441176 0
v 0.5578125 0.14634375 0
v 0.5578125 0.1640625 0
v 0.549609375 0.16340625 0
v 0.54140625 0.16275 0
v 0.533203125 0.16340625 0
v 0.566015625 -0.16340625 0
v 0.574004289216 -0.146665441176 0
v 0.57421875 -0.16275 0
v 0.582421875 -0.16340625 0
v 0.590625 -0.1640625 0
v 0.590625 -0.14765625 0
v 0.574004289216 0.146665441176 0
v 0.590625 0.14765625 0
v 0.590625 0.1640625 0
v 0.582421875 0.16340625 0
v 0.57421875 0.16275 0
v 0.566015625 0.16340625 0
v 0.598828125 -0.16340625 0
v 0.606698567708 -0.147323567708 0
v 0.60703125 -0.16275 0
v 0.615234375 -0.16340625 0
v 0.6234375 -0.1640625 0
v 0.62278125 -0.155859375 0
v 0.622125 -0.14765625 0
v 0.62278125 -0.139453125 0
v 0.6234375 -0.13125 0
v 0.60703125 -0.13125 0
v 0.606366586538 -0.114633413462 0
v 0.6234375 -0.11484375 0
v 0.6234375 -0.0984375 0
v 0.60571875 -0.0984375 0
v 0.60659375 -0.08159375 0
v 0.6234375 -0.08071875 0
v 0.60659375 0.08159375 0
v 0.6234375 0.08071875 0
v 0.6234375 0.0984375 0
v 0.60571875 0.0984375 0
v 0.606366586538 0.114633413462 0
v 0.6234375 0.11484375 0
v 0.6234375 0.13125 0
v 0.60703125 0.13125 0
v 0.606698567708 0.147323567708 0
v 0.62278125 0.139453125 0
v 0.622125 0.14765625 0
v 0.62278125 0.155859375 0
v 0.6234375 0.1640625 0
v 0.615234375 0.16340625 0
v 0.60703125 0.16275 0
v 0.598828125 0.16340625 0
v 0.631640625 -0.13059375 0
v 0.63984375 -0.114517857143 0
v 0.63984375 -0.1299375 0
v 0.648046875 -0.13059375 0
v 0.65625 -0.13125 0
v 0.65625 -0.11484375 0
v 0.65625 -0.0984375 0
v 0.63984375 -0.0984375 0
v 0.639633413462 -0.0813665865385 0
v 0.65625 -0.08203125 0
v 0.639633413462 0.0813665865385 0
v 0.65625 0.08203125 0
v 0.65625 0.0984375 0
v 0.63984375 0.0984375 0
v 0.63984375 0.114517857143 0
v 0.65625 0.11484375 0
v 0.65625 0.13125 0
v 0.648046875 0.13059375 0
v 0.63984375 0.1299375 0
v 0.631640625 0.13059375 0
v 0.664453125 -0.13059375 0
v 0.672323567708 -0.114511067708 0
v 0.67265625 -0.1299375 0
v 0.680859375 -0.13059375 0
v 0.6890625 -0.13125 0
v 0.68840625 -0.123046875 0
v 0.68775 -0.11484375 0
v 0.68840625 -0.106640625 0
v 0.6890625 -0.0984375 0
v 0.67265625 -0.0984375 0
v 0.672866586538 -0.0813665865385 0
v 0.6890625 -0.08071875 0
v 0.672866586538 0.0813665865385 0
v 0.6890625 0.08071875 0
v 0.6890625 0.0984375 0
v 0.67265625 0.0984375 0
v 0.672323567708 0.114511067708 0
v 0.68840625 0.106640625 0
v 0.68775 0.11484375 0
v 0.68840625 0.123046875 0
v 0.6890625 0.13125 0
v 0.680859375 0.13059375 0
v 0.67265625 0.1299375 0
v 0.664453125 0.13059375 0
v 0.697265625 -0.09778125 0
v 0.705254289216 -0.0810404411765 0
v 0.70546875 -0.097125 0
v 0.713671875 -0.09778125 0
v 0.721875 -0.0984375 0
v 0.721875 -0.08203125 0
v 0.705254289216 0.0810404411765 0
v 0.721875 0.08203125 0
v 0.721875 0.0984375 0
v 0.713671875 0.09778125 0
v 0.70546875 0.097125 0
v 0.697265625 0.09778125 0
v 0.730078125 -0.09778125 0
v 0.737948567708 -0.0816985677083 0
v 0.73828125 -0.097125 0
v 0.746484375 -0.09778125 0
v 0.7546875 -0.0984375 0
v 0.75403125 -0.090234375 0
v 0.753375 -0.08203125 0
v 0.75403125 -0.073828125 0
v 0.7546875 -0.065625 0
v 0.73828125 -0.065625 0
v 0.737290441176 -0.0490042892157 0
v 0.75403125 -0.057421875 0
v 0.753375 -0.04921875 0
v 0.75403125 -0.041015625 0
v 0.7546875 -0.0328125 0
v 0.73696875 -0.0328125 0
v 0.737616586538 -0.0166165865385 0
v 0.7546875 -0.01640625 0
v 0.7546875 0 0
v 0.73828125 0 0
v 0.737616586538 0.0166165865385 0
v 0.7546875 0.01640625 0
v 0.7546875 0.0328125 0
v 0.73696875 0.0328125 0
v 0.737290441176 0.0490042892157 0
v 0.75403125 0.041015625 0
v 0.753375 0.04921875 0
v 0.75403125 0.057421875 0
v 0.7546875 0.065625 0
v 0.73828125 0.065625 0
v 0.737948567708 0.0816985677083 0
v 0.75403125 0.073828125 0
v 0.753375 0.08203125 0
v 0.75403125 0.090234375 0
v 0.7546875 0.0984375 0
v 0.746484375 0.09778125 0
v 0.73828125 0.097125 0
v 0.730078125 0.09778125 0
v 0.762890625 -0.03215625 0
v 0.770761067708 -0.0160735677083 0
v 0.77109375 -0.0315 0
v 0.779296875 -0.03215625 0
v 0.7875 -0.0328125 0
v 0.78684375 -0.024609375 0
v 0.7861875 -0.01640625 0
v 0.78684375 -0.008203125 0
v 0.7875 0 0
v 0.77109375 0 0
v 0.770761067708 0.0160735677083 0
v 0.78684375 0.008203125 0
v 0.7861875 0.01640625 0
v 0.78684375 0.024609375 0
v 0.7875 0.0328125 0
v 0.779296875 0.03215625 0
v 0.77109375 0.0315 0
v 0.762890625 0.03215625 0
v -0.672312545925 -0.46760883266 0
v -0.672132748809 -0.46333371003 0
v -0.673533484592 -0.461935681778 0
v -0.674323751042 -0.463374228967 0
v -0.671952951694 -0.459058587401 0
v -0.674143953926 -0.459099106338 0
v -0.676334956159 -0.459139625275 0
v -0.675922861636 -0.450069689838 0
v -0.679154220045 -0.451054187638 0
v -0.672304600847 -0.451013668701 0
v -0.67265625 -0.44296875 0
v -0.677314866966 -0.44296875 0
v -0.681973483932 -0.44296875 0
v -0.67821818139 -0.434343760216 0
v -0.683692346598 -0.434773585291 0
v -0.67265625 -0.434765625 0
v -0.67265625 -0.4265625 0
v -0.679033729632 -0.426570460291 0
v -0.685411209264 -0.426578420581 0
v -0.679419912029 -0.418220516374 0
v -0.686172764275 -0.418389756824 0
v -0.67265625 -0.418359375 0
v -0.67265625 -0.41015625 0
v -0.679795284644 -0.410178671533 0
v -0.686934319287 -0.410201093066 0
v -0.679769525665 -0.401960557936 0
v -0.686866552912 -0.401941924196 0
v -0.67265625 -0.401953125 0
v -0.67265625 -0.39375 0
v -0.679727518269 -0.393716377663 0
v -0.686798786537 -0.393682755327 0
v -0.679331385126 -0.385693936093 0
v -0.685999098312 -0.385513252663 0
v -0.67265625 -0.385546875 0
v -0.67265625 -0.37734375 0
v -0.678927830044 -0.37734375 0
v -0.685199410087 -0.37734375 0
v -0.678226560717 -0.369502877885 0
v -0.683732073326 -0.369140625 0
v -0.67265625 -0.369140625 0
v -0.67265625 -0.3609375 0
v -0.677460493282 -0.3609375 0
v -0.682264736564 -0.3609375 0
v -0.676515790581 -0.353490403453 0
v -0.680183518925 -0.352734375 0
v -0.67265625 -0.352734375 0
v -0.67265625 -0.34453125 0
v -0.675379275643 -0.34453125 0
v -0.678102301286 -0.34453125 0
v -0.673316307989 -0.337224004988 0
v -0.675632201687 -0.33684965345 0
v -0.670810804938 -0.33698730538 0
v -0.668965359877 -0.329443360759 0
v -0.671063730983 -0.329305708829 0
v -0.673162102089 -0.329168056899 0
v -0.67088234645 -0.326863674406 0
v -0.671840839736 -0.32557383123 0
v -0.66974246863 -0.32571148316 0
v -0.670519577384 -0.32197960556 0
v -0.670519577384 0.32197960556 0
v -0.66974246863 0.32571148316 0
v -0.67088234645 0.326863674406 0
v -0.671840839736 0.32557383123 0
v -0.668965359877 0.329443360759 0
v -0.671063730983 0.329305708829 0
v -0.673162102089 0.329168056899 0
v -0.673316307989 0.337224004988 0
v -0.675632201687 0.33684965345 0
v -0.670810804938 0.33698730538 0
v -0.67265625 0.34453125 0
v -0.675379275643 0.34453125 0
v -0.678102301286 0.34453125 0
v -0.676515790581 0.353490403453 0
v -0.680183518925 0.352734375 0
v -0.67265625 0.352734375 0
v -0.67265625 0.3609375 0
v -0.677460493282 0.3609375 0
v -0.682264736564 0.3609375 0
v -0.678226560717 0.369502877885 0
v -0.683732073326 0.369140625 0
v -0.67265625 0.369140625 0
v -0.67265625 0.37734375 0
v -0.678927830044 0.37734375 0
v -0.685199410087 0.37734375 0
v -0.679331385126 0.385693936093 0
v -0.685999098312 0.385513252663 0
v -0.67265625 0.385546875 0
v -0.67265625 0.39375 0
v -0.679727518269 0.393716377663 0
v -0.686798786537 0.393682755327 0
v -0.679769525665 0.401960557936 0
v -0.686866552912 0.401941924196 0
v -0.67265625 0.401953125 0
v -0.67265625 0.41015625 0
v -0.679795284644 0.410178671533 0
v -0.686934319287 0.410201093066 0
v -0.679419912029 0.418220516374 0
v -0.686172764275 0.418389756824 0
v -0.67265625 0.418359375 0
v -0.67265625 0.4265625 0
v -0.679033729632 0.426570460291 0
v -0.685411209264 0.426578420581 0
v -0.67821818139 0.434343760216 0
v -0.683692346598 0.434773585291 0
v -0.67265625 0.434765625 0
v -0.67265625 0.44296875 0
v -0.677314866966 0.44296875 0
v -0.681973483932 0.44296875 0
v -0.675922861636 0.450069689838 0
v -0.679154220045 0.451054187638 0
v -0.672304600847 0.451013668701 0
v -0.671952951694 0.459058587401 0
v -0.674143953926 0.459099106338 0
v -0.676334956159 0.459139625275 0
v -0.673533484592 0.461935681778 0
v -0.674323751042 0.463374228967 0
v -0.672132748809 0.46333371003 0
v -0.672312545925 0.46760883266 0
v -0.657936353508 -0.488922408017 0
v -0.657093176754 -0.482351829009 0
v -0.660595513262 -0.480161636006 0
v -0.662768269893 -0.482351829009 0
v -0.65625 -0.47578125 0
v -0.661925093139 -0.47578125 0
v -0.667600186277 -0.47578125 0
v -0.663752946927 -0.467095600367 0
v -0.669956366101 -0.47169504133 0
v -0.65625 -0.467578125 0
v -0.664101475847 -0.459216793701 0
v -0.663917373712 -0.450930222653 0
v -0.663796875 -0.44296875 0
v -0.664120793269 -0.434870793269 0
v -0.664453125 -0.4265625 0
v -0.66412079327 -0.418254206731 0
v -0.663796875 -0.41015625 0
v -0.664120793269 -0.402058293269 0
v -0.664453125 -0.39375 0
v -0.664120793269 -0.385441706731 0
v -0.663796875 -0.37734375 0
v -0.664120793269 -0.369245793269 0
v -0.664453125 -0.3609375 0
v -0.664120793269 -0.352629206731 0
v -0.663796875 -0.34453125 0
v -0.66311159396 -0.337093844254 0
v -0.662607679938 -0.32878418038 0
v -0.662759638697 -0.320616095327 0
v -0.65625 -0.319921875 0
v -0.65625 -0.31171875 0
v -0.661321849011 -0.31171875 0
v -0.666393698022 -0.31171875 0
v -0.668456637703 -0.31684917778 0
v -0.659750219519 -0.305037047473 0
v -0.662701873731 -0.303571236346 0
v -0.656108786128 -0.303583635127 0
v -0.655967572257 -0.295448520254 0
v -0.657488810848 -0.295436121473 0
v -0.659010049439 -0.295423722692 0
v -0.657015691833 -0.293451129499 0
v -0.657539751624 -0.292452434123 0
v -0.656018513033 -0.292464832903 0
v -0.656069453809 -0.289481145553 0
v -0.656069453809 0.289481145553 0
v -0.656018513033 0.292464832903 0
v -0.657015691833 0.293451129499 0
v -0.657539751624 0.292452434123 0
v -0.655967572257 0.295448520254 0
v -0.657488810848 0.295436121473 0
v -0.659010049439 0.295423722692 0
v -0.659750219519 0.305037047473 0
v -0.662701873731 0.303571236346 0
v -0.656108786128 0.303583635127 0
v -0.65625 0.31171875 0
v -0.661321849011 0.31171875 0
v -0.666393698022 0.31171875 0
v -0.662759638697 0.320616095327 0
v -0.668456637703 0.31684917778 0
v -0.65625 0.319921875 0
v -0.662607679938 0.32878418038 0
v -0.66311159396 0.337093844254 0
v -0.663796875 0.34453125 0
v -0.664120793269 0.352629206731 0
v -0.664453125 0.3609375 0
v -0.664120793269 0.369245793269 0
v -0.663796875 0.37734375 0
v -0.664120793269 0.385441706731 0
v -0.664453125 0.39375 0
v -0.664120793269 0.402058293269 0
v -0.663796875 0.41015625 0
v -0.66412079327 0.418254206731 0
v -0.664453125 0.4265625 0
v -0.664120793269 0.434870793269 0
v -0.663796875 0.44296875 0
v -0.663917373712 0.450930222653 0
v -0.664101475847 0.459216793701 0
v -0.663752946926 0.467095600367 0
v -0.65625 0.467578125 0
v -0.65625 0.47578125 0
v -0.661925093139 0.47578125 0
v -0.667600186277 0.47578125 0
v -0.669956366101 0.47169504133 0
v -0.660595513262 0.480161636006 0
v -0.662768269893 0.482351829009 0
v -0.657093176754 0.482351829009 0
v -0.657936353508 0.488922408017 0
v -0.640756799907 -0.50542387133 0
v -0.640300274953 -0.498805685665 0
v -0.644727293772 -0.49712516623 0
v -0.647169065659 -0.499593999345 0
v -0.63984375 -0.4921875 0
v -0.646712540706 -0.49297581368 0
v -0.653581331412 -0.49376412736 0
v -0.648460900726 -0.484368562693 0
v -0.65575884246 -0.491343267689 0
v -0.63984375 -0.483984375 0
v -0.63984375 -0.47578125 0
v -0.648046875 -0.47578125 0
v -0.647941706731 -0.467245793269 0
v -0.63984375 -0.466921875 0
v -0.647941706731 -0.320254206731 0
v -0.63984375 -0.320578125 0
v -0.63984375 -0.31171875 0
v -0.648046875 -0.31171875 0
v -0.647965090644 -0.30357332331 0
v -0.63984375 -0.303515625 0
v -0.63984375 -0.2953125 0
v -0.647905661128 -0.295380510127 0
v -0.647185178998 -0.28771785792 0
v -0.63984375 -0.287109375 0
v -0.63984375 -0.27890625 0
v -0.645179761114 -0.27890625 0
v -0.650515772228 -0.27890625 0
v -0.653292613019 -0.284193697776 0
v -0.642910561888 -0.272428780519 0
v -0.64609117882 -0.271173573829 0
v -0.638859753003 -0.271295862834 0
v -0.637875756006 -0.263685475668 0
v -0.639771170709 -0.263563186663 0
v -0.641666585412 -0.263440897658 0
v -0.639343168409 -0.261782176061 0
v -0.640076874615 -0.26083052626 0
v -0.638181459912 -0.260952815264 0
v -0.638487163819 -0.258220154861 0
v -0.638487163819 0.258220154861 0
v -0.638181459912 0.260952815264 0
v -0.639343168409 0.261782176061 0
v -0.640076874615 0.26083052626 0
v -0.637875756006 0.263685475668 0
v -0.639771170709 0.263563186663 0
v -0.641666585412 0.263440897658 0
v -0.642910561888 0.272428780519 0
v -0.64609117882 0.271173573829 0
v -0.638859753003 0.271295862834 0
v -0.63984375 0.27890625 0
v -0.645179761114 0.27890625 0
v -0.650515772228 0.27890625 0
v -0.647185178998 0.287717857921 0
v -0.653292613019 0.284193697776 0
v -0.63984375 0.287109375 0
v -0.63984375 0.2953125 0
v -0.647905661128 0.295380510127 0
v -0.647965090644 0.30357332331 0
v -0.63984375 0.303515625 0
v -0.63984375 0.31171875 0
v -0.648046875 0.31171875 0
v -0.647941706731 0.320254206731 0
v -0.63984375 0.320578125 0
v -0.647941706731 0.467245793269 0
v -0.63984375 0.466921875 0
v -0.63984375 0.47578125 0
v -0.648046875 0.47578125 0
v -0.648460900726 0.484368562693 0
v -0.63984375 0.483984375 0
v -0.63984375 0.4921875 0
v -0.646712540706 0.49297581368 0
v -0.653581331412 0.49376412736 0
v -0.65575884246 0.491343267689 0
v -0.644727293772 0.49712516623 0
v -0.647169065659 0.499593999345 0
v -0.640300274953 0.498805685665 0
v -0.640756799907 0.50542387133 0
v -0.6234375 -0.516920557296 0
v -0.6234375 -0.512757153648 0
v -0.627295481552 -0.511733568902 0
v -0.62922447233 -0.513303478354 0
v -0.6234375 -0.50859375 0
v -0.62922447233 -0.509140074706 0
v -0.635011444659 -0.509686399413 0
v -0.631728285729 -0.50051839652 0
v -0.637884122283 -0.507555135371 0
v -0.6234375 -0.500390625 0
v -0.631640625 -0.4921875 0
v -0.631308293269 -0.483879206731 0
v -0.630984375 -0.47578125 0
v -0.631421875 -0.467359375 0
v -0.631421875 -0.320140625 0
v -0.630984375 -0.31171875 0
v -0.631308293269 -0.303620793269 0
v -0.631640625 -0.2953125 0
v -0.631308293269 -0.287004206731 0
v -0.630984375 -0.27890625 0
v -0.630715343428 -0.271266499982 0
v -0.630656628003 -0.263092737834 0
v -0.629895936488 -0.255564070223 0
v -0.6234375 -0.254296875 0
v -0.6234375 -0.24609375 0
v -0.627085203727 -0.24609375 0
v -0.630732907455 -0.24609375 0
v -0.634610035637 -0.25215695243 0
v -0.625869302485 -0.242513359291 0
v -0.627085203727 -0.240723163936 0
v -0.6234375 -0.240723163936 0
v -0.6234375 -0.235352577873 0
v -0.6234375 0.235352577873 0
v -0.6234375 0.240723163936 0
v -0.625869302485 0.242513359291 0
v -0.627085203727 0.240723163936 0
v -0.6234375 0.24609375 0
v -0.627085203727 0.24609375 0
v -0.630732907455 0.24609375 0
v -0.629895936488 0.255564070223 0
v -0.634610035637 0.25215695243 0
v -0.6234375 0.254296875 0
v -0.630656628003 0.263092737834 0
v -0.630715343428 0.271266499982 0
v -0.630984375 0.27890625 0
v -0.631308293269 0.287004206731 0
v -0.631640625 0.2953125 0
v -0.631308293269 0.303620793269 0
v -0.630984375 0.31171875 0
v -0.631421875 0.320140625 0
v -0.631421875 0.467359375 0
v -0.630984375 0.47578125 0
v -0.631308293269 0.483879206731 0
v -0.631640625 0.4921875 0
v -0.631728285729 0.50051839652 0
v -0.6234375 0.500390625 0
v -0.6234375 0.50859375 0
v -0.62922447233 0.509140074706 0
v -0.635011444659 0.509686399413 0
v -0.637884122283 0.507555135371 0
v -0.627295481552 0.511733568902 0
v -0.62922447233 0.513303478354 0
v -0.6234375 0.512757153648 0
v -0.6234375 0.516920557296 0
v -0.60816553466 -0.524292529686 0
v -0.60759839233 -0.516443139843 0
v -0.614685732264 -0.514744122542 0
v -0.61580151733 -0.520606543491 0
v -0.60703125 -0.50859375 0
v -0.615234375 -0.50859375 0
v -0.615129206731 -0.500058293269 0
v -0.60703125 -0.499734375 0
v -0.615129206731 -0.254629206731 0
v -0.60703125 -0.254953125 0
v -0.60703125 -0.24609375 0
v -0.615234375 -0.24609375 0
v -0.614931993896 -0.238168680996 0
v -0.60703125 -0.237890625 0
v -0.60703125 -0.2296875 0
v -0.613230485822 -0.2296875 0
v -0.619429721643 -0.2296875 0
v -0.621433610822 -0.232520038936 0
v -0.610302922667 -0.223561459998 0
v -0.61400913846 -0.222382516867 0
v -0.605509027091 -0.22266085485 0
v -0.603986804182 -0.2156342097 0
v -0.60628767973 -0.215355871717 0
v -0.608588555277 -0.215077533734 0
v -0.605811239698 -0.213658539628 0
v -0.60672345746 -0.212670704594 0
v -0.604422581912 -0.212949042577 0
v -0.604858359642 -0.210263875454 0
v -0.604858359642 0.210263875454 0
v -0.604422581912 0.212949042577 0
v -0.605811239698 0.213658539628 0
v -0.60672345746 0.212670704594 0
v -0.603986804182 0.2156342097 0
v -0.60628767973 0.215355871717 0
v -0.608588555277 0.215077533734 0
v -0.610302922667 0.223561459998 0
v -0.61400913846 0.222382516867 0
v -0.605509027091 0.22266085485 0
v -0.60703125 0.2296875 0
v -0.613230485822 0.2296875 0
v -0.619429721643 0.2296875 0
v -0.614931993896 0.238168680996 0
v -0.621433610822 0.232520038936 0
v -0.60703125 0.237890625 0
v -0.60703125 0.24609375 0
v -0.615234375 0.24609375 0
v -0.615129206731 0.254629206731 0
v -0.60703125 0.254953125 0
v -0.615129206731 0.500058293269 0
v -0.60703125 0.499734375 0
v -0.60703125 0.50859375 0
v -0.615234375 0.50859375 0
v -0.614685732264 0.514744122542 0
v -0.60759839233 0.516443139843 0
v -0.60816553466 0.524292529686 0
v -0.61580151733 0.520606543491 0
v -0.590625 -0.530426268688 0
v -0.590625 -0.527713134344 0
v -0.594077673556 -0.527499073288 0
v -0.595804010335 -0.528748609932 0
v -0.590625 -0.525 0
v -0.595804010335 -0.526035475588 0
v -0.600983020671 -0.527070951176 0
v -0.599119178154 -0.517360481801 0
v -0.604574277665 -0.525681740431 0
v -0.590625 -0.516796875 0
v -0.590625 -0.50859375 0
v -0.598828125 -0.50859375 0
v -0.598933293269 -0.500058293269 0
v -0.590625 -0.500390625 0
v -0.598609375 -0.254515625 0
v -0.598171875 -0.24609375 0
v -0.598495793269 -0.237995793269 0
v -0.598828125 -0.2296875 0
v -0.597882278388 -0.222337663561 0
v -0.590625 -0.221484375 0
v -0.590625 -0.21328125 0
v -0.597305902091 -0.21445772985 0
v -0.596449619624 -0.207397690015 0
v -0.590625 -0.205078125 0
v -0.590625 -0.196875 0
v -0.592349971839 -0.196875 0
v -0.594074943678 -0.196875 0
v -0.59946665166 -0.203569437727 0
v -0.591774981226 -0.195496952779 0
v -0.592349971839 -0.194807929169 0
v -0.590625 -0.194807929169 0
v -0.590625 -0.192740858338 0
v -0.590625 0.192740858338 0
v -0.590625 0.194807929169 0
v -0.591774981226 0.195496952779 0
v -0.592349971839 0.194807929169 0
v -0.590625 0.196875 0
v -0.592349971839 0.196875 0
v -0.594074943678 0.196875 0
v -0.596449619624 0.207397690015 0
v -0.59946665166 0.203569437727 0
v -0.590625 0.205078125 0
v -0.590625 0.21328125 0
v -0.597305902091 0.21445772985 0
v -0.597882278388 0.222337663561 0
v -0.590625 0.221484375 0
v -0.598828125 0.2296875 0
v -0.598495793269 0.237995793269 0
v -0.598171875 0.24609375 0
v -0.598609375 0.254515625 0
v -0.598933293269 0.500058293269 0
v -0.590625 0.500390625 0
v -0.590625 0.50859375 0
v -0.598828125 0.50859375 0
v -0.599119178154 0.517360481802 0
v -0.590625 0.516796875 0
v -0.590625 0.525 0
v -0.595804010335 0.526035475588 0
v -0.600983020671 0.527070951176 0
v -0.604574277665 0.525681740431 0
v -0.594077673556 0.527499073288 0
v -0.595804010335 0.528748609932 0
v -0.590625 0.527713134344 0
v -0.590625 0.530426268688 0
v -0.57421875 -0.534385164132 0
v -0.57421875 -0.529692582066 0
v -0.581691013587 -0.528791038134 0
v -0.582421875 -0.53240571641 0
v -0.57421875 -0.525 0
v -0.582421875 -0.525 0
v -0.582421875 -0.516796875 0
v -0.57421875 -0.516796875 0
v -0.57421875 -0.50859375 0
v -0.582421875 -0.50859375 0
v -0.582316706731 -0.500058293269 0
v -0.57421875 -0.499734375 0
v -0.582316706731 -0.221816706731 0
v -0.57421875 -0.222140625 0
v -0.57421875 -0.21328125 0
v -0.582421875 -0.21328125 0
v -0.582421875 -0.205078125 0
v -0.57421875 -0.205078125 0
v -0.57421875 -0.196875 0
v -0.582421875 -0.196875 0
v -0.580936178931 -0.189977537853 0
v -0.57421875 -0.188671875 0
v -0.57421875 -0.18046875 0
v -0.577136391785 -0.18046875 0
v -0.580054033569 -0.18046875 0
v -0.585339516785 -0.186604804169 0
v -0.576163844523 -0.178287682286 0
v -0.577136391785 -0.17719714843 0
v -0.57421875 -0.17719714843 0
v -0.57421875 -0.173925546859 0
v -0.57421875 0.173925546859 0
v -0.57421875 0.17719714843 0
v -0.576163844523 0.178287682286 0
v -0.577136391785 0.17719714843 0
v -0.57421875 0.18046875 0
v -0.577136391785 0.18046875 0
v -0.580054033569 0.18046875 0
v -0.58093617893 0.189977537853 0
v -0.585339516785 0.186604804169 0
v -0.57421875 0.188671875 0
v -0.57421875 0.196875 0
v -0.582421875 0.196875 0
v -0.582421875 0.205078125 0
v -0.57421875 0.205078125 0
v -0.57421875 0.21328125 0
v -0.582421875 0.21328125 0
v -0.582316706731 0.221816706731 0
v -0.57421875 0.222140625 0
v -0.582316706731 0.500058293269 0
v -0.57421875 0.499734375 0
v -0.57421875 0.50859375 0
v -0.582421875 0.50859375 0
v -0.582421875 0.516796875 0
v -0.57421875 0.516796875 0
v -0.57421875 0.525 0
v -0.582421875 0.525 0
v -0.581691013587 0.528791038134 0
v -0.57421875 0.529692582066 0
v -0.57421875 0.534385164132 0
v -0.582421875 0.53240571641 0
v -0.5578125 -0.53693332985 0
v -0.5578125 -0.530966664925 0
v -0.5656887895 -0.530355005012 0
v -0.566015625 -0.535659246991 0
v -0.5578125 -0.525 0
v -0.566015625 -0.525 0
v -0.566015625 -0.516796875 0
v -0.5578125 -0.516796875 0
v -0.5578125 -0.50859375 0
v -0.566015625 -0.50859375 0
v -0.566120793269 -0.500058293269 0
v -0.5578125 -0.500390625 0
v -0.565796875 -0.221703125 0
v -0.565359375 -0.21328125 0
v -0.565683293269 -0.205183293269 0
v -0.566015625 -0.196875 0
v -0.566015625 -0.188671875 0
v -0.5578125 -0.188671875 0
v -0.5578125 -0.18046875 0
v -0.566015625 -0.18046875 0
v -0.56498456955 -0.173242941129 0
v -0.5578125 -0.172265625 0
v -0.5578125 -0.1640625 0
v -0.561489527014 -0.1640625 0
v -0.565166554028 -0.1640625 0
v -0.569692652014 -0.16899402343 0
v -0.560263851343 -0.161468685915 0
v -0.561489527014 -0.160171778872 0
v -0.5578125 -0.160171778872 0
v -0.5578125 -0.156281057743 0
v -0.5578125 0.156281057743 0
v -0.5578125 0.160171778872 0
v -0.560263851343 0.161468685915 0
v -0.561489527014 0.160171778872 0
v -0.5578125 0.1640625 0
v -0.561489527014 0.1640625 0
v -0.565166554028 0.1640625 0
v -0.56498456955 0.17324294113 0
v -0.569692652014 0.16899402343 0
v -0.5578125 0.172265625 0
v -0.5578125 0.18046875 0
v -0.566015625 0.18046875 0
v -0.566015625 0.188671875 0
v -0.5578125 0.188671875 0
v -0.566015625 0.196875 0
v -0.565683293269 0.205183293269 0
v -0.565359375 0.21328125 0
v -0.565796875 0.221703125 0
v -0.566120793269 0.500058293269 0
v -0.5578125 0.500390625 0
v -0.5578125 0.50859375 0
v -0.566015625 0.50859375 0
v -0.566015625 0.516796875 0
v -0.5578125 0.516796875 0
v -0.5578125 0.525 0
v -0.566015625 0.525 0
v -0.5656887895 0.530355005012 0
v -0.5578125 0.530966664925 0
v -0.5578125 0.53693332985 0
v -0.566015625 0.535659246991 0
v -0.54140625 -0.538277950724 0
v -0.54140625 -0.531638975362 0
v -0.54946353958 -0.531308796322 0
v -0.549609375 -0.537605640287 0
v -0.54140625 -0.525 0
v -0.549609375 -0.525 0
v -0.549609375 -0.516796875 0
v -0.54140625 -0.516796875 0
v -0.54140625 -0.50859375 0
v -0.549609375 -0.50859375 0
v -0.549504206731 -0.500058293269 0
v -0.54140625 -0.499734375 0
v -0.549504206731 -0.189004206731 0
v -0.54140625 -0.189328125 0
v -0.54140625 -0.18046875 0
v -0.549609375 -0.18046875 0
v -0.549609375 -0.172265625 0
v -0.54140625 -0.172265625 0
v -0.54140625 -0.1640625 0
v -0.549609375 -0.1640625 0
v -0.548771538846 -0.156683687243 0
v -0.54140625 -0.155859375 0
v -0.54140625 -0.14765625 0
v -0.545428094903 -0.14765625 0
v -0.549449939805 -0.14765625 0
v -0.553631219903 -0.151968653872 0
v -0.544087479935 -0.144957520912 0
v -0.545428094903 -0.143608156368 0
v -0.54140625 -0.143608156368 0
v -0.54140625 -0.139560062736 0
v -0.54140625 0.139560062736 0
v -0.54140625 0.143608156368 0
v -0.544087479935 0.144957520912 0
v -0.545428094903 0.143608156368 0
v -0.54140625 0.14765625 0
v -0.545428094903 0.14765625 0
v -0.549449939805 0.14765625 0
v -0.548771538846 0.156683687243 0
v -0.553631219903 0.151968653872 0
v -0.54140625 0.155859375 0
v -0.54140625 0.1640625 0
v -0.549609375 0.1640625 0
v -0.549609375 0.172265625 0
v -0.54140625 0.172265625 0
v -0.54140625 0.18046875 0
v -0.549609375 0.18046875 0
v -0.549504206731 0.189004206731 0
v -0.54140625 0.189328125 0
v -0.549504206731 0.500058293269 0
v -0.54140625 0.499734375 0
v -0.54140625 0.50859375 0
v -0.549609375 0.50859375 0
v -0.549609375 0.516796875 0
v -0.54140625 0.516796875 0
v -0.54140625 0.525 0
v -0.549609375 0.525 0
v -0.54946353958 0.531308796322 0
v -0.54140625 0.531638975362 0
v -0.54140625 0.538277950724 0
v -0.549609375 0.537605640287 0
v -0.524998676567 -0.538569723016 0
v -0.524999338283 -0.531784861508 0
v -0.533173077774 -0.531712271919 0
v -0.533202463283 -0.53842383687 0
v -0.525 -0.525 0
v -0.533203125 -0.525 0
v -0.533203125 -0.516796875 0
v -0.525 -0.516796875 0
v -0.525 -0.50859375 0
v -0.533203125 -0.50859375 0
v -0.533308293269 -0.500058293269 0
v -0.525 -0.500390625 0
v -0.532984375 -0.188890625 0
v -0.532546875 -0.18046875 0
v -0.532870793269 -0.172370793269 0
v -0.533203125 -0.1640625 0
v -0.533203125 -0.155859375 0
v -0.525 -0.155859375 0
v -0.525 -0.14765625 0
v -0.533203125 -0.14765625 0
v -0.532395735989 -0.14026698531 0
v -0.525 -0.139453125 0
v -0.525 -0.13125 0
v -0.528983292754 -0.13125 0
v -0.532966585509 -0.13125 0
v -0.537186417754 -0.135405031368 0
v -0.527655528503 -0.128685343926 0
v -0.528983292754 -0.12740301589 0
v -0.525 -0.12740301589 0
v -0.525 -0.123556031779 0
v -0.525 0.123556031779 0
v -0.525 0.12740301589 0
v -0.527655528503 0.128685343926 0
v -0.528983292754 0.12740301589 0
v -0.525 0.13125 0
v -0.528983292754 0.13125 0
v -0.532966585509 0.13125 0
v -0.532395735989 0.14026698531 0
v -0.537186417754 0.135405031368 0
v -0.525 0.139453125 0
v -0.525 0.14765625 0
v -0.533203125 0.14765625 0
v -0.533203125 0.155859375 0
v -0.525 0.155859375 0
v -0.533203125 0.1640625 0
v -0.532870793269 0.172370793269 0
v -0.532546875 0.18046875 0
v -0.532984375 0.188890625 0
v -0.533308293269 0.500058293269 0
v -0.525 0.500390625 0
v -0.525 0.50859375 0
v -0.533203125 0.50859375 0
v -0.533203125 0.516796875 0
v -0.525 0.516796875 0
v -0.525 0.525 0
v -0.533203125 0.525 0
v -0.533173077774 0.531712271919 0
v -0.524999338283 0.531784861508 0
v -0.524998676567 0.538569723016 0
v -0.533202463283 0.53842383687 0
v -0.50859375 -0.537922376036 0
v -0.50859375 -0.531461188018 0
v -0.516863359827 -0.53162425613 0
v -0.516796213283 -0.538246049526 0
v -0.50859375 -0.525 0
v -0.516796875 -0.525 0
v -0.516796875 -0.516796875 0
v -0.50859375 -0.516796875 0
v -0.50859375 -0.50859375 0
v -0.516796875 -0.50859375 0
v -0.516691706731 -0.500058293269 0
v -0.50859375 -0.499734375 0
v -0.516691706731 -0.156191706731 0
v -0.50859375 -0.156515625 0
v -0.50859375 -0.14765625 0
v -0.516796875 -0.14765625 0
v -0.516796875 -0.139453125 0
v -0.50859375 -0.139453125 0
v -0.50859375 -0.13125 0
v -0.516796875 -0.13125 0
v -0.51589956375 -0.123971255671 0
v -0.50859375 -0.123046875 0
v -0.50859375 -0.11484375 0
v -0.5122079701 -0.11484375 0
v -0.515822190199 -0.11484375 0
v -0.5204110951 -0.11919989089 0
v -0.511003230066 -0.112587168175 0
v -0.5122079701 -0.111458877262 0
v -0.50859375 -0.111458877262 0
v -0.50859375 -0.108074004523 0
v -0.50859375 0.108074004523 0
v -0.50859375 0.111458877262 0
v -0.511003230066 0.112587168175 0
v -0.5122079701 0.111458877262 0
v -0.50859375 0.11484375 0
v -0.5122079701 0.11484375 0
v -0.515822190199 0.11484375 0
v -0.51589956375 0.123971255671 0
v -0.5204110951 0.11919989089 0
v -0.50859375 0.123046875 0
v -0.50859375 0.13125 0
v -0.516796875 0.13125 0
v -0.516796875 0.139453125 0
v -0.50859375 0.139453125 0
v -0.50859375 0.14765625 0
v -0.516796875 0.14765625 0
v -0.516691706731 0.156191706731 0
v -0.50859375 0.156515625 0
v -0.516691706731 0.500058293269 0
v -0.50859375 0.499734375 0
v -0.50859375 0.50859375 0
v -0.516796875 0.50859375 0
v -0.516796875 0.516796875 0
v -0.50859375 0.516796875 0
v -0.50859375 0.525 0
v -0.516796875 0.525 0
v -0.516863359827 0.53162425613 0
v -0.50859375 0.531461188018 0
v -0.50859375 0.537922376036 0
v -0.516796213283 0.538246049526 0
v -0.4921875 -0.536424123805 0
v -0.4921875 -0.530712061902 0
v -0.500558894914 -0.531094308336 0
v -0.500390625 -0.53717324992 0
v -0.4921875 -0.525 0
v -0.500390625 -0.525 0
v -0.500390625 -0.516796875 0
v -0.4921875 -0.516796875 0
v -0.4921875 -0.50859375 0
v -0.500390625 -0.50859375 0
v -0.500495793269 -0.500058293269 0
v -0.4921875 -0.500390625 0
v -0.500171875 -0.156078125 0
v -0.499734375 -0.14765625 0
v -0.500058293269 -0.139558293269 0
v -0.500390625 -0.13125 0
v -0.500390625 -0.123046875 0
v -0.4921875 -0.123046875 0
v -0.4921875 -0.11484375 0
v -0.500390625 -0.11484375 0
v -0.49930728366 -0.10778195302 0
v -0.4921875 -0.106640625 0
v -0.4921875 -0.0984375 0
v -0.49519201449 -0.0984375 0
v -0.49819652898 -0.0984375 0
v -0.50339513949 -0.103255752262 0
v -0.49419050966 -0.0965916781329 0
v -0.49519201449 -0.0956687671994 0
v -0.4921875 -0.0956687671994 0
v -0.4921875 -0.0929000343988 0
v -0.4921875 0.0929000343988 0
v -0.4921875 0.0956687671994 0
v -0.49419050966 0.0965916781329 0
v -0.49519201449 0.0956687671994 0
v -0.4921875 0.0984375 0
v -0.49519201449 0.0984375 0
v -0.49819652898 0.0984375 0
v -0.49930728366 0.10778195302 0
v -0.50339513949 0.103255752262 0
v -0.4921875 0.106640625 0
v -0.4921875 0.11484375 0
v -0.500390625 0.11484375 0
v -0.500390625 0.123046875 0
v -0.4921875 0.123046875 0
v -0.500390625 0.13125 0
v -0.500058293269 0.139558293269 0
v -0.499734375 0.14765625 0
v -0.500171875 0.156078125 0
v -0.500495793269 0.500058293269 0
v -0.4921875 0.500390625 0
v -0.4921875 0.50859375 0
v -0.500390625 0.50859375 0
v -0.500390625 0.516796875 0
v -0.4921875 0.516796875 0
v -0.4921875 0.525 0
v -0.500390625 0.525 0
v -0.500558894914 0.531094308336 0
v -0.4921875 0.530712061902 0
v -0.4921875 0.536424123805 0
v -0.500390625 0.53717324992 0
v -0.47578125 -0.534145167866 0
v -0.47578125 -0.529572583933 0
v -0.484287327588 -0.530163364155 0
v -0.483984375 -0.535284645835 0
v -0.47578125 -0.525 0
v -0.483984375 -0.525 0
v -0.483984375 -0.516796875 0
v -0.47578125 -0.516796875 0
v -0.47578125 -0.50859375 0
v -0.483984375 -0.50859375 0
v -0.483879206731 -0.500058293269 0
v -0.47578125 -0.499734375 0
v -0.483879206731 -0.123379206731 0
v -0.47578125 -0.123703125 0
v -0.47578125 -0.11484375 0
v -0.483984375 -0.11484375 0
v -0.483984375 -0.106640625 0
v -0.47578125 -0.106640625 0
v -0.47578125 -0.0984375 0
v -0.483984375 -0.0984375 0
v -0.482649338352 -0.0916656178471 0
v -0.47578125 -0.090234375 0
v -0.47578125 -0.08203125 0
v -0.478088170887 -0.08203125 0
v -0.480395091773 -0.08203125 0
v -0.486291295887 -0.0874656421994 0
v -0.477319197258 -0.080605097984 0
v -0.478088170887 -0.079892021976 0
v -0.47578125 -0.079892021976 0
v -0.47578125 -0.0777527939519 0
v -0.47578125 0.0777527939519 0
v -0.47578125 0.079892021976 0
v -0.477319197258 0.080605097984 0
v -0.478088170887 0.079892021976 0
v -0.47578125 0.08203125 0
v -0.478088170887 0.08203125 0
v -0.480395091773 0.08203125 0
v -0.482649338352 0.0916656178471 0
v -0.486291295887 0.0874656421994 0
v -0.47578125 0.090234375 0
v -0.47578125 0.0984375 0
v -0.483984375 0.0984375 0
v -0.483984375 0.106640625 0
v -0.47578125 0.106640625 0
v -0.47578125 0.11484375 0
v -0.483984375 0.11484375 0
v -0.483879206731 0.123379206731 0
v -0.47578125 0.123703125 0
v -0.483879206731 0.500058293269 0
v -0.47578125 0.499734375 0
v -0.47578125 0.50859375 0
v -0.483984375 0.50859375 0
v -0.483984375 0.516796875 0
v -0.47578125 0.516796875 0
v -0.47578125 0.525 0
v -0.483984375 0.525 0
v -0.484287327588 0.530163364155 0
v -0.47578125 0.529572583933 0
v -0.47578125 0.534145167866 0
v -0.483984375 0.535284645835 0
v -0.459375 -0.531142502126 0
v -0.459375 -0.528071251063 0
v -0.468115186183 -0.528871063866 0
v -0.467578125 -0.532643834996 0
v -0.459375 -0.525 0
v -0.467578125 -0.525 0
v -0.467578125 -0.516796875 0
v -0.459375 -0.516796875 0
v -0.459375 -0.50859375 0
v -0.467578125 -0.50859375 0
v -0.467683293269 -0.500058293269 0
v -0.459375 -0.500390625 0
v -0.467359375 -0.123265625 0
v -0.466921875 -0.11484375 0
v -0.467245793269 -0.106745793269 0
v -0.467578125 -0.0984375 0
v -0.467578125 -0.090234375 0
v -0.459375 -0.090234375 0
v -0.459375 -0.08203125 0
v -0.467578125 -0.08203125 0
v -0.465981111738 -0.0755229258864 0
v -0.459375 -0.073828125 0
v -0.459375 -0.065625 0
v -0.461154143198 -0.065625 0
v -0.462933286397 -0.065625 0
v -0.469357268198 -0.071688896976 0
v -0.460561095465 -0.0644745857945 0
v -0.461154143198 -0.0638993786918 0
v -0.459375 -0.0638993786918 0
v -0.459375 -0.0621737573837 0
v -0.459375 0.0621737573837 0
v -0.459375 0.0638993786918 0
v -0.460561095465 0.0644745857945 0
v -0.461154143198 0.0638993786918 0
v -0.459375 0.065625 0
v -0.461154143198 0.065625 0
v -0.462933286397 0.065625 0
v -0.465981111738 0.0755229258864 0
v -0.469357268198 0.071688896976 0
v -0.459375 0.073828125 0
v -0.459375 0.08203125 0
v -0.467578125 0.08203125 0
v -0.467578125 0.090234375 0
v -0.459375 0.090234375 0
v -0.467578125 0.0984375 0
v -0.467245793269 0.106745793269 0
v -0.466921875 0.11484375 0
v -0.467359375 0.123265625 0
v -0.467683293269 0.500058293269 0
v -0.459375 0.500390625 0
v -0.459375 0.50859375 0
v -0.467578125 0.50859375 0
v -0.467578125 0.516796875 0
v -0.459375 0.516796875 0
v -0.459375 0.525 0
v -0.467578125 0.525 0
v -0.468115186183 0.528871063866 0
v -0.459375 0.528071251063 0
v -0.459375 0.531142502126 0
v -0.467578125 0.532643834996 0
v -0.442979881609 -0.527466039481 0
v -0.442980888001 -0.526205726737 0
v -0.452320182087 -0.527268529687 0
v -0.451177440805 -0.529304270804 0
v -0.442981894392 -0.524945413992 0
v -0.451178447196 -0.524972706996 0
v -0.451179717075 -0.516782140275 0
v -0.442975322196 -0.516769581996 0
v -0.44296875 -0.50859375 0
v -0.451171875 -0.50859375 0
v -0.451066706731 -0.500058293269 0
v -0.44296875 -0.499734375 0
v -0.451066706731 -0.0905667067308 0
v -0.44296875 -0.090890625 0
v -0.44296875 -0.08203125 0
v -0.451171875 -0.08203125 0
v -0.451171875 -0.073828125 0
v -0.44296875 -0.073828125 0
v -0.44296875 -0.065625 0
v -0.451171875 -0.065625 0
v -0.449423849492 -0.0591344987421 0
v -0.44296875 -0.057421875 0
v -0.44296875 -0.04921875 0
v -0.444814825434 -0.04921875 0
v -0.446660900868 -0.04921875 0
v -0.453017950434 -0.0556962536918 0
v -0.444199466956 -0.0478691624731 0
v -0.444814825434 -0.0471943687097 0
v -0.44296875 -0.0471943687097 0
v -0.44296875 -0.0451699874195 0
v -0.44296875 0.0451699874195 0
v -0.44296875 0.0471943687097 0
v -0.444199466956 0.0478691624731 0
v -0.444814825434 0.0471943687097 0
v -0.44296875 0.04921875 0
v -0.444814825434 0.04921875 0
v -0.446660900868 0.04921875 0
v -0.449423849492 0.0591344987421 0
v -0.453017950434 0.0556962536918 0
v -0.44296875 0.057421875 0
v -0.44296875 0.065625 0
v -0.451171875 0.065625 0
v -0.451171875 0.073828125 0
v -0.44296875 0.073828125 0
v -0.44296875 0.08203125 0
v -0.451171875 0.08203125 0
v -0.451066706731 0.0905667067308 0
v -0.44296875 0.090890625 0
v -0.451066706731 0.500058293269 0
v -0.44296875 0.499734375 0
v -0.44296875 0.50859375 0
v -0.451171875 0.50859375 0
v -0.451179717075 0.516782140275 0
v -0.442975322196 0.516769581996 0
v -0.442981894392 0.524945413992 0
v -0.451178447196 0.524972706996 0
v -0.452320182087 0.527268529687 0
v -0.442980888001 0.526205726737 0
v -0.442979881609 0.527466039481 0
v -0.451177440805 0.529304270804 0
v -0.434958891685 -0.525433546101 0
v -0.438970393038 -0.525189480046 0
v -0.440306889228 -0.52594833319 0
v -0.438969386647 -0.526449792791 0
v -0.434871801318 -0.516685970723 0
v -0.430646940072 -0.524258443417 0
v -0.426334988459 -0.523083340734 0
v -0.42644874423 -0.515838545367 0
v -0.4265625 -0.50859375 0
v -0.434765625 -0.50859375 0
v -0.434870793269 -0.500058293269 0
v -0.4265625 -0.500390625 0
v -0.434546875 -0.090453125 0
v -0.434109375 -0.08203125 0
v -0.434433293269 -0.0739332932692 0
v -0.434765625 -0.065625 0
v -0.434765625 -0.057421875 0
v -0.4265625 -0.057421875 0
v -0.4265625 -0.04921875 0
v -0.434765625 -0.04921875 0
v -0.433308322403 -0.0422438128708 0
v -0.4265625 -0.041015625 0
v -0.4265625 -0.0328125 0
v -0.429729657543 -0.0328125 0
v -0.432896815086 -0.0328125 0
v -0.437932782543 -0.0389912437097 0
v -0.428825477363 -0.0297967858753 0
v -0.429956966044 -0.0282889288129 0
v -0.426789808501 -0.0282889288129 0
v -0.427017117002 -0.0237653576258 0
v -0.427017117002 0.0237653576258 0
v -0.426789808501 0.0282889288129 0
v -0.428825477363 0.0297967858753 0
v -0.429956966044 0.0282889288129 0
v -0.4265625 0.0328125 0
v -0.429729657543 0.0328125 0
v -0.432896815086 0.0328125 0
v -0.433308322403 0.0422438128708 0
v -0.437932782543 0.0389912437097 0
v -0.4265625 0.041015625 0
v -0.4265625 0.04921875 0
v -0.434765625 0.04921875 0
v -0.434765625 0.057421875 0
v -0.4265625 0.057421875 0
v -0.434765625 0.065625 0
v -0.434433293269 0.0739332932692 0
v -0.434109375 0.08203125 0
v -0.434546875 0.090453125 0
v -0.434870793269 0.500058293269 0
v -0.4265625 0.500390625 0
v -0.4265625 0.50859375 0
v -0.434765625 0.50859375 0
v -0.434871801318 0.516685970723 0
v -0.42644874423 0.515838545367 0
v -0.426334988459 0.523083340734 0
v -0.430646940072 0.524258443417 0
v -0.434958891685 0.525433546101 0
v -0.438970393038 0.525189480046 0
v -0.440306889228 0.52594833319 0
v -0.438969386647 0.526449792791 0
v -0.41015625 -0.518229447117 0
v -0.41015625 -0.513411598559 0
v -0.418851974266 -0.514695709753 0
v -0.41824561923 -0.520656393926 0
v -0.41015625 -0.50859375 0
v -0.418359375 -0.50859375 0
v -0.418254206731 -0.500058293269 0
v -0.41015625 -0.499734375 0
v -0.418254206731 -0.0577542067308 0
v -0.41015625 -0.058078125 0
v -0.41015625 -0.04921875 0
v -0.418359375 -0.04921875 0
v -0.418359375 -0.041015625 0
v -0.41015625 -0.041015625 0
v -0.41015625 -0.0328125 0
v -0.418359375 -0.0328125 0
v -0.418162495327 -0.0248023707312 0
v -0.41015625 -0.024609375 0
v -0.41015625 -0.01640625 0
v -0.416735887522 -0.0162771748095 0
v -0.423315525044 -0.0161480996191 0
v -0.425166321023 -0.0199567286224 0
v -0.415934104616 -0.00853240053693 0
v -0.421657762522 -0.00807404980954 0
v -0.41015625 -0.008203125 0
v -0.41015625 0 0
v -0.415078125 0 0
v -0.42 0 0
v -0.415934104616 0.00853240053693 0
v -0.421657762522 0.00807404980954 0
v -0.41015625 0.008203125 0
v -0.41015625 0.01640625 0
v -0.416735887522 0.0162771748095 0
v -0.423315525044 0.0161480996191 0
v -0.418162495327 0.0248023707312 0
v -0.425166321023 0.0199567286224 0
v -0.41015625 0.024609375 0
v -0.41015625 0.0328125 0
v -0.418359375 0.0328125 0
v -0.418359375 0.041015625 0
v -0.41015625 0.041015625 0
v -0.41015625 0.04921875 0
v -0.418359375 0.04921875 0
v -0.418254206731 0.0577542067308 0
v -0.41015625 0.058078125 0
v -0.418254206731 0.500058293269 0
v -0.41015625 0.499734375 0
v -0.41015625 0.50859375 0
v -0.418359375 0.50859375 0
v -0.418851974266 0.514695709753 0
v -0.41015625 0.513411598559 0
v -0.41015625 0.518229447117 0
v -0.41824561923 0.520656393926 0
v -0.39375 -0.51273967347 0
v -0.39375 -0.510666711735 0
v -0.403042336513 -0.512221388279 0
v -0.401953125 -0.515484560294 0
v -0.39375 -0.50859375 0
v -0.401953125 -0.50859375 0
v -0.402058293269 -0.500058293269 0
v -0.39375 -0.500390625 0
v -0.401734375 -0.057640625 0
v -0.401296875 -0.04921875 0
v -0.401620793269 -0.0411207932692 0
v -0.401953125 -0.0328125 0
v -0.401620793269 -0.0245042067308 0
v -0.401296875 -0.01640625 0
v -0.401620793269 -0.00830829326923 0
v -0.401953125 0 0
v -0.401620793269 0.00830829326923 0
v -0.401296875 0.01640625 0
v -0.401620793269 0.0245042067308 0
v -0.401953125 0.0328125 0
v -0.401620793269 0.0411207932692 0
v -0.401296875 0.04921875 0
v -0.401734375 0.057640625 0
v -0.402058293269 0.500058293269 0
v -0.39375 0.500390625 0
v -0.39375 0.50859375 0
v -0.401953125 0.50859375 0
v -0.403042336513 0.512221388279 0
v -0.39375 0.510666711735 0
v -0.39375 0.51273967347 0
v -0.401953125 0.515484560294 0
v -0.383560050995 -0.509054488758 0
v -0.388655025497 -0.508824119379 0
v -0.390353350332 -0.510129304076 0
v -0.388655025497 -0.510897081114 0
v -0.385616845208 -0.5003488672 0
v -0.380329795768 -0.507833398564 0
v -0.37709954054 -0.506612308371 0
v -0.37722164527 -0.499399904186 0
v -0.37734375 -0.4921875 0
v -0.385546875 -0.4921875 0
v -0.385879206731 -0.483879206731 0
v -0.37734375 -0.483984375 0
v -0.37734375 -0.47578125 0
v -0.386203125 -0.47578125 0
v -0.385765625 -0.467359375 0
v -0.37734375 -0.466921875 0
v -0.385765625 0.467359375 0
v -0.37734375 0.466921875 0
v -0.37734375 0.47578125 0
v -0.386203125 0.47578125 0
v -0.385879206731 0.483879206731 0
v -0.37734375 0.483984375 0
v -0.37734375 0.4921875 0
v -0.385546875 0.4921875 0
v -0.385616845208 0.5003488672 0
v -0.37722164527 0.499399904186 0
v -0.37709954054 0.506612308371 0
v -0.380329795768 0.507833398564 0
v -0.383560050995 0.509054488758 0
v -0.388655025497 0.508824119379 0
v -0.390353350331 0.510129304075 0
v -0.388655025497 0.510897081114 0
v -0.3609375 -0.500155294069 0
v -0.3609375 -0.496171397034 0
v -0.369866449994 -0.497931699927 0
v -0.36901852027 -0.50338380122 0
v -0.3609375 -0.4921875 0
v -0.369140625 -0.4921875 0
v -0.369140625 -0.483984375 0
v -0.3609375 -0.483984375 0
v -0.3609375 -0.47578125 0
v -0.369140625 -0.47578125 0
v -0.369245793269 -0.467245793269 0
v -0.3609375 -0.467578125 0
v -0.369245793269 0.467245793269 0
v -0.3609375 0.467578125 0
v -0.3609375 0.47578125 0
v -0.369140625 0.47578125 0
v -0.369140625 0.483984375 0
v -0.3609375 0.483984375 0
v -0.3609375 0.4921875 0
v -0.369140625 0.4921875 0
v -0.369866449994 0.497931699927 0
v -0.3609375 0.496171397034 0
v -0.3609375 0.500155294069 0
v -0.36901852027 0.50338380122 0
v -0.345340351683 -0.493472227741 0
v -0.345434956317 -0.491704135895 0
v -0.354164538218 -0.494227783272 0
v -0.353138925841 -0.496813760905 0
v -0.345529560952 -0.489936044048 0
v -0.353233530476 -0.491061772024 0
v -0.353183053692 -0.483349798058 0
v -0.345030405476 -0.482858647024 0
v -0.34453125 -0.47578125 0
v -0.352734375 -0.47578125 0
v -0.352629206731 -0.467245793269 0
v -0.34453125 -0.466921875 0
v -0.352629206731 0.467245793269 0
v -0.34453125 0.466921875 0
v -0.34453125 0.47578125 0
v -0.352734375 0.47578125 0
v -0.353183053692 0.483349798058 0
v -0.345030405476 0.482858647024 0
v -0.345529560952 0.489936044048 0
v -0.353233530476 0.491061772024 0
v -0.354164538218 0.494227783272 0
v -0.345434956317 0.491704135895 0
v -0.345340351683 0.493472227741 0
v -0.353138925841 0.496813760905 0
v -0.339251665128 -0.490748153354 0
v -0.34239061304 -0.490342098701 0
v -0.343373859255 -0.491385475049 0
v -0.342296008405 -0.492110190548 0
v -0.337127575568 -0.482527805185 0
v -0.333688332564 -0.48817908743 0
v -0.328125 -0.485610021506 0
v -0.328125 -0.480695635753 0
v -0.328125 -0.47578125 0
v -0.336328125 -0.47578125 0
v -0.336433293269 -0.467245793269 0
v -0.328125 -0.467578125 0
v -0.336433293269 0.467245793269 0
v -0.328125 0.467578125 0
v -0.328125 0.47578125 0
v -0.336328125 0.47578125 0
v -0.337127575568 0.482527805185 0
v -0.328125 0.480695635753 0
v -0.328125 0.485610021506 0
v -0.333688332564 0.48817908743 0
v -0.339251665128 0.490748153354 0
v -0.34239061304 0.490342098701 0
v -0.343373859253 0.491385475046 0
v -0.342296008405 0.492110190548 0
v -0.311999933648 -0.477814752487 0
v -0.312026407504 -0.476461537066 0
v -0.321595525381 -0.478981009314 0
v -0.320062466824 -0.481712386996 0
v -0.31205288136 -0.475108321645 0
v -0.32008894068 -0.475444785823 0
v -0.320062379151 -0.467382942579 0
v -0.31188581568 -0.467241660823 0
v -0.31171875 -0.459375 0
v -0.319921875 -0.459375 0
v -0.320254206731 -0.451066706731 0
v -0.31171875 -0.451171875 0
v -0.31171875 -0.44296875 0
v -0.320578125 -0.44296875 0
v -0.320140625 -0.434546875 0
v -0.31171875 -0.434109375 0
v -0.320140625 0.434546875 0
v -0.31171875 0.434109375 0
v -0.31171875 0.44296875 0
v -0.320578125 0.44296875 0
v -0.320254206731 0.451066706731 0
v -0.31171875 0.451171875 0
v -0.31171875 0.459375 0
v -0.319921875 0.459375 0
v -0.320062379151 0.467382942579 0
v -0.31188581568 0.467241660823 0
v -0.31205288136 0.475108321645 0
v -0.32008894068 0.475444785823 0
v -0.321595525381 0.478981009314 0
v -0.312026407504 0.476461537066 0
v -0.311999933648 0.477814752487 0
v -0.320062466824 0.481712386996 0
v -0.306986985117 -0.47531196009 0
v -0.309519933238 -0.475210140867 0
v -0.310346600041 -0.476078344739 0
v -0.309493459382 -0.476563356288 0
v -0.304254182399 -0.466447073063 0
v -0.301149742558 -0.472329744971 0
v -0.2953125 -0.469347529852 0
v -0.2953125 -0.464361264926 0
v -0.2953125 -0.459375 0
v -0.303515625 -0.459375 0
v -0.303515625 -0.451171875 0
v -0.2953125 -0.451171875 0
v -0.2953125 -0.44296875 0
v -0.303515625 -0.44296875 0
v -0.303620793269 -0.434433293269 0
v -0.2953125 -0.434765625 0
v -0.303620793269 0.434433293269 0
v -0.2953125 0.434765625 0
v -0.2953125 0.44296875 0
v -0.303515625 0.44296875 0
v -0.303515625 0.451171875 0
v -0.2953125 0.451171875 0
v -0.2953125 0.459375 0
v -0.303515625 0.459375 0
v -0.304254182399 0.466447073063 0
v -0.2953125 0.464361264926 0
v -0.2953125 0.469347529852 0
v -0.301149742558 0.472329744971 0
v -0.306986985117 0.47531196009 0
v -0.309519933238 0.475210140867 0
v -0.310346600042 0.476078344741 0
v -0.309493459382 0.476563356288 0
v -0.279621449231 -0.461058626527 0
v -0.279701804637 -0.45940448271 0
v -0.288797653623 -0.462301195459 0
v -0.287466974616 -0.465203078189 0
v -0.279782160043 -0.457750338893 0
v -0.287547330022 -0.458562669446 0
v -0.287468888264 -0.450697864547 0
v -0.279344205022 -0.450359544446 0
v -0.27890625 -0.44296875 0
v -0.287109375 -0.44296875 0
v -0.287004206731 -0.434433293269 0
v -0.27890625 -0.434109375 0
v -0.287004206731 0.434433293269 0
v -0.27890625 0.434109375 0
v -0.27890625 0.44296875 0
v -0.287109375 0.44296875 0
v -0.287468888264 0.450697864547 0
v -0.279344205022 0.450359544446 0
v -0.279782160043 0.457750338893 0
v -0.287547330022 0.458562669446 0
v -0.288797653623 0.462301195459 0
v -0.279701804637 0.45940448271 0
v -0.279621449231 0.461058626527 0
v -0.287466974616 0.465203078189 0
v -0.27442695543 -0.458253770908 0
v -0.277104557737 -0.4580020549 0
v -0.277943521568 -0.459020912109 0
v -0.277024202331 -0.459656198717 0
v -0.271686508834 -0.449665990395 0
v -0.268463477715 -0.454985779491 0
v -0.2625 -0.451717788075 0
v -0.2625 -0.447343269037 0
v -0.2625 -0.44296875 0
v -0.270703125 -0.44296875 0
v -0.270808293269 -0.434433293269 0
v -0.2625 -0.434765625 0
v -0.270808293269 0.434433293269 0
v -0.2625 0.434765625 0
v -0.2625 0.44296875 0
v -0.270703125 0.44296875 0
v -0.271686508834 0.449665990395 0
v -0.2625 0.447343269037 0
v -0.2625 0.451717788075 0
v -0.268463477715 0.454985779491 0
v -0.27442695543 0.458253770908 0
v -0.277104557737 0.4580020549 0
v -0.277943521568 0.459020912109 0
v -0.277024202331 0.459656198717 0
v -0.250386416757 -0.444972699614 0
v -0.256443208379 -0.443970724807 0
v -0.258462138919 -0.446553079229 0
v -0.256443208379 -0.448345243844 0
v -0.253935068184 -0.435313092152 0
v -0.247579981995 -0.443398010599 0
v -0.244773547232 -0.441823321584 0
v -0.245433648616 -0.434192910792 0
v -0.24609375 -0.4265625 0
v -0.254296875 -0.4265625 0
v -0.254629206731 -0.418254206731 0
v -0.24609375 -0.418359375 0
v -0.24609375 -0.41015625 0
v -0.254953125 -0.41015625 0
v -0.254515625 -0.401734375 0
v -0.24609375 -0.401296875 0
v -0.254515625 0.401734375 0
v -0.24609375 0.401296875 0
v -0.24609375 0.41015625 0
v -0.254953125 0.41015625 0
v -0.254629206731 0.418254206731 0
v -0.24609375 0.418359375 0
v -0.24609375 0.4265625 0
v -0.254296875 0.4265625 0
v -0.253935068184 0.435313092152 0
v -0.245433648616 0.434192910792 0
v -0.244773547232 0.441823321584 0
v -0.247579981995 0.443398010599 0
v -0.250386416757 0.444972699614 0
v -0.256443208379 0.443970724807 0
v -0.258462138919 0.446553079229 0
v -0.256443208379 0.448345243844 0
v -0.2296875 -0.43333925862 0
v -0.2296875 -0.42995087931 0
v -0.238599330415 -0.432304388611 0
v -0.237230523616 -0.437581290102 0
v -0.2296875 -0.4265625 0
v -0.237890625 -0.4265625 0
v -0.237890625 -0.418359375 0
v -0.2296875 -0.418359375 0
v -0.2296875 -0.41015625 0
v -0.237890625 -0.41015625 0
v -0.237995793269 -0.401620793269 0
v -0.2296875 -0.401953125 0
v -0.237995793269 0.401620793269 0
v -0.2296875 0.401953125 0
v -0.2296875 0.41015625 0
v -0.237890625 0.41015625 0
v -0.237890625 0.418359375 0
v -0.2296875 0.418359375 0
v -0.2296875 0.4265625 0
v -0.237890625 0.4265625 0
v -0.238599330415 0.432304388611 0
v -0.2296875 0.42995087931 0
v -0.2296875 0.43333925862 0
v -0.237230523616 0.437581290102 0
v -0.218092939912 -0.426871438664 0
v -0.223890219956 -0.426716969332 0
v -0.225822646637 -0.428924399095 0
v -0.223890219956 -0.430105348642 0
v -0.221569301768 -0.418285705488 0
v -0.215587835565 -0.42549312332 0
v -0.213082731219 -0.424114807977 0
v -0.213181990609 -0.417135528988 0
v -0.21328125 -0.41015625 0
v -0.221484375 -0.41015625 0
v -0.221379206731 -0.401620793269 0
v -0.21328125 -0.401296875 0
v -0.221379206731 0.401620793269 0
v -0.21328125 0.401296875 0
v -0.21328125 0.41015625 0
v -0.221484375 0.41015625 0
v -0.221569301768 0.418285705488 0
v -0.213181990609 0.417135528988 0
v -0.213082731219 0.424114807977 0
v -0.215587835565 0.42549312332 0
v -0.218092939912 0.426871438664 0
v -0.223890219956 0.426716969332 0
v -0.225822646637 0.428924399095 0
v -0.223890219956 0.430105348642 0
v -0.196875 -0.415497515004 0
v -0.196875 -0.412826882502 0
v -0.206246129161 -0.415297511321 0
v -0.204978865609 -0.41980616149 0
v -0.196875 -0.41015625 0
v -0.205078125 -0.41015625 0
v -0.205183293269 -0.401620793269 0
v -0.196875 -0.401953125 0
v -0.205183293269 0.401620793269 0
v -0.196875 0.401953125 0
v -0.196875 0.41015625 0
v -0.205078125 0.41015625 0
v -0.206246129161 0.415297511321 0
v -0.196875 0.412826882502 0
v -0.196875 0.415497515004 0
v -0.204978865609 0.41980616149 0
v -0.186804226756 -0.410516058593 0
v -0.191839613378 -0.410336154296 0
v -0.193518075585 -0.412056607866 0
v -0.191839613378 -0.413006786798 0
v -0.188805331061 -0.401823929109 0
v -0.183532832795 -0.409014948853 0
v -0.180261438834 -0.407513839112 0
v -0.180365094417 -0.400631919556 0
v -0.18046875 -0.39375 0
v -0.188671875 -0.39375 0
v -0.189004206731 -0.385441706731 0
v -0.18046875 -0.385546875 0
v -0.18046875 -0.37734375 0
v -0.189328125 -0.37734375 0
v -0.188890625 -0.368921875 0
v -0.18046875 -0.368484375 0
v -0.188890625 0.368921875 0
v -0.18046875 0.368484375 0
v -0.18046875 0.37734375 0
v -0.189328125 0.37734375 0
v -0.189004206731 0.385441706731 0
v -0.18046875 0.385546875 0
v -0.18046875 0.39375 0
v -0.188671875 0.39375 0
v -0.188805331061 0.401823929109 0
v -0.180365094417 0.400631919556 0
v -0.180261438834 0.407513839112 0
v -0.183532832795 0.409014948853 0
v -0.186804226756 0.410516058593 0
v -0.191839613378 0.410336154296 0
v -0.193518075585 0.412056607866 0
v -0.191839613378 0.413006786798 0
v -0.1640625 -0.401275150299 0
v -0.1640625 -0.397512575149 0
v -0.17301368669 -0.399217324066 0
v -0.172161969417 -0.404394494706 0
v -0.1640625 -0.39375 0
v -0.172265625 -0.39375 0
v -0.172265625 -0.385546875 0
v -0.1640625 -0.385546875 0
v -0.1640625 -0.37734375 0
v -0.172265625 -0.37734375 0
v -0.172370793269 -0.368808293269 0
v -0.1640625 -0.369140625 0
v -0.172370793269 0.368808293269 0
v -0.1640625 0.369140625 0
v -0.1640625 0.37734375 0
v -0.172265625 0.37734375 0
v -0.172265625 0.385546875 0
v -0.1640625 0.385546875 0
v -0.1640625 0.39375 0
v -0.172265625 0.39375 0
v -0.17301368669 0.399217324066 0
v -0.1640625 0.397512575149 0
v -0.1640625 0.401275150299 0
v -0.172161969417 0.404394494706 0
v -0.14765625 -0.397728730314 0
v -0.14765625 -0.395739365157 0
v -0.156702328997 -0.396717077777 0
v -0.155859375 -0.399501940306 0
v -0.14765625 -0.39375 0
v -0.155859375 -0.39375 0
v -0.155859375 -0.385546875 0
v -0.14765625 -0.385546875 0
v -0.14765625 -0.37734375 0
v -0.155859375 -0.37734375 0
v -0.155754206731 -0.368808293269 0
v -0.14765625 -0.368484375 0
v -0.155754206731 0.368808293269 0
v -0.14765625 0.368484375 0
v -0.14765625 0.37734375 0
v -0.155859375 0.37734375 0
v -0.155859375 0.385546875 0
v -0.14765625 0.385546875 0
v -0.14765625 0.39375 0
v -0.155859375 0.39375 0
v -0.156702328997 0.396717077777 0
v -0.14765625 0.395739365157 0
v -0.14765625 0.397728730314 0
v -0.155859375 0.399501940306 0
v -0.13125 -0.399000299908 0
v -0.13125 -0.396375149954 0
v -0.139076384647 -0.396071857222 0
v -0.139453125 -0.398364515111 0
v -0.13125 -0.39375 0
v -0.139453125 -0.39375 0
v -0.139453125 -0.385546875 0
v -0.13125 -0.385546875 0
v -0.13125 -0.37734375 0
v -0.139453125 -0.37734375 0
v -0.139558293269 -0.368808293269 0
v -0.13125 -0.369140625 0
v -0.139558293269 0.368808293269 0
v -0.13125 0.369140625 0
v -0.13125 0.37734375 0
v -0.139453125 0.37734375 0
v -0.139453125 0.385546875 0
v -0.13125 0.385546875 0
v -0.13125 0.39375 0
v -0.139453125 0.39375 0
v -0.139076384647 0.396071857222 0
v -0.13125 0.396375149954 0
v -0.13125 0.399000299908 0
v -0.139453125 0.398364515111 0
v -0.116002438938 -0.40713425367 0
v -0.115423094469 -0.400442126835 0
v -0.122159807098 -0.398678989383 0
v -0.123626219469 -0.403067276789 0
v -0.11484375 -0.39375 0
v -0.123046875 -0.39375 0
v -0.123046875 -0.385546875 0
v -0.11484375 -0.385546875 0
v -0.11484375 -0.37734375 0
v -0.123046875 -0.37734375 0
v -0.122941706731 -0.368808293269 0
v -0.11484375 -0.368484375 0
v -0.122941706731 0.368808293269 0
v -0.11484375 0.368484375 0
v -0.11484375 0.37734375 0
v -0.123046875 0.37734375 0
v -0.123046875 0.385546875 0
v -0.11484375 0.385546875 0
v -0.11484375 0.39375 0
v -0.123046875 0.39375 0
v -0.122159807098 0.398678989383 0
v -0.115423094469 0.400442126835 0
v -0.116002438938 0.40713425367 0
v -0.123626219469 0.403067276789 0
v -0.0966727809854 -0.430677394296 0
v -0.096256355175 -0.427776967815 0
v -0.0975631131094 -0.426938405065 0
v -0.0984247049819 -0.42796933693 0
v -0.0958399293645 -0.424876541335 0
v -0.0980082791714 -0.425068910449 0
v -0.100176628978 -0.425261279563 0
v -0.101997211146 -0.416750631404 0
v -0.105727781247 -0.418349941935 0
v -0.0971387146822 -0.417516395667 0
v -0.0984375 -0.41015625 0
v -0.104858216758 -0.410797427153 0
v -0.111278933517 -0.411438604307 0
v -0.106863920111 -0.402205472738 0
v -0.113640686227 -0.409286428988 0
v -0.0984375 -0.401953125 0
v -0.106640625 -0.39375 0
v -0.106308293269 -0.385441706731 0
v -0.105984375 -0.37734375 0
v -0.106421875 -0.368921875 0
v -0.106421875 0.368921875 0
v -0.105984375 0.37734375 0
v -0.106308293269 0.385441706731 0
v -0.106640625 0.39375 0
v -0.106863920111 0.402205472738 0
v -0.0984375 0.401953125 0
v -0.0984375 0.41015625 0
v -0.104858216758 0.410797427153 0
v -0.111278933517 0.411438604307 0
v -0.113640686227 0.409286428988 0
v -0.101997211146 0.416750631404 0
v -0.105727781247 0.418349941935 0
v -0.0971387146822 0.417516395667 0
v -0.0958399293645 0.424876541335 0
v -0.0980082791714 0.425068910449 0
v -0.100176628978 0.425261279563 0
v -0.0975631131094 0.426938405065 0
v -0.0984247049819 0.42796933693 0
v -0.096256355175 0.427776967815 0
v -0.0966727809854 0.430677394296 0
v -0.0836875032781 -0.454369081748 0
v -0.0828593766391 -0.448668915874 0
v -0.0851048079562 -0.446768860583 0
v -0.0866415869344 -0.448668915874 0
v -0.08203125 -0.44296875 0
v -0.0858134602953 -0.44296875 0
v -0.0895956705906 -0.44296875 0
v -0.0883817620854 -0.433443694607 0
v -0.093134225788 -0.436823072148 0
v -0.08203125 -0.434765625 0
v -0.08203125 -0.4265625 0
v -0.0889355896822 -0.425719520667 0
v -0.0894558920758 -0.417710014824 0
v -0.08203125 -0.418359375 0
v -0.08203125 -0.41015625 0
v -0.090234375 -0.41015625 0
v -0.0901292067308 -0.401620793269 0
v -0.08203125 -0.401296875 0
v -0.0901292067308 0.401620793269 0
v -0.08203125 0.401296875 0
v -0.08203125 0.41015625 0
v -0.090234375 0.41015625 0
v -0.0894558920758 0.417710014824 0
v -0.08203125 0.418359375 0
v -0.08203125 0.4265625 0
v -0.0889355896822 0.425719520667 0
v -0.0883817620854 0.433443694607 0
v -0.08203125 0.434765625 0
v -0.08203125 0.44296875 0
v -0.0858134602953 0.44296875 0
v -0.0895956705906 0.44296875 0
v -0.093134225788 0.436823072148 0
v -0.0851048079562 0.446768860583 0
v -0.0866415869344 0.448668915874 0
v -0.0828593766391 0.448668915874 0
v -0.0836875032781 0.454369081748 0
v -0.0635087696898 -0.497312490311 0
v -0.0628834126321 -0.493978819428 0
v -0.0640613247094 -0.492975735191 0
v -0.0649629592769 -0.494141028514 0
v -0.0622580555743 -0.490645148545 0
v -0.0643376022191 -0.490807357631 0
v -0.066417148864 -0.490969566717 0
v -0.0671968600822 -0.482563033094 0
v -0.0699193938385 -0.483375408359 0
v -0.0639415277872 -0.483213199273 0
v -0.065625 -0.47578125 0
v -0.0695233194066 -0.47578125 0
v -0.0734216388131 -0.47578125 0
v -0.0715069703198 -0.466964268295 0
v -0.0770737003327 -0.468081059238 0
v -0.065625 -0.467578125 0
v -0.0731753809261 -0.459877934238 0
v -0.0807257618522 -0.460380868475 0
v -0.0739104325828 -0.451301386271 0
v -0.0822066325652 -0.457374975112 0
v -0.073171875 -0.44296875 0
v -0.0734957932692 -0.434870793269 0
v -0.073828125 -0.4265625 0
v -0.0734957932692 -0.418254206731 0
v -0.073171875 -0.41015625 0
v -0.073609375 -0.401734375 0
v -0.073609375 0.401734375 0
v -0.073171875 0.41015625 0
v -0.0734957932692 0.418254206731 0
v -0.073828125 0.4265625 0
v -0.0734957932692 0.434870793269 0
v -0.073171875 0.44296875 0
v -0.0739104325828 0.451301386271 0
v -0.0731753809261 0.459877934238 0
v -0.0807257618522 0.460380868475 0
v -0.0822066325652 0.457374975112 0
v -0.0715069703198 0.466964268295 0
v -0.0770737003327 0.468081059238 0
v -0.065625 0.467578125 0
v -0.065625 0.47578125 0
v -0.0695233194066 0.47578125 0
v -0.0734216388131 0.47578125 0
v -0.0671968600822 0.482563033094 0
v -0.0699193938385 0.483375408359 0
v -0.0639415277872 0.483213199273 0
v -0.0622580555743 0.490645148545 0
v -0.0643376022191 0.490807357631 0
v -0.066417148864 0.490969566717 0
v -0.0640613247094 0.492975735191 0
v -0.0649629592769 0.494141028514 0
v -0.0628834126321 0.493978819428 0
v -0.0635087696898 0.497312490311 0
v -0.0483035240349 -0.530014094195 0
v -0.0480762043197 -0.527184561696 0
v -0.049026977551 -0.526278630382 0
v -0.0496160240242 -0.527240430975 0
v -0.0478488846045 -0.524355029196 0
v -0.049388704309 -0.524410898475 0
v -0.0509285240135 -0.524466767754 0
v -0.0519432007612 -0.515208937232 0
v -0.0546252750698 -0.516530258877 0
v -0.0485338173023 -0.516474389598 0
v -0.04921875 -0.50859375 0
v -0.0537703880631 -0.50859375 0
v -0.0583220261261 -0.50859375 0
v -0.0556202664726 -0.499434870493 0
v -0.060915397908 -0.502953120155 0
v -0.04921875 -0.500390625 0
v -0.04921875 -0.4921875 0
v -0.0557384027872 -0.491416324273 0
v -0.0564783612131 -0.483291456827 0
v -0.04921875 -0.483984375 0
v -0.04921875 -0.47578125 0
v -0.057421875 -0.47578125 0
v -0.0573167067308 -0.467245793269 0
v -0.04921875 -0.466921875 0
v -0.0573167067308 0.467245793269 0
v -0.04921875 0.466921875 0
v -0.04921875 0.47578125 0
v -0.057421875 0.47578125 0
v -0.0564783612131 0.483291456827 0
v -0.04921875 0.483984375 0
v -0.04921875 0.4921875 0
v -0.0557384027872 0.491416324273 0
v -0.0556202664726 0.499434870493 0
v -0.04921875 0.500390625 0
v -0.04921875 0.50859375 0
v -0.0537703880631 0.50859375 0
v -0.0583220261261 0.50859375 0
v -0.060915397908 0.502953120155 0
v -0.0519432007612 0.515208937232 0
v -0.0546252750698 0.516530258877 0
v -0.0485338173023 0.516474389598 0
v -0.0478488846045 0.524355029196 0
v -0.049388704309 0.524410898475 0
v -0.0509285240135 0.524466767754 0
v -0.049026977551 0.526278630382 0
v -0.0496160240242 0.527240430975 0
v -0.0480762043197 0.527184561696 0
v -0.0483035240349 0.530014094195 0
v -0.0323169378791 -0.562463911196 0
v -0.0322113290609 -0.559958847589 0
v -0.0330872658356 -0.559142925308 0
v -0.033578038632 -0.559987495971 0
v -0.0321057202428 -0.557453783982 0
v -0.0334724298139 -0.557482432364 0
v -0.034839139385 -0.557511080746 0
v -0.0360610208513 -0.547919261309 0
v -0.0388323048602 -0.549458665373 0
v -0.0324591101214 -0.549430016991 0
v -0.0328125 -0.54140625 0
v -0.0378189851678 -0.54140625 0
v -0.0428254703355 -0.54140625 0
v -0.0397589748025 -0.532445468743 0
v -0.0455644971852 -0.535710172098 0
v -0.0328125 -0.533203125 0
v -0.0403306923023 -0.524677514598 0
v -0.0402862119879 -0.516417175946 0
v -0.040359375 -0.50859375 0
v -0.0406832932692 -0.500495793269 0
v -0.041015625 -0.4921875 0
v -0.0406832932692 -0.483879206731 0
v -0.040359375 -0.47578125 0
v -0.040796875 -0.467359375 0
v -0.040796875 0.467359375 0
v -0.040359375 0.47578125 0
v -0.0406832932692 0.483879206731 0
v -0.041015625 0.4921875 0
v -0.0406832932692 0.500495793269 0
v -0.040359375 0.50859375 0
v -0.0402862119879 0.516417175946 0
v -0.0403306923023 0.524677514598 0
v -0.0397589748025 0.532445468743 0
v -0.0328125 0.533203125 0
v -0.0328125 0.54140625 0
v -0.0378189851678 0.54140625 0
v -0.0428254703355 0.54140625 0
v -0.0455644971852 0.535710172098 0
v -0.0360610208513 0.547919261309 0
v -0.0388323048602 0.549458665373 0
v -0.0324591101214 0.549430016991 0
v -0.0321057202428 0.557453783982 0
v -0.0334724298139 0.557482432364 0
v -0.034839139385 0.557511080746 0
v -0.0330872658356 0.559142925308 0
v -0.033578038632 0.559987495971 0
v -0.0322113290609 0.559958847589 0
v -0.0323169378791 0.562463911196 0
v -0.0148354774454 -0.594949029757 0
v -0.0144707347817 -0.592143466862 0
v -0.0155941414907 -0.591293940253 0
v -0.0163382161771 -0.592271958396 0
v -0.0141059921179 -0.589337903967 0
v -0.0159734735133 -0.589466395501 0
v -0.0178409549088 -0.589594887035 0
v -0.019037976276 -0.580730051017 0
v -0.0220153567834 -0.581906818518 0
v -0.015256121059 -0.581778326984 0
v -0.01640625 -0.57421875 0
v -0.021298004329 -0.57421875 0
v -0.0261897586579 -0.57421875 0
v -0.0234404960768 -0.565247194611 0
v -0.0292533482685 -0.568341330598 0
v -0.01640625 -0.566015625 0
v -0.01640625 -0.5578125 0
v -0.0242559851214 -0.557633141991 0
v -0.0244037605381 -0.549459824204 0
v -0.01640625 -0.549609375 0
v -0.01640625 -0.54140625 0
v -0.024609375 -0.54140625 0
v -0.0245042067308 -0.532870793269 0
v -0.01640625 -0.532546875 0
v -0.0245042067308 0.532870793269 0
v -0.01640625 0.532546875 0
v -0.01640625 0.54140625 0
v -0.024609375 0.54140625 0
v -0.0244037605381 0.549459824204 0
v -0.01640625 0.549609375 0
v -0.01640625 0.5578125 0
v -0.0242559851214 0.557633141991 0
v -0.0234404960768 0.565247194611 0
v -0.01640625 0.566015625 0
v -0.01640625 0.57421875 0
v -0.021298004329 0.57421875 0
v -0.0261897586579 0.57421875 0
v -0.0292533482685 0.568341330598 0
v -0.019037976276 0.580730051017 0
v -0.0220153567834 0.581906818518 0
v -0.015256121059 0.581778326984 0
v -0.0141059921179 0.589337903967 0
v -0.0159734735133 0.589466395501 0
v -0.0178409549088 0.589594887035 0
v -0.0155941414907 0.591293940253 0
v -0.0163382161771 0.592271958396 0
v -0.0144707347817 0.592143466862 0
v -0.0148354774454 0.594949029757 0
v -0.000413645578396 -0.619331973292 0
v -0.000206822789198 -0.613181611646 0
v -0.00275373040183 -0.611131491097 0
v -0.00413059560274 -0.613181611646 0
v 0 -0.60703125 0
v -0.00392377281354 -0.60703125 0
v -0.00784754562709 -0.60703125 0
v -0.0064383561532 -0.597645477885 0
v -0.0113415115363 -0.600990139879 0
v 0 -0.598828125 0
v -0.00705299605895 -0.589981451984 0
v -0.00718867505384 -0.581803040308 0
v -0.007546875 -0.57421875 0
v -0.00787079326923 -0.566120793269 0
v -0.008203125 -0.5578125 0
v -0.00787079326923 -0.549504206731 0
v -0.007546875 -0.54140625 0
v -0.007984375 -0.532984375 0
v -0.007984375 0.532984375 0
v -0.007546875 0.54140625 0
v -0.00787079326923 0.549504206731 0
v -0.008203125 0.5578125 0
v -0.00787079326923 0.566120793269 0
v -0.007546875 0.57421875 0
v -0.00718867505384 0.581803040308 0
v -0.00705299605895 0.589981451984 0
v -0.0064383561532 0.597645477885 0
v 0 0.598828125 0
v 0 0.60703125 0
v -0.00392377281354 0.60703125 0
v -0.00784754562709 0.60703125 0
v -0.0113415115363 0.600990139879 0
v -0.00275373040183 0.611131491097 0
v -0.00413059560274 0.613181611646 0
v -0.000206822789198 0.613181611646 0
v -0.000413645578396 0.619331973292 0
v 0.01640625 -0.645147744277 0
v 0.01640625 -0.642495747139 0
v 0.0152047923362 -0.641611748092 0
v 0.0146040635043 -0.642495747139 0
v 0.01640625 -0.63984375 0
v 0.0146040635043 -0.63984375 0
v 0.0128018770086 -0.63984375 0
v 0.0114723006183 -0.630102352059 0
v 0.0075652918753 -0.631786346158 0
v 0.01640625 -0.631640625 0
v 0.01640625 -0.6234375 0
v 0.009367478371 -0.623583221158 0
v 0.002328706742 -0.623728942316 0
v 0.00821319714142 -0.61520388397 0
v 0.000957530581801 -0.621530457804 0
v 0.01640625 -0.615234375 0
v 0.01640625 -0.60703125 0
v 0.008203125 -0.60703125 0
v 0.00830829326923 -0.598495793269 0
v 0.01640625 -0.598171875 0
v 0.00830829326923 0.598495793269 0
v 0.01640625 0.598171875 0
v 0.01640625 0.60703125 0
v 0.008203125 0.60703125 0
v 0.00821319714142 0.61520388397 0
v 0.01640625 0.615234375 0
v 0.01640625 0.6234375 0
v 0.009367478371 0.623583221158 0
v 0.002328706742 0.623728942316 0
v 0.000957530581801 0.621530457804 0
v 0.0114723006183 0.630102352059 0
v 0.0075652918753 0.631786346158 0
v 0.01640625 0.631640625 0
v 0.01640625 0.63984375 0
v 0.0146040635043 0.63984375 0
v 0.0128018770086 0.63984375 0
v 0.0152047923362 0.641611748092 0
v 0.0146040635043 0.642495747139 0
v 0.01640625 0.642495747139 0
v 0.01640625 0.645147744277 0
v 0.0328125 -0.667798595463 0
v 0.0328125 -0.662024297732 0
v 0.0299519167198 -0.660099531821 0
v 0.0285216250797 -0.662024297732 0
v 0.0328125 -0.65625 0
v 0.0285216250797 -0.65625 0
v 0.0242307501593 -0.65625 0
v 0.0256859516275 -0.64718053259 0
v 0.0203185000797 -0.650698872139 0
v 0.0328125 -0.648046875 0
v 0.0328125 -0.63984375 0
v 0.024609375 -0.63984375 0
v 0.024609375 -0.631640625 0
v 0.0328125 -0.631640625 0
v 0.024609375 -0.6234375 0
v 0.0249417067308 -0.615129206731 0
v 0.025265625 -0.60703125 0
v 0.024828125 -0.598609375 0
v 0.024828125 0.598609375 0
v 0.025265625 0.60703125 0
v 0.0249417067308 0.615129206731 0
v 0.024609375 0.6234375 0
v 0.024609375 0.631640625 0
v 0.0328125 0.631640625 0
v 0.0328125 0.63984375 0
v 0.024609375 0.63984375 0
v 0.0256859516275 0.64718053259 0
v 0.0328125 0.648046875 0
v 0.0328125 0.65625 0
v 0.0285216250797 0.65625 0
v 0.0242307501593 0.65625 0
v 0.0203185000797 0.650698872139 0
v 0.0299519167198 0.660099531821 0
v 0.0285216250797 0.662024297732 0
v 0.0328125 0.662024297732 0
v 0.0328125 0.667798595463 0
v 0.0475012821547 -0.686112017254 0
v 0.0483600160773 -0.679384133627 0
v 0.0444304107497 -0.677141505751 0
v 0.0420362411246 -0.679384133627 0
v 0.04921875 -0.67265625 0
v 0.0428949750472 -0.67265625 0
v 0.0365712000944 -0.67265625 0
v 0.0412596307242 -0.664221979827 0
v 0.0346918500472 -0.670227422732 0
v 0.04921875 -0.664453125 0
v 0.04921875 -0.65625 0
v 0.041015625 -0.65625 0
v 0.041015625 -0.648046875 0
v 0.04921875 -0.648046875 0
v 0.04921875 -0.63984375 0
v 0.041015625 -0.63984375 0
v 0.0411207932692 -0.631308293269 0
v 0.04921875 -0.630984375 0
v 0.0411207932692 0.631308293269 0
v 0.04921875 0.630984375 0
v 0.04921875 0.63984375 0
v 0.041015625 0.63984375 0
v 0.041015625 0.648046875 0
v 0.04921875 0.648046875 0
v 0.04921875 0.65625 0
v 0.041015625 0.65625 0
v 0.0412596307242 0.664221979827 0
v 0.04921875 0.664453125 0
v 0.04921875 0.67265625 0
v 0.0428949750472 0.67265625 0
v 0.0365712000944 0.67265625 0
v 0.0346918500472 0.670227422732 0
v 0.0444304107497 0.677141505751 0
v 0.0420362411246 0.679384133627 0
v 0.0483600160773 0.679384133627 0
v 0.0475012821547 0.686112017254 0
v 0.0673151386367 -0.708081336732 0
v 0.0676085039621 -0.705687105616 0
v 0.0661598455204 -0.705069131046 0
v 0.0652888336368 -0.705957259318 0
v 0.0679018692875 -0.703292874501 0
v 0.0655821989622 -0.703563028202 0
v 0.0632625286369 -0.703833181904 0
v 0.0614232522648 -0.695531737835 0
v 0.0572944567533 -0.6972124346 0
v 0.0667634346437 -0.696177687251 0
v 0.0584756924349 -0.689827093648 0
v 0.0513263848698 -0.690591687296 0
v 0.0572853994661 -0.681156780763 0
v 0.0494138335122 -0.688351852275 0
v 0.058078125 -0.67265625 0
v 0.0577542067308 -0.664558293269 0
v 0.057421875 -0.65625 0
v 0.0577542067308 -0.647941706731 0
v 0.058078125 -0.63984375 0
v 0.057640625 -0.631421875 0
v 0.057640625 0.631421875 0
v 0.058078125 0.63984375 0
v 0.0577542067308 0.647941706731 0
v 0.057421875 0.65625 0
v 0.0577542067308 0.664558293269 0
v 0.058078125 0.67265625 0
v 0.0572853994661 0.681156780763 0
v 0.0584756924349 0.689827093648 0
v 0.0513263848698 0.690591687296 0
v 0.0494138335122 0.688351852275 0
v 0.0614232522648 0.695531737835 0
v 0.0572944567533 0.6972124346 0
v 0.0667634346437 0.696177687251 0
v 0.0679018692875 0.703292874501 0
v 0.0655821989622 0.703563028202 0
v 0.0632625286369 0.703833181904 0
v 0.0661598455204 0.705069131046 0
v 0.0652888336368 0.705957259318 0
v 0.0676085039621 0.705687105616 0
v 0.0673151386367 0.708081336732 0
v 0.0837712187649 -0.724088203287 0
v 0.0840603252024 -0.72172994189 0
v 0.0825086503884 -0.721164186131 0
v 0.0815882597627 -0.722060438951 0
v 0.0843494316398 -0.719371680492 0
v 0.0818773662002 -0.719702177554 0
v 0.0794053007605 -0.720032674615 0
v 0.0766390399684 -0.710847546617 0
v 0.0733602196986 -0.714057005673 0
v 0.0831903408199 -0.712420215246 0
v 0.08203125 -0.70546875 0
v 0.0749665596437 -0.704380812251 0
v 0.0746651537552 -0.696180905493 0
v 0.08203125 -0.696609375 0
v 0.0746651537552 0.696180905493 0
v 0.08203125 0.696609375 0
v 0.08203125 0.70546875 0
v 0.0749665596437 0.704380812251 0
v 0.0766390399684 0.710847546617 0
v 0.0831903408199 0.712420215246 0
v 0.0843494316398 0.719371680492 0
v 0.0818773662002 0.719702177554 0
v 0.0794053007605 0.720032674615 0
v 0.0733602196986 0.714057005673 0
v 0.0825086503884 0.721164186131 0
v 0.0815882597627 0.722060438951 0
v 0.0840603252024 0.72172994189 0
v 0.0837712187649 0.724088203287 0
v 0.0973085208135 -0.735808860867 0
v 0.0978730104067 -0.728841930433 0
v 0.0920851902227 -0.72587833187 0
v 0.0905398697892 -0.729948532077 0
v 0.0984375 -0.721875 0
v 0.0913934658199 -0.720623340246 0
v 0.0910251878972 -0.712855520848 0
v 0.0984375 -0.713671875 0
v 0.0984375 -0.70546875 0
v 0.090234375 -0.70546875 0
v 0.0901292067308 -0.696933293269 0
v 0.0984375 -0.697265625 0
v 0.0901292067308 0.696933293269 0
v 0.0984375 0.697265625 0
v 0.0984375 0.70546875 0
v 0.090234375 0.70546875 0
v 0.0910251878972 0.712855520848 0
v 0.0984375 0.713671875 0
v 0.0984375 0.721875 0
v 0.0913934658199 0.720623340246 0
v 0.0920851902227 0.72587833187 0
v 0.0978730104067 0.728841930433 0
v 0.0973085208135 0.735808860867 0
v 0.0905398697892 0.729948532077 0
v 0.11484375 -0.749119730903 0
v 0.11484375 -0.743700490451 0
v 0.110568169563 -0.742329662434 0
v 0.108430379344 -0.744353868651 0
v 0.11484375 -0.73828125 0
v 0.108430379344 -0.738934628199 0
v 0.102017008688 -0.739588006398 0
v 0.106399815787 -0.730363556358 0
v 0.0996627647508 -0.737698433633 0
v 0.11484375 -0.730078125 0
v 0.11484375 -0.721875 0
v 0.106640625 -0.721875 0
v 0.106640625 -0.713671875 0
v 0.11484375 -0.713671875 0
v 0.11484375 -0.70546875 0
v 0.106640625 -0.70546875 0
v 0.106745793269 -0.696933293269 0
v 0.11484375 -0.696609375 0
v 0.106745793269 0.696933293269 0
v 0.11484375 0.696609375 0
v 0.11484375 0.70546875 0
v 0.106640625 0.70546875 0
v 0.106640625 0.713671875 0
v 0.11484375 0.713671875 0
v 0.11484375 0.721875 0
v 0.106640625 0.721875 0
v 0.106399815787 0.730363556358 0
v 0.11484375 0.730078125 0
v 0.11484375 0.73828125 0
v 0.108430379344 0.738934628199 0
v 0.102017008688 0.739588006398 0
v 0.0996627647508 0.737698433633 0
v 0.110568169563 0.742329662434 0
v 0.108430379344 0.744353868651 0
v 0.11484375 0.743700490451 0
v 0.11484375 0.749119730903 0
v 0.13125 -0.759709022432 0
v 0.13125 -0.757198261216 0
v 0.12854145266 -0.756361340811 0
v 0.12718717899 -0.757198261216 0
v 0.13125 -0.7546875 0
v 0.12718717899 -0.7546875 0
v 0.12312435798 -0.7546875 0
v 0.123556688595 -0.745889861675 0
v 0.11898405399 -0.751903615451 0
v 0.13125 -0.746484375 0
v 0.13125 -0.73828125 0
v 0.123046875 -0.73828125 0
v 0.123046875 -0.730078125 0
v 0.13125 -0.730078125 0
v 0.123046875 -0.721875 0
v 0.123379206731 -0.713566706731 0
v 0.123703125 -0.70546875 0
v 0.123265625 -0.697046875 0
v 0.123265625 0.697046875 0
v 0.123703125 0.70546875 0
v 0.123379206731 0.713566706731 0
v 0.123046875 0.721875 0
v 0.123046875 0.730078125 0
v 0.13125 0.730078125 0
v 0.13125 0.73828125 0
v 0.123046875 0.73828125 0
v 0.123556688595 0.745889861676 0
v 0.13125 0.746484375 0
v 0.13125 0.7546875 0
v 0.12718717899 0.7546875 0
v 0.12312435798 0.7546875 0
v 0.11898405399 0.751903615451 0
v 0.12854145266 0.756361340811 0
v 0.12718717899 0.757198261216 0
v 0.13125 0.757198261216 0
v 0.13125 0.759709022432 0
v 0.147243991697 -0.768321019926 0
v 0.147450120848 -0.761504259963 0
v 0.140605232113 -0.759674236824 0
v 0.139246995848 -0.764015021179 0
v 0.14765625 -0.7546875 0
v 0.139453125 -0.7546875 0
v 0.139453125 -0.746484375 0
v 0.14765625 -0.746484375 0
v 0.14765625 -0.73828125 0
v 0.139453125 -0.73828125 0
v 0.139558293269 -0.729745793269 0
v 0.14765625 -0.729421875 0
v 0.139558293269 0.729745793269 0
v 0.14765625 0.729421875 0
v 0.14765625 0.73828125 0
v 0.139453125 0.73828125 0
v 0.139453125 0.746484375 0
v 0.14765625 0.746484375 0
v 0.14765625 0.7546875 0
v 0.139453125 0.7546875 0
v 0.140605232113 0.759674236824 0
v 0.147450120848 0.761504259963 0
v 0.147243991697 0.768321019926 0
v 0.139246995848 0.764015021179 0
v 0.1640625 -0.775554521547 0
v 0.1640625 -0.773324135774 0
v 0.160900660504 -0.772784597428 0
v 0.159319740756 -0.773630021142 0
v 0.1640625 -0.77109375 0
v 0.159319740756 -0.771399635369 0
v 0.154576981513 -0.771705520737 0
v 0.155959258711 -0.762806552176 0
v 0.150910486605 -0.770013270332 0
v 0.1640625 -0.762890625 0
v 0.155859375 -0.7546875 0
v 0.156191706731 -0.746379206731 0
v 0.156515625 -0.73828125 0
v 0.156078125 -0.729859375 0
v 0.156078125 0.729859375 0
v 0.156515625 0.73828125 0
v 0.156191706731 0.746379206731 0
v 0.155859375 0.7546875 0
v 0.155959258711 0.762806552176 0
v 0.1640625 0.762890625 0
v 0.1640625 0.77109375 0
v 0.159319740756 0.771399635369 0
v 0.154576981513 0.771705520737 0
v 0.150910486605 0.770013270332 0
v 0.160900660504 0.772784597428 0
v 0.159319740756 0.773630021142 0
v 0.1640625 0.773324135774 0
v 0.1640625 0.775554521547 0
v 0.18046875 -0.780784354643 0
v 0.18046875 -0.775939052322 0
v 0.173276150385 -0.77479265703 0
v 0.172265625 -0.778169438095 0
v 0.18046875 -0.77109375 0
v 0.172265625 -0.77109375 0
v 0.172370793269 -0.762558293269 0
v 0.18046875 -0.762234375 0
v 0.172370793269 0.762558293269 0
v 0.18046875 0.762234375 0
v 0.18046875 0.77109375 0
v 0.172265625 0.77109375 0
v 0.173276150385 0.77479265703 0
v 0.18046875 0.775939052322 0
v 0.18046875 0.780784354643 0
v 0.172265625 0.778169438095 0
v 0.196814891275 -0.784146216592 0
v 0.196844945638 -0.777619983296 0
v 0.189060939076 -0.776818031558 0
v 0.188641820638 -0.782465285617 0
v 0.196875 -0.77109375 0
v 0.188671875 -0.77109375 0
v 0.188566706731 -0.762558293269 0
v 0.196875 -0.762890625 0
v 0.188566706731 0.762558293269 0
v 0.196875 0.762890625 0
v 0.196875 0.77109375 0
v 0.188671875 0.77109375 0
v 0.189060939076 0.776818031558 0
v 0.196844945638 0.777619983296 0
v 0.196814891275 0.784146216592 0
v 0.188641820638 0.782465285617 0
v 0.213235109216 -0.785575571737 0
v 0.213258179608 -0.778334660869 0
v 0.205193479918 -0.777984863426 0
v 0.205025000246 -0.784860894164 0
v 0.21328125 -0.77109375 0
v 0.205078125 -0.77109375 0
v 0.205183293269 -0.762558293269 0
v 0.21328125 -0.762234375 0
v 0.205183293269 0.762558293269 0
v 0.21328125 0.762234375 0
v 0.21328125 0.77109375 0
v 0.205078125 0.77109375 0
v 0.205193479918 0.777984863426 0
v 0.213258179608 0.778334660869 0
v 0.213235109216 0.785575571737 0
v 0.205025000246 0.784860894164 0
v 0.22980389064 -0.784902457353 0
v 0.22974569532 -0.777998103676 0
v 0.221436911137 -0.778179449301 0
v 0.221519499928 -0.785239014545 0
v 0.2296875 -0.77109375 0
v 0.221484375 -0.77109375 0
v 0.221379206731 -0.762558293269 0
v 0.2296875 -0.762890625 0
v 0.221379206731 0.762558293269 0
v 0.2296875 0.762890625 0
v 0.2296875 0.77109375 0
v 0.221484375 0.77109375 0
v 0.221436911137 0.778179449301 0
v 0.22974569532 0.777998103676 0
v 0.22980389064 0.784902457353 0
v 0.221519499928 0.785239014545 0
v 0.24609375 -0.78197575026 0
v 0.24609375 -0.77653475013 0
v 0.237595710461 -0.777288973775 0
v 0.23794882032 -0.783439103807 0
v 0.24609375 -0.77109375 0
v 0.237890625 -0.77109375 0
v 0.237995793269 -0.762558293269 0
v 0.24609375 -0.762234375 0
v 0.237995793269 0.762558293269 0
v 0.24609375 0.762234375 0
v 0.24609375 0.77109375 0
v 0.237890625 0.77109375 0
v 0.237595710461 0.777288973775 0
v 0.24609375 0.77653475013 0
v 0.24609375 0.78197575026 0
v 0.23794882032 0.783439103807 0
v 0.2625 -0.776478552815 0
v 0.2625 -0.773786151408 0
v 0.253372821319 -0.775315260842 0
v 0.254296875 -0.779227151538 0
v 0.2625 -0.77109375 0
v 0.254296875 -0.77109375 0
v 0.254191706731 -0.762558293269 0
v 0.2625 -0.762890625 0
v 0.254191706731 0.762558293269 0
v 0.2625 0.762890625 0
v 0.2625 0.77109375 0
v 0.254296875 0.77109375 0
v 0.253372821319 0.775315260842 0
v 0.2625 0.773786151408 0
v 0.2625 0.776478552815 0
v 0.254296875 0.779227151538 0
v 0.272340974103 -0.771789778041 0
v 0.267420487051 -0.771441764021 0
v 0.265780324701 -0.773120693619 0
v 0.267420487051 -0.774134165428 0
v 0.270598491694 -0.762796378388 0
v 0.275893978077 -0.769731984786 0
v 0.279446982052 -0.767674191531 0
v 0.279176616026 -0.761180845766 0
v 0.27890625 -0.7546875 0
v 0.270703125 -0.7546875 0
v 0.270370793269 -0.746379206731 0
v 0.27890625 -0.746484375 0
v 0.27890625 -0.73828125 0
v 0.270046875 -0.73828125 0
v 0.270484375 -0.729859375 0
v 0.27890625 -0.729421875 0
v 0.270484375 0.729859375 0
v 0.27890625 0.729421875 0
v 0.27890625 0.73828125 0
v 0.270046875 0.73828125 0
v 0.270370793269 0.746379206731 0
v 0.27890625 0.746484375 0
v 0.27890625 0.7546875 0
v 0.270703125 0.7546875 0
v 0.270598491694 0.762796378388 0
v 0.279176616026 0.761180845766 0
v 0.279446982052 0.767674191531 0
v 0.275893978077 0.769731984786 0
v 0.272340974103 0.771789778041 0
v 0.267420487051 0.771441764021 0
v 0.265780324701 0.773120693619 0
v 0.267420487051 0.774134165428 0
v 0.293805295261 -0.75721942306 0
v 0.293540785969 -0.754784525994 0
v 0.285299494021 -0.758478927953 0
v 0.286626138657 -0.762446807296 0
v 0.293276276677 -0.752349628928 0
v 0.286091263338 -0.753518564464 0
v 0.286401630225 -0.74573408831 0
v 0.294294388338 -0.745315439464 0
v 0.2953125 -0.73828125 0
v 0.287109375 -0.73828125 0
v 0.287004206731 -0.729745793269 0
v 0.2953125 -0.730078125 0
v 0.287004206731 0.729745793269 0
v 0.2953125 0.730078125 0
v 0.2953125 0.73828125 0
v 0.287109375 0.73828125 0
v 0.286401630225 0.74573408831 0
v 0.294294388338 0.745315439464 0
v 0.293276276677 0.752349628928 0
v 0.286091263338 0.753518564464 0
v 0.285299494021 0.758478927953 0
v 0.293540785969 0.754784525994 0
v 0.293805295261 0.75721942306 0
v 0.286626138657 0.762446807296 0
v 0.298578403093 -0.753021756129 0
v 0.295927339885 -0.752685692528 0
v 0.295219991676 -0.754196936036 0
v 0.296191849177 -0.755120589594 0
v 0.30080130174 -0.743825442663 0
v 0.304207720638 -0.747217762992 0
v 0.309837038184 -0.741413769855 0
v 0.309459307036 -0.738749227238 0
v 0.309081575888 -0.736084684622 0
v 0.302197037944 -0.737182967311 0
v 0.302679627823 -0.72930287568 0
v 0.310400162944 -0.728979842311 0
v 0.31171875 -0.721875 0
v 0.303515625 -0.721875 0
v 0.303183293269 -0.713566706731 0
v 0.31171875 -0.713671875 0
v 0.31171875 -0.70546875 0
v 0.302859375 -0.70546875 0
v 0.303183293269 -0.697370793269 0
v 0.31171875 -0.697265625 0
v 0.31171875 -0.6890625 0
v 0.303515625 -0.6890625 0
v 0.303183293269 -0.680754206731 0
v 0.31171875 -0.680859375 0
v 0.31171875 -0.67265625 0
v 0.302859375 -0.67265625 0
v 0.303296875 -0.664234375 0
v 0.31171875 -0.663796875 0
v 0.303296875 -0.352953125 0
v 0.31171875 -0.353390625 0
v 0.31171875 -0.34453125 0
v 0.302859375 -0.34453125 0
v 0.303183293269 -0.336433293269 0
v 0.31171875 -0.336328125 0
v 0.31171875 -0.328125 0
v 0.303515625 -0.328125 0
v 0.303183293269 -0.319816706731 0
v 0.31171875 -0.319921875 0
v 0.31171875 -0.31171875 0
v 0.302859375 -0.31171875 0
v 0.303183293269 -0.303620793269 0
v 0.31171875 -0.303515625 0
v 0.31171875 -0.2953125 0
v 0.303515625 -0.2953125 0
v 0.303183293269 -0.287004206731 0
v 0.31171875 -0.287109375 0
v 0.31171875 -0.27890625 0
v 0.302859375 -0.27890625 0
v 0.303183293269 -0.270808293269 0
v 0.31171875 -0.270703125 0
v 0.31171875 -0.2625 0
v 0.303515625 -0.2625 0
v 0.303183293269 -0.254191706731 0
v 0.31171875 -0.254296875 0
v 0.31171875 -0.24609375 0
v 0.302859375 -0.24609375 0
v 0.303296875 -0.237671875 0
v 0.31171875 -0.237234375 0
v 0.303296875 0.237671875 0
v 0.31171875 0.237234375 0
v 0.31171875 0.24609375 0
v 0.302859375 0.24609375 0
v 0.303183293269 0.254191706731 0
v 0.31171875 0.254296875 0
v 0.31171875 0.2625 0
v 0.303515625 0.2625 0
v 0.303183293269 0.270808293269 0
v 0.31171875 0.270703125 0
v 0.31171875 0.27890625 0
v 0.302859375 0.27890625 0
v 0.303183293269 0.287004206731 0
v 0.31171875 0.287109375 0
v 0.31171875 0.2953125 0
v 0.303515625 0.2953125 0
v 0.303183293269 0.303620793269 0
v 0.31171875 0.303515625 0
v 0.31171875 0.31171875 0
v 0.302859375 0.31171875 0
v 0.303183293269 0.319816706731 0
v 0.31171875 0.319921875 0
v 0.31171875 0.328125 0
v 0.303515625 0.328125 0
v 0.303183293269 0.336433293269 0
v 0.31171875 0.336328125 0
v 0.31171875 0.34453125 0
v 0.302859375 0.34453125 0
v 0.303296875 0.352953125 0
v 0.31171875 0.353390625 0
v 0.303296875 0.664234375 0
v 0.31171875 0.663796875 0
v 0.31171875 0.67265625 0
v 0.302859375 0.67265625 0
v 0.303183293269 0.680754206731 0
v 0.31171875 0.680859375 0
v 0.31171875 0.6890625 0
v 0.303515625 0.6890625 0
v 0.303183293269 0.697370793269 0
v 0.31171875 0.697265625 0
v 0.31171875 0.70546875 0
v 0.302859375 0.70546875 0
v 0.303183293269 0.713566706731 0
v 0.31171875 0.713671875 0
v 0.31171875 0.721875 0
v 0.303515625 0.721875 0
v 0.302679627823 0.72930287568 0
v 0.310400162944 0.728979842311 0
v 0.309081575888 0.736084684622 0
v 0.302197037944 0.737182967311 0
v 0.30080130174 0.743825442663 0
v 0.309459307036 0.738749227238 0
v 0.309837038184 0.741413769855 0
v 0.304207720638 0.747217762992 0
v 0.298578403093 0.753021756129 0
v 0.295927339885 0.752685692528 0
v 0.295219991676 0.754196936036 0
v 0.296191849177 0.755120589594 0
v 0.313832344053 -0.736632662381 0
v 0.311456959971 -0.736358673501 0
v 0.310916986041 -0.738043705619 0
v 0.311834691119 -0.739023216118 0
v 0.315255060008 -0.728109378721 0
v 0.319086855819 -0.729323884482 0
v 0.324341367585 -0.722015106583 0
v 0.318030058792 -0.721945053292 0
v 0.319655591424 -0.713430423706 0
v 0.32632487215 -0.718796510159 0
v 0.328308376715 -0.715577913734 0
v 0.328216688358 -0.710523331867 0
v 0.328125 -0.70546875 0
v 0.319921875 -0.70546875 0
v 0.319921875 -0.697265625 0
v 0.328125 -0.697265625 0
v 0.328125 -0.6890625 0
v 0.319921875 -0.6890625 0
v 0.319921875 -0.680859375 0
v 0.328125 -0.680859375 0
v 0.328125 -0.67265625 0
v 0.319921875 -0.67265625 0
v 0.319816706731 -0.664120793269 0
v 0.328125 -0.664453125 0
v 0.319816706731 -0.353066706731 0
v 0.328125 -0.352734375 0
v 0.328125 -0.34453125 0
v 0.319921875 -0.34453125 0
v 0.319921875 -0.336328125 0
v 0.328125 -0.336328125 0
v 0.328125 -0.328125 0
v 0.319921875 -0.328125 0
v 0.319921875 -0.319921875 0
v 0.328125 -0.319921875 0
v 0.328125 -0.31171875 0
v 0.319921875 -0.31171875 0
v 0.319921875 -0.303515625 0
v 0.328125 -0.303515625 0
v 0.328125 -0.2953125 0
v 0.319921875 -0.2953125 0
v 0.319818595823 -0.287145089267 0
v 0.327918086044 -0.287110951211 0
v 0.327711172088 -0.278909402422 0
v 0.319714961044 -0.278907826211 0
v 0.319819121141 -0.27066898703 0
v 0.327918086044 -0.270704701211 0
v 0.328125 -0.2625 0
v 0.319921875 -0.2625 0
v 0.319921875 -0.254296875 0
v 0.328125 -0.254296875 0
v 0.328125 -0.24609375 0
v 0.319921875 -0.24609375 0
v 0.319816706731 -0.237558293269 0
v 0.328125 -0.237890625 0
v 0.319816706731 0.237558293269 0
v 0.328125 0.237890625 0
v 0.328125 0.24609375 0
v 0.319921875 0.24609375 0
v 0.319921875 0.254296875 0
v 0.328125 0.254296875 0
v 0.328125 0.2625 0
v 0.319921875 0.2625 0
v 0.319819121141 0.27066898703 0
v 0.327918086044 0.270704701211 0
v 0.327711172088 0.278909402422 0
v 0.319714961044 0.278907826211 0
v 0.319818595823 0.287145089267 0
v 0.327918086044 0.287110951211 0
v 0.328125 0.2953125 0
v 0.319921875 0.2953125 0
v 0.319921875 0.303515625 0
v 0.328125 0.303515625 0
v 0.328125 0.31171875 0
v 0.319921875 0.31171875 0
v 0.319921875 0.319921875 0
v 0.328125 0.319921875 0
v 0.328125 0.328125 0
v 0.319921875 0.328125 0
v 0.319921875 0.336328125 0
v 0.328125 0.336328125 0
v 0.328125 0.34453125 0
v 0.319921875 0.34453125 0
v 0.319816706731 0.353066706731 0
v 0.328125 0.352734375 0
v 0.319816706731 0.664120793269 0
v 0.328125 0.664453125 0
v 0.328125 0.67265625 0
v 0.319921875 0.67265625 0
v 0.319921875 0.680859375 0
v 0.328125 0.680859375 0
v 0.328125 0.6890625 0
v 0.319921875 0.6890625 0
v 0.319921875 0.697265625 0
v 0.328125 0.697265625 0
v 0.328125 0.70546875 0
v 0.319921875 0.70546875 0
v 0.319655591424 0.713430423706 0
v 0.328216688358 0.710523331867 0
v 0.328308376715 0.715577913734 0
v 0.32632487215 0.718796510159 0
v 0.324341367585 0.722015106583 0
v 0.318030058792 0.721945053292 0
v 0.315255060008 0.728109378721 0
v 0.319086855819 0.729323884482 0
v 0.313832344053 0.736632662381 0
v 0.311456959971 0.736358673501 0
v 0.310916986041 0.738043705619 0
v 0.311834691119 0.739023216118 0
v 0.333882288532 -0.70546875 0
v 0.331003644266 -0.70546875 0
v 0.330105221749 -0.708838471245 0
v 0.331095332624 -0.710523331867 0
v 0.333146861594 -0.696210812649 0
v 0.337672867607 -0.697324100523 0
v 0.341463446683 -0.689179451046 0
v 0.334794223341 -0.689120975523 0
v 0.336038185596 -0.680625795686 0
v 0.343089217094 -0.685098778601 0
v 0.344714987506 -0.681018106155 0
v 0.344623118753 -0.676837178077 0
v 0.34453125 -0.67265625 0
v 0.336328125 -0.67265625 0
v 0.336328125 -0.664453125 0
v 0.34453125 -0.664453125 0
v 0.34453125 -0.65625 0
v 0.336328125 -0.65625 0
v 0.335995793269 -0.647941706731 0
v 0.34453125 -0.648046875 0
v 0.34453125 -0.63984375 0
v 0.335671875 -0.63984375 0
v 0.335995793269 -0.631745793269 0
v 0.34453125 -0.631640625 0
v 0.34453125 -0.6234375 0
v 0.336328125 -0.6234375 0
v 0.335995793269 -0.615129206731 0
v 0.34453125 -0.615234375 0
v 0.34453125 -0.60703125 0
v 0.335671875 -0.60703125 0
v 0.335995793269 -0.598933293269 0
v 0.34453125 -0.598828125 0
v 0.34453125 -0.590625 0
v 0.336328125 -0.590625 0
v 0.335995793269 -0.582316706731 0
v 0.34453125 -0.582421875 0
v 0.34453125 -0.57421875 0
v 0.335671875 -0.57421875 0
v 0.335995793269 -0.566120793269 0
v 0.34453125 -0.566015625 0
v 0.34453125 -0.5578125 0
v 0.336328125 -0.5578125 0
v 0.335995793269 -0.549504206731 0
v 0.34453125 -0.549609375 0
v 0.34453125 -0.54140625 0
v 0.335671875 -0.54140625 0
v 0.335995793269 -0.533308293269 0
v 0.34453125 -0.533203125 0
v 0.34453125 -0.525 0
v 0.336328125 -0.525 0
v 0.335995793269 -0.516691706731 0
v 0.34453125 -0.516796875 0
v 0.34453125 -0.50859375 0
v 0.335671875 -0.50859375 0
v 0.335995793269 -0.500495793269 0
v 0.34453125 -0.500390625 0
v 0.34453125 -0.4921875 0
v 0.336328125 -0.4921875 0
v 0.335995793269 -0.483879206731 0
v 0.34453125 -0.483984375 0
v 0.34453125 -0.47578125 0
v 0.335671875 -0.47578125 0
v 0.335995793269 -0.467683293269 0
v 0.34453125 -0.467578125 0
v 0.34453125 -0.459375 0
v 0.336328125 -0.459375 0
v 0.335995793269 -0.451066706731 0
v 0.34453125 -0.451171875 0
v 0.34453125 -0.44296875 0
v 0.335671875 -0.44296875 0
v 0.335995793269 -0.434870793269 0
v 0.34453125 -0.434765625 0
v 0.34453125 -0.4265625 0
v 0.336328125 -0.4265625 0
v 0.335995793269 -0.418254206731 0
v 0.34453125 -0.418359375 0
v 0.34453125 -0.41015625 0
v 0.335671875 -0.41015625 0
v 0.335995793269 -0.402058293269 0
v 0.34453125 -0.401953125 0
v 0.34453125 -0.39375 0
v 0.336328125 -0.39375 0
v 0.335732132627 -0.385572041592 0
v 0.344032543066 -0.385646806948 0
v 0.343533836132 -0.377543613896 0
v 0.335173168066 -0.377443681948 0
v 0.33569909393 -0.369318230392 0
v 0.344037847591 -0.373389342673 0
v 0.34454185905 -0.36923507145 0
v 0.343690846725 -0.364999219749 0
v 0.342839834401 -0.360763368048 0
v 0.3354824172 -0.360850434024 0
v 0.334695782342 -0.353028962466 0
v 0.341219841612 -0.352647309024 0
v 0.339599848822 -0.34453125 0
v 0.333862424411 -0.34453125 0
v 0.333122201574 -0.336759165458 0
v 0.338037297507 -0.336328125 0
v 0.336474746191 -0.328125 0
v 0.332299873096 -0.328125 0
v 0.331655103006 -0.320463618072 0
v 0.335094021488 -0.319921875 0
v 0.333713296785 -0.31171875 0
v 0.330919148393 -0.31171875 0
v 0.330445314459 -0.304129298506 0
v 0.332689001685 -0.303515625 0
v 0.331664706585 -0.2953125 0
v 0.329894853293 -0.2953125 0
v 0.329617164537 -0.287231668046 0
v 0.331307913833 -0.287110647595 0
v 0.33095112108 -0.27890879519 0
v 0.329331146584 -0.278909098806 0
v 0.329938610395 -0.270201142541 0
v 0.331888927115 -0.270704397595 0
v 0.332826733151 -0.2625 0
v 0.330475866575 -0.2625 0
v 0.332539979954 -0.253213332233 0
v 0.336445807764 -0.254496186455 0
v 0.340064882377 -0.24649237291 0
v 0.334094941188 -0.246293061455 0
v 0.336167914888 -0.237727340225 0
v 0.342517638945 -0.243774107228 0
v 0.344970395513 -0.241055841547 0
v 0.344750822756 -0.235371670773 0
v 0.34453125 -0.2296875 0
v 0.336328125 -0.2296875 0
v 0.335995793269 -0.221379206731 0
v 0.34453125 -0.221484375 0
v 0.34453125 -0.21328125 0
v 0.335671875 -0.21328125 0
v 0.336109375 -0.204859375 0
v 0.34453125 -0.204421875 0
v 0.336109375 0.204859375 0
v 0.34453125 0.204421875 0
v 0.34453125 0.21328125 0
v 0.335671875 0.21328125 0
v 0.335995793269 0.221379206731 0
v 0.34453125 0.221484375 0
v 0.34453125 0.2296875 0
v 0.336328125 0.2296875 0
v 0.336167914888 0.237727340225 0
v 0.344750822756 0.235371670773 0
v 0.344970395513 0.241055841547 0
v 0.342517638945 0.243774107228 0
v 0.340064882377 0.24649237291 0
v 0.334094941188 0.246293061455 0
v 0.332539979954 0.253213332233 0
v 0.336445807764 0.254496186455 0
v 0.332826733151 0.2625 0
v 0.330475866575 0.2625 0
v 0.329938610395 0.270201142541 0
v 0.331888927115 0.270704397595 0
v 0.33095112108 0.27890879519 0
v 0.329331146584 0.278909098806 0
v 0.329617164537 0.287231668046 0
v 0.331307913833 0.287110647595 0
v 0.331664706585 0.2953125 0
v 0.329894853293 0.2953125 0
v 0.330445314459 0.304129298506 0
v 0.332689001685 0.303515625 0
v 0.333713296785 0.31171875 0
v 0.330919148393 0.31171875 0
v 0.331655103006 0.320463618072 0
v 0.335094021488 0.319921875 0
v 0.336474746191 0.328125 0
v 0.332299873096 0.328125 0
v 0.333122201574 0.336759165458 0
v 0.338037297507 0.336328125 0
v 0.339599848822 0.34453125 0
v 0.333862424411 0.34453125 0
v 0.334695782342 0.353028962466 0
v 0.341219841612 0.352647309024 0
v 0.342839834401 0.360763368048 0
v 0.3354824172 0.360850434024 0
v 0.33569909393 0.369318230392 0
v 0.343690846725 0.364999219749 0
v 0.34454185905 0.36923507145 0
v 0.344037847591 0.373389342673 0
v 0.343533836132 0.377543613896 0
v 0.335173168066 0.377443681948 0
v 0.335732132627 0.385572041592 0
v 0.344032543066 0.385646806948 0
v 0.34453125 0.39375 0
v 0.336328125 0.39375 0
v 0.335995793269 0.402058293269 0
v 0.34453125 0.401953125 0
v 0.34453125 0.41015625 0
v 0.335671875 0.41015625 0
v 0.335995793269 0.418254206731 0
v 0.34453125 0.418359375 0
v 0.34453125 0.4265625 0
v 0.336328125 0.4265625 0
v 0.335995793269 0.434870793269 0
v 0.34453125 0.434765625 0
v 0.34453125 0.44296875 0
v 0.335671875 0.44296875 0
v 0.335995793269 0.451066706731 0
v 0.34453125 0.451171875 0
v 0.34453125 0.459375 0
v 0.336328125 0.459375 0
v 0.335995793269 0.467683293269 0
v 0.34453125 0.467578125 0
v 0.34453125 0.47578125 0
v 0.335671875 0.47578125 0
v 0.335995793269 0.483879206731 0
v 0.34453125 0.483984375 0
v 0.34453125 0.4921875 0
v 0.336328125 0.4921875 0
v 0.335995793269 0.500495793269 0
v 0.34453125 0.500390625 0
v 0.34453125 0.50859375 0
v 0.335671875 0.50859375 0
v 0.335995793269 0.516691706731 0
v 0.34453125 0.516796875 0
v 0.34453125 0.525 0
v 0.336328125 0.525 0
v 0.335995793269 0.533308293269 0
v 0.34453125 0.533203125 0
v 0.34453125 0.54140625 0
v 0.335671875 0.54140625 0
v 0.335995793269 0.549504206731 0
v 0.34453125 0.549609375 0
v 0.34453125 0.5578125 0
v 0.336328125 0.5578125 0
v 0.335995793269 0.566120793269 0
v 0.34453125 0.566015625 0
v 0.34453125 0.57421875 0
v 0.335671875 0.57421875 0
v 0.335995793269 0.582316706731 0
v 0.34453125 0.582421875 0
v 0.34453125 0.590625 0
v 0.336328125 0.590625 0
v 0.335995793269 0.598933293269 0
v 0.34453125 0.598828125 0
v 0.34453125 0.60703125 0
v 0.335671875 0.60703125 0
v 0.335995793269 0.615129206731 0
v 0.34453125 0.615234375 0
v 0.34453125 0.6234375 0
v 0.336328125 0.6234375 0
v 0.335995793269 0.631745793269 0
v 0.34453125 0.631640625 0
v 0.34453125 0.63984375 0
v 0.335671875 0.63984375 0
v 0.335995793269 0.647941706731 0
v 0.34453125 0.648046875 0
v 0.34453125 0.65625 0
v 0.336328125 0.65625 0
v 0.336328125 0.664453125 0
v 0.34453125 0.664453125 0
v 0.34453125 0.67265625 0
v 0.336328125 0.67265625 0
v 0.336038185596 0.680625795686 0
v 0.344623118753 0.676837178077 0
v 0.344714987506 0.681018106155 0
v 0.343089217094 0.685098778601 0
v 0.341463446683 0.689179451046 0
v 0.334794223341 0.689120975523 0
v 0.333146861594 0.696210812649 0
v 0.337672867607 0.697324100523 0
v 0.333882288532 0.70546875 0
v 0.331003644266 0.70546875 0
v 0.33010522175 0.708838471246 0
v 0.331095332624 0.710523331867 0
v 0.347718528333 -0.67265625 0
v 0.346124889167 -0.67265625 0
v 0.345654921945 -0.675443535383 0
v 0.34621675792 -0.676837178077 0
v 0.347570551917 -0.663245691349 0
v 0.350238878651 -0.664453125 0
v 0.352759228969 -0.65625 0
v 0.348645239485 -0.65625 0
v 0.349725960099 -0.647506228243 0
v 0.354787023504 -0.648046875 0
v 0.356814818038 -0.63984375 0
v 0.350673034019 -0.63984375 0
v 0.351465279994 -0.631421215723 0
v 0.358384975963 -0.631821438261 0
v 0.359955133889 -0.623799126523 0
v 0.352243191944 -0.623618313261 0
v 0.352572963566 -0.615323803821 0
v 0.360658372831 -0.619413598975 0
v 0.361361611773 -0.615028071428 0
v 0.360332532238 -0.610922095142 0
v 0.359303452702 -0.606816118856 0
v 0.351917351351 -0.606923684428 0
v 0.35231499724 -0.598631109947 0
v 0.360120476351 -0.598720559428 0
v 0.3609375 -0.590625 0
v 0.352734375 -0.590625 0
v 0.352734375 -0.582421875 0
v 0.3609375 -0.582421875 0
v 0.3609375 -0.57421875 0
v 0.352734375 -0.57421875 0
v 0.352734375 -0.566015625 0
v 0.3609375 -0.566015625 0
v 0.3609375 -0.5578125 0
v 0.352734375 -0.5578125 0
v 0.352734375 -0.549609375 0
v 0.3609375 -0.549609375 0
v 0.3609375 -0.54140625 0
v 0.352734375 -0.54140625 0
v 0.352734375 -0.533203125 0
v 0.3609375 -0.533203125 0
v 0.3609375 -0.525 0
v 0.352734375 -0.525 0
v 0.352734375 -0.516796875 0
v 0.3609375 -0.516796875 0
v 0.3609375 -0.50859375 0
v 0.352734375 -0.50859375 0
v 0.352734375 -0.500390625 0
v 0.3609375 -0.500390625 0
v 0.3609375 -0.4921875 0
v 0.352734375 -0.4921875 0
v 0.35224515223 -0.484207288035 0
v 0.359974030652 -0.484089109358 0
v 0.359010561303 -0.475990718716 0
v 0.351770905652 -0.475885984358 0
v 0.352485402957 -0.467476982146 0
v 0.36007431765 -0.471867963686 0
v 0.361138073996 -0.467745208655 0
v 0.36059873237 -0.463429148827 0
v 0.360059390744 -0.459113088998 0
v 0.352295320372 -0.459244044499 0
v 0.351729124634 -0.451320285854 0
v 0.358932999099 -0.451040919499 0
v 0.357806607454 -0.44296875 0
v 0.351168928727 -0.44296875 0
v 0.350547825213 -0.43505951631 0
v 0.356518242496 -0.434765625 0
v 0.355229877539 -0.4265625 0
v 0.349880563769 -0.4265625 0
v 0.349208905377 -0.418776224495 0
v 0.353814644352 -0.418359375 0
v 0.352399411166 -0.41015625 0
v 0.348465330583 -0.41015625 0
v 0.347765736855 -0.402608169461 0
v 0.350878798139 -0.401953125 0
v 0.349358185111 -0.39375 0
v 0.346944717556 -0.39375 0
v 0.346005150642 -0.38642043175 0
v 0.347776038933 -0.385632604003 0
v 0.346193892754 -0.377515208007 0
v 0.344863864443 -0.377529410952 0
v 0.344756529313 -0.374764631119 0
v 0.345367875902 -0.373375139728 0
v 0.360192937626 -0.231426437524 0
v 0.360089683471 -0.229392409205 0
v 0.351215971143 -0.232854531572 0
v 0.352581666569 -0.236241139535 0
v 0.359986429316 -0.227358380886 0
v 0.352258839658 -0.228522940443 0
v 0.352289758943 -0.220835594458 0
v 0.360461964658 -0.220319815443 0
v 0.3609375 -0.21328125 0
v 0.352734375 -0.21328125 0
v 0.352629206731 -0.204745793269 0
v 0.3609375 -0.205078125 0
v 0.352629206731 0.204745793269 0
v 0.3609375 0.205078125 0
v 0.3609375 0.21328125 0
v 0.352734375 0.21328125 0
v 0.352289758943 0.220835594458 0
v 0.360461964658 0.220319815443 0
v 0.359986429316 0.227358380886 0
v 0.352258839658 0.228522940443 0
v 0.351215971143 0.232854531572 0
v 0.360089683471 0.229392409205 0
v 0.360192937626 0.231426437524 0
v 0.352581666569 0.236241139535 0
v 0.346193892754 0.377515208007 0
v 0.344863864443 0.377529410952 0
v 0.344756529312 0.374764631118 0
v 0.345367875902 0.373375139728 0
v 0.346005150642 0.38642043175 0
v 0.347776038933 0.385632604003 0
v 0.349358185111 0.39375 0
v 0.346944717556 0.39375 0
v 0.347765736855 0.402608169461 0
v 0.350878798139 0.401953125 0
v 0.352399411166 0.41015625 0
v 0.348465330583 0.41015625 0
v 0.349208905377 0.418776224495 0
v 0.353814644352 0.418359375 0
v 0.355229877539 0.4265625 0
v 0.349880563769 0.4265625 0
v 0.350547825213 0.43505951631 0
v 0.356518242496 0.434765625 0
v 0.357806607454 0.44296875 0
v 0.351168928727 0.44296875 0
v 0.351729124634 0.451320285854 0
v 0.358932999099 0.451040919499 0
v 0.360059390744 0.459113088998 0
v 0.352295320372 0.459244044499 0
v 0.352485402957 0.467476982146 0
v 0.36059873237 0.463429148827 0
v 0.361138073996 0.467745208655 0
v 0.36007431765 0.471867963686 0
v 0.359010561303 0.475990718716 0
v 0.351770905652 0.475885984358 0
v 0.35224515223 0.484207288035 0
v 0.359974030652 0.484089109358 0
v 0.3609375 0.4921875 0
v 0.352734375 0.4921875 0
v 0.352734375 0.500390625 0
v 0.3609375 0.500390625 0
v 0.3609375 0.50859375 0
v 0.352734375 0.50859375 0
v 0.352734375 0.516796875 0
v 0.3609375 0.516796875 0
v 0.3609375 0.525 0
v 0.352734375 0.525 0
v 0.352734375 0.533203125 0
v 0.3609375 0.533203125 0
v 0.3609375 0.54140625 0
v 0.352734375 0.54140625 0
v 0.352734375 0.549609375 0
v 0.3609375 0.549609375 0
v 0.3609375 0.5578125 0
v 0.352734375 0.5578125 0
v 0.352734375 0.566015625 0
v 0.3609375 0.566015625 0
v 0.3609375 0.57421875 0
v 0.352734375 0.57421875 0
v 0.352734375 0.582421875 0
v 0.3609375 0.582421875 0
v 0.3609375 0.590625 0
v 0.352734375 0.590625 0
v 0.35231499724 0.598631109947 0
v 0.360120476351 0.598720559428 0
v 0.359303452702 0.606816118856 0
v 0.351917351351 0.606923684428 0
v 0.352572963566 0.615323803821 0
v 0.360332532238 0.610922095142 0
v 0.361361611773 0.615028071428 0
v 0.360658372831 0.619413598975 0
v 0.359955133889 0.623799126523 0
v 0.352243191944 0.623618313261 0
v 0.351465279994 0.631421215723 0
v 0.358384975963 0.631821438261 0
v 0.356814818038 0.63984375 0
v 0.350673034019 0.63984375 0
v 0.349725960099 0.647506228243 0
v 0.354787023504 0.648046875 0
v 0.352759228969 0.65625 0
v 0.348645239485 0.65625 0
v 0.347570551917 0.663245691349 0
v 0.350238878651 0.664453125 0
v 0.347718528333 0.67265625 0
v 0.346124889167 0.67265625 0
v 0.345654921945 0.675443535383 0
v 0.34621675792 0.676837178077 0
v 0.362489672178 -0.606854114629 0
v 0.36089656244 -0.606835116742 0
v 0.361051578884 -0.609566101637 0
v 0.361925641976 -0.610941093028 0
v 0.361749009609 -0.598682175524 0
v 0.363366246221 -0.598739557314 0
v 0.364242820264 -0.590625 0
v 0.362590160132 -0.590625 0
v 0.362896050643 -0.582012088318 0
v 0.364825493857 -0.582421875 0
v 0.365408167449 -0.57421875 0
v 0.363172833725 -0.57421875 0
v 0.3633278881 -0.565841705825 0
v 0.365711837908 -0.566015625 0
v 0.366015508366 -0.5578125 0
v 0.363476504183 -0.5578125 0
v 0.363499991664 -0.549584387475 0
v 0.366062340672 -0.549609375 0
v 0.366109172978 -0.54140625 0
v 0.363523336489 -0.54140625 0
v 0.36342914661 -0.533307878835 0
v 0.365918356496 -0.533203125 0
v 0.365727540014 -0.525 0
v 0.363332520007 -0.525 0
v 0.363133253699 -0.517053798773 0
v 0.365316121681 -0.516796875 0
v 0.364904703349 -0.50859375 0
v 0.362921101674 -0.50859375 0
v 0.362631786763 -0.500893659079 0
v 0.364288272606 -0.500390625 0
v 0.363671841863 -0.4921875 0
v 0.362304670932 -0.4921875 0
v 0.361407836122 -0.483923748569 0
v 0.3628746659 -0.484071588521 0
v 0.362077489938 -0.475955677043 0
v 0.36054402562 -0.475973197879 0
v 0.360742041745 -0.473230534804 0
v 0.361607781967 -0.471850442849 0
v 0.367937757083 -0.228425342189 0
v 0.3639620932 -0.227891861538 0
v 0.362705708009 -0.229070053533 0
v 0.364065347355 -0.229925889856 0
v 0.368701419718 -0.220440257122 0
v 0.372640753542 -0.227027765797 0
v 0.37734375 -0.225630189405 0
v 0.37734375 -0.219455719703 0
v 0.37734375 -0.21328125 0
v 0.369140625 -0.21328125 0
v 0.369245793269 -0.204745793269 0
v 0.37734375 -0.204421875 0
v 0.369245793269 0.204745793269 0
v 0.37734375 0.204421875 0
v 0.37734375 0.21328125 0
v 0.369140625 0.21328125 0
v 0.368701419718 0.220440257122 0
v 0.37734375 0.219455719703 0
v 0.37734375 0.225630189405 0
v 0.372640753542 0.227027765797 0
v 0.367937757083 0.228425342189 0
v 0.3639620932 0.227891861538 0
v 0.362705708009 0.229070053533 0
v 0.364065347355 0.229925889856 0
v 0.362077489938 0.475955677043 0
v 0.36054402562 0.475973197879 0
v 0.360742041745 0.473230534804 0
v 0.361607781967 0.471850442849 0
v 0.361407836122 0.483923748569 0
v 0.3628746659 0.484071588521 0
v 0.363671841863 0.4921875 0
v 0.362304670932 0.4921875 0
v 0.362631786763 0.500893659079 0
v 0.364288272606 0.500390625 0
v 0.364904703349 0.50859375 0
v 0.362921101674 0.50859375 0
v 0.363133253699 0.517053798773 0
v 0.365316121681 0.516796875 0
v 0.365727540014 0.525 0
v 0.363332520007 0.525 0
v 0.36342914661 0.533307878835 0
v 0.365918356496 0.533203125 0
v 0.366109172978 0.54140625 0
v 0.363523336489 0.54140625 0
v 0.363499991664 0.549584387475 0
v 0.366062340672 0.549609375 0
v 0.366015508366 0.5578125 0
v 0.363476504183 0.5578125 0
v 0.3633278881 0.565841705825 0
v 0.365711837908 0.566015625 0
v 0.365408167449 0.57421875 0
v 0.363172833725 0.57421875 0
v 0.362896050643 0.582012088318 0
v 0.364825493857 0.582421875 0
v 0.364242820264 0.590625 0
v 0.362590160132 0.590625 0
v 0.361749009609 0.598682175524 0
v 0.363366246221 0.598739557314 0
v 0.362489672178 0.606854114629 0
v 0.36089656244 0.606835116742 0
v 0.361051578884 0.609566101637 0
v 0.361925641976 0.610941093028 0
v 0.39375 -0.222068289564 0
v 0.39375 -0.217674769782 0
v 0.385086069759 -0.218615266597 0
v 0.385546875 -0.223849239484 0
v 0.39375 -0.21328125 0
v 0.385546875 -0.21328125 0
v 0.385441706731 -0.204745793269 0
v 0.39375 -0.205078125 0
v 0.385441706731 0.204745793269 0
v 0.39375 0.205078125 0
v 0.39375 0.21328125 0
v 0.385546875 0.21328125 0
v 0.385086069759 0.218615266597 0
v 0.39375 0.217674769782 0
v 0.39375 0.222068289564 0
v 0.385546875 0.223849239484 0
v 0.41015625 -0.219428322709 0
v 0.41015625 -0.216354786354 0
v 0.401469757844 -0.21705366792 0
v 0.401953125 -0.220748306136 0
v 0.41015625 -0.21328125 0
v 0.401953125 -0.21328125 0
v 0.402058293269 -0.204745793269 0
v 0.41015625 -0.204421875 0
v 0.402058293269 0.204745793269 0
v 0.41015625 0.204421875 0
v 0.41015625 0.21328125 0
v 0.401953125 0.21328125 0
v 0.401469757844 0.21705366792 0
v 0.41015625 0.216354786354 0
v 0.41015625 0.219428322709 0
v 0.401953125 0.220748306136 0
v 0.4265625 -0.217252028824 0
v 0.4265625 -0.215266639412 0
v 0.417771226066 -0.215849721948 0
v 0.418359375 -0.218340175767 0
v 0.4265625 -0.21328125 0
v 0.418359375 -0.21328125 0
v 0.418254206731 -0.204745793269 0
v 0.4265625 -0.205078125 0
v 0.418254206731 0.204745793269 0
v 0.4265625 0.205078125 0
v 0.4265625 0.21328125 0
v 0.418359375 0.21328125 0
v 0.417771226066 0.215849721948 0
v 0.4265625 0.215266639412 0
v 0.4265625 0.217252028824 0
v 0.418359375 0.218340175767 0
v 0.442931651396 -0.215290731468 0
v 0.442928831914 -0.214096832267 0
v 0.434066810189 -0.214730372043 0
v 0.434747075698 -0.216271380146 0
v 0.442926012433 -0.212902933066 0
v 0.434744256216 -0.213092091533 0
v 0.43483036659 -0.204647962914 0
v 0.442947381216 -0.204232716533 0
v 0.43483036659 0.204647962914 0
v 0.442947381216 0.204232716533 0
v 0.442926012433 0.212902933066 0
v 0.434744256216 0.213092091533 0
v 0.434066810189 0.214730372043 0
v 0.442928831914 0.214096832267 0
v 0.442931651396 0.215290731468 0
v 0.434747075698 0.216271380146 0
v 0.459009488206 -0.213417823683 0
v 0.45896417738 -0.211400946303 0
v 0.451635752156 -0.212634018295 0
v 0.450970569801 -0.214354277576 0
v 0.458918866554 -0.209384068923 0
v 0.450922439493 -0.211143500995 0
v 0.450607741774 -0.203673111484 0
v 0.459146933277 -0.203129534462 0
v 0.450607741774 0.203673111484 0
v 0.459146933277 0.203129534462 0
v 0.458918866554 0.209384068923 0
v 0.450922439493 0.211143500995 0
v 0.451635752156 0.212634018295 0
v 0.45896417738 0.211400946303 0
v 0.459009488206 0.213417823683 0
v 0.450970569801 0.214354277576 0
v 0.469599391223 -0.212163328235 0
v 0.464259128889 -0.210773698579 0
v 0.462509248661 -0.211655073614 0
v 0.464304439714 -0.212790575959 0
v 0.467818763014 -0.203742949973 0
v 0.472717750135 -0.211784588877 0
v 0.475836109046 -0.21140584952 0
v 0.475808679523 -0.20348417476 0
v 0.467818763014 0.203742949973 0
v 0.475808679523 0.20348417476 0
v 0.475836109046 0.21140584952 0
v 0.472717750135 0.211784588877 0
v 0.469599391223 0.212163328235 0
v 0.464259128889 0.210773698579 0
v 0.462509248661 0.211655073614 0
v 0.464304439714 0.212790575959 0
v 0.4921875 -0.209323000359 0
v 0.4921875 -0.203099000179 0
v 0.483670359721 -0.203295820141 0
v 0.484011804523 -0.210364424939 0
v 0.483670359721 0.203295820141 0
v 0.4921875 0.203099000179 0
v 0.4921875 0.209323000359 0
v 0.484011804523 0.210364424939 0
v 0.50859375 -0.207047500427 0
v 0.50859375 -0.201961250214 0
v 0.500115561676 -0.202549200444 0
v 0.500390625 -0.208185250393 0
v 0.50859375 -0.196875 0
v 0.500390625 -0.196875 0
v 0.500058293269 -0.188566706731 0
v 0.50859375 -0.188671875 0
v 0.50859375 -0.18046875 0
v 0.499734375 -0.18046875 0
v 0.500171875 -0.172046875 0
v 0.50859375 -0.171609375 0
v 0.500171875 0.172046875 0
v 0.50859375 0.171609375 0
v 0.50859375 0.18046875 0
v 0.499734375 0.18046875 0
v 0.500058293269 0.188566706731 0
v 0.50859375 0.188671875 0
v 0.50859375 0.196875 0
v 0.500390625 0.196875 0
v 0.500115561676 0.202549200444 0
v 0.50859375 0.201961250214 0
v 0.50859375 0.207047500427 0
v 0.500390625 0.208185250393 0
v 0.525 -0.204537850041 0
v 0.525 -0.20070642502 0
v 0.516412115234 -0.201363265807 0
v 0.516796875 -0.205792675234 0
v 0.525 -0.196875 0
v 0.516796875 -0.196875 0
v 0.516796875 -0.188671875 0
v 0.525 -0.188671875 0
v 0.525 -0.18046875 0
v 0.516796875 -0.18046875 0
v 0.516691706731 -0.171933293269 0
v 0.525 -0.172265625 0
v 0.516691706731 0.171933293269 0
v 0.525 0.172265625 0
v 0.525 0.18046875 0
v 0.516796875 0.18046875 0
v 0.516796875 0.188671875 0
v 0.525 0.188671875 0
v 0.525 0.196875 0
v 0.516796875 0.196875 0
v 0.516412115234 0.201363265807 0
v 0.525 0.20070642502 0
v 0.525 0.204537850041 0
v 0.516796875 0.205792675234 0
v 0.54140625 -0.201751983696 0
v 0.54140625 -0.199313491848 0
v 0.532595652569 -0.200061534419 0
v 0.533203125 -0.203144916868 0
v 0.54140625 -0.196875 0
v 0.533203125 -0.196875 0
v 0.533203125 -0.188671875 0
v 0.54140625 -0.188671875 0
v 0.54140625 -0.18046875 0
v 0.533203125 -0.18046875 0
v 0.533308293269 -0.171933293269 0
v 0.54140625 -0.171609375 0
v 0.533308293269 0.171933293269 0
v 0.54140625 0.171609375 0
v 0.54140625 0.18046875 0
v 0.533203125 0.18046875 0
v 0.533203125 0.188671875 0
v 0.54140625 0.188671875 0
v 0.54140625 0.196875 0
v 0.533203125 0.196875 0
v 0.532595652569 0.200061534419 0
v 0.54140625 0.199313491848 0
v 0.54140625 0.201751983696 0
v 0.533203125 0.203144916868 0
v 0.557693883679 -0.198674684175 0
v 0.557683771565 -0.197429465497 0
v 0.54866735024 -0.198473567619 0
v 0.549550066839 -0.200213333936 0
v 0.557673659451 -0.19618424682 0
v 0.549539954725 -0.19652962341 0
v 0.549515909108 -0.188488809649 0
v 0.557743079725 -0.18832649841 0
v 0.5578125 -0.18046875 0
v 0.549609375 -0.18046875 0
v 0.549504206731 -0.171933293269 0
v 0.5578125 -0.172265625 0
v 0.549504206731 0.171933293269 0
v 0.5578125 0.172265625 0
v 0.5578125 0.18046875 0
v 0.549609375 0.18046875 0
v 0.549515909108 0.188488809649 0
v 0.557743079725 0.18832649841 0
v 0.557673659451 0.19618424682 0
v 0.549539954725 0.19652962341 0
v 0.54866735024 0.198473567619 0
v 0.557683771565 0.197429465497 0
v 0.557693883679 0.198674684175 0
v 0.549550066839 0.200213333936 0
v 0.565951706184 -0.19698404588 0
v 0.561812682817 -0.19658414635 0
v 0.56043974977 -0.197280992291 0
v 0.561822794931 -0.197829365028 0
v 0.565935053215 -0.188430240471 0
v 0.570171764164 -0.19607137315 0
v 0.574391822143 -0.19515870042 0
v 0.574305286071 -0.18781372521 0
v 0.57421875 -0.18046875 0
v 0.566015625 -0.18046875 0
v 0.566120793269 -0.171933293269 0
v 0.57421875 -0.171609375 0
v 0.566120793269 0.171933293269 0
v 0.57421875 0.171609375 0
v 0.57421875 0.18046875 0
v 0.566015625 0.18046875 0
v 0.565935053215 0.188430240471 0
v 0.574305286071 0.18781372521 0
v 0.574391822143 0.19515870042 0
v 0.570171764164 0.19607137315 0
v 0.565951706184 0.19698404588 0
v 0.561812682817 0.19658414635 0
v 0.560439749772 0.197280992292 0
v 0.561822794931 0.197829365028 0
v 0.590625 -0.191351557715 0
v 0.590625 -0.185910153857 0
v 0.582058319197 -0.186899774692 0
v 0.582508411071 -0.193255129068 0
v 0.590625 -0.18046875 0
v 0.582421875 -0.18046875 0
v 0.582316706731 -0.171933293269 0
v 0.590625 -0.172265625 0
v 0.582316706731 0.171933293269 0
v 0.590625 0.172265625 0
v 0.590625 0.18046875 0
v 0.582421875 0.18046875 0
v 0.582058319197 0.186899774692 0
v 0.590625 0.185910153857 0
v 0.590625 0.191351557715 0
v 0.582508411071 0.193255129068 0
v 0.60703125 -0.187072852677 0
v 0.60703125 -0.183770801339 0
v 0.598159076905 -0.184927720553 0
v 0.598828125 -0.189212205196 0
v 0.60703125 -0.18046875 0
v 0.598828125 -0.18046875 0
v 0.598933293269 -0.171933293269 0
v 0.60703125 -0.171609375 0
v 0.598933293269 0.171933293269 0
v 0.60703125 0.171609375 0
v 0.60703125 0.18046875 0
v 0.598828125 0.18046875 0
v 0.598159076905 0.184927720553 0
v 0.60703125 0.183770801339 0
v 0.60703125 0.187072852677 0
v 0.598828125 0.189212205196 0
v 0.623217093103 -0.182382425851 0
v 0.623196089498 -0.181001360616 0
v 0.614011473311 -0.182576344916 0
v 0.615124171552 -0.184727639264 0
v 0.623175085893 -0.179620295382 0
v 0.615103167947 -0.180044522691 0
v 0.614993135673 -0.171699074751 0
v 0.623306292947 -0.171841397691 0
v 0.614993135673 0.171699074751 0
v 0.623306292947 0.171841397691 0
v 0.623175085893 0.179620295382 0
v 0.615103167947 0.180044522691 0
v 0.614011473311 0.182576344916 0
v 0.623196089498 0.181001360616 0
v 0.623217093103 0.182382425851 0
v 0.615124171552 0.184727639264 0
v 0.63080597757 -0.180008716748 0
v 0.626990531732 -0.179814506065 0
v 0.625732718854 -0.180670479327 0
v 0.627011535337 -0.181195571299 0
v 0.631323236845 -0.171633639829 0
v 0.635324863785 -0.178517185755 0
v 0.63984375 -0.177025654763 0
v 0.63984375 -0.170544077382 0
v 0.63984375 -0.1640625 0
v 0.631640625 -0.1640625 0
v 0.631308293269 -0.155754206731 0
v 0.63984375 -0.155859375 0
v 0.63984375 -0.14765625 0
v 0.630984375 -0.14765625 0
v 0.631421875 -0.139234375 0
v 0.63984375 -0.138796875 0
v 0.631421875 0.139234375 0
v 0.63984375 0.138796875 0
v 0.63984375 0.14765625 0
v 0.630984375 0.14765625 0
v 0.631308293269 0.155754206731 0
v 0.63984375 0.155859375 0
v 0.63984375 0.1640625 0
v 0.631640625 0.1640625 0
v 0.631323236845 0.171633639829 0
v 0.63984375 0.170544077382 0
v 0.63984375 0.177025654763 0
v 0.635324863785 0.178517185755 0
v 0.63080597757 0.180008716748 0
v 0.626990531732 0.179814506065 0
v 0.625732718854 0.180670479327 0
v 0.627011535337 0.181195571299 0
v 0.65625 -0.171142159289 0
v 0.65625 -0.167602329644 0
v 0.647244209122 -0.169217126745 0
v 0.648046875 -0.174083907026 0
v 0.65625 -0.1640625 0
v 0.648046875 -0.1640625 0
v 0.648046875 -0.155859375 0
v 0.65625 -0.155859375 0
v 0.65625 -0.14765625 0
v 0.648046875 -0.14765625 0
v 0.647941706731 -0.139120793269 0
v 0.65625 -0.139453125 0
v 0.647941706731 0.139120793269 0
v 0.65625 0.139453125 0
v 0.65625 0.14765625 0
v 0.648046875 0.14765625 0
v 0.648046875 0.155859375 0
v 0.65625 0.155859375 0
v 0.65625 0.1640625 0
v 0.648046875 0.1640625 0
v 0.647244209122 0.169217126745 0
v 0.65625 0.167602329644 0
v 0.65625 0.171142159289 0
v 0.648046875 0.174083907026 0
v 0.671636933315 -0.165017035594 0
v 0.671505538807 -0.163025240071 0
v 0.663189488327 -0.165530451226 0
v 0.663943466658 -0.168079597441 0
v 0.6713741443 -0.161033444547 0
v 0.66381207215 -0.162547972274 0
v 0.663858156737 -0.155017289545 0
v 0.67201519715 -0.154344847274 0
v 0.67265625 -0.14765625 0
v 0.664453125 -0.14765625 0
v 0.664558293269 -0.139120793269 0
v 0.67265625 -0.138796875 0
v 0.664558293269 0.139120793269 0
v 0.67265625 0.138796875 0
v 0.67265625 0.14765625 0
v 0.664453125 0.14765625 0
v 0.663858156737 0.155017289545 0
v 0.67201519715 0.154344847274 0
v 0.6713741443 0.161033444547 0
v 0.66381207215 0.162547972274 0
v 0.663189488327 0.165530451226 0
v 0.671505538807 0.163025240071 0
v 0.671636933315 0.165017035594 0
v 0.663943466658 0.168079597441 0
v 0.678207117098 -0.162203561989 0
v 0.674790630699 -0.161618503268 0
v 0.673739398236 -0.162751347376 0
v 0.674922025207 -0.163610298791 0
v 0.680027870775 -0.154222803578 0
v 0.683634808549 -0.159736648208 0
v 0.6890625 -0.157269734427 0
v 0.6890625 -0.152462992213 0
v 0.6890625 -0.14765625 0
v 0.680859375 -0.14765625 0
v 0.680754206731 -0.139120793269 0
v 0.6890625 -0.139453125 0
v 0.680754206731 0.139120793269 0
v 0.6890625 0.139453125 0
v 0.6890625 0.14765625 0
v 0.680859375 0.14765625 0
v 0.680027870775 0.154222803578 0
v 0.6890625 0.152462992213 0
v 0.6890625 0.157269734427 0
v 0.683634808549 0.159736648208 0
v 0.678207117098 0.162203561989 0
v 0.674790630699 0.161618503268 0
v 0.673739398238 0.162751347377 0
v 0.674922025207 0.163610298791 0
v 0.704652642628 -0.149492939548 0
v 0.704547615171 -0.1476179364 0
v 0.695691003651 -0.15039990196 0
v 0.696857571314 -0.153381336987 0
v 0.704442587713 -0.145742933252 0
v 0.696752543857 -0.146699591626 0
v 0.696842366764 -0.138896556891 0
v 0.704955668857 -0.138496466626 0
v 0.70546875 -0.13125 0
v 0.697265625 -0.13125 0
v 0.696933293269 -0.122941706731 0
v 0.70546875 -0.123046875 0
v 0.70546875 -0.11484375 0
v 0.696609375 -0.11484375 0
v 0.697046875 -0.106421875 0
v 0.70546875 -0.105984375 0
v 0.697046875 0.106421875 0
v 0.70546875 0.105984375 0
v 0.70546875 0.11484375 0
v 0.696609375 0.11484375 0
v 0.696933293269 0.122941706731 0
v 0.70546875 0.123046875 0
v 0.70546875 0.13125 0
v 0.697265625 0.13125 0
v 0.696842366764 0.138896556891 0
v 0.704955668857 0.138496466626 0
v 0.704442587713 0.145742933252 0
v 0.696752543857 0.146699591626 0
v 0.695691003651 0.15039990196 0
v 0.704547615171 0.1476179364 0
v 0.704652642628 0.149492939548 0
v 0.696857571314 0.153381336987 0
v 0.710399547161 -0.14639674697 0
v 0.707421067437 -0.146069840111 0
v 0.706498259168 -0.147210873257 0
v 0.707526094894 -0.147944843259 0
v 0.712651919488 -0.137912596792 0
v 0.71613727358 -0.143096029713 0
v 0.721875 -0.139795312457 0
v 0.721875 -0.135522656229 0
v 0.721875 -0.13125 0
v 0.713671875 -0.13125 0
v 0.713671875 -0.123046875 0
v 0.721875 -0.123046875 0
v 0.721875 -0.11484375 0
v 0.713671875 -0.11484375 0
v 0.713566706731 -0.106308293269 0
v 0.721875 -0.106640625 0
v 0.713566706731 0.106308293269 0
v 0.721875 0.106640625 0
v 0.721875 0.11484375 0
v 0.713671875 0.11484375 0
v 0.713671875 0.123046875 0
v 0.721875 0.123046875 0
v 0.721875 0.13125 0
v 0.713671875 0.13125 0
v 0.712651919488 0.137912596792 0
v 0.721875 0.135522656229 0
v 0.721875 0.139795312457 0
v 0.71613727358 0.143096029713 0
v 0.710399547161 0.14639674697 0
v 0.707421067437 0.146069840111 0
v 0.706498259168 0.147210873257 0
v 0.707526094894 0.147944843259 0
v 0.733849217848 -0.132231906656 0
v 0.727862108924 -0.131740953328 0
v 0.72586640595 -0.134425739705 0
v 0.727862108924 -0.136013609557 0
v 0.730170116938 -0.123190647529 0
v 0.736440907774 -0.130472623094 0
v 0.7390325977 -0.128713339531 0
v 0.73865692385 -0.121778544766 0
v 0.73828125 -0.11484375 0
v 0.730078125 -0.11484375 0
v 0.730183293269 -0.106308293269 0
v 0.73828125 -0.105984375 0
v 0.730183293269 0.106308293269 0
v 0.73828125 0.105984375 0
v 0.73828125 0.11484375 0
v 0.730078125 0.11484375 0
v 0.730170116938 0.123190647529 0
v 0.73865692385 0.121778544766 0
v 0.7390325977 0.128713339531 0
v 0.736440907774 0.130472623094 0
v 0.733849217848 0.132231906656 0
v 0.727862108924 0.131740953328 0
v 0.72586640595 0.134425739705 0
v 0.727862108924 0.136013609557 0
v 0.753803629927 -0.117722059006 0
v 0.753663339269 -0.115574861351 0
v 0.744845963187 -0.119223675666 0
v 0.746418113814 -0.123217699268 0
v 0.753523048611 -0.113427663696 0
v 0.745902149305 -0.114135706848 0
v 0.745976790454 -0.105850530315 0
v 0.754105274305 -0.105932581848 0
v 0.745976790454 0.105850530315 0
v 0.754105274305 0.105932581848 0
v 0.753523048611 0.113427663696 0
v 0.745902149305 0.114135706848 0
v 0.744845963187 0.119223675666 0
v 0.753663339269 0.115574861351 0
v 0.753803629927 0.117722059006 0
v 0.746418113814 0.123217699268 0
v 0.758554825566 -0.11383319278 0
v 0.756038937088 -0.113630428238 0
v 0.755293834702 -0.114994305161 0
v 0.756179227747 -0.115777625893 0
v 0.761015615903 -0.104697317194 0
v 0.764715289905 -0.108287519523 0
v 0.770875754244 -0.102741846267 0
v 0.770834312548 -0.100441235397 0
v 0.770792870853 -0.0981406245276 0
v 0.762740185427 -0.0982890622638 0
v 0.76245632783 -0.0900319206307 0
v 0.770943310427 -0.0900859372638 0
v 0.77109375 -0.08203125 0
v 0.762234375 -0.08203125 0
v 0.762558293269 -0.0739332932692 0
v 0.77109375 -0.073828125 0
v 0.77109375 -0.065625 0
v 0.762890625 -0.065625 0
v 0.762558293269 -0.0573167067308 0
v 0.77109375 -0.057421875 0
v 0.77109375 -0.04921875 0
v 0.762234375 -0.04921875 0
v 0.762671875 -0.040796875 0
v 0.77109375 -0.040359375 0
v 0.762671875 0.040796875 0
v 0.77109375 0.040359375 0
v 0.77109375 0.04921875 0
v 0.762234375 0.04921875 0
v 0.762558293269 0.0573167067308 0
v 0.77109375 0.057421875 0
v 0.77109375 0.065625 0
v 0.762890625 0.065625 0
v 0.762558293269 0.0739332932692 0
v 0.77109375 0.073828125 0
v 0.77109375 0.08203125 0
v 0.762234375 0.08203125 0
v 0.76245632783 0.0900319206307 0
v 0.770943310427 0.0900859372638 0
v 0.770792870853 0.0981406245276 0
v 0.762740185427 0.0982890622638 0
v 0.761015615903 0.104697317194 0
v 0.770834312548 0.100441235397 0
v 0.770875754244 0.102741846267 0
v 0.764715289905 0.108287519523 0
v 0.758554825566 0.11383319278 0
v 0.756038937088 0.113630428238 0
v 0.7552938347 0.11499430516 0
v 0.756179227747 0.115777625893 0
v 0.775408613011 -0.0982226434443 0
v 0.773100741932 -0.0981816339859 0
v 0.772359079369 -0.0997017047462 0
v 0.773142183628 -0.100482244856 0
v 0.777319157556 -0.0883383316415 0
v 0.780853002633 -0.0921572961943 0
v 0.786297392254 -0.0860919489443 0
v 0.786033757838 -0.0833855701231 0
v 0.785770123423 -0.0806791913019 0
v 0.778431936711 -0.0813552206509 0
v 0.778754998083 -0.0733426901585 0
v 0.786635061711 -0.0731520956509 0
v 0.7875 -0.065625 0
v 0.779296875 -0.065625 0
v 0.779296875 -0.057421875 0
v 0.7875 -0.057421875 0
v 0.7875 -0.04921875 0
v 0.779296875 -0.04921875 0
v 0.779191706731 -0.0406832932692 0
v 0.7875 -0.041015625 0
v 0.779191706731 0.0406832932692 0
v 0.7875 0.041015625 0
v 0.7875 0.04921875 0
v 0.779296875 0.04921875 0
v 0.779296875 0.057421875 0
v 0.7875 0.057421875 0
v 0.7875 0.065625 0
v 0.779296875 0.065625 0
v 0.778754998083 0.0733426901585 0
v 0.786635061711 0.0731520956509 0
v 0.785770123423 0.0806791913019 0
v 0.778431936711 0.0813552206509 0
v 0.777319157556 0.0883383316415 0
v 0.786033757838 0.0833855701231 0
v 0.786297392254 0.0860919489443 0
v 0.780853002633 0.0921572961943 0
v 0.775408613011 0.0982226434443 0
v 0.773100741932 0.0981816339859 0
v 0.772359079369 0.0997017047462 0
v 0.773142183628 0.100482244856 0
v 0.79033070513 -0.0810191852989 0
v 0.788050414276 -0.0808491883004 0
v 0.787466073601 -0.0825967751816 0
v 0.788314048692 -0.0835555671216 0
v 0.791529346739 -0.0721584040345 0
v 0.795447471719 -0.0735457433137 0
v 0.800564238309 -0.0660723013286 0
v 0.794032119154 -0.0658486506643 0
v 0.795586754374 -0.0573003316255 0
v 0.802528131614 -0.062631137918 0
v 0.80449202492 -0.0591899745075 0
v 0.80419913746 -0.0542043622537 0
v 0.80390625 -0.04921875 0
v 0.795703125 -0.04921875 0
v 0.795703125 -0.041015625 0
v 0.80390625 -0.041015625 0
v 0.80390625 -0.0328125 0
v 0.795703125 -0.0328125 0
v 0.795370793269 -0.0245042067308 0
v 0.80390625 -0.024609375 0
v 0.80390625 -0.01640625 0
v 0.795046875 -0.01640625 0
v 0.795370793269 -0.00830829326923 0
v 0.80390625 -0.008203125 0
v 0.80390625 0 0
v 0.795703125 0 0
v 0.795370793269 0.00830829326923 0
v 0.80390625 0.008203125 0
v 0.80390625 0.01640625 0
v 0.795046875 0.01640625 0
v 0.795370793269 0.0245042067308 0
v 0.80390625 0.024609375 0
v 0.80390625 0.0328125 0
v 0.795703125 0.0328125 0
v 0.795703125 0.041015625 0
v 0.80390625 0.041015625 0
v 0.80390625 0.04921875 0
v 0.795703125 0.04921875 0
v 0.795586754374 0.0573003316255 0
v 0.80419913746 0.0542043622537 0
v 0.80449202492 0.0591899745075 0
v 0.802528131614 0.062631137918 0
v 0.800564238309 0.0660723013286 0
v 0.794032119154 0.0658486506643 0
v 0.791529346739 0.0721584040345 0
v 0.795447471719 0.0735457433137 0
v 0.79033070513 0.0810191852989 0
v 0.788050414276 0.0808491883004 0
v 0.787466073601 0.0825967751816 0
v 0.788314048692 0.0835555671216 0
v 0.809352823863 -0.04921875 0
v 0.806629536931 -0.04921875 0
v 0.805917032927 -0.0525424915025 0
v 0.806922424391 -0.0542043622537 0
v 0.808293955682 -0.0400490621623 0
v 0.81233077367 -0.041015625 0
v 0.815308723477 -0.0328125 0
v 0.809607486739 -0.0328125 0
v 0.810500073953 -0.0243196314642 0
v 0.81705015204 -0.0247539584892 0
v 0.818791580603 -0.0166954169783 0
v 0.811348915301 -0.0165508334892 0
v 0.811678336411 -0.00816901033209 0
v 0.819395790301 -0.00834770848917 0
v 0.82 0 0
v 0.811953125 0 0
v 0.811678336411 0.00816901033209 0
v 0.819395790301 0.00834770848917 0
v 0.818791580603 0.0166954169783 0
v 0.811348915301 0.0165508334892 0
v 0.810500073953 0.0243196314642 0
v 0.81705015204 0.0247539584892 0
v 0.815308723477 0.0328125 0
v 0.809607486739 0.0328125 0
v 0.808293955682 0.0400490621623 0
v 0.81233077367 0.041015625 0
v 0.809352823863 0.04921875 0
v 0.806629536931 0.04921875 0
v 0.805917032927 0.0525424915025 0
v 0.806922424391 0.0542043622537 0
f 1 2 3 4
f 5 6 3 2
f 7 8 3 6
f 9 10 3 8
f 11 12 3 10
f 13 4 3 12
f 11 10 14 15
f 9 16 14 10
f 17 18 14 16
f 19 20 14 18
f 21 15 14 20
f 19 18 22 23
f 17 24 22 18
f 25 26 22 24
f 27 28 22 26
f 29 23 22 28
f 27 26 30 31
f 25 32 30 26
f 33 34 30 32
f 35 36 30 34
f 37 38 30 36
f 39 31 30 38
f 7 40 41 8
f 42 43 41 40
f 44 45 41 43
f 46 47 41 45
f 9 8 41 47
f 9 47 48 16
f 46 49 48 47
f 50 51 48 49
f 17 16 48 51
f 17 51 52 24
f 50 53 52 51
f 54 55 52 53
f 25 24 52 55
f 25 55 56 32
f 54 57 56 55
f 58 59 56 57
f 60 61 56 59
f 33 32 56 61
f 44 62 63 45
f 64 65 63 62
f 66 67 63 65
f 68 69 63 67
f 70 71 63 69
f 46 45 63 71
f 46 71 72 49
f 70 73 72 71
f 74 75 72 73
f 76 77 72 75
f 50 49 72 77
f 50 77 78 53
f 76 79 78 77
f 80 81 78 79
f 82 83 78 81
f 54 53 78 83
f 54 83 84 57
f 82 85 84 83
f 86 87 84 85
f 88 89 84 87
f 90 91 84 89
f 58 57 84 91
f 92 93 94 95
f 96 97 94 93
f 98 99 94 97
f 100 101 94 99
f 102 103 94 101
f 104 95 94 103
f 102 101 105 106
f 100 107 105 101
f 108 109 105 107
f 110 111 105 109
f 112 113 105 111
f 114 106 105 113
f 115 116 117 118
f 119 120 117 116
f 121 122 117 120
f 123 124 117 122
f 125 126 117 124
f 127 118 117 126
f 125 124 128 129
f 123 130 128 124
f 131 132 128 130
f 133 134 128 132
f 135 136 128 134
f 137 129 128 136
f 98 138 139 99
f 140 141 139 138
f 142 143 139 141
f 144 145 139 143
f 146 147 139 145
f 100 99 139 147
f 100 147 148 107
f 146 149 148 147
f 150 151 148 149
f 108 107 148 151
f 108 151 152 153
f 150 154 152 151
f 155 156 152 154
f 157 158 152 156
f 159 160 152 158
f 161 153 152 160
f 162 163 164 165
f 166 167 164 163
f 168 169 164 167
f 170 171 164 169
f 121 172 164 171
f 173 165 164 172
f 121 171 174 122
f 170 175 174 171
f 176 177 174 175
f 123 122 174 177
f 123 177 178 130
f 176 179 178 177
f 180 181 178 179
f 182 183 178 181
f 184 185 178 183
f 131 130 178 185
f 146 186 187 149
f 188 189 187 186
f 190 191 187 189
f 192 193 187 191
f 150 149 187 193
f 150 193 194 154
f 192 195 194 193
f 196 197 194 195
f 155 154 194 197
f 155 197 198 199
f 196 200 198 197
f 201 202 198 200
f 203 204 198 202
f 205 206 198 204
f 207 199 198 206
f 208 209 210 211
f 212 213 210 209
f 214 215 210 213
f 216 217 210 215
f 168 218 210 217
f 219 211 210 218
f 168 217 220 169
f 216 221 220 217
f 222 223 220 221
f 170 169 220 223
f 170 223 224 175
f 222 225 224 223
f 226 227 224 225
f 228 229 224 227
f 176 175 224 229
f 190 230 231 191
f 232 233 231 230
f 234 235 231 233
f 236 237 231 235
f 238 239 231 237
f 192 191 231 239
f 192 239 240 195
f 238 241 240 239
f 242 243 240 241
f 196 195 240 243
f 196 243 244 200
f 242 245 244 243
f 246 247 244 245
f 201 200 244 247
f 201 247 248 249
f 246 250 248 247
f 251 252 248 250
f 253 254 248 252
f 255 256 248 254
f 257 249 248 256
f 258 259 260 261
f 262 263 260 259
f 264 265 260 263
f 266 267 260 265
f 214 268 260 267
f 269 261 260 268
f 214 267 270 215
f 266 271 270 267
f 272 273 270 271
f 216 215 270 273
f 216 273 274 221
f 272 275 274 273
f 276 277 274 275
f 222 221 274 277
f 222 277 278 225
f 276 279 278 277
f 280 281 278 279
f 282 283 278 281
f 284 285 278 283
f 226 225 278 285
f 238 286 287 241
f 288 289 287 286
f 290 291 287 289
f 1 292 287 291
f 242 241 287 292
f 242 292 293 245
f 1 4 293 292
f 13 294 293 4
f 246 245 293 294
f 246 294 295 250
f 13 12 295 294
f 11 296 295 12
f 251 250 295 296
f 251 296 297 298
f 11 15 297 296
f 21 299 297 15
f 300 301 297 299
f 302 298 297 301
f 300 299 303 304
f 21 20 303 299
f 19 305 303 20
f 306 307 303 305
f 308 304 303 307
f 306 305 309 310
f 19 23 309 305
f 29 311 309 23
f 312 313 309 311
f 314 310 309 313
f 312 311 315 316
f 29 28 315 311
f 27 317 315 28
f 264 318 315 317
f 319 316 315 318
f 264 317 320 265
f 27 31 320 317
f 39 321 320 31
f 266 265 320 321
f 266 321 322 271
f 39 38 322 321
f 37 323 322 38
f 272 271 322 323
f 272 323 324 275
f 37 325 324 323
f 326 327 324 325
f 328 329 324 327
f 276 275 324 329
f 290 330 331 291
f 332 333 331 330
f 334 335 331 333
f 5 2 331 335
f 1 291 331 2
f 37 36 336 325
f 35 337 336 36
f 338 339 336 337
f 340 341 336 339
f 326 325 336 341
f 334 342 343 335
f 344 345 343 342
f 346 347 343 345
f 7 6 343 347
f 5 335 343 6
f 35 34 348 337
f 33 349 348 34
f 350 351 348 349
f 352 353 348 351
f 338 337 348 353
f 346 354 355 347
f 356 357 355 354
f 358 359 355 357
f 42 40 355 359
f 7 347 355 40
f 33 61 360 349
f 60 361 360 61
f 362 363 360 361
f 364 365 360 363
f 350 349 360 365
f 358 366 367 359
f 368 369 367 366
f 370 371 367 369
f 44 43 367 371
f 42 359 367 43
f 60 59 372 361
f 58 373 372 59
f 374 375 372 373
f 376 377 372 375
f 362 361 372 377
f 378 379 380 381
f 382 383 380 379
f 384 385 380 383
f 386 387 380 385
f 388 389 380 387
f 390 381 380 389
f 388 387 391 392
f 386 393 391 387
f 394 395 391 393
f 370 396 391 395
f 397 392 391 396
f 370 395 398 371
f 394 399 398 395
f 64 62 398 399
f 44 371 398 62
f 58 91 400 373
f 90 401 400 91
f 402 403 400 401
f 374 373 400 403
f 374 403 404 405
f 402 406 404 403
f 407 408 404 406
f 409 410 404 408
f 411 405 404 410
f 409 408 412 413
f 407 414 412 408
f 415 416 412 414
f 417 418 412 416
f 419 420 412 418
f 421 413 412 420
f 422 423 424 425
f 426 427 424 423
f 428 429 424 427
f 430 431 424 429
f 432 433 424 431
f 434 425 424 433
f 432 431 435 436
f 430 437 435 431
f 438 439 435 437
f 384 440 435 439
f 441 436 435 440
f 384 439 442 385
f 438 443 442 439
f 444 445 442 443
f 386 385 442 445
f 386 445 446 393
f 444 447 446 445
f 448 449 446 447
f 394 393 446 449
f 394 449 450 399
f 448 451 450 449
f 66 65 450 451
f 64 399 450 65
f 90 89 452 401
f 88 453 452 89
f 454 455 452 453
f 402 401 452 455
f 402 455 456 406
f 454 457 456 455
f 458 459 456 457
f 407 406 456 459
f 407 459 460 414
f 458 461 460 459
f 462 463 460 461
f 415 414 460 463
f 415 463 464 465
f 462 466 464 463
f 467 468 464 466
f 469 470 464 468
f 471 465 464 470
f 469 468 472 473
f 467 474 472 468
f 475 476 472 474
f 477 478 472 476
f 479 480 472 478
f 481 473 472 480
f 482 483 484 485
f 486 487 484 483
f 488 489 484 487
f 490 491 484 489
f 428 492 484 491
f 493 485 484 492
f 428 491 494 429
f 490 495 494 491
f 496 497 494 495
f 430 429 494 497
f 430 497 498 437
f 496 499 498 497
f 500 501 498 499
f 438 437 498 501
f 438 501 502 443
f 500 503 502 501
f 504 505 502 503
f 444 443 502 505
f 444 505 506 447
f 504 507 506 505
f 508 509 506 507
f 448 447 506 509
f 448 509 510 451
f 508 511 510 509
f 512 513 510 511
f 66 451 510 513
f 66 513 514 67
f 512 515 514 513
f 516 517 514 515
f 68 67 514 517
f 68 517 518 69
f 516 519 518 517
f 520 521 518 519
f 70 69 518 521
f 70 521 522 73
f 520 523 522 521
f 524 525 522 523
f 74 73 522 525
f 74 525 526 75
f 524 527 526 525
f 528 529 526 527
f 76 75 526 529
f 76 529 530 79
f 528 531 530 529
f 532 533 530 531
f 80 79 530 533
f 80 533 534 81
f 532 535 534 533
f 536 537 534 535
f 82 81 534 537
f 82 537 538 85
f 536 539 538 537
f 540 541 538 539
f 86 85 538 541
f 86 541 542 87
f 540 543 542 541
f 544 545 542 543
f 88 87 542 545
f 88 545 546 453
f 544 547 546 545
f 548 549 546 547
f 454 453 546 549
f 454 549 550 457
f 548 551 550 549
f 552 553 550 551
f 458 457 550 553
f 458 553 554 461
f 552 555 554 553
f 556 557 554 555
f 462 461 554 557
f 462 557 558 466
f 556 559 558 557
f 560 561 558 559
f 467 466 558 561
f 467 561 562 474
f 560 563 562 561
f 564 565 562 563
f 475 474 562 565
f 475 565 566 567
f 564 568 566 565
f 569 570 566 568
f 571 572 566 570
f 573 574 566 572
f 575 567 566 574
f 488 576 577 489
f 578 579 577 576
f 580 581 577 579
f 582 583 577 581
f 584 585 577 583
f 490 489 577 585
f 490 585 586 495
f 584 587 586 585
f 588 589 586 587
f 590 591 586 589
f 496 495 586 591
f 496 591 592 499
f 590 593 592 591
f 594 595 592 593
f 596 597 592 595
f 500 499 592 597
f 500 597 598 503
f 596 599 598 597
f 600 601 598 599
f 602 603 598 601
f 504 503 598 603
f 504 603 604 507
f 602 605 604 603
f 606 607 604 605
f 608 609 604 607
f 508 507 604 609
f 508 609 610 511
f 608 611 610 609
f 612 613 610 611
f 614 615 610 613
f 512 511 610 615
f 512 615 616 515
f 614 617 616 615
f 618 619 616 617
f 620 621 616 619
f 516 515 616 621
f 516 621 622 519
f 620 623 622 621
f 624 625 622 623
f 626 627 622 625
f 520 519 622 627
f 520 627 628 523
f 626 629 628 627
f 630 631 628 629
f 524 523 628 631
f 524 631 632 527
f 630 633 632 631
f 634 635 632 633
f 528 527 632 635
f 528 635 636 531
f 634 637 636 635
f 638 639 636 637
f 532 531 636 639
f 532 639 640 535
f 638 641 640 639
f 642 643 640 641
f 536 535 640 643
f 536 643 644 539
f 642 645 644 643
f 646 647 644 645
f 648 649 644 647
f 540 539 644 649
f 540 649 650 543
f 648 651 650 649
f 652 653 650 651
f 654 655 650 653
f 544 543 650 655
f 544 655 656 547
f 654 657 656 655
f 658 659 656 657
f 660 661 656 659
f 548 547 656 661
f 548 661 662 551
f 660 663 662 661
f 664 665 662 663
f 666 667 662 665
f 552 551 662 667
f 552 667 668 555
f 666 669 668 667
f 670 671 668 669
f 672 673 668 671
f 556 555 668 673
f 556 673 674 559
f 672 675 674 673
f 676 677 674 675
f 678 679 674 677
f 560 559 674 679
f 560 679 680 563
f 678 681 680 679
f 682 683 680 681
f 684 685 680 683
f 564 563 680 685
f 564 685 686 568
f 684 687 686 685
f 688 689 686 687
f 690 691 686 689
f 692 693 686 691
f 569 568 686 693
f 626 694 695 629
f 696 697 695 694
f 698 699 695 697
f 700 701 695 699
f 630 629 695 701
f 630 701 702 633
f 700 703 702 701
f 704 705 702 703
f 634 633 702 705
f 634 705 706 637
f 704 707 706 705
f 708 709 706 707
f 638 637 706 709
f 638 709 710 641
f 708 711 710 709
f 712 713 710 711
f 714 715 710 713
f 642 641 710 715
f 698 716 717 699
f 718 719 717 716
f 720 721 717 719
f 722 723 717 721
f 700 699 717 723
f 700 723 724 703
f 722 725 724 723
f 726 727 724 725
f 704 703 724 727
f 704 727 728 707
f 726 729 728 727
f 730 731 728 729
f 708 707 728 731
f 708 731 732 711
f 730 733 732 731
f 734 735 732 733
f 736 737 732 735
f 712 711 732 737
f 720 738 739 721
f 740 741 739 738
f 742 743 739 741
f 744 745 739 743
f 722 721 739 745
f 722 745 746 725
f 744 747 746 745
f 748 749 746 747
f 726 725 746 749
f 726 749 750 729
f 748 751 750 749
f 752 753 750 751
f 730 729 750 753
f 730 753 754 733
f 752 755 754 753
f 756 757 754 755
f 758 759 754 757
f 734 733 754 759
f 742 760 761 743
f 762 763 761 760
f 764 765 761 763
f 766 767 761 765
f 744 743 761 767
f 744 767 768 747
f 766 769 768 767
f 770 771 768 769
f 748 747 768 771
f 748 771 772 751
f 770 773 772 771
f 774 775 772 773
f 752 751 772 775
f 752 775 776 755
f 774 777 776 775
f 778 779 776 777
f 780 781 776 779
f 756 755 776 781
f 764 782 783 765
f 784 785 783 782
f 786 787 783 785
f 788 789 783 787
f 790 791 783 789
f 766 765 783 791
f 766 791 792 769
f 790 793 792 791
f 794 795 792 793
f 770 769 792 795
f 770 795 796 773
f 794 797 796 795
f 798 799 796 797
f 774 773 796 799
f 774 799 800 777
f 798 801 800 799
f 802 803 800 801
f 804 805 800 803
f 806 807 800 805
f 778 777 800 807
f 790 808 809 793
f 810 811 809 808
f 812 813 809 811
f 814 815 809 813
f 794 793 809 815
f 794 815 816 797
f 814 817 816 815
f 818 819 816 817
f 820 821 816 819
f 798 797 816 821
f 812 822 823 813
f 824 825 823 822
f 826 827 823 825
f 828 829 823 827
f 830 831 823 829
f 814 813 823 831
f 814 831 832 817
f 830 833 832 831
f 834 835 832 833
f 836 837 832 835
f 838 839 832 837
f 818 817 832 839
f 840 841 842 843
f 844 845 842 841
f 846 847 842 845
f 848 849 842 847
f 850 851 842 849
f 852 843 842 851
f 850 849 853 854
f 848 855 853 849
f 856 857 853 855
f 858 859 853 857
f 860 854 853 859
f 858 857 861 862
f 856 863 861 857
f 864 865 861 863
f 866 867 861 865
f 868 862 861 867
f 866 865 869 870
f 864 871 869 865
f 872 873 869 871
f 874 875 869 873
f 876 877 869 875
f 878 870 869 877
f 879 880 881 882
f 883 884 881 880
f 885 886 881 884
f 887 888 881 886
f 889 890 881 888
f 891 882 881 890
f 889 888 892 893
f 887 894 892 888
f 895 896 892 894
f 897 898 892 896
f 899 893 892 898
f 897 896 900 901
f 895 902 900 896
f 903 904 900 902
f 905 906 900 904
f 907 901 900 906
f 905 904 908 909
f 903 910 908 904
f 911 912 908 910
f 913 914 908 912
f 915 916 908 914
f 917 909 908 916
f 918 919 920 921
f 922 923 920 919
f 924 925 920 923
f 92 926 920 925
f 846 927 920 926
f 928 921 920 927
f 846 926 929 847
f 92 95 929 926
f 104 930 929 95
f 848 847 929 930
f 848 930 931 855
f 104 103 931 930
f 102 932 931 103
f 856 855 931 932
f 856 932 933 863
f 102 106 933 932
f 114 934 933 106
f 864 863 933 934
f 864 934 935 871
f 114 113 935 934
f 112 936 935 113
f 872 871 935 936
f 872 936 937 938
f 112 939 937 936
f 940 941 937 939
f 942 943 937 941
f 944 938 937 943
f 942 941 945 946
f 940 947 945 941
f 948 949 945 947
f 950 951 945 949
f 952 953 945 951
f 954 946 945 953
f 955 956 957 958
f 959 960 957 956
f 961 962 957 960
f 963 964 957 962
f 965 966 957 964
f 967 958 957 966
f 965 964 968 969
f 963 970 968 964
f 115 971 968 970
f 885 972 968 971
f 973 969 968 972
f 885 971 974 886
f 115 118 974 971
f 127 975 974 118
f 887 886 974 975
f 887 975 976 894
f 127 126 976 975
f 125 977 976 126
f 895 894 976 977
f 895 977 978 902
f 125 129 978 977
f 137 979 978 129
f 903 902 978 979
f 903 979 980 910
f 137 136 980 979
f 135 981 980 136
f 911 910 980 981
f 911 981 982 983
f 135 984 982 981
f 985 986 982 984
f 987 988 982 986
f 989 990 982 988
f 991 983 982 990
f 924 992 993 925
f 994 995 993 992
f 996 997 993 995
f 96 93 993 997
f 92 925 993 93
f 112 111 998 939
f 110 999 998 111
f 1000 1001 998 999
f 940 939 998 1001
f 940 1001 1002 947
f 1000 1003 1002 1001
f 1004 1005 1002 1003
f 948 947 1002 1005
f 948 1005 1006 1007
f 1004 1008 1006 1005
f 1009 1010 1006 1008
f 1011 1012 1006 1010
f 1013 1014 1006 1012
f 1015 1007 1006 1014
f 1016 1017 1018 1019
f 1020 1021 1018 1017
f 1022 1023 1018 1021
f 1024 1025 1018 1023
f 961 1026 1018 1025
f 1027 1019 1018 1026
f 961 1025 1028 962
f 1024 1029 1028 1025
f 1030 1031 1028 1029
f 963 962 1028 1031
f 963 1031 1032 970
f 1030 1033 1032 1031
f 119 116 1032 1033
f 115 970 1032 116
f 135 134 1034 984
f 133 1035 1034 134
f 1036 1037 1034 1035
f 1038 1039 1034 1037
f 985 984 1034 1039
f 996 1040 1041 997
f 1042 1043 1041 1040
f 1044 1045 1041 1043
f 98 97 1041 1045
f 96 997 1041 97
f 110 109 1046 999
f 108 153 1046 109
f 161 1047 1046 153
f 1000 999 1046 1047
f 1000 1047 1048 1003
f 161 160 1048 1047
f 159 1049 1048 160
f 1004 1003 1048 1049
f 1004 1049 1050 1008
f 159 1051 1050 1049
f 1052 1053 1050 1051
f 1009 1008 1050 1053
f 1009 1053 1054 1055
f 1052 1056 1054 1053
f 1057 1058 1054 1056
f 1059 1060 1054 1058
f 1061 1062 1054 1060
f 1063 1055 1054 1062
f 1064 1065 1066 1067
f 1068 1069 1066 1065
f 1070 1071 1066 1069
f 1072 1073 1066 1071
f 1022 1074 1066 1073
f 1075 1067 1066 1074
f 1022 1073 1076 1023
f 1072 1077 1076 1073
f 162 1078 1076 1077
f 1024 1023 1076 1078
f 1024 1078 1079 1029
f 162 165 1079 1078
f 173 1080 1079 165
f 1030 1029 1079 1080
f 1030 1080 1081 1033
f 173 172 1081 1080
f 121 120 1081 172
f 119 1033 1081 120
f 133 132 1082 1035
f 131 1083 1082 132
f 1084 1085 1082 1083
f 1086 1087 1082 1085
f 1036 1035 1082 1087
f 1044 1088 1089 1045
f 1090 1091 1089 1088
f 1092 1093 1089 1091
f 140 138 1089 1093
f 98 1045 1089 138
f 159 158 1094 1051
f 157 1095 1094 158
f 1096 1097 1094 1095
f 1052 1051 1094 1097
f 1052 1097 1098 1056
f 1096 1099 1098 1097
f 1100 1101 1098 1099
f 1057 1056 1098 1101
f 1057 1101 1102 1103
f 1100 1104 1102 1101
f 1105 1106 1102 1104
f 1107 1108 1102 1106
f 1109 1110 1102 1108
f 1111 1103 1102 1110
f 1112 1113 1114 1115
f 1116 1117 1114 1113
f 1118 1119 1114 1117
f 1120 1121 1114 1119
f 1070 1122 1114 1121
f 1123 1115 1114 1122
f 1070 1121 1124 1071
f 1120 1125 1124 1121
f 1126 1127 1124 1125
f 1072 1071 1124 1127
f 1072 1127 1128 1077
f 1126 1129 1128 1127
f 166 163 1128 1129
f 162 1077 1128 163
f 131 185 1130 1083
f 184 1131 1130 185
f 1132 1133 1130 1131
f 1134 1135 1130 1133
f 1084 1083 1130 1135
f 1092 1136 1137 1093
f 1138 1139 1137 1136
f 1140 1141 1137 1139
f 142 141 1137 1141
f 140 1093 1137 141
f 157 156 1142 1095
f 155 199 1142 156
f 207 1143 1142 199
f 1096 1095 1142 1143
f 1096 1143 1144 1099
f 207 206 1144 1143
f 205 1145 1144 206
f 1100 1099 1144 1145
f 1100 1145 1146 1104
f 205 1147 1146 1145
f 1148 1149 1146 1147
f 1105 1104 1146 1149
f 1105 1149 1150 1151
f 1148 1152 1150 1149
f 1153 1154 1150 1152
f 1155 1156 1150 1154
f 1157 1158 1150 1156
f 1159 1151 1150 1158
f 1160 1161 1162 1163
f 1164 1165 1162 1161
f 1166 1167 1162 1165
f 1168 1169 1162 1167
f 1118 1170 1162 1169
f 1171 1163 1162 1170
f 1118 1169 1172 1119
f 1168 1173 1172 1169
f 208 1174 1172 1173
f 1120 1119 1172 1174
f 1120 1174 1175 1125
f 208 211 1175 1174
f 219 1176 1175 211
f 1126 1125 1175 1176
f 1126 1176 1177 1129
f 219 218 1177 1176
f 168 167 1177 218
f 166 1129 1177 167
f 184 183 1178 1131
f 182 1179 1178 183
f 1180 1181 1178 1179
f 1182 1183 1178 1181
f 1132 1131 1178 1183
f 1140 1184 1185 1141
f 1186 1187 1185 1184
f 1188 1189 1185 1187
f 1190 1191 1185 1189
f 142 1141 1185 1191
f 142 1191 1192 143
f 1190 1193 1192 1191
f 1194 1195 1192 1193
f 144 143 1192 1195
f 144 1195 1196 145
f 1194 1197 1196 1195
f 188 186 1196 1197
f 146 145 1196 186
f 205 204 1198 1147
f 203 1199 1198 204
f 1200 1201 1198 1199
f 1148 1147 1198 1201
f 1148 1201 1202 1152
f 1200 1203 1202 1201
f 1204 1205 1202 1203
f 1153 1152 1202 1205
f 1153 1205 1206 1207
f 1204 1208 1206 1205
f 1209 1210 1206 1208
f 1211 1212 1206 1210
f 1213 1214 1206 1212
f 1215 1207 1206 1214
f 1216 1217 1218 1219
f 1220 1221 1218 1217
f 1222 1223 1218 1221
f 1224 1225 1218 1223
f 1166 1226 1218 1225
f 1227 1219 1218 1226
f 1166 1225 1228 1167
f 1224 1229 1228 1225
f 1230 1231 1228 1229
f 1168 1167 1228 1231
f 1168 1231 1232 1173
f 1230 1233 1232 1231
f 212 209 1232 1233
f 208 1173 1232 209
f 176 229 1234 179
f 228 1235 1234 229
f 1236 1237 1234 1235
f 180 179 1234 1237
f 180 1237 1238 181
f 1236 1239 1238 1237
f 1240 1241 1238 1239
f 182 181 1238 1241
f 182 1241 1242 1179
f 1240 1243 1242 1241
f 1244 1245 1242 1243
f 1246 1247 1242 1245
f 1180 1179 1242 1247
f 1188 1248 1249 1189
f 1250 1251 1249 1248
f 1252 1253 1249 1251
f 1254 1255 1249 1253
f 1256 1257 1249 1255
f 1190 1189 1249 1257
f 1190 1257 1258 1193
f 1256 1259 1258 1257
f 1260 1261 1258 1259
f 1194 1193 1258 1261
f 1194 1261 1262 1197
f 1260 1263 1262 1261
f 190 189 1262 1263
f 188 1197 1262 189
f 203 202 1264 1199
f 201 249 1264 202
f 257 1265 1264 249
f 1200 1199 1264 1265
f 1200 1265 1266 1203
f 257 256 1266 1265
f 255 1267 1266 256
f 1204 1203 1266 1267
f 1204 1267 1268 1208
f 255 1269 1268 1267
f 1270 1271 1268 1269
f 1209 1208 1268 1271
f 1209 1271 1272 1273
f 1270 1274 1272 1271
f 1275 1276 1272 1274
f 1277 1278 1272 1276
f 1279 1280 1272 1278
f 1281 1273 1272 1280
f 1282 1283 1284 1285
f 1286 1287 1284 1283
f 1288 1289 1284 1287
f 1290 1291 1284 1289
f 1222 1292 1284 1291
f 1293 1285 1284 1292
f 1222 1291 1294 1223
f 1290 1295 1294 1291
f 258 1296 1294 1295
f 1224 1223 1294 1296
f 1224 1296 1297 1229
f 258 261 1297 1296
f 269 1298 1297 261
f 1230 1229 1297 1298
f 1230 1298 1299 1233
f 269 268 1299 1298
f 214 213 1299 268
f 212 1233 1299 213
f 228 227 1300 1235
f 226 1301 1300 227
f 1302 1303 1300 1301
f 1236 1235 1300 1303
f 1236 1303 1304 1239
f 1302 1305 1304 1303
f 1306 1307 1304 1305
f 1240 1239 1304 1307
f 1240 1307 1308 1243
f 1306 1309 1308 1307
f 1310 1311 1308 1309
f 1312 1313 1308 1311
f 1314 1315 1308 1313
f 1244 1243 1308 1315
f 1256 1316 1317 1259
f 1318 1319 1317 1316
f 1320 1321 1317 1319
f 1322 1323 1317 1321
f 1260 1259 1317 1323
f 1260 1323 1324 1263
f 1322 1325 1324 1323
f 232 230 1324 1325
f 190 1263 1324 230
f 255 254 1326 1269
f 253 1327 1326 254
f 1328 1329 1326 1327
f 1270 1269 1326 1329
f 1270 1329 1330 1274
f 1328 1331 1330 1329
f 1332 1333 1330 1331
f 1275 1274 1330 1333
f 1275 1333 1334 1335
f 1332 1336 1334 1333
f 1337 1338 1334 1336
f 1339 1340 1334 1338
f 1341 1335 1334 1340
f 1339 1338 1342 1343
f 1337 1344 1342 1338
f 1345 1346 1342 1344
f 1347 1348 1342 1346
f 1349 1343 1342 1348
f 1347 1346 1350 1351
f 1345 1352 1350 1346
f 1353 1354 1350 1352
f 1355 1356 1350 1354
f 1357 1351 1350 1356
f 1355 1354 1358 1359
f 1353 1360 1358 1354
f 1361 1362 1358 1360
f 1288 1363 1358 1362
f 1364 1359 1358 1363
f 1288 1362 1365 1289
f 1361 1366 1365 1362
f 1367 1368 1365 1366
f 1290 1289 1365 1368
f 1290 1368 1369 1295
f 1367 1370 1369 1368
f 262 259 1369 1370
f 258 1295 1369 259
f 226 285 1371 1301
f 284 1372 1371 285
f 1373 1374 1371 1372
f 1302 1301 1371 1374
f 1302 1374 1375 1305
f 1373 1376 1375 1374
f 1377 1378 1375 1376
f 1379 1380 1375 1378
f 1306 1305 1375 1380
f 1320 1381 1382 1321
f 1383 1384 1382 1381
f 1385 1386 1382 1384
f 1387 1388 1382 1386
f 1389 1390 1382 1388
f 1322 1321 1382 1390
f 1322 1390 1391 1325
f 1389 1392 1391 1390
f 234 233 1391 1392
f 232 1325 1391 233
f 253 252 1393 1327
f 251 298 1393 252
f 302 1394 1393 298
f 1328 1327 1393 1394
f 1328 1394 1395 1331
f 302 301 1395 1394
f 300 1396 1395 301
f 1332 1331 1395 1396
f 1332 1396 1397 1336
f 300 304 1397 1396
f 308 1398 1397 304
f 1337 1336 1397 1398
f 1337 1398 1399 1344
f 308 307 1399 1398
f 306 1400 1399 307
f 1345 1344 1399 1400
f 1345 1400 1401 1352
f 306 310 1401 1400
f 314 1402 1401 310
f 1353 1352 1401 1402
f 1353 1402 1403 1360
f 314 313 1403 1402
f 312 1404 1403 313
f 1361 1360 1403 1404
f 1361 1404 1405 1366
f 312 316 1405 1404
f 319 1406 1405 316
f 1367 1366 1405 1406
f 1367 1406 1407 1370
f 319 318 1407 1406
f 264 263 1407 318
f 262 1370 1407 263
f 284 283 1408 1372
f 282 1409 1408 283
f 1410 1411 1408 1409
f 1373 1372 1408 1411
f 1373 1411 1412 1376
f 1410 1413 1412 1411
f 1414 1415 1412 1413
f 1416 1417 1412 1415
f 1418 1419 1412 1417
f 1377 1376 1412 1419
f 1389 1420 1421 1392
f 1422 1423 1421 1420
f 1424 1425 1421 1423
f 1426 1427 1421 1425
f 234 1392 1421 1427
f 234 1427 1428 235
f 1426 1429 1428 1427
f 1430 1431 1428 1429
f 236 235 1428 1431
f 236 1431 1432 237
f 1430 1433 1432 1431
f 288 286 1432 1433
f 238 237 1432 286
f 276 329 1434 279
f 328 1435 1434 329
f 1436 1437 1434 1435
f 280 279 1434 1437
f 280 1437 1438 281
f 1436 1439 1438 1437
f 1440 1441 1438 1439
f 282 281 1438 1441
f 282 1441 1442 1409
f 1440 1443 1442 1441
f 1444 1445 1442 1443
f 1446 1447 1442 1445
f 1410 1409 1442 1447
f 1424 1448 1449 1425
f 1450 1451 1449 1448
f 1452 1453 1449 1451
f 1454 1455 1449 1453
f 1456 1457 1449 1455
f 1426 1425 1449 1457
f 1426 1457 1458 1429
f 1456 1459 1458 1457
f 1460 1461 1458 1459
f 1430 1429 1458 1461
f 1430 1461 1462 1433
f 1460 1463 1462 1461
f 290 289 1462 1463
f 288 1433 1462 289
f 328 327 1464 1435
f 326 1465 1464 327
f 1466 1467 1464 1465
f 1436 1435 1464 1467
f 1436 1467 1468 1439
f 1466 1469 1468 1467
f 1470 1471 1468 1469
f 1440 1439 1468 1471
f 1440 1471 1472 1443
f 1470 1473 1472 1471
f 1474 1475 1472 1473
f 1476 1477 1472 1475
f 1478 1479 1472 1477
f 1444 1443 1472 1479
f 1456 1480 1481 1459
f 1482 1483 1481 1480
f 1484 1485 1481 1483
f 1486 1487 1481 1485
f 1460 1459 1481 1487
f 1460 1487 1488 1463
f 1486 1489 1488 1487
f 332 330 1488 1489
f 290 1463 1488 330
f 326 341 1490 1465
f 340 1491 1490 341
f 1492 1493 1490 1491
f 1466 1465 1490 1493
f 1466 1493 1494 1469
f 1492 1495 1494 1493
f 1496 1497 1494 1495
f 1498 1499 1494 1497
f 1470 1469 1494 1499
f 1484 1500 1501 1485
f 1502 1503 1501 1500
f 1504 1505 1501 1503
f 1506 1507 1501 1505
f 1508 1509 1501 1507
f 1486 1485 1501 1509
f 1486 1509 1510 1489
f 1508 1511 1510 1509
f 334 333 1510 1511
f 332 1489 1510 333
f 340 339 1512 1491
f 338 1513 1512 339
f 1514 1515 1512 1513
f 1492 1491 1512 1515
f 1492 1515 1516 1495
f 1514 1517 1516 1515
f 1518 1519 1516 1517
f 1520 1521 1516 1519
f 1522 1523 1516 1521
f 1496 1495 1516 1523
f 1508 1524 1525 1511
f 1526 1527 1525 1524
f 1528 1529 1525 1527
f 344 342 1525 1529
f 334 1511 1525 342
f 338 353 1530 1513
f 352 1531 1530 353
f 1532 1533 1530 1531
f 1534 1535 1530 1533
f 1514 1513 1530 1535
f 1528 1536 1537 1529
f 1538 1539 1537 1536
f 1540 1541 1537 1539
f 346 345 1537 1541
f 344 1529 1537 345
f 352 351 1542 1531
f 350 1543 1542 351
f 1544 1545 1542 1543
f 1546 1547 1542 1545
f 1532 1531 1542 1547
f 1540 1548 1549 1541
f 1550 1551 1549 1548
f 1552 1553 1549 1551
f 356 354 1549 1553
f 346 1541 1549 354
f 350 365 1554 1543
f 364 1555 1554 365
f 1556 1557 1554 1555
f 1558 1559 1554 1557
f 1544 1543 1554 1559
f 1560 1561 1562 1563
f 1564 1565 1562 1561
f 1566 1567 1562 1565
f 1568 1569 1562 1567
f 1552 1570 1562 1569
f 1571 1563 1562 1570
f 1552 1569 1572 1553
f 1568 1573 1572 1569
f 358 357 1572 1573
f 356 1553 1572 357
f 364 363 1574 1555
f 362 1575 1574 363
f 1576 1577 1574 1575
f 1556 1555 1574 1577
f 1556 1577 1578 1579
f 1576 1580 1578 1577
f 1581 1582 1578 1580
f 1583 1584 1578 1582
f 1585 1586 1578 1584
f 1587 1579 1578 1586
f 1588 1589 1590 1591
f 1592 1593 1590 1589
f 1594 1595 1590 1593
f 1596 1597 1590 1595
f 1598 1599 1590 1597
f 1600 1591 1590 1599
f 1598 1597 1601 1602
f 1596 1603 1601 1597
f 1604 1605 1601 1603
f 1566 1606 1601 1605
f 1607 1602 1601 1606
f 1566 1605 1608 1567
f 1604 1609 1608 1605
f 1610 1611 1608 1609
f 1568 1567 1608 1611
f 1568 1611 1612 1573
f 1610 1613 1612 1611
f 368 366 1612 1613
f 358 1573 1612 366
f 362 377 1614 1575
f 376 1615 1614 377
f 1616 1617 1614 1615
f 1576 1575 1614 1617
f 1576 1617 1618 1580
f 1616 1619 1618 1617
f 1620 1621 1618 1619
f 1581 1580 1618 1621
f 1581 1621 1622 1623
f 1620 1624 1622 1621
f 1625 1626 1622 1624
f 1627 1628 1622 1626
f 1629 1623 1622 1628
f 1627 1626 1630 1631
f 1625 1632 1630 1626
f 1633 1634 1630 1632
f 1635 1636 1630 1634
f 1637 1638 1630 1636
f 1639 1631 1630 1638
f 1640 1641 1642 1643
f 1644 1645 1642 1641
f 1646 1647 1642 1645
f 1648 1649 1642 1647
f 1650 1651 1642 1649
f 1652 1643 1642 1651
f 1650 1649 1653 1654
f 1648 1655 1653 1649
f 378 1656 1653 1655
f 1594 1657 1653 1656
f 1658 1654 1653 1657
f 1594 1656 1659 1595
f 378 381 1659 1656
f 390 1660 1659 381
f 1596 1595 1659 1660
f 1596 1660 1661 1603
f 390 389 1661 1660
f 388 1662 1661 389
f 1604 1603 1661 1662
f 1604 1662 1663 1609
f 388 392 1663 1662
f 397 1664 1663 392
f 1610 1609 1663 1664
f 1610 1664 1665 1613
f 397 396 1665 1664
f 370 369 1665 396
f 368 1613 1665 369
f 376 375 1666 1615
f 374 405 1666 375
f 411 1667 1666 405
f 1616 1615 1666 1667
f 1616 1667 1668 1619
f 411 410 1668 1667
f 409 1669 1668 410
f 1620 1619 1668 1669
f 1620 1669 1670 1624
f 409 413 1670 1669
f 421 1671 1670 413
f 1625 1624 1670 1671
f 1625 1671 1672 1632
f 421 420 1672 1671
f 419 1673 1672 420
f 1633 1632 1672 1673
f 1633 1673 1674 1675
f 419 1676 1674 1673
f 1677 1678 1674 1676
f 1679 1680 1674 1678
f 1681 1675 1674 1680
f 1679 1678 1682 1683
f 1677 1684 1682 1678
f 1685 1686 1682 1684
f 1687 1688 1682 1686
f 1689 1690 1682 1688
f 1691 1683 1682 1690
f 1692 1693 1694 1695
f 1696 1697 1694 1693
f 1698 1699 1694 1697
f 1700 1701 1694 1699
f 1702 1703 1694 1701
f 1704 1695 1694 1703
f 1702 1701 1705 1706
f 1700 1707 1705 1701
f 1708 1709 1705 1707
f 1646 1710 1705 1709
f 1711 1706 1705 1710
f 1646 1709 1712 1647
f 1708 1713 1712 1709
f 1714 1715 1712 1713
f 1648 1647 1712 1715
f 1648 1715 1716 1655
f 1714 1717 1716 1715
f 382 379 1716 1717
f 378 1655 1716 379
f 419 418 1718 1676
f 417 1719 1718 418
f 1720 1721 1718 1719
f 1677 1676 1718 1721
f 1677 1721 1722 1684
f 1720 1723 1722 1721
f 1724 1725 1722 1723
f 1685 1684 1722 1725
f 1685 1725 1726 1727
f 1724 1728 1726 1725
f 1729 1730 1726 1728
f 1731 1732 1726 1730
f 1733 1727 1726 1732
f 1731 1730 1734 1735
f 1729 1736 1734 1730
f 1737 1738 1734 1736
f 1739 1740 1734 1738
f 1741 1742 1734 1740
f 1743 1735 1734 1742
f 1744 1745 1746 1747
f 1748 1749 1746 1745
f 1750 1751 1746 1749
f 422 1752 1746 1751
f 1698 1753 1746 1752
f 1754 1747 1746 1753
f 1698 1752 1755 1699
f 422 425 1755 1752
f 434 1756 1755 425
f 1700 1699 1755 1756
f 1700 1756 1757 1707
f 434 433 1757 1756
f 432 1758 1757 433
f 1708 1707 1757 1758
f 1708 1758 1759 1713
f 432 436 1759 1758
f 441 1760 1759 436
f 1714 1713 1759 1760
f 1714 1760 1761 1717
f 441 440 1761 1760
f 384 383 1761 440
f 382 1717 1761 383
f 417 416 1762 1719
f 415 465 1762 416
f 471 1763 1762 465
f 1720 1719 1762 1763
f 1720 1763 1764 1723
f 471 470 1764 1763
f 469 1765 1764 470
f 1724 1723 1764 1765
f 1724 1765 1766 1728
f 469 473 1766 1765
f 481 1767 1766 473
f 1729 1728 1766 1767
f 1729 1767 1768 1736
f 481 480 1768 1767
f 479 1769 1768 480
f 1737 1736 1768 1769
f 1737 1769 1770 1771
f 479 1772 1770 1769
f 1773 1774 1770 1772
f 1775 1776 1770 1774
f 1777 1778 1770 1776
f 1779 1771 1770 1778
f 1780 1781 1782 1783
f 1784 1785 1782 1781
f 1786 1787 1782 1785
f 1788 1789 1782 1787
f 1790 1791 1782 1789
f 1792 1783 1782 1791
f 1790 1789 1793 1794
f 1788 1795 1793 1789
f 1796 1797 1793 1795
f 1750 1798 1793 1797
f 1799 1794 1793 1798
f 1750 1797 1800 1751
f 1796 1801 1800 1797
f 426 423 1800 1801
f 422 1751 1800 423
f 479 478 1802 1772
f 477 1803 1802 478
f 1804 1805 1802 1803
f 1773 1772 1802 1805
f 1773 1805 1806 1807
f 1804 1808 1806 1805
f 1809 1810 1806 1808
f 1811 1812 1806 1810
f 1813 1807 1806 1812
f 1811 1810 1814 1815
f 1809 1816 1814 1810
f 1817 1818 1814 1816
f 1819 1820 1814 1818
f 1821 1822 1814 1820
f 1823 1815 1814 1822
f 1786 1824 1825 1787
f 1826 1827 1825 1824
f 1828 1829 1825 1827
f 482 1830 1825 1829
f 1788 1787 1825 1830
f 1788 1830 1831 1795
f 482 485 1831 1830
f 493 1832 1831 485
f 1796 1795 1831 1832
f 1796 1832 1833 1801
f 493 492 1833 1832
f 428 427 1833 492
f 426 1801 1833 427
f 477 476 1834 1803
f 475 567 1834 476
f 575 1835 1834 567
f 1804 1803 1834 1835
f 1804 1835 1836 1808
f 575 574 1836 1835
f 573 1837 1836 574
f 1809 1808 1836 1837
f 1809 1837 1838 1816
f 573 1839 1838 1837
f 1840 1841 1838 1839
f 1842 1843 1838 1841
f 1817 1816 1838 1843
f 1844 1845 1846 1847
f 1848 1849 1846 1845
f 1850 1851 1846 1849
f 1852 1853 1846 1851
f 1828 1854 1846 1853
f 1855 1847 1846 1854
f 1828 1853 1856 1829
f 1852 1857 1856 1853
f 486 483 1856 1857
f 482 1829 1856 483
f 573 572 1858 1839
f 571 1859 1858 572
f 1860 1861 1858 1859
f 1840 1839 1858 1861
f 1840 1861 1862 1863
f 1860 1864 1862 1861
f 1865 1866 1862 1864
f 1867 1868 1862 1866
f 1869 1870 1862 1868
f 1871 1863 1862 1870
f 1872 1873 1874 1875
f 1876 1877 1874 1873
f 1878 1879 1874 1877
f 1880 1881 1874 1879
f 1850 1882 1874 1881
f 1883 1875 1874 1882
f 1850 1881 1884 1851
f 1880 1885 1884 1881
f 1886 1887 1884 1885
f 1852 1851 1884 1887
f 1852 1887 1888 1857
f 1886 1889 1888 1887
f 488 487 1888 1889
f 486 1857 1888 487
f 571 570 1890 1859
f 569 1891 1890 570
f 1892 1893 1890 1891
f 1860 1859 1890 1893
f 1860 1893 1894 1864
f 1892 1895 1894 1893
f 1896 1897 1894 1895
f 1865 1864 1894 1897
f 1865 1897 1898 1899
f 1896 1900 1898 1897
f 1901 1902 1898 1900
f 1903 1904 1898 1902
f 1905 1906 1898 1904
f 1907 1899 1898 1906
f 1878 1908 1909 1879
f 1910 1911 1909 1908
f 1912 1913 1909 1911
f 1914 1915 1909 1913
f 1880 1879 1909 1915
f 1880 1915 1916 1885
f 1914 1917 1916 1915
f 1918 1919 1916 1917
f 1886 1885 1916 1919
f 1886 1919 1920 1889
f 1918 1921 1920 1919
f 578 576 1920 1921
f 488 1889 1920 576
f 569 693 1922 1891
f 692 1923 1922 693
f 1924 1925 1922 1923
f 1892 1891 1922 1925
f 1892 1925 1926 1895
f 1924 1927 1926 1925
f 1928 1929 1926 1927
f 1896 1895 1926 1929
f 1896 1929 1930 1900
f 1928 1931 1930 1929
f 1932 1933 1930 1931
f 1934 1935 1930 1933
f 1901 1900 1930 1935
f 1912 1936 1937 1913
f 1938 1939 1937 1936
f 1940 1941 1937 1939
f 1942 1943 1937 1941
f 1944 1945 1937 1943
f 1914 1913 1937 1945
f 1914 1945 1946 1917
f 1944 1947 1946 1945
f 1948 1949 1946 1947
f 1918 1917 1946 1949
f 1918 1949 1950 1921
f 1948 1951 1950 1949
f 580 579 1950 1951
f 578 1921 1950 579
f 692 691 1952 1923
f 690 1953 1952 691
f 1954 1955 1952 1953
f 1924 1923 1952 1955
f 1924 1955 1956 1927
f 1954 1957 1956 1955
f 1958 1959 1956 1957
f 1928 1927 1956 1959
f 1928 1959 1960 1931
f 1958 1961 1960 1959
f 1962 1963 1960 1961
f 1964 1965 1960 1963
f 1966 1967 1960 1965
f 1932 1931 1960 1967
f 1944 1968 1969 1947
f 1970 1971 1969 1968
f 1972 1973 1969 1971
f 1974 1975 1969 1973
f 1976 1977 1969 1975
f 1948 1947 1969 1977
f 1948 1977 1978 1951
f 1976 1979 1978 1977
f 1980 1981 1978 1979
f 1982 1983 1978 1981
f 580 1951 1978 1983
f 580 1983 1984 581
f 1982 1985 1984 1983
f 1986 1987 1984 1985
f 582 581 1984 1987
f 582 1987 1988 583
f 1986 1989 1988 1987
f 1990 1991 1988 1989
f 584 583 1988 1991
f 584 1991 1992 587
f 1990 1993 1992 1991
f 1994 1995 1992 1993
f 588 587 1992 1995
f 588 1995 1996 589
f 1994 1997 1996 1995
f 1998 1999 1996 1997
f 590 589 1996 1999
f 590 1999 2000 593
f 1998 2001 2000 1999
f 2002 2003 2000 2001
f 594 593 2000 2003
f 594 2003 2004 595
f 2002 2005 2004 2003
f 2006 2007 2004 2005
f 596 595 2004 2007
f 596 2007 2008 599
f 2006 2009 2008 2007
f 2010 2011 2008 2009
f 600 599 2008 2011
f 600 2011 2012 601
f 2010 2013 2012 2011
f 2014 2015 2012 2013
f 602 601 2012 2015
f 602 2015 2016 605
f 2014 2017 2016 2015
f 2018 2019 2016 2017
f 606 605 2016 2019
f 606 2019 2020 607
f 2018 2021 2020 2019
f 2022 2023 2020 2021
f 2024 2025 2020 2023
f 608 607 2020 2025
f 608 2025 2026 611
f 2024 2027 2026 2025
f 2028 2029 2026 2027
f 2030 2031 2026 2029
f 612 611 2026 2031
f 612 2031 2032 613
f 2030 2033 2032 2031
f 2034 2035 2032 2033
f 2036 2037 2032 2035
f 614 613 2032 2037
f 614 2037 2038 617
f 2036 2039 2038 2037
f 2040 2041 2038 2039
f 2042 2043 2038 2041
f 618 617 2038 2043
f 618 2043 2044 619
f 2042 2045 2044 2043
f 2046 2047 2044 2045
f 620 619 2044 2047
f 620 2047 2048 623
f 2046 2049 2048 2047
f 2050 2051 2048 2049
f 624 623 2048 2051
f 624 2051 2052 625
f 2050 2053 2052 2051
f 696 694 2052 2053
f 626 625 2052 694
f 642 715 2054 645
f 714 2055 2054 715
f 2056 2057 2054 2055
f 646 645 2054 2057
f 646 2057 2058 647
f 2056 2059 2058 2057
f 2060 2061 2058 2059
f 648 647 2058 2061
f 648 2061 2062 651
f 2060 2063 2062 2061
f 2064 2065 2062 2063
f 652 651 2062 2065
f 652 2065 2066 653
f 2064 2067 2066 2065
f 2068 2069 2066 2067
f 2070 2071 2066 2069
f 654 653 2066 2071
f 654 2071 2072 657
f 2070 2073 2072 2071
f 2074 2075 2072 2073
f 2076 2077 2072 2075
f 658 657 2072 2077
f 658 2077 2078 659
f 2076 2079 2078 2077
f 2080 2081 2078 2079
f 2082 2083 2078 2081
f 660 659 2078 2083
f 660 2083 2084 663
f 2082 2085 2084 2083
f 2086 2087 2084 2085
f 2088 2089 2084 2087
f 664 663 2084 2089
f 664 2089 2090 665
f 2088 2091 2090 2089
f 2092 2093 2090 2091
f 666 665 2090 2093
f 666 2093 2094 669
f 2092 2095 2094 2093
f 2096 2097 2094 2095
f 670 669 2094 2097
f 670 2097 2098 671
f 2096 2099 2098 2097
f 2100 2101 2098 2099
f 672 671 2098 2101
f 672 2101 2102 675
f 2100 2103 2102 2101
f 2104 2105 2102 2103
f 676 675 2102 2105
f 676 2105 2106 677
f 2104 2107 2106 2105
f 2108 2109 2106 2107
f 678 677 2106 2109
f 678 2109 2110 681
f 2108 2111 2110 2109
f 2112 2113 2110 2111
f 682 681 2110 2113
f 682 2113 2114 683
f 2112 2115 2114 2113
f 2116 2117 2114 2115
f 684 683 2114 2117
f 684 2117 2118 687
f 2116 2119 2118 2117
f 2120 2121 2118 2119
f 688 687 2118 2121
f 688 2121 2122 689
f 2120 2123 2122 2121
f 2124 2125 2122 2123
f 690 689 2122 2125
f 690 2125 2126 1953
f 2124 2127 2126 2125
f 2128 2129 2126 2127
f 2130 2131 2126 2129
f 1954 1953 2126 2131
f 1954 2131 2132 1957
f 2130 2133 2132 2131
f 2134 2135 2132 2133
f 2136 2137 2132 2135
f 2138 2139 2132 2137
f 1958 1957 2132 2139
f 1982 2140 2141 1985
f 2142 2143 2141 2140
f 2144 2145 2141 2143
f 2146 2147 2141 2145
f 2148 2149 2141 2147
f 1986 1985 2141 2149
f 1986 2149 2150 1989
f 2148 2151 2150 2149
f 2152 2153 2150 2151
f 2154 2155 2150 2153
f 1990 1989 2150 2155
f 1990 2155 2156 1993
f 2154 2157 2156 2155
f 2158 2159 2156 2157
f 2160 2161 2156 2159
f 1994 1993 2156 2161
f 1994 2161 2162 1997
f 2160 2163 2162 2161
f 2164 2165 2162 2163
f 2166 2167 2162 2165
f 1998 1997 2162 2167
f 1998 2167 2168 2001
f 2166 2169 2168 2167
f 2170 2171 2168 2169
f 2172 2173 2168 2171
f 2002 2001 2168 2173
f 2002 2173 2174 2005
f 2172 2175 2174 2173
f 2176 2177 2174 2175
f 2178 2179 2174 2177
f 2006 2005 2174 2179
f 2006 2179 2180 2009
f 2178 2181 2180 2179
f 2182 2183 2180 2181
f 2184 2185 2180 2183
f 2010 2009 2180 2185
f 2010 2185 2186 2013
f 2184 2187 2186 2185
f 2188 2189 2186 2187
f 2190 2191 2186 2189
f 2014 2013 2186 2191
f 2014 2191 2192 2017
f 2190 2193 2192 2191
f 2194 2195 2192 2193
f 2196 2197 2192 2195
f 2198 2199 2192 2197
f 2018 2017 2192 2199
f 2042 2200 2201 2045
f 2202 2203 2201 2200
f 2204 2205 2201 2203
f 2206 2207 2201 2205
f 2208 2209 2201 2207
f 2046 2045 2201 2209
f 2046 2209 2210 2049
f 2208 2211 2210 2209
f 2212 2213 2210 2211
f 2050 2049 2210 2213
f 2050 2213 2214 2053
f 2212 2215 2214 2213
f 698 697 2214 2215
f 696 2053 2214 697
f 714 713 2216 2055
f 712 2217 2216 713
f 2218 2219 2216 2217
f 2056 2055 2216 2219
f 2056 2219 2220 2059
f 2218 2221 2220 2219
f 2222 2223 2220 2221
f 2060 2059 2220 2223
f 2060 2223 2224 2063
f 2222 2225 2224 2223
f 2226 2227 2224 2225
f 2228 2229 2224 2227
f 2230 2231 2224 2229
f 2064 2063 2224 2231
f 2088 2232 2233 2091
f 2234 2235 2233 2232
f 2236 2237 2233 2235
f 2238 2239 2233 2237
f 2240 2241 2233 2239
f 2092 2091 2233 2241
f 2092 2241 2242 2095
f 2240 2243 2242 2241
f 2244 2245 2242 2243
f 2246 2247 2242 2245
f 2096 2095 2242 2247
f 2096 2247 2248 2099
f 2246 2249 2248 2247
f 2250 2251 2248 2249
f 2252 2253 2248 2251
f 2100 2099 2248 2253
f 2100 2253 2254 2103
f 2252 2255 2254 2253
f 2256 2257 2254 2255
f 2258 2259 2254 2257
f 2104 2103 2254 2259
f 2104 2259 2260 2107
f 2258 2261 2260 2259
f 2262 2263 2260 2261
f 2264 2265 2260 2263
f 2108 2107 2260 2265
f 2108 2265 2266 2111
f 2264 2267 2266 2265
f 2268 2269 2266 2267
f 2270 2271 2266 2269
f 2112 2111 2266 2271
f 2112 2271 2272 2115
f 2270 2273 2272 2271
f 2274 2275 2272 2273
f 2276 2277 2272 2275
f 2116 2115 2272 2277
f 2116 2277 2278 2119
f 2276 2279 2278 2277
f 2280 2281 2278 2279
f 2282 2283 2278 2281
f 2120 2119 2278 2283
f 2120 2283 2284 2123
f 2282 2285 2284 2283
f 2286 2287 2284 2285
f 2288 2289 2284 2287
f 2290 2291 2284 2289
f 2124 2123 2284 2291
f 2208 2292 2293 2211
f 2294 2295 2293 2292
f 2296 2297 2293 2295
f 2298 2299 2293 2297
f 2212 2211 2293 2299
f 2212 2299 2300 2215
f 2298 2301 2300 2299
f 718 716 2300 2301
f 698 2215 2300 716
f 712 737 2302 2217
f 736 2303 2302 737
f 2304 2305 2302 2303
f 2218 2217 2302 2305
f 2218 2305 2306 2221
f 2304 2307 2306 2305
f 2308 2309 2306 2307
f 2310 2311 2306 2309
f 2222 2221 2306 2311
f 2296 2312 2313 2297
f 2314 2315 2313 2312
f 2316 2317 2313 2315
f 2318 2319 2313 2317
f 2298 2297 2313 2319
f 2298 2319 2320 2301
f 2318 2321 2320 2319
f 720 719 2320 2321
f 718 2301 2320 719
f 736 735 2322 2303
f 734 2323 2322 735
f 2324 2325 2322 2323
f 2304 2303 2322 2325
f 2304 2325 2326 2307
f 2324 2327 2326 2325
f 2328 2329 2326 2327
f 2330 2331 2326 2329
f 2308 2307 2326 2331
f 2316 2332 2333 2317
f 2334 2335 2333 2332
f 2336 2337 2333 2335
f 2338 2339 2333 2337
f 2318 2317 2333 2339
f 2318 2339 2340 2321
f 2338 2341 2340 2339
f 740 738 2340 2341
f 720 2321 2340 738
f 734 759 2342 2323
f 758 2343 2342 759
f 2344 2345 2342 2343
f 2324 2323 2342 2345
f 2324 2345 2346 2327
f 2344 2347 2346 2345
f 2348 2349 2346 2347
f 2350 2351 2346 2349
f 2328 2327 2346 2351
f 2336 2352 2353 2337
f 2354 2355 2353 2352
f 2356 2357 2353 2355
f 2358 2359 2353 2357
f 2338 2337 2353 2359
f 2338 2359 2360 2341
f 2358 2361 2360 2359
f 742 741 2360 2361
f 740 2341 2360 741
f 758 757 2362 2343
f 756 2363 2362 757
f 2364 2365 2362 2363
f 2344 2343 2362 2365
f 2344 2365 2366 2347
f 2364 2367 2366 2365
f 2368 2369 2366 2367
f 2370 2371 2366 2369
f 2348 2347 2366 2371
f 2356 2372 2373 2357
f 2374 2375 2373 2372
f 2376 2377 2373 2375
f 2378 2379 2373 2377
f 2380 2381 2373 2379
f 2358 2357 2373 2381
f 2358 2381 2382 2361
f 2380 2383 2382 2381
f 762 760 2382 2383
f 742 2361 2382 760
f 756 781 2384 2363
f 780 2385 2384 781
f 2386 2387 2384 2385
f 2364 2363 2384 2387
f 2364 2387 2388 2367
f 2386 2389 2388 2387
f 2390 2391 2388 2389
f 2392 2393 2388 2391
f 2394 2395 2388 2393
f 2368 2367 2388 2395
f 2380 2396 2397 2383
f 2398 2399 2397 2396
f 2400 2401 2397 2399
f 764 763 2397 2401
f 762 2383 2397 763
f 780 779 2402 2385
f 778 2403 2402 779
f 2404 2405 2402 2403
f 2406 2407 2402 2405
f 2386 2385 2402 2407
f 2400 2408 2409 2401
f 2410 2411 2409 2408
f 2412 2413 2409 2411
f 784 782 2409 2413
f 764 2401 2409 782
f 778 807 2414 2403
f 806 2415 2414 807
f 2416 2417 2414 2415
f 2418 2419 2414 2417
f 2404 2403 2414 2419
f 2412 2420 2421 2413
f 2422 2423 2421 2420
f 2424 2425 2421 2423
f 786 785 2421 2425
f 784 2413 2421 785
f 806 805 2426 2415
f 804 2427 2426 805
f 2428 2429 2426 2427
f 2430 2431 2426 2429
f 2416 2415 2426 2431
f 2424 2432 2433 2425
f 2434 2435 2433 2432
f 2436 2437 2433 2435
f 2438 2439 2433 2437
f 2440 2441 2433 2439
f 786 2425 2433 2441
f 786 2441 2442 787
f 2440 2443 2442 2441
f 2444 2445 2442 2443
f 788 787 2442 2445
f 788 2445 2446 789
f 2444 2447 2446 2445
f 810 808 2446 2447
f 790 789 2446 808
f 798 821 2448 801
f 820 2449 2448 821
f 2450 2451 2448 2449
f 802 801 2448 2451
f 802 2451 2452 803
f 2450 2453 2452 2451
f 2454 2455 2452 2453
f 804 803 2452 2455
f 804 2455 2456 2427
f 2454 2457 2456 2455
f 2458 2459 2456 2457
f 2460 2461 2456 2459
f 2462 2463 2456 2461
f 2428 2427 2456 2463
f 2440 2464 2465 2443
f 2466 2467 2465 2464
f 2468 2469 2465 2467
f 2470 2471 2465 2469
f 2444 2443 2465 2471
f 2444 2471 2472 2447
f 2470 2473 2472 2471
f 812 811 2472 2473
f 810 2447 2472 811
f 820 819 2474 2449
f 818 2475 2474 819
f 2476 2477 2474 2475
f 2450 2449 2474 2477
f 2450 2477 2478 2453
f 2476 2479 2478 2477
f 2480 2481 2478 2479
f 2482 2483 2478 2481
f 2454 2453 2478 2483
f 2468 2484 2485 2469
f 2486 2487 2485 2484
f 2488 2489 2485 2487
f 2490 2491 2485 2489
f 2492 2493 2485 2491
f 2470 2469 2485 2493
f 2470 2493 2494 2473
f 2492 2495 2494 2493
f 824 822 2494 2495
f 812 2473 2494 822
f 818 839 2496 2475
f 838 2497 2496 839
f 2498 2499 2496 2497
f 2476 2475 2496 2499
f 2476 2499 2500 2479
f 2498 2501 2500 2499
f 2502 2503 2500 2501
f 2504 2505 2500 2503
f 2506 2507 2500 2505
f 2480 2479 2500 2507
f 2492 2508 2509 2495
f 2510 2511 2509 2508
f 2512 2513 2509 2511
f 826 825 2509 2513
f 824 2495 2509 825
f 838 837 2514 2497
f 836 2515 2514 837
f 2516 2517 2514 2515
f 2518 2519 2514 2517
f 2498 2497 2514 2519
f 2512 2520 2521 2513
f 2522 2523 2521 2520
f 2524 2525 2521 2523
f 2526 2527 2521 2525
f 2528 2529 2521 2527
f 826 2513 2521 2529
f 826 2529 2530 827
f 2528 2531 2530 2529
f 2532 2533 2530 2531
f 2534 2535 2530 2533
f 828 827 2530 2535
f 828 2535 2536 829
f 2534 2537 2536 2535
f 2538 2539 2536 2537
f 830 829 2536 2539
f 830 2539 2540 833
f 2538 2541 2540 2539
f 2542 2543 2540 2541
f 834 833 2540 2543
f 834 2543 2544 835
f 2542 2545 2544 2543
f 2546 2547 2544 2545
f 2548 2549 2544 2547
f 836 835 2544 2549
f 836 2549 2550 2515
f 2548 2551 2550 2549
f 2552 2553 2550 2551
f 2554 2555 2550 2553
f 2556 2557 2550 2555
f 2516 2515 2550 2557
f 2534 2558 2559 2537
f 2560 2561 2559 2558
f 2562 2563 2559 2561
f 2564 2565 2559 2563
f 2566 2567 2559 2565
f 2538 2537 2559 2567
f 2538 2567 2568 2541
f 2566 2569 2568 2567
f 2570 2571 2568 2569
f 2572 2573 2568 2571
f 2574 2575 2568 2573
f 2542 2541 2568 2575
f 2576 2577 2578 2579
f 2580 2581 2578 2577
f 2582 2579 2578 2581
f 2582 2581 2583 2584
f 2580 2585 2583 2581
f 2586 2587 2583 2585
f 2588 2584 2583 2587
f 2588 2587 2589 2590
f 2586 2591 2589 2587
f 2592 2593 2589 2591
f 2594 2590 2589 2593
f 2594 2593 2595 2596
f 2592 2597 2595 2593
f 2598 2599 2595 2597
f 2600 2596 2595 2599
f 2600 2599 2601 2602
f 2598 2603 2601 2599
f 2604 2605 2601 2603
f 2606 2602 2601 2605
f 2606 2605 2607 2608
f 2604 2609 2607 2605
f 2610 2611 2607 2609
f 2612 2608 2607 2611
f 2612 2611 2613 2614
f 2610 2615 2613 2611
f 2616 2617 2613 2615
f 2618 2614 2613 2617
f 2618 2617 2619 2620
f 2616 2621 2619 2617
f 2622 2623 2619 2621
f 2624 2620 2619 2623
f 2624 2623 2625 2626
f 2622 2627 2625 2623
f 2628 2629 2625 2627
f 2630 2626 2625 2629
f 2630 2629 2631 2632
f 2628 2633 2631 2629
f 2634 2632 2631 2633
f 2635 2636 2637 2638
f 2639 2640 2637 2636
f 2641 2638 2637 2640
f 2641 2640 2642 2643
f 2639 2644 2642 2640
f 2645 2646 2642 2644
f 2647 2643 2642 2646
f 2647 2646 2648 2649
f 2645 2650 2648 2646
f 2651 2652 2648 2650
f 2653 2649 2648 2652
f 2653 2652 2654 2655
f 2651 2656 2654 2652
f 2657 2658 2654 2656
f 2659 2655 2654 2658
f 2659 2658 2660 2661
f 2657 2662 2660 2658
f 2663 2664 2660 2662
f 2665 2661 2660 2664
f 2665 2664 2666 2667
f 2663 2668 2666 2664
f 2669 2670 2666 2668
f 2671 2667 2666 2670
f 2671 2670 2672 2673
f 2669 2674 2672 2670
f 2675 2676 2672 2674
f 2677 2673 2672 2676
f 2677 2676 2678 2679
f 2675 2680 2678 2676
f 2681 2682 2678 2680
f 2683 2679 2678 2682
f 2683 2682 2684 2685
f 2681 2686 2684 2682
f 2687 2688 2684 2686
f 2689 2685 2684 2688
f 2689 2688 2690 2691
f 2687 2692 2690 2688
f 2693 2691 2690 2692
f 2694 2695 2696 2697
f 2698 2699 2696 2695
f 2700 2697 2696 2699
f 2700 2699 2701 2702
f 2698 2703 2701 2699
f 840 2704 2701 2703
f 2580 2577 2701 2704
f 2576 2702 2701 2577
f 2580 2704 2705 2585
f 840 843 2705 2704
f 852 2706 2705 843
f 2586 2585 2705 2706
f 2586 2706 2707 2591
f 852 851 2707 2706
f 850 2708 2707 851
f 2592 2591 2707 2708
f 2592 2708 2709 2597
f 850 854 2709 2708
f 860 2710 2709 854
f 2598 2597 2709 2710
f 2598 2710 2711 2603
f 860 859 2711 2710
f 858 2712 2711 859
f 2604 2603 2711 2712
f 2604 2712 2713 2609
f 858 862 2713 2712
f 868 2714 2713 862
f 2610 2609 2713 2714
f 2610 2714 2715 2615
f 868 867 2715 2714
f 866 2716 2715 867
f 2616 2615 2715 2716
f 2616 2716 2717 2621
f 866 870 2717 2716
f 878 2718 2717 870
f 2622 2621 2717 2718
f 2622 2718 2719 2627
f 878 877 2719 2718
f 876 2720 2719 877
f 2628 2627 2719 2720
f 2628 2720 2721 2633
f 876 2722 2721 2720
f 2723 2724 2721 2722
f 2725 2726 2721 2724
f 2634 2633 2721 2726
f 2725 2724 2727 2728
f 2723 2729 2727 2724
f 2730 2731 2727 2729
f 2732 2728 2727 2731
f 2732 2731 2733 2734
f 2730 2735 2733 2731
f 2736 2734 2733 2735
f 2737 2738 2739 2740
f 2741 2742 2739 2738
f 2743 2740 2739 2742
f 2743 2742 2744 2745
f 2741 2746 2744 2742
f 2747 2748 2744 2746
f 2749 2745 2744 2748
f 2749 2748 2750 2751
f 2747 2752 2750 2748
f 879 2753 2750 2752
f 2639 2636 2750 2753
f 2635 2751 2750 2636
f 2639 2753 2754 2644
f 879 882 2754 2753
f 891 2755 2754 882
f 2645 2644 2754 2755
f 2645 2755 2756 2650
f 891 890 2756 2755
f 889 2757 2756 890
f 2651 2650 2756 2757
f 2651 2757 2758 2656
f 889 893 2758 2757
f 899 2759 2758 893
f 2657 2656 2758 2759
f 2657 2759 2760 2662
f 899 898 2760 2759
f 897 2761 2760 898
f 2663 2662 2760 2761
f 2663 2761 2762 2668
f 897 901 2762 2761
f 907 2763 2762 901
f 2669 2668 2762 2763
f 2669 2763 2764 2674
f 907 906 2764 2763
f 905 2765 2764 906
f 2675 2674 2764 2765
f 2675 2765 2766 2680
f 905 909 2766 2765
f 917 2767 2766 909
f 2681 2680 2766 2767
f 2681 2767 2768 2686
f 917 916 2768 2767
f 915 2769 2768 916
f 2687 2686 2768 2769
f 2687 2769 2770 2692
f 915 2771 2770 2769
f 2772 2773 2770 2771
f 2774 2775 2770 2773
f 2693 2692 2770 2775
f 2774 2773 2776 2777
f 2772 2778 2776 2773
f 2779 2777 2776 2778
f 2780 2781 2782 2783
f 2784 2785 2782 2781
f 2786 2783 2782 2785
f 2786 2785 2787 2788
f 2784 2789 2787 2785
f 2790 2791 2787 2789
f 2698 2695 2787 2791
f 2694 2788 2787 2695
f 2698 2791 2792 2703
f 2790 2793 2792 2791
f 844 841 2792 2793
f 840 2703 2792 841
f 876 875 2794 2722
f 874 2795 2794 875
f 2796 2797 2794 2795
f 2723 2722 2794 2797
f 2723 2797 2798 2729
f 2796 2799 2798 2797
f 2800 2801 2798 2799
f 2730 2729 2798 2801
f 2730 2801 2802 2735
f 2800 2803 2802 2801
f 2804 2805 2802 2803
f 2806 2807 2802 2805
f 2736 2735 2802 2807
f 2806 2805 2808 2809
f 2804 2810 2808 2805
f 2811 2812 2808 2810
f 2813 2809 2808 2812
f 2813 2812 2814 2815
f 2811 2816 2814 2812
f 2817 2815 2814 2816
f 2818 2819 2820 2821
f 2822 2823 2820 2819
f 2824 2821 2820 2823
f 2824 2823 2825 2826
f 2822 2827 2825 2823
f 2828 2829 2825 2827
f 2830 2826 2825 2829
f 2830 2829 2831 2832
f 2828 2833 2831 2829
f 2834 2835 2831 2833
f 2741 2738 2831 2835
f 2737 2832 2831 2738
f 2741 2835 2836 2746
f 2834 2837 2836 2835
f 2838 2839 2836 2837
f 2747 2746 2836 2839
f 2747 2839 2840 2752
f 2838 2841 2840 2839
f 883 880 2840 2841
f 879 2752 2840 880
f 915 914 2842 2771
f 913 2843 2842 914
f 2844 2845 2842 2843
f 2772 2771 2842 2845
f 2772 2845 2846 2778
f 2844 2847 2846 2845
f 2848 2849 2846 2847
f 2850 2851 2846 2849
f 2779 2778 2846 2851
f 2850 2849 2852 2853
f 2848 2854 2852 2849
f 2855 2853 2852 2854
f 2856 2857 2858 2859
f 2860 2861 2858 2857
f 2862 2859 2858 2861
f 2862 2861 2863 2864
f 2860 2865 2863 2861
f 918 2866 2863 2865
f 2784 2781 2863 2866
f 2780 2864 2863 2781
f 2784 2866 2867 2789
f 918 921 2867 2866
f 928 2868 2867 921
f 2790 2789 2867 2868
f 2790 2868 2869 2793
f 928 927 2869 2868
f 846 845 2869 927
f 844 2793 2869 845
f 874 873 2870 2795
f 872 938 2870 873
f 944 2871 2870 938
f 2796 2795 2870 2871
f 2796 2871 2872 2799
f 944 943 2872 2871
f 942 2873 2872 943
f 2800 2799 2872 2873
f 2800 2873 2874 2803
f 942 946 2874 2873
f 954 2875 2874 946
f 2804 2803 2874 2875
f 2804 2875 2876 2810
f 954 953 2876 2875
f 952 2877 2876 953
f 2811 2810 2876 2877
f 2811 2877 2878 2816
f 952 2879 2878 2877
f 2880 2881 2878 2879
f 2882 2883 2878 2881
f 2817 2816 2878 2883
f 2882 2881 2884 2885
f 2880 2886 2884 2881
f 2887 2885 2884 2886
f 2888 2889 2890 2891
f 2892 2893 2890 2889
f 2894 2891 2890 2893
f 2894 2893 2895 2896
f 2892 2897 2895 2893
f 955 2898 2895 2897
f 2822 2819 2895 2898
f 2818 2896 2895 2819
f 2822 2898 2899 2827
f 955 958 2899 2898
f 967 2900 2899 958
f 2828 2827 2899 2900
f 2828 2900 2901 2833
f 967 966 2901 2900
f 965 2902 2901 966
f 2834 2833 2901 2902
f 2834 2902 2903 2837
f 965 969 2903 2902
f 973 2904 2903 969
f 2838 2837 2903 2904
f 2838 2904 2905 2841
f 973 972 2905 2904
f 885 884 2905 972
f 883 2841 2905 884
f 913 912 2906 2843
f 911 983 2906 912
f 991 2907 2906 983
f 2844 2843 2906 2907
f 2844 2907 2908 2847
f 991 990 2908 2907
f 989 2909 2908 990
f 2848 2847 2908 2909
f 2848 2909 2910 2854
f 989 2911 2910 2909
f 2912 2913 2910 2911
f 2914 2915 2910 2913
f 2855 2854 2910 2915
f 2914 2913 2916 2917
f 2912 2918 2916 2913
f 2919 2917 2916 2918
f 2920 2921 2922 2923
f 2924 2925 2922 2921
f 2860 2857 2922 2925
f 2856 2923 2922 2857
f 2860 2925 2926 2865
f 2924 2927 2926 2925
f 922 919 2926 2927
f 918 2865 2926 919
f 952 951 2928 2879
f 950 2929 2928 951
f 2930 2931 2928 2929
f 2880 2879 2928 2931
f 2880 2931 2932 2886
f 2930 2933 2932 2931
f 2934 2935 2932 2933
f 2936 2937 2932 2935
f 2887 2886 2932 2937
f 2936 2935 2938 2939
f 2934 2940 2938 2935
f 2941 2942 2938 2940
f 2943 2939 2938 2942
f 2943 2942 2944 2945
f 2941 2946 2944 2942
f 2947 2945 2944 2946
f 2948 2949 2950 2951
f 2952 2953 2950 2949
f 2954 2951 2950 2953
f 2954 2953 2955 2956
f 2952 2957 2955 2953
f 2958 2959 2955 2957
f 2960 2956 2955 2959
f 2960 2959 2961 2962
f 2958 2963 2961 2959
f 2964 2965 2961 2963
f 2892 2889 2961 2965
f 2888 2962 2961 2889
f 2892 2965 2966 2897
f 2964 2967 2966 2965
f 959 956 2966 2967
f 955 2897 2966 956
f 989 988 2968 2911
f 987 2969 2968 988
f 2970 2971 2968 2969
f 2912 2911 2968 2971
f 2912 2971 2972 2918
f 2970 2973 2972 2971
f 2974 2975 2972 2973
f 2919 2918 2972 2975
f 2976 2977 2978 2979
f 2980 2981 2978 2977
f 2982 2979 2978 2981
f 2982 2981 2983 2984
f 2980 2985 2983 2981
f 2986 2987 2983 2985
f 2924 2921 2983 2987
f 2920 2984 2983 2921
f 2924 2987 2988 2927
f 2986 2989 2988 2987
f 924 923 2988 2989
f 922 2927 2988 923
f 950 949 2990 2929
f 948 1007 2990 949
f 1015 2991 2990 1007
f 2930 2929 2990 2991
f 2930 2991 2992 2933
f 1015 1014 2992 2991
f 1013 2993 2992 1014
f 2934 2933 2992 2993
f 2934 2993 2994 2940
f 1013 2995 2994 2993
f 2996 2997 2994 2995
f 2941 2940 2994 2997
f 2941 2997 2998 2946
f 2996 2999 2998 2997
f 3000 3001 2998 2999
f 3002 3003 2998 3001
f 2947 2946 2998 3003
f 3002 3001 3004 3005
f 3000 3006 3004 3001
f 3007 3005 3004 3006
f 3008 3009 3010 3011
f 3012 3013 3010 3009
f 3014 3011 3010 3013
f 3014 3013 3015 3016
f 3012 3017 3015 3013
f 3018 3019 3015 3017
f 2952 2949 3015 3019
f 2948 3016 3015 2949
f 2952 3019 3020 2957
f 3018 3021 3020 3019
f 1016 3022 3020 3021
f 2958 2957 3020 3022
f 2958 3022 3023 2963
f 1016 1019 3023 3022
f 1027 3024 3023 1019
f 2964 2963 3023 3024
f 2964 3024 3025 2967
f 1027 1026 3025 3024
f 961 960 3025 1026
f 959 2967 3025 960
f 987 986 3026 2969
f 985 3027 3026 986
f 3028 3029 3026 3027
f 2970 2969 3026 3029
f 2970 3029 3030 2973
f 3028 3031 3030 3029
f 3032 3033 3030 3031
f 3034 3035 3030 3033
f 2974 2973 3030 3035
f 3034 3033 3036 3037
f 3032 3038 3036 3033
f 3039 3037 3036 3038
f 3040 3041 3042 3043
f 3044 3045 3042 3041
f 2980 2977 3042 3045
f 2976 3043 3042 2977
f 2980 3045 3046 2985
f 3044 3047 3046 3045
f 3048 3049 3046 3047
f 2986 2985 3046 3049
f 2986 3049 3050 2989
f 3048 3051 3050 3049
f 994 992 3050 3051
f 924 2989 3050 992
f 1013 1012 3052 2995
f 1011 3053 3052 1012
f 3054 3055 3052 3053
f 2996 2995 3052 3055
f 2996 3055 3056 2999
f 3054 3057 3056 3055
f 3058 3059 3056 3057
f 3000 2999 3056 3059
f 3000 3059 3060 3006
f 3058 3061 3060 3059
f 3062 3063 3060 3061
f 3064 3065 3060 3063
f 3007 3006 3060 3065
f 3064 3063 3066 3067
f 3062 3068 3066 3063
f 3069 3067 3066 3068
f 3070 3071 3072 3073
f 3074 3075 3072 3071
f 3076 3073 3072 3075
f 3076 3075 3077 3078
f 3074 3079 3077 3075
f 3080 3081 3077 3079
f 3012 3009 3077 3081
f 3008 3078 3077 3009
f 3012 3081 3082 3017
f 3080 3083 3082 3081
f 3084 3085 3082 3083
f 3018 3017 3082 3085
f 3018 3085 3086 3021
f 3084 3087 3086 3085
f 1020 1017 3086 3087
f 1016 3021 3086 1017
f 985 1039 3088 3027
f 1038 3089 3088 1039
f 3090 3091 3088 3089
f 3028 3027 3088 3091
f 3028 3091 3092 3031
f 3090 3093 3092 3091
f 3094 3095 3092 3093
f 3032 3031 3092 3095
f 3032 3095 3096 3038
f 3094 3097 3096 3095
f 3098 3099 3096 3097
f 3039 3038 3096 3099
f 3100 3101 3102 3103
f 3104 3105 3102 3101
f 3044 3041 3102 3105
f 3040 3103 3102 3041
f 3044 3105 3106 3047
f 3104 3107 3106 3105
f 3108 3109 3106 3107
f 3048 3047 3106 3109
f 3048 3109 3110 3051
f 3108 3111 3110 3109
f 996 995 3110 3111
f 994 3051 3110 995
f 1011 1010 3112 3053
f 1009 1055 3112 1010
f 1063 3113 3112 1055
f 3054 3053 3112 3113
f 3054 3113 3114 3057
f 1063 1062 3114 3113
f 1061 3115 3114 1062
f 3058 3057 3114 3115
f 3058 3115 3116 3061
f 1061 3117 3116 3115
f 3118 3119 3116 3117
f 3062 3061 3116 3119
f 3062 3119 3120 3068
f 3118 3121 3120 3119
f 3122 3123 3120 3121
f 3124 3125 3120 3123
f 3069 3068 3120 3125
f 3124 3123 3126 3127
f 3122 3128 3126 3123
f 3129 3127 3126 3128
f 3130 3131 3132 3133
f 3134 3135 3132 3131
f 3136 3133 3132 3135
f 3136 3135 3137 3138
f 3134 3139 3137 3135
f 3140 3141 3137 3139
f 3074 3071 3137 3141
f 3070 3138 3137 3071
f 3074 3141 3142 3079
f 3140 3143 3142 3141
f 1064 3144 3142 3143
f 3080 3079 3142 3144
f 3080 3144 3145 3083
f 1064 1067 3145 3144
f 1075 3146 3145 1067
f 3084 3083 3145 3146
f 3084 3146 3147 3087
f 1075 1074 3147 3146
f 1022 1021 3147 1074
f 1020 3087 3147 1021
f 1038 1037 3148 3089
f 1036 3149 3148 1037
f 3150 3151 3148 3149
f 3090 3089 3148 3151
f 3090 3151 3152 3093
f 3150 3153 3152 3151
f 3154 3155 3152 3153
f 3094 3093 3152 3155
f 3094 3155 3156 3097
f 3154 3157 3156 3155
f 3158 3159 3156 3157
f 3098 3097 3156 3159
f 3160 3161 3162 3163
f 3164 3165 3162 3161
f 3104 3101 3162 3165
f 3100 3163 3162 3101
f 3104 3165 3166 3107
f 3164 3167 3166 3165
f 3168 3169 3166 3167
f 3108 3107 3166 3169
f 3108 3169 3170 3111
f 3168 3171 3170 3169
f 1042 1040 3170 3171
f 996 3111 3170 1040
f 1061 1060 3172 3117
f 1059 3173 3172 1060
f 3174 3175 3172 3173
f 3118 3117 3172 3175
f 3118 3175 3176 3121
f 3174 3177 3176 3175
f 3178 3179 3176 3177
f 3122 3121 3176 3179
f 3122 3179 3180 3128
f 3178 3181 3180 3179
f 3182 3183 3180 3181
f 3184 3185 3180 3183
f 3129 3128 3180 3185
f 3184 3183 3186 3187
f 3182 3188 3186 3183
f 3189 3187 3186 3188
f 3190 3191 3192 3193
f 3194 3195 3192 3191
f 3196 3193 3192 3195
f 3196 3195 3197 3198
f 3194 3199 3197 3195
f 3200 3201 3197 3199
f 3134 3131 3197 3201
f 3130 3198 3197 3131
f 3134 3201 3202 3139
f 3200 3203 3202 3201
f 3204 3205 3202 3203
f 3140 3139 3202 3205
f 3140 3205 3206 3143
f 3204 3207 3206 3205
f 1068 1065 3206 3207
f 1064 3143 3206 1065
f 1036 1087 3208 3149
f 1086 3209 3208 1087
f 3210 3211 3208 3209
f 3150 3149 3208 3211
f 3150 3211 3212 3153
f 3210 3213 3212 3211
f 3214 3215 3212 3213
f 3154 3153 3212 3215
f 3154 3215 3216 3157
f 3214 3217 3216 3215
f 3218 3219 3216 3217
f 3158 3157 3216 3219
f 3220 3221 3222 3223
f 3224 3225 3222 3221
f 3164 3161 3222 3225
f 3160 3223 3222 3161
f 3164 3225 3226 3167
f 3224 3227 3226 3225
f 3228 3229 3226 3227
f 3168 3167 3226 3229
f 3168 3229 3230 3171
f 3228 3231 3230 3229
f 1044 1043 3230 3231
f 1042 3171 3230 1043
f 1059 1058 3232 3173
f 1057 1103 3232 1058
f 1111 3233 3232 1103
f 3174 3173 3232 3233
f 3174 3233 3234 3177
f 1111 1110 3234 3233
f 1109 3235 3234 1110
f 3178 3177 3234 3235
f 3178 3235 3236 3181
f 1109 3237 3236 3235
f 3238 3239 3236 3237
f 3182 3181 3236 3239
f 3182 3239 3240 3188
f 3238 3241 3240 3239
f 3242 3243 3240 3241
f 3244 3245 3240 3243
f 3189 3188 3240 3245
f 3244 3243 3246 3247
f 3242 3248 3246 3243
f 3249 3247 3246 3248
f 3250 3251 3252 3253
f 3254 3255 3252 3251
f 3256 3253 3252 3255
f 3256 3255 3257 3258
f 3254 3259 3257 3255
f 3260 3261 3257 3259
f 3194 3191 3257 3261
f 3190 3258 3257 3191
f 3194 3261 3262 3199
f 3260 3263 3262 3261
f 1112 3264 3262 3263
f 3200 3199 3262 3264
f 3200 3264 3265 3203
f 1112 1115 3265 3264
f 1123 3266 3265 1115
f 3204 3203 3265 3266
f 3204 3266 3267 3207
f 1123 1122 3267 3266
f 1070 1069 3267 1122
f 1068 3207 3267 1069
f 1086 1085 3268 3209
f 1084 3269 3268 1085
f 3270 3271 3268 3269
f 3210 3209 3268 3271
f 3210 3271 3272 3213
f 3270 3273 3272 3271
f 3274 3275 3272 3273
f 3214 3213 3272 3275
f 3214 3275 3276 3217
f 3274 3277 3276 3275
f 3278 3279 3276 3277
f 3218 3217 3276 3279
f 3280 3281 3282 3283
f 3284 3285 3282 3281
f 3224 3221 3282 3285
f 3220 3283 3282 3221
f 3224 3285 3286 3227
f 3284 3287 3286 3285
f 3288 3289 3286 3287
f 3228 3227 3286 3289
f 3228 3289 3290 3231
f 3288 3291 3290 3289
f 1090 1088 3290 3291
f 1044 3231 3290 1088
f 1109 1108 3292 3237
f 1107 3293 3292 1108
f 3294 3295 3292 3293
f 3238 3237 3292 3295
f 3238 3295 3296 3241
f 3294 3297 3296 3295
f 3298 3299 3296 3297
f 3242 3241 3296 3299
f 3242 3299 3300 3248
f 3298 3301 3300 3299
f 3302 3303 3300 3301
f 3304 3305 3300 3303
f 3249 3248 3300 3305
f 3304 3303 3306 3307
f 3302 3308 3306 3303
f 3309 3307 3306 3308
f 3310 3311 3312 3313
f 3314 3315 3312 3311
f 3316 3313 3312 3315
f 3316 3315 3317 3318
f 3314 3319 3317 3315
f 3320 3321 3317 3319
f 3254 3251 3317 3321
f 3250 3318 3317 3251
f 3254 3321 3322 3259
f 3320 3323 3322 3321
f 3324 3325 3322 3323
f 3260 3259 3322 3325
f 3260 3325 3326 3263
f 3324 3327 3326 3325
f 1116 1113 3326 3327
f 1112 3263 3326 1113
f 1084 1135 3328 3269
f 1134 3329 3328 1135
f 3330 3331 3328 3329
f 3270 3269 3328 3331
f 3270 3331 3332 3273
f 3330 3333 3332 3331
f 3334 3335 3332 3333
f 3274 3273 3332 3335
f 3274 3335 3336 3277
f 3334 3337 3336 3335
f 3338 3339 3336 3337
f 3278 3277 3336 3339
f 3340 3341 3342 3343
f 3344 3345 3342 3341
f 3284 3281 3342 3345
f 3280 3343 3342 3281
f 3284 3345 3346 3287
f 3344 3347 3346 3345
f 3348 3349 3346 3347
f 3288 3287 3346 3349
f 3288 3349 3350 3291
f 3348 3351 3350 3349
f 1092 1091 3350 3351
f 1090 3291 3350 1091
f 1107 1106 3352 3293
f 1105 1151 3352 1106
f 1159 3353 3352 1151
f 3294 3293 3352 3353
f 3294 3353 3354 3297
f 1159 1158 3354 3353
f 1157 3355 3354 1158
f 3298 3297 3354 3355
f 3298 3355 3356 3301
f 1157 3357 3356 3355
f 3358 3359 3356 3357
f 3302 3301 3356 3359
f 3302 3359 3360 3308
f 3358 3361 3360 3359
f 3362 3363 3360 3361
f 3364 3365 3360 3363
f 3309 3308 3360 3365
f 3364 3363 3366 3367
f 3362 3368 3366 3363
f 3369 3367 3366 3368
f 3370 3371 3372 3373
f 3374 3375 3372 3371
f 3376 3373 3372 3375
f 3376 3375 3377 3378
f 3374 3379 3377 3375
f 3380 3381 3377 3379
f 3314 3311 3377 3381
f 3310 3378 3377 3311
f 3314 3381 3382 3319
f 3380 3383 3382 3381
f 1160 3384 3382 3383
f 3320 3319 3382 3384
f 3320 3384 3385 3323
f 1160 1163 3385 3384
f 1171 3386 3385 1163
f 3324 3323 3385 3386
f 3324 3386 3387 3327
f 1171 1170 3387 3386
f 1118 1117 3387 1170
f 1116 3327 3387 1117
f 1134 1133 3388 3329
f 1132 3389 3388 1133
f 3390 3391 3388 3389
f 3330 3329 3388 3391
f 3330 3391 3392 3333
f 3390 3393 3392 3391
f 3394 3395 3392 3393
f 3334 3333 3392 3395
f 3334 3395 3396 3337
f 3394 3397 3396 3395
f 3398 3399 3396 3397
f 3338 3337 3396 3399
f 3400 3401 3402 3403
f 3404 3405 3402 3401
f 3344 3341 3402 3405
f 3340 3403 3402 3341
f 3344 3405 3406 3347
f 3404 3407 3406 3405
f 3408 3409 3406 3407
f 3348 3347 3406 3409
f 3348 3409 3410 3351
f 3408 3411 3410 3409
f 1138 1136 3410 3411
f 1092 3351 3410 1136
f 1157 1156 3412 3357
f 1155 3413 3412 1156
f 3414 3415 3412 3413
f 3358 3357 3412 3415
f 3358 3415 3416 3361
f 3414 3417 3416 3415
f 3418 3419 3416 3417
f 3362 3361 3416 3419
f 3362 3419 3420 3368
f 3418 3421 3420 3419
f 3422 3423 3420 3421
f 3424 3425 3420 3423
f 3369 3368 3420 3425
f 3424 3423 3426 3427
f 3422 3428 3426 3423
f 3429 3427 3426 3428
f 3430 3431 3432 3433
f 3434 3435 3432 3431
f 3436 3433 3432 3435
f 3436 3435 3437 3438
f 3434 3439 3437 3435
f 3440 3441 3437 3439
f 3374 3371 3437 3441
f 3370 3438 3437 3371
f 3374 3441 3442 3379
f 3440 3443 3442 3441
f 3444 3445 3442 3443
f 3380 3379 3442 3445
f 3380 3445 3446 3383
f 3444 3447 3446 3445
f 1164 1161 3446 3447
f 1160 3383 3446 1161
f 1132 1183 3448 3389
f 1182 3449 3448 1183
f 3450 3451 3448 3449
f 3390 3389 3448 3451
f 3390 3451 3452 3393
f 3450 3453 3452 3451
f 3454 3455 3452 3453
f 3394 3393 3452 3455
f 3394 3455 3456 3397
f 3454 3457 3456 3455
f 3458 3459 3456 3457
f 3398 3397 3456 3459
f 3460 3461 3462 3463
f 3464 3465 3462 3461
f 3404 3401 3462 3465
f 3400 3463 3462 3401
f 3404 3465 3466 3407
f 3464 3467 3466 3465
f 3468 3469 3466 3467
f 3408 3407 3466 3469
f 3408 3469 3470 3411
f 3468 3471 3470 3469
f 1140 1139 3470 3471
f 1138 3411 3470 1139
f 1155 1154 3472 3413
f 1153 1207 3472 1154
f 1215 3473 3472 1207
f 3414 3413 3472 3473
f 3414 3473 3474 3417
f 1215 1214 3474 3473
f 1213 3475 3474 1214
f 3418 3417 3474 3475
f 3418 3475 3476 3421
f 1213 3477 3476 3475
f 3478 3479 3476 3477
f 3422 3421 3476 3479
f 3422 3479 3480 3428
f 3478 3481 3480 3479
f 3482 3483 3480 3481
f 3484 3485 3480 3483
f 3429 3428 3480 3485
f 3484 3483 3486 3487
f 3482 3488 3486 3483
f 3489 3487 3486 3488
f 3490 3491 3492 3493
f 3494 3495 3492 3491
f 3496 3493 3492 3495
f 3496 3495 3497 3498
f 3494 3499 3497 3495
f 3500 3501 3497 3499
f 3434 3431 3497 3501
f 3430 3498 3497 3431
f 3434 3501 3502 3439
f 3500 3503 3502 3501
f 1216 3504 3502 3503
f 3440 3439 3502 3504
f 3440 3504 3505 3443
f 1216 1219 3505 3504
f 1227 3506 3505 1219
f 3444 3443 3505 3506
f 3444 3506 3507 3447
f 1227 1226 3507 3506
f 1166 1165 3507 1226
f 1164 3447 3507 1165
f 1182 1181 3508 3449
f 1180 3509 3508 1181
f 3510 3511 3508 3509
f 3450 3449 3508 3511
f 3450 3511 3512 3453
f 3510 3513 3512 3511
f 3514 3515 3512 3513
f 3454 3453 3512 3515
f 3454 3515 3516 3457
f 3514 3517 3516 3515
f 3518 3519 3516 3517
f 3458 3457 3516 3519
f 3520 3521 3522 3523
f 3524 3525 3522 3521
f 3464 3461 3522 3525
f 3460 3523 3522 3461
f 3464 3525 3526 3467
f 3524 3527 3526 3525
f 3528 3529 3526 3527
f 3468 3467 3526 3529
f 3468 3529 3530 3471
f 3528 3531 3530 3529
f 1186 1184 3530 3531
f 1140 3471 3530 1184
f 1213 1212 3532 3477
f 1211 3533 3532 1212
f 3534 3535 3532 3533
f 3478 3477 3532 3535
f 3478 3535 3536 3481
f 3534 3537 3536 3535
f 3538 3539 3536 3537
f 3482 3481 3536 3539
f 3482 3539 3540 3488
f 3538 3541 3540 3539
f 3542 3543 3540 3541
f 3544 3545 3540 3543
f 3489 3488 3540 3545
f 3544 3543 3546 3547
f 3542 3548 3546 3543
f 3549 3547 3546 3548
f 3550 3551 3552 3553
f 3554 3555 3552 3551
f 3556 3553 3552 3555
f 3556 3555 3557 3558
f 3554 3559 3557 3555
f 3560 3561 3557 3559
f 3494 3491 3557 3561
f 3490 3558 3557 3491
f 3494 3561 3562 3499
f 3560 3563 3562 3561
f 3564 3565 3562 3563
f 3500 3499 3562 3565
f 3500 3565 3566 3503
f 3564 3567 3566 3565
f 1220 1217 3566 3567
f 1216 3503 3566 1217
f 1180 1247 3568 3509
f 1246 3569 3568 1247
f 3570 3571 3568 3569
f 3510 3509 3568 3571
f 3510 3571 3572 3513
f 3570 3573 3572 3571
f 3574 3575 3572 3573
f 3514 3513 3572 3575
f 3514 3575 3576 3517
f 3574 3577 3576 3575
f 3578 3579 3576 3577
f 3518 3517 3576 3579
f 3580 3581 3582 3583
f 3524 3521 3582 3581
f 3520 3583 3582 3521
f 3524 3581 3584 3527
f 3580 3585 3584 3581
f 3586 3587 3584 3585
f 3588 3589 3584 3587
f 3528 3527 3584 3589
f 3528 3589 3590 3531
f 3588 3591 3590 3589
f 1188 1187 3590 3591
f 1186 3531 3590 1187
f 1211 1210 3592 3533
f 1209 1273 3592 1210
f 1281 3593 3592 1273
f 3534 3533 3592 3593
f 3534 3593 3594 3537
f 1281 1280 3594 3593
f 1279 3595 3594 1280
f 3538 3537 3594 3595
f 3538 3595 3596 3541
f 1279 3597 3596 3595
f 3598 3599 3596 3597
f 3542 3541 3596 3599
f 3542 3599 3600 3548
f 3598 3601 3600 3599
f 3602 3603 3600 3601
f 3604 3605 3600 3603
f 3549 3548 3600 3605
f 3604 3603 3606 3607
f 3602 3608 3606 3603
f 3609 3607 3606 3608
f 3610 3611 3612 3613
f 3614 3615 3612 3611
f 3616 3613 3612 3615
f 3616 3615 3617 3618
f 3614 3619 3617 3615
f 3620 3621 3617 3619
f 3554 3551 3617 3621
f 3550 3618 3617 3551
f 3554 3621 3622 3559
f 3620 3623 3622 3621
f 1282 3624 3622 3623
f 3560 3559 3622 3624
f 3560 3624 3625 3563
f 1282 1285 3625 3624
f 1293 3626 3625 1285
f 3564 3563 3625 3626
f 3564 3626 3627 3567
f 1293 1292 3627 3626
f 1222 1221 3627 1292
f 1220 3567 3627 1221
f 1246 1245 3628 3569
f 1244 3629 3628 1245
f 3630 3631 3628 3629
f 3570 3569 3628 3631
f 3570 3631 3632 3573
f 3630 3633 3632 3631
f 3634 3635 3632 3633
f 3636 3637 3632 3635
f 3574 3573 3632 3637
f 3574 3637 3638 3577
f 3636 3639 3638 3637
f 3578 3577 3638 3639
f 3640 3641 3642 3643
f 3644 3645 3642 3641
f 3588 3587 3642 3645
f 3586 3643 3642 3587
f 3588 3645 3646 3591
f 3644 3647 3646 3645
f 1250 1248 3646 3647
f 1188 3591 3646 1248
f 1279 1278 3648 3597
f 1277 3649 3648 1278
f 3650 3651 3648 3649
f 3598 3597 3648 3651
f 3598 3651 3652 3601
f 3650 3653 3652 3651
f 3654 3655 3652 3653
f 3602 3601 3652 3655
f 3602 3655 3656 3608
f 3654 3657 3656 3655
f 3658 3659 3656 3657
f 3660 3661 3656 3659
f 3609 3608 3656 3661
f 3660 3659 3662 3663
f 3658 3664 3662 3659
f 3665 3666 3662 3664
f 3667 3663 3662 3666
f 3667 3666 3668 3669
f 3665 3670 3668 3666
f 3671 3672 3668 3670
f 3673 3669 3668 3672
f 3673 3672 3674 3675
f 3671 3676 3674 3672
f 3677 3678 3674 3676
f 3614 3611 3674 3678
f 3610 3675 3674 3611
f 3614 3678 3679 3619
f 3677 3680 3679 3678
f 3681 3682 3679 3680
f 3620 3619 3679 3682
f 3620 3682 3683 3623
f 3681 3684 3683 3682
f 1286 1283 3683 3684
f 1282 3623 3683 1283
f 1244 1315 3685 3629
f 1314 3686 3685 1315
f 3687 3688 3685 3686
f 3630 3629 3685 3688
f 3630 3688 3689 3633
f 3687 3690 3689 3688
f 3691 3692 3689 3690
f 3634 3633 3689 3692
f 3693 3694 3695 3696
f 3697 3698 3695 3694
f 3644 3641 3695 3698
f 3640 3696 3695 3641
f 3644 3698 3699 3647
f 3697 3700 3699 3698
f 1252 1251 3699 3700
f 1250 3647 3699 1251
f 1277 1276 3701 3649
f 1275 1335 3701 1276
f 1341 3702 3701 1335
f 3650 3649 3701 3702
f 3650 3702 3703 3653
f 1341 1340 3703 3702
f 1339 3704 3703 1340
f 3654 3653 3703 3704
f 3654 3704 3705 3657
f 1339 1343 3705 3704
f 1349 3706 3705 1343
f 3658 3657 3705 3706
f 3658 3706 3707 3664
f 1349 1348 3707 3706
f 1347 3708 3707 1348
f 3665 3664 3707 3708
f 3665 3708 3709 3670
f 1347 1351 3709 3708
f 1357 3710 3709 1351
f 3671 3670 3709 3710
f 3671 3710 3711 3676
f 1357 1356 3711 3710
f 1355 3712 3711 1356
f 3677 3676 3711 3712
f 3677 3712 3713 3680
f 1355 1359 3713 3712
f 1364 3714 3713 1359
f 3681 3680 3713 3714
f 3681 3714 3715 3684
f 1364 1363 3715 3714
f 1288 1287 3715 1363
f 1286 3684 3715 1287
f 1314 1313 3716 3686
f 1312 3717 3716 1313
f 3718 3719 3716 3717
f 3687 3686 3716 3719
f 3687 3719 3720 3690
f 3718 3721 3720 3719
f 3722 3723 3720 3721
f 3691 3690 3720 3723
f 3724 3725 3726 3727
f 3697 3694 3726 3725
f 3693 3727 3726 3694
f 3697 3725 3728 3700
f 3724 3729 3728 3725
f 3730 3731 3728 3729
f 3732 3733 3728 3731
f 1252 3700 3728 3733
f 1252 3733 3734 1253
f 3732 3735 3734 3733
f 3736 3737 3734 3735
f 1254 1253 3734 3737
f 1254 3737 3738 1255
f 3736 3739 3738 3737
f 1318 1316 3738 3739
f 1256 1255 3738 1316
f 1306 1380 3740 1309
f 1379 3741 3740 1380
f 3742 3743 3740 3741
f 1310 1309 3740 3743
f 1310 3743 3744 1311
f 3742 3745 3744 3743
f 3746 3747 3744 3745
f 1312 1311 3744 3747
f 1312 3747 3748 3717
f 3746 3749 3748 3747
f 3750 3751 3748 3749
f 3752 3753 3748 3751
f 3718 3717 3748 3753
f 3718 3753 3754 3721
f 3752 3755 3754 3753
f 3722 3721 3754 3755
f 3756 3757 3758 3759
f 3760 3761 3758 3757
f 3732 3731 3758 3761
f 3730 3759 3758 3731
f 3732 3761 3762 3735
f 3760 3763 3762 3761
f 3764 3765 3762 3763
f 3736 3735 3762 3765
f 3736 3765 3766 3739
f 3764 3767 3766 3765
f 1320 1319 3766 3767
f 1318 3739 3766 1319
f 1379 1378 3768 3741
f 1377 3769 3768 1378
f 3770 3771 3768 3769
f 3742 3741 3768 3771
f 3742 3771 3772 3745
f 3770 3773 3772 3771
f 3774 3775 3772 3773
f 3746 3745 3772 3775
f 3746 3775 3776 3749
f 3774 3777 3776 3775
f 3778 3779 3776 3777
f 3750 3749 3776 3779
f 3780 3781 3782 3783
f 3784 3785 3782 3781
f 3760 3757 3782 3785
f 3756 3783 3782 3757
f 3760 3785 3786 3763
f 3784 3787 3786 3785
f 3788 3789 3786 3787
f 3764 3763 3786 3789
f 3764 3789 3790 3767
f 3788 3791 3790 3789
f 1383 1381 3790 3791
f 1320 3767 3790 1381
f 1377 1419 3792 3769
f 1418 3793 3792 1419
f 3794 3795 3792 3793
f 3770 3769 3792 3795
f 3770 3795 3796 3773
f 3794 3797 3796 3795
f 3798 3799 3796 3797
f 3774 3773 3796 3799
f 3774 3799 3800 3777
f 3798 3801 3800 3799
f 3802 3803 3800 3801
f 3778 3777 3800 3803
f 3804 3805 3806 3807
f 3784 3781 3806 3805
f 3780 3807 3806 3781
f 3784 3805 3808 3787
f 3804 3809 3808 3805
f 3810 3811 3808 3809
f 3812 3813 3808 3811
f 3788 3787 3808 3813
f 3788 3813 3814 3791
f 3812 3815 3814 3813
f 1385 1384 3814 3815
f 1383 3791 3814 1384
f 1418 1417 3816 3793
f 1416 3817 3816 1417
f 3818 3819 3816 3817
f 3794 3793 3816 3819
f 3794 3819 3820 3797
f 3818 3821 3820 3819
f 3822 3823 3820 3821
f 3824 3825 3820 3823
f 3798 3797 3820 3825
f 3798 3825 3826 3801
f 3824 3827 3826 3825
f 3802 3801 3826 3827
f 3828 3829 3830 3831
f 3832 3833 3830 3829
f 3812 3811 3830 3833
f 3810 3831 3830 3811
f 3812 3833 3834 3815
f 3832 3835 3834 3833
f 3836 3837 3834 3835
f 1385 3815 3834 3837
f 1385 3837 3838 1386
f 3836 3839 3838 3837
f 3840 3841 3838 3839
f 1387 1386 3838 3841
f 1387 3841 3842 1388
f 3840 3843 3842 3841
f 1422 1420 3842 3843
f 1389 1388 3842 1420
f 1410 1447 3844 1413
f 1446 3845 3844 1447
f 3846 3847 3844 3845
f 1414 1413 3844 3847
f 1414 3847 3848 1415
f 3846 3849 3848 3847
f 3850 3851 3848 3849
f 1416 1415 3848 3851
f 1416 3851 3852 3817
f 3850 3853 3852 3851
f 3854 3855 3852 3853
f 3818 3817 3852 3855
f 3818 3855 3856 3821
f 3854 3857 3856 3855
f 3858 3859 3856 3857
f 3822 3821 3856 3859
f 3860 3861 3862 3863
f 3832 3829 3862 3861
f 3828 3863 3862 3829
f 3832 3861 3864 3835
f 3860 3865 3864 3861
f 3866 3867 3864 3865
f 3868 3869 3864 3867
f 3836 3835 3864 3869
f 3836 3869 3870 3839
f 3868 3871 3870 3869
f 3872 3873 3870 3871
f 3840 3839 3870 3873
f 3840 3873 3874 3843
f 3872 3875 3874 3873
f 1424 1423 3874 3875
f 1422 3843 3874 1423
f 1446 1445 3876 3845
f 1444 3877 3876 1445
f 3878 3879 3876 3877
f 3846 3845 3876 3879
f 3846 3879 3880 3849
f 3878 3881 3880 3879
f 3882 3883 3880 3881
f 3850 3849 3880 3883
f 3850 3883 3884 3853
f 3882 3885 3884 3883
f 3886 3887 3884 3885
f 3888 3889 3884 3887
f 3854 3853 3884 3889
f 3854 3889 3890 3857
f 3888 3891 3890 3889
f 3858 3857 3890 3891
f 3892 3893 3894 3895
f 3896 3897 3894 3893
f 3868 3867 3894 3897
f 3866 3895 3894 3867
f 3868 3897 3898 3871
f 3896 3899 3898 3897
f 3900 3901 3898 3899
f 3872 3871 3898 3901
f 3872 3901 3902 3875
f 3900 3903 3902 3901
f 1450 1448 3902 3903
f 1424 3875 3902 1448
f 1444 1479 3904 3877
f 1478 3905 3904 1479
f 3906 3907 3904 3905
f 3878 3877 3904 3907
f 3878 3907 3908 3881
f 3906 3909 3908 3907
f 3910 3911 3908 3909
f 3882 3881 3908 3911
f 3882 3911 3912 3885
f 3910 3913 3912 3911
f 3914 3915 3912 3913
f 3886 3885 3912 3915
f 3916 3917 3918 3919
f 3896 3893 3918 3917
f 3892 3919 3918 3893
f 3896 3917 3920 3899
f 3916 3921 3920 3917
f 3922 3923 3920 3921
f 3924 3925 3920 3923
f 3900 3899 3920 3925
f 3900 3925 3926 3903
f 3924 3927 3926 3925
f 1452 1451 3926 3927
f 1450 3903 3926 1451
f 1478 1477 3928 3905
f 1476 3929 3928 1477
f 3930 3931 3928 3929
f 3906 3905 3928 3931
f 3906 3931 3932 3909
f 3930 3933 3932 3931
f 3934 3935 3932 3933
f 3936 3937 3932 3935
f 3910 3909 3932 3937
f 3910 3937 3938 3913
f 3936 3939 3938 3937
f 3914 3913 3938 3939
f 3940 3941 3942 3943
f 3924 3923 3942 3941
f 3922 3943 3942 3923
f 3924 3941 3944 3927
f 3940 3945 3944 3941
f 3946 3947 3944 3945
f 3948 3949 3944 3947
f 1452 3927 3944 3949
f 1452 3949 3950 1453
f 3948 3951 3950 3949
f 3952 3953 3950 3951
f 1454 1453 3950 3953
f 1454 3953 3954 1455
f 3952 3955 3954 3953
f 1482 1480 3954 3955
f 1456 1455 3954 1480
f 1470 1499 3956 1473
f 1498 3957 3956 1499
f 3958 3959 3956 3957
f 1474 1473 3956 3959
f 1474 3959 3960 1475
f 3958 3961 3960 3959
f 3962 3963 3960 3961
f 1476 1475 3960 3963
f 1476 3963 3964 3929
f 3962 3965 3964 3963
f 3966 3967 3964 3965
f 3968 3969 3964 3967
f 3930 3929 3964 3969
f 3930 3969 3970 3933
f 3968 3971 3970 3969
f 3934 3933 3970 3971
f 3972 3973 3974 3975
f 3976 3977 3974 3973
f 3948 3947 3974 3977
f 3946 3975 3974 3947
f 3948 3977 3978 3951
f 3976 3979 3978 3977
f 3980 3981 3978 3979
f 3952 3951 3978 3981
f 3952 3981 3982 3955
f 3980 3983 3982 3981
f 1484 1483 3982 3983
f 1482 3955 3982 1483
f 1498 1497 3984 3957
f 1496 3985 3984 1497
f 3986 3987 3984 3985
f 3958 3957 3984 3987
f 3958 3987 3988 3961
f 3986 3989 3988 3987
f 3990 3991 3988 3989
f 3962 3961 3988 3991
f 3962 3991 3992 3965
f 3990 3993 3992 3991
f 3994 3995 3992 3993
f 3966 3965 3992 3995
f 3996 3997 3998 3999
f 3976 3973 3998 3997
f 3972 3999 3998 3973
f 3976 3997 4000 3979
f 3996 4001 4000 3997
f 4002 4003 4000 4001
f 4004 4005 4000 4003
f 3980 3979 4000 4005
f 3980 4005 4006 3983
f 4004 4007 4006 4005
f 1502 1500 4006 4007
f 1484 3983 4006 1500
f 1496 1523 4008 3985
f 1522 4009 4008 1523
f 4010 4011 4008 4009
f 3986 3985 4008 4011
f 3986 4011 4012 3989
f 4010 4013 4012 4011
f 4014 4015 4012 4013
f 4016 4017 4012 4015
f 3990 3989 4012 4017
f 3990 4017 4018 3993
f 4016 4019 4018 4017
f 3994 3993 4018 4019
f 4020 4021 4022 4023
f 4024 4025 4022 4021
f 4004 4003 4022 4025
f 4002 4023 4022 4003
f 4004 4025 4026 4007
f 4024 4027 4026 4025
f 1504 1503 4026 4027
f 1502 4007 4026 1503
f 1522 1521 4028 4009
f 1520 4029 4028 1521
f 4030 4031 4028 4029
f 4010 4009 4028 4031
f 4010 4031 4032 4013
f 4030 4033 4032 4031
f 4034 4035 4032 4033
f 4014 4013 4032 4035
f 4036 4037 4038 4039
f 4024 4021 4038 4037
f 4020 4039 4038 4021
f 4024 4037 4040 4027
f 4036 4041 4040 4037
f 4042 4043 4040 4041
f 4044 4045 4040 4043
f 1504 4027 4040 4045
f 1504 4045 4046 1505
f 4044 4047 4046 4045
f 4048 4049 4046 4047
f 1506 1505 4046 4049
f 1506 4049 4050 1507
f 4048 4051 4050 4049
f 1526 1524 4050 4051
f 1508 1507 4050 1524
f 1514 1535 4052 1517
f 1534 4053 4052 1535
f 4054 4055 4052 4053
f 1518 1517 4052 4055
f 1518 4055 4056 1519
f 4054 4057 4056 4055
f 4058 4059 4056 4057
f 1520 1519 4056 4059
f 1520 4059 4060 4029
f 4058 4061 4060 4059
f 4062 4063 4060 4061
f 4064 4065 4060 4063
f 4030 4029 4060 4065
f 4030 4065 4066 4033
f 4064 4067 4066 4065
f 4034 4033 4066 4067
f 4068 4069 4070 4071
f 4072 4073 4070 4069
f 4044 4043 4070 4073
f 4042 4071 4070 4043
f 4044 4073 4074 4047
f 4072 4075 4074 4073
f 4076 4077 4074 4075
f 4048 4047 4074 4077
f 4048 4077 4078 4051
f 4076 4079 4078 4077
f 1528 1527 4078 4079
f 1526 4051 4078 1527
f 1534 1533 4080 4053
f 1532 4081 4080 1533
f 4082 4083 4080 4081
f 4054 4053 4080 4083
f 4054 4083 4084 4057
f 4082 4085 4084 4083
f 4086 4087 4084 4085
f 4058 4057 4084 4087
f 4058 4087 4088 4061
f 4086 4089 4088 4087
f 4090 4091 4088 4089
f 4062 4061 4088 4091
f 4092 4093 4094 4095
f 4096 4097 4094 4093
f 4072 4069 4094 4097
f 4068 4095 4094 4069
f 4072 4097 4098 4075
f 4096 4099 4098 4097
f 4100 4101 4098 4099
f 4076 4075 4098 4101
f 4076 4101 4102 4079
f 4100 4103 4102 4101
f 1538 1536 4102 4103
f 1528 4079 4102 1536
f 1532 1547 4104 4081
f 1546 4105 4104 1547
f 4106 4107 4104 4105
f 4082 4081 4104 4107
f 4082 4107 4108 4085
f 4106 4109 4108 4107
f 4110 4111 4108 4109
f 4086 4085 4108 4111
f 4086 4111 4112 4089
f 4110 4113 4112 4111
f 4114 4115 4112 4113
f 4090 4089 4112 4115
f 4116 4117 4118 4119
f 4120 4121 4118 4117
f 4096 4093 4118 4121
f 4092 4119 4118 4093
f 4096 4121 4122 4099
f 4120 4123 4122 4121
f 4124 4125 4122 4123
f 4100 4099 4122 4125
f 4100 4125 4126 4103
f 4124 4127 4126 4125
f 1540 1539 4126 4127
f 1538 4103 4126 1539
f 1546 1545 4128 4105
f 1544 4129 4128 1545
f 4130 4131 4128 4129
f 4106 4105 4128 4131
f 4106 4131 4132 4109
f 4130 4133 4132 4131
f 4134 4135 4132 4133
f 4110 4109 4132 4135
f 4110 4135 4136 4113
f 4134 4137 4136 4135
f 4138 4139 4136 4137
f 4114 4113 4136 4139
f 4140 4141 4142 4143
f 4144 4145 4142 4141
f 4120 4117 4142 4145
f 4116 4143 4142 4117
f 4120 4145 4146 4123
f 4144 4147 4146 4145
f 4148 4149 4146 4147
f 4124 4123 4146 4149
f 4124 4149 4150 4127
f 4148 4151 4150 4149
f 1550 1548 4150 4151
f 1540 4127 4150 1548
f 1544 1559 4152 4129
f 1558 4153 4152 1559
f 4154 4155 4152 4153
f 4130 4129 4152 4155
f 4130 4155 4156 4133
f 4154 4157 4156 4155
f 4158 4159 4156 4157
f 4134 4133 4156 4159
f 4134 4159 4160 4137
f 4158 4161 4160 4159
f 4162 4163 4160 4161
f 4138 4137 4160 4163
f 4164 4165 4166 4167
f 4168 4169 4166 4165
f 4170 4167 4166 4169
f 4170 4169 4171 4172
f 4168 4173 4171 4169
f 4174 4175 4171 4173
f 4176 4172 4171 4175
f 4176 4175 4177 4178
f 4174 4179 4177 4175
f 1560 4180 4177 4179
f 4144 4141 4177 4180
f 4140 4178 4177 4141
f 4144 4180 4181 4147
f 1560 1563 4181 4180
f 1571 4182 4181 1563
f 4148 4147 4181 4182
f 4148 4182 4183 4151
f 1571 1570 4183 4182
f 1552 1551 4183 1570
f 1550 4151 4183 1551
f 1558 1557 4184 4153
f 1556 1579 4184 1557
f 1587 4185 4184 1579
f 4154 4153 4184 4185
f 4154 4185 4186 4157
f 1587 1586 4186 4185
f 1585 4187 4186 1586
f 4158 4157 4186 4187
f 4158 4187 4188 4161
f 1585 4189 4188 4187
f 4190 4191 4188 4189
f 4192 4193 4188 4191
f 4162 4161 4188 4193
f 4192 4191 4194 4195
f 4190 4196 4194 4191
f 4197 4198 4194 4196
f 4199 4195 4194 4198
f 4199 4198 4200 4201
f 4197 4202 4200 4198
f 4203 4201 4200 4202
f 4204 4205 4206 4207
f 4208 4209 4206 4205
f 4210 4207 4206 4209
f 4210 4209 4211 4212
f 4208 4213 4211 4209
f 4214 4215 4211 4213
f 4168 4165 4211 4215
f 4164 4212 4211 4165
f 4168 4215 4216 4173
f 4214 4217 4216 4215
f 4218 4219 4216 4217
f 4174 4173 4216 4219
f 4174 4219 4220 4179
f 4218 4221 4220 4219
f 1564 1561 4220 4221
f 1560 4179 4220 1561
f 1585 1584 4222 4189
f 1583 4223 4222 1584
f 4224 4225 4222 4223
f 4190 4189 4222 4225
f 4190 4225 4226 4196
f 4224 4227 4226 4225
f 4228 4229 4226 4227
f 4197 4196 4226 4229
f 4197 4229 4230 4202
f 4228 4231 4230 4229
f 4232 4233 4230 4231
f 4234 4235 4230 4233
f 4203 4202 4230 4235
f 4234 4233 4236 4237
f 4232 4238 4236 4233
f 4239 4237 4236 4238
f 4240 4241 4242 4243
f 4244 4245 4242 4241
f 4246 4243 4242 4245
f 4246 4245 4247 4248
f 4244 4249 4247 4245
f 4250 4251 4247 4249
f 4252 4248 4247 4251
f 4252 4251 4253 4254
f 4250 4255 4253 4251
f 1588 4256 4253 4255
f 4257 4254 4253 4256
f 4257 4256 4258 4259
f 1588 1591 4258 4256
f 1600 4260 4258 1591
f 4208 4205 4258 4260
f 4204 4259 4258 4205
f 4208 4260 4261 4213
f 1600 1599 4261 4260
f 1598 4262 4261 1599
f 4214 4213 4261 4262
f 4214 4262 4263 4217
f 1598 1602 4263 4262
f 1607 4264 4263 1602
f 4218 4217 4263 4264
f 4218 4264 4265 4221
f 1607 1606 4265 4264
f 1566 1565 4265 1606
f 1564 4221 4265 1565
f 1583 1582 4266 4223
f 1581 1623 4266 1582
f 1629 4267 4266 1623
f 4224 4223 4266 4267
f 4224 4267 4268 4227
f 1629 1628 4268 4267
f 1627 4269 4268 1628
f 4228 4227 4268 4269
f 4228 4269 4270 4231
f 1627 1631 4270 4269
f 1639 4271 4270 1631
f 4232 4231 4270 4271
f 4232 4271 4272 4238
f 1639 1638 4272 4271
f 1637 4273 4272 1638
f 4274 4275 4272 4273
f 4239 4238 4272 4275
f 4274 4273 4276 4277
f 1637 4278 4276 4273
f 4279 4280 4276 4278
f 4281 4277 4276 4280
f 4281 4280 4282 4283
f 4279 4284 4282 4280
f 4285 4286 4282 4284
f 4287 4283 4282 4286
f 4287 4286 4288 4289
f 4285 4290 4288 4286
f 4291 4289 4288 4290
f 4292 4293 4294 4295
f 4296 4297 4294 4293
f 4298 4295 4294 4297
f 4298 4297 4299 4300
f 4296 4301 4299 4297
f 4302 4303 4299 4301
f 4304 4300 4299 4303
f 4304 4303 4305 4306
f 4302 4307 4305 4303
f 4308 4309 4305 4307
f 4244 4241 4305 4309
f 4240 4306 4305 4241
f 4244 4309 4310 4249
f 4308 4311 4310 4309
f 4312 4313 4310 4311
f 4250 4249 4310 4313
f 4250 4313 4314 4255
f 4312 4315 4314 4313
f 1592 1589 4314 4315
f 1588 4255 4314 1589
f 1637 1636 4316 4278
f 1635 4317 4316 1636
f 4318 4319 4316 4317
f 4279 4278 4316 4319
f 4279 4319 4320 4284
f 4318 4321 4320 4319
f 4322 4323 4320 4321
f 4285 4284 4320 4323
f 4285 4323 4324 4290
f 4322 4325 4324 4323
f 4326 4327 4324 4325
f 4328 4329 4324 4327
f 4291 4290 4324 4329
f 4328 4327 4330 4331
f 4326 4332 4330 4327
f 4333 4334 4330 4332
f 4335 4331 4330 4334
f 4335 4334 4336 4337
f 4333 4338 4336 4334
f 4339 4337 4336 4338
f 4340 4341 4342 4343
f 4344 4345 4342 4341
f 4346 4343 4342 4345
f 4346 4345 4347 4348
f 4344 4349 4347 4345
f 4350 4351 4347 4349
f 4352 4348 4347 4351
f 4352 4351 4353 4354
f 4350 4355 4353 4351
f 1640 4356 4353 4355
f 4296 4293 4353 4356
f 4292 4354 4353 4293
f 4296 4356 4357 4301
f 1640 1643 4357 4356
f 1652 4358 4357 1643
f 4302 4301 4357 4358
f 4302 4358 4359 4307
f 1652 1651 4359 4358
f 1650 4360 4359 1651
f 4308 4307 4359 4360
f 4308 4360 4361 4311
f 1650 1654 4361 4360
f 1658 4362 4361 1654
f 4312 4311 4361 4362
f 4312 4362 4363 4315
f 1658 1657 4363 4362
f 1594 1593 4363 1657
f 1592 4315 4363 1593
f 1635 1634 4364 4317
f 1633 1675 4364 1634
f 1681 4365 4364 1675
f 4318 4317 4364 4365
f 4318 4365 4366 4321
f 1681 1680 4366 4365
f 1679 4367 4366 1680
f 4322 4321 4366 4367
f 4322 4367 4368 4325
f 1679 1683 4368 4367
f 1691 4369 4368 1683
f 4326 4325 4368 4369
f 4326 4369 4370 4332
f 1691 1690 4370 4369
f 1689 4371 4370 1690
f 4333 4332 4370 4371
f 4333 4371 4372 4338
f 1689 4373 4372 4371
f 4374 4375 4372 4373
f 4376 4377 4372 4375
f 4339 4338 4372 4377
f 4376 4375 4378 4379
f 4374 4380 4378 4375
f 4381 4382 4378 4380
f 4383 4379 4378 4382
f 4383 4382 4384 4385
f 4381 4386 4384 4382
f 4387 4385 4384 4386
f 4388 4389 4390 4391
f 4392 4393 4390 4389
f 4394 4391 4390 4393
f 4394 4393 4395 4396
f 4392 4397 4395 4393
f 4398 4399 4395 4397
f 4400 4396 4395 4399
f 4400 4399 4401 4402
f 4398 4403 4401 4399
f 4404 4405 4401 4403
f 4344 4341 4401 4405
f 4340 4402 4401 4341
f 4344 4405 4406 4349
f 4404 4407 4406 4405
f 4408 4409 4406 4407
f 4350 4349 4406 4409
f 4350 4409 4410 4355
f 4408 4411 4410 4409
f 1644 1641 4410 4411
f 1640 4355 4410 1641
f 1689 1688 4412 4373
f 1687 4413 4412 1688
f 4414 4415 4412 4413
f 4374 4373 4412 4415
f 4374 4415 4416 4380
f 4414 4417 4416 4415
f 4418 4419 4416 4417
f 4381 4380 4416 4419
f 4381 4419 4420 4386
f 4418 4421 4420 4419
f 4422 4423 4420 4421
f 4424 4425 4420 4423
f 4387 4386 4420 4425
f 4424 4423 4426 4427
f 4422 4428 4426 4423
f 4429 4430 4426 4428
f 4431 4427 4426 4430
f 4431 4430 4432 4433
f 4429 4434 4432 4430
f 4435 4433 4432 4434
f 4436 4437 4438 4439
f 4440 4441 4438 4437
f 4442 4439 4438 4441
f 4442 4441 4443 4444
f 4440 4445 4443 4441
f 1692 4446 4443 4445
f 4392 4389 4443 4446
f 4388 4444 4443 4389
f 4392 4446 4447 4397
f 1692 1695 4447 4446
f 1704 4448 4447 1695
f 4398 4397 4447 4448
f 4398 4448 4449 4403
f 1704 1703 4449 4448
f 1702 4450 4449 1703
f 4404 4403 4449 4450
f 4404 4450 4451 4407
f 1702 1706 4451 4450
f 1711 4452 4451 1706
f 4408 4407 4451 4452
f 4408 4452 4453 4411
f 1711 1710 4453 4452
f 1646 1645 4453 1710
f 1644 4411 4453 1645
f 1687 1686 4454 4413
f 1685 1727 4454 1686
f 1733 4455 4454 1727
f 4414 4413 4454 4455
f 4414 4455 4456 4417
f 1733 1732 4456 4455
f 1731 4457 4456 1732
f 4418 4417 4456 4457
f 4418 4457 4458 4421
f 1731 1735 4458 4457
f 1743 4459 4458 1735
f 4422 4421 4458 4459
f 4422 4459 4460 4428
f 1743 1742 4460 4459
f 1741 4461 4460 1742
f 4429 4428 4460 4461
f 4429 4461 4462 4434
f 1741 4463 4462 4461
f 4464 4465 4462 4463
f 4466 4467 4462 4465
f 4435 4434 4462 4467
f 4466 4465 4468 4469
f 4464 4470 4468 4465
f 4471 4469 4468 4470
f 4472 4473 4474 4475
f 4476 4477 4474 4473
f 4478 4475 4474 4477
f 4478 4477 4479 4480
f 4476 4481 4479 4477
f 4482 4483 4479 4481
f 4484 4480 4479 4483
f 4484 4483 4485 4486
f 4482 4487 4485 4483
f 4488 4489 4485 4487
f 4440 4437 4485 4489
f 4436 4486 4485 4437
f 4440 4489 4490 4445
f 4488 4491 4490 4489
f 1696 1693 4490 4491
f 1692 4445 4490 1693
f 1741 1740 4492 4463
f 1739 4493 4492 1740
f 4494 4495 4492 4493
f 4464 4463 4492 4495
f 4464 4495 4496 4470
f 4494 4497 4496 4495
f 4498 4499 4496 4497
f 4500 4501 4496 4499
f 4471 4470 4496 4501
f 4500 4499 4502 4503
f 4498 4504 4502 4499
f 4505 4506 4502 4504
f 4507 4503 4502 4506
f 4507 4506 4508 4509
f 4505 4510 4508 4506
f 4511 4509 4508 4510
f 4512 4513 4514 4515
f 4516 4517 4514 4513
f 4518 4515 4514 4517
f 4518 4517 4519 4520
f 4516 4521 4519 4517
f 4522 4523 4519 4521
f 4476 4473 4519 4523
f 4472 4520 4519 4473
f 4476 4523 4524 4481
f 4522 4525 4524 4523
f 1744 4526 4524 4525
f 4482 4481 4524 4526
f 4482 4526 4527 4487
f 1744 1747 4527 4526
f 1754 4528 4527 1747
f 4488 4487 4527 4528
f 4488 4528 4529 4491
f 1754 1753 4529 4528
f 1698 1697 4529 1753
f 1696 4491 4529 1697
f 1739 1738 4530 4493
f 1737 1771 4530 1738
f 1779 4531 4530 1771
f 4494 4493 4530 4531
f 4494 4531 4532 4497
f 1779 1778 4532 4531
f 1777 4533 4532 1778
f 4498 4497 4532 4533
f 4498 4533 4534 4504
f 1777 4535 4534 4533
f 4536 4537 4534 4535
f 4505 4504 4534 4537
f 4505 4537 4538 4510
f 4536 4539 4538 4537
f 4540 4541 4538 4539
f 4542 4543 4538 4541
f 4511 4510 4538 4543
f 4542 4541 4544 4545
f 4540 4546 4544 4541
f 4547 4545 4544 4546
f 4548 4549 4550 4551
f 4552 4553 4550 4549
f 4554 4551 4550 4553
f 4554 4553 4555 4556
f 4552 4557 4555 4553
f 4558 4559 4555 4557
f 4516 4513 4555 4559
f 4512 4556 4555 4513
f 4516 4559 4560 4521
f 4558 4561 4560 4559
f 4562 4563 4560 4561
f 4522 4521 4560 4563
f 4522 4563 4564 4525
f 4562 4565 4564 4563
f 1748 1745 4564 4565
f 1744 4525 4564 1745
f 1777 1776 4566 4535
f 1775 4567 4566 1776
f 4568 4569 4566 4567
f 4536 4535 4566 4569
f 4536 4569 4570 4539
f 4568 4571 4570 4569
f 4572 4573 4570 4571
f 4540 4539 4570 4573
f 4540 4573 4574 4546
f 4572 4575 4574 4573
f 4576 4577 4574 4575
f 4578 4579 4574 4577
f 4547 4546 4574 4579
f 4578 4577 4580 4581
f 4576 4582 4580 4577
f 4583 4581 4580 4582
f 4584 4585 4586 4587
f 4588 4589 4586 4585
f 4590 4587 4586 4589
f 4590 4589 4591 4592
f 4588 4593 4591 4589
f 1780 4594 4591 4593
f 4595 4592 4591 4594
f 4595 4594 4596 4597
f 1780 1783 4596 4594
f 1792 4598 4596 1783
f 4552 4549 4596 4598
f 4548 4597 4596 4549
f 4552 4598 4599 4557
f 1792 1791 4599 4598
f 1790 4600 4599 1791
f 4558 4557 4599 4600
f 4558 4600 4601 4561
f 1790 1794 4601 4600
f 1799 4602 4601 1794
f 4562 4561 4601 4602
f 4562 4602 4603 4565
f 1799 1798 4603 4602
f 1750 1749 4603 1798
f 1748 4565 4603 1749
f 1775 1774 4604 4567
f 1773 1807 4604 1774
f 1813 4605 4604 1807
f 4568 4567 4604 4605
f 4568 4605 4606 4571
f 1813 1812 4606 4605
f 1811 4607 4606 1812
f 4572 4571 4606 4607
f 4572 4607 4608 4575
f 1811 1815 4608 4607
f 1823 4609 4608 1815
f 4576 4575 4608 4609
f 4576 4609 4610 4582
f 1823 1822 4610 4609
f 1821 4611 4610 1822
f 4612 4613 4610 4611
f 4583 4582 4610 4613
f 4612 4611 4614 4615
f 1821 4616 4614 4611
f 4617 4618 4614 4616
f 4619 4615 4614 4618
f 4619 4618 4620 4621
f 4617 4622 4620 4618
f 4623 4621 4620 4622
f 4624 4625 4626 4627
f 4628 4629 4626 4625
f 4630 4627 4626 4629
f 4630 4629 4631 4632
f 4628 4633 4631 4629
f 4634 4635 4631 4633
f 4588 4585 4631 4635
f 4584 4632 4631 4585
f 4588 4635 4636 4593
f 4634 4637 4636 4635
f 1784 1781 4636 4637
f 1780 4593 4636 1781
f 1821 1820 4638 4616
f 1819 4639 4638 1820
f 4640 4641 4638 4639
f 4617 4616 4638 4641
f 4617 4641 4642 4622
f 4640 4643 4642 4641
f 4644 4645 4642 4643
f 4646 4647 4642 4645
f 4623 4622 4642 4647
f 4646 4645 4648 4649
f 4644 4650 4648 4645
f 4651 4649 4648 4650
f 4652 4653 4654 4655
f 4656 4657 4654 4653
f 4628 4625 4654 4657
f 4624 4655 4654 4625
f 4628 4657 4658 4633
f 4656 4659 4658 4657
f 4660 4661 4658 4659
f 4634 4633 4658 4661
f 4634 4661 4662 4637
f 4660 4663 4662 4661
f 1786 1785 4662 4663
f 1784 4637 4662 1785
f 1819 1818 4664 4639
f 1817 4665 4664 1818
f 4666 4667 4664 4665
f 4640 4639 4664 4667
f 4640 4667 4668 4643
f 4666 4669 4668 4667
f 4670 4671 4668 4669
f 4644 4643 4668 4671
f 4644 4671 4672 4650
f 4670 4673 4672 4671
f 4674 4675 4672 4673
f 4651 4650 4672 4675
f 4676 4677 4678 4679
f 4680 4681 4678 4677
f 4682 4679 4678 4681
f 4682 4681 4683 4684
f 4680 4685 4683 4681
f 4686 4687 4683 4685
f 4656 4653 4683 4687
f 4652 4684 4683 4653
f 4656 4687 4688 4659
f 4686 4689 4688 4687
f 4690 4691 4688 4689
f 4660 4659 4688 4691
f 4660 4691 4692 4663
f 4690 4693 4692 4691
f 1826 1824 4692 4693
f 1786 4663 4692 1824
f 1817 1843 4694 4665
f 1842 4695 4694 1843
f 4696 4697 4694 4695
f 4666 4665 4694 4697
f 4666 4697 4698 4669
f 4696 4699 4698 4697
f 4700 4701 4698 4699
f 4670 4669 4698 4701
f 4670 4701 4702 4673
f 4700 4703 4702 4701
f 4704 4705 4702 4703
f 4706 4707 4702 4705
f 4674 4673 4702 4707
f 4706 4705 4708 4709
f 4704 4710 4708 4705
f 4711 4709 4708 4710
f 4712 4713 4714 4715
f 4716 4717 4714 4713
f 4718 4715 4714 4717
f 4718 4717 4719 4720
f 4716 4721 4719 4717
f 4722 4723 4719 4721
f 4680 4677 4719 4723
f 4676 4720 4719 4677
f 4680 4723 4724 4685
f 4722 4725 4724 4723
f 1844 4726 4724 4725
f 4686 4685 4724 4726
f 4686 4726 4727 4689
f 1844 1847 4727 4726
f 1855 4728 4727 1847
f 4690 4689 4727 4728
f 4690 4728 4729 4693
f 1855 1854 4729 4728
f 1828 1827 4729 1854
f 1826 4693 4729 1827
f 1842 1841 4730 4695
f 1840 1863 4730 1841
f 1871 4731 4730 1863
f 4696 4695 4730 4731
f 4696 4731 4732 4699
f 1871 1870 4732 4731
f 1869 4733 4732 1870
f 4700 4699 4732 4733
f 4700 4733 4734 4703
f 1869 4735 4734 4733
f 4736 4737 4734 4735
f 4704 4703 4734 4737
f 4704 4737 4738 4710
f 4736 4739 4738 4737
f 4740 4741 4738 4739
f 4742 4743 4738 4741
f 4711 4710 4738 4743
f 4742 4741 4744 4745
f 4740 4746 4744 4741
f 4747 4745 4744 4746
f 4748 4749 4750 4751
f 4752 4753 4750 4749
f 4716 4713 4750 4753
f 4712 4751 4750 4713
f 4716 4753 4754 4721
f 4752 4755 4754 4753
f 4756 4757 4754 4755
f 4722 4721 4754 4757
f 4722 4757 4758 4725
f 4756 4759 4758 4757
f 1848 1845 4758 4759
f 1844 4725 4758 1845
f 1869 1868 4760 4735
f 1867 4761 4760 1868
f 4762 4763 4760 4761
f 4736 4735 4760 4763
f 4736 4763 4764 4739
f 4762 4765 4764 4763
f 4766 4767 4764 4765
f 4740 4739 4764 4767
f 4740 4767 4768 4746
f 4766 4769 4768 4767
f 4770 4771 4768 4769
f 4747 4746 4768 4771
f 4772 4773 4774 4775
f 4776 4777 4774 4773
f 4778 4775 4774 4777
f 4778 4777 4779 4780
f 4776 4781 4779 4777
f 1872 4782 4779 4781
f 4752 4749 4779 4782
f 4748 4780 4779 4749
f 4752 4782 4783 4755
f 1872 1875 4783 4782
f 1883 4784 4783 1875
f 4756 4755 4783 4784
f 4756 4784 4785 4759
f 1883 1882 4785 4784
f 1850 1849 4785 1882
f 1848 4759 4785 1849
f 1867 1866 4786 4761
f 1865 1899 4786 1866
f 1907 4787 4786 1899
f 4762 4761 4786 4787
f 4762 4787 4788 4765
f 1907 1906 4788 4787
f 1905 4789 4788 1906
f 4766 4765 4788 4789
f 4766 4789 4790 4769
f 1905 4791 4790 4789
f 4792 4793 4790 4791
f 4794 4795 4790 4793
f 4770 4769 4790 4795
f 4794 4793 4796 4797
f 4792 4798 4796 4793
f 4799 4797 4796 4798
f 4800 4801 4802 4803
f 4804 4805 4802 4801
f 4776 4773 4802 4805
f 4772 4803 4802 4773
f 4776 4805 4806 4781
f 4804 4807 4806 4805
f 1876 1873 4806 4807
f 1872 4781 4806 1873
f 1905 1904 4808 4791
f 1903 4809 4808 1904
f 4810 4811 4808 4809
f 4792 4791 4808 4811
f 4792 4811 4812 4798
f 4810 4813 4812 4811
f 4814 4815 4812 4813
f 4799 4798 4812 4815
f 4816 4817 4818 4819
f 4820 4821 4818 4817
f 4804 4801 4818 4821
f 4800 4819 4818 4801
f 4804 4821 4822 4807
f 4820 4823 4822 4821
f 1878 1877 4822 4823
f 1876 4807 4822 1877
f 1903 1902 4824 4809
f 1901 4825 4824 1902
f 4826 4827 4824 4825
f 4810 4809 4824 4827
f 4810 4827 4828 4813
f 4826 4829 4828 4827
f 4830 4831 4828 4829
f 4814 4813 4828 4831
f 4832 4833 4834 4835
f 4836 4837 4834 4833
f 4820 4817 4834 4837
f 4816 4835 4834 4817
f 4820 4837 4838 4823
f 4836 4839 4838 4837
f 1910 1908 4838 4839
f 1878 4823 4838 1908
f 1901 1935 4840 4825
f 1934 4841 4840 1935
f 4842 4843 4840 4841
f 4826 4825 4840 4843
f 4826 4843 4844 4829
f 4842 4845 4844 4843
f 4846 4847 4844 4845
f 4830 4829 4844 4847
f 4848 4849 4850 4851
f 4852 4853 4850 4849
f 4836 4833 4850 4853
f 4832 4851 4850 4833
f 4836 4853 4854 4839
f 4852 4855 4854 4853
f 1912 1911 4854 4855
f 1910 4839 4854 1911
f 1934 1933 4856 4841
f 1932 4857 4856 1933
f 4858 4859 4856 4857
f 4842 4841 4856 4859
f 4842 4859 4860 4845
f 4858 4861 4860 4859
f 4862 4863 4860 4861
f 4846 4845 4860 4863
f 4864 4865 4866 4867
f 4868 4869 4866 4865
f 4852 4849 4866 4869
f 4848 4867 4866 4849
f 4852 4869 4870 4855
f 4868 4871 4870 4869
f 1938 1936 4870 4871
f 1912 4855 4870 1936
f 1932 1967 4872 4857
f 1966 4873 4872 1967
f 4874 4875 4872 4873
f 4858 4857 4872 4875
f 4858 4875 4876 4861
f 4874 4877 4876 4875
f 4878 4879 4876 4877
f 4862 4861 4876 4879
f 4880 4881 4882 4883
f 4884 4885 4882 4881
f 4868 4865 4882 4885
f 4864 4883 4882 4865
f 4868 4885 4886 4871
f 4884 4887 4886 4885
f 1940 1939 4886 4887
f 1938 4871 4886 1939
f 1966 1965 4888 4873
f 1964 4889 4888 1965
f 4890 4891 4888 4889
f 4874 4873 4888 4891
f 4874 4891 4892 4877
f 4890 4893 4892 4891
f 4894 4895 4892 4893
f 4878 4877 4892 4895
f 4896 4897 4898 4899
f 4884 4881 4898 4897
f 4880 4899 4898 4881
f 4884 4897 4900 4887
f 4896 4901 4900 4897
f 4902 4903 4900 4901
f 4904 4905 4900 4903
f 1940 4887 4900 4905
f 1940 4905 4906 1941
f 4904 4907 4906 4905
f 4908 4909 4906 4907
f 1942 1941 4906 4909
f 1942 4909 4910 1943
f 4908 4911 4910 4909
f 1970 1968 4910 4911
f 1944 1943 4910 1968
f 1958 2139 4912 1961
f 2138 4913 4912 2139
f 4914 4915 4912 4913
f 1962 1961 4912 4915
f 1962 4915 4916 1963
f 4914 4917 4916 4915
f 4918 4919 4916 4917
f 1964 1963 4916 4919
f 1964 4919 4920 4889
f 4918 4921 4920 4919
f 4922 4923 4920 4921
f 4924 4925 4920 4923
f 4890 4889 4920 4925
f 4890 4925 4926 4893
f 4924 4927 4926 4925
f 4894 4893 4926 4927
f 4928 4929 4930 4931
f 4932 4933 4930 4929
f 4904 4903 4930 4933
f 4902 4931 4930 4903
f 4904 4933 4934 4907
f 4932 4935 4934 4933
f 4936 4937 4934 4935
f 4908 4907 4934 4937
f 4908 4937 4938 4911
f 4936 4939 4938 4937
f 1972 1971 4938 4939
f 1970 4911 4938 1971
f 2138 2137 4940 4913
f 2136 4941 4940 2137
f 4942 4943 4940 4941
f 4914 4913 4940 4943
f 4914 4943 4944 4917
f 4942 4945 4944 4943
f 4946 4947 4944 4945
f 4918 4917 4944 4947
f 4918 4947 4948 4921
f 4946 4949 4948 4947
f 4950 4951 4948 4949
f 4922 4921 4948 4951
f 4952 4953 4954 4955
f 4932 4929 4954 4953
f 4928 4955 4954 4929
f 4932 4953 4956 4935
f 4952 4957 4956 4953
f 4958 4959 4956 4957
f 4960 4961 4956 4959
f 4936 4935 4956 4961
f 4936 4961 4962 4939
f 4960 4963 4962 4961
f 4964 4965 4962 4963
f 1972 4939 4962 4965
f 1972 4965 4966 1973
f 4964 4967 4966 4965
f 4968 4969 4966 4967
f 1974 1973 4966 4969
f 1974 4969 4970 1975
f 4968 4971 4970 4969
f 4972 4973 4970 4971
f 1976 1975 4970 4973
f 1976 4973 4974 1979
f 4972 4975 4974 4973
f 4976 4977 4974 4975
f 1980 1979 4974 4977
f 1980 4977 4978 1981
f 4976 4979 4978 4977
f 2142 2140 4978 4979
f 1982 1981 4978 2140
f 2018 2199 4980 2021
f 2198 4981 4980 2199
f 4982 4983 4980 4981
f 2022 2021 4980 4983
f 2022 4983 4984 2023
f 4982 4985 4984 4983
f 4986 4987 4984 4985
f 2024 2023 4984 4987
f 2024 4987 4988 2027
f 4986 4989 4988 4987
f 4990 4991 4988 4989
f 2028 2027 4988 4991
f 2028 4991 4992 2029
f 4990 4993 4992 4991
f 4994 4995 4992 4993
f 2030 2029 4992 4995
f 2030 4995 4996 2033
f 4994 4997 4996 4995
f 4998 4999 4996 4997
f 2034 2033 4996 4999
f 2034 4999 5000 2035
f 4998 5001 5000 4999
f 5002 5003 5000 5001
f 2036 2035 5000 5003
f 2036 5003 5004 2039
f 5002 5005 5004 5003
f 5006 5007 5004 5005
f 2040 2039 5004 5007
f 2040 5007 5008 2041
f 5006 5009 5008 5007
f 2202 2200 5008 5009
f 2042 2041 5008 2200
f 2064 2231 5010 2067
f 2230 5011 5010 2231
f 5012 5013 5010 5011
f 2068 2067 5010 5013
f 2068 5013 5014 2069
f 5012 5015 5014 5013
f 5016 5017 5014 5015
f 2070 2069 5014 5017
f 2070 5017 5018 2073
f 5016 5019 5018 5017
f 5020 5021 5018 5019
f 2074 2073 5018 5021
f 2074 5021 5022 2075
f 5020 5023 5022 5021
f 5024 5025 5022 5023
f 2076 2075 5022 5025
f 2076 5025 5026 2079
f 5024 5027 5026 5025
f 5028 5029 5026 5027
f 2080 2079 5026 5029
f 2080 5029 5030 2081
f 5028 5031 5030 5029
f 5032 5033 5030 5031
f 2082 2081 5030 5033
f 2082 5033 5034 2085
f 5032 5035 5034 5033
f 5036 5037 5034 5035
f 2086 2085 5034 5037
f 2086 5037 5038 2087
f 5036 5039 5038 5037
f 2234 2232 5038 5039
f 2088 2087 5038 2232
f 2124 2291 5040 2127
f 2290 5041 5040 2291
f 5042 5043 5040 5041
f 2128 2127 5040 5043
f 2128 5043 5044 2129
f 5042 5045 5044 5043
f 5046 5047 5044 5045
f 2130 2129 5044 5047
f 2130 5047 5048 2133
f 5046 5049 5048 5047
f 5050 5051 5048 5049
f 2134 2133 5048 5051
f 2134 5051 5052 2135
f 5050 5053 5052 5051
f 5054 5055 5052 5053
f 2136 2135 5052 5055
f 2136 5055 5056 4941
f 5054 5057 5056 5055
f 5058 5059 5056 5057
f 4942 4941 5056 5059
f 4942 5059 5060 4945
f 5058 5061 5060 5059
f 5062 5063 5060 5061
f 5064 5065 5060 5063
f 4946 4945 5060 5065
f 4946 5065 5066 4949
f 5064 5067 5066 5065
f 4950 4949 5066 5067
f 5068 5069 5070 5071
f 4960 4959 5070 5069
f 4958 5071 5070 4959
f 4960 5069 5072 4963
f 5068 5073 5072 5069
f 5074 5075 5072 5073
f 4964 4963 5072 5075
f 4964 5075 5076 4967
f 5074 5077 5076 5075
f 5078 5079 5076 5077
f 5080 5081 5076 5079
f 4968 4967 5076 5081
f 4968 5081 5082 4971
f 5080 5083 5082 5081
f 5084 5085 5082 5083
f 4972 4971 5082 5085
f 4972 5085 5086 4975
f 5084 5087 5086 5085
f 5088 5089 5086 5087
f 4976 4975 5086 5089
f 4976 5089 5090 4979
f 5088 5091 5090 5089
f 2144 2143 5090 5091
f 2142 4979 5090 2143
f 2198 2197 5092 4981
f 2196 5093 5092 2197
f 5094 5095 5092 5093
f 4982 4981 5092 5095
f 4982 5095 5096 4985
f 5094 5097 5096 5095
f 5098 5099 5096 5097
f 4986 4985 5096 5099
f 4986 5099 5100 4989
f 5098 5101 5100 5099
f 5102 5103 5100 5101
f 4990 4989 5100 5103
f 4990 5103 5104 4993
f 5102 5105 5104 5103
f 5106 5107 5104 5105
f 4994 4993 5104 5107
f 4994 5107 5108 4997
f 5106 5109 5108 5107
f 5110 5111 5108 5109
f 4998 4997 5108 5111
f 4998 5111 5112 5001
f 5110 5113 5112 5111
f 5114 5115 5112 5113
f 5002 5001 5112 5115
f 5002 5115 5116 5005
f 5114 5117 5116 5115
f 5118 5119 5116 5117
f 5006 5005 5116 5119
f 5006 5119 5120 5009
f 5118 5121 5120 5119
f 2204 2203 5120 5121
f 2202 5009 5120 2203
f 2230 2229 5122 5011
f 2228 5123 5122 2229
f 5124 5125 5122 5123
f 5012 5011 5122 5125
f 5012 5125 5126 5015
f 5124 5127 5126 5125
f 5128 5129 5126 5127
f 5016 5015 5126 5129
f 5016 5129 5130 5019
f 5128 5131 5130 5129
f 5132 5133 5130 5131
f 5020 5019 5130 5133
f 5020 5133 5134 5023
f 5132 5135 5134 5133
f 5136 5137 5134 5135
f 5024 5023 5134 5137
f 5024 5137 5138 5027
f 5136 5139 5138 5137
f 5140 5141 5138 5139
f 5028 5027 5138 5141
f 5028 5141 5142 5031
f 5140 5143 5142 5141
f 5144 5145 5142 5143
f 5032 5031 5142 5145
f 5032 5145 5146 5035
f 5144 5147 5146 5145
f 5148 5149 5146 5147
f 5036 5035 5146 5149
f 5036 5149 5150 5039
f 5148 5151 5150 5149
f 2236 2235 5150 5151
f 2234 5039 5150 2235
f 2290 2289 5152 5041
f 2288 5153 5152 2289
f 5154 5155 5152 5153
f 5042 5041 5152 5155
f 5042 5155 5156 5045
f 5154 5157 5156 5155
f 5158 5159 5156 5157
f 5046 5045 5156 5159
f 5046 5159 5160 5049
f 5158 5161 5160 5159
f 5162 5163 5160 5161
f 5050 5049 5160 5163
f 5050 5163 5164 5053
f 5162 5165 5164 5163
f 5166 5167 5164 5165
f 5168 5169 5164 5167
f 5054 5053 5164 5169
f 5054 5169 5170 5057
f 5168 5171 5170 5169
f 5172 5173 5170 5171
f 5058 5057 5170 5173
f 5058 5173 5174 5061
f 5172 5175 5174 5173
f 5062 5061 5174 5175
f 5176 5177 5178 5179
f 5080 5079 5178 5177
f 5078 5179 5178 5079
f 5080 5177 5180 5083
f 5176 5181 5180 5177
f 5182 5183 5180 5181
f 5084 5083 5180 5183
f 5084 5183 5184 5087
f 5182 5185 5184 5183
f 5186 5187 5184 5185
f 5188 5189 5184 5187
f 5088 5087 5184 5189
f 5088 5189 5190 5091
f 5188 5191 5190 5189
f 5192 5193 5190 5191
f 2144 5091 5190 5193
f 2144 5193 5194 2145
f 5192 5195 5194 5193
f 5196 5197 5194 5195
f 2146 2145 5194 5197
f 2146 5197 5198 2147
f 5196 5199 5198 5197
f 5200 5201 5198 5199
f 2148 2147 5198 5201
f 2148 5201 5202 2151
f 5200 5203 5202 5201
f 5204 5205 5202 5203
f 2152 2151 5202 5205
f 2152 5205 5206 2153
f 5204 5207 5206 5205
f 5208 5209 5206 5207
f 2154 2153 5206 5209
f 2154 5209 5210 2157
f 5208 5211 5210 5209
f 5212 5213 5210 5211
f 2158 2157 5210 5213
f 2158 5213 5214 2159
f 5212 5215 5214 5213
f 5216 5217 5214 5215
f 2160 2159 5214 5217
f 2160 5217 5218 2163
f 5216 5219 5218 5217
f 5220 5221 5218 5219
f 2164 2163 5218 5221
f 2164 5221 5222 2165
f 5220 5223 5222 5221
f 5224 5225 5222 5223
f 2166 2165 5222 5225
f 2166 5225 5226 2169
f 5224 5227 5226 5225
f 5228 5229 5226 5227
f 2170 2169 5226 5229
f 2170 5229 5230 2171
f 5228 5231 5230 5229
f 5232 5233 5230 5231
f 2172 2171 5230 5233
f 2172 5233 5234 2175
f 5232 5235 5234 5233
f 5236 5237 5234 5235
f 2176 2175 5234 5237
f 2176 5237 5238 2177
f 5236 5239 5238 5237
f 5240 5241 5238 5239
f 2178 2177 5238 5241
f 2178 5241 5242 2181
f 5240 5243 5242 5241
f 5244 5245 5242 5243
f 2182 2181 5242 5245
f 2182 5245 5246 2183
f 5244 5247 5246 5245
f 5248 5249 5246 5247
f 2184 2183 5246 5249
f 2184 5249 5250 2187
f 5248 5251 5250 5249
f 5252 5253 5250 5251
f 2188 2187 5250 5253
f 2188 5253 5254 2189
f 5252 5255 5254 5253
f 5256 5257 5254 5255
f 2190 2189 5254 5257
f 2190 5257 5258 2193
f 5256 5259 5258 5257
f 5260 5261 5258 5259
f 2194 2193 5258 5261
f 2194 5261 5262 2195
f 5260 5263 5262 5261
f 5264 5265 5262 5263
f 5266 5267 5262 5265
f 2196 2195 5262 5267
f 2196 5267 5268 5093
f 5266 5269 5268 5267
f 5270 5271 5268 5269
f 5094 5093 5268 5271
f 5094 5271 5272 5097
f 5270 5273 5272 5271
f 5274 5275 5272 5273
f 5098 5097 5272 5275
f 5098 5275 5276 5101
f 5274 5277 5276 5275
f 5278 5279 5276 5277
f 5102 5101 5276 5279
f 5102 5279 5280 5105
f 5278 5281 5280 5279
f 5282 5283 5280 5281
f 5106 5105 5280 5283
f 5106 5283 5284 5109
f 5282 5285 5284 5283
f 5286 5287 5284 5285
f 5110 5109 5284 5287
f 5110 5287 5288 5113
f 5286 5289 5288 5287
f 5290 5291 5288 5289
f 5114 5113 5288 5291
f 5114 5291 5292 5117
f 5290 5293 5292 5291
f 5294 5295 5292 5293
f 5118 5117 5292 5295
f 5118 5295 5296 5121
f 5294 5297 5296 5295
f 5298 5299 5296 5297
f 5300 5301 5296 5299
f 2204 5121 5296 5301
f 2204 5301 5302 2205
f 5300 5303 5302 5301
f 5304 5305 5302 5303
f 2206 2205 5302 5305
f 2206 5305 5306 2207
f 5304 5307 5306 5305
f 2294 2292 5306 5307
f 2208 2207 5306 2292
f 2222 2311 5308 2225
f 2310 5309 5308 2311
f 5310 5311 5308 5309
f 2226 2225 5308 5311
f 2226 5311 5312 2227
f 5310 5313 5312 5311
f 5314 5315 5312 5313
f 2228 2227 5312 5315
f 2228 5315 5316 5123
f 5314 5317 5316 5315
f 5318 5319 5316 5317
f 5320 5321 5316 5319
f 5124 5123 5316 5321
f 5124 5321 5322 5127
f 5320 5323 5322 5321
f 5324 5325 5322 5323
f 5128 5127 5322 5325
f 5128 5325 5326 5131
f 5324 5327 5326 5325
f 5328 5329 5326 5327
f 5132 5131 5326 5329
f 5132 5329 5330 5135
f 5328 5331 5330 5329
f 5332 5333 5330 5331
f 5136 5135 5330 5333
f 5136 5333 5334 5139
f 5332 5335 5334 5333
f 5336 5337 5334 5335
f 5140 5139 5334 5337
f 5140 5337 5338 5143
f 5336 5339 5338 5337
f 5340 5341 5338 5339
f 5144 5143 5338 5341
f 5144 5341 5342 5147
f 5340 5343 5342 5341
f 5344 5345 5342 5343
f 5148 5147 5342 5345
f 5148 5345 5346 5151
f 5344 5347 5346 5345
f 5348 5349 5346 5347
f 2236 5151 5346 5349
f 2236 5349 5350 2237
f 5348 5351 5350 5349
f 5352 5353 5350 5351
f 5354 5355 5350 5353
f 2238 2237 5350 5355
f 2238 5355 5356 2239
f 5354 5357 5356 5355
f 5358 5359 5356 5357
f 2240 2239 5356 5359
f 2240 5359 5360 2243
f 5358 5361 5360 5359
f 5362 5363 5360 5361
f 2244 2243 5360 5363
f 2244 5363 5364 2245
f 5362 5365 5364 5363
f 5366 5367 5364 5365
f 2246 2245 5364 5367
f 2246 5367 5368 2249
f 5366 5369 5368 5367
f 5370 5371 5368 5369
f 2250 2249 5368 5371
f 2250 5371 5372 2251
f 5370 5373 5372 5371
f 5374 5375 5372 5373
f 2252 2251 5372 5375
f 2252 5375 5376 2255
f 5374 5377 5376 5375
f 5378 5379 5376 5377
f 2256 2255 5376 5379
f 2256 5379 5380 2257
f 5378 5381 5380 5379
f 5382 5383 5380 5381
f 2258 2257 5380 5383
f 2258 5383 5384 2261
f 5382 5385 5384 5383
f 5386 5387 5384 5385
f 2262 2261 5384 5387
f 2262 5387 5388 2263
f 5386 5389 5388 5387
f 5390 5391 5388 5389
f 2264 2263 5388 5391
f 2264 5391 5392 2267
f 5390 5393 5392 5391
f 5394 5395 5392 5393
f 2268 2267 5392 5395
f 2268 5395 5396 2269
f 5394 5397 5396 5395
f 5398 5399 5396 5397
f 2270 2269 5396 5399
f 2270 5399 5400 2273
f 5398 5401 5400 5399
f 5402 5403 5400 5401
f 2274 2273 5400 5403
f 2274 5403 5404 2275
f 5402 5405 5404 5403
f 5406 5407 5404 5405
f 2276 2275 5404 5407
f 2276 5407 5408 2279
f 5406 5409 5408 5407
f 5410 5411 5408 5409
f 2280 2279 5408 5411
f 2280 5411 5412 2281
f 5410 5413 5412 5411
f 5414 5415 5412 5413
f 2282 2281 5412 5415
f 2282 5415 5416 2285
f 5414 5417 5416 5415
f 5418 5419 5416 5417
f 2286 2285 5416 5419
f 2286 5419 5420 2287
f 5418 5421 5420 5419
f 5422 5423 5420 5421
f 2288 2287 5420 5423
f 2288 5423 5424 5153
f 5422 5425 5424 5423
f 5426 5427 5424 5425
f 5154 5153 5424 5427
f 5154 5427 5428 5157
f 5426 5429 5428 5427
f 5430 5431 5428 5429
f 5432 5433 5428 5431
f 5158 5157 5428 5433
f 5158 5433 5434 5161
f 5432 5435 5434 5433
f 5436 5437 5434 5435
f 5162 5161 5434 5437
f 5162 5437 5438 5165
f 5436 5439 5438 5437
f 5166 5165 5438 5439
f 5440 5441 5442 5443
f 5188 5187 5442 5441
f 5186 5443 5442 5187
f 5188 5441 5444 5191
f 5440 5445 5444 5441
f 5446 5447 5444 5445
f 5192 5191 5444 5447
f 5192 5447 5448 5195
f 5446 5449 5448 5447
f 5450 5451 5448 5449
f 5196 5195 5448 5451
f 5196 5451 5452 5199
f 5450 5453 5452 5451
f 5454 5455 5452 5453
f 5200 5199 5452 5455
f 5200 5455 5456 5203
f 5454 5457 5456 5455
f 5458 5459 5456 5457
f 5460 5461 5456 5459
f 5204 5203 5456 5461
f 5204 5461 5462 5207
f 5460 5463 5462 5461
f 5464 5465 5462 5463
f 5208 5207 5462 5465
f 5208 5465 5466 5211
f 5464 5467 5466 5465
f 5468 5469 5466 5467
f 5212 5211 5466 5469
f 5212 5469 5470 5215
f 5468 5471 5470 5469
f 5472 5473 5470 5471
f 5216 5215 5470 5473
f 5216 5473 5474 5219
f 5472 5475 5474 5473
f 5476 5477 5474 5475
f 5220 5219 5474 5477
f 5220 5477 5478 5223
f 5476 5479 5478 5477
f 5480 5481 5478 5479
f 5224 5223 5478 5481
f 5224 5481 5482 5227
f 5480 5483 5482 5481
f 5484 5485 5482 5483
f 5228 5227 5482 5485
f 5228 5485 5486 5231
f 5484 5487 5486 5485
f 5488 5489 5486 5487
f 5232 5231 5486 5489
f 5232 5489 5490 5235
f 5488 5491 5490 5489
f 5492 5493 5490 5491
f 5236 5235 5490 5493
f 5236 5493 5494 5239
f 5492 5495 5494 5493
f 5496 5497 5494 5495
f 5498 5499 5494 5497
f 5240 5239 5494 5499
f 5240 5499 5500 5243
f 5498 5501 5500 5499
f 5502 5503 5500 5501
f 5244 5243 5500 5503
f 5244 5503 5504 5247
f 5502 5505 5504 5503
f 5506 5507 5504 5505
f 5248 5247 5504 5507
f 5248 5507 5508 5251
f 5506 5509 5508 5507
f 5510 5511 5508 5509
f 5252 5251 5508 5511
f 5252 5511 5512 5255
f 5510 5513 5512 5511
f 5514 5515 5512 5513
f 5256 5255 5512 5515
f 5256 5515 5516 5259
f 5514 5517 5516 5515
f 5518 5519 5516 5517
f 5260 5259 5516 5519
f 5260 5519 5520 5263
f 5518 5521 5520 5519
f 5264 5263 5520 5521
f 5522 5523 5524 5525
f 5526 5527 5524 5523
f 5300 5299 5524 5527
f 5298 5525 5524 5299
f 5300 5527 5528 5303
f 5526 5529 5528 5527
f 5530 5531 5528 5529
f 5304 5303 5528 5531
f 5304 5531 5532 5307
f 5530 5533 5532 5531
f 2296 2295 5532 5533
f 2294 5307 5532 2295
f 2310 2309 5534 5309
f 2308 5535 5534 2309
f 5536 5537 5534 5535
f 5310 5309 5534 5537
f 5310 5537 5538 5313
f 5536 5539 5538 5537
f 5540 5541 5538 5539
f 5314 5313 5538 5541
f 5314 5541 5542 5317
f 5540 5543 5542 5541
f 5544 5545 5542 5543
f 5318 5317 5542 5545
f 5546 5547 5548 5549
f 5354 5353 5548 5547
f 5352 5549 5548 5353
f 5354 5547 5550 5357
f 5546 5551 5550 5547
f 5552 5553 5550 5551
f 5358 5357 5550 5553
f 5358 5553 5554 5361
f 5552 5555 5554 5553
f 5556 5557 5554 5555
f 5362 5361 5554 5557
f 5362 5557 5558 5365
f 5556 5559 5558 5557
f 5560 5561 5558 5559
f 5366 5365 5558 5561
f 5366 5561 5562 5369
f 5560 5563 5562 5561
f 5564 5565 5562 5563
f 5370 5369 5562 5565
f 5370 5565 5566 5373
f 5564 5567 5566 5565
f 5568 5569 5566 5567
f 5374 5373 5566 5569
f 5374 5569 5570 5377
f 5568 5571 5570 5569
f 5572 5573 5570 5571
f 5574 5575 5570 5573
f 5378 5377 5570 5575
f 5378 5575 5576 5381
f 5574 5577 5576 5575
f 5578 5579 5576 5577
f 5382 5381 5576 5579
f 5382 5579 5580 5385
f 5578 5581 5580 5579
f 5582 5583 5580 5581
f 5386 5385 5580 5583
f 5386 5583 5584 5389
f 5582 5585 5584 5583
f 5586 5587 5584 5585
f 5390 5389 5584 5587
f 5390 5587 5588 5393
f 5586 5589 5588 5587
f 5590 5591 5588 5589
f 5394 5393 5588 5591
f 5394 5591 5592 5397
f 5590 5593 5592 5591
f 5594 5595 5592 5593
f 5398 5397 5592 5595
f 5398 5595 5596 5401
f 5594 5597 5596 5595
f 5598 5599 5596 5597
f 5402 5401 5596 5599
f 5402 5599 5600 5405
f 5598 5601 5600 5599
f 5602 5603 5600 5601
f 5406 5405 5600 5603
f 5406 5603 5604 5409
f 5602 5605 5604 5603
f 5606 5607 5604 5605
f 5410 5409 5604 5607
f 5410 5607 5608 5413
f 5606 5609 5608 5607
f 5610 5611 5608 5609
f 5612 5613 5608 5611
f 5414 5413 5608 5613
f 5414 5613 5614 5417
f 5612 5615 5614 5613
f 5616 5617 5614 5615
f 5418 5417 5614 5617
f 5418 5617 5618 5421
f 5616 5619 5618 5617
f 5620 5621 5618 5619
f 5422 5421 5618 5621
f 5422 5621 5622 5425
f 5620 5623 5622 5621
f 5624 5625 5622 5623
f 5426 5425 5622 5625
f 5426 5625 5626 5429
f 5624 5627 5626 5625
f 5430 5429 5626 5627
f 5628 5629 5630 5631
f 5460 5459 5630 5629
f 5458 5631 5630 5459
f 5460 5629 5632 5463
f 5628 5633 5632 5629
f 5634 5635 5632 5633
f 5464 5463 5632 5635
f 5464 5635 5636 5467
f 5634 5637 5636 5635
f 5638 5639 5636 5637
f 5468 5467 5636 5639
f 5468 5639 5640 5471
f 5638 5641 5640 5639
f 5642 5643 5640 5641
f 5472 5471 5640 5643
f 5472 5643 5644 5475
f 5642 5645 5644 5643
f 5646 5647 5644 5645
f 5476 5475 5644 5647
f 5476 5647 5648 5479
f 5646 5649 5648 5647
f 5650 5651 5648 5649
f 5480 5479 5648 5651
f 5480 5651 5652 5483
f 5650 5653 5652 5651
f 5654 5655 5652 5653
f 5484 5483 5652 5655
f 5484 5655 5656 5487
f 5654 5657 5656 5655
f 5658 5659 5656 5657
f 5488 5487 5656 5659
f 5488 5659 5660 5491
f 5658 5661 5660 5659
f 5662 5663 5660 5661
f 5492 5491 5660 5663
f 5492 5663 5664 5495
f 5662 5665 5664 5663
f 5496 5495 5664 5665
f 5666 5667 5668 5669
f 5526 5523 5668 5667
f 5522 5669 5668 5523
f 5526 5667 5670 5529
f 5666 5671 5670 5667
f 5672 5673 5670 5671
f 5674 5675 5670 5673
f 5530 5529 5670 5675
f 5530 5675 5676 5533
f 5674 5677 5676 5675
f 2314 2312 5676 5677
f 2296 5533 5676 2312
f 2308 2331 5678 5535
f 2330 5679 5678 2331
f 5680 5681 5678 5679
f 5536 5535 5678 5681
f 5536 5681 5682 5539
f 5680 5683 5682 5681
f 5684 5685 5682 5683
f 5686 5687 5682 5685
f 5540 5539 5682 5687
f 5540 5687 5688 5543
f 5686 5689 5688 5687
f 5544 5543 5688 5689
f 5690 5691 5692 5693
f 5574 5573 5692 5691
f 5572 5693 5692 5573
f 5574 5691 5694 5577
f 5690 5695 5694 5691
f 5696 5697 5694 5695
f 5578 5577 5694 5697
f 5578 5697 5698 5581
f 5696 5699 5698 5697
f 5700 5701 5698 5699
f 5582 5581 5698 5701
f 5582 5701 5702 5585
f 5700 5703 5702 5701
f 5704 5705 5702 5703
f 5586 5585 5702 5705
f 5586 5705 5706 5589
f 5704 5707 5706 5705
f 5708 5709 5706 5707
f 5590 5589 5706 5709
f 5590 5709 5710 5593
f 5708 5711 5710 5709
f 5712 5713 5710 5711
f 5594 5593 5710 5713
f 5594 5713 5714 5597
f 5712 5715 5714 5713
f 5716 5717 5714 5715
f 5598 5597 5714 5717
f 5598 5717 5718 5601
f 5716 5719 5718 5717
f 5720 5721 5718 5719
f 5602 5601 5718 5721
f 5602 5721 5722 5605
f 5720 5723 5722 5721
f 5724 5725 5722 5723
f 5606 5605 5722 5725
f 5606 5725 5726 5609
f 5724 5727 5726 5725
f 5610 5609 5726 5727
f 5728 5729 5730 5731
f 5732 5733 5730 5729
f 5674 5673 5730 5733
f 5672 5731 5730 5673
f 5674 5733 5734 5677
f 5732 5735 5734 5733
f 2316 2315 5734 5735
f 2314 5677 5734 2315
f 2330 2329 5736 5679
f 2328 5737 5736 2329
f 5738 5739 5736 5737
f 5680 5679 5736 5739
f 5680 5739 5740 5683
f 5738 5741 5740 5739
f 5742 5743 5740 5741
f 5684 5683 5740 5743
f 5744 5745 5746 5747
f 5748 5749 5746 5745
f 5732 5729 5746 5749
f 5728 5747 5746 5729
f 5732 5749 5750 5735
f 5748 5751 5750 5749
f 2334 2332 5750 5751
f 2316 5735 5750 2332
f 2328 2351 5752 5737
f 2350 5753 5752 2351
f 5754 5755 5752 5753
f 5738 5737 5752 5755
f 5738 5755 5756 5741
f 5754 5757 5756 5755
f 5758 5759 5756 5757
f 5742 5741 5756 5759
f 5760 5761 5762 5763
f 5764 5765 5762 5761
f 5748 5745 5762 5765
f 5744 5763 5762 5745
f 5748 5765 5766 5751
f 5764 5767 5766 5765
f 2336 2335 5766 5767
f 2334 5751 5766 2335
f 2350 2349 5768 5753
f 2348 5769 5768 2349
f 5770 5771 5768 5769
f 5754 5753 5768 5771
f 5754 5771 5772 5757
f 5770 5773 5772 5771
f 5774 5775 5772 5773
f 5758 5757 5772 5775
f 5776 5777 5778 5779
f 5780 5781 5778 5777
f 5764 5761 5778 5781
f 5760 5779 5778 5761
f 5764 5781 5782 5767
f 5780 5783 5782 5781
f 2354 2352 5782 5783
f 2336 5767 5782 2352
f 2348 2371 5784 5769
f 2370 5785 5784 2371
f 5786 5787 5784 5785
f 5770 5769 5784 5787
f 5770 5787 5788 5773
f 5786 5789 5788 5787
f 5790 5791 5788 5789
f 5774 5773 5788 5791
f 5792 5793 5794 5795
f 5796 5797 5794 5793
f 5780 5777 5794 5797
f 5776 5795 5794 5777
f 5780 5797 5798 5783
f 5796 5799 5798 5797
f 2356 2355 5798 5799
f 2354 5783 5798 2355
f 2370 2369 5800 5785
f 2368 5801 5800 2369
f 5802 5803 5800 5801
f 5786 5785 5800 5803
f 5786 5803 5804 5789
f 5802 5805 5804 5803
f 5806 5807 5804 5805
f 5790 5789 5804 5807
f 5808 5809 5810 5811
f 5796 5793 5810 5809
f 5792 5811 5810 5793
f 5796 5809 5812 5799
f 5808 5813 5812 5809
f 5814 5815 5812 5813
f 2374 2372 5812 5815
f 2356 5799 5812 2372
f 2368 2395 5816 5801
f 2394 5817 5816 2395
f 5818 5819 5816 5817
f 5820 5821 5816 5819
f 5802 5801 5816 5821
f 5802 5821 5822 5805
f 5820 5823 5822 5821
f 5806 5805 5822 5823
f 5824 5825 5826 5827
f 2376 2375 5826 5825
f 2374 5815 5826 2375
f 5814 5827 5826 5815
f 2394 2393 5828 5817
f 2392 5829 5828 2393
f 5830 5831 5828 5829
f 5818 5817 5828 5831
f 5832 5833 5834 5835
f 5836 5837 5834 5833
f 2376 5825 5834 5837
f 5824 5835 5834 5825
f 2376 5837 5838 2377
f 5836 5839 5838 5837
f 5840 5841 5838 5839
f 2378 2377 5838 5841
f 2378 5841 5842 2379
f 5840 5843 5842 5841
f 2398 2396 5842 5843
f 2380 2379 5842 2396
f 2386 2407 5844 2389
f 2406 5845 5844 2407
f 5846 5847 5844 5845
f 2390 2389 5844 5847
f 2390 5847 5848 2391
f 5846 5849 5848 5847
f 5850 5851 5848 5849
f 2392 2391 5848 5851
f 2392 5851 5852 5829
f 5850 5853 5852 5851
f 5854 5855 5852 5853
f 5830 5829 5852 5855
f 5856 5857 5858 5859
f 5860 5861 5858 5857
f 5836 5833 5858 5861
f 5832 5859 5858 5833
f 5836 5861 5862 5839
f 5860 5863 5862 5861
f 5864 5865 5862 5863
f 5840 5839 5862 5865
f 5840 5865 5866 5843
f 5864 5867 5866 5865
f 2400 2399 5866 5867
f 2398 5843 5866 2399
f 2406 2405 5868 5845
f 2404 5869 5868 2405
f 5870 5871 5868 5869
f 5846 5845 5868 5871
f 5846 5871 5872 5849
f 5870 5873 5872 5871
f 5874 5875 5872 5873
f 5850 5849 5872 5875
f 5850 5875 5876 5853
f 5874 5877 5876 5875
f 5878 5879 5876 5877
f 5854 5853 5876 5879
f 5880 5881 5882 5883
f 5884 5885 5882 5881
f 5860 5857 5882 5885
f 5856 5883 5882 5857
f 5860 5885 5886 5863
f 5884 5887 5886 5885
f 5888 5889 5886 5887
f 5864 5863 5886 5889
f 5864 5889 5890 5867
f 5888 5891 5890 5889
f 2410 2408 5890 5891
f 2400 5867 5890 2408
f 2404 2419 5892 5869
f 2418 5893 5892 2419
f 5894 5895 5892 5893
f 5870 5869 5892 5895
f 5870 5895 5896 5873
f 5894 5897 5896 5895
f 5898 5899 5896 5897
f 5874 5873 5896 5899
f 5874 5899 5900 5877
f 5898 5901 5900 5899
f 5902 5903 5900 5901
f 5878 5877 5900 5903
f 5904 5905 5906 5907
f 5908 5909 5906 5905
f 5884 5881 5906 5909
f 5880 5907 5906 5881
f 5884 5909 5910 5887
f 5908 5911 5910 5909
f 5912 5913 5910 5911
f 5888 5887 5910 5913
f 5888 5913 5914 5891
f 5912 5915 5914 5913
f 2412 2411 5914 5915
f 2410 5891 5914 2411
f 2418 2417 5916 5893
f 2416 5917 5916 2417
f 5918 5919 5916 5917
f 5894 5893 5916 5919
f 5894 5919 5920 5897
f 5918 5921 5920 5919
f 5922 5923 5920 5921
f 5898 5897 5920 5923
f 5898 5923 5924 5901
f 5922 5925 5924 5923
f 5926 5927 5924 5925
f 5902 5901 5924 5927
f 5928 5929 5930 5931
f 5908 5905 5930 5929
f 5904 5931 5930 5905
f 5908 5929 5932 5911
f 5928 5933 5932 5929
f 5934 5935 5932 5933
f 5936 5937 5932 5935
f 5912 5911 5932 5937
f 5912 5937 5938 5915
f 5936 5939 5938 5937
f 2422 2420 5938 5939
f 2412 5915 5938 2420
f 2416 2431 5940 5917
f 2430 5941 5940 2431
f 5942 5943 5940 5941
f 5918 5917 5940 5943
f 5918 5943 5944 5921
f 5942 5945 5944 5943
f 5946 5947 5944 5945
f 5948 5949 5944 5947
f 5922 5921 5944 5949
f 5922 5949 5950 5925
f 5948 5951 5950 5949
f 5926 5925 5950 5951
f 5952 5953 5954 5955
f 5956 5957 5954 5953
f 5936 5935 5954 5957
f 5934 5955 5954 5935
f 5936 5957 5958 5939
f 5956 5959 5958 5957
f 2424 2423 5958 5959
f 2422 5939 5958 2423
f 2430 2429 5960 5941
f 2428 5961 5960 2429
f 5962 5963 5960 5961
f 5942 5941 5960 5963
f 5942 5963 5964 5945
f 5962 5965 5964 5963
f 5966 5967 5964 5965
f 5946 5945 5964 5967
f 5968 5969 5970 5971
f 5972 5973 5970 5969
f 5956 5953 5970 5973
f 5952 5971 5970 5953
f 5956 5973 5974 5959
f 5972 5975 5974 5973
f 2434 2432 5974 5975
f 2424 5959 5974 2432
f 2428 2463 5976 5961
f 2462 5977 5976 2463
f 5978 5979 5976 5977
f 5962 5961 5976 5979
f 5962 5979 5980 5965
f 5978 5981 5980 5979
f 5982 5983 5980 5981
f 5966 5965 5980 5983
f 5984 5985 5986 5987
f 5988 5989 5986 5985
f 5972 5969 5986 5989
f 5968 5987 5986 5969
f 5972 5989 5990 5975
f 5988 5991 5990 5989
f 2436 2435 5990 5991
f 2434 5975 5990 2435
f 2462 2461 5992 5977
f 2460 5993 5992 2461
f 5994 5995 5992 5993
f 5978 5977 5992 5995
f 5978 5995 5996 5981
f 5994 5997 5996 5995
f 5998 5999 5996 5997
f 5982 5981 5996 5999
f 6000 6001 6002 6003
f 5988 5985 6002 6001
f 5984 6003 6002 5985
f 5988 6001 6004 5991
f 6000 6005 6004 6001
f 6006 6007 6004 6005
f 6008 6009 6004 6007
f 2436 5991 6004 6009
f 2436 6009 6010 2437
f 6008 6011 6010 6009
f 6012 6013 6010 6011
f 2438 2437 6010 6013
f 2438 6013 6014 2439
f 6012 6015 6014 6013
f 2466 2464 6014 6015
f 2440 2439 6014 2464
f 2454 2483 6016 2457
f 2482 6017 6016 2483
f 6018 6019 6016 6017
f 2458 2457 6016 6019
f 2458 6019 6020 2459
f 6018 6021 6020 6019
f 6022 6023 6020 6021
f 2460 2459 6020 6023
f 2460 6023 6024 5993
f 6022 6025 6024 6023
f 6026 6027 6024 6025
f 6028 6029 6024 6027
f 5994 5993 6024 6029
f 5994 6029 6030 5997
f 6028 6031 6030 6029
f 5998 5997 6030 6031
f 6032 6033 6034 6035
f 6036 6037 6034 6033
f 6008 6007 6034 6037
f 6006 6035 6034 6007
f 6008 6037 6038 6011
f 6036 6039 6038 6037
f 6040 6041 6038 6039
f 6012 6011 6038 6041
f 6012 6041 6042 6015
f 6040 6043 6042 6041
f 2468 2467 6042 6043
f 2466 6015 6042 2467
f 2482 2481 6044 6017
f 2480 6045 6044 2481
f 6046 6047 6044 6045
f 6018 6017 6044 6047
f 6018 6047 6048 6021
f 6046 6049 6048 6047
f 6050 6051 6048 6049
f 6022 6021 6048 6051
f 6022 6051 6052 6025
f 6050 6053 6052 6051
f 6054 6055 6052 6053
f 6026 6025 6052 6055
f 6056 6057 6058 6059
f 6060 6061 6058 6057
f 6036 6033 6058 6061
f 6032 6059 6058 6033
f 6036 6061 6062 6039
f 6060 6063 6062 6061
f 6064 6065 6062 6063
f 6040 6039 6062 6065
f 6040 6065 6066 6043
f 6064 6067 6066 6065
f 2486 2484 6066 6067
f 2468 6043 6066 2484
f 2480 2507 6068 6045
f 2506 6069 6068 2507
f 6070 6071 6068 6069
f 6046 6045 6068 6071
f 6046 6071 6072 6049
f 6070 6073 6072 6071
f 6074 6075 6072 6073
f 6050 6049 6072 6075
f 6050 6075 6076 6053
f 6074 6077 6076 6075
f 6078 6079 6076 6077
f 6054 6053 6076 6079
f 6080 6081 6082 6083
f 6060 6057 6082 6081
f 6056 6083 6082 6057
f 6060 6081 6084 6063
f 6080 6085 6084 6081
f 6086 6087 6084 6085
f 6088 6089 6084 6087
f 6064 6063 6084 6089
f 6064 6089 6090 6067
f 6088 6091 6090 6089
f 2488 2487 6090 6091
f 2486 6067 6090 2487
f 2506 2505 6092 6069
f 2504 6093 6092 2505
f 6094 6095 6092 6093
f 6070 6069 6092 6095
f 6070 6095 6096 6073
f 6094 6097 6096 6095
f 6098 6099 6096 6097
f 6100 6101 6096 6099
f 6074 6073 6096 6101
f 6074 6101 6102 6077
f 6100 6103 6102 6101
f 6078 6077 6102 6103
f 6104 6105 6106 6107
f 6108 6109 6106 6105
f 6088 6087 6106 6109
f 6086 6107 6106 6087
f 6088 6109 6110 6091
f 6108 6111 6110 6109
f 6112 6113 6110 6111
f 2488 6091 6110 6113
f 2488 6113 6114 2489
f 6112 6115 6114 6113
f 6116 6117 6114 6115
f 2490 2489 6114 6117
f 2490 6117 6118 2491
f 6116 6119 6118 6117
f 2510 2508 6118 6119
f 2492 2491 6118 2508
f 2498 2519 6120 2501
f 2518 6121 6120 2519
f 6122 6123 6120 6121
f 2502 2501 6120 6123
f 2502 6123 6124 2503
f 6122 6125 6124 6123
f 6126 6127 6124 6125
f 2504 2503 6124 6127
f 2504 6127 6128 6093
f 6126 6129 6128 6127
f 6130 6131 6128 6129
f 6094 6093 6128 6131
f 6094 6131 6132 6097
f 6130 6133 6132 6131
f 6134 6135 6132 6133
f 6098 6097 6132 6135
f 6136 6137 6138 6139
f 6108 6105 6138 6137
f 6104 6139 6138 6105
f 6108 6137 6140 6111
f 6136 6141 6140 6137
f 6142 6143 6140 6141
f 6144 6145 6140 6143
f 6112 6111 6140 6145
f 6112 6145 6146 6115
f 6144 6147 6146 6145
f 6148 6149 6146 6147
f 6116 6115 6146 6149
f 6116 6149 6150 6119
f 6148 6151 6150 6149
f 2512 2511 6150 6151
f 2510 6119 6150 2511
f 2518 2517 6152 6121
f 2516 6153 6152 2517
f 6154 6155 6152 6153
f 6122 6121 6152 6155
f 6122 6155 6156 6125
f 6154 6157 6156 6155
f 6158 6159 6156 6157
f 6126 6125 6156 6159
f 6126 6159 6160 6129
f 6158 6161 6160 6159
f 6162 6163 6160 6161
f 6164 6165 6160 6163
f 6130 6129 6160 6165
f 6130 6165 6166 6133
f 6164 6167 6166 6165
f 6134 6133 6166 6167
f 6168 6169 6170 6171
f 6144 6143 6170 6169
f 6142 6171 6170 6143
f 6144 6169 6172 6147
f 6168 6173 6172 6169
f 6174 6175 6172 6173
f 6176 6177 6172 6175
f 6148 6147 6172 6177
f 6148 6177 6178 6151
f 6176 6179 6178 6177
f 2522 2520 6178 6179
f 2512 6151 6178 2520
f 2516 2557 6180 6153
f 2556 6181 6180 2557
f 6182 6183 6180 6181
f 6154 6153 6180 6183
f 6154 6183 6184 6157
f 6182 6185 6184 6183
f 6186 6187 6184 6185
f 6188 6189 6184 6187
f 6158 6157 6184 6189
f 6158 6189 6190 6161
f 6188 6191 6190 6189
f 6162 6161 6190 6191
f 6192 6193 6194 6195
f 6196 6197 6194 6193
f 6176 6175 6194 6197
f 6174 6195 6194 6175
f 6176 6197 6198 6179
f 6196 6199 6198 6197
f 2524 2523 6198 6199
f 2522 6179 6198 2523
f 2556 2555 6200 6181
f 2554 6201 6200 2555
f 6202 6203 6200 6201
f 6182 6181 6200 6203
f 6182 6203 6204 6185
f 6202 6205 6204 6203
f 6206 6207 6204 6205
f 6186 6185 6204 6207
f 6208 6209 6210 6211
f 6196 6193 6210 6209
f 6192 6211 6210 6193
f 6196 6209 6212 6199
f 6208 6213 6212 6209
f 6214 6215 6212 6213
f 6216 6217 6212 6215
f 2524 6199 6212 6217
f 2524 6217 6218 2525
f 6216 6219 6218 6217
f 6220 6221 6218 6219
f 2526 2525 6218 6221
f 2526 6221 6222 2527
f 6220 6223 6222 6221
f 6224 6225 6222 6223
f 2528 2527 6222 6225
f 2528 6225 6226 2531
f 6224 6227 6226 6225
f 6228 6229 6226 6227
f 2532 2531 6226 6229
f 2532 6229 6230 2533
f 6228 6231 6230 6229
f 2560 2558 6230 6231
f 2534 2533 6230 2558
f 2542 2575 6232 2545
f 2574 6233 6232 2575
f 6234 6235 6232 6233
f 2546 2545 6232 6235
f 2546 6235 6236 2547
f 6234 6237 6236 6235
f 6238 6239 6236 6237
f 2548 2547 6236 6239
f 2548 6239 6240 2551
f 6238 6241 6240 6239
f 6242 6243 6240 6241
f 2552 2551 6240 6243
f 2552 6243 6244 2553
f 6242 6245 6244 6243
f 6246 6247 6244 6245
f 2554 2553 6244 6247
f 2554 6247 6248 6201
f 6246 6249 6248 6247
f 6250 6251 6248 6249
f 6252 6253 6248 6251
f 6202 6201 6248 6253
f 6202 6253 6254 6205
f 6252 6255 6254 6253
f 6206 6205 6254 6255
f 6256 6257 6258 6259
f 6216 6215 6258 6257
f 6214 6259 6258 6215
f 6216 6257 6260 6219
f 6256 6261 6260 6257
f 6262 6263 6260 6261
f 6264 6265 6260 6263
f 6220 6219 6260 6265
f 6220 6265 6266 6223
f 6264 6267 6266 6265
f 6268 6269 6266 6267
f 6224 6223 6266 6269
f 6224 6269 6270 6227
f 6268 6271 6270 6269
f 6272 6273 6270 6271
f 6228 6227 6270 6273
f 6228 6273 6274 6231
f 6272 6275 6274 6273
f 2562 2561 6274 6275
f 2560 6231 6274 2561
f 2574 2573 6276 6233
f 2572 6277 6276 2573
f 6278 6279 6276 6277
f 6234 6233 6276 6279
f 6234 6279 6280 6237
f 6278 6281 6280 6279
f 6282 6283 6280 6281
f 6238 6237 6280 6283
f 6238 6283 6284 6241
f 6282 6285 6284 6283
f 6286 6287 6284 6285
f 6242 6241 6284 6287
f 6242 6287 6288 6245
f 6286 6289 6288 6287
f 6290 6291 6288 6289
f 6292 6293 6288 6291
f 6246 6245 6288 6293
f 6246 6293 6294 6249
f 6292 6295 6294 6293
f 6250 6249 6294 6295
f 6296 6297 6298 6299
f 6264 6263 6298 6297
f 6262 6299 6298 6263
f 6264 6297 6300 6267
f 6296 6301 6300 6297
f 6302 6303 6300 6301
f 6268 6267 6300 6303
f 6268 6303 6304 6271
f 6302 6305 6304 6303
f 6306 6307 6304 6305
f 6308 6309 6304 6307
f 6272 6271 6304 6309
f 6272 6309 6310 6275
f 6308 6311 6310 6309
f 6312 6313 6310 6311
f 2562 6275 6310 6313
f 2562 6313 6314 2563
f 6312 6315 6314 6313
f 6316 6317 6314 6315
f 2564 2563 6314 6317
f 2564 6317 6318 2565
f 6316 6319 6318 6317
f 6320 6321 6318 6319
f 2566 2565 6318 6321
f 2566 6321 6322 2569
f 6320 6323 6322 6321
f 6324 6325 6322 6323
f 2570 2569 6322 6325
f 2570 6325 6326 2571
f 6324 6327 6326 6325
f 6328 6329 6326 6327
f 2572 2571 6326 6329
f 2572 6329 6330 6277
f 6328 6331 6330 6329
f 6332 6333 6330 6331
f 6278 6277 6330 6333
f 6278 6333 6334 6281
f 6332 6335 6334 6333
f 6336 6337 6334 6335
f 6338 6339 6334 6337
f 6282 6281 6334 6339
f 6282 6339 6340 6285
f 6338 6341 6340 6339
f 6342 6343 6340 6341
f 6286 6285 6340 6343
f 6286 6343 6344 6289
f 6342 6345 6344 6343
f 6290 6289 6344 6345
f 6346 6347 6348 6349
f 6308 6307 6348 6347
f 6306 6349 6348 6307
f 6308 6347 6350 6311
f 6346 6351 6350 6347
f 6352 6353 6350 6351
f 6312 6311 6350 6353
f 6312 6353 6354 6315
f 6352 6355 6354 6353
f 6356 6357 6354 6355
f 6316 6315 6354 6357
f 6316 6357 6358 6319
f 6356 6359 6358 6357
f 6360 6361 6358 6359
f 6320 6319 6358 6361
f 6320 6361 6362 6323
f 6360 6363 6362 6361
f 6364 6365 6362 6363
f 6324 6323 6362 6365
f 6324 6365 6366 6327
f 6364 6367 6366 6365
f 6368 6369 6366 6367
f 6328 6327 6366 6369
f 6328 6369 6370 6331
f 6368 6371 6370 6369
f 6372 6373 6370 6371
f 6332 6331 6370 6373
f 6332 6373 6374 6335
f 6372 6375 6374 6373
f 6336 6335 6374 6375
