# all-quad mesh
v -0.71875 -0.14375 0
v -0.6828125 -0.140875 0
v -0.645417534722 -0.0704175347222 0
v -0.715875 -0.1078125 0
v -0.646875 -0.138 0
v -0.6109375 -0.140875 0
v -0.575 -0.14375 0
v -0.575 -0.071875 0
v -0.575 -0 0
v -0.646875 0 0
v -0.71875 0 0
v -0.715875 -0.0359375 0
v -0.713 -0.071875 0
v -0.645417534722 0.0704175347222 0
v -0.715875 0.0359375 0
v -0.575 0.071875 0
v -0.575 0.14375 0
v -0.6109375 0.140875 0
v -0.646875 0.138 0
v -0.6828125 0.140875 0
v -0.71875 0.14375 0
v -0.715875 0.1078125 0
v -0.713 0.071875 0
v -0.575 -0.2875 0
v -0.5390625 -0.284625 0
v -0.501667534722 -0.214167534722 0
v -0.572125 -0.2515625 0
v -0.503125 -0.28175 0
v -0.4671875 -0.284625 0
v -0.43125 -0.2875 0
v -0.43125 -0.215625 0
v -0.43125 -0.14375 0
v -0.503125 -0.14375 0
v -0.572125 -0.1796875 0
v -0.56925 -0.215625 0
v -0.503125 -0.071875 0
v -0.43125 -0.071875 0
v -0.43125 0 0
v -0.503125 0 0
v -0.503125 0.071875 0
v -0.43125 0.071875 0
v -0.43125 0.14375 0
v -0.503125 0.14375 0
v -0.501667534722 0.214167534722 0
v -0.572125 0.1796875 0
v -0.43125 0.215625 0
v -0.43125 0.2875 0
v -0.4671875 0.284625 0
v -0.503125 0.28175 0
v -0.5390625 0.284625 0
v -0.575 0.2875 0
v -0.572125 0.2515625 0
v -0.56925 0.215625 0
v -0.3953125 -0.284625 0
v -0.359375 -0.214197278912 0
v -0.359375 -0.28175 0
v -0.3234375 -0.284625 0
v -0.2875 -0.2875 0
v -0.2875 -0.215625 0
v -0.2875 -0.14375 0
v -0.359375 -0.14375 0
v -0.359375 -0.071875 0
v -0.2875 -0.071875 0
v -0.2875 0 0
v -0.359375 0 0
v -0.359375 0.071875 0
v -0.2875 0.071875 0
v -0.2875 0.14375 0
v -0.359375 0.14375 0
v -0.359375 0.214197278912 0
v -0.2875 0.215625 0
v -0.2875 0.2875 0
v -0.3234375 0.284625 0
v -0.359375 0.28175 0
v -0.3953125 0.284625 0
v -0.2515625 -0.284625 0
v -0.215625 -0.214197278912 0
v -0.215625 -0.28175 0
v -0.1796875 -0.284625 0
v -0.14375 -0.2875 0
v -0.14375 -0.215625 0
v -0.14375 -0.14375 0
v -0.215625 -0.14375 0
v -0.215625 -0.071875 0
v -0.14375 -0.071875 0
v -0.14375 0 0
v -0.215625 0 0
v -0.215625 0.071875 0
v -0.14375 0.071875 0
v -0.14375 0.14375 0
v -0.215625 0.14375 0
v -0.215625 0.214197278912 0
v -0.14375 0.215625 0
v -0.14375 0.2875 0
v -0.1796875 0.284625 0
v -0.215625 0.28175 0
v -0.2515625 0.284625 0
v -0.1078125 -0.284625 0
v -0.071875 -0.214197278912 0
v -0.071875 -0.28175 0
v -0.0359375 -0.284625 0
v 0 -0.2875 0
v 0 -0.215625 0
v -0 -0.14375 0
v -0.071875 -0.14375 0
v -0.071875 -0.071875 0
v -0 -0.071875 0
v -0 0 0
v -0.071875 0 0
v -0.071875 0.071875 0
v -0 0.071875 0
v -0 0.14375 0
v -0.071875 0.14375 0
v -0.071875 0.214197278912 0
v 0 0.215625 0
v 0 0.2875 0
v -0.0359375 0.284625 0
v -0.071875 0.28175 0
v -0.1078125 0.284625 0
v 0.0359375 -0.284625 0
v 0.071875 -0.214197278912 0
v 0.071875 -0.28175 0
v 0.1078125 -0.284625 0
v 0.14375 -0.2875 0
v 0.14375 -0.215625 0
v 0.14375 -0.14375 0
v 0.071875 -0.14375 0
v 0.071875 -0.071875 0
v 0.14375 -0.071875 0
v 0.14375 0 0
v 0.071875 0 0
v 0.071875 0.071875 0
v 0.14375 0.071875 0
v 0.14375 0.14375 0
v 0.071875 0.14375 0
v 0.071875 0.214197278912 0
v 0.14375 0.215625 0
v 0.14375 0.2875 0
v 0.1078125 0.284625 0
v 0.071875 0.28175 0
v 0.0359375 0.284625 0
v 0.1796875 -0.284625 0
v 0.215625 -0.214197278912 0
v 0.215625 -0.28175 0
v 0.2515625 -0.284625 0
v 0.2875 -0.2875 0
v 0.2875 -0.215625 0
v 0.2875 -0.14375 0
v 0.215625 -0.14375 0
v 0.215625 -0.071875 0
v 0.2875 -0.071875 0
v 0.2875 -0 0
v 0.215625 0 0
v 0.215625 0.071875 0
v 0.2875 0.071875 0
v 0.2875 0.14375 0
v 0.215625 0.14375 0
v 0.215625 0.214197278912 0
v 0.2875 0.215625 0
v 0.2875 0.2875 0
v 0.2515625 0.284625 0
v 0.215625 0.28175 0
v 0.1796875 0.284625 0
v 0.3234375 -0.284625 0
v 0.359375 -0.214197278912 0
v 0.359375 -0.28175 0
v 0.3953125 -0.284625 0
v 0.43125 -0.2875 0
v 0.43125 -0.215625 0
v 0.43125 -0.14375 0
v 0.359375 -0.14375 0
v 0.359375 -0.071875 0
v 0.43125 -0.071875 0
v 0.43125 0 0
v 0.359375 0 0
v 0.359375 0.071875 0
v 0.43125 0.071875 0
v 0.43125 0.14375 0
v 0.359375 0.14375 0
v 0.359375 0.214197278912 0
v 0.43125 0.215625 0
v 0.43125 0.2875 0
v 0.3953125 0.284625 0
v 0.359375 0.28175 0
v 0.3234375 0.284625 0
v 0.4671875 -0.284625 0
v 0.501667534722 -0.214167534722 0
v 0.503125 -0.28175 0
v 0.5390625 -0.284625 0
v 0.575 -0.2875 0
v 0.572125 -0.2515625 0
v 0.56925 -0.215625 0
v 0.572125 -0.1796875 0
v 0.575 -0.14375 0
v 0.503125 -0.14375 0
v 0.503125 -0.071875 0
v 0.575 -0.071875 0
v 0.575 -0 0
v 0.503125 0 0
v 0.503125 0.071875 0
v 0.575 0.071875 0
v 0.575 0.14375 0
v 0.503125 0.14375 0
v 0.501667534722 0.214167534722 0
v 0.572125 0.1796875 0
v 0.56925 0.215625 0
v 0.572125 0.2515625 0
v 0.575 0.2875 0
v 0.5390625 0.284625 0
v 0.503125 0.28175 0
v 0.4671875 0.284625 0
v 0.6109375 -0.140875 0
v 0.645417534722 -0.0704175347222 0
v 0.646875 -0.138 0
v 0.6828125 -0.140875 0
v 0.71875 -0.14375 0
v 0.715875 -0.1078125 0
v 0.713 -0.071875 0
v 0.715875 -0.0359375 0
v 0.71875 -0 0
v 0.646875 -0 0
v 0.645417534722 0.0704175347222 0
v 0.715875 0.0359375 0
v 0.713 0.071875 0
v 0.715875 0.1078125 0
v 0.71875 0.14375 0
v 0.6828125 0.140875 0
v 0.646875 0.138 0
v 0.6109375 0.140875 0
v -0.790625 -0.215625 0
v -0.77265625 -0.2141875 0
v -0.753958767361 -0.178958767361 0
v -0.7891875 -0.19765625 0
v -0.7546875 -0.21275 0
v -0.73671875 -0.2141875 0
v -0.71875 -0.215625 0
v -0.71875 -0.1796875 0
v -0.7546875 -0.14375 0
v -0.790625 -0.14375 0
v -0.7891875 -0.16171875 0
v -0.78775 -0.1796875 0
v -0.752517156863 -0.107342728758 0
v -0.7891875 -0.12578125 0
v -0.7518125 -0.071875 0
v -0.790625 -0.071875 0
v -0.7891875 -0.08984375 0
v -0.78775 -0.1078125 0
v -0.752517156863 -0.0364072712418 0
v -0.7891875 -0.05390625 0
v -0.7546875 0 0
v -0.790625 0 0
v -0.7891875 -0.01796875 0
v -0.78775 -0.0359375 0
v -0.752517156863 0.0364072712418 0
v -0.7891875 0.01796875 0
v -0.7518125 0.071875 0
v -0.790625 0.071875 0
v -0.7891875 0.05390625 0
v -0.78775 0.0359375 0
v -0.752517156863 0.107342728758 0
v -0.7891875 0.08984375 0
v -0.7546875 0.14375 0
v -0.790625 0.14375 0
v -0.7891875 0.12578125 0
v -0.78775 0.1078125 0
v -0.753958767361 0.178958767361 0
v -0.7891875 0.16171875 0
v -0.71875 0.1796875 0
v -0.71875 0.215625 0
v -0.73671875 0.2141875 0
v -0.7546875 0.21275 0
v -0.77265625 0.2141875 0
v -0.790625 0.215625 0
v -0.7891875 0.19765625 0
v -0.78775 0.1796875 0
v -0.71875 -0.2875 0
v -0.70078125 -0.2860625 0
v -0.682083767361 -0.250833767361 0
v -0.7173125 -0.26953125 0
v -0.6828125 -0.284625 0
v -0.66484375 -0.2860625 0
v -0.646875 -0.2875 0
v -0.646875 -0.2515625 0
v -0.646875 -0.215625 0
v -0.6828125 -0.215625 0
v -0.7173125 -0.23359375 0
v -0.715875 -0.2515625 0
v -0.682351762821 -0.178231570513 0
v -0.646875 -0.1768125 0
v -0.682351762821 0.178231570513 0
v -0.646875 0.1768125 0
v -0.646875 0.215625 0
v -0.6828125 0.215625 0
v -0.682083767361 0.250833767361 0
v -0.7173125 0.23359375 0
v -0.646875 0.2515625 0
v -0.646875 0.2875 0
v -0.66484375 0.2860625 0
v -0.6828125 0.284625 0
v -0.70078125 0.2860625 0
v -0.71875 0.2875 0
v -0.7173125 0.26953125 0
v -0.715875 0.2515625 0
v -0.646875 -0.359375 0
v -0.62890625 -0.3579375 0
v -0.610208767361 -0.322708767361 0
v -0.6454375 -0.34140625 0
v -0.6109375 -0.3565 0
v -0.59296875 -0.3579375 0
v -0.575 -0.359375 0
v -0.575 -0.3234375 0
v -0.6109375 -0.2875 0
v -0.6454375 -0.30546875 0
v -0.644 -0.3234375 0
v -0.609481570513 -0.251101762821 0
v -0.6080625 -0.215625 0
v -0.609979166667 -0.178729166667 0
v -0.609979166667 0.178729166667 0
v -0.6080625 0.215625 0
v -0.609481570513 0.251101762821 0
v -0.6109375 0.2875 0
v -0.610208767361 0.322708767361 0
v -0.6454375 0.30546875 0
v -0.575 0.3234375 0
v -0.575 0.359375 0
v -0.59296875 0.3579375 0
v -0.6109375 0.3565 0
v -0.62890625 0.3579375 0
v -0.646875 0.359375 0
v -0.6454375 0.34140625 0
v -0.644 0.3234375 0
v -0.575 -0.43125 0
v -0.55703125 -0.4298125 0
v -0.538333767361 -0.394583767361 0
v -0.5735625 -0.41328125 0
v -0.5390625 -0.428375 0
v -0.52109375 -0.4298125 0
v -0.503125 -0.43125 0
v -0.503125 -0.3953125 0
v -0.503125 -0.359375 0
v -0.5390625 -0.359375 0
v -0.5735625 -0.37734375 0
v -0.572125 -0.3953125 0
v -0.538601762821 -0.321981570513 0
v -0.503125 -0.3205625 0
v -0.538601762821 0.321981570513 0
v -0.503125 0.3205625 0
v -0.503125 0.359375 0
v -0.5390625 0.359375 0
v -0.538333767361 0.394583767361 0
v -0.5735625 0.37734375 0
v -0.503125 0.3953125 0
v -0.503125 0.43125 0
v -0.52109375 0.4298125 0
v -0.5390625 0.428375 0
v -0.55703125 0.4298125 0
v -0.575 0.43125 0
v -0.5735625 0.41328125 0
v -0.572125 0.3953125 0
v -0.48515625 -0.4298125 0
v -0.4671875 -0.394598639456 0
v -0.4671875 -0.428375 0
v -0.44921875 -0.4298125 0
v -0.43125 -0.43125 0
v -0.43125 -0.3953125 0
v -0.43125 -0.359375 0
v -0.4671875 -0.359375 0
v -0.467648237179 -0.321981570513 0
v -0.43125 -0.3234375 0
v -0.467648237179 0.321981570513 0
v -0.43125 0.3234375 0
v -0.43125 0.359375 0
v -0.4671875 0.359375 0
v -0.4671875 0.394598639456 0
v -0.43125 0.3953125 0
v -0.43125 0.43125 0
v -0.44921875 0.4298125 0
v -0.4671875 0.428375 0
v -0.48515625 0.4298125 0
v -0.43125 -0.503125 0
v -0.41328125 -0.5016875 0
v -0.394583767361 -0.466458767361 0
v -0.4298125 -0.48515625 0
v -0.3953125 -0.50025 0
v -0.37734375 -0.5016875 0
v -0.359375 -0.503125 0
v -0.359375 -0.4671875 0
v -0.359375 -0.43125 0
v -0.3953125 -0.43125 0
v -0.4298125 -0.44921875 0
v -0.428375 -0.4671875 0
v -0.3953125 -0.3953125 0
v -0.359375 -0.3953125 0
v -0.359375 -0.359375 0
v -0.3953125 -0.359375 0
v -0.394851762821 -0.321981570513 0
v -0.359375 -0.3205625 0
v -0.394851762821 0.321981570513 0
v -0.359375 0.3205625 0
v -0.359375 0.359375 0
v -0.3953125 0.359375 0
v -0.3953125 0.3953125 0
v -0.359375 0.3953125 0
v -0.359375 0.43125 0
v -0.3953125 0.43125 0
v -0.394583767361 0.466458767361 0
v -0.4298125 0.44921875 0
v -0.359375 0.4671875 0
v -0.359375 0.503125 0
v -0.37734375 0.5016875 0
v -0.3953125 0.50025 0
v -0.41328125 0.5016875 0
v -0.43125 0.503125 0
v -0.4298125 0.48515625 0
v -0.428375 0.4671875 0
v -0.34140625 -0.5016875 0
v -0.3234375 -0.466473639456 0
v -0.3234375 -0.50025 0
v -0.30546875 -0.5016875 0
v -0.2875 -0.503125 0
v -0.2875 -0.4671875 0
v -0.2875 -0.43125 0
v -0.3234375 -0.43125 0
v -0.3234375 -0.3953125 0
v -0.2875 -0.3953125 0
v -0.2875 -0.359375 0
v -0.3234375 -0.359375 0
v -0.323898237179 -0.321981570513 0
v -0.2875 -0.3234375 0
v -0.323898237179 0.321981570513 0
v -0.2875 0.3234375 0
v -0.2875 0.359375 0
v -0.3234375 0.359375 0
v -0.3234375 0.3953125 0
v -0.2875 0.3953125 0
v -0.2875 0.43125 0
v -0.3234375 0.43125 0
v -0.3234375 0.466473639456 0
v -0.2875 0.4671875 0
v -0.2875 0.503125 0
v -0.30546875 0.5016875 0
v -0.3234375 0.50025 0
v -0.34140625 0.5016875 0
v -0.26953125 -0.5016875 0
v -0.252291232639 -0.466458767361 0
v -0.2515625 -0.50025 0
v -0.23359375 -0.5016875 0
v -0.215625 -0.503125 0
v -0.2170625 -0.48515625 0
v -0.2185 -0.4671875 0
v -0.2170625 -0.44921875 0
v -0.215625 -0.43125 0
v -0.2515625 -0.43125 0
v -0.2515625 -0.3953125 0
v -0.215625 -0.3953125 0
v -0.215625 -0.359375 0
v -0.2515625 -0.359375 0
v -0.251101762821 -0.321981570513 0
v -0.215625 -0.3205625 0
v -0.251101762821 0.321981570513 0
v -0.215625 0.3205625 0
v -0.215625 0.359375 0
v -0.2515625 0.359375 0
v -0.2515625 0.3953125 0
v -0.215625 0.3953125 0
v -0.215625 0.43125 0
v -0.2515625 0.43125 0
v -0.252291232639 0.466458767361 0
v -0.2170625 0.44921875 0
v -0.2185 0.4671875 0
v -0.2170625 0.48515625 0
v -0.215625 0.503125 0
v -0.23359375 0.5016875 0
v -0.2515625 0.50025 0
v -0.26953125 0.5016875 0
v -0.19765625 -0.4298125 0
v -0.1796875 -0.394598639456 0
v -0.1796875 -0.428375 0
v -0.16171875 -0.4298125 0
v -0.14375 -0.43125 0
v -0.14375 -0.3953125 0
v -0.14375 -0.359375 0
v -0.1796875 -0.359375 0
v -0.180148237179 -0.321981570513 0
v -0.14375 -0.3234375 0
v -0.180148237179 0.321981570513 0
v -0.14375 0.3234375 0
v -0.14375 0.359375 0
v -0.1796875 0.359375 0
v -0.1796875 0.394598639456 0
v -0.14375 0.3953125 0
v -0.14375 0.43125 0
v -0.16171875 0.4298125 0
v -0.1796875 0.428375 0
v -0.19765625 0.4298125 0
v -0.12578125 -0.4298125 0
v -0.108541232639 -0.394583767361 0
v -0.1078125 -0.428375 0
v -0.08984375 -0.4298125 0
v -0.071875 -0.43125 0
v -0.0733125 -0.41328125 0
v -0.07475 -0.3953125 0
v -0.0733125 -0.37734375 0
v -0.071875 -0.359375 0
v -0.1078125 -0.359375 0
v -0.107351762821 -0.321981570513 0
v -0.071875 -0.3205625 0
v -0.107351762821 0.321981570513 0
v -0.071875 0.3205625 0
v -0.071875 0.359375 0
v -0.1078125 0.359375 0
v -0.108541232639 0.394583767361 0
v -0.0733125 0.37734375 0
v -0.07475 0.3953125 0
v -0.0733125 0.41328125 0
v -0.071875 0.43125 0
v -0.08984375 0.4298125 0
v -0.1078125 0.428375 0
v -0.12578125 0.4298125 0
v -0.05390625 -0.3579375 0
v -0.0364072712418 -0.321267156863 0
v -0.0359375 -0.3565 0
v -0.01796875 -0.3579375 0
v 0 -0.359375 0
v 0 -0.3234375 0
v -0.0364072712418 0.321267156863 0
v 0 0.3234375 0
v 0 0.359375 0
v -0.01796875 0.3579375 0
v -0.0359375 0.3565 0
v -0.05390625 0.3579375 0
v 0.01796875 -0.3579375 0
v 0.0364072712418 -0.321267156863 0
v 0.0359375 -0.3565 0
v 0.05390625 -0.3579375 0
v 0.071875 -0.359375 0
v 0.071875 -0.3205625 0
v 0.0364072712418 0.321267156863 0
v 0.071875 0.3205625 0
v 0.071875 0.359375 0
v 0.05390625 0.3579375 0
v 0.0359375 0.3565 0
v 0.01796875 0.3579375 0
v 0.071875 -0.43125 0
v 0.08984375 -0.4298125 0
v 0.108541232639 -0.394583767361 0
v 0.0733125 -0.41328125 0
v 0.1078125 -0.428375 0
v 0.12578125 -0.4298125 0
v 0.14375 -0.43125 0
v 0.14375 -0.3953125 0
v 0.14375 -0.359375 0
v 0.1078125 -0.359375 0
v 0.0733125 -0.37734375 0
v 0.07475 -0.3953125 0
v 0.107351762821 -0.321981570513 0
v 0.14375 -0.3234375 0
v 0.107351762821 0.321981570513 0
v 0.14375 0.3234375 0
v 0.14375 0.359375 0
v 0.1078125 0.359375 0
v 0.108541232639 0.394583767361 0
v 0.0733125 0.37734375 0
v 0.14375 0.3953125 0
v 0.14375 0.43125 0
v 0.12578125 0.4298125 0
v 0.1078125 0.428375 0
v 0.08984375 0.4298125 0
v 0.071875 0.43125 0
v 0.0733125 0.41328125 0
v 0.07475 0.3953125 0
v 0.16171875 -0.4298125 0
v 0.1796875 -0.394598639456 0
v 0.1796875 -0.428375 0
v 0.19765625 -0.4298125 0
v 0.215625 -0.43125 0
v 0.215625 -0.3953125 0
v 0.215625 -0.359375 0
v 0.1796875 -0.359375 0
v 0.180148237179 -0.321981570513 0
v 0.215625 -0.3205625 0
v 0.180148237179 0.321981570513 0
v 0.215625 0.3205625 0
v 0.215625 0.359375 0
v 0.1796875 0.359375 0
v 0.1796875 0.394598639456 0
v 0.215625 0.3953125 0
v 0.215625 0.43125 0
v 0.19765625 0.4298125 0
v 0.1796875 0.428375 0
v 0.16171875 0.4298125 0
v 0.215625 -0.503125 0
v 0.23359375 -0.5016875 0
v 0.252291232639 -0.466458767361 0
v 0.2170625 -0.48515625 0
v 0.2515625 -0.50025 0
v 0.26953125 -0.5016875 0
v 0.2875 -0.503125 0
v 0.2875 -0.4671875 0
v 0.2875 -0.43125 0
v 0.2515625 -0.43125 0
v 0.2170625 -0.44921875 0
v 0.2185 -0.4671875 0
v 0.2515625 -0.3953125 0
v 0.2875 -0.3953125 0
v 0.2875 -0.359375 0
v 0.2515625 -0.359375 0
v 0.251101762821 -0.321981570513 0
v 0.2875 -0.3234375 0
v 0.251101762821 0.321981570513 0
v 0.2875 0.3234375 0
v 0.2875 0.359375 0
v 0.2515625 0.359375 0
v 0.2515625 0.3953125 0
v 0.2875 0.3953125 0
v 0.2875 0.43125 0
v 0.2515625 0.43125 0
v 0.252291232639 0.466458767361 0
v 0.2170625 0.44921875 0
v 0.2875 0.4671875 0
v 0.2875 0.503125 0
v 0.26953125 0.5016875 0
v 0.2515625 0.50025 0
v 0.23359375 0.5016875 0
v 0.215625 0.503125 0
v 0.2170625 0.48515625 0
v 0.2185 0.4671875 0
v 0.30546875 -0.5016875 0
v 0.3234375 -0.466473639456 0
v 0.3234375 -0.50025 0
v 0.34140625 -0.5016875 0
v 0.359375 -0.503125 0
v 0.359375 -0.4671875 0
v 0.359375 -0.43125 0
v 0.3234375 -0.43125 0
v 0.3234375 -0.3953125 0
v 0.359375 -0.3953125 0
v 0.359375 -0.359375 0
v 0.3234375 -0.359375 0
v 0.323898237179 -0.321981570513 0
v 0.359375 -0.3205625 0
v 0.323898237179 0.321981570513 0
v 0.359375 0.3205625 0
v 0.359375 0.359375 0
v 0.3234375 0.359375 0
v 0.3234375 0.3953125 0
v 0.359375 0.3953125 0
v 0.359375 0.43125 0
v 0.3234375 0.43125 0
v 0.3234375 0.466473639456 0
v 0.359375 0.4671875 0
v 0.359375 0.503125 0
v 0.34140625 0.5016875 0
v 0.3234375 0.50025 0
v 0.30546875 0.5016875 0
v 0.37734375 -0.5016875 0
v 0.394583767361 -0.466458767361 0
v 0.3953125 -0.50025 0
v 0.41328125 -0.5016875 0
v 0.43125 -0.503125 0
v 0.4298125 -0.48515625 0
v 0.428375 -0.4671875 0
v 0.4298125 -0.44921875 0
v 0.43125 -0.43125 0
v 0.3953125 -0.43125 0
v 0.3953125 -0.3953125 0
v 0.43125 -0.3953125 0
v 0.43125 -0.359375 0
v 0.3953125 -0.359375 0
v 0.394851762821 -0.321981570513 0
v 0.43125 -0.3234375 0
v 0.394851762821 0.321981570513 0
v 0.43125 0.3234375 0
v 0.43125 0.359375 0
v 0.3953125 0.359375 0
v 0.3953125 0.3953125 0
v 0.43125 0.3953125 0
v 0.43125 0.43125 0
v 0.3953125 0.43125 0
v 0.394583767361 0.466458767361 0
v 0.4298125 0.44921875 0
v 0.428375 0.4671875 0
v 0.4298125 0.48515625 0
v 0.43125 0.503125 0
v 0.41328125 0.5016875 0
v 0.3953125 0.50025 0
v 0.37734375 0.5016875 0
v 0.44921875 -0.4298125 0
v 0.4671875 -0.394598639456 0
v 0.4671875 -0.428375 0
v 0.48515625 -0.4298125 0
v 0.503125 -0.43125 0
v 0.503125 -0.3953125 0
v 0.503125 -0.359375 0
v 0.4671875 -0.359375 0
v 0.467648237179 -0.321981570513 0
v 0.503125 -0.3205625 0
v 0.467648237179 0.321981570513 0
v 0.503125 0.3205625 0
v 0.503125 0.359375 0
v 0.4671875 0.359375 0
v 0.4671875 0.394598639456 0
v 0.503125 0.3953125 0
v 0.503125 0.43125 0
v 0.48515625 0.4298125 0
v 0.4671875 0.428375 0
v 0.44921875 0.4298125 0
v 0.52109375 -0.4298125 0
v 0.538333767361 -0.394583767361 0
v 0.5390625 -0.428375 0
v 0.55703125 -0.4298125 0
v 0.575 -0.43125 0
v 0.5735625 -0.41328125 0
v 0.572125 -0.3953125 0
v 0.5735625 -0.37734375 0
v 0.575 -0.359375 0
v 0.5390625 -0.359375 0
v 0.538601762821 -0.321981570513 0
v 0.575 -0.3234375 0
v 0.538601762821 0.321981570513 0
v 0.575 0.3234375 0
v 0.575 0.359375 0
v 0.5390625 0.359375 0
v 0.538333767361 0.394583767361 0
v 0.5735625 0.37734375 0
v 0.572125 0.3953125 0
v 0.5735625 0.41328125 0
v 0.575 0.43125 0
v 0.55703125 0.4298125 0
v 0.5390625 0.428375 0
v 0.52109375 0.4298125 0
v 0.59296875 -0.3579375 0
v 0.610208767361 -0.322708767361 0
v 0.6109375 -0.3565 0
v 0.62890625 -0.3579375 0
v 0.646875 -0.359375 0
v 0.6454375 -0.34140625 0
v 0.644 -0.3234375 0
v 0.6454375 -0.30546875 0
v 0.646875 -0.2875 0
v 0.6109375 -0.2875 0
v 0.609481570513 -0.251101762821 0
v 0.646875 -0.2515625 0
v 0.646875 -0.215625 0
v 0.6080625 -0.215625 0
v 0.609979166667 -0.178729166667 0
v 0.646875 -0.1768125 0
v 0.609979166667 0.178729166667 0
v 0.646875 0.1768125 0
v 0.646875 0.215625 0
v 0.6080625 0.215625 0
v 0.609481570513 0.251101762821 0
v 0.646875 0.2515625 0
v 0.646875 0.2875 0
v 0.6109375 0.2875 0
v 0.610208767361 0.322708767361 0
v 0.6454375 0.30546875 0
v 0.644 0.3234375 0
v 0.6454375 0.34140625 0
v 0.646875 0.359375 0
v 0.62890625 0.3579375 0
v 0.6109375 0.3565 0
v 0.59296875 0.3579375 0
v 0.66484375 -0.2860625 0
v 0.682083767361 -0.250833767361 0
v 0.6828125 -0.284625 0
v 0.70078125 -0.2860625 0
v 0.71875 -0.2875 0
v 0.7173125 -0.26953125 0
v 0.715875 -0.2515625 0
v 0.7173125 -0.23359375 0
v 0.71875 -0.215625 0
v 0.6828125 -0.215625 0
v 0.682351762821 -0.178231570513 0
v 0.71875 -0.1796875 0
v 0.682351762821 0.178231570513 0
v 0.71875 0.1796875 0
v 0.71875 0.215625 0
v 0.6828125 0.215625 0
v 0.682083767361 0.250833767361 0
v 0.7173125 0.23359375 0
v 0.715875 0.2515625 0
v 0.7173125 0.26953125 0
v 0.71875 0.2875 0
v 0.70078125 0.2860625 0
v 0.6828125 0.284625 0
v 0.66484375 0.2860625 0
v 0.73671875 -0.2141875 0
v 0.753958767361 -0.178958767361 0
v 0.7546875 -0.21275 0
v 0.77265625 -0.2141875 0
v 0.790625 -0.215625 0
v 0.7891875 -0.19765625 0
v 0.78775 -0.1796875 0
v 0.7891875 -0.16171875 0
v 0.790625 -0.14375 0
v 0.7546875 -0.14375 0
v 0.752517156863 -0.107342728758 0
v 0.7891875 -0.12578125 0
v 0.78775 -0.1078125 0
v 0.7891875 -0.08984375 0
v 0.790625 -0.071875 0
v 0.7518125 -0.071875 0
v 0.752517156863 -0.0364072712418 0
v 0.7891875 -0.05390625 0
v 0.78775 -0.0359375 0
v 0.7891875 -0.01796875 0
v 0.790625 0 0
v 0.7546875 0 0
v 0.752517156863 0.0364072712418 0
v 0.7891875 0.01796875 0
v 0.78775 0.0359375 0
v 0.7891875 0.05390625 0
v 0.790625 0.071875 0
v 0.7518125 0.071875 0
v 0.752517156863 0.107342728758 0
v 0.7891875 0.08984375 0
v 0.78775 0.1078125 0
v 0.7891875 0.12578125 0
v 0.790625 0.14375 0
v 0.7546875 0.14375 0
v 0.753958767361 0.178958767361 0
v 0.7891875 0.16171875 0
v 0.78775 0.1796875 0
v 0.7891875 0.19765625 0
v 0.790625 0.215625 0
v 0.77265625 0.2141875 0
v 0.7546875 0.21275 0
v 0.73671875 0.2141875 0
v -0.8625 -0.14375 0
v -0.853515625 -0.14303125 0
v -0.844166883681 -0.125416883681 0
v -0.86178125 -0.134765625 0
v -0.84453125 -0.1423125 0
v -0.835546875 -0.14303125 0
v -0.8265625 -0.14375 0
v -0.8265625 -0.12578125 0
v -0.8265625 -0.1078125 0
v -0.84453125 -0.1078125 0
v -0.8625 -0.1078125 0
v -0.86178125 -0.116796875 0
v -0.8610625 -0.12578125 0
v -0.844174319728 -0.08984375 0
v -0.86178125 -0.098828125 0
v -0.8265625 -0.08984375 0
v -0.8265625 -0.071875 0
v -0.84453125 -0.071875 0
v -0.8625 -0.071875 0
v -0.86178125 -0.080859375 0
v -0.8610625 -0.08984375 0
v -0.844174319728 -0.05390625 0
v -0.86178125 -0.062890625 0
v -0.8265625 -0.05390625 0
v -0.8265625 -0.0359375 0
v -0.84453125 -0.0359375 0
v -0.8625 -0.0359375 0
v -0.86178125 -0.044921875 0
v -0.8610625 -0.05390625 0
v -0.844174319728 -0.01796875 0
v -0.86178125 -0.026953125 0
v -0.8265625 -0.01796875 0
v -0.8265625 0 0
v -0.84453125 0 0
v -0.8625 0 0
v -0.86178125 -0.008984375 0
v -0.8610625 -0.01796875 0
v -0.844174319728 0.01796875 0
v -0.86178125 0.008984375 0
v -0.8265625 0.01796875 0
v -0.8265625 0.0359375 0
v -0.84453125 0.0359375 0
v -0.8625 0.0359375 0
v -0.86178125 0.026953125 0
v -0.8610625 0.01796875 0
v -0.844174319728 0.05390625 0
v -0.86178125 0.044921875 0
v -0.8265625 0.05390625 0
v -0.8265625 0.071875 0
v -0.84453125 0.071875 0
v -0.8625 0.071875 0
v -0.86178125 0.062890625 0
v -0.8610625 0.05390625 0
v -0.844174319728 0.08984375 0
v -0.86178125 0.080859375 0
v -0.8265625 0.08984375 0
v -0.8265625 0.1078125 0
v -0.84453125 0.1078125 0
v -0.8625 0.1078125 0
v -0.86178125 0.098828125 0
v -0.8610625 0.08984375 0
v -0.844166883681 0.125416883681 0
v -0.86178125 0.116796875 0
v -0.8265625 0.12578125 0
v -0.8265625 0.14375 0
v -0.835546875 0.14303125 0
v -0.84453125 0.1423125 0
v -0.853515625 0.14303125 0
v -0.8625 0.14375 0
v -0.86178125 0.134765625 0
v -0.8610625 0.12578125 0
v -0.8265625 -0.2515625 0
v -0.817578125 -0.25084375 0
v -0.808229383681 -0.233229383681 0
v -0.82584375 -0.242578125 0
v -0.80859375 -0.250125 0
v -0.799609375 -0.25084375 0
v -0.790625 -0.2515625 0
v -0.790625 -0.23359375 0
v -0.80859375 -0.215625 0
v -0.8265625 -0.215625 0
v -0.82584375 -0.224609375 0
v -0.825125 -0.23359375 0
v -0.807508578431 -0.197421364379 0
v -0.82584375 -0.206640625 0
v -0.80715625 -0.1796875 0
v -0.8265625 -0.1796875 0
v -0.82584375 -0.188671875 0
v -0.825125 -0.19765625 0
v -0.807508578431 -0.161953635621 0
v -0.82584375 -0.170703125 0
v -0.80859375 -0.14375 0
v -0.82584375 -0.152734375 0
v -0.825125 -0.16171875 0
v -0.807865785256 -0.12555088141 0
v -0.80715625 -0.1078125 0
v -0.807865785256 -0.0900741185897 0
v -0.80859375 -0.071875 0
v -0.807865785256 -0.0536758814103 0
v -0.80715625 -0.0359375 0
v -0.807865785256 -0.0181991185897 0
v -0.80859375 0 0
v -0.807865785256 0.0181991185897 0
v -0.80715625 0.0359375 0
v -0.807865785256 0.0536758814103 0
v -0.80859375 0.071875 0
v -0.807865785256 0.0900741185897 0
v -0.80715625 0.1078125 0
v -0.807865785256 0.12555088141 0
v -0.80859375 0.14375 0
v -0.807508578431 0.161953635621 0
v -0.82584375 0.152734375 0
v -0.80715625 0.1796875 0
v -0.8265625 0.1796875 0
v -0.82584375 0.170703125 0
v -0.825125 0.16171875 0
v -0.807508578431 0.197421364379 0
v -0.82584375 0.188671875 0
v -0.80859375 0.215625 0
v -0.8265625 0.215625 0
v -0.82584375 0.206640625 0
v -0.825125 0.19765625 0
v -0.808229383681 0.233229383681 0
v -0.82584375 0.224609375 0
v -0.790625 0.23359375 0
v -0.790625 0.2515625 0
v -0.799609375 0.25084375 0
v -0.80859375 0.250125 0
v -0.817578125 0.25084375 0
v -0.8265625 0.2515625 0
v -0.82584375 0.242578125 0
v -0.825125 0.23359375 0
v -0.790625 -0.2875 0
v -0.781640625 -0.28678125 0
v -0.772291883681 -0.269166883681 0
v -0.78990625 -0.278515625 0
v -0.77265625 -0.2860625 0
v -0.763671875 -0.28678125 0
v -0.7546875 -0.2875 0
v -0.7546875 -0.26953125 0
v -0.7546875 -0.2515625 0
v -0.77265625 -0.2515625 0
v -0.78990625 -0.260546875 0
v -0.7891875 -0.26953125 0
v -0.77242588141 -0.232865785256 0
v -0.7546875 -0.23215625 0
v -0.77242588141 0.232865785256 0
v -0.7546875 0.23215625 0
v -0.7546875 0.2515625 0
v -0.77265625 0.2515625 0
v -0.772291883681 0.269166883681 0
v -0.78990625 0.260546875 0
v -0.7546875 0.26953125 0
v -0.7546875 0.2875 0
v -0.763671875 0.28678125 0
v -0.77265625 0.2860625 0
v -0.781640625 0.28678125 0
v -0.790625 0.2875 0
v -0.78990625 0.278515625 0
v -0.7891875 0.26953125 0
v -0.7546875 -0.359375 0
v -0.745703125 -0.35865625 0
v -0.736354383681 -0.341041883681 0
v -0.75396875 -0.350390625 0
v -0.73671875 -0.3579375 0
v -0.727734375 -0.35865625 0
v -0.71875 -0.359375 0
v -0.71875 -0.34140625 0
v -0.71875 -0.3234375 0
v -0.73671875 -0.3234375 0
v -0.7546875 -0.3234375 0
v -0.75396875 -0.332421875 0
v -0.75325 -0.34140625 0
v -0.736361819728 -0.30546875 0
v -0.75396875 -0.314453125 0
v -0.71875 -0.30546875 0
v -0.73671875 -0.2875 0
v -0.75396875 -0.296484375 0
v -0.75325 -0.30546875 0
v -0.735990785256 -0.26930088141 0
v -0.73528125 -0.2515625 0
v -0.736239583333 -0.233114583333 0
v -0.736239583333 0.233114583333 0
v -0.73528125 0.2515625 0
v -0.735990785256 0.26930088141 0
v -0.73671875 0.2875 0
v -0.736361819728 0.30546875 0
v -0.75396875 0.296484375 0
v -0.71875 0.30546875 0
v -0.71875 0.3234375 0
v -0.73671875 0.3234375 0
v -0.7546875 0.3234375 0
v -0.75396875 0.314453125 0
v -0.75325 0.30546875 0
v -0.736354383681 0.341041883681 0
v -0.75396875 0.332421875 0
v -0.71875 0.34140625 0
v -0.71875 0.359375 0
v -0.727734375 0.35865625 0
v -0.73671875 0.3579375 0
v -0.745703125 0.35865625 0
v -0.7546875 0.359375 0
v -0.75396875 0.350390625 0
v -0.75325 0.34140625 0
v -0.71875 -0.3953125 0
v -0.709765625 -0.39459375 0
v -0.700416883681 -0.376979383681 0
v -0.71803125 -0.386328125 0
v -0.70078125 -0.393875 0
v -0.691796875 -0.39459375 0
v -0.6828125 -0.3953125 0
v -0.6828125 -0.37734375 0
v -0.6828125 -0.359375 0
v -0.70078125 -0.359375 0
v -0.71803125 -0.368359375 0
v -0.7173125 -0.37734375 0
v -0.70078125 -0.34140625 0
v -0.6828125 -0.34140625 0
v -0.6828125 -0.3234375 0
v -0.70078125 -0.3234375 0
v -0.70055088141 -0.304740785256 0
v -0.6828125 -0.30403125 0
v -0.70055088141 0.304740785256 0
v -0.6828125 0.30403125 0
v -0.6828125 0.3234375 0
v -0.70078125 0.3234375 0
v -0.70078125 0.34140625 0
v -0.6828125 0.34140625 0
v -0.6828125 0.359375 0
v -0.70078125 0.359375 0
v -0.700416883681 0.376979383681 0
v -0.71803125 0.368359375 0
v -0.6828125 0.37734375 0
v -0.6828125 0.3953125 0
v -0.691796875 0.39459375 0
v -0.70078125 0.393875 0
v -0.709765625 0.39459375 0
v -0.71875 0.3953125 0
v -0.71803125 0.386328125 0
v -0.7173125 0.37734375 0
v -0.6828125 -0.43125 0
v -0.673828125 -0.43053125 0
v -0.664479383681 -0.412916883681 0
v -0.68209375 -0.422265625 0
v -0.66484375 -0.4298125 0
v -0.655859375 -0.43053125 0
v -0.646875 -0.43125 0
v -0.646875 -0.41328125 0
v -0.646875 -0.3953125 0
v -0.66484375 -0.3953125 0
v -0.68209375 -0.404296875 0
v -0.681375 -0.41328125 0
v -0.66484375 -0.37734375 0
v -0.646875 -0.37734375 0
v -0.66484375 -0.359375 0
v -0.664115785256 -0.34117588141 0
v -0.66340625 -0.3234375 0
v -0.664364583333 -0.304989583333 0
v -0.664364583333 0.304989583333 0
v -0.66340625 0.3234375 0
v -0.664115785256 0.34117588141 0
v -0.66484375 0.359375 0
v -0.66484375 0.37734375 0
v -0.646875 0.37734375 0
v -0.646875 0.3953125 0
v -0.66484375 0.3953125 0
v -0.66447938368 0.41291688368 0
v -0.68209375 0.404296875 0
v -0.646875 0.41328125 0
v -0.646875 0.43125 0
v -0.655859375 0.43053125 0
v -0.66484375 0.4298125 0
v -0.673828125 0.43053125 0
v -0.6828125 0.43125 0
v -0.68209375 0.422265625 0
v -0.681375 0.41328125 0
v -0.637890625 -0.43053125 0
v -0.62890625 -0.412924319728 0
v -0.62890625 -0.4298125 0
v -0.619921875 -0.43053125 0
v -0.6109375 -0.43125 0
v -0.6109375 -0.41328125 0
v -0.6109375 -0.3953125 0
v -0.62890625 -0.3953125 0
v -0.62867588141 -0.376615785256 0
v -0.6109375 -0.37590625 0
v -0.62867588141 0.376615785256 0
v -0.6109375 0.37590625 0
v -0.6109375 0.3953125 0
v -0.62890625 0.3953125 0
v -0.62890625 0.412924319728 0
v -0.6109375 0.41328125 0
v -0.6109375 0.43125 0
v -0.619921875 0.43053125 0
v -0.62890625 0.4298125 0
v -0.637890625 0.43053125 0
v -0.6109375 -0.4671875 0
v -0.601953125 -0.46646875 0
v -0.592604383681 -0.448854383681 0
v -0.61021875 -0.458203125 0
v -0.59296875 -0.46575 0
v -0.583984375 -0.46646875 0
v -0.575 -0.4671875 0
v -0.575 -0.44921875 0
v -0.59296875 -0.43125 0
v -0.61021875 -0.440234375 0
v -0.6095 -0.44921875 0
v -0.592240785256 -0.41305088141 0
v -0.59153125 -0.3953125 0
v -0.592489583333 -0.376864583333 0
v -0.592489583333 0.376864583333 0
v -0.59153125 0.3953125 0
v -0.592240785256 0.41305088141 0
v -0.59296875 0.43125 0
v -0.592604383681 0.448854383681 0
v -0.61021875 0.440234375 0
v -0.575 0.44921875 0
v -0.575 0.4671875 0
v -0.583984375 0.46646875 0
v -0.59296875 0.46575 0
v -0.601953125 0.46646875 0
v -0.6109375 0.4671875 0
v -0.61021875 0.458203125 0
v -0.6095 0.44921875 0
v -0.575 -0.503125 0
v -0.566015625 -0.50240625 0
v -0.556666883681 -0.484791883681 0
v -0.57428125 -0.494140625 0
v -0.55703125 -0.5016875 0
v -0.548046875 -0.50240625 0
v -0.5390625 -0.503125 0
v -0.5390625 -0.48515625 0
v -0.5390625 -0.4671875 0
v -0.55703125 -0.4671875 0
v -0.57428125 -0.476171875 0
v -0.5735625 -0.48515625 0
v -0.55680088141 -0.448490785256 0
v -0.5390625 -0.44778125 0
v -0.55680088141 0.448490785256 0
v -0.5390625 0.44778125 0
v -0.5390625 0.4671875 0
v -0.55703125 0.4671875 0
v -0.556666883681 0.484791883681 0
v -0.57428125 0.476171875 0
v -0.5390625 0.48515625 0
v -0.5390625 0.503125 0
v -0.548046875 0.50240625 0
v -0.55703125 0.5016875 0
v -0.566015625 0.50240625 0
v -0.575 0.503125 0
v -0.57428125 0.494140625 0
v -0.5735625 0.48515625 0
v -0.530078125 -0.50240625 0
v -0.52109375 -0.484799319728 0
v -0.52109375 -0.5016875 0
v -0.512109375 -0.50240625 0
v -0.503125 -0.503125 0
v -0.503125 -0.48515625 0
v -0.503125 -0.4671875 0
v -0.52109375 -0.4671875 0
v -0.52132411859 -0.448490785256 0
v -0.503125 -0.44921875 0
v -0.52132411859 0.448490785256 0
v -0.503125 0.44921875 0
v -0.503125 0.4671875 0
v -0.52109375 0.4671875 0
v -0.52109375 0.484799319728 0
v -0.503125 0.48515625 0
v -0.503125 0.503125 0
v -0.512109375 0.50240625 0
v -0.52109375 0.5016875 0
v -0.530078125 0.50240625 0
v -0.494140625 -0.50240625 0
v -0.48515625 -0.484799319728 0
v -0.48515625 -0.5016875 0
v -0.476171875 -0.50240625 0
v -0.4671875 -0.503125 0
v -0.4671875 -0.48515625 0
v -0.4671875 -0.4671875 0
v -0.48515625 -0.4671875 0
v -0.48492588141 -0.448490785256 0
v -0.4671875 -0.44778125 0
v -0.48492588141 0.448490785256 0
v -0.4671875 0.44778125 0
v -0.4671875 0.4671875 0
v -0.48515625 0.4671875 0
v -0.48515625 0.484799319728 0
v -0.4671875 0.48515625 0
v -0.4671875 0.503125 0
v -0.476171875 0.50240625 0
v -0.48515625 0.5016875 0
v -0.494140625 0.50240625 0
v -0.4671875 -0.5390625 0
v -0.458203125 -0.53834375 0
v -0.448854383681 -0.520729383681 0
v -0.46646875 -0.530078125 0
v -0.44921875 -0.537625 0
v -0.440234375 -0.53834375 0
v -0.43125 -0.5390625 0
v -0.43125 -0.52109375 0
v -0.44921875 -0.503125 0
v -0.46646875 -0.512109375 0
v -0.46575 -0.52109375 0
v -0.448490785256 -0.48492588141 0
v -0.44778125 -0.4671875 0
v -0.448739583333 -0.448739583333 0
v -0.448739583333 0.448739583333 0
v -0.44778125 0.4671875 0
v -0.448490785256 0.48492588141 0
v -0.44921875 0.503125 0
v -0.448854383681 0.520729383681 0
v -0.46646875 0.512109375 0
v -0.43125 0.52109375 0
v -0.43125 0.5390625 0
v -0.440234375 0.53834375 0
v -0.44921875 0.537625 0
v -0.458203125 0.53834375 0
v -0.4671875 0.5390625 0
v -0.46646875 0.530078125 0
v -0.46575 0.52109375 0
v -0.422265625 -0.53834375 0
v -0.413046364379 -0.520008578431 0
v -0.41328125 -0.537625 0
v -0.404296875 -0.53834375 0
v -0.3953125 -0.5390625 0
v -0.3953125 -0.51965625 0
v -0.413046364379 0.520008578431 0
v -0.3953125 0.51965625 0
v -0.3953125 0.5390625 0
v -0.404296875 0.53834375 0
v -0.41328125 0.537625 0
v -0.422265625 0.53834375 0
v -0.386328125 -0.53834375 0
v -0.377578635621 -0.520008578431 0
v -0.37734375 -0.537625 0
v -0.368359375 -0.53834375 0
v -0.359375 -0.5390625 0
v -0.359375 -0.52109375 0
v -0.377578635621 0.520008578431 0
v -0.359375 0.52109375 0
v -0.359375 0.5390625 0
v -0.368359375 0.53834375 0
v -0.37734375 0.537625 0
v -0.386328125 0.53834375 0
v -0.350390625 -0.53834375 0
v -0.341171364379 -0.520008578431 0
v -0.34140625 -0.537625 0
v -0.332421875 -0.53834375 0
v -0.3234375 -0.5390625 0
v -0.3234375 -0.51965625 0
v -0.341171364379 0.520008578431 0
v -0.3234375 0.51965625 0
v -0.3234375 0.5390625 0
v -0.332421875 0.53834375 0
v -0.34140625 0.537625 0
v -0.350390625 0.53834375 0
v -0.314453125 -0.53834375 0
v -0.305703635621 -0.520008578431 0
v -0.30546875 -0.537625 0
v -0.296484375 -0.53834375 0
v -0.2875 -0.5390625 0
v -0.2875 -0.52109375 0
v -0.305703635621 0.520008578431 0
v -0.2875 0.52109375 0
v -0.2875 0.5390625 0
v -0.296484375 0.53834375 0
v -0.30546875 0.537625 0
v -0.314453125 0.53834375 0
v -0.278515625 -0.53834375 0
v -0.269296364379 -0.520008578431 0
v -0.26953125 -0.537625 0
v -0.260546875 -0.53834375 0
v -0.2515625 -0.5390625 0
v -0.2515625 -0.51965625 0
v -0.269296364379 0.520008578431 0
v -0.2515625 0.51965625 0
v -0.2515625 0.5390625 0
v -0.260546875 0.53834375 0
v -0.26953125 0.537625 0
v -0.278515625 0.53834375 0
v -0.242578125 -0.53834375 0
v -0.233828635621 -0.520008578431 0
v -0.23359375 -0.537625 0
v -0.224609375 -0.53834375 0
v -0.215625 -0.5390625 0
v -0.215625 -0.52109375 0
v -0.233828635621 0.520008578431 0
v -0.215625 0.52109375 0
v -0.215625 0.5390625 0
v -0.224609375 0.53834375 0
v -0.23359375 0.537625 0
v -0.242578125 0.53834375 0
v -0.206640625 -0.53834375 0
v -0.198020616319 -0.520729383681 0
v -0.19765625 -0.537625 0
v -0.188671875 -0.53834375 0
v -0.1796875 -0.5390625 0
v -0.18040625 -0.530078125 0
v -0.181125 -0.52109375 0
v -0.18040625 -0.512109375 0
v -0.1796875 -0.503125 0
v -0.19765625 -0.503125 0
v -0.198384214744 -0.48492588141 0
v -0.1796875 -0.48515625 0
v -0.1796875 -0.4671875 0
v -0.19909375 -0.4671875 0
v -0.198135416667 -0.448739583333 0
v -0.1796875 -0.44778125 0
v -0.198135416667 0.448739583333 0
v -0.1796875 0.44778125 0
v -0.1796875 0.4671875 0
v -0.19909375 0.4671875 0
v -0.198384214744 0.48492588141 0
v -0.1796875 0.48515625 0
v -0.1796875 0.503125 0
v -0.19765625 0.503125 0
v -0.198020616319 0.520729383681 0
v -0.18040625 0.512109375 0
v -0.181125 0.52109375 0
v -0.18040625 0.530078125 0
v -0.1796875 0.5390625 0
v -0.188671875 0.53834375 0
v -0.19765625 0.537625 0
v -0.206640625 0.53834375 0
v -0.170703125 -0.50240625 0
v -0.16171875 -0.484799319728 0
v -0.16171875 -0.5016875 0
v -0.152734375 -0.50240625 0
v -0.14375 -0.503125 0
v -0.14375 -0.48515625 0
v -0.14375 -0.4671875 0
v -0.16171875 -0.4671875 0
v -0.16194911859 -0.448490785256 0
v -0.14375 -0.44921875 0
v -0.16194911859 0.448490785256 0
v -0.14375 0.44921875 0
v -0.14375 0.4671875 0
v -0.16171875 0.4671875 0
v -0.16171875 0.484799319728 0
v -0.14375 0.48515625 0
v -0.14375 0.503125 0
v -0.152734375 0.50240625 0
v -0.16171875 0.5016875 0
v -0.170703125 0.50240625 0
v -0.134765625 -0.50240625 0
v -0.126145616319 -0.484791883681 0
v -0.12578125 -0.5016875 0
v -0.116796875 -0.50240625 0
v -0.1078125 -0.503125 0
v -0.10853125 -0.494140625 0
v -0.10925 -0.48515625 0
v -0.10853125 -0.476171875 0
v -0.1078125 -0.4671875 0
v -0.12578125 -0.4671875 0
v -0.12555088141 -0.448490785256 0
v -0.1078125 -0.44778125 0
v -0.12555088141 0.448490785256 0
v -0.1078125 0.44778125 0
v -0.1078125 0.4671875 0
v -0.12578125 0.4671875 0
v -0.126145616319 0.484791883681 0
v -0.10853125 0.476171875 0
v -0.10925 0.48515625 0
v -0.10853125 0.494140625 0
v -0.1078125 0.503125 0
v -0.116796875 0.50240625 0
v -0.12578125 0.5016875 0
v -0.134765625 0.50240625 0
v -0.098828125 -0.46646875 0
v -0.0900786356209 -0.448133578431 0
v -0.08984375 -0.46575 0
v -0.080859375 -0.46646875 0
v -0.071875 -0.4671875 0
v -0.071875 -0.44921875 0
v -0.0900786356209 0.448133578431 0
v -0.071875 0.44921875 0
v -0.071875 0.4671875 0
v -0.080859375 0.46646875 0
v -0.08984375 0.46575 0
v -0.098828125 0.46646875 0
v -0.062890625 -0.46646875 0
v -0.0542706163194 -0.448854383681 0
v -0.05390625 -0.46575 0
v -0.044921875 -0.46646875 0
v -0.0359375 -0.4671875 0
v -0.03665625 -0.458203125 0
v -0.037375 -0.44921875 0
v -0.03665625 -0.440234375 0
v -0.0359375 -0.43125 0
v -0.05390625 -0.43125 0
v -0.0546342147436 -0.41305088141 0
v -0.0359375 -0.41328125 0
v -0.0359375 -0.3953125 0
v -0.05534375 -0.3953125 0
v -0.0543854166667 -0.376864583333 0
v -0.0359375 -0.37590625 0
v -0.0543854166667 0.376864583333 0
v -0.0359375 0.37590625 0
v -0.0359375 0.3953125 0
v -0.05534375 0.3953125 0
v -0.0546342147436 0.41305088141 0
v -0.0359375 0.41328125 0
v -0.0359375 0.43125 0
v -0.05390625 0.43125 0
v -0.0542706163194 0.448854383681 0
v -0.03665625 0.440234375 0
v -0.037375 0.44921875 0
v -0.03665625 0.458203125 0
v -0.0359375 0.4671875 0
v -0.044921875 0.46646875 0
v -0.05390625 0.46575 0
v -0.062890625 0.46646875 0
v -0.026953125 -0.43053125 0
v -0.01796875 -0.412924319728 0
v -0.01796875 -0.4298125 0
v -0.008984375 -0.43053125 0
v 0 -0.43125 0
v 0 -0.41328125 0
v 0 -0.3953125 0
v -0.01796875 -0.3953125 0
v -0.0181991185897 -0.376615785256 0
v 0 -0.37734375 0
v -0.0181991185897 0.376615785256 0
v 0 0.37734375 0
v 0 0.3953125 0
v -0.01796875 0.3953125 0
v -0.01796875 0.412924319728 0
v 0 0.41328125 0
v 0 0.43125 0
v -0.008984375 0.43053125 0
v -0.01796875 0.4298125 0
v -0.026953125 0.43053125 0
v 0.008984375 -0.43053125 0
v 0.01796875 -0.412924319728 0
v 0.01796875 -0.4298125 0
v 0.026953125 -0.43053125 0
v 0.0359375 -0.43125 0
v 0.0359375 -0.41328125 0
v 0.0359375 -0.3953125 0
v 0.01796875 -0.3953125 0
v 0.0181991185897 -0.376615785256 0
v 0.0359375 -0.37590625 0
v 0.0181991185897 0.376615785256 0
v 0.0359375 0.37590625 0
v 0.0359375 0.3953125 0
v 0.01796875 0.3953125 0
v 0.01796875 0.412924319728 0
v 0.0359375 0.41328125 0
v 0.0359375 0.43125 0
v 0.026953125 0.43053125 0
v 0.01796875 0.4298125 0
v 0.008984375 0.43053125 0
v 0.0359375 -0.4671875 0
v 0.044921875 -0.46646875 0
v 0.0542706163194 -0.448854383681 0
v 0.03665625 -0.458203125 0
v 0.05390625 -0.46575 0
v 0.062890625 -0.46646875 0
v 0.071875 -0.4671875 0
v 0.071875 -0.44921875 0
v 0.05390625 -0.43125 0
v 0.03665625 -0.440234375 0
v 0.037375 -0.44921875 0
v 0.0546342147436 -0.41305088141 0
v 0.05534375 -0.3953125 0
v 0.0543854166667 -0.376864583333 0
v 0.0543854166667 0.376864583333 0
v 0.05534375 0.3953125 0
v 0.0546342147436 0.41305088141 0
v 0.05390625 0.43125 0
v 0.0542706163194 0.448854383681 0
v 0.03665625 0.440234375 0
v 0.071875 0.44921875 0
v 0.071875 0.4671875 0
v 0.062890625 0.46646875 0
v 0.05390625 0.46575 0
v 0.044921875 0.46646875 0
v 0.0359375 0.4671875 0
v 0.03665625 0.458203125 0
v 0.037375 0.44921875 0
v 0.080859375 -0.46646875 0
v 0.0900786356209 -0.448133578431 0
v 0.08984375 -0.46575 0
v 0.098828125 -0.46646875 0
v 0.1078125 -0.4671875 0
v 0.1078125 -0.44778125 0
v 0.0900786356209 0.448133578431 0
v 0.1078125 0.44778125 0
v 0.1078125 0.4671875 0
v 0.098828125 0.46646875 0
v 0.08984375 0.46575 0
v 0.080859375 0.46646875 0
v 0.1078125 -0.503125 0
v 0.116796875 -0.50240625 0
v 0.126145616319 -0.484791883681 0
v 0.10853125 -0.494140625 0
v 0.12578125 -0.5016875 0
v 0.134765625 -0.50240625 0
v 0.14375 -0.503125 0
v 0.14375 -0.48515625 0
v 0.14375 -0.4671875 0
v 0.12578125 -0.4671875 0
v 0.10853125 -0.476171875 0
v 0.10925 -0.48515625 0
v 0.12555088141 -0.448490785256 0
v 0.14375 -0.44921875 0
v 0.12555088141 0.448490785256 0
v 0.14375 0.44921875 0
v 0.14375 0.4671875 0
v 0.12578125 0.4671875 0
v 0.126145616319 0.484791883681 0
v 0.10853125 0.476171875 0
v 0.14375 0.48515625 0
v 0.14375 0.503125 0
v 0.134765625 0.50240625 0
v 0.12578125 0.5016875 0
v 0.116796875 0.50240625 0
v 0.1078125 0.503125 0
v 0.10853125 0.494140625 0
v 0.10925 0.48515625 0
v 0.152734375 -0.50240625 0
v 0.16171875 -0.484799319728 0
v 0.16171875 -0.5016875 0
v 0.170703125 -0.50240625 0
v 0.1796875 -0.503125 0
v 0.1796875 -0.48515625 0
v 0.1796875 -0.4671875 0
v 0.16171875 -0.4671875 0
v 0.16194911859 -0.448490785256 0
v 0.1796875 -0.44778125 0
v 0.16194911859 0.448490785256 0
v 0.1796875 0.44778125 0
v 0.1796875 0.4671875 0
v 0.16171875 0.4671875 0
v 0.16171875 0.484799319728 0
v 0.1796875 0.48515625 0
v 0.1796875 0.503125 0
v 0.170703125 0.50240625 0
v 0.16171875 0.5016875 0
v 0.152734375 0.50240625 0
v 0.1796875 -0.5390625 0
v 0.188671875 -0.53834375 0
v 0.198020616319 -0.520729383681 0
v 0.18040625 -0.530078125 0
v 0.19765625 -0.537625 0
v 0.206640625 -0.53834375 0
v 0.215625 -0.5390625 0
v 0.215625 -0.52109375 0
v 0.19765625 -0.503125 0
v 0.18040625 -0.512109375 0
v 0.181125 -0.52109375 0
v 0.198384214744 -0.48492588141 0
v 0.19909375 -0.4671875 0
v 0.198135416667 -0.448739583333 0
v 0.198135416667 0.448739583333 0
v 0.19909375 0.4671875 0
v 0.198384214744 0.48492588141 0
v 0.19765625 0.503125 0
v 0.198020616319 0.520729383681 0
v 0.18040625 0.512109375 0
v 0.215625 0.52109375 0
v 0.215625 0.5390625 0
v 0.206640625 0.53834375 0
v 0.19765625 0.537625 0
v 0.188671875 0.53834375 0
v 0.1796875 0.5390625 0
v 0.18040625 0.530078125 0
v 0.181125 0.52109375 0
v 0.224609375 -0.53834375 0
v 0.233828635621 -0.520008578431 0
v 0.23359375 -0.537625 0
v 0.242578125 -0.53834375 0
v 0.2515625 -0.5390625 0
v 0.2515625 -0.51965625 0
v 0.233828635621 0.520008578431 0
v 0.2515625 0.51965625 0
v 0.2515625 0.5390625 0
v 0.242578125 0.53834375 0
v 0.23359375 0.537625 0
v 0.224609375 0.53834375 0
v 0.260546875 -0.53834375 0
v 0.269296364379 -0.520008578431 0
v 0.26953125 -0.537625 0
v 0.278515625 -0.53834375 0
v 0.2875 -0.5390625 0
v 0.2875 -0.52109375 0
v 0.269296364379 0.520008578431 0
v 0.2875 0.52109375 0
v 0.2875 0.5390625 0
v 0.278515625 0.53834375 0
v 0.26953125 0.537625 0
v 0.260546875 0.53834375 0
v 0.296484375 -0.53834375 0
v 0.305703635621 -0.520008578431 0
v 0.30546875 -0.537625 0
v 0.314453125 -0.53834375 0
v 0.3234375 -0.5390625 0
v 0.3234375 -0.51965625 0
v 0.305703635621 0.520008578431 0
v 0.3234375 0.51965625 0
v 0.3234375 0.5390625 0
v 0.314453125 0.53834375 0
v 0.30546875 0.537625 0
v 0.296484375 0.53834375 0
v 0.332421875 -0.53834375 0
v 0.341171364379 -0.520008578431 0
v 0.34140625 -0.537625 0
v 0.350390625 -0.53834375 0
v 0.359375 -0.5390625 0
v 0.359375 -0.52109375 0
v 0.341171364379 0.520008578431 0
v 0.359375 0.52109375 0
v 0.359375 0.5390625 0
v 0.350390625 0.53834375 0
v 0.34140625 0.537625 0
v 0.332421875 0.53834375 0
v 0.368359375 -0.53834375 0
v 0.377578635621 -0.520008578431 0
v 0.37734375 -0.537625 0
v 0.386328125 -0.53834375 0
v 0.3953125 -0.5390625 0
v 0.3953125 -0.51965625 0
v 0.377578635621 0.520008578431 0
v 0.3953125 0.51965625 0
v 0.3953125 0.5390625 0
v 0.386328125 0.53834375 0
v 0.37734375 0.537625 0
v 0.368359375 0.53834375 0
v 0.404296875 -0.53834375 0
v 0.413046364379 -0.520008578431 0
v 0.41328125 -0.537625 0
v 0.422265625 -0.53834375 0
v 0.43125 -0.5390625 0
v 0.43125 -0.52109375 0
v 0.413046364379 0.520008578431 0
v 0.43125 0.52109375 0
v 0.43125 0.5390625 0
v 0.422265625 0.53834375 0
v 0.41328125 0.537625 0
v 0.404296875 0.53834375 0
v 0.440234375 -0.53834375 0
v 0.448854383681 -0.520729383681 0
v 0.44921875 -0.537625 0
v 0.458203125 -0.53834375 0
v 0.4671875 -0.5390625 0
v 0.46646875 -0.530078125 0
v 0.46575 -0.52109375 0
v 0.46646875 -0.512109375 0
v 0.4671875 -0.503125 0
v 0.44921875 -0.503125 0
v 0.448490785256 -0.48492588141 0
v 0.4671875 -0.48515625 0
v 0.4671875 -0.4671875 0
v 0.44778125 -0.4671875 0
v 0.448739583333 -0.448739583333 0
v 0.4671875 -0.44778125 0
v 0.448739583333 0.448739583333 0
v 0.4671875 0.44778125 0
v 0.4671875 0.4671875 0
v 0.44778125 0.4671875 0
v 0.448490785256 0.48492588141 0
v 0.4671875 0.48515625 0
v 0.4671875 0.503125 0
v 0.44921875 0.503125 0
v 0.448854383681 0.520729383681 0
v 0.46646875 0.512109375 0
v 0.46575 0.52109375 0
v 0.46646875 0.530078125 0
v 0.4671875 0.5390625 0
v 0.458203125 0.53834375 0
v 0.44921875 0.537625 0
v 0.440234375 0.53834375 0
v 0.476171875 -0.50240625 0
v 0.48515625 -0.484799319728 0
v 0.48515625 -0.5016875 0
v 0.494140625 -0.50240625 0
v 0.503125 -0.503125 0
v 0.503125 -0.48515625 0
v 0.503125 -0.4671875 0
v 0.48515625 -0.4671875 0
v 0.48492588141 -0.448490785256 0
v 0.503125 -0.44921875 0
v 0.48492588141 0.448490785256 0
v 0.503125 0.44921875 0
v 0.503125 0.4671875 0
v 0.48515625 0.4671875 0
v 0.48515625 0.484799319728 0
v 0.503125 0.48515625 0
v 0.503125 0.503125 0
v 0.494140625 0.50240625 0
v 0.48515625 0.5016875 0
v 0.476171875 0.50240625 0
v 0.512109375 -0.50240625 0
v 0.52109375 -0.484799319728 0
v 0.52109375 -0.5016875 0
v 0.530078125 -0.50240625 0
v 0.5390625 -0.503125 0
v 0.5390625 -0.48515625 0
v 0.5390625 -0.4671875 0
v 0.52109375 -0.4671875 0
v 0.52132411859 -0.448490785256 0
v 0.5390625 -0.44778125 0
v 0.52132411859 0.448490785256 0
v 0.5390625 0.44778125 0
v 0.5390625 0.4671875 0
v 0.52109375 0.4671875 0
v 0.52109375 0.484799319728 0
v 0.5390625 0.48515625 0
v 0.5390625 0.503125 0
v 0.530078125 0.50240625 0
v 0.52109375 0.5016875 0
v 0.512109375 0.50240625 0
v 0.548046875 -0.50240625 0
v 0.556666883681 -0.484791883681 0
v 0.55703125 -0.5016875 0
v 0.566015625 -0.50240625 0
v 0.575 -0.503125 0
v 0.57428125 -0.494140625 0
v 0.5735625 -0.48515625 0
v 0.57428125 -0.476171875 0
v 0.575 -0.4671875 0
v 0.55703125 -0.4671875 0
v 0.55680088141 -0.448490785256 0
v 0.575 -0.44921875 0
v 0.55680088141 0.448490785256 0
v 0.575 0.44921875 0
v 0.575 0.4671875 0
v 0.55703125 0.4671875 0
v 0.556666883681 0.484791883681 0
v 0.57428125 0.476171875 0
v 0.5735625 0.48515625 0
v 0.57428125 0.494140625 0
v 0.575 0.503125 0
v 0.566015625 0.50240625 0
v 0.55703125 0.5016875 0
v 0.548046875 0.50240625 0
v 0.583984375 -0.46646875 0
v 0.592604383681 -0.448854383681 0
v 0.59296875 -0.46575 0
v 0.601953125 -0.46646875 0
v 0.6109375 -0.4671875 0
v 0.61021875 -0.458203125 0
v 0.6095 -0.44921875 0
v 0.61021875 -0.440234375 0
v 0.6109375 -0.43125 0
v 0.59296875 -0.43125 0
v 0.592240785256 -0.41305088141 0
v 0.6109375 -0.41328125 0
v 0.6109375 -0.3953125 0
v 0.59153125 -0.3953125 0
v 0.592489583333 -0.376864583333 0
v 0.6109375 -0.37590625 0
v 0.592489583333 0.376864583333 0
v 0.6109375 0.37590625 0
v 0.6109375 0.3953125 0
v 0.59153125 0.3953125 0
v 0.592240785256 0.41305088141 0
v 0.6109375 0.41328125 0
v 0.6109375 0.43125 0
v 0.59296875 0.43125 0
v 0.592604383681 0.448854383681 0
v 0.61021875 0.440234375 0
v 0.6095 0.44921875 0
v 0.61021875 0.458203125 0
v 0.6109375 0.4671875 0
v 0.601953125 0.46646875 0
v 0.59296875 0.46575 0
v 0.583984375 0.46646875 0
v 0.619921875 -0.43053125 0
v 0.62890625 -0.412924319728 0
v 0.62890625 -0.4298125 0
v 0.637890625 -0.43053125 0
v 0.646875 -0.43125 0
v 0.646875 -0.41328125 0
v 0.646875 -0.3953125 0
v 0.62890625 -0.3953125 0
v 0.62867588141 -0.376615785256 0
v 0.646875 -0.37734375 0
v 0.62867588141 0.376615785256 0
v 0.646875 0.37734375 0
v 0.646875 0.3953125 0
v 0.62890625 0.3953125 0
v 0.62890625 0.412924319728 0
v 0.646875 0.41328125 0
v 0.646875 0.43125 0
v 0.637890625 0.43053125 0
v 0.62890625 0.4298125 0
v 0.619921875 0.43053125 0
v 0.655859375 -0.43053125 0
v 0.664479383681 -0.412916883681 0
v 0.66484375 -0.4298125 0
v 0.673828125 -0.43053125 0
v 0.6828125 -0.43125 0
v 0.68209375 -0.422265625 0
v 0.681375 -0.41328125 0
v 0.68209375 -0.404296875 0
v 0.6828125 -0.3953125 0
v 0.66484375 -0.3953125 0
v 0.66484375 -0.37734375 0
v 0.6828125 -0.37734375 0
v 0.6828125 -0.359375 0
v 0.66484375 -0.359375 0
v 0.664115785256 -0.34117588141 0
v 0.6828125 -0.34140625 0
v 0.6828125 -0.3234375 0
v 0.66340625 -0.3234375 0
v 0.664364583333 -0.304989583333 0
v 0.6828125 -0.30403125 0
v 0.664364583333 0.304989583333 0
v 0.6828125 0.30403125 0
v 0.6828125 0.3234375 0
v 0.66340625 0.3234375 0
v 0.664115785256 0.34117588141 0
v 0.6828125 0.34140625 0
v 0.6828125 0.359375 0
v 0.66484375 0.359375 0
v 0.66484375 0.37734375 0
v 0.6828125 0.37734375 0
v 0.6828125 0.3953125 0
v 0.66484375 0.3953125 0
v 0.664479383681 0.412916883681 0
v 0.68209375 0.404296875 0
v 0.681375 0.41328125 0
v 0.68209375 0.422265625 0
v 0.6828125 0.43125 0
v 0.673828125 0.43053125 0
v 0.66484375 0.4298125 0
v 0.655859375 0.43053125 0
v 0.691796875 -0.39459375 0
v 0.70041688368 -0.376979383681 0
v 0.70078125 -0.393875 0
v 0.709765625 -0.39459375 0
v 0.71875 -0.3953125 0
v 0.71803125 -0.386328125 0
v 0.7173125 -0.37734375 0
v 0.71803125 -0.368359375 0
v 0.71875 -0.359375 0
v 0.70078125 -0.359375 0
v 0.70078125 -0.34140625 0
v 0.71875 -0.34140625 0
v 0.71875 -0.3234375 0
v 0.70078125 -0.3234375 0
v 0.70055088141 -0.304740785256 0
v 0.71875 -0.30546875 0
v 0.70055088141 0.304740785256 0
v 0.71875 0.30546875 0
v 0.71875 0.3234375 0
v 0.70078125 0.3234375 0
v 0.70078125 0.34140625 0
v 0.71875 0.34140625 0
v 0.71875 0.359375 0
v 0.70078125 0.359375 0
v 0.70041688368 0.376979383681 0
v 0.71803125 0.368359375 0
v 0.7173125 0.37734375 0
v 0.71803125 0.386328125 0
v 0.71875 0.3953125 0
v 0.709765625 0.39459375 0
v 0.70078125 0.393875 0
v 0.691796875 0.39459375 0
v 0.727734375 -0.35865625 0
v 0.736354383681 -0.341041883681 0
v 0.73671875 -0.3579375 0
v 0.745703125 -0.35865625 0
v 0.7546875 -0.359375 0
v 0.75396875 -0.350390625 0
v 0.75325 -0.34140625 0
v 0.75396875 -0.332421875 0
v 0.7546875 -0.3234375 0
v 0.73671875 -0.3234375 0
v 0.736361819728 -0.30546875 0
v 0.75396875 -0.314453125 0
v 0.75325 -0.30546875 0
v 0.75396875 -0.296484375 0
v 0.7546875 -0.2875 0
v 0.73671875 -0.2875 0
v 0.735990785256 -0.26930088141 0
v 0.7546875 -0.26953125 0
v 0.7546875 -0.2515625 0
v 0.73528125 -0.2515625 0
v 0.736239583333 -0.233114583333 0
v 0.7546875 -0.23215625 0
v 0.736239583333 0.233114583333 0
v 0.7546875 0.23215625 0
v 0.7546875 0.2515625 0
v 0.73528125 0.2515625 0
v 0.735990785256 0.26930088141 0
v 0.7546875 0.26953125 0
v 0.7546875 0.2875 0
v 0.73671875 0.2875 0
v 0.736361819728 0.30546875 0
v 0.75396875 0.296484375 0
v 0.75325 0.30546875 0
v 0.75396875 0.314453125 0
v 0.7546875 0.3234375 0
v 0.73671875 0.3234375 0
v 0.736354383681 0.341041883681 0
v 0.75396875 0.332421875 0
v 0.75325 0.34140625 0
v 0.75396875 0.350390625 0
v 0.7546875 0.359375 0
v 0.745703125 0.35865625 0
v 0.73671875 0.3579375 0
v 0.727734375 0.35865625 0
v 0.763671875 -0.28678125 0
v 0.772291883681 -0.269166883681 0
v 0.77265625 -0.2860625 0
v 0.781640625 -0.28678125 0
v 0.790625 -0.2875 0
v 0.78990625 -0.278515625 0
v 0.7891875 -0.26953125 0
v 0.78990625 -0.260546875 0
v 0.790625 -0.2515625 0
v 0.77265625 -0.2515625 0
v 0.77242588141 -0.232865785256 0
v 0.790625 -0.23359375 0
v 0.77242588141 0.232865785256 0
v 0.790625 0.23359375 0
v 0.790625 0.2515625 0
v 0.77265625 0.2515625 0
v 0.772291883681 0.269166883681 0
v 0.78990625 0.260546875 0
v 0.7891875 0.26953125 0
v 0.78990625 0.278515625 0
v 0.790625 0.2875 0
v 0.781640625 0.28678125 0
v 0.77265625 0.2860625 0
v 0.763671875 0.28678125 0
v 0.799609375 -0.25084375 0
v 0.808229383681 -0.233229383681 0
v 0.80859375 -0.250125 0
v 0.817578125 -0.25084375 0
v 0.8265625 -0.2515625 0
v 0.82584375 -0.242578125 0
v 0.825125 -0.23359375 0
v 0.82584375 -0.224609375 0
v 0.8265625 -0.215625 0
v 0.80859375 -0.215625 0
v 0.807508578431 -0.197421364379 0
v 0.82584375 -0.206640625 0
v 0.825125 -0.19765625 0
v 0.82584375 -0.188671875 0
v 0.8265625 -0.1796875 0
v 0.80715625 -0.1796875 0
v 0.807508578431 -0.161953635621 0
v 0.82584375 -0.170703125 0
v 0.825125 -0.16171875 0
v 0.82584375 -0.152734375 0
v 0.8265625 -0.14375 0
v 0.80859375 -0.14375 0
v 0.807865785256 -0.12555088141 0
v 0.8265625 -0.12578125 0
v 0.8265625 -0.1078125 0
v 0.80715625 -0.1078125 0
v 0.807865785256 -0.0900741185897 0
v 0.8265625 -0.08984375 0
v 0.8265625 -0.071875 0
v 0.80859375 -0.071875 0
v 0.807865785256 -0.0536758814103 0
v 0.8265625 -0.05390625 0
v 0.8265625 -0.0359375 0
v 0.80715625 -0.0359375 0
v 0.807865785256 -0.0181991185897 0
v 0.8265625 -0.01796875 0
v 0.8265625 0 0
v 0.80859375 0 0
v 0.807865785256 0.0181991185897 0
v 0.8265625 0.01796875 0
v 0.8265625 0.0359375 0
v 0.80715625 0.0359375 0
v 0.807865785256 0.0536758814103 0
v 0.8265625 0.05390625 0
v 0.8265625 0.071875 0
v 0.80859375 0.071875 0
v 0.807865785256 0.0900741185897 0
v 0.8265625 0.08984375 0
v 0.8265625 0.1078125 0
v 0.80715625 0.1078125 0
v 0.807865785256 0.12555088141 0
v 0.8265625 0.12578125 0
v 0.8265625 0.14375 0
v 0.80859375 0.14375 0
v 0.807508578431 0.161953635621 0
v 0.82584375 0.152734375 0
v 0.825125 0.16171875 0
v 0.82584375 0.170703125 0
v 0.8265625 0.1796875 0
v 0.80715625 0.1796875 0
v 0.807508578431 0.197421364379 0
v 0.82584375 0.188671875 0
v 0.825125 0.19765625 0
v 0.82584375 0.206640625 0
v 0.8265625 0.215625 0
v 0.80859375 0.215625 0
v 0.808229383681 0.233229383681 0
v 0.82584375 0.224609375 0
v 0.825125 0.23359375 0
v 0.82584375 0.242578125 0
v 0.8265625 0.2515625 0
v 0.817578125 0.25084375 0
v 0.80859375 0.250125 0
v 0.799609375 0.25084375 0
v 0.835546875 -0.14303125 0
v 0.844166883681 -0.125416883681 0
v 0.84453125 -0.1423125 0
v 0.853515625 -0.14303125 0
v 0.8625 -0.14375 0
v 0.86178125 -0.134765625 0
v 0.8610625 -0.12578125 0
v 0.86178125 -0.116796875 0
v 0.8625 -0.1078125 0
v 0.84453125 -0.1078125 0
v 0.844174319728 -0.08984375 0
v 0.86178125 -0.098828125 0
v 0.8610625 -0.08984375 0
v 0.86178125 -0.080859375 0
v 0.8625 -0.071875 0
v 0.84453125 -0.071875 0
v 0.844174319728 -0.05390625 0
v 0.86178125 -0.062890625 0
v 0.8610625 -0.05390625 0
v 0.86178125 -0.044921875 0
v 0.8625 -0.0359375 0
v 0.84453125 -0.0359375 0
v 0.844174319728 -0.01796875 0
v 0.86178125 -0.026953125 0
v 0.8610625 -0.01796875 0
v 0.86178125 -0.008984375 0
v 0.8625 0 0
v 0.84453125 0 0
v 0.844174319728 0.01796875 0
v 0.86178125 0.008984375 0
v 0.8610625 0.01796875 0
v 0.86178125 0.026953125 0
v 0.8625 0.0359375 0
v 0.84453125 0.0359375 0
v 0.844174319728 0.05390625 0
v 0.86178125 0.044921875 0
v 0.8610625 0.05390625 0
v 0.86178125 0.062890625 0
v 0.8625 0.071875 0
v 0.84453125 0.071875 0
v 0.844174319728 0.08984375 0
v 0.86178125 0.080859375 0
v 0.8610625 0.08984375 0
v 0.86178125 0.098828125 0
v 0.8625 0.1078125 0
v 0.84453125 0.1078125 0
v 0.844166883681 0.125416883681 0
v 0.86178125 0.116796875 0
v 0.8610625 0.12578125 0
v 0.86178125 0.134765625 0
v 0.8625 0.14375 0
v 0.853515625 0.14303125 0
v 0.84453125 0.1423125 0
v 0.835546875 0.14303125 0
v -0.898096821749 -0.116901672867 0
v -0.896762255496 -0.11207165908 0
v -0.897833511799 -0.110502909913 0
v -0.899036423077 -0.112133542223 0
v -0.895427689244 -0.107241645294 0
v -0.897701856824 -0.107303528436 0
v -0.899976024405 -0.107365411579 0
v -0.899212354978 -0.0985762260734 0
v -0.901487619788 -0.0986045807894 0
v -0.896932594622 -0.0985426976468 0
v -0.8984375 -0.08984375 0
v -0.900718357585 -0.08984375 0
v -0.90299921517 -0.08984375 0
v -0.901396656434 -0.0802091767014 0
v -0.904264261589 -0.080859375 0
v -0.8984375 -0.080859375 0
v -0.8984375 -0.071875 0
v -0.901983404003 -0.071875 0
v -0.905529308007 -0.071875 0
v -0.902493284497 -0.0625269962908 0
v -0.906509401233 -0.062890625 0
v -0.8984375 -0.062890625 0
v -0.8984375 -0.05390625 0
v -0.90296349723 -0.05390625 0
v -0.907489494459 -0.05390625 0
v -0.903320843667 -0.0447074686093 0
v -0.908187529181 -0.044921875 0
v -0.8984375 -0.044921875 0
v -0.8984375 -0.0359375 0
v -0.903661531951 -0.0359375 0
v -0.908885563902 -0.0359375 0
v -0.903873219071 -0.0268379164824 0
v -0.909303577861 -0.026953125 0
v -0.8984375 -0.026953125 0
v -0.8984375 -0.01796875 0
v -0.90407954591 -0.01796875 0
v -0.909721591821 -0.01796875 0
v -0.904149430678 -0.00894788051973 0
v -0.90986079591 -0.008984375 0
v -0.8984375 -0.008984375 0
v -0.8984375 0 0
v -0.90421875 0 0
v -0.91 0 0
v -0.904149430678 0.00894788051973 0
v -0.90986079591 0.008984375 0
v -0.8984375 0.008984375 0
v -0.8984375 0.01796875 0
v -0.90407954591 0.01796875 0
v -0.909721591821 0.01796875 0
v -0.903873219071 0.0268379164824 0
v -0.909303577861 0.026953125 0
v -0.8984375 0.026953125 0
v -0.8984375 0.0359375 0
v -0.903661531951 0.0359375 0
v -0.908885563902 0.0359375 0
v -0.903320843667 0.0447074686093 0
v -0.908187529181 0.044921875 0
v -0.8984375 0.044921875 0
v -0.8984375 0.05390625 0
v -0.90296349723 0.05390625 0
v -0.907489494459 0.05390625 0
v -0.902493284497 0.0625269962908 0
v -0.906509401233 0.062890625 0
v -0.8984375 0.062890625 0
v -0.8984375 0.071875 0
v -0.901983404003 0.071875 0
v -0.905529308007 0.071875 0
v -0.901396656434 0.0802091767014 0
v -0.904264261589 0.080859375 0
v -0.8984375 0.080859375 0
v -0.8984375 0.08984375 0
v -0.900718357585 0.08984375 0
v -0.90299921517 0.08984375 0
v -0.899212354978 0.0985762260734 0
v -0.901487619788 0.0986045807894 0
v -0.896932594622 0.0985426976468 0
v -0.895427689244 0.107241645294 0
v -0.897701856824 0.107303528436 0
v -0.899976024405 0.107365411579 0
v -0.897833511799 0.110502909913 0
v -0.899036423077 0.112133542223 0
v -0.896762255496 0.11207165908 0
v -0.898096821749 0.116901672867 0
v -0.878735836376 -0.187853618216 0
v -0.87791676672 -0.18322035887 0
v -0.879192384501 -0.181755795744 0
v -0.880239728219 -0.183340143853 0
v -0.877097697063 -0.178587099524 0
v -0.879420658563 -0.178706884507 0
v -0.881743620062 -0.178826669491 0
v -0.881701315481 -0.169753675904 0
v -0.884370932964 -0.170272709745 0
v -0.878783223532 -0.170152924762 0
v -0.88046875 -0.16171875 0
v -0.883733497933 -0.16171875 0
v -0.886998245867 -0.16171875 0
v -0.885071530569 -0.151916585157 0
v -0.889451048314 -0.152734375 0
v -0.88046875 -0.152734375 0
v -0.88046875 -0.14375 0
v -0.88618630038 -0.14375 0
v -0.891903850761 -0.14375 0
v -0.887272527136 -0.134397079937 0
v -0.894007580405 -0.134958247844 0
v -0.88046875 -0.134765625 0
v -0.88046875 -0.12578125 0
v -0.888290030025 -0.125973872844 0
v -0.896111310049 -0.126166495688 0
v -0.888789907046 -0.116813571119 0
v -0.897104065899 -0.121534084277 0
v -0.88046875 -0.116796875 0
v -0.88046875 -0.1078125 0
v -0.887948219622 -0.107527072647 0
v -0.88867559269 -0.0984121021554 0
v -0.88046875 -0.098828125 0
v -0.88046875 -0.08984375 0
v -0.889453125 -0.08984375 0
v -0.889453125 -0.080859375 0
v -0.88046875 -0.080859375 0
v -0.88046875 -0.071875 0
v -0.889453125 -0.071875 0
v -0.889453125 -0.062890625 0
v -0.88046875 -0.062890625 0
v -0.88046875 -0.05390625 0
v -0.889453125 -0.05390625 0
v -0.889453125 -0.044921875 0
v -0.88046875 -0.044921875 0
v -0.88046875 -0.0359375 0
v -0.889453125 -0.0359375 0
v -0.889453125 -0.026953125 0
v -0.88046875 -0.026953125 0
v -0.88046875 -0.01796875 0
v -0.889453125 -0.01796875 0
v -0.889453125 -0.008984375 0
v -0.88046875 -0.008984375 0
v -0.88046875 0 0
v -0.889453125 0 0
v -0.889453125 0.008984375 0
v -0.88046875 0.008984375 0
v -0.88046875 0.01796875 0
v -0.889453125 0.01796875 0
v -0.889453125 0.026953125 0
v -0.88046875 0.026953125 0
v -0.88046875 0.0359375 0
v -0.889453125 0.0359375 0
v -0.889453125 0.044921875 0
v -0.88046875 0.044921875 0
v -0.88046875 0.05390625 0
v -0.889453125 0.05390625 0
v -0.889453125 0.062890625 0
v -0.88046875 0.062890625 0
v -0.88046875 0.071875 0
v -0.889453125 0.071875 0
v -0.889453125 0.080859375 0
v -0.88046875 0.080859375 0
v -0.88046875 0.08984375 0
v -0.889453125 0.08984375 0
v -0.88867559269 0.0984121021554 0
v -0.88046875 0.098828125 0
v -0.88046875 0.1078125 0
v -0.887948219622 0.107527072647 0
v -0.888789907046 0.116813571119 0
v -0.88046875 0.116796875 0
v -0.88046875 0.12578125 0
v -0.888290030025 0.125973872844 0
v -0.896111310049 0.126166495688 0
v -0.897104065899 0.121534084277 0
v -0.887272527136 0.134397079937 0
v -0.894007580405 0.134958247844 0
v -0.88046875 0.134765625 0
v -0.88046875 0.14375 0
v -0.88618630038 0.14375 0
v -0.891903850761 0.14375 0
v -0.885071530569 0.151916585157 0
v -0.889451048314 0.152734375 0
v -0.88046875 0.152734375 0
v -0.88046875 0.16171875 0
v -0.883733497933 0.16171875 0
v -0.886998245867 0.16171875 0
v -0.881701315481 0.169753675904 0
v -0.884370932964 0.170272709745 0
v -0.878783223532 0.170152924762 0
v -0.877097697063 0.178587099524 0
v -0.879420658563 0.178706884507 0
v -0.881743620062 0.178826669491 0
v -0.879192384501 0.181755795744 0
v -0.880239728219 0.183340143853 0
v -0.87791676672 0.18322035887 0
v -0.878735836376 0.187853618216 0
v -0.864033056548 -0.226293381508 0
v -0.863266528274 -0.220959190754 0
v -0.864987374264 -0.21918112717 0
v -0.866231061395 -0.220959190754 0
v -0.8625 -0.215625 0
v -0.865464533121 -0.215625 0
v -0.868429066243 -0.215625 0
v -0.867386799513 -0.205543823738 0
v -0.871855325574 -0.206640625 0
v -0.8625 -0.206640625 0
v -0.8625 -0.19765625 0
v -0.868890792452 -0.19765625 0
v -0.875281584904 -0.19765625 0
v -0.87007904276 -0.18818105668 0
v -0.87700871064 -0.192754934108 0
v -0.8625 -0.188671875 0
v -0.8625 -0.1796875 0
v -0.869798848532 -0.179137299762 0
v -0.870576800807 -0.170120214722 0
v -0.8625 -0.170703125 0
v -0.8625 -0.16171875 0
v -0.871484375 -0.16171875 0
v -0.871484375 -0.152734375 0
v -0.8625 -0.152734375 0
v -0.871484375 -0.14375 0
v -0.871120392628 -0.134650440705 0
v -0.870765625 -0.12578125 0
v -0.871120392628 -0.116912059295 0
v -0.871484375 -0.1078125 0
v -0.871120392628 -0.0987129407051 0
v -0.870765625 -0.08984375 0
v -0.871120392628 -0.0809745592949 0
v -0.871484375 -0.071875 0
v -0.871120392628 -0.0627754407051 0
v -0.870765625 -0.05390625 0
v -0.871120392628 -0.0450370592949 0
v -0.871484375 -0.0359375 0
v -0.871120392628 -0.0268379407051 0
v -0.870765625 -0.01796875 0
v -0.871120392628 -0.00909955929487 0
v -0.871484375 0 0
v -0.871120392628 0.00909955929487 0
v -0.870765625 0.01796875 0
v -0.871120392628 0.0268379407051 0
v -0.871484375 0.0359375 0
v -0.871120392628 0.0450370592949 0
v -0.870765625 0.05390625 0
v -0.871120392628 0.0627754407051 0
v -0.871484375 0.071875 0
v -0.871120392628 0.0809745592949 0
v -0.870765625 0.08984375 0
v -0.871120392628 0.0987129407051 0
v -0.871484375 0.1078125 0
v -0.871120392628 0.116912059295 0
v -0.870765625 0.12578125 0
v -0.871120392628 0.134650440705 0
v -0.871484375 0.14375 0
v -0.871484375 0.152734375 0
v -0.8625 0.152734375 0
v -0.8625 0.16171875 0
v -0.871484375 0.16171875 0
v -0.870576800807 0.170120214722 0
v -0.8625 0.170703125 0
v -0.8625 0.1796875 0
v -0.869798848532 0.179137299762 0
v -0.870079042759 0.18818105668 0
v -0.8625 0.188671875 0
v -0.8625 0.19765625 0
v -0.868890792452 0.19765625 0
v -0.875281584904 0.19765625 0
v -0.87700871064 0.192754934108 0
v -0.867386799513 0.205543823738 0
v -0.871855325574 0.206640625 0
v -0.8625 0.206640625 0
v -0.8625 0.215625 0
v -0.865464533121 0.215625 0
v -0.868429066243 0.215625 0
v -0.864987374264 0.21918112717 0
v -0.866231061395 0.220959190754 0
v -0.863266528274 0.220959190754 0
v -0.864033056548 0.226293381508 0
v -0.84653785466 -0.263796597217 0
v -0.84553455233 -0.257679548608 0
v -0.847891471091 -0.255640532405 0
v -0.849571581638 -0.257679548608 0
v -0.84453125 -0.2515625 0
v -0.848568279308 -0.2515625 0
v -0.852605308616 -0.2515625 0
v -0.850717559457 -0.241836773146 0
v -0.856537795844 -0.243043007169 0
v -0.84453125 -0.242578125 0
v -0.84453125 -0.23359375 0
v -0.852500766536 -0.234058632169 0
v -0.860470283072 -0.234523514337 0
v -0.853784901571 -0.224725922766 0
v -0.86225166981 -0.230408447923 0
v -0.84453125 -0.224609375 0
v -0.84453125 -0.215625 0
v -0.853515625 -0.215625 0
v -0.853515625 -0.206640625 0
v -0.84453125 -0.206640625 0
v -0.84453125 -0.19765625 0
v -0.853515625 -0.19765625 0
v -0.853515625 -0.188671875 0
v -0.84453125 -0.188671875 0
v -0.84453125 -0.1796875 0
v -0.853515625 -0.1796875 0
v -0.853515625 -0.170703125 0
v -0.84453125 -0.170703125 0
v -0.84453125 -0.16171875 0
v -0.853515625 -0.16171875 0
v -0.853400440705 -0.152370392628 0
v -0.84453125 -0.152015625 0
v -0.853400440705 0.152370392628 0
v -0.84453125 0.152015625 0
v -0.84453125 0.16171875 0
v -0.853515625 0.16171875 0
v -0.853515625 0.170703125 0
v -0.84453125 0.170703125 0
v -0.84453125 0.1796875 0
v -0.853515625 0.1796875 0
v -0.853515625 0.188671875 0
v -0.84453125 0.188671875 0
v -0.84453125 0.19765625 0
v -0.853515625 0.19765625 0
v -0.853515625 0.206640625 0
v -0.84453125 0.206640625 0
v -0.84453125 0.215625 0
v -0.853515625 0.215625 0
v -0.853784901571 0.224725922766 0
v -0.84453125 0.224609375 0
v -0.84453125 0.23359375 0
v -0.852500766536 0.234058632169 0
v -0.860470283072 0.234523514337 0
v -0.86225166981 0.230408447923 0
v -0.850717559457 0.241836773146 0
v -0.856537795844 0.243043007169 0
v -0.84453125 0.242578125 0
v -0.84453125 0.2515625 0
v -0.848568279308 0.2515625 0
v -0.852605308616 0.2515625 0
v -0.847891471091 0.255640532405 0
v -0.849571581638 0.257679548608 0
v -0.84553455233 0.257679548608 0
v -0.84653785466 0.263796597217 0
v -0.827307606535 -0.298471346166 0
v -0.826935053268 -0.292985673083 0
v -0.829199981613 -0.291157115388 0
v -0.830518722421 -0.292985673083 0
v -0.8265625 -0.2875 0
v -0.830146169153 -0.2875 0
v -0.833729838306 -0.2875 0
v -0.832694522502 -0.277688051833 0
v -0.838306937175 -0.27916599386 0
v -0.8265625 -0.278515625 0
v -0.8265625 -0.26953125 0
v -0.834723268022 -0.27018161886 0
v -0.842884036043 -0.270831987719 0
v -0.836038014503 -0.260844529057 0
v -0.844710945352 -0.267314292468 0
v -0.8265625 -0.260546875 0
v -0.835546875 -0.2515625 0
v -0.835182892628 -0.242462940705 0
v -0.834828125 -0.23359375 0
v -0.835182892628 -0.224724559295 0
v -0.835546875 -0.215625 0
v -0.835182892628 -0.206525440705 0
v -0.834828125 -0.19765625 0
v -0.835182892628 -0.188787059295 0
v -0.835546875 -0.1796875 0
v -0.835182892628 -0.170587940705 0
v -0.834828125 -0.16171875 0
v -0.835307291667 -0.152494791667 0
v -0.835307291667 0.152494791667 0
v -0.834828125 0.16171875 0
v -0.835182892628 0.170587940705 0
v -0.835546875 0.1796875 0
v -0.835182892628 0.188787059295 0
v -0.834828125 0.19765625 0
v -0.835182892628 0.206525440705 0
v -0.835546875 0.215625 0
v -0.835182892628 0.224724559295 0
v -0.834828125 0.23359375 0
v -0.835182892628 0.242462940705 0
v -0.835546875 0.2515625 0
v -0.836038014503 0.260844529057 0
v -0.8265625 0.260546875 0
v -0.8265625 0.26953125 0
v -0.834723268022 0.27018161886 0
v -0.842884036043 0.270831987719 0
v -0.844710945352 0.267314292468 0
v -0.832694522502 0.277688051833 0
v -0.838306937175 0.27916599386 0
v -0.8265625 0.278515625 0
v -0.8265625 0.2875 0
v -0.830146169153 0.2875 0
v -0.833729838306 0.2875 0
v -0.829199981613 0.291157115388 0
v -0.830518722421 0.292985673083 0
v -0.826935053268 0.292985673083 0
v -0.827307606535 0.298471346166 0
v -0.807476354796 -0.329266352078 0
v -0.807153250457 -0.325755997205 0
v -0.808779600097 -0.324690617665 0
v -0.809754327081 -0.32591310533 0
v -0.806830146118 -0.322245642332 0
v -0.809431222741 -0.322402750457 0
v -0.812032299365 -0.322559858582 0
v -0.813016018919 -0.312809112604 0
v -0.817358402455 -0.314301151673 0
v -0.807711948059 -0.313857196166 0
v -0.80859375 -0.30546875 0
v -0.815639127772 -0.305755597382 0
v -0.822684505544 -0.306042444764 0
v -0.817467805689 -0.296360974664 0
v -0.82499605604 -0.302256895465 0
v -0.80859375 -0.296484375 0
v -0.80859375 -0.2875 0
v -0.817578125 -0.2875 0
v -0.817578125 -0.278515625 0
v -0.80859375 -0.278515625 0
v -0.80859375 -0.26953125 0
v -0.817578125 -0.26953125 0
v -0.817462940705 -0.260182892628 0
v -0.80859375 -0.259828125 0
v -0.817462940705 0.260182892628 0
v -0.80859375 0.259828125 0
v -0.80859375 0.26953125 0
v -0.817578125 0.26953125 0
v -0.817578125 0.278515625 0
v -0.80859375 0.278515625 0
v -0.80859375 0.2875 0
v -0.817578125 0.2875 0
v -0.817467805689 0.296360974664 0
v -0.80859375 0.296484375 0
v -0.80859375 0.30546875 0
v -0.815639127772 0.305755597382 0
v -0.822684505544 0.306042444764 0
v -0.82499605604 0.302256895465 0
v -0.813016018919 0.312809112604 0
v -0.817358402455 0.314301151673 0
v -0.807711948059 0.313857196166 0
v -0.806830146118 0.322245642332 0
v -0.809431222741 0.322402750457 0
v -0.812032299365 0.322559858582 0
v -0.808779600097 0.324690617665 0
v -0.809754327081 0.32591310533 0
v -0.807153250457 0.325755997205 0
v -0.807476354796 0.329266352078 0
v -0.79074869687 -0.352293398082 0
v -0.790686848435 -0.346849824041 0
v -0.793415523797 -0.345035299361 0
v -0.794810785695 -0.346849824041 0
v -0.790625 -0.34140625 0
v -0.79474893726 -0.34140625 0
v -0.79887287452 -0.34140625 0
v -0.797969769842 -0.331115261775 0
v -0.803174614658 -0.335336301039 0
v -0.790625 -0.332421875 0
v -0.790625 -0.3234375 0
v -0.798727573059 -0.322841571166 0
v -0.799073421987 -0.314003924163 0
v -0.790625 -0.314453125 0
v -0.790625 -0.30546875 0
v -0.799609375 -0.30546875 0
v -0.799609375 -0.296484375 0
v -0.790625 -0.296484375 0
v -0.799609375 -0.2875 0
v -0.799245392628 -0.278400440705 0
v -0.798890625 -0.26953125 0
v -0.799369791667 -0.260307291667 0
v -0.799369791667 0.260307291667 0
v -0.798890625 0.26953125 0
v -0.799245392628 0.278400440705 0
v -0.799609375 0.2875 0
v -0.799609375 0.296484375 0
v -0.790625 0.296484375 0
v -0.790625 0.30546875 0
v -0.799609375 0.30546875 0
v -0.799073421987 0.314003924163 0
v -0.790625 0.314453125 0
v -0.790625 0.3234375 0
v -0.798727573059 0.322841571166 0
v -0.797969769843 0.331115261775 0
v -0.790625 0.332421875 0
v -0.790625 0.34140625 0
v -0.79474893726 0.34140625 0
v -0.79887287452 0.34140625 0
v -0.803174614658 0.335336301039 0
v -0.793415523797 0.345035299361 0
v -0.794810785695 0.346849824041 0
v -0.790686848435 0.346849824041 0
v -0.79074869687 0.352293398082 0
v -0.77413882015 -0.373015694624 0
v -0.773397535075 -0.366195347312 0
v -0.777318177021 -0.363958750285 0
v -0.779649140532 -0.366250625428 0
v -0.77265625 -0.359375 0
v -0.778907855457 -0.359430278116 0
v -0.785159460915 -0.359485556233 0
v -0.781221284564 -0.350000652403 0
v -0.787954078893 -0.355889477157 0
v -0.77265625 -0.350390625 0
v -0.77265625 -0.34140625 0
v -0.781640625 -0.34140625 0
v -0.781640625 -0.332421875 0
v -0.77265625 -0.332421875 0
v -0.77265625 -0.3234375 0
v -0.781640625 -0.3234375 0
v -0.781640625 -0.314453125 0
v -0.77265625 -0.314453125 0
v -0.77265625 -0.30546875 0
v -0.781640625 -0.30546875 0
v -0.781525440705 -0.296120392628 0
v -0.77265625 -0.295765625 0
v -0.781525440705 0.296120392628 0
v -0.77265625 0.295765625 0
v -0.77265625 0.30546875 0
v -0.781640625 0.30546875 0
v -0.781640625 0.314453125 0
v -0.77265625 0.314453125 0
v -0.77265625 0.3234375 0
v -0.781640625 0.3234375 0
v -0.781640625 0.332421875 0
v -0.77265625 0.332421875 0
v -0.77265625 0.34140625 0
v -0.781640625 0.34140625 0
v -0.781221284564 0.350000652403 0
v -0.77265625 0.350390625 0
v -0.77265625 0.359375 0
v -0.778907855457 0.359430278116 0
v -0.785159460915 0.359485556233 0
v -0.787954078893 0.355889477157 0
v -0.777318177021 0.363958750285 0
v -0.779649140532 0.366250625428 0
v -0.773397535075 0.366195347312 0
v -0.77413882015 0.373015694624 0
v -0.75697390069 -0.392547179496 0
v -0.755830700345 -0.384945464748 0
v -0.760327436129 -0.382856359292 0
v -0.763147404193 -0.385612663938 0
v -0.7546875 -0.37734375 0
v -0.762004203848 -0.37801094919 0
v -0.769320907696 -0.378678148381 0
v -0.763954705781 -0.36860494224 0
v -0.771729863923 -0.375846921502 0
v -0.7546875 -0.368359375 0
v -0.763671875 -0.359375 0
v -0.763307892628 -0.350275440705 0
v -0.762953125 -0.34140625 0
v -0.763307892628 -0.332537059295 0
v -0.763671875 -0.3234375 0
v -0.763307892628 -0.314337940705 0
v -0.762953125 -0.30546875 0
v -0.763432291667 -0.296244791667 0
v -0.763432291667 0.296244791667 0
v -0.762953125 0.30546875 0
v -0.763307892628 0.314337940705 0
v -0.763671875 0.3234375 0
v -0.763307892628 0.332537059295 0
v -0.762953125 0.34140625 0
v -0.763307892628 0.350275440705 0
v -0.763671875 0.359375 0
v -0.763954705781 0.36860494224 0
v -0.7546875 0.368359375 0
v -0.7546875 0.37734375 0
v -0.762004203848 0.37801094919 0
v -0.769320907696 0.378678148381 0
v -0.771729863923 0.375846921502 0
v -0.760327436129 0.382856359292 0
v -0.763147404193 0.385612663938 0
v -0.755830700345 0.384945464748 0
v -0.75697390069 0.392547179496 0
v -0.734471366526 -0.415695698391 0
v -0.734073555802 -0.412942421944 0
v -0.735793950541 -0.412297351651 0
v -0.736853053278 -0.413351454731 0
v -0.733675745078 -0.410189145498 0
v -0.736455242554 -0.410598178284 0
v -0.739234740031 -0.411007211071 0
v -0.741147244818 -0.402375705741 0
v -0.745808929997 -0.40424495753 0
v -0.735197247539 -0.402750822749 0
v -0.73671875 -0.3953125 0
v -0.744550934981 -0.396397601995 0
v -0.752383119963 -0.397482703989 0
v -0.746358256169 -0.386951158531 0
v -0.754678510326 -0.395014941742 0
v -0.73671875 -0.386328125 0
v -0.73671875 -0.37734375 0
v -0.745703125 -0.37734375 0
v -0.745587940705 -0.367995392628 0
v -0.73671875 -0.367640625 0
v -0.745587940705 0.367995392628 0
v -0.73671875 0.367640625 0
v -0.73671875 0.37734375 0
v -0.745703125 0.37734375 0
v -0.746358256169 0.386951158531 0
v -0.73671875 0.386328125 0
v -0.73671875 0.3953125 0
v -0.744550934981 0.396397601995 0
v -0.752383119963 0.397482703989 0
v -0.754678510326 0.395014941742 0
v -0.741147244818 0.402375705741 0
v -0.745808929997 0.40424495753 0
v -0.735197247539 0.402750822749 0
v -0.733675745078 0.410189145498 0
v -0.736455242554 0.410598178284 0
v -0.739234740031 0.411007211071 0
v -0.735793950541 0.412297351651 0
v -0.736853053278 0.413351454731 0
v -0.734073555802 0.412942421944 0
v -0.734471366526 0.415695698391 0
v -0.720672544972 -0.428689820972 0
v -0.719711272486 -0.420985535486 0
v -0.725769871257 -0.417602327033 0
v -0.727571955749 -0.422192759681 0
v -0.71875 -0.41328125 0
v -0.726212872539 -0.411735197749 0
v -0.726715106092 -0.403271107433 0
v -0.71875 -0.404296875 0
v -0.727734375 -0.3953125 0
v -0.727370392628 -0.386212940705 0
v -0.727015625 -0.37734375 0
v -0.727494791667 -0.368119791667 0
v -0.727494791667 0.368119791667 0
v -0.727015625 0.37734375 0
v -0.727370392628 0.386212940705 0
v -0.727734375 0.3953125 0
v -0.726715106092 0.403271107433 0
v -0.71875 0.404296875 0
v -0.71875 0.41328125 0
v -0.726212872539 0.411735197749 0
v -0.725769871257 0.417602327033 0
v -0.719711272486 0.420985535486 0
v -0.720672544972 0.428689820972 0
v -0.727571955749 0.422192759681 0
v -0.701701602557 -0.445239170173 0
v -0.701241426279 -0.438244585087 0
v -0.706004551816 -0.436602971193 0
v -0.708616202723 -0.439279456789 0
v -0.70078125 -0.43125 0
v -0.708156026445 -0.432284871702 0
v -0.715530802889 -0.433319743404 0
v -0.71028092705 -0.422821087653 0
v -0.718101673931 -0.431004782188 0
v -0.70078125 -0.422265625 0
v -0.70078125 -0.41328125 0
v -0.709765625 -0.41328125 0
v -0.709650440705 -0.403932892628 0
v -0.70078125 -0.403578125 0
v -0.709650440705 0.403932892628 0
v -0.70078125 0.403578125 0
v -0.70078125 0.41328125 0
v -0.709765625 0.41328125 0
v -0.71028092705 0.422821087653 0
v -0.70078125 0.422265625 0
v -0.70078125 0.43125 0
v -0.708156026445 0.432284871702 0
v -0.715530802889 0.433319743404 0
v -0.718101673931 0.431004782188 0
v -0.706004551816 0.436602971193 0
v -0.708616202723 0.439279456789 0
v -0.701241426279 0.438244585087 0
v -0.701701602557 0.445239170173 0
v -0.6828125 -0.460351322192 0
v -0.6828125 -0.454785036096 0
v -0.687078902711 -0.45327447395 0
v -0.689212104066 -0.455302335924 0
v -0.6828125 -0.44921875 0
v -0.689212104066 -0.449736049828 0
v -0.695611708132 -0.450253349656 0
v -0.691840437838 -0.440300925956 0
v -0.698656655345 -0.447746259915 0
v -0.6828125 -0.440234375 0
v -0.691796875 -0.43125 0
v -0.691432892628 -0.422150440705 0
v -0.691078125 -0.41328125 0
v -0.691557291667 -0.404057291667 0
v -0.691557291667 0.404057291667 0
v -0.691078125 0.41328125 0
v -0.691432892628 0.422150440705 0
v -0.691796875 0.43125 0
v -0.691840437838 0.440300925956 0
v -0.6828125 0.440234375 0
v -0.6828125 0.44921875 0
v -0.689212104066 0.449736049828 0
v -0.695611708132 0.450253349656 0
v -0.698656655345 0.447746259915 0
v -0.687078902711 0.45327447395 0
v -0.689212104066 0.455302335924 0
v -0.6828125 0.454785036096 0
v -0.6828125 0.460351322192 0
v -0.66484375 -0.473581738548 0
v -0.66484375 -0.470384619274 0
v -0.66779881547 -0.469318912849 0
v -0.669276348206 -0.470384619274 0
v -0.66484375 -0.4671875 0
v -0.669276348206 -0.4671875 0
v -0.673708946412 -0.4671875 0
v -0.673193559795 -0.457487952943 0
v -0.678260723206 -0.463769411096 0
v -0.66484375 -0.458203125 0
v -0.66484375 -0.44921875 0
v -0.673828125 -0.44921875 0
v -0.673712940705 -0.439870392628 0
v -0.66484375 -0.439515625 0
v -0.673712940705 0.439870392628 0
v -0.66484375 0.439515625 0
v -0.66484375 0.44921875 0
v -0.673828125 0.44921875 0
v -0.673193559795 0.457487952943 0
v -0.66484375 0.458203125 0
v -0.66484375 0.4671875 0
v -0.669276348206 0.4671875 0
v -0.673708946412 0.4671875 0
v -0.678260723206 0.463769411096 0
v -0.66779881547 0.469318912849 0
v -0.669276348206 0.470384619274 0
v -0.66484375 0.470384619274 0
v -0.66484375 0.473581738548 0
v -0.645219568275 -0.48686407115 0
v -0.644963746719 -0.484351194261 0
v -0.647055122815 -0.483872231758 0
v -0.648228721639 -0.48488918895 0
v -0.644707925163 -0.481838317372 0
v -0.647972900083 -0.482376312061 0
v -0.651237875003 -0.48291430675 0
v -0.654026553418 -0.473849874503 0
v -0.658040812501 -0.478248022649 0
v -0.645791462581 -0.474512908686 0
v -0.646875 -0.4671875 0
v -0.655859375 -0.4671875 0
v -0.655859375 -0.458203125 0
v -0.646875 -0.458203125 0
v -0.646875 -0.44921875 0
v -0.655859375 -0.44921875 0
v -0.655974559295 -0.439870392628 0
v -0.646875 -0.440234375 0
v -0.655974559295 0.439870392628 0
v -0.646875 0.440234375 0
v -0.646875 0.44921875 0
v -0.655859375 0.44921875 0
v -0.655859375 0.458203125 0
v -0.646875 0.458203125 0
v -0.646875 0.4671875 0
v -0.655859375 0.4671875 0
v -0.654026553419 0.473849874503 0
v -0.645791462581 0.474512908686 0
v -0.644707925163 0.481838317372 0
v -0.647972900083 0.482376312061 0
v -0.651237875003 0.48291430675 0
v -0.658040812501 0.478248022649 0
v -0.647055122815 0.483872231758 0
v -0.648228721639 0.48488918895 0
v -0.644963746719 0.484351194261 0
v -0.645219568275 0.48686407115 0
v -0.62890625 -0.497046329542 0
v -0.62890625 -0.491101289771 0
v -0.635897173448 -0.488194084162 0
v -0.637062909138 -0.491955200346 0
v -0.62890625 -0.48515625 0
v -0.636807087581 -0.483497283686 0
v -0.63705508783 -0.475179076348 0
v -0.62890625 -0.476171875 0
v -0.62890625 -0.4671875 0
v -0.637890625 -0.4671875 0
v -0.637890625 -0.458203125 0
v -0.62890625 -0.458203125 0
v -0.62890625 -0.44921875 0
v -0.637890625 -0.44921875 0
v -0.637775440705 -0.439870392628 0
v -0.62890625 -0.439515625 0
v -0.637775440705 0.439870392628 0
v -0.62890625 0.439515625 0
v -0.62890625 0.44921875 0
v -0.637890625 0.44921875 0
v -0.637890625 0.458203125 0
v -0.62890625 0.458203125 0
v -0.62890625 0.4671875 0
v -0.637890625 0.4671875 0
v -0.63705508783 0.475179076348 0
v -0.62890625 0.476171875 0
v -0.62890625 0.48515625 0
v -0.636807087581 0.483497283686 0
v -0.635897173448 0.488194084162 0
v -0.62890625 0.491101289771 0
v -0.62890625 0.497046329542 0
v -0.637062909138 0.491955200346 0
v -0.610675548329 -0.507564022139 0
v -0.610626327903 -0.505021801414 0
v -0.613469227682 -0.50427507852 0
v -0.614915287787 -0.505172827439 0
v -0.610577107477 -0.502479580688 0
v -0.614866067361 -0.502630606713 0
v -0.619155027245 -0.502781632738 0
v -0.619297968155 -0.493298875412 0
v -0.624030638623 -0.49991398114 0
v -0.610757303739 -0.493817915344 0
v -0.6109375 -0.48515625 0
v -0.619921875 -0.48515625 0
v -0.619921875 -0.476171875 0
v -0.6109375 -0.476171875 0
v -0.619921875 -0.4671875 0
v -0.619557892628 -0.458087940705 0
v -0.619203125 -0.44921875 0
v -0.619682291667 -0.439994791667 0
v -0.619682291667 0.439994791667 0
v -0.619203125 0.44921875 0
v -0.619557892628 0.458087940705 0
v -0.619921875 0.4671875 0
v -0.619921875 0.476171875 0
v -0.6109375 0.476171875 0
v -0.6109375 0.48515625 0
v -0.619921875 0.48515625 0
v -0.619297968155 0.493298875412 0
v -0.610757303739 0.493817915344 0
v -0.610577107477 0.502479580688 0
v -0.614866067361 0.502630606713 0
v -0.619155027245 0.502781632738 0
v -0.624030638623 0.49991398114 0
v -0.613469227682 0.50427507852 0
v -0.614915287787 0.505172827439 0
v -0.610626327903 0.505021801414 0
v -0.610675548329 0.507564022139 0
v -0.593234480849 -0.51682454285 0
v -0.593101615424 -0.509974771425 0
v -0.600524368479 -0.50787688357 0
v -0.601955014589 -0.512194282495 0
v -0.59296875 -0.503125 0
v -0.601772928739 -0.502802290344 0
v -0.601808558012 -0.493949921376 0
v -0.59296875 -0.494140625 0
v -0.59296875 -0.48515625 0
v -0.601953125 -0.48515625 0
v -0.601837940705 -0.475807892628 0
v -0.59296875 -0.475453125 0
v -0.601837940705 0.475807892628 0
v -0.59296875 0.475453125 0
v -0.59296875 0.48515625 0
v -0.601953125 0.48515625 0
v -0.601808558012 0.493949921376 0
v -0.59296875 0.494140625 0
v -0.59296875 0.503125 0
v -0.601772928739 0.502802290344 0
v -0.600524368479 0.50787688357 0
v -0.593101615424 0.509974771425 0
v -0.593234480849 0.51682454285 0
v -0.601955014589 0.512194282495 0
v -0.574904493278 -0.525758299195 0
v -0.57488675058 -0.523286720161 0
v -0.577996413084 -0.522631087982 0
v -0.579560115686 -0.523539061411 0
v -0.574869007882 -0.520815141127 0
v -0.579542372988 -0.521067482377 0
v -0.584215738094 -0.521319823626 0
v -0.583673011257 -0.511693668917 0
v -0.588725109471 -0.519072183238 0
v -0.574934503941 -0.511970070564 0
v -0.583984375 -0.503125 0
v -0.583620392628 -0.494025440705 0
v -0.583265625 -0.48515625 0
v -0.583744791667 -0.475932291667 0
v -0.583744791667 0.475932291667 0
v -0.583265625 0.48515625 0
v -0.583620392628 0.494025440705 0
v -0.583984375 0.503125 0
v -0.583673011257 0.511693668917 0
v -0.574934503941 0.511970070564 0
v -0.574869007882 0.520815141127 0
v -0.579542372988 0.521067482377 0
v -0.584215738094 0.521319823626 0
v -0.588725109471 0.519072183238 0
v -0.577996413084 0.522631087982 0
v -0.579560115686 0.523539061411 0
v -0.57488675058 0.523286720161 0
v -0.574904493278 0.525758299195 0
v -0.55703125 -0.533719787457 0
v -0.55703125 -0.527406768729 0
v -0.564659650569 -0.525648652565 0
v -0.565967871639 -0.529739043326 0
v -0.55703125 -0.52109375 0
v -0.565950128941 -0.520954445564 0
v -0.565845239012 -0.511664060658 0
v -0.55703125 -0.511390625 0
v -0.565845239012 0.511664060658 0
v -0.55703125 0.511390625 0
v -0.55703125 0.52109375 0
v -0.565950128941 0.520954445564 0
v -0.564659650569 0.525648652565 0
v -0.55703125 0.527406768729 0
v -0.55703125 0.533719787457 0
v -0.565967871639 0.529739043326 0
v -0.538318774561 -0.541297781416 0
v -0.538206994447 -0.538933079591 0
v -0.541222120219 -0.538546884568 0
v -0.542785573164 -0.53953613797 0
v -0.538095214334 -0.536568377767 0
v -0.54267379305 -0.537171436146 0
v -0.547252371767 -0.537774494525 0
v -0.547495373259 -0.528873850843 0
v -0.552141810883 -0.535747140991 0
v -0.538578857167 -0.528831063884 0
v -0.5390625 -0.52109375 0
v -0.548046875 -0.52109375 0
v -0.548162059295 -0.511745392628 0
v -0.5390625 -0.512109375 0
v -0.548162059295 0.511745392628 0
v -0.5390625 0.512109375 0
v -0.5390625 0.52109375 0
v -0.548046875 0.52109375 0
v -0.547495373259 0.528873850843 0
v -0.538578857167 0.528831063884 0
v -0.538095214334 0.536568377767 0
v -0.54267379305 0.537171436146 0
v -0.547252371767 0.537774494525 0
v -0.552141810883 0.535747140991 0
v -0.541222120219 0.538546884568 0
v -0.542785573164 0.53953613797 0
v -0.538206994447 0.538933079591 0
v -0.538318774561 0.541297781416 0
v -0.52109375 -0.547615904363 0
v -0.52109375 -0.543339202181 0
v -0.5288452528 -0.54135274534 0
v -0.52970626228 -0.544456842889 0
v -0.52109375 -0.5390625 0
v -0.529594482167 -0.537815438884 0
v -0.529614898795 -0.529387548572 0
v -0.52109375 -0.530078125 0
v -0.52109375 -0.52109375 0
v -0.530078125 -0.52109375 0
v -0.529962940705 -0.511745392628 0
v -0.52109375 -0.511390625 0
v -0.529962940705 0.511745392628 0
v -0.52109375 0.511390625 0
v -0.52109375 0.52109375 0
v -0.530078125 0.52109375 0
v -0.529614898795 0.529387548572 0
v -0.52109375 0.530078125 0
v -0.52109375 0.5390625 0
v -0.529594482167 0.537815438884 0
v -0.5288452528 0.54135274534 0
v -0.52109375 0.543339202181 0
v -0.52109375 0.547615904363 0
v -0.52970626228 0.544456842889 0
v -0.503388821205 -0.553476572838 0
v -0.503256910603 -0.546269536419 0
v -0.511412460352 -0.544919155134 0
v -0.512241285603 -0.550546238601 0
v -0.503125 -0.5390625 0
v -0.512109375 -0.5390625 0
v -0.512109375 -0.530078125 0
v -0.503125 -0.530078125 0
v -0.503125 -0.52109375 0
v -0.512109375 -0.52109375 0
v -0.512224559295 -0.511745392628 0
v -0.503125 -0.512109375 0
v -0.512224559295 0.511745392628 0
v -0.503125 0.512109375 0
v -0.503125 0.52109375 0
v -0.512109375 0.52109375 0
v -0.512109375 0.530078125 0
v -0.503125 0.530078125 0
v -0.503125 0.5390625 0
v -0.512109375 0.5390625 0
v -0.511412460352 0.544919155134 0
v -0.503256910603 0.546269536419 0
v -0.503388821205 0.553476572838 0
v -0.512241285603 0.550546238601 0
v -0.484588204733 -0.559019218773 0
v -0.484506157762 -0.556710996583 0
v -0.487698987276 -0.556575956742 0
v -0.489336425518 -0.557662547915 0
v -0.484424110792 -0.554402774393 0
v -0.489254378547 -0.555354325725 0
v -0.494084646302 -0.556305877057 0
v -0.49393202321 -0.547187689439 0
v -0.498736733754 -0.554891224948 0
v -0.484790180396 -0.546732637197 0
v -0.48515625 -0.5390625 0
v -0.494140625 -0.5390625 0
v -0.494140625 -0.530078125 0
v -0.48515625 -0.530078125 0
v -0.48515625 -0.52109375 0
v -0.494140625 -0.52109375 0
v -0.494025440705 -0.511745392628 0
v -0.48515625 -0.511390625 0
v -0.494025440705 0.511745392628 0
v -0.48515625 0.511390625 0
v -0.48515625 0.52109375 0
v -0.494140625 0.52109375 0
v -0.494140625 0.530078125 0
v -0.48515625 0.530078125 0
v -0.48515625 0.5390625 0
v -0.494140625 0.5390625 0
v -0.49393202321 0.547187689438 0
v -0.484790180396 0.546732637197 0
v -0.484424110792 0.554402774393 0
v -0.489254378547 0.555354325725 0
v -0.494084646302 0.556305877057 0
v -0.498736733754 0.554891224948 0
v -0.487698987276 0.556575956742 0
v -0.489336425518 0.557662547915 0
v -0.484506157762 0.556710996583 0
v -0.484588204733 0.559019218773 0
v -0.4671875 -0.56354200362 0
v -0.4671875 -0.56028662681 0
v -0.475365765798 -0.558603273312 0
v -0.475887852367 -0.561280611196 0
v -0.4671875 -0.55703125 0
v -0.475805805396 -0.555717012197 0
v -0.475753498473 -0.547345046589 0
v -0.4671875 -0.548046875 0
v -0.476171875 -0.5390625 0
v -0.475807892628 -0.529962940705 0
v -0.475453125 -0.52109375 0
v -0.475932291667 -0.511869791667 0
v -0.475932291667 0.511869791667 0
v -0.475453125 0.52109375 0
v -0.475807892628 0.529962940705 0
v -0.476171875 0.5390625 0
v -0.475753498473 0.547345046589 0
v -0.4671875 0.548046875 0
v -0.4671875 0.55703125 0
v -0.475805805396 0.555717012197 0
v -0.475365765798 0.558603273312 0
v -0.4671875 0.56028662681 0
v -0.4671875 0.56354200362 0
v -0.475887852367 0.561280611196 0
v -0.44921875 -0.567615089342 0
v -0.44921875 -0.562323169671 0
v -0.457489563512 -0.561385771899 0
v -0.458203125 -0.565578546481 0
v -0.44921875 -0.55703125 0
v -0.458203125 -0.55703125 0
v -0.458087940705 -0.547682892628 0
v -0.44921875 -0.547328125 0
v -0.458087940705 0.547682892628 0
v -0.44921875 0.547328125 0
v -0.44921875 0.55703125 0
v -0.458203125 0.55703125 0
v -0.457489563512 0.561385771899 0
v -0.44921875 0.562323169671 0
v -0.44921875 0.567615089342 0
v -0.458203125 0.565578546481 0
v -0.431334567302 -0.571079071119 0
v -0.431292283651 -0.564055160559 0
v -0.439834480837 -0.56322568337 0
v -0.440276658651 -0.56934708023 0
v -0.43125 -0.55703125 0
v -0.440234375 -0.55703125 0
v -0.440349559295 -0.547682892628 0
v -0.43125 -0.548046875 0
v -0.440349559295 0.547682892628 0
v -0.43125 0.548046875 0
v -0.43125 0.55703125 0
v -0.440234375 0.55703125 0
v -0.439834480837 0.56322568337 0
v -0.431292283651 0.564055160559 0
v -0.431334567302 0.571079071119 0
v -0.440276658651 0.56934708023 0
v -0.413676148545 -0.573932314968 0
v -0.413478699273 -0.565481782484 0
v -0.422109439268 -0.56477131429 0
v -0.422505357924 -0.572505693043 0
v -0.41328125 -0.55703125 0
v -0.422265625 -0.55703125 0
v -0.422150440705 -0.547682892628 0
v -0.41328125 -0.547328125 0
v -0.422150440705 0.547682892628 0
v -0.41328125 0.547328125 0
v -0.41328125 0.55703125 0
v -0.422265625 0.55703125 0
v -0.422109439268 0.56477131429 0
v -0.413478699273 0.565481782484 0
v -0.413676148545 0.573932314968 0
v -0.422505357924 0.572505693043 0
v -0.395029358664 -0.576342938286 0
v -0.394990936918 -0.57408684693 0
v -0.398164174987 -0.574455905265 0
v -0.399770004895 -0.57576848011 0
v -0.394952515171 -0.571830755575 0
v -0.399731583149 -0.573512388755 0
v -0.404510651127 -0.575194021934 0
v -0.404495666021 -0.565614679689 0
v -0.409093399836 -0.574563168451 0
v -0.395132507586 -0.564431002787 0
v -0.3953125 -0.55703125 0
v -0.404296875 -0.55703125 0
v -0.404412059295 -0.547682892628 0
v -0.3953125 -0.548046875 0
v -0.404412059295 0.547682892628 0
v -0.3953125 0.548046875 0
v -0.3953125 0.55703125 0
v -0.404296875 0.55703125 0
v -0.404495666021 0.565614679689 0
v -0.395132507586 0.564431002787 0
v -0.394952515171 0.571830755575 0
v -0.399731583149 0.573512388755 0
v -0.404510651127 0.575194021934 0
v -0.409093399836 0.574563168451 0
v -0.398164174987 0.574455905265 0
v -0.399770004895 0.57576848011 0
v -0.394990936918 0.57408684693 0
v -0.395029358664 0.576342938286 0
v -0.377253150336 -0.578071915754 0
v -0.377239450971 -0.575819399969 0
v -0.386119131268 -0.574953783933 0
v -0.3861412545 -0.57720742702 0
v -0.377225751605 -0.573566884185 0
v -0.386089133388 -0.57269881988 0
v -0.386042878874 -0.564853457032 0
v -0.377284750803 -0.565299067093 0
v -0.37734375 -0.55703125 0
v -0.386328125 -0.55703125 0
v -0.386212940705 -0.547682892628 0
v -0.37734375 -0.547328125 0
v -0.386212940705 0.547682892628 0
v -0.37734375 0.547328125 0
v -0.37734375 0.55703125 0
v -0.386328125 0.55703125 0
v -0.386042878874 0.564853457032 0
v -0.377284750803 0.565299067093 0
v -0.377225751605 0.573566884185 0
v -0.386089133388 0.57269881988 0
v -0.386119131268 0.574953783933 0
v -0.377239450971 0.575819399969 0
v -0.377253150336 0.578071915754 0
v -0.3861412545 0.57720742702 0
v -0.359365701188 -0.579256122621 0
v -0.359364176147 -0.577007199805 0
v -0.368304727994 -0.576413616681 0
v -0.368309425762 -0.578664019187 0
v -0.359362651107 -0.57475827699 0
v -0.368294201356 -0.574162580588 0
v -0.368222672504 -0.565591597362 0
v -0.359368825554 -0.565894763495 0
v -0.359375 -0.55703125 0
v -0.368359375 -0.55703125 0
v -0.368474559295 -0.547682892628 0
v -0.359375 -0.548046875 0
v -0.368474559295 0.547682892628 0
v -0.359375 0.548046875 0
v -0.359375 0.55703125 0
v -0.368359375 0.55703125 0
v -0.368222672504 0.565591597362 0
v -0.359368825554 0.565894763495 0
v -0.359362651107 0.57475827699 0
v -0.368294201356 0.574162580588 0
v -0.368304727994 0.576413616681 0
v -0.359364176147 0.577007199805 0
v -0.359365701188 0.579256122621 0
v -0.368309425762 0.578664019187 0
v -0.34140625 -0.579887831792 0
v -0.34140625 -0.577443915896 0
v -0.350260875501 -0.577228650779 0
v -0.350385975594 -0.579571977207 0
v -0.34140625 -0.575 0
v -0.350384450554 -0.574879138495 0
v -0.350367258094 -0.565954301272 0
v -0.34140625 -0.566015625 0
v -0.34140625 -0.55703125 0
v -0.350390625 -0.55703125 0
v -0.350275440705 -0.547682892628 0
v -0.34140625 -0.547328125 0
v -0.350275440705 0.547682892628 0
v -0.34140625 0.547328125 0
v -0.34140625 0.55703125 0
v -0.350390625 0.55703125 0
v -0.350367258094 0.565954301272 0
v -0.34140625 0.566015625 0
v -0.34140625 0.575 0
v -0.350384450554 0.574879138495 0
v -0.350260875501 0.577228650779 0
v -0.34140625 0.577443915896 0
v -0.34140625 0.579887831792 0
v -0.350385975594 0.579571977207 0
v -0.3234375 -0.579962872599 0
v -0.3234375 -0.5774814363 0
v -0.332399061242 -0.577462723735 0
v -0.332421875 -0.579925352196 0
v -0.3234375 -0.575 0
v -0.332421875 -0.575 0
v -0.332421875 -0.566015625 0
v -0.3234375 -0.566015625 0
v -0.3234375 -0.55703125 0
v -0.332421875 -0.55703125 0
v -0.332537059295 -0.547682892628 0
v -0.3234375 -0.548046875 0
v -0.332537059295 0.547682892628 0
v -0.3234375 0.548046875 0
v -0.3234375 0.55703125 0
v -0.332421875 0.55703125 0
v -0.332421875 0.566015625 0
v -0.3234375 0.566015625 0
v -0.3234375 0.575 0
v -0.332421875 0.575 0
v -0.332399061242 0.577462723735 0
v -0.3234375 0.5774814363 0
v -0.3234375 0.579962872599 0
v -0.332421875 0.579925352196 0
v -0.305469237139 -0.579481010624 0
v -0.305469318334 -0.577232892989 0
v -0.314601143007 -0.577359211897 0
v -0.314453368569 -0.579721941612 0
v -0.30546939953 -0.574984775354 0
v -0.314453449765 -0.574992387677 0
v -0.31445455664 -0.566011765248 0
v -0.305469074765 -0.566008012677 0
v -0.30546875 -0.55703125 0
v -0.314453125 -0.55703125 0
v -0.314337940705 -0.547682892628 0
v -0.30546875 -0.547328125 0
v -0.314337940705 0.547682892628 0
v -0.30546875 0.547328125 0
v -0.30546875 0.55703125 0
v -0.314453125 0.55703125 0
v -0.31445455664 0.566011765248 0
v -0.305469074765 0.566008012677 0
v -0.30546939953 0.574984775354 0
v -0.314453449765 0.574992387677 0
v -0.314601143007 0.577359211897 0
v -0.305469318334 0.577232892989 0
v -0.305469237139 0.579481010624 0
v -0.314453368569 0.579721941612 0
v -0.287559682072 -0.578445174078 0
v -0.287568934191 -0.576193679648 0
v -0.296516533833 -0.576713519736 0
v -0.296514459605 -0.578963092351 0
v -0.28757818631 -0.573942185217 0
v -0.29652379292 -0.574463480286 0
v -0.296593631744 -0.565743495619 0
v -0.287539093155 -0.565486717609 0
v -0.2875 -0.55703125 0
v -0.296484375 -0.55703125 0
v -0.296599559295 -0.547682892628 0
v -0.2875 -0.548046875 0
v -0.296599559295 0.547682892628 0
v -0.2875 0.548046875 0
v -0.2875 0.55703125 0
v -0.296484375 0.55703125 0
v -0.296593631744 0.565743495619 0
v -0.287539093155 0.565486717609 0
v -0.28757818631 0.573942185217 0
v -0.29652379292 0.574463480286 0
v -0.296516533833 0.576713519736 0
v -0.287568934191 0.576193679648 0
v -0.287559682072 0.578445174078 0
v -0.296514459605 0.578963092351 0
v -0.269748831714 -0.576862025722 0
v -0.269779296683 -0.574606823097 0
v -0.278670425969 -0.575400816539 0
v -0.278654256893 -0.5776535999 0
v -0.269809761652 -0.572351620471 0
v -0.278693973981 -0.573146902844 0
v -0.278752479272 -0.565079270183 0
v -0.269670505826 -0.564691435236 0
v -0.26953125 -0.55703125 0
v -0.278515625 -0.55703125 0
v -0.278400440705 -0.547682892628 0
v -0.26953125 -0.547328125 0
v -0.278400440705 0.547682892628 0
v -0.26953125 0.547328125 0
v -0.26953125 0.55703125 0
v -0.278515625 0.55703125 0
v -0.278752479272 0.565079270183 0
v -0.269670505826 0.564691435236 0
v -0.269809761652 0.572351620471 0
v -0.278693973981 0.573146902844 0
v -0.278670425969 0.575400816539 0
v -0.269779296683 0.574606823097 0
v -0.269748831714 0.576862025722 0
v -0.278654256893 0.5776535999 0
v -0.260260611152 -0.575791991646 0
v -0.265035186402 -0.574071806058 0
v -0.266606401506 -0.57500187928 0
v -0.265004721433 -0.576327008684 0
v -0.260304923634 -0.56591345747 0
v -0.255687533541 -0.575201178049 0
v -0.251114455929 -0.574610364453 0
v -0.251338477965 -0.565820807226 0
v -0.2515625 -0.55703125 0
v -0.260546875 -0.55703125 0
v -0.260662059295 -0.547682892628 0
v -0.2515625 -0.548046875 0
v -0.260662059295 0.547682892628 0
v -0.2515625 0.548046875 0
v -0.2515625 0.55703125 0
v -0.260546875 0.55703125 0
v -0.260304923634 0.56591345747 0
v -0.251338477965 0.565820807226 0
v -0.251114455929 0.574610364453 0
v -0.255687533541 0.575201178049 0
v -0.260260611152 0.575791991646 0
v -0.265035186402 0.574071806058 0
v -0.266606401506 0.57500187928 0
v -0.265004721433 0.576327008684 0
v -0.233408057244 -0.571900337991 0
v -0.233500903622 -0.564465793996 0
v -0.242669750438 -0.565146422845 0
v -0.242261256586 -0.573255351222 0
v -0.23359375 -0.55703125 0
v -0.242578125 -0.55703125 0
v -0.242462940705 -0.547682892628 0
v -0.23359375 -0.547328125 0
v -0.242462940705 0.547682892628 0
v -0.23359375 0.547328125 0
v -0.23359375 0.55703125 0
v -0.242578125 0.55703125 0
v -0.242669750438 0.565146422845 0
v -0.233500903622 0.564465793996 0
v -0.233408057244 0.571900337991 0
v -0.242261256586 0.573255351222 0
v -0.215625 -0.568610903321 0
v -0.215625 -0.56282107666 0
v -0.224935244471 -0.563667665043 0
v -0.224516528622 -0.570255620656 0
v -0.215625 -0.55703125 0
v -0.224609375 -0.55703125 0
v -0.224724559295 -0.547682892628 0
v -0.215625 -0.548046875 0
v -0.224724559295 0.547682892628 0
v -0.215625 0.548046875 0
v -0.215625 0.55703125 0
v -0.224609375 0.55703125 0
v -0.224935244471 0.563667665043 0
v -0.215625 0.56282107666 0
v -0.215625 0.568610903321 0
v -0.224516528622 0.570255620656 0
v -0.19765625 -0.564699151616 0
v -0.19765625 -0.560865200808 0
v -0.207249267575 -0.561909388714 0
v -0.206640625 -0.566655027468 0
v -0.19765625 -0.55703125 0
v -0.206640625 -0.55703125 0
v -0.206525440705 -0.547682892628 0
v -0.19765625 -0.547328125 0
v -0.206525440705 0.547682892628 0
v -0.19765625 0.547328125 0
v -0.19765625 0.55703125 0
v -0.206640625 0.55703125 0
v -0.207249267575 0.561909388714 0
v -0.19765625 0.560865200808 0
v -0.19765625 0.564699151616 0
v -0.206640625 0.566655027468 0
v -0.179974544569 -0.560260977333 0
v -0.180019604512 -0.55794726165 0
v -0.189560346865 -0.559529018884 0
v -0.188815397284 -0.562480064475 0
v -0.180064664454 -0.555633545967 0
v -0.188860457227 -0.556332397983 0
v -0.188999297757 -0.547303508261 0
v -0.179876082227 -0.547348022983 0
v -0.188999297757 0.547303508261 0
v -0.179876082227 0.547348022983 0
v -0.180064664454 0.555633545967 0
v -0.188860457227 0.556332397983 0
v -0.189560346865 0.559529018884 0
v -0.180019604512 0.55794726165 0
v -0.179974544569 0.560260977333 0
v -0.188815397284 0.562480064475 0
v -0.170379276622 -0.55760310676 0
v -0.175221970538 -0.556618326363 0
v -0.176806161881 -0.557832543352 0
v -0.175176910595 -0.558932042047 0
v -0.170708507398 -0.54784221293 0
v -0.165758760671 -0.556238801962 0
v -0.16113824472 -0.554874497165 0
v -0.16142849736 -0.546968498582 0
v -0.16171875 -0.5390625 0
v -0.170703125 -0.5390625 0
v -0.171067107372 -0.529962940705 0
v -0.16171875 -0.530078125 0
v -0.16171875 -0.52109375 0
v -0.171421875 -0.52109375 0
v -0.170942708333 -0.511869791667 0
v -0.16171875 -0.511390625 0
v -0.170942708333 0.511869791667 0
v -0.16171875 0.511390625 0
v -0.16171875 0.52109375 0
v -0.171421875 0.52109375 0
v -0.171067107372 0.529962940705 0
v -0.16171875 0.530078125 0
v -0.16171875 0.5390625 0
v -0.170703125 0.5390625 0
v -0.170708507398 0.54784221293 0
v -0.16142849736 0.546968498582 0
v -0.16113824472 0.554874497165 0
v -0.165758760671 0.556238801962 0
v -0.170379276622 0.55760310676 0
v -0.175221970538 0.556618326363 0
v -0.176806161882 0.557832543354 0
v -0.175176910595 0.558932042047 0
v -0.14375 -0.54928220206 0
v -0.14375 -0.54417235103 0
v -0.15323096907 -0.545643958336 0
v -0.15244412236 -0.552078349612 0
v -0.14375 -0.5390625 0
v -0.152734375 -0.5390625 0
v -0.152734375 -0.530078125 0
v -0.14375 -0.530078125 0
v -0.14375 -0.52109375 0
v -0.152734375 -0.52109375 0
v -0.152849559295 -0.511745392628 0
v -0.14375 -0.512109375 0
v -0.152849559295 0.511745392628 0
v -0.14375 0.512109375 0
v -0.14375 0.52109375 0
v -0.152734375 0.52109375 0
v -0.152734375 0.530078125 0
v -0.14375 0.530078125 0
v -0.14375 0.5390625 0
v -0.152734375 0.5390625 0
v -0.15323096907 0.545643958336 0
v -0.14375 0.54417235103 0
v -0.14375 0.54928220206 0
v -0.15244412236 0.552078349612 0
v -0.126030367819 -0.542951553224 0
v -0.126072561135 -0.540566861979 0
v -0.13597795926 -0.542591231682 0
v -0.13489018391 -0.546116877642 0
v -0.12611475445 -0.538182170733 0
v -0.134932377225 -0.538622335367 0
v -0.134923954829 -0.52983184359 0
v -0.125948002225 -0.529637960367 0
v -0.12578125 -0.52109375 0
v -0.134765625 -0.52109375 0
v -0.134650440705 -0.511745392628 0
v -0.12578125 -0.511390625 0
v -0.134650440705 0.511745392628 0
v -0.12578125 0.511390625 0
v -0.12578125 0.52109375 0
v -0.134765625 0.52109375 0
v -0.134923954829 0.52983184359 0
v -0.125948002225 0.529637960367 0
v -0.12611475445 0.538182170733 0
v -0.134932377225 0.538622335367 0
v -0.13597795926 0.542591231682 0
v -0.126072561135 0.540566861979 0
v -0.126030367819 0.542951553224 0
v -0.13489018391 0.546116877642 0
v -0.116563883375 -0.539300495197 0
v -0.121339318912 -0.538741332965 0
v -0.122903001881 -0.540144739718 0
v -0.121297125597 -0.541126024211 0
v -0.116999651368 -0.529691207594 0
v -0.111982862286 -0.53744217228 0
v -0.107401841197 -0.535583849362 0
v -0.107607170599 -0.528338799681 0
v -0.1078125 -0.52109375 0
v -0.116796875 -0.52109375 0
v -0.116912059295 -0.511745392628 0
v -0.1078125 -0.512109375 0
v -0.116912059295 0.511745392628 0
v -0.1078125 0.512109375 0
v -0.1078125 0.52109375 0
v -0.116796875 0.52109375 0
v -0.116999651368 0.529691207594 0
v -0.107607170599 0.528338799681 0
v -0.107401841197 0.535583849362 0
v -0.111982862286 0.53744217228 0
v -0.116563883375 0.539300495197 0
v -0.121339318912 0.538741332965 0
v -0.122903001881 0.540144739718 0
v -0.121297125597 0.541126024211 0
v -0.08984375 -0.52794410271 0
v -0.08984375 -0.524518926355 0
v -0.0997934114261 -0.526645319539 0
v -0.0986227955987 -0.531763976036 0
v -0.08984375 -0.52109375 0
v -0.098828125 -0.52109375 0
v -0.098828125 -0.512109375 0
v -0.08984375 -0.512109375 0
v -0.08984375 -0.503125 0
v -0.098828125 -0.503125 0
v -0.0991921073718 -0.494025440705 0
v -0.08984375 -0.494140625 0
v -0.08984375 -0.48515625 0
v -0.099546875 -0.48515625 0
v -0.0990677083333 -0.475932291667 0
v -0.08984375 -0.475453125 0
v -0.0990677083333 0.475932291667 0
v -0.08984375 0.475453125 0
v -0.08984375 0.48515625 0
v -0.099546875 0.48515625 0
v -0.0991921073718 0.494025440705 0
v -0.08984375 0.494140625 0
v -0.08984375 0.503125 0
v -0.098828125 0.503125 0
v -0.098828125 0.512109375 0
v -0.08984375 0.512109375 0
v -0.08984375 0.52109375 0
v -0.098828125 0.52109375 0
v -0.0997934114261 0.526645319539 0
v -0.08984375 0.524518926355 0
v -0.08984375 0.52794410271 0
v -0.0986227955987 0.531763976036 0
v -0.0785387835576 -0.522654050616 0
v -0.0841912667788 -0.521873900308 0
v -0.0860754278525 -0.523897301108 0
v -0.0841912667788 -0.525299076663 0
v -0.0807156827821 -0.512393109655 0
v -0.0747029693915 -0.520773632898 0
v -0.0708671552255 -0.518893215179 0
v -0.0713710776127 -0.51100910759 0
v -0.071875 -0.503125 0
v -0.080859375 -0.503125 0
v -0.080859375 -0.494140625 0
v -0.071875 -0.494140625 0
v -0.071875 -0.48515625 0
v -0.080859375 -0.48515625 0
v -0.0809745592949 -0.475807892628 0
v -0.071875 -0.476171875 0
v -0.0809745592949 0.475807892628 0
v -0.071875 0.476171875 0
v -0.071875 0.48515625 0
v -0.080859375 0.48515625 0
v -0.080859375 0.494140625 0
v -0.071875 0.494140625 0
v -0.071875 0.503125 0
v -0.080859375 0.503125 0
v -0.0807156827821 0.512393109655 0
v -0.0713710776127 0.51100910759 0
v -0.0708671552255 0.518893215179 0
v -0.0747029693915 0.520773632898 0
v -0.0785387835576 0.522654050616 0
v -0.0841912667788 0.521873900308 0
v -0.0860754278525 0.523897301109 0
v -0.0841912667788 0.525299076663 0
v -0.05390625 -0.510070819799 0
v -0.05390625 -0.5065979099 0
v -0.063790449671 -0.509061020369 0
v -0.0623867026127 -0.514482017489 0
v -0.05390625 -0.503125 0
v -0.062890625 -0.503125 0
v -0.062890625 -0.494140625 0
v -0.05390625 -0.494140625 0
v -0.05390625 -0.48515625 0
v -0.062890625 -0.48515625 0
v -0.0627754407051 -0.475807892628 0
v -0.05390625 -0.475453125 0
v -0.0627754407051 0.475807892628 0
v -0.05390625 0.475453125 0
v -0.05390625 0.48515625 0
v -0.062890625 0.48515625 0
v -0.062890625 0.494140625 0
v -0.05390625 0.494140625 0
v -0.05390625 0.503125 0
v -0.062890625 0.503125 0
v -0.063790449671 0.509061020369 0
v -0.05390625 0.5065979099 0
v -0.05390625 0.510070819799 0
v -0.0623867026127 0.514482017489 0
v -0.0429636348731 -0.503994171687 0
v -0.0484349424366 -0.503559585844 0
v -0.0502587116244 -0.505729997162 0
v -0.0484349424366 -0.507032495743 0
v -0.0450012719879 -0.494089924271 0
v -0.0391272141741 -0.501770224706 0
v -0.0352907934751 -0.499546277726 0
v -0.0356141467375 -0.492351263863 0
v -0.0359375 -0.48515625 0
v -0.044921875 -0.48515625 0
v -0.0450370592949 -0.475807892628 0
v -0.0359375 -0.476171875 0
v -0.0450370592949 0.475807892628 0
v -0.0359375 0.476171875 0
v -0.0359375 0.48515625 0
v -0.044921875 0.48515625 0
v -0.0450012719879 0.494089924271 0
v -0.0356141467375 0.492351263863 0
v -0.0352907934751 0.499546277726 0
v -0.0391272141741 0.501770224706 0
v -0.0429636348731 0.503994171687 0
v -0.0484349424366 0.503559585844 0
v -0.0502587116244 0.505729997162 0
v -0.0484349424366 0.507032495743 0
v -0.0184912844107 -0.489246686358 0
v -0.0185893234426 -0.486642807254 0
v -0.0284339739214 -0.489941063703 0
v -0.0268910389429 -0.494396482042 0
v -0.0186873624744 -0.484038928151 0
v -0.0273124312372 -0.484597589075 0
v -0.0272276770572 -0.475834448949 0
v -0.0183280562372 -0.475613214075 0
v -0.01796875 -0.4671875 0
v -0.026953125 -0.4671875 0
v -0.0273171073718 -0.458087940705 0
v -0.01796875 -0.458203125 0
v -0.01796875 -0.44921875 0
v -0.027671875 -0.44921875 0
v -0.0271927083333 -0.439994791667 0
v -0.01796875 -0.439515625 0
v -0.0271927083333 0.439994791667 0
v -0.01796875 0.439515625 0
v -0.01796875 0.44921875 0
v -0.027671875 0.44921875 0
v -0.0273171073718 0.458087940705 0
v -0.01796875 0.458203125 0
v -0.01796875 0.4671875 0
v -0.026953125 0.4671875 0
v -0.0272276770572 0.475834448949 0
v -0.0183280562372 0.475613214075 0
v -0.0186873624744 0.484038928151 0
v -0.0273124312372 0.484597589075 0
v -0.0284339739214 0.489941063703 0
v -0.0185893234426 0.486642807254 0
v -0.0184912844107 0.489246686358 0
v -0.0268910389429 0.494396482042 0
v -0.0111435084439 -0.484489976978 0
v -0.0149154354592 -0.484264452565 0
v -0.0161073851097 -0.485925197162 0
v -0.0148173964273 -0.486868331668 0
v -0.00996166487734 -0.47491227442 0
v -0.00557175422197 -0.480729788843 0
v -0 -0.476969600708 0
v -0 -0.472078550354 0
v -0 -0.4671875 0
v -0.008984375 -0.4671875 0
v -0.008984375 -0.458203125 0
v 0 -0.458203125 0
v 0 -0.44921875 0
v -0.008984375 -0.44921875 0
v -0.00909955929487 -0.439870392628 0
v 0 -0.440234375 0
v -0.00909955929487 0.439870392628 0
v 0 0.440234375 0
v 0 0.44921875 0
v -0.008984375 0.44921875 0
v -0.008984375 0.458203125 0
v 0 0.458203125 0
v -0 0.4671875 0
v -0.008984375 0.4671875 0
v -0.00996166487734 0.47491227442 0
v -0 0.472078550354 0
v -0 0.476969600708 0
v -0.00557175422197 0.480729788843 0
v -0.0111435084439 0.484489976978 0
v -0.0149154354592 0.484264452565 0
v -0.0161073851097 0.485925197162 0
v -0.0148173964273 0.486868331668 0
v 0.0184912844107 -0.489246686358 0
v 0.0185893234426 -0.486642807254 0
v 0.0161073851097 -0.485925197162 0
v 0.0148173964273 -0.486868331668 0
v 0.0186873624744 -0.484038928151 0
v 0.0149154354592 -0.484264452565 0
v 0.0111435084439 -0.484489976978 0
v 0.00996166487734 -0.47491227442 0
v 0.00557175422197 -0.480729788843 0
v 0.0183280562372 -0.475613214075 0
v 0.01796875 -0.4671875 0
v 0.008984375 -0.4671875 0
v 0.008984375 -0.458203125 0
v 0.01796875 -0.458203125 0
v 0.01796875 -0.44921875 0
v 0.008984375 -0.44921875 0
v 0.00909955929487 -0.439870392628 0
v 0.01796875 -0.439515625 0
v 0.00909955929487 0.439870392628 0
v 0.01796875 0.439515625 0
v 0.01796875 0.44921875 0
v 0.008984375 0.44921875 0
v 0.008984375 0.458203125 0
v 0.01796875 0.458203125 0
v 0.01796875 0.4671875 0
v 0.008984375 0.4671875 0
v 0.00996166487734 0.47491227442 0
v 0.0183280562372 0.475613214075 0
v 0.0186873624744 0.484038928151 0
v 0.0149154354592 0.484264452565 0
v 0.0111435084439 0.484489976978 0
v 0.00557175422197 0.480729788843 0
v 0.0161073851097 0.485925197162 0
v 0.0148173964273 0.486868331668 0
v 0.0185893234426 0.486642807254 0
v 0.0184912844107 0.489246686358 0
v 0.0352907934751 -0.499546277726 0
v 0.0356141467375 -0.492351263863 0
v 0.0284339739214 -0.489941063703 0
v 0.0268910389429 -0.494396482042 0
v 0.0359375 -0.48515625 0
v 0.0273124312372 -0.484597589075 0
v 0.0272276770572 -0.475834448949 0
v 0.0359375 -0.476171875 0
v 0.026953125 -0.4671875 0
v 0.0273171073718 -0.458087940705 0
v 0.027671875 -0.44921875 0
v 0.0271927083333 -0.439994791667 0
v 0.0271927083333 0.439994791667 0
v 0.027671875 0.44921875 0
v 0.0273171073718 0.458087940705 0
v 0.026953125 0.4671875 0
v 0.0272276770572 0.475834448949 0
v 0.0359375 0.476171875 0
v 0.0359375 0.48515625 0
v 0.0273124312372 0.484597589075 0
v 0.0284339739214 0.489941063703 0
v 0.0356141467375 0.492351263863 0
v 0.0352907934751 0.499546277726 0
v 0.0268910389429 0.494396482042 0
v 0.05390625 -0.510070819799 0
v 0.05390625 -0.5065979099 0
v 0.0502587116244 -0.505729997162 0
v 0.0484349424366 -0.507032495743 0
v 0.05390625 -0.503125 0
v 0.0484349424366 -0.503559585844 0
v 0.0429636348731 -0.503994171687 0
v 0.0450012719879 -0.494089924271 0
v 0.0391272141741 -0.501770224706 0
v 0.05390625 -0.494140625 0
v 0.05390625 -0.48515625 0
v 0.044921875 -0.48515625 0
v 0.0450370592949 -0.475807892628 0
v 0.05390625 -0.475453125 0
v 0.0450370592949 0.475807892628 0
v 0.05390625 0.475453125 0
v 0.05390625 0.48515625 0
v 0.044921875 0.48515625 0
v 0.0450012719879 0.494089924271 0
v 0.05390625 0.494140625 0
v 0.05390625 0.503125 0
v 0.0484349424366 0.503559585844 0
v 0.0429636348731 0.503994171687 0
v 0.0391272141741 0.501770224706 0
v 0.0502587116244 0.505729997162 0
v 0.0484349424366 0.507032495743 0
v 0.05390625 0.5065979099 0
v 0.05390625 0.510070819799 0
v 0.0708671552255 -0.518893215179 0
v 0.0713710776127 -0.51100910759 0
v 0.063790449671 -0.509061020369 0
v 0.0623867026127 -0.514482017489 0
v 0.071875 -0.503125 0
v 0.062890625 -0.503125 0
v 0.062890625 -0.494140625 0
v 0.071875 -0.494140625 0
v 0.071875 -0.48515625 0
v 0.062890625 -0.48515625 0
v 0.0627754407051 -0.475807892628 0
v 0.071875 -0.476171875 0
v 0.0627754407051 0.475807892628 0
v 0.071875 0.476171875 0
v 0.071875 0.48515625 0
v 0.062890625 0.48515625 0
v 0.062890625 0.494140625 0
v 0.071875 0.494140625 0
v 0.071875 0.503125 0
v 0.062890625 0.503125 0
v 0.063790449671 0.509061020369 0
v 0.0713710776127 0.51100910759 0
v 0.0708671552255 0.518893215179 0
v 0.0623867026127 0.514482017489 0
v 0.08984375 -0.52794410271 0
v 0.08984375 -0.524518926355 0
v 0.0860754278525 -0.523897301108 0
v 0.0841912667788 -0.525299076663 0
v 0.08984375 -0.52109375 0
v 0.0841912667788 -0.521873900308 0
v 0.0785387835576 -0.522654050616 0
v 0.0807156827821 -0.512393109655 0
v 0.0747029693915 -0.520773632898 0
v 0.08984375 -0.512109375 0
v 0.08984375 -0.503125 0
v 0.080859375 -0.503125 0
v 0.080859375 -0.494140625 0
v 0.08984375 -0.494140625 0
v 0.08984375 -0.48515625 0
v 0.080859375 -0.48515625 0
v 0.0809745592949 -0.475807892628 0
v 0.08984375 -0.475453125 0
v 0.0809745592949 0.475807892628 0
v 0.08984375 0.475453125 0
v 0.08984375 0.48515625 0
v 0.080859375 0.48515625 0
v 0.080859375 0.494140625 0
v 0.08984375 0.494140625 0
v 0.08984375 0.503125 0
v 0.080859375 0.503125 0
v 0.0807156827821 0.512393109655 0
v 0.08984375 0.512109375 0
v 0.08984375 0.52109375 0
v 0.0841912667788 0.521873900308 0
v 0.0785387835576 0.522654050616 0
v 0.0747029693915 0.520773632898 0
v 0.0860754278525 0.523897301108 0
v 0.0841912667788 0.525299076663 0
v 0.08984375 0.524518926355 0
v 0.08984375 0.52794410271 0
v 0.107401841197 -0.535583849362 0
v 0.107607170599 -0.528338799681 0
v 0.0997934114261 -0.526645319539 0
v 0.0986227955987 -0.531763976036 0
v 0.1078125 -0.52109375 0
v 0.098828125 -0.52109375 0
v 0.098828125 -0.512109375 0
v 0.1078125 -0.512109375 0
v 0.098828125 -0.503125 0
v 0.0991921073718 -0.494025440705 0
v 0.099546875 -0.48515625 0
v 0.0990677083333 -0.475932291667 0
v 0.0990677083333 0.475932291667 0
v 0.099546875 0.48515625 0
v 0.0991921073718 0.494025440705 0
v 0.098828125 0.503125 0
v 0.098828125 0.512109375 0
v 0.1078125 0.512109375 0
v 0.1078125 0.52109375 0
v 0.098828125 0.52109375 0
v 0.0997934114261 0.526645319539 0
v 0.107607170599 0.528338799681 0
v 0.107401841197 0.535583849362 0
v 0.0986227955987 0.531763976036 0
v 0.126030367819 -0.542951553224 0
v 0.126072561135 -0.540566861979 0
v 0.122903001881 -0.540144739718 0
v 0.121297125597 -0.541126024211 0
v 0.12611475445 -0.538182170733 0
v 0.121339318912 -0.538741332965 0
v 0.116563883375 -0.539300495197 0
v 0.116999651368 -0.529691207594 0
v 0.111982862286 -0.53744217228 0
v 0.125948002225 -0.529637960367 0
v 0.12578125 -0.52109375 0
v 0.116796875 -0.52109375 0
v 0.116912059295 -0.511745392628 0
v 0.12578125 -0.511390625 0
v 0.116912059295 0.511745392628 0
v 0.12578125 0.511390625 0
v 0.12578125 0.52109375 0
v 0.116796875 0.52109375 0
v 0.116999651368 0.529691207594 0
v 0.125948002225 0.529637960367 0
v 0.12611475445 0.538182170733 0
v 0.121339318912 0.538741332965 0
v 0.116563883375 0.539300495197 0
v 0.111982862286 0.53744217228 0
v 0.122903001881 0.540144739718 0
v 0.121297125597 0.541126024211 0
v 0.126072561135 0.540566861979 0
v 0.126030367819 0.542951553224 0
v 0.14375 -0.54928220206 0
v 0.14375 -0.54417235103 0
v 0.13597795926 -0.542591231682 0
v 0.13489018391 -0.546116877642 0
v 0.14375 -0.5390625 0
v 0.134932377225 -0.538622335367 0
v 0.134923954829 -0.52983184359 0
v 0.14375 -0.530078125 0
v 0.14375 -0.52109375 0
v 0.134765625 -0.52109375 0
v 0.134650440705 -0.511745392628 0
v 0.14375 -0.512109375 0
v 0.134650440705 0.511745392628 0
v 0.14375 0.512109375 0
v 0.14375 0.52109375 0
v 0.134765625 0.52109375 0
v 0.134923954829 0.52983184359 0
v 0.14375 0.530078125 0
v 0.14375 0.5390625 0
v 0.134932377225 0.538622335367 0
v 0.13597795926 0.542591231682 0
v 0.14375 0.54417235103 0
v 0.14375 0.54928220206 0
v 0.13489018391 0.546116877642 0
v 0.16113824472 -0.554874497165 0
v 0.16142849736 -0.546968498582 0
v 0.15323096907 -0.545643958336 0
v 0.15244412236 -0.552078349612 0
v 0.16171875 -0.5390625 0
v 0.152734375 -0.5390625 0
v 0.152734375 -0.530078125 0
v 0.16171875 -0.530078125 0
v 0.16171875 -0.52109375 0
v 0.152734375 -0.52109375 0
v 0.152849559295 -0.511745392628 0
v 0.16171875 -0.511390625 0
v 0.152849559295 0.511745392628 0
v 0.16171875 0.511390625 0
v 0.16171875 0.52109375 0
v 0.152734375 0.52109375 0
v 0.152734375 0.530078125 0
v 0.16171875 0.530078125 0
v 0.16171875 0.5390625 0
v 0.152734375 0.5390625 0
v 0.15323096907 0.545643958336 0
v 0.16142849736 0.546968498582 0
v 0.16113824472 0.554874497165 0
v 0.15244412236 0.552078349612 0
v 0.179974544569 -0.560260977333 0
v 0.180019604512 -0.55794726165 0
v 0.176806161881 -0.557832543352 0
v 0.175176910595 -0.558932042047 0
v 0.180064664454 -0.555633545967 0
v 0.175221970538 -0.556618326363 0
v 0.170379276622 -0.55760310676 0
v 0.170708507398 -0.54784221293 0
v 0.165758760671 -0.556238801962 0
v 0.179876082227 -0.547348022983 0
v 0.170703125 -0.5390625 0
v 0.171067107372 -0.529962940705 0
v 0.171421875 -0.52109375 0
v 0.170942708333 -0.511869791667 0
v 0.170942708333 0.511869791667 0
v 0.171421875 0.52109375 0
v 0.171067107372 0.529962940705 0
v 0.170703125 0.5390625 0
v 0.170708507398 0.54784221293 0
v 0.179876082227 0.547348022983 0
v 0.180064664454 0.555633545967 0
v 0.175221970538 0.556618326363 0
v 0.170379276622 0.55760310676 0
v 0.165758760671 0.556238801962 0
v 0.176806161881 0.557832543352 0
v 0.175176910595 0.558932042047 0
v 0.180019604512 0.55794726165 0
v 0.179974544569 0.560260977333 0
v 0.19765625 -0.564699151616 0
v 0.19765625 -0.560865200808 0
v 0.189560346865 -0.559529018884 0
v 0.188815397284 -0.562480064475 0
v 0.19765625 -0.55703125 0
v 0.188860457227 -0.556332397983 0
v 0.188999297757 -0.547303508261 0
v 0.19765625 -0.547328125 0
v 0.188999297757 0.547303508261 0
v 0.19765625 0.547328125 0
v 0.19765625 0.55703125 0
v 0.188860457227 0.556332397983 0
v 0.189560346865 0.559529018884 0
v 0.19765625 0.560865200808 0
v 0.19765625 0.564699151616 0
v 0.188815397284 0.562480064475 0
v 0.215625 -0.568610903321 0
v 0.215625 -0.56282107666 0
v 0.207249267575 -0.561909388714 0
v 0.206640625 -0.566655027468 0
v 0.215625 -0.55703125 0
v 0.206640625 -0.55703125 0
v 0.206525440705 -0.547682892628 0
v 0.215625 -0.548046875 0
v 0.206525440705 0.547682892628 0
v 0.215625 0.548046875 0
v 0.215625 0.55703125 0
v 0.206640625 0.55703125 0
v 0.207249267575 0.561909388714 0
v 0.215625 0.56282107666 0
v 0.215625 0.568610903321 0
v 0.206640625 0.566655027468 0
v 0.233408057244 -0.571900337991 0
v 0.233500903622 -0.564465793996 0
v 0.224935244471 -0.563667665043 0
v 0.224516528622 -0.570255620656 0
v 0.23359375 -0.55703125 0
v 0.224609375 -0.55703125 0
v 0.224724559295 -0.547682892628 0
v 0.23359375 -0.547328125 0
v 0.224724559295 0.547682892628 0
v 0.23359375 0.547328125 0
v 0.23359375 0.55703125 0
v 0.224609375 0.55703125 0
v 0.224935244471 0.563667665043 0
v 0.233500903622 0.564465793996 0
v 0.233408057244 0.571900337991 0
v 0.224516528622 0.570255620656 0
v 0.251114455929 -0.574610364453 0
v 0.251338477965 -0.565820807226 0
v 0.242669750438 -0.565146422845 0
v 0.242261256586 -0.573255351222 0
v 0.2515625 -0.55703125 0
v 0.242578125 -0.55703125 0
v 0.242462940705 -0.547682892628 0
v 0.2515625 -0.548046875 0
v 0.242462940705 0.547682892628 0
v 0.2515625 0.548046875 0
v 0.2515625 0.55703125 0
v 0.242578125 0.55703125 0
v 0.242669750438 0.565146422845 0
v 0.251338477965 0.565820807226 0
v 0.251114455929 0.574610364453 0
v 0.242261256586 0.573255351222 0
v 0.269748831714 -0.576862025722 0
v 0.269779296683 -0.574606823097 0
v 0.266606401506 -0.57500187928 0
v 0.265004721433 -0.576327008684 0
v 0.269809761652 -0.572351620471 0
v 0.265035186402 -0.574071806058 0
v 0.260260611152 -0.575791991646 0
v 0.260304923634 -0.56591345747 0
v 0.255687533541 -0.575201178049 0
v 0.269670505826 -0.564691435236 0
v 0.26953125 -0.55703125 0
v 0.260546875 -0.55703125 0
v 0.260662059295 -0.547682892628 0
v 0.26953125 -0.547328125 0
v 0.260662059295 0.547682892628 0
v 0.26953125 0.547328125 0
v 0.26953125 0.55703125 0
v 0.260546875 0.55703125 0
v 0.260304923634 0.56591345747 0
v 0.269670505826 0.564691435236 0
v 0.269809761652 0.572351620471 0
v 0.265035186402 0.574071806058 0
v 0.260260611152 0.575791991646 0
v 0.255687533541 0.575201178049 0
v 0.266606401506 0.57500187928 0
v 0.265004721433 0.576327008684 0
v 0.269779296683 0.574606823097 0
v 0.269748831714 0.576862025722 0
v 0.287559682072 -0.578445174078 0
v 0.287568934191 -0.576193679648 0
v 0.278670425969 -0.575400816539 0
v 0.278654256893 -0.5776535999 0
v 0.28757818631 -0.573942185217 0
v 0.278693973981 -0.573146902844 0
v 0.278752479272 -0.565079270183 0
v 0.287539093155 -0.565486717609 0
v 0.2875 -0.55703125 0
v 0.278515625 -0.55703125 0
v 0.278400440705 -0.547682892628 0
v 0.2875 -0.548046875 0
v 0.278400440705 0.547682892628 0
v 0.2875 0.548046875 0
v 0.2875 0.55703125 0
v 0.278515625 0.55703125 0
v 0.278752479272 0.565079270183 0
v 0.287539093155 0.565486717609 0
v 0.28757818631 0.573942185217 0
v 0.278693973981 0.573146902844 0
v 0.278670425969 0.575400816539 0
v 0.287568934191 0.576193679648 0
v 0.287559682072 0.578445174078 0
v 0.278654256893 0.5776535999 0
v 0.305469237139 -0.579481010624 0
v 0.305469318334 -0.577232892989 0
v 0.296516533833 -0.576713519736 0
v 0.296514459605 -0.578963092351 0
v 0.30546939953 -0.574984775354 0
v 0.29652379292 -0.574463480286 0
v 0.296593631744 -0.565743495619 0
v 0.305469074765 -0.566008012677 0
v 0.30546875 -0.55703125 0
v 0.296484375 -0.55703125 0
v 0.296599559295 -0.547682892628 0
v 0.30546875 -0.547328125 0
v 0.296599559295 0.547682892628 0
v 0.30546875 0.547328125 0
v 0.30546875 0.55703125 0
v 0.296484375 0.55703125 0
v 0.296593631744 0.565743495619 0
v 0.305469074765 0.566008012677 0
v 0.30546939953 0.574984775354 0
v 0.29652379292 0.574463480286 0
v 0.296516533833 0.576713519736 0
v 0.305469318334 0.577232892989 0
v 0.305469237139 0.579481010624 0
v 0.296514459605 0.578963092351 0
v 0.3234375 -0.579962872599 0
v 0.3234375 -0.5774814363 0
v 0.314601143007 -0.577359211897 0
v 0.314453368569 -0.579721941612 0
v 0.3234375 -0.575 0
v 0.314453449765 -0.574992387677 0
v 0.31445455664 -0.566011765248 0
v 0.3234375 -0.566015625 0
v 0.3234375 -0.55703125 0
v 0.314453125 -0.55703125 0
v 0.314337940705 -0.547682892628 0
v 0.3234375 -0.548046875 0
v 0.314337940705 0.547682892628 0
v 0.3234375 0.548046875 0
v 0.3234375 0.55703125 0
v 0.314453125 0.55703125 0
v 0.31445455664 0.566011765248 0
v 0.3234375 0.566015625 0
v 0.3234375 0.575 0
v 0.314453449765 0.574992387677 0
v 0.314601143007 0.577359211897 0
v 0.3234375 0.5774814363 0
v 0.3234375 0.579962872599 0
v 0.314453368569 0.579721941612 0
v 0.34140625 -0.579887831792 0
v 0.34140625 -0.577443915896 0
v 0.332399061242 -0.577462723735 0
v 0.332421875 -0.579925352196 0
v 0.34140625 -0.575 0
v 0.332421875 -0.575 0
v 0.332421875 -0.566015625 0
v 0.34140625 -0.566015625 0
v 0.34140625 -0.55703125 0
v 0.332421875 -0.55703125 0
v 0.332537059295 -0.547682892628 0
v 0.34140625 -0.547328125 0
v 0.332537059295 0.547682892628 0
v 0.34140625 0.547328125 0
v 0.34140625 0.55703125 0
v 0.332421875 0.55703125 0
v 0.332421875 0.566015625 0
v 0.34140625 0.566015625 0
v 0.34140625 0.575 0
v 0.332421875 0.575 0
v 0.332399061242 0.577462723735 0
v 0.34140625 0.577443915896 0
v 0.34140625 0.579887831792 0
v 0.332421875 0.579925352196 0
v 0.359365701188 -0.579256122621 0
v 0.359364176147 -0.577007199805 0
v 0.350260875501 -0.577228650779 0
v 0.350385975594 -0.579571977207 0
v 0.359362651107 -0.57475827699 0
v 0.350384450554 -0.574879138495 0
v 0.350367258094 -0.565954301272 0
v 0.359368825554 -0.565894763495 0
v 0.359375 -0.55703125 0
v 0.350390625 -0.55703125 0
v 0.350275440705 -0.547682892628 0
v 0.359375 -0.548046875 0
v 0.350275440705 0.547682892628 0
v 0.359375 0.548046875 0
v 0.359375 0.55703125 0
v 0.350390625 0.55703125 0
v 0.350367258094 0.565954301272 0
v 0.359368825554 0.565894763495 0
v 0.359362651107 0.57475827699 0
v 0.350384450554 0.574879138495 0
v 0.350260875501 0.577228650779 0
v 0.359364176147 0.577007199805 0
v 0.359365701188 0.579256122621 0
v 0.350385975594 0.579571977207 0
v 0.377253150336 -0.578071915754 0
v 0.377239450971 -0.575819399969 0
v 0.368304727994 -0.576413616681 0
v 0.368309425762 -0.578664019187 0
v 0.377225751605 -0.573566884185 0
v 0.368294201356 -0.574162580588 0
v 0.368222672504 -0.565591597362 0
v 0.377284750803 -0.565299067093 0
v 0.37734375 -0.55703125 0
v 0.368359375 -0.55703125 0
v 0.368474559295 -0.547682892628 0
v 0.37734375 -0.547328125 0
v 0.368474559295 0.547682892628 0
v 0.37734375 0.547328125 0
v 0.37734375 0.55703125 0
v 0.368359375 0.55703125 0
v 0.368222672504 0.565591597362 0
v 0.377284750803 0.565299067093 0
v 0.377225751605 0.573566884185 0
v 0.368294201356 0.574162580588 0
v 0.368304727994 0.576413616681 0
v 0.377239450971 0.575819399969 0
v 0.377253150336 0.578071915754 0
v 0.368309425762 0.578664019187 0
v 0.395029358664 -0.576342938286 0
v 0.394990936918 -0.57408684693 0
v 0.386119131268 -0.574953783933 0
v 0.3861412545 -0.57720742702 0
v 0.394952515171 -0.571830755575 0
v 0.386089133388 -0.57269881988 0
v 0.386042878874 -0.564853457032 0
v 0.395132507586 -0.564431002787 0
v 0.3953125 -0.55703125 0
v 0.386328125 -0.55703125 0
v 0.386212940705 -0.547682892628 0
v 0.3953125 -0.548046875 0
v 0.386212940705 0.547682892628 0
v 0.3953125 0.548046875 0
v 0.3953125 0.55703125 0
v 0.386328125 0.55703125 0
v 0.386042878874 0.564853457032 0
v 0.395132507586 0.564431002787 0
v 0.394952515171 0.571830755575 0
v 0.386089133388 0.57269881988 0
v 0.386119131268 0.574953783933 0
v 0.394990936918 0.57408684693 0
v 0.395029358664 0.576342938286 0
v 0.3861412545 0.57720742702 0
v 0.404510651127 -0.575194021934 0
v 0.399731583149 -0.573512388755 0
v 0.398164174987 -0.574455905265 0
v 0.399770004895 -0.57576848011 0
v 0.404495666021 -0.565614679689 0
v 0.409093399836 -0.574563168451 0
v 0.413676148545 -0.573932314968 0
v 0.413478699273 -0.565481782484 0
v 0.41328125 -0.55703125 0
v 0.404296875 -0.55703125 0
v 0.404412059295 -0.547682892628 0
v 0.41328125 -0.547328125 0
v 0.404412059295 0.547682892628 0
v 0.41328125 0.547328125 0
v 0.41328125 0.55703125 0
v 0.404296875 0.55703125 0
v 0.404495666021 0.565614679689 0
v 0.413478699273 0.565481782484 0
v 0.413676148545 0.573932314968 0
v 0.409093399836 0.574563168451 0
v 0.404510651127 0.575194021934 0
v 0.399731583149 0.573512388755 0
v 0.398164174987 0.574455905265 0
v 0.399770004895 0.57576848011 0
v 0.431334567302 -0.571079071119 0
v 0.431292283651 -0.564055160559 0
v 0.422109439268 -0.56477131429 0
v 0.422505357924 -0.572505693043 0
v 0.43125 -0.55703125 0
v 0.422265625 -0.55703125 0
v 0.422150440705 -0.547682892628 0
v 0.43125 -0.548046875 0
v 0.422150440705 0.547682892628 0
v 0.43125 0.548046875 0
v 0.43125 0.55703125 0
v 0.422265625 0.55703125 0
v 0.422109439268 0.56477131429 0
v 0.431292283651 0.564055160559 0
v 0.431334567302 0.571079071119 0
v 0.422505357924 0.572505693043 0
v 0.44921875 -0.567615089342 0
v 0.44921875 -0.562323169671 0
v 0.439834480837 -0.56322568337 0
v 0.440276658651 -0.56934708023 0
v 0.44921875 -0.55703125 0
v 0.440234375 -0.55703125 0
v 0.440349559295 -0.547682892628 0
v 0.44921875 -0.547328125 0
v 0.440349559295 0.547682892628 0
v 0.44921875 0.547328125 0
v 0.44921875 0.55703125 0
v 0.440234375 0.55703125 0
v 0.439834480837 0.56322568337 0
v 0.44921875 0.562323169671 0
v 0.44921875 0.567615089342 0
v 0.440276658651 0.56934708023 0
v 0.4671875 -0.56354200362 0
v 0.4671875 -0.56028662681 0
v 0.457489563512 -0.561385771899 0
v 0.458203125 -0.565578546481 0
v 0.4671875 -0.55703125 0
v 0.458203125 -0.55703125 0
v 0.458087940705 -0.547682892628 0
v 0.4671875 -0.548046875 0
v 0.458087940705 0.547682892628 0
v 0.4671875 0.548046875 0
v 0.4671875 0.55703125 0
v 0.458203125 0.55703125 0
v 0.457489563512 0.561385771899 0
v 0.4671875 0.56028662681 0
v 0.4671875 0.56354200362 0
v 0.458203125 0.565578546481 0
v 0.484588204733 -0.559019218773 0
v 0.484506157762 -0.556710996583 0
v 0.475365765798 -0.558603273312 0
v 0.475887852367 -0.561280611196 0
v 0.484424110792 -0.554402774393 0
v 0.475805805396 -0.555717012197 0
v 0.475753498473 -0.547345046589 0
v 0.484790180396 -0.546732637197 0
v 0.48515625 -0.5390625 0
v 0.476171875 -0.5390625 0
v 0.475807892628 -0.529962940705 0
v 0.48515625 -0.530078125 0
v 0.48515625 -0.52109375 0
v 0.475453125 -0.52109375 0
v 0.475932291667 -0.511869791667 0
v 0.48515625 -0.511390625 0
v 0.475932291667 0.511869791667 0
v 0.48515625 0.511390625 0
v 0.48515625 0.52109375 0
v 0.475453125 0.52109375 0
v 0.475807892628 0.529962940705 0
v 0.48515625 0.530078125 0
v 0.48515625 0.5390625 0
v 0.476171875 0.5390625 0
v 0.475753498473 0.547345046589 0
v 0.484790180396 0.546732637197 0
v 0.484424110792 0.554402774393 0
v 0.475805805396 0.555717012197 0
v 0.475365765798 0.558603273312 0
v 0.484506157762 0.556710996583 0
v 0.484588204733 0.559019218773 0
v 0.475887852367 0.561280611196 0
v 0.494084646302 -0.556305877057 0
v 0.489254378547 -0.555354325725 0
v 0.487698987276 -0.556575956742 0
v 0.489336425518 -0.557662547915 0
v 0.49393202321 -0.547187689438 0
v 0.498736733754 -0.554891224948 0
v 0.503388821205 -0.553476572838 0
v 0.503256910603 -0.546269536419 0
v 0.503125 -0.5390625 0
v 0.494140625 -0.5390625 0
v 0.494140625 -0.530078125 0
v 0.503125 -0.530078125 0
v 0.503125 -0.52109375 0
v 0.494140625 -0.52109375 0
v 0.494025440705 -0.511745392628 0
v 0.503125 -0.512109375 0
v 0.494025440705 0.511745392628 0
v 0.503125 0.512109375 0
v 0.503125 0.52109375 0
v 0.494140625 0.52109375 0
v 0.494140625 0.530078125 0
v 0.503125 0.530078125 0
v 0.503125 0.5390625 0
v 0.494140625 0.5390625 0
v 0.49393202321 0.547187689438 0
v 0.503256910603 0.546269536419 0
v 0.503388821205 0.553476572838 0
v 0.498736733754 0.554891224948 0
v 0.494084646302 0.556305877057 0
v 0.489254378547 0.555354325725 0
v 0.487698987276 0.556575956742 0
v 0.489336425518 0.557662547915 0
v 0.52109375 -0.547615904363 0
v 0.52109375 -0.543339202181 0
v 0.511412460352 -0.544919155134 0
v 0.512241285603 -0.550546238601 0
v 0.52109375 -0.5390625 0
v 0.512109375 -0.5390625 0
v 0.512109375 -0.530078125 0
v 0.52109375 -0.530078125 0
v 0.52109375 -0.52109375 0
v 0.512109375 -0.52109375 0
v 0.512224559295 -0.511745392628 0
v 0.52109375 -0.511390625 0
v 0.512224559295 0.511745392628 0
v 0.52109375 0.511390625 0
v 0.52109375 0.52109375 0
v 0.512109375 0.52109375 0
v 0.512109375 0.530078125 0
v 0.52109375 0.530078125 0
v 0.52109375 0.5390625 0
v 0.512109375 0.5390625 0
v 0.511412460352 0.544919155134 0
v 0.52109375 0.543339202181 0
v 0.52109375 0.547615904363 0
v 0.512241285603 0.550546238601 0
v 0.538318774561 -0.541297781416 0
v 0.538206994447 -0.538933079591 0
v 0.5288452528 -0.54135274534 0
v 0.52970626228 -0.544456842889 0
v 0.538095214334 -0.536568377767 0
v 0.529594482167 -0.537815438884 0
v 0.529614898795 -0.529387548572 0
v 0.538578857167 -0.528831063884 0
v 0.5390625 -0.52109375 0
v 0.530078125 -0.52109375 0
v 0.529962940705 -0.511745392628 0
v 0.5390625 -0.512109375 0
v 0.529962940705 0.511745392628 0
v 0.5390625 0.512109375 0
v 0.5390625 0.52109375 0
v 0.530078125 0.52109375 0
v 0.529614898795 0.529387548572 0
v 0.538578857167 0.528831063884 0
v 0.538095214334 0.536568377767 0
v 0.529594482167 0.537815438884 0
v 0.5288452528 0.54135274534 0
v 0.538206994447 0.538933079591 0
v 0.538318774561 0.541297781416 0
v 0.52970626228 0.544456842889 0
v 0.547252371767 -0.537774494525 0
v 0.54267379305 -0.537171436146 0
v 0.541222120219 -0.538546884568 0
v 0.542785573164 -0.53953613797 0
v 0.547495373259 -0.528873850843 0
v 0.552141810883 -0.535747140991 0
v 0.55703125 -0.533719787457 0
v 0.55703125 -0.527406768729 0
v 0.55703125 -0.52109375 0
v 0.548046875 -0.52109375 0
v 0.548162059295 -0.511745392628 0
v 0.55703125 -0.511390625 0
v 0.548162059295 0.511745392628 0
v 0.55703125 0.511390625 0
v 0.55703125 0.52109375 0
v 0.548046875 0.52109375 0
v 0.547495373259 0.528873850843 0
v 0.55703125 0.527406768729 0
v 0.55703125 0.533719787457 0
v 0.552141810883 0.535747140991 0
v 0.547252371767 0.537774494525 0
v 0.54267379305 0.537171436146 0
v 0.54122212022 0.538546884569 0
v 0.542785573164 0.53953613797 0
v 0.574904493278 -0.525758299195 0
v 0.57488675058 -0.523286720161 0
v 0.564659650569 -0.525648652565 0
v 0.565967871639 -0.529739043326 0
v 0.574869007882 -0.520815141127 0
v 0.565950128941 -0.520954445564 0
v 0.565845239012 -0.511664060658 0
v 0.574934503941 -0.511970070564 0
v 0.565845239012 0.511664060658 0
v 0.574934503941 0.511970070564 0
v 0.574869007882 0.520815141127 0
v 0.565950128941 0.520954445564 0
v 0.564659650569 0.525648652565 0
v 0.57488675058 0.523286720161 0
v 0.574904493278 0.525758299195 0
v 0.565967871639 0.529739043326 0
v 0.584215738094 -0.521319823626 0
v 0.579542372988 -0.521067482377 0
v 0.577996413084 -0.522631087982 0
v 0.579560115686 -0.523539061411 0
v 0.583673011257 -0.511693668917 0
v 0.588725109471 -0.519072183238 0
v 0.593234480849 -0.51682454285 0
v 0.593101615424 -0.509974771425 0
v 0.59296875 -0.503125 0
v 0.583984375 -0.503125 0
v 0.583620392628 -0.494025440705 0
v 0.59296875 -0.494140625 0
v 0.59296875 -0.48515625 0
v 0.583265625 -0.48515625 0
v 0.583744791667 -0.475932291667 0
v 0.59296875 -0.475453125 0
v 0.583744791667 0.475932291667 0
v 0.59296875 0.475453125 0
v 0.59296875 0.48515625 0
v 0.583265625 0.48515625 0
v 0.583620392628 0.494025440705 0
v 0.59296875 0.494140625 0
v 0.59296875 0.503125 0
v 0.583984375 0.503125 0
v 0.583673011257 0.511693668917 0
v 0.593101615424 0.509974771425 0
v 0.593234480849 0.51682454285 0
v 0.588725109471 0.519072183238 0
v 0.584215738094 0.521319823626 0
v 0.579542372988 0.521067482377 0
v 0.577996413085 0.522631087984 0
v 0.579560115686 0.523539061411 0
v 0.610675548329 -0.507564022139 0
v 0.610626327903 -0.505021801414 0
v 0.600524368479 -0.50787688357 0
v 0.601955014589 -0.512194282495 0
v 0.610577107477 -0.502479580688 0
v 0.601772928739 -0.502802290344 0
v 0.601808558012 -0.493949921376 0
v 0.610757303739 -0.493817915344 0
v 0.6109375 -0.48515625 0
v 0.601953125 -0.48515625 0
v 0.601837940705 -0.475807892628 0
v 0.6109375 -0.476171875 0
v 0.601837940705 0.475807892628 0
v 0.6109375 0.476171875 0
v 0.6109375 0.48515625 0
v 0.601953125 0.48515625 0
v 0.601808558012 0.493949921376 0
v 0.610757303739 0.493817915344 0
v 0.610577107477 0.502479580688 0
v 0.601772928739 0.502802290344 0
v 0.600524368479 0.50787688357 0
v 0.610626327903 0.505021801414 0
v 0.610675548329 0.507564022139 0
v 0.601955014589 0.512194282495 0
v 0.619155027245 -0.502781632738 0
v 0.614866067361 -0.502630606713 0
v 0.613469227682 -0.50427507852 0
v 0.614915287787 -0.505172827439 0
v 0.619297968155 -0.493298875412 0
v 0.624030638623 -0.49991398114 0
v 0.62890625 -0.497046329542 0
v 0.62890625 -0.491101289771 0
v 0.62890625 -0.48515625 0
v 0.619921875 -0.48515625 0
v 0.619921875 -0.476171875 0
v 0.62890625 -0.476171875 0
v 0.62890625 -0.4671875 0
v 0.619921875 -0.4671875 0
v 0.619557892628 -0.458087940705 0
v 0.62890625 -0.458203125 0
v 0.62890625 -0.44921875 0
v 0.619203125 -0.44921875 0
v 0.619682291667 -0.439994791667 0
v 0.62890625 -0.439515625 0
v 0.619682291667 0.439994791667 0
v 0.62890625 0.439515625 0
v 0.62890625 0.44921875 0
v 0.619203125 0.44921875 0
v 0.619557892628 0.458087940705 0
v 0.62890625 0.458203125 0
v 0.62890625 0.4671875 0
v 0.619921875 0.4671875 0
v 0.619921875 0.476171875 0
v 0.62890625 0.476171875 0
v 0.62890625 0.48515625 0
v 0.619921875 0.48515625 0
v 0.619297968155 0.493298875412 0
v 0.62890625 0.491101289771 0
v 0.62890625 0.497046329542 0
v 0.624030638623 0.49991398114 0
v 0.619155027245 0.502781632738 0
v 0.614866067361 0.502630606713 0
v 0.613469227684 0.504275078522 0
v 0.614915287787 0.505172827439 0
v 0.645219568275 -0.48686407115 0
v 0.644963746719 -0.484351194261 0
v 0.635897173448 -0.488194084162 0
v 0.637062909138 -0.491955200346 0
v 0.644707925163 -0.481838317372 0
v 0.636807087581 -0.483497283686 0
v 0.63705508783 -0.475179076348 0
v 0.645791462581 -0.474512908686 0
v 0.646875 -0.4671875 0
v 0.637890625 -0.4671875 0
v 0.637890625 -0.458203125 0
v 0.646875 -0.458203125 0
v 0.646875 -0.44921875 0
v 0.637890625 -0.44921875 0
v 0.637775440705 -0.439870392628 0
v 0.646875 -0.440234375 0
v 0.637775440705 0.439870392628 0
v 0.646875 0.440234375 0
v 0.646875 0.44921875 0
v 0.637890625 0.44921875 0
v 0.637890625 0.458203125 0
v 0.646875 0.458203125 0
v 0.646875 0.4671875 0
v 0.637890625 0.4671875 0
v 0.63705508783 0.475179076348 0
v 0.645791462581 0.474512908686 0
v 0.644707925163 0.481838317372 0
v 0.636807087581 0.483497283686 0
v 0.635897173448 0.488194084162 0
v 0.644963746719 0.484351194261 0
v 0.645219568275 0.48686407115 0
v 0.637062909138 0.491955200346 0
v 0.651237875003 -0.48291430675 0
v 0.647972900083 -0.482376312061 0
v 0.647055122815 -0.483872231758 0
v 0.648228721639 -0.48488918895 0
v 0.654026553418 -0.473849874503 0
v 0.658040812501 -0.478248022649 0
v 0.66484375 -0.473581738548 0
v 0.66484375 -0.470384619274 0
v 0.66484375 -0.4671875 0
v 0.655859375 -0.4671875 0
v 0.655859375 -0.458203125 0
v 0.66484375 -0.458203125 0
v 0.66484375 -0.44921875 0
v 0.655859375 -0.44921875 0
v 0.655974559295 -0.439870392628 0
v 0.66484375 -0.439515625 0
v 0.655974559295 0.439870392628 0
v 0.66484375 0.439515625 0
v 0.66484375 0.44921875 0
v 0.655859375 0.44921875 0
v 0.655859375 0.458203125 0
v 0.66484375 0.458203125 0
v 0.66484375 0.4671875 0
v 0.655859375 0.4671875 0
v 0.654026553418 0.473849874503 0
v 0.66484375 0.470384619274 0
v 0.66484375 0.473581738548 0
v 0.658040812501 0.478248022649 0
v 0.651237875003 0.48291430675 0
v 0.647972900083 0.482376312061 0
v 0.647055122815 0.483872231758 0
v 0.648228721639 0.48488918895 0
v 0.673708946412 -0.4671875 0
v 0.669276348206 -0.4671875 0
v 0.66779881547 -0.469318912849 0
v 0.669276348206 -0.470384619274 0
v 0.673193559795 -0.457487952942 0
v 0.678260723206 -0.463769411096 0
v 0.6828125 -0.460351322192 0
v 0.6828125 -0.454785036096 0
v 0.6828125 -0.44921875 0
v 0.673828125 -0.44921875 0
v 0.673712940705 -0.439870392628 0
v 0.6828125 -0.440234375 0
v 0.673712940705 0.439870392628 0
v 0.6828125 0.440234375 0
v 0.6828125 0.44921875 0
v 0.673828125 0.44921875 0
v 0.673193559795 0.457487952942 0
v 0.6828125 0.454785036096 0
v 0.6828125 0.460351322192 0
v 0.678260723206 0.463769411096 0
v 0.673708946412 0.4671875 0
v 0.669276348206 0.4671875 0
v 0.667798815469 0.469318912848 0
v 0.669276348206 0.470384619274 0
v 0.695611708132 -0.450253349656 0
v 0.689212104066 -0.449736049828 0
v 0.687078902711 -0.45327447395 0
v 0.689212104066 -0.455302335924 0
v 0.691840437838 -0.440300925956 0
v 0.698656655345 -0.447746259915 0
v 0.701701602557 -0.445239170173 0
v 0.701241426279 -0.438244585087 0
v 0.70078125 -0.43125 0
v 0.691796875 -0.43125 0
v 0.691432892628 -0.422150440705 0
v 0.70078125 -0.422265625 0
v 0.70078125 -0.41328125 0
v 0.691078125 -0.41328125 0
v 0.691557291667 -0.404057291667 0
v 0.70078125 -0.403578125 0
v 0.691557291667 0.404057291667 0
v 0.70078125 0.403578125 0
v 0.70078125 0.41328125 0
v 0.691078125 0.41328125 0
v 0.691432892628 0.422150440705 0
v 0.70078125 0.422265625 0
v 0.70078125 0.43125 0
v 0.691796875 0.43125 0
v 0.691840437838 0.440300925956 0
v 0.701241426279 0.438244585087 0
v 0.701701602557 0.445239170173 0
v 0.698656655345 0.447746259915 0
v 0.695611708132 0.450253349656 0
v 0.689212104066 0.449736049828 0
v 0.687078902711 0.45327447395 0
v 0.689212104066 0.455302335924 0
v 0.715530802889 -0.433319743404 0
v 0.708156026445 -0.432284871702 0
v 0.706004551816 -0.436602971193 0
v 0.708616202723 -0.439279456789 0
v 0.710280927049 -0.422821087652 0
v 0.718101673931 -0.431004782188 0
v 0.720672544972 -0.428689820972 0
v 0.719711272486 -0.420985535486 0
v 0.71875 -0.41328125 0
v 0.709765625 -0.41328125 0
v 0.709650440705 -0.403932892628 0
v 0.71875 -0.404296875 0
v 0.709650440705 0.403932892628 0
v 0.71875 0.404296875 0
v 0.71875 0.41328125 0
v 0.709765625 0.41328125 0
v 0.710280927049 0.422821087652 0
v 0.719711272486 0.420985535486 0
v 0.720672544972 0.428689820972 0
v 0.718101673931 0.431004782188 0
v 0.715530802889 0.433319743404 0
v 0.708156026445 0.432284871702 0
v 0.706004551815 0.436602971192 0
v 0.708616202723 0.439279456789 0
v 0.734471366526 -0.415695698391 0
v 0.734073555802 -0.412942421944 0
v 0.725769871257 -0.417602327033 0
v 0.727571955749 -0.422192759681 0
v 0.733675745078 -0.410189145498 0
v 0.726212872539 -0.411735197749 0
v 0.726715106092 -0.403271107433 0
v 0.735197247539 -0.402750822749 0
v 0.73671875 -0.3953125 0
v 0.727734375 -0.3953125 0
v 0.727370392628 -0.386212940705 0
v 0.73671875 -0.386328125 0
v 0.73671875 -0.37734375 0
v 0.727015625 -0.37734375 0
v 0.727494791667 -0.368119791667 0
v 0.73671875 -0.367640625 0
v 0.727494791667 0.368119791667 0
v 0.73671875 0.367640625 0
v 0.73671875 0.37734375 0
v 0.727015625 0.37734375 0
v 0.727370392628 0.386212940705 0
v 0.73671875 0.386328125 0
v 0.73671875 0.3953125 0
v 0.727734375 0.3953125 0
v 0.726715106092 0.403271107433 0
v 0.735197247539 0.402750822749 0
v 0.733675745078 0.410189145498 0
v 0.726212872539 0.411735197749 0
v 0.725769871257 0.417602327033 0
v 0.734073555802 0.412942421944 0
v 0.734471366526 0.415695698391 0
v 0.727571955749 0.422192759681 0
v 0.739234740031 -0.411007211071 0
v 0.736455242554 -0.410598178284 0
v 0.735793950541 -0.412297351651 0
v 0.736853053278 -0.413351454731 0
v 0.741147244818 -0.402375705741 0
v 0.745808929997 -0.40424495753 0
v 0.752383119963 -0.397482703989 0
v 0.744550934981 -0.396397601995 0
v 0.746358256169 -0.386951158531 0
v 0.754678510326 -0.395014941742 0
v 0.75697390069 -0.392547179496 0
v 0.755830700345 -0.384945464748 0
v 0.7546875 -0.37734375 0
v 0.745703125 -0.37734375 0
v 0.745587940705 -0.367995392628 0
v 0.7546875 -0.368359375 0
v 0.745587940705 0.367995392628 0
v 0.7546875 0.368359375 0
v 0.7546875 0.37734375 0
v 0.745703125 0.37734375 0
v 0.746358256169 0.386951158531 0
v 0.755830700345 0.384945464748 0
v 0.75697390069 0.392547179496 0
v 0.754678510326 0.395014941742 0
v 0.752383119963 0.397482703989 0
v 0.744550934981 0.396397601995 0
v 0.741147244818 0.402375705741 0
v 0.745808929997 0.40424495753 0
v 0.739234740031 0.411007211071 0
v 0.736455242554 0.410598178284 0
v 0.735793950546 0.412297351654 0
v 0.736853053278 0.413351454731 0
v 0.769320907696 -0.378678148381 0
v 0.762004203848 -0.37801094919 0
v 0.760327436129 -0.382856359292 0
v 0.763147404193 -0.385612663938 0
v 0.763954705781 -0.36860494224 0
v 0.771729863923 -0.375846921502 0
v 0.77413882015 -0.373015694624 0
v 0.773397535075 -0.366195347312 0
v 0.77265625 -0.359375 0
v 0.763671875 -0.359375 0
v 0.763307892628 -0.350275440705 0
v 0.77265625 -0.350390625 0
v 0.77265625 -0.34140625 0
v 0.762953125 -0.34140625 0
v 0.763307892628 -0.332537059295 0
v 0.77265625 -0.332421875 0
v 0.77265625 -0.3234375 0
v 0.763671875 -0.3234375 0
v 0.763307892628 -0.314337940705 0
v 0.77265625 -0.314453125 0
v 0.77265625 -0.30546875 0
v 0.762953125 -0.30546875 0
v 0.763432291667 -0.296244791667 0
v 0.77265625 -0.295765625 0
v 0.763432291667 0.296244791667 0
v 0.77265625 0.295765625 0
v 0.77265625 0.30546875 0
v 0.762953125 0.30546875 0
v 0.763307892628 0.314337940705 0
v 0.77265625 0.314453125 0
v 0.77265625 0.3234375 0
v 0.763671875 0.3234375 0
v 0.763307892628 0.332537059295 0
v 0.77265625 0.332421875 0
v 0.77265625 0.34140625 0
v 0.762953125 0.34140625 0
v 0.763307892628 0.350275440705 0
v 0.77265625 0.350390625 0
v 0.77265625 0.359375 0
v 0.763671875 0.359375 0
v 0.763954705781 0.36860494224 0
v 0.773397535075 0.366195347312 0
v 0.77413882015 0.373015694624 0
v 0.771729863923 0.375846921502 0
v 0.769320907696 0.378678148381 0
v 0.762004203848 0.37801094919 0
v 0.760327436129 0.382856359292 0
v 0.763147404193 0.385612663938 0
v 0.785159460915 -0.359485556233 0
v 0.778907855457 -0.359430278116 0
v 0.777318177021 -0.363958750285 0
v 0.779649140532 -0.366250625428 0
v 0.781221284564 -0.350000652403 0
v 0.787954078893 -0.355889477157 0
v 0.79074869687 -0.352293398082 0
v 0.790686848435 -0.346849824041 0
v 0.790625 -0.34140625 0
v 0.781640625 -0.34140625 0
v 0.781640625 -0.332421875 0
v 0.790625 -0.332421875 0
v 0.790625 -0.3234375 0
v 0.781640625 -0.3234375 0
v 0.781640625 -0.314453125 0
v 0.790625 -0.314453125 0
v 0.790625 -0.30546875 0
v 0.781640625 -0.30546875 0
v 0.781525440705 -0.296120392628 0
v 0.790625 -0.296484375 0
v 0.781525440705 0.296120392628 0
v 0.790625 0.296484375 0
v 0.790625 0.30546875 0
v 0.781640625 0.30546875 0
v 0.781640625 0.314453125 0
v 0.790625 0.314453125 0
v 0.790625 0.3234375 0
v 0.781640625 0.3234375 0
v 0.781640625 0.332421875 0
v 0.790625 0.332421875 0
v 0.790625 0.34140625 0
v 0.781640625 0.34140625 0
v 0.781221284564 0.350000652403 0
v 0.790686848435 0.346849824041 0
v 0.79074869687 0.352293398082 0
v 0.787954078893 0.355889477157 0
v 0.785159460915 0.359485556233 0
v 0.778907855457 0.359430278116 0
v 0.777318177022 0.363958750285 0
v 0.779649140532 0.366250625428 0
v 0.79887287452 -0.34140625 0
v 0.79474893726 -0.34140625 0
v 0.793415523797 -0.345035299361 0
v 0.794810785695 -0.346849824041 0
v 0.797969769842 -0.331115261775 0
v 0.803174614658 -0.335336301039 0
v 0.807476354796 -0.329266352078 0
v 0.807153250457 -0.325755997205 0
v 0.806830146118 -0.322245642332 0
v 0.798727573059 -0.322841571166 0
v 0.799073421987 -0.314003924163 0
v 0.807711948059 -0.313857196166 0
v 0.80859375 -0.30546875 0
v 0.799609375 -0.30546875 0
v 0.799609375 -0.296484375 0
v 0.80859375 -0.296484375 0
v 0.80859375 -0.2875 0
v 0.799609375 -0.2875 0
v 0.799245392628 -0.278400440705 0
v 0.80859375 -0.278515625 0
v 0.80859375 -0.26953125 0
v 0.798890625 -0.26953125 0
v 0.799369791667 -0.260307291667 0
v 0.80859375 -0.259828125 0
v 0.799369791667 0.260307291667 0
v 0.80859375 0.259828125 0
v 0.80859375 0.26953125 0
v 0.798890625 0.26953125 0
v 0.799245392628 0.278400440705 0
v 0.80859375 0.278515625 0
v 0.80859375 0.2875 0
v 0.799609375 0.2875 0
v 0.799609375 0.296484375 0
v 0.80859375 0.296484375 0
v 0.80859375 0.30546875 0
v 0.799609375 0.30546875 0
v 0.799073421987 0.314003924163 0
v 0.807711948059 0.313857196166 0
v 0.806830146118 0.322245642332 0
v 0.798727573059 0.322841571166 0
v 0.797969769842 0.331115261775 0
v 0.807153250457 0.325755997205 0
v 0.807476354796 0.329266352078 0
v 0.803174614658 0.335336301039 0
v 0.79887287452 0.34140625 0
v 0.79474893726 0.34140625 0
v 0.793415523797 0.345035299361 0
v 0.794810785695 0.346849824041 0
v 0.812032299365 -0.322559858582 0
v 0.809431222741 -0.322402750457 0
v 0.808779600097 -0.324690617665 0
v 0.809754327081 -0.32591310533 0
v 0.813016018919 -0.312809112604 0
v 0.817358402455 -0.314301151673 0
v 0.822684505544 -0.306042444764 0
v 0.815639127772 -0.305755597382 0
v 0.817467805689 -0.296360974664 0
v 0.82499605604 -0.302256895465 0
v 0.827307606535 -0.298471346166 0
v 0.826935053268 -0.292985673083 0
v 0.8265625 -0.2875 0
v 0.817578125 -0.2875 0
v 0.817578125 -0.278515625 0
v 0.8265625 -0.278515625 0
v 0.8265625 -0.26953125 0
v 0.817578125 -0.26953125 0
v 0.817462940705 -0.260182892628 0
v 0.8265625 -0.260546875 0
v 0.817462940705 0.260182892628 0
v 0.8265625 0.260546875 0
v 0.8265625 0.26953125 0
v 0.817578125 0.26953125 0
v 0.817578125 0.278515625 0
v 0.8265625 0.278515625 0
v 0.8265625 0.2875 0
v 0.817578125 0.2875 0
v 0.817467805689 0.296360974664 0
v 0.826935053268 0.292985673083 0
v 0.827307606535 0.298471346166 0
v 0.82499605604 0.302256895465 0
v 0.822684505544 0.306042444764 0
v 0.815639127772 0.305755597382 0
v 0.813016018919 0.312809112604 0
v 0.817358402455 0.314301151673 0
v 0.812032299365 0.322559858582 0
v 0.809431222741 0.322402750457 0
v 0.808779600092 0.324690617663 0
v 0.809754327081 0.32591310533 0
v 0.833729838306 -0.2875 0
v 0.830146169153 -0.2875 0
v 0.829199981613 -0.291157115388 0
v 0.830518722421 -0.292985673083 0
v 0.832694522502 -0.277688051833 0
v 0.838306937175 -0.27916599386 0
v 0.842884036043 -0.270831987719 0
v 0.834723268022 -0.27018161886 0
v 0.836038014503 -0.260844529057 0
v 0.844710945352 -0.267314292468 0
v 0.84653785466 -0.263796597217 0
v 0.84553455233 -0.257679548608 0
v 0.84453125 -0.2515625 0
v 0.835546875 -0.2515625 0
v 0.835182892628 -0.242462940705 0
v 0.84453125 -0.242578125 0
v 0.84453125 -0.23359375 0
v 0.834828125 -0.23359375 0
v 0.835182892628 -0.224724559295 0
v 0.84453125 -0.224609375 0
v 0.84453125 -0.215625 0
v 0.835546875 -0.215625 0
v 0.835182892628 -0.206525440705 0
v 0.84453125 -0.206640625 0
v 0.84453125 -0.19765625 0
v 0.834828125 -0.19765625 0
v 0.835182892628 -0.188787059295 0
v 0.84453125 -0.188671875 0
v 0.84453125 -0.1796875 0
v 0.835546875 -0.1796875 0
v 0.835182892628 -0.170587940705 0
v 0.84453125 -0.170703125 0
v 0.84453125 -0.16171875 0
v 0.834828125 -0.16171875 0
v 0.835307291667 -0.152494791667 0
v 0.84453125 -0.152015625 0
v 0.835307291667 0.152494791667 0
v 0.84453125 0.152015625 0
v 0.84453125 0.16171875 0
v 0.834828125 0.16171875 0
v 0.835182892628 0.170587940705 0
v 0.84453125 0.170703125 0
v 0.84453125 0.1796875 0
v 0.835546875 0.1796875 0
v 0.835182892628 0.188787059295 0
v 0.84453125 0.188671875 0
v 0.84453125 0.19765625 0
v 0.834828125 0.19765625 0
v 0.835182892628 0.206525440705 0
v 0.84453125 0.206640625 0
v 0.84453125 0.215625 0
v 0.835546875 0.215625 0
v 0.835182892628 0.224724559295 0
v 0.84453125 0.224609375 0
v 0.84453125 0.23359375 0
v 0.834828125 0.23359375 0
v 0.835182892628 0.242462940705 0
v 0.84453125 0.242578125 0
v 0.84453125 0.2515625 0
v 0.835546875 0.2515625 0
v 0.836038014503 0.260844529057 0
v 0.84553455233 0.257679548608 0
v 0.84653785466 0.263796597217 0
v 0.844710945352 0.267314292468 0
v 0.842884036043 0.270831987719 0
v 0.834723268022 0.27018161886 0
v 0.832694522502 0.277688051833 0
v 0.838306937175 0.27916599386 0
v 0.833729838306 0.2875 0
v 0.830146169153 0.2875 0
v 0.829199981614 0.291157115389 0
v 0.830518722421 0.292985673083 0
v 0.852605308616 -0.2515625 0
v 0.848568279308 -0.2515625 0
v 0.847891471091 -0.255640532405 0
v 0.849571581638 -0.257679548608 0
v 0.850717559457 -0.241836773146 0
v 0.856537795844 -0.243043007169 0
v 0.860470283072 -0.234523514337 0
v 0.852500766536 -0.234058632169 0
v 0.853784901571 -0.224725922766 0
v 0.86225166981 -0.230408447923 0
v 0.864033056548 -0.226293381508 0
v 0.863266528274 -0.220959190754 0
v 0.8625 -0.215625 0
v 0.853515625 -0.215625 0
v 0.853515625 -0.206640625 0
v 0.8625 -0.206640625 0
v 0.8625 -0.19765625 0
v 0.853515625 -0.19765625 0
v 0.853515625 -0.188671875 0
v 0.8625 -0.188671875 0
v 0.8625 -0.1796875 0
v 0.853515625 -0.1796875 0
v 0.853515625 -0.170703125 0
v 0.8625 -0.170703125 0
v 0.8625 -0.16171875 0
v 0.853515625 -0.16171875 0
v 0.853400440705 -0.152370392628 0
v 0.8625 -0.152734375 0
v 0.853400440705 0.152370392628 0
v 0.8625 0.152734375 0
v 0.8625 0.16171875 0
v 0.853515625 0.16171875 0
v 0.853515625 0.170703125 0
v 0.8625 0.170703125 0
v 0.8625 0.1796875 0
v 0.853515625 0.1796875 0
v 0.853515625 0.188671875 0
v 0.8625 0.188671875 0
v 0.8625 0.19765625 0
v 0.853515625 0.19765625 0
v 0.853515625 0.206640625 0
v 0.8625 0.206640625 0
v 0.8625 0.215625 0
v 0.853515625 0.215625 0
v 0.853784901571 0.224725922766 0
v 0.863266528274 0.220959190754 0
v 0.864033056548 0.226293381508 0
v 0.86225166981 0.230408447923 0
v 0.860470283072 0.234523514337 0
v 0.852500766536 0.234058632169 0
v 0.850717559457 0.241836773146 0
v 0.856537795844 0.243043007169 0
v 0.852605308616 0.2515625 0
v 0.848568279308 0.2515625 0
v 0.847891471091 0.255640532405 0
v 0.849571581638 0.257679548608 0
v 0.868429066243 -0.215625 0
v 0.865464533121 -0.215625 0
v 0.864987374264 -0.21918112717 0
v 0.866231061395 -0.220959190754 0
v 0.867386799513 -0.205543823738 0
v 0.871855325574 -0.206640625 0
v 0.875281584904 -0.19765625 0
v 0.868890792452 -0.19765625 0
v 0.870079042759 -0.18818105668 0
v 0.87700871064 -0.192754934108 0
v 0.878735836376 -0.187853618216 0
v 0.87791676672 -0.18322035887 0
v 0.877097697063 -0.178587099524 0
v 0.869798848532 -0.179137299762 0
v 0.870576800807 -0.170120214722 0
v 0.878783223532 -0.170152924762 0
v 0.88046875 -0.16171875 0
v 0.871484375 -0.16171875 0
v 0.871484375 -0.152734375 0
v 0.88046875 -0.152734375 0
v 0.88046875 -0.14375 0
v 0.871484375 -0.14375 0
v 0.871120392628 -0.134650440705 0
v 0.88046875 -0.134765625 0
v 0.88046875 -0.12578125 0
v 0.870765625 -0.12578125 0
v 0.871120392628 -0.116912059295 0
v 0.88046875 -0.116796875 0
v 0.88046875 -0.1078125 0
v 0.871484375 -0.1078125 0
v 0.871120392628 -0.0987129407051 0
v 0.88046875 -0.098828125 0
v 0.88046875 -0.08984375 0
v 0.870765625 -0.08984375 0
v 0.871120392628 -0.0809745592949 0
v 0.88046875 -0.080859375 0
v 0.88046875 -0.071875 0
v 0.871484375 -0.071875 0
v 0.871120392628 -0.0627754407051 0
v 0.88046875 -0.062890625 0
v 0.88046875 -0.05390625 0
v 0.870765625 -0.05390625 0
v 0.871120392628 -0.0450370592949 0
v 0.88046875 -0.044921875 0
v 0.88046875 -0.0359375 0
v 0.871484375 -0.0359375 0
v 0.871120392628 -0.0268379407051 0
v 0.88046875 -0.026953125 0
v 0.88046875 -0.01796875 0
v 0.870765625 -0.01796875 0
v 0.871120392628 -0.00909955929487 0
v 0.88046875 -0.008984375 0
v 0.88046875 -0 0
v 0.871484375 0 0
v 0.871120392628 0.00909955929487 0
v 0.88046875 0.008984375 0
v 0.88046875 0.01796875 0
v 0.870765625 0.01796875 0
v 0.871120392628 0.0268379407051 0
v 0.88046875 0.026953125 0
v 0.88046875 0.0359375 0
v 0.871484375 0.0359375 0
v 0.871120392628 0.0450370592949 0
v 0.88046875 0.044921875 0
v 0.88046875 0.05390625 0
v 0.870765625 0.05390625 0
v 0.871120392628 0.0627754407051 0
v 0.88046875 0.062890625 0
v 0.88046875 0.071875 0
v 0.871484375 0.071875 0
v 0.871120392628 0.0809745592949 0
v 0.88046875 0.080859375 0
v 0.88046875 0.08984375 0
v 0.870765625 0.08984375 0
v 0.871120392628 0.0987129407051 0
v 0.88046875 0.098828125 0
v 0.88046875 0.1078125 0
v 0.871484375 0.1078125 0
v 0.871120392628 0.116912059295 0
v 0.88046875 0.116796875 0
v 0.88046875 0.12578125 0
v 0.870765625 0.12578125 0
v 0.871120392628 0.134650440705 0
v 0.88046875 0.134765625 0
v 0.88046875 0.14375 0
v 0.871484375 0.14375 0
v 0.871484375 0.152734375 0
v 0.88046875 0.152734375 0
v 0.88046875 0.16171875 0
v 0.871484375 0.16171875 0
v 0.870576800807 0.170120214722 0
v 0.878783223532 0.170152924762 0
v 0.877097697063 0.178587099524 0
v 0.869798848532 0.179137299762 0
v 0.870079042759 0.18818105668 0
v 0.87791676672 0.18322035887 0
v 0.878735836376 0.187853618216 0
v 0.87700871064 0.192754934108 0
v 0.875281584904 0.19765625 0
v 0.868890792452 0.19765625 0
v 0.867386799513 0.205543823738 0
v 0.871855325574 0.206640625 0
v 0.868429066243 0.215625 0
v 0.865464533121 0.215625 0
v 0.864987374264 0.21918112717 0
v 0.866231061395 0.220959190754 0
v 0.881743620062 -0.178826669491 0
v 0.879420658563 -0.178706884507 0
v 0.879192384501 -0.181755795744 0
v 0.880239728219 -0.183340143853 0
v 0.881701315481 -0.169753675904 0
v 0.884370932964 -0.170272709745 0
v 0.886998245867 -0.16171875 0
v 0.883733497933 -0.16171875 0
v 0.885071530569 -0.151916585157 0
v 0.889451048314 -0.152734375 0
v 0.891903850761 -0.14375 0
v 0.88618630038 -0.14375 0
v 0.887272527136 -0.134397079937 0
v 0.894007580405 -0.134958247844 0
v 0.896111310049 -0.126166495688 0
v 0.888290030025 -0.125973872844 0
v 0.888789907046 -0.116813571119 0
v 0.897104065899 -0.121534084277 0
v 0.898096821749 -0.116901672867 0
v 0.896762255496 -0.11207165908 0
v 0.895427689244 -0.107241645294 0
v 0.887948219622 -0.107527072647 0
v 0.88867559269 -0.0984121021554 0
v 0.896932594622 -0.0985426976468 0
v 0.8984375 -0.08984375 0
v 0.889453125 -0.08984375 0
v 0.889453125 -0.080859375 0
v 0.8984375 -0.080859375 0
v 0.8984375 -0.071875 0
v 0.889453125 -0.071875 0
v 0.889453125 -0.062890625 0
v 0.8984375 -0.062890625 0
v 0.8984375 -0.05390625 0
v 0.889453125 -0.05390625 0
v 0.889453125 -0.044921875 0
v 0.8984375 -0.044921875 0
v 0.8984375 -0.0359375 0
v 0.889453125 -0.0359375 0
v 0.889453125 -0.026953125 0
v 0.8984375 -0.026953125 0
v 0.8984375 -0.01796875 0
v 0.889453125 -0.01796875 0
v 0.889453125 -0.008984375 0
v 0.8984375 -0.008984375 0
v 0.8984375 -0 0
v 0.889453125 -0 0
v 0.889453125 0.008984375 0
v 0.8984375 0.008984375 0
v 0.8984375 0.01796875 0
v 0.889453125 0.01796875 0
v 0.889453125 0.026953125 0
v 0.8984375 0.026953125 0
v 0.8984375 0.0359375 0
v 0.889453125 0.0359375 0
v 0.889453125 0.044921875 0
v 0.8984375 0.044921875 0
v 0.8984375 0.05390625 0
v 0.889453125 0.05390625 0
v 0.889453125 0.062890625 0
v 0.8984375 0.062890625 0
v 0.8984375 0.071875 0
v 0.889453125 0.071875 0
v 0.889453125 0.080859375 0
v 0.8984375 0.080859375 0
v 0.8984375 0.08984375 0
v 0.889453125 0.08984375 0
v 0.88867559269 0.0984121021554 0
v 0.896932594622 0.0985426976468 0
v 0.895427689244 0.107241645294 0
v 0.887948219622 0.107527072647 0
v 0.888789907046 0.116813571119 0
v 0.896762255496 0.11207165908 0
v 0.898096821749 0.116901672867 0
v 0.897104065899 0.121534084277 0
v 0.896111310049 0.126166495688 0
v 0.888290030025 0.125973872844 0
v 0.887272527136 0.134397079937 0
v 0.894007580405 0.134958247844 0
v 0.891903850761 0.14375 0
v 0.88618630038 0.14375 0
v 0.885071530569 0.151916585157 0
v 0.889451048314 0.152734375 0
v 0.886998245867 0.16171875 0
v 0.883733497933 0.16171875 0
v 0.881701315481 0.169753675904 0
v 0.884370932964 0.170272709745 0
v 0.881743620062 0.178826669491 0
v 0.879420658563 0.178706884507 0
v 0.879192384501 0.181755795744 0
v 0.880239728219 0.183340143853 0
v 0.899976024405 -0.107365411579 0
v 0.897701856824 -0.107303528436 0
v 0.897833511799 -0.110502909913 0
v 0.899036423077 -0.112133542223 0
v 0.899212354978 -0.0985762260734 0
v 0.901487619788 -0.0986045807894 0
v 0.90299921517 -0.08984375 0
v 0.900718357585 -0.08984375 0
v 0.901396656434 -0.0802091767014 0
v 0.904264261589 -0.080859375 0
v 0.905529308007 -0.071875 0
v 0.901983404003 -0.071875 0
v 0.902493284497 -0.0625269962908 0
v 0.906509401233 -0.062890625 0
v 0.907489494459 -0.05390625 0
v 0.90296349723 -0.05390625 0
v 0.903320843667 -0.0447074686093 0
v 0.908187529181 -0.044921875 0
v 0.908885563902 -0.0359375 0
v 0.903661531951 -0.0359375 0
v 0.903873219071 -0.0268379164824 0
v 0.909303577861 -0.026953125 0
v 0.909721591821 -0.01796875 0
v 0.90407954591 -0.01796875 0
v 0.904149430678 -0.00894788051973 0
v 0.90986079591 -0.008984375 0
v 0.91 -0 0
v 0.90421875 -0 0
v 0.904149430678 0.00894788051973 0
v 0.90986079591 0.008984375 0
v 0.909721591821 0.01796875 0
v 0.90407954591 0.01796875 0
v 0.903873219071 0.0268379164824 0
v 0.909303577861 0.026953125 0
v 0.908885563902 0.0359375 0
v 0.903661531951 0.0359375 0
v 0.903320843667 0.0447074686093 0
v 0.908187529181 0.044921875 0
v 0.907489494459 0.05390625 0
v 0.90296349723 0.05390625 0
v 0.902493284497 0.0625269962908 0
v 0.906509401233 0.062890625 0
v 0.905529308007 0.071875 0
v 0.901983404003 0.071875 0
v 0.901396656434 0.0802091767014 0
v 0.904264261589 0.080859375 0
v 0.90299921517 0.08984375 0
v 0.900718357585 0.08984375 0
v 0.899212354978 0.0985762260734 0
v 0.901487619788 0.0986045807894 0
v 0.899976024405 0.107365411579 0
v 0.897701856824 0.107303528436 0
v 0.897833511799 0.110502909913 0
v 0.899036423077 0.112133542223 0
f 1 2 3 4
f 5 6 3 2
f 7 8 3 6
f 9 10 3 8
f 11 12 3 10
f 13 4 3 12
f 11 10 14 15
f 9 16 14 10
f 17 18 14 16
f 19 20 14 18
f 21 22 14 20
f 23 15 14 22
f 24 25 26 27
f 28 29 26 25
f 30 31 26 29
f 32 33 26 31
f 7 34 26 33
f 35 27 26 34
f 7 33 36 8
f 32 37 36 33
f 38 39 36 37
f 9 8 36 39
f 9 39 40 16
f 38 41 40 39
f 42 43 40 41
f 17 16 40 43
f 17 43 44 45
f 42 46 44 43
f 47 48 44 46
f 49 50 44 48
f 51 52 44 50
f 53 45 44 52
f 30 54 55 31
f 56 57 55 54
f 58 59 55 57
f 60 61 55 59
f 32 31 55 61
f 32 61 62 37
f 60 63 62 61
f 64 65 62 63
f 38 37 62 65
f 38 65 66 41
f 64 67 66 65
f 68 69 66 67
f 42 41 66 69
f 42 69 70 46
f 68 71 70 69
f 72 73 70 71
f 74 75 70 73
f 47 46 70 75
f 58 76 77 59
f 78 79 77 76
f 80 81 77 79
f 82 83 77 81
f 60 59 77 83
f 60 83 84 63
f 82 85 84 83
f 86 87 84 85
f 64 63 84 87
f 64 87 88 67
f 86 89 88 87
f 90 91 88 89
f 68 67 88 91
f 68 91 92 71
f 90 93 92 91
f 94 95 92 93
f 96 97 92 95
f 72 71 92 97
f 80 98 99 81
f 100 101 99 98
f 102 103 99 101
f 104 105 99 103
f 82 81 99 105
f 82 105 106 85
f 104 107 106 105
f 108 109 106 107
f 86 85 106 109
f 86 109 110 89
f 108 111 110 109
f 112 113 110 111
f 90 89 110 113
f 90 113 114 93
f 112 115 114 113
f 116 117 114 115
f 118 119 114 117
f 94 93 114 119
f 102 120 121 103
f 122 123 121 120
f 124 125 121 123
f 126 127 121 125
f 104 103 121 127
f 104 127 128 107
f 126 129 128 127
f 130 131 128 129
f 108 107 128 131
f 108 131 132 111
f 130 133 132 131
f 134 135 132 133
f 112 111 132 135
f 112 135 136 115
f 134 137 136 135
f 138 139 136 137
f 140 141 136 139
f 116 115 136 141
f 124 142 143 125
f 144 145 143 142
f 146 147 143 145
f 148 149 143 147
f 126 125 143 149
f 126 149 150 129
f 148 151 150 149
f 152 153 150 151
f 130 129 150 153
f 130 153 154 133
f 152 155 154 153
f 156 157 154 155
f 134 133 154 157
f 134 157 158 137
f 156 159 158 157
f 160 161 158 159
f 162 163 158 161
f 138 137 158 163
f 146 164 165 147
f 166 167 165 164
f 168 169 165 167
f 170 171 165 169
f 148 147 165 171
f 148 171 172 151
f 170 173 172 171
f 174 175 172 173
f 152 151 172 175
f 152 175 176 155
f 174 177 176 175
f 178 179 176 177
f 156 155 176 179
f 156 179 180 159
f 178 181 180 179
f 182 183 180 181
f 184 185 180 183
f 160 159 180 185
f 168 186 187 169
f 188 189 187 186
f 190 191 187 189
f 192 193 187 191
f 194 195 187 193
f 170 169 187 195
f 170 195 196 173
f 194 197 196 195
f 198 199 196 197
f 174 173 196 199
f 174 199 200 177
f 198 201 200 199
f 202 203 200 201
f 178 177 200 203
f 178 203 204 181
f 202 205 204 203
f 206 207 204 205
f 208 209 204 207
f 210 211 204 209
f 182 181 204 211
f 194 212 213 197
f 214 215 213 212
f 216 217 213 215
f 218 219 213 217
f 220 221 213 219
f 198 197 213 221
f 198 221 222 201
f 220 223 222 221
f 224 225 222 223
f 226 227 222 225
f 228 229 222 227
f 202 201 222 229
f 230 231 232 233
f 234 235 232 231
f 236 237 232 235
f 1 238 232 237
f 239 240 232 238
f 241 233 232 240
f 239 238 242 243
f 1 4 242 238
f 13 244 242 4
f 245 246 242 244
f 247 243 242 246
f 245 244 248 249
f 13 12 248 244
f 11 250 248 12
f 251 252 248 250
f 253 249 248 252
f 251 250 254 255
f 11 15 254 250
f 23 256 254 15
f 257 258 254 256
f 259 255 254 258
f 257 256 260 261
f 23 22 260 256
f 21 262 260 22
f 263 264 260 262
f 265 261 260 264
f 263 262 266 267
f 21 268 266 262
f 269 270 266 268
f 271 272 266 270
f 273 274 266 272
f 275 267 266 274
f 276 277 278 279
f 280 281 278 277
f 282 283 278 281
f 284 285 278 283
f 236 286 278 285
f 287 279 278 286
f 236 285 288 237
f 284 289 288 285
f 5 2 288 289
f 1 237 288 2
f 21 20 290 268
f 19 291 290 20
f 292 293 290 291
f 269 268 290 293
f 269 293 294 295
f 292 296 294 293
f 297 298 294 296
f 299 300 294 298
f 301 302 294 300
f 303 295 294 302
f 304 305 306 307
f 308 309 306 305
f 310 311 306 309
f 24 312 306 311
f 282 313 306 312
f 314 307 306 313
f 282 312 315 283
f 24 27 315 312
f 35 316 315 27
f 284 283 315 316
f 284 316 317 289
f 35 34 317 316
f 7 6 317 34
f 5 289 317 6
f 19 18 318 291
f 17 45 318 18
f 53 319 318 45
f 292 291 318 319
f 292 319 320 296
f 53 52 320 319
f 51 321 320 52
f 297 296 320 321
f 297 321 322 323
f 51 324 322 321
f 325 326 322 324
f 327 328 322 326
f 329 330 322 328
f 331 323 322 330
f 332 333 334 335
f 336 337 334 333
f 338 339 334 337
f 340 341 334 339
f 310 342 334 341
f 343 335 334 342
f 310 341 344 311
f 340 345 344 341
f 28 25 344 345
f 24 311 344 25
f 51 50 346 324
f 49 347 346 50
f 348 349 346 347
f 325 324 346 349
f 325 349 350 351
f 348 352 350 349
f 353 354 350 352
f 355 356 350 354
f 357 358 350 356
f 359 351 350 358
f 338 360 361 339
f 362 363 361 360
f 364 365 361 363
f 366 367 361 365
f 340 339 361 367
f 340 367 368 345
f 366 369 368 367
f 30 29 368 369
f 28 345 368 29
f 49 48 370 347
f 47 371 370 48
f 372 373 370 371
f 348 347 370 373
f 348 373 374 352
f 372 375 374 373
f 376 377 374 375
f 378 379 374 377
f 353 352 374 379
f 380 381 382 383
f 384 385 382 381
f 386 387 382 385
f 388 389 382 387
f 364 390 382 389
f 391 383 382 390
f 364 389 392 365
f 388 393 392 389
f 394 395 392 393
f 366 365 392 395
f 366 395 396 369
f 394 397 396 395
f 56 54 396 397
f 30 369 396 54
f 47 75 398 371
f 74 399 398 75
f 400 401 398 399
f 372 371 398 401
f 372 401 402 375
f 400 403 402 401
f 404 405 402 403
f 376 375 402 405
f 376 405 406 407
f 404 408 406 405
f 409 410 406 408
f 411 412 406 410
f 413 414 406 412
f 415 407 406 414
f 386 416 417 387
f 418 419 417 416
f 420 421 417 419
f 422 423 417 421
f 388 387 417 423
f 388 423 424 393
f 422 425 424 423
f 426 427 424 425
f 394 393 424 427
f 394 427 428 397
f 426 429 428 427
f 58 57 428 429
f 56 397 428 57
f 74 73 430 399
f 72 431 430 73
f 432 433 430 431
f 400 399 430 433
f 400 433 434 403
f 432 435 434 433
f 436 437 434 435
f 404 403 434 437
f 404 437 438 408
f 436 439 438 437
f 440 441 438 439
f 442 443 438 441
f 409 408 438 443
f 420 444 445 421
f 446 447 445 444
f 448 449 445 447
f 450 451 445 449
f 452 453 445 451
f 422 421 445 453
f 422 453 454 425
f 452 455 454 453
f 456 457 454 455
f 426 425 454 457
f 426 457 458 429
f 456 459 458 457
f 78 76 458 459
f 58 429 458 76
f 72 97 460 431
f 96 461 460 97
f 462 463 460 461
f 432 431 460 463
f 432 463 464 435
f 462 465 464 463
f 466 467 464 465
f 436 435 464 467
f 436 467 468 439
f 466 469 468 467
f 470 471 468 469
f 472 473 468 471
f 474 475 468 473
f 440 439 468 475
f 452 476 477 455
f 478 479 477 476
f 480 481 477 479
f 482 483 477 481
f 456 455 477 483
f 456 483 484 459
f 482 485 484 483
f 80 79 484 485
f 78 459 484 79
f 96 95 486 461
f 94 487 486 95
f 488 489 486 487
f 462 461 486 489
f 462 489 490 465
f 488 491 490 489
f 492 493 490 491
f 494 495 490 493
f 466 465 490 495
f 480 496 497 481
f 498 499 497 496
f 500 501 497 499
f 502 503 497 501
f 504 505 497 503
f 482 481 497 505
f 482 505 506 485
f 504 507 506 505
f 100 98 506 507
f 80 485 506 98
f 94 119 508 487
f 118 509 508 119
f 510 511 508 509
f 488 487 508 511
f 488 511 512 491
f 510 513 512 511
f 514 515 512 513
f 516 517 512 515
f 518 519 512 517
f 492 491 512 519
f 504 520 521 507
f 522 523 521 520
f 524 525 521 523
f 102 101 521 525
f 100 507 521 101
f 118 117 526 509
f 116 527 526 117
f 528 529 526 527
f 530 531 526 529
f 510 509 526 531
f 524 532 533 525
f 534 535 533 532
f 536 537 533 535
f 122 120 533 537
f 102 525 533 120
f 116 141 538 527
f 140 539 538 141
f 540 541 538 539
f 542 543 538 541
f 528 527 538 543
f 544 545 546 547
f 548 549 546 545
f 550 551 546 549
f 552 553 546 551
f 536 554 546 553
f 555 547 546 554
f 536 553 556 537
f 552 557 556 553
f 124 123 556 557
f 122 537 556 123
f 140 139 558 539
f 138 559 558 139
f 560 561 558 559
f 540 539 558 561
f 540 561 562 563
f 560 564 562 561
f 565 566 562 564
f 567 568 562 566
f 569 570 562 568
f 571 563 562 570
f 550 572 573 551
f 574 575 573 572
f 576 577 573 575
f 578 579 573 577
f 552 551 573 579
f 552 579 580 557
f 578 581 580 579
f 144 142 580 581
f 124 557 580 142
f 138 163 582 559
f 162 583 582 163
f 584 585 582 583
f 560 559 582 585
f 560 585 586 564
f 584 587 586 585
f 588 589 586 587
f 590 591 586 589
f 565 564 586 591
f 592 593 594 595
f 596 597 594 593
f 598 599 594 597
f 600 601 594 599
f 576 602 594 601
f 603 595 594 602
f 576 601 604 577
f 600 605 604 601
f 606 607 604 605
f 578 577 604 607
f 578 607 608 581
f 606 609 608 607
f 146 145 608 609
f 144 581 608 145
f 162 161 610 583
f 160 611 610 161
f 612 613 610 611
f 584 583 610 613
f 584 613 614 587
f 612 615 614 613
f 616 617 614 615
f 588 587 614 617
f 588 617 618 619
f 616 620 618 617
f 621 622 618 620
f 623 624 618 622
f 625 626 618 624
f 627 619 618 626
f 598 628 629 599
f 630 631 629 628
f 632 633 629 631
f 634 635 629 633
f 600 599 629 635
f 600 635 636 605
f 634 637 636 635
f 638 639 636 637
f 606 605 636 639
f 606 639 640 609
f 638 641 640 639
f 166 164 640 641
f 146 609 640 164
f 160 185 642 611
f 184 643 642 185
f 644 645 642 643
f 612 611 642 645
f 612 645 646 615
f 644 647 646 645
f 648 649 646 647
f 616 615 646 649
f 616 649 650 620
f 648 651 650 649
f 652 653 650 651
f 654 655 650 653
f 621 620 650 655
f 632 656 657 633
f 658 659 657 656
f 660 661 657 659
f 662 663 657 661
f 664 665 657 663
f 634 633 657 665
f 634 665 666 637
f 664 667 666 665
f 668 669 666 667
f 638 637 666 669
f 638 669 670 641
f 668 671 670 669
f 168 167 670 671
f 166 641 670 167
f 184 183 672 643
f 182 673 672 183
f 674 675 672 673
f 644 643 672 675
f 644 675 676 647
f 674 677 676 675
f 678 679 676 677
f 648 647 676 679
f 648 679 680 651
f 678 681 680 679
f 682 683 680 681
f 684 685 680 683
f 686 687 680 685
f 652 651 680 687
f 664 688 689 667
f 690 691 689 688
f 692 693 689 691
f 694 695 689 693
f 668 667 689 695
f 668 695 696 671
f 694 697 696 695
f 188 186 696 697
f 168 671 696 186
f 182 211 698 673
f 210 699 698 211
f 700 701 698 699
f 674 673 698 701
f 674 701 702 677
f 700 703 702 701
f 704 705 702 703
f 706 707 702 705
f 678 677 702 707
f 692 708 709 693
f 710 711 709 708
f 712 713 709 711
f 714 715 709 713
f 716 717 709 715
f 694 693 709 717
f 694 717 718 697
f 716 719 718 717
f 190 189 718 719
f 188 697 718 189
f 210 209 720 699
f 208 721 720 209
f 722 723 720 721
f 700 699 720 723
f 700 723 724 703
f 722 725 724 723
f 726 727 724 725
f 728 729 724 727
f 730 731 724 729
f 704 703 724 731
f 716 732 733 719
f 734 735 733 732
f 736 737 733 735
f 738 739 733 737
f 740 741 733 739
f 190 719 733 741
f 190 741 742 191
f 740 743 742 741
f 744 745 742 743
f 192 191 742 745
f 192 745 746 193
f 744 747 746 745
f 214 212 746 747
f 194 193 746 212
f 202 229 748 205
f 228 749 748 229
f 750 751 748 749
f 206 205 748 751
f 206 751 752 207
f 750 753 752 751
f 754 755 752 753
f 208 207 752 755
f 208 755 756 721
f 754 757 756 755
f 758 759 756 757
f 760 761 756 759
f 762 763 756 761
f 722 721 756 763
f 740 764 765 743
f 766 767 765 764
f 768 769 765 767
f 770 771 765 769
f 772 773 765 771
f 744 743 765 773
f 744 773 774 747
f 772 775 774 773
f 216 215 774 775
f 214 747 774 215
f 228 227 776 749
f 226 777 776 227
f 778 779 776 777
f 750 749 776 779
f 750 779 780 753
f 778 781 780 779
f 782 783 780 781
f 784 785 780 783
f 786 787 780 785
f 754 753 780 787
f 772 788 789 775
f 790 791 789 788
f 792 793 789 791
f 794 795 789 793
f 796 797 789 795
f 216 775 789 797
f 216 797 798 217
f 796 799 798 797
f 800 801 798 799
f 802 803 798 801
f 218 217 798 803
f 218 803 804 219
f 802 805 804 803
f 806 807 804 805
f 808 809 804 807
f 220 219 804 809
f 220 809 810 223
f 808 811 810 809
f 812 813 810 811
f 814 815 810 813
f 224 223 810 815
f 224 815 816 225
f 814 817 816 815
f 818 819 816 817
f 820 821 816 819
f 226 225 816 821
f 226 821 822 777
f 820 823 822 821
f 824 825 822 823
f 826 827 822 825
f 828 829 822 827
f 778 777 822 829
f 830 831 832 833
f 834 835 832 831
f 836 837 832 835
f 838 839 832 837
f 840 841 832 839
f 842 833 832 841
f 840 839 843 844
f 838 845 843 839
f 846 847 843 845
f 848 849 843 847
f 850 844 843 849
f 848 847 851 852
f 846 853 851 847
f 854 855 851 853
f 856 857 851 855
f 858 852 851 857
f 856 855 859 860
f 854 861 859 855
f 862 863 859 861
f 864 865 859 863
f 866 860 859 865
f 864 863 867 868
f 862 869 867 863
f 870 871 867 869
f 872 873 867 871
f 874 868 867 873
f 872 871 875 876
f 870 877 875 871
f 878 879 875 877
f 880 881 875 879
f 882 876 875 881
f 880 879 883 884
f 878 885 883 879
f 886 887 883 885
f 888 889 883 887
f 890 884 883 889
f 888 887 891 892
f 886 893 891 887
f 894 895 891 893
f 896 897 891 895
f 898 899 891 897
f 900 892 891 899
f 901 902 903 904
f 905 906 903 902
f 907 908 903 906
f 230 909 903 908
f 910 911 903 909
f 912 904 903 911
f 910 909 913 914
f 230 233 913 909
f 241 915 913 233
f 916 917 913 915
f 918 914 913 917
f 916 915 919 920
f 241 240 919 915
f 239 921 919 240
f 836 922 919 921
f 923 920 919 922
f 836 921 924 837
f 239 243 924 921
f 247 925 924 243
f 838 837 924 925
f 838 925 926 845
f 247 246 926 925
f 245 927 926 246
f 846 845 926 927
f 846 927 928 853
f 245 249 928 927
f 253 929 928 249
f 854 853 928 929
f 854 929 930 861
f 253 252 930 929
f 251 931 930 252
f 862 861 930 931
f 862 931 932 869
f 251 255 932 931
f 259 933 932 255
f 870 869 932 933
f 870 933 934 877
f 259 258 934 933
f 257 935 934 258
f 878 877 934 935
f 878 935 936 885
f 257 261 936 935
f 265 937 936 261
f 886 885 936 937
f 886 937 938 893
f 265 264 938 937
f 263 939 938 264
f 894 893 938 939
f 894 939 940 941
f 263 267 940 939
f 275 942 940 267
f 943 944 940 942
f 945 941 940 944
f 943 942 946 947
f 275 274 946 942
f 273 948 946 274
f 949 950 946 948
f 951 947 946 950
f 949 948 952 953
f 273 954 952 948
f 955 956 952 954
f 957 958 952 956
f 959 960 952 958
f 961 953 952 960
f 962 963 964 965
f 966 967 964 963
f 968 969 964 967
f 970 971 964 969
f 907 972 964 971
f 973 965 964 972
f 907 971 974 908
f 970 975 974 971
f 234 231 974 975
f 230 908 974 231
f 273 272 976 954
f 271 977 976 272
f 978 979 976 977
f 955 954 976 979
f 955 979 980 981
f 978 982 980 979
f 983 984 980 982
f 985 986 980 984
f 987 988 980 986
f 989 981 980 988
f 990 991 992 993
f 994 995 992 991
f 996 997 992 995
f 998 999 992 997
f 1000 1001 992 999
f 1002 993 992 1001
f 1000 999 1003 1004
f 998 1005 1003 999
f 276 1006 1003 1005
f 968 1007 1003 1006
f 1008 1004 1003 1007
f 968 1006 1009 969
f 276 279 1009 1006
f 287 1010 1009 279
f 970 969 1009 1010
f 970 1010 1011 975
f 287 286 1011 1010
f 236 235 1011 286
f 234 975 1011 235
f 271 270 1012 977
f 269 295 1012 270
f 303 1013 1012 295
f 978 977 1012 1013
f 978 1013 1014 982
f 303 302 1014 1013
f 301 1015 1014 302
f 983 982 1014 1015
f 983 1015 1016 1017
f 301 1018 1016 1015
f 1019 1020 1016 1018
f 1021 1022 1016 1020
f 1023 1017 1016 1022
f 1021 1020 1024 1025
f 1019 1026 1024 1020
f 1027 1028 1024 1026
f 1029 1030 1024 1028
f 1031 1032 1024 1030
f 1033 1025 1024 1032
f 1034 1035 1036 1037
f 1038 1039 1036 1035
f 1040 1041 1036 1039
f 1042 1043 1036 1041
f 996 1044 1036 1043
f 1045 1037 1036 1044
f 996 1043 1046 997
f 1042 1047 1046 1043
f 1048 1049 1046 1047
f 998 997 1046 1049
f 998 1049 1050 1005
f 1048 1051 1050 1049
f 280 277 1050 1051
f 276 1005 1050 277
f 301 300 1052 1018
f 299 1053 1052 300
f 1054 1055 1052 1053
f 1019 1018 1052 1055
f 1019 1055 1056 1026
f 1054 1057 1056 1055
f 1058 1059 1056 1057
f 1027 1026 1056 1059
f 1027 1059 1060 1061
f 1058 1062 1060 1059
f 1063 1064 1060 1062
f 1065 1066 1060 1064
f 1067 1068 1060 1066
f 1069 1061 1060 1068
f 1070 1071 1072 1073
f 1074 1075 1072 1071
f 1076 1077 1072 1075
f 1078 1079 1072 1077
f 1040 1080 1072 1079
f 1081 1073 1072 1080
f 1040 1079 1082 1041
f 1078 1083 1082 1079
f 304 1084 1082 1083
f 1042 1041 1082 1084
f 1042 1084 1085 1047
f 304 307 1085 1084
f 314 1086 1085 307
f 1048 1047 1085 1086
f 1048 1086 1087 1051
f 314 313 1087 1086
f 282 281 1087 313
f 280 1051 1087 281
f 299 298 1088 1053
f 297 323 1088 298
f 331 1089 1088 323
f 1054 1053 1088 1089
f 1054 1089 1090 1057
f 331 330 1090 1089
f 329 1091 1090 330
f 1058 1057 1090 1091
f 1058 1091 1092 1062
f 329 1093 1092 1091
f 1094 1095 1092 1093
f 1063 1062 1092 1095
f 1063 1095 1096 1097
f 1094 1098 1096 1095
f 1099 1100 1096 1098
f 1101 1102 1096 1100
f 1103 1104 1096 1102
f 1105 1097 1096 1104
f 1076 1106 1107 1077
f 1108 1109 1107 1106
f 1110 1111 1107 1109
f 1112 1113 1107 1111
f 1078 1077 1107 1113
f 1078 1113 1114 1083
f 1112 1115 1114 1113
f 308 305 1114 1115
f 304 1083 1114 305
f 329 328 1116 1093
f 327 1117 1116 328
f 1118 1119 1116 1117
f 1094 1093 1116 1119
f 1094 1119 1120 1098
f 1118 1121 1120 1119
f 1122 1123 1120 1121
f 1124 1125 1120 1123
f 1099 1098 1120 1125
f 1126 1127 1128 1129
f 1130 1131 1128 1127
f 1132 1133 1128 1131
f 332 1134 1128 1133
f 1110 1135 1128 1134
f 1136 1129 1128 1135
f 1110 1134 1137 1111
f 332 335 1137 1134
f 343 1138 1137 335
f 1112 1111 1137 1138
f 1112 1138 1139 1115
f 343 342 1139 1138
f 310 309 1139 342
f 308 1115 1139 309
f 327 326 1140 1117
f 325 351 1140 326
f 359 1141 1140 351
f 1118 1117 1140 1141
f 1118 1141 1142 1121
f 359 358 1142 1141
f 357 1143 1142 358
f 1122 1121 1142 1143
f 1122 1143 1144 1145
f 357 1146 1144 1143
f 1147 1148 1144 1146
f 1149 1150 1144 1148
f 1151 1152 1144 1150
f 1153 1145 1144 1152
f 1154 1155 1156 1157
f 1158 1159 1156 1155
f 1160 1161 1156 1159
f 1162 1163 1156 1161
f 1132 1164 1156 1163
f 1165 1157 1156 1164
f 1132 1163 1166 1133
f 1162 1167 1166 1163
f 336 333 1166 1167
f 332 1133 1166 333
f 357 356 1168 1146
f 355 1169 1168 356
f 1170 1171 1168 1169
f 1147 1146 1168 1171
f 1147 1171 1172 1173
f 1170 1174 1172 1171
f 1175 1176 1172 1174
f 1177 1178 1172 1176
f 1179 1180 1172 1178
f 1181 1173 1172 1180
f 1160 1182 1183 1161
f 1184 1185 1183 1182
f 1186 1187 1183 1185
f 1188 1189 1183 1187
f 1162 1161 1183 1189
f 1162 1189 1190 1167
f 1188 1191 1190 1189
f 338 337 1190 1191
f 336 1167 1190 337
f 355 354 1192 1169
f 353 1193 1192 354
f 1194 1195 1192 1193
f 1170 1169 1192 1195
f 1170 1195 1196 1174
f 1194 1197 1196 1195
f 1198 1199 1196 1197
f 1200 1201 1196 1199
f 1175 1174 1196 1201
f 1186 1202 1203 1187
f 1204 1205 1203 1202
f 1206 1207 1203 1205
f 1208 1209 1203 1207
f 1188 1187 1203 1209
f 1188 1209 1210 1191
f 1208 1211 1210 1209
f 362 360 1210 1211
f 338 1191 1210 360
f 353 379 1212 1193
f 378 1213 1212 379
f 1214 1215 1212 1213
f 1194 1193 1212 1215
f 1194 1215 1216 1197
f 1214 1217 1216 1215
f 1218 1219 1216 1217
f 1220 1221 1216 1219
f 1198 1197 1216 1221
f 1222 1223 1224 1225
f 1226 1227 1224 1223
f 1228 1229 1224 1227
f 380 1230 1224 1229
f 1206 1231 1224 1230
f 1232 1225 1224 1231
f 1206 1230 1233 1207
f 380 383 1233 1230
f 391 1234 1233 383
f 1208 1207 1233 1234
f 1208 1234 1235 1211
f 391 390 1235 1234
f 364 363 1235 390
f 362 1211 1235 363
f 378 377 1236 1213
f 376 407 1236 377
f 415 1237 1236 407
f 1214 1213 1236 1237
f 1214 1237 1238 1217
f 415 414 1238 1237
f 413 1239 1238 414
f 1218 1217 1238 1239
f 1218 1239 1240 1241
f 413 1242 1240 1239
f 1243 1244 1240 1242
f 1245 1246 1240 1244
f 1247 1248 1240 1246
f 1249 1241 1240 1248
f 1228 1250 1251 1229
f 1252 1253 1251 1250
f 1254 1255 1251 1253
f 384 381 1251 1255
f 380 1229 1251 381
f 413 412 1256 1242
f 411 1257 1256 412
f 1258 1259 1256 1257
f 1260 1261 1256 1259
f 1243 1242 1256 1261
f 1254 1262 1263 1255
f 1264 1265 1263 1262
f 1266 1267 1263 1265
f 386 385 1263 1267
f 384 1255 1263 385
f 411 410 1268 1257
f 409 1269 1268 410
f 1270 1271 1268 1269
f 1272 1273 1268 1271
f 1258 1257 1268 1273
f 1266 1274 1275 1267
f 1276 1277 1275 1274
f 1278 1279 1275 1277
f 418 416 1275 1279
f 386 1267 1275 416
f 409 443 1280 1269
f 442 1281 1280 443
f 1282 1283 1280 1281
f 1284 1285 1280 1283
f 1270 1269 1280 1285
f 1278 1286 1287 1279
f 1288 1289 1287 1286
f 1290 1291 1287 1289
f 420 419 1287 1291
f 418 1279 1287 419
f 442 441 1292 1281
f 440 1293 1292 441
f 1294 1295 1292 1293
f 1296 1297 1292 1295
f 1282 1281 1292 1297
f 1290 1298 1299 1291
f 1300 1301 1299 1298
f 1302 1303 1299 1301
f 446 444 1299 1303
f 420 1291 1299 444
f 440 475 1304 1293
f 474 1305 1304 475
f 1306 1307 1304 1305
f 1308 1309 1304 1307
f 1294 1293 1304 1309
f 1302 1310 1311 1303
f 1312 1313 1311 1310
f 1314 1315 1311 1313
f 448 447 1311 1315
f 446 1303 1311 447
f 474 473 1316 1305
f 472 1317 1316 473
f 1318 1319 1316 1317
f 1320 1321 1316 1319
f 1306 1305 1316 1321
f 1314 1322 1323 1315
f 1324 1325 1323 1322
f 1326 1327 1323 1325
f 1328 1329 1323 1327
f 1330 1331 1323 1329
f 448 1315 1323 1331
f 448 1331 1332 449
f 1330 1333 1332 1331
f 1334 1335 1332 1333
f 450 449 1332 1335
f 450 1335 1336 451
f 1334 1337 1336 1335
f 478 476 1336 1337
f 452 451 1336 476
f 466 495 1338 469
f 494 1339 1338 495
f 1340 1341 1338 1339
f 470 469 1338 1341
f 470 1341 1342 471
f 1340 1343 1342 1341
f 1344 1345 1342 1343
f 472 471 1342 1345
f 472 1345 1346 1317
f 1344 1347 1346 1345
f 1348 1349 1346 1347
f 1350 1351 1346 1349
f 1352 1353 1346 1351
f 1318 1317 1346 1353
f 1330 1354 1355 1333
f 1356 1357 1355 1354
f 1358 1359 1355 1357
f 1360 1361 1355 1359
f 1334 1333 1355 1361
f 1334 1361 1362 1337
f 1360 1363 1362 1361
f 480 479 1362 1363
f 478 1337 1362 479
f 494 493 1364 1339
f 492 1365 1364 493
f 1366 1367 1364 1365
f 1340 1339 1364 1367
f 1340 1367 1368 1343
f 1366 1369 1368 1367
f 1370 1371 1368 1369
f 1372 1373 1368 1371
f 1344 1343 1368 1373
f 1358 1374 1375 1359
f 1376 1377 1375 1374
f 1378 1379 1375 1377
f 1380 1381 1375 1379
f 1382 1383 1375 1381
f 1360 1359 1375 1383
f 1360 1383 1384 1363
f 1382 1385 1384 1383
f 498 496 1384 1385
f 480 1363 1384 496
f 492 519 1386 1365
f 518 1387 1386 519
f 1388 1389 1386 1387
f 1366 1365 1386 1389
f 1366 1389 1390 1369
f 1388 1391 1390 1389
f 1392 1393 1390 1391
f 1394 1395 1390 1393
f 1396 1397 1390 1395
f 1370 1369 1390 1397
f 1382 1398 1399 1385
f 1400 1401 1399 1398
f 1402 1403 1399 1401
f 500 499 1399 1403
f 498 1385 1399 499
f 518 517 1404 1387
f 516 1405 1404 517
f 1406 1407 1404 1405
f 1408 1409 1404 1407
f 1388 1387 1404 1409
f 1402 1410 1411 1403
f 1412 1413 1411 1410
f 1414 1415 1411 1413
f 1416 1417 1411 1415
f 1418 1419 1411 1417
f 500 1403 1411 1419
f 500 1419 1420 501
f 1418 1421 1420 1419
f 1422 1423 1420 1421
f 502 501 1420 1423
f 502 1423 1424 503
f 1422 1425 1424 1423
f 522 520 1424 1425
f 504 503 1424 520
f 510 531 1426 513
f 530 1427 1426 531
f 1428 1429 1426 1427
f 514 513 1426 1429
f 514 1429 1430 515
f 1428 1431 1430 1429
f 1432 1433 1430 1431
f 516 515 1430 1433
f 516 1433 1434 1405
f 1432 1435 1434 1433
f 1436 1437 1434 1435
f 1438 1439 1434 1437
f 1440 1441 1434 1439
f 1406 1405 1434 1441
f 1418 1442 1443 1421
f 1444 1445 1443 1442
f 1446 1447 1443 1445
f 1448 1449 1443 1447
f 1422 1421 1443 1449
f 1422 1449 1450 1425
f 1448 1451 1450 1449
f 524 523 1450 1451
f 522 1425 1450 523
f 530 529 1452 1427
f 528 1453 1452 529
f 1454 1455 1452 1453
f 1428 1427 1452 1455
f 1428 1455 1456 1431
f 1454 1457 1456 1455
f 1458 1459 1456 1457
f 1460 1461 1456 1459
f 1432 1431 1456 1461
f 1446 1462 1463 1447
f 1464 1465 1463 1462
f 1466 1467 1463 1465
f 1468 1469 1463 1467
f 1448 1447 1463 1469
f 1448 1469 1470 1451
f 1468 1471 1470 1469
f 534 532 1470 1471
f 524 1451 1470 532
f 528 543 1472 1453
f 542 1473 1472 543
f 1474 1475 1472 1473
f 1454 1453 1472 1475
f 1454 1475 1476 1457
f 1474 1477 1476 1475
f 1478 1479 1476 1477
f 1480 1481 1476 1479
f 1458 1457 1476 1481
f 1482 1483 1484 1485
f 1486 1487 1484 1483
f 1488 1489 1484 1487
f 544 1490 1484 1489
f 1466 1491 1484 1490
f 1492 1485 1484 1491
f 1466 1490 1493 1467
f 544 547 1493 1490
f 555 1494 1493 547
f 1468 1467 1493 1494
f 1468 1494 1495 1471
f 555 554 1495 1494
f 536 535 1495 554
f 534 1471 1495 535
f 542 541 1496 1473
f 540 563 1496 541
f 571 1497 1496 563
f 1474 1473 1496 1497
f 1474 1497 1498 1477
f 571 570 1498 1497
f 569 1499 1498 570
f 1478 1477 1498 1499
f 1478 1499 1500 1501
f 569 1502 1500 1499
f 1503 1504 1500 1502
f 1505 1506 1500 1504
f 1507 1508 1500 1506
f 1509 1501 1500 1508
f 1488 1510 1511 1489
f 1512 1513 1511 1510
f 1514 1515 1511 1513
f 548 545 1511 1515
f 544 1489 1511 545
f 569 568 1516 1502
f 567 1517 1516 568
f 1518 1519 1516 1517
f 1520 1521 1516 1519
f 1503 1502 1516 1521
f 1522 1523 1524 1525
f 1526 1527 1524 1523
f 1528 1529 1524 1527
f 1530 1531 1524 1529
f 1514 1532 1524 1531
f 1533 1525 1524 1532
f 1514 1531 1534 1515
f 1530 1535 1534 1531
f 550 549 1534 1535
f 548 1515 1534 549
f 567 566 1536 1517
f 565 1537 1536 566
f 1538 1539 1536 1537
f 1518 1517 1536 1539
f 1518 1539 1540 1541
f 1538 1542 1540 1539
f 1543 1544 1540 1542
f 1545 1546 1540 1544
f 1547 1548 1540 1546
f 1549 1541 1540 1548
f 1528 1550 1551 1529
f 1552 1553 1551 1550
f 1554 1555 1551 1553
f 1556 1557 1551 1555
f 1530 1529 1551 1557
f 1530 1557 1558 1535
f 1556 1559 1558 1557
f 574 572 1558 1559
f 550 1535 1558 572
f 565 591 1560 1537
f 590 1561 1560 591
f 1562 1563 1560 1561
f 1538 1537 1560 1563
f 1538 1563 1564 1542
f 1562 1565 1564 1563
f 1566 1567 1564 1565
f 1568 1569 1564 1567
f 1543 1542 1564 1569
f 1570 1571 1572 1573
f 1574 1575 1572 1571
f 1576 1577 1572 1575
f 592 1578 1572 1577
f 1554 1579 1572 1578
f 1580 1573 1572 1579
f 1554 1578 1581 1555
f 592 595 1581 1578
f 603 1582 1581 595
f 1556 1555 1581 1582
f 1556 1582 1583 1559
f 603 602 1583 1582
f 576 575 1583 602
f 574 1559 1583 575
f 590 589 1584 1561
f 588 619 1584 589
f 627 1585 1584 619
f 1562 1561 1584 1585
f 1562 1585 1586 1565
f 627 626 1586 1585
f 625 1587 1586 626
f 1566 1565 1586 1587
f 1566 1587 1588 1589
f 625 1590 1588 1587
f 1591 1592 1588 1590
f 1593 1594 1588 1592
f 1595 1596 1588 1594
f 1597 1589 1588 1596
f 1576 1598 1599 1577
f 1600 1601 1599 1598
f 1602 1603 1599 1601
f 596 593 1599 1603
f 592 1577 1599 593
f 625 624 1604 1590
f 623 1605 1604 624
f 1606 1607 1604 1605
f 1608 1609 1604 1607
f 1591 1590 1604 1609
f 1602 1610 1611 1603
f 1612 1613 1611 1610
f 1614 1615 1611 1613
f 598 597 1611 1615
f 596 1603 1611 597
f 623 622 1616 1605
f 621 1617 1616 622
f 1618 1619 1616 1617
f 1620 1621 1616 1619
f 1606 1605 1616 1621
f 1614 1622 1623 1615
f 1624 1625 1623 1622
f 1626 1627 1623 1625
f 630 628 1623 1627
f 598 1615 1623 628
f 621 655 1628 1617
f 654 1629 1628 655
f 1630 1631 1628 1629
f 1632 1633 1628 1631
f 1618 1617 1628 1633
f 1626 1634 1635 1627
f 1636 1637 1635 1634
f 1638 1639 1635 1637
f 632 631 1635 1639
f 630 1627 1635 631
f 654 653 1640 1629
f 652 1641 1640 653
f 1642 1643 1640 1641
f 1644 1645 1640 1643
f 1630 1629 1640 1645
f 1638 1646 1647 1639
f 1648 1649 1647 1646
f 1650 1651 1647 1649
f 658 656 1647 1651
f 632 1639 1647 656
f 652 687 1652 1641
f 686 1653 1652 687
f 1654 1655 1652 1653
f 1656 1657 1652 1655
f 1642 1641 1652 1657
f 1650 1658 1659 1651
f 1660 1661 1659 1658
f 1662 1663 1659 1661
f 660 659 1659 1663
f 658 1651 1659 659
f 686 685 1664 1653
f 684 1665 1664 685
f 1666 1667 1664 1665
f 1668 1669 1664 1667
f 1654 1653 1664 1669
f 1662 1670 1671 1663
f 1672 1673 1671 1670
f 1674 1675 1671 1673
f 1676 1677 1671 1675
f 1678 1679 1671 1677
f 660 1663 1671 1679
f 660 1679 1680 661
f 1678 1681 1680 1679
f 1682 1683 1680 1681
f 662 661 1680 1683
f 662 1683 1684 663
f 1682 1685 1684 1683
f 690 688 1684 1685
f 664 663 1684 688
f 678 707 1686 681
f 706 1687 1686 707
f 1688 1689 1686 1687
f 682 681 1686 1689
f 682 1689 1690 683
f 1688 1691 1690 1689
f 1692 1693 1690 1691
f 684 683 1690 1693
f 684 1693 1694 1665
f 1692 1695 1694 1693
f 1696 1697 1694 1695
f 1698 1699 1694 1697
f 1700 1701 1694 1699
f 1666 1665 1694 1701
f 1678 1702 1703 1681
f 1704 1705 1703 1702
f 1706 1707 1703 1705
f 1708 1709 1703 1707
f 1682 1681 1703 1709
f 1682 1709 1710 1685
f 1708 1711 1710 1709
f 692 691 1710 1711
f 690 1685 1710 691
f 706 705 1712 1687
f 704 1713 1712 705
f 1714 1715 1712 1713
f 1688 1687 1712 1715
f 1688 1715 1716 1691
f 1714 1717 1716 1715
f 1718 1719 1716 1717
f 1720 1721 1716 1719
f 1692 1691 1716 1721
f 1706 1722 1723 1707
f 1724 1725 1723 1722
f 1726 1727 1723 1725
f 1728 1729 1723 1727
f 1708 1707 1723 1729
f 1708 1729 1730 1711
f 1728 1731 1730 1729
f 710 708 1730 1731
f 692 1711 1730 708
f 704 731 1732 1713
f 730 1733 1732 731
f 1734 1735 1732 1733
f 1714 1713 1732 1735
f 1714 1735 1736 1717
f 1734 1737 1736 1735
f 1738 1739 1736 1737
f 1740 1741 1736 1739
f 1718 1717 1736 1741
f 1726 1742 1743 1727
f 1744 1745 1743 1742
f 1746 1747 1743 1745
f 1748 1749 1743 1747
f 1750 1751 1743 1749
f 1728 1727 1743 1751
f 1728 1751 1752 1731
f 1750 1753 1752 1751
f 712 711 1752 1753
f 710 1731 1752 711
f 730 729 1754 1733
f 728 1755 1754 729
f 1756 1757 1754 1755
f 1734 1733 1754 1757
f 1734 1757 1758 1737
f 1756 1759 1758 1757
f 1760 1761 1758 1759
f 1762 1763 1758 1761
f 1764 1765 1758 1763
f 1738 1737 1758 1765
f 1750 1766 1767 1753
f 1768 1769 1767 1766
f 1770 1771 1767 1769
f 1772 1773 1767 1771
f 1774 1775 1767 1773
f 712 1753 1767 1775
f 712 1775 1776 713
f 1774 1777 1776 1775
f 1778 1779 1776 1777
f 714 713 1776 1779
f 714 1779 1780 715
f 1778 1781 1780 1779
f 734 732 1780 1781
f 716 715 1780 732
f 722 763 1782 725
f 762 1783 1782 763
f 1784 1785 1782 1783
f 726 725 1782 1785
f 726 1785 1786 727
f 1784 1787 1786 1785
f 1788 1789 1786 1787
f 728 727 1786 1789
f 728 1789 1790 1755
f 1788 1791 1790 1789
f 1792 1793 1790 1791
f 1794 1795 1790 1793
f 1796 1797 1790 1795
f 1756 1755 1790 1797
f 1774 1798 1799 1777
f 1800 1801 1799 1798
f 1802 1803 1799 1801
f 1804 1805 1799 1803
f 1778 1777 1799 1805
f 1778 1805 1806 1781
f 1804 1807 1806 1805
f 736 735 1806 1807
f 734 1781 1806 735
f 762 761 1808 1783
f 760 1809 1808 761
f 1810 1811 1808 1809
f 1784 1783 1808 1811
f 1784 1811 1812 1787
f 1810 1813 1812 1811
f 1814 1815 1812 1813
f 1816 1817 1812 1815
f 1788 1787 1812 1817
f 1802 1818 1819 1803
f 1820 1821 1819 1818
f 1822 1823 1819 1821
f 1824 1825 1819 1823
f 1826 1827 1819 1825
f 1804 1803 1819 1827
f 1804 1827 1828 1807
f 1826 1829 1828 1827
f 1830 1831 1828 1829
f 736 1807 1828 1831
f 736 1831 1832 737
f 1830 1833 1832 1831
f 1834 1835 1832 1833
f 738 737 1832 1835
f 738 1835 1836 739
f 1834 1837 1836 1835
f 766 764 1836 1837
f 740 739 1836 764
f 754 787 1838 757
f 786 1839 1838 787
f 1840 1841 1838 1839
f 758 757 1838 1841
f 758 1841 1842 759
f 1840 1843 1842 1841
f 1844 1845 1842 1843
f 760 759 1842 1845
f 760 1845 1846 1809
f 1844 1847 1846 1845
f 1848 1849 1846 1847
f 1810 1809 1846 1849
f 1810 1849 1850 1813
f 1848 1851 1850 1849
f 1852 1853 1850 1851
f 1854 1855 1850 1853
f 1856 1857 1850 1855
f 1814 1813 1850 1857
f 1826 1858 1859 1829
f 1860 1861 1859 1858
f 1862 1863 1859 1861
f 1864 1865 1859 1863
f 1866 1867 1859 1865
f 1830 1829 1859 1867
f 1830 1867 1868 1833
f 1866 1869 1868 1867
f 1870 1871 1868 1869
f 1834 1833 1868 1871
f 1834 1871 1872 1837
f 1870 1873 1872 1871
f 768 767 1872 1873
f 766 1837 1872 767
f 786 785 1874 1839
f 784 1875 1874 785
f 1876 1877 1874 1875
f 1840 1839 1874 1877
f 1840 1877 1878 1843
f 1876 1879 1878 1877
f 1880 1881 1878 1879
f 1844 1843 1878 1881
f 1844 1881 1882 1847
f 1880 1883 1882 1881
f 1884 1885 1882 1883
f 1886 1887 1882 1885
f 1888 1889 1882 1887
f 1848 1847 1882 1889
f 1866 1890 1891 1869
f 1892 1893 1891 1890
f 1894 1895 1891 1893
f 1896 1897 1891 1895
f 1898 1899 1891 1897
f 1870 1869 1891 1899
f 1870 1899 1900 1873
f 1898 1901 1900 1899
f 1902 1903 1900 1901
f 1904 1905 1900 1903
f 768 1873 1900 1905
f 768 1905 1906 769
f 1904 1907 1906 1905
f 1908 1909 1906 1907
f 770 769 1906 1909
f 770 1909 1910 771
f 1908 1911 1910 1909
f 790 788 1910 1911
f 772 771 1910 788
f 778 829 1912 781
f 828 1913 1912 829
f 1914 1915 1912 1913
f 782 781 1912 1915
f 782 1915 1916 783
f 1914 1917 1916 1915
f 1918 1919 1916 1917
f 784 783 1916 1919
f 784 1919 1920 1875
f 1918 1921 1920 1919
f 1922 1923 1920 1921
f 1924 1925 1920 1923
f 1876 1875 1920 1925
f 1876 1925 1926 1879
f 1924 1927 1926 1925
f 1928 1929 1926 1927
f 1930 1931 1926 1929
f 1932 1933 1926 1931
f 1880 1879 1926 1933
f 1904 1934 1935 1907
f 1936 1937 1935 1934
f 1938 1939 1935 1937
f 1940 1941 1935 1939
f 1942 1943 1935 1941
f 1908 1907 1935 1943
f 1908 1943 1944 1911
f 1942 1945 1944 1943
f 792 791 1944 1945
f 790 1911 1944 791
f 828 827 1946 1913
f 826 1947 1946 827
f 1948 1949 1946 1947
f 1914 1913 1946 1949
f 1914 1949 1950 1917
f 1948 1951 1950 1949
f 1952 1953 1950 1951
f 1954 1955 1950 1953
f 1956 1957 1950 1955
f 1918 1917 1950 1957
f 1942 1958 1959 1945
f 1960 1961 1959 1958
f 1962 1963 1959 1961
f 1964 1965 1959 1963
f 1966 1967 1959 1965
f 792 1945 1959 1967
f 792 1967 1968 793
f 1966 1969 1968 1967
f 1970 1971 1968 1969
f 1972 1973 1968 1971
f 794 793 1968 1973
f 794 1973 1974 795
f 1972 1975 1974 1973
f 1976 1977 1974 1975
f 1978 1979 1974 1977
f 796 795 1974 1979
f 796 1979 1980 799
f 1978 1981 1980 1979
f 1982 1983 1980 1981
f 800 799 1980 1983
f 800 1983 1984 801
f 1982 1985 1984 1983
f 1986 1987 1984 1985
f 802 801 1984 1987
f 802 1987 1988 805
f 1986 1989 1988 1987
f 1990 1991 1988 1989
f 806 805 1988 1991
f 806 1991 1992 807
f 1990 1993 1992 1991
f 1994 1995 1992 1993
f 808 807 1992 1995
f 808 1995 1996 811
f 1994 1997 1996 1995
f 1998 1999 1996 1997
f 812 811 1996 1999
f 812 1999 2000 813
f 1998 2001 2000 1999
f 2002 2003 2000 2001
f 814 813 2000 2003
f 814 2003 2004 817
f 2002 2005 2004 2003
f 2006 2007 2004 2005
f 818 817 2004 2007
f 818 2007 2008 819
f 2006 2009 2008 2007
f 2010 2011 2008 2009
f 820 819 2008 2011
f 820 2011 2012 823
f 2010 2013 2012 2011
f 2014 2015 2012 2013
f 2016 2017 2012 2015
f 824 823 2012 2017
f 824 2017 2018 825
f 2016 2019 2018 2017
f 2020 2021 2018 2019
f 2022 2023 2018 2021
f 826 825 2018 2023
f 826 2023 2024 1947
f 2022 2025 2024 2023
f 2026 2027 2024 2025
f 2028 2029 2024 2027
f 2030 2031 2024 2029
f 1948 1947 2024 2031
f 1978 2032 2033 1981
f 2034 2035 2033 2032
f 2036 2037 2033 2035
f 2038 2039 2033 2037
f 2040 2041 2033 2039
f 1982 1981 2033 2041
f 1982 2041 2042 1985
f 2040 2043 2042 2041
f 2044 2045 2042 2043
f 2046 2047 2042 2045
f 1986 1985 2042 2047
f 1986 2047 2048 1989
f 2046 2049 2048 2047
f 2050 2051 2048 2049
f 2052 2053 2048 2051
f 1990 1989 2048 2053
f 1990 2053 2054 1993
f 2052 2055 2054 2053
f 2056 2057 2054 2055
f 2058 2059 2054 2057
f 1994 1993 2054 2059
f 1994 2059 2060 1997
f 2058 2061 2060 2059
f 2062 2063 2060 2061
f 2064 2065 2060 2063
f 1998 1997 2060 2065
f 1998 2065 2066 2001
f 2064 2067 2066 2065
f 2068 2069 2066 2067
f 2070 2071 2066 2069
f 2002 2001 2066 2071
f 2002 2071 2072 2005
f 2070 2073 2072 2071
f 2074 2075 2072 2073
f 2076 2077 2072 2075
f 2006 2005 2072 2077
f 2006 2077 2078 2009
f 2076 2079 2078 2077
f 2080 2081 2078 2079
f 2082 2083 2078 2081
f 2084 2085 2078 2083
f 2010 2009 2078 2085
f 2086 2087 2088 2089
f 2090 2091 2088 2087
f 2092 2089 2088 2091
f 2092 2091 2093 2094
f 2090 2095 2093 2091
f 2096 2097 2093 2095
f 2098 2094 2093 2097
f 2098 2097 2099 2100
f 2096 2101 2099 2097
f 2102 2103 2099 2101
f 2104 2100 2099 2103
f 2104 2103 2105 2106
f 2102 2107 2105 2103
f 2108 2109 2105 2107
f 2110 2106 2105 2109
f 2110 2109 2111 2112
f 2108 2113 2111 2109
f 2114 2115 2111 2113
f 2116 2112 2111 2115
f 2116 2115 2117 2118
f 2114 2119 2117 2115
f 2120 2121 2117 2119
f 2122 2118 2117 2121
f 2122 2121 2123 2124
f 2120 2125 2123 2121
f 2126 2127 2123 2125
f 2128 2124 2123 2127
f 2128 2127 2129 2130
f 2126 2131 2129 2127
f 2132 2133 2129 2131
f 2134 2130 2129 2133
f 2134 2133 2135 2136
f 2132 2137 2135 2133
f 2138 2139 2135 2137
f 2140 2136 2135 2139
f 2140 2139 2141 2142
f 2138 2143 2141 2139
f 2144 2145 2141 2143
f 2146 2142 2141 2145
f 2146 2145 2147 2148
f 2144 2149 2147 2145
f 2150 2151 2147 2149
f 2152 2148 2147 2151
f 2152 2151 2153 2154
f 2150 2155 2153 2151
f 2156 2157 2153 2155
f 2158 2154 2153 2157
f 2158 2157 2159 2160
f 2156 2161 2159 2157
f 2162 2163 2159 2161
f 2164 2160 2159 2163
f 2164 2163 2165 2166
f 2162 2167 2165 2163
f 2168 2166 2165 2167
f 2169 2170 2171 2172
f 2173 2174 2171 2170
f 2175 2172 2171 2174
f 2175 2174 2176 2177
f 2173 2178 2176 2174
f 2179 2180 2176 2178
f 2181 2177 2176 2180
f 2181 2180 2182 2183
f 2179 2184 2182 2180
f 2185 2186 2182 2184
f 2187 2183 2182 2186
f 2187 2186 2188 2189
f 2185 2190 2188 2186
f 2191 2192 2188 2190
f 2193 2189 2188 2192
f 2193 2192 2194 2195
f 2191 2196 2194 2192
f 2197 2198 2194 2196
f 2090 2087 2194 2198
f 2086 2195 2194 2087
f 2090 2198 2199 2095
f 2197 2200 2199 2198
f 2201 2202 2199 2200
f 2096 2095 2199 2202
f 2096 2202 2203 2101
f 2201 2204 2203 2202
f 2205 2206 2203 2204
f 2102 2101 2203 2206
f 2102 2206 2207 2107
f 2205 2208 2207 2206
f 2209 2210 2207 2208
f 2108 2107 2207 2210
f 2108 2210 2211 2113
f 2209 2212 2211 2210
f 2213 2214 2211 2212
f 2114 2113 2211 2214
f 2114 2214 2215 2119
f 2213 2216 2215 2214
f 2217 2218 2215 2216
f 2120 2119 2215 2218
f 2120 2218 2219 2125
f 2217 2220 2219 2218
f 2221 2222 2219 2220
f 2126 2125 2219 2222
f 2126 2222 2223 2131
f 2221 2224 2223 2222
f 2225 2226 2223 2224
f 2132 2131 2223 2226
f 2132 2226 2227 2137
f 2225 2228 2227 2226
f 2229 2230 2227 2228
f 2138 2137 2227 2230
f 2138 2230 2231 2143
f 2229 2232 2231 2230
f 2233 2234 2231 2232
f 2144 2143 2231 2234
f 2144 2234 2235 2149
f 2233 2236 2235 2234
f 2237 2238 2235 2236
f 2150 2149 2235 2238
f 2150 2238 2239 2155
f 2237 2240 2239 2238
f 2241 2242 2239 2240
f 2156 2155 2239 2242
f 2156 2242 2243 2161
f 2241 2244 2243 2242
f 2245 2246 2243 2244
f 2162 2161 2243 2246
f 2162 2246 2247 2167
f 2245 2248 2247 2246
f 2249 2250 2247 2248
f 2251 2252 2247 2250
f 2168 2167 2247 2252
f 2251 2250 2253 2254
f 2249 2255 2253 2250
f 2256 2257 2253 2255
f 2258 2254 2253 2257
f 2258 2257 2259 2260
f 2256 2261 2259 2257
f 2262 2263 2259 2261
f 2264 2260 2259 2263
f 2264 2263 2265 2266
f 2262 2267 2265 2263
f 2268 2269 2265 2267
f 2270 2266 2265 2269
f 2270 2269 2271 2272
f 2268 2273 2271 2269
f 2274 2272 2271 2273
f 2275 2276 2277 2278
f 2279 2280 2277 2276
f 2281 2278 2277 2280
f 2281 2280 2282 2283
f 2279 2284 2282 2280
f 2285 2286 2282 2284
f 2287 2283 2282 2286
f 2287 2286 2288 2289
f 2285 2290 2288 2286
f 2291 2292 2288 2290
f 2173 2170 2288 2292
f 2169 2289 2288 2170
f 2173 2292 2293 2178
f 2291 2294 2293 2292
f 2295 2296 2293 2294
f 2179 2178 2293 2296
f 2179 2296 2297 2184
f 2295 2298 2297 2296
f 830 2299 2297 2298
f 2185 2184 2297 2299
f 2185 2299 2300 2190
f 830 833 2300 2299
f 842 2301 2300 833
f 2191 2190 2300 2301
f 2191 2301 2302 2196
f 842 841 2302 2301
f 840 2303 2302 841
f 2197 2196 2302 2303
f 2197 2303 2304 2200
f 840 844 2304 2303
f 850 2305 2304 844
f 2201 2200 2304 2305
f 2201 2305 2306 2204
f 850 849 2306 2305
f 848 2307 2306 849
f 2205 2204 2306 2307
f 2205 2307 2308 2208
f 848 852 2308 2307
f 858 2309 2308 852
f 2209 2208 2308 2309
f 2209 2309 2310 2212
f 858 857 2310 2309
f 856 2311 2310 857
f 2213 2212 2310 2311
f 2213 2311 2312 2216
f 856 860 2312 2311
f 866 2313 2312 860
f 2217 2216 2312 2313
f 2217 2313 2314 2220
f 866 865 2314 2313
f 864 2315 2314 865
f 2221 2220 2314 2315
f 2221 2315 2316 2224
f 864 868 2316 2315
f 874 2317 2316 868
f 2225 2224 2316 2317
f 2225 2317 2318 2228
f 874 873 2318 2317
f 872 2319 2318 873
f 2229 2228 2318 2319
f 2229 2319 2320 2232
f 872 876 2320 2319
f 882 2321 2320 876
f 2233 2232 2320 2321
f 2233 2321 2322 2236
f 882 881 2322 2321
f 880 2323 2322 881
f 2237 2236 2322 2323
f 2237 2323 2324 2240
f 880 884 2324 2323
f 890 2325 2324 884
f 2241 2240 2324 2325
f 2241 2325 2326 2244
f 890 889 2326 2325
f 888 2327 2326 889
f 2245 2244 2326 2327
f 2245 2327 2328 2248
f 888 892 2328 2327
f 900 2329 2328 892
f 2249 2248 2328 2329
f 2249 2329 2330 2255
f 900 899 2330 2329
f 898 2331 2330 899
f 2256 2255 2330 2331
f 2256 2331 2332 2261
f 898 2333 2332 2331
f 2334 2335 2332 2333
f 2262 2261 2332 2335
f 2262 2335 2336 2267
f 2334 2337 2336 2335
f 2338 2339 2336 2337
f 2268 2267 2336 2339
f 2268 2339 2340 2273
f 2338 2341 2340 2339
f 2342 2343 2340 2341
f 2344 2345 2340 2343
f 2274 2273 2340 2345
f 2344 2343 2346 2347
f 2342 2348 2346 2343
f 2349 2350 2346 2348
f 2351 2347 2346 2350
f 2351 2350 2352 2353
f 2349 2354 2352 2350
f 2355 2353 2352 2354
f 2356 2357 2358 2359
f 2360 2361 2358 2357
f 2362 2359 2358 2361
f 2362 2361 2363 2364
f 2360 2365 2363 2361
f 2366 2367 2363 2365
f 2368 2364 2363 2367
f 2368 2367 2369 2370
f 2366 2371 2369 2367
f 2372 2373 2369 2371
f 2279 2276 2369 2373
f 2275 2370 2369 2276
f 2279 2373 2374 2284
f 2372 2375 2374 2373
f 2376 2377 2374 2375
f 2285 2284 2374 2377
f 2285 2377 2378 2290
f 2376 2379 2378 2377
f 2380 2381 2378 2379
f 2291 2290 2378 2381
f 2291 2381 2382 2294
f 2380 2383 2382 2381
f 2384 2385 2382 2383
f 2295 2294 2382 2385
f 2295 2385 2386 2298
f 2384 2387 2386 2385
f 834 831 2386 2387
f 830 2298 2386 831
f 898 897 2388 2333
f 896 2389 2388 897
f 2390 2391 2388 2389
f 2334 2333 2388 2391
f 2334 2391 2392 2337
f 2390 2393 2392 2391
f 2394 2395 2392 2393
f 2338 2337 2392 2395
f 2338 2395 2396 2341
f 2394 2397 2396 2395
f 2398 2399 2396 2397
f 2342 2341 2396 2399
f 2342 2399 2400 2348
f 2398 2401 2400 2399
f 2402 2403 2400 2401
f 2349 2348 2400 2403
f 2349 2403 2404 2354
f 2402 2405 2404 2403
f 2406 2407 2404 2405
f 2408 2409 2404 2407
f 2355 2354 2404 2409
f 2408 2407 2410 2411
f 2406 2412 2410 2407
f 2413 2414 2410 2412
f 2415 2411 2410 2414
f 2415 2414 2416 2417
f 2413 2418 2416 2414
f 2419 2417 2416 2418
f 2420 2421 2422 2423
f 2424 2425 2422 2421
f 2426 2423 2422 2425
f 2426 2425 2427 2428
f 2424 2429 2427 2425
f 2430 2431 2427 2429
f 2432 2428 2427 2431
f 2432 2431 2433 2434
f 2430 2435 2433 2431
f 901 2436 2433 2435
f 2360 2357 2433 2436
f 2356 2434 2433 2357
f 2360 2436 2437 2365
f 901 904 2437 2436
f 912 2438 2437 904
f 2366 2365 2437 2438
f 2366 2438 2439 2371
f 912 911 2439 2438
f 910 2440 2439 911
f 2372 2371 2439 2440
f 2372 2440 2441 2375
f 910 914 2441 2440
f 918 2442 2441 914
f 2376 2375 2441 2442
f 2376 2442 2443 2379
f 918 917 2443 2442
f 916 2444 2443 917
f 2380 2379 2443 2444
f 2380 2444 2445 2383
f 916 920 2445 2444
f 923 2446 2445 920
f 2384 2383 2445 2446
f 2384 2446 2447 2387
f 923 922 2447 2446
f 836 835 2447 922
f 834 2387 2447 835
f 896 895 2448 2389
f 894 941 2448 895
f 945 2449 2448 941
f 2390 2389 2448 2449
f 2390 2449 2450 2393
f 945 944 2450 2449
f 943 2451 2450 944
f 2394 2393 2450 2451
f 2394 2451 2452 2397
f 943 947 2452 2451
f 951 2453 2452 947
f 2398 2397 2452 2453
f 2398 2453 2454 2401
f 951 950 2454 2453
f 949 2455 2454 950
f 2402 2401 2454 2455
f 2402 2455 2456 2405
f 949 953 2456 2455
f 961 2457 2456 953
f 2406 2405 2456 2457
f 2406 2457 2458 2412
f 961 960 2458 2457
f 959 2459 2458 960
f 2413 2412 2458 2459
f 2413 2459 2460 2418
f 959 2461 2460 2459
f 2462 2463 2460 2461
f 2464 2465 2460 2463
f 2419 2418 2460 2465
f 2464 2463 2466 2467
f 2462 2468 2466 2463
f 2469 2470 2466 2468
f 2471 2467 2466 2470
f 2471 2470 2472 2473
f 2469 2474 2472 2470
f 2475 2473 2472 2474
f 2476 2477 2478 2479
f 2480 2481 2478 2477
f 2482 2479 2478 2481
f 2482 2481 2483 2484
f 2480 2485 2483 2481
f 2486 2487 2483 2485
f 2488 2484 2483 2487
f 2488 2487 2489 2490
f 2486 2491 2489 2487
f 2492 2493 2489 2491
f 2424 2421 2489 2493
f 2420 2490 2489 2421
f 2424 2493 2494 2429
f 2492 2495 2494 2493
f 2496 2497 2494 2495
f 2430 2429 2494 2497
f 2430 2497 2498 2435
f 2496 2499 2498 2497
f 905 902 2498 2499
f 901 2435 2498 902
f 959 958 2500 2461
f 957 2501 2500 958
f 2502 2503 2500 2501
f 2462 2461 2500 2503
f 2462 2503 2504 2468
f 2502 2505 2504 2503
f 2506 2507 2504 2505
f 2469 2468 2504 2507
f 2469 2507 2508 2474
f 2506 2509 2508 2507
f 2510 2511 2508 2509
f 2512 2513 2508 2511
f 2475 2474 2508 2513
f 2512 2511 2514 2515
f 2510 2516 2514 2511
f 2517 2518 2514 2516
f 2519 2515 2514 2518
f 2519 2518 2520 2521
f 2517 2522 2520 2518
f 2523 2521 2520 2522
f 2524 2525 2526 2527
f 2528 2529 2526 2525
f 2530 2527 2526 2529
f 2530 2529 2531 2532
f 2528 2533 2531 2529
f 2534 2535 2531 2533
f 2480 2477 2531 2535
f 2476 2532 2531 2477
f 2480 2535 2536 2485
f 2534 2537 2536 2535
f 2538 2539 2536 2537
f 2486 2485 2536 2539
f 2486 2539 2540 2491
f 2538 2541 2540 2539
f 962 2542 2540 2541
f 2492 2491 2540 2542
f 2492 2542 2543 2495
f 962 965 2543 2542
f 973 2544 2543 965
f 2496 2495 2543 2544
f 2496 2544 2545 2499
f 973 972 2545 2544
f 907 906 2545 972
f 905 2499 2545 906
f 957 956 2546 2501
f 955 981 2546 956
f 989 2547 2546 981
f 2502 2501 2546 2547
f 2502 2547 2548 2505
f 989 988 2548 2547
f 987 2549 2548 988
f 2506 2505 2548 2549
f 2506 2549 2550 2509
f 987 2551 2550 2549
f 2552 2553 2550 2551
f 2510 2509 2550 2553
f 2510 2553 2554 2516
f 2552 2555 2554 2553
f 2556 2557 2554 2555
f 2517 2516 2554 2557
f 2517 2557 2558 2522
f 2556 2559 2558 2557
f 2560 2561 2558 2559
f 2562 2563 2558 2561
f 2523 2522 2558 2563
f 2562 2561 2564 2565
f 2560 2566 2564 2561
f 2567 2565 2564 2566
f 2568 2569 2570 2571
f 2572 2573 2570 2569
f 2574 2571 2570 2573
f 2574 2573 2575 2576
f 2572 2577 2575 2573
f 2578 2579 2575 2577
f 2528 2525 2575 2579
f 2524 2576 2575 2525
f 2528 2579 2580 2533
f 2578 2581 2580 2579
f 2582 2583 2580 2581
f 2534 2533 2580 2583
f 2534 2583 2584 2537
f 2582 2585 2584 2583
f 2586 2587 2584 2585
f 2538 2537 2584 2587
f 2538 2587 2588 2541
f 2586 2589 2588 2587
f 966 963 2588 2589
f 962 2541 2588 963
f 987 986 2590 2551
f 985 2591 2590 986
f 2592 2593 2590 2591
f 2552 2551 2590 2593
f 2552 2593 2594 2555
f 2592 2595 2594 2593
f 2596 2597 2594 2595
f 2556 2555 2594 2597
f 2556 2597 2598 2559
f 2596 2599 2598 2597
f 2600 2601 2598 2599
f 2560 2559 2598 2601
f 2560 2601 2602 2566
f 2600 2603 2602 2601
f 2604 2605 2602 2603
f 2606 2607 2602 2605
f 2567 2566 2602 2607
f 2606 2605 2608 2609
f 2604 2610 2608 2605
f 2611 2609 2608 2610
f 2612 2613 2614 2615
f 2616 2617 2614 2613
f 2618 2615 2614 2617
f 2618 2617 2619 2620
f 2616 2621 2619 2617
f 990 2622 2619 2621
f 2572 2569 2619 2622
f 2568 2620 2619 2569
f 2572 2622 2623 2577
f 990 993 2623 2622
f 1002 2624 2623 993
f 2578 2577 2623 2624
f 2578 2624 2625 2581
f 1002 1001 2625 2624
f 1000 2626 2625 1001
f 2582 2581 2625 2626
f 2582 2626 2627 2585
f 1000 1004 2627 2626
f 1008 2628 2627 1004
f 2586 2585 2627 2628
f 2586 2628 2629 2589
f 1008 1007 2629 2628
f 968 967 2629 1007
f 966 2589 2629 967
f 985 984 2630 2591
f 983 1017 2630 984
f 1023 2631 2630 1017
f 2592 2591 2630 2631
f 2592 2631 2632 2595
f 1023 1022 2632 2631
f 1021 2633 2632 1022
f 2596 2595 2632 2633
f 2596 2633 2634 2599
f 1021 1025 2634 2633
f 1033 2635 2634 1025
f 2600 2599 2634 2635
f 2600 2635 2636 2603
f 1033 1032 2636 2635
f 1031 2637 2636 1032
f 2604 2603 2636 2637
f 2604 2637 2638 2610
f 1031 2639 2638 2637
f 2640 2641 2638 2639
f 2642 2643 2638 2641
f 2611 2610 2638 2643
f 2642 2641 2644 2645
f 2640 2646 2644 2641
f 2647 2645 2644 2646
f 2648 2649 2650 2651
f 2652 2653 2650 2649
f 2654 2651 2650 2653
f 2654 2653 2655 2656
f 2652 2657 2655 2653
f 2658 2659 2655 2657
f 2660 2656 2655 2659
f 2660 2659 2661 2662
f 2658 2663 2661 2659
f 2664 2665 2661 2663
f 2616 2613 2661 2665
f 2612 2662 2661 2613
f 2616 2665 2666 2621
f 2664 2667 2666 2665
f 994 991 2666 2667
f 990 2621 2666 991
f 1031 1030 2668 2639
f 1029 2669 2668 1030
f 2670 2671 2668 2669
f 2640 2639 2668 2671
f 2640 2671 2672 2646
f 2670 2673 2672 2671
f 2674 2675 2672 2673
f 2676 2677 2672 2675
f 2647 2646 2672 2677
f 2676 2675 2678 2679
f 2674 2680 2678 2675
f 2681 2682 2678 2680
f 2683 2679 2678 2682
f 2683 2682 2684 2685
f 2681 2686 2684 2682
f 2687 2685 2684 2686
f 2688 2689 2690 2691
f 2692 2693 2690 2689
f 2652 2649 2690 2693
f 2648 2691 2690 2649
f 2652 2693 2694 2657
f 2692 2695 2694 2693
f 1034 2696 2694 2695
f 2658 2657 2694 2696
f 2658 2696 2697 2663
f 1034 1037 2697 2696
f 1045 2698 2697 1037
f 2664 2663 2697 2698
f 2664 2698 2699 2667
f 1045 1044 2699 2698
f 996 995 2699 1044
f 994 2667 2699 995
f 1029 1028 2700 2669
f 1027 1061 2700 1028
f 1069 2701 2700 1061
f 2670 2669 2700 2701
f 2670 2701 2702 2673
f 1069 1068 2702 2701
f 1067 2703 2702 1068
f 2674 2673 2702 2703
f 2674 2703 2704 2680
f 1067 2705 2704 2703
f 2706 2707 2704 2705
f 2681 2680 2704 2707
f 2681 2707 2708 2686
f 2706 2709 2708 2707
f 2710 2711 2708 2709
f 2687 2686 2708 2711
f 2712 2713 2714 2715
f 2716 2717 2714 2713
f 2718 2715 2714 2717
f 2718 2717 2719 2720
f 2716 2721 2719 2717
f 2722 2723 2719 2721
f 2692 2689 2719 2723
f 2688 2720 2719 2689
f 2692 2723 2724 2695
f 2722 2725 2724 2723
f 1038 1035 2724 2725
f 1034 2695 2724 1035
f 1067 1066 2726 2705
f 1065 2727 2726 1066
f 2728 2729 2726 2727
f 2706 2705 2726 2729
f 2706 2729 2730 2709
f 2728 2731 2730 2729
f 2732 2733 2730 2731
f 2734 2735 2730 2733
f 2710 2709 2730 2735
f 2734 2733 2736 2737
f 2732 2738 2736 2733
f 2739 2737 2736 2738
f 2740 2741 2742 2743
f 2744 2745 2742 2741
f 2746 2743 2742 2745
f 2746 2745 2747 2748
f 2744 2749 2747 2745
f 1070 2750 2747 2749
f 2716 2713 2747 2750
f 2712 2748 2747 2713
f 2716 2750 2751 2721
f 1070 1073 2751 2750
f 1081 2752 2751 1073
f 2722 2721 2751 2752
f 2722 2752 2753 2725
f 1081 1080 2753 2752
f 1040 1039 2753 1080
f 1038 2725 2753 1039
f 1065 1064 2754 2727
f 1063 1097 2754 1064
f 1105 2755 2754 1097
f 2728 2727 2754 2755
f 2728 2755 2756 2731
f 1105 1104 2756 2755
f 1103 2757 2756 1104
f 2732 2731 2756 2757
f 2732 2757 2758 2738
f 1103 2759 2758 2757
f 2760 2761 2758 2759
f 2762 2763 2758 2761
f 2739 2738 2758 2763
f 2762 2761 2764 2765
f 2760 2766 2764 2761
f 2767 2765 2764 2766
f 2768 2769 2770 2771
f 2772 2773 2770 2769
f 2774 2771 2770 2773
f 2774 2773 2775 2776
f 2772 2777 2775 2773
f 2778 2779 2775 2777
f 2744 2741 2775 2779
f 2740 2776 2775 2741
f 2744 2779 2780 2749
f 2778 2781 2780 2779
f 1074 1071 2780 2781
f 1070 2749 2780 1071
f 1103 1102 2782 2759
f 1101 2783 2782 1102
f 2784 2785 2782 2783
f 2760 2759 2782 2785
f 2760 2785 2786 2766
f 2784 2787 2786 2785
f 2788 2789 2786 2787
f 2790 2791 2786 2789
f 2767 2766 2786 2791
f 2790 2789 2792 2793
f 2788 2794 2792 2789
f 2795 2793 2792 2794
f 2796 2797 2798 2799
f 2800 2801 2798 2797
f 2802 2799 2798 2801
f 2802 2801 2803 2804
f 2800 2805 2803 2801
f 2806 2807 2803 2805
f 2772 2769 2803 2807
f 2768 2804 2803 2769
f 2772 2807 2808 2777
f 2806 2809 2808 2807
f 2810 2811 2808 2809
f 2778 2777 2808 2811
f 2778 2811 2812 2781
f 2810 2813 2812 2811
f 1076 1075 2812 2813
f 1074 2781 2812 1075
f 1101 1100 2814 2783
f 1099 2815 2814 1100
f 2816 2817 2814 2815
f 2784 2783 2814 2817
f 2784 2817 2818 2787
f 2816 2819 2818 2817
f 2820 2821 2818 2819
f 2788 2787 2818 2821
f 2788 2821 2822 2794
f 2820 2823 2822 2821
f 2824 2825 2822 2823
f 2826 2827 2822 2825
f 2795 2794 2822 2827
f 2826 2825 2828 2829
f 2824 2830 2828 2825
f 2831 2829 2828 2830
f 2832 2833 2834 2835
f 2836 2837 2834 2833
f 2800 2797 2834 2837
f 2796 2835 2834 2797
f 2800 2837 2838 2805
f 2836 2839 2838 2837
f 2840 2841 2838 2839
f 2806 2805 2838 2841
f 2806 2841 2842 2809
f 2840 2843 2842 2841
f 2844 2845 2842 2843
f 2810 2809 2842 2845
f 2810 2845 2846 2813
f 2844 2847 2846 2845
f 1108 1106 2846 2847
f 1076 2813 2846 1106
f 1099 1125 2848 2815
f 1124 2849 2848 1125
f 2850 2851 2848 2849
f 2816 2815 2848 2851
f 2816 2851 2852 2819
f 2850 2853 2852 2851
f 2854 2855 2852 2853
f 2820 2819 2852 2855
f 2820 2855 2856 2823
f 2854 2857 2856 2855
f 2858 2859 2856 2857
f 2824 2823 2856 2859
f 2824 2859 2860 2830
f 2858 2861 2860 2859
f 2862 2863 2860 2861
f 2831 2830 2860 2863
f 2864 2865 2866 2867
f 2868 2869 2866 2865
f 2870 2867 2866 2869
f 2870 2869 2871 2872
f 2868 2873 2871 2869
f 2874 2875 2871 2873
f 2836 2833 2871 2875
f 2832 2872 2871 2833
f 2836 2875 2876 2839
f 2874 2877 2876 2875
f 1126 2878 2876 2877
f 2840 2839 2876 2878
f 2840 2878 2879 2843
f 1126 1129 2879 2878
f 1136 2880 2879 1129
f 2844 2843 2879 2880
f 2844 2880 2881 2847
f 1136 1135 2881 2880
f 1110 1109 2881 1135
f 1108 2847 2881 1109
f 1124 1123 2882 2849
f 1122 1145 2882 1123
f 1153 2883 2882 1145
f 2850 2849 2882 2883
f 2850 2883 2884 2853
f 1153 1152 2884 2883
f 1151 2885 2884 1152
f 2854 2853 2884 2885
f 2854 2885 2886 2857
f 1151 2887 2886 2885
f 2888 2889 2886 2887
f 2858 2857 2886 2889
f 2858 2889 2890 2861
f 2888 2891 2890 2889
f 2892 2893 2890 2891
f 2894 2895 2890 2893
f 2862 2861 2890 2895
f 2894 2893 2896 2897
f 2892 2898 2896 2893
f 2899 2897 2896 2898
f 2900 2901 2902 2903
f 2904 2905 2902 2901
f 2868 2865 2902 2905
f 2864 2903 2902 2865
f 2868 2905 2906 2873
f 2904 2907 2906 2905
f 2908 2909 2906 2907
f 2874 2873 2906 2909
f 2874 2909 2910 2877
f 2908 2911 2910 2909
f 1130 1127 2910 2911
f 1126 2877 2910 1127
f 1151 1150 2912 2887
f 1149 2913 2912 1150
f 2914 2915 2912 2913
f 2888 2887 2912 2915
f 2888 2915 2916 2891
f 2914 2917 2916 2915
f 2918 2919 2916 2917
f 2892 2891 2916 2919
f 2892 2919 2920 2898
f 2918 2921 2920 2919
f 2922 2923 2920 2921
f 2899 2898 2920 2923
f 2924 2925 2926 2927
f 2928 2929 2926 2925
f 2930 2927 2926 2929
f 2930 2929 2931 2932
f 2928 2933 2931 2929
f 1154 2934 2931 2933
f 2904 2901 2931 2934
f 2900 2932 2931 2901
f 2904 2934 2935 2907
f 1154 1157 2935 2934
f 1165 2936 2935 1157
f 2908 2907 2935 2936
f 2908 2936 2937 2911
f 1165 1164 2937 2936
f 1132 1131 2937 1164
f 1130 2911 2937 1131
f 1149 1148 2938 2913
f 1147 1173 2938 1148
f 1181 2939 2938 1173
f 2914 2913 2938 2939
f 2914 2939 2940 2917
f 1181 1180 2940 2939
f 1179 2941 2940 1180
f 2918 2917 2940 2941
f 2918 2941 2942 2921
f 1179 2943 2942 2941
f 2944 2945 2942 2943
f 2946 2947 2942 2945
f 2922 2921 2942 2947
f 2946 2945 2948 2949
f 2944 2950 2948 2945
f 2951 2949 2948 2950
f 2952 2953 2954 2955
f 2956 2957 2954 2953
f 2928 2925 2954 2957
f 2924 2955 2954 2925
f 2928 2957 2958 2933
f 2956 2959 2958 2957
f 1158 1155 2958 2959
f 1154 2933 2958 1155
f 1179 1178 2960 2943
f 1177 2961 2960 1178
f 2962 2963 2960 2961
f 2944 2943 2960 2963
f 2944 2963 2964 2950
f 2962 2965 2964 2963
f 2966 2967 2964 2965
f 2951 2950 2964 2967
f 2968 2969 2970 2971
f 2972 2973 2970 2969
f 2974 2971 2970 2973
f 2974 2973 2975 2976
f 2972 2977 2975 2973
f 2978 2979 2975 2977
f 2956 2953 2975 2979
f 2952 2976 2975 2953
f 2956 2979 2980 2959
f 2978 2981 2980 2979
f 1160 1159 2980 2981
f 1158 2959 2980 1159
f 1177 1176 2982 2961
f 1175 2983 2982 1176
f 2984 2985 2982 2983
f 2962 2961 2982 2985
f 2962 2985 2986 2965
f 2984 2987 2986 2985
f 2988 2989 2986 2987
f 2990 2991 2986 2989
f 2966 2965 2986 2991
f 2990 2989 2992 2993
f 2988 2994 2992 2989
f 2995 2993 2992 2994
f 2996 2997 2998 2999
f 3000 3001 2998 2997
f 2972 2969 2998 3001
f 2968 2999 2998 2969
f 2972 3001 3002 2977
f 3000 3003 3002 3001
f 3004 3005 3002 3003
f 2978 2977 3002 3005
f 2978 3005 3006 2981
f 3004 3007 3006 3005
f 1184 1182 3006 3007
f 1160 2981 3006 1182
f 1175 1201 3008 2983
f 1200 3009 3008 1201
f 3010 3011 3008 3009
f 2984 2983 3008 3011
f 2984 3011 3012 2987
f 3010 3013 3012 3011
f 3014 3015 3012 3013
f 2988 2987 3012 3015
f 2988 3015 3016 2994
f 3014 3017 3016 3015
f 3018 3019 3016 3017
f 2995 2994 3016 3019
f 3020 3021 3022 3023
f 3024 3025 3022 3021
f 3000 2997 3022 3025
f 2996 3023 3022 2997
f 3000 3025 3026 3003
f 3024 3027 3026 3025
f 3028 3029 3026 3027
f 3004 3003 3026 3029
f 3004 3029 3030 3007
f 3028 3031 3030 3029
f 1186 1185 3030 3031
f 1184 3007 3030 1185
f 1200 1199 3032 3009
f 1198 3033 3032 1199
f 3034 3035 3032 3033
f 3010 3009 3032 3035
f 3010 3035 3036 3013
f 3034 3037 3036 3035
f 3038 3039 3036 3037
f 3014 3013 3036 3039
f 3014 3039 3040 3017
f 3038 3041 3040 3039
f 3042 3043 3040 3041
f 3018 3017 3040 3043
f 3044 3045 3046 3047
f 3048 3049 3046 3045
f 3050 3047 3046 3049
f 3050 3049 3051 3052
f 3048 3053 3051 3049
f 3054 3055 3051 3053
f 3024 3021 3051 3055
f 3020 3052 3051 3021
f 3024 3055 3056 3027
f 3054 3057 3056 3055
f 3058 3059 3056 3057
f 3028 3027 3056 3059
f 3028 3059 3060 3031
f 3058 3061 3060 3059
f 1204 1202 3060 3061
f 1186 3031 3060 1202
f 1198 1221 3062 3033
f 1220 3063 3062 1221
f 3064 3065 3062 3063
f 3034 3033 3062 3065
f 3034 3065 3066 3037
f 3064 3067 3066 3065
f 3068 3069 3066 3067
f 3038 3037 3066 3069
f 3038 3069 3070 3041
f 3068 3071 3070 3069
f 3072 3073 3070 3071
f 3074 3075 3070 3073
f 3042 3041 3070 3075
f 3074 3073 3076 3077
f 3072 3078 3076 3073
f 3079 3077 3076 3078
f 3080 3081 3082 3083
f 3084 3085 3082 3081
f 3048 3045 3082 3085
f 3044 3083 3082 3045
f 3048 3085 3086 3053
f 3084 3087 3086 3085
f 1222 3088 3086 3087
f 3054 3053 3086 3088
f 3054 3088 3089 3057
f 1222 1225 3089 3088
f 1232 3090 3089 1225
f 3058 3057 3089 3090
f 3058 3090 3091 3061
f 1232 1231 3091 3090
f 1206 1205 3091 1231
f 1204 3061 3091 1205
f 1220 1219 3092 3063
f 1218 1241 3092 1219
f 1249 3093 3092 1241
f 3064 3063 3092 3093
f 3064 3093 3094 3067
f 1249 1248 3094 3093
f 1247 3095 3094 1248
f 3068 3067 3094 3095
f 3068 3095 3096 3071
f 1247 3097 3096 3095
f 3098 3099 3096 3097
f 3072 3071 3096 3099
f 3072 3099 3100 3078
f 3098 3101 3100 3099
f 3102 3103 3100 3101
f 3079 3078 3100 3103
f 3104 3105 3106 3107
f 3108 3109 3106 3105
f 3084 3081 3106 3109
f 3080 3107 3106 3081
f 3084 3109 3110 3087
f 3108 3111 3110 3109
f 1226 1223 3110 3111
f 1222 3087 3110 1223
f 1247 1246 3112 3097
f 1245 3113 3112 1246
f 3114 3115 3112 3113
f 3098 3097 3112 3115
f 3098 3115 3116 3101
f 3114 3117 3116 3115
f 3118 3119 3116 3117
f 3102 3101 3116 3119
f 3120 3121 3122 3123
f 3124 3125 3122 3121
f 3108 3105 3122 3125
f 3104 3123 3122 3105
f 3108 3125 3126 3111
f 3124 3127 3126 3125
f 1228 1227 3126 3127
f 1226 3111 3126 1227
f 1245 1244 3128 3113
f 1243 3129 3128 1244
f 3130 3131 3128 3129
f 3114 3113 3128 3131
f 3114 3131 3132 3117
f 3130 3133 3132 3131
f 3134 3135 3132 3133
f 3118 3117 3132 3135
f 3136 3137 3138 3139
f 3140 3141 3138 3137
f 3124 3121 3138 3141
f 3120 3139 3138 3121
f 3124 3141 3142 3127
f 3140 3143 3142 3141
f 1252 1250 3142 3143
f 1228 3127 3142 1250
f 1243 1261 3144 3129
f 1260 3145 3144 1261
f 3146 3147 3144 3145
f 3130 3129 3144 3147
f 3130 3147 3148 3133
f 3146 3149 3148 3147
f 3150 3151 3148 3149
f 3134 3133 3148 3151
f 3152 3153 3154 3155
f 3156 3157 3154 3153
f 3158 3155 3154 3157
f 3158 3157 3159 3160
f 3156 3161 3159 3157
f 3162 3163 3159 3161
f 3140 3137 3159 3163
f 3136 3160 3159 3137
f 3140 3163 3164 3143
f 3162 3165 3164 3163
f 1254 1253 3164 3165
f 1252 3143 3164 1253
f 1260 1259 3166 3145
f 1258 3167 3166 1259
f 3168 3169 3166 3167
f 3146 3145 3166 3169
f 3146 3169 3170 3149
f 3168 3171 3170 3169
f 3172 3173 3170 3171
f 3174 3175 3170 3173
f 3150 3149 3170 3175
f 3174 3173 3176 3177
f 3172 3178 3176 3173
f 3179 3177 3176 3178
f 3180 3181 3182 3183
f 3184 3185 3182 3181
f 3156 3153 3182 3185
f 3152 3183 3182 3153
f 3156 3185 3186 3161
f 3184 3187 3186 3185
f 3188 3189 3186 3187
f 3162 3161 3186 3189
f 3162 3189 3190 3165
f 3188 3191 3190 3189
f 1264 1262 3190 3191
f 1254 3165 3190 1262
f 1258 1273 3192 3167
f 1272 3193 3192 1273
f 3194 3195 3192 3193
f 3168 3167 3192 3195
f 3168 3195 3196 3171
f 3194 3197 3196 3195
f 3198 3199 3196 3197
f 3172 3171 3196 3199
f 3172 3199 3200 3178
f 3198 3201 3200 3199
f 3202 3203 3200 3201
f 3179 3178 3200 3203
f 3204 3205 3206 3207
f 3208 3209 3206 3205
f 3184 3181 3206 3209
f 3180 3207 3206 3181
f 3184 3209 3210 3187
f 3208 3211 3210 3209
f 3212 3213 3210 3211
f 3188 3187 3210 3213
f 3188 3213 3214 3191
f 3212 3215 3214 3213
f 1266 1265 3214 3215
f 1264 3191 3214 1265
f 1272 1271 3216 3193
f 1270 3217 3216 1271
f 3218 3219 3216 3217
f 3194 3193 3216 3219
f 3194 3219 3220 3197
f 3218 3221 3220 3219
f 3222 3223 3220 3221
f 3198 3197 3220 3223
f 3198 3223 3224 3201
f 3222 3225 3224 3223
f 3226 3227 3224 3225
f 3202 3201 3224 3227
f 3228 3229 3230 3231
f 3232 3233 3230 3229
f 3208 3205 3230 3233
f 3204 3231 3230 3205
f 3208 3233 3234 3211
f 3232 3235 3234 3233
f 3236 3237 3234 3235
f 3212 3211 3234 3237
f 3212 3237 3238 3215
f 3236 3239 3238 3237
f 1276 1274 3238 3239
f 1266 3215 3238 1274
f 1270 1285 3240 3217
f 1284 3241 3240 1285
f 3242 3243 3240 3241
f 3218 3217 3240 3243
f 3218 3243 3244 3221
f 3242 3245 3244 3243
f 3246 3247 3244 3245
f 3222 3221 3244 3247
f 3222 3247 3248 3225
f 3246 3249 3248 3247
f 3250 3251 3248 3249
f 3226 3225 3248 3251
f 3252 3253 3254 3255
f 3256 3257 3254 3253
f 3232 3229 3254 3257
f 3228 3255 3254 3229
f 3232 3257 3258 3235
f 3256 3259 3258 3257
f 3260 3261 3258 3259
f 3236 3235 3258 3261
f 3236 3261 3262 3239
f 3260 3263 3262 3261
f 1278 1277 3262 3263
f 1276 3239 3262 1277
f 1284 1283 3264 3241
f 1282 3265 3264 1283
f 3266 3267 3264 3265
f 3242 3241 3264 3267
f 3242 3267 3268 3245
f 3266 3269 3268 3267
f 3270 3271 3268 3269
f 3246 3245 3268 3271
f 3246 3271 3272 3249
f 3270 3273 3272 3271
f 3274 3275 3272 3273
f 3250 3249 3272 3275
f 3276 3277 3278 3279
f 3280 3281 3278 3277
f 3256 3253 3278 3281
f 3252 3279 3278 3253
f 3256 3281 3282 3259
f 3280 3283 3282 3281
f 3284 3285 3282 3283
f 3260 3259 3282 3285
f 3260 3285 3286 3263
f 3284 3287 3286 3285
f 1288 1286 3286 3287
f 1278 3263 3286 1286
f 1282 1297 3288 3265
f 1296 3289 3288 1297
f 3290 3291 3288 3289
f 3266 3265 3288 3291
f 3266 3291 3292 3269
f 3290 3293 3292 3291
f 3294 3295 3292 3293
f 3270 3269 3292 3295
f 3270 3295 3296 3273
f 3294 3297 3296 3295
f 3298 3299 3296 3297
f 3274 3273 3296 3299
f 3300 3301 3302 3303
f 3304 3305 3302 3301
f 3280 3277 3302 3305
f 3276 3303 3302 3277
f 3280 3305 3306 3283
f 3304 3307 3306 3305
f 3308 3309 3306 3307
f 3284 3283 3306 3309
f 3284 3309 3310 3287
f 3308 3311 3310 3309
f 1290 1289 3310 3311
f 1288 3287 3310 1289
f 1296 1295 3312 3289
f 1294 3313 3312 1295
f 3314 3315 3312 3313
f 3290 3289 3312 3315
f 3290 3315 3316 3293
f 3314 3317 3316 3315
f 3318 3319 3316 3317
f 3294 3293 3316 3319
f 3294 3319 3320 3297
f 3318 3321 3320 3319
f 3322 3323 3320 3321
f 3298 3297 3320 3323
f 3324 3325 3326 3327
f 3328 3329 3326 3325
f 3304 3301 3326 3329
f 3300 3327 3326 3301
f 3304 3329 3330 3307
f 3328 3331 3330 3329
f 3332 3333 3330 3331
f 3308 3307 3330 3333
f 3308 3333 3334 3311
f 3332 3335 3334 3333
f 1300 1298 3334 3335
f 1290 3311 3334 1298
f 1294 1309 3336 3313
f 1308 3337 3336 1309
f 3338 3339 3336 3337
f 3314 3313 3336 3339
f 3314 3339 3340 3317
f 3338 3341 3340 3339
f 3342 3343 3340 3341
f 3318 3317 3340 3343
f 3318 3343 3344 3321
f 3342 3345 3344 3343
f 3346 3347 3344 3345
f 3322 3321 3344 3347
f 3348 3349 3350 3351
f 3328 3325 3350 3349
f 3324 3351 3350 3325
f 3328 3349 3352 3331
f 3348 3353 3352 3349
f 3354 3355 3352 3353
f 3356 3357 3352 3355
f 3332 3331 3352 3357
f 3332 3357 3358 3335
f 3356 3359 3358 3357
f 1302 1301 3358 3359
f 1300 3335 3358 1301
f 1308 1307 3360 3337
f 1306 3361 3360 1307
f 3362 3363 3360 3361
f 3338 3337 3360 3363
f 3338 3363 3364 3341
f 3362 3365 3364 3363
f 3366 3367 3364 3365
f 3368 3369 3364 3367
f 3342 3341 3364 3369
f 3342 3369 3370 3345
f 3368 3371 3370 3369
f 3346 3345 3370 3371
f 3372 3373 3374 3375
f 3376 3377 3374 3373
f 3356 3355 3374 3377
f 3354 3375 3374 3355
f 3356 3377 3378 3359
f 3376 3379 3378 3377
f 1312 1310 3378 3379
f 1302 3359 3378 1310
f 1306 1321 3380 3361
f 1320 3381 3380 1321
f 3382 3383 3380 3381
f 3362 3361 3380 3383
f 3362 3383 3384 3365
f 3382 3385 3384 3383
f 3386 3387 3384 3385
f 3366 3365 3384 3387
f 3388 3389 3390 3391
f 3392 3393 3390 3389
f 3376 3373 3390 3393
f 3372 3391 3390 3373
f 3376 3393 3394 3379
f 3392 3395 3394 3393
f 1314 1313 3394 3395
f 1312 3379 3394 1313
f 1320 1319 3396 3381
f 1318 3397 3396 1319
f 3398 3399 3396 3397
f 3382 3381 3396 3399
f 3382 3399 3400 3385
f 3398 3401 3400 3399
f 3402 3403 3400 3401
f 3386 3385 3400 3403
f 3404 3405 3406 3407
f 3408 3409 3406 3405
f 3392 3389 3406 3409
f 3388 3407 3406 3389
f 3392 3409 3410 3395
f 3408 3411 3410 3409
f 1324 1322 3410 3411
f 1314 3395 3410 1322
f 1318 1353 3412 3397
f 1352 3413 3412 1353
f 3414 3415 3412 3413
f 3398 3397 3412 3415
f 3398 3415 3416 3401
f 3414 3417 3416 3415
f 3418 3419 3416 3417
f 3402 3401 3416 3419
f 3420 3421 3422 3423
f 3424 3425 3422 3421
f 3408 3405 3422 3425
f 3404 3423 3422 3405
f 3408 3425 3426 3411
f 3424 3427 3426 3425
f 1326 1325 3426 3427
f 1324 3411 3426 1325
f 1352 1351 3428 3413
f 1350 3429 3428 1351
f 3430 3431 3428 3429
f 3414 3413 3428 3431
f 3414 3431 3432 3417
f 3430 3433 3432 3431
f 3434 3435 3432 3433
f 3418 3417 3432 3435
f 3436 3437 3438 3439
f 3424 3421 3438 3437
f 3420 3439 3438 3421
f 3424 3437 3440 3427
f 3436 3441 3440 3437
f 3442 3443 3440 3441
f 3444 3445 3440 3443
f 1326 3427 3440 3445
f 1326 3445 3446 1327
f 3444 3447 3446 3445
f 3448 3449 3446 3447
f 1328 1327 3446 3449
f 1328 3449 3450 1329
f 3448 3451 3450 3449
f 1356 1354 3450 3451
f 1330 1329 3450 1354
f 1344 1373 3452 1347
f 1372 3453 3452 1373
f 3454 3455 3452 3453
f 1348 1347 3452 3455
f 1348 3455 3456 1349
f 3454 3457 3456 3455
f 3458 3459 3456 3457
f 1350 1349 3456 3459
f 1350 3459 3460 3429
f 3458 3461 3460 3459
f 3462 3463 3460 3461
f 3464 3465 3460 3463
f 3430 3429 3460 3465
f 3430 3465 3466 3433
f 3464 3467 3466 3465
f 3434 3433 3466 3467
f 3468 3469 3470 3471
f 3472 3473 3470 3469
f 3444 3443 3470 3473
f 3442 3471 3470 3443
f 3444 3473 3474 3447
f 3472 3475 3474 3473
f 3476 3477 3474 3475
f 3448 3447 3474 3477
f 3448 3477 3478 3451
f 3476 3479 3478 3477
f 1358 1357 3478 3479
f 1356 3451 3478 1357
f 1372 1371 3480 3453
f 1370 3481 3480 1371
f 3482 3483 3480 3481
f 3454 3453 3480 3483
f 3454 3483 3484 3457
f 3482 3485 3484 3483
f 3486 3487 3484 3485
f 3458 3457 3484 3487
f 3458 3487 3488 3461
f 3486 3489 3488 3487
f 3490 3491 3488 3489
f 3462 3461 3488 3491
f 3492 3493 3494 3495
f 3496 3497 3494 3493
f 3472 3469 3494 3497
f 3468 3495 3494 3469
f 3472 3497 3498 3475
f 3496 3499 3498 3497
f 3500 3501 3498 3499
f 3476 3475 3498 3501
f 3476 3501 3502 3479
f 3500 3503 3502 3501
f 1376 1374 3502 3503
f 1358 3479 3502 1374
f 1370 1397 3504 3481
f 1396 3505 3504 1397
f 3506 3507 3504 3505
f 3482 3481 3504 3507
f 3482 3507 3508 3485
f 3506 3509 3508 3507
f 3510 3511 3508 3509
f 3486 3485 3508 3511
f 3486 3511 3512 3489
f 3510 3513 3512 3511
f 3514 3515 3512 3513
f 3490 3489 3512 3515
f 3516 3517 3518 3519
f 3496 3493 3518 3517
f 3492 3519 3518 3493
f 3496 3517 3520 3499
f 3516 3521 3520 3517
f 3522 3523 3520 3521
f 3524 3525 3520 3523
f 3500 3499 3520 3525
f 3500 3525 3526 3503
f 3524 3527 3526 3525
f 1378 1377 3526 3527
f 1376 3503 3526 1377
f 1396 1395 3528 3505
f 1394 3529 3528 1395
f 3530 3531 3528 3529
f 3506 3505 3528 3531
f 3506 3531 3532 3509
f 3530 3533 3532 3531
f 3534 3535 3532 3533
f 3536 3537 3532 3535
f 3510 3509 3532 3537
f 3510 3537 3538 3513
f 3536 3539 3538 3537
f 3514 3513 3538 3539
f 3540 3541 3542 3543
f 3544 3545 3542 3541
f 3524 3523 3542 3545
f 3522 3543 3542 3523
f 3524 3545 3546 3527
f 3544 3547 3546 3545
f 3548 3549 3546 3547
f 1378 3527 3546 3549
f 1378 3549 3550 1379
f 3548 3551 3550 3549
f 3552 3553 3550 3551
f 1380 1379 3550 3553
f 1380 3553 3554 1381
f 3552 3555 3554 3553
f 1400 1398 3554 3555
f 1382 1381 3554 1398
f 1388 1409 3556 1391
f 1408 3557 3556 1409
f 3558 3559 3556 3557
f 1392 1391 3556 3559
f 1392 3559 3560 1393
f 3558 3561 3560 3559
f 3562 3563 3560 3561
f 1394 1393 3560 3563
f 1394 3563 3564 3529
f 3562 3565 3564 3563
f 3566 3567 3564 3565
f 3530 3529 3564 3567
f 3530 3567 3568 3533
f 3566 3569 3568 3567
f 3570 3571 3568 3569
f 3534 3533 3568 3571
f 3572 3573 3574 3575
f 3544 3541 3574 3573
f 3540 3575 3574 3541
f 3544 3573 3576 3547
f 3572 3577 3576 3573
f 3578 3579 3576 3577
f 3580 3581 3576 3579
f 3548 3547 3576 3581
f 3548 3581 3582 3551
f 3580 3583 3582 3581
f 3584 3585 3582 3583
f 3552 3551 3582 3585
f 3552 3585 3586 3555
f 3584 3587 3586 3585
f 1402 1401 3586 3587
f 1400 3555 3586 1401
f 1408 1407 3588 3557
f 1406 3589 3588 1407
f 3590 3591 3588 3589
f 3558 3557 3588 3591
f 3558 3591 3592 3561
f 3590 3593 3592 3591
f 3594 3595 3592 3593
f 3562 3561 3592 3595
f 3562 3595 3596 3565
f 3594 3597 3596 3595
f 3598 3599 3596 3597
f 3600 3601 3596 3599
f 3566 3565 3596 3601
f 3566 3601 3602 3569
f 3600 3603 3602 3601
f 3570 3569 3602 3603
f 3604 3605 3606 3607
f 3608 3609 3606 3605
f 3580 3579 3606 3609
f 3578 3607 3606 3579
f 3580 3609 3610 3583
f 3608 3611 3610 3609
f 3612 3613 3610 3611
f 3584 3583 3610 3613
f 3584 3613 3614 3587
f 3612 3615 3614 3613
f 1412 1410 3614 3615
f 1402 3587 3614 1410
f 1406 1441 3616 3589
f 1440 3617 3616 1441
f 3618 3619 3616 3617
f 3590 3589 3616 3619
f 3590 3619 3620 3593
f 3618 3621 3620 3619
f 3622 3623 3620 3621
f 3594 3593 3620 3623
f 3594 3623 3624 3597
f 3622 3625 3624 3623
f 3626 3627 3624 3625
f 3598 3597 3624 3627
f 3628 3629 3630 3631
f 3608 3605 3630 3629
f 3604 3631 3630 3605
f 3608 3629 3632 3611
f 3628 3633 3632 3629
f 3634 3635 3632 3633
f 3636 3637 3632 3635
f 3612 3611 3632 3637
f 3612 3637 3638 3615
f 3636 3639 3638 3637
f 1414 1413 3638 3639
f 1412 3615 3638 1413
f 1440 1439 3640 3617
f 1438 3641 3640 1439
f 3642 3643 3640 3641
f 3618 3617 3640 3643
f 3618 3643 3644 3621
f 3642 3645 3644 3643
f 3646 3647 3644 3645
f 3648 3649 3644 3647
f 3622 3621 3644 3649
f 3622 3649 3650 3625
f 3648 3651 3650 3649
f 3626 3625 3650 3651
f 3652 3653 3654 3655
f 3656 3657 3654 3653
f 3636 3635 3654 3657
f 3634 3655 3654 3635
f 3636 3657 3658 3639
f 3656 3659 3658 3657
f 3660 3661 3658 3659
f 1414 3639 3658 3661
f 1414 3661 3662 1415
f 3660 3663 3662 3661
f 3664 3665 3662 3663
f 1416 1415 3662 3665
f 1416 3665 3666 1417
f 3664 3667 3666 3665
f 1444 1442 3666 3667
f 1418 1417 3666 1442
f 1432 1461 3668 1435
f 1460 3669 3668 1461
f 3670 3671 3668 3669
f 1436 1435 3668 3671
f 1436 3671 3672 1437
f 3670 3673 3672 3671
f 3674 3675 3672 3673
f 1438 1437 3672 3675
f 1438 3675 3676 3641
f 3674 3677 3676 3675
f 3678 3679 3676 3677
f 3642 3641 3676 3679
f 3642 3679 3680 3645
f 3678 3681 3680 3679
f 3682 3683 3680 3681
f 3646 3645 3680 3683
f 3684 3685 3686 3687
f 3656 3653 3686 3685
f 3652 3687 3686 3653
f 3656 3685 3688 3659
f 3684 3689 3688 3685
f 3690 3691 3688 3689
f 3692 3693 3688 3691
f 3660 3659 3688 3693
f 3660 3693 3694 3663
f 3692 3695 3694 3693
f 3696 3697 3694 3695
f 3664 3663 3694 3697
f 3664 3697 3698 3667
f 3696 3699 3698 3697
f 1446 1445 3698 3699
f 1444 3667 3698 1445
f 1460 1459 3700 3669
f 1458 3701 3700 1459
f 3702 3703 3700 3701
f 3670 3669 3700 3703
f 3670 3703 3704 3673
f 3702 3705 3704 3703
f 3706 3707 3704 3705
f 3674 3673 3704 3707
f 3674 3707 3708 3677
f 3706 3709 3708 3707
f 3710 3711 3708 3709
f 3712 3713 3708 3711
f 3678 3677 3708 3713
f 3678 3713 3714 3681
f 3712 3715 3714 3713
f 3682 3681 3714 3715
f 3716 3717 3718 3719
f 3720 3721 3718 3717
f 3722 3719 3718 3721
f 3722 3721 3723 3724
f 3720 3725 3723 3721
f 3726 3727 3723 3725
f 3692 3691 3723 3727
f 3690 3724 3723 3691
f 3692 3727 3728 3695
f 3726 3729 3728 3727
f 3730 3731 3728 3729
f 3696 3695 3728 3731
f 3696 3731 3732 3699
f 3730 3733 3732 3731
f 1464 1462 3732 3733
f 1446 3699 3732 1462
f 1458 1481 3734 3701
f 1480 3735 3734 1481
f 3736 3737 3734 3735
f 3702 3701 3734 3737
f 3702 3737 3738 3705
f 3736 3739 3738 3737
f 3740 3741 3738 3739
f 3706 3705 3738 3741
f 3706 3741 3742 3709
f 3740 3743 3742 3741
f 3744 3745 3742 3743
f 3746 3747 3742 3745
f 3710 3709 3742 3747
f 3746 3745 3748 3749
f 3744 3750 3748 3745
f 3751 3749 3748 3750
f 3752 3753 3754 3755
f 3756 3757 3754 3753
f 3720 3717 3754 3757
f 3716 3755 3754 3717
f 3720 3757 3758 3725
f 3756 3759 3758 3757
f 1482 3760 3758 3759
f 3726 3725 3758 3760
f 3726 3760 3761 3729
f 1482 1485 3761 3760
f 1492 3762 3761 1485
f 3730 3729 3761 3762
f 3730 3762 3763 3733
f 1492 1491 3763 3762
f 1466 1465 3763 1491
f 1464 3733 3763 1465
f 1480 1479 3764 3735
f 1478 1501 3764 1479
f 1509 3765 3764 1501
f 3736 3735 3764 3765
f 3736 3765 3766 3739
f 1509 1508 3766 3765
f 1507 3767 3766 1508
f 3740 3739 3766 3767
f 3740 3767 3768 3743
f 1507 3769 3768 3767
f 3770 3771 3768 3769
f 3744 3743 3768 3771
f 3744 3771 3772 3750
f 3770 3773 3772 3771
f 3774 3775 3772 3773
f 3751 3750 3772 3775
f 3776 3777 3778 3779
f 3780 3781 3778 3777
f 3782 3779 3778 3781
f 3782 3781 3783 3784
f 3780 3785 3783 3781
f 3786 3787 3783 3785
f 3756 3753 3783 3787
f 3752 3784 3783 3753
f 3756 3787 3788 3759
f 3786 3789 3788 3787
f 1486 1483 3788 3789
f 1482 3759 3788 1483
f 1507 1506 3790 3769
f 1505 3791 3790 1506
f 3792 3793 3790 3791
f 3770 3769 3790 3793
f 3770 3793 3794 3773
f 3792 3795 3794 3793
f 3796 3797 3794 3795
f 3798 3799 3794 3797
f 3774 3773 3794 3799
f 3798 3797 3800 3801
f 3796 3802 3800 3797
f 3803 3801 3800 3802
f 3804 3805 3806 3807
f 3808 3809 3806 3805
f 3780 3777 3806 3809
f 3776 3807 3806 3777
f 3780 3809 3810 3785
f 3808 3811 3810 3809
f 3812 3813 3810 3811
f 3786 3785 3810 3813
f 3786 3813 3814 3789
f 3812 3815 3814 3813
f 1488 1487 3814 3815
f 1486 3789 3814 1487
f 1505 1504 3816 3791
f 1503 3817 3816 1504
f 3818 3819 3816 3817
f 3792 3791 3816 3819
f 3792 3819 3820 3795
f 3818 3821 3820 3819
f 3822 3823 3820 3821
f 3796 3795 3820 3823
f 3796 3823 3824 3802
f 3822 3825 3824 3823
f 3826 3827 3824 3825
f 3803 3802 3824 3827
f 3828 3829 3830 3831
f 3832 3833 3830 3829
f 3834 3831 3830 3833
f 3834 3833 3835 3836
f 3832 3837 3835 3833
f 3838 3839 3835 3837
f 3808 3805 3835 3839
f 3804 3836 3835 3805
f 3808 3839 3840 3811
f 3838 3841 3840 3839
f 3842 3843 3840 3841
f 3812 3811 3840 3843
f 3812 3843 3844 3815
f 3842 3845 3844 3843
f 1512 1510 3844 3845
f 1488 3815 3844 1510
f 1503 1521 3846 3817
f 1520 3847 3846 1521
f 3848 3849 3846 3847
f 3818 3817 3846 3849
f 3818 3849 3850 3821
f 3848 3851 3850 3849
f 3852 3853 3850 3851
f 3822 3821 3850 3853
f 3822 3853 3854 3825
f 3852 3855 3854 3853
f 3856 3857 3854 3855
f 3858 3859 3854 3857
f 3826 3825 3854 3859
f 3858 3857 3860 3861
f 3856 3862 3860 3857
f 3863 3861 3860 3862
f 3864 3865 3866 3867
f 3868 3869 3866 3865
f 3832 3829 3866 3869
f 3828 3867 3866 3829
f 3832 3869 3870 3837
f 3868 3871 3870 3869
f 1522 3872 3870 3871
f 3838 3837 3870 3872
f 3838 3872 3873 3841
f 1522 1525 3873 3872
f 1533 3874 3873 1525
f 3842 3841 3873 3874
f 3842 3874 3875 3845
f 1533 1532 3875 3874
f 1514 1513 3875 1532
f 1512 3845 3875 1513
f 1520 1519 3876 3847
f 1518 1541 3876 1519
f 1549 3877 3876 1541
f 3848 3847 3876 3877
f 3848 3877 3878 3851
f 1549 1548 3878 3877
f 1547 3879 3878 1548
f 3852 3851 3878 3879
f 3852 3879 3880 3855
f 1547 3881 3880 3879
f 3882 3883 3880 3881
f 3856 3855 3880 3883
f 3856 3883 3884 3862
f 3882 3885 3884 3883
f 3886 3887 3884 3885
f 3863 3862 3884 3887
f 3888 3889 3890 3891
f 3892 3893 3890 3889
f 3894 3891 3890 3893
f 3894 3893 3895 3896
f 3892 3897 3895 3893
f 3898 3899 3895 3897
f 3868 3865 3895 3899
f 3864 3896 3895 3865
f 3868 3899 3900 3871
f 3898 3901 3900 3899
f 1526 1523 3900 3901
f 1522 3871 3900 1523
f 1547 1546 3902 3881
f 1545 3903 3902 1546
f 3904 3905 3902 3903
f 3882 3881 3902 3905
f 3882 3905 3906 3885
f 3904 3907 3906 3905
f 3908 3909 3906 3907
f 3910 3911 3906 3909
f 3886 3885 3906 3911
f 3910 3909 3912 3913
f 3908 3914 3912 3909
f 3915 3913 3912 3914
f 3916 3917 3918 3919
f 3920 3921 3918 3917
f 3892 3889 3918 3921
f 3888 3919 3918 3889
f 3892 3921 3922 3897
f 3920 3923 3922 3921
f 3924 3925 3922 3923
f 3898 3897 3922 3925
f 3898 3925 3926 3901
f 3924 3927 3926 3925
f 1528 1527 3926 3927
f 1526 3901 3926 1527
f 1545 1544 3928 3903
f 1543 3929 3928 1544
f 3930 3931 3928 3929
f 3904 3903 3928 3931
f 3904 3931 3932 3907
f 3930 3933 3932 3931
f 3934 3935 3932 3933
f 3908 3907 3932 3935
f 3908 3935 3936 3914
f 3934 3937 3936 3935
f 3938 3939 3936 3937
f 3915 3914 3936 3939
f 3940 3941 3942 3943
f 3944 3945 3942 3941
f 3920 3917 3942 3945
f 3916 3943 3942 3917
f 3920 3945 3946 3923
f 3944 3947 3946 3945
f 3948 3949 3946 3947
f 3924 3923 3946 3949
f 3924 3949 3950 3927
f 3948 3951 3950 3949
f 1552 1550 3950 3951
f 1528 3927 3950 1550
f 1543 1569 3952 3929
f 1568 3953 3952 1569
f 3954 3955 3952 3953
f 3930 3929 3952 3955
f 3930 3955 3956 3933
f 3954 3957 3956 3955
f 3958 3959 3956 3957
f 3934 3933 3956 3959
f 3934 3959 3960 3937
f 3958 3961 3960 3959
f 3962 3963 3960 3961
f 3938 3937 3960 3963
f 3964 3965 3966 3967
f 3968 3969 3966 3965
f 3970 3967 3966 3969
f 3970 3969 3971 3972
f 3968 3973 3971 3969
f 1570 3974 3971 3973
f 3944 3941 3971 3974
f 3940 3972 3971 3941
f 3944 3974 3975 3947
f 1570 1573 3975 3974
f 1580 3976 3975 1573
f 3948 3947 3975 3976
f 3948 3976 3977 3951
f 1580 1579 3977 3976
f 1554 1553 3977 1579
f 1552 3951 3977 1553
f 1568 1567 3978 3953
f 1566 1589 3978 1567
f 1597 3979 3978 1589
f 3954 3953 3978 3979
f 3954 3979 3980 3957
f 1597 1596 3980 3979
f 1595 3981 3980 1596
f 3958 3957 3980 3981
f 3958 3981 3982 3961
f 1595 3983 3982 3981
f 3984 3985 3982 3983
f 3986 3987 3982 3985
f 3962 3961 3982 3987
f 3986 3985 3988 3989
f 3984 3990 3988 3985
f 3991 3989 3988 3990
f 3992 3993 3994 3995
f 3996 3997 3994 3993
f 3968 3965 3994 3997
f 3964 3995 3994 3965
f 3968 3997 3998 3973
f 3996 3999 3998 3997
f 1574 1571 3998 3999
f 1570 3973 3998 1571
f 1595 1594 4000 3983
f 1593 4001 4000 1594
f 4002 4003 4000 4001
f 3984 3983 4000 4003
f 3984 4003 4004 3990
f 4002 4005 4004 4003
f 4006 4007 4004 4005
f 3991 3990 4004 4007
f 4008 4009 4010 4011
f 4012 4013 4010 4009
f 3996 3993 4010 4013
f 3992 4011 4010 3993
f 3996 4013 4014 3999
f 4012 4015 4014 4013
f 1576 1575 4014 4015
f 1574 3999 4014 1575
f 1593 1592 4016 4001
f 1591 4017 4016 1592
f 4018 4019 4016 4017
f 4002 4001 4016 4019
f 4002 4019 4020 4005
f 4018 4021 4020 4019
f 4022 4023 4020 4021
f 4006 4005 4020 4023
f 4024 4025 4026 4027
f 4028 4029 4026 4025
f 4012 4009 4026 4029
f 4008 4027 4026 4009
f 4012 4029 4030 4015
f 4028 4031 4030 4029
f 1600 1598 4030 4031
f 1576 4015 4030 1598
f 1591 1609 4032 4017
f 1608 4033 4032 1609
f 4034 4035 4032 4033
f 4018 4017 4032 4035
f 4018 4035 4036 4021
f 4034 4037 4036 4035
f 4038 4039 4036 4037
f 4022 4021 4036 4039
f 4040 4041 4042 4043
f 4044 4045 4042 4041
f 4028 4025 4042 4045
f 4024 4043 4042 4025
f 4028 4045 4046 4031
f 4044 4047 4046 4045
f 1602 1601 4046 4047
f 1600 4031 4046 1601
f 1608 1607 4048 4033
f 1606 4049 4048 1607
f 4050 4051 4048 4049
f 4034 4033 4048 4051
f 4034 4051 4052 4037
f 4050 4053 4052 4051
f 4054 4055 4052 4053
f 4038 4037 4052 4055
f 4056 4057 4058 4059
f 4060 4061 4058 4057
f 4062 4059 4058 4061
f 4062 4061 4063 4064
f 4060 4065 4063 4061
f 4066 4067 4063 4065
f 4044 4041 4063 4067
f 4040 4064 4063 4041
f 4044 4067 4068 4047
f 4066 4069 4068 4067
f 1612 1610 4068 4069
f 1602 4047 4068 1610
f 1606 1621 4070 4049
f 1620 4071 4070 1621
f 4072 4073 4070 4071
f 4050 4049 4070 4073
f 4050 4073 4074 4053
f 4072 4075 4074 4073
f 4076 4077 4074 4075
f 4078 4079 4074 4077
f 4054 4053 4074 4079
f 4078 4077 4080 4081
f 4076 4082 4080 4077
f 4083 4081 4080 4082
f 4084 4085 4086 4087
f 4088 4089 4086 4085
f 4060 4057 4086 4089
f 4056 4087 4086 4057
f 4060 4089 4090 4065
f 4088 4091 4090 4089
f 4092 4093 4090 4091
f 4066 4065 4090 4093
f 4066 4093 4094 4069
f 4092 4095 4094 4093
f 1614 1613 4094 4095
f 1612 4069 4094 1613
f 1620 1619 4096 4071
f 1618 4097 4096 1619
f 4098 4099 4096 4097
f 4072 4071 4096 4099
f 4072 4099 4100 4075
f 4098 4101 4100 4099
f 4102 4103 4100 4101
f 4076 4075 4100 4103
f 4076 4103 4104 4082
f 4102 4105 4104 4103
f 4106 4107 4104 4105
f 4083 4082 4104 4107
f 4108 4109 4110 4111
f 4112 4113 4110 4109
f 4088 4085 4110 4113
f 4084 4111 4110 4085
f 4088 4113 4114 4091
f 4112 4115 4114 4113
f 4116 4117 4114 4115
f 4092 4091 4114 4117
f 4092 4117 4118 4095
f 4116 4119 4118 4117
f 1624 1622 4118 4119
f 1614 4095 4118 1622
f 1618 1633 4120 4097
f 1632 4121 4120 1633
f 4122 4123 4120 4121
f 4098 4097 4120 4123
f 4098 4123 4124 4101
f 4122 4125 4124 4123
f 4126 4127 4124 4125
f 4102 4101 4124 4127
f 4102 4127 4128 4105
f 4126 4129 4128 4127
f 4130 4131 4128 4129
f 4106 4105 4128 4131
f 4132 4133 4134 4135
f 4136 4137 4134 4133
f 4112 4109 4134 4137
f 4108 4135 4134 4109
f 4112 4137 4138 4115
f 4136 4139 4138 4137
f 4140 4141 4138 4139
f 4116 4115 4138 4141
f 4116 4141 4142 4119
f 4140 4143 4142 4141
f 1626 1625 4142 4143
f 1624 4119 4142 1625
f 1632 1631 4144 4121
f 1630 4145 4144 1631
f 4146 4147 4144 4145
f 4122 4121 4144 4147
f 4122 4147 4148 4125
f 4146 4149 4148 4147
f 4150 4151 4148 4149
f 4126 4125 4148 4151
f 4126 4151 4152 4129
f 4150 4153 4152 4151
f 4154 4155 4152 4153
f 4130 4129 4152 4155
f 4156 4157 4158 4159
f 4160 4161 4158 4157
f 4136 4133 4158 4161
f 4132 4159 4158 4133
f 4136 4161 4162 4139
f 4160 4163 4162 4161
f 4164 4165 4162 4163
f 4140 4139 4162 4165
f 4140 4165 4166 4143
f 4164 4167 4166 4165
f 1636 1634 4166 4167
f 1626 4143 4166 1634
f 1630 1645 4168 4145
f 1644 4169 4168 1645
f 4170 4171 4168 4169
f 4146 4145 4168 4171
f 4146 4171 4172 4149
f 4170 4173 4172 4171
f 4174 4175 4172 4173
f 4150 4149 4172 4175
f 4150 4175 4176 4153
f 4174 4177 4176 4175
f 4178 4179 4176 4177
f 4154 4153 4176 4179
f 4180 4181 4182 4183
f 4184 4185 4182 4181
f 4160 4157 4182 4185
f 4156 4183 4182 4157
f 4160 4185 4186 4163
f 4184 4187 4186 4185
f 4188 4189 4186 4187
f 4164 4163 4186 4189
f 4164 4189 4190 4167
f 4188 4191 4190 4189
f 1638 1637 4190 4191
f 1636 4167 4190 1637
f 1644 1643 4192 4169
f 1642 4193 4192 1643
f 4194 4195 4192 4193
f 4170 4169 4192 4195
f 4170 4195 4196 4173
f 4194 4197 4196 4195
f 4198 4199 4196 4197
f 4174 4173 4196 4199
f 4174 4199 4200 4177
f 4198 4201 4200 4199
f 4202 4203 4200 4201
f 4178 4177 4200 4203
f 4204 4205 4206 4207
f 4208 4209 4206 4205
f 4184 4181 4206 4209
f 4180 4207 4206 4181
f 4184 4209 4210 4187
f 4208 4211 4210 4209
f 4212 4213 4210 4211
f 4188 4187 4210 4213
f 4188 4213 4214 4191
f 4212 4215 4214 4213
f 1648 1646 4214 4215
f 1638 4191 4214 1646
f 1642 1657 4216 4193
f 1656 4217 4216 1657
f 4218 4219 4216 4217
f 4194 4193 4216 4219
f 4194 4219 4220 4197
f 4218 4221 4220 4219
f 4222 4223 4220 4221
f 4198 4197 4220 4223
f 4198 4223 4224 4201
f 4222 4225 4224 4223
f 4226 4227 4224 4225
f 4202 4201 4224 4227
f 4228 4229 4230 4231
f 4232 4233 4230 4229
f 4208 4205 4230 4233
f 4204 4231 4230 4205
f 4208 4233 4234 4211
f 4232 4235 4234 4233
f 4236 4237 4234 4235
f 4212 4211 4234 4237
f 4212 4237 4238 4215
f 4236 4239 4238 4237
f 1650 1649 4238 4239
f 1648 4215 4238 1649
f 1656 1655 4240 4217
f 1654 4241 4240 1655
f 4242 4243 4240 4241
f 4218 4217 4240 4243
f 4218 4243 4244 4221
f 4242 4245 4244 4243
f 4246 4247 4244 4245
f 4222 4221 4244 4247
f 4222 4247 4248 4225
f 4246 4249 4248 4247
f 4250 4251 4248 4249
f 4226 4225 4248 4251
f 4252 4253 4254 4255
f 4232 4229 4254 4253
f 4228 4255 4254 4229
f 4232 4253 4256 4235
f 4252 4257 4256 4253
f 4258 4259 4256 4257
f 4260 4261 4256 4259
f 4236 4235 4256 4261
f 4236 4261 4262 4239
f 4260 4263 4262 4261
f 1660 1658 4262 4263
f 1650 4239 4262 1658
f 1654 1669 4264 4241
f 1668 4265 4264 1669
f 4266 4267 4264 4265
f 4242 4241 4264 4267
f 4242 4267 4268 4245
f 4266 4269 4268 4267
f 4270 4271 4268 4269
f 4272 4273 4268 4271
f 4246 4245 4268 4273
f 4246 4273 4274 4249
f 4272 4275 4274 4273
f 4250 4249 4274 4275
f 4276 4277 4278 4279
f 4280 4281 4278 4277
f 4260 4259 4278 4281
f 4258 4279 4278 4259
f 4260 4281 4282 4263
f 4280 4283 4282 4281
f 1662 1661 4282 4283
f 1660 4263 4282 1661
f 1668 1667 4284 4265
f 1666 4285 4284 1667
f 4286 4287 4284 4285
f 4266 4265 4284 4287
f 4266 4287 4288 4269
f 4286 4289 4288 4287
f 4290 4291 4288 4289
f 4270 4269 4288 4291
f 4292 4293 4294 4295
f 4296 4297 4294 4293
f 4280 4277 4294 4297
f 4276 4295 4294 4277
f 4280 4297 4298 4283
f 4296 4299 4298 4297
f 1672 1670 4298 4299
f 1662 4283 4298 1670
f 1666 1701 4300 4285
f 1700 4301 4300 1701
f 4302 4303 4300 4301
f 4286 4285 4300 4303
f 4286 4303 4304 4289
f 4302 4305 4304 4303
f 4306 4307 4304 4305
f 4290 4289 4304 4307
f 4308 4309 4310 4311
f 4312 4313 4310 4309
f 4296 4293 4310 4313
f 4292 4311 4310 4293
f 4296 4313 4314 4299
f 4312 4315 4314 4313
f 1674 1673 4314 4315
f 1672 4299 4314 1673
f 1700 1699 4316 4301
f 1698 4317 4316 1699
f 4318 4319 4316 4317
f 4302 4301 4316 4319
f 4302 4319 4320 4305
f 4318 4321 4320 4319
f 4322 4323 4320 4321
f 4306 4305 4320 4323
f 4324 4325 4326 4327
f 4328 4329 4326 4325
f 4312 4309 4326 4329
f 4308 4327 4326 4309
f 4312 4329 4330 4315
f 4328 4331 4330 4329
f 4332 4333 4330 4331
f 1674 4315 4330 4333
f 1674 4333 4334 1675
f 4332 4335 4334 4333
f 4336 4337 4334 4335
f 1676 1675 4334 4337
f 1676 4337 4338 1677
f 4336 4339 4338 4337
f 1704 1702 4338 4339
f 1678 1677 4338 1702
f 1692 1721 4340 1695
f 1720 4341 4340 1721
f 4342 4343 4340 4341
f 1696 1695 4340 4343
f 1696 4343 4344 1697
f 4342 4345 4344 4343
f 4346 4347 4344 4345
f 1698 1697 4344 4347
f 1698 4347 4348 4317
f 4346 4349 4348 4347
f 4350 4351 4348 4349
f 4318 4317 4348 4351
f 4318 4351 4352 4321
f 4350 4353 4352 4351
f 4354 4355 4352 4353
f 4322 4321 4352 4355
f 4356 4357 4358 4359
f 4328 4325 4358 4357
f 4324 4359 4358 4325
f 4328 4357 4360 4331
f 4356 4361 4360 4357
f 4362 4363 4360 4361
f 4364 4365 4360 4363
f 4332 4331 4360 4365
f 4332 4365 4366 4335
f 4364 4367 4366 4365
f 4368 4369 4366 4367
f 4336 4335 4366 4369
f 4336 4369 4370 4339
f 4368 4371 4370 4369
f 1706 1705 4370 4371
f 1704 4339 4370 1705
f 1720 1719 4372 4341
f 1718 4373 4372 1719
f 4374 4375 4372 4373
f 4342 4341 4372 4375
f 4342 4375 4376 4345
f 4374 4377 4376 4375
f 4378 4379 4376 4377
f 4346 4345 4376 4379
f 4346 4379 4380 4349
f 4378 4381 4380 4379
f 4382 4383 4380 4381
f 4384 4385 4380 4383
f 4350 4349 4380 4385
f 4350 4385 4386 4353
f 4384 4387 4386 4385
f 4354 4353 4386 4387
f 4388 4389 4390 4391
f 4392 4393 4390 4389
f 4364 4363 4390 4393
f 4362 4391 4390 4363
f 4364 4393 4394 4367
f 4392 4395 4394 4393
f 4396 4397 4394 4395
f 4368 4367 4394 4397
f 4368 4397 4398 4371
f 4396 4399 4398 4397
f 1724 1722 4398 4399
f 1706 4371 4398 1722
f 1718 1741 4400 4373
f 1740 4401 4400 1741
f 4402 4403 4400 4401
f 4374 4373 4400 4403
f 4374 4403 4404 4377
f 4402 4405 4404 4403
f 4406 4407 4404 4405
f 4378 4377 4404 4407
f 4378 4407 4408 4381
f 4406 4409 4408 4407
f 4410 4411 4408 4409
f 4382 4381 4408 4411
f 4412 4413 4414 4415
f 4416 4417 4414 4413
f 4392 4389 4414 4417
f 4388 4415 4414 4389
f 4392 4417 4418 4395
f 4416 4419 4418 4417
f 4420 4421 4418 4419
f 4396 4395 4418 4421
f 4396 4421 4422 4399
f 4420 4423 4422 4421
f 1726 1725 4422 4423
f 1724 4399 4422 1725
f 1740 1739 4424 4401
f 1738 4425 4424 1739
f 4426 4427 4424 4425
f 4402 4401 4424 4427
f 4402 4427 4428 4405
f 4426 4429 4428 4427
f 4430 4431 4428 4429
f 4406 4405 4428 4431
f 4406 4431 4432 4409
f 4430 4433 4432 4431
f 4434 4435 4432 4433
f 4410 4409 4432 4435
f 4436 4437 4438 4439
f 4416 4413 4438 4437
f 4412 4439 4438 4413
f 4416 4437 4440 4419
f 4436 4441 4440 4437
f 4442 4443 4440 4441
f 4444 4445 4440 4443
f 4420 4419 4440 4445
f 4420 4445 4446 4423
f 4444 4447 4446 4445
f 1744 1742 4446 4447
f 1726 4423 4446 1742
f 1738 1765 4448 4425
f 1764 4449 4448 1765
f 4450 4451 4448 4449
f 4426 4425 4448 4451
f 4426 4451 4452 4429
f 4450 4453 4452 4451
f 4454 4455 4452 4453
f 4456 4457 4452 4455
f 4430 4429 4452 4457
f 4430 4457 4458 4433
f 4456 4459 4458 4457
f 4434 4433 4458 4459
f 4460 4461 4462 4463
f 4464 4465 4462 4461
f 4444 4443 4462 4465
f 4442 4463 4462 4443
f 4444 4465 4466 4447
f 4464 4467 4466 4465
f 1746 1745 4466 4467
f 1744 4447 4466 1745
f 1764 1763 4468 4449
f 1762 4469 4468 1763
f 4470 4471 4468 4469
f 4450 4449 4468 4471
f 4450 4471 4472 4453
f 4470 4473 4472 4471
f 4474 4475 4472 4473
f 4454 4453 4472 4475
f 4476 4477 4478 4479
f 4464 4461 4478 4477
f 4460 4479 4478 4461
f 4464 4477 4480 4467
f 4476 4481 4480 4477
f 4482 4483 4480 4481
f 4484 4485 4480 4483
f 1746 4467 4480 4485
f 1746 4485 4486 1747
f 4484 4487 4486 4485
f 4488 4489 4486 4487
f 1748 1747 4486 4489
f 1748 4489 4490 1749
f 4488 4491 4490 4489
f 1768 1766 4490 4491
f 1750 1749 4490 1766
f 1756 1797 4492 1759
f 1796 4493 4492 1797
f 4494 4495 4492 4493
f 1760 1759 4492 4495
f 1760 4495 4496 1761
f 4494 4497 4496 4495
f 4498 4499 4496 4497
f 1762 1761 4496 4499
f 1762 4499 4500 4469
f 4498 4501 4500 4499
f 4502 4503 4500 4501
f 4504 4505 4500 4503
f 4470 4469 4500 4505
f 4470 4505 4506 4473
f 4504 4507 4506 4505
f 4474 4473 4506 4507
f 4508 4509 4510 4511
f 4512 4513 4510 4509
f 4484 4483 4510 4513
f 4482 4511 4510 4483
f 4484 4513 4514 4487
f 4512 4515 4514 4513
f 4516 4517 4514 4515
f 4488 4487 4514 4517
f 4488 4517 4518 4491
f 4516 4519 4518 4517
f 1770 1769 4518 4519
f 1768 4491 4518 1769
f 1796 1795 4520 4493
f 1794 4521 4520 1795
f 4522 4523 4520 4521
f 4494 4493 4520 4523
f 4494 4523 4524 4497
f 4522 4525 4524 4523
f 4526 4527 4524 4525
f 4498 4497 4524 4527
f 4498 4527 4528 4501
f 4526 4529 4528 4527
f 4530 4531 4528 4529
f 4502 4501 4528 4531
f 4532 4533 4534 4535
f 4512 4509 4534 4533
f 4508 4535 4534 4509
f 4512 4533 4536 4515
f 4532 4537 4536 4533
f 4538 4539 4536 4537
f 4540 4541 4536 4539
f 4516 4515 4536 4541
f 4516 4541 4542 4519
f 4540 4543 4542 4541
f 4544 4545 4542 4543
f 1770 4519 4542 4545
f 1770 4545 4546 1771
f 4544 4547 4546 4545
f 4548 4549 4546 4547
f 1772 1771 4546 4549
f 1772 4549 4550 1773
f 4548 4551 4550 4549
f 1800 1798 4550 4551
f 1774 1773 4550 1798
f 1788 1817 4552 1791
f 1816 4553 4552 1817
f 4554 4555 4552 4553
f 1792 1791 4552 4555
f 1792 4555 4556 1793
f 4554 4557 4556 4555
f 4558 4559 4556 4557
f 1794 1793 4556 4559
f 1794 4559 4560 4521
f 4558 4561 4560 4559
f 4562 4563 4560 4561
f 4522 4521 4560 4563
f 4522 4563 4564 4525
f 4562 4565 4564 4563
f 4566 4567 4564 4565
f 4568 4569 4564 4567
f 4526 4525 4564 4569
f 4526 4569 4570 4529
f 4568 4571 4570 4569
f 4530 4529 4570 4571
f 4572 4573 4574 4575
f 4576 4577 4574 4573
f 4540 4539 4574 4577
f 4538 4575 4574 4539
f 4540 4577 4578 4543
f 4576 4579 4578 4577
f 4580 4581 4578 4579
f 4544 4543 4578 4581
f 4544 4581 4582 4547
f 4580 4583 4582 4581
f 4584 4585 4582 4583
f 4548 4547 4582 4585
f 4548 4585 4586 4551
f 4584 4587 4586 4585
f 1802 1801 4586 4587
f 1800 4551 4586 1801
f 1816 1815 4588 4553
f 1814 4589 4588 1815
f 4590 4591 4588 4589
f 4554 4553 4588 4591
f 4554 4591 4592 4557
f 4590 4593 4592 4591
f 4594 4595 4592 4593
f 4558 4557 4592 4595
f 4558 4595 4596 4561
f 4594 4597 4596 4595
f 4598 4599 4596 4597
f 4562 4561 4596 4599
f 4562 4599 4600 4565
f 4598 4601 4600 4599
f 4602 4603 4600 4601
f 4566 4565 4600 4603
f 4604 4605 4606 4607
f 4576 4573 4606 4605
f 4572 4607 4606 4573
f 4576 4605 4608 4579
f 4604 4609 4608 4605
f 4610 4611 4608 4609
f 4612 4613 4608 4611
f 4580 4579 4608 4613
f 4580 4613 4614 4583
f 4612 4615 4614 4613
f 4616 4617 4614 4615
f 4584 4583 4614 4617
f 4584 4617 4618 4587
f 4616 4619 4618 4617
f 1820 1818 4618 4619
f 1802 4587 4618 1818
f 1814 1857 4620 4589
f 1856 4621 4620 1857
f 4622 4623 4620 4621
f 4590 4589 4620 4623
f 4590 4623 4624 4593
f 4622 4625 4624 4623
f 4626 4627 4624 4625
f 4594 4593 4624 4627
f 4594 4627 4628 4597
f 4626 4629 4628 4627
f 4630 4631 4628 4629
f 4632 4633 4628 4631
f 4598 4597 4628 4633
f 4598 4633 4634 4601
f 4632 4635 4634 4633
f 4602 4601 4634 4635
f 4636 4637 4638 4639
f 4612 4611 4638 4637
f 4610 4639 4638 4611
f 4612 4637 4640 4615
f 4636 4641 4640 4637
f 4642 4643 4640 4641
f 4644 4645 4640 4643
f 4616 4615 4640 4645
f 4616 4645 4646 4619
f 4644 4647 4646 4645
f 1822 1821 4646 4647
f 1820 4619 4646 1821
f 1856 1855 4648 4621
f 1854 4649 4648 1855
f 4650 4651 4648 4649
f 4622 4621 4648 4651
f 4622 4651 4652 4625
f 4650 4653 4652 4651
f 4654 4655 4652 4653
f 4656 4657 4652 4655
f 4626 4625 4652 4657
f 4626 4657 4658 4629
f 4656 4659 4658 4657
f 4630 4629 4658 4659
f 4660 4661 4662 4663
f 4644 4643 4662 4661
f 4642 4663 4662 4643
f 4644 4661 4664 4647
f 4660 4665 4664 4661
f 4666 4667 4664 4665
f 4668 4669 4664 4667
f 1822 4647 4664 4669
f 1822 4669 4670 1823
f 4668 4671 4670 4669
f 4672 4673 4670 4671
f 1824 1823 4670 4673
f 1824 4673 4674 1825
f 4672 4675 4674 4673
f 1860 1858 4674 4675
f 1826 1825 4674 1858
f 1848 1889 4676 1851
f 1888 4677 4676 1889
f 4678 4679 4676 4677
f 1852 1851 4676 4679
f 1852 4679 4680 1853
f 4678 4681 4680 4679
f 4682 4683 4680 4681
f 1854 1853 4680 4683
f 1854 4683 4684 4649
f 4682 4685 4684 4683
f 4686 4687 4684 4685
f 4688 4689 4684 4687
f 4650 4649 4684 4689
f 4650 4689 4690 4653
f 4688 4691 4690 4689
f 4654 4653 4690 4691
f 4692 4693 4694 4695
f 4668 4667 4694 4693
f 4666 4695 4694 4667
f 4668 4693 4696 4671
f 4692 4697 4696 4693
f 4698 4699 4696 4697
f 4700 4701 4696 4699
f 4672 4671 4696 4701
f 4672 4701 4702 4675
f 4700 4703 4702 4701
f 1862 1861 4702 4703
f 1860 4675 4702 1861
f 1888 1887 4704 4677
f 1886 4705 4704 1887
f 4706 4707 4704 4705
f 4678 4677 4704 4707
f 4678 4707 4708 4681
f 4706 4709 4708 4707
f 4710 4711 4708 4709
f 4712 4713 4708 4711
f 4682 4681 4708 4713
f 4682 4713 4714 4685
f 4712 4715 4714 4713
f 4686 4685 4714 4715
f 4716 4717 4718 4719
f 4720 4721 4718 4717
f 4700 4699 4718 4721
f 4698 4719 4718 4699
f 4700 4721 4722 4703
f 4720 4723 4722 4721
f 4724 4725 4722 4723
f 1862 4703 4722 4725
f 1862 4725 4726 1863
f 4724 4727 4726 4725
f 4728 4729 4726 4727
f 1864 1863 4726 4729
f 1864 4729 4730 1865
f 4728 4731 4730 4729
f 1892 1890 4730 4731
f 1866 1865 4730 1890
f 1880 1933 4732 1883
f 1932 4733 4732 1933
f 4734 4735 4732 4733
f 1884 1883 4732 4735
f 1884 4735 4736 1885
f 4734 4737 4736 4735
f 4738 4739 4736 4737
f 1886 1885 4736 4739
f 1886 4739 4740 4705
f 4738 4741 4740 4739
f 4742 4743 4740 4741
f 4706 4705 4740 4743
f 4706 4743 4744 4709
f 4742 4745 4744 4743
f 4746 4747 4744 4745
f 4710 4709 4744 4747
f 4748 4749 4750 4751
f 4720 4717 4750 4749
f 4716 4751 4750 4717
f 4720 4749 4752 4723
f 4748 4753 4752 4749
f 4754 4755 4752 4753
f 4724 4723 4752 4755
f 4724 4755 4756 4727
f 4754 4757 4756 4755
f 4758 4759 4756 4757
f 4760 4761 4756 4759
f 4728 4727 4756 4761
f 4728 4761 4762 4731
f 4760 4763 4762 4761
f 1894 1893 4762 4763
f 1892 4731 4762 1893
f 1932 1931 4764 4733
f 1930 4765 4764 1931
f 4766 4767 4764 4765
f 4734 4733 4764 4767
f 4734 4767 4768 4737
f 4766 4769 4768 4767
f 4770 4771 4768 4769
f 4772 4773 4768 4771
f 4738 4737 4768 4773
f 4738 4773 4774 4741
f 4772 4775 4774 4773
f 4776 4777 4774 4775
f 4742 4741 4774 4777
f 4742 4777 4778 4745
f 4776 4779 4778 4777
f 4746 4745 4778 4779
f 4780 4781 4782 4783
f 4760 4759 4782 4781
f 4758 4783 4782 4759
f 4760 4781 4784 4763
f 4780 4785 4784 4781
f 4786 4787 4784 4785
f 4788 4789 4784 4787
f 1894 4763 4784 4789
f 1894 4789 4790 1895
f 4788 4791 4790 4789
f 4792 4793 4790 4791
f 1896 1895 4790 4793
f 1896 4793 4794 1897
f 4792 4795 4794 4793
f 4796 4797 4794 4795
f 1898 1897 4794 4797
f 1898 4797 4798 1901
f 4796 4799 4798 4797
f 4800 4801 4798 4799
f 1902 1901 4798 4801
f 1902 4801 4802 1903
f 4800 4803 4802 4801
f 1936 1934 4802 4803
f 1904 1903 4802 1934
f 1918 1957 4804 1921
f 1956 4805 4804 1957
f 4806 4807 4804 4805
f 1922 1921 4804 4807
f 1922 4807 4808 1923
f 4806 4809 4808 4807
f 4810 4811 4808 4809
f 1924 1923 4808 4811
f 1924 4811 4812 1927
f 4810 4813 4812 4811
f 4814 4815 4812 4813
f 1928 1927 4812 4815
f 1928 4815 4816 1929
f 4814 4817 4816 4815
f 4818 4819 4816 4817
f 1930 1929 4816 4819
f 1930 4819 4820 4765
f 4818 4821 4820 4819
f 4822 4823 4820 4821
f 4824 4825 4820 4823
f 4766 4765 4820 4825
f 4766 4825 4826 4769
f 4824 4827 4826 4825
f 4770 4769 4826 4827
f 4828 4829 4830 4831
f 4788 4787 4830 4829
f 4786 4831 4830 4787
f 4788 4829 4832 4791
f 4828 4833 4832 4829
f 4834 4835 4832 4833
f 4836 4837 4832 4835
f 4792 4791 4832 4837
f 4792 4837 4838 4795
f 4836 4839 4838 4837
f 4840 4841 4838 4839
f 4796 4795 4838 4841
f 4796 4841 4842 4799
f 4840 4843 4842 4841
f 4844 4845 4842 4843
f 4800 4799 4842 4845
f 4800 4845 4846 4803
f 4844 4847 4846 4845
f 1938 1937 4846 4847
f 1936 4803 4846 1937
f 1956 1955 4848 4805
f 1954 4849 4848 1955
f 4850 4851 4848 4849
f 4806 4805 4848 4851
f 4806 4851 4852 4809
f 4850 4853 4852 4851
f 4854 4855 4852 4853
f 4810 4809 4852 4855
f 4810 4855 4856 4813
f 4854 4857 4856 4855
f 4858 4859 4856 4857
f 4814 4813 4856 4859
f 4814 4859 4860 4817
f 4858 4861 4860 4859
f 4862 4863 4860 4861
f 4864 4865 4860 4863
f 4818 4817 4860 4865
f 4818 4865 4866 4821
f 4864 4867 4866 4865
f 4822 4821 4866 4867
f 4868 4869 4870 4871
f 4836 4835 4870 4869
f 4834 4871 4870 4835
f 4836 4869 4872 4839
f 4868 4873 4872 4869
f 4874 4875 4872 4873
f 4876 4877 4872 4875
f 4840 4839 4872 4877
f 4840 4877 4878 4843
f 4876 4879 4878 4877
f 4880 4881 4878 4879
f 4844 4843 4878 4881
f 4844 4881 4882 4847
f 4880 4883 4882 4881
f 4884 4885 4882 4883
f 1938 4847 4882 4885
f 1938 4885 4886 1939
f 4884 4887 4886 4885
f 4888 4889 4886 4887
f 1940 1939 4886 4889
f 1940 4889 4890 1941
f 4888 4891 4890 4889
f 1960 1958 4890 4891
f 1942 1941 4890 1958
f 1948 2031 4892 1951
f 2030 4893 4892 2031
f 4894 4895 4892 4893
f 1952 1951 4892 4895
f 1952 4895 4896 1953
f 4894 4897 4896 4895
f 4898 4899 4896 4897
f 1954 1953 4896 4899
f 1954 4899 4900 4849
f 4898 4901 4900 4899
f 4902 4903 4900 4901
f 4850 4849 4900 4903
f 4850 4903 4904 4853
f 4902 4905 4904 4903
f 4906 4907 4904 4905
f 4854 4853 4904 4907
f 4854 4907 4908 4857
f 4906 4909 4908 4907
f 4910 4911 4908 4909
f 4912 4913 4908 4911
f 4858 4857 4908 4913
f 4858 4913 4914 4861
f 4912 4915 4914 4913
f 4862 4861 4914 4915
f 4916 4917 4918 4919
f 4876 4875 4918 4917
f 4874 4919 4918 4875
f 4876 4917 4920 4879
f 4916 4921 4920 4917
f 4922 4923 4920 4921
f 4880 4879 4920 4923
f 4880 4923 4924 4883
f 4922 4925 4924 4923
f 4926 4927 4924 4925
f 4928 4929 4924 4927
f 4884 4883 4924 4929
f 4884 4929 4930 4887
f 4928 4931 4930 4929
f 4932 4933 4930 4931
f 4888 4887 4930 4933
f 4888 4933 4934 4891
f 4932 4935 4934 4933
f 1962 1961 4934 4935
f 1960 4891 4934 1961
f 2030 2029 4936 4893
f 2028 4937 4936 2029
f 4938 4939 4936 4937
f 4894 4893 4936 4939
f 4894 4939 4940 4897
f 4938 4941 4940 4939
f 4942 4943 4940 4941
f 4898 4897 4940 4943
f 4898 4943 4944 4901
f 4942 4945 4944 4943
f 4946 4947 4944 4945
f 4948 4949 4944 4947
f 4902 4901 4944 4949
f 4902 4949 4950 4905
f 4948 4951 4950 4949
f 4952 4953 4950 4951
f 4906 4905 4950 4953
f 4906 4953 4954 4909
f 4952 4955 4954 4953
f 4910 4909 4954 4955
f 4956 4957 4958 4959
f 4928 4927 4958 4957
f 4926 4959 4958 4927
f 4928 4957 4960 4931
f 4956 4961 4960 4957
f 4962 4963 4960 4961
f 4932 4931 4960 4963
f 4932 4963 4964 4935
f 4962 4965 4964 4963
f 4966 4967 4964 4965
f 4968 4969 4964 4967
f 1962 4935 4964 4969
f 1962 4969 4970 1963
f 4968 4971 4970 4969
f 4972 4973 4970 4971
f 1964 1963 4970 4973
f 1964 4973 4974 1965
f 4972 4975 4974 4973
f 4976 4977 4974 4975
f 1966 1965 4974 4977
f 1966 4977 4978 1969
f 4976 4979 4978 4977
f 4980 4981 4978 4979
f 1970 1969 4978 4981
f 1970 4981 4982 1971
f 4980 4983 4982 4981
f 4984 4985 4982 4983
f 1972 1971 4982 4985
f 1972 4985 4986 1975
f 4984 4987 4986 4985
f 4988 4989 4986 4987
f 1976 1975 4986 4989
f 1976 4989 4990 1977
f 4988 4991 4990 4989
f 2034 2032 4990 4991
f 1978 1977 4990 2032
f 2010 2085 4992 2013
f 2084 4993 4992 2085
f 4994 4995 4992 4993
f 2014 2013 4992 4995
f 2014 4995 4996 2015
f 4994 4997 4996 4995
f 4998 4999 4996 4997
f 2016 2015 4996 4999
f 2016 4999 5000 2019
f 4998 5001 5000 4999
f 5002 5003 5000 5001
f 2020 2019 5000 5003
f 2020 5003 5004 2021
f 5002 5005 5004 5003
f 5006 5007 5004 5005
f 2022 2021 5004 5007
f 2022 5007 5008 2025
f 5006 5009 5008 5007
f 5010 5011 5008 5009
f 2026 2025 5008 5011
f 2026 5011 5012 2027
f 5010 5013 5012 5011
f 5014 5015 5012 5013
f 2028 2027 5012 5015
f 2028 5015 5016 4937
f 5014 5017 5016 5015
f 5018 5019 5016 5017
f 5020 5021 5016 5019
f 4938 4937 5016 5021
f 4938 5021 5022 4941
f 5020 5023 5022 5021
f 5024 5025 5022 5023
f 4942 4941 5022 5025
f 4942 5025 5026 4945
f 5024 5027 5026 5025
f 4946 4945 5026 5027
f 5028 5029 5030 5031
f 4968 4967 5030 5029
f 4966 5031 5030 4967
f 4968 5029 5032 4971
f 5028 5033 5032 5029
f 5034 5035 5032 5033
f 4972 4971 5032 5035
f 4972 5035 5036 4975
f 5034 5037 5036 5035
f 5038 5039 5036 5037
f 5040 5041 5036 5039
f 4976 4975 5036 5041
f 4976 5041 5042 4979
f 5040 5043 5042 5041
f 5044 5045 5042 5043
f 4980 4979 5042 5045
f 4980 5045 5046 4983
f 5044 5047 5046 5045
f 5048 5049 5046 5047
f 4984 4983 5046 5049
f 4984 5049 5050 4987
f 5048 5051 5050 5049
f 5052 5053 5050 5051
f 4988 4987 5050 5053
f 4988 5053 5054 4991
f 5052 5055 5054 5053
f 2036 2035 5054 5055
f 2034 4991 5054 2035
f 2084 2083 5056 4993
f 2082 5057 5056 2083
f 5058 5059 5056 5057
f 4994 4993 5056 5059
f 4994 5059 5060 4997
f 5058 5061 5060 5059
f 5062 5063 5060 5061
f 4998 4997 5060 5063
f 4998 5063 5064 5001
f 5062 5065 5064 5063
f 5066 5067 5064 5065
f 5002 5001 5064 5067
f 5002 5067 5068 5005
f 5066 5069 5068 5067
f 5070 5071 5068 5069
f 5006 5005 5068 5071
f 5006 5071 5072 5009
f 5070 5073 5072 5071
f 5074 5075 5072 5073
f 5076 5077 5072 5075
f 5010 5009 5072 5077
f 5010 5077 5078 5013
f 5076 5079 5078 5077
f 5080 5081 5078 5079
f 5014 5013 5078 5081
f 5014 5081 5082 5017
f 5080 5083 5082 5081
f 5018 5017 5082 5083
f 5084 5085 5086 5087
f 5040 5039 5086 5085
f 5038 5087 5086 5039
f 5040 5085 5088 5043
f 5084 5089 5088 5085
f 5090 5091 5088 5089
f 5044 5043 5088 5091
f 5044 5091 5092 5047
f 5090 5093 5092 5091
f 5094 5095 5092 5093
f 5096 5097 5092 5095
f 5048 5047 5092 5097
f 5048 5097 5098 5051
f 5096 5099 5098 5097
f 5100 5101 5098 5099
f 5052 5051 5098 5101
f 5052 5101 5102 5055
f 5100 5103 5102 5101
f 5104 5105 5102 5103
f 2036 5055 5102 5105
f 2036 5105 5106 2037
f 5104 5107 5106 5105
f 5108 5109 5106 5107
f 2038 2037 5106 5109
f 2038 5109 5110 2039
f 5108 5111 5110 5109
f 5112 5113 5110 5111
f 2040 2039 5110 5113
f 2040 5113 5114 2043
f 5112 5115 5114 5113
f 5116 5117 5114 5115
f 2044 2043 5114 5117
f 2044 5117 5118 2045
f 5116 5119 5118 5117
f 5120 5121 5118 5119
f 2046 2045 5118 5121
f 2046 5121 5122 2049
f 5120 5123 5122 5121
f 5124 5125 5122 5123
f 2050 2049 5122 5125
f 2050 5125 5126 2051
f 5124 5127 5126 5125
f 5128 5129 5126 5127
f 2052 2051 5126 5129
f 2052 5129 5130 2055
f 5128 5131 5130 5129
f 5132 5133 5130 5131
f 2056 2055 5130 5133
f 2056 5133 5134 2057
f 5132 5135 5134 5133
f 5136 5137 5134 5135
f 2058 2057 5134 5137
f 2058 5137 5138 2061
f 5136 5139 5138 5137
f 5140 5141 5138 5139
f 2062 2061 5138 5141
f 2062 5141 5142 2063
f 5140 5143 5142 5141
f 5144 5145 5142 5143
f 2064 2063 5142 5145
f 2064 5145 5146 2067
f 5144 5147 5146 5145
f 5148 5149 5146 5147
f 2068 2067 5146 5149
f 2068 5149 5150 2069
f 5148 5151 5150 5149
f 5152 5153 5150 5151
f 2070 2069 5150 5153
f 2070 5153 5154 2073
f 5152 5155 5154 5153
f 5156 5157 5154 5155
f 2074 2073 5154 5157
f 2074 5157 5158 2075
f 5156 5159 5158 5157
f 5160 5161 5158 5159
f 2076 2075 5158 5161
f 2076 5161 5162 2079
f 5160 5163 5162 5161
f 5164 5165 5162 5163
f 2080 2079 5162 5165
f 2080 5165 5166 2081
f 5164 5167 5166 5165
f 5168 5169 5166 5167
f 2082 2081 5166 5169
f 2082 5169 5170 5057
f 5168 5171 5170 5169
f 5172 5173 5170 5171
f 5058 5057 5170 5173
f 5058 5173 5174 5061
f 5172 5175 5174 5173
f 5176 5177 5174 5175
f 5062 5061 5174 5177
f 5062 5177 5178 5065
f 5176 5179 5178 5177
f 5180 5181 5178 5179
f 5182 5183 5178 5181
f 5066 5065 5178 5183
f 5066 5183 5184 5069
f 5182 5185 5184 5183
f 5186 5187 5184 5185
f 5070 5069 5184 5187
f 5070 5187 5188 5073
f 5186 5189 5188 5187
f 5074 5073 5188 5189
f 5190 5191 5192 5193
f 5096 5095 5192 5191
f 5094 5193 5192 5095
f 5096 5191 5194 5099
f 5190 5195 5194 5191
f 5196 5197 5194 5195
f 5100 5099 5194 5197
f 5100 5197 5198 5103
f 5196 5199 5198 5197
f 5200 5201 5198 5199
f 5104 5103 5198 5201
f 5104 5201 5202 5107
f 5200 5203 5202 5201
f 5204 5205 5202 5203
f 5108 5107 5202 5205
f 5108 5205 5206 5111
f 5204 5207 5206 5205
f 5208 5209 5206 5207
f 5210 5211 5206 5209
f 5112 5111 5206 5211
f 5112 5211 5212 5115
f 5210 5213 5212 5211
f 5214 5215 5212 5213
f 5116 5115 5212 5215
f 5116 5215 5216 5119
f 5214 5217 5216 5215
f 5218 5219 5216 5217
f 5120 5119 5216 5219
f 5120 5219 5220 5123
f 5218 5221 5220 5219
f 5222 5223 5220 5221
f 5124 5123 5220 5223
f 5124 5223 5224 5127
f 5222 5225 5224 5223
f 5226 5227 5224 5225
f 5128 5127 5224 5227
f 5128 5227 5228 5131
f 5226 5229 5228 5227
f 5230 5231 5228 5229
f 5132 5131 5228 5231
f 5132 5231 5232 5135
f 5230 5233 5232 5231
f 5234 5235 5232 5233
f 5136 5135 5232 5235
f 5136 5235 5236 5139
f 5234 5237 5236 5235
f 5238 5239 5236 5237
f 5140 5139 5236 5239
f 5140 5239 5240 5143
f 5238 5241 5240 5239
f 5242 5243 5240 5241
f 5144 5143 5240 5243
f 5144 5243 5244 5147
f 5242 5245 5244 5243
f 5246 5247 5244 5245
f 5148 5147 5244 5247
f 5148 5247 5248 5151
f 5246 5249 5248 5247
f 5250 5251 5248 5249
f 5152 5151 5248 5251
f 5152 5251 5252 5155
f 5250 5253 5252 5251
f 5254 5255 5252 5253
f 5156 5155 5252 5255
f 5156 5255 5256 5159
f 5254 5257 5256 5255
f 5258 5259 5256 5257
f 5160 5159 5256 5259
f 5160 5259 5260 5163
f 5258 5261 5260 5259
f 5262 5263 5260 5261
f 5264 5265 5260 5263
f 5164 5163 5260 5265
f 5164 5265 5266 5167
f 5264 5267 5266 5265
f 5268 5269 5266 5267
f 5168 5167 5266 5269
f 5168 5269 5270 5171
f 5268 5271 5270 5269
f 5272 5273 5270 5271
f 5172 5171 5270 5273
f 5172 5273 5274 5175
f 5272 5275 5274 5273
f 5276 5277 5274 5275
f 5176 5175 5274 5277
f 5176 5277 5278 5179
f 5276 5279 5278 5277
f 5180 5179 5278 5279
f 5280 5281 5282 5283
f 5210 5209 5282 5281
f 5208 5283 5282 5209
f 5210 5281 5284 5213
f 5280 5285 5284 5281
f 5286 5287 5284 5285
f 5214 5213 5284 5287
f 5214 5287 5288 5217
f 5286 5289 5288 5287
f 5290 5291 5288 5289
f 5218 5217 5288 5291
f 5218 5291 5292 5221
f 5290 5293 5292 5291
f 5294 5295 5292 5293
f 5222 5221 5292 5295
f 5222 5295 5296 5225
f 5294 5297 5296 5295
f 5298 5299 5296 5297
f 5226 5225 5296 5299
f 5226 5299 5300 5229
f 5298 5301 5300 5299
f 5302 5303 5300 5301
f 5230 5229 5300 5303
f 5230 5303 5304 5233
f 5302 5305 5304 5303
f 5306 5307 5304 5305
f 5234 5233 5304 5307
f 5234 5307 5308 5237
f 5306 5309 5308 5307
f 5310 5311 5308 5309
f 5238 5237 5308 5311
f 5238 5311 5312 5241
f 5310 5313 5312 5311
f 5314 5315 5312 5313
f 5242 5241 5312 5315
f 5242 5315 5316 5245
f 5314 5317 5316 5315
f 5318 5319 5316 5317
f 5246 5245 5316 5319
f 5246 5319 5320 5249
f 5318 5321 5320 5319
f 5322 5323 5320 5321
f 5250 5249 5320 5323
f 5250 5323 5324 5253
f 5322 5325 5324 5323
f 5326 5327 5324 5325
f 5254 5253 5324 5327
f 5254 5327 5328 5257
f 5326 5329 5328 5327
f 5330 5331 5328 5329
f 5258 5257 5328 5331
f 5258 5331 5332 5261
f 5330 5333 5332 5331
f 5262 5261 5332 5333
