# vtk DataFile Version 3.0
all-quad mesh
ASCII
DATASET UNSTRUCTURED_GRID
POINTS 10597 float
-1.15 -1.15 0
-1.00625 -1.15 0
-1.00625 -1.00910544218 0
-1.15 -1.00625 0
-0.8625 -1.15 0
-0.8625 -1.00625 0
-0.8625 -0.8625 0
-0.934375 -0.86825 0
-1.00625 -0.874 0
-1.078125 -0.86825 0
-1.15 -0.8625 0
-1.15 0.8625 0
-1.078125 0.86825 0
-1.00625 1.00910544218 0
-1.15 1.00625 0
-1.00625 0.874 0
-0.934375 0.86825 0
-0.8625 0.8625 0
-0.8625 1.00625 0
-0.8625 1.15 0
-1.00625 1.15 0
-1.15 1.15 0
-0.71875 -1.15 0
-0.71875 -1.00910544218 0
-0.575 -1.15 0
-0.575 -1.00625 0
-0.575 -0.8625 0
-0.646875 -0.86825 0
-0.71875 -0.874 0
-0.790625 -0.86825 0
-0.790625 0.86825 0
-0.71875 1.00910544218 0
-0.71875 0.874 0
-0.646875 0.86825 0
-0.575 0.8625 0
-0.575 1.00625 0
-0.575 1.15 0
-0.71875 1.15 0
-0.43125 -1.15 0
-0.43125 -1.00910544218 0
-0.2875 -1.15 0
-0.2875 -1.00625 0
-0.2875 -0.8625 0
-0.359375 -0.86825 0
-0.43125 -0.874 0
-0.503125 -0.86825 0
-0.503125 0.86825 0
-0.43125 1.00910544218 0
-0.43125 0.874 0
-0.359375 0.86825 0
-0.2875 0.8625 0
-0.2875 1.00625 0
-0.2875 1.15 0
-0.43125 1.15 0
-0.14375 -1.15 0
-0.14375 -1.00910544218 0
0 -1.15 0
0 -1.00625 0
-0 -0.8625 0
-0.071875 -0.86825 0
-0.14375 -0.874 0
-0.215625 -0.86825 0
-0.215625 0.86825 0
-0.14375 1.00910544218 0
-0.14375 0.874 0
-0.071875 0.86825 0
-0 0.8625 0
0 1.00625 0
0 1.15 0
-0.14375 1.15 0
0.14375 -1.15 0
0.14375 -1.00910544218 0
0.2875 -1.15 0
0.2875 -1.00625 0
0.2875 -0.8625 0
0.215625 -0.86825 0
0.14375 -0.874 0
0.071875 -0.86825 0
0.071875 0.86825 0
0.14375 1.00910544218 0
0.14375 0.874 0
0.215625 0.86825 0
0.2875 0.8625 0
0.2875 1.00625 0
0.2875 1.15 0
0.14375 1.15 0
0.43125 -1.15 0
0.43125 -1.00910544218 0
0.575 -1.15 0
0.575 -1.00625 0
0.575 -0.8625 0
0.503125 -0.86825 0
0.43125 -0.874 0
0.359375 -0.86825 0
0.359375 0.86825 0
0.43125 1.00910544218 0
0.43125 0.874 0
0.503125 0.86825 0
0.575 0.8625 0
0.575 1.00625 0
0.575 1.15 0
0.43125 1.15 0
0.71875 -1.15 0
0.71875 -1.00910544218 0
0.8625 -1.15 0
0.8625 -1.00625 0
0.8625 -0.8625 0
0.790625 -0.86825 0
0.71875 -0.874 0
0.646875 -0.86825 0
0.646875 0.86825 0
0.71875 1.00910544218 0
0.71875 0.874 0
0.790625 0.86825 0
0.8625 0.8625 0
0.8625 1.00625 0
0.8625 1.15 0
0.71875 1.15 0
1.00625 -1.15 0
1.00625 -1.00910544218 0
1.15 -1.15 0
1.15 -1.00625 0
1.15 -0.8625 0
1.078125 -0.86825 0
1.00625 -0.874 0
0.934375 -0.86825 0
0.934375 0.86825 0
1.00625 1.00910544218 0
1.00625 0.874 0
1.078125 0.86825 0
1.15 0.8625 0
1.15 1.00625 0
1.15 1.15 0
1.00625 1.15 0
-1.07720352564 -0.793536858974 0
-1.15 -0.790625 0
-1.00625 -0.796375 0
-1.00625 -0.71875 0
-1.078125 -0.71875 0
-1.15 -0.71875 0
-1.078125 -0.646875 0
-1.15 -0.646875 0
-1.00625 -0.646875 0
-1.00625 -0.575 0
-1.078125 -0.575 0
-1.15 -0.575 0
-1.07958246528 -0.504582465278 0
-1.15 -0.503125 0
-1.009125 -0.5390625 0
-1.012 -0.503125 0
-1.009125 -0.4671875 0
-1.00625 -0.43125 0
-1.0421875 -0.434125 0
-1.078125 -0.437 0
-1.1140625 -0.434125 0
-1.15 -0.43125 0
-1.15 0.43125 0
-1.1140625 0.434125 0
-1.07958246528 0.504582465278 0
-1.15 0.503125 0
-1.078125 0.437 0
-1.0421875 0.434125 0
-1.00625 0.43125 0
-1.009125 0.4671875 0
-1.012 0.503125 0
-1.009125 0.5390625 0
-1.00625 0.575 0
-1.078125 0.575 0
-1.15 0.575 0
-1.078125 0.646875 0
-1.15 0.646875 0
-1.00625 0.646875 0
-1.00625 0.71875 0
-1.078125 0.71875 0
-1.15 0.71875 0
-1.07720352564 0.793536858974 0
-1.15 0.790625 0
-1.00625 0.796375 0
-0.935296474359 -0.793536858974 0
-0.8625 -0.790625 0
-0.8625 -0.71875 0
-0.934375 -0.71875 0
-0.935832465278 -0.648332465278 0
-0.865375 -0.6828125 0
-0.86825 -0.646875 0
-0.865375 -0.6109375 0
-0.8625 -0.575 0
-0.8984375 -0.577875 0
-0.934375 -0.58075 0
-0.9703125 -0.577875 0
-0.9703125 0.577875 0
-0.935832465278 0.648332465278 0
-0.934375 0.58075 0
-0.8984375 0.577875 0
-0.8625 0.575 0
-0.865375 0.6109375 0
-0.86825 0.646875 0
-0.865375 0.6828125 0
-0.8625 0.71875 0
-0.934375 0.71875 0
-0.935296474359 0.793536858974 0
-0.8625 0.790625 0
-0.789685457516 -0.794965686275 0
-0.71875 -0.796375 0
-0.71875 -0.71875 0
-0.7546875 -0.721625 0
-0.790625 -0.7245 0
-0.8265625 -0.721625 0
-0.8265625 0.721625 0
-0.789685457516 0.794965686275 0
-0.790625 0.7245 0
-0.7546875 0.721625 0
-0.71875 0.71875 0
-0.71875 0.796375 0
-0.647814542484 -0.794965686275 0
-0.575 -0.790625 0
-0.575 -0.71875 0
-0.6109375 -0.721625 0
-0.646875 -0.7245 0
-0.6828125 -0.721625 0
-0.71875 -0.14375 0
-0.6828125 -0.140875 0
-0.645417534722 -0.0704175347222 0
-0.715875 -0.1078125 0
-0.646875 -0.138 0
-0.6109375 -0.140875 0
-0.575 -0.14375 0
-0.575 -0.071875 0
-0.575 -0 0
-0.646875 0 0
-0.71875 0 0
-0.715875 -0.0359375 0
-0.713 -0.071875 0
-0.645417534722 0.0704175347222 0
-0.715875 0.0359375 0
-0.575 0.071875 0
-0.575 0.14375 0
-0.6109375 0.140875 0
-0.646875 0.138 0
-0.6828125 0.140875 0
-0.71875 0.14375 0
-0.715875 0.1078125 0
-0.713 0.071875 0
-0.6828125 0.721625 0
-0.647814542484 0.794965686275 0
-0.646875 0.7245 0
-0.6109375 0.721625 0
-0.575 0.71875 0
-0.575 0.790625 0
-0.502185457516 -0.794965686275 0
-0.43125 -0.796375 0
-0.43125 -0.71875 0
-0.4671875 -0.721625 0
-0.503125 -0.7245 0
-0.5390625 -0.721625 0
-0.575 -0.2875 0
-0.5390625 -0.284625 0
-0.501667534722 -0.214167534722 0
-0.572125 -0.2515625 0
-0.503125 -0.28175 0
-0.4671875 -0.284625 0
-0.43125 -0.2875 0
-0.43125 -0.215625 0
-0.43125 -0.14375 0
-0.503125 -0.14375 0
-0.572125 -0.1796875 0
-0.56925 -0.215625 0
-0.503125 -0.071875 0
-0.43125 -0.071875 0
-0.43125 0 0
-0.503125 0 0
-0.503125 0.071875 0
-0.43125 0.071875 0
-0.43125 0.14375 0
-0.503125 0.14375 0
-0.501667534722 0.214167534722 0
-0.572125 0.1796875 0
-0.43125 0.215625 0
-0.43125 0.2875 0
-0.4671875 0.284625 0
-0.503125 0.28175 0
-0.5390625 0.284625 0
-0.575 0.2875 0
-0.572125 0.2515625 0
-0.56925 0.215625 0
-0.5390625 0.721625 0
-0.502185457516 0.794965686275 0
-0.503125 0.7245 0
-0.4671875 0.721625 0
-0.43125 0.71875 0
-0.43125 0.796375 0
-0.360314542484 -0.794965686275 0
-0.2875 -0.790625 0
-0.2875 -0.71875 0
-0.3234375 -0.721625 0
-0.359375 -0.7245 0
-0.3953125 -0.721625 0
-0.3953125 -0.284625 0
-0.359375 -0.214197278912 0
-0.359375 -0.28175 0
-0.3234375 -0.284625 0
-0.2875 -0.2875 0
-0.2875 -0.215625 0
-0.2875 -0.14375 0
-0.359375 -0.14375 0
-0.359375 -0.071875 0
-0.2875 -0.071875 0
-0.2875 0 0
-0.359375 0 0
-0.359375 0.071875 0
-0.2875 0.071875 0
-0.2875 0.14375 0
-0.359375 0.14375 0
-0.359375 0.214197278912 0
-0.2875 0.215625 0
-0.2875 0.2875 0
-0.3234375 0.284625 0
-0.359375 0.28175 0
-0.3953125 0.284625 0
-0.3953125 0.721625 0
-0.360314542484 0.794965686275 0
-0.359375 0.7245 0
-0.3234375 0.721625 0
-0.2875 0.71875 0
-0.2875 0.790625 0
-0.214685457516 -0.794965686275 0
-0.14375 -0.796375 0
-0.14375 -0.71875 0
-0.1796875 -0.721625 0
-0.215625 -0.7245 0
-0.2515625 -0.721625 0
-0.2515625 -0.284625 0
-0.215625 -0.214197278912 0
-0.215625 -0.28175 0
-0.1796875 -0.284625 0
-0.14375 -0.2875 0
-0.14375 -0.215625 0
-0.14375 -0.14375 0
-0.215625 -0.14375 0
-0.215625 -0.071875 0
-0.14375 -0.071875 0
-0.14375 0 0
-0.215625 0 0
-0.215625 0.071875 0
-0.14375 0.071875 0
-0.14375 0.14375 0
-0.215625 0.14375 0
-0.215625 0.214197278912 0
-0.14375 0.215625 0
-0.14375 0.2875 0
-0.1796875 0.284625 0
-0.215625 0.28175 0
-0.2515625 0.284625 0
-0.2515625 0.721625 0
-0.214685457516 0.794965686275 0
-0.215625 0.7245 0
-0.1796875 0.721625 0
-0.14375 0.71875 0
-0.14375 0.796375 0
-0.0728145424837 -0.794965686275 0
-0 -0.790625 0
-0 -0.71875 0
-0.0359375 -0.721625 0
-0.071875 -0.7245 0
-0.1078125 -0.721625 0
-0.1078125 -0.284625 0
-0.071875 -0.214197278912 0
-0.071875 -0.28175 0
-0.0359375 -0.284625 0
0 -0.2875 0
0 -0.215625 0
-0 -0.14375 0
-0.071875 -0.14375 0
-0.071875 -0.071875 0
-0 -0.071875 0
-0 0 0
-0.071875 0 0
-0.071875 0.071875 0
-0 0.071875 0
-0 0.14375 0
-0.071875 0.14375 0
-0.071875 0.214197278912 0
0 0.215625 0
0 0.2875 0
-0.0359375 0.284625 0
-0.071875 0.28175 0
-0.1078125 0.284625 0
-0.1078125 0.721625 0
-0.0728145424837 0.794965686275 0
-0.071875 0.7245 0
-0.0359375 0.721625 0
0 0.71875 0
0 0.790625 0
0.0728145424837 -0.794965686275 0
0.14375 -0.796375 0
0.14375 -0.71875 0
0.1078125 -0.721625 0
0.071875 -0.7245 0
0.0359375 -0.721625 0
0.0359375 -0.284625 0
0.071875 -0.214197278912 0
0.071875 -0.28175 0
0.1078125 -0.284625 0
0.14375 -0.2875 0
0.14375 -0.215625 0
0.14375 -0.14375 0
0.071875 -0.14375 0
0.071875 -0.071875 0
0.14375 -0.071875 0
0.14375 0 0
0.071875 0 0
0.071875 0.071875 0
0.14375 0.071875 0
0.14375 0.14375 0
0.071875 0.14375 0
0.071875 0.214197278912 0
0.14375 0.215625 0
0.14375 0.2875 0
0.1078125 0.284625 0
0.071875 0.28175 0
0.0359375 0.284625 0
0.0359375 0.721625 0
0.0728145424837 0.794965686275 0
0.071875 0.7245 0
0.1078125 0.721625 0
0.14375 0.71875 0
0.14375 0.796375 0
0.214685457516 -0.794965686275 0
0.2875 -0.790625 0
0.2875 -0.71875 0
0.2515625 -0.721625 0
0.215625 -0.7245 0
0.1796875 -0.721625 0
0.1796875 -0.284625 0
0.215625 -0.214197278912 0
0.215625 -0.28175 0
0.2515625 -0.284625 0
0.2875 -0.2875 0
0.2875 -0.215625 0
0.2875 -0.14375 0
0.215625 -0.14375 0
0.215625 -0.071875 0
0.2875 -0.071875 0
0.2875 -0 0
0.215625 0 0
0.215625 0.071875 0
0.2875 0.071875 0
0.2875 0.14375 0
0.215625 0.14375 0
0.215625 0.214197278912 0
0.2875 0.215625 0
0.2875 0.2875 0
0.2515625 0.284625 0
0.215625 0.28175 0
0.1796875 0.284625 0
0.1796875 0.721625 0
0.214685457516 0.794965686275 0
0.215625 0.7245 0
0.2515625 0.721625 0
0.2875 0.71875 0
0.2875 0.790625 0
0.360314542484 -0.794965686275 0
0.43125 -0.796375 0
0.43125 -0.71875 0
0.3953125 -0.721625 0
0.359375 -0.7245 0
0.3234375 -0.721625 0
0.3234375 -0.284625 0
0.359375 -0.214197278912 0
0.359375 -0.28175 0
0.3953125 -0.284625 0
0.43125 -0.2875 0
0.43125 -0.215625 0
0.43125 -0.14375 0
0.359375 -0.14375 0
0.359375 -0.071875 0
0.43125 -0.071875 0
0.43125 0 0
0.359375 0 0
0.359375 0.071875 0
0.43125 0.071875 0
0.43125 0.14375 0
0.359375 0.14375 0
0.359375 0.214197278912 0
0.43125 0.215625 0
0.43125 0.2875 0
0.3953125 0.284625 0
0.359375 0.28175 0
0.3234375 0.284625 0
0.3234375 0.721625 0
0.360314542484 0.794965686275 0
0.359375 0.7245 0
0.3953125 0.721625 0
0.43125 0.71875 0
0.43125 0.796375 0
0.502185457516 -0.794965686275 0
0.575 -0.790625 0
0.575 -0.71875 0
0.5390625 -0.721625 0
0.503125 -0.7245 0
0.4671875 -0.721625 0
0.4671875 -0.284625 0
0.501667534722 -0.214167534722 0
0.503125 -0.28175 0
0.5390625 -0.284625 0
0.575 -0.2875 0
0.572125 -0.2515625 0
0.56925 -0.215625 0
0.572125 -0.1796875 0
0.575 -0.14375 0
0.503125 -0.14375 0
0.503125 -0.071875 0
0.575 -0.071875 0
0.575 -0 0
0.503125 0 0
0.503125 0.071875 0
0.575 0.071875 0
0.575 0.14375 0
0.503125 0.14375 0
0.501667534722 0.214167534722 0
0.572125 0.1796875 0
0.56925 0.215625 0
0.572125 0.2515625 0
0.575 0.2875 0
0.5390625 0.284625 0
0.503125 0.28175 0
0.4671875 0.284625 0
0.4671875 0.721625 0
0.502185457516 0.794965686275 0
0.503125 0.7245 0
0.5390625 0.721625 0
0.575 0.71875 0
0.575 0.790625 0
0.647814542484 -0.794965686275 0
0.71875 -0.796375 0
0.71875 -0.71875 0
0.6828125 -0.721625 0
0.646875 -0.7245 0
0.6109375 -0.721625 0
0.6109375 -0.140875 0
0.645417534722 -0.0704175347222 0
0.646875 -0.138 0
0.6828125 -0.140875 0
0.71875 -0.14375 0
0.715875 -0.1078125 0
0.713 -0.071875 0
0.715875 -0.0359375 0
0.71875 -0 0
0.646875 -0 0
0.645417534722 0.0704175347222 0
0.715875 0.0359375 0
0.713 0.071875 0
0.715875 0.1078125 0
0.71875 0.14375 0
0.6828125 0.140875 0
0.646875 0.138 0
0.6109375 0.140875 0
0.6109375 0.721625 0
0.647814542484 0.794965686275 0
0.646875 0.7245 0
0.6828125 0.721625 0
0.71875 0.71875 0
0.71875 0.796375 0
0.789685457516 -0.794965686275 0
0.8625 -0.790625 0
0.8625 -0.71875 0
0.8265625 -0.721625 0
0.790625 -0.7245 0
0.7546875 -0.721625 0
0.7546875 0.721625 0
0.789685457516 0.794965686275 0
0.790625 0.7245 0
0.8265625 0.721625 0
0.8625 0.71875 0
0.8625 0.790625 0
0.935296474359 -0.793536858974 0
1.00625 -0.796375 0
1.00625 -0.71875 0
0.934375 -0.71875 0
0.935832465278 -0.648332465278 0
0.865375 -0.6828125 0
1.00625 -0.646875 0
1.00625 -0.575 0
0.9703125 -0.577875 0
0.934375 -0.58075 0
0.8984375 -0.577875 0
0.8625 -0.575 0
0.865375 -0.6109375 0
0.86825 -0.646875 0
0.8625 0.575 0
0.8984375 0.577875 0
0.935832465278 0.648332465278 0
0.865375 0.6109375 0
0.934375 0.58075 0
0.9703125 0.577875 0
1.00625 0.575 0
1.00625 0.646875 0
1.00625 0.71875 0
0.934375 0.71875 0
0.865375 0.6828125 0
0.86825 0.646875 0
0.935296474359 0.793536858974 0
1.00625 0.796375 0
1.07720352564 -0.793536858974 0
1.15 -0.790625 0
1.15 -0.71875 0
1.078125 -0.71875 0
1.078125 -0.646875 0
1.15 -0.646875 0
1.15 -0.575 0
1.078125 -0.575 0
1.07958246528 -0.504582465278 0
1.009125 -0.5390625 0
1.15 -0.503125 0
1.15 -0.43125 0
1.1140625 -0.434125 0
1.078125 -0.437 0
1.0421875 -0.434125 0
1.00625 -0.43125 0
1.009125 -0.4671875 0
1.012 -0.503125 0
1.00625 0.43125 0
1.0421875 0.434125 0
1.07958246528 0.504582465278 0
1.009125 0.4671875 0
1.078125 0.437 0
1.1140625 0.434125 0
1.15 0.43125 0
1.15 0.503125 0
1.15 0.575 0
1.078125 0.575 0
1.009125 0.5390625 0
1.012 0.503125 0
1.078125 0.646875 0
1.15 0.646875 0
1.15 0.71875 0
1.078125 0.71875 0
1.07720352564 0.793536858974 0
1.15 0.790625 0
-1.11360176282 -0.396768429487 0
-1.15 -0.3953125 0
-1.078125 -0.3981875 0
-1.078125 -0.359375 0
-1.1140625 -0.359375 0
-1.15 -0.359375 0
-1.1140625 -0.3234375 0
-1.15 -0.3234375 0
-1.078125 -0.3234375 0
-1.078125 -0.2875 0
-1.1140625 -0.2875 0
-1.15 -0.2875 0
-1.1140625 -0.2515625 0
-1.15 -0.2515625 0
-1.078125 -0.2515625 0
-1.078125 -0.215625 0
-1.1140625 -0.215625 0
-1.15 -0.215625 0
-1.1140625 -0.1796875 0
-1.15 -0.1796875 0
-1.078125 -0.1796875 0
-1.078125 -0.14375 0
-1.1140625 -0.14375 0
-1.15 -0.14375 0
-1.1140625 -0.1078125 0
-1.15 -0.1078125 0
-1.078125 -0.1078125 0
-1.078125 -0.071875 0
-1.1140625 -0.071875 0
-1.15 -0.071875 0
-1.1140625 -0.0359375 0
-1.15 -0.0359375 0
-1.078125 -0.0359375 0
-1.078125 0 0
-1.1140625 0 0
-1.15 0 0
-1.1140625 0.0359375 0
-1.15 0.0359375 0
-1.078125 0.0359375 0
-1.078125 0.071875 0
-1.1140625 0.071875 0
-1.15 0.071875 0
-1.1140625 0.1078125 0
-1.15 0.1078125 0
-1.078125 0.1078125 0
-1.078125 0.14375 0
-1.1140625 0.14375 0
-1.15 0.14375 0
-1.1140625 0.1796875 0
-1.15 0.1796875 0
-1.078125 0.1796875 0
-1.078125 0.215625 0
-1.1140625 0.215625 0
-1.15 0.215625 0
-1.1140625 0.2515625 0
-1.15 0.2515625 0
-1.078125 0.2515625 0
-1.078125 0.2875 0
-1.1140625 0.2875 0
-1.15 0.2875 0
-1.1140625 0.3234375 0
-1.15 0.3234375 0
-1.078125 0.3234375 0
-1.078125 0.359375 0
-1.1140625 0.359375 0
-1.15 0.359375 0
-1.11360176282 0.396768429487 0
-1.15 0.3953125 0
-1.078125 0.3981875 0
-1.04264823718 -0.396768429487 0
-1.00625 -0.3953125 0
-1.00625 -0.359375 0
-1.0421875 -0.359375 0
-1.0421875 -0.3234375 0
-1.00625 -0.3234375 0
-1.00625 -0.2875 0
-1.0421875 -0.2875 0
-1.04290136054 -0.2515625 0
-1.0076875 -0.26953125 0
-1.009125 -0.2515625 0
-1.0076875 -0.23359375 0
-1.00625 -0.215625 0
-1.0421875 -0.215625 0
-1.04290136054 -0.1796875 0
-1.0076875 -0.19765625 0
-1.009125 -0.1796875 0
-1.0076875 -0.16171875 0
-1.00625 -0.14375 0
-1.0421875 -0.14375 0
-1.04290136054 -0.1078125 0
-1.0076875 -0.12578125 0
-1.009125 -0.1078125 0
-1.0076875 -0.08984375 0
-1.00625 -0.071875 0
-1.0421875 -0.071875 0
-1.04290136054 -0.0359375 0
-1.0076875 -0.05390625 0
-1.009125 -0.0359375 0
-1.0076875 -0.01796875 0
-1.00625 0 0
-1.0421875 0 0
-1.04290136054 0.0359375 0
-1.0076875 0.01796875 0
-1.009125 0.0359375 0
-1.0076875 0.05390625 0
-1.00625 0.071875 0
-1.0421875 0.071875 0
-1.04290136054 0.1078125 0
-1.0076875 0.08984375 0
-1.009125 0.1078125 0
-1.0076875 0.12578125 0
-1.00625 0.14375 0
-1.0421875 0.14375 0
-1.04290136054 0.1796875 0
-1.0076875 0.16171875 0
-1.009125 0.1796875 0
-1.0076875 0.19765625 0
-1.00625 0.215625 0
-1.0421875 0.215625 0
-1.04290136054 0.2515625 0
-1.0076875 0.23359375 0
-1.009125 0.2515625 0
-1.0076875 0.26953125 0
-1.00625 0.2875 0
-1.0421875 0.2875 0
-1.0421875 0.3234375 0
-1.00625 0.3234375 0
-1.00625 0.359375 0
-1.0421875 0.359375 0
-1.04264823718 0.396768429487 0
-1.00625 0.3953125 0
-0.971270833333 -0.540020833333 0
-0.934375 -0.5419375 0
-0.934375 -0.503125 0
-0.9731875 -0.503125 0
-0.971768429487 -0.467648237179 0
-0.934375 -0.4671875 0
-0.934375 -0.43125 0
-0.9703125 -0.43125 0
-0.971026360544 -0.3953125 0
-0.9358125 -0.41328125 0
-0.93725 -0.3953125 0
-0.9358125 -0.37734375 0
-0.934375 -0.359375 0
-0.9703125 -0.359375 0
-0.971041232639 -0.324166232639 0
-0.9358125 -0.34140625 0
-0.93725 -0.3234375 0
-0.9358125 -0.30546875 0
-0.934375 -0.2875 0
-0.95234375 -0.2889375 0
-0.9703125 -0.290375 0
-0.98828125 -0.2889375 0
-0.98828125 0.2889375 0
-0.971041232639 0.324166232639 0
-0.9703125 0.290375 0
-0.95234375 0.2889375 0
-0.934375 0.2875 0
-0.9358125 0.30546875 0
-0.93725 0.3234375 0
-0.9358125 0.34140625 0
-0.934375 0.359375 0
-0.9703125 0.359375 0
-0.971026360544 0.3953125 0
-0.9358125 0.37734375 0
-0.93725 0.3953125 0
-0.9358125 0.41328125 0
-0.934375 0.43125 0
-0.9703125 0.43125 0
-0.971768429487 0.467648237179 0
-0.934375 0.4671875 0
-0.934375 0.503125 0
-0.9731875 0.503125 0
-0.971270833333 0.540020833333 0
-0.934375 0.5419375 0
-0.898898237179 -0.540518429487 0
-0.8625 -0.5390625 0
-0.8625 -0.503125 0
-0.8984375 -0.503125 0
-0.899166232639 -0.467916232639 0
-0.8639375 -0.48515625 0
-0.865375 -0.4671875 0
-0.8639375 -0.44921875 0
-0.8625 -0.43125 0
-0.88046875 -0.4326875 0
-0.8984375 -0.434125 0
-0.91640625 -0.4326875 0
-0.91640625 0.4326875 0
-0.899166232639 0.467916232639 0
-0.8984375 0.434125 0
-0.88046875 0.4326875 0
-0.8625 0.43125 0
-0.8639375 0.44921875 0
-0.865375 0.4671875 0
-0.8639375 0.48515625 0
-0.8625 0.503125 0
-0.8984375 0.503125 0
-0.898898237179 0.540518429487 0
-0.8625 0.5390625 0
-0.827520833333 -0.683770833333 0
-0.790625 -0.6856875 0
-0.790625 -0.646875 0
-0.8294375 -0.646875 0
-0.828018429487 -0.611398237179 0
-0.790625 -0.6109375 0
-0.790625 -0.575 0
-0.8265625 -0.575 0
-0.827291232639 -0.539791232639 0
-0.7920625 -0.55703125 0
-0.7935 -0.5390625 0
-0.7920625 -0.52109375 0
-0.790625 -0.503125 0
-0.80859375 -0.5045625 0
-0.8265625 -0.506 0
-0.84453125 -0.5045625 0
-0.84453125 0.5045625 0
-0.827291232639 0.539791232639 0
-0.8265625 0.506 0
-0.80859375 0.5045625 0
-0.790625 0.503125 0
-0.7920625 0.52109375 0
-0.7935 0.5390625 0
-0.7920625 0.55703125 0
-0.790625 0.575 0
-0.8265625 0.575 0
-0.828018429487 0.611398237179 0
-0.790625 0.6109375 0
-0.790625 0.646875 0
-0.8294375 0.646875 0
-0.827520833333 0.683770833333 0
-0.790625 0.6856875 0
-0.755148237179 -0.684268429487 0
-0.71875 -0.6828125 0
-0.71875 -0.646875 0
-0.7546875 -0.646875 0
-0.7546875 -0.611651360544 0
-0.71875 -0.6109375 0
-0.71875 -0.575 0
-0.73671875 -0.5764375 0
-0.7546875 -0.577875 0
-0.77265625 -0.5764375 0
-0.790625 -0.215625 0
-0.77265625 -0.2141875 0
-0.753958767361 -0.178958767361 0
-0.7891875 -0.19765625 0
-0.7546875 -0.21275 0
-0.73671875 -0.2141875 0
-0.71875 -0.215625 0
-0.71875 -0.1796875 0
-0.7546875 -0.14375 0
-0.790625 -0.14375 0
-0.7891875 -0.16171875 0
-0.78775 -0.1796875 0
-0.752517156863 -0.107342728758 0
-0.7891875 -0.12578125 0
-0.7518125 -0.071875 0
-0.790625 -0.071875 0
-0.7891875 -0.08984375 0
-0.78775 -0.1078125 0
-0.752517156863 -0.0364072712418 0
-0.7891875 -0.05390625 0
-0.7546875 0 0
-0.790625 0 0
-0.7891875 -0.01796875 0
-0.78775 -0.0359375 0
-0.752517156863 0.0364072712418 0
-0.7891875 0.01796875 0
-0.7518125 0.071875 0
-0.790625 0.071875 0
-0.7891875 0.05390625 0
-0.78775 0.0359375 0
-0.752517156863 0.107342728758 0
-0.7891875 0.08984375 0
-0.7546875 0.14375 0
-0.790625 0.14375 0
-0.7891875 0.12578125 0
-0.78775 0.1078125 0
-0.753958767361 0.178958767361 0
-0.7891875 0.16171875 0
-0.71875 0.1796875 0
-0.71875 0.215625 0
-0.73671875 0.2141875 0
-0.7546875 0.21275 0
-0.77265625 0.2141875 0
-0.790625 0.215625 0
-0.7891875 0.19765625 0
-0.78775 0.1796875 0
-0.77265625 0.5764375 0
-0.7546875 0.611651360544 0
-0.7546875 0.577875 0
-0.73671875 0.5764375 0
-0.71875 0.575 0
-0.71875 0.6109375 0
-0.71875 0.646875 0
-0.7546875 0.646875 0
-0.755148237179 0.684268429487 0
-0.71875 0.6828125 0
-0.682351762821 -0.684268429487 0
-0.646875 -0.6856875 0
-0.646875 -0.646875 0
-0.6828125 -0.646875 0
-0.683541232639 -0.611666232639 0
-0.6483125 -0.62890625 0
-0.64975 -0.6109375 0
-0.6483125 -0.59296875 0
-0.646875 -0.575 0
-0.66484375 -0.5764375 0
-0.6828125 -0.577875 0
-0.70078125 -0.5764375 0
-0.71875 -0.2875 0
-0.70078125 -0.2860625 0
-0.682083767361 -0.250833767361 0
-0.7173125 -0.26953125 0
-0.6828125 -0.284625 0
-0.66484375 -0.2860625 0
-0.646875 -0.2875 0
-0.646875 -0.2515625 0
-0.646875 -0.215625 0
-0.6828125 -0.215625 0
-0.7173125 -0.23359375 0
-0.715875 -0.2515625 0
-0.682351762821 -0.178231570513 0
-0.646875 -0.1768125 0
-0.682351762821 0.178231570513 0
-0.646875 0.1768125 0
-0.646875 0.215625 0
-0.6828125 0.215625 0
-0.682083767361 0.250833767361 0
-0.7173125 0.23359375 0
-0.646875 0.2515625 0
-0.646875 0.2875 0
-0.66484375 0.2860625 0
-0.6828125 0.284625 0
-0.70078125 0.2860625 0
-0.71875 0.2875 0
-0.7173125 0.26953125 0
-0.715875 0.2515625 0
-0.70078125 0.5764375 0
-0.683541232639 0.611666232639 0
-0.6828125 0.577875 0
-0.66484375 0.5764375 0
-0.646875 0.575 0
-0.6483125 0.59296875 0
-0.64975 0.6109375 0
-0.6483125 0.62890625 0
-0.646875 0.646875 0
-0.6828125 0.646875 0
-0.682351762821 0.684268429487 0
-0.646875 0.6856875 0
-0.611407271242 -0.684982843137 0
-0.575 -0.6828125 0
-0.575 -0.646875 0
-0.59296875 -0.6483125 0
-0.6109375 -0.64975 0
-0.62890625 -0.6483125 0
-0.646875 -0.359375 0
-0.62890625 -0.3579375 0
-0.610208767361 -0.322708767361 0
-0.6454375 -0.34140625 0
-0.6109375 -0.3565 0
-0.59296875 -0.3579375 0
-0.575 -0.359375 0
-0.575 -0.3234375 0
-0.6109375 -0.2875 0
-0.6454375 -0.30546875 0
-0.644 -0.3234375 0
-0.609481570513 -0.251101762821 0
-0.6080625 -0.215625 0
-0.609979166667 -0.178729166667 0
-0.609979166667 0.178729166667 0
-0.6080625 0.215625 0
-0.609481570513 0.251101762821 0
-0.6109375 0.2875 0
-0.610208767361 0.322708767361 0
-0.6454375 0.30546875 0
-0.575 0.3234375 0
-0.575 0.359375 0
-0.59296875 0.3579375 0
-0.6109375 0.3565 0
-0.62890625 0.3579375 0
-0.646875 0.359375 0
-0.6454375 0.34140625 0
-0.644 0.3234375 0
-0.62890625 0.6483125 0
-0.611407271242 0.684982843137 0
-0.6109375 0.64975 0
-0.59296875 0.6483125 0
-0.575 0.646875 0
-0.575 0.6828125 0
-0.538592728758 -0.684982843137 0
-0.503125 -0.6856875 0
-0.503125 -0.646875 0
-0.52109375 -0.6483125 0
-0.5390625 -0.64975 0
-0.55703125 -0.6483125 0
-0.575 -0.43125 0
-0.55703125 -0.4298125 0
-0.538333767361 -0.394583767361 0
-0.5735625 -0.41328125 0
-0.5390625 -0.428375 0
-0.52109375 -0.4298125 0
-0.503125 -0.43125 0
-0.503125 -0.3953125 0
-0.503125 -0.359375 0
-0.5390625 -0.359375 0
-0.5735625 -0.37734375 0
-0.572125 -0.3953125 0
-0.538601762821 -0.321981570513 0
-0.503125 -0.3205625 0
-0.538601762821 0.321981570513 0
-0.503125 0.3205625 0
-0.503125 0.359375 0
-0.5390625 0.359375 0
-0.538333767361 0.394583767361 0
-0.5735625 0.37734375 0
-0.503125 0.3953125 0
-0.503125 0.43125 0
-0.52109375 0.4298125 0
-0.5390625 0.428375 0
-0.55703125 0.4298125 0
-0.575 0.43125 0
-0.5735625 0.41328125 0
-0.572125 0.3953125 0
-0.55703125 0.6483125 0
-0.538592728758 0.684982843137 0
-0.5390625 0.64975 0
-0.52109375 0.6483125 0
-0.503125 0.646875 0
-0.503125 0.6856875 0
-0.467657271242 -0.684982843137 0
-0.43125 -0.6828125 0
-0.43125 -0.646875 0
-0.44921875 -0.6483125 0
-0.4671875 -0.64975 0
-0.48515625 -0.6483125 0
-0.48515625 -0.4298125 0
-0.4671875 -0.394598639456 0
-0.4671875 -0.428375 0
-0.44921875 -0.4298125 0
-0.43125 -0.43125 0
-0.43125 -0.3953125 0
-0.43125 -0.359375 0
-0.4671875 -0.359375 0
-0.467648237179 -0.321981570513 0
-0.43125 -0.3234375 0
-0.467648237179 0.321981570513 0
-0.43125 0.3234375 0
-0.43125 0.359375 0
-0.4671875 0.359375 0
-0.4671875 0.394598639456 0
-0.43125 0.3953125 0
-0.43125 0.43125 0
-0.44921875 0.4298125 0
-0.4671875 0.428375 0
-0.48515625 0.4298125 0
-0.48515625 0.6483125 0
-0.467657271242 0.684982843137 0
-0.4671875 0.64975 0
-0.44921875 0.6483125 0
-0.43125 0.646875 0
-0.43125 0.6828125 0
-0.394842728758 -0.684982843137 0
-0.359375 -0.6856875 0
-0.359375 -0.646875 0
-0.37734375 -0.6483125 0
-0.3953125 -0.64975 0
-0.41328125 -0.6483125 0
-0.43125 -0.503125 0
-0.41328125 -0.5016875 0
-0.394583767361 -0.466458767361 0
-0.4298125 -0.48515625 0
-0.3953125 -0.50025 0
-0.37734375 -0.5016875 0
-0.359375 -0.503125 0
-0.359375 -0.4671875 0
-0.359375 -0.43125 0
-0.3953125 -0.43125 0
-0.4298125 -0.44921875 0
-0.428375 -0.4671875 0
-0.3953125 -0.3953125 0
-0.359375 -0.3953125 0
-0.359375 -0.359375 0
-0.3953125 -0.359375 0
-0.394851762821 -0.321981570513 0
-0.359375 -0.3205625 0
-0.394851762821 0.321981570513 0
-0.359375 0.3205625 0
-0.359375 0.359375 0
-0.3953125 0.359375 0
-0.3953125 0.3953125 0
-0.359375 0.3953125 0
-0.359375 0.43125 0
-0.3953125 0.43125 0
-0.394583767361 0.466458767361 0
-0.4298125 0.44921875 0
-0.359375 0.4671875 0
-0.359375 0.503125 0
-0.37734375 0.5016875 0
-0.3953125 0.50025 0
-0.41328125 0.5016875 0
-0.43125 0.503125 0
-0.4298125 0.48515625 0
-0.428375 0.4671875 0
-0.41328125 0.6483125 0
-0.394842728758 0.684982843137 0
-0.3953125 0.64975 0
-0.37734375 0.6483125 0
-0.359375 0.646875 0
-0.359375 0.6856875 0
-0.323907271242 -0.684982843137 0
-0.2875 -0.6828125 0
-0.2875 -0.646875 0
-0.30546875 -0.6483125 0
-0.3234375 -0.64975 0
-0.34140625 -0.6483125 0
-0.34140625 -0.5016875 0
-0.3234375 -0.466473639456 0
-0.3234375 -0.50025 0
-0.30546875 -0.5016875 0
-0.2875 -0.503125 0
-0.2875 -0.4671875 0
-0.2875 -0.43125 0
-0.3234375 -0.43125 0
-0.3234375 -0.3953125 0
-0.2875 -0.3953125 0
-0.2875 -0.359375 0
-0.3234375 -0.359375 0
-0.323898237179 -0.321981570513 0
-0.2875 -0.3234375 0
-0.323898237179 0.321981570513 0
-0.2875 0.3234375 0
-0.2875 0.359375 0
-0.3234375 0.359375 0
-0.3234375 0.3953125 0
-0.2875 0.3953125 0
-0.2875 0.43125 0
-0.3234375 0.43125 0
-0.3234375 0.466473639456 0
-0.2875 0.4671875 0
-0.2875 0.503125 0
-0.30546875 0.5016875 0
-0.3234375 0.50025 0
-0.34140625 0.5016875 0
-0.34140625 0.6483125 0
-0.323907271242 0.684982843137 0
-0.3234375 0.64975 0
-0.30546875 0.6483125 0
-0.2875 0.646875 0
-0.2875 0.6828125 0
-0.251092728758 -0.684982843137 0
-0.215625 -0.6856875 0
-0.215625 -0.646875 0
-0.23359375 -0.6483125 0
-0.2515625 -0.64975 0
-0.26953125 -0.6483125 0
-0.26953125 -0.5016875 0
-0.252291232639 -0.466458767361 0
-0.2515625 -0.50025 0
-0.23359375 -0.5016875 0
-0.215625 -0.503125 0
-0.2170625 -0.48515625 0
-0.2185 -0.4671875 0
-0.2170625 -0.44921875 0
-0.215625 -0.43125 0
-0.2515625 -0.43125 0
-0.2515625 -0.3953125 0
-0.215625 -0.3953125 0
-0.215625 -0.359375 0
-0.2515625 -0.359375 0
-0.251101762821 -0.321981570513 0
-0.215625 -0.3205625 0
-0.251101762821 0.321981570513 0
-0.215625 0.3205625 0
-0.215625 0.359375 0
-0.2515625 0.359375 0
-0.2515625 0.3953125 0
-0.215625 0.3953125 0
-0.215625 0.43125 0
-0.2515625 0.43125 0
-0.252291232639 0.466458767361 0
-0.2170625 0.44921875 0
-0.2185 0.4671875 0
-0.2170625 0.48515625 0
-0.215625 0.503125 0
-0.23359375 0.5016875 0
-0.2515625 0.50025 0
-0.26953125 0.5016875 0
-0.26953125 0.6483125 0
-0.251092728758 0.684982843137 0
-0.2515625 0.64975 0
-0.23359375 0.6483125 0
-0.215625 0.646875 0
-0.215625 0.6856875 0
-0.180157271242 -0.684982843137 0
-0.14375 -0.6828125 0
-0.14375 -0.646875 0
-0.16171875 -0.6483125 0
-0.1796875 -0.64975 0
-0.19765625 -0.6483125 0
-0.19765625 -0.4298125 0
-0.1796875 -0.394598639456 0
-0.1796875 -0.428375 0
-0.16171875 -0.4298125 0
-0.14375 -0.43125 0
-0.14375 -0.3953125 0
-0.14375 -0.359375 0
-0.1796875 -0.359375 0
-0.180148237179 -0.321981570513 0
-0.14375 -0.3234375 0
-0.180148237179 0.321981570513 0
-0.14375 0.3234375 0
-0.14375 0.359375 0
-0.1796875 0.359375 0
-0.1796875 0.394598639456 0
-0.14375 0.3953125 0
-0.14375 0.43125 0
-0.16171875 0.4298125 0
-0.1796875 0.428375 0
-0.19765625 0.4298125 0
-0.19765625 0.6483125 0
-0.180157271242 0.684982843137 0
-0.1796875 0.64975 0
-0.16171875 0.6483125 0
-0.14375 0.646875 0
-0.14375 0.6828125 0
-0.107342728758 -0.684982843137 0
-0.071875 -0.6856875 0
-0.071875 -0.646875 0
-0.08984375 -0.6483125 0
-0.1078125 -0.64975 0
-0.12578125 -0.6483125 0
-0.12578125 -0.4298125 0
-0.108541232639 -0.394583767361 0
-0.1078125 -0.428375 0
-0.08984375 -0.4298125 0
-0.071875 -0.43125 0
-0.0733125 -0.41328125 0
-0.07475 -0.3953125 0
-0.0733125 -0.37734375 0
-0.071875 -0.359375 0
-0.1078125 -0.359375 0
-0.107351762821 -0.321981570513 0
-0.071875 -0.3205625 0
-0.107351762821 0.321981570513 0
-0.071875 0.3205625 0
-0.071875 0.359375 0
-0.1078125 0.359375 0
-0.108541232639 0.394583767361 0
-0.0733125 0.37734375 0
-0.07475 0.3953125 0
-0.0733125 0.41328125 0
-0.071875 0.43125 0
-0.08984375 0.4298125 0
-0.1078125 0.428375 0
-0.12578125 0.4298125 0
-0.12578125 0.6483125 0
-0.107342728758 0.684982843137 0
-0.1078125 0.64975 0
-0.08984375 0.6483125 0
-0.071875 0.646875 0
-0.071875 0.6856875 0
-0.0364072712418 -0.684982843137 0
0 -0.6828125 0
0 -0.646875 0
-0.01796875 -0.6483125 0
-0.0359375 -0.64975 0
-0.05390625 -0.6483125 0
-0.05390625 -0.3579375 0
-0.0364072712418 -0.321267156863 0
-0.0359375 -0.3565 0
-0.01796875 -0.3579375 0
0 -0.359375 0
0 -0.3234375 0
-0.0364072712418 0.321267156863 0
0 0.3234375 0
0 0.359375 0
-0.01796875 0.3579375 0
-0.0359375 0.3565 0
-0.05390625 0.3579375 0
-0.05390625 0.6483125 0
-0.0364072712418 0.684982843137 0
-0.0359375 0.64975 0
-0.01796875 0.6483125 0
0 0.646875 0
0 0.6828125 0
0.0364072712418 -0.684982843137 0
0.071875 -0.6856875 0
0.071875 -0.646875 0
0.05390625 -0.6483125 0
0.0359375 -0.64975 0
0.01796875 -0.6483125 0
0.01796875 -0.3579375 0
0.0364072712418 -0.321267156863 0
0.0359375 -0.3565 0
0.05390625 -0.3579375 0
0.071875 -0.359375 0
0.071875 -0.3205625 0
0.0364072712418 0.321267156863 0
0.071875 0.3205625 0
0.071875 0.359375 0
0.05390625 0.3579375 0
0.0359375 0.3565 0
0.01796875 0.3579375 0
0.01796875 0.6483125 0
0.0364072712418 0.684982843137 0
0.0359375 0.64975 0
0.05390625 0.6483125 0
0.071875 0.646875 0
0.071875 0.6856875 0
0.107342728758 -0.684982843137 0
0.14375 -0.6828125 0
0.14375 -0.646875 0
0.12578125 -0.6483125 0
0.1078125 -0.64975 0
0.08984375 -0.6483125 0
0.071875 -0.43125 0
0.08984375 -0.4298125 0
0.108541232639 -0.394583767361 0
0.0733125 -0.41328125 0
0.1078125 -0.428375 0
0.12578125 -0.4298125 0
0.14375 -0.43125 0
0.14375 -0.3953125 0
0.14375 -0.359375 0
0.1078125 -0.359375 0
0.0733125 -0.37734375 0
0.07475 -0.3953125 0
0.107351762821 -0.321981570513 0
0.14375 -0.3234375 0
0.107351762821 0.321981570513 0
0.14375 0.3234375 0
0.14375 0.359375 0
0.1078125 0.359375 0
0.108541232639 0.394583767361 0
0.0733125 0.37734375 0
0.14375 0.3953125 0
0.14375 0.43125 0
0.12578125 0.4298125 0
0.1078125 0.428375 0
0.08984375 0.4298125 0
0.071875 0.43125 0
0.0733125 0.41328125 0
0.07475 0.3953125 0
0.08984375 0.6483125 0
0.107342728758 0.684982843137 0
0.1078125 0.64975 0
0.12578125 0.6483125 0
0.14375 0.646875 0
0.14375 0.6828125 0
0.180157271242 -0.684982843137 0
0.215625 -0.6856875 0
0.215625 -0.646875 0
0.19765625 -0.6483125 0
0.1796875 -0.64975 0
0.16171875 -0.6483125 0
0.16171875 -0.4298125 0
0.1796875 -0.394598639456 0
0.1796875 -0.428375 0
0.19765625 -0.4298125 0
0.215625 -0.43125 0
0.215625 -0.3953125 0
0.215625 -0.359375 0
0.1796875 -0.359375 0
0.180148237179 -0.321981570513 0
0.215625 -0.3205625 0
0.180148237179 0.321981570513 0
0.215625 0.3205625 0
0.215625 0.359375 0
0.1796875 0.359375 0
0.1796875 0.394598639456 0
0.215625 0.3953125 0
0.215625 0.43125 0
0.19765625 0.4298125 0
0.1796875 0.428375 0
0.16171875 0.4298125 0
0.16171875 0.6483125 0
0.180157271242 0.684982843137 0
0.1796875 0.64975 0
0.19765625 0.6483125 0
0.215625 0.646875 0
0.215625 0.6856875 0
0.251092728758 -0.684982843137 0
0.2875 -0.6828125 0
0.2875 -0.646875 0
0.26953125 -0.6483125 0
0.2515625 -0.64975 0
0.23359375 -0.6483125 0
0.215625 -0.503125 0
0.23359375 -0.5016875 0
0.252291232639 -0.466458767361 0
0.2170625 -0.48515625 0
0.2515625 -0.50025 0
0.26953125 -0.5016875 0
0.2875 -0.503125 0
0.2875 -0.4671875 0
0.2875 -0.43125 0
0.2515625 -0.43125 0
0.2170625 -0.44921875 0
0.2185 -0.4671875 0
0.2515625 -0.3953125 0
0.2875 -0.3953125 0
0.2875 -0.359375 0
0.2515625 -0.359375 0
0.251101762821 -0.321981570513 0
0.2875 -0.3234375 0
0.251101762821 0.321981570513 0
0.2875 0.3234375 0
0.2875 0.359375 0
0.2515625 0.359375 0
0.2515625 0.3953125 0
0.2875 0.3953125 0
0.2875 0.43125 0
0.2515625 0.43125 0
0.252291232639 0.466458767361 0
0.2170625 0.44921875 0
0.2875 0.4671875 0
0.2875 0.503125 0
0.26953125 0.5016875 0
0.2515625 0.50025 0
0.23359375 0.5016875 0
0.215625 0.503125 0
0.2170625 0.48515625 0
0.2185 0.4671875 0
0.23359375 0.6483125 0
0.251092728758 0.684982843137 0
0.2515625 0.64975 0
0.26953125 0.6483125 0
0.2875 0.646875 0
0.2875 0.6828125 0
0.323907271242 -0.684982843137 0
0.359375 -0.6856875 0
0.359375 -0.646875 0
0.34140625 -0.6483125 0
0.3234375 -0.64975 0
0.30546875 -0.6483125 0
0.30546875 -0.5016875 0
0.3234375 -0.466473639456 0
0.3234375 -0.50025 0
0.34140625 -0.5016875 0
0.359375 -0.503125 0
0.359375 -0.4671875 0
0.359375 -0.43125 0
0.3234375 -0.43125 0
0.3234375 -0.3953125 0
0.359375 -0.3953125 0
0.359375 -0.359375 0
0.3234375 -0.359375 0
0.323898237179 -0.321981570513 0
0.359375 -0.3205625 0
0.323898237179 0.321981570513 0
0.359375 0.3205625 0
0.359375 0.359375 0
0.3234375 0.359375 0
0.3234375 0.3953125 0
0.359375 0.3953125 0
0.359375 0.43125 0
0.3234375 0.43125 0
0.3234375 0.466473639456 0
0.359375 0.4671875 0
0.359375 0.503125 0
0.34140625 0.5016875 0
0.3234375 0.50025 0
0.30546875 0.5016875 0
0.30546875 0.6483125 0
0.323907271242 0.684982843137 0
0.3234375 0.64975 0
0.34140625 0.6483125 0
0.359375 0.646875 0
0.359375 0.6856875 0
0.394842728758 -0.684982843137 0
0.43125 -0.6828125 0
0.43125 -0.646875 0
0.41328125 -0.6483125 0
0.3953125 -0.64975 0
0.37734375 -0.6483125 0
0.37734375 -0.5016875 0
0.394583767361 -0.466458767361 0
0.3953125 -0.50025 0
0.41328125 -0.5016875 0
0.43125 -0.503125 0
0.4298125 -0.48515625 0
0.428375 -0.4671875 0
0.4298125 -0.44921875 0
0.43125 -0.43125 0
0.3953125 -0.43125 0
0.3953125 -0.3953125 0
0.43125 -0.3953125 0
0.43125 -0.359375 0
0.3953125 -0.359375 0
0.394851762821 -0.321981570513 0
0.43125 -0.3234375 0
0.394851762821 0.321981570513 0
0.43125 0.3234375 0
0.43125 0.359375 0
0.3953125 0.359375 0
0.3953125 0.3953125 0
0.43125 0.3953125 0
0.43125 0.43125 0
0.3953125 0.43125 0
0.394583767361 0.466458767361 0
0.4298125 0.44921875 0
0.428375 0.4671875 0
0.4298125 0.48515625 0
0.43125 0.503125 0
0.41328125 0.5016875 0
0.3953125 0.50025 0
0.37734375 0.5016875 0
0.37734375 0.6483125 0
0.394842728758 0.684982843137 0
0.3953125 0.64975 0
0.41328125 0.6483125 0
0.43125 0.646875 0
0.43125 0.6828125 0
0.467657271242 -0.684982843137 0
0.503125 -0.6856875 0
0.503125 -0.646875 0
0.48515625 -0.6483125 0
0.4671875 -0.64975 0
0.44921875 -0.6483125 0
0.44921875 -0.4298125 0
0.4671875 -0.394598639456 0
0.4671875 -0.428375 0
0.48515625 -0.4298125 0
0.503125 -0.43125 0
0.503125 -0.3953125 0
0.503125 -0.359375 0
0.4671875 -0.359375 0
0.467648237179 -0.321981570513 0
0.503125 -0.3205625 0
0.467648237179 0.321981570513 0
0.503125 0.3205625 0
0.503125 0.359375 0
0.4671875 0.359375 0
0.4671875 0.394598639456 0
0.503125 0.3953125 0
0.503125 0.43125 0
0.48515625 0.4298125 0
0.4671875 0.428375 0
0.44921875 0.4298125 0
0.44921875 0.6483125 0
0.467657271242 0.684982843137 0
0.4671875 0.64975 0
0.48515625 0.6483125 0
0.503125 0.646875 0
0.503125 0.6856875 0
0.538592728758 -0.684982843137 0
0.575 -0.6828125 0
0.575 -0.646875 0
0.55703125 -0.6483125 0
0.5390625 -0.64975 0
0.52109375 -0.6483125 0
0.52109375 -0.4298125 0
0.538333767361 -0.394583767361 0
0.5390625 -0.428375 0
0.55703125 -0.4298125 0
0.575 -0.43125 0
0.5735625 -0.41328125 0
0.572125 -0.3953125 0
0.5735625 -0.37734375 0
0.575 -0.359375 0
0.5390625 -0.359375 0
0.538601762821 -0.321981570513 0
0.575 -0.3234375 0
0.538601762821 0.321981570513 0
0.575 0.3234375 0
0.575 0.359375 0
0.5390625 0.359375 0
0.538333767361 0.394583767361 0
0.5735625 0.37734375 0
0.572125 0.3953125 0
0.5735625 0.41328125 0
0.575 0.43125 0
0.55703125 0.4298125 0
0.5390625 0.428375 0
0.52109375 0.4298125 0
0.52109375 0.6483125 0
0.538592728758 0.684982843137 0
0.5390625 0.64975 0
0.55703125 0.6483125 0
0.575 0.646875 0
0.575 0.6828125 0
0.611407271242 -0.684982843137 0
0.646875 -0.6856875 0
0.646875 -0.646875 0
0.62890625 -0.6483125 0
0.6109375 -0.64975 0
0.59296875 -0.6483125 0
0.59296875 -0.3579375 0
0.610208767361 -0.322708767361 0
0.6109375 -0.3565 0
0.62890625 -0.3579375 0
0.646875 -0.359375 0
0.6454375 -0.34140625 0
0.644 -0.3234375 0
0.6454375 -0.30546875 0
0.646875 -0.2875 0
0.6109375 -0.2875 0
0.609481570513 -0.251101762821 0
0.646875 -0.2515625 0
0.646875 -0.215625 0
0.6080625 -0.215625 0
0.609979166667 -0.178729166667 0
0.646875 -0.1768125 0
0.609979166667 0.178729166667 0
0.646875 0.1768125 0
0.646875 0.215625 0
0.6080625 0.215625 0
0.609481570513 0.251101762821 0
0.646875 0.2515625 0
0.646875 0.2875 0
0.6109375 0.2875 0
0.610208767361 0.322708767361 0
0.6454375 0.30546875 0
0.644 0.3234375 0
0.6454375 0.34140625 0
0.646875 0.359375 0
0.62890625 0.3579375 0
0.6109375 0.3565 0
0.59296875 0.3579375 0
0.59296875 0.6483125 0
0.611407271242 0.684982843137 0
0.6109375 0.64975 0
0.62890625 0.6483125 0
0.646875 0.646875 0
0.646875 0.6856875 0
0.682351762821 -0.684268429487 0
0.71875 -0.6828125 0
0.71875 -0.646875 0
0.6828125 -0.646875 0
0.683541232639 -0.611666232639 0
0.6483125 -0.62890625 0
0.71875 -0.6109375 0
0.71875 -0.575 0
0.70078125 -0.5764375 0
0.6828125 -0.577875 0
0.66484375 -0.5764375 0
0.646875 -0.575 0
0.6483125 -0.59296875 0
0.64975 -0.6109375 0
0.66484375 -0.2860625 0
0.682083767361 -0.250833767361 0
0.6828125 -0.284625 0
0.70078125 -0.2860625 0
0.71875 -0.2875 0
0.7173125 -0.26953125 0
0.715875 -0.2515625 0
0.7173125 -0.23359375 0
0.71875 -0.215625 0
0.6828125 -0.215625 0
0.682351762821 -0.178231570513 0
0.71875 -0.1796875 0
0.682351762821 0.178231570513 0
0.71875 0.1796875 0
0.71875 0.215625 0
0.6828125 0.215625 0
0.682083767361 0.250833767361 0
0.7173125 0.23359375 0
0.715875 0.2515625 0
0.7173125 0.26953125 0
0.71875 0.2875 0
0.70078125 0.2860625 0
0.6828125 0.284625 0
0.66484375 0.2860625 0
0.646875 0.575 0
0.66484375 0.5764375 0
0.683541232639 0.611666232639 0
0.6483125 0.59296875 0
0.6828125 0.577875 0
0.70078125 0.5764375 0
0.71875 0.575 0
0.71875 0.6109375 0
0.71875 0.646875 0
0.6828125 0.646875 0
0.6483125 0.62890625 0
0.64975 0.6109375 0
0.682351762821 0.684268429487 0
0.71875 0.6828125 0
0.755148237179 -0.684268429487 0
0.790625 -0.6856875 0
0.790625 -0.646875 0
0.7546875 -0.646875 0
0.7546875 -0.611651360544 0
0.790625 -0.6109375 0
0.790625 -0.575 0
0.77265625 -0.5764375 0
0.7546875 -0.577875 0
0.73671875 -0.5764375 0
0.73671875 -0.2141875 0
0.753958767361 -0.178958767361 0
0.7546875 -0.21275 0
0.77265625 -0.2141875 0
0.790625 -0.215625 0
0.7891875 -0.19765625 0
0.78775 -0.1796875 0
0.7891875 -0.16171875 0
0.790625 -0.14375 0
0.7546875 -0.14375 0
0.752517156863 -0.107342728758 0
0.7891875 -0.12578125 0
0.78775 -0.1078125 0
0.7891875 -0.08984375 0
0.790625 -0.071875 0
0.7518125 -0.071875 0
0.752517156863 -0.0364072712418 0
0.7891875 -0.05390625 0
0.78775 -0.0359375 0
0.7891875 -0.01796875 0
0.790625 0 0
0.7546875 0 0
0.752517156863 0.0364072712418 0
0.7891875 0.01796875 0
0.78775 0.0359375 0
0.7891875 0.05390625 0
0.790625 0.071875 0
0.7518125 0.071875 0
0.752517156863 0.107342728758 0
0.7891875 0.08984375 0
0.78775 0.1078125 0
0.7891875 0.12578125 0
0.790625 0.14375 0
0.7546875 0.14375 0
0.753958767361 0.178958767361 0
0.7891875 0.16171875 0
0.78775 0.1796875 0
0.7891875 0.19765625 0
0.790625 0.215625 0
0.77265625 0.2141875 0
0.7546875 0.21275 0
0.73671875 0.2141875 0
0.73671875 0.5764375 0
0.7546875 0.611651360544 0
0.7546875 0.577875 0
0.77265625 0.5764375 0
0.790625 0.575 0
0.790625 0.6109375 0
0.790625 0.646875 0
0.7546875 0.646875 0
0.755148237179 0.684268429487 0
0.790625 0.6856875 0
0.827520833333 -0.683770833333 0
0.8294375 -0.646875 0
0.828018429487 -0.611398237179 0
0.8265625 -0.575 0
0.827291232639 -0.539791232639 0
0.7920625 -0.55703125 0
0.8625 -0.5390625 0
0.8625 -0.503125 0
0.84453125 -0.5045625 0
0.8265625 -0.506 0
0.80859375 -0.5045625 0
0.790625 -0.503125 0
0.7920625 -0.52109375 0
0.7935 -0.5390625 0
0.790625 0.503125 0
0.80859375 0.5045625 0
0.827291232639 0.539791232639 0
0.7920625 0.52109375 0
0.8265625 0.506 0
0.84453125 0.5045625 0
0.8625 0.503125 0
0.8625 0.5390625 0
0.8265625 0.575 0
0.7920625 0.55703125 0
0.7935 0.5390625 0
0.828018429487 0.611398237179 0
0.8294375 0.646875 0
0.827520833333 0.683770833333 0
0.898898237179 -0.540518429487 0
0.934375 -0.5419375 0
0.934375 -0.503125 0
0.8984375 -0.503125 0
0.899166232639 -0.467916232639 0
0.8639375 -0.48515625 0
0.934375 -0.4671875 0
0.934375 -0.43125 0
0.91640625 -0.4326875 0
0.8984375 -0.434125 0
0.88046875 -0.4326875 0
0.8625 -0.43125 0
0.8639375 -0.44921875 0
0.865375 -0.4671875 0
0.8625 0.43125 0
0.88046875 0.4326875 0
0.899166232639 0.467916232639 0
0.8639375 0.44921875 0
0.8984375 0.434125 0
0.91640625 0.4326875 0
0.934375 0.43125 0
0.934375 0.4671875 0
0.934375 0.503125 0
0.8984375 0.503125 0
0.8639375 0.48515625 0
0.865375 0.4671875 0
0.898898237179 0.540518429487 0
0.934375 0.5419375 0
0.971270833333 -0.540020833333 0
0.9731875 -0.503125 0
0.971768429487 -0.467648237179 0
0.9703125 -0.43125 0
0.971026360544 -0.3953125 0
0.9358125 -0.41328125 0
1.00625 -0.3953125 0
1.00625 -0.359375 0
0.9703125 -0.359375 0
0.934375 -0.359375 0
0.9358125 -0.37734375 0
0.93725 -0.3953125 0
0.971041232639 -0.324166232639 0
0.9358125 -0.34140625 0
1.00625 -0.3234375 0
1.00625 -0.2875 0
0.98828125 -0.2889375 0
0.9703125 -0.290375 0
0.95234375 -0.2889375 0
0.934375 -0.2875 0
0.9358125 -0.30546875 0
0.93725 -0.3234375 0
0.934375 0.2875 0
0.95234375 0.2889375 0
0.971041232639 0.324166232639 0
0.9358125 0.30546875 0
0.9703125 0.290375 0
0.98828125 0.2889375 0
1.00625 0.2875 0
1.00625 0.3234375 0
1.00625 0.359375 0
0.9703125 0.359375 0
0.934375 0.359375 0
0.9358125 0.34140625 0
0.93725 0.3234375 0
0.971026360544 0.3953125 0
0.9358125 0.37734375 0
1.00625 0.3953125 0
0.9703125 0.43125 0
0.9358125 0.41328125 0
0.93725 0.3953125 0
0.971768429487 0.467648237179 0
0.9731875 0.503125 0
0.971270833333 0.540020833333 0
1.04264823718 -0.396768429487 0
1.078125 -0.3981875 0
1.078125 -0.359375 0
1.0421875 -0.359375 0
1.0421875 -0.3234375 0
1.078125 -0.3234375 0
1.078125 -0.2875 0
1.0421875 -0.2875 0
1.04290136054 -0.2515625 0
1.0076875 -0.26953125 0
1.078125 -0.2515625 0
1.078125 -0.215625 0
1.0421875 -0.215625 0
1.00625 -0.215625 0
1.0076875 -0.23359375 0
1.009125 -0.2515625 0
1.04290136054 -0.1796875 0
1.0076875 -0.19765625 0
1.078125 -0.1796875 0
1.078125 -0.14375 0
1.0421875 -0.14375 0
1.00625 -0.14375 0
1.0076875 -0.16171875 0
1.009125 -0.1796875 0
1.04290136054 -0.1078125 0
1.0076875 -0.12578125 0
1.078125 -0.1078125 0
1.078125 -0.071875 0
1.0421875 -0.071875 0
1.00625 -0.071875 0
1.0076875 -0.08984375 0
1.009125 -0.1078125 0
1.04290136054 -0.0359375 0
1.0076875 -0.05390625 0
1.078125 -0.0359375 0
1.078125 0 0
1.0421875 0 0
1.00625 0 0
1.0076875 -0.01796875 0
1.009125 -0.0359375 0
1.04290136054 0.0359375 0
1.0076875 0.01796875 0
1.078125 0.0359375 0
1.078125 0.071875 0
1.0421875 0.071875 0
1.00625 0.071875 0
1.0076875 0.05390625 0
1.009125 0.0359375 0
1.04290136054 0.1078125 0
1.0076875 0.08984375 0
1.078125 0.1078125 0
1.078125 0.14375 0
1.0421875 0.14375 0
1.00625 0.14375 0
1.0076875 0.12578125 0
1.009125 0.1078125 0
1.04290136054 0.1796875 0
1.0076875 0.16171875 0
1.078125 0.1796875 0
1.078125 0.215625 0
1.0421875 0.215625 0
1.00625 0.215625 0
1.0076875 0.19765625 0
1.009125 0.1796875 0
1.04290136054 0.2515625 0
1.0076875 0.23359375 0
1.078125 0.2515625 0
1.078125 0.2875 0
1.0421875 0.2875 0
1.0076875 0.26953125 0
1.009125 0.2515625 0
1.0421875 0.3234375 0
1.078125 0.3234375 0
1.078125 0.359375 0
1.0421875 0.359375 0
1.04264823718 0.396768429487 0
1.078125 0.3981875 0
1.11360176282 -0.396768429487 0
1.15 -0.3953125 0
1.15 -0.359375 0
1.1140625 -0.359375 0
1.1140625 -0.3234375 0
1.15 -0.3234375 0
1.15 -0.2875 0
1.1140625 -0.2875 0
1.1140625 -0.2515625 0
1.15 -0.2515625 0
1.15 -0.215625 0
1.1140625 -0.215625 0
1.1140625 -0.1796875 0
1.15 -0.1796875 0
1.15 -0.14375 0
1.1140625 -0.14375 0
1.1140625 -0.1078125 0
1.15 -0.1078125 0
1.15 -0.071875 0
1.1140625 -0.071875 0
1.1140625 -0.0359375 0
1.15 -0.0359375 0
1.15 0 0
1.1140625 0 0
1.1140625 0.0359375 0
1.15 0.0359375 0
1.15 0.071875 0
1.1140625 0.071875 0
1.1140625 0.1078125 0
1.15 0.1078125 0
1.15 0.14375 0
1.1140625 0.14375 0
1.1140625 0.1796875 0
1.15 0.1796875 0
1.15 0.215625 0
1.1140625 0.215625 0
1.1140625 0.2515625 0
1.15 0.2515625 0
1.15 0.2875 0
1.1140625 0.2875 0
1.1140625 0.3234375 0
1.15 0.3234375 0
1.15 0.359375 0
1.1140625 0.359375 0
1.11360176282 0.396768429487 0
1.15 0.3953125 0
-0.988760416667 -0.270010416667 0
-0.9703125 -0.27096875 0
-0.9703125 -0.2515625 0
-0.98971875 -0.2515625 0
-0.989009214744 -0.23382411859 0
-0.9703125 -0.23359375 0
-0.9703125 -0.215625 0
-0.98828125 -0.215625 0
-0.989009214744 -0.19742588141 0
-0.9703125 -0.19765625 0
-0.9703125 -0.1796875 0
-0.98971875 -0.1796875 0
-0.989009214744 -0.16194911859 0
-0.9703125 -0.16171875 0
-0.9703125 -0.14375 0
-0.98828125 -0.14375 0
-0.989009214744 -0.12555088141 0
-0.9703125 -0.12578125 0
-0.9703125 -0.1078125 0
-0.98971875 -0.1078125 0
-0.989009214744 -0.0900741185897 0
-0.9703125 -0.08984375 0
-0.9703125 -0.071875 0
-0.98828125 -0.071875 0
-0.989009214744 -0.0536758814103 0
-0.9703125 -0.05390625 0
-0.9703125 -0.0359375 0
-0.98971875 -0.0359375 0
-0.989009214744 -0.0181991185897 0
-0.9703125 -0.01796875 0
-0.9703125 0 0
-0.98828125 0 0
-0.989009214744 0.0181991185897 0
-0.9703125 0.01796875 0
-0.9703125 0.0359375 0
-0.98971875 0.0359375 0
-0.989009214744 0.0536758814103 0
-0.9703125 0.05390625 0
-0.9703125 0.071875 0
-0.98828125 0.071875 0
-0.989009214744 0.0900741185897 0
-0.9703125 0.08984375 0
-0.9703125 0.1078125 0
-0.98971875 0.1078125 0
-0.989009214744 0.12555088141 0
-0.9703125 0.12578125 0
-0.9703125 0.14375 0
-0.98828125 0.14375 0
-0.989009214744 0.16194911859 0
-0.9703125 0.16171875 0
-0.9703125 0.1796875 0
-0.98971875 0.1796875 0
-0.989009214744 0.19742588141 0
-0.9703125 0.19765625 0
-0.9703125 0.215625 0
-0.98828125 0.215625 0
-0.989009214744 0.23382411859 0
-0.9703125 0.23359375 0
-0.9703125 0.2515625 0
-0.98971875 0.2515625 0
-0.988760416667 0.270010416667 0
-0.9703125 0.27096875 0
-0.95257411859 -0.270259214744 0
-0.934375 -0.26953125 0
-0.934375 -0.2515625 0
-0.95234375 -0.2515625 0
-0.95234375 -0.23359375 0
-0.934375 -0.23359375 0
-0.934375 -0.215625 0
-0.95234375 -0.215625 0
-0.952700680272 -0.19765625 0
-0.93509375 -0.206640625 0
-0.9358125 -0.19765625 0
-0.93509375 -0.188671875 0
-0.934375 -0.1796875 0
-0.95234375 -0.1796875 0
-0.952700680272 -0.16171875 0
-0.93509375 -0.170703125 0
-0.9358125 -0.16171875 0
-0.93509375 -0.152734375 0
-0.934375 -0.14375 0
-0.95234375 -0.14375 0
-0.952700680272 -0.12578125 0
-0.93509375 -0.134765625 0
-0.9358125 -0.12578125 0
-0.93509375 -0.116796875 0
-0.934375 -0.1078125 0
-0.95234375 -0.1078125 0
-0.952700680272 -0.08984375 0
-0.93509375 -0.098828125 0
-0.9358125 -0.08984375 0
-0.93509375 -0.080859375 0
-0.934375 -0.071875 0
-0.95234375 -0.071875 0
-0.952700680272 -0.05390625 0
-0.93509375 -0.062890625 0
-0.9358125 -0.05390625 0
-0.93509375 -0.044921875 0
-0.934375 -0.0359375 0
-0.95234375 -0.0359375 0
-0.952700680272 -0.01796875 0
-0.93509375 -0.026953125 0
-0.9358125 -0.01796875 0
-0.93509375 -0.008984375 0
-0.934375 0 0
-0.95234375 0 0
-0.952700680272 0.01796875 0
-0.93509375 0.008984375 0
-0.9358125 0.01796875 0
-0.93509375 0.026953125 0
-0.934375 0.0359375 0
-0.95234375 0.0359375 0
-0.952700680272 0.05390625 0
-0.93509375 0.044921875 0
-0.9358125 0.05390625 0
-0.93509375 0.062890625 0
-0.934375 0.071875 0
-0.95234375 0.071875 0
-0.952700680272 0.08984375 0
-0.93509375 0.080859375 0
-0.9358125 0.08984375 0
-0.93509375 0.098828125 0
-0.934375 0.1078125 0
-0.95234375 0.1078125 0
-0.952700680272 0.12578125 0
-0.93509375 0.116796875 0
-0.9358125 0.12578125 0
-0.93509375 0.134765625 0
-0.934375 0.14375 0
-0.95234375 0.14375 0
-0.952700680272 0.16171875 0
-0.93509375 0.152734375 0
-0.9358125 0.16171875 0
-0.93509375 0.170703125 0
-0.934375 0.1796875 0
-0.95234375 0.1796875 0
-0.952700680272 0.19765625 0
-0.93509375 0.188671875 0
-0.9358125 0.19765625 0
-0.93509375 0.206640625 0
-0.934375 0.215625 0
-0.95234375 0.215625 0
-0.95234375 0.23359375 0
-0.934375 0.23359375 0
-0.934375 0.2515625 0
-0.95234375 0.2515625 0
-0.95257411859 0.270259214744 0
-0.934375 0.26953125 0
-0.916885416667 -0.413760416667 0
-0.8984375 -0.41471875 0
-0.8984375 -0.3953125 0
-0.91784375 -0.3953125 0
-0.917134214744 -0.37757411859 0
-0.8984375 -0.37734375 0
-0.8984375 -0.359375 0
-0.91640625 -0.359375 0
-0.917134214744 -0.34117588141 0
-0.8984375 -0.34140625 0
-0.8984375 -0.3234375 0
-0.91784375 -0.3234375 0
-0.917134214744 -0.30569911859 0
-0.8984375 -0.30546875 0
-0.8984375 -0.2875 0
-0.91640625 -0.2875 0
-0.916763180272 -0.26953125 0
-0.89915625 -0.278515625 0
-0.899875 -0.26953125 0
-0.89915625 -0.260546875 0
-0.8984375 -0.2515625 0
-0.91640625 -0.2515625 0
-0.916770616319 -0.233958116319 0
-0.89915625 -0.242578125 0
-0.899875 -0.23359375 0
-0.89915625 -0.224609375 0
-0.8984375 -0.215625 0
-0.907421875 -0.21634375 0
-0.91640625 -0.2170625 0
-0.925390625 -0.21634375 0
-0.925390625 0.21634375 0
-0.916770616319 0.233958116319 0
-0.91640625 0.2170625 0
-0.907421875 0.21634375 0
-0.8984375 0.215625 0
-0.89915625 0.224609375 0
-0.899875 0.23359375 0
-0.89915625 0.242578125 0
-0.8984375 0.2515625 0
-0.91640625 0.2515625 0
-0.916763180272 0.26953125 0
-0.89915625 0.260546875 0
-0.899875 0.26953125 0
-0.89915625 0.278515625 0
-0.8984375 0.2875 0
-0.91640625 0.2875 0
-0.917134214744 0.30569911859 0
-0.8984375 0.30546875 0
-0.8984375 0.3234375 0
-0.91784375 0.3234375 0
-0.917134214744 0.34117588141 0
-0.8984375 0.34140625 0
-0.8984375 0.359375 0
-0.91640625 0.359375 0
-0.917134214744 0.37757411859 0
-0.8984375 0.37734375 0
-0.8984375 0.3953125 0
-0.91784375 0.3953125 0
-0.916885416667 0.413760416667 0
-0.8984375 0.41471875 0
-0.88069911859 -0.414009214744 0
-0.8625 -0.41328125 0
-0.8625 -0.3953125 0
-0.88046875 -0.3953125 0
-0.88046875 -0.37734375 0
-0.8625 -0.37734375 0
-0.8625 -0.359375 0
-0.88046875 -0.359375 0
-0.880825680272 -0.34140625 0
-0.86321875 -0.350390625 0
-0.8639375 -0.34140625 0
-0.86321875 -0.332421875 0
-0.8625 -0.3234375 0
-0.88046875 -0.3234375 0
-0.880833116319 -0.305833116319 0
-0.86321875 -0.314453125 0
-0.8639375 -0.30546875 0
-0.86321875 -0.296484375 0
-0.8625 -0.2875 0
-0.871484375 -0.28821875 0
-0.88046875 -0.2889375 0
-0.889453125 -0.28821875 0
-0.889453125 0.28821875 0
-0.880833116319 0.305833116319 0
-0.88046875 0.2889375 0
-0.871484375 0.28821875 0
-0.8625 0.2875 0
-0.86321875 0.296484375 0
-0.8639375 0.30546875 0
-0.86321875 0.314453125 0
-0.8625 0.3234375 0
-0.88046875 0.3234375 0
-0.880825680272 0.34140625 0
-0.86321875 0.332421875 0
-0.8639375 0.34140625 0
-0.86321875 0.350390625 0
-0.8625 0.359375 0
-0.88046875 0.359375 0
-0.88046875 0.37734375 0
-0.8625 0.37734375 0
-0.8625 0.3953125 0
-0.88046875 0.3953125 0
-0.88069911859 0.414009214744 0
-0.8625 0.41328125 0
-0.845010416667 -0.485635416667 0
-0.8265625 -0.48659375 0
-0.8265625 -0.4671875 0
-0.84596875 -0.4671875 0
-0.845259214744 -0.44944911859 0
-0.8265625 -0.44921875 0
-0.8265625 -0.43125 0
-0.84453125 -0.43125 0
-0.84453125 -0.41328125 0
-0.8265625 -0.41328125 0
-0.8265625 -0.3953125 0
-0.84453125 -0.3953125 0
-0.844895616319 -0.377708116319 0
-0.82728125 -0.386328125 0
-0.828 -0.37734375 0
-0.82728125 -0.368359375 0
-0.8265625 -0.359375 0
-0.835546875 -0.36009375 0
-0.84453125 -0.3608125 0
-0.853515625 -0.36009375 0
-0.8625 -0.14375 0
-0.853515625 -0.14303125 0
-0.844166883681 -0.125416883681 0
-0.86178125 -0.134765625 0
-0.84453125 -0.1423125 0
-0.835546875 -0.14303125 0
-0.8265625 -0.14375 0
-0.8265625 -0.12578125 0
-0.8265625 -0.1078125 0
-0.84453125 -0.1078125 0
-0.8625 -0.1078125 0
-0.86178125 -0.116796875 0
-0.8610625 -0.12578125 0
-0.844174319728 -0.08984375 0
-0.86178125 -0.098828125 0
-0.8265625 -0.08984375 0
-0.8265625 -0.071875 0
-0.84453125 -0.071875 0
-0.8625 -0.071875 0
-0.86178125 -0.080859375 0
-0.8610625 -0.08984375 0
-0.844174319728 -0.05390625 0
-0.86178125 -0.062890625 0
-0.8265625 -0.05390625 0
-0.8265625 -0.0359375 0
-0.84453125 -0.0359375 0
-0.8625 -0.0359375 0
-0.86178125 -0.044921875 0
-0.8610625 -0.05390625 0
-0.844174319728 -0.01796875 0
-0.86178125 -0.026953125 0
-0.8265625 -0.01796875 0
-0.8265625 0 0
-0.84453125 0 0
-0.8625 0 0
-0.86178125 -0.008984375 0
-0.8610625 -0.01796875 0
-0.844174319728 0.01796875 0
-0.86178125 0.008984375 0
-0.8265625 0.01796875 0
-0.8265625 0.0359375 0
-0.84453125 0.0359375 0
-0.8625 0.0359375 0
-0.86178125 0.026953125 0
-0.8610625 0.01796875 0
-0.844174319728 0.05390625 0
-0.86178125 0.044921875 0
-0.8265625 0.05390625 0
-0.8265625 0.071875 0
-0.84453125 0.071875 0
-0.8625 0.071875 0
-0.86178125 0.062890625 0
-0.8610625 0.05390625 0
-0.844174319728 0.08984375 0
-0.86178125 0.080859375 0
-0.8265625 0.08984375 0
-0.8265625 0.1078125 0
-0.84453125 0.1078125 0
-0.8625 0.1078125 0
-0.86178125 0.098828125 0
-0.8610625 0.08984375 0
-0.844166883681 0.125416883681 0
-0.86178125 0.116796875 0
-0.8265625 0.12578125 0
-0.8265625 0.14375 0
-0.835546875 0.14303125 0
-0.84453125 0.1423125 0
-0.853515625 0.14303125 0
-0.8625 0.14375 0
-0.86178125 0.134765625 0
-0.8610625 0.12578125 0
-0.853515625 0.36009375 0
-0.844895616319 0.377708116319 0
-0.84453125 0.3608125 0
-0.835546875 0.36009375 0
-0.8265625 0.359375 0
-0.82728125 0.368359375 0
-0.828 0.37734375 0
-0.82728125 0.386328125 0
-0.8265625 0.3953125 0
-0.84453125 0.3953125 0
-0.84453125 0.41328125 0
-0.8265625 0.41328125 0
-0.8265625 0.43125 0
-0.84453125 0.43125 0
-0.845259214744 0.44944911859 0
-0.8265625 0.44921875 0
-0.8265625 0.4671875 0
-0.84596875 0.4671875 0
-0.845010416667 0.485635416667 0
-0.8265625 0.48659375 0
-0.80882411859 -0.485884214744 0
-0.790625 -0.48515625 0
-0.790625 -0.4671875 0
-0.80859375 -0.4671875 0
-0.80859375 -0.44921875 0
-0.790625 -0.44921875 0
-0.790625 -0.43125 0
-0.80859375 -0.43125 0
-0.808958116319 -0.413645616319 0
-0.79134375 -0.422265625 0
-0.7920625 -0.41328125 0
-0.79134375 -0.404296875 0
-0.790625 -0.3953125 0
-0.799609375 -0.39603125 0
-0.80859375 -0.39675 0
-0.817578125 -0.39603125 0
-0.8265625 -0.2515625 0
-0.817578125 -0.25084375 0
-0.808229383681 -0.233229383681 0
-0.82584375 -0.242578125 0
-0.80859375 -0.250125 0
-0.799609375 -0.25084375 0
-0.790625 -0.2515625 0
-0.790625 -0.23359375 0
-0.80859375 -0.215625 0
-0.8265625 -0.215625 0
-0.82584375 -0.224609375 0
-0.825125 -0.23359375 0
-0.807508578431 -0.197421364379 0
-0.82584375 -0.206640625 0
-0.80715625 -0.1796875 0
-0.8265625 -0.1796875 0
-0.82584375 -0.188671875 0
-0.825125 -0.19765625 0
-0.807508578431 -0.161953635621 0
-0.82584375 -0.170703125 0
-0.80859375 -0.14375 0
-0.82584375 -0.152734375 0
-0.825125 -0.16171875 0
-0.807865785256 -0.12555088141 0
-0.80715625 -0.1078125 0
-0.807865785256 -0.0900741185897 0
-0.80859375 -0.071875 0
-0.807865785256 -0.0536758814103 0
-0.80715625 -0.0359375 0
-0.807865785256 -0.0181991185897 0
-0.80859375 0 0
-0.807865785256 0.0181991185897 0
-0.80715625 0.0359375 0
-0.807865785256 0.0536758814103 0
-0.80859375 0.071875 0
-0.807865785256 0.0900741185897 0
-0.80715625 0.1078125 0
-0.807865785256 0.12555088141 0
-0.80859375 0.14375 0
-0.807508578431 0.161953635621 0
-0.82584375 0.152734375 0
-0.80715625 0.1796875 0
-0.8265625 0.1796875 0
-0.82584375 0.170703125 0
-0.825125 0.16171875 0
-0.807508578431 0.197421364379 0
-0.82584375 0.188671875 0
-0.80859375 0.215625 0
-0.8265625 0.215625 0
-0.82584375 0.206640625 0
-0.825125 0.19765625 0
-0.808229383681 0.233229383681 0
-0.82584375 0.224609375 0
-0.790625 0.23359375 0
-0.790625 0.2515625 0
-0.799609375 0.25084375 0
-0.80859375 0.250125 0
-0.817578125 0.25084375 0
-0.8265625 0.2515625 0
-0.82584375 0.242578125 0
-0.825125 0.23359375 0
-0.817578125 0.39603125 0
-0.808958116319 0.413645616319 0
-0.80859375 0.39675 0
-0.799609375 0.39603125 0
-0.790625 0.3953125 0
-0.79134375 0.404296875 0
-0.7920625 0.41328125 0
-0.79134375 0.422265625 0
-0.790625 0.43125 0
-0.80859375 0.43125 0
-0.80859375 0.44921875 0
-0.790625 0.44921875 0
-0.790625 0.4671875 0
-0.80859375 0.4671875 0
-0.80882411859 0.485884214744 0
-0.790625 0.48515625 0
-0.773135416667 -0.557510416667 0
-0.7546875 -0.55846875 0
-0.7546875 -0.5390625 0
-0.77409375 -0.5390625 0
-0.773384214744 -0.52132411859 0
-0.7546875 -0.52109375 0
-0.7546875 -0.503125 0
-0.77265625 -0.503125 0
-0.77265625 -0.48515625 0
-0.7546875 -0.48515625 0
-0.7546875 -0.4671875 0
-0.77265625 -0.4671875 0
-0.77302061632 -0.449583116319 0
-0.75540625 -0.458203125 0
-0.756125 -0.44921875 0
-0.75540625 -0.440234375 0
-0.7546875 -0.43125 0
-0.763671875 -0.43196875 0
-0.77265625 -0.4326875 0
-0.781640625 -0.43196875 0
-0.790625 -0.2875 0
-0.781640625 -0.28678125 0
-0.772291883681 -0.269166883681 0
-0.78990625 -0.278515625 0
-0.77265625 -0.2860625 0
-0.763671875 -0.28678125 0
-0.7546875 -0.2875 0
-0.7546875 -0.26953125 0
-0.7546875 -0.2515625 0
-0.77265625 -0.2515625 0
-0.78990625 -0.260546875 0
-0.7891875 -0.26953125 0
-0.77242588141 -0.232865785256 0
-0.7546875 -0.23215625 0
-0.77242588141 0.232865785256 0
-0.7546875 0.23215625 0
-0.7546875 0.2515625 0
-0.77265625 0.2515625 0
-0.772291883681 0.269166883681 0
-0.78990625 0.260546875 0
-0.7546875 0.26953125 0
-0.7546875 0.2875 0
-0.763671875 0.28678125 0
-0.77265625 0.2860625 0
-0.781640625 0.28678125 0
-0.790625 0.2875 0
-0.78990625 0.278515625 0
-0.7891875 0.26953125 0
-0.781640625 0.43196875 0
-0.773020616319 0.449583116319 0
-0.77265625 0.4326875 0
-0.763671875 0.43196875 0
-0.7546875 0.43125 0
-0.75540625 0.440234375 0
-0.756125 0.44921875 0
-0.75540625 0.458203125 0
-0.7546875 0.4671875 0
-0.77265625 0.4671875 0
-0.77265625 0.48515625 0
-0.7546875 0.48515625 0
-0.7546875 0.503125 0
-0.77265625 0.503125 0
-0.773384214744 0.52132411859 0
-0.7546875 0.52109375 0
-0.7546875 0.5390625 0
-0.77409375 0.5390625 0
-0.773135416667 0.557510416667 0
-0.7546875 0.55846875 0
-0.73694911859 -0.557759214744 0
-0.71875 -0.55703125 0
-0.71875 -0.5390625 0
-0.73671875 -0.5390625 0
-0.73671875 -0.52109375 0
-0.71875 -0.52109375 0
-0.71875 -0.503125 0
-0.73671875 -0.503125 0
-0.737083116319 -0.485520616319 0
-0.71946875 -0.494140625 0
-0.7201875 -0.48515625 0
-0.71946875 -0.476171875 0
-0.71875 -0.4671875 0
-0.727734375 -0.46790625 0
-0.73671875 -0.468625 0
-0.745703125 -0.46790625 0
-0.7546875 -0.359375 0
-0.745703125 -0.35865625 0
-0.736354383681 -0.341041883681 0
-0.75396875 -0.350390625 0
-0.73671875 -0.3579375 0
-0.727734375 -0.35865625 0
-0.71875 -0.359375 0
-0.71875 -0.34140625 0
-0.71875 -0.3234375 0
-0.73671875 -0.3234375 0
-0.7546875 -0.3234375 0
-0.75396875 -0.332421875 0
-0.75325 -0.34140625 0
-0.736361819728 -0.30546875 0
-0.75396875 -0.314453125 0
-0.71875 -0.30546875 0
-0.73671875 -0.2875 0
-0.75396875 -0.296484375 0
-0.75325 -0.30546875 0
-0.735990785256 -0.26930088141 0
-0.73528125 -0.2515625 0
-0.736239583333 -0.233114583333 0
-0.736239583333 0.233114583333 0
-0.73528125 0.2515625 0
-0.735990785256 0.26930088141 0
-0.73671875 0.2875 0
-0.736361819728 0.30546875 0
-0.75396875 0.296484375 0
-0.71875 0.30546875 0
-0.71875 0.3234375 0
-0.73671875 0.3234375 0
-0.7546875 0.3234375 0
-0.75396875 0.314453125 0
-0.75325 0.30546875 0
-0.736354383681 0.341041883681 0
-0.75396875 0.332421875 0
-0.71875 0.34140625 0
-0.71875 0.359375 0
-0.727734375 0.35865625 0
-0.73671875 0.3579375 0
-0.745703125 0.35865625 0
-0.7546875 0.359375 0
-0.75396875 0.350390625 0
-0.75325 0.34140625 0
-0.745703125 0.46790625 0
-0.737083116319 0.485520616319 0
-0.73671875 0.468625 0
-0.727734375 0.46790625 0
-0.71875 0.4671875 0
-0.71946875 0.476171875 0
-0.7201875 0.48515625 0
-0.71946875 0.494140625 0
-0.71875 0.503125 0
-0.73671875 0.503125 0
-0.73671875 0.52109375 0
-0.71875 0.52109375 0
-0.71875 0.5390625 0
-0.73671875 0.5390625 0
-0.73694911859 0.557759214744 0
-0.71875 0.55703125 0
-0.70055088141 -0.557759214744 0
-0.6828125 -0.55846875 0
-0.6828125 -0.5390625 0
-0.70078125 -0.5390625 0
-0.70114561632 -0.52145811632 0
-0.68353125 -0.530078125 0
-0.68425 -0.52109375 0
-0.68353125 -0.512109375 0
-0.6828125 -0.503125 0
-0.691796875 -0.50384375 0
-0.70078125 -0.5045625 0
-0.709765625 -0.50384375 0
-0.71875 -0.3953125 0
-0.709765625 -0.39459375 0
-0.700416883681 -0.376979383681 0
-0.71803125 -0.386328125 0
-0.70078125 -0.393875 0
-0.691796875 -0.39459375 0
-0.6828125 -0.3953125 0
-0.6828125 -0.37734375 0
-0.6828125 -0.359375 0
-0.70078125 -0.359375 0
-0.71803125 -0.368359375 0
-0.7173125 -0.37734375 0
-0.70078125 -0.34140625 0
-0.6828125 -0.34140625 0
-0.6828125 -0.3234375 0
-0.70078125 -0.3234375 0
-0.70055088141 -0.304740785256 0
-0.6828125 -0.30403125 0
-0.70055088141 0.304740785256 0
-0.6828125 0.30403125 0
-0.6828125 0.3234375 0
-0.70078125 0.3234375 0
-0.70078125 0.34140625 0
-0.6828125 0.34140625 0
-0.6828125 0.359375 0
-0.70078125 0.359375 0
-0.700416883681 0.376979383681 0
-0.71803125 0.368359375 0
-0.6828125 0.37734375 0
-0.6828125 0.3953125 0
-0.691796875 0.39459375 0
-0.70078125 0.393875 0
-0.709765625 0.39459375 0
-0.71875 0.3953125 0
-0.71803125 0.386328125 0
-0.7173125 0.37734375 0
-0.709765625 0.50384375 0
-0.70114561632 0.52145811632 0
-0.70078125 0.5045625 0
-0.691796875 0.50384375 0
-0.6828125 0.503125 0
-0.68353125 0.512109375 0
-0.68425 0.52109375 0
-0.68353125 0.530078125 0
-0.6828125 0.5390625 0
-0.70078125 0.5390625 0
-0.70055088141 0.557759214744 0
-0.6828125 0.55846875 0
-0.665078635621 -0.558116421569 0
-0.646875 -0.55703125 0
-0.646875 -0.5390625 0
-0.655859375 -0.53978125 0
-0.66484375 -0.5405 0
-0.673828125 -0.53978125 0
-0.6828125 -0.43125 0
-0.673828125 -0.43053125 0
-0.664479383681 -0.412916883681 0
-0.68209375 -0.422265625 0
-0.66484375 -0.4298125 0
-0.655859375 -0.43053125 0
-0.646875 -0.43125 0
-0.646875 -0.41328125 0
-0.646875 -0.3953125 0
-0.66484375 -0.3953125 0
-0.68209375 -0.404296875 0
-0.681375 -0.41328125 0
-0.66484375 -0.37734375 0
-0.646875 -0.37734375 0
-0.66484375 -0.359375 0
-0.664115785256 -0.34117588141 0
-0.66340625 -0.3234375 0
-0.664364583333 -0.304989583333 0
-0.664364583333 0.304989583333 0
-0.66340625 0.3234375 0
-0.664115785256 0.34117588141 0
-0.66484375 0.359375 0
-0.66484375 0.37734375 0
-0.646875 0.37734375 0
-0.646875 0.3953125 0
-0.66484375 0.3953125 0
-0.66447938368 0.41291688368 0
-0.68209375 0.404296875 0
-0.646875 0.41328125 0
-0.646875 0.43125 0
-0.655859375 0.43053125 0
-0.66484375 0.4298125 0
-0.673828125 0.43053125 0
-0.6828125 0.43125 0
-0.68209375 0.422265625 0
-0.681375 0.41328125 0
-0.673828125 0.53978125 0
-0.665078635621 0.558116421569 0
-0.66484375 0.5405 0
-0.655859375 0.53978125 0
-0.646875 0.5390625 0
-0.646875 0.55703125 0
-0.629385416667 -0.629385416667 0
-0.6109375 -0.63034375 0
-0.6109375 -0.6109375 0
-0.63034375 -0.6109375 0
-0.629634214744 -0.59319911859 0
-0.6109375 -0.59296875 0
-0.6109375 -0.575 0
-0.62890625 -0.575 0
-0.62927061632 -0.557395616319 0
-0.61165625 -0.566015625 0
-0.612375 -0.55703125 0
-0.61165625 -0.548046875 0
-0.6109375 -0.5390625 0
-0.619921875 -0.53978125 0
-0.62890625 -0.5405 0
-0.637890625 -0.53978125 0
-0.637890625 -0.43053125 0
-0.62890625 -0.412924319728 0
-0.62890625 -0.4298125 0
-0.619921875 -0.43053125 0
-0.6109375 -0.43125 0
-0.6109375 -0.41328125 0
-0.6109375 -0.3953125 0
-0.62890625 -0.3953125 0
-0.62867588141 -0.376615785256 0
-0.6109375 -0.37590625 0
-0.62867588141 0.376615785256 0
-0.6109375 0.37590625 0
-0.6109375 0.3953125 0
-0.62890625 0.3953125 0
-0.62890625 0.412924319728 0
-0.6109375 0.41328125 0
-0.6109375 0.43125 0
-0.619921875 0.43053125 0
-0.62890625 0.4298125 0
-0.637890625 0.43053125 0
-0.637890625 0.53978125 0
-0.62927061632 0.557395616319 0
-0.62890625 0.5405 0
-0.619921875 0.53978125 0
-0.6109375 0.5390625 0
-0.61165625 0.548046875 0
-0.612375 0.55703125 0
-0.61165625 0.566015625 0
-0.6109375 0.575 0
-0.62890625 0.575 0
-0.629634214744 0.59319911859 0
-0.6109375 0.59296875 0
-0.6109375 0.6109375 0
-0.63034375 0.6109375 0
-0.629385416667 0.629385416667 0
-0.6109375 0.63034375 0
-0.59319911859 -0.629634214744 0
-0.575 -0.62890625 0
-0.575 -0.6109375 0
-0.59296875 -0.6109375 0
-0.59296875 -0.593325680272 0
-0.575 -0.59296875 0
-0.575 -0.575 0
-0.583984375 -0.57571875 0
-0.59296875 -0.5764375 0
-0.601953125 -0.57571875 0
-0.6109375 -0.4671875 0
-0.601953125 -0.46646875 0
-0.592604383681 -0.448854383681 0
-0.61021875 -0.458203125 0
-0.59296875 -0.46575 0
-0.583984375 -0.46646875 0
-0.575 -0.4671875 0
-0.575 -0.44921875 0
-0.59296875 -0.43125 0
-0.61021875 -0.440234375 0
-0.6095 -0.44921875 0
-0.592240785256 -0.41305088141 0
-0.59153125 -0.3953125 0
-0.592489583333 -0.376864583333 0
-0.592489583333 0.376864583333 0
-0.59153125 0.3953125 0
-0.592240785256 0.41305088141 0
-0.59296875 0.43125 0
-0.592604383681 0.448854383681 0
-0.61021875 0.440234375 0
-0.575 0.44921875 0
-0.575 0.4671875 0
-0.583984375 0.46646875 0
-0.59296875 0.46575 0
-0.601953125 0.46646875 0
-0.6109375 0.4671875 0
-0.61021875 0.458203125 0
-0.6095 0.44921875 0
-0.601953125 0.57571875 0
-0.59296875 0.593325680272 0
-0.59296875 0.5764375 0
-0.583984375 0.57571875 0
-0.575 0.575 0
-0.575 0.59296875 0
-0.575 0.6109375 0
-0.59296875 0.6109375 0
-0.59319911859 0.629634214744 0
-0.575 0.62890625 0
-0.55680088141 -0.629634214744 0
-0.5390625 -0.63034375 0
-0.5390625 -0.6109375 0
-0.55703125 -0.6109375 0
-0.55703125 -0.593325680272 0
-0.5390625 -0.59296875 0
-0.5390625 -0.575 0
-0.548046875 -0.57571875 0
-0.55703125 -0.5764375 0
-0.566015625 -0.57571875 0
-0.575 -0.503125 0
-0.566015625 -0.50240625 0
-0.556666883681 -0.484791883681 0
-0.57428125 -0.494140625 0
-0.55703125 -0.5016875 0
-0.548046875 -0.50240625 0
-0.5390625 -0.503125 0
-0.5390625 -0.48515625 0
-0.5390625 -0.4671875 0
-0.55703125 -0.4671875 0
-0.57428125 -0.476171875 0
-0.5735625 -0.48515625 0
-0.55680088141 -0.448490785256 0
-0.5390625 -0.44778125 0
-0.55680088141 0.448490785256 0
-0.5390625 0.44778125 0
-0.5390625 0.4671875 0
-0.55703125 0.4671875 0
-0.556666883681 0.484791883681 0
-0.57428125 0.476171875 0
-0.5390625 0.48515625 0
-0.5390625 0.503125 0
-0.548046875 0.50240625 0
-0.55703125 0.5016875 0
-0.566015625 0.50240625 0
-0.575 0.503125 0
-0.57428125 0.494140625 0
-0.5735625 0.48515625 0
-0.566015625 0.57571875 0
-0.55703125 0.593325680272 0
-0.55703125 0.5764375 0
-0.548046875 0.57571875 0
-0.5390625 0.575 0
-0.5390625 0.59296875 0
-0.5390625 0.6109375 0
-0.55703125 0.6109375 0
-0.55680088141 0.629634214744 0
-0.5390625 0.63034375 0
-0.52132411859 -0.629634214744 0
-0.503125 -0.62890625 0
-0.503125 -0.6109375 0
-0.52109375 -0.6109375 0
-0.521458116319 -0.593333116319 0
-0.50384375 -0.601953125 0
-0.5045625 -0.59296875 0
-0.50384375 -0.583984375 0
-0.503125 -0.575 0
-0.512109375 -0.57571875 0
-0.52109375 -0.5764375 0
-0.530078125 -0.57571875 0
-0.530078125 -0.50240625 0
-0.52109375 -0.484799319728 0
-0.52109375 -0.5016875 0
-0.512109375 -0.50240625 0
-0.503125 -0.503125 0
-0.503125 -0.48515625 0
-0.503125 -0.4671875 0
-0.52109375 -0.4671875 0
-0.52132411859 -0.448490785256 0
-0.503125 -0.44921875 0
-0.52132411859 0.448490785256 0
-0.503125 0.44921875 0
-0.503125 0.4671875 0
-0.52109375 0.4671875 0
-0.52109375 0.484799319728 0
-0.503125 0.48515625 0
-0.503125 0.503125 0
-0.512109375 0.50240625 0
-0.52109375 0.5016875 0
-0.530078125 0.50240625 0
-0.530078125 0.57571875 0
-0.521458116319 0.593333116319 0
-0.52109375 0.5764375 0
-0.512109375 0.57571875 0
-0.503125 0.575 0
-0.50384375 0.583984375 0
-0.5045625 0.59296875 0
-0.50384375 0.601953125 0
-0.503125 0.6109375 0
-0.52109375 0.6109375 0
-0.52132411859 0.629634214744 0
-0.503125 0.62890625 0
-0.484921364379 -0.629991421569 0
-0.4671875 -0.63034375 0
-0.4671875 -0.6109375 0
-0.476171875 -0.61165625 0
-0.48515625 -0.612375 0
-0.494140625 -0.61165625 0
-0.494140625 -0.50240625 0
-0.48515625 -0.484799319728 0
-0.48515625 -0.5016875 0
-0.476171875 -0.50240625 0
-0.4671875 -0.503125 0
-0.4671875 -0.48515625 0
-0.4671875 -0.4671875 0
-0.48515625 -0.4671875 0
-0.48492588141 -0.448490785256 0
-0.4671875 -0.44778125 0
-0.48492588141 0.448490785256 0
-0.4671875 0.44778125 0
-0.4671875 0.4671875 0
-0.48515625 0.4671875 0
-0.48515625 0.484799319728 0
-0.4671875 0.48515625 0
-0.4671875 0.503125 0
-0.476171875 0.50240625 0
-0.48515625 0.5016875 0
-0.494140625 0.50240625 0
-0.494140625 0.61165625 0
-0.484921364379 0.629991421569 0
-0.48515625 0.612375 0
-0.476171875 0.61165625 0
-0.4671875 0.6109375 0
-0.4671875 0.63034375 0
-0.449453635621 -0.629991421569 0
-0.43125 -0.62890625 0
-0.43125 -0.6109375 0
-0.440234375 -0.61165625 0
-0.44921875 -0.612375 0
-0.458203125 -0.61165625 0
-0.4671875 -0.5390625 0
-0.458203125 -0.53834375 0
-0.448854383681 -0.520729383681 0
-0.46646875 -0.530078125 0
-0.44921875 -0.537625 0
-0.440234375 -0.53834375 0
-0.43125 -0.5390625 0
-0.43125 -0.52109375 0
-0.44921875 -0.503125 0
-0.46646875 -0.512109375 0
-0.46575 -0.52109375 0
-0.448490785256 -0.48492588141 0
-0.44778125 -0.4671875 0
-0.448739583333 -0.448739583333 0
-0.448739583333 0.448739583333 0
-0.44778125 0.4671875 0
-0.448490785256 0.48492588141 0
-0.44921875 0.503125 0
-0.448854383681 0.520729383681 0
-0.46646875 0.512109375 0
-0.43125 0.52109375 0
-0.43125 0.5390625 0
-0.440234375 0.53834375 0
-0.44921875 0.537625 0
-0.458203125 0.53834375 0
-0.4671875 0.5390625 0
-0.46646875 0.530078125 0
-0.46575 0.52109375 0
-0.458203125 0.61165625 0
-0.449453635621 0.629991421569 0
-0.44921875 0.612375 0
-0.440234375 0.61165625 0
-0.43125 0.6109375 0
-0.43125 0.62890625 0
-0.413046364379 -0.629991421569 0
-0.3953125 -0.63034375 0
-0.3953125 -0.6109375 0
-0.404296875 -0.61165625 0
-0.41328125 -0.612375 0
-0.422265625 -0.61165625 0
-0.422265625 -0.53834375 0
-0.413046364379 -0.520008578431 0
-0.41328125 -0.537625 0
-0.404296875 -0.53834375 0
-0.3953125 -0.5390625 0
-0.3953125 -0.51965625 0
-0.413046364379 0.520008578431 0
-0.3953125 0.51965625 0
-0.3953125 0.5390625 0
-0.404296875 0.53834375 0
-0.41328125 0.537625 0
-0.422265625 0.53834375 0
-0.422265625 0.61165625 0
-0.413046364379 0.629991421569 0
-0.41328125 0.612375 0
-0.404296875 0.61165625 0
-0.3953125 0.6109375 0
-0.3953125 0.63034375 0
-0.377578635621 -0.629991421569 0
-0.359375 -0.62890625 0
-0.359375 -0.6109375 0
-0.368359375 -0.61165625 0
-0.37734375 -0.612375 0
-0.386328125 -0.61165625 0
-0.386328125 -0.53834375 0
-0.377578635621 -0.520008578431 0
-0.37734375 -0.537625 0
-0.368359375 -0.53834375 0
-0.359375 -0.5390625 0
-0.359375 -0.52109375 0
-0.377578635621 0.520008578431 0
-0.359375 0.52109375 0
-0.359375 0.5390625 0
-0.368359375 0.53834375 0
-0.37734375 0.537625 0
-0.386328125 0.53834375 0
-0.386328125 0.61165625 0
-0.377578635621 0.629991421569 0
-0.37734375 0.612375 0
-0.368359375 0.61165625 0
-0.359375 0.6109375 0
-0.359375 0.62890625 0
-0.341171364379 -0.629991421569 0
-0.3234375 -0.63034375 0
-0.3234375 -0.6109375 0
-0.332421875 -0.61165625 0
-0.34140625 -0.612375 0
-0.350390625 -0.61165625 0
-0.350390625 -0.53834375 0
-0.341171364379 -0.520008578431 0
-0.34140625 -0.537625 0
-0.332421875 -0.53834375 0
-0.3234375 -0.5390625 0
-0.3234375 -0.51965625 0
-0.341171364379 0.520008578431 0
-0.3234375 0.51965625 0
-0.3234375 0.5390625 0
-0.332421875 0.53834375 0
-0.34140625 0.537625 0
-0.350390625 0.53834375 0
-0.350390625 0.61165625 0
-0.341171364379 0.629991421569 0
-0.34140625 0.612375 0
-0.332421875 0.61165625 0
-0.3234375 0.6109375 0
-0.3234375 0.63034375 0
-0.305703635621 -0.629991421569 0
-0.2875 -0.62890625 0
-0.2875 -0.6109375 0
-0.296484375 -0.61165625 0
-0.30546875 -0.612375 0
-0.314453125 -0.61165625 0
-0.314453125 -0.53834375 0
-0.305703635621 -0.520008578431 0
-0.30546875 -0.537625 0
-0.296484375 -0.53834375 0
-0.2875 -0.5390625 0
-0.2875 -0.52109375 0
-0.305703635621 0.520008578431 0
-0.2875 0.52109375 0
-0.2875 0.5390625 0
-0.296484375 0.53834375 0
-0.30546875 0.537625 0
-0.314453125 0.53834375 0
-0.314453125 0.61165625 0
-0.305703635621 0.629991421569 0
-0.30546875 0.612375 0
-0.296484375 0.61165625 0
-0.2875 0.6109375 0
-0.2875 0.62890625 0
-0.269296364379 -0.629991421569 0
-0.2515625 -0.63034375 0
-0.2515625 -0.6109375 0
-0.260546875 -0.61165625 0
-0.26953125 -0.612375 0
-0.278515625 -0.61165625 0
-0.278515625 -0.53834375 0
-0.269296364379 -0.520008578431 0
-0.26953125 -0.537625 0
-0.260546875 -0.53834375 0
-0.2515625 -0.5390625 0
-0.2515625 -0.51965625 0
-0.269296364379 0.520008578431 0
-0.2515625 0.51965625 0
-0.2515625 0.5390625 0
-0.260546875 0.53834375 0
-0.26953125 0.537625 0
-0.278515625 0.53834375 0
-0.278515625 0.61165625 0
-0.269296364379 0.629991421569 0
-0.26953125 0.612375 0
-0.260546875 0.61165625 0
-0.2515625 0.6109375 0
-0.2515625 0.63034375 0
-0.233828635621 -0.629991421569 0
-0.215625 -0.62890625 0
-0.215625 -0.6109375 0
-0.224609375 -0.61165625 0
-0.23359375 -0.612375 0
-0.242578125 -0.61165625 0
-0.242578125 -0.53834375 0
-0.233828635621 -0.520008578431 0
-0.23359375 -0.537625 0
-0.224609375 -0.53834375 0
-0.215625 -0.5390625 0
-0.215625 -0.52109375 0
-0.233828635621 0.520008578431 0
-0.215625 0.52109375 0
-0.215625 0.5390625 0
-0.224609375 0.53834375 0
-0.23359375 0.537625 0
-0.242578125 0.53834375 0
-0.242578125 0.61165625 0
-0.233828635621 0.629991421569 0
-0.23359375 0.612375 0
-0.224609375 0.61165625 0
-0.215625 0.6109375 0
-0.215625 0.62890625 0
-0.197421364379 -0.629991421569 0
-0.1796875 -0.63034375 0
-0.1796875 -0.6109375 0
-0.188671875 -0.61165625 0
-0.19765625 -0.612375 0
-0.206640625 -0.61165625 0
-0.206640625 -0.53834375 0
-0.198020616319 -0.520729383681 0
-0.19765625 -0.537625 0
-0.188671875 -0.53834375 0
-0.1796875 -0.5390625 0
-0.18040625 -0.530078125 0
-0.181125 -0.52109375 0
-0.18040625 -0.512109375 0
-0.1796875 -0.503125 0
-0.19765625 -0.503125 0
-0.198384214744 -0.48492588141 0
-0.1796875 -0.48515625 0
-0.1796875 -0.4671875 0
-0.19909375 -0.4671875 0
-0.198135416667 -0.448739583333 0
-0.1796875 -0.44778125 0
-0.198135416667 0.448739583333 0
-0.1796875 0.44778125 0
-0.1796875 0.4671875 0
-0.19909375 0.4671875 0
-0.198384214744 0.48492588141 0
-0.1796875 0.48515625 0
-0.1796875 0.503125 0
-0.19765625 0.503125 0
-0.198020616319 0.520729383681 0
-0.18040625 0.512109375 0
-0.181125 0.52109375 0
-0.18040625 0.530078125 0
-0.1796875 0.5390625 0
-0.188671875 0.53834375 0
-0.19765625 0.537625 0
-0.206640625 0.53834375 0
-0.206640625 0.61165625 0
-0.197421364379 0.629991421569 0
-0.19765625 0.612375 0
-0.188671875 0.61165625 0
-0.1796875 0.6109375 0
-0.1796875 0.63034375 0
-0.161953635621 -0.629991421569 0
-0.14375 -0.62890625 0
-0.14375 -0.6109375 0
-0.152734375 -0.61165625 0
-0.16171875 -0.612375 0
-0.170703125 -0.61165625 0
-0.170703125 -0.50240625 0
-0.16171875 -0.484799319728 0
-0.16171875 -0.5016875 0
-0.152734375 -0.50240625 0
-0.14375 -0.503125 0
-0.14375 -0.48515625 0
-0.14375 -0.4671875 0
-0.16171875 -0.4671875 0
-0.16194911859 -0.448490785256 0
-0.14375 -0.44921875 0
-0.16194911859 0.448490785256 0
-0.14375 0.44921875 0
-0.14375 0.4671875 0
-0.16171875 0.4671875 0
-0.16171875 0.484799319728 0
-0.14375 0.48515625 0
-0.14375 0.503125 0
-0.152734375 0.50240625 0
-0.16171875 0.5016875 0
-0.170703125 0.50240625 0
-0.170703125 0.61165625 0
-0.161953635621 0.629991421569 0
-0.16171875 0.612375 0
-0.152734375 0.61165625 0
-0.14375 0.6109375 0
-0.14375 0.62890625 0
-0.12555088141 -0.629634214744 0
-0.1078125 -0.63034375 0
-0.1078125 -0.6109375 0
-0.12578125 -0.6109375 0
-0.125416883681 -0.593333116319 0
-0.14303125 -0.601953125 0
-0.1078125 -0.59296875 0
-0.1078125 -0.575 0
-0.116796875 -0.57571875 0
-0.12578125 -0.5764375 0
-0.134765625 -0.57571875 0
-0.14375 -0.575 0
-0.14303125 -0.583984375 0
-0.1423125 -0.59296875 0
-0.134765625 -0.50240625 0
-0.126145616319 -0.484791883681 0
-0.12578125 -0.5016875 0
-0.116796875 -0.50240625 0
-0.1078125 -0.503125 0
-0.10853125 -0.494140625 0
-0.10925 -0.48515625 0
-0.10853125 -0.476171875 0
-0.1078125 -0.4671875 0
-0.12578125 -0.4671875 0
-0.12555088141 -0.448490785256 0
-0.1078125 -0.44778125 0
-0.12555088141 0.448490785256 0
-0.1078125 0.44778125 0
-0.1078125 0.4671875 0
-0.12578125 0.4671875 0
-0.126145616319 0.484791883681 0
-0.10853125 0.476171875 0
-0.10925 0.48515625 0
-0.10853125 0.494140625 0
-0.1078125 0.503125 0
-0.116796875 0.50240625 0
-0.12578125 0.5016875 0
-0.134765625 0.50240625 0
-0.14375 0.575 0
-0.134765625 0.57571875 0
-0.125416883681 0.593333116319 0
-0.14303125 0.583984375 0
-0.12578125 0.5764375 0
-0.116796875 0.57571875 0
-0.1078125 0.575 0
-0.1078125 0.59296875 0
-0.1078125 0.6109375 0
-0.12578125 0.6109375 0
-0.14303125 0.601953125 0
-0.1423125 0.59296875 0
-0.12555088141 0.629634214744 0
-0.1078125 0.63034375 0
-0.0900741185897 -0.629634214744 0
-0.071875 -0.62890625 0
-0.071875 -0.6109375 0
-0.08984375 -0.6109375 0
-0.08984375 -0.593325680272 0
-0.071875 -0.59296875 0
-0.071875 -0.575 0
-0.080859375 -0.57571875 0
-0.08984375 -0.5764375 0
-0.098828125 -0.57571875 0
-0.098828125 -0.46646875 0
-0.0900786356209 -0.448133578431 0
-0.08984375 -0.46575 0
-0.080859375 -0.46646875 0
-0.071875 -0.4671875 0
-0.071875 -0.44921875 0
-0.0900786356209 0.448133578431 0
-0.071875 0.44921875 0
-0.071875 0.4671875 0
-0.080859375 0.46646875 0
-0.08984375 0.46575 0
-0.098828125 0.46646875 0
-0.098828125 0.57571875 0
-0.08984375 0.593325680272 0
-0.08984375 0.5764375 0
-0.080859375 0.57571875 0
-0.071875 0.575 0
-0.071875 0.59296875 0
-0.071875 0.6109375 0
-0.08984375 0.6109375 0
-0.0900741185897 0.629634214744 0
-0.071875 0.62890625 0
-0.0536758814103 -0.629634214744 0
-0.0359375 -0.63034375 0
-0.0359375 -0.6109375 0
-0.05390625 -0.6109375 0
-0.05390625 -0.593325680272 0
-0.0359375 -0.59296875 0
-0.0359375 -0.575 0
-0.044921875 -0.57571875 0
-0.05390625 -0.5764375 0
-0.062890625 -0.57571875 0
-0.062890625 -0.46646875 0
-0.0542706163194 -0.448854383681 0
-0.05390625 -0.46575 0
-0.044921875 -0.46646875 0
-0.0359375 -0.4671875 0
-0.03665625 -0.458203125 0
-0.037375 -0.44921875 0
-0.03665625 -0.440234375 0
-0.0359375 -0.43125 0
-0.05390625 -0.43125 0
-0.0546342147436 -0.41305088141 0
-0.0359375 -0.41328125 0
-0.0359375 -0.3953125 0
-0.05534375 -0.3953125 0
-0.0543854166667 -0.376864583333 0
-0.0359375 -0.37590625 0
-0.0543854166667 0.376864583333 0
-0.0359375 0.37590625 0
-0.0359375 0.3953125 0
-0.05534375 0.3953125 0
-0.0546342147436 0.41305088141 0
-0.0359375 0.41328125 0
-0.0359375 0.43125 0
-0.05390625 0.43125 0
-0.0542706163194 0.448854383681 0
-0.03665625 0.440234375 0
-0.037375 0.44921875 0
-0.03665625 0.458203125 0
-0.0359375 0.4671875 0
-0.044921875 0.46646875 0
-0.05390625 0.46575 0
-0.062890625 0.46646875 0
-0.062890625 0.57571875 0
-0.05390625 0.593325680272 0
-0.05390625 0.5764375 0
-0.044921875 0.57571875 0
-0.0359375 0.575 0
-0.0359375 0.59296875 0
-0.0359375 0.6109375 0
-0.05390625 0.6109375 0
-0.0536758814103 0.629634214744 0
-0.0359375 0.63034375 0
-0.0181991185897 -0.629634214744 0
0 -0.62890625 0
0 -0.6109375 0
-0.01796875 -0.6109375 0
-0.01796875 -0.59296875 0
0 -0.59296875 0
0 -0.575 0
-0.01796875 -0.575 0
-0.0176043836806 -0.557395616319 0
-0.03521875 -0.566015625 0
0 -0.55703125 0
-0 -0.5390625 0
-0.008984375 -0.53978125 0
-0.01796875 -0.5405 0
-0.026953125 -0.53978125 0
-0.0359375 -0.5390625 0
-0.03521875 -0.548046875 0
-0.0345 -0.55703125 0
-0.026953125 -0.43053125 0
-0.01796875 -0.412924319728 0
-0.01796875 -0.4298125 0
-0.008984375 -0.43053125 0
0 -0.43125 0
0 -0.41328125 0
0 -0.3953125 0
-0.01796875 -0.3953125 0
-0.0181991185897 -0.376615785256 0
0 -0.37734375 0
-0.0181991185897 0.376615785256 0
0 0.37734375 0
0 0.3953125 0
-0.01796875 0.3953125 0
-0.01796875 0.412924319728 0
0 0.41328125 0
0 0.43125 0
-0.008984375 0.43053125 0
-0.01796875 0.4298125 0
-0.026953125 0.43053125 0
-0.0359375 0.5390625 0
-0.026953125 0.53978125 0
-0.0176043836806 0.557395616319 0
-0.03521875 0.548046875 0
-0.01796875 0.5405 0
-0.008984375 0.53978125 0
0 0.5390625 0
0 0.55703125 0
0 0.575 0
-0.01796875 0.575 0
-0.03521875 0.566015625 0
-0.0345 0.55703125 0
-0.01796875 0.59296875 0
0 0.59296875 0
0 0.6109375 0
-0.01796875 0.6109375 0
-0.0181991185897 0.629634214744 0
0 0.62890625 0
0.0181991185897 -0.629634214744 0
0.0359375 -0.63034375 0
0.0359375 -0.6109375 0
0.01796875 -0.6109375 0
0.01796875 -0.59296875 0
0.0359375 -0.59296875 0
0.0359375 -0.575 0
0.01796875 -0.575 0
0.0176043836806 -0.557395616319 0
0.03521875 -0.566015625 0
0.0345 -0.55703125 0
0.03521875 -0.548046875 0
0.0359375 -0.5390625 0
0.026953125 -0.53978125 0
0.01796875 -0.5405 0
0.008984375 -0.53978125 0
0.008984375 -0.43053125 0
0.01796875 -0.412924319728 0
0.01796875 -0.4298125 0
0.026953125 -0.43053125 0
0.0359375 -0.43125 0
0.0359375 -0.41328125 0
0.0359375 -0.3953125 0
0.01796875 -0.3953125 0
0.0181991185897 -0.376615785256 0
0.0359375 -0.37590625 0
0.0181991185897 0.376615785256 0
0.0359375 0.37590625 0
0.0359375 0.3953125 0
0.01796875 0.3953125 0
0.01796875 0.412924319728 0
0.0359375 0.41328125 0
0.0359375 0.43125 0
0.026953125 0.43053125 0
0.01796875 0.4298125 0
0.008984375 0.43053125 0
0.008984375 0.53978125 0
0.0176043836806 0.557395616319 0
0.01796875 0.5405 0
0.026953125 0.53978125 0
0.0359375 0.5390625 0
0.03521875 0.548046875 0
0.0345 0.55703125 0
0.03521875 0.566015625 0
0.0359375 0.575 0
0.01796875 0.575 0
0.01796875 0.59296875 0
0.0359375 0.59296875 0
0.0359375 0.6109375 0
0.01796875 0.6109375 0
0.0181991185897 0.629634214744 0
0.0359375 0.63034375 0
0.0536758814103 -0.629634214744 0
0.071875 -0.62890625 0
0.071875 -0.6109375 0
0.05390625 -0.6109375 0
0.05390625 -0.593325680272 0
0.071875 -0.59296875 0
0.071875 -0.575 0
0.062890625 -0.57571875 0
0.05390625 -0.5764375 0
0.044921875 -0.57571875 0
0.0359375 -0.4671875 0
0.044921875 -0.46646875 0
0.0542706163194 -0.448854383681 0
0.03665625 -0.458203125 0
0.05390625 -0.46575 0
0.062890625 -0.46646875 0
0.071875 -0.4671875 0
0.071875 -0.44921875 0
0.05390625 -0.43125 0
0.03665625 -0.440234375 0
0.037375 -0.44921875 0
0.0546342147436 -0.41305088141 0
0.05534375 -0.3953125 0
0.0543854166667 -0.376864583333 0
0.0543854166667 0.376864583333 0
0.05534375 0.3953125 0
0.0546342147436 0.41305088141 0
0.05390625 0.43125 0
0.0542706163194 0.448854383681 0
0.03665625 0.440234375 0
0.071875 0.44921875 0
0.071875 0.4671875 0
0.062890625 0.46646875 0
0.05390625 0.46575 0
0.044921875 0.46646875 0
0.0359375 0.4671875 0
0.03665625 0.458203125 0
0.037375 0.44921875 0
0.044921875 0.57571875 0
0.05390625 0.593325680272 0
0.05390625 0.5764375 0
0.062890625 0.57571875 0
0.071875 0.575 0
0.071875 0.59296875 0
0.071875 0.6109375 0
0.05390625 0.6109375 0
0.0536758814103 0.629634214744 0
0.071875 0.62890625 0
0.0900741185897 -0.629634214744 0
0.1078125 -0.63034375 0
0.1078125 -0.6109375 0
0.08984375 -0.6109375 0
0.08984375 -0.593325680272 0
0.1078125 -0.59296875 0
0.1078125 -0.575 0
0.098828125 -0.57571875 0
0.08984375 -0.5764375 0
0.080859375 -0.57571875 0
0.080859375 -0.46646875 0
0.0900786356209 -0.448133578431 0
0.08984375 -0.46575 0
0.098828125 -0.46646875 0
0.1078125 -0.4671875 0
0.1078125 -0.44778125 0
0.0900786356209 0.448133578431 0
0.1078125 0.44778125 0
0.1078125 0.4671875 0
0.098828125 0.46646875 0
0.08984375 0.46575 0
0.080859375 0.46646875 0
0.080859375 0.57571875 0
0.08984375 0.593325680272 0
0.08984375 0.5764375 0
0.098828125 0.57571875 0
0.1078125 0.575 0
0.1078125 0.59296875 0
0.1078125 0.6109375 0
0.08984375 0.6109375 0
0.0900741185897 0.629634214744 0
0.1078125 0.63034375 0
0.12555088141 -0.629634214744 0
0.14375 -0.62890625 0
0.14375 -0.6109375 0
0.12578125 -0.6109375 0
0.125416883681 -0.593333116319 0
0.14303125 -0.601953125 0
0.1423125 -0.59296875 0
0.14303125 -0.583984375 0
0.14375 -0.575 0
0.134765625 -0.57571875 0
0.12578125 -0.5764375 0
0.116796875 -0.57571875 0
0.1078125 -0.503125 0
0.116796875 -0.50240625 0
0.126145616319 -0.484791883681 0
0.10853125 -0.494140625 0
0.12578125 -0.5016875 0
0.134765625 -0.50240625 0
0.14375 -0.503125 0
0.14375 -0.48515625 0
0.14375 -0.4671875 0
0.12578125 -0.4671875 0
0.10853125 -0.476171875 0
0.10925 -0.48515625 0
0.12555088141 -0.448490785256 0
0.14375 -0.44921875 0
0.12555088141 0.448490785256 0
0.14375 0.44921875 0
0.14375 0.4671875 0
0.12578125 0.4671875 0
0.126145616319 0.484791883681 0
0.10853125 0.476171875 0
0.14375 0.48515625 0
0.14375 0.503125 0
0.134765625 0.50240625 0
0.12578125 0.5016875 0
0.116796875 0.50240625 0
0.1078125 0.503125 0
0.10853125 0.494140625 0
0.10925 0.48515625 0
0.116796875 0.57571875 0
0.125416883681 0.593333116319 0
0.12578125 0.5764375 0
0.134765625 0.57571875 0
0.14375 0.575 0
0.14303125 0.583984375 0
0.1423125 0.59296875 0
0.14303125 0.601953125 0
0.14375 0.6109375 0
0.12578125 0.6109375 0
0.12555088141 0.629634214744 0
0.14375 0.62890625 0
0.161953635621 -0.629991421569 0
0.1796875 -0.63034375 0
0.1796875 -0.6109375 0
0.170703125 -0.61165625 0
0.16171875 -0.612375 0
0.152734375 -0.61165625 0
0.152734375 -0.50240625 0
0.16171875 -0.484799319728 0
0.16171875 -0.5016875 0
0.170703125 -0.50240625 0
0.1796875 -0.503125 0
0.1796875 -0.48515625 0
0.1796875 -0.4671875 0
0.16171875 -0.4671875 0
0.16194911859 -0.448490785256 0
0.1796875 -0.44778125 0
0.16194911859 0.448490785256 0
0.1796875 0.44778125 0
0.1796875 0.4671875 0
0.16171875 0.4671875 0
0.16171875 0.484799319728 0
0.1796875 0.48515625 0
0.1796875 0.503125 0
0.170703125 0.50240625 0
0.16171875 0.5016875 0
0.152734375 0.50240625 0
0.152734375 0.61165625 0
0.161953635621 0.629991421569 0
0.16171875 0.612375 0
0.170703125 0.61165625 0
0.1796875 0.6109375 0
0.1796875 0.63034375 0
0.197421364379 -0.629991421569 0
0.215625 -0.62890625 0
0.215625 -0.6109375 0
0.206640625 -0.61165625 0
0.19765625 -0.612375 0
0.188671875 -0.61165625 0
0.1796875 -0.5390625 0
0.188671875 -0.53834375 0
0.198020616319 -0.520729383681 0
0.18040625 -0.530078125 0
0.19765625 -0.537625 0
0.206640625 -0.53834375 0
0.215625 -0.5390625 0
0.215625 -0.52109375 0
0.19765625 -0.503125 0
0.18040625 -0.512109375 0
0.181125 -0.52109375 0
0.198384214744 -0.48492588141 0
0.19909375 -0.4671875 0
0.198135416667 -0.448739583333 0
0.198135416667 0.448739583333 0
0.19909375 0.4671875 0
0.198384214744 0.48492588141 0
0.19765625 0.503125 0
0.198020616319 0.520729383681 0
0.18040625 0.512109375 0
0.215625 0.52109375 0
0.215625 0.5390625 0
0.206640625 0.53834375 0
0.19765625 0.537625 0
0.188671875 0.53834375 0
0.1796875 0.5390625 0
0.18040625 0.530078125 0
0.181125 0.52109375 0
0.188671875 0.61165625 0
0.197421364379 0.629991421569 0
0.19765625 0.612375 0
0.206640625 0.61165625 0
0.215625 0.6109375 0
0.215625 0.62890625 0
0.233828635621 -0.629991421569 0
0.2515625 -0.63034375 0
0.2515625 -0.6109375 0
0.242578125 -0.61165625 0
0.23359375 -0.612375 0
0.224609375 -0.61165625 0
0.224609375 -0.53834375 0
0.233828635621 -0.520008578431 0
0.23359375 -0.537625 0
0.242578125 -0.53834375 0
0.2515625 -0.5390625 0
0.2515625 -0.51965625 0
0.233828635621 0.520008578431 0
0.2515625 0.51965625 0
0.2515625 0.5390625 0
0.242578125 0.53834375 0
0.23359375 0.537625 0
0.224609375 0.53834375 0
0.224609375 0.61165625 0
0.233828635621 0.629991421569 0
0.23359375 0.612375 0
0.242578125 0.61165625 0
0.2515625 0.6109375 0
0.2515625 0.63034375 0
0.269296364379 -0.629991421569 0
0.2875 -0.62890625 0
0.2875 -0.6109375 0
0.278515625 -0.61165625 0
0.26953125 -0.612375 0
0.260546875 -0.61165625 0
0.260546875 -0.53834375 0
0.269296364379 -0.520008578431 0
0.26953125 -0.537625 0
0.278515625 -0.53834375 0
0.2875 -0.5390625 0
0.2875 -0.52109375 0
0.269296364379 0.520008578431 0
0.2875 0.52109375 0
0.2875 0.5390625 0
0.278515625 0.53834375 0
0.26953125 0.537625 0
0.260546875 0.53834375 0
0.260546875 0.61165625 0
0.269296364379 0.629991421569 0
0.26953125 0.612375 0
0.278515625 0.61165625 0
0.2875 0.6109375 0
0.2875 0.62890625 0
0.305703635621 -0.629991421569 0
0.3234375 -0.63034375 0
0.3234375 -0.6109375 0
0.314453125 -0.61165625 0
0.30546875 -0.612375 0
0.296484375 -0.61165625 0
0.296484375 -0.53834375 0
0.305703635621 -0.520008578431 0
0.30546875 -0.537625 0
0.314453125 -0.53834375 0
0.3234375 -0.5390625 0
0.3234375 -0.51965625 0
0.305703635621 0.520008578431 0
0.3234375 0.51965625 0
0.3234375 0.5390625 0
0.314453125 0.53834375 0
0.30546875 0.537625 0
0.296484375 0.53834375 0
0.296484375 0.61165625 0
0.305703635621 0.629991421569 0
0.30546875 0.612375 0
0.314453125 0.61165625 0
0.3234375 0.6109375 0
0.3234375 0.63034375 0
0.341171364379 -0.629991421569 0
0.359375 -0.62890625 0
0.359375 -0.6109375 0
0.350390625 -0.61165625 0
0.34140625 -0.612375 0
0.332421875 -0.61165625 0
0.332421875 -0.53834375 0
0.341171364379 -0.520008578431 0
0.34140625 -0.537625 0
0.350390625 -0.53834375 0
0.359375 -0.5390625 0
0.359375 -0.52109375 0
0.341171364379 0.520008578431 0
0.359375 0.52109375 0
0.359375 0.5390625 0
0.350390625 0.53834375 0
0.34140625 0.537625 0
0.332421875 0.53834375 0
0.332421875 0.61165625 0
0.341171364379 0.629991421569 0
0.34140625 0.612375 0
0.350390625 0.61165625 0
0.359375 0.6109375 0
0.359375 0.62890625 0
0.377578635621 -0.629991421569 0
0.3953125 -0.63034375 0
0.3953125 -0.6109375 0
0.386328125 -0.61165625 0
0.37734375 -0.612375 0
0.368359375 -0.61165625 0
0.368359375 -0.53834375 0
0.377578635621 -0.520008578431 0
0.37734375 -0.537625 0
0.386328125 -0.53834375 0
0.3953125 -0.5390625 0
0.3953125 -0.51965625 0
0.377578635621 0.520008578431 0
0.3953125 0.51965625 0
0.3953125 0.5390625 0
0.386328125 0.53834375 0
0.37734375 0.537625 0
0.368359375 0.53834375 0
0.368359375 0.61165625 0
0.377578635621 0.629991421569 0
0.37734375 0.612375 0
0.386328125 0.61165625 0
0.3953125 0.6109375 0
0.3953125 0.63034375 0
0.413046364379 -0.629991421569 0
0.43125 -0.62890625 0
0.43125 -0.6109375 0
0.422265625 -0.61165625 0
0.41328125 -0.612375 0
0.404296875 -0.61165625 0
0.404296875 -0.53834375 0
0.413046364379 -0.520008578431 0
0.41328125 -0.537625 0
0.422265625 -0.53834375 0
0.43125 -0.5390625 0
0.43125 -0.52109375 0
0.413046364379 0.520008578431 0
0.43125 0.52109375 0
0.43125 0.5390625 0
0.422265625 0.53834375 0
0.41328125 0.537625 0
0.404296875 0.53834375 0
0.404296875 0.61165625 0
0.413046364379 0.629991421569 0
0.41328125 0.612375 0
0.422265625 0.61165625 0
0.43125 0.6109375 0
0.43125 0.62890625 0
0.449453635621 -0.629991421569 0
0.4671875 -0.63034375 0
0.4671875 -0.6109375 0
0.458203125 -0.61165625 0
0.44921875 -0.612375 0
0.440234375 -0.61165625 0
0.440234375 -0.53834375 0
0.448854383681 -0.520729383681 0
0.44921875 -0.537625 0
0.458203125 -0.53834375 0
0.4671875 -0.5390625 0
0.46646875 -0.530078125 0
0.46575 -0.52109375 0
0.46646875 -0.512109375 0
0.4671875 -0.503125 0
0.44921875 -0.503125 0
0.448490785256 -0.48492588141 0
0.4671875 -0.48515625 0
0.4671875 -0.4671875 0
0.44778125 -0.4671875 0
0.448739583333 -0.448739583333 0
0.4671875 -0.44778125 0
0.448739583333 0.448739583333 0
0.4671875 0.44778125 0
0.4671875 0.4671875 0
0.44778125 0.4671875 0
0.448490785256 0.48492588141 0
0.4671875 0.48515625 0
0.4671875 0.503125 0
0.44921875 0.503125 0
0.448854383681 0.520729383681 0
0.46646875 0.512109375 0
0.46575 0.52109375 0
0.46646875 0.530078125 0
0.4671875 0.5390625 0
0.458203125 0.53834375 0
0.44921875 0.537625 0
0.440234375 0.53834375 0
0.440234375 0.61165625 0
0.449453635621 0.629991421569 0
0.44921875 0.612375 0
0.458203125 0.61165625 0
0.4671875 0.6109375 0
0.4671875 0.63034375 0
0.484921364379 -0.629991421569 0
0.503125 -0.62890625 0
0.503125 -0.6109375 0
0.494140625 -0.61165625 0
0.48515625 -0.612375 0
0.476171875 -0.61165625 0
0.476171875 -0.50240625 0
0.48515625 -0.484799319728 0
0.48515625 -0.5016875 0
0.494140625 -0.50240625 0
0.503125 -0.503125 0
0.503125 -0.48515625 0
0.503125 -0.4671875 0
0.48515625 -0.4671875 0
0.48492588141 -0.448490785256 0
0.503125 -0.44921875 0
0.48492588141 0.448490785256 0
0.503125 0.44921875 0
0.503125 0.4671875 0
0.48515625 0.4671875 0
0.48515625 0.484799319728 0
0.503125 0.48515625 0
0.503125 0.503125 0
0.494140625 0.50240625 0
0.48515625 0.5016875 0
0.476171875 0.50240625 0
0.476171875 0.61165625 0
0.484921364379 0.629991421569 0
0.48515625 0.612375 0
0.494140625 0.61165625 0
0.503125 0.6109375 0
0.503125 0.62890625 0
0.52132411859 -0.629634214744 0
0.5390625 -0.63034375 0
0.5390625 -0.6109375 0
0.52109375 -0.6109375 0
0.521458116319 -0.593333116319 0
0.50384375 -0.601953125 0
0.5390625 -0.59296875 0
0.5390625 -0.575 0
0.530078125 -0.57571875 0
0.52109375 -0.5764375 0
0.512109375 -0.57571875 0
0.503125 -0.575 0
0.50384375 -0.583984375 0
0.5045625 -0.59296875 0
0.512109375 -0.50240625 0
0.52109375 -0.484799319728 0
0.52109375 -0.5016875 0
0.530078125 -0.50240625 0
0.5390625 -0.503125 0
0.5390625 -0.48515625 0
0.5390625 -0.4671875 0
0.52109375 -0.4671875 0
0.52132411859 -0.448490785256 0
0.5390625 -0.44778125 0
0.52132411859 0.448490785256 0
0.5390625 0.44778125 0
0.5390625 0.4671875 0
0.52109375 0.4671875 0
0.52109375 0.484799319728 0
0.5390625 0.48515625 0
0.5390625 0.503125 0
0.530078125 0.50240625 0
0.52109375 0.5016875 0
0.512109375 0.50240625 0
0.503125 0.575 0
0.512109375 0.57571875 0
0.521458116319 0.593333116319 0
0.50384375 0.583984375 0
0.52109375 0.5764375 0
0.530078125 0.57571875 0
0.5390625 0.575 0
0.5390625 0.59296875 0
0.5390625 0.6109375 0
0.52109375 0.6109375 0
0.50384375 0.601953125 0
0.5045625 0.59296875 0
0.52132411859 0.629634214744 0
0.5390625 0.63034375 0
0.55680088141 -0.629634214744 0
0.575 -0.62890625 0
0.575 -0.6109375 0
0.55703125 -0.6109375 0
0.55703125 -0.593325680272 0
0.575 -0.59296875 0
0.575 -0.575 0
0.566015625 -0.57571875 0
0.55703125 -0.5764375 0
0.548046875 -0.57571875 0
0.548046875 -0.50240625 0
0.556666883681 -0.484791883681 0
0.55703125 -0.5016875 0
0.566015625 -0.50240625 0
0.575 -0.503125 0
0.57428125 -0.494140625 0
0.5735625 -0.48515625 0
0.57428125 -0.476171875 0
0.575 -0.4671875 0
0.55703125 -0.4671875 0
0.55680088141 -0.448490785256 0
0.575 -0.44921875 0
0.55680088141 0.448490785256 0
0.575 0.44921875 0
0.575 0.4671875 0
0.55703125 0.4671875 0
0.556666883681 0.484791883681 0
0.57428125 0.476171875 0
0.5735625 0.48515625 0
0.57428125 0.494140625 0
0.575 0.503125 0
0.566015625 0.50240625 0
0.55703125 0.5016875 0
0.548046875 0.50240625 0
0.548046875 0.57571875 0
0.55703125 0.593325680272 0
0.55703125 0.5764375 0
0.566015625 0.57571875 0
0.575 0.575 0
0.575 0.59296875 0
0.575 0.6109375 0
0.55703125 0.6109375 0
0.55680088141 0.629634214744 0
0.575 0.62890625 0
0.59319911859 -0.629634214744 0
0.6109375 -0.63034375 0
0.6109375 -0.6109375 0
0.59296875 -0.6109375 0
0.59296875 -0.593325680272 0
0.6109375 -0.59296875 0
0.6109375 -0.575 0
0.601953125 -0.57571875 0
0.59296875 -0.5764375 0
0.583984375 -0.57571875 0
0.583984375 -0.46646875 0
0.592604383681 -0.448854383681 0
0.59296875 -0.46575 0
0.601953125 -0.46646875 0
0.6109375 -0.4671875 0
0.61021875 -0.458203125 0
0.6095 -0.44921875 0
0.61021875 -0.440234375 0
0.6109375 -0.43125 0
0.59296875 -0.43125 0
0.592240785256 -0.41305088141 0
0.6109375 -0.41328125 0
0.6109375 -0.3953125 0
0.59153125 -0.3953125 0
0.592489583333 -0.376864583333 0
0.6109375 -0.37590625 0
0.592489583333 0.376864583333 0
0.6109375 0.37590625 0
0.6109375 0.3953125 0
0.59153125 0.3953125 0
0.592240785256 0.41305088141 0
0.6109375 0.41328125 0
0.6109375 0.43125 0
0.59296875 0.43125 0
0.592604383681 0.448854383681 0
0.61021875 0.440234375 0
0.6095 0.44921875 0
0.61021875 0.458203125 0
0.6109375 0.4671875 0
0.601953125 0.46646875 0
0.59296875 0.46575 0
0.583984375 0.46646875 0
0.583984375 0.57571875 0
0.59296875 0.593325680272 0
0.59296875 0.5764375 0
0.601953125 0.57571875 0
0.6109375 0.575 0
0.6109375 0.59296875 0
0.6109375 0.6109375 0
0.59296875 0.6109375 0
0.59319911859 0.629634214744 0
0.6109375 0.63034375 0
0.629385416667 -0.629385416667 0
0.63034375 -0.6109375 0
0.629634214744 -0.59319911859 0
0.62890625 -0.575 0
0.62927061632 -0.557395616319 0
0.61165625 -0.566015625 0
0.646875 -0.55703125 0
0.646875 -0.5390625 0
0.637890625 -0.53978125 0
0.62890625 -0.5405 0
0.619921875 -0.53978125 0
0.6109375 -0.5390625 0
0.61165625 -0.548046875 0
0.612375 -0.55703125 0
0.619921875 -0.43053125 0
0.62890625 -0.412924319728 0
0.62890625 -0.4298125 0
0.637890625 -0.43053125 0
0.646875 -0.43125 0
0.646875 -0.41328125 0
0.646875 -0.3953125 0
0.62890625 -0.3953125 0
0.62867588141 -0.376615785256 0
0.646875 -0.37734375 0
0.62867588141 0.376615785256 0
0.646875 0.37734375 0
0.646875 0.3953125 0
0.62890625 0.3953125 0
0.62890625 0.412924319728 0
0.646875 0.41328125 0
0.646875 0.43125 0
0.637890625 0.43053125 0
0.62890625 0.4298125 0
0.619921875 0.43053125 0
0.6109375 0.5390625 0
0.619921875 0.53978125 0
0.62927061632 0.557395616319 0
0.61165625 0.548046875 0
0.62890625 0.5405 0
0.637890625 0.53978125 0
0.646875 0.5390625 0
0.646875 0.55703125 0
0.62890625 0.575 0
0.61165625 0.566015625 0
0.612375 0.55703125 0
0.629634214744 0.59319911859 0
0.63034375 0.6109375 0
0.629385416667 0.629385416667 0
0.665078635621 -0.558116421569 0
0.6828125 -0.55846875 0
0.6828125 -0.5390625 0
0.673828125 -0.53978125 0
0.66484375 -0.5405 0
0.655859375 -0.53978125 0
0.655859375 -0.43053125 0
0.664479383681 -0.412916883681 0
0.66484375 -0.4298125 0
0.673828125 -0.43053125 0
0.6828125 -0.43125 0
0.68209375 -0.422265625 0
0.681375 -0.41328125 0
0.68209375 -0.404296875 0
0.6828125 -0.3953125 0
0.66484375 -0.3953125 0
0.66484375 -0.37734375 0
0.6828125 -0.37734375 0
0.6828125 -0.359375 0
0.66484375 -0.359375 0
0.664115785256 -0.34117588141 0
0.6828125 -0.34140625 0
0.6828125 -0.3234375 0
0.66340625 -0.3234375 0
0.664364583333 -0.304989583333 0
0.6828125 -0.30403125 0
0.664364583333 0.304989583333 0
0.6828125 0.30403125 0
0.6828125 0.3234375 0
0.66340625 0.3234375 0
0.664115785256 0.34117588141 0
0.6828125 0.34140625 0
0.6828125 0.359375 0
0.66484375 0.359375 0
0.66484375 0.37734375 0
0.6828125 0.37734375 0
0.6828125 0.3953125 0
0.66484375 0.3953125 0
0.664479383681 0.412916883681 0
0.68209375 0.404296875 0
0.681375 0.41328125 0
0.68209375 0.422265625 0
0.6828125 0.43125 0
0.673828125 0.43053125 0
0.66484375 0.4298125 0
0.655859375 0.43053125 0
0.655859375 0.53978125 0
0.665078635621 0.558116421569 0
0.66484375 0.5405 0
0.673828125 0.53978125 0
0.6828125 0.5390625 0
0.6828125 0.55846875 0
0.70055088141 -0.557759214744 0
0.71875 -0.55703125 0
0.71875 -0.5390625 0
0.70078125 -0.5390625 0
0.70114561632 -0.52145811632 0
0.68353125 -0.530078125 0
0.71875 -0.52109375 0
0.71875 -0.503125 0
0.709765625 -0.50384375 0
0.70078125 -0.5045625 0
0.691796875 -0.50384375 0
0.6828125 -0.503125 0
0.68353125 -0.512109375 0
0.68425 -0.52109375 0
0.691796875 -0.39459375 0
0.70041688368 -0.376979383681 0
0.70078125 -0.393875 0
0.709765625 -0.39459375 0
0.71875 -0.3953125 0
0.71803125 -0.386328125 0
0.7173125 -0.37734375 0
0.71803125 -0.368359375 0
0.71875 -0.359375 0
0.70078125 -0.359375 0
0.70078125 -0.34140625 0
0.71875 -0.34140625 0
0.71875 -0.3234375 0
0.70078125 -0.3234375 0
0.70055088141 -0.304740785256 0
0.71875 -0.30546875 0
0.70055088141 0.304740785256 0
0.71875 0.30546875 0
0.71875 0.3234375 0
0.70078125 0.3234375 0
0.70078125 0.34140625 0
0.71875 0.34140625 0
0.71875 0.359375 0
0.70078125 0.359375 0
0.70041688368 0.376979383681 0
0.71803125 0.368359375 0
0.7173125 0.37734375 0
0.71803125 0.386328125 0
0.71875 0.3953125 0
0.709765625 0.39459375 0
0.70078125 0.393875 0
0.691796875 0.39459375 0
0.6828125 0.503125 0
0.691796875 0.50384375 0
0.701145616319 0.521458116319 0
0.68353125 0.512109375 0
0.70078125 0.5045625 0
0.709765625 0.50384375 0
0.71875 0.503125 0
0.71875 0.52109375 0
0.71875 0.5390625 0
0.70078125 0.5390625 0
0.68353125 0.530078125 0
0.68425 0.52109375 0
0.70055088141 0.557759214744 0
0.71875 0.55703125 0
0.73694911859 -0.557759214744 0
0.7546875 -0.55846875 0
0.7546875 -0.5390625 0
0.73671875 -0.5390625 0
0.73671875 -0.52109375 0
0.7546875 -0.52109375 0
0.7546875 -0.503125 0
0.73671875 -0.503125 0
0.737083116319 -0.485520616319 0
0.71946875 -0.494140625 0
0.7546875 -0.48515625 0
0.7546875 -0.4671875 0
0.745703125 -0.46790625 0
0.73671875 -0.468625 0
0.727734375 -0.46790625 0
0.71875 -0.4671875 0
0.71946875 -0.476171875 0
0.7201875 -0.48515625 0
0.727734375 -0.35865625 0
0.736354383681 -0.341041883681 0
0.73671875 -0.3579375 0
0.745703125 -0.35865625 0
0.7546875 -0.359375 0
0.75396875 -0.350390625 0
0.75325 -0.34140625 0
0.75396875 -0.332421875 0
0.7546875 -0.3234375 0
0.73671875 -0.3234375 0
0.736361819728 -0.30546875 0
0.75396875 -0.314453125 0
0.75325 -0.30546875 0
0.75396875 -0.296484375 0
0.7546875 -0.2875 0
0.73671875 -0.2875 0
0.735990785256 -0.26930088141 0
0.7546875 -0.26953125 0
0.7546875 -0.2515625 0
0.73528125 -0.2515625 0
0.736239583333 -0.233114583333 0
0.7546875 -0.23215625 0
0.736239583333 0.233114583333 0
0.7546875 0.23215625 0
0.7546875 0.2515625 0
0.73528125 0.2515625 0
0.735990785256 0.26930088141 0
0.7546875 0.26953125 0
0.7546875 0.2875 0
0.73671875 0.2875 0
0.736361819728 0.30546875 0
0.75396875 0.296484375 0
0.75325 0.30546875 0
0.75396875 0.314453125 0
0.7546875 0.3234375 0
0.73671875 0.3234375 0
0.736354383681 0.341041883681 0
0.75396875 0.332421875 0
0.75325 0.34140625 0
0.75396875 0.350390625 0
0.7546875 0.359375 0
0.745703125 0.35865625 0
0.73671875 0.3579375 0
0.727734375 0.35865625 0
0.71875 0.4671875 0
0.727734375 0.46790625 0
0.737083116319 0.485520616319 0
0.71946875 0.476171875 0
0.73671875 0.468625 0
0.745703125 0.46790625 0
0.7546875 0.4671875 0
0.7546875 0.48515625 0
0.7546875 0.503125 0
0.73671875 0.503125 0
0.71946875 0.494140625 0
0.7201875 0.48515625 0
0.73671875 0.52109375 0
0.7546875 0.52109375 0
0.7546875 0.5390625 0
0.73671875 0.5390625 0
0.73694911859 0.557759214744 0
0.7546875 0.55846875 0
0.773135416667 -0.557510416667 0
0.77409375 -0.5390625 0
0.773384214744 -0.52132411859 0
0.77265625 -0.503125 0
0.77265625 -0.48515625 0
0.790625 -0.48515625 0
0.790625 -0.4671875 0
0.77265625 -0.4671875 0
0.773020616319 -0.449583116319 0
0.75540625 -0.458203125 0
0.790625 -0.44921875 0
0.790625 -0.43125 0
0.781640625 -0.43196875 0
0.77265625 -0.4326875 0
0.763671875 -0.43196875 0
0.7546875 -0.43125 0
0.75540625 -0.440234375 0
0.756125 -0.44921875 0
0.763671875 -0.28678125 0
0.772291883681 -0.269166883681 0
0.77265625 -0.2860625 0
0.781640625 -0.28678125 0
0.790625 -0.2875 0
0.78990625 -0.278515625 0
0.7891875 -0.26953125 0
0.78990625 -0.260546875 0
0.790625 -0.2515625 0
0.77265625 -0.2515625 0
0.77242588141 -0.232865785256 0
0.790625 -0.23359375 0
0.77242588141 0.232865785256 0
0.790625 0.23359375 0
0.790625 0.2515625 0
0.77265625 0.2515625 0
0.772291883681 0.269166883681 0
0.78990625 0.260546875 0
0.7891875 0.26953125 0
0.78990625 0.278515625 0
0.790625 0.2875 0
0.781640625 0.28678125 0
0.77265625 0.2860625 0
0.763671875 0.28678125 0
0.7546875 0.43125 0
0.763671875 0.43196875 0
0.773020616319 0.449583116319 0
0.75540625 0.440234375 0
0.77265625 0.4326875 0
0.781640625 0.43196875 0
0.790625 0.43125 0
0.790625 0.44921875 0
0.790625 0.4671875 0
0.77265625 0.4671875 0
0.75540625 0.458203125 0
0.756125 0.44921875 0
0.77265625 0.48515625 0
0.790625 0.48515625 0
0.77265625 0.503125 0
0.773384214744 0.52132411859 0
0.77409375 0.5390625 0
0.773135416667 0.557510416667 0
0.80882411859 -0.485884214744 0
0.8265625 -0.48659375 0
0.8265625 -0.4671875 0
0.80859375 -0.4671875 0
0.80859375 -0.44921875 0
0.8265625 -0.44921875 0
0.8265625 -0.43125 0
0.80859375 -0.43125 0
0.808958116319 -0.413645616319 0
0.79134375 -0.422265625 0
0.8265625 -0.41328125 0
0.8265625 -0.3953125 0
0.817578125 -0.39603125 0
0.80859375 -0.39675 0
0.799609375 -0.39603125 0
0.790625 -0.3953125 0
0.79134375 -0.404296875 0
0.7920625 -0.41328125 0
0.799609375 -0.25084375 0
0.808229383681 -0.233229383681 0
0.80859375 -0.250125 0
0.817578125 -0.25084375 0
0.8265625 -0.2515625 0
0.82584375 -0.242578125 0
0.825125 -0.23359375 0
0.82584375 -0.224609375 0
0.8265625 -0.215625 0
0.80859375 -0.215625 0
0.807508578431 -0.197421364379 0
0.82584375 -0.206640625 0
0.825125 -0.19765625 0
0.82584375 -0.188671875 0
0.8265625 -0.1796875 0
0.80715625 -0.1796875 0
0.807508578431 -0.161953635621 0
0.82584375 -0.170703125 0
0.825125 -0.16171875 0
0.82584375 -0.152734375 0
0.8265625 -0.14375 0
0.80859375 -0.14375 0
0.807865785256 -0.12555088141 0
0.8265625 -0.12578125 0
0.8265625 -0.1078125 0
0.80715625 -0.1078125 0
0.807865785256 -0.0900741185897 0
0.8265625 -0.08984375 0
0.8265625 -0.071875 0
0.80859375 -0.071875 0
0.807865785256 -0.0536758814103 0
0.8265625 -0.05390625 0
0.8265625 -0.0359375 0
0.80715625 -0.0359375 0
0.807865785256 -0.0181991185897 0
0.8265625 -0.01796875 0
0.8265625 0 0
0.80859375 0 0
0.807865785256 0.0181991185897 0
0.8265625 0.01796875 0
0.8265625 0.0359375 0
0.80715625 0.0359375 0
0.807865785256 0.0536758814103 0
0.8265625 0.05390625 0
0.8265625 0.071875 0
0.80859375 0.071875 0
0.807865785256 0.0900741185897 0
0.8265625 0.08984375 0
0.8265625 0.1078125 0
0.80715625 0.1078125 0
0.807865785256 0.12555088141 0
0.8265625 0.12578125 0
0.8265625 0.14375 0
0.80859375 0.14375 0
0.807508578431 0.161953635621 0
0.82584375 0.152734375 0
0.825125 0.16171875 0
0.82584375 0.170703125 0
0.8265625 0.1796875 0
0.80715625 0.1796875 0
0.807508578431 0.197421364379 0
0.82584375 0.188671875 0
0.825125 0.19765625 0
0.82584375 0.206640625 0
0.8265625 0.215625 0
0.80859375 0.215625 0
0.808229383681 0.233229383681 0
0.82584375 0.224609375 0
0.825125 0.23359375 0
0.82584375 0.242578125 0
0.8265625 0.2515625 0
0.817578125 0.25084375 0
0.80859375 0.250125 0
0.799609375 0.25084375 0
0.790625 0.3953125 0
0.799609375 0.39603125 0
0.808958116319 0.413645616319 0
0.79134375 0.404296875 0
0.80859375 0.39675 0
0.817578125 0.39603125 0
0.8265625 0.3953125 0
0.8265625 0.41328125 0
0.8265625 0.43125 0
0.80859375 0.43125 0
0.79134375 0.422265625 0
0.7920625 0.41328125 0
0.80859375 0.44921875 0
0.8265625 0.44921875 0
0.8265625 0.4671875 0
0.80859375 0.4671875 0
0.80882411859 0.485884214744 0
0.8265625 0.48659375 0
0.845010416667 -0.485635416667 0
0.84596875 -0.4671875 0
0.845259214744 -0.44944911859 0
0.84453125 -0.43125 0
0.84453125 -0.41328125 0
0.8625 -0.41328125 0
0.8625 -0.3953125 0
0.84453125 -0.3953125 0
0.844895616319 -0.377708116319 0
0.82728125 -0.386328125 0
0.8625 -0.37734375 0
0.8625 -0.359375 0
0.853515625 -0.36009375 0
0.84453125 -0.3608125 0
0.835546875 -0.36009375 0
0.8265625 -0.359375 0
0.82728125 -0.368359375 0
0.828 -0.37734375 0
0.835546875 -0.14303125 0
0.844166883681 -0.125416883681 0
0.84453125 -0.1423125 0
0.853515625 -0.14303125 0
0.8625 -0.14375 0
0.86178125 -0.134765625 0
0.8610625 -0.12578125 0
0.86178125 -0.116796875 0
0.8625 -0.1078125 0
0.84453125 -0.1078125 0
0.844174319728 -0.08984375 0
0.86178125 -0.098828125 0
0.8610625 -0.08984375 0
0.86178125 -0.080859375 0
0.8625 -0.071875 0
0.84453125 -0.071875 0
0.844174319728 -0.05390625 0
0.86178125 -0.062890625 0
0.8610625 -0.05390625 0
0.86178125 -0.044921875 0
0.8625 -0.0359375 0
0.84453125 -0.0359375 0
0.844174319728 -0.01796875 0
0.86178125 -0.026953125 0
0.8610625 -0.01796875 0
0.86178125 -0.008984375 0
0.8625 0 0
0.84453125 0 0
0.844174319728 0.01796875 0
0.86178125 0.008984375 0
0.8610625 0.01796875 0
0.86178125 0.026953125 0
0.8625 0.0359375 0
0.84453125 0.0359375 0
0.844174319728 0.05390625 0
0.86178125 0.044921875 0
0.8610625 0.05390625 0
0.86178125 0.062890625 0
0.8625 0.071875 0
0.84453125 0.071875 0
0.844174319728 0.08984375 0
0.86178125 0.080859375 0
0.8610625 0.08984375 0
0.86178125 0.098828125 0
0.8625 0.1078125 0
0.84453125 0.1078125 0
0.844166883681 0.125416883681 0
0.86178125 0.116796875 0
0.8610625 0.12578125 0
0.86178125 0.134765625 0
0.8625 0.14375 0
0.853515625 0.14303125 0
0.84453125 0.1423125 0
0.835546875 0.14303125 0
0.8265625 0.359375 0
0.835546875 0.36009375 0
0.844895616319 0.377708116319 0
0.82728125 0.368359375 0
0.84453125 0.3608125 0
0.853515625 0.36009375 0
0.8625 0.359375 0
0.8625 0.37734375 0
0.8625 0.3953125 0
0.84453125 0.3953125 0
0.82728125 0.386328125 0
0.828 0.37734375 0
0.84453125 0.41328125 0
0.8625 0.41328125 0
0.84453125 0.43125 0
0.845259214744 0.44944911859 0
0.84596875 0.4671875 0
0.845010416667 0.485635416667 0
0.88069911859 -0.414009214744 0
0.8984375 -0.41471875 0
0.8984375 -0.3953125 0
0.88046875 -0.3953125 0
0.88046875 -0.37734375 0
0.8984375 -0.37734375 0
0.8984375 -0.359375 0
0.88046875 -0.359375 0
0.880825680272 -0.34140625 0
0.86321875 -0.350390625 0
0.8984375 -0.34140625 0
0.8984375 -0.3234375 0
0.88046875 -0.3234375 0
0.8625 -0.3234375 0
0.86321875 -0.332421875 0
0.8639375 -0.34140625 0
0.880833116319 -0.305833116319 0
0.86321875 -0.314453125 0
0.8984375 -0.30546875 0
0.8984375 -0.2875 0
0.889453125 -0.28821875 0
0.88046875 -0.2889375 0
0.871484375 -0.28821875 0
0.8625 -0.2875 0
0.86321875 -0.296484375 0
0.8639375 -0.30546875 0
0.8625 0.2875 0
0.871484375 0.28821875 0
0.880833116319 0.305833116319 0
0.86321875 0.296484375 0
0.88046875 0.2889375 0
0.889453125 0.28821875 0
0.8984375 0.2875 0
0.8984375 0.30546875 0
0.8984375 0.3234375 0
0.88046875 0.3234375 0
0.8625 0.3234375 0
0.86321875 0.314453125 0
0.8639375 0.30546875 0
0.880825680272 0.34140625 0
0.86321875 0.332421875 0
0.8984375 0.34140625 0
0.8984375 0.359375 0
0.88046875 0.359375 0
0.86321875 0.350390625 0
0.8639375 0.34140625 0
0.88046875 0.37734375 0
0.8984375 0.37734375 0
0.8984375 0.3953125 0
0.88046875 0.3953125 0
0.88069911859 0.414009214744 0
0.8984375 0.41471875 0
0.916885416667 -0.413760416667 0
0.91784375 -0.3953125 0
0.917134214744 -0.37757411859 0
0.91640625 -0.359375 0
0.917134214744 -0.34117588141 0
0.91784375 -0.3234375 0
0.917134214744 -0.30569911859 0
0.91640625 -0.2875 0
0.916763180272 -0.26953125 0
0.89915625 -0.278515625 0
0.934375 -0.26953125 0
0.934375 -0.2515625 0
0.91640625 -0.2515625 0
0.8984375 -0.2515625 0
0.89915625 -0.260546875 0
0.899875 -0.26953125 0
0.916770616319 -0.233958116319 0
0.89915625 -0.242578125 0
0.934375 -0.23359375 0
0.934375 -0.215625 0
0.925390625 -0.21634375 0
0.91640625 -0.2170625 0
0.907421875 -0.21634375 0
0.8984375 -0.215625 0
0.89915625 -0.224609375 0
0.899875 -0.23359375 0
0.8984375 0.215625 0
0.907421875 0.21634375 0
0.916770616319 0.233958116319 0
0.89915625 0.224609375 0
0.91640625 0.2170625 0
0.925390625 0.21634375 0
0.934375 0.215625 0
0.934375 0.23359375 0
0.934375 0.2515625 0
0.91640625 0.2515625 0
0.8984375 0.2515625 0
0.89915625 0.242578125 0
0.899875 0.23359375 0
0.916763180272 0.26953125 0
0.89915625 0.260546875 0
0.934375 0.26953125 0
0.91640625 0.2875 0
0.89915625 0.278515625 0
0.899875 0.26953125 0
0.917134214744 0.30569911859 0
0.91784375 0.3234375 0
0.917134214744 0.34117588141 0
0.91640625 0.359375 0
0.917134214744 0.37757411859 0
0.91784375 0.3953125 0
0.916885416667 0.413760416667 0
0.95257411859 -0.270259214744 0
0.9703125 -0.27096875 0
0.9703125 -0.2515625 0
0.95234375 -0.2515625 0
0.95234375 -0.23359375 0
0.9703125 -0.23359375 0
0.9703125 -0.215625 0
0.95234375 -0.215625 0
0.952700680272 -0.19765625 0
0.93509375 -0.206640625 0
0.9703125 -0.19765625 0
0.9703125 -0.1796875 0
0.95234375 -0.1796875 0
0.934375 -0.1796875 0
0.93509375 -0.188671875 0
0.9358125 -0.19765625 0
0.952700680272 -0.16171875 0
0.93509375 -0.170703125 0
0.9703125 -0.16171875 0
0.9703125 -0.14375 0
0.95234375 -0.14375 0
0.934375 -0.14375 0
0.93509375 -0.152734375 0
0.9358125 -0.16171875 0
0.952700680272 -0.12578125 0
0.93509375 -0.134765625 0
0.9703125 -0.12578125 0
0.9703125 -0.1078125 0
0.95234375 -0.1078125 0
0.934375 -0.1078125 0
0.93509375 -0.116796875 0
0.9358125 -0.12578125 0
0.952700680272 -0.08984375 0
0.93509375 -0.098828125 0
0.9703125 -0.08984375 0
0.9703125 -0.071875 0
0.95234375 -0.071875 0
0.934375 -0.071875 0
0.93509375 -0.080859375 0
0.9358125 -0.08984375 0
0.952700680272 -0.05390625 0
0.93509375 -0.062890625 0
0.9703125 -0.05390625 0
0.9703125 -0.0359375 0
0.95234375 -0.0359375 0
0.934375 -0.0359375 0
0.93509375 -0.044921875 0
0.9358125 -0.05390625 0
0.952700680272 -0.01796875 0
0.93509375 -0.026953125 0
0.9703125 -0.01796875 0
0.9703125 0 0
0.95234375 0 0
0.934375 -0 0
0.93509375 -0.008984375 0
0.9358125 -0.01796875 0
0.952700680272 0.01796875 0
0.93509375 0.008984375 0
0.9703125 0.01796875 0
0.9703125 0.0359375 0
0.95234375 0.0359375 0
0.934375 0.0359375 0
0.93509375 0.026953125 0
0.9358125 0.01796875 0
0.952700680272 0.05390625 0
0.93509375 0.044921875 0
0.9703125 0.05390625 0
0.9703125 0.071875 0
0.95234375 0.071875 0
0.934375 0.071875 0
0.93509375 0.062890625 0
0.9358125 0.05390625 0
0.952700680272 0.08984375 0
0.93509375 0.080859375 0
0.9703125 0.08984375 0
0.9703125 0.1078125 0
0.95234375 0.1078125 0
0.934375 0.1078125 0
0.93509375 0.098828125 0
0.9358125 0.08984375 0
0.952700680272 0.12578125 0
0.93509375 0.116796875 0
0.9703125 0.12578125 0
0.9703125 0.14375 0
0.95234375 0.14375 0
0.934375 0.14375 0
0.93509375 0.134765625 0
0.9358125 0.12578125 0
0.952700680272 0.16171875 0
0.93509375 0.152734375 0
0.9703125 0.16171875 0
0.9703125 0.1796875 0
0.95234375 0.1796875 0
0.934375 0.1796875 0
0.93509375 0.170703125 0
0.9358125 0.16171875 0
0.952700680272 0.19765625 0
0.93509375 0.188671875 0
0.9703125 0.19765625 0
0.9703125 0.215625 0
0.95234375 0.215625 0
0.93509375 0.206640625 0
0.9358125 0.19765625 0
0.95234375 0.23359375 0
0.9703125 0.23359375 0
0.9703125 0.2515625 0
0.95234375 0.2515625 0
0.95257411859 0.270259214744 0
0.9703125 0.27096875 0
0.988760416667 -0.270010416667 0
0.98971875 -0.2515625 0
0.989009214744 -0.23382411859 0
0.98828125 -0.215625 0
0.989009214744 -0.19742588141 0
0.98971875 -0.1796875 0
0.989009214744 -0.16194911859 0
0.98828125 -0.14375 0
0.989009214744 -0.12555088141 0
0.98971875 -0.1078125 0
0.989009214744 -0.0900741185897 0
0.98828125 -0.071875 0
0.989009214744 -0.0536758814103 0
0.98971875 -0.0359375 0
0.989009214744 -0.0181991185897 0
0.98828125 0 0
0.989009214744 0.0181991185897 0
0.98971875 0.0359375 0
0.989009214744 0.0536758814103 0
0.98828125 0.071875 0
0.989009214744 0.0900741185897 0
0.98971875 0.1078125 0
0.989009214744 0.12555088141 0
0.98828125 0.14375 0
0.989009214744 0.16194911859 0
0.98971875 0.1796875 0
0.989009214744 0.19742588141 0
0.98828125 0.215625 0
0.989009214744 0.23382411859 0
0.98971875 0.2515625 0
0.988760416667 0.270010416667 0
-0.925630208333 -0.206880208333 0
-0.91640625 -0.207359375 0
-0.91640625 -0.19765625 0
-0.926109375 -0.19765625 0
-0.925754607372 -0.188787059295 0
-0.91640625 -0.188671875 0
-0.91640625 -0.1796875 0
-0.925390625 -0.1796875 0
-0.925754607372 -0.170587940705 0
-0.91640625 -0.170703125 0
-0.91640625 -0.16171875 0
-0.926109375 -0.16171875 0
-0.925754607372 -0.152849559295 0
-0.91640625 -0.152734375 0
-0.91640625 -0.14375 0
-0.925390625 -0.14375 0
-0.925754607372 -0.134650440705 0
-0.91640625 -0.134765625 0
-0.91640625 -0.12578125 0
-0.926109375 -0.12578125 0
-0.925754607372 -0.116912059295 0
-0.91640625 -0.116796875 0
-0.91640625 -0.1078125 0
-0.925390625 -0.1078125 0
-0.925754607372 -0.0987129407051 0
-0.91640625 -0.098828125 0
-0.91640625 -0.08984375 0
-0.926109375 -0.08984375 0
-0.925754607372 -0.0809745592949 0
-0.91640625 -0.080859375 0
-0.91640625 -0.071875 0
-0.925390625 -0.071875 0
-0.925754607372 -0.0627754407051 0
-0.91640625 -0.062890625 0
-0.91640625 -0.05390625 0
-0.926109375 -0.05390625 0
-0.925754607372 -0.0450370592949 0
-0.91640625 -0.044921875 0
-0.91640625 -0.0359375 0
-0.925390625 -0.0359375 0
-0.925754607372 -0.0268379407051 0
-0.91640625 -0.026953125 0
-0.91640625 -0.01796875 0
-0.926109375 -0.01796875 0
-0.925754607372 -0.00909955929487 0
-0.91640625 -0.008984375 0
-0.91640625 0 0
-0.925390625 0 0
-0.925754607372 0.00909955929487 0
-0.91640625 0.008984375 0
-0.91640625 0.01796875 0
-0.926109375 0.01796875 0
-0.925754607372 0.0268379407051 0
-0.91640625 0.026953125 0
-0.91640625 0.0359375 0
-0.925390625 0.0359375 0
-0.925754607372 0.0450370592949 0
-0.91640625 0.044921875 0
-0.91640625 0.05390625 0
-0.926109375 0.05390625 0
-0.925754607372 0.0627754407051 0
-0.91640625 0.062890625 0
-0.91640625 0.071875 0
-0.925390625 0.071875 0
-0.925754607372 0.0809745592949 0
-0.91640625 0.080859375 0
-0.91640625 0.08984375 0
-0.926109375 0.08984375 0
-0.925754607372 0.0987129407051 0
-0.91640625 0.098828125 0
-0.91640625 0.1078125 0
-0.925390625 0.1078125 0
-0.925754607372 0.116912059295 0
-0.91640625 0.116796875 0
-0.91640625 0.12578125 0
-0.926109375 0.12578125 0
-0.925754607372 0.134650440705 0
-0.91640625 0.134765625 0
-0.91640625 0.14375 0
-0.925390625 0.14375 0
-0.925754607372 0.152849559295 0
-0.91640625 0.152734375 0
-0.91640625 0.16171875 0
-0.926109375 0.16171875 0
-0.925754607372 0.170587940705 0
-0.91640625 0.170703125 0
-0.91640625 0.1796875 0
-0.925390625 0.1796875 0
-0.925754607372 0.188787059295 0
-0.91640625 0.188671875 0
-0.91640625 0.19765625 0
-0.926109375 0.19765625 0
-0.925630208333 0.206880208333 0
-0.91640625 0.207359375 0
-0.907537059295 -0.207004607372 0
-0.8984375 -0.206640625 0
-0.8984375 -0.19765625 0
-0.907421875 -0.19765625 0
-0.907421875 -0.188671875 0
-0.8984375 -0.188671875 0
-0.8984375 -0.1796875 0
-0.907421875 -0.1796875 0
-0.907421875 -0.170703125 0
-0.8984375 -0.170703125 0
-0.8984375 -0.16171875 0
-0.907421875 -0.16171875 0
-0.907421875 -0.152734375 0
-0.8984375 -0.152734375 0
-0.8984375 -0.14375 0
-0.907421875 -0.14375 0
-0.908013878279 -0.135089740996 0
-0.899562699839 -0.135014604074 0
-0.900687899677 -0.126279208147 0
-0.908547074839 -0.126030229074 0
-0.898096821749 -0.116901672867 0
-0.896762255496 -0.11207165908 0
-0.897833511799 -0.110502909913 0
-0.899036423077 -0.112133542223 0
-0.895427689244 -0.107241645294 0
-0.897701856824 -0.107303528436 0
-0.899976024405 -0.107365411579 0
-0.907718506015 -0.116750411064 0
-0.899392360713 -0.121590440507 0
-0.908191137203 -0.107588955789 0
-0.899212354978 -0.0985762260734 0
-0.901487619788 -0.0986045807894 0
-0.896932594622 -0.0985426976468 0
-0.8984375 -0.08984375 0
-0.900718357585 -0.08984375 0
-0.90299921517 -0.08984375 0
-0.908949232972 -0.0990198276047 0
-0.909702732585 -0.08984375 0
-0.901396656434 -0.0802091767014 0
-0.904264261589 -0.080859375 0
-0.8984375 -0.080859375 0
-0.8984375 -0.071875 0
-0.901983404003 -0.071875 0
-0.905529308007 -0.071875 0
-0.910313288738 -0.0811713955969 0
-0.910967779003 -0.071875 0
-0.902493284497 -0.0625269962908 0
-0.906509401233 -0.062890625 0
-0.8984375 -0.062890625 0
-0.8984375 -0.05390625 0
-0.90296349723 -0.05390625 0
-0.907489494459 -0.05390625 0
-0.911441649041 -0.0631872017282 0
-0.91194787223 -0.05390625 0
-0.903320843667 -0.0447074686093 0
-0.908187529181 -0.044921875 0
-0.8984375 -0.044921875 0
-0.8984375 -0.0359375 0
-0.903661531951 -0.0359375 0
-0.908885563902 -0.0359375 0
-0.912287008643 -0.0451762294929 0
-0.912645906951 -0.0359375 0
-0.903873219071 -0.0268379164824 0
-0.909303577861 -0.026953125 0
-0.8984375 -0.026953125 0
-0.8984375 -0.01796875 0
-0.90407954591 -0.01796875 0
-0.909721591821 -0.01796875 0
-0.912850813698 -0.027129377641 0
-0.91306392091 -0.01796875 0
-0.904149430678 -0.00894788051973 0
-0.90986079591 -0.008984375 0
-0.8984375 -0.008984375 0
-0.8984375 0 0
-0.90421875 0 0
-0.91 0 0
-0.91313302954 -0.00904806611166 0
-0.913203125 0 0
-0.904149430678 0.00894788051973 0
-0.90986079591 0.008984375 0
-0.8984375 0.008984375 0
-0.8984375 0.01796875 0
-0.90407954591 0.01796875 0
-0.909721591821 0.01796875 0
-0.91313302954 0.00904806611166 0
-0.91306392091 0.01796875 0
-0.903873219071 0.0268379164824 0
-0.909303577861 0.026953125 0
-0.8984375 0.026953125 0
-0.8984375 0.0359375 0
-0.903661531951 0.0359375 0
-0.908885563902 0.0359375 0
-0.912850813698 0.027129377641 0
-0.912645906951 0.0359375 0
-0.903320843667 0.0447074686093 0
-0.908187529181 0.044921875 0
-0.8984375 0.044921875 0
-0.8984375 0.05390625 0
-0.90296349723 0.05390625 0
-0.907489494459 0.05390625 0
-0.912287008643 0.0451762294929 0
-0.91194787223 0.05390625 0
-0.902493284497 0.0625269962908 0
-0.906509401233 0.062890625 0
-0.8984375 0.062890625 0
-0.8984375 0.071875 0
-0.901983404003 0.071875 0
-0.905529308007 0.071875 0
-0.911441649041 0.0631872017282 0
-0.910967779003 0.071875 0
-0.901396656434 0.0802091767014 0
-0.904264261589 0.080859375 0
-0.8984375 0.080859375 0
-0.8984375 0.08984375 0
-0.900718357585 0.08984375 0
-0.90299921517 0.08984375 0
-0.910313288738 0.0811713955969 0
-0.909702732585 0.08984375 0
-0.899212354978 0.0985762260734 0
-0.901487619788 0.0986045807894 0
-0.896932594622 0.0985426976468 0
-0.895427689244 0.107241645294 0
-0.897701856824 0.107303528436 0
-0.899976024405 0.107365411579 0
-0.908949232972 0.0990198276047 0
-0.908191137203 0.107588955789 0
-0.897833511799 0.110502909913 0
-0.899036423077 0.112133542223 0
-0.896762255496 0.11207165908 0
-0.898096821749 0.116901672867 0
-0.907718506015 0.116750411064 0
-0.899392360713 0.121590440507 0
-0.900687899677 0.126279208147 0
-0.908547074839 0.126030229074 0
-0.908013878279 0.135089740996 0
-0.899562699839 0.135014604074 0
-0.8984375 0.14375 0
-0.907421875 0.14375 0
-0.907421875 0.152734375 0
-0.8984375 0.152734375 0
-0.8984375 0.16171875 0
-0.907421875 0.16171875 0
-0.907421875 0.170703125 0
-0.8984375 0.170703125 0
-0.8984375 0.1796875 0
-0.907421875 0.1796875 0
-0.907421875 0.188671875 0
-0.8984375 0.188671875 0
-0.8984375 0.19765625 0
-0.907421875 0.19765625 0
-0.907537059295 0.207004607372 0
-0.8984375 0.206640625 0
-0.889692708333 -0.278755208333 0
-0.88046875 -0.279234375 0
-0.88046875 -0.26953125 0
-0.890171875 -0.26953125 0
-0.889817107372 -0.260662059295 0
-0.88046875 -0.260546875 0
-0.88046875 -0.2515625 0
-0.889453125 -0.2515625 0
-0.889817107372 -0.242462940705 0
-0.88046875 -0.242578125 0
-0.88046875 -0.23359375 0
-0.890171875 -0.23359375 0
-0.889817107372 -0.224724559295 0
-0.88046875 -0.224609375 0
-0.88046875 -0.215625 0
-0.889453125 -0.215625 0
-0.889453125 -0.206640625 0
-0.88046875 -0.206640625 0
-0.88046875 -0.19765625 0
-0.889453125 -0.19765625 0
-0.878735836376 -0.187853618216 0
-0.87791676672 -0.18322035887 0
-0.879192384501 -0.181755795744 0
-0.880239728219 -0.183340143853 0
-0.877097697063 -0.178587099524 0
-0.879420658563 -0.178706884507 0
-0.881743620062 -0.178826669491 0
-0.889078546421 -0.188535082668 0
-0.879602293188 -0.192754934108 0
-0.890090560031 -0.179257084745 0
-0.881701315481 -0.169753675904 0
-0.884370932964 -0.170272709745 0
-0.878783223532 -0.170152924762 0
-0.88046875 -0.16171875 0
-0.883733497933 -0.16171875 0
-0.886998245867 -0.16171875 0
-0.891367380388 -0.171046148812 0
-0.892717872933 -0.16171875 0
-0.885071530569 -0.151916585157 0
-0.889451048314 -0.152734375 0
-0.88046875 -0.152734375 0
-0.88046875 -0.14375 0
-0.88618630038 -0.14375 0
-0.891903850761 -0.14375 0
-0.893832694339 -0.153551786876 0
-0.89517067538 -0.14375 0
-0.887272527136 -0.134397079937 0
-0.894007580405 -0.134958247844 0
-0.88046875 -0.134765625 0
-0.88046875 -0.12578125 0
-0.888290030025 -0.125973872844 0
-0.896111310049 -0.126166495688 0
-0.896688030493 -0.135494546751 0
-0.898399604863 -0.126222851918 0
-0.888789907046 -0.116813571119 0
-0.897104065899 -0.121534084277 0
-0.88046875 -0.116796875 0
-0.88046875 -0.1078125 0
-0.887948219622 -0.107527072647 0
-0.898298677158 -0.123115792234 0
-0.88867559269 -0.0984121021554 0
-0.88046875 -0.098828125 0
-0.88046875 -0.08984375 0
-0.889453125 -0.08984375 0
-0.889453125 -0.080859375 0
-0.88046875 -0.080859375 0
-0.88046875 -0.071875 0
-0.889453125 -0.071875 0
-0.889453125 -0.062890625 0
-0.88046875 -0.062890625 0
-0.88046875 -0.05390625 0
-0.889453125 -0.05390625 0
-0.889453125 -0.044921875 0
-0.88046875 -0.044921875 0
-0.88046875 -0.0359375 0
-0.889453125 -0.0359375 0
-0.889453125 -0.026953125 0
-0.88046875 -0.026953125 0
-0.88046875 -0.01796875 0
-0.889453125 -0.01796875 0
-0.889453125 -0.008984375 0
-0.88046875 -0.008984375 0
-0.88046875 0 0
-0.889453125 0 0
-0.889453125 0.008984375 0
-0.88046875 0.008984375 0
-0.88046875 0.01796875 0
-0.889453125 0.01796875 0
-0.889453125 0.026953125 0
-0.88046875 0.026953125 0
-0.88046875 0.0359375 0
-0.889453125 0.0359375 0
-0.889453125 0.044921875 0
-0.88046875 0.044921875 0
-0.88046875 0.05390625 0
-0.889453125 0.05390625 0
-0.889453125 0.062890625 0
-0.88046875 0.062890625 0
-0.88046875 0.071875 0
-0.889453125 0.071875 0
-0.889453125 0.080859375 0
-0.88046875 0.080859375 0
-0.88046875 0.08984375 0
-0.889453125 0.08984375 0
-0.88867559269 0.0984121021554 0
-0.88046875 0.098828125 0
-0.88046875 0.1078125 0
-0.887948219622 0.107527072647 0
-0.888789907046 0.116813571119 0
-0.88046875 0.116796875 0
-0.88046875 0.12578125 0
-0.888290030025 0.125973872844 0
-0.896111310049 0.126166495688 0
-0.897104065899 0.121534084277 0
-0.898399604863 0.126222851918 0
-0.898298677159 0.123115792234 0
-0.887272527136 0.134397079937 0
-0.894007580405 0.134958247844 0
-0.88046875 0.134765625 0
-0.88046875 0.14375 0
-0.88618630038 0.14375 0
-0.891903850761 0.14375 0
-0.896688030493 0.135494546751 0
-0.89517067538 0.14375 0
-0.885071530569 0.151916585157 0
-0.889451048314 0.152734375 0
-0.88046875 0.152734375 0
-0.88046875 0.16171875 0
-0.883733497933 0.16171875 0
-0.886998245867 0.16171875 0
-0.893832694339 0.153551786876 0
-0.892717872933 0.16171875 0
-0.881701315481 0.169753675904 0
-0.884370932964 0.170272709745 0
-0.878783223532 0.170152924762 0
-0.877097697063 0.178587099524 0
-0.879420658563 0.178706884507 0
-0.881743620062 0.178826669491 0
-0.891367380388 0.171046148812 0
-0.890090560031 0.179257084745 0
-0.879192384501 0.181755795744 0
-0.880239728219 0.183340143853 0
-0.87791676672 0.18322035887 0
-0.878735836376 0.187853618216 0
-0.88907854642 0.188535082668 0
-0.879602293188 0.192754934108 0
-0.88046875 0.19765625 0
-0.889453125 0.19765625 0
-0.889453125 0.206640625 0
-0.88046875 0.206640625 0
-0.88046875 0.215625 0
-0.889453125 0.215625 0
-0.889817107372 0.224724559295 0
-0.88046875 0.224609375 0
-0.88046875 0.23359375 0
-0.890171875 0.23359375 0
-0.889817107372 0.242462940705 0
-0.88046875 0.242578125 0
-0.88046875 0.2515625 0
-0.889453125 0.2515625 0
-0.889817107372 0.260662059295 0
-0.88046875 0.260546875 0
-0.88046875 0.26953125 0
-0.890171875 0.26953125 0
-0.889692708333 0.278755208333 0
-0.88046875 0.279234375 0
-0.871599559295 -0.278879607372 0
-0.8625 -0.278515625 0
-0.8625 -0.26953125 0
-0.871484375 -0.26953125 0
-0.871484375 -0.260546875 0
-0.8625 -0.260546875 0
-0.8625 -0.2515625 0
-0.871484375 -0.2515625 0
-0.872258094959 -0.243125994293 0
-0.863877924588 -0.24318258429 0
-0.865255849176 -0.234802668579 0
-0.872862299588 -0.23419820929 0
-0.864033056548 -0.226293381508 0
-0.863266528274 -0.220959190754 0
-0.864987374264 -0.21918112717 0
-0.866231061395 -0.220959190754 0
-0.8625 -0.215625 0
-0.865464533121 -0.215625 0
-0.868429066243 -0.215625 0
-0.87286397644 -0.225292661693 0
-0.864644452862 -0.230548025044 0
-0.874448908121 -0.215625 0
-0.867386799513 -0.205543823738 0
-0.871855325574 -0.206640625 0
-0.8625 -0.206640625 0
-0.8625 -0.19765625 0
-0.868890792452 -0.19765625 0
-0.875281584904 -0.19765625 0
-0.875934887461 -0.20783189718 0
-0.877875167452 -0.19765625 0
-0.87007904276 -0.18818105668 0
-0.87700871064 -0.192754934108 0
-0.8625 -0.188671875 0
-0.8625 -0.1796875 0
-0.869798848532 -0.179137299762 0
-0.878162057091 -0.194388706072 0
-0.870576800807 -0.170120214722 0
-0.8625 -0.170703125 0
-0.8625 -0.16171875 0
-0.871484375 -0.16171875 0
-0.871484375 -0.152734375 0
-0.8625 -0.152734375 0
-0.871484375 -0.14375 0
-0.871120392628 -0.134650440705 0
-0.870765625 -0.12578125 0
-0.871120392628 -0.116912059295 0
-0.871484375 -0.1078125 0
-0.871120392628 -0.0987129407051 0
-0.870765625 -0.08984375 0
-0.871120392628 -0.0809745592949 0
-0.871484375 -0.071875 0
-0.871120392628 -0.0627754407051 0
-0.870765625 -0.05390625 0
-0.871120392628 -0.0450370592949 0
-0.871484375 -0.0359375 0
-0.871120392628 -0.0268379407051 0
-0.870765625 -0.01796875 0
-0.871120392628 -0.00909955929487 0
-0.871484375 0 0
-0.871120392628 0.00909955929487 0
-0.870765625 0.01796875 0
-0.871120392628 0.0268379407051 0
-0.871484375 0.0359375 0
-0.871120392628 0.0450370592949 0
-0.870765625 0.05390625 0
-0.871120392628 0.0627754407051 0
-0.871484375 0.071875 0
-0.871120392628 0.0809745592949 0
-0.870765625 0.08984375 0
-0.871120392628 0.0987129407051 0
-0.871484375 0.1078125 0
-0.871120392628 0.116912059295 0
-0.870765625 0.12578125 0
-0.871120392628 0.134650440705 0
-0.871484375 0.14375 0
-0.871484375 0.152734375 0
-0.8625 0.152734375 0
-0.8625 0.16171875 0
-0.871484375 0.16171875 0
-0.870576800807 0.170120214722 0
-0.8625 0.170703125 0
-0.8625 0.1796875 0
-0.869798848532 0.179137299762 0
-0.870079042759 0.18818105668 0
-0.8625 0.188671875 0
-0.8625 0.19765625 0
-0.868890792452 0.19765625 0
-0.875281584904 0.19765625 0
-0.87700871064 0.192754934108 0
-0.877875167452 0.19765625 0
-0.878162057093 0.194388706072 0
-0.867386799513 0.205543823738 0
-0.871855325574 0.206640625 0
-0.8625 0.206640625 0
-0.8625 0.215625 0
-0.865464533121 0.215625 0
-0.868429066243 0.215625 0
-0.875934887461 0.20783189718 0
-0.874448908121 0.215625 0
-0.864987374264 0.21918112717 0
-0.866231061395 0.220959190754 0
-0.863266528274 0.220959190754 0
-0.864033056548 0.226293381508 0
-0.87286397644 0.225292661693 0
-0.864644452862 0.230548025044 0
-0.865255849176 0.234802668579 0
-0.872862299588 0.23419820929 0
-0.872258094959 0.243125994293 0
-0.863877924588 0.24318258429 0
-0.8625 0.2515625 0
-0.871484375 0.2515625 0
-0.871484375 0.260546875 0
-0.8625 0.260546875 0
-0.8625 0.26953125 0
-0.871484375 0.26953125 0
-0.871599559295 0.278879607372 0
-0.8625 0.278515625 0
-0.853755208334 -0.350630208333 0
-0.84453125 -0.351109375 0
-0.84453125 -0.34140625 0
-0.854234375 -0.34140625 0
-0.853879607372 -0.332537059295 0
-0.84453125 -0.332421875 0
-0.84453125 -0.3234375 0
-0.853515625 -0.3234375 0
-0.853879607372 -0.314337940705 0
-0.84453125 -0.314453125 0
-0.84453125 -0.30546875 0
-0.854234375 -0.30546875 0
-0.853879607372 -0.296599559295 0
-0.84453125 -0.296484375 0
-0.84453125 -0.2875 0
-0.853515625 -0.2875 0
-0.854442162914 -0.279226810514 0
-0.846143353401 -0.279360106739 0
-0.847755456803 -0.271220213479 0
-0.855127728401 -0.270375731739 0
-0.84653785466 -0.263796597217 0
-0.84553455233 -0.257679548608 0
-0.847891471091 -0.255640532405 0
-0.849571581638 -0.257679548608 0
-0.84453125 -0.2515625 0
-0.848568279308 -0.2515625 0
-0.852605308616 -0.2515625 0
-0.855355335115 -0.261640995414 0
-0.847146655731 -0.267508405348 0
-0.857552654308 -0.2515625 0
-0.850717559457 -0.241836773146 0
-0.856537795844 -0.243043007169 0
-0.84453125 -0.242578125 0
-0.84453125 -0.23359375 0
-0.852500766536 -0.234058632169 0
-0.860470283072 -0.234523514337 0
-0.859893379745 -0.244070227166 0
-0.862863066124 -0.234663091458 0
-0.853784901571 -0.224725922766 0
-0.86225166981 -0.230408447923 0
-0.84453125 -0.224609375 0
-0.84453125 -0.215625 0
-0.853515625 -0.215625 0
-0.863253062929 -0.231873188141 0
-0.853515625 -0.206640625 0
-0.84453125 -0.206640625 0
-0.84453125 -0.19765625 0
-0.853515625 -0.19765625 0
-0.853515625 -0.188671875 0
-0.84453125 -0.188671875 0
-0.84453125 -0.1796875 0
-0.853515625 -0.1796875 0
-0.853515625 -0.170703125 0
-0.84453125 -0.170703125 0
-0.84453125 -0.16171875 0
-0.853515625 -0.16171875 0
-0.853400440705 -0.152370392628 0
-0.84453125 -0.152015625 0
-0.853400440705 0.152370392628 0
-0.84453125 0.152015625 0
-0.84453125 0.16171875 0
-0.853515625 0.16171875 0
-0.853515625 0.170703125 0
-0.84453125 0.170703125 0
-0.84453125 0.1796875 0
-0.853515625 0.1796875 0
-0.853515625 0.188671875 0
-0.84453125 0.188671875 0
-0.84453125 0.19765625 0
-0.853515625 0.19765625 0
-0.853515625 0.206640625 0
-0.84453125 0.206640625 0
-0.84453125 0.215625 0
-0.853515625 0.215625 0
-0.853784901571 0.224725922766 0
-0.84453125 0.224609375 0
-0.84453125 0.23359375 0
-0.852500766536 0.234058632169 0
-0.860470283072 0.234523514337 0
-0.86225166981 0.230408447923 0
-0.862863066124 0.234663091458 0
-0.863253062931 0.231873188141 0
-0.850717559457 0.241836773146 0
-0.856537795844 0.243043007169 0
-0.84453125 0.242578125 0
-0.84453125 0.2515625 0
-0.848568279308 0.2515625 0
-0.852605308616 0.2515625 0
-0.859893379745 0.244070227166 0
-0.857552654308 0.2515625 0
-0.847891471091 0.255640532405 0
-0.849571581638 0.257679548608 0
-0.84553455233 0.257679548608 0
-0.84653785466 0.263796597217 0
-0.855355335115 0.261640995414 0
-0.847146655731 0.267508405348 0
-0.847755456803 0.271220213479 0
-0.855127728401 0.270375731739 0
-0.854442162914 0.279226810514 0
-0.846143353401 0.279360106739 0
-0.84453125 0.2875 0
-0.853515625 0.2875 0
-0.853879607372 0.296599559295 0
-0.84453125 0.296484375 0
-0.84453125 0.30546875 0
-0.854234375 0.30546875 0
-0.853879607372 0.314337940705 0
-0.84453125 0.314453125 0
-0.84453125 0.3234375 0
-0.853515625 0.3234375 0
-0.853879607372 0.332537059295 0
-0.84453125 0.332421875 0
-0.84453125 0.34140625 0
-0.854234375 0.34140625 0
-0.853755208334 0.350630208333 0
-0.84453125 0.351109375 0
-0.835662059295 -0.350754607372 0
-0.8265625 -0.350390625 0
-0.8265625 -0.34140625 0
-0.835546875 -0.34140625 0
-0.835546875 -0.332421875 0
-0.8265625 -0.332421875 0
-0.8265625 -0.3234375 0
-0.835546875 -0.3234375 0
-0.835928065054 -0.31475759123 0
-0.827199266706 -0.314844842719 0
-0.827836033412 -0.306252185437 0
-0.836183641706 -0.305860467719 0
-0.827307606535 -0.298471346166 0
-0.826935053268 -0.292985673083 0
-0.829199981613 -0.291157115388 0
-0.830518722421 -0.292985673083 0
-0.8265625 -0.2875 0
-0.830146169153 -0.2875 0
-0.833729838306 -0.2875 0
-0.836726845781 -0.297334359858 0
-0.827571819974 -0.302361765802 0
-0.839130544153 -0.2875 0
-0.832694522502 -0.277688051833 0
-0.838306937175 -0.27916599386 0
-0.8265625 -0.278515625 0
-0.8265625 -0.26953125 0
-0.834723268022 -0.27018161886 0
-0.842884036043 -0.270831987719 0
-0.841826946196 -0.280266482191 0
-0.845319746423 -0.271026100599 0
-0.836038014503 -0.260844529057 0
-0.844710945352 -0.267314292468 0
-0.8265625 -0.260546875 0
-0.835546875 -0.2515625 0
-0.845725782503 -0.268616266138 0
-0.835182892628 -0.242462940705 0
-0.834828125 -0.23359375 0
-0.835182892628 -0.224724559295 0
-0.835546875 -0.215625 0
-0.835182892628 -0.206525440705 0
-0.834828125 -0.19765625 0
-0.835182892628 -0.188787059295 0
-0.835546875 -0.1796875 0
-0.835182892628 -0.170587940705 0
-0.834828125 -0.16171875 0
-0.835307291667 -0.152494791667 0
-0.835307291667 0.152494791667 0
-0.834828125 0.16171875 0
-0.835182892628 0.170587940705 0
-0.835546875 0.1796875 0
-0.835182892628 0.188787059295 0
-0.834828125 0.19765625 0
-0.835182892628 0.206525440705 0
-0.835546875 0.215625 0
-0.835182892628 0.224724559295 0
-0.834828125 0.23359375 0
-0.835182892628 0.242462940705 0
-0.835546875 0.2515625 0
-0.836038014503 0.260844529057 0
-0.8265625 0.260546875 0
-0.8265625 0.26953125 0
-0.834723268022 0.27018161886 0
-0.842884036043 0.270831987719 0
-0.844710945352 0.267314292468 0
-0.845319746423 0.271026100599 0
-0.845725782503 0.268616266138 0
-0.832694522502 0.277688051833 0
-0.838306937175 0.27916599386 0
-0.8265625 0.278515625 0
-0.8265625 0.2875 0
-0.830146169153 0.2875 0
-0.833729838306 0.2875 0
-0.841826946196 0.280266482191 0
-0.839130544153 0.2875 0
-0.829199981613 0.291157115388 0
-0.830518722421 0.292985673083 0
-0.826935053268 0.292985673083 0
-0.827307606535 0.298471346166 0
-0.836726845781 0.297334359858 0
-0.827571819974 0.302361765802 0
-0.827836033412 0.306252185437 0
-0.836183641706 0.305860467719 0
-0.835928065054 0.31475759123 0
-0.827199266706 0.314844842719 0
-0.8265625 0.3234375 0
-0.835546875 0.3234375 0
-0.835546875 0.332421875 0
-0.8265625 0.332421875 0
-0.8265625 0.34140625 0
-0.835546875 0.34140625 0
-0.835662059295 0.350754607372 0
-0.8265625 0.350390625 0
-0.817817708333 -0.386567708333 0
-0.80859375 -0.387046875 0
-0.80859375 -0.37734375 0
-0.818296875 -0.37734375 0
-0.817942107372 -0.368474559295 0
-0.80859375 -0.368359375 0
-0.80859375 -0.359375 0
-0.817578125 -0.359375 0
-0.817578125 -0.350390625 0
-0.80859375 -0.350390625 0
-0.80859375 -0.34140625 0
-0.817578125 -0.34140625 0
-0.807476354796 -0.329266352078 0
-0.807153250457 -0.325755997205 0
-0.808779600097 -0.324690617665 0
-0.809754327081 -0.32591310533 0
-0.806830146118 -0.322245642332 0
-0.809431222741 -0.322402750457 0
-0.812032299365 -0.322559858582 0
-0.817486796399 -0.332380192617 0
-0.808035052398 -0.335336301039 0
-0.819297399683 -0.322998679291 0
-0.813016018919 -0.312809112604 0
-0.817358402455 -0.314301151673 0
-0.807711948059 -0.313857196166 0
-0.80859375 -0.30546875 0
-0.815639127772 -0.305755597382 0
-0.822684505544 -0.306042444764 0
-0.821809790079 -0.315919134486 0
-0.825260269478 -0.306147315101 0
-0.817467805689 -0.296360974664 0
-0.82499605604 -0.302256895465 0
-0.80859375 -0.296484375 0
-0.80859375 -0.2875 0
-0.817578125 -0.2875 0
-0.825942715164 -0.303588658789 0
-0.817578125 -0.278515625 0
-0.80859375 -0.278515625 0
-0.80859375 -0.26953125 0
-0.817578125 -0.26953125 0
-0.817462940705 -0.260182892628 0
-0.80859375 -0.259828125 0
-0.817462940705 0.260182892628 0
-0.80859375 0.259828125 0
-0.80859375 0.26953125 0
-0.817578125 0.26953125 0
-0.817578125 0.278515625 0
-0.80859375 0.278515625 0
-0.80859375 0.2875 0
-0.817578125 0.2875 0
-0.817467805689 0.296360974664 0
-0.80859375 0.296484375 0
-0.80859375 0.30546875 0
-0.815639127772 0.305755597382 0
-0.822684505544 0.306042444764 0
-0.82499605604 0.302256895465 0
-0.825260269478 0.306147315101 0
-0.825942715162 0.303588658788 0
-0.813016018919 0.312809112604 0
-0.817358402455 0.314301151673 0
-0.807711948059 0.313857196166 0
-0.806830146118 0.322245642332 0
-0.809431222741 0.322402750457 0
-0.812032299365 0.322559858582 0
-0.821809790079 0.315919134486 0
-0.819297399683 0.322998679291 0
-0.808779600097 0.324690617665 0
-0.809754327081 0.32591310533 0
-0.807153250457 0.325755997205 0
-0.807476354796 0.329266352078 0
-0.817486796399 0.332380192617 0
-0.808035052398 0.335336301039 0
-0.80859375 0.34140625 0
-0.817578125 0.34140625 0
-0.817578125 0.350390625 0
-0.80859375 0.350390625 0
-0.80859375 0.359375 0
-0.817578125 0.359375 0
-0.817942107372 0.368474559295 0
-0.80859375 0.368359375 0
-0.80859375 0.37734375 0
-0.818296875 0.37734375 0
-0.817817708333 0.386567708333 0
-0.80859375 0.387046875 0
-0.799724559295 -0.386692107372 0
-0.790625 -0.386328125 0
-0.790625 -0.37734375 0
-0.799609375 -0.37734375 0
-0.799674223705 -0.368416755342 0
-0.790727991015 -0.368439727556 0
-0.79083098203 -0.359535705111 0
-0.799712366015 -0.359455352556 0
-0.79074869687 -0.352293398082 0
-0.790686848435 -0.346849824041 0
-0.793415523797 -0.345035299361 0
-0.794810785695 -0.346849824041 0
-0.790625 -0.34140625 0
-0.79474893726 -0.34140625 0
-0.79887287452 -0.34140625 0
-0.800655469394 -0.351283552055 0
-0.79078983945 -0.355914551597 0
-0.80373331226 -0.34140625 0
-0.797969769842 -0.331115261775 0
-0.803174614658 -0.335336301039 0
-0.790625 -0.332421875 0
-0.790625 -0.3234375 0
-0.798727573059 -0.322841571166 0
-0.804980993106 -0.337359617359 0
-0.799073421987 -0.314003924163 0
-0.790625 -0.314453125 0
-0.790625 -0.30546875 0
-0.799609375 -0.30546875 0
-0.799609375 -0.296484375 0
-0.790625 -0.296484375 0
-0.799609375 -0.2875 0
-0.799245392628 -0.278400440705 0
-0.798890625 -0.26953125 0
-0.799369791667 -0.260307291667 0
-0.799369791667 0.260307291667 0
-0.798890625 0.26953125 0
-0.799245392628 0.278400440705 0
-0.799609375 0.2875 0
-0.799609375 0.296484375 0
-0.790625 0.296484375 0
-0.790625 0.30546875 0
-0.799609375 0.30546875 0
-0.799073421987 0.314003924163 0
-0.790625 0.314453125 0
-0.790625 0.3234375 0
-0.798727573059 0.322841571166 0
-0.797969769843 0.331115261775 0
-0.790625 0.332421875 0
-0.790625 0.34140625 0
-0.79474893726 0.34140625 0
-0.79887287452 0.34140625 0
-0.803174614658 0.335336301039 0
-0.80373331226 0.34140625 0
-0.804980993106 0.337359617359 0
-0.793415523797 0.345035299361 0
-0.794810785695 0.346849824041 0
-0.790686848435 0.346849824041 0
-0.79074869687 0.352293398082 0
-0.800655469394 0.351283552055 0
-0.79078983945 0.355914551597 0
-0.79083098203 0.359535705111 0
-0.799712366015 0.359455352556 0
-0.799674223705 0.368416755342 0
-0.790727991015 0.368439727556 0
-0.790625 0.37734375 0
-0.799609375 0.37734375 0
-0.799724559295 0.386692107372 0
-0.790625 0.386328125 0
-0.781880208334 -0.422505208333 0
-0.77265625 -0.422984375 0
-0.77265625 -0.41328125 0
-0.782359375 -0.41328125 0
-0.782004607372 -0.404412059295 0
-0.77265625 -0.404296875 0
-0.77265625 -0.3953125 0
-0.781640625 -0.3953125 0
-0.782328322756 -0.38696949825 0
-0.773732448026 -0.387245533483 0
-0.774808646052 -0.379178566966 0
-0.782716823026 -0.378261158483 0
-0.77413882015 -0.373015694624 0
-0.773397535075 -0.366195347312 0
-0.777318177021 -0.363958750285 0
-0.779649140532 -0.366250625428 0
-0.77265625 -0.359375 0
-0.778907855457 -0.359430278116 0
-0.785159460915 -0.359485556233 0
-0.783778495408 -0.370360801644 0
-0.774473733101 -0.376097130795 0
-0.787995221472 -0.359510630672 0
-0.781221284564 -0.350000652403 0
-0.787954078893 -0.355889477157 0
-0.77265625 -0.350390625 0
-0.77265625 -0.34140625 0
-0.781640625 -0.34140625 0
-0.788913046606 -0.357104886476 0
-0.781640625 -0.332421875 0
-0.77265625 -0.332421875 0
-0.77265625 -0.3234375 0
-0.781640625 -0.3234375 0
-0.781640625 -0.314453125 0
-0.77265625 -0.314453125 0
-0.77265625 -0.30546875 0
-0.781640625 -0.30546875 0
-0.781525440705 -0.296120392628 0
-0.77265625 -0.295765625 0
-0.781525440705 0.296120392628 0
-0.77265625 0.295765625 0
-0.77265625 0.30546875 0
-0.781640625 0.30546875 0
-0.781640625 0.314453125 0
-0.77265625 0.314453125 0
-0.77265625 0.3234375 0
-0.781640625 0.3234375 0
-0.781640625 0.332421875 0
-0.77265625 0.332421875 0
-0.77265625 0.34140625 0
-0.781640625 0.34140625 0
-0.781221284564 0.350000652403 0
-0.77265625 0.350390625 0
-0.77265625 0.359375 0
-0.778907855457 0.359430278116 0
-0.785159460915 0.359485556233 0
-0.787954078893 0.355889477157 0
-0.787995221472 0.359510630672 0
-0.788913046606 0.357104886476 0
-0.777318177021 0.363958750285 0
-0.779649140532 0.366250625428 0
-0.773397535075 0.366195347312 0
-0.77413882015 0.373015694624 0
-0.783778495408 0.370360801644 0
-0.774473733101 0.376097130795 0
-0.774808646052 0.379178566966 0
-0.782716823026 0.378261158483 0
-0.782328322756 0.38696949825 0
-0.773732448026 0.387245533483 0
-0.77265625 0.3953125 0
-0.781640625 0.3953125 0
-0.782004607372 0.404412059295 0
-0.77265625 0.404296875 0
-0.77265625 0.41328125 0
-0.782359375 0.41328125 0
-0.781880208334 0.422505208333 0
-0.77265625 0.422984375 0
-0.763787059295 -0.422629607372 0
-0.7546875 -0.422265625 0
-0.7546875 -0.41328125 0
-0.763671875 -0.41328125 0
-0.764697458283 -0.405293592704 0
-0.756258559665 -0.405759266815 0
-0.75782961933 -0.398237283629 0
-0.765242934665 -0.396774891815 0
-0.75697390069 -0.392547179496 0
-0.755830700345 -0.384945464748 0
-0.760327436129 -0.382856359292 0
-0.763147404193 -0.385612663938 0
-0.7546875 -0.37734375 0
-0.762004203848 -0.37801094919 0
-0.769320907696 -0.378678148381 0
-0.766784212805 -0.389236030134 0
-0.75740176001 -0.395392231563 0
-0.772064776874 -0.378928357673 0
-0.763954705781 -0.36860494224 0
-0.771729863923 -0.375846921502 0
-0.7546875 -0.368359375 0
-0.763671875 -0.359375 0
-0.772756124632 -0.37695746999 0
-0.763307892628 -0.350275440705 0
-0.762953125 -0.34140625 0
-0.763307892628 -0.332537059295 0
-0.763671875 -0.3234375 0
-0.763307892628 -0.314337940705 0
-0.762953125 -0.30546875 0
-0.763432291667 -0.296244791667 0
-0.763432291667 0.296244791667 0
-0.762953125 0.30546875 0
-0.763307892628 0.314337940705 0
-0.763671875 0.3234375 0
-0.763307892628 0.332537059295 0
-0.762953125 0.34140625 0
-0.763307892628 0.350275440705 0
-0.763671875 0.359375 0
-0.763954705781 0.36860494224 0
-0.7546875 0.368359375 0
-0.7546875 0.37734375 0
-0.762004203848 0.37801094919 0
-0.769320907696 0.378678148381 0
-0.771729863923 0.375846921502 0
-0.772064776874 0.378928357673 0
-0.772756124632 0.37695746999 0
-0.760327436129 0.382856359292 0
-0.763147404193 0.385612663938 0
-0.755830700345 0.384945464748 0
-0.75697390069 0.392547179496 0
-0.766784212805 0.389236030134 0
-0.75740176001 0.395392231563 0
-0.75782961933 0.398237283629 0
-0.765242934665 0.396774891815 0
-0.764697458283 0.405293592704 0
-0.756258559665 0.405759266815 0
-0.7546875 0.41328125 0
-0.763671875 0.41328125 0
-0.763787059295 0.422629607372 0
-0.7546875 0.422265625 0
-0.745942708333 -0.458442708333 0
-0.73671875 -0.458921875 0
-0.73671875 -0.44921875 0
-0.746421875 -0.44921875 0
-0.746067107372 -0.440349559295 0
-0.73671875 -0.440234375 0
-0.73671875 -0.43125 0
-0.745703125 -0.43125 0
-0.734471366526 -0.415695698391 0
-0.734073555802 -0.412942421944 0
-0.735793950541 -0.412297351651 0
-0.736853053278 -0.413351454731 0
-0.733675745078 -0.410189145498 0
-0.736455242554 -0.410598178284 0
-0.739234740031 -0.411007211071 0
-0.745052200192 -0.421607375442 0
-0.735595058263 -0.423472849195 0
-0.746961120015 -0.412144230535 0
-0.741147244818 -0.402375705741 0
-0.745808929997 -0.40424495753 0
-0.735197247539 -0.402750822749 0
-0.73671875 -0.3953125 0
-0.744550934981 -0.396397601995 0
-0.752383119963 -0.397482703989 0
-0.750385307234 -0.406146689812 0
-0.755106369646 -0.397859993809 0
-0.746358256169 -0.386951158531 0
-0.754678510326 -0.395014941742 0
-0.73671875 -0.386328125 0
-0.73671875 -0.37734375 0
-0.745703125 -0.37734375 0
-0.755728879995 -0.396089055705 0
-0.745587940705 -0.367995392628 0
-0.73671875 -0.367640625 0
-0.745587940705 0.367995392628 0
-0.73671875 0.367640625 0
-0.73671875 0.37734375 0
-0.745703125 0.37734375 0
-0.746358256169 0.386951158531 0
-0.73671875 0.386328125 0
-0.73671875 0.3953125 0
-0.744550934981 0.396397601995 0
-0.752383119963 0.397482703989 0
-0.754678510326 0.395014941742 0
-0.755106369646 0.397859993809 0
-0.755728879993 0.396089055704 0
-0.741147244818 0.402375705741 0
-0.745808929997 0.40424495753 0
-0.735197247539 0.402750822749 0
-0.733675745078 0.410189145498 0
-0.736455242554 0.410598178284 0
-0.739234740031 0.411007211071 0
-0.750385307234 0.406146689812 0
-0.746961120015 0.412144230535 0
-0.735793950541 0.412297351651 0
-0.736853053278 0.413351454731 0
-0.734073555802 0.412942421944 0
-0.734471366526 0.415695698391 0
-0.745052200192 0.421607375442 0
-0.735595058263 0.423472849195 0
-0.73671875 0.43125 0
-0.745703125 0.43125 0
-0.746067107372 0.440349559295 0
-0.73671875 0.440234375 0
-0.73671875 0.44921875 0
-0.746421875 0.44921875 0
-0.745942708333 0.458442708333 0
-0.73671875 0.458921875 0
-0.727849559295 -0.458567107372 0
-0.71875 -0.458203125 0
-0.71875 -0.44921875 0
-0.727734375 -0.44921875 0
-0.728629738168 -0.441168604543 0
-0.720051074695 -0.441677689372 0
-0.721352149389 -0.434136628744 0
-0.729035449695 -0.432693314372 0
-0.720672544972 -0.428689820972 0
-0.719711272486 -0.420985535486 0
-0.725769871257 -0.417602327033 0
-0.727571955749 -0.422192759681 0
-0.71875 -0.41328125 0
-0.726212872539 -0.411735197749 0
-0.729483992973 -0.426809906685 0
-0.721012347181 -0.431413224858 0
-0.726715106092 -0.403271107433 0
-0.71875 -0.404296875 0
-0.727734375 -0.3953125 0
-0.727370392628 -0.386212940705 0
-0.727015625 -0.37734375 0
-0.727494791667 -0.368119791667 0
-0.727494791667 0.368119791667 0
-0.727015625 0.37734375 0
-0.727370392628 0.386212940705 0
-0.727734375 0.3953125 0
-0.726715106092 0.403271107433 0
-0.71875 0.404296875 0
-0.71875 0.41328125 0
-0.726212872539 0.411735197749 0
-0.725769871257 0.417602327033 0
-0.719711272486 0.420985535486 0
-0.720672544972 0.428689820972 0
-0.727571955749 0.422192759681 0
-0.721012347181 0.431413224858 0
-0.729483992973 0.426809906685 0
-0.721352149389 0.434136628744 0
-0.729035449695 0.432693314372 0
-0.728629738168 0.441168604543 0
-0.720051074695 0.441677689372 0
-0.71875 0.44921875 0
-0.727734375 0.44921875 0
-0.727849559295 0.458567107372 0
-0.71875 0.458203125 0
-0.710005208334 -0.494380208333 0
-0.70078125 -0.494859375 0
-0.70078125 -0.48515625 0
-0.710484375 -0.48515625 0
-0.710129607372 -0.476287059295 0
-0.70078125 -0.476171875 0
-0.70078125 -0.4671875 0
-0.709765625 -0.4671875 0
-0.710218400938 -0.458697304111 0
-0.701423530201 -0.458981277372 0
-0.702065810402 -0.450775054743 0
-0.710407905201 -0.449996902372 0
-0.701701602557 -0.445239170173 0
-0.701241426279 -0.438244585087 0
-0.706004551816 -0.436602971193 0
-0.708616202723 -0.439279456789 0
-0.70078125 -0.43125 0
-0.708156026445 -0.432284871702 0
-0.715530802889 -0.433319743404 0
-0.71238390209 -0.443063892524 0
-0.701883706479 -0.448007112458 0
-0.718441476139 -0.433728186074 0
-0.71028092705 -0.422821087653 0
-0.718101673931 -0.431004782188 0
-0.70078125 -0.422265625 0
-0.70078125 -0.41328125 0
-0.709765625 -0.41328125 0
-0.719185165749 -0.432048731039 0
-0.709650440705 -0.403932892628 0
-0.70078125 -0.403578125 0
-0.709650440705 0.403932892628 0
-0.70078125 0.403578125 0
-0.70078125 0.41328125 0
-0.709765625 0.41328125 0
-0.71028092705 0.422821087653 0
-0.70078125 0.422265625 0
-0.70078125 0.43125 0
-0.708156026445 0.432284871702 0
-0.715530802889 0.433319743404 0
-0.718101673931 0.431004782188 0
-0.718441476139 0.433728186074 0
-0.719185165749 0.432048731039 0
-0.706004551816 0.436602971193 0
-0.708616202723 0.439279456789 0
-0.701241426279 0.438244585087 0
-0.701701602557 0.445239170173 0
-0.71238390209 0.443063892524 0
-0.701883706479 0.448007112458 0
-0.702065810402 0.450775054743 0
-0.710407905201 0.449996902372 0
-0.710218400938 0.458697304111 0
-0.701423530201 0.458981277372 0
-0.70078125 0.4671875 0
-0.709765625 0.4671875 0
-0.710129607372 0.476287059295 0
-0.70078125 0.476171875 0
-0.70078125 0.48515625 0
-0.710484375 0.48515625 0
-0.710005208334 0.494380208333 0
-0.70078125 0.494859375 0
-0.691912059295 -0.494504607372 0
-0.6828125 -0.494140625 0
-0.6828125 -0.48515625 0
-0.691796875 -0.48515625 0
-0.691796875 -0.476171875 0
-0.6828125 -0.476171875 0
-0.6828125 -0.4671875 0
-0.691796875 -0.4671875 0
-0.6828125 -0.460351322192 0
-0.6828125 -0.454785036096 0
-0.687078902711 -0.45327447395 0
-0.689212104066 -0.455302335924 0
-0.6828125 -0.44921875 0
-0.689212104066 -0.449736049828 0
-0.695611708132 -0.450253349656 0
-0.693389616686 -0.45997257903 0
-0.6828125 -0.463769411096 0
-0.698838759267 -0.4505142022 0
-0.691840437838 -0.440300925956 0
-0.698656655345 -0.447746259915 0
-0.6828125 -0.440234375 0
-0.691796875 -0.43125 0
-0.699793040363 -0.448755858191 0
-0.691432892628 -0.422150440705 0
-0.691078125 -0.41328125 0
-0.691557291667 -0.404057291667 0
-0.691557291667 0.404057291667 0
-0.691078125 0.41328125 0
-0.691432892628 0.422150440705 0
-0.691796875 0.43125 0
-0.691840437838 0.440300925956 0
-0.6828125 0.440234375 0
-0.6828125 0.44921875 0
-0.689212104066 0.449736049828 0
-0.695611708132 0.450253349656 0
-0.698656655345 0.447746259915 0
-0.698838759267 0.4505142022 0
-0.699793040363 0.448755858191 0
-0.687078902711 0.45327447395 0
-0.689212104066 0.455302335924 0
-0.6828125 0.454785036096 0
-0.6828125 0.460351322192 0
-0.693389616686 0.45997257903 0
-0.6828125 0.463769411096 0
-0.6828125 0.4671875 0
-0.691796875 0.4671875 0
-0.691796875 0.476171875 0
-0.6828125 0.476171875 0
-0.6828125 0.48515625 0
-0.691796875 0.48515625 0
-0.691912059295 0.494504607372 0
-0.6828125 0.494140625 0
-0.674067708333 -0.530317708333 0
-0.66484375 -0.530796875 0
-0.66484375 -0.52109375 0
-0.674546875 -0.52109375 0
-0.674192107372 -0.512224559295 0
-0.66484375 -0.512109375 0
-0.66484375 -0.503125 0
-0.673828125 -0.503125 0
-0.673828125 -0.494140625 0
-0.66484375 -0.494140625 0
-0.66484375 -0.48515625 0
-0.673828125 -0.48515625 0
-0.66484375 -0.473581738548 0
-0.66484375 -0.470384619274 0
-0.66779881547 -0.469318912849 0
-0.669276348206 -0.470384619274 0
-0.66484375 -0.4671875 0
-0.669276348206 -0.4671875 0
-0.673708946412 -0.4671875 0
-0.674408329359 -0.476831339984 0
-0.66484375 -0.479368994274 0
-0.678260723206 -0.4671875 0
-0.673193559795 -0.457487952943 0
-0.678260723206 -0.463769411096 0
-0.66484375 -0.458203125 0
-0.66484375 -0.44921875 0
-0.673828125 -0.44921875 0
-0.679777982136 -0.464908774063 0
-0.673712940705 -0.439870392628 0
-0.66484375 -0.439515625 0
-0.673712940705 0.439870392628 0
-0.66484375 0.439515625 0
-0.66484375 0.44921875 0
-0.673828125 0.44921875 0
-0.673193559795 0.457487952943 0
-0.66484375 0.458203125 0
-0.66484375 0.4671875 0
-0.669276348206 0.4671875 0
-0.673708946412 0.4671875 0
-0.678260723206 0.463769411096 0
-0.678260723206 0.4671875 0
-0.679777982137 0.464908774064 0
-0.66779881547 0.469318912849 0
-0.669276348206 0.470384619274 0
-0.66484375 0.470384619274 0
-0.66484375 0.473581738548 0
-0.674408329359 0.476831339984 0
-0.66484375 0.479368994274 0
-0.66484375 0.48515625 0
-0.673828125 0.48515625 0
-0.673828125 0.494140625 0
-0.66484375 0.494140625 0
-0.66484375 0.503125 0
-0.673828125 0.503125 0
-0.674192107372 0.512224559295 0
-0.66484375 0.512109375 0
-0.66484375 0.52109375 0
-0.674546875 0.52109375 0
-0.674067708333 0.530317708333 0
-0.66484375 0.530796875 0
-0.655974559295 -0.530442107372 0
-0.646875 -0.530078125 0
-0.646875 -0.52109375 0
-0.655859375 -0.52109375 0
-0.655859375 -0.512109375 0
-0.646875 -0.512109375 0
-0.646875 -0.503125 0
-0.655859375 -0.503125 0
-0.645219568275 -0.48686407115 0
-0.644963746719 -0.484351194261 0
-0.647055122815 -0.483872231758 0
-0.648228721639 -0.48488918895 0
-0.644707925163 -0.481838317372 0
-0.647972900083 -0.482376312061 0
-0.651237875003 -0.48291430675 0
-0.655416284802 -0.493536833266 0
-0.646047284138 -0.494994535575 0
-0.658040812501 -0.484035278375 0
-0.654026553418 -0.473849874503 0
-0.658040812501 -0.478248022649 0
-0.645791462581 -0.474512908686 0
-0.646875 -0.4671875 0
-0.655859375 -0.4671875 0
-0.660308458334 -0.480550765099 0
-0.655859375 -0.458203125 0
-0.646875 -0.458203125 0
-0.646875 -0.44921875 0
-0.655859375 -0.44921875 0
-0.655974559295 -0.439870392628 0
-0.646875 -0.440234375 0
-0.655974559295 0.439870392628 0
-0.646875 0.440234375 0
-0.646875 0.44921875 0
-0.655859375 0.44921875 0
-0.655859375 0.458203125 0
-0.646875 0.458203125 0
-0.646875 0.4671875 0
-0.655859375 0.4671875 0
-0.654026553419 0.473849874503 0
-0.645791462581 0.474512908686 0
-0.644707925163 0.481838317372 0
-0.647972900083 0.482376312061 0
-0.651237875003 0.48291430675 0
-0.658040812501 0.478248022649 0
-0.658040812501 0.484035278375 0
-0.660308458335 0.4805507651 0
-0.647055122815 0.483872231758 0
-0.648228721639 0.48488918895 0
-0.644963746719 0.484351194261 0
-0.645219568275 0.48686407115 0
-0.655416284802 0.493536833266 0
-0.646047284138 0.494994535575 0
-0.646875 0.503125 0
-0.655859375 0.503125 0
-0.655859375 0.512109375 0
-0.646875 0.512109375 0
-0.646875 0.52109375 0
-0.655859375 0.52109375 0
-0.655974559295 0.530442107372 0
-0.646875 0.530078125 0
-0.637775440705 -0.530442107372 0
-0.62890625 -0.530796875 0
-0.62890625 -0.52109375 0
-0.637890625 -0.52109375 0
-0.637890625 -0.512109375 0
-0.62890625 -0.512109375 0
-0.62890625 -0.503125 0
-0.637890625 -0.503125 0
-0.62890625 -0.497046329542 0
-0.62890625 -0.491101289771 0
-0.635897173448 -0.488194084162 0
-0.637062909138 -0.491955200346 0
-0.62890625 -0.48515625 0
-0.636807087581 -0.483497283686 0
-0.638815926381 -0.497191272654 0
-0.62890625 -0.500085664771 0
-0.63705508783 -0.475179076348 0
-0.62890625 -0.476171875 0
-0.62890625 -0.4671875 0
-0.637890625 -0.4671875 0
-0.637890625 -0.458203125 0
-0.62890625 -0.458203125 0
-0.62890625 -0.44921875 0
-0.637890625 -0.44921875 0
-0.637775440705 -0.439870392628 0
-0.62890625 -0.439515625 0
-0.637775440705 0.439870392628 0
-0.62890625 0.439515625 0
-0.62890625 0.44921875 0
-0.637890625 0.44921875 0
-0.637890625 0.458203125 0
-0.62890625 0.458203125 0
-0.62890625 0.4671875 0
-0.637890625 0.4671875 0
-0.63705508783 0.475179076348 0
-0.62890625 0.476171875 0
-0.62890625 0.48515625 0
-0.636807087581 0.483497283686 0
-0.635897173448 0.488194084162 0
-0.62890625 0.491101289771 0
-0.62890625 0.497046329542 0
-0.637062909138 0.491955200346 0
-0.62890625 0.500085664771 0
-0.638815926381 0.497191272654 0
-0.62890625 0.503125 0
-0.637890625 0.503125 0
-0.637890625 0.512109375 0
-0.62890625 0.512109375 0
-0.62890625 0.52109375 0
-0.637890625 0.52109375 0
-0.637775440705 0.530442107372 0
-0.62890625 0.530796875 0
-0.620037059295 -0.530442107372 0
-0.6109375 -0.530078125 0
-0.6109375 -0.52109375 0
-0.619921875 -0.52109375 0
-0.610675548329 -0.507564022139 0
-0.610626327903 -0.505021801414 0
-0.613469227682 -0.50427507852 0
-0.614915287787 -0.505172827439 0
-0.610577107477 -0.502479580688 0
-0.614866067361 -0.502630606713 0
-0.619155027245 -0.502781632738 0
-0.620221999541 -0.512454360905 0
-0.610806524164 -0.51432888607 0
-0.624030638623 -0.502953316369 0
-0.619297968155 -0.493298875412 0
-0.624030638623 -0.49991398114 0
-0.610757303739 -0.493817915344 0
-0.6109375 -0.48515625 0
-0.619921875 -0.48515625 0
-0.625655842416 -0.50098432076 0
-0.619921875 -0.476171875 0
-0.6109375 -0.476171875 0
-0.619921875 -0.4671875 0
-0.619557892628 -0.458087940705 0
-0.619203125 -0.44921875 0
-0.619682291667 -0.439994791667 0
-0.619682291667 0.439994791667 0
-0.619203125 0.44921875 0
-0.619557892628 0.458087940705 0
-0.619921875 0.4671875 0
-0.619921875 0.476171875 0
-0.6109375 0.476171875 0
-0.6109375 0.48515625 0
-0.619921875 0.48515625 0
-0.619297968155 0.493298875412 0
-0.610757303739 0.493817915344 0
-0.610577107477 0.502479580688 0
-0.614866067361 0.502630606713 0
-0.619155027245 0.502781632738 0
-0.624030638623 0.49991398114 0
-0.624030638623 0.502953316369 0
-0.625655842416 0.50098432076 0
-0.613469227682 0.50427507852 0
-0.614915287787 0.505172827439 0
-0.610626327903 0.505021801414 0
-0.610675548329 0.507564022139 0
-0.620221999541 0.512454360905 0
-0.610806524164 0.51432888607 0
-0.6109375 0.52109375 0
-0.619921875 0.52109375 0
-0.620037059295 0.530442107372 0
-0.6109375 0.530078125 0
-0.602192708333 -0.566255208333 0
-0.59296875 -0.566734375 0
-0.59296875 -0.55703125 0
-0.602671875 -0.55703125 0
-0.602317107372 -0.548162059295 0
-0.59296875 -0.548046875 0
-0.59296875 -0.5390625 0
-0.601953125 -0.5390625 0
-0.602104518432 -0.530286979282 0
-0.593149986619 -0.530437259952 0
-0.593331223238 -0.521812019904 0
-0.602134361619 -0.521452884952 0
-0.593234480849 -0.51682454285 0
-0.593101615424 -0.509974771425 0
-0.600524368479 -0.50787688357 0
-0.601955014589 -0.512194282495 0
-0.59296875 -0.503125 0
-0.601772928739 -0.502802290344 0
-0.6033919962 -0.516439962395 0
-0.593282852043 -0.519318281377 0
-0.601808558012 -0.493949921376 0
-0.59296875 -0.494140625 0
-0.59296875 -0.48515625 0
-0.601953125 -0.48515625 0
-0.601837940705 -0.475807892628 0
-0.59296875 -0.475453125 0
-0.601837940705 0.475807892628 0
-0.59296875 0.475453125 0
-0.59296875 0.48515625 0
-0.601953125 0.48515625 0
-0.601808558012 0.493949921376 0
-0.59296875 0.494140625 0
-0.59296875 0.503125 0
-0.601772928739 0.502802290344 0
-0.600524368479 0.50787688357 0
-0.593101615424 0.509974771425 0
-0.593234480849 0.51682454285 0
-0.601955014589 0.512194282495 0
-0.593282852043 0.519318281377 0
-0.6033919962 0.516439962395 0
-0.593331223238 0.521812019904 0
-0.602134361619 0.521452884952 0
-0.602104518432 0.530286979282 0
-0.593149986619 0.530437259952 0
-0.59296875 0.5390625 0
-0.601953125 0.5390625 0
-0.602317107372 0.548162059295 0
-0.59296875 0.548046875 0
-0.59296875 0.55703125 0
-0.602671875 0.55703125 0
-0.602192708333 0.566255208333 0
-0.59296875 0.566734375 0
-0.584099559295 -0.566379607372 0
-0.575 -0.566015625 0
-0.575 -0.55703125 0
-0.583984375 -0.55703125 0
-0.583984375 -0.548046875 0
-0.575 -0.548046875 0
-0.575 -0.5390625 0
-0.583984375 -0.5390625 0
-0.574904493278 -0.525758299195 0
-0.57488675058 -0.523286720161 0
-0.577996413084 -0.522631087982 0
-0.579560115686 -0.523539061411 0
-0.574869007882 -0.520815141127 0
-0.579542372988 -0.521067482377 0
-0.584215738094 -0.521319823626 0
-0.584416929552 -0.530723016781 0
-0.574952246639 -0.532410399598 0
-0.588773480666 -0.521565921765 0
-0.583673011257 -0.511693668917 0
-0.588725109471 -0.519072183238 0
-0.574934503941 -0.511970070564 0
-0.583984375 -0.503125 0
-0.590260480726 -0.519985462126 0
-0.583620392628 -0.494025440705 0
-0.583265625 -0.48515625 0
-0.583744791667 -0.475932291667 0
-0.583744791667 0.475932291667 0
-0.583265625 0.48515625 0
-0.583620392628 0.494025440705 0
-0.583984375 0.503125 0
-0.583673011257 0.511693668917 0
-0.574934503941 0.511970070564 0
-0.574869007882 0.520815141127 0
-0.579542372988 0.521067482377 0
-0.584215738094 0.521319823626 0
-0.588725109471 0.519072183238 0
-0.588773480666 0.521565921765 0
-0.590260480725 0.519985462125 0
-0.577996413084 0.522631087982 0
-0.579560115686 0.523539061411 0
-0.57488675058 0.523286720161 0
-0.574904493278 0.525758299195 0
-0.584416929552 0.530723016781 0
-0.574952246639 0.532410399598 0
-0.575 0.5390625 0
-0.583984375 0.5390625 0
-0.583984375 0.548046875 0
-0.575 0.548046875 0
-0.575 0.55703125 0
-0.583984375 0.55703125 0
-0.584099559295 0.566379607372 0
-0.575 0.566015625 0
-0.565900440705 -0.566379607372 0
-0.55703125 -0.566734375 0
-0.55703125 -0.55703125 0
-0.566015625 -0.55703125 0
-0.566015625 -0.548046875 0
-0.55703125 -0.548046875 0
-0.55703125 -0.5390625 0
-0.566015625 -0.5390625 0
-0.55703125 -0.533719787457 0
-0.55703125 -0.527406768729 0
-0.564659650569 -0.525648652565 0
-0.565967871639 -0.529739043326 0
-0.55703125 -0.52109375 0
-0.565950128941 -0.520954445564 0
-0.567268963973 -0.534119439841 0
-0.55703125 -0.536391143729 0
-0.565845239012 -0.511664060658 0
-0.55703125 -0.511390625 0
-0.565845239012 0.511664060658 0
-0.55703125 0.511390625 0
-0.55703125 0.52109375 0
-0.565950128941 0.520954445564 0
-0.564659650569 0.525648652565 0
-0.55703125 0.527406768729 0
-0.55703125 0.533719787457 0
-0.565967871639 0.529739043326 0
-0.55703125 0.536391143729 0
-0.567268963973 0.534119439841 0
-0.55703125 0.5390625 0
-0.566015625 0.5390625 0
-0.566015625 0.548046875 0
-0.55703125 0.548046875 0
-0.55703125 0.55703125 0
-0.566015625 0.55703125 0
-0.565900440705 0.566379607372 0
-0.55703125 0.566734375 0
-0.548162059295 -0.566379607372 0
-0.5390625 -0.566015625 0
-0.5390625 -0.55703125 0
-0.548046875 -0.55703125 0
-0.538318774561 -0.541297781416 0
-0.538206994447 -0.538933079591 0
-0.541222120219 -0.538546884568 0
-0.542785573164 -0.53953613797 0
-0.538095214334 -0.536568377767 0
-0.54267379305 -0.537171436146 0
-0.547252371767 -0.537774494525 0
-0.548021757911 -0.547900172016 0
-0.53869063728 -0.549164515708 0
-0.552141810883 -0.538418497263 0
-0.547495373259 -0.528873850843 0
-0.552141810883 -0.535747140991 0
-0.538578857167 -0.528831063884 0
-0.5390625 -0.52109375 0
-0.548046875 -0.52109375 0
-0.553771623923 -0.536852260661 0
-0.548162059295 -0.511745392628 0
-0.5390625 -0.512109375 0
-0.548162059295 0.511745392628 0
-0.5390625 0.512109375 0
-0.5390625 0.52109375 0
-0.548046875 0.52109375 0
-0.547495373259 0.528873850843 0
-0.538578857167 0.528831063884 0
-0.538095214334 0.536568377767 0
-0.54267379305 0.537171436146 0
-0.547252371767 0.537774494525 0
-0.552141810883 0.535747140991 0
-0.552141810883 0.538418497263 0
-0.553771623923 0.536852260661 0
-0.541222120219 0.538546884568 0
-0.542785573164 0.53953613797 0
-0.538206994447 0.538933079591 0
-0.538318774561 0.541297781416 0
-0.548021757911 0.547900172016 0
-0.53869063728 0.549164515708 0
-0.5390625 0.55703125 0
-0.548046875 0.55703125 0
-0.548162059295 0.566379607372 0
-0.5390625 0.566015625 0
-0.529962940705 -0.566379607372 0
-0.52109375 -0.566734375 0
-0.52109375 -0.55703125 0
-0.530078125 -0.55703125 0
-0.52109375 -0.547615904363 0
-0.52109375 -0.543339202181 0
-0.5288452528 -0.54135274534 0
-0.52970626228 -0.544456842889 0
-0.52109375 -0.5390625 0
-0.529594482167 -0.537815438884 0
-0.530641575693 -0.550642675791 0
-0.52109375 -0.552323577181 0
-0.529614898795 -0.529387548572 0
-0.52109375 -0.530078125 0
-0.52109375 -0.52109375 0
-0.530078125 -0.52109375 0
-0.529962940705 -0.511745392628 0
-0.52109375 -0.511390625 0
-0.529962940705 0.511745392628 0
-0.52109375 0.511390625 0
-0.52109375 0.52109375 0
-0.530078125 0.52109375 0
-0.529614898795 0.529387548572 0
-0.52109375 0.530078125 0
-0.52109375 0.5390625 0
-0.529594482167 0.537815438884 0
-0.5288452528 0.54135274534 0
-0.52109375 0.543339202181 0
-0.52109375 0.547615904363 0
-0.52970626228 0.544456842889 0
-0.52109375 0.552323577181 0
-0.530641575693 0.550642675791 0
-0.52109375 0.55703125 0
-0.530078125 0.55703125 0
-0.529962940705 0.566379607372 0
-0.52109375 0.566734375 0
-0.512405754685 -0.566689699022 0
-0.503299731235 -0.566577824325 0
-0.50347446247 -0.55815564865 0
-0.512284106235 -0.557593449325 0
-0.503388821205 -0.553476572838 0
-0.503256910603 -0.546269536419 0
-0.511412460352 -0.544919155134 0
-0.512241285603 -0.550546238601 0
-0.503125 -0.5390625 0
-0.512109375 -0.5390625 0
-0.51324714476 -0.55387137299 0
-0.503431641837 -0.555816110744 0
-0.512109375 -0.530078125 0
-0.503125 -0.530078125 0
-0.503125 -0.52109375 0
-0.512109375 -0.52109375 0
-0.512224559295 -0.511745392628 0
-0.503125 -0.512109375 0
-0.512224559295 0.511745392628 0
-0.503125 0.512109375 0
-0.503125 0.52109375 0
-0.512109375 0.52109375 0
-0.512109375 0.530078125 0
-0.503125 0.530078125 0
-0.503125 0.5390625 0
-0.512109375 0.5390625 0
-0.511412460352 0.544919155134 0
-0.503256910603 0.546269536419 0
-0.503388821205 0.553476572838 0
-0.512241285603 0.550546238601 0
-0.503431641837 0.555816110744 0
-0.51324714476 0.55387137299 0
-0.50347446247 0.55815564865 0
-0.512284106235 0.557593449325 0
-0.512405754685 0.566689699022 0
-0.503299731235 0.566577824325 0
-0.494380208333 -0.602192708333 0
-0.48515625 -0.602671875 0
-0.48515625 -0.59296875 0
-0.494859375 -0.59296875 0
-0.494504607372 -0.584099559295 0
-0.48515625 -0.583984375 0
-0.48515625 -0.575 0
-0.494140625 -0.575 0
-0.484588204733 -0.559019218773 0
-0.484506157762 -0.556710996583 0
-0.487698987276 -0.556575956742 0
-0.489336425518 -0.557662547915 0
-0.484424110792 -0.554402774393 0
-0.489254378547 -0.555354325725 0
-0.494084646302 -0.556305877057 0
-0.494156646761 -0.566132423103 0
-0.484872227367 -0.567009609386 0
-0.498779554386 -0.557230762853 0
-0.49393202321 -0.547187689439 0
-0.498736733754 -0.554891224948 0
-0.484790180396 -0.546732637197 0
-0.48515625 -0.5390625 0
-0.494140625 -0.5390625 0
-0.500315976658 -0.555979366181 0
-0.494140625 -0.530078125 0
-0.48515625 -0.530078125 0
-0.48515625 -0.52109375 0
-0.494140625 -0.52109375 0
-0.494025440705 -0.511745392628 0
-0.48515625 -0.511390625 0
-0.494025440705 0.511745392628 0
-0.48515625 0.511390625 0
-0.48515625 0.52109375 0
-0.494140625 0.52109375 0
-0.494140625 0.530078125 0
-0.48515625 0.530078125 0
-0.48515625 0.5390625 0
-0.494140625 0.5390625 0
-0.49393202321 0.547187689438 0
-0.484790180396 0.546732637197 0
-0.484424110792 0.554402774393 0
-0.489254378547 0.555354325725 0
-0.494084646302 0.556305877057 0
-0.498736733754 0.554891224948 0
-0.498779554386 0.557230762853 0
-0.500315976658 0.555979366181 0
-0.487698987276 0.556575956742 0
-0.489336425518 0.557662547915 0
-0.484506157762 0.556710996583 0
-0.484588204733 0.559019218773 0
-0.494156646761 0.566132423103 0
-0.484872227367 0.567009609386 0
-0.48515625 0.575 0
-0.494140625 0.575 0
-0.494504607372 0.584099559295 0
-0.48515625 0.583984375 0
-0.48515625 0.59296875 0
-0.494859375 0.59296875 0
-0.494380208333 0.602192708333 0
-0.48515625 0.602671875 0
-0.476287059295 -0.602317107372 0
-0.4671875 -0.601953125 0
-0.4671875 -0.59296875 0
-0.476171875 -0.59296875 0
-0.476171875 -0.583984375 0
-0.4671875 -0.583984375 0
-0.4671875 -0.575 0
-0.476171875 -0.575 0
-0.4671875 -0.56354200362 0
-0.4671875 -0.56028662681 0
-0.475365765798 -0.558603273312 0
-0.475887852367 -0.561280611196 0
-0.4671875 -0.55703125 0
-0.475805805396 -0.555717012197 0
-0.476522830702 -0.56810793849 0
-0.4671875 -0.56927100181 0
-0.475753498473 -0.547345046589 0
-0.4671875 -0.548046875 0
-0.476171875 -0.5390625 0
-0.475807892628 -0.529962940705 0
-0.475453125 -0.52109375 0
-0.475932291667 -0.511869791667 0
-0.475932291667 0.511869791667 0
-0.475453125 0.52109375 0
-0.475807892628 0.529962940705 0
-0.476171875 0.5390625 0
-0.475753498473 0.547345046589 0
-0.4671875 0.548046875 0
-0.4671875 0.55703125 0
-0.475805805396 0.555717012197 0
-0.475365765798 0.558603273312 0
-0.4671875 0.56028662681 0
-0.4671875 0.56354200362 0
-0.475887852367 0.561280611196 0
-0.4671875 0.56927100181 0
-0.476522830702 0.56810793849 0
-0.4671875 0.575 0
-0.476171875 0.575 0
-0.476171875 0.583984375 0
-0.4671875 0.583984375 0
-0.4671875 0.59296875 0
-0.476171875 0.59296875 0
-0.476287059295 0.602317107372 0
-0.4671875 0.601953125 0
-0.458087940705 -0.602317107372 0
-0.44921875 -0.602671875 0
-0.44921875 -0.59296875 0
-0.458203125 -0.59296875 0
-0.458203125 -0.583984375 0
-0.44921875 -0.583984375 0
-0.44921875 -0.575 0
-0.458203125 -0.575 0
-0.44921875 -0.567615089342 0
-0.44921875 -0.562323169671 0
-0.457489563512 -0.561385771899 0
-0.458203125 -0.565578546481 0
-0.44921875 -0.55703125 0
-0.458203125 -0.55703125 0
-0.458850479633 -0.570215903337 0
-0.44921875 -0.571307544671 0
-0.458087940705 -0.547682892628 0
-0.44921875 -0.547328125 0
-0.458087940705 0.547682892628 0
-0.44921875 0.547328125 0
-0.44921875 0.55703125 0
-0.458203125 0.55703125 0
-0.457489563512 0.561385771899 0
-0.44921875 0.562323169671 0
-0.44921875 0.567615089342 0
-0.458203125 0.565578546481 0
-0.44921875 0.571307544671 0
-0.458850479633 0.570215903337 0
-0.44921875 0.575 0
-0.458203125 0.575 0
-0.458203125 0.583984375 0
-0.44921875 0.583984375 0
-0.44921875 0.59296875 0
-0.458203125 0.59296875 0
-0.458087940705 0.602317107372 0
-0.44921875 0.602671875 0
-0.440349559295 -0.602317107372 0
-0.43125 -0.601953125 0
-0.43125 -0.59296875 0
-0.440234375 -0.59296875 0
-0.440316307553 -0.584151792524 0
-0.431306000063 -0.584302400052 0
-0.431362000127 -0.575636050104 0
-0.440290375063 -0.575318025052 0
-0.431334567302 -0.571079071119 0
-0.431292283651 -0.564055160559 0
-0.439834480837 -0.56322568337 0
-0.440276658651 -0.56934708023 0
-0.43125 -0.55703125 0
-0.440234375 -0.55703125 0
-0.44098785493 -0.572250809576 0
-0.431348283714 -0.573357560611 0
-0.440349559295 -0.547682892628 0
-0.43125 -0.548046875 0
-0.440349559295 0.547682892628 0
-0.43125 0.548046875 0
-0.43125 0.55703125 0
-0.440234375 0.55703125 0
-0.439834480837 0.56322568337 0
-0.431292283651 0.564055160559 0
-0.431334567302 0.571079071119 0
-0.440276658651 0.56934708023 0
-0.431348283714 0.573357560611 0
-0.44098785493 0.572250809576 0
-0.431362000127 0.575636050104 0
-0.440290375063 0.575318025052 0
-0.440316307553 0.584151792524 0
-0.431306000063 0.584302400052 0
-0.43125 0.59296875 0
-0.440234375 0.59296875 0
-0.440349559295 0.602317107372 0
-0.43125 0.601953125 0
-0.422150440705 -0.602317107372 0
-0.41328125 -0.602671875 0
-0.41328125 -0.59296875 0
-0.422265625 -0.59296875 0
-0.422683769582 -0.58501950483 0
-0.413531551694 -0.585712536791 0
-0.413781853388 -0.578456323581 0
-0.422571926758 -0.577046186842 0
-0.413676148545 -0.573932314968 0
-0.413478699273 -0.565481782484 0
-0.422109439268 -0.56477131429 0
-0.422505357924 -0.572505693043 0
-0.41328125 -0.55703125 0
-0.422265625 -0.55703125 0
-0.422545188664 -0.574773194691 0
-0.413729000967 -0.576194319275 0
-0.422150440705 -0.547682892628 0
-0.41328125 -0.547328125 0
-0.422150440705 0.547682892628 0
-0.41328125 0.547328125 0
-0.41328125 0.55703125 0
-0.422265625 0.55703125 0
-0.422109439268 0.56477131429 0
-0.413478699273 0.565481782484 0
-0.413676148545 0.573932314968 0
-0.422505357924 0.572505693043 0
-0.413729000967 0.576194319275 0
-0.422545188664 0.574773194691 0
-0.413781853388 0.578456323581 0
-0.422571926758 0.577046186842 0
-0.422683769582 0.58501950483 0
-0.413531551694 0.585712536791 0
-0.41328125 0.59296875 0
-0.422265625 0.59296875 0
-0.422150440705 0.602317107372 0
-0.41328125 0.602671875 0
-0.404412059295 -0.602317107372 0
-0.3953125 -0.601953125 0
-0.3953125 -0.59296875 0
-0.404296875 -0.59296875 0
-0.395029358664 -0.576342938286 0
-0.394990936918 -0.57408684693 0
-0.398164174987 -0.574455905265 0
-0.399770004895 -0.57576848011 0
-0.394952515171 -0.571830755575 0
-0.399731583149 -0.573512388755 0
-0.404510651127 -0.575194021934 0
-0.404168258173 -0.584543273557 0
-0.395170929332 -0.584655844143 0
-0.409146252258 -0.576825172758 0
-0.404495666021 -0.565614679689 0
-0.409093399836 -0.574563168451 0
-0.395132507586 -0.564431002787 0
-0.3953125 -0.55703125 0
-0.404296875 -0.55703125 0
-0.410656217687 -0.575860886829 0
-0.404412059295 -0.547682892628 0
-0.3953125 -0.548046875 0
-0.404412059295 0.547682892628 0
-0.3953125 0.548046875 0
-0.3953125 0.55703125 0
-0.404296875 0.55703125 0
-0.404495666021 0.565614679689 0
-0.395132507586 0.564431002787 0
-0.394952515171 0.571830755575 0
-0.399731583149 0.573512388755 0
-0.404510651127 0.575194021934 0
-0.409093399836 0.574563168451 0
-0.409146252258 0.576825172758 0
-0.410656217687 0.575860886829 0
-0.398164174987 0.574455905265 0
-0.399770004895 0.57576848011 0
-0.394990936918 0.57408684693 0
-0.395029358664 0.576342938286 0
-0.404168258173 0.584543273557 0
-0.395170929332 0.584655844143 0
-0.3953125 0.59296875 0
-0.404296875 0.59296875 0
-0.404412059295 0.602317107372 0
-0.3953125 0.601953125 0
-0.386212940705 -0.602317107372 0
-0.37734375 -0.602671875 0
-0.37734375 -0.59296875 0
-0.386328125 -0.59296875 0
-0.377253150336 -0.578071915754 0
-0.377239450971 -0.575819399969 0
-0.386119131268 -0.574953783933 0
-0.3861412545 -0.57720742702 0
-0.377225751605 -0.573566884185 0
-0.386089133388 -0.57269881988 0
-0.386399005975 -0.585092783915 0
-0.377298450168 -0.585520332877 0
-0.386042878874 -0.564853457032 0
-0.377284750803 -0.565299067093 0
-0.37734375 -0.55703125 0
-0.386328125 -0.55703125 0
-0.386212940705 -0.547682892628 0
-0.37734375 -0.547328125 0
-0.386212940705 0.547682892628 0
-0.37734375 0.547328125 0
-0.37734375 0.55703125 0
-0.386328125 0.55703125 0
-0.386042878874 0.564853457032 0
-0.377284750803 0.565299067093 0
-0.377225751605 0.573566884185 0
-0.386089133388 0.57269881988 0
-0.386119131268 0.574953783933 0
-0.377239450971 0.575819399969 0
-0.377253150336 0.578071915754 0
-0.3861412545 0.57720742702 0
-0.377298450168 0.585520332877 0
-0.386399005975 0.585092783915 0
-0.37734375 0.59296875 0
-0.386328125 0.59296875 0
-0.386212940705 0.602317107372 0
-0.37734375 0.602671875 0
-0.368474559295 -0.602317107372 0
-0.359375 -0.601953125 0
-0.359375 -0.59296875 0
-0.368359375 -0.59296875 0
-0.359365701188 -0.579256122621 0
-0.359364176147 -0.577007199805 0
-0.368304727994 -0.576413616681 0
-0.368309425762 -0.578664019187 0
-0.359362651107 -0.57475827699 0
-0.368294201356 -0.574162580588 0
-0.36845836484 -0.585817421324 0
-0.359370350594 -0.58611243631 0
-0.368222672504 -0.565591597362 0
-0.359368825554 -0.565894763495 0
-0.359375 -0.55703125 0
-0.368359375 -0.55703125 0
-0.368474559295 -0.547682892628 0
-0.359375 -0.548046875 0
-0.368474559295 0.547682892628 0
-0.359375 0.548046875 0
-0.359375 0.55703125 0
-0.368359375 0.55703125 0
-0.368222672504 0.565591597362 0
-0.359368825554 0.565894763495 0
-0.359362651107 0.57475827699 0
-0.368294201356 0.574162580588 0
-0.368304727994 0.576413616681 0
-0.359364176147 0.577007199805 0
-0.359365701188 0.579256122621 0
-0.368309425762 0.578664019187 0
-0.359370350594 0.58611243631 0
-0.36845836484 0.585817421324 0
-0.359375 0.59296875 0
-0.368359375 0.59296875 0
-0.368474559295 0.602317107372 0
-0.359375 0.601953125 0
-0.350275440705 -0.602317107372 0
-0.34140625 -0.602671875 0
-0.34140625 -0.59296875 0
-0.350390625 -0.59296875 0
-0.34140625 -0.579887831792 0
-0.34140625 -0.577443915896 0
-0.350260875501 -0.577228650779 0
-0.350385975594 -0.579571977207 0
-0.34140625 -0.575 0
-0.350384450554 -0.574879138495 0
-0.350458908013 -0.5862696864 0
-0.34140625 -0.586428290896 0
-0.350367258094 -0.565954301272 0
-0.34140625 -0.566015625 0
-0.34140625 -0.55703125 0
-0.350390625 -0.55703125 0
-0.350275440705 -0.547682892628 0
-0.34140625 -0.547328125 0
-0.350275440705 0.547682892628 0
-0.34140625 0.547328125 0
-0.34140625 0.55703125 0
-0.350390625 0.55703125 0
-0.350367258094 0.565954301272 0
-0.34140625 0.566015625 0
-0.34140625 0.575 0
-0.350384450554 0.574879138495 0
-0.350260875501 0.577228650779 0
-0.34140625 0.577443915896 0
-0.34140625 0.579887831792 0
-0.350385975594 0.579571977207 0
-0.34140625 0.586428290896 0
-0.350458908013 0.5862696864 0
-0.34140625 0.59296875 0
-0.350390625 0.59296875 0
-0.350275440705 0.602317107372 0
-0.34140625 0.602671875 0
-0.332537059295 -0.602317107372 0
-0.3234375 -0.601953125 0
-0.3234375 -0.59296875 0
-0.332421875 -0.59296875 0
-0.3234375 -0.579962872599 0
-0.3234375 -0.5774814363 0
-0.332399061242 -0.577462723735 0
-0.332421875 -0.579925352196 0
-0.3234375 -0.575 0
-0.332421875 -0.575 0
-0.332430489764 -0.586447033109 0
-0.3234375 -0.5864658113 0
-0.332421875 -0.566015625 0
-0.3234375 -0.566015625 0
-0.3234375 -0.55703125 0
-0.332421875 -0.55703125 0
-0.332537059295 -0.547682892628 0
-0.3234375 -0.548046875 0
-0.332537059295 0.547682892628 0
-0.3234375 0.548046875 0
-0.3234375 0.55703125 0
-0.332421875 0.55703125 0
-0.332421875 0.566015625 0
-0.3234375 0.566015625 0
-0.3234375 0.575 0
-0.332421875 0.575 0
-0.332399061242 0.577462723735 0
-0.3234375 0.5774814363 0
-0.3234375 0.579962872599 0
-0.332421875 0.579925352196 0
-0.3234375 0.5864658113 0
-0.332430489764 0.586447033109 0
-0.3234375 0.59296875 0
-0.332421875 0.59296875 0
-0.332537059295 0.602317107372 0
-0.3234375 0.601953125 0
-0.314337940705 -0.602317107372 0
-0.30546875 -0.602671875 0
-0.30546875 -0.59296875 0
-0.314453125 -0.59296875 0
-0.305469237139 -0.579481010624 0
-0.305469318334 -0.577232892989 0
-0.314601143007 -0.577359211897 0
-0.314453368569 -0.579721941612 0
-0.30546939953 -0.574984775354 0
-0.314453449765 -0.574992387677 0
-0.314398777971 -0.586344644843 0
-0.305468993569 -0.586224880312 0
-0.31445455664 -0.566011765248 0
-0.305469074765 -0.566008012677 0
-0.30546875 -0.55703125 0
-0.314453125 -0.55703125 0
-0.314337940705 -0.547682892628 0
-0.30546875 -0.547328125 0
-0.314337940705 0.547682892628 0
-0.30546875 0.547328125 0
-0.30546875 0.55703125 0
-0.314453125 0.55703125 0
-0.31445455664 0.566011765248 0
-0.305469074765 0.566008012677 0
-0.30546939953 0.574984775354 0
-0.314453449765 0.574992387677 0
-0.314601143007 0.577359211897 0
-0.305469318334 0.577232892989 0
-0.305469237139 0.579481010624 0
-0.314453368569 0.579721941612 0
-0.305468993569 0.586224880312 0
-0.314398777971 0.586344644843 0
-0.30546875 0.59296875 0
-0.314453125 0.59296875 0
-0.314337940705 0.602317107372 0
-0.30546875 0.602671875 0
-0.296599559295 -0.602317107372 0
-0.2875 -0.601953125 0
-0.2875 -0.59296875 0
-0.296484375 -0.59296875 0
-0.287559682072 -0.578445174078 0
-0.287568934191 -0.576193679648 0
-0.296516533833 -0.576713519736 0
-0.296514459605 -0.578963092351 0
-0.28757818631 -0.573942185217 0
-0.29652379292 -0.574463480286 0
-0.296388671154 -0.585966430359 0
-0.287529841036 -0.585706962039 0
-0.296593631744 -0.565743495619 0
-0.287539093155 -0.565486717609 0
-0.2875 -0.55703125 0
-0.296484375 -0.55703125 0
-0.296599559295 -0.547682892628 0
-0.2875 -0.548046875 0
-0.296599559295 0.547682892628 0
-0.2875 0.548046875 0
-0.2875 0.55703125 0
-0.296484375 0.55703125 0
-0.296593631744 0.565743495619 0
-0.287539093155 0.565486717609 0
-0.28757818631 0.573942185217 0
-0.29652379292 0.574463480286 0
-0.296516533833 0.576713519736 0
-0.287568934191 0.576193679648 0
-0.287559682072 0.578445174078 0
-0.296514459605 0.578963092351 0
-0.287529841036 0.585706962039 0
-0.296388671154 0.585966430359 0
-0.2875 0.59296875 0
-0.296484375 0.59296875 0
-0.296599559295 0.602317107372 0
-0.2875 0.601953125 0
-0.278400440705 -0.602317107372 0
-0.26953125 -0.602671875 0
-0.26953125 -0.59296875 0
-0.278515625 -0.59296875 0
-0.269748831714 -0.576862025722 0
-0.269779296683 -0.574606823097 0
-0.278670425969 -0.575400816539 0
-0.278654256893 -0.5776535999 0
-0.269809761652 -0.572351620471 0
-0.278693973981 -0.573146902844 0
-0.278430122354 -0.585314566906 0
-0.269640040857 -0.584915387861 0
-0.278752479272 -0.565079270183 0
-0.269670505826 -0.564691435236 0
-0.26953125 -0.55703125 0
-0.278515625 -0.55703125 0
-0.278400440705 -0.547682892628 0
-0.26953125 -0.547328125 0
-0.278400440705 0.547682892628 0
-0.26953125 0.547328125 0
-0.26953125 0.55703125 0
-0.278515625 0.55703125 0
-0.278752479272 0.565079270183 0
-0.269670505826 0.564691435236 0
-0.269809761652 0.572351620471 0
-0.278693973981 0.573146902844 0
-0.278670425969 0.575400816539 0
-0.269779296683 0.574606823097 0
-0.269748831714 0.576862025722 0
-0.278654256893 0.5776535999 0
-0.269640040857 0.584915387861 0
-0.278430122354 0.585314566906 0
-0.26953125 0.59296875 0
-0.278515625 0.59296875 0
-0.278400440705 0.602317107372 0
-0.26953125 0.602671875 0
-0.260662059295 -0.602317107372 0
-0.2515625 -0.601953125 0
-0.2515625 -0.59296875 0
-0.260546875 -0.59296875 0
-0.260260611152 -0.575791991646 0
-0.265035186402 -0.574071806058 0
-0.266606401506 -0.57500187928 0
-0.265004721433 -0.576327008684 0
-0.260661754238 -0.584840583568 0
-0.251280898385 -0.586048705563 0
-0.25099929677 -0.579128661126 0
-0.255629953961 -0.577460326386 0
-0.260304923634 -0.56591345747 0
-0.255687533541 -0.575201178049 0
-0.251114455929 -0.574610364453 0
-0.251338477965 -0.565820807226 0
-0.2515625 -0.55703125 0
-0.260546875 -0.55703125 0
-0.254124787951 -0.576510339075 0
-0.25105687635 -0.57686951279 0
-0.260662059295 -0.547682892628 0
-0.2515625 -0.548046875 0
-0.260662059295 0.547682892628 0
-0.2515625 0.548046875 0
-0.2515625 0.55703125 0
-0.260546875 0.55703125 0
-0.260304923634 0.56591345747 0
-0.251338477965 0.565820807226 0
-0.251114455929 0.574610364453 0
-0.255687533541 0.575201178049 0
-0.260260611152 0.575791991646 0
-0.265035186402 0.574071806058 0
-0.25105687635 0.57686951279 0
-0.254124787951 0.576510339075 0
-0.25099929677 0.579128661126 0
-0.255629953961 0.577460326386 0
-0.266606401506 0.57500187928 0
-0.265004721433 0.576327008684 0
-0.260661754238 0.584840583568 0
-0.251280898385 0.586048705563 0
-0.2515625 0.59296875 0
-0.260546875 0.59296875 0
-0.260662059295 0.602317107372 0
-0.2515625 0.601953125 0
-0.242462940705 -0.602317107372 0
-0.23359375 -0.602671875 0
-0.23359375 -0.59296875 0
-0.242578125 -0.59296875 0
-0.242112330649 -0.585386003521 0
-0.233472518522 -0.584707441189 0
-0.233351287044 -0.576446132377 0
-0.242175291907 -0.577787396752 0
-0.233408057244 -0.571900337991 0
-0.233500903622 -0.564465793996 0
-0.242669750438 -0.565146422845 0
-0.242261256586 -0.573255351222 0
-0.23359375 -0.55703125 0
-0.242578125 -0.55703125 0
-0.242212272411 -0.575519199922 0
-0.233379672144 -0.574173235184 0
-0.242462940705 -0.547682892628 0
-0.23359375 -0.547328125 0
-0.242462940705 0.547682892628 0
-0.23359375 0.547328125 0
-0.23359375 0.55703125 0
-0.242578125 0.55703125 0
-0.242669750438 0.565146422845 0
-0.233500903622 0.564465793996 0
-0.233408057244 0.571900337991 0
-0.242261256586 0.573255351222 0
-0.233379672144 0.574173235184 0
-0.242212272411 0.575519199922 0
-0.233351287044 0.576446132377 0
-0.242175291907 0.577787396752 0
-0.242112330649 0.585386003521 0
-0.233472518522 0.584707441189 0
-0.23359375 0.59296875 0
-0.242578125 0.59296875 0
-0.242462940705 0.602317107372 0
-0.23359375 0.602671875 0
-0.224724559295 -0.602317107372 0
-0.215625 -0.601953125 0
-0.215625 -0.59296875 0
-0.224609375 -0.59296875 0
-0.22442330279 -0.584361167901 0
-0.215625 -0.583984375 0
-0.215625 -0.575 0
-0.224488143522 -0.575723066189 0
-0.215625 -0.568610903321 0
-0.215625 -0.56282107666 0
-0.224935244471 -0.563667665043 0
-0.224516528622 -0.570255620656 0
-0.215625 -0.55703125 0
-0.224609375 -0.55703125 0
-0.2240059178 -0.572921438093 0
-0.215625 -0.57180545166 0
-0.224724559295 -0.547682892628 0
-0.215625 -0.548046875 0
-0.224724559295 0.547682892628 0
-0.215625 0.548046875 0
-0.215625 0.55703125 0
-0.224609375 0.55703125 0
-0.224935244471 0.563667665043 0
-0.215625 0.56282107666 0
-0.215625 0.568610903321 0
-0.224516528622 0.570255620656 0
-0.215625 0.57180545166 0
-0.2240059178 0.572921438093 0
-0.215625 0.575 0
-0.224488143522 0.575723066189 0
-0.22442330279 0.584361167901 0
-0.215625 0.583984375 0
-0.215625 0.59296875 0
-0.224609375 0.59296875 0
-0.224724559295 0.602317107372 0
-0.215625 0.601953125 0
-0.206525440705 -0.602317107372 0
-0.19765625 -0.602671875 0
-0.19765625 -0.59296875 0
-0.206640625 -0.59296875 0
-0.206640625 -0.583984375 0
-0.19765625 -0.583984375 0
-0.19765625 -0.575 0
-0.206640625 -0.575 0
-0.19765625 -0.564699151616 0
-0.19765625 -0.560865200808 0
-0.207249267575 -0.561909388714 0
-0.206640625 -0.566655027468 0
-0.19765625 -0.55703125 0
-0.206640625 -0.55703125 0
-0.205938712479 -0.570751111438 0
-0.19765625 -0.569849575808 0
-0.206525440705 -0.547682892628 0
-0.19765625 -0.547328125 0
-0.206525440705 0.547682892628 0
-0.19765625 0.547328125 0
-0.19765625 0.55703125 0
-0.206640625 0.55703125 0
-0.207249267575 0.561909388714 0
-0.19765625 0.560865200808 0
-0.19765625 0.564699151616 0
-0.206640625 0.566655027468 0
-0.19765625 0.569849575808 0
-0.205938712479 0.570751111438 0
-0.19765625 0.575 0
-0.206640625 0.575 0
-0.206640625 0.583984375 0
-0.19765625 0.583984375 0
-0.19765625 0.59296875 0
-0.206640625 0.59296875 0
-0.206525440705 0.602317107372 0
-0.19765625 0.602671875 0
-0.188787059295 -0.602317107372 0
-0.1796875 -0.601953125 0
-0.1796875 -0.59296875 0
-0.188671875 -0.59296875 0
-0.188671875 -0.583984375 0
-0.1796875 -0.583984375 0
-0.1796875 -0.575 0
-0.188671875 -0.575 0
-0.179974544569 -0.560260977333 0
-0.180019604512 -0.55794726165 0
-0.189560346865 -0.559529018884 0
-0.188815397284 -0.562480064475 0
-0.180064664454 -0.555633545967 0
-0.188860457227 -0.556332397983 0
-0.188213424613 -0.568687848591 0
-0.179831022284 -0.567630488667 0
-0.188999297757 -0.547303508261 0
-0.179876082227 -0.547348022983 0
-0.188999297757 0.547303508261 0
-0.179876082227 0.547348022983 0
-0.180064664454 0.555633545967 0
-0.188860457227 0.556332397983 0
-0.189560346865 0.559529018884 0
-0.180019604512 0.55794726165 0
-0.179974544569 0.560260977333 0
-0.188815397284 0.562480064475 0
-0.179831022284 0.567630488667 0
-0.188213424613 0.568687848591 0
-0.1796875 0.575 0
-0.188671875 0.575 0
-0.188671875 0.583984375 0
-0.1796875 0.583984375 0
-0.1796875 0.59296875 0
-0.188671875 0.59296875 0
-0.188787059295 0.602317107372 0
-0.1796875 0.601953125 0
-0.170587940705 -0.602317107372 0
-0.16171875 -0.602671875 0
-0.16171875 -0.59296875 0
-0.170703125 -0.59296875 0
-0.170703125 -0.583984375 0
-0.16171875 -0.583984375 0
-0.16171875 -0.575 0
-0.170703125 -0.575 0
-0.170379276622 -0.55760310676 0
-0.175221970538 -0.556618326363 0
-0.176806161881 -0.557832543352 0
-0.175176910595 -0.558932042047 0
-0.170507154309 -0.566778814992 0
-0.161343277975 -0.567258482724 0
-0.16096780595 -0.559516965447 0
-0.165673541286 -0.558560036104 0
-0.170708507398 -0.54784221293 0
-0.165758760671 -0.556238801962 0
-0.16113824472 -0.554874497165 0
-0.16142849736 -0.546968498582 0
-0.16171875 -0.5390625 0
-0.170703125 -0.5390625 0
-0.164161775764 -0.557331523124 0
-0.161053025335 -0.557195731306 0
-0.171067107372 -0.529962940705 0
-0.16171875 -0.530078125 0
-0.16171875 -0.52109375 0
-0.171421875 -0.52109375 0
-0.170942708333 -0.511869791667 0
-0.16171875 -0.511390625 0
-0.170942708333 0.511869791667 0
-0.16171875 0.511390625 0
-0.16171875 0.52109375 0
-0.171421875 0.52109375 0
-0.171067107372 0.529962940705 0
-0.16171875 0.530078125 0
-0.16171875 0.5390625 0
-0.170703125 0.5390625 0
-0.170708507398 0.54784221293 0
-0.16142849736 0.546968498582 0
-0.16113824472 0.554874497165 0
-0.165758760671 0.556238801962 0
-0.170379276622 0.55760310676 0
-0.175221970538 0.556618326363 0
-0.161053025335 0.557195731306 0
-0.164161775764 0.557331523124 0
-0.16096780595 0.559516965447 0
-0.165673541286 0.558560036104 0
-0.176806161882 0.557832543354 0
-0.175176910595 0.558932042047 0
-0.170507154309 0.566778814992 0
-0.161343277975 0.567258482724 0
-0.16171875 0.575 0
-0.170703125 0.575 0
-0.170703125 0.583984375 0
-0.16171875 0.583984375 0
-0.16171875 0.59296875 0
-0.170703125 0.59296875 0
-0.170587940705 0.602317107372 0
-0.16171875 0.602671875 0
-0.152494791667 -0.602192708333 0
-0.152015625 -0.59296875 0
-0.152370392628 -0.584099559295 0
-0.152734375 -0.575 0
-0.152325187369 -0.566685323868 0
-0.14375 -0.566015625 0
-0.14375 -0.55703125 0
-0.152358902975 -0.558274107724 0
-0.14375 -0.54928220206 0
-0.14375 -0.54417235103 0
-0.15323096907 -0.545643958336 0
-0.15244412236 -0.552078349612 0
-0.14375 -0.5390625 0
-0.152734375 -0.5390625 0
-0.151690158896 -0.555003818174 0
-0.14375 -0.55315672603 0
-0.152734375 -0.530078125 0
-0.14375 -0.530078125 0
-0.14375 -0.52109375 0
-0.152734375 -0.52109375 0
-0.152849559295 -0.511745392628 0
-0.14375 -0.512109375 0
-0.152849559295 0.511745392628 0
-0.14375 0.512109375 0
-0.14375 0.52109375 0
-0.152734375 0.52109375 0
-0.152734375 0.530078125 0
-0.14375 0.530078125 0
-0.14375 0.5390625 0
-0.152734375 0.5390625 0
-0.15323096907 0.545643958336 0
-0.14375 0.54417235103 0
-0.14375 0.54928220206 0
-0.15244412236 0.552078349612 0
-0.14375 0.55315672603 0
-0.151690158896 0.555003818174 0
-0.14375 0.55703125 0
-0.152358902975 0.558274107724 0
-0.152325187369 0.566685323868 0
-0.14375 0.566015625 0
-0.152734375 0.575 0
-0.152370392628 0.584099559295 0
-0.152015625 0.59296875 0
-0.152494791667 0.602192708333 0
-0.134650440705 -0.566379607372 0
-0.12578125 -0.566734375 0
-0.12578125 -0.55703125 0
-0.134765625 -0.55703125 0
-0.126030367819 -0.542951553224 0
-0.126072561135 -0.540566861979 0
-0.13597795926 -0.542591231682 0
-0.13489018391 -0.546116877642 0
-0.12611475445 -0.538182170733 0
-0.134932377225 -0.538622335367 0
-0.13396102398 -0.551429305838 0
-0.12590580891 -0.549991401612 0
-0.134923954829 -0.52983184359 0
-0.125948002225 -0.529637960367 0
-0.12578125 -0.52109375 0
-0.134765625 -0.52109375 0
-0.134650440705 -0.511745392628 0
-0.12578125 -0.511390625 0
-0.134650440705 0.511745392628 0
-0.12578125 0.511390625 0
-0.12578125 0.52109375 0
-0.134765625 0.52109375 0
-0.134923954829 0.52983184359 0
-0.125948002225 0.529637960367 0
-0.12611475445 0.538182170733 0
-0.134932377225 0.538622335367 0
-0.13597795926 0.542591231682 0
-0.126072561135 0.540566861979 0
-0.126030367819 0.542951553224 0
-0.13489018391 0.546116877642 0
-0.12590580891 0.549991401612 0
-0.13396102398 0.551429305838 0
-0.12578125 0.55703125 0
-0.134765625 0.55703125 0
-0.134650440705 0.566379607372 0
-0.12578125 0.566734375 0
-0.116912059295 -0.566379607372 0
-0.1078125 -0.566015625 0
-0.1078125 -0.55703125 0
-0.116796875 -0.55703125 0
-0.116563883375 -0.539300495197 0
-0.121339318912 -0.538741332965 0
-0.122903001881 -0.540144739718 0
-0.121297125597 -0.541126024211 0
-0.116482744604 -0.548668381777 0
-0.107539076691 -0.548710243787 0
-0.107265653383 -0.540389237574 0
-0.111914768379 -0.539844866385 0
-0.116999651368 -0.529691207594 0
-0.111982862286 -0.53744217228 0
-0.107401841197 -0.535583849362 0
-0.107607170599 -0.528338799681 0
-0.1078125 -0.52109375 0
-0.116796875 -0.52109375 0
-0.110410459318 -0.538424527378 0
-0.10733374729 -0.537986543468 0
-0.116912059295 -0.511745392628 0
-0.1078125 -0.512109375 0
-0.116912059295 0.511745392628 0
-0.1078125 0.512109375 0
-0.1078125 0.52109375 0
-0.116796875 0.52109375 0
-0.116999651368 0.529691207594 0
-0.107607170599 0.528338799681 0
-0.107401841197 0.535583849362 0
-0.111982862286 0.53744217228 0
-0.116563883375 0.539300495197 0
-0.121339318912 0.538741332965 0
-0.10733374729 0.537986543468 0
-0.110410459318 0.538424527378 0
-0.107265653383 0.540389237574 0
-0.111914768379 0.539844866385 0
-0.122903001881 0.540144739718 0
-0.121297125597 0.541126024211 0
-0.116482744604 0.548668381777 0
-0.107539076691 0.548710243787 0
-0.1078125 0.55703125 0
-0.116796875 0.55703125 0
-0.116912059295 0.566379607372 0
-0.1078125 0.566015625 0
-0.0987129407051 -0.566379607372 0
-0.08984375 -0.566734375 0
-0.08984375 -0.55703125 0
-0.098828125 -0.55703125 0
-0.0985772772497 -0.548420555313 0
-0.08984375 -0.548046875 0
-0.08984375 -0.5390625 0
-0.0985547016913 -0.539725868787 0
-0.08984375 -0.52794410271 0
-0.08984375 -0.524518926355 0
-0.0997934114261 -0.526645319539 0
-0.0986227955987 -0.531763976036 0
-0.08984375 -0.52109375 0
-0.098828125 -0.52109375 0
-0.0974420586521 -0.535443774773 0
-0.08984375 -0.533503301355 0
-0.098828125 -0.512109375 0
-0.08984375 -0.512109375 0
-0.08984375 -0.503125 0
-0.098828125 -0.503125 0
-0.0991921073718 -0.494025440705 0
-0.08984375 -0.494140625 0
-0.08984375 -0.48515625 0
-0.099546875 -0.48515625 0
-0.0990677083333 -0.475932291667 0
-0.08984375 -0.475453125 0
-0.0990677083333 0.475932291667 0
-0.08984375 0.475453125 0
-0.08984375 0.48515625 0
-0.099546875 0.48515625 0
-0.0991921073718 0.494025440705 0
-0.08984375 0.494140625 0
-0.08984375 0.503125 0
-0.098828125 0.503125 0
-0.098828125 0.512109375 0
-0.08984375 0.512109375 0
-0.08984375 0.52109375 0
-0.098828125 0.52109375 0
-0.0997934114261 0.526645319539 0
-0.08984375 0.524518926355 0
-0.08984375 0.52794410271 0
-0.0986227955987 0.531763976036 0
-0.08984375 0.533503301355 0
-0.0974420586521 0.535443774773 0
-0.08984375 0.5390625 0
-0.0985547016913 0.539725868787 0
-0.0985772772497 0.548420555313 0
-0.08984375 0.548046875 0
-0.08984375 0.55703125 0
-0.098828125 0.55703125 0
-0.0987129407051 0.566379607372 0
-0.08984375 0.566734375 0
-0.0809745592949 -0.566379607372 0
-0.071875 -0.566015625 0
-0.071875 -0.55703125 0
-0.080859375 -0.55703125 0
-0.080859375 -0.548046875 0
-0.071875 -0.548046875 0
-0.071875 -0.5390625 0
-0.080859375 -0.5390625 0
-0.0785387835576 -0.522654050616 0
-0.0841912667788 -0.521873900308 0
-0.0860754278525 -0.523897301108 0
-0.0841912667788 -0.525299076663 0
-0.0800086028859 -0.531577720368 0
-0.0712156793095 -0.531409138622 0
-0.0705563586191 -0.523755777243 0
-0.0745475710883 -0.52320491393 0
-0.0807156827821 -0.512393109655 0
-0.0747029693915 -0.520773632898 0
-0.0708671552255 -0.518893215179 0
-0.0713710776127 -0.51100910759 0
-0.071875 -0.503125 0
-0.080859375 -0.503125 0
-0.0733207658007 -0.521767681013 0
-0.0707117569223 -0.521324496211 0
-0.080859375 -0.494140625 0
-0.071875 -0.494140625 0
-0.071875 -0.48515625 0
-0.080859375 -0.48515625 0
-0.0809745592949 -0.475807892628 0
-0.071875 -0.476171875 0
-0.0809745592949 0.475807892628 0
-0.071875 0.476171875 0
-0.071875 0.48515625 0
-0.080859375 0.48515625 0
-0.080859375 0.494140625 0
-0.071875 0.494140625 0
-0.071875 0.503125 0
-0.080859375 0.503125 0
-0.0807156827821 0.512393109655 0
-0.0713710776127 0.51100910759 0
-0.0708671552255 0.518893215179 0
-0.0747029693915 0.520773632898 0
-0.0785387835576 0.522654050616 0
-0.0841912667788 0.521873900308 0
-0.0707117569223 0.521324496211 0
-0.0733207658007 0.521767681013 0
-0.0705563586191 0.523755777243 0
-0.0745475710883 0.52320491393 0
-0.0860754278525 0.523897301109 0
-0.0841912667788 0.525299076663 0
-0.0800086028859 0.531577720368 0
-0.0712156793095 0.531409138622 0
-0.071875 0.5390625 0
-0.080859375 0.5390625 0
-0.080859375 0.548046875 0
-0.071875 0.548046875 0
-0.071875 0.55703125 0
-0.080859375 0.55703125 0
-0.0809745592949 0.566379607372 0
-0.071875 0.566015625 0
-0.0627754407051 -0.566379607372 0
-0.05390625 -0.566734375 0
-0.05390625 -0.55703125 0
-0.062890625 -0.55703125 0
-0.062890625 -0.548046875 0
-0.05390625 -0.548046875 0
-0.05390625 -0.5390625 0
-0.062890625 -0.5390625 0
-0.0623251842656 -0.530839573807 0
-0.05390625 -0.530078125 0
-0.05390625 -0.52109375 0
-0.0622313043095 -0.522424763622 0
-0.05390625 -0.510070819799 0
-0.05390625 -0.5065979099 0
-0.063790449671 -0.509061020369 0
-0.0623867026127 -0.514482017489 0
-0.05390625 -0.503125 0
-0.062890625 -0.503125 0
-0.0612489551004 -0.518074198634 0
-0.05390625 -0.5155822849 0
-0.062890625 -0.494140625 0
-0.05390625 -0.494140625 0
-0.05390625 -0.48515625 0
-0.062890625 -0.48515625 0
-0.0627754407051 -0.475807892628 0
-0.05390625 -0.475453125 0
-0.0627754407051 0.475807892628 0
-0.05390625 0.475453125 0
-0.05390625 0.48515625 0
-0.062890625 0.48515625 0
-0.062890625 0.494140625 0
-0.05390625 0.494140625 0
-0.05390625 0.503125 0
-0.062890625 0.503125 0
-0.063790449671 0.509061020369 0
-0.05390625 0.5065979099 0
-0.05390625 0.510070819799 0
-0.0623867026127 0.514482017489 0
-0.05390625 0.5155822849 0
-0.0612489551004 0.518074198634 0
-0.05390625 0.52109375 0
-0.0622313043095 0.522424763622 0
-0.0623251842656 0.530839573807 0
-0.05390625 0.530078125 0
-0.05390625 0.5390625 0
-0.062890625 0.5390625 0
-0.062890625 0.548046875 0
-0.05390625 0.548046875 0
-0.05390625 0.55703125 0
-0.062890625 0.55703125 0
-0.0627754407051 0.566379607372 0
-0.05390625 0.566734375 0
-0.0446822916667 -0.566255208333 0
-0.044203125 -0.55703125 0
-0.0445578926282 -0.548162059295 0
-0.044921875 -0.5390625 0
-0.044921875 -0.530078125 0
-0.0359375 -0.530078125 0
-0.0359375 -0.52109375 0
-0.044921875 -0.52109375 0
-0.0429636348731 -0.503994171687 0
-0.0484349424366 -0.503559585844 0
-0.0502587116244 -0.505729997162 0
-0.0484349424366 -0.507032495743 0
-0.044092879768 -0.513315752242 0
-0.0355000977357 -0.512857746568 0
-0.0350626954714 -0.504621743136 0
-0.0390131651722 -0.504307957412 0
-0.0450012719879 -0.494089924271 0
-0.0391272141741 -0.501770224706 0
-0.0352907934751 -0.499546277726 0
-0.0356141467375 -0.492351263863 0
-0.0359375 -0.48515625 0
-0.044921875 -0.48515625 0
-0.0377723746065 -0.50272073085 0
-0.0351767444732 -0.502084010431 0
-0.0450370592949 -0.475807892628 0
-0.0359375 -0.476171875 0
-0.0450370592949 0.475807892628 0
-0.0359375 0.476171875 0
-0.0359375 0.48515625 0
-0.044921875 0.48515625 0
-0.0450012719879 0.494089924271 0
-0.0356141467375 0.492351263863 0
-0.0352907934751 0.499546277726 0
-0.0391272141741 0.501770224706 0
-0.0429636348731 0.503994171687 0
-0.0484349424366 0.503559585844 0
-0.0351767444732 0.502084010431 0
-0.0377723746065 0.50272073085 0
-0.0350626954714 0.504621743136 0
-0.0390131651722 0.504307957412 0
-0.0502587116244 0.505729997162 0
-0.0484349424366 0.507032495743 0
-0.044092879768 0.513315752242 0
-0.0355000977357 0.512857746568 0
-0.0359375 0.52109375 0
-0.044921875 0.52109375 0
-0.044921875 0.530078125 0
-0.0359375 0.530078125 0
-0.044921875 0.5390625 0
-0.0445578926282 0.548162059295 0
-0.044203125 0.55703125 0
-0.0446822916667 0.566255208333 0
-0.0268379407051 -0.530442107372 0
-0.01796875 -0.530796875 0
-0.01796875 -0.52109375 0
-0.026953125 -0.52109375 0
-0.0266060334349 -0.512552799323 0
-0.01796875 -0.512109375 0
-0.01796875 -0.503125 0
-0.0265157227357 -0.503873371568 0
-0.0184912844107 -0.489246686358 0
-0.0185893234426 -0.486642807254 0
-0.0284339739214 -0.489941063703 0
-0.0268910389429 -0.494396482042 0
-0.0186873624744 -0.484038928151 0
-0.0273124312372 -0.484597589075 0
-0.0253944686017 -0.498676845684 0
-0.0182300172054 -0.496185843179 0
-0.0272276770572 -0.475834448949 0
-0.0183280562372 -0.475613214075 0
-0.01796875 -0.4671875 0
-0.026953125 -0.4671875 0
-0.0273171073718 -0.458087940705 0
-0.01796875 -0.458203125 0
-0.01796875 -0.44921875 0
-0.027671875 -0.44921875 0
-0.0271927083333 -0.439994791667 0
-0.01796875 -0.439515625 0
-0.0271927083333 0.439994791667 0
-0.01796875 0.439515625 0
-0.01796875 0.44921875 0
-0.027671875 0.44921875 0
-0.0273171073718 0.458087940705 0
-0.01796875 0.458203125 0
-0.01796875 0.4671875 0
-0.026953125 0.4671875 0
-0.0272276770572 0.475834448949 0
-0.0183280562372 0.475613214075 0
-0.0186873624744 0.484038928151 0
-0.0273124312372 0.484597589075 0
-0.0284339739214 0.489941063703 0
-0.0185893234426 0.486642807254 0
-0.0184912844107 0.489246686358 0
-0.0268910389429 0.494396482042 0
-0.0182300172054 0.496185843179 0
-0.0253944686017 0.498676845684 0
-0.01796875 0.503125 0
-0.0265157227357 0.503873371568 0
-0.0266060334349 0.512552799323 0
-0.01796875 0.512109375 0
-0.01796875 0.52109375 0
-0.026953125 0.52109375 0
-0.0268379407051 0.530442107372 0
-0.01796875 0.530796875 0
-0.00909955929487 -0.530442107372 0
-0 -0.530078125 0
-0 -0.52109375 0
-0.008984375 -0.52109375 0
-0.008984375 -0.512109375 0
-0 -0.512109375 0
-0 -0.503125 0
-0.008984375 -0.503125 0
-0.0111435084439 -0.484489976978 0
-0.0149154354592 -0.484264452565 0
-0.0161073851097 -0.485925197162 0
-0.0148173964273 -0.486868331668 0
-0.00883556719613 -0.494282435783 0
-0 -0.494140625 0
-0 -0.48515625 0
-0.00557175422197 -0.484823113489 0
-0.00996166487734 -0.47491227442 0
-0.00557175422197 -0.480729788843 0
-0 -0.476969600708 0
-0 -0.472078550354 0
-0 -0.4671875 0
-0.008984375 -0.4671875 0
-0.00371450281465 -0.482205275896 0
-0 -0.481062925354 0
-0.008984375 -0.458203125 0
0 -0.458203125 0
0 -0.44921875 0
-0.008984375 -0.44921875 0
-0.00909955929487 -0.439870392628 0
0 -0.440234375 0
-0.00909955929487 0.439870392628 0
0 0.440234375 0
0 0.44921875 0
-0.008984375 0.44921875 0
-0.008984375 0.458203125 0
0 0.458203125 0
-0 0.4671875 0
-0.008984375 0.4671875 0
-0.00996166487734 0.47491227442 0
-0 0.472078550354 0
-0 0.476969600708 0
-0.00557175422197 0.480729788843 0
-0.0111435084439 0.484489976978 0
-0.0149154354592 0.484264452565 0
-0 0.481062925354 0
-0.00371450281465 0.482205275896 0
-0 0.48515625 0
-0.00557175422197 0.484823113489 0
-0.0161073851097 0.485925197162 0
-0.0148173964273 0.486868331668 0
-0.00883556719613 0.494282435783 0
-0 0.494140625 0
-0 0.503125 0
-0.008984375 0.503125 0
-0.008984375 0.512109375 0
-0 0.512109375 0
-0 0.52109375 0
-0.008984375 0.52109375 0
-0.00909955929487 0.530442107372 0
0 0.530078125 0
0.00909955929487 -0.530442107372 0
0.01796875 -0.530796875 0
0.01796875 -0.52109375 0
0.008984375 -0.52109375 0
0.008984375 -0.512109375 0
0.01796875 -0.512109375 0
0.01796875 -0.503125 0
0.008984375 -0.503125 0
0.0184912844107 -0.489246686358 0
0.0185893234426 -0.486642807254 0
0.0161073851097 -0.485925197162 0
0.0148173964273 -0.486868331668 0
0.0186873624744 -0.484038928151 0
0.0149154354592 -0.484264452565 0
0.0111435084439 -0.484489976978 0
0.00883556719613 -0.494282435783 0
0.0182300172054 -0.496185843179 0
0.00557175422197 -0.484823113489 0
0.00996166487734 -0.47491227442 0
0.00557175422197 -0.480729788843 0
0.0183280562372 -0.475613214075 0
0.01796875 -0.4671875 0
0.008984375 -0.4671875 0
0.00371450281465 -0.482205275896 0
0.008984375 -0.458203125 0
0.01796875 -0.458203125 0
0.01796875 -0.44921875 0
0.008984375 -0.44921875 0
0.00909955929487 -0.439870392628 0
0.01796875 -0.439515625 0
0.00909955929487 0.439870392628 0
0.01796875 0.439515625 0
0.01796875 0.44921875 0
0.008984375 0.44921875 0
0.008984375 0.458203125 0
0.01796875 0.458203125 0
0.01796875 0.4671875 0
0.008984375 0.4671875 0
0.00996166487734 0.47491227442 0
0.0183280562372 0.475613214075 0
0.0186873624744 0.484038928151 0
0.0149154354592 0.484264452565 0
0.0111435084439 0.484489976978 0
0.00557175422197 0.480729788843 0
0.00557175422197 0.484823113489 0
0.00371450281465 0.482205275896 0
0.0161073851097 0.485925197162 0
0.0148173964273 0.486868331668 0
0.0185893234426 0.486642807254 0
0.0184912844107 0.489246686358 0
0.00883556719613 0.494282435783 0
0.0182300172054 0.496185843179 0
0.01796875 0.503125 0
0.008984375 0.503125 0
0.008984375 0.512109375 0
0.01796875 0.512109375 0
0.01796875 0.52109375 0
0.008984375 0.52109375 0
0.00909955929487 0.530442107372 0
0.01796875 0.530796875 0
0.0268379407051 -0.530442107372 0
0.0359375 -0.530078125 0
0.0359375 -0.52109375 0
0.026953125 -0.52109375 0
0.0266060334349 -0.512552799323 0
0.0355000977357 -0.512857746568 0
0.0350626954714 -0.504621743136 0
0.0265157227357 -0.503873371568 0
0.0352907934751 -0.499546277726 0
0.0356141467375 -0.492351263863 0
0.0284339739214 -0.489941063703 0
0.0268910389429 -0.494396482042 0
0.0359375 -0.48515625 0
0.0273124312372 -0.484597589075 0
0.0253944686017 -0.498676845684 0
0.0351767444732 -0.502084010431 0
0.0272276770572 -0.475834448949 0
0.0359375 -0.476171875 0
0.026953125 -0.4671875 0
0.0273171073718 -0.458087940705 0
0.027671875 -0.44921875 0
0.0271927083333 -0.439994791667 0
0.0271927083333 0.439994791667 0
0.027671875 0.44921875 0
0.0273171073718 0.458087940705 0
0.026953125 0.4671875 0
0.0272276770572 0.475834448949 0
0.0359375 0.476171875 0
0.0359375 0.48515625 0
0.0273124312372 0.484597589075 0
0.0284339739214 0.489941063703 0
0.0356141467375 0.492351263863 0
0.0352907934751 0.499546277726 0
0.0268910389429 0.494396482042 0
0.0351767444732 0.502084010431 0
0.0253944686017 0.498676845684 0
0.0350626954714 0.504621743136 0
0.0265157227357 0.503873371568 0
0.0266060334349 0.512552799323 0
0.0355000977357 0.512857746568 0
0.0359375 0.52109375 0
0.026953125 0.52109375 0
0.0268379407051 0.530442107372 0
0.0359375 0.530078125 0
0.0446822916667 -0.566255208333 0
0.05390625 -0.566734375 0
0.05390625 -0.55703125 0
0.044203125 -0.55703125 0
0.0445578926282 -0.548162059295 0
0.05390625 -0.548046875 0
0.05390625 -0.5390625 0
0.044921875 -0.5390625 0
0.044921875 -0.530078125 0
0.05390625 -0.530078125 0
0.05390625 -0.52109375 0
0.044921875 -0.52109375 0
0.05390625 -0.510070819799 0
0.05390625 -0.5065979099 0
0.0502587116244 -0.505729997162 0
0.0484349424366 -0.507032495743 0
0.05390625 -0.503125 0
0.0484349424366 -0.503559585844 0
0.0429636348731 -0.503994171687 0
0.044092879768 -0.513315752242 0
0.05390625 -0.5155822849 0
0.0390131651722 -0.504307957412 0
0.0450012719879 -0.494089924271 0
0.0391272141741 -0.501770224706 0
0.05390625 -0.494140625 0
0.05390625 -0.48515625 0
0.044921875 -0.48515625 0
0.0377723746065 -0.50272073085 0
0.0450370592949 -0.475807892628 0
0.05390625 -0.475453125 0
0.0450370592949 0.475807892628 0
0.05390625 0.475453125 0
0.05390625 0.48515625 0
0.044921875 0.48515625 0
0.0450012719879 0.494089924271 0
0.05390625 0.494140625 0
0.05390625 0.503125 0
0.0484349424366 0.503559585844 0
0.0429636348731 0.503994171687 0
0.0391272141741 0.501770224706 0
0.0390131651722 0.504307957412 0
0.0377723746065 0.50272073085 0
0.0502587116244 0.505729997162 0
0.0484349424366 0.507032495743 0
0.05390625 0.5065979099 0
0.05390625 0.510070819799 0
0.044092879768 0.513315752242 0
0.05390625 0.5155822849 0
0.05390625 0.52109375 0
0.044921875 0.52109375 0
0.044921875 0.530078125 0
0.05390625 0.530078125 0
0.05390625 0.5390625 0
0.044921875 0.5390625 0
0.0445578926282 0.548162059295 0
0.05390625 0.548046875 0
0.05390625 0.55703125 0
0.044203125 0.55703125 0
0.0446822916667 0.566255208333 0
0.05390625 0.566734375 0
0.0627754407051 -0.566379607372 0
0.071875 -0.566015625 0
0.071875 -0.55703125 0
0.062890625 -0.55703125 0
0.062890625 -0.548046875 0
0.071875 -0.548046875 0
0.071875 -0.5390625 0
0.062890625 -0.5390625 0
0.0623251842656 -0.530839573807 0
0.0712156793095 -0.531409138622 0
0.0705563586191 -0.523755777243 0
0.0622313043095 -0.522424763622 0
0.0708671552255 -0.518893215179 0
0.0713710776127 -0.51100910759 0
0.063790449671 -0.509061020369 0
0.0623867026127 -0.514482017489 0
0.071875 -0.503125 0
0.062890625 -0.503125 0
0.0612489551004 -0.518074198634 0
0.0707117569223 -0.521324496211 0
0.062890625 -0.494140625 0
0.071875 -0.494140625 0
0.071875 -0.48515625 0
0.062890625 -0.48515625 0
0.0627754407051 -0.475807892628 0
0.071875 -0.476171875 0
0.0627754407051 0.475807892628 0
0.071875 0.476171875 0
0.071875 0.48515625 0
0.062890625 0.48515625 0
0.062890625 0.494140625 0
0.071875 0.494140625 0
0.071875 0.503125 0
0.062890625 0.503125 0
0.063790449671 0.509061020369 0
0.0713710776127 0.51100910759 0
0.0708671552255 0.518893215179 0
0.0623867026127 0.514482017489 0
0.0707117569223 0.521324496211 0
0.0612489551004 0.518074198634 0
0.0705563586191 0.523755777243 0
0.0622313043095 0.522424763622 0
0.0623251842656 0.530839573807 0
0.0712156793095 0.531409138622 0
0.071875 0.5390625 0
0.062890625 0.5390625 0
0.062890625 0.548046875 0
0.071875 0.548046875 0
0.071875 0.55703125 0
0.062890625 0.55703125 0
0.0627754407051 0.566379607372 0
0.071875 0.566015625 0
0.0809745592949 -0.566379607372 0
0.08984375 -0.566734375 0
0.08984375 -0.55703125 0
0.080859375 -0.55703125 0
0.080859375 -0.548046875 0
0.08984375 -0.548046875 0
0.08984375 -0.5390625 0
0.080859375 -0.5390625 0
0.08984375 -0.52794410271 0
0.08984375 -0.524518926355 0
0.0860754278525 -0.523897301108 0
0.0841912667788 -0.525299076663 0
0.08984375 -0.52109375 0
0.0841912667788 -0.521873900308 0
0.0785387835576 -0.522654050616 0
0.0800086028859 -0.531577720368 0
0.08984375 -0.533503301355 0
0.0745475710883 -0.52320491393 0
0.0807156827821 -0.512393109655 0
0.0747029693915 -0.520773632898 0
0.08984375 -0.512109375 0
0.08984375 -0.503125 0
0.080859375 -0.503125 0
0.0733207658007 -0.521767681013 0
0.080859375 -0.494140625 0
0.08984375 -0.494140625 0
0.08984375 -0.48515625 0
0.080859375 -0.48515625 0
0.0809745592949 -0.475807892628 0
0.08984375 -0.475453125 0
0.0809745592949 0.475807892628 0
0.08984375 0.475453125 0
0.08984375 0.48515625 0
0.080859375 0.48515625 0
0.080859375 0.494140625 0
0.08984375 0.494140625 0
0.08984375 0.503125 0
0.080859375 0.503125 0
0.0807156827821 0.512393109655 0
0.08984375 0.512109375 0
0.08984375 0.52109375 0
0.0841912667788 0.521873900308 0
0.0785387835576 0.522654050616 0
0.0747029693915 0.520773632898 0
0.0745475710883 0.52320491393 0
0.0733207658007 0.521767681013 0
0.0860754278525 0.523897301108 0
0.0841912667788 0.525299076663 0
0.08984375 0.524518926355 0
0.08984375 0.52794410271 0
0.0800086028859 0.531577720368 0
0.08984375 0.533503301355 0
0.08984375 0.5390625 0
0.080859375 0.5390625 0
0.080859375 0.548046875 0
0.08984375 0.548046875 0
0.08984375 0.55703125 0
0.080859375 0.55703125 0
0.0809745592949 0.566379607372 0
0.08984375 0.566734375 0
0.0987129407051 -0.566379607372 0
0.1078125 -0.566015625 0
0.1078125 -0.55703125 0
0.098828125 -0.55703125 0
0.0985772772497 -0.548420555313 0
0.107539076691 -0.548710243787 0
0.107265653383 -0.540389237574 0
0.0985547016913 -0.539725868787 0
0.107401841197 -0.535583849362 0
0.107607170599 -0.528338799681 0
0.0997934114261 -0.526645319539 0
0.0986227955987 -0.531763976036 0
0.1078125 -0.52109375 0
0.098828125 -0.52109375 0
0.0974420586521 -0.535443774773 0
0.10733374729 -0.537986543468 0
0.098828125 -0.512109375 0
0.1078125 -0.512109375 0
0.098828125 -0.503125 0
0.0991921073718 -0.494025440705 0
0.099546875 -0.48515625 0
0.0990677083333 -0.475932291667 0
0.0990677083333 0.475932291667 0
0.099546875 0.48515625 0
0.0991921073718 0.494025440705 0
0.098828125 0.503125 0
0.098828125 0.512109375 0
0.1078125 0.512109375 0
0.1078125 0.52109375 0
0.098828125 0.52109375 0
0.0997934114261 0.526645319539 0
0.107607170599 0.528338799681 0
0.107401841197 0.535583849362 0
0.0986227955987 0.531763976036 0
0.10733374729 0.537986543468 0
0.0974420586521 0.535443774773 0
0.107265653383 0.540389237574 0
0.0985547016913 0.539725868787 0
0.0985772772497 0.548420555313 0
0.107539076691 0.548710243787 0
0.1078125 0.55703125 0
0.098828125 0.55703125 0
0.0987129407051 0.566379607372 0
0.1078125 0.566015625 0
0.116912059295 -0.566379607372 0
0.12578125 -0.566734375 0
0.12578125 -0.55703125 0
0.116796875 -0.55703125 0
0.126030367819 -0.542951553224 0
0.126072561135 -0.540566861979 0
0.122903001881 -0.540144739718 0
0.121297125597 -0.541126024211 0
0.12611475445 -0.538182170733 0
0.121339318912 -0.538741332965 0
0.116563883375 -0.539300495197 0
0.116482744604 -0.548668381777 0
0.12590580891 -0.549991401612 0
0.111914768379 -0.539844866385 0
0.116999651368 -0.529691207594 0
0.111982862286 -0.53744217228 0
0.125948002225 -0.529637960367 0
0.12578125 -0.52109375 0
0.116796875 -0.52109375 0
0.110410459318 -0.538424527378 0
0.116912059295 -0.511745392628 0
0.12578125 -0.511390625 0
0.116912059295 0.511745392628 0
0.12578125 0.511390625 0
0.12578125 0.52109375 0
0.116796875 0.52109375 0
0.116999651368 0.529691207594 0
0.125948002225 0.529637960367 0
0.12611475445 0.538182170733 0
0.121339318912 0.538741332965 0
0.116563883375 0.539300495197 0
0.111982862286 0.53744217228 0
0.111914768379 0.539844866385 0
0.110410459318 0.538424527378 0
0.122903001881 0.540144739718 0
0.121297125597 0.541126024211 0
0.126072561135 0.540566861979 0
0.126030367819 0.542951553224 0
0.116482744604 0.548668381777 0
0.12590580891 0.549991401612 0
0.12578125 0.55703125 0
0.116796875 0.55703125 0
0.116912059295 0.566379607372 0
0.12578125 0.566734375 0
0.134650440705 -0.566379607372 0
0.14375 -0.566015625 0
0.14375 -0.55703125 0
0.134765625 -0.55703125 0
0.14375 -0.54928220206 0
0.14375 -0.54417235103 0
0.13597795926 -0.542591231682 0
0.13489018391 -0.546116877642 0
0.14375 -0.5390625 0
0.134932377225 -0.538622335367 0
0.13396102398 -0.551429305838 0
0.14375 -0.55315672603 0
0.134923954829 -0.52983184359 0
0.14375 -0.530078125 0
0.14375 -0.52109375 0
0.134765625 -0.52109375 0
0.134650440705 -0.511745392628 0
0.14375 -0.512109375 0
0.134650440705 0.511745392628 0
0.14375 0.512109375 0
0.14375 0.52109375 0
0.134765625 0.52109375 0
0.134923954829 0.52983184359 0
0.14375 0.530078125 0
0.14375 0.5390625 0
0.134932377225 0.538622335367 0
0.13597795926 0.542591231682 0
0.14375 0.54417235103 0
0.14375 0.54928220206 0
0.13489018391 0.546116877642 0
0.14375 0.55315672603 0
0.13396102398 0.551429305838 0
0.14375 0.55703125 0
0.134765625 0.55703125 0
0.134650440705 0.566379607372 0
0.14375 0.566015625 0
0.152494791667 -0.602192708333 0
0.16171875 -0.602671875 0
0.16171875 -0.59296875 0
0.152015625 -0.59296875 0
0.152370392628 -0.584099559295 0
0.16171875 -0.583984375 0
0.16171875 -0.575 0
0.152734375 -0.575 0
0.152325187369 -0.566685323868 0
0.161343277975 -0.567258482724 0
0.16096780595 -0.559516965447 0
0.152358902975 -0.558274107724 0
0.16113824472 -0.554874497165 0
0.16142849736 -0.546968498582 0
0.15323096907 -0.545643958336 0
0.15244412236 -0.552078349612 0
0.16171875 -0.5390625 0
0.152734375 -0.5390625 0
0.151690158896 -0.555003818174 0
0.161053025335 -0.557195731306 0
0.152734375 -0.530078125 0
0.16171875 -0.530078125 0
0.16171875 -0.52109375 0
0.152734375 -0.52109375 0
0.152849559295 -0.511745392628 0
0.16171875 -0.511390625 0
0.152849559295 0.511745392628 0
0.16171875 0.511390625 0
0.16171875 0.52109375 0
0.152734375 0.52109375 0
0.152734375 0.530078125 0
0.16171875 0.530078125 0
0.16171875 0.5390625 0
0.152734375 0.5390625 0
0.15323096907 0.545643958336 0
0.16142849736 0.546968498582 0
0.16113824472 0.554874497165 0
0.15244412236 0.552078349612 0
0.161053025335 0.557195731306 0
0.151690158896 0.555003818174 0
0.16096780595 0.559516965447 0
0.152358902975 0.558274107724 0
0.152325187369 0.566685323868 0
0.161343277975 0.567258482724 0
0.16171875 0.575 0
0.152734375 0.575 0
0.152370392628 0.584099559295 0
0.16171875 0.583984375 0
0.16171875 0.59296875 0
0.152015625 0.59296875 0
0.152494791667 0.602192708333 0
0.16171875 0.602671875 0
0.170587940705 -0.602317107372 0
0.1796875 -0.601953125 0
0.1796875 -0.59296875 0
0.170703125 -0.59296875 0
0.170703125 -0.583984375 0
0.1796875 -0.583984375 0
0.1796875 -0.575 0
0.170703125 -0.575 0
0.179974544569 -0.560260977333 0
0.180019604512 -0.55794726165 0
0.176806161881 -0.557832543352 0
0.175176910595 -0.558932042047 0
0.180064664454 -0.555633545967 0
0.175221970538 -0.556618326363 0
0.170379276622 -0.55760310676 0
0.170507154309 -0.566778814992 0
0.179831022284 -0.567630488667 0
0.165673541286 -0.558560036104 0
0.170708507398 -0.54784221293 0
0.165758760671 -0.556238801962 0
0.179876082227 -0.547348022983 0
0.170703125 -0.5390625 0
0.164161775764 -0.557331523124 0
0.171067107372 -0.529962940705 0
0.171421875 -0.52109375 0
0.170942708333 -0.511869791667 0
0.170942708333 0.511869791667 0
0.171421875 0.52109375 0
0.171067107372 0.529962940705 0
0.170703125 0.5390625 0
0.170708507398 0.54784221293 0
0.179876082227 0.547348022983 0
0.180064664454 0.555633545967 0
0.175221970538 0.556618326363 0
0.170379276622 0.55760310676 0
0.165758760671 0.556238801962 0
0.165673541286 0.558560036104 0
0.164161775764 0.557331523124 0
0.176806161881 0.557832543352 0
0.175176910595 0.558932042047 0
0.180019604512 0.55794726165 0
0.179974544569 0.560260977333 0
0.170507154309 0.566778814992 0
0.179831022284 0.567630488667 0
0.1796875 0.575 0
0.170703125 0.575 0
0.170703125 0.583984375 0
0.1796875 0.583984375 0
0.1796875 0.59296875 0
0.170703125 0.59296875 0
0.170587940705 0.602317107372 0
0.1796875 0.601953125 0
0.188787059295 -0.602317107372 0
0.19765625 -0.602671875 0
0.19765625 -0.59296875 0
0.188671875 -0.59296875 0
0.188671875 -0.583984375 0
0.19765625 -0.583984375 0
0.19765625 -0.575 0
0.188671875 -0.575 0
0.19765625 -0.564699151616 0
0.19765625 -0.560865200808 0
0.189560346865 -0.559529018884 0
0.188815397284 -0.562480064475 0
0.19765625 -0.55703125 0
0.188860457227 -0.556332397983 0
0.188213424613 -0.568687848591 0
0.19765625 -0.569849575808 0
0.188999297757 -0.547303508261 0
0.19765625 -0.547328125 0
0.188999297757 0.547303508261 0
0.19765625 0.547328125 0
0.19765625 0.55703125 0
0.188860457227 0.556332397983 0
0.189560346865 0.559529018884 0
0.19765625 0.560865200808 0
0.19765625 0.564699151616 0
0.188815397284 0.562480064475 0
0.19765625 0.569849575808 0
0.188213424613 0.568687848591 0
0.19765625 0.575 0
0.188671875 0.575 0
0.188671875 0.583984375 0
0.19765625 0.583984375 0
0.19765625 0.59296875 0
0.188671875 0.59296875 0
0.188787059295 0.602317107372 0
0.19765625 0.602671875 0
0.206525440705 -0.602317107372 0
0.215625 -0.601953125 0
0.215625 -0.59296875 0
0.206640625 -0.59296875 0
0.206640625 -0.583984375 0
0.215625 -0.583984375 0
0.215625 -0.575 0
0.206640625 -0.575 0
0.215625 -0.568610903321 0
0.215625 -0.56282107666 0
0.207249267575 -0.561909388714 0
0.206640625 -0.566655027468 0
0.215625 -0.55703125 0
0.206640625 -0.55703125 0
0.205938712479 -0.570751111438 0
0.215625 -0.57180545166 0
0.206525440705 -0.547682892628 0
0.215625 -0.548046875 0
0.206525440705 0.547682892628 0
0.215625 0.548046875 0
0.215625 0.55703125 0
0.206640625 0.55703125 0
0.207249267575 0.561909388714 0
0.215625 0.56282107666 0
0.215625 0.568610903321 0
0.206640625 0.566655027468 0
0.215625 0.57180545166 0
0.205938712479 0.570751111438 0
0.215625 0.575 0
0.206640625 0.575 0
0.206640625 0.583984375 0
0.215625 0.583984375 0
0.215625 0.59296875 0
0.206640625 0.59296875 0
0.206525440705 0.602317107372 0
0.215625 0.601953125 0
0.224724559295 -0.602317107372 0
0.23359375 -0.602671875 0
0.23359375 -0.59296875 0
0.224609375 -0.59296875 0
0.22442330279 -0.584361167901 0
0.233472518522 -0.584707441189 0
0.233351287044 -0.576446132377 0
0.224488143522 -0.575723066189 0
0.233408057244 -0.571900337991 0
0.233500903622 -0.564465793996 0
0.224935244471 -0.563667665043 0
0.224516528622 -0.570255620656 0
0.23359375 -0.55703125 0
0.224609375 -0.55703125 0
0.2240059178 -0.572921438093 0
0.233379672144 -0.574173235184 0
0.224724559295 -0.547682892628 0
0.23359375 -0.547328125 0
0.224724559295 0.547682892628 0
0.23359375 0.547328125 0
0.23359375 0.55703125 0
0.224609375 0.55703125 0
0.224935244471 0.563667665043 0
0.233500903622 0.564465793996 0
0.233408057244 0.571900337991 0
0.224516528622 0.570255620656 0
0.233379672144 0.574173235184 0
0.2240059178 0.572921438093 0
0.233351287044 0.576446132377 0
0.224488143522 0.575723066189 0
0.22442330279 0.584361167901 0
0.233472518522 0.584707441189 0
0.23359375 0.59296875 0
0.224609375 0.59296875 0
0.224724559295 0.602317107372 0
0.23359375 0.602671875 0
0.242462940705 -0.602317107372 0
0.2515625 -0.601953125 0
0.2515625 -0.59296875 0
0.242578125 -0.59296875 0
0.242112330649 -0.585386003521 0
0.251280898385 -0.586048705563 0
0.25099929677 -0.579128661126 0
0.242175291907 -0.577787396752 0
0.251114455929 -0.574610364453 0
0.251338477965 -0.565820807226 0
0.242669750438 -0.565146422845 0
0.242261256586 -0.573255351222 0
0.2515625 -0.55703125 0
0.242578125 -0.55703125 0
0.242212272411 -0.575519199922 0
0.25105687635 -0.57686951279 0
0.242462940705 -0.547682892628 0
0.2515625 -0.548046875 0
0.242462940705 0.547682892628 0
0.2515625 0.548046875 0
0.2515625 0.55703125 0
0.242578125 0.55703125 0
0.242669750438 0.565146422845 0
0.251338477965 0.565820807226 0
0.251114455929 0.574610364453 0
0.242261256586 0.573255351222 0
0.25105687635 0.57686951279 0
0.242212272411 0.575519199922 0
0.25099929677 0.579128661126 0
0.242175291907 0.577787396752 0
0.242112330649 0.585386003521 0
0.251280898385 0.586048705563 0
0.2515625 0.59296875 0
0.242578125 0.59296875 0
0.242462940705 0.602317107372 0
0.2515625 0.601953125 0
0.260662059295 -0.602317107372 0
0.26953125 -0.602671875 0
0.26953125 -0.59296875 0
0.260546875 -0.59296875 0
0.269748831714 -0.576862025722 0
0.269779296683 -0.574606823097 0
0.266606401506 -0.57500187928 0
0.265004721433 -0.576327008684 0
0.269809761652 -0.572351620471 0
0.265035186402 -0.574071806058 0
0.260260611152 -0.575791991646 0
0.260661754238 -0.584840583568 0
0.269640040857 -0.584915387861 0
0.255629953961 -0.577460326386 0
0.260304923634 -0.56591345747 0
0.255687533541 -0.575201178049 0
0.269670505826 -0.564691435236 0
0.26953125 -0.55703125 0
0.260546875 -0.55703125 0
0.254124787951 -0.576510339075 0
0.260662059295 -0.547682892628 0
0.26953125 -0.547328125 0
0.260662059295 0.547682892628 0
0.26953125 0.547328125 0
0.26953125 0.55703125 0
0.260546875 0.55703125 0
0.260304923634 0.56591345747 0
0.269670505826 0.564691435236 0
0.269809761652 0.572351620471 0
0.265035186402 0.574071806058 0
0.260260611152 0.575791991646 0
0.255687533541 0.575201178049 0
0.255629953961 0.577460326386 0
0.254124787951 0.576510339075 0
0.266606401506 0.57500187928 0
0.265004721433 0.576327008684 0
0.269779296683 0.574606823097 0
0.269748831714 0.576862025722 0
0.260661754238 0.584840583568 0
0.269640040857 0.584915387861 0
0.26953125 0.59296875 0
0.260546875 0.59296875 0
0.260662059295 0.602317107372 0
0.26953125 0.602671875 0
0.278400440705 -0.602317107372 0
0.2875 -0.601953125 0
0.2875 -0.59296875 0
0.278515625 -0.59296875 0
0.287559682072 -0.578445174078 0
0.287568934191 -0.576193679648 0
0.278670425969 -0.575400816539 0
0.278654256893 -0.5776535999 0
0.28757818631 -0.573942185217 0
0.278693973981 -0.573146902844 0
0.278430122354 -0.585314566906 0
0.287529841036 -0.585706962039 0
0.278752479272 -0.565079270183 0
0.287539093155 -0.565486717609 0
0.2875 -0.55703125 0
0.278515625 -0.55703125 0
0.278400440705 -0.547682892628 0
0.2875 -0.548046875 0
0.278400440705 0.547682892628 0
0.2875 0.548046875 0
0.2875 0.55703125 0
0.278515625 0.55703125 0
0.278752479272 0.565079270183 0
0.287539093155 0.565486717609 0
0.28757818631 0.573942185217 0
0.278693973981 0.573146902844 0
0.278670425969 0.575400816539 0
0.287568934191 0.576193679648 0
0.287559682072 0.578445174078 0
0.278654256893 0.5776535999 0
0.287529841036 0.585706962039 0
0.278430122354 0.585314566906 0
0.2875 0.59296875 0
0.278515625 0.59296875 0
0.278400440705 0.602317107372 0
0.2875 0.601953125 0
0.296599559295 -0.602317107372 0
0.30546875 -0.602671875 0
0.30546875 -0.59296875 0
0.296484375 -0.59296875 0
0.305469237139 -0.579481010624 0
0.305469318334 -0.577232892989 0
0.296516533833 -0.576713519736 0
0.296514459605 -0.578963092351 0
0.30546939953 -0.574984775354 0
0.29652379292 -0.574463480286 0
0.296388671154 -0.585966430359 0
0.305468993569 -0.586224880312 0
0.296593631744 -0.565743495619 0
0.305469074765 -0.566008012677 0
0.30546875 -0.55703125 0
0.296484375 -0.55703125 0
0.296599559295 -0.547682892628 0
0.30546875 -0.547328125 0
0.296599559295 0.547682892628 0
0.30546875 0.547328125 0
0.30546875 0.55703125 0
0.296484375 0.55703125 0
0.296593631744 0.565743495619 0
0.305469074765 0.566008012677 0
0.30546939953 0.574984775354 0
0.29652379292 0.574463480286 0
0.296516533833 0.576713519736 0
0.305469318334 0.577232892989 0
0.305469237139 0.579481010624 0
0.296514459605 0.578963092351 0
0.305468993569 0.586224880312 0
0.296388671154 0.585966430359 0
0.30546875 0.59296875 0
0.296484375 0.59296875 0
0.296599559295 0.602317107372 0
0.30546875 0.602671875 0
0.314337940705 -0.602317107372 0
0.3234375 -0.601953125 0
0.3234375 -0.59296875 0
0.314453125 -0.59296875 0
0.3234375 -0.579962872599 0
0.3234375 -0.5774814363 0
0.314601143007 -0.577359211897 0
0.314453368569 -0.579721941612 0
0.3234375 -0.575 0
0.314453449765 -0.574992387677 0
0.314398777971 -0.586344644843 0
0.3234375 -0.5864658113 0
0.31445455664 -0.566011765248 0
0.3234375 -0.566015625 0
0.3234375 -0.55703125 0
0.314453125 -0.55703125 0
0.314337940705 -0.547682892628 0
0.3234375 -0.548046875 0
0.314337940705 0.547682892628 0
0.3234375 0.548046875 0
0.3234375 0.55703125 0
0.314453125 0.55703125 0
0.31445455664 0.566011765248 0
0.3234375 0.566015625 0
0.3234375 0.575 0
0.314453449765 0.574992387677 0
0.314601143007 0.577359211897 0
0.3234375 0.5774814363 0
0.3234375 0.579962872599 0
0.314453368569 0.579721941612 0
0.3234375 0.5864658113 0
0.314398777971 0.586344644843 0
0.3234375 0.59296875 0
0.314453125 0.59296875 0
0.314337940705 0.602317107372 0
0.3234375 0.601953125 0
0.332537059295 -0.602317107372 0
0.34140625 -0.602671875 0
0.34140625 -0.59296875 0
0.332421875 -0.59296875 0
0.34140625 -0.579887831792 0
0.34140625 -0.577443915896 0
0.332399061242 -0.577462723735 0
0.332421875 -0.579925352196 0
0.34140625 -0.575 0
0.332421875 -0.575 0
0.332430489764 -0.586447033109 0
0.34140625 -0.586428290896 0
0.332421875 -0.566015625 0
0.34140625 -0.566015625 0
0.34140625 -0.55703125 0
0.332421875 -0.55703125 0
0.332537059295 -0.547682892628 0
0.34140625 -0.547328125 0
0.332537059295 0.547682892628 0
0.34140625 0.547328125 0
0.34140625 0.55703125 0
0.332421875 0.55703125 0
0.332421875 0.566015625 0
0.34140625 0.566015625 0
0.34140625 0.575 0
0.332421875 0.575 0
0.332399061242 0.577462723735 0
0.34140625 0.577443915896 0
0.34140625 0.579887831792 0
0.332421875 0.579925352196 0
0.34140625 0.586428290896 0
0.332430489764 0.586447033109 0
0.34140625 0.59296875 0
0.332421875 0.59296875 0
0.332537059295 0.602317107372 0
0.34140625 0.602671875 0
0.350275440705 -0.602317107372 0
0.359375 -0.601953125 0
0.359375 -0.59296875 0
0.350390625 -0.59296875 0
0.359365701188 -0.579256122621 0
0.359364176147 -0.577007199805 0
0.350260875501 -0.577228650779 0
0.350385975594 -0.579571977207 0
0.359362651107 -0.57475827699 0
0.350384450554 -0.574879138495 0
0.350458908013 -0.5862696864 0
0.359370350594 -0.58611243631 0
0.350367258094 -0.565954301272 0
0.359368825554 -0.565894763495 0
0.359375 -0.55703125 0
0.350390625 -0.55703125 0
0.350275440705 -0.547682892628 0
0.359375 -0.548046875 0
0.350275440705 0.547682892628 0
0.359375 0.548046875 0
0.359375 0.55703125 0
0.350390625 0.55703125 0
0.350367258094 0.565954301272 0
0.359368825554 0.565894763495 0
0.359362651107 0.57475827699 0
0.350384450554 0.574879138495 0
0.350260875501 0.577228650779 0
0.359364176147 0.577007199805 0
0.359365701188 0.579256122621 0
0.350385975594 0.579571977207 0
0.359370350594 0.58611243631 0
0.350458908013 0.5862696864 0
0.359375 0.59296875 0
0.350390625 0.59296875 0
0.350275440705 0.602317107372 0
0.359375 0.601953125 0
0.368474559295 -0.602317107372 0
0.37734375 -0.602671875 0
0.37734375 -0.59296875 0
0.368359375 -0.59296875 0
0.377253150336 -0.578071915754 0
0.377239450971 -0.575819399969 0
0.368304727994 -0.576413616681 0
0.368309425762 -0.578664019187 0
0.377225751605 -0.573566884185 0
0.368294201356 -0.574162580588 0
0.36845836484 -0.585817421324 0
0.377298450168 -0.585520332877 0
0.368222672504 -0.565591597362 0
0.377284750803 -0.565299067093 0
0.37734375 -0.55703125 0
0.368359375 -0.55703125 0
0.368474559295 -0.547682892628 0
0.37734375 -0.547328125 0
0.368474559295 0.547682892628 0
0.37734375 0.547328125 0
0.37734375 0.55703125 0
0.368359375 0.55703125 0
0.368222672504 0.565591597362 0
0.377284750803 0.565299067093 0
0.377225751605 0.573566884185 0
0.368294201356 0.574162580588 0
0.368304727994 0.576413616681 0
0.377239450971 0.575819399969 0
0.377253150336 0.578071915754 0
0.368309425762 0.578664019187 0
0.377298450168 0.585520332877 0
0.36845836484 0.585817421324 0
0.37734375 0.59296875 0
0.368359375 0.59296875 0
0.368474559295 0.602317107372 0
0.37734375 0.602671875 0
0.386212940705 -0.602317107372 0
0.3953125 -0.601953125 0
0.3953125 -0.59296875 0
0.386328125 -0.59296875 0
0.395029358664 -0.576342938286 0
0.394990936918 -0.57408684693 0
0.386119131268 -0.574953783933 0
0.3861412545 -0.57720742702 0
0.394952515171 -0.571830755575 0
0.386089133388 -0.57269881988 0
0.386399005975 -0.585092783915 0
0.395170929332 -0.584655844143 0
0.386042878874 -0.564853457032 0
0.395132507586 -0.564431002787 0
0.3953125 -0.55703125 0
0.386328125 -0.55703125 0
0.386212940705 -0.547682892628 0
0.3953125 -0.548046875 0
0.386212940705 0.547682892628 0
0.3953125 0.548046875 0
0.3953125 0.55703125 0
0.386328125 0.55703125 0
0.386042878874 0.564853457032 0
0.395132507586 0.564431002787 0
0.394952515171 0.571830755575 0
0.386089133388 0.57269881988 0
0.386119131268 0.574953783933 0
0.394990936918 0.57408684693 0
0.395029358664 0.576342938286 0
0.3861412545 0.57720742702 0
0.395170929332 0.584655844143 0
0.386399005975 0.585092783915 0
0.3953125 0.59296875 0
0.386328125 0.59296875 0
0.386212940705 0.602317107372 0
0.3953125 0.601953125 0
0.404412059295 -0.602317107372 0
0.41328125 -0.602671875 0
0.41328125 -0.59296875 0
0.404296875 -0.59296875 0
0.404510651127 -0.575194021934 0
0.399731583149 -0.573512388755 0
0.398164174987 -0.574455905265 0
0.399770004895 -0.57576848011 0
0.404168258173 -0.584543273557 0
0.413531551694 -0.585712536791 0
0.413781853388 -0.578456323581 0
0.409146252258 -0.576825172758 0
0.404495666021 -0.565614679689 0
0.409093399836 -0.574563168451 0
0.413676148545 -0.573932314968 0
0.413478699273 -0.565481782484 0
0.41328125 -0.55703125 0
0.404296875 -0.55703125 0
0.410656217687 -0.575860886829 0
0.413729000967 -0.576194319275 0
0.404412059295 -0.547682892628 0
0.41328125 -0.547328125 0
0.404412059295 0.547682892628 0
0.41328125 0.547328125 0
0.41328125 0.55703125 0
0.404296875 0.55703125 0
0.404495666021 0.565614679689 0
0.413478699273 0.565481782484 0
0.413676148545 0.573932314968 0
0.409093399836 0.574563168451 0
0.404510651127 0.575194021934 0
0.399731583149 0.573512388755 0
0.413729000967 0.576194319275 0
0.410656217687 0.575860886829 0
0.413781853388 0.578456323581 0
0.409146252258 0.576825172758 0
0.398164174987 0.574455905265 0
0.399770004895 0.57576848011 0
0.404168258172 0.584543273556 0
0.413531551694 0.585712536791 0
0.41328125 0.59296875 0
0.404296875 0.59296875 0
0.404412059295 0.602317107372 0
0.41328125 0.602671875 0
0.422150440705 -0.602317107372 0
0.43125 -0.601953125 0
0.43125 -0.59296875 0
0.422265625 -0.59296875 0
0.422683769582 -0.58501950483 0
0.431306000063 -0.584302400052 0
0.431362000127 -0.575636050104 0
0.422571926758 -0.577046186842 0
0.431334567302 -0.571079071119 0
0.431292283651 -0.564055160559 0
0.422109439268 -0.56477131429 0
0.422505357924 -0.572505693043 0
0.43125 -0.55703125 0
0.422265625 -0.55703125 0
0.422545188664 -0.574773194691 0
0.431348283714 -0.573357560611 0
0.422150440705 -0.547682892628 0
0.43125 -0.548046875 0
0.422150440705 0.547682892628 0
0.43125 0.548046875 0
0.43125 0.55703125 0
0.422265625 0.55703125 0
0.422109439268 0.56477131429 0
0.431292283651 0.564055160559 0
0.431334567302 0.571079071119 0
0.422505357924 0.572505693043 0
0.431348283714 0.573357560611 0
0.422545188664 0.574773194691 0
0.431362000127 0.575636050104 0
0.422571926758 0.577046186842 0
0.422683769582 0.58501950483 0
0.431306000063 0.584302400052 0
0.43125 0.59296875 0
0.422265625 0.59296875 0
0.422150440705 0.602317107372 0
0.43125 0.601953125 0
0.440349559295 -0.602317107372 0
0.44921875 -0.602671875 0
0.44921875 -0.59296875 0
0.440234375 -0.59296875 0
0.440316307553 -0.584151792524 0
0.44921875 -0.583984375 0
0.44921875 -0.575 0
0.440290375063 -0.575318025052 0
0.44921875 -0.567615089342 0
0.44921875 -0.562323169671 0
0.439834480837 -0.56322568337 0
0.440276658651 -0.56934708023 0
0.44921875 -0.55703125 0
0.440234375 -0.55703125 0
0.44098785493 -0.572250809576 0
0.44921875 -0.571307544671 0
0.440349559295 -0.547682892628 0
0.44921875 -0.547328125 0
0.440349559295 0.547682892628 0
0.44921875 0.547328125 0
0.44921875 0.55703125 0
0.440234375 0.55703125 0
0.439834480837 0.56322568337 0
0.44921875 0.562323169671 0
0.44921875 0.567615089342 0
0.440276658651 0.56934708023 0
0.44921875 0.571307544671 0
0.44098785493 0.572250809576 0
0.44921875 0.575 0
0.440290375063 0.575318025052 0
0.440316307553 0.584151792524 0
0.44921875 0.583984375 0
0.44921875 0.59296875 0
0.440234375 0.59296875 0
0.440349559295 0.602317107372 0
0.44921875 0.602671875 0
0.458087940705 -0.602317107372 0
0.4671875 -0.601953125 0
0.4671875 -0.59296875 0
0.458203125 -0.59296875 0
0.458203125 -0.583984375 0
0.4671875 -0.583984375 0
0.4671875 -0.575 0
0.458203125 -0.575 0
0.4671875 -0.56354200362 0
0.4671875 -0.56028662681 0
0.457489563512 -0.561385771899 0
0.458203125 -0.565578546481 0
0.4671875 -0.55703125 0
0.458203125 -0.55703125 0
0.458850479633 -0.570215903337 0
0.4671875 -0.56927100181 0
0.458087940705 -0.547682892628 0
0.4671875 -0.548046875 0
0.458087940705 0.547682892628 0
0.4671875 0.548046875 0
0.4671875 0.55703125 0
0.458203125 0.55703125 0
0.457489563512 0.561385771899 0
0.4671875 0.56028662681 0
0.4671875 0.56354200362 0
0.458203125 0.565578546481 0
0.4671875 0.56927100181 0
0.458850479633 0.570215903337 0
0.4671875 0.575 0
0.458203125 0.575 0
0.458203125 0.583984375 0
0.4671875 0.583984375 0
0.4671875 0.59296875 0
0.458203125 0.59296875 0
0.458087940705 0.602317107372 0
0.4671875 0.601953125 0
0.476287059295 -0.602317107372 0
0.48515625 -0.602671875 0
0.48515625 -0.59296875 0
0.476171875 -0.59296875 0
0.476171875 -0.583984375 0
0.48515625 -0.583984375 0
0.48515625 -0.575 0
0.476171875 -0.575 0
0.484588204733 -0.559019218773 0
0.484506157762 -0.556710996583 0
0.475365765798 -0.558603273312 0
0.475887852367 -0.561280611196 0
0.484424110792 -0.554402774393 0
0.475805805396 -0.555717012197 0
0.476522830702 -0.56810793849 0
0.484872227367 -0.567009609386 0
0.475753498473 -0.547345046589 0
0.484790180396 -0.546732637197 0
0.48515625 -0.5390625 0
0.476171875 -0.5390625 0
0.475807892628 -0.529962940705 0
0.48515625 -0.530078125 0
0.48515625 -0.52109375 0
0.475453125 -0.52109375 0
0.475932291667 -0.511869791667 0
0.48515625 -0.511390625 0
0.475932291667 0.511869791667 0
0.48515625 0.511390625 0
0.48515625 0.52109375 0
0.475453125 0.52109375 0
0.475807892628 0.529962940705 0
0.48515625 0.530078125 0
0.48515625 0.5390625 0
0.476171875 0.5390625 0
0.475753498473 0.547345046589 0
0.484790180396 0.546732637197 0
0.484424110792 0.554402774393 0
0.475805805396 0.555717012197 0
0.475365765798 0.558603273312 0
0.484506157762 0.556710996583 0
0.484588204733 0.559019218773 0
0.475887852367 0.561280611196 0
0.484872227367 0.567009609386 0
0.476522830702 0.56810793849 0
0.48515625 0.575 0
0.476171875 0.575 0
0.476171875 0.583984375 0
0.48515625 0.583984375 0
0.48515625 0.59296875 0
0.476171875 0.59296875 0
0.476287059295 0.602317107372 0
0.48515625 0.602671875 0
0.494380208333 -0.602192708333 0
0.494859375 -0.59296875 0
0.494504607372 -0.584099559295 0
0.494140625 -0.575 0
0.494084646302 -0.556305877057 0
0.489254378547 -0.555354325725 0
0.487698987276 -0.556575956742 0
0.489336425518 -0.557662547915 0
0.494156646761 -0.566132423103 0
0.503299731235 -0.566577824325 0
0.50347446247 -0.55815564865 0
0.498779554386 -0.557230762853 0
0.49393202321 -0.547187689438 0
0.498736733754 -0.554891224948 0
0.503388821205 -0.553476572838 0
0.503256910603 -0.546269536419 0
0.503125 -0.5390625 0
0.494140625 -0.5390625 0
0.500315976658 -0.555979366181 0
0.503431641837 -0.555816110744 0
0.494140625 -0.530078125 0
0.503125 -0.530078125 0
0.503125 -0.52109375 0
0.494140625 -0.52109375 0
0.494025440705 -0.511745392628 0
0.503125 -0.512109375 0
0.494025440705 0.511745392628 0
0.503125 0.512109375 0
0.503125 0.52109375 0
0.494140625 0.52109375 0
0.494140625 0.530078125 0
0.503125 0.530078125 0
0.503125 0.5390625 0
0.494140625 0.5390625 0
0.49393202321 0.547187689438 0
0.503256910603 0.546269536419 0
0.503388821205 0.553476572838 0
0.498736733754 0.554891224948 0
0.494084646302 0.556305877057 0
0.489254378547 0.555354325725 0
0.503431641837 0.555816110744 0
0.500315976658 0.555979366181 0
0.50347446247 0.55815564865 0
0.498779554386 0.557230762853 0
0.487698987276 0.556575956742 0
0.489336425518 0.557662547915 0
0.494156646761 0.566132423103 0
0.503299731235 0.566577824325 0
0.494140625 0.575 0
0.494504607372 0.584099559295 0
0.494859375 0.59296875 0
0.494380208333 0.602192708333 0
0.512405754685 -0.566689699022 0
0.52109375 -0.566734375 0
0.52109375 -0.55703125 0
0.512284106235 -0.557593449325 0
0.52109375 -0.547615904363 0
0.52109375 -0.543339202181 0
0.511412460352 -0.544919155134 0
0.512241285603 -0.550546238601 0
0.52109375 -0.5390625 0
0.512109375 -0.5390625 0
0.51324714476 -0.55387137299 0
0.52109375 -0.552323577181 0
0.512109375 -0.530078125 0
0.52109375 -0.530078125 0
0.52109375 -0.52109375 0
0.512109375 -0.52109375 0
0.512224559295 -0.511745392628 0
0.52109375 -0.511390625 0
0.512224559295 0.511745392628 0
0.52109375 0.511390625 0
0.52109375 0.52109375 0
0.512109375 0.52109375 0
0.512109375 0.530078125 0
0.52109375 0.530078125 0
0.52109375 0.5390625 0
0.512109375 0.5390625 0
0.511412460352 0.544919155134 0
0.52109375 0.543339202181 0
0.52109375 0.547615904363 0
0.512241285603 0.550546238601 0
0.52109375 0.552323577181 0
0.51324714476 0.55387137299 0
0.52109375 0.55703125 0
0.512284106235 0.557593449325 0
0.512405754685 0.566689699022 0
0.52109375 0.566734375 0
0.529962940705 -0.566379607372 0
0.5390625 -0.566015625 0
0.5390625 -0.55703125 0
0.530078125 -0.55703125 0
0.538318774561 -0.541297781416 0
0.538206994447 -0.538933079591 0
0.5288452528 -0.54135274534 0
0.52970626228 -0.544456842889 0
0.538095214334 -0.536568377767 0
0.529594482167 -0.537815438884 0
0.530641575693 -0.550642675791 0
0.53869063728 -0.549164515708 0
0.529614898795 -0.529387548572 0
0.538578857167 -0.528831063884 0
0.5390625 -0.52109375 0
0.530078125 -0.52109375 0
0.529962940705 -0.511745392628 0
0.5390625 -0.512109375 0
0.529962940705 0.511745392628 0
0.5390625 0.512109375 0
0.5390625 0.52109375 0
0.530078125 0.52109375 0
0.529614898795 0.529387548572 0
0.538578857167 0.528831063884 0
0.538095214334 0.536568377767 0
0.529594482167 0.537815438884 0
0.5288452528 0.54135274534 0
0.538206994447 0.538933079591 0
0.538318774561 0.541297781416 0
0.52970626228 0.544456842889 0
0.53869063728 0.549164515708 0
0.530641575693 0.550642675791 0
0.5390625 0.55703125 0
0.530078125 0.55703125 0
0.529962940705 0.566379607372 0
0.5390625 0.566015625 0
0.548162059295 -0.566379607372 0
0.55703125 -0.566734375 0
0.55703125 -0.55703125 0
0.548046875 -0.55703125 0
0.547252371767 -0.537774494525 0
0.54267379305 -0.537171436146 0
0.541222120219 -0.538546884568 0
0.542785573164 -0.53953613797 0
0.548021757911 -0.547900172016 0
0.55703125 -0.548046875 0
0.55703125 -0.5390625 0
0.552141810883 -0.538418497263 0
0.547495373259 -0.528873850843 0
0.552141810883 -0.535747140991 0
0.55703125 -0.533719787457 0
0.55703125 -0.527406768729 0
0.55703125 -0.52109375 0
0.548046875 -0.52109375 0
0.553771623923 -0.536852260661 0
0.55703125 -0.536391143729 0
0.548162059295 -0.511745392628 0
0.55703125 -0.511390625 0
0.548162059295 0.511745392628 0
0.55703125 0.511390625 0
0.55703125 0.52109375 0
0.548046875 0.52109375 0
0.547495373259 0.528873850843 0
0.55703125 0.527406768729 0
0.55703125 0.533719787457 0
0.552141810883 0.535747140991 0
0.547252371767 0.537774494525 0
0.54267379305 0.537171436146 0
0.55703125 0.536391143729 0
0.553771623923 0.536852260661 0
0.55703125 0.5390625 0
0.552141810883 0.538418497263 0
0.54122212022 0.538546884569 0
0.542785573164 0.53953613797 0
0.548021757911 0.547900172016 0
0.55703125 0.548046875 0
0.55703125 0.55703125 0
0.548046875 0.55703125 0
0.548162059295 0.566379607372 0
0.55703125 0.566734375 0
0.565900440705 -0.566379607372 0
0.575 -0.566015625 0
0.575 -0.55703125 0
0.566015625 -0.55703125 0
0.566015625 -0.548046875 0
0.575 -0.548046875 0
0.575 -0.5390625 0
0.566015625 -0.5390625 0
0.574904493278 -0.525758299195 0
0.57488675058 -0.523286720161 0
0.564659650569 -0.525648652565 0
0.565967871639 -0.529739043326 0
0.574869007882 -0.520815141127 0
0.565950128941 -0.520954445564 0
0.567268963973 -0.534119439841 0
0.574952246639 -0.532410399598 0
0.565845239012 -0.511664060658 0
0.574934503941 -0.511970070564 0
0.565845239012 0.511664060658 0
0.574934503941 0.511970070564 0
0.574869007882 0.520815141127 0
0.565950128941 0.520954445564 0
0.564659650569 0.525648652565 0
0.57488675058 0.523286720161 0
0.574904493278 0.525758299195 0
0.565967871639 0.529739043326 0
0.574952246639 0.532410399598 0
0.567268963973 0.534119439841 0
0.575 0.5390625 0
0.566015625 0.5390625 0
0.566015625 0.548046875 0
0.575 0.548046875 0
0.575 0.55703125 0
0.566015625 0.55703125 0
0.565900440705 0.566379607372 0
0.575 0.566015625 0
0.584099559295 -0.566379607372 0
0.59296875 -0.566734375 0
0.59296875 -0.55703125 0
0.583984375 -0.55703125 0
0.583984375 -0.548046875 0
0.59296875 -0.548046875 0
0.59296875 -0.5390625 0
0.583984375 -0.5390625 0
0.584215738094 -0.521319823626 0
0.579542372988 -0.521067482377 0
0.577996413084 -0.522631087982 0
0.579560115686 -0.523539061411 0
0.584416929552 -0.530723016781 0
0.593149986619 -0.530437259952 0
0.593331223238 -0.521812019904 0
0.588773480666 -0.521565921765 0
0.583673011257 -0.511693668917 0
0.588725109471 -0.519072183238 0
0.593234480849 -0.51682454285 0
0.593101615424 -0.509974771425 0
0.59296875 -0.503125 0
0.583984375 -0.503125 0
0.590260480725 -0.519985462125 0
0.593282852043 -0.519318281377 0
0.583620392628 -0.494025440705 0
0.59296875 -0.494140625 0
0.59296875 -0.48515625 0
0.583265625 -0.48515625 0
0.583744791667 -0.475932291667 0
0.59296875 -0.475453125 0
0.583744791667 0.475932291667 0
0.59296875 0.475453125 0
0.59296875 0.48515625 0
0.583265625 0.48515625 0
0.583620392628 0.494025440705 0
0.59296875 0.494140625 0
0.59296875 0.503125 0
0.583984375 0.503125 0
0.583673011257 0.511693668917 0
0.593101615424 0.509974771425 0
0.593234480849 0.51682454285 0
0.588725109471 0.519072183238 0
0.584215738094 0.521319823626 0
0.579542372988 0.521067482377 0
0.593282852043 0.519318281377 0
0.590260480725 0.519985462125 0
0.593331223238 0.521812019904 0
0.588773480666 0.521565921765 0
0.577996413085 0.522631087984 0
0.579560115686 0.523539061411 0
0.584416929552 0.530723016781 0
0.593149986619 0.530437259952 0
0.59296875 0.5390625 0
0.583984375 0.5390625 0
0.583984375 0.548046875 0
0.59296875 0.548046875 0
0.59296875 0.55703125 0
0.583984375 0.55703125 0
0.584099559295 0.566379607372 0
0.59296875 0.566734375 0
0.602192708333 -0.566255208333 0
0.602671875 -0.55703125 0
0.602317107372 -0.548162059295 0
0.601953125 -0.5390625 0
0.602104518432 -0.530286979282 0
0.6109375 -0.530078125 0
0.6109375 -0.52109375 0
0.602134361619 -0.521452884952 0
0.610675548329 -0.507564022139 0
0.610626327903 -0.505021801414 0
0.600524368479 -0.50787688357 0
0.601955014589 -0.512194282495 0
0.610577107477 -0.502479580688 0
0.601772928739 -0.502802290344 0
0.6033919962 -0.516439962395 0
0.610806524164 -0.51432888607 0
0.601808558012 -0.493949921376 0
0.610757303739 -0.493817915344 0
0.6109375 -0.48515625 0
0.601953125 -0.48515625 0
0.601837940705 -0.475807892628 0
0.6109375 -0.476171875 0
0.601837940705 0.475807892628 0
0.6109375 0.476171875 0
0.6109375 0.48515625 0
0.601953125 0.48515625 0
0.601808558012 0.493949921376 0
0.610757303739 0.493817915344 0
0.610577107477 0.502479580688 0
0.601772928739 0.502802290344 0
0.600524368479 0.50787688357 0
0.610626327903 0.505021801414 0
0.610675548329 0.507564022139 0
0.601955014589 0.512194282495 0
0.610806524164 0.51432888607 0
0.6033919962 0.516439962395 0
0.6109375 0.52109375 0
0.602134361619 0.521452884952 0
0.602104518432 0.530286979282 0
0.6109375 0.530078125 0
0.601953125 0.5390625 0
0.602317107372 0.548162059295 0
0.602671875 0.55703125 0
0.602192708333 0.566255208333 0
0.620037059295 -0.530442107372 0
0.62890625 -0.530796875 0
0.62890625 -0.52109375 0
0.619921875 -0.52109375 0
0.619155027245 -0.502781632738 0
0.614866067361 -0.502630606713 0
0.613469227682 -0.50427507852 0
0.614915287787 -0.505172827439 0
0.620221999541 -0.512454360904 0
0.62890625 -0.512109375 0
0.62890625 -0.503125 0
0.624030638623 -0.502953316369 0
0.619297968155 -0.493298875412 0
0.624030638623 -0.49991398114 0
0.62890625 -0.497046329542 0
0.62890625 -0.491101289771 0
0.62890625 -0.48515625 0
0.619921875 -0.48515625 0
0.625655842416 -0.50098432076 0
0.62890625 -0.500085664771 0
0.619921875 -0.476171875 0
0.62890625 -0.476171875 0
0.62890625 -0.4671875 0
0.619921875 -0.4671875 0
0.619557892628 -0.458087940705 0
0.62890625 -0.458203125 0
0.62890625 -0.44921875 0
0.619203125 -0.44921875 0
0.619682291667 -0.439994791667 0
0.62890625 -0.439515625 0
0.619682291667 0.439994791667 0
0.62890625 0.439515625 0
0.62890625 0.44921875 0
0.619203125 0.44921875 0
0.619557892628 0.458087940705 0
0.62890625 0.458203125 0
0.62890625 0.4671875 0
0.619921875 0.4671875 0
0.619921875 0.476171875 0
0.62890625 0.476171875 0
0.62890625 0.48515625 0
0.619921875 0.48515625 0
0.619297968155 0.493298875412 0
0.62890625 0.491101289771 0
0.62890625 0.497046329542 0
0.624030638623 0.49991398114 0
0.619155027245 0.502781632738 0
0.614866067361 0.502630606713 0
0.62890625 0.500085664771 0
0.625655842416 0.50098432076 0
0.62890625 0.503125 0
0.624030638623 0.502953316369 0
0.613469227684 0.504275078522 0
0.614915287787 0.505172827439 0
0.620221999541 0.512454360905 0
0.62890625 0.512109375 0
0.62890625 0.52109375 0
0.619921875 0.52109375 0
0.620037059295 0.530442107372 0
0.62890625 0.530796875 0
0.637775440705 -0.530442107372 0
0.646875 -0.530078125 0
0.646875 -0.52109375 0
0.637890625 -0.52109375 0
0.637890625 -0.512109375 0
0.646875 -0.512109375 0
0.646875 -0.503125 0
0.637890625 -0.503125 0
0.645219568275 -0.48686407115 0
0.644963746719 -0.484351194261 0
0.635897173448 -0.488194084162 0
0.637062909138 -0.491955200346 0
0.644707925163 -0.481838317372 0
0.636807087581 -0.483497283686 0
0.638815926381 -0.497191272654 0
0.646047284138 -0.494994535575 0
0.63705508783 -0.475179076348 0
0.645791462581 -0.474512908686 0
0.646875 -0.4671875 0
0.637890625 -0.4671875 0
0.637890625 -0.458203125 0
0.646875 -0.458203125 0
0.646875 -0.44921875 0
0.637890625 -0.44921875 0
0.637775440705 -0.439870392628 0
0.646875 -0.440234375 0
0.637775440705 0.439870392628 0
0.646875 0.440234375 0
0.646875 0.44921875 0
0.637890625 0.44921875 0
0.637890625 0.458203125 0
0.646875 0.458203125 0
0.646875 0.4671875 0
0.637890625 0.4671875 0
0.63705508783 0.475179076348 0
0.645791462581 0.474512908686 0
0.644707925163 0.481838317372 0
0.636807087581 0.483497283686 0
0.635897173448 0.488194084162 0
0.644963746719 0.484351194261 0
0.645219568275 0.48686407115 0
0.637062909138 0.491955200346 0
0.646047284138 0.494994535575 0
0.638815926381 0.497191272654 0
0.646875 0.503125 0
0.637890625 0.503125 0
0.637890625 0.512109375 0
0.646875 0.512109375 0
0.646875 0.52109375 0
0.637890625 0.52109375 0
0.637775440705 0.530442107372 0
0.646875 0.530078125 0
0.655974559295 -0.530442107372 0
0.66484375 -0.530796875 0
0.66484375 -0.52109375 0
0.655859375 -0.52109375 0
0.655859375 -0.512109375 0
0.66484375 -0.512109375 0
0.66484375 -0.503125 0
0.655859375 -0.503125 0
0.651237875003 -0.48291430675 0
0.647972900083 -0.482376312061 0
0.647055122815 -0.483872231758 0
0.648228721639 -0.48488918895 0
0.655416284802 -0.493536833266 0
0.66484375 -0.494140625 0
0.66484375 -0.48515625 0
0.658040812501 -0.484035278375 0
0.654026553418 -0.473849874503 0
0.658040812501 -0.478248022649 0
0.66484375 -0.473581738548 0
0.66484375 -0.470384619274 0
0.66484375 -0.4671875 0
0.655859375 -0.4671875 0
0.660308458335 -0.4805507651 0
0.66484375 -0.479368994274 0
0.655859375 -0.458203125 0
0.66484375 -0.458203125 0
0.66484375 -0.44921875 0
0.655859375 -0.44921875 0
0.655974559295 -0.439870392628 0
0.66484375 -0.439515625 0
0.655974559295 0.439870392628 0
0.66484375 0.439515625 0
0.66484375 0.44921875 0
0.655859375 0.44921875 0
0.655859375 0.458203125 0
0.66484375 0.458203125 0
0.66484375 0.4671875 0
0.655859375 0.4671875 0
0.654026553418 0.473849874503 0
0.66484375 0.470384619274 0
0.66484375 0.473581738548 0
0.658040812501 0.478248022649 0
0.651237875003 0.48291430675 0
0.647972900083 0.482376312061 0
0.66484375 0.479368994274 0
0.660308458335 0.4805507651 0
0.66484375 0.48515625 0
0.658040812501 0.484035278375 0
0.647055122815 0.483872231758 0
0.648228721639 0.48488918895 0
0.655416284802 0.493536833266 0
0.66484375 0.494140625 0
0.66484375 0.503125 0
0.655859375 0.503125 0
0.655859375 0.512109375 0
0.66484375 0.512109375 0
0.66484375 0.52109375 0
0.655859375 0.52109375 0
0.655974559295 0.530442107372 0
0.66484375 0.530796875 0
0.674067708333 -0.530317708333 0
0.674546875 -0.52109375 0
0.674192107372 -0.512224559295 0
0.673828125 -0.503125 0
0.673828125 -0.494140625 0
0.6828125 -0.494140625 0
0.6828125 -0.48515625 0
0.673828125 -0.48515625 0
0.673708946412 -0.4671875 0
0.669276348206 -0.4671875 0
0.66779881547 -0.469318912849 0
0.669276348206 -0.470384619274 0
0.674408329359 -0.476831339984 0
0.6828125 -0.476171875 0
0.6828125 -0.4671875 0
0.678260723206 -0.4671875 0
0.673193559795 -0.457487952942 0
0.678260723206 -0.463769411096 0
0.6828125 -0.460351322192 0
0.6828125 -0.454785036096 0
0.6828125 -0.44921875 0
0.673828125 -0.44921875 0
0.679777982137 -0.464908774064 0
0.6828125 -0.463769411096 0
0.673712940705 -0.439870392628 0
0.6828125 -0.440234375 0
0.673712940705 0.439870392628 0
0.6828125 0.440234375 0
0.6828125 0.44921875 0
0.673828125 0.44921875 0
0.673193559795 0.457487952942 0
0.6828125 0.454785036096 0
0.6828125 0.460351322192 0
0.678260723206 0.463769411096 0
0.673708946412 0.4671875 0
0.669276348206 0.4671875 0
0.6828125 0.463769411096 0
0.679777982137 0.464908774064 0
0.6828125 0.4671875 0
0.678260723206 0.4671875 0
0.667798815469 0.469318912848 0
0.669276348206 0.470384619274 0
0.674408329359 0.476831339984 0
0.6828125 0.476171875 0
0.6828125 0.48515625 0
0.673828125 0.48515625 0
0.673828125 0.494140625 0
0.6828125 0.494140625 0
0.673828125 0.503125 0
0.674192107372 0.512224559295 0
0.674546875 0.52109375 0
0.674067708333 0.530317708333 0
0.691912059295 -0.494504607372 0
0.70078125 -0.494859375 0
0.70078125 -0.48515625 0
0.691796875 -0.48515625 0
0.691796875 -0.476171875 0
0.70078125 -0.476171875 0
0.70078125 -0.4671875 0
0.691796875 -0.4671875 0
0.695611708132 -0.450253349656 0
0.689212104066 -0.449736049828 0
0.687078902711 -0.45327447395 0
0.689212104066 -0.455302335924 0
0.693389616686 -0.45997257903 0
0.701423530201 -0.458981277372 0
0.702065810402 -0.450775054743 0
0.698838759267 -0.4505142022 0
0.691840437838 -0.440300925956 0
0.698656655345 -0.447746259915 0
0.701701602557 -0.445239170173 0
0.701241426279 -0.438244585087 0
0.70078125 -0.43125 0
0.691796875 -0.43125 0
0.699793040363 -0.448755858191 0
0.701883706479 -0.448007112458 0
0.691432892628 -0.422150440705 0
0.70078125 -0.422265625 0
0.70078125 -0.41328125 0
0.691078125 -0.41328125 0
0.691557291667 -0.404057291667 0
0.70078125 -0.403578125 0
0.691557291667 0.404057291667 0
0.70078125 0.403578125 0
0.70078125 0.41328125 0
0.691078125 0.41328125 0
0.691432892628 0.422150440705 0
0.70078125 0.422265625 0
0.70078125 0.43125 0
0.691796875 0.43125 0
0.691840437838 0.440300925956 0
0.701241426279 0.438244585087 0
0.701701602557 0.445239170173 0
0.698656655345 0.447746259915 0
0.695611708132 0.450253349656 0
0.689212104066 0.449736049828 0
0.701883706479 0.448007112458 0
0.699793040363 0.448755858191 0
0.702065810402 0.450775054743 0
0.698838759267 0.4505142022 0
0.687078902711 0.45327447395 0
0.689212104066 0.455302335924 0
0.693389616686 0.45997257903 0
0.701423530201 0.458981277372 0
0.70078125 0.4671875 0
0.691796875 0.4671875 0
0.691796875 0.476171875 0
0.70078125 0.476171875 0
0.70078125 0.48515625 0
0.691796875 0.48515625 0
0.691912059295 0.494504607372 0
0.70078125 0.494859375 0
0.710005208334 -0.494380208333 0
0.710484375 -0.48515625 0
0.710129607372 -0.476287059295 0
0.709765625 -0.4671875 0
0.710218400938 -0.458697304111 0
0.71875 -0.458203125 0
0.71875 -0.44921875 0
0.710407905201 -0.449996902372 0
0.715530802889 -0.433319743404 0
0.708156026445 -0.432284871702 0
0.706004551816 -0.436602971193 0
0.708616202723 -0.439279456789 0
0.712383902091 -0.443063892524 0
0.720051074695 -0.441677689372 0
0.721352149389 -0.434136628744 0
0.718441476139 -0.433728186074 0
0.710280927049 -0.422821087652 0
0.718101673931 -0.431004782188 0
0.720672544972 -0.428689820972 0
0.719711272486 -0.420985535486 0
0.71875 -0.41328125 0
0.709765625 -0.41328125 0
0.719185165749 -0.432048731039 0
0.721012347181 -0.431413224858 0
0.709650440705 -0.403932892628 0
0.71875 -0.404296875 0
0.709650440705 0.403932892628 0
0.71875 0.404296875 0
0.71875 0.41328125 0
0.709765625 0.41328125 0
0.710280927049 0.422821087652 0
0.719711272486 0.420985535486 0
0.720672544972 0.428689820972 0
0.718101673931 0.431004782188 0
0.715530802889 0.433319743404 0
0.708156026445 0.432284871702 0
0.721012347181 0.431413224858 0
0.719185165749 0.432048731039 0
0.721352149389 0.434136628744 0
0.718441476139 0.433728186074 0
0.706004551815 0.436602971192 0
0.708616202723 0.439279456789 0
0.712383902091 0.443063892524 0
0.720051074695 0.441677689372 0
0.71875 0.44921875 0
0.710407905201 0.449996902372 0
0.710218400938 0.458697304111 0
0.71875 0.458203125 0
0.709765625 0.4671875 0
0.710129607372 0.476287059295 0
0.710484375 0.48515625 0
0.710005208334 0.494380208333 0
0.727849559295 -0.458567107372 0
0.73671875 -0.458921875 0
0.73671875 -0.44921875 0
0.727734375 -0.44921875 0
0.728629738168 -0.441168604543 0
0.73671875 -0.440234375 0
0.73671875 -0.43125 0
0.729035449695 -0.432693314372 0
0.734471366526 -0.415695698391 0
0.734073555802 -0.412942421944 0
0.725769871257 -0.417602327033 0
0.727571955749 -0.422192759681 0
0.733675745078 -0.410189145498 0
0.726212872539 -0.411735197749 0
0.729483992973 -0.426809906685 0
0.735595058263 -0.423472849195 0
0.726715106092 -0.403271107433 0
0.735197247539 -0.402750822749 0
0.73671875 -0.3953125 0
0.727734375 -0.3953125 0
0.727370392628 -0.386212940705 0
0.73671875 -0.386328125 0
0.73671875 -0.37734375 0
0.727015625 -0.37734375 0
0.727494791667 -0.368119791667 0
0.73671875 -0.367640625 0
0.727494791667 0.368119791667 0
0.73671875 0.367640625 0
0.73671875 0.37734375 0
0.727015625 0.37734375 0
0.727370392628 0.386212940705 0
0.73671875 0.386328125 0
0.73671875 0.3953125 0
0.727734375 0.3953125 0
0.726715106092 0.403271107433 0
0.735197247539 0.402750822749 0
0.733675745078 0.410189145498 0
0.726212872539 0.411735197749 0
0.725769871257 0.417602327033 0
0.734073555802 0.412942421944 0
0.734471366526 0.415695698391 0
0.727571955749 0.422192759681 0
0.735595058263 0.423472849195 0
0.729483992973 0.426809906685 0
0.73671875 0.43125 0
0.729035449695 0.432693314372 0
0.728629738168 0.441168604543 0
0.73671875 0.440234375 0
0.73671875 0.44921875 0
0.727734375 0.44921875 0
0.727849559295 0.458567107372 0
0.73671875 0.458921875 0
0.745942708333 -0.458442708333 0
0.746421875 -0.44921875 0
0.746067107372 -0.440349559295 0
0.745703125 -0.43125 0
0.739234740031 -0.411007211071 0
0.736455242554 -0.410598178284 0
0.735793950541 -0.412297351651 0
0.736853053278 -0.413351454731 0
0.745052200192 -0.421607375442 0
0.7546875 -0.422265625 0
0.7546875 -0.41328125 0
0.746961120015 -0.412144230535 0
0.741147244818 -0.402375705741 0
0.745808929997 -0.40424495753 0
0.752383119963 -0.397482703989 0
0.744550934981 -0.396397601995 0
0.750385307234 -0.406146689812 0
0.756258559665 -0.405759266815 0
0.75782961933 -0.398237283629 0
0.755106369646 -0.397859993809 0
0.746358256169 -0.386951158531 0
0.754678510326 -0.395014941742 0
0.75697390069 -0.392547179496 0
0.755830700345 -0.384945464748 0
0.7546875 -0.37734375 0
0.745703125 -0.37734375 0
0.755728879993 -0.396089055704 0
0.75740176001 -0.395392231563 0
0.745587940705 -0.367995392628 0
0.7546875 -0.368359375 0
0.745587940705 0.367995392628 0
0.7546875 0.368359375 0
0.7546875 0.37734375 0
0.745703125 0.37734375 0
0.746358256169 0.386951158531 0
0.755830700345 0.384945464748 0
0.75697390069 0.392547179496 0
0.754678510326 0.395014941742 0
0.752383119963 0.397482703989 0
0.744550934981 0.396397601995 0
0.75740176001 0.395392231563 0
0.755728879993 0.396089055704 0
0.75782961933 0.398237283629 0
0.755106369646 0.397859993809 0
0.741147244818 0.402375705741 0
0.745808929997 0.40424495753 0
0.739234740031 0.411007211071 0
0.736455242554 0.410598178284 0
0.750385307234 0.406146689812 0
0.756258559665 0.405759266815 0
0.7546875 0.41328125 0
0.746961120015 0.412144230535 0
0.735793950546 0.412297351654 0
0.736853053278 0.413351454731 0
0.745052200192 0.421607375442 0
0.7546875 0.422265625 0
0.745703125 0.43125 0
0.746067107372 0.440349559295 0
0.746421875 0.44921875 0
0.745942708333 0.458442708333 0
0.763787059295 -0.422629607372 0
0.77265625 -0.422984375 0
0.77265625 -0.41328125 0
0.763671875 -0.41328125 0
0.764697458283 -0.405293592704 0
0.77265625 -0.404296875 0
0.77265625 -0.3953125 0
0.765242934665 -0.396774891815 0
0.769320907696 -0.378678148381 0
0.762004203848 -0.37801094919 0
0.760327436129 -0.382856359292 0
0.763147404193 -0.385612663938 0
0.766784212805 -0.389236030134 0
0.773732448026 -0.387245533483 0
0.774808646052 -0.379178566966 0
0.772064776874 -0.378928357673 0
0.763954705781 -0.36860494224 0
0.771729863923 -0.375846921502 0
0.77413882015 -0.373015694624 0
0.773397535075 -0.366195347312 0
0.77265625 -0.359375 0
0.763671875 -0.359375 0
0.772756124632 -0.37695746999 0
0.774473733101 -0.376097130795 0
0.763307892628 -0.350275440705 0
0.77265625 -0.350390625 0
0.77265625 -0.34140625 0
0.762953125 -0.34140625 0
0.763307892628 -0.332537059295 0
0.77265625 -0.332421875 0
0.77265625 -0.3234375 0
0.763671875 -0.3234375 0
0.763307892628 -0.314337940705 0
0.77265625 -0.314453125 0
0.77265625 -0.30546875 0
0.762953125 -0.30546875 0
0.763432291667 -0.296244791667 0
0.77265625 -0.295765625 0
0.763432291667 0.296244791667 0
0.77265625 0.295765625 0
0.77265625 0.30546875 0
0.762953125 0.30546875 0
0.763307892628 0.314337940705 0
0.77265625 0.314453125 0
0.77265625 0.3234375 0
0.763671875 0.3234375 0
0.763307892628 0.332537059295 0
0.77265625 0.332421875 0
0.77265625 0.34140625 0
0.762953125 0.34140625 0
0.763307892628 0.350275440705 0
0.77265625 0.350390625 0
0.77265625 0.359375 0
0.763671875 0.359375 0
0.763954705781 0.36860494224 0
0.773397535075 0.366195347312 0
0.77413882015 0.373015694624 0
0.771729863923 0.375846921502 0
0.769320907696 0.378678148381 0
0.762004203848 0.37801094919 0
0.774473733101 0.376097130795 0
0.772756124632 0.37695746999 0
0.774808646052 0.379178566966 0
0.772064776874 0.378928357673 0
0.760327436129 0.382856359292 0
0.763147404193 0.385612663938 0
0.766784212805 0.389236030134 0
0.773732448026 0.387245533483 0
0.77265625 0.3953125 0
0.765242934665 0.396774891815 0
0.764697458283 0.405293592704 0
0.77265625 0.404296875 0
0.77265625 0.41328125 0
0.763671875 0.41328125 0
0.763787059295 0.422629607372 0
0.77265625 0.422984375 0
0.781880208334 -0.422505208333 0
0.782359375 -0.41328125 0
0.782004607372 -0.404412059295 0
0.781640625 -0.3953125 0
0.782328322756 -0.38696949825 0
0.790625 -0.386328125 0
0.790625 -0.37734375 0
0.782716823026 -0.378261158483 0
0.785159460915 -0.359485556233 0
0.778907855457 -0.359430278116 0
0.777318177021 -0.363958750285 0
0.779649140532 -0.366250625428 0
0.783778495408 -0.370360801644 0
0.790727991015 -0.368439727556 0
0.79083098203 -0.359535705111 0
0.787995221472 -0.359510630672 0
0.781221284564 -0.350000652403 0
0.787954078893 -0.355889477157 0
0.79074869687 -0.352293398082 0
0.790686848435 -0.346849824041 0
0.790625 -0.34140625 0
0.781640625 -0.34140625 0
0.788913046606 -0.357104886476 0
0.79078983945 -0.355914551597 0
0.781640625 -0.332421875 0
0.790625 -0.332421875 0
0.790625 -0.3234375 0
0.781640625 -0.3234375 0
0.781640625 -0.314453125 0
0.790625 -0.314453125 0
0.790625 -0.30546875 0
0.781640625 -0.30546875 0
0.781525440705 -0.296120392628 0
0.790625 -0.296484375 0
0.781525440705 0.296120392628 0
0.790625 0.296484375 0
0.790625 0.30546875 0
0.781640625 0.30546875 0
0.781640625 0.314453125 0
0.790625 0.314453125 0
0.790625 0.3234375 0
0.781640625 0.3234375 0
0.781640625 0.332421875 0
0.790625 0.332421875 0
0.790625 0.34140625 0
0.781640625 0.34140625 0
0.781221284564 0.350000652403 0
0.790686848435 0.346849824041 0
0.79074869687 0.352293398082 0
0.787954078893 0.355889477157 0
0.785159460915 0.359485556233 0
0.778907855457 0.359430278116 0
0.79078983945 0.355914551597 0
0.788913046606 0.357104886476 0
0.79083098203 0.359535705111 0
0.787995221472 0.359510630672 0
0.777318177022 0.363958750285 0
0.779649140532 0.366250625428 0
0.783778495408 0.370360801644 0
0.790727991015 0.368439727556 0
0.790625 0.37734375 0
0.782716823026 0.378261158483 0
0.782328322756 0.38696949825 0
0.790625 0.386328125 0
0.781640625 0.3953125 0
0.782004607372 0.404412059295 0
0.782359375 0.41328125 0
0.781880208334 0.422505208333 0
0.799724559295 -0.386692107372 0
0.80859375 -0.387046875 0
0.80859375 -0.37734375 0
0.799609375 -0.37734375 0
0.799674223705 -0.368416755342 0
0.80859375 -0.368359375 0
0.80859375 -0.359375 0
0.799712366015 -0.359455352556 0
0.79887287452 -0.34140625 0
0.79474893726 -0.34140625 0
0.793415523797 -0.345035299361 0
0.794810785695 -0.346849824041 0
0.800655469394 -0.351283552055 0
0.80859375 -0.350390625 0
0.80859375 -0.34140625 0
0.80373331226 -0.34140625 0
0.797969769842 -0.331115261775 0
0.803174614658 -0.335336301039 0
0.807476354796 -0.329266352078 0
0.807153250457 -0.325755997205 0
0.806830146118 -0.322245642332 0
0.798727573059 -0.322841571166 0
0.804980993106 -0.337359617359 0
0.808035052398 -0.335336301039 0
0.799073421987 -0.314003924163 0
0.807711948059 -0.313857196166 0
0.80859375 -0.30546875 0
0.799609375 -0.30546875 0
0.799609375 -0.296484375 0
0.80859375 -0.296484375 0
0.80859375 -0.2875 0
0.799609375 -0.2875 0
0.799245392628 -0.278400440705 0
0.80859375 -0.278515625 0
0.80859375 -0.26953125 0
0.798890625 -0.26953125 0
0.799369791667 -0.260307291667 0
0.80859375 -0.259828125 0
0.799369791667 0.260307291667 0
0.80859375 0.259828125 0
0.80859375 0.26953125 0
0.798890625 0.26953125 0
0.799245392628 0.278400440705 0
0.80859375 0.278515625 0
0.80859375 0.2875 0
0.799609375 0.2875 0
0.799609375 0.296484375 0
0.80859375 0.296484375 0
0.80859375 0.30546875 0
0.799609375 0.30546875 0
0.799073421987 0.314003924163 0
0.807711948059 0.313857196166 0
0.806830146118 0.322245642332 0
0.798727573059 0.322841571166 0
0.797969769842 0.331115261775 0
0.807153250457 0.325755997205 0
0.807476354796 0.329266352078 0
0.803174614658 0.335336301039 0
0.79887287452 0.34140625 0
0.79474893726 0.34140625 0
0.808035052398 0.335336301039 0
0.804980993106 0.337359617359 0
0.80859375 0.34140625 0
0.80373331226 0.34140625 0
0.793415523797 0.345035299361 0
0.794810785695 0.346849824041 0
0.800655469394 0.351283552055 0
0.80859375 0.350390625 0
0.80859375 0.359375 0
0.799712366015 0.359455352556 0
0.799674223705 0.368416755342 0
0.80859375 0.368359375 0
0.80859375 0.37734375 0
0.799609375 0.37734375 0
0.799724559295 0.386692107372 0
0.80859375 0.387046875 0
0.817817708333 -0.386567708333 0
0.818296875 -0.37734375 0
0.817942107372 -0.368474559295 0
0.817578125 -0.359375 0
0.817578125 -0.350390625 0
0.8265625 -0.350390625 0
0.8265625 -0.34140625 0
0.817578125 -0.34140625 0
0.812032299365 -0.322559858582 0
0.809431222741 -0.322402750457 0
0.808779600097 -0.324690617665 0
0.809754327081 -0.32591310533 0
0.817486796399 -0.332380192617 0
0.8265625 -0.332421875 0
0.8265625 -0.3234375 0
0.819297399683 -0.322998679291 0
0.813016018919 -0.312809112604 0
0.817358402455 -0.314301151673 0
0.822684505544 -0.306042444764 0
0.815639127772 -0.305755597382 0
0.821809790079 -0.315919134486 0
0.827199266706 -0.314844842719 0
0.827836033412 -0.306252185437 0
0.825260269478 -0.306147315101 0
0.817467805689 -0.296360974664 0
0.82499605604 -0.302256895465 0
0.827307606535 -0.298471346166 0
0.826935053268 -0.292985673083 0
0.8265625 -0.2875 0
0.817578125 -0.2875 0
0.825942715162 -0.303588658788 0
0.827571819974 -0.302361765802 0
0.817578125 -0.278515625 0
0.8265625 -0.278515625 0
0.8265625 -0.26953125 0
0.817578125 -0.26953125 0
0.817462940705 -0.260182892628 0
0.8265625 -0.260546875 0
0.817462940705 0.260182892628 0
0.8265625 0.260546875 0
0.8265625 0.26953125 0
0.817578125 0.26953125 0
0.817578125 0.278515625 0
0.8265625 0.278515625 0
0.8265625 0.2875 0
0.817578125 0.2875 0
0.817467805689 0.296360974664 0
0.826935053268 0.292985673083 0
0.827307606535 0.298471346166 0
0.82499605604 0.302256895465 0
0.822684505544 0.306042444764 0
0.815639127772 0.305755597382 0
0.827571819974 0.302361765802 0
0.825942715162 0.303588658788 0
0.827836033412 0.306252185437 0
0.825260269478 0.306147315101 0
0.813016018919 0.312809112604 0
0.817358402455 0.314301151673 0
0.812032299365 0.322559858582 0
0.809431222741 0.322402750457 0
0.821809790079 0.315919134486 0
0.827199266706 0.314844842719 0
0.8265625 0.3234375 0
0.819297399683 0.322998679291 0
0.808779600092 0.324690617663 0
0.809754327081 0.32591310533 0
0.817486796398 0.332380192617 0
0.8265625 0.332421875 0
0.8265625 0.34140625 0
0.817578125 0.34140625 0
0.817578125 0.350390625 0
0.8265625 0.350390625 0
0.817578125 0.359375 0
0.817942107372 0.368474559295 0
0.818296875 0.37734375 0
0.817817708333 0.386567708333 0
0.835662059295 -0.350754607372 0
0.84453125 -0.351109375 0
0.84453125 -0.34140625 0
0.835546875 -0.34140625 0
0.835546875 -0.332421875 0
0.84453125 -0.332421875 0
0.84453125 -0.3234375 0
0.835546875 -0.3234375 0
0.835928065054 -0.31475759123 0
0.84453125 -0.314453125 0
0.84453125 -0.30546875 0
0.836183641706 -0.305860467719 0
0.833729838306 -0.2875 0
0.830146169153 -0.2875 0
0.829199981613 -0.291157115388 0
0.830518722421 -0.292985673083 0
0.836726845781 -0.297334359858 0
0.84453125 -0.296484375 0
0.84453125 -0.2875 0
0.839130544153 -0.2875 0
0.832694522502 -0.277688051833 0
0.838306937175 -0.27916599386 0
0.842884036043 -0.270831987719 0
0.834723268022 -0.27018161886 0
0.841826946196 -0.280266482191 0
0.846143353401 -0.279360106739 0
0.847755456803 -0.271220213479 0
0.845319746423 -0.271026100599 0
0.836038014503 -0.260844529057 0
0.844710945352 -0.267314292468 0
0.84653785466 -0.263796597217 0
0.84553455233 -0.257679548608 0
0.84453125 -0.2515625 0
0.835546875 -0.2515625 0
0.845725782503 -0.268616266138 0
0.847146655731 -0.267508405348 0
0.835182892628 -0.242462940705 0
0.84453125 -0.242578125 0
0.84453125 -0.23359375 0
0.834828125 -0.23359375 0
0.835182892628 -0.224724559295 0
0.84453125 -0.224609375 0
0.84453125 -0.215625 0
0.835546875 -0.215625 0
0.835182892628 -0.206525440705 0
0.84453125 -0.206640625 0
0.84453125 -0.19765625 0
0.834828125 -0.19765625 0
0.835182892628 -0.188787059295 0
0.84453125 -0.188671875 0
0.84453125 -0.1796875 0
0.835546875 -0.1796875 0
0.835182892628 -0.170587940705 0
0.84453125 -0.170703125 0
0.84453125 -0.16171875 0
0.834828125 -0.16171875 0
0.835307291667 -0.152494791667 0
0.84453125 -0.152015625 0
0.835307291667 0.152494791667 0
0.84453125 0.152015625 0
0.84453125 0.16171875 0
0.834828125 0.16171875 0
0.835182892628 0.170587940705 0
0.84453125 0.170703125 0
0.84453125 0.1796875 0
0.835546875 0.1796875 0
0.835182892628 0.188787059295 0
0.84453125 0.188671875 0
0.84453125 0.19765625 0
0.834828125 0.19765625 0
0.835182892628 0.206525440705 0
0.84453125 0.206640625 0
0.84453125 0.215625 0
0.835546875 0.215625 0
0.835182892628 0.224724559295 0
0.84453125 0.224609375 0
0.84453125 0.23359375 0
0.834828125 0.23359375 0
0.835182892628 0.242462940705 0
0.84453125 0.242578125 0
0.84453125 0.2515625 0
0.835546875 0.2515625 0
0.836038014503 0.260844529057 0
0.84553455233 0.257679548608 0
0.84653785466 0.263796597217 0
0.844710945352 0.267314292468 0
0.842884036043 0.270831987719 0
0.834723268022 0.27018161886 0
0.847146655731 0.267508405348 0
0.845725782503 0.268616266138 0
0.847755456803 0.271220213479 0
0.845319746423 0.271026100599 0
0.832694522502 0.277688051833 0
0.838306937175 0.27916599386 0
0.833729838306 0.2875 0
0.830146169153 0.2875 0
0.841826946196 0.280266482191 0
0.846143353401 0.279360106739 0
0.84453125 0.2875 0
0.839130544153 0.2875 0
0.829199981614 0.291157115389 0
0.830518722421 0.292985673083 0
0.836726845781 0.297334359858 0
0.84453125 0.296484375 0
0.84453125 0.30546875 0
0.836183641706 0.305860467719 0
0.835928065054 0.31475759123 0
0.84453125 0.314453125 0
0.84453125 0.3234375 0
0.835546875 0.3234375 0
0.835546875 0.332421875 0
0.84453125 0.332421875 0
0.84453125 0.34140625 0
0.835546875 0.34140625 0
0.835662059295 0.350754607372 0
0.84453125 0.351109375 0
0.853755208334 -0.350630208333 0
0.854234375 -0.34140625 0
0.853879607372 -0.332537059295 0
0.853515625 -0.3234375 0
0.853879607372 -0.314337940705 0
0.854234375 -0.30546875 0
0.853879607372 -0.296599559295 0
0.853515625 -0.2875 0
0.854442162914 -0.279226810514 0
0.8625 -0.278515625 0
0.8625 -0.26953125 0
0.855127728401 -0.270375731739 0
0.852605308616 -0.2515625 0
0.848568279308 -0.2515625 0
0.847891471091 -0.255640532405 0
0.849571581638 -0.257679548608 0
0.855355335115 -0.261640995414 0
0.8625 -0.260546875 0
0.8625 -0.2515625 0
0.857552654308 -0.2515625 0
0.850717559457 -0.241836773146 0
0.856537795844 -0.243043007169 0
0.860470283072 -0.234523514337 0
0.852500766536 -0.234058632169 0
0.859893379745 -0.244070227166 0
0.863877924588 -0.24318258429 0
0.865255849176 -0.234802668579 0
0.862863066124 -0.234663091458 0
0.853784901571 -0.224725922766 0
0.86225166981 -0.230408447923 0
0.864033056548 -0.226293381508 0
0.863266528274 -0.220959190754 0
0.8625 -0.215625 0
0.853515625 -0.215625 0
0.863253062931 -0.231873188141 0
0.864644452862 -0.230548025044 0
0.853515625 -0.206640625 0
0.8625 -0.206640625 0
0.8625 -0.19765625 0
0.853515625 -0.19765625 0
0.853515625 -0.188671875 0
0.8625 -0.188671875 0
0.8625 -0.1796875 0
0.853515625 -0.1796875 0
0.853515625 -0.170703125 0
0.8625 -0.170703125 0
0.8625 -0.16171875 0
0.853515625 -0.16171875 0
0.853400440705 -0.152370392628 0
0.8625 -0.152734375 0
0.853400440705 0.152370392628 0
0.8625 0.152734375 0
0.8625 0.16171875 0
0.853515625 0.16171875 0
0.853515625 0.170703125 0
0.8625 0.170703125 0
0.8625 0.1796875 0
0.853515625 0.1796875 0
0.853515625 0.188671875 0
0.8625 0.188671875 0
0.8625 0.19765625 0
0.853515625 0.19765625 0
0.853515625 0.206640625 0
0.8625 0.206640625 0
0.8625 0.215625 0
0.853515625 0.215625 0
0.853784901571 0.224725922766 0
0.863266528274 0.220959190754 0
0.864033056548 0.226293381508 0
0.86225166981 0.230408447923 0
0.860470283072 0.234523514337 0
0.852500766536 0.234058632169 0
0.864644452862 0.230548025044 0
0.863253062931 0.231873188141 0
0.865255849176 0.234802668579 0
0.862863066124 0.234663091458 0
0.850717559457 0.241836773146 0
0.856537795844 0.243043007169 0
0.852605308616 0.2515625 0
0.848568279308 0.2515625 0
0.859893379745 0.244070227166 0
0.863877924588 0.24318258429 0
0.8625 0.2515625 0
0.857552654308 0.2515625 0
0.847891471091 0.255640532405 0
0.849571581638 0.257679548608 0
0.855355335115 0.261640995414 0
0.8625 0.260546875 0
0.8625 0.26953125 0
0.855127728401 0.270375731739 0
0.854442162914 0.279226810514 0
0.8625 0.278515625 0
0.853515625 0.2875 0
0.853879607372 0.296599559295 0
0.854234375 0.30546875 0
0.853879607372 0.314337940705 0
0.853515625 0.3234375 0
0.853879607372 0.332537059295 0
0.854234375 0.34140625 0
0.853755208334 0.350630208333 0
0.871599559295 -0.278879607372 0
0.88046875 -0.279234375 0
0.88046875 -0.26953125 0
0.871484375 -0.26953125 0
0.871484375 -0.260546875 0
0.88046875 -0.260546875 0
0.88046875 -0.2515625 0
0.871484375 -0.2515625 0
0.872258094959 -0.243125994293 0
0.88046875 -0.242578125 0
0.88046875 -0.23359375 0
0.872862299588 -0.23419820929 0
0.868429066243 -0.215625 0
0.865464533121 -0.215625 0
0.864987374264 -0.21918112717 0
0.866231061395 -0.220959190754 0
0.872863976439 -0.225292661693 0
0.88046875 -0.224609375 0
0.88046875 -0.215625 0
0.874448908121 -0.215625 0
0.867386799513 -0.205543823738 0
0.871855325574 -0.206640625 0
0.875281584904 -0.19765625 0
0.868890792452 -0.19765625 0
0.875934887461 -0.20783189718 0
0.88046875 -0.206640625 0
0.88046875 -0.19765625 0
0.877875167452 -0.19765625 0
0.870079042759 -0.18818105668 0
0.87700871064 -0.192754934108 0
0.878735836376 -0.187853618216 0
0.87791676672 -0.18322035887 0
0.877097697063 -0.178587099524 0
0.869798848532 -0.179137299762 0
0.878162057093 -0.194388706072 0
0.879602293188 -0.192754934108 0
0.870576800807 -0.170120214722 0
0.878783223532 -0.170152924762 0
0.88046875 -0.16171875 0
0.871484375 -0.16171875 0
0.871484375 -0.152734375 0
0.88046875 -0.152734375 0
0.88046875 -0.14375 0
0.871484375 -0.14375 0
0.871120392628 -0.134650440705 0
0.88046875 -0.134765625 0
0.88046875 -0.12578125 0
0.870765625 -0.12578125 0
0.871120392628 -0.116912059295 0
0.88046875 -0.116796875 0
0.88046875 -0.1078125 0
0.871484375 -0.1078125 0
0.871120392628 -0.0987129407051 0
0.88046875 -0.098828125 0
0.88046875 -0.08984375 0
0.870765625 -0.08984375 0
0.871120392628 -0.0809745592949 0
0.88046875 -0.080859375 0
0.88046875 -0.071875 0
0.871484375 -0.071875 0
0.871120392628 -0.0627754407051 0
0.88046875 -0.062890625 0
0.88046875 -0.05390625 0
0.870765625 -0.05390625 0
0.871120392628 -0.0450370592949 0
0.88046875 -0.044921875 0
0.88046875 -0.0359375 0
0.871484375 -0.0359375 0
0.871120392628 -0.0268379407051 0
0.88046875 -0.026953125 0
0.88046875 -0.01796875 0
0.870765625 -0.01796875 0
0.871120392628 -0.00909955929487 0
0.88046875 -0.008984375 0
0.88046875 -0 0
0.871484375 0 0
0.871120392628 0.00909955929487 0
0.88046875 0.008984375 0
0.88046875 0.01796875 0
0.870765625 0.01796875 0
0.871120392628 0.0268379407051 0
0.88046875 0.026953125 0
0.88046875 0.0359375 0
0.871484375 0.0359375 0
0.871120392628 0.0450370592949 0
0.88046875 0.044921875 0
0.88046875 0.05390625 0
0.870765625 0.05390625 0
0.871120392628 0.0627754407051 0
0.88046875 0.062890625 0
0.88046875 0.071875 0
0.871484375 0.071875 0
0.871120392628 0.0809745592949 0
0.88046875 0.080859375 0
0.88046875 0.08984375 0
0.870765625 0.08984375 0
0.871120392628 0.0987129407051 0
0.88046875 0.098828125 0
0.88046875 0.1078125 0
0.871484375 0.1078125 0
0.871120392628 0.116912059295 0
0.88046875 0.116796875 0
0.88046875 0.12578125 0
0.870765625 0.12578125 0
0.871120392628 0.134650440705 0
0.88046875 0.134765625 0
0.88046875 0.14375 0
0.871484375 0.14375 0
0.871484375 0.152734375 0
0.88046875 0.152734375 0
0.88046875 0.16171875 0
0.871484375 0.16171875 0
0.870576800807 0.170120214722 0
0.878783223532 0.170152924762 0
0.877097697063 0.178587099524 0
0.869798848532 0.179137299762 0
0.870079042759 0.18818105668 0
0.87791676672 0.18322035887 0
0.878735836376 0.187853618216 0
0.87700871064 0.192754934108 0
0.875281584904 0.19765625 0
0.868890792452 0.19765625 0
0.879602293188 0.192754934108 0
0.878162057093 0.194388706072 0
0.88046875 0.19765625 0
0.877875167452 0.19765625 0
0.867386799513 0.205543823738 0
0.871855325574 0.206640625 0
0.868429066243 0.215625 0
0.865464533121 0.215625 0
0.875934887461 0.20783189718 0
0.88046875 0.206640625 0
0.88046875 0.215625 0
0.874448908121 0.215625 0
0.864987374264 0.21918112717 0
0.866231061395 0.220959190754 0
0.87286397644 0.225292661693 0
0.88046875 0.224609375 0
0.88046875 0.23359375 0
0.872862299588 0.23419820929 0
0.872258094959 0.243125994293 0
0.88046875 0.242578125 0
0.88046875 0.2515625 0
0.871484375 0.2515625 0
0.871484375 0.260546875 0
0.88046875 0.260546875 0
0.88046875 0.26953125 0
0.871484375 0.26953125 0
0.871599559295 0.278879607372 0
0.88046875 0.279234375 0
0.889692708333 -0.278755208333 0
0.890171875 -0.26953125 0
0.889817107372 -0.260662059295 0
0.889453125 -0.2515625 0
0.889817107372 -0.242462940705 0
0.890171875 -0.23359375 0
0.889817107372 -0.224724559295 0
0.889453125 -0.215625 0
0.889453125 -0.206640625 0
0.8984375 -0.206640625 0
0.8984375 -0.19765625 0
0.889453125 -0.19765625 0
0.881743620062 -0.178826669491 0
0.879420658563 -0.178706884507 0
0.879192384501 -0.181755795744 0
0.880239728219 -0.183340143853 0
0.889078546421 -0.188535082668 0
0.8984375 -0.188671875 0
0.8984375 -0.1796875 0
0.890090560031 -0.179257084745 0
0.881701315481 -0.169753675904 0
0.884370932964 -0.170272709745 0
0.886998245867 -0.16171875 0
0.883733497933 -0.16171875 0
0.891367380388 -0.171046148812 0
0.8984375 -0.170703125 0
0.8984375 -0.16171875 0
0.892717872933 -0.16171875 0
0.885071530569 -0.151916585157 0
0.889451048314 -0.152734375 0
0.891903850761 -0.14375 0
0.88618630038 -0.14375 0
0.893832694339 -0.153551786876 0
0.8984375 -0.152734375 0
0.8984375 -0.14375 0
0.89517067538 -0.14375 0
0.887272527136 -0.134397079937 0
0.894007580405 -0.134958247844 0
0.896111310049 -0.126166495688 0
0.888290030025 -0.125973872844 0
0.896688030493 -0.135494546751 0
0.899562699839 -0.135014604074 0
0.900687899677 -0.126279208147 0
0.898399604863 -0.126222851918 0
0.888789907046 -0.116813571119 0
0.897104065899 -0.121534084277 0
0.898096821749 -0.116901672867 0
0.896762255496 -0.11207165908 0
0.895427689244 -0.107241645294 0
0.887948219622 -0.107527072647 0
0.898298677159 -0.123115792234 0
0.899392360713 -0.121590440507 0
0.88867559269 -0.0984121021554 0
0.896932594622 -0.0985426976468 0
0.8984375 -0.08984375 0
0.889453125 -0.08984375 0
0.889453125 -0.080859375 0
0.8984375 -0.080859375 0
0.8984375 -0.071875 0
0.889453125 -0.071875 0
0.889453125 -0.062890625 0
0.8984375 -0.062890625 0
0.8984375 -0.05390625 0
0.889453125 -0.05390625 0
0.889453125 -0.044921875 0
0.8984375 -0.044921875 0
0.8984375 -0.0359375 0
0.889453125 -0.0359375 0
0.889453125 -0.026953125 0
0.8984375 -0.026953125 0
0.8984375 -0.01796875 0
0.889453125 -0.01796875 0
0.889453125 -0.008984375 0
0.8984375 -0.008984375 0
0.8984375 -0 0
0.889453125 -0 0
0.889453125 0.008984375 0
0.8984375 0.008984375 0
0.8984375 0.01796875 0
0.889453125 0.01796875 0
0.889453125 0.026953125 0
0.8984375 0.026953125 0
0.8984375 0.0359375 0
0.889453125 0.0359375 0
0.889453125 0.044921875 0
0.8984375 0.044921875 0
0.8984375 0.05390625 0
0.889453125 0.05390625 0
0.889453125 0.062890625 0
0.8984375 0.062890625 0
0.8984375 0.071875 0
0.889453125 0.071875 0
0.889453125 0.080859375 0
0.8984375 0.080859375 0
0.8984375 0.08984375 0
0.889453125 0.08984375 0
0.88867559269 0.0984121021554 0
0.896932594622 0.0985426976468 0
0.895427689244 0.107241645294 0
0.887948219622 0.107527072647 0
0.888789907046 0.116813571119 0
0.896762255496 0.11207165908 0
0.898096821749 0.116901672867 0
0.897104065899 0.121534084277 0
0.896111310049 0.126166495688 0
0.888290030025 0.125973872844 0
0.899392360713 0.121590440507 0
0.898298677159 0.123115792234 0
0.900687899677 0.126279208147 0
0.898399604863 0.126222851918 0
0.887272527136 0.134397079937 0
0.894007580405 0.134958247844 0
0.891903850761 0.14375 0
0.88618630038 0.14375 0
0.896688030493 0.135494546751 0
0.899562699839 0.135014604074 0
0.8984375 0.14375 0
0.89517067538 0.14375 0
0.885071530569 0.151916585157 0
0.889451048314 0.152734375 0
0.886998245867 0.16171875 0
0.883733497933 0.16171875 0
0.893832694339 0.153551786876 0
0.8984375 0.152734375 0
0.8984375 0.16171875 0
0.892717872933 0.16171875 0
0.881701315481 0.169753675904 0
0.884370932964 0.170272709745 0
0.881743620062 0.178826669491 0
0.879420658563 0.178706884507 0
0.891367380388 0.171046148812 0
0.8984375 0.170703125 0
0.8984375 0.1796875 0
0.890090560031 0.179257084745 0
0.879192384501 0.181755795744 0
0.880239728219 0.183340143853 0
0.889078546421 0.188535082668 0
0.8984375 0.188671875 0
0.8984375 0.19765625 0
0.889453125 0.19765625 0
0.889453125 0.206640625 0
0.8984375 0.206640625 0
0.889453125 0.215625 0
0.889817107372 0.224724559295 0
0.890171875 0.23359375 0
0.889817107372 0.242462940705 0
0.889453125 0.2515625 0
0.889817107372 0.260662059295 0
0.890171875 0.26953125 0
0.889692708333 0.278755208333 0
0.907537059295 -0.207004607372 0
0.91640625 -0.207359375 0
0.91640625 -0.19765625 0
0.907421875 -0.19765625 0
0.907421875 -0.188671875 0
0.91640625 -0.188671875 0
0.91640625 -0.1796875 0
0.907421875 -0.1796875 0
0.907421875 -0.170703125 0
0.91640625 -0.170703125 0
0.91640625 -0.16171875 0
0.907421875 -0.16171875 0
0.907421875 -0.152734375 0
0.91640625 -0.152734375 0
0.91640625 -0.14375 0
0.907421875 -0.14375 0
0.908013878279 -0.135089740996 0
0.91640625 -0.134765625 0
0.91640625 -0.12578125 0
0.908547074839 -0.126030229074 0
0.899976024405 -0.107365411579 0
0.897701856824 -0.107303528436 0
0.897833511799 -0.110502909913 0
0.899036423077 -0.112133542223 0
0.907718506015 -0.116750411064 0
0.91640625 -0.116796875 0
0.91640625 -0.1078125 0
0.908191137203 -0.107588955789 0
0.899212354978 -0.0985762260734 0
0.901487619788 -0.0986045807894 0
0.90299921517 -0.08984375 0
0.900718357585 -0.08984375 0
0.908949232972 -0.0990198276047 0
0.91640625 -0.098828125 0
0.91640625 -0.08984375 0
0.909702732585 -0.08984375 0
0.901396656434 -0.0802091767014 0
0.904264261589 -0.080859375 0
0.905529308007 -0.071875 0
0.901983404003 -0.071875 0
0.910313288738 -0.0811713955969 0
0.91640625 -0.080859375 0
0.91640625 -0.071875 0
0.910967779003 -0.071875 0
0.902493284497 -0.0625269962908 0
0.906509401233 -0.062890625 0
0.907489494459 -0.05390625 0
0.90296349723 -0.05390625 0
0.911441649041 -0.0631872017282 0
0.91640625 -0.062890625 0
0.91640625 -0.05390625 0
0.91194787223 -0.05390625 0
0.903320843667 -0.0447074686093 0
0.908187529181 -0.044921875 0
0.908885563902 -0.0359375 0
0.903661531951 -0.0359375 0
0.912287008643 -0.0451762294929 0
0.91640625 -0.044921875 0
0.91640625 -0.0359375 0
0.912645906951 -0.0359375 0
0.903873219071 -0.0268379164824 0
0.909303577861 -0.026953125 0
0.909721591821 -0.01796875 0
0.90407954591 -0.01796875 0
0.912850813698 -0.027129377641 0
0.91640625 -0.026953125 0
0.91640625 -0.01796875 0
0.91306392091 -0.01796875 0
0.904149430678 -0.00894788051973 0
0.90986079591 -0.008984375 0
0.91 -0 0
0.90421875 -0 0
0.91313302954 -0.00904806611166 0
0.91640625 -0.008984375 0
0.91640625 -0 0
0.913203125 -0 0
0.904149430678 0.00894788051973 0
0.90986079591 0.008984375 0
0.909721591821 0.01796875 0
0.90407954591 0.01796875 0
0.91313302954 0.00904806611166 0
0.91640625 0.008984375 0
0.91640625 0.01796875 0
0.91306392091 0.01796875 0
0.903873219071 0.0268379164824 0
0.909303577861 0.026953125 0
0.908885563902 0.0359375 0
0.903661531951 0.0359375 0
0.912850813698 0.027129377641 0
0.91640625 0.026953125 0
0.91640625 0.0359375 0
0.912645906951 0.0359375 0
0.903320843667 0.0447074686093 0
0.908187529181 0.044921875 0
0.907489494459 0.05390625 0
0.90296349723 0.05390625 0
0.912287008643 0.0451762294929 0
0.91640625 0.044921875 0
0.91640625 0.05390625 0
0.91194787223 0.05390625 0
0.902493284497 0.0625269962908 0
0.906509401233 0.062890625 0
0.905529308007 0.071875 0
0.901983404003 0.071875 0
0.911441649041 0.0631872017282 0
0.91640625 0.062890625 0
0.91640625 0.071875 0
0.910967779003 0.071875 0
0.901396656434 0.0802091767014 0
0.904264261589 0.080859375 0
0.90299921517 0.08984375 0
0.900718357585 0.08984375 0
0.910313288738 0.0811713955969 0
0.91640625 0.080859375 0
0.91640625 0.08984375 0
0.909702732585 0.08984375 0
0.899212354978 0.0985762260734 0
0.901487619788 0.0986045807894 0
0.899976024405 0.107365411579 0
0.897701856824 0.107303528436 0
0.908949232972 0.0990198276047 0
0.91640625 0.098828125 0
0.91640625 0.1078125 0
0.908191137203 0.107588955789 0
0.897833511799 0.110502909913 0
0.899036423077 0.112133542223 0
0.907718506015 0.116750411064 0
0.91640625 0.116796875 0
0.91640625 0.12578125 0
0.908547074839 0.126030229074 0
0.908013878279 0.135089740996 0
0.91640625 0.134765625 0
0.91640625 0.14375 0
0.907421875 0.14375 0
0.907421875 0.152734375 0
0.91640625 0.152734375 0
0.91640625 0.16171875 0
0.907421875 0.16171875 0
0.907421875 0.170703125 0
0.91640625 0.170703125 0
0.91640625 0.1796875 0
0.907421875 0.1796875 0
0.907421875 0.188671875 0
0.91640625 0.188671875 0
0.91640625 0.19765625 0
0.907421875 0.19765625 0
0.907537059295 0.207004607372 0
0.91640625 0.207359375 0
0.925630208333 -0.206880208333 0
0.926109375 -0.19765625 0
0.925754607372 -0.188787059295 0
0.925390625 -0.1796875 0
0.925754607372 -0.170587940705 0
0.926109375 -0.16171875 0
0.925754607372 -0.152849559295 0
0.925390625 -0.14375 0
0.925754607372 -0.134650440705 0
0.926109375 -0.12578125 0
0.925754607372 -0.116912059295 0
0.925390625 -0.1078125 0
0.925754607372 -0.0987129407051 0
0.926109375 -0.08984375 0
0.925754607372 -0.0809745592949 0
0.925390625 -0.071875 0
0.925754607372 -0.0627754407051 0
0.926109375 -0.05390625 0
0.925754607372 -0.0450370592949 0
0.925390625 -0.0359375 0
0.925754607372 -0.0268379407051 0
0.926109375 -0.01796875 0
0.925754607372 -0.00909955929487 0
0.925390625 -0 0
0.925754607372 0.00909955929487 0
0.926109375 0.01796875 0
0.925754607372 0.0268379407051 0
0.925390625 0.0359375 0
0.925754607372 0.0450370592949 0
0.926109375 0.05390625 0
0.925754607372 0.0627754407051 0
0.925390625 0.071875 0
0.925754607372 0.0809745592949 0
0.926109375 0.08984375 0
0.925754607372 0.0987129407051 0
0.925390625 0.1078125 0
0.925754607372 0.116912059295 0
0.926109375 0.12578125 0
0.925754607372 0.134650440705 0
0.925390625 0.14375 0
0.925754607372 0.152849559295 0
0.926109375 0.16171875 0
0.925754607372 0.170587940705 0
0.925390625 0.1796875 0
0.925754607372 0.188787059295 0
0.926109375 0.19765625 0
0.925630208333 0.206880208333 0
CELLS 10540 52700
4 0 1 2 3
4 4 5 2 1
4 6 7 2 5
4 8 9 2 7
4 10 3 2 9
4 11 12 13 14
4 15 16 13 12
4 17 18 13 16
4 19 20 13 18
4 21 14 13 20
4 4 22 23 5
4 24 25 23 22
4 26 27 23 25
4 28 29 23 27
4 6 5 23 29
4 17 30 31 18
4 32 33 31 30
4 34 35 31 33
4 36 37 31 35
4 19 18 31 37
4 24 38 39 25
4 40 41 39 38
4 42 43 39 41
4 44 45 39 43
4 26 25 39 45
4 34 46 47 35
4 48 49 47 46
4 50 51 47 49
4 52 53 47 51
4 36 35 47 53
4 40 54 55 41
4 56 57 55 54
4 58 59 55 57
4 60 61 55 59
4 42 41 55 61
4 50 62 63 51
4 64 65 63 62
4 66 67 63 65
4 68 69 63 67
4 52 51 63 69
4 56 70 71 57
4 72 73 71 70
4 74 75 71 73
4 76 77 71 75
4 58 57 71 77
4 66 78 79 67
4 80 81 79 78
4 82 83 79 81
4 84 85 79 83
4 68 67 79 85
4 72 86 87 73
4 88 89 87 86
4 90 91 87 89
4 92 93 87 91
4 74 73 87 93
4 82 94 95 83
4 96 97 95 94
4 98 99 95 97
4 100 101 95 99
4 84 83 95 101
4 88 102 103 89
4 104 105 103 102
4 106 107 103 105
4 108 109 103 107
4 90 89 103 109
4 98 110 111 99
4 112 113 111 110
4 114 115 111 113
4 116 117 111 115
4 100 99 111 117
4 104 118 119 105
4 120 121 119 118
4 122 123 119 121
4 124 125 119 123
4 106 105 119 125
4 114 126 127 115
4 128 129 127 126
4 130 131 127 129
4 132 133 127 131
4 116 115 127 133
4 10 9 134 135
4 8 136 134 9
4 137 138 134 136
4 139 135 134 138
4 139 138 140 141
4 137 142 140 138
4 143 144 140 142
4 145 141 140 144
4 145 144 146 147
4 143 148 146 144
4 149 150 146 148
4 151 152 146 150
4 153 154 146 152
4 155 147 146 154
4 156 157 158 159
4 160 161 158 157
4 162 163 158 161
4 164 165 158 163
4 166 167 158 165
4 168 159 158 167
4 168 167 169 170
4 166 171 169 167
4 172 173 169 171
4 174 170 169 173
4 174 173 175 176
4 172 177 175 173
4 15 12 175 177
4 11 176 175 12
4 8 7 178 136
4 6 179 178 7
4 180 181 178 179
4 137 136 178 181
4 137 181 182 142
4 180 183 182 181
4 184 185 182 183
4 186 187 182 185
4 188 189 182 187
4 143 142 182 189
4 166 190 191 171
4 192 193 191 190
4 194 195 191 193
4 196 197 191 195
4 198 199 191 197
4 172 171 191 199
4 172 199 200 177
4 198 201 200 199
4 17 16 200 201
4 15 177 200 16
4 6 29 202 179
4 28 203 202 29
4 204 205 202 203
4 206 207 202 205
4 180 179 202 207
4 198 208 209 201
4 210 211 209 208
4 212 213 209 211
4 32 30 209 213
4 17 201 209 30
4 28 27 214 203
4 26 215 214 27
4 216 217 214 215
4 218 219 214 217
4 204 203 214 219
4 220 221 222 223
4 224 225 222 221
4 226 227 222 225
4 228 229 222 227
4 230 231 222 229
4 232 223 222 231
4 230 229 233 234
4 228 235 233 229
4 236 237 233 235
4 238 239 233 237
4 240 241 233 239
4 242 234 233 241
4 212 243 244 213
4 245 246 244 243
4 247 248 244 246
4 34 33 244 248
4 32 213 244 33
4 26 45 249 215
4 44 250 249 45
4 251 252 249 250
4 253 254 249 252
4 216 215 249 254
4 255 256 257 258
4 259 260 257 256
4 261 262 257 260
4 263 264 257 262
4 226 265 257 264
4 266 258 257 265
4 226 264 267 227
4 263 268 267 264
4 269 270 267 268
4 228 227 267 270
4 228 270 271 235
4 269 272 271 270
4 273 274 271 272
4 236 235 271 274
4 236 274 275 276
4 273 277 275 274
4 278 279 275 277
4 280 281 275 279
4 282 283 275 281
4 284 276 275 283
4 247 285 286 248
4 287 288 286 285
4 289 290 286 288
4 48 46 286 290
4 34 248 286 46
4 44 43 291 250
4 42 292 291 43
4 293 294 291 292
4 295 296 291 294
4 251 250 291 296
4 261 297 298 262
4 299 300 298 297
4 301 302 298 300
4 303 304 298 302
4 263 262 298 304
4 263 304 305 268
4 303 306 305 304
4 307 308 305 306
4 269 268 305 308
4 269 308 309 272
4 307 310 309 308
4 311 312 309 310
4 273 272 309 312
4 273 312 313 277
4 311 314 313 312
4 315 316 313 314
4 317 318 313 316
4 278 277 313 318
4 289 319 320 290
4 321 322 320 319
4 323 324 320 322
4 50 49 320 324
4 48 290 320 49
4 42 61 325 292
4 60 326 325 61
4 327 328 325 326
4 329 330 325 328
4 293 292 325 330
4 301 331 332 302
4 333 334 332 331
4 335 336 332 334
4 337 338 332 336
4 303 302 332 338
4 303 338 339 306
4 337 340 339 338
4 341 342 339 340
4 307 306 339 342
4 307 342 343 310
4 341 344 343 342
4 345 346 343 344
4 311 310 343 346
4 311 346 347 314
4 345 348 347 346
4 349 350 347 348
4 351 352 347 350
4 315 314 347 352
4 323 353 354 324
4 355 356 354 353
4 357 358 354 356
4 64 62 354 358
4 50 324 354 62
4 60 59 359 326
4 58 360 359 59
4 361 362 359 360
4 363 364 359 362
4 327 326 359 364
4 335 365 366 336
4 367 368 366 365
4 369 370 366 368
4 371 372 366 370
4 337 336 366 372
4 337 372 373 340
4 371 374 373 372
4 375 376 373 374
4 341 340 373 376
4 341 376 377 344
4 375 378 377 376
4 379 380 377 378
4 345 344 377 380
4 345 380 381 348
4 379 382 381 380
4 383 384 381 382
4 385 386 381 384
4 349 348 381 386
4 357 387 388 358
4 389 390 388 387
4 391 392 388 390
4 66 65 388 392
4 64 358 388 65
4 58 77 393 360
4 76 394 393 77
4 395 396 393 394
4 397 398 393 396
4 361 360 393 398
4 369 399 400 370
4 401 402 400 399
4 403 404 400 402
4 405 406 400 404
4 371 370 400 406
4 371 406 407 374
4 405 408 407 406
4 409 410 407 408
4 375 374 407 410
4 375 410 411 378
4 409 412 411 410
4 413 414 411 412
4 379 378 411 414
4 379 414 415 382
4 413 416 415 414
4 417 418 415 416
4 419 420 415 418
4 383 382 415 420
4 391 421 422 392
4 423 424 422 421
4 425 426 422 424
4 80 78 422 426
4 66 392 422 78
4 76 75 427 394
4 74 428 427 75
4 429 430 427 428
4 431 432 427 430
4 395 394 427 432
4 403 433 434 404
4 435 436 434 433
4 437 438 434 436
4 439 440 434 438
4 405 404 434 440
4 405 440 441 408
4 439 442 441 440
4 443 444 441 442
4 409 408 441 444
4 409 444 445 412
4 443 446 445 444
4 447 448 445 446
4 413 412 445 448
4 413 448 449 416
4 447 450 449 448
4 451 452 449 450
4 453 454 449 452
4 417 416 449 454
4 425 455 456 426
4 457 458 456 455
4 459 460 456 458
4 82 81 456 460
4 80 426 456 81
4 74 93 461 428
4 92 462 461 93
4 463 464 461 462
4 465 466 461 464
4 429 428 461 466
4 437 467 468 438
4 469 470 468 467
4 471 472 468 470
4 473 474 468 472
4 439 438 468 474
4 439 474 475 442
4 473 476 475 474
4 477 478 475 476
4 443 442 475 478
4 443 478 479 446
4 477 480 479 478
4 481 482 479 480
4 447 446 479 482
4 447 482 483 450
4 481 484 483 482
4 485 486 483 484
4 487 488 483 486
4 451 450 483 488
4 459 489 490 460
4 491 492 490 489
4 493 494 490 492
4 96 94 490 494
4 82 460 490 94
4 92 91 495 462
4 90 496 495 91
4 497 498 495 496
4 499 500 495 498
4 463 462 495 500
4 471 501 502 472
4 503 504 502 501
4 505 506 502 504
4 507 508 502 506
4 509 510 502 508
4 473 472 502 510
4 473 510 511 476
4 509 512 511 510
4 513 514 511 512
4 477 476 511 514
4 477 514 515 480
4 513 516 515 514
4 517 518 515 516
4 481 480 515 518
4 481 518 519 484
4 517 520 519 518
4 521 522 519 520
4 523 524 519 522
4 525 526 519 524
4 485 484 519 526
4 493 527 528 494
4 529 530 528 527
4 531 532 528 530
4 98 97 528 532
4 96 494 528 97
4 90 109 533 496
4 108 534 533 109
4 535 536 533 534
4 537 538 533 536
4 497 496 533 538
4 509 539 540 512
4 541 542 540 539
4 543 544 540 542
4 545 546 540 544
4 547 548 540 546
4 513 512 540 548
4 513 548 549 516
4 547 550 549 548
4 551 552 549 550
4 553 554 549 552
4 555 556 549 554
4 517 516 549 556
4 531 557 558 532
4 559 560 558 557
4 561 562 558 560
4 112 110 558 562
4 98 532 558 110
4 108 107 563 534
4 106 564 563 107
4 565 566 563 564
4 567 568 563 566
4 535 534 563 568
4 561 569 570 562
4 571 572 570 569
4 573 574 570 572
4 114 113 570 574
4 112 562 570 113
4 106 125 575 564
4 124 576 575 125
4 577 578 575 576
4 565 564 575 578
4 565 578 579 580
4 577 581 579 578
4 582 583 579 581
4 584 585 579 583
4 586 587 579 585
4 588 580 579 587
4 589 590 591 592
4 593 594 591 590
4 595 596 591 594
4 597 598 591 596
4 573 599 591 598
4 600 592 591 599
4 573 598 601 574
4 597 602 601 598
4 128 126 601 602
4 114 574 601 126
4 124 123 603 576
4 122 604 603 123
4 605 606 603 604
4 577 576 603 606
4 577 606 607 581
4 605 608 607 606
4 609 610 607 608
4 582 581 607 610
4 582 610 611 612
4 609 613 611 610
4 614 615 611 613
4 616 617 611 615
4 618 619 611 617
4 620 612 611 619
4 621 622 623 624
4 625 626 623 622
4 627 628 623 626
4 629 630 623 628
4 595 631 623 630
4 632 624 623 631
4 595 630 633 596
4 629 634 633 630
4 635 636 633 634
4 597 596 633 636
4 597 636 637 602
4 635 638 637 636
4 130 129 637 638
4 128 602 637 129
4 155 154 639 640
4 153 641 639 154
4 642 643 639 641
4 644 640 639 643
4 644 643 645 646
4 642 647 645 643
4 648 649 645 647
4 650 646 645 649
4 650 649 651 652
4 648 653 651 649
4 654 655 651 653
4 656 652 651 655
4 656 655 657 658
4 654 659 657 655
4 660 661 657 659
4 662 658 657 661
4 662 661 663 664
4 660 665 663 661
4 666 667 663 665
4 668 664 663 667
4 668 667 669 670
4 666 671 669 667
4 672 673 669 671
4 674 670 669 673
4 674 673 675 676
4 672 677 675 673
4 678 679 675 677
4 680 676 675 679
4 680 679 681 682
4 678 683 681 679
4 684 685 681 683
4 686 682 681 685
4 686 685 687 688
4 684 689 687 685
4 690 691 687 689
4 692 688 687 691
4 692 691 693 694
4 690 695 693 691
4 696 697 693 695
4 698 694 693 697
4 698 697 699 700
4 696 701 699 697
4 702 703 699 701
4 704 700 699 703
4 704 703 705 706
4 702 707 705 703
4 160 157 705 707
4 156 706 705 157
4 153 152 708 641
4 151 709 708 152
4 710 711 708 709
4 642 641 708 711
4 642 711 712 647
4 710 713 712 711
4 714 715 712 713
4 648 647 712 715
4 648 715 716 653
4 714 717 716 715
4 718 719 716 717
4 720 721 716 719
4 654 653 716 721
4 654 721 722 659
4 720 723 722 721
4 724 725 722 723
4 726 727 722 725
4 660 659 722 727
4 660 727 728 665
4 726 729 728 727
4 730 731 728 729
4 732 733 728 731
4 666 665 728 733
4 666 733 734 671
4 732 735 734 733
4 736 737 734 735
4 738 739 734 737
4 672 671 734 739
4 672 739 740 677
4 738 741 740 739
4 742 743 740 741
4 744 745 740 743
4 678 677 740 745
4 678 745 746 683
4 744 747 746 745
4 748 749 746 747
4 750 751 746 749
4 684 683 746 751
4 684 751 752 689
4 750 753 752 751
4 754 755 752 753
4 756 757 752 755
4 690 689 752 757
4 690 757 758 695
4 756 759 758 757
4 760 761 758 759
4 762 763 758 761
4 696 695 758 763
4 696 763 764 701
4 762 765 764 763
4 766 767 764 765
4 702 701 764 767
4 702 767 768 707
4 766 769 768 767
4 162 161 768 769
4 160 707 768 161
4 143 189 770 148
4 188 771 770 189
4 772 773 770 771
4 149 148 770 773
4 149 773 774 150
4 772 775 774 773
4 776 777 774 775
4 151 150 774 777
4 151 777 778 709
4 776 779 778 777
4 780 781 778 779
4 782 783 778 781
4 710 709 778 783
4 710 783 784 713
4 782 785 784 783
4 786 787 784 785
4 788 789 784 787
4 790 791 784 789
4 714 713 784 791
4 762 792 793 765
4 794 795 793 792
4 796 797 793 795
4 798 799 793 797
4 800 801 793 799
4 766 765 793 801
4 766 801 802 769
4 800 803 802 801
4 804 805 802 803
4 806 807 802 805
4 162 769 802 807
4 162 807 808 163
4 806 809 808 807
4 810 811 808 809
4 164 163 808 811
4 164 811 812 165
4 810 813 812 811
4 192 190 812 813
4 166 165 812 190
4 188 187 814 771
4 186 815 814 187
4 816 817 814 815
4 772 771 814 817
4 772 817 818 775
4 816 819 818 817
4 820 821 818 819
4 822 823 818 821
4 824 825 818 823
4 776 775 818 825
4 806 826 827 809
4 828 829 827 826
4 830 831 827 829
4 832 833 827 831
4 834 835 827 833
4 810 809 827 835
4 810 835 836 813
4 834 837 836 835
4 194 193 836 837
4 192 813 836 193
4 180 207 838 183
4 206 839 838 207
4 840 841 838 839
4 184 183 838 841
4 184 841 842 185
4 840 843 842 841
4 844 845 842 843
4 186 185 842 845
4 186 845 846 815
4 844 847 846 845
4 848 849 846 847
4 850 851 846 849
4 852 853 846 851
4 816 815 846 853
4 834 854 855 837
4 856 857 855 854
4 858 859 855 857
4 860 861 855 859
4 862 863 855 861
4 194 837 855 863
4 194 863 864 195
4 862 865 864 863
4 866 867 864 865
4 196 195 864 867
4 196 867 868 197
4 866 869 868 867
4 210 208 868 869
4 198 197 868 208
4 206 205 870 839
4 204 871 870 205
4 872 873 870 871
4 840 839 870 873
4 840 873 874 843
4 872 875 874 873
4 876 877 874 875
4 878 879 874 877
4 844 843 874 879
4 880 881 882 883
4 884 885 882 881
4 886 887 882 885
4 220 888 882 887
4 889 890 882 888
4 891 883 882 890
4 889 888 892 893
4 220 223 892 888
4 232 894 892 223
4 895 896 892 894
4 897 893 892 896
4 895 894 898 899
4 232 231 898 894
4 230 900 898 231
4 901 902 898 900
4 903 899 898 902
4 901 900 904 905
4 230 234 904 900
4 242 906 904 234
4 907 908 904 906
4 909 905 904 908
4 907 906 910 911
4 242 241 910 906
4 240 912 910 241
4 913 914 910 912
4 915 911 910 914
4 913 912 916 917
4 240 918 916 912
4 919 920 916 918
4 921 922 916 920
4 923 924 916 922
4 925 917 916 924
4 862 926 927 865
4 928 929 927 926
4 930 931 927 929
4 932 933 927 931
4 866 865 927 933
4 866 933 934 869
4 932 935 934 933
4 212 211 934 935
4 210 869 934 211
4 204 219 936 871
4 218 937 936 219
4 938 939 936 937
4 872 871 936 939
4 872 939 940 875
4 938 941 940 939
4 942 943 940 941
4 944 945 940 943
4 946 947 940 945
4 876 875 940 947
4 948 949 950 951
4 952 953 950 949
4 954 955 950 953
4 956 957 950 955
4 886 958 950 957
4 959 951 950 958
4 886 957 960 887
4 956 961 960 957
4 224 221 960 961
4 220 887 960 221
4 240 239 962 918
4 238 963 962 239
4 964 965 962 963
4 919 918 962 965
4 919 965 966 967
4 964 968 966 965
4 969 970 966 968
4 971 972 966 970
4 973 974 966 972
4 975 967 966 974
4 930 976 977 931
4 978 979 977 976
4 980 981 977 979
4 982 983 977 981
4 984 985 977 983
4 932 931 977 985
4 932 985 986 935
4 984 987 986 985
4 245 243 986 987
4 212 935 986 243
4 218 217 988 937
4 216 989 988 217
4 990 991 988 989
4 992 993 988 991
4 938 937 988 993
4 994 995 996 997
4 998 999 996 995
4 1000 1001 996 999
4 255 1002 996 1001
4 954 1003 996 1002
4 1004 997 996 1003
4 954 1002 1005 955
4 255 258 1005 1002
4 266 1006 1005 258
4 956 955 1005 1006
4 956 1006 1007 961
4 266 265 1007 1006
4 226 225 1007 265
4 224 961 1007 225
4 238 237 1008 963
4 236 276 1008 237
4 284 1009 1008 276
4 964 963 1008 1009
4 964 1009 1010 968
4 284 283 1010 1009
4 282 1011 1010 283
4 969 968 1010 1011
4 969 1011 1012 1013
4 282 1014 1012 1011
4 1015 1016 1012 1014
4 1017 1018 1012 1016
4 1019 1020 1012 1018
4 1021 1013 1012 1020
4 984 1022 1023 987
4 1024 1025 1023 1022
4 1026 1027 1023 1025
4 247 246 1023 1027
4 245 987 1023 246
4 216 254 1028 989
4 253 1029 1028 254
4 1030 1031 1028 1029
4 1032 1033 1028 1031
4 990 989 1028 1033
4 1034 1035 1036 1037
4 1038 1039 1036 1035
4 1040 1041 1036 1039
4 1042 1043 1036 1041
4 1000 1044 1036 1043
4 1045 1037 1036 1044
4 1000 1043 1046 1001
4 1042 1047 1046 1043
4 259 256 1046 1047
4 255 1001 1046 256
4 282 281 1048 1014
4 280 1049 1048 281
4 1050 1051 1048 1049
4 1015 1014 1048 1051
4 1015 1051 1052 1053
4 1050 1054 1052 1051
4 1055 1056 1052 1054
4 1057 1058 1052 1056
4 1059 1060 1052 1058
4 1061 1053 1052 1060
4 1026 1062 1063 1027
4 1064 1065 1063 1062
4 1066 1067 1063 1065
4 287 285 1063 1067
4 247 1027 1063 285
4 253 252 1068 1029
4 251 1069 1068 252
4 1070 1071 1068 1069
4 1072 1073 1068 1071
4 1030 1029 1068 1073
4 1040 1074 1075 1041
4 1076 1077 1075 1074
4 1078 1079 1075 1077
4 1080 1081 1075 1079
4 1042 1041 1075 1081
4 1042 1081 1082 1047
4 1080 1083 1082 1081
4 261 260 1082 1083
4 259 1047 1082 260
4 280 279 1084 1049
4 278 1085 1084 279
4 1086 1087 1084 1085
4 1050 1049 1084 1087
4 1050 1087 1088 1054
4 1086 1089 1088 1087
4 1090 1091 1088 1089
4 1092 1093 1088 1091
4 1055 1054 1088 1093
4 1066 1094 1095 1067
4 1096 1097 1095 1094
4 1098 1099 1095 1097
4 289 288 1095 1099
4 287 1067 1095 288
4 251 296 1100 1069
4 295 1101 1100 296
4 1102 1103 1100 1101
4 1104 1105 1100 1103
4 1070 1069 1100 1105
4 1106 1107 1108 1109
4 1110 1111 1108 1107
4 1112 1113 1108 1111
4 1114 1115 1108 1113
4 1078 1116 1108 1115
4 1117 1109 1108 1116
4 1078 1115 1118 1079
4 1114 1119 1118 1115
4 1120 1121 1118 1119
4 1080 1079 1118 1121
4 1080 1121 1122 1083
4 1120 1123 1122 1121
4 299 297 1122 1123
4 261 1083 1122 297
4 278 318 1124 1085
4 317 1125 1124 318
4 1126 1127 1124 1125
4 1086 1085 1124 1127
4 1086 1127 1128 1089
4 1126 1129 1128 1127
4 1130 1131 1128 1129
4 1090 1089 1128 1131
4 1090 1131 1132 1133
4 1130 1134 1132 1131
4 1135 1136 1132 1134
4 1137 1138 1132 1136
4 1139 1140 1132 1138
4 1141 1133 1132 1140
4 1098 1142 1143 1099
4 1144 1145 1143 1142
4 1146 1147 1143 1145
4 321 319 1143 1147
4 289 1099 1143 319
4 295 294 1148 1101
4 293 1149 1148 294
4 1150 1151 1148 1149
4 1152 1153 1148 1151
4 1102 1101 1148 1153
4 1112 1154 1155 1113
4 1156 1157 1155 1154
4 1158 1159 1155 1157
4 1160 1161 1155 1159
4 1114 1113 1155 1161
4 1114 1161 1162 1119
4 1160 1163 1162 1161
4 1164 1165 1162 1163
4 1120 1119 1162 1165
4 1120 1165 1166 1123
4 1164 1167 1166 1165
4 301 300 1166 1167
4 299 1123 1166 300
4 317 316 1168 1125
4 315 1169 1168 316
4 1170 1171 1168 1169
4 1126 1125 1168 1171
4 1126 1171 1172 1129
4 1170 1173 1172 1171
4 1174 1175 1172 1173
4 1130 1129 1172 1175
4 1130 1175 1176 1134
4 1174 1177 1176 1175
4 1178 1179 1176 1177
4 1180 1181 1176 1179
4 1135 1134 1176 1181
4 1146 1182 1183 1147
4 1184 1185 1183 1182
4 1186 1187 1183 1185
4 323 322 1183 1187
4 321 1147 1183 322
4 293 330 1188 1149
4 329 1189 1188 330
4 1190 1191 1188 1189
4 1192 1193 1188 1191
4 1150 1149 1188 1193
4 1158 1194 1195 1159
4 1196 1197 1195 1194
4 1198 1199 1195 1197
4 1200 1201 1195 1199
4 1202 1203 1195 1201
4 1160 1159 1195 1203
4 1160 1203 1204 1163
4 1202 1205 1204 1203
4 1206 1207 1204 1205
4 1164 1163 1204 1207
4 1164 1207 1208 1167
4 1206 1209 1208 1207
4 333 331 1208 1209
4 301 1167 1208 331
4 315 352 1210 1169
4 351 1211 1210 352
4 1212 1213 1210 1211
4 1170 1169 1210 1213
4 1170 1213 1214 1173
4 1212 1215 1214 1213
4 1216 1217 1214 1215
4 1174 1173 1214 1217
4 1174 1217 1218 1177
4 1216 1219 1218 1217
4 1220 1221 1218 1219
4 1222 1223 1218 1221
4 1224 1225 1218 1223
4 1178 1177 1218 1225
4 1186 1226 1227 1187
4 1228 1229 1227 1226
4 1230 1231 1227 1229
4 355 353 1227 1231
4 323 1187 1227 353
4 329 328 1232 1189
4 327 1233 1232 328
4 1234 1235 1232 1233
4 1236 1237 1232 1235
4 1190 1189 1232 1237
4 1202 1238 1239 1205
4 1240 1241 1239 1238
4 1242 1243 1239 1241
4 1244 1245 1239 1243
4 1206 1205 1239 1245
4 1206 1245 1246 1209
4 1244 1247 1246 1245
4 335 334 1246 1247
4 333 1209 1246 334
4 351 350 1248 1211
4 349 1249 1248 350
4 1250 1251 1248 1249
4 1212 1211 1248 1251
4 1212 1251 1252 1215
4 1250 1253 1252 1251
4 1254 1255 1252 1253
4 1256 1257 1252 1255
4 1216 1215 1252 1257
4 1230 1258 1259 1231
4 1260 1261 1259 1258
4 1262 1263 1259 1261
4 357 356 1259 1263
4 355 1231 1259 356
4 327 364 1264 1233
4 363 1265 1264 364
4 1266 1267 1264 1265
4 1268 1269 1264 1267
4 1234 1233 1264 1269
4 1242 1270 1271 1243
4 1272 1273 1271 1270
4 1274 1275 1271 1273
4 1276 1277 1271 1275
4 1278 1279 1271 1277
4 1244 1243 1271 1279
4 1244 1279 1280 1247
4 1278 1281 1280 1279
4 367 365 1280 1281
4 335 1247 1280 365
4 349 386 1282 1249
4 385 1283 1282 386
4 1284 1285 1282 1283
4 1250 1249 1282 1285
4 1250 1285 1286 1253
4 1284 1287 1286 1285
4 1288 1289 1286 1287
4 1290 1291 1286 1289
4 1292 1293 1286 1291
4 1254 1253 1286 1293
4 1262 1294 1295 1263
4 1296 1297 1295 1294
4 1298 1299 1295 1297
4 389 387 1295 1299
4 357 1263 1295 387
4 363 362 1300 1265
4 361 1301 1300 362
4 1302 1303 1300 1301
4 1304 1305 1300 1303
4 1266 1265 1300 1305
4 1278 1306 1307 1281
4 1308 1309 1307 1306
4 1310 1311 1307 1309
4 369 368 1307 1311
4 367 1281 1307 368
4 385 384 1312 1283
4 383 1313 1312 384
4 1314 1315 1312 1313
4 1316 1317 1312 1315
4 1284 1283 1312 1317
4 1298 1318 1319 1299
4 1320 1321 1319 1318
4 1322 1323 1319 1321
4 391 390 1319 1323
4 389 1299 1319 390
4 361 398 1324 1301
4 397 1325 1324 398
4 1326 1327 1324 1325
4 1328 1329 1324 1327
4 1302 1301 1324 1329
4 1310 1330 1331 1311
4 1332 1333 1331 1330
4 1334 1335 1331 1333
4 401 399 1331 1335
4 369 1311 1331 399
4 383 420 1336 1313
4 419 1337 1336 420
4 1338 1339 1336 1337
4 1340 1341 1336 1339
4 1314 1313 1336 1341
4 1322 1342 1343 1323
4 1344 1345 1343 1342
4 1346 1347 1343 1345
4 423 421 1343 1347
4 391 1323 1343 421
4 397 396 1348 1325
4 395 1349 1348 396
4 1350 1351 1348 1349
4 1352 1353 1348 1351
4 1326 1325 1348 1353
4 1354 1355 1356 1357
4 1358 1359 1356 1355
4 1360 1361 1356 1359
4 1362 1363 1356 1361
4 1334 1364 1356 1363
4 1365 1357 1356 1364
4 1334 1363 1366 1335
4 1362 1367 1366 1363
4 403 402 1366 1367
4 401 1335 1366 402
4 419 418 1368 1337
4 417 1369 1368 418
4 1370 1371 1368 1369
4 1338 1337 1368 1371
4 1338 1371 1372 1373
4 1370 1374 1372 1371
4 1375 1376 1372 1374
4 1377 1378 1372 1376
4 1379 1380 1372 1378
4 1381 1373 1372 1380
4 1346 1382 1383 1347
4 1384 1385 1383 1382
4 1386 1387 1383 1385
4 425 424 1383 1387
4 423 1347 1383 424
4 395 432 1388 1349
4 431 1389 1388 432
4 1390 1391 1388 1389
4 1392 1393 1388 1391
4 1350 1349 1388 1393
4 1360 1394 1395 1361
4 1396 1397 1395 1394
4 1398 1399 1395 1397
4 1400 1401 1395 1399
4 1362 1361 1395 1401
4 1362 1401 1402 1367
4 1400 1403 1402 1401
4 435 433 1402 1403
4 403 1367 1402 433
4 417 454 1404 1369
4 453 1405 1404 454
4 1406 1407 1404 1405
4 1370 1369 1404 1407
4 1370 1407 1408 1374
4 1406 1409 1408 1407
4 1410 1411 1408 1409
4 1412 1413 1408 1411
4 1375 1374 1408 1413
4 1386 1414 1415 1387
4 1416 1417 1415 1414
4 1418 1419 1415 1417
4 457 455 1415 1419
4 425 1387 1415 455
4 431 430 1420 1389
4 429 1421 1420 430
4 1422 1423 1420 1421
4 1424 1425 1420 1423
4 1390 1389 1420 1425
4 1426 1427 1428 1429
4 1430 1431 1428 1427
4 1432 1433 1428 1431
4 1434 1435 1428 1433
4 1398 1436 1428 1435
4 1437 1429 1428 1436
4 1398 1435 1438 1399
4 1434 1439 1438 1435
4 1440 1441 1438 1439
4 1400 1399 1438 1441
4 1400 1441 1442 1403
4 1440 1443 1442 1441
4 437 436 1442 1443
4 435 1403 1442 436
4 453 452 1444 1405
4 451 1445 1444 452
4 1446 1447 1444 1445
4 1406 1405 1444 1447
4 1406 1447 1448 1409
4 1446 1449 1448 1447
4 1450 1451 1448 1449
4 1410 1409 1448 1451
4 1410 1451 1452 1453
4 1450 1454 1452 1451
4 1455 1456 1452 1454
4 1457 1458 1452 1456
4 1459 1460 1452 1458
4 1461 1453 1452 1460
4 1418 1462 1463 1419
4 1464 1465 1463 1462
4 1466 1467 1463 1465
4 459 458 1463 1467
4 457 1419 1463 458
4 429 466 1468 1421
4 465 1469 1468 466
4 1470 1471 1468 1469
4 1472 1473 1468 1471
4 1422 1421 1468 1473
4 1432 1474 1475 1433
4 1476 1477 1475 1474
4 1478 1479 1475 1477
4 1480 1481 1475 1479
4 1434 1433 1475 1481
4 1434 1481 1482 1439
4 1480 1483 1482 1481
4 1484 1485 1482 1483
4 1440 1439 1482 1485
4 1440 1485 1486 1443
4 1484 1487 1486 1485
4 469 467 1486 1487
4 437 1443 1486 467
4 451 488 1488 1445
4 487 1489 1488 488
4 1490 1491 1488 1489
4 1446 1445 1488 1491
4 1446 1491 1492 1449
4 1490 1493 1492 1491
4 1494 1495 1492 1493
4 1450 1449 1492 1495
4 1450 1495 1496 1454
4 1494 1497 1496 1495
4 1498 1499 1496 1497
4 1500 1501 1496 1499
4 1455 1454 1496 1501
4 1466 1502 1503 1467
4 1504 1505 1503 1502
4 1506 1507 1503 1505
4 491 489 1503 1507
4 459 1467 1503 489
4 465 464 1508 1469
4 463 1509 1508 464
4 1510 1511 1508 1509
4 1512 1513 1508 1511
4 1470 1469 1508 1513
4 1478 1514 1515 1479
4 1516 1517 1515 1514
4 1518 1519 1515 1517
4 1520 1521 1515 1519
4 1522 1523 1515 1521
4 1480 1479 1515 1523
4 1480 1523 1524 1483
4 1522 1525 1524 1523
4 1526 1527 1524 1525
4 1484 1483 1524 1527
4 1484 1527 1528 1487
4 1526 1529 1528 1527
4 471 470 1528 1529
4 469 1487 1528 470
4 487 486 1530 1489
4 485 1531 1530 486
4 1532 1533 1530 1531
4 1490 1489 1530 1533
4 1490 1533 1534 1493
4 1532 1535 1534 1533
4 1536 1537 1534 1535
4 1494 1493 1534 1537
4 1494 1537 1538 1497
4 1536 1539 1538 1537
4 1540 1541 1538 1539
4 1542 1543 1538 1541
4 1544 1545 1538 1543
4 1498 1497 1538 1545
4 1506 1546 1547 1507
4 1548 1549 1547 1546
4 1550 1551 1547 1549
4 493 492 1547 1551
4 491 1507 1547 492
4 463 500 1552 1509
4 499 1553 1552 500
4 1554 1555 1552 1553
4 1556 1557 1552 1555
4 1510 1509 1552 1557
4 1522 1558 1559 1525
4 1560 1561 1559 1558
4 1562 1563 1559 1561
4 1564 1565 1559 1563
4 1526 1525 1559 1565
4 1526 1565 1566 1529
4 1564 1567 1566 1565
4 503 501 1566 1567
4 471 1529 1566 501
4 485 526 1568 1531
4 525 1569 1568 526
4 1570 1571 1568 1569
4 1532 1531 1568 1571
4 1532 1571 1572 1535
4 1570 1573 1572 1571
4 1574 1575 1572 1573
4 1576 1577 1572 1575
4 1536 1535 1572 1577
4 1550 1578 1579 1551
4 1580 1581 1579 1578
4 1582 1583 1579 1581
4 529 527 1579 1583
4 493 1551 1579 527
4 499 498 1584 1553
4 497 1585 1584 498
4 1586 1587 1584 1585
4 1588 1589 1584 1587
4 1554 1553 1584 1589
4 1562 1590 1591 1563
4 1592 1593 1591 1590
4 1594 1595 1591 1593
4 1596 1597 1591 1595
4 1598 1599 1591 1597
4 1564 1563 1591 1599
4 1564 1599 1600 1567
4 1598 1601 1600 1599
4 505 504 1600 1601
4 503 1567 1600 504
4 525 524 1602 1569
4 523 1603 1602 524
4 1604 1605 1602 1603
4 1570 1569 1602 1605
4 1570 1605 1606 1573
4 1604 1607 1606 1605
4 1608 1609 1606 1607
4 1610 1611 1606 1609
4 1612 1613 1606 1611
4 1574 1573 1606 1613
4 1582 1614 1615 1583
4 1616 1617 1615 1614
4 1618 1619 1615 1617
4 531 530 1615 1619
4 529 1583 1615 530
4 497 538 1620 1585
4 537 1621 1620 538
4 1622 1623 1620 1621
4 1624 1625 1620 1623
4 1586 1585 1620 1625
4 1598 1626 1627 1601
4 1628 1629 1627 1626
4 1630 1631 1627 1629
4 1632 1633 1627 1631
4 1634 1635 1627 1633
4 505 1601 1627 1635
4 505 1635 1636 506
4 1634 1637 1636 1635
4 1638 1639 1636 1637
4 507 506 1636 1639
4 507 1639 1640 508
4 1638 1641 1640 1639
4 541 539 1640 1641
4 509 508 1640 539
4 517 556 1642 520
4 555 1643 1642 556
4 1644 1645 1642 1643
4 521 520 1642 1645
4 521 1645 1646 522
4 1644 1647 1646 1645
4 1648 1649 1646 1647
4 523 522 1646 1649
4 523 1649 1650 1603
4 1648 1651 1650 1649
4 1652 1653 1650 1651
4 1654 1655 1650 1653
4 1656 1657 1650 1655
4 1604 1603 1650 1657
4 1618 1658 1659 1619
4 1660 1661 1659 1658
4 1662 1663 1659 1661
4 559 557 1659 1663
4 531 1619 1659 557
4 537 536 1664 1621
4 535 1665 1664 536
4 1666 1667 1664 1665
4 1622 1621 1664 1667
4 1622 1667 1668 1669
4 1666 1670 1668 1667
4 1671 1672 1668 1670
4 1673 1674 1668 1672
4 1675 1676 1668 1674
4 1677 1669 1668 1676
4 1634 1678 1679 1637
4 1680 1681 1679 1678
4 1682 1683 1679 1681
4 1684 1685 1679 1683
4 1686 1687 1679 1685
4 1638 1637 1679 1687
4 1638 1687 1688 1641
4 1686 1689 1688 1687
4 543 542 1688 1689
4 541 1641 1688 542
4 555 554 1690 1643
4 553 1691 1690 554
4 1692 1693 1690 1691
4 1644 1643 1690 1693
4 1644 1693 1694 1647
4 1692 1695 1694 1693
4 1696 1697 1694 1695
4 1698 1699 1694 1697
4 1700 1701 1694 1699
4 1648 1647 1694 1701
4 1702 1703 1704 1705
4 1706 1707 1704 1703
4 1708 1709 1704 1707
4 1710 1711 1704 1709
4 1662 1712 1704 1711
4 1713 1705 1704 1712
4 1662 1711 1714 1663
4 1710 1715 1714 1711
4 561 560 1714 1715
4 559 1663 1714 560
4 535 568 1716 1665
4 567 1717 1716 568
4 1718 1719 1716 1717
4 1666 1665 1716 1719
4 1666 1719 1720 1670
4 1718 1721 1720 1719
4 1722 1723 1720 1721
4 1724 1725 1720 1723
4 1671 1670 1720 1725
4 1686 1726 1727 1689
4 1728 1729 1727 1726
4 1730 1731 1727 1729
4 1732 1733 1727 1731
4 1734 1735 1727 1733
4 543 1689 1727 1735
4 543 1735 1736 544
4 1734 1737 1736 1735
4 1738 1739 1736 1737
4 1740 1741 1736 1739
4 545 544 1736 1741
4 545 1741 1742 546
4 1740 1743 1742 1741
4 1744 1745 1742 1743
4 1746 1747 1742 1745
4 547 546 1742 1747
4 547 1747 1748 550
4 1746 1749 1748 1747
4 1750 1751 1748 1749
4 1752 1753 1748 1751
4 551 550 1748 1753
4 551 1753 1754 552
4 1752 1755 1754 1753
4 1756 1757 1754 1755
4 1758 1759 1754 1757
4 553 552 1754 1759
4 553 1759 1760 1691
4 1758 1761 1760 1759
4 1762 1763 1760 1761
4 1764 1765 1760 1763
4 1766 1767 1760 1765
4 1692 1691 1760 1767
4 1708 1768 1769 1709
4 1770 1771 1769 1768
4 1772 1773 1769 1771
4 1774 1775 1769 1773
4 1710 1709 1769 1775
4 1710 1775 1776 1715
4 1774 1777 1776 1775
4 571 569 1776 1777
4 561 1715 1776 569
4 567 566 1778 1717
4 565 580 1778 566
4 588 1779 1778 580
4 1718 1717 1778 1779
4 1718 1779 1780 1721
4 588 587 1780 1779
4 586 1781 1780 587
4 1722 1721 1780 1781
4 1722 1781 1782 1783
4 586 1784 1782 1781
4 1785 1786 1782 1784
4 1787 1788 1782 1786
4 1789 1790 1782 1788
4 1791 1783 1782 1790
4 1792 1793 1794 1795
4 1796 1797 1794 1793
4 1798 1799 1794 1797
4 589 1800 1794 1799
4 1772 1801 1794 1800
4 1802 1795 1794 1801
4 1772 1800 1803 1773
4 589 592 1803 1800
4 600 1804 1803 592
4 1774 1773 1803 1804
4 1774 1804 1805 1777
4 600 599 1805 1804
4 573 572 1805 599
4 571 1777 1805 572
4 586 585 1806 1784
4 584 1807 1806 585
4 1808 1809 1806 1807
4 1785 1784 1806 1809
4 1785 1809 1810 1811
4 1808 1812 1810 1809
4 1813 1814 1810 1812
4 1815 1816 1810 1814
4 1817 1818 1810 1816
4 1819 1811 1810 1818
4 1820 1821 1822 1823
4 1824 1825 1822 1821
4 1826 1827 1822 1825
4 1828 1829 1822 1827
4 1798 1830 1822 1829
4 1831 1823 1822 1830
4 1798 1829 1832 1799
4 1828 1833 1832 1829
4 593 590 1832 1833
4 589 1799 1832 590
4 584 583 1834 1807
4 582 612 1834 583
4 620 1835 1834 612
4 1808 1807 1834 1835
4 1808 1835 1836 1812
4 620 619 1836 1835
4 618 1837 1836 619
4 1813 1812 1836 1837
4 1813 1837 1838 1839
4 618 1840 1838 1837
4 1841 1842 1838 1840
4 1843 1844 1838 1842
4 1845 1839 1838 1844
4 1843 1842 1846 1847
4 1841 1848 1846 1842
4 1849 1850 1846 1848
4 1851 1852 1846 1850
4 1853 1854 1846 1852
4 1855 1847 1846 1854
4 1856 1857 1858 1859
4 1860 1861 1858 1857
4 1862 1863 1858 1861
4 1864 1865 1858 1863
4 1866 1867 1858 1865
4 1868 1859 1858 1867
4 1866 1865 1869 1870
4 1864 1871 1869 1865
4 621 1872 1869 1871
4 1826 1873 1869 1872
4 1874 1870 1869 1873
4 1826 1872 1875 1827
4 621 624 1875 1872
4 632 1876 1875 624
4 1828 1827 1875 1876
4 1828 1876 1877 1833
4 632 631 1877 1876
4 595 594 1877 631
4 593 1833 1877 594
4 618 617 1878 1840
4 616 1879 1878 617
4 1880 1881 1878 1879
4 1841 1840 1878 1881
4 1841 1881 1882 1848
4 1880 1883 1882 1881
4 1884 1885 1882 1883
4 1849 1848 1882 1885
4 1849 1885 1886 1887
4 1884 1888 1886 1885
4 1889 1890 1886 1888
4 1891 1892 1886 1890
4 1893 1887 1886 1892
4 1891 1890 1894 1895
4 1889 1896 1894 1890
4 1897 1898 1894 1896
4 1899 1900 1894 1898
4 1901 1895 1894 1900
4 1899 1898 1902 1903
4 1897 1904 1902 1898
4 1905 1906 1902 1904
4 1907 1908 1902 1906
4 1909 1903 1902 1908
4 1907 1906 1910 1911
4 1905 1912 1910 1906
4 1913 1914 1910 1912
4 1915 1916 1910 1914
4 1917 1911 1910 1916
4 1915 1914 1918 1919
4 1913 1920 1918 1914
4 1921 1922 1918 1920
4 1923 1924 1918 1922
4 1925 1919 1918 1924
4 1923 1922 1926 1927
4 1921 1928 1926 1922
4 1929 1930 1926 1928
4 1931 1932 1926 1930
4 1933 1927 1926 1932
4 1931 1930 1934 1935
4 1929 1936 1934 1930
4 1937 1938 1934 1936
4 1939 1940 1934 1938
4 1941 1935 1934 1940
4 1939 1938 1942 1943
4 1937 1944 1942 1938
4 1945 1946 1942 1944
4 1862 1947 1942 1946
4 1948 1943 1942 1947
4 1862 1946 1949 1863
4 1945 1950 1949 1946
4 1951 1952 1949 1950
4 1864 1863 1949 1952
4 1864 1952 1953 1871
4 1951 1954 1953 1952
4 625 622 1953 1954
4 621 1871 1953 622
4 616 615 1955 1879
4 614 1956 1955 615
4 1957 1958 1955 1956
4 1880 1879 1955 1958
4 1880 1958 1959 1883
4 1957 1960 1959 1958
4 1961 1962 1959 1960
4 1884 1883 1959 1962
4 1884 1962 1963 1888
4 1961 1964 1963 1962
4 1965 1966 1963 1964
4 1889 1888 1963 1966
4 1889 1966 1967 1896
4 1965 1968 1967 1966
4 1969 1970 1967 1968
4 1897 1896 1967 1970
4 1897 1970 1971 1904
4 1969 1972 1971 1970
4 1973 1974 1971 1972
4 1905 1904 1971 1974
4 1905 1974 1975 1912
4 1973 1976 1975 1974
4 1977 1978 1975 1976
4 1913 1912 1975 1978
4 1913 1978 1979 1920
4 1977 1980 1979 1978
4 1981 1982 1979 1980
4 1921 1920 1979 1982
4 1921 1982 1983 1928
4 1981 1984 1983 1982
4 1985 1986 1983 1984
4 1929 1928 1983 1986
4 1929 1986 1987 1936
4 1985 1988 1987 1986
4 1989 1990 1987 1988
4 1937 1936 1987 1990
4 1937 1990 1991 1944
4 1989 1992 1991 1990
4 1993 1994 1991 1992
4 1945 1944 1991 1994
4 1945 1994 1995 1950
4 1993 1996 1995 1994
4 1997 1998 1995 1996
4 1951 1950 1995 1998
4 1951 1998 1999 1954
4 1997 2000 1999 1998
4 627 626 1999 2000
4 625 1954 1999 626
4 714 791 2001 717
4 790 2002 2001 791
4 2003 2004 2001 2002
4 718 717 2001 2004
4 718 2004 2005 719
4 2003 2006 2005 2004
4 2007 2008 2005 2006
4 720 719 2005 2008
4 720 2008 2009 723
4 2007 2010 2009 2008
4 2011 2012 2009 2010
4 724 723 2009 2012
4 724 2012 2013 725
4 2011 2014 2013 2012
4 2015 2016 2013 2014
4 726 725 2013 2016
4 726 2016 2017 729
4 2015 2018 2017 2016
4 2019 2020 2017 2018
4 730 729 2017 2020
4 730 2020 2021 731
4 2019 2022 2021 2020
4 2023 2024 2021 2022
4 732 731 2021 2024
4 732 2024 2025 735
4 2023 2026 2025 2024
4 2027 2028 2025 2026
4 736 735 2025 2028
4 736 2028 2029 737
4 2027 2030 2029 2028
4 2031 2032 2029 2030
4 738 737 2029 2032
4 738 2032 2033 741
4 2031 2034 2033 2032
4 2035 2036 2033 2034
4 742 741 2033 2036
4 742 2036 2037 743
4 2035 2038 2037 2036
4 2039 2040 2037 2038
4 744 743 2037 2040
4 744 2040 2041 747
4 2039 2042 2041 2040
4 2043 2044 2041 2042
4 748 747 2041 2044
4 748 2044 2045 749
4 2043 2046 2045 2044
4 2047 2048 2045 2046
4 750 749 2045 2048
4 750 2048 2049 753
4 2047 2050 2049 2048
4 2051 2052 2049 2050
4 754 753 2049 2052
4 754 2052 2053 755
4 2051 2054 2053 2052
4 2055 2056 2053 2054
4 756 755 2053 2056
4 756 2056 2057 759
4 2055 2058 2057 2056
4 2059 2060 2057 2058
4 760 759 2057 2060
4 760 2060 2061 761
4 2059 2062 2061 2060
4 794 792 2061 2062
4 762 761 2061 792
4 790 789 2063 2002
4 788 2064 2063 789
4 2065 2066 2063 2064
4 2003 2002 2063 2066
4 2003 2066 2067 2006
4 2065 2068 2067 2066
4 2069 2070 2067 2068
4 2007 2006 2067 2070
4 2007 2070 2071 2010
4 2069 2072 2071 2070
4 2073 2074 2071 2072
4 2075 2076 2071 2074
4 2011 2010 2071 2076
4 2011 2076 2077 2014
4 2075 2078 2077 2076
4 2079 2080 2077 2078
4 2081 2082 2077 2080
4 2015 2014 2077 2082
4 2015 2082 2083 2018
4 2081 2084 2083 2082
4 2085 2086 2083 2084
4 2087 2088 2083 2086
4 2019 2018 2083 2088
4 2019 2088 2089 2022
4 2087 2090 2089 2088
4 2091 2092 2089 2090
4 2093 2094 2089 2092
4 2023 2022 2089 2094
4 2023 2094 2095 2026
4 2093 2096 2095 2094
4 2097 2098 2095 2096
4 2099 2100 2095 2098
4 2027 2026 2095 2100
4 2027 2100 2101 2030
4 2099 2102 2101 2100
4 2103 2104 2101 2102
4 2105 2106 2101 2104
4 2031 2030 2101 2106
4 2031 2106 2107 2034
4 2105 2108 2107 2106
4 2109 2110 2107 2108
4 2111 2112 2107 2110
4 2035 2034 2107 2112
4 2035 2112 2113 2038
4 2111 2114 2113 2112
4 2115 2116 2113 2114
4 2117 2118 2113 2116
4 2039 2038 2113 2118
4 2039 2118 2119 2042
4 2117 2120 2119 2118
4 2121 2122 2119 2120
4 2123 2124 2119 2122
4 2043 2042 2119 2124
4 2043 2124 2125 2046
4 2123 2126 2125 2124
4 2127 2128 2125 2126
4 2129 2130 2125 2128
4 2047 2046 2125 2130
4 2047 2130 2131 2050
4 2129 2132 2131 2130
4 2133 2134 2131 2132
4 2135 2136 2131 2134
4 2051 2050 2131 2136
4 2051 2136 2137 2054
4 2135 2138 2137 2136
4 2139 2140 2137 2138
4 2141 2142 2137 2140
4 2055 2054 2137 2142
4 2055 2142 2143 2058
4 2141 2144 2143 2142
4 2145 2146 2143 2144
4 2059 2058 2143 2146
4 2059 2146 2147 2062
4 2145 2148 2147 2146
4 796 795 2147 2148
4 794 2062 2147 795
4 776 825 2149 779
4 824 2150 2149 825
4 2151 2152 2149 2150
4 780 779 2149 2152
4 780 2152 2153 781
4 2151 2154 2153 2152
4 2155 2156 2153 2154
4 782 781 2153 2156
4 782 2156 2157 785
4 2155 2158 2157 2156
4 2159 2160 2157 2158
4 786 785 2157 2160
4 786 2160 2161 787
4 2159 2162 2161 2160
4 2163 2164 2161 2162
4 788 787 2161 2164
4 788 2164 2165 2064
4 2163 2166 2165 2164
4 2167 2168 2165 2166
4 2169 2170 2165 2168
4 2065 2064 2165 2170
4 2065 2170 2171 2068
4 2169 2172 2171 2170
4 2173 2174 2171 2172
4 2175 2176 2171 2174
4 2177 2178 2171 2176
4 2069 2068 2171 2178
4 2141 2179 2180 2144
4 2181 2182 2180 2179
4 2183 2184 2180 2182
4 2185 2186 2180 2184
4 2187 2188 2180 2186
4 2145 2144 2180 2188
4 2145 2188 2189 2148
4 2187 2190 2189 2188
4 2191 2192 2189 2190
4 2193 2194 2189 2192
4 796 2148 2189 2194
4 796 2194 2195 797
4 2193 2196 2195 2194
4 2197 2198 2195 2196
4 798 797 2195 2198
4 798 2198 2199 799
4 2197 2200 2199 2198
4 2201 2202 2199 2200
4 800 799 2199 2202
4 800 2202 2203 803
4 2201 2204 2203 2202
4 2205 2206 2203 2204
4 804 803 2203 2206
4 804 2206 2207 805
4 2205 2208 2207 2206
4 828 826 2207 2208
4 806 805 2207 826
4 824 823 2209 2150
4 822 2210 2209 823
4 2211 2212 2209 2210
4 2151 2150 2209 2212
4 2151 2212 2213 2154
4 2211 2214 2213 2212
4 2215 2216 2213 2214
4 2155 2154 2213 2216
4 2155 2216 2217 2158
4 2215 2218 2217 2216
4 2219 2220 2217 2218
4 2221 2222 2217 2220
4 2159 2158 2217 2222
4 2159 2222 2223 2162
4 2221 2224 2223 2222
4 2225 2226 2223 2224
4 2227 2228 2223 2226
4 2229 2230 2223 2228
4 2163 2162 2223 2230
4 2193 2231 2232 2196
4 2233 2234 2232 2231
4 2235 2236 2232 2234
4 2237 2238 2232 2236
4 2239 2240 2232 2238
4 2197 2196 2232 2240
4 2197 2240 2241 2200
4 2239 2242 2241 2240
4 2243 2244 2241 2242
4 2245 2246 2241 2244
4 2201 2200 2241 2246
4 2201 2246 2247 2204
4 2245 2248 2247 2246
4 2249 2250 2247 2248
4 2205 2204 2247 2250
4 2205 2250 2251 2208
4 2249 2252 2251 2250
4 830 829 2251 2252
4 828 2208 2251 829
4 816 853 2253 819
4 852 2254 2253 853
4 2255 2256 2253 2254
4 820 819 2253 2256
4 820 2256 2257 821
4 2255 2258 2257 2256
4 2259 2260 2257 2258
4 822 821 2257 2260
4 822 2260 2261 2210
4 2259 2262 2261 2260
4 2263 2264 2261 2262
4 2211 2210 2261 2264
4 2211 2264 2265 2214
4 2263 2266 2265 2264
4 2267 2268 2265 2266
4 2269 2270 2265 2268
4 2271 2272 2265 2270
4 2215 2214 2265 2272
4 2273 2274 2275 2276
4 2277 2278 2275 2274
4 2279 2280 2275 2278
4 2281 2282 2275 2280
4 2283 2284 2275 2282
4 2285 2276 2275 2284
4 2283 2282 2286 2287
4 2281 2288 2286 2282
4 2289 2290 2286 2288
4 2291 2292 2286 2290
4 2293 2287 2286 2292
4 2291 2290 2294 2295
4 2289 2296 2294 2290
4 2297 2298 2294 2296
4 2299 2300 2294 2298
4 2301 2295 2294 2300
4 2299 2298 2302 2303
4 2297 2304 2302 2298
4 2305 2306 2302 2304
4 2307 2308 2302 2306
4 2309 2303 2302 2308
4 2307 2306 2310 2311
4 2305 2312 2310 2306
4 2313 2314 2310 2312
4 2315 2316 2310 2314
4 2317 2311 2310 2316
4 2315 2314 2318 2319
4 2313 2320 2318 2314
4 2321 2322 2318 2320
4 2323 2324 2318 2322
4 2325 2319 2318 2324
4 2323 2322 2326 2327
4 2321 2328 2326 2322
4 2329 2330 2326 2328
4 2331 2332 2326 2330
4 2333 2327 2326 2332
4 2331 2330 2334 2335
4 2329 2336 2334 2330
4 2337 2338 2334 2336
4 2339 2340 2334 2338
4 2341 2342 2334 2340
4 2343 2335 2334 2342
4 2245 2344 2345 2248
4 2346 2347 2345 2344
4 2348 2349 2345 2347
4 2350 2351 2345 2349
4 2352 2353 2345 2351
4 2249 2248 2345 2353
4 2249 2353 2354 2252
4 2352 2355 2354 2353
4 2356 2357 2354 2355
4 830 2252 2354 2357
4 830 2357 2358 831
4 2356 2359 2358 2357
4 2360 2361 2358 2359
4 832 831 2358 2361
4 832 2361 2362 833
4 2360 2363 2362 2361
4 856 854 2362 2363
4 834 833 2362 854
4 852 851 2364 2254
4 850 2365 2364 851
4 2366 2367 2364 2365
4 2255 2254 2364 2367
4 2255 2367 2368 2258
4 2366 2369 2368 2367
4 2370 2371 2368 2369
4 2259 2258 2368 2371
4 2259 2371 2372 2262
4 2370 2373 2372 2371
4 2374 2375 2372 2373
4 2376 2377 2372 2375
4 2378 2379 2372 2377
4 2263 2262 2372 2379
4 2380 2381 2382 2383
4 2384 2385 2382 2381
4 2386 2387 2382 2385
4 880 2388 2382 2387
4 2389 2390 2382 2388
4 2391 2383 2382 2390
4 2389 2388 2392 2393
4 880 883 2392 2388
4 891 2394 2392 883
4 2395 2396 2392 2394
4 2397 2393 2392 2396
4 2395 2394 2398 2399
4 891 890 2398 2394
4 889 2400 2398 890
4 2279 2401 2398 2400
4 2402 2399 2398 2401
4 2279 2400 2403 2280
4 889 893 2403 2400
4 897 2404 2403 893
4 2281 2280 2403 2404
4 2281 2404 2405 2288
4 897 896 2405 2404
4 895 2406 2405 896
4 2289 2288 2405 2406
4 2289 2406 2407 2296
4 895 899 2407 2406
4 903 2408 2407 899
4 2297 2296 2407 2408
4 2297 2408 2409 2304
4 903 902 2409 2408
4 901 2410 2409 902
4 2305 2304 2409 2410
4 2305 2410 2411 2312
4 901 905 2411 2410
4 909 2412 2411 905
4 2313 2312 2411 2412
4 2313 2412 2413 2320
4 909 908 2413 2412
4 907 2414 2413 908
4 2321 2320 2413 2414
4 2321 2414 2415 2328
4 907 911 2415 2414
4 915 2416 2415 911
4 2329 2328 2415 2416
4 2329 2416 2417 2336
4 915 914 2417 2416
4 913 2418 2417 914
4 2337 2336 2417 2418
4 2337 2418 2419 2420
4 913 917 2419 2418
4 925 2421 2419 917
4 2422 2423 2419 2421
4 2424 2420 2419 2423
4 2422 2421 2425 2426
4 925 924 2425 2421
4 923 2427 2425 924
4 2428 2429 2425 2427
4 2430 2426 2425 2429
4 2428 2427 2431 2432
4 923 2433 2431 2427
4 2434 2435 2431 2433
4 2436 2437 2431 2435
4 2438 2439 2431 2437
4 2440 2432 2431 2439
4 2352 2441 2442 2355
4 2443 2444 2442 2441
4 2445 2446 2442 2444
4 2447 2448 2442 2446
4 2449 2450 2442 2448
4 2356 2355 2442 2450
4 2356 2450 2451 2359
4 2449 2452 2451 2450
4 2453 2454 2451 2452
4 2360 2359 2451 2454
4 2360 2454 2455 2363
4 2453 2456 2455 2454
4 858 857 2455 2456
4 856 2363 2455 857
4 844 879 2457 847
4 878 2458 2457 879
4 2459 2460 2457 2458
4 848 847 2457 2460
4 848 2460 2461 849
4 2459 2462 2461 2460
4 2463 2464 2461 2462
4 850 849 2461 2464
4 850 2464 2465 2365
4 2463 2466 2465 2464
4 2467 2468 2465 2466
4 2366 2365 2465 2468
4 2366 2468 2469 2369
4 2467 2470 2469 2468
4 2471 2472 2469 2470
4 2473 2474 2469 2472
4 2475 2476 2469 2474
4 2370 2369 2469 2476
4 2477 2478 2479 2480
4 2481 2482 2479 2478
4 2483 2484 2479 2482
4 2485 2486 2479 2484
4 2386 2487 2479 2486
4 2488 2480 2479 2487
4 2386 2486 2489 2387
4 2485 2490 2489 2486
4 884 881 2489 2490
4 880 2387 2489 881
4 923 922 2491 2433
4 921 2492 2491 922
4 2493 2494 2491 2492
4 2434 2433 2491 2494
4 2434 2494 2495 2496
4 2493 2497 2495 2494
4 2498 2499 2495 2497
4 2500 2501 2495 2499
4 2502 2503 2495 2501
4 2504 2496 2495 2503
4 2449 2505 2506 2452
4 2507 2508 2506 2505
4 2509 2510 2506 2508
4 2511 2512 2506 2510
4 2513 2514 2506 2512
4 2453 2452 2506 2514
4 2453 2514 2515 2456
4 2513 2516 2515 2514
4 2517 2518 2515 2516
4 858 2456 2515 2518
4 858 2518 2519 859
4 2517 2520 2519 2518
4 2521 2522 2519 2520
4 860 859 2519 2522
4 860 2522 2523 861
4 2521 2524 2523 2522
4 928 926 2523 2524
4 862 861 2523 926
4 878 877 2525 2458
4 876 2526 2525 877
4 2527 2528 2525 2526
4 2459 2458 2525 2528
4 2459 2528 2529 2462
4 2527 2530 2529 2528
4 2531 2532 2529 2530
4 2463 2462 2529 2532
4 2463 2532 2533 2466
4 2531 2534 2533 2532
4 2535 2536 2533 2534
4 2537 2538 2533 2536
4 2539 2540 2533 2538
4 2467 2466 2533 2540
4 2541 2542 2543 2544
4 2545 2546 2543 2542
4 2547 2548 2543 2546
4 2549 2550 2543 2548
4 2551 2552 2543 2550
4 2553 2544 2543 2552
4 2551 2550 2554 2555
4 2549 2556 2554 2550
4 948 2557 2554 2556
4 2483 2558 2554 2557
4 2559 2555 2554 2558
4 2483 2557 2560 2484
4 948 951 2560 2557
4 959 2561 2560 951
4 2485 2484 2560 2561
4 2485 2561 2562 2490
4 959 958 2562 2561
4 886 885 2562 958
4 884 2490 2562 885
4 921 920 2563 2492
4 919 967 2563 920
4 975 2564 2563 967
4 2493 2492 2563 2564
4 2493 2564 2565 2497
4 975 974 2565 2564
4 973 2566 2565 974
4 2498 2497 2565 2566
4 2498 2566 2567 2568
4 973 2569 2567 2566
4 2570 2571 2567 2569
4 2572 2573 2567 2571
4 2574 2568 2567 2573
4 2572 2571 2575 2576
4 2570 2577 2575 2571
4 2578 2579 2575 2577
4 2580 2581 2575 2579
4 2582 2583 2575 2581
4 2584 2576 2575 2583
4 2513 2585 2586 2516
4 2587 2588 2586 2585
4 2589 2590 2586 2588
4 2591 2592 2586 2590
4 2593 2594 2586 2592
4 2517 2516 2586 2594
4 2517 2594 2595 2520
4 2593 2596 2595 2594
4 2597 2598 2595 2596
4 2521 2520 2595 2598
4 2521 2598 2599 2524
4 2597 2600 2599 2598
4 930 929 2599 2600
4 928 2524 2599 929
4 876 947 2601 2526
4 946 2602 2601 947
4 2603 2604 2601 2602
4 2527 2526 2601 2604
4 2527 2604 2605 2530
4 2603 2606 2605 2604
4 2607 2608 2605 2606
4 2609 2610 2605 2608
4 2611 2612 2605 2610
4 2531 2530 2605 2612
4 2613 2614 2615 2616
4 2617 2618 2615 2614
4 2619 2620 2615 2618
4 2621 2622 2615 2620
4 2547 2623 2615 2622
4 2624 2616 2615 2623
4 2547 2622 2625 2548
4 2621 2626 2625 2622
4 2627 2628 2625 2626
4 2549 2548 2625 2628
4 2549 2628 2629 2556
4 2627 2630 2629 2628
4 952 949 2629 2630
4 948 2556 2629 949
4 973 972 2631 2569
4 971 2632 2631 972
4 2633 2634 2631 2632
4 2570 2569 2631 2634
4 2570 2634 2635 2577
4 2633 2636 2635 2634
4 2637 2638 2635 2636
4 2578 2577 2635 2638
4 2578 2638 2639 2640
4 2637 2641 2639 2638
4 2642 2643 2639 2641
4 2644 2645 2639 2643
4 2646 2647 2639 2645
4 2648 2640 2639 2647
4 2593 2649 2650 2596
4 2651 2652 2650 2649
4 2653 2654 2650 2652
4 2655 2656 2650 2654
4 2657 2658 2650 2656
4 2597 2596 2650 2658
4 2597 2658 2659 2600
4 2657 2660 2659 2658
4 978 976 2659 2660
4 930 2600 2659 976
4 946 945 2661 2602
4 944 2662 2661 945
4 2663 2664 2661 2662
4 2665 2666 2661 2664
4 2603 2602 2661 2666
4 2667 2668 2669 2670
4 2671 2672 2669 2668
4 2673 2674 2669 2672
4 2675 2676 2669 2674
4 2619 2677 2669 2676
4 2678 2670 2669 2677
4 2619 2676 2679 2620
4 2675 2680 2679 2676
4 994 2681 2679 2680
4 2621 2620 2679 2681
4 2621 2681 2682 2626
4 994 997 2682 2681
4 1004 2683 2682 997
4 2627 2626 2682 2683
4 2627 2683 2684 2630
4 1004 1003 2684 2683
4 954 953 2684 1003
4 952 2630 2684 953
4 971 970 2685 2632
4 969 1013 2685 970
4 1021 2686 2685 1013
4 2633 2632 2685 2686
4 2633 2686 2687 2636
4 1021 1020 2687 2686
4 1019 2688 2687 1020
4 2637 2636 2687 2688
4 2637 2688 2689 2641
4 1019 2690 2689 2688
4 2691 2692 2689 2690
4 2642 2641 2689 2692
4 2642 2692 2693 2694
4 2691 2695 2693 2692
4 2696 2697 2693 2695
4 2698 2699 2693 2697
4 2700 2701 2693 2699
4 2702 2694 2693 2701
4 2657 2703 2704 2660
4 2705 2706 2704 2703
4 2707 2708 2704 2706
4 980 979 2704 2708
4 978 2660 2704 979
4 938 993 2709 941
4 992 2710 2709 993
4 2711 2712 2709 2710
4 942 941 2709 2712
4 942 2712 2713 943
4 2711 2714 2713 2712
4 2715 2716 2713 2714
4 944 943 2713 2716
4 944 2716 2717 2662
4 2715 2718 2717 2716
4 2719 2720 2717 2718
4 2721 2722 2717 2720
4 2723 2724 2717 2722
4 2663 2662 2717 2724
4 2673 2725 2726 2674
4 2727 2728 2726 2725
4 2729 2730 2726 2728
4 2731 2732 2726 2730
4 2675 2674 2726 2732
4 2675 2732 2733 2680
4 2731 2734 2733 2732
4 998 995 2733 2734
4 994 2680 2733 995
4 1019 1018 2735 2690
4 1017 2736 2735 1018
4 2737 2738 2735 2736
4 2691 2690 2735 2738
4 2691 2738 2739 2695
4 2737 2740 2739 2738
4 2741 2742 2739 2740
4 2743 2744 2739 2742
4 2696 2695 2739 2744
4 2707 2745 2746 2708
4 2747 2748 2746 2745
4 2749 2750 2746 2748
4 2751 2752 2746 2750
4 2753 2754 2746 2752
4 980 2708 2746 2754
4 980 2754 2755 981
4 2753 2756 2755 2754
4 2757 2758 2755 2756
4 982 981 2755 2758
4 982 2758 2759 983
4 2757 2760 2759 2758
4 1024 1022 2759 2760
4 984 983 2759 1022
4 992 991 2761 2710
4 990 2762 2761 991
4 2763 2764 2761 2762
4 2711 2710 2761 2764
4 2711 2764 2765 2714
4 2763 2766 2765 2764
4 2767 2768 2765 2766
4 2769 2770 2765 2768
4 2715 2714 2765 2770
4 2771 2772 2773 2774
4 2775 2776 2773 2772
4 2777 2778 2773 2776
4 1034 2779 2773 2778
4 2729 2780 2773 2779
4 2781 2774 2773 2780
4 2729 2779 2782 2730
4 1034 1037 2782 2779
4 1045 2783 2782 1037
4 2731 2730 2782 2783
4 2731 2783 2784 2734
4 1045 1044 2784 2783
4 1000 999 2784 1044
4 998 2734 2784 999
4 1017 1016 2785 2736
4 1015 1053 2785 1016
4 1061 2786 2785 1053
4 2737 2736 2785 2786
4 2737 2786 2787 2740
4 1061 1060 2787 2786
4 1059 2788 2787 1060
4 2741 2740 2787 2788
4 2741 2788 2789 2790
4 1059 2791 2789 2788
4 2792 2793 2789 2791
4 2794 2795 2789 2793
4 2796 2797 2789 2795
4 2798 2790 2789 2797
4 2753 2799 2800 2756
4 2801 2802 2800 2799
4 2803 2804 2800 2802
4 2805 2806 2800 2804
4 2757 2756 2800 2806
4 2757 2806 2807 2760
4 2805 2808 2807 2806
4 1026 1025 2807 2808
4 1024 2760 2807 1025
4 990 1033 2809 2762
4 1032 2810 2809 1033
4 2811 2812 2809 2810
4 2763 2762 2809 2812
4 2763 2812 2813 2766
4 2811 2814 2813 2812
4 2815 2816 2813 2814
4 2817 2818 2813 2816
4 2767 2766 2813 2818
4 2819 2820 2821 2822
4 2823 2824 2821 2820
4 2825 2826 2821 2824
4 2827 2828 2821 2826
4 2777 2829 2821 2828
4 2830 2822 2821 2829
4 2777 2828 2831 2778
4 2827 2832 2831 2828
4 1038 1035 2831 2832
4 1034 2778 2831 1035
4 1059 1058 2833 2791
4 1057 2834 2833 1058
4 2835 2836 2833 2834
4 2792 2791 2833 2836
4 2792 2836 2837 2838
4 2835 2839 2837 2836
4 2840 2841 2837 2839
4 2842 2843 2837 2841
4 2844 2845 2837 2843
4 2846 2838 2837 2845
4 2803 2847 2848 2804
4 2849 2850 2848 2847
4 2851 2852 2848 2850
4 2853 2854 2848 2852
4 2805 2804 2848 2854
4 2805 2854 2855 2808
4 2853 2856 2855 2854
4 1064 1062 2855 2856
4 1026 2808 2855 1062
4 1032 1031 2857 2810
4 1030 2858 2857 1031
4 2859 2860 2857 2858
4 2811 2810 2857 2860
4 2811 2860 2861 2814
4 2859 2862 2861 2860
4 2863 2864 2861 2862
4 2865 2866 2861 2864
4 2867 2868 2861 2866
4 2815 2814 2861 2868
4 2825 2869 2870 2826
4 2871 2872 2870 2869
4 2873 2874 2870 2872
4 2875 2876 2870 2874
4 2827 2826 2870 2876
4 2827 2876 2877 2832
4 2875 2878 2877 2876
4 1040 1039 2877 2878
4 1038 2832 2877 1039
4 1057 1056 2879 2834
4 1055 2880 2879 1056
4 2881 2882 2879 2880
4 2835 2834 2879 2882
4 2835 2882 2883 2839
4 2881 2884 2883 2882
4 2885 2886 2883 2884
4 2887 2888 2883 2886
4 2840 2839 2883 2888
4 2851 2889 2890 2852
4 2891 2892 2890 2889
4 2893 2894 2890 2892
4 2895 2896 2890 2894
4 2897 2898 2890 2896
4 2853 2852 2890 2898
4 2853 2898 2899 2856
4 2897 2900 2899 2898
4 1066 1065 2899 2900
4 1064 2856 2899 1065
4 1030 1073 2901 2858
4 1072 2902 2901 1073
4 2903 2904 2901 2902
4 2905 2906 2901 2904
4 2859 2858 2901 2906
4 2873 2907 2908 2874
4 2909 2910 2908 2907
4 2911 2912 2908 2910
4 2913 2914 2908 2912
4 2875 2874 2908 2914
4 2875 2914 2915 2878
4 2913 2916 2915 2914
4 1076 1074 2915 2916
4 1040 2878 2915 1074
4 1055 1093 2917 2880
4 1092 2918 2917 1093
4 2919 2920 2917 2918
4 2881 2880 2917 2920
4 2881 2920 2921 2884
4 2919 2922 2921 2920
4 2923 2924 2921 2922
4 2925 2926 2921 2924
4 2885 2884 2921 2926
4 2897 2927 2928 2900
4 2929 2930 2928 2927
4 2931 2932 2928 2930
4 1096 1094 2928 2932
4 1066 2900 2928 1094
4 1072 1071 2933 2902
4 1070 2934 2933 1071
4 2935 2936 2933 2934
4 2937 2938 2933 2936
4 2903 2902 2933 2938
4 2939 2940 2941 2942
4 2943 2944 2941 2940
4 2945 2946 2941 2944
4 1106 2947 2941 2946
4 2911 2948 2941 2947
4 2949 2942 2941 2948
4 2911 2947 2950 2912
4 1106 1109 2950 2947
4 1117 2951 2950 1109
4 2913 2912 2950 2951
4 2913 2951 2952 2916
4 1117 1116 2952 2951
4 1078 1077 2952 1116
4 1076 2916 2952 1077
4 1092 1091 2953 2918
4 1090 1133 2953 1091
4 1141 2954 2953 1133
4 2919 2918 2953 2954
4 2919 2954 2955 2922
4 1141 1140 2955 2954
4 1139 2956 2955 1140
4 2923 2922 2955 2956
4 2923 2956 2957 2958
4 1139 2959 2957 2956
4 2960 2961 2957 2959
4 2962 2963 2957 2961
4 2964 2965 2957 2963
4 2966 2958 2957 2965
4 2931 2967 2968 2932
4 2969 2970 2968 2967
4 2971 2972 2968 2970
4 1098 1097 2968 2972
4 1096 2932 2968 1097
4 1070 1105 2973 2934
4 1104 2974 2973 1105
4 2975 2976 2973 2974
4 2977 2978 2973 2976
4 2935 2934 2973 2978
4 2945 2979 2980 2946
4 2981 2982 2980 2979
4 2983 2984 2980 2982
4 1110 1107 2980 2984
4 1106 2946 2980 1107
4 1139 1138 2985 2959
4 1137 2986 2985 1138
4 2987 2988 2985 2986
4 2989 2990 2985 2988
4 2960 2959 2985 2990
4 2971 2991 2992 2972
4 2993 2994 2992 2991
4 2995 2996 2992 2994
4 1144 1142 2992 2996
4 1098 2972 2992 1142
4 1104 1103 2997 2974
4 1102 2998 2997 1103
4 2999 3000 2997 2998
4 3001 3002 2997 3000
4 2975 2974 2997 3002
4 2983 3003 3004 2984
4 3005 3006 3004 3003
4 3007 3008 3004 3006
4 1112 1111 3004 3008
4 1110 2984 3004 1111
4 1137 1136 3009 2986
4 1135 3010 3009 1136
4 3011 3012 3009 3010
4 3013 3014 3009 3012
4 2987 2986 3009 3014
4 2995 3015 3016 2996
4 3017 3018 3016 3015
4 3019 3020 3016 3018
4 1146 1145 3016 3020
4 1144 2996 3016 1145
4 1102 1153 3021 2998
4 1152 3022 3021 1153
4 3023 3024 3021 3022
4 3025 3026 3021 3024
4 2999 2998 3021 3026
4 3007 3027 3028 3008
4 3029 3030 3028 3027
4 3031 3032 3028 3030
4 1156 1154 3028 3032
4 1112 3008 3028 1154
4 1135 1181 3033 3010
4 1180 3034 3033 1181
4 3035 3036 3033 3034
4 3037 3038 3033 3036
4 3011 3010 3033 3038
4 3019 3039 3040 3020
4 3041 3042 3040 3039
4 3043 3044 3040 3042
4 1184 1182 3040 3044
4 1146 3020 3040 1182
4 1152 1151 3045 3022
4 1150 3046 3045 1151
4 3047 3048 3045 3046
4 3049 3050 3045 3048
4 3023 3022 3045 3050
4 3031 3051 3052 3032
4 3053 3054 3052 3051
4 3055 3056 3052 3054
4 1158 1157 3052 3056
4 1156 3032 3052 1157
4 1180 1179 3057 3034
4 1178 3058 3057 1179
4 3059 3060 3057 3058
4 3061 3062 3057 3060
4 3035 3034 3057 3062
4 3043 3063 3064 3044
4 3065 3066 3064 3063
4 3067 3068 3064 3066
4 1186 1185 3064 3068
4 1184 3044 3064 1185
4 1150 1193 3069 3046
4 1192 3070 3069 1193
4 3071 3072 3069 3070
4 3073 3074 3069 3072
4 3047 3046 3069 3074
4 3055 3075 3076 3056
4 3077 3078 3076 3075
4 3079 3080 3076 3078
4 1196 1194 3076 3080
4 1158 3056 3076 1194
4 1178 1225 3081 3058
4 1224 3082 3081 1225
4 3083 3084 3081 3082
4 3085 3086 3081 3084
4 3059 3058 3081 3086
4 3067 3087 3088 3068
4 3089 3090 3088 3087
4 3091 3092 3088 3090
4 1228 1226 3088 3092
4 1186 3068 3088 1226
4 1192 1191 3093 3070
4 1190 3094 3093 1191
4 3095 3096 3093 3094
4 3097 3098 3093 3096
4 3071 3070 3093 3098
4 3079 3099 3100 3080
4 3101 3102 3100 3099
4 3103 3104 3100 3102
4 1198 1197 3100 3104
4 1196 3080 3100 1197
4 1224 1223 3105 3082
4 1222 3106 3105 1223
4 3107 3108 3105 3106
4 3109 3110 3105 3108
4 3083 3082 3105 3110
4 3091 3111 3112 3092
4 3113 3114 3112 3111
4 3115 3116 3112 3114
4 1230 1229 3112 3116
4 1228 3092 3112 1229
4 1190 1237 3117 3094
4 1236 3118 3117 1237
4 3119 3120 3117 3118
4 3121 3122 3117 3120
4 3095 3094 3117 3122
4 3103 3123 3124 3104
4 3125 3126 3124 3123
4 3127 3128 3124 3126
4 3129 3130 3124 3128
4 3131 3132 3124 3130
4 1198 3104 3124 3132
4 1198 3132 3133 1199
4 3131 3134 3133 3132
4 3135 3136 3133 3134
4 1200 1199 3133 3136
4 1200 3136 3137 1201
4 3135 3138 3137 3136
4 1240 1238 3137 3138
4 1202 1201 3137 1238
4 1216 1257 3139 1219
4 1256 3140 3139 1257
4 3141 3142 3139 3140
4 1220 1219 3139 3142
4 1220 3142 3143 1221
4 3141 3144 3143 3142
4 3145 3146 3143 3144
4 1222 1221 3143 3146
4 1222 3146 3147 3106
4 3145 3148 3147 3146
4 3149 3150 3147 3148
4 3151 3152 3147 3150
4 3153 3154 3147 3152
4 3107 3106 3147 3154
4 3115 3155 3156 3116
4 3157 3158 3156 3155
4 3159 3160 3156 3158
4 1260 1258 3156 3160
4 1230 3116 3156 1258
4 1236 1235 3161 3118
4 1234 3162 3161 1235
4 3163 3164 3161 3162
4 3165 3166 3161 3164
4 3119 3118 3161 3166
4 3131 3167 3168 3134
4 3169 3170 3168 3167
4 3171 3172 3168 3170
4 3173 3174 3168 3172
4 3135 3134 3168 3174
4 3135 3174 3175 3138
4 3173 3176 3175 3174
4 1242 1241 3175 3176
4 1240 3138 3175 1241
4 1256 1255 3177 3140
4 1254 3178 3177 1255
4 3179 3180 3177 3178
4 3141 3140 3177 3180
4 3141 3180 3181 3144
4 3179 3182 3181 3180
4 3183 3184 3181 3182
4 3185 3186 3181 3184
4 3145 3144 3181 3186
4 3159 3187 3188 3160
4 3189 3190 3188 3187
4 3191 3192 3188 3190
4 1262 1261 3188 3192
4 1260 3160 3188 1261
4 1234 1269 3193 3162
4 1268 3194 3193 1269
4 3195 3196 3193 3194
4 3163 3162 3193 3196
4 3163 3196 3197 3198
4 3195 3199 3197 3196
4 3200 3201 3197 3199
4 3202 3203 3197 3201
4 3204 3205 3197 3203
4 3206 3198 3197 3205
4 3171 3207 3208 3172
4 3209 3210 3208 3207
4 3211 3212 3208 3210
4 3213 3214 3208 3212
4 3215 3216 3208 3214
4 3173 3172 3208 3216
4 3173 3216 3217 3176
4 3215 3218 3217 3216
4 1272 1270 3217 3218
4 1242 3176 3217 1270
4 1254 1293 3219 3178
4 1292 3220 3219 1293
4 3221 3222 3219 3220
4 3179 3178 3219 3222
4 3179 3222 3223 3182
4 3221 3224 3223 3222
4 3225 3226 3223 3224
4 3227 3228 3223 3226
4 3229 3230 3223 3228
4 3183 3182 3223 3230
4 3231 3232 3233 3234
4 3235 3236 3233 3232
4 3237 3238 3233 3236
4 3239 3240 3233 3238
4 3191 3241 3233 3240
4 3242 3234 3233 3241
4 3191 3240 3243 3192
4 3239 3244 3243 3240
4 1296 1294 3243 3244
4 1262 3192 3243 1294
4 1268 1267 3245 3194
4 1266 3246 3245 1267
4 3247 3248 3245 3246
4 3195 3194 3245 3248
4 3195 3248 3249 3199
4 3247 3250 3249 3248
4 3251 3252 3249 3250
4 3253 3254 3249 3252
4 3200 3199 3249 3254
4 3215 3255 3256 3218
4 3257 3258 3256 3255
4 3259 3260 3256 3258
4 1274 1273 3256 3260
4 1272 3218 3256 1273
4 1292 1291 3261 3220
4 1290 3262 3261 1291
4 3263 3264 3261 3262
4 3265 3266 3261 3264
4 3221 3220 3261 3266
4 3237 3267 3268 3238
4 3269 3270 3268 3267
4 3271 3272 3268 3270
4 3273 3274 3268 3272
4 3239 3238 3268 3274
4 3239 3274 3275 3244
4 3273 3276 3275 3274
4 1298 1297 3275 3276
4 1296 3244 3275 1297
4 1266 1305 3277 3246
4 1304 3278 3277 1305
4 3279 3280 3277 3278
4 3247 3246 3277 3280
4 3247 3280 3281 3250
4 3279 3282 3281 3280
4 3283 3284 3281 3282
4 3285 3286 3281 3284
4 3251 3250 3281 3286
4 3259 3287 3288 3260
4 3289 3290 3288 3287
4 3291 3292 3288 3290
4 3293 3294 3288 3292
4 3295 3296 3288 3294
4 1274 3260 3288 3296
4 1274 3296 3297 1275
4 3295 3298 3297 3296
4 3299 3300 3297 3298
4 1276 1275 3297 3300
4 1276 3300 3301 1277
4 3299 3302 3301 3300
4 1308 1306 3301 3302
4 1278 1277 3301 1306
4 1284 1317 3303 1287
4 1316 3304 3303 1317
4 3305 3306 3303 3304
4 1288 1287 3303 3306
4 1288 3306 3307 1289
4 3305 3308 3307 3306
4 3309 3310 3307 3308
4 1290 1289 3307 3310
4 1290 3310 3311 3262
4 3309 3312 3311 3310
4 3313 3314 3311 3312
4 3315 3316 3311 3314
4 3317 3318 3311 3316
4 3263 3262 3311 3318
4 3271 3319 3320 3272
4 3321 3322 3320 3319
4 3323 3324 3320 3322
4 3325 3326 3320 3324
4 3273 3272 3320 3326
4 3273 3326 3327 3276
4 3325 3328 3327 3326
4 1320 1318 3327 3328
4 1298 3276 3327 1318
4 1304 1303 3329 3278
4 1302 3330 3329 1303
4 3331 3332 3329 3330
4 3279 3278 3329 3332
4 3279 3332 3333 3282
4 3331 3334 3333 3332
4 3335 3336 3333 3334
4 3283 3282 3333 3336
4 3283 3336 3337 3338
4 3335 3339 3337 3336
4 3340 3341 3337 3339
4 3342 3343 3337 3341
4 3344 3345 3337 3343
4 3346 3338 3337 3345
4 3295 3347 3348 3298
4 3349 3350 3348 3347
4 3351 3352 3348 3350
4 3353 3354 3348 3352
4 3299 3298 3348 3354
4 3299 3354 3355 3302
4 3353 3356 3355 3354
4 1310 1309 3355 3356
4 1308 3302 3355 1309
4 1316 1315 3357 3304
4 1314 3358 3357 1315
4 3359 3360 3357 3358
4 3305 3304 3357 3360
4 3305 3360 3361 3308
4 3359 3362 3361 3360
4 3363 3364 3361 3362
4 3365 3366 3361 3364
4 3309 3308 3361 3366
4 3367 3368 3369 3370
4 3371 3372 3369 3368
4 3373 3374 3369 3372
4 3375 3376 3369 3374
4 3323 3377 3369 3376
4 3378 3370 3369 3377
4 3323 3376 3379 3324
4 3375 3380 3379 3376
4 3381 3382 3379 3380
4 3325 3324 3379 3382
4 3325 3382 3383 3328
4 3381 3384 3383 3382
4 1322 1321 3383 3384
4 1320 3328 3383 1321
4 1302 1329 3385 3330
4 1328 3386 3385 1329
4 3387 3388 3385 3386
4 3331 3330 3385 3388
4 3331 3388 3389 3334
4 3387 3390 3389 3388
4 3391 3392 3389 3390
4 3335 3334 3389 3392
4 3335 3392 3393 3339
4 3391 3394 3393 3392
4 3395 3396 3393 3394
4 3397 3398 3393 3396
4 3399 3400 3393 3398
4 3340 3339 3393 3400
4 3351 3401 3402 3352
4 3403 3404 3402 3401
4 3405 3406 3402 3404
4 3407 3408 3402 3406
4 3353 3352 3402 3408
4 3353 3408 3409 3356
4 3407 3410 3409 3408
4 1332 1330 3409 3410
4 1310 3356 3409 1330
4 1314 1341 3411 3358
4 1340 3412 3411 1341
4 3413 3414 3411 3412
4 3359 3358 3411 3414
4 3359 3414 3415 3362
4 3413 3416 3415 3414
4 3417 3418 3415 3416
4 3419 3420 3415 3418
4 3363 3362 3415 3420
4 3373 3421 3422 3374
4 3423 3424 3422 3421
4 3425 3426 3422 3424
4 3427 3428 3422 3426
4 3429 3430 3422 3428
4 3375 3374 3422 3430
4 3375 3430 3431 3380
4 3429 3432 3431 3430
4 3433 3434 3431 3432
4 3381 3380 3431 3434
4 3381 3434 3435 3384
4 3433 3436 3435 3434
4 1344 1342 3435 3436
4 1322 3384 3435 1342
4 1328 1327 3437 3386
4 1326 3438 3437 1327
4 3439 3440 3437 3438
4 3387 3386 3437 3440
4 3387 3440 3441 3390
4 3439 3442 3441 3440
4 3443 3444 3441 3442
4 3445 3446 3441 3444
4 3391 3390 3441 3446
4 3447 3448 3449 3450
4 3451 3452 3449 3448
4 3453 3454 3449 3452
4 1354 3455 3449 3454
4 3405 3456 3449 3455
4 3457 3450 3449 3456
4 3405 3455 3458 3406
4 1354 1357 3458 3455
4 1365 3459 3458 1357
4 3407 3406 3458 3459
4 3407 3459 3460 3410
4 1365 1364 3460 3459
4 1334 1333 3460 1364
4 1332 3410 3460 1333
4 1340 1339 3461 3412
4 1338 1373 3461 1339
4 1381 3462 3461 1373
4 3413 3412 3461 3462
4 3413 3462 3463 3416
4 1381 1380 3463 3462
4 1379 3464 3463 1380
4 3417 3416 3463 3464
4 3417 3464 3465 3466
4 1379 3467 3465 3464
4 3468 3469 3465 3467
4 3470 3471 3465 3469
4 3472 3473 3465 3471
4 3474 3466 3465 3473
4 3429 3475 3476 3432
4 3477 3478 3476 3475
4 3479 3480 3476 3478
4 3481 3482 3476 3480
4 3433 3432 3476 3482
4 3433 3482 3483 3436
4 3481 3484 3483 3482
4 1346 1345 3483 3484
4 1344 3436 3483 1345
4 1326 1353 3485 3438
4 1352 3486 3485 1353
4 3487 3488 3485 3486
4 3439 3438 3485 3488
4 3439 3488 3489 3442
4 3487 3490 3489 3488
4 3491 3492 3489 3490
4 3493 3494 3489 3492
4 3443 3442 3489 3494
4 3453 3495 3496 3454
4 3497 3498 3496 3495
4 3499 3500 3496 3498
4 1358 1355 3496 3500
4 1354 3454 3496 1355
4 1379 1378 3501 3467
4 1377 3502 3501 1378
4 3503 3504 3501 3502
4 3505 3506 3501 3504
4 3468 3467 3501 3506
4 3479 3507 3508 3480
4 3509 3510 3508 3507
4 3511 3512 3508 3510
4 3513 3514 3508 3512
4 3481 3480 3508 3514
4 3481 3514 3515 3484
4 3513 3516 3515 3514
4 1384 1382 3515 3516
4 1346 3484 3515 1382
4 1352 1351 3517 3486
4 1350 3518 3517 1351
4 3519 3520 3517 3518
4 3487 3486 3517 3520
4 3487 3520 3521 3490
4 3519 3522 3521 3520
4 3523 3524 3521 3522
4 3525 3526 3521 3524
4 3527 3528 3521 3526
4 3491 3490 3521 3528
4 3529 3530 3531 3532
4 3533 3534 3531 3530
4 3535 3536 3531 3534
4 3537 3538 3531 3536
4 3499 3539 3531 3538
4 3540 3532 3531 3539
4 3499 3538 3541 3500
4 3537 3542 3541 3538
4 1360 1359 3541 3542
4 1358 3500 3541 1359
4 1377 1376 3543 3502
4 1375 3544 3543 1376
4 3545 3546 3543 3544
4 3503 3502 3543 3546
4 3503 3546 3547 3548
4 3545 3549 3547 3546
4 3550 3551 3547 3549
4 3552 3553 3547 3551
4 3554 3555 3547 3553
4 3556 3548 3547 3555
4 3511 3557 3558 3512
4 3559 3560 3558 3557
4 3561 3562 3558 3560
4 3563 3564 3558 3562
4 3565 3566 3558 3564
4 3513 3512 3558 3566
4 3513 3566 3567 3516
4 3565 3568 3567 3566
4 1386 1385 3567 3568
4 1384 3516 3567 1385
4 1350 1393 3569 3518
4 1392 3570 3569 1393
4 3571 3572 3569 3570
4 3573 3574 3569 3572
4 3519 3518 3569 3574
4 3535 3575 3576 3536
4 3577 3578 3576 3575
4 3579 3580 3576 3578
4 3581 3582 3576 3580
4 3537 3536 3576 3582
4 3537 3582 3583 3542
4 3581 3584 3583 3582
4 1396 1394 3583 3584
4 1360 3542 3583 1394
4 1375 1413 3585 3544
4 1412 3586 3585 1413
4 3587 3588 3585 3586
4 3545 3544 3585 3588
4 3545 3588 3589 3549
4 3587 3590 3589 3588
4 3591 3592 3589 3590
4 3593 3594 3589 3592
4 3550 3549 3589 3594
4 3565 3595 3596 3568
4 3597 3598 3596 3595
4 3599 3600 3596 3598
4 1416 1414 3596 3600
4 1386 3568 3596 1414
4 1392 1391 3601 3570
4 1390 3602 3601 1391
4 3603 3604 3601 3602
4 3605 3606 3601 3604
4 3571 3570 3601 3606
4 3607 3608 3609 3610
4 3611 3612 3609 3608
4 3613 3614 3609 3612
4 1426 3615 3609 3614
4 3579 3616 3609 3615
4 3617 3610 3609 3616
4 3579 3615 3618 3580
4 1426 1429 3618 3615
4 1437 3619 3618 1429
4 3581 3580 3618 3619
4 3581 3619 3620 3584
4 1437 1436 3620 3619
4 1398 1397 3620 1436
4 1396 3584 3620 1397
4 1412 1411 3621 3586
4 1410 1453 3621 1411
4 1461 3622 3621 1453
4 3587 3586 3621 3622
4 3587 3622 3623 3590
4 1461 1460 3623 3622
4 1459 3624 3623 1460
4 3591 3590 3623 3624
4 3591 3624 3625 3626
4 1459 3627 3625 3624
4 3628 3629 3625 3627
4 3630 3631 3625 3629
4 3632 3633 3625 3631
4 3634 3626 3625 3633
4 3599 3635 3636 3600
4 3637 3638 3636 3635
4 3639 3640 3636 3638
4 1418 1417 3636 3640
4 1416 3600 3636 1417
4 1390 1425 3641 3602
4 1424 3642 3641 1425
4 3643 3644 3641 3642
4 3645 3646 3641 3644
4 3603 3602 3641 3646
4 3613 3647 3648 3614
4 3649 3650 3648 3647
4 3651 3652 3648 3650
4 1430 1427 3648 3652
4 1426 3614 3648 1427
4 1459 1458 3653 3627
4 1457 3654 3653 1458
4 3655 3656 3653 3654
4 3657 3658 3653 3656
4 3628 3627 3653 3658
4 3639 3659 3660 3640
4 3661 3662 3660 3659
4 3663 3664 3660 3662
4 1464 1462 3660 3664
4 1418 3640 3660 1462
4 1424 1423 3665 3642
4 1422 3666 3665 1423
4 3667 3668 3665 3666
4 3669 3670 3665 3668
4 3643 3642 3665 3670
4 3651 3671 3672 3652
4 3673 3674 3672 3671
4 3675 3676 3672 3674
4 1432 1431 3672 3676
4 1430 3652 3672 1431
4 1457 1456 3677 3654
4 1455 3678 3677 1456
4 3679 3680 3677 3678
4 3681 3682 3677 3680
4 3655 3654 3677 3682
4 3663 3683 3684 3664
4 3685 3686 3684 3683
4 3687 3688 3684 3686
4 1466 1465 3684 3688
4 1464 3664 3684 1465
4 1422 1473 3689 3666
4 1472 3690 3689 1473
4 3691 3692 3689 3690
4 3693 3694 3689 3692
4 3667 3666 3689 3694
4 3675 3695 3696 3676
4 3697 3698 3696 3695
4 3699 3700 3696 3698
4 1476 1474 3696 3700
4 1432 3676 3696 1474
4 1455 1501 3701 3678
4 1500 3702 3701 1501
4 3703 3704 3701 3702
4 3705 3706 3701 3704
4 3679 3678 3701 3706
4 3687 3707 3708 3688
4 3709 3710 3708 3707
4 3711 3712 3708 3710
4 1504 1502 3708 3712
4 1466 3688 3708 1502
4 1472 1471 3713 3690
4 1470 3714 3713 1471
4 3715 3716 3713 3714
4 3717 3718 3713 3716
4 3691 3690 3713 3718
4 3699 3719 3720 3700
4 3721 3722 3720 3719
4 3723 3724 3720 3722
4 1478 1477 3720 3724
4 1476 3700 3720 1477
4 1500 1499 3725 3702
4 1498 3726 3725 1499
4 3727 3728 3725 3726
4 3729 3730 3725 3728
4 3703 3702 3725 3730
4 3711 3731 3732 3712
4 3733 3734 3732 3731
4 3735 3736 3732 3734
4 1506 1505 3732 3736
4 1504 3712 3732 1505
4 1470 1513 3737 3714
4 1512 3738 3737 1513
4 3739 3740 3737 3738
4 3741 3742 3737 3740
4 3715 3714 3737 3742
4 3723 3743 3744 3724
4 3745 3746 3744 3743
4 3747 3748 3744 3746
4 1516 1514 3744 3748
4 1478 3724 3744 1514
4 1498 1545 3749 3726
4 1544 3750 3749 1545
4 3751 3752 3749 3750
4 3753 3754 3749 3752
4 3727 3726 3749 3754
4 3735 3755 3756 3736
4 3757 3758 3756 3755
4 3759 3760 3756 3758
4 1548 1546 3756 3760
4 1506 3736 3756 1546
4 1512 1511 3761 3738
4 1510 3762 3761 1511
4 3763 3764 3761 3762
4 3765 3766 3761 3764
4 3739 3738 3761 3766
4 3747 3767 3768 3748
4 3769 3770 3768 3767
4 3771 3772 3768 3770
4 1518 1517 3768 3772
4 1516 3748 3768 1517
4 1544 1543 3773 3750
4 1542 3774 3773 1543
4 3775 3776 3773 3774
4 3777 3778 3773 3776
4 3751 3750 3773 3778
4 3759 3779 3780 3760
4 3781 3782 3780 3779
4 3783 3784 3780 3782
4 1550 1549 3780 3784
4 1548 3760 3780 1549
4 1510 1557 3785 3762
4 1556 3786 3785 1557
4 3787 3788 3785 3786
4 3789 3790 3785 3788
4 3763 3762 3785 3790
4 3771 3791 3792 3772
4 3793 3794 3792 3791
4 3795 3796 3792 3794
4 3797 3798 3792 3796
4 3799 3800 3792 3798
4 1518 3772 3792 3800
4 1518 3800 3801 1519
4 3799 3802 3801 3800
4 3803 3804 3801 3802
4 1520 1519 3801 3804
4 1520 3804 3805 1521
4 3803 3806 3805 3804
4 1560 1558 3805 3806
4 1522 1521 3805 1558
4 1536 1577 3807 1539
4 1576 3808 3807 1577
4 3809 3810 3807 3808
4 1540 1539 3807 3810
4 1540 3810 3811 1541
4 3809 3812 3811 3810
4 3813 3814 3811 3812
4 1542 1541 3811 3814
4 1542 3814 3815 3774
4 3813 3816 3815 3814
4 3817 3818 3815 3816
4 3819 3820 3815 3818
4 3821 3822 3815 3820
4 3775 3774 3815 3822
4 3783 3823 3824 3784
4 3825 3826 3824 3823
4 3827 3828 3824 3826
4 1580 1578 3824 3828
4 1550 3784 3824 1578
4 1556 1555 3829 3786
4 1554 3830 3829 1555
4 3831 3832 3829 3830
4 3833 3834 3829 3832
4 3787 3786 3829 3834
4 3799 3835 3836 3802
4 3837 3838 3836 3835
4 3839 3840 3836 3838
4 3841 3842 3836 3840
4 3803 3802 3836 3842
4 3803 3842 3843 3806
4 3841 3844 3843 3842
4 1562 1561 3843 3844
4 1560 3806 3843 1561
4 1576 1575 3845 3808
4 1574 3846 3845 1575
4 3847 3848 3845 3846
4 3809 3808 3845 3848
4 3809 3848 3849 3812
4 3847 3850 3849 3848
4 3851 3852 3849 3850
4 3853 3854 3849 3852
4 3813 3812 3849 3854
4 3827 3855 3856 3828
4 3857 3858 3856 3855
4 3859 3860 3856 3858
4 1582 1581 3856 3860
4 1580 3828 3856 1581
4 1554 1589 3861 3830
4 1588 3862 3861 1589
4 3863 3864 3861 3862
4 3831 3830 3861 3864
4 3831 3864 3865 3866
4 3863 3867 3865 3864
4 3868 3869 3865 3867
4 3870 3871 3865 3869
4 3872 3873 3865 3871
4 3874 3866 3865 3873
4 3839 3875 3876 3840
4 3877 3878 3876 3875
4 3879 3880 3876 3878
4 3881 3882 3876 3880
4 3841 3840 3876 3882
4 3841 3882 3883 3844
4 3881 3884 3883 3882
4 1592 1590 3883 3884
4 1562 3844 3883 1590
4 1574 1613 3885 3846
4 1612 3886 3885 1613
4 3887 3888 3885 3886
4 3847 3846 3885 3888
4 3847 3888 3889 3850
4 3887 3890 3889 3888
4 3891 3892 3889 3890
4 3893 3894 3889 3892
4 3851 3850 3889 3894
4 3895 3896 3897 3898
4 3899 3900 3897 3896
4 3901 3902 3897 3900
4 3903 3904 3897 3902
4 3859 3905 3897 3904
4 3906 3898 3897 3905
4 3859 3904 3907 3860
4 3903 3908 3907 3904
4 1616 1614 3907 3908
4 1582 3860 3907 1614
4 1588 1587 3909 3862
4 1586 3910 3909 1587
4 3911 3912 3909 3910
4 3863 3862 3909 3912
4 3863 3912 3913 3867
4 3911 3914 3913 3912
4 3915 3916 3913 3914
4 3917 3918 3913 3916
4 3868 3867 3913 3918
4 3879 3919 3920 3880
4 3921 3922 3920 3919
4 3923 3924 3920 3922
4 3925 3926 3920 3924
4 3927 3928 3920 3926
4 3881 3880 3920 3928
4 3881 3928 3929 3884
4 3927 3930 3929 3928
4 1594 1593 3929 3930
4 1592 3884 3929 1593
4 1612 1611 3931 3886
4 1610 3932 3931 1611
4 3933 3934 3931 3932
4 3887 3886 3931 3934
4 3887 3934 3935 3890
4 3933 3936 3935 3934
4 3937 3938 3935 3936
4 3939 3940 3935 3938
4 3941 3942 3935 3940
4 3891 3890 3935 3942
4 3901 3943 3944 3902
4 3945 3946 3944 3943
4 3947 3948 3944 3946
4 3949 3950 3944 3948
4 3903 3902 3944 3950
4 3903 3950 3951 3908
4 3949 3952 3951 3950
4 1618 1617 3951 3952
4 1616 3908 3951 1617
4 1586 1625 3953 3910
4 1624 3954 3953 1625
4 3955 3956 3953 3954
4 3911 3910 3953 3956
4 3911 3956 3957 3914
4 3955 3958 3957 3956
4 3959 3960 3957 3958
4 3961 3962 3957 3960
4 3915 3914 3957 3962
4 3927 3963 3964 3930
4 3965 3966 3964 3963
4 3967 3968 3964 3966
4 3969 3970 3964 3968
4 3971 3972 3964 3970
4 1594 3930 3964 3972
4 1594 3972 3973 1595
4 3971 3974 3973 3972
4 3975 3976 3973 3974
4 1596 1595 3973 3976
4 1596 3976 3977 1597
4 3975 3978 3977 3976
4 1628 1626 3977 3978
4 1598 1597 3977 1626
4 1604 1657 3979 1607
4 1656 3980 3979 1657
4 3981 3982 3979 3980
4 1608 1607 3979 3982
4 1608 3982 3983 1609
4 3981 3984 3983 3982
4 3985 3986 3983 3984
4 1610 1609 3983 3986
4 1610 3986 3987 3932
4 3985 3988 3987 3986
4 3989 3990 3987 3988
4 3991 3992 3987 3990
4 3993 3994 3987 3992
4 3933 3932 3987 3994
4 3947 3995 3996 3948
4 3997 3998 3996 3995
4 3999 4000 3996 3998
4 4001 4002 3996 4000
4 3949 3948 3996 4002
4 3949 4002 4003 3952
4 4001 4004 4003 4002
4 1660 1658 4003 4004
4 1618 3952 4003 1658
4 1624 1623 4005 3954
4 1622 1669 4005 1623
4 1677 4006 4005 1669
4 3955 3954 4005 4006
4 3955 4006 4007 3958
4 1677 1676 4007 4006
4 1675 4008 4007 1676
4 3959 3958 4007 4008
4 3959 4008 4009 4010
4 1675 4011 4009 4008
4 4012 4013 4009 4011
4 4014 4015 4009 4013
4 4016 4017 4009 4015
4 4018 4010 4009 4017
4 3971 4019 4020 3974
4 4021 4022 4020 4019
4 4023 4024 4020 4022
4 4025 4026 4020 4024
4 3975 3974 4020 4026
4 3975 4026 4027 3978
4 4025 4028 4027 4026
4 1630 1629 4027 4028
4 1628 3978 4027 1629
4 1656 1655 4029 3980
4 1654 4030 4029 1655
4 4031 4032 4029 4030
4 3981 3980 4029 4032
4 3981 4032 4033 3984
4 4031 4034 4033 4032
4 4035 4036 4033 4034
4 4037 4038 4033 4036
4 3985 3984 4033 4038
4 4039 4040 4041 4042
4 4043 4044 4041 4040
4 4045 4046 4041 4044
4 1702 4047 4041 4046
4 3999 4048 4041 4047
4 4049 4042 4041 4048
4 3999 4047 4050 4000
4 1702 1705 4050 4047
4 1713 4051 4050 1705
4 4001 4000 4050 4051
4 4001 4051 4052 4004
4 1713 1712 4052 4051
4 1662 1661 4052 1712
4 1660 4004 4052 1661
4 1675 1674 4053 4011
4 1673 4054 4053 1674
4 4055 4056 4053 4054
4 4057 4058 4053 4056
4 4012 4011 4053 4058
4 4023 4059 4060 4024
4 4061 4062 4060 4059
4 4063 4064 4060 4062
4 4065 4066 4060 4064
4 4067 4068 4060 4066
4 4025 4024 4060 4068
4 4025 4068 4069 4028
4 4067 4070 4069 4068
4 4071 4072 4069 4070
4 1630 4028 4069 4072
4 1630 4072 4073 1631
4 4071 4074 4073 4072
4 4075 4076 4073 4074
4 1632 1631 4073 4076
4 1632 4076 4077 1633
4 4075 4078 4077 4076
4 1680 1678 4077 4078
4 1634 1633 4077 1678
4 1648 1701 4079 1651
4 1700 4080 4079 1701
4 4081 4082 4079 4080
4 1652 1651 4079 4082
4 1652 4082 4083 1653
4 4081 4084 4083 4082
4 4085 4086 4083 4084
4 1654 1653 4083 4086
4 1654 4086 4087 4030
4 4085 4088 4087 4086
4 4089 4090 4087 4088
4 4031 4030 4087 4090
4 4031 4090 4091 4034
4 4089 4092 4091 4090
4 4093 4094 4091 4092
4 4095 4096 4091 4094
4 4097 4098 4091 4096
4 4035 4034 4091 4098
4 4045 4099 4100 4046
4 4101 4102 4100 4099
4 4103 4104 4100 4102
4 1706 1703 4100 4104
4 1702 4046 4100 1703
4 1673 1672 4105 4054
4 1671 4106 4105 1672
4 4107 4108 4105 4106
4 4055 4054 4105 4108
4 4055 4108 4109 4110
4 4107 4111 4109 4108
4 4112 4113 4109 4111
4 4114 4115 4109 4113
4 4116 4117 4109 4115
4 4118 4110 4109 4117
4 4067 4119 4120 4070
4 4121 4122 4120 4119
4 4123 4124 4120 4122
4 4125 4126 4120 4124
4 4127 4128 4120 4126
4 4071 4070 4120 4128
4 4071 4128 4129 4074
4 4127 4130 4129 4128
4 4131 4132 4129 4130
4 4075 4074 4129 4132
4 4075 4132 4133 4078
4 4131 4134 4133 4132
4 1682 1681 4133 4134
4 1680 4078 4133 1681
4 1700 1699 4135 4080
4 1698 4136 4135 1699
4 4137 4138 4135 4136
4 4081 4080 4135 4138
4 4081 4138 4139 4084
4 4137 4140 4139 4138
4 4141 4142 4139 4140
4 4085 4084 4139 4142
4 4085 4142 4143 4088
4 4141 4144 4143 4142
4 4145 4146 4143 4144
4 4147 4148 4143 4146
4 4149 4150 4143 4148
4 4089 4088 4143 4150
4 4151 4152 4153 4154
4 4155 4156 4153 4152
4 4157 4158 4153 4156
4 4159 4160 4153 4158
4 4103 4161 4153 4160
4 4162 4154 4153 4161
4 4103 4160 4163 4104
4 4159 4164 4163 4160
4 1708 1707 4163 4164
4 1706 4104 4163 1707
4 1671 1725 4165 4106
4 1724 4166 4165 1725
4 4167 4168 4165 4166
4 4107 4106 4165 4168
4 4107 4168 4169 4111
4 4167 4170 4169 4168
4 4171 4172 4169 4170
4 4112 4111 4169 4172
4 4112 4172 4173 4174
4 4171 4175 4173 4172
4 4176 4177 4173 4175
4 4178 4179 4173 4177
4 4180 4181 4173 4179
4 4182 4174 4173 4181
4 4127 4183 4184 4130
4 4185 4186 4184 4183
4 4187 4188 4184 4186
4 4189 4190 4184 4188
4 4191 4192 4184 4190
4 4131 4130 4184 4192
4 4131 4192 4193 4134
4 4191 4194 4193 4192
4 4195 4196 4193 4194
4 4197 4198 4193 4196
4 1682 4134 4193 4198
4 1682 4198 4199 1683
4 4197 4200 4199 4198
4 4201 4202 4199 4200
4 1684 1683 4199 4202
4 1684 4202 4203 1685
4 4201 4204 4203 4202
4 1728 1726 4203 4204
4 1686 1685 4203 1726
4 1692 1767 4205 1695
4 1766 4206 4205 1767
4 4207 4208 4205 4206
4 1696 1695 4205 4208
4 1696 4208 4209 1697
4 4207 4210 4209 4208
4 4211 4212 4209 4210
4 1698 1697 4209 4212
4 1698 4212 4213 4136
4 4211 4214 4213 4212
4 4215 4216 4213 4214
4 4217 4218 4213 4216
4 4137 4136 4213 4218
4 4137 4218 4219 4140
4 4217 4220 4219 4218
4 4221 4222 4219 4220
4 4223 4224 4219 4222
4 4225 4226 4219 4224
4 4141 4140 4219 4226
4 4227 4228 4229 4230
4 4231 4232 4229 4228
4 4233 4234 4229 4232
4 4235 4236 4229 4234
4 4157 4237 4229 4236
4 4238 4230 4229 4237
4 4157 4236 4239 4158
4 4235 4240 4239 4236
4 4241 4242 4239 4240
4 4159 4158 4239 4242
4 4159 4242 4243 4164
4 4241 4244 4243 4242
4 1770 1768 4243 4244
4 1708 4164 4243 1768
4 1724 1723 4245 4166
4 1722 1783 4245 1723
4 1791 4246 4245 1783
4 4167 4166 4245 4246
4 4167 4246 4247 4170
4 1791 1790 4247 4246
4 1789 4248 4247 1790
4 4171 4170 4247 4248
4 4171 4248 4249 4175
4 1789 4250 4249 4248
4 4251 4252 4249 4250
4 4176 4175 4249 4252
4 4176 4252 4253 4254
4 4251 4255 4253 4252
4 4256 4257 4253 4255
4 4258 4259 4253 4257
4 4260 4261 4253 4259
4 4262 4254 4253 4261
4 4197 4263 4264 4200
4 4265 4266 4264 4263
4 4267 4268 4264 4266
4 4269 4270 4264 4268
4 4271 4272 4264 4270
4 4201 4200 4264 4272
4 4201 4272 4273 4204
4 4271 4274 4273 4272
4 1730 1729 4273 4274
4 1728 4204 4273 1729
4 1766 1765 4275 4206
4 1764 4276 4275 1765
4 4277 4278 4275 4276
4 4207 4206 4275 4278
4 4207 4278 4279 4210
4 4277 4280 4279 4278
4 4281 4282 4279 4280
4 4283 4284 4279 4282
4 4285 4286 4279 4284
4 4211 4210 4279 4286
4 4287 4288 4289 4290
4 4291 4292 4289 4288
4 4293 4294 4289 4292
4 4295 4296 4289 4294
4 4233 4297 4289 4296
4 4298 4290 4289 4297
4 4233 4296 4299 4234
4 4295 4300 4299 4296
4 1792 4301 4299 4300
4 4235 4234 4299 4301
4 4235 4301 4302 4240
4 1792 1795 4302 4301
4 1802 4303 4302 1795
4 4241 4240 4302 4303
4 4241 4303 4304 4244
4 1802 1801 4304 4303
4 1772 1771 4304 1801
4 1770 4244 4304 1771
4 1789 1788 4305 4250
4 1787 4306 4305 1788
4 4307 4308 4305 4306
4 4251 4250 4305 4308
4 4251 4308 4309 4255
4 4307 4310 4309 4308
4 4311 4312 4309 4310
4 4256 4255 4309 4312
4 4256 4312 4313 4314
4 4311 4315 4313 4312
4 4316 4317 4313 4315
4 4318 4319 4313 4317
4 4320 4321 4313 4319
4 4322 4314 4313 4321
4 4271 4323 4324 4274
4 4325 4326 4324 4323
4 4327 4328 4324 4326
4 4329 4330 4324 4328
4 4331 4332 4324 4330
4 1730 4274 4324 4332
4 1730 4332 4333 1731
4 4331 4334 4333 4332
4 4335 4336 4333 4334
4 4337 4338 4333 4336
4 1732 1731 4333 4338
4 1732 4338 4339 1733
4 4337 4340 4339 4338
4 4341 4342 4339 4340
4 4343 4344 4339 4342
4 1734 1733 4339 4344
4 1734 4344 4345 1737
4 4343 4346 4345 4344
4 4347 4348 4345 4346
4 1738 1737 4345 4348
4 1738 4348 4349 1739
4 4347 4350 4349 4348
4 4351 4352 4349 4350
4 1740 1739 4349 4352
4 1740 4352 4353 1743
4 4351 4354 4353 4352
4 4355 4356 4353 4354
4 1744 1743 4353 4356
4 1744 4356 4357 1745
4 4355 4358 4357 4356
4 4359 4360 4357 4358
4 1746 1745 4357 4360
4 1746 4360 4361 1749
4 4359 4362 4361 4360
4 4363 4364 4361 4362
4 1750 1749 4361 4364
4 1750 4364 4365 1751
4 4363 4366 4365 4364
4 4367 4368 4365 4366
4 1752 1751 4365 4368
4 1752 4368 4369 1755
4 4367 4370 4369 4368
4 4371 4372 4369 4370
4 1756 1755 4369 4372
4 1756 4372 4373 1757
4 4371 4374 4373 4372
4 4375 4376 4373 4374
4 1758 1757 4373 4376
4 1758 4376 4377 1761
4 4375 4378 4377 4376
4 4379 4380 4377 4378
4 4381 4382 4377 4380
4 1762 1761 4377 4382
4 1762 4382 4383 1763
4 4381 4384 4383 4382
4 4385 4386 4383 4384
4 4387 4388 4383 4386
4 1764 1763 4383 4388
4 1764 4388 4389 4276
4 4387 4390 4389 4388
4 4391 4392 4389 4390
4 4393 4394 4389 4392
4 4395 4396 4389 4394
4 4277 4276 4389 4396
4 4397 4398 4399 4400
4 4401 4402 4399 4398
4 4403 4404 4399 4402
4 4405 4406 4399 4404
4 4293 4407 4399 4406
4 4408 4400 4399 4407
4 4293 4406 4409 4294
4 4405 4410 4409 4406
4 4411 4412 4409 4410
4 4295 4294 4409 4412
4 4295 4412 4413 4300
4 4411 4414 4413 4412
4 1796 1793 4413 4414
4 1792 4300 4413 1793
4 1787 1786 4415 4306
4 1785 1811 4415 1786
4 1819 4416 4415 1811
4 4307 4306 4415 4416
4 4307 4416 4417 4310
4 1819 1818 4417 4416
4 1817 4418 4417 1818
4 4311 4310 4417 4418
4 4311 4418 4419 4315
4 1817 4420 4419 4418
4 4421 4422 4419 4420
4 4316 4315 4419 4422
4 4316 4422 4423 4424
4 4421 4425 4423 4422
4 4426 4427 4423 4425
4 4428 4429 4423 4427
4 4430 4431 4423 4429
4 4432 4424 4423 4431
4 4343 4433 4434 4346
4 4435 4436 4434 4433
4 4437 4438 4434 4436
4 4439 4440 4434 4438
4 4441 4442 4434 4440
4 4347 4346 4434 4442
4 4347 4442 4443 4350
4 4441 4444 4443 4442
4 4445 4446 4443 4444
4 4447 4448 4443 4446
4 4351 4350 4443 4448
4 4351 4448 4449 4354
4 4447 4450 4449 4448
4 4451 4452 4449 4450
4 4453 4454 4449 4452
4 4355 4354 4449 4454
4 4355 4454 4455 4358
4 4453 4456 4455 4454
4 4457 4458 4455 4456
4 4459 4460 4455 4458
4 4359 4358 4455 4460
4 4359 4460 4461 4362
4 4459 4462 4461 4460
4 4463 4464 4461 4462
4 4465 4466 4461 4464
4 4363 4362 4461 4466
4 4363 4466 4467 4366
4 4465 4468 4467 4466
4 4469 4470 4467 4468
4 4471 4472 4467 4470
4 4367 4366 4467 4472
4 4367 4472 4473 4370
4 4471 4474 4473 4472
4 4475 4476 4473 4474
4 4477 4478 4473 4476
4 4371 4370 4473 4478
4 4371 4478 4479 4374
4 4477 4480 4479 4478
4 4481 4482 4479 4480
4 4483 4484 4479 4482
4 4485 4486 4479 4484
4 4375 4374 4479 4486
4 4487 4488 4489 4490
4 4491 4492 4489 4488
4 4493 4494 4489 4492
4 4495 4496 4489 4494
4 4403 4497 4489 4496
4 4498 4490 4489 4497
4 4403 4496 4499 4404
4 4495 4500 4499 4496
4 1820 4501 4499 4500
4 4405 4404 4499 4501
4 4405 4501 4502 4410
4 1820 1823 4502 4501
4 1831 4503 4502 1823
4 4411 4410 4502 4503
4 4411 4503 4504 4414
4 1831 1830 4504 4503
4 1798 1797 4504 1830
4 1796 4414 4504 1797
4 1817 1816 4505 4420
4 1815 4506 4505 1816
4 4507 4508 4505 4506
4 4421 4420 4505 4508
4 4421 4508 4509 4425
4 4507 4510 4509 4508
4 4511 4512 4509 4510
4 4426 4425 4509 4512
4 4426 4512 4513 4514
4 4511 4515 4513 4512
4 4516 4517 4513 4515
4 4518 4519 4513 4517
4 4520 4514 4513 4519
4 4518 4517 4521 4522
4 4516 4523 4521 4517
4 4524 4525 4521 4523
4 4526 4527 4521 4525
4 4528 4529 4521 4527
4 4530 4522 4521 4529
4 4531 4532 4533 4534
4 4535 4536 4533 4532
4 4537 4538 4533 4536
4 4539 4540 4533 4538
4 4541 4542 4533 4540
4 4543 4534 4533 4542
4 4541 4540 4544 4545
4 4539 4546 4544 4540
4 4547 4548 4544 4546
4 4493 4549 4544 4548
4 4550 4545 4544 4549
4 4493 4548 4551 4494
4 4547 4552 4551 4548
4 4553 4554 4551 4552
4 4495 4494 4551 4554
4 4495 4554 4555 4500
4 4553 4556 4555 4554
4 1824 1821 4555 4556
4 1820 4500 4555 1821
4 1815 1814 4557 4506
4 1813 1839 4557 1814
4 1845 4558 4557 1839
4 4507 4506 4557 4558
4 4507 4558 4559 4510
4 1845 1844 4559 4558
4 1843 4560 4559 1844
4 4511 4510 4559 4560
4 4511 4560 4561 4515
4 1843 1847 4561 4560
4 1855 4562 4561 1847
4 4516 4515 4561 4562
4 4516 4562 4563 4523
4 1855 1854 4563 4562
4 1853 4564 4563 1854
4 4524 4523 4563 4564
4 4524 4564 4565 4566
4 1853 4567 4565 4564
4 4568 4569 4565 4567
4 4570 4571 4565 4569
4 4572 4566 4565 4571
4 4570 4569 4573 4574
4 4568 4575 4573 4569
4 4576 4577 4573 4575
4 4578 4579 4573 4577
4 4580 4581 4573 4579
4 4582 4574 4573 4581
4 4583 4584 4585 4586
4 4587 4588 4585 4584
4 4589 4590 4585 4588
4 4591 4592 4585 4590
4 4593 4594 4585 4592
4 4595 4586 4585 4594
4 4593 4592 4596 4597
4 4591 4598 4596 4592
4 1856 4599 4596 4598
4 4537 4600 4596 4599
4 4601 4597 4596 4600
4 4537 4599 4602 4538
4 1856 1859 4602 4599
4 1868 4603 4602 1859
4 4539 4538 4602 4603
4 4539 4603 4604 4546
4 1868 1867 4604 4603
4 1866 4605 4604 1867
4 4547 4546 4604 4605
4 4547 4605 4606 4552
4 1866 1870 4606 4605
4 1874 4607 4606 1870
4 4553 4552 4606 4607
4 4553 4607 4608 4556
4 1874 1873 4608 4607
4 1826 1825 4608 1873
4 1824 4556 4608 1825
4 1853 1852 4609 4567
4 1851 4610 4609 1852
4 4611 4612 4609 4610
4 4568 4567 4609 4612
4 4568 4612 4613 4575
4 4611 4614 4613 4612
4 4615 4616 4613 4614
4 4576 4575 4613 4616
4 4576 4616 4617 4618
4 4615 4619 4617 4616
4 4620 4621 4617 4619
4 4622 4623 4617 4621
4 4624 4618 4617 4623
4 4622 4621 4625 4626
4 4620 4627 4625 4621
4 4628 4629 4625 4627
4 4630 4631 4625 4629
4 4632 4626 4625 4631
4 4630 4629 4633 4634
4 4628 4635 4633 4629
4 4636 4637 4633 4635
4 4638 4639 4633 4637
4 4640 4634 4633 4639
4 4638 4637 4641 4642
4 4636 4643 4641 4637
4 4644 4645 4641 4643
4 4646 4647 4641 4645
4 4648 4642 4641 4647
4 4646 4645 4649 4650
4 4644 4651 4649 4645
4 4652 4653 4649 4651
4 4654 4655 4649 4653
4 4656 4650 4649 4655
4 4654 4653 4657 4658
4 4652 4659 4657 4653
4 4660 4661 4657 4659
4 4662 4663 4657 4661
4 4664 4658 4657 4663
4 4662 4661 4665 4666
4 4660 4667 4665 4661
4 4668 4669 4665 4667
4 4670 4671 4665 4669
4 4672 4666 4665 4671
4 4670 4669 4673 4674
4 4668 4675 4673 4669
4 4676 4677 4673 4675
4 4678 4679 4673 4677
4 4680 4674 4673 4679
4 4678 4677 4681 4682
4 4676 4683 4681 4677
4 4684 4685 4681 4683
4 4686 4687 4681 4685
4 4688 4682 4681 4687
4 4686 4685 4689 4690
4 4684 4691 4689 4685
4 4692 4693 4689 4691
4 4694 4695 4689 4693
4 4696 4690 4689 4695
4 4694 4693 4697 4698
4 4692 4699 4697 4693
4 4700 4701 4697 4699
4 4702 4703 4697 4701
4 4704 4698 4697 4703
4 4702 4701 4705 4706
4 4700 4707 4705 4701
4 4708 4709 4705 4707
4 4589 4710 4705 4709
4 4711 4706 4705 4710
4 4589 4709 4712 4590
4 4708 4713 4712 4709
4 4714 4715 4712 4713
4 4591 4590 4712 4715
4 4591 4715 4716 4598
4 4714 4717 4716 4715
4 1860 1857 4716 4717
4 1856 4598 4716 1857
4 1851 1850 4718 4610
4 1849 1887 4718 1850
4 1893 4719 4718 1887
4 4611 4610 4718 4719
4 4611 4719 4720 4614
4 1893 1892 4720 4719
4 1891 4721 4720 1892
4 4615 4614 4720 4721
4 4615 4721 4722 4619
4 1891 1895 4722 4721
4 1901 4723 4722 1895
4 4620 4619 4722 4723
4 4620 4723 4724 4627
4 1901 1900 4724 4723
4 1899 4725 4724 1900
4 4628 4627 4724 4725
4 4628 4725 4726 4635
4 1899 1903 4726 4725
4 1909 4727 4726 1903
4 4636 4635 4726 4727
4 4636 4727 4728 4643
4 1909 1908 4728 4727
4 1907 4729 4728 1908
4 4644 4643 4728 4729
4 4644 4729 4730 4651
4 1907 1911 4730 4729
4 1917 4731 4730 1911
4 4652 4651 4730 4731
4 4652 4731 4732 4659
4 1917 1916 4732 4731
4 1915 4733 4732 1916
4 4660 4659 4732 4733
4 4660 4733 4734 4667
4 1915 1919 4734 4733
4 1925 4735 4734 1919
4 4668 4667 4734 4735
4 4668 4735 4736 4675
4 1925 1924 4736 4735
4 1923 4737 4736 1924
4 4676 4675 4736 4737
4 4676 4737 4738 4683
4 1923 1927 4738 4737
4 1933 4739 4738 1927
4 4684 4683 4738 4739
4 4684 4739 4740 4691
4 1933 1932 4740 4739
4 1931 4741 4740 1932
4 4692 4691 4740 4741
4 4692 4741 4742 4699
4 1931 1935 4742 4741
4 1941 4743 4742 1935
4 4700 4699 4742 4743
4 4700 4743 4744 4707
4 1941 1940 4744 4743
4 1939 4745 4744 1940
4 4708 4707 4744 4745
4 4708 4745 4746 4713
4 1939 1943 4746 4745
4 1948 4747 4746 1943
4 4714 4713 4746 4747
4 4714 4747 4748 4717
4 1948 1947 4748 4747
4 1862 1861 4748 1947
4 1860 4717 4748 1861
4 2069 2178 4749 2072
4 2177 4750 4749 2178
4 4751 4752 4749 4750
4 2073 2072 4749 4752
4 2073 4752 4753 2074
4 4751 4754 4753 4752
4 4755 4756 4753 4754
4 2075 2074 4753 4756
4 2075 4756 4757 2078
4 4755 4758 4757 4756
4 4759 4760 4757 4758
4 2079 2078 4757 4760
4 2079 4760 4761 2080
4 4759 4762 4761 4760
4 4763 4764 4761 4762
4 2081 2080 4761 4764
4 2081 4764 4765 2084
4 4763 4766 4765 4764
4 4767 4768 4765 4766
4 2085 2084 4765 4768
4 2085 4768 4769 2086
4 4767 4770 4769 4768
4 4771 4772 4769 4770
4 2087 2086 4769 4772
4 2087 4772 4773 2090
4 4771 4774 4773 4772
4 4775 4776 4773 4774
4 2091 2090 4773 4776
4 2091 4776 4777 2092
4 4775 4778 4777 4776
4 4779 4780 4777 4778
4 2093 2092 4777 4780
4 2093 4780 4781 2096
4 4779 4782 4781 4780
4 4783 4784 4781 4782
4 2097 2096 4781 4784
4 2097 4784 4785 2098
4 4783 4786 4785 4784
4 4787 4788 4785 4786
4 2099 2098 4785 4788
4 2099 4788 4789 2102
4 4787 4790 4789 4788
4 4791 4792 4789 4790
4 2103 2102 4789 4792
4 2103 4792 4793 2104
4 4791 4794 4793 4792
4 4795 4796 4793 4794
4 2105 2104 4793 4796
4 2105 4796 4797 2108
4 4795 4798 4797 4796
4 4799 4800 4797 4798
4 2109 2108 4797 4800
4 2109 4800 4801 2110
4 4799 4802 4801 4800
4 4803 4804 4801 4802
4 2111 2110 4801 4804
4 2111 4804 4805 2114
4 4803 4806 4805 4804
4 4807 4808 4805 4806
4 2115 2114 4805 4808
4 2115 4808 4809 2116
4 4807 4810 4809 4808
4 4811 4812 4809 4810
4 2117 2116 4809 4812
4 2117 4812 4813 2120
4 4811 4814 4813 4812
4 4815 4816 4813 4814
4 2121 2120 4813 4816
4 2121 4816 4817 2122
4 4815 4818 4817 4816
4 4819 4820 4817 4818
4 2123 2122 4817 4820
4 2123 4820 4821 2126
4 4819 4822 4821 4820
4 4823 4824 4821 4822
4 2127 2126 4821 4824
4 2127 4824 4825 2128
4 4823 4826 4825 4824
4 4827 4828 4825 4826
4 2129 2128 4825 4828
4 2129 4828 4829 2132
4 4827 4830 4829 4828
4 4831 4832 4829 4830
4 2133 2132 4829 4832
4 2133 4832 4833 2134
4 4831 4834 4833 4832
4 4835 4836 4833 4834
4 2135 2134 4833 4836
4 2135 4836 4837 2138
4 4835 4838 4837 4836
4 4839 4840 4837 4838
4 2139 2138 4837 4840
4 2139 4840 4841 2140
4 4839 4842 4841 4840
4 2181 2179 4841 4842
4 2141 2140 4841 2179
4 2177 2176 4843 4750
4 2175 4844 4843 2176
4 4845 4846 4843 4844
4 4751 4750 4843 4846
4 4751 4846 4847 4754
4 4845 4848 4847 4846
4 4849 4850 4847 4848
4 4755 4754 4847 4850
4 4755 4850 4851 4758
4 4849 4852 4851 4850
4 4853 4854 4851 4852
4 4759 4758 4851 4854
4 4759 4854 4855 4762
4 4853 4856 4855 4854
4 4857 4858 4855 4856
4 4763 4762 4855 4858
4 4763 4858 4859 4766
4 4857 4860 4859 4858
4 4861 4862 4859 4860
4 4767 4766 4859 4862
4 4863 4864 4865 4866
4 4867 4868 4865 4864
4 4869 4866 4865 4868
4 4767 4862 4870 4770
4 4861 4871 4870 4862
4 4863 4866 4870 4871
4 4869 4872 4870 4866
4 4771 4770 4870 4872
4 4869 4868 4873 4874
4 4867 4875 4873 4868
4 4876 4877 4873 4875
4 4878 4874 4873 4877
4 4771 4872 4879 4774
4 4869 4874 4879 4872
4 4878 4880 4879 4874
4 4775 4774 4879 4880
4 4878 4877 4881 4882
4 4876 4883 4881 4877
4 4884 4885 4881 4883
4 4886 4882 4881 4885
4 4775 4880 4887 4778
4 4878 4882 4887 4880
4 4886 4888 4887 4882
4 4779 4778 4887 4888
4 4886 4885 4889 4890
4 4884 4891 4889 4885
4 4892 4893 4889 4891
4 4894 4890 4889 4893
4 4779 4888 4895 4782
4 4886 4890 4895 4888
4 4894 4896 4895 4890
4 4783 4782 4895 4896
4 4894 4893 4897 4898
4 4892 4899 4897 4893
4 4900 4901 4897 4899
4 4902 4898 4897 4901
4 4783 4896 4903 4786
4 4894 4898 4903 4896
4 4902 4904 4903 4898
4 4787 4786 4903 4904
4 4902 4901 4905 4906
4 4900 4907 4905 4901
4 4908 4909 4905 4907
4 4910 4906 4905 4909
4 4787 4904 4911 4790
4 4902 4906 4911 4904
4 4910 4912 4911 4906
4 4791 4790 4911 4912
4 4910 4909 4913 4914
4 4908 4915 4913 4909
4 4916 4917 4913 4915
4 4918 4914 4913 4917
4 4791 4912 4919 4794
4 4910 4914 4919 4912
4 4918 4920 4919 4914
4 4795 4794 4919 4920
4 4918 4917 4921 4922
4 4916 4923 4921 4917
4 4924 4925 4921 4923
4 4926 4922 4921 4925
4 4795 4920 4927 4798
4 4918 4922 4927 4920
4 4926 4928 4927 4922
4 4799 4798 4927 4928
4 4926 4925 4929 4930
4 4924 4931 4929 4925
4 4932 4933 4929 4931
4 4934 4930 4929 4933
4 4799 4928 4935 4802
4 4926 4930 4935 4928
4 4934 4936 4935 4930
4 4803 4802 4935 4936
4 4934 4933 4937 4938
4 4932 4939 4937 4933
4 4940 4941 4937 4939
4 4942 4938 4937 4941
4 4803 4936 4943 4806
4 4934 4938 4943 4936
4 4942 4944 4943 4938
4 4807 4806 4943 4944
4 4942 4941 4945 4946
4 4940 4947 4945 4941
4 4948 4949 4945 4947
4 4950 4946 4945 4949
4 4807 4944 4951 4810
4 4942 4946 4951 4944
4 4950 4952 4951 4946
4 4811 4810 4951 4952
4 4950 4949 4953 4954
4 4948 4955 4953 4949
4 4956 4957 4953 4955
4 4958 4954 4953 4957
4 4811 4952 4959 4814
4 4950 4954 4959 4952
4 4958 4960 4959 4954
4 4815 4814 4959 4960
4 4958 4957 4961 4962
4 4956 4963 4961 4957
4 4964 4965 4961 4963
4 4966 4962 4961 4965
4 4815 4960 4967 4818
4 4958 4962 4967 4960
4 4966 4968 4967 4962
4 4819 4818 4967 4968
4 4966 4965 4969 4970
4 4964 4971 4969 4965
4 4972 4970 4969 4971
4 4819 4968 4973 4822
4 4966 4970 4973 4968
4 4972 4974 4973 4970
4 4975 4976 4973 4974
4 4823 4822 4973 4976
4 4823 4976 4977 4826
4 4975 4978 4977 4976
4 4979 4980 4977 4978
4 4827 4826 4977 4980
4 4827 4980 4981 4830
4 4979 4982 4981 4980
4 4983 4984 4981 4982
4 4831 4830 4981 4984
4 4831 4984 4985 4834
4 4983 4986 4985 4984
4 4987 4988 4985 4986
4 4835 4834 4985 4988
4 4835 4988 4989 4838
4 4987 4990 4989 4988
4 4991 4992 4989 4990
4 4839 4838 4989 4992
4 4839 4992 4993 4842
4 4991 4994 4993 4992
4 2183 2182 4993 4994
4 2181 4842 4993 2182
4 2163 2230 4995 2166
4 2229 4996 4995 2230
4 4997 4998 4995 4996
4 2167 2166 4995 4998
4 2167 4998 4999 2168
4 4997 5000 4999 4998
4 5001 5002 4999 5000
4 2169 2168 4999 5002
4 2169 5002 5003 2172
4 5001 5004 5003 5002
4 5005 5006 5003 5004
4 2173 2172 5003 5006
4 2173 5006 5007 2174
4 5005 5008 5007 5006
4 5009 5010 5007 5008
4 2175 2174 5007 5010
4 2175 5010 5011 4844
4 5009 5012 5011 5010
4 5013 5014 5011 5012
4 4845 4844 5011 5014
4 5015 5016 5017 5018
4 5019 5020 5017 5016
4 5021 5018 5017 5020
4 4845 5014 5022 4848
4 5013 5023 5022 5014
4 5015 5018 5022 5023
4 5021 5024 5022 5018
4 4849 4848 5022 5024
4 5021 5020 5025 5026
4 5019 5027 5025 5020
4 5028 5029 5025 5027
4 5030 5026 5025 5029
4 4849 5024 5031 4852
4 5021 5026 5031 5024
4 5030 5032 5031 5026
4 4853 4852 5031 5032
4 5030 5029 5033 5034
4 5028 5035 5033 5029
4 5036 5037 5033 5035
4 5038 5034 5033 5037
4 4853 5032 5039 4856
4 5030 5034 5039 5032
4 5038 5040 5039 5034
4 4857 4856 5039 5040
4 5038 5037 5041 5042
4 5036 5043 5041 5037
4 5044 5045 5041 5043
4 5046 5042 5041 5045
4 4857 5040 5047 4860
4 5038 5042 5047 5040
4 5046 5048 5047 5042
4 4861 4860 5047 5048
4 5046 5045 5049 5050
4 5044 5051 5049 5045
4 5052 5053 5049 5051
4 4867 4864 5049 5053
4 4863 5050 5049 4864
4 4861 5048 5054 4871
4 5046 5050 5054 5048
4 4863 4871 5054 5050
4 4867 5053 5055 4875
4 5052 5056 5055 5053
4 5057 5058 5055 5056
4 4876 4875 5055 5058
4 4876 5058 5059 4883
4 5057 5060 5059 5058
4 5061 5062 5059 5060
4 4884 4883 5059 5062
4 4884 5062 5063 4891
4 5061 5064 5063 5062
4 5065 5066 5063 5064
4 4892 4891 5063 5066
4 4892 5066 5067 4899
4 5065 5068 5067 5066
4 5069 5070 5067 5068
4 4900 4899 5067 5070
4 4900 5070 5071 4907
4 5069 5072 5071 5070
4 5073 5074 5071 5072
4 4908 4907 5071 5074
4 4908 5074 5075 4915
4 5073 5076 5075 5074
4 5077 5078 5075 5076
4 4916 4915 5075 5078
4 4916 5078 5079 4923
4 5077 5080 5079 5078
4 5081 5082 5079 5080
4 4924 4923 5079 5082
4 4924 5082 5083 4931
4 5081 5084 5083 5082
4 5085 5086 5083 5084
4 4932 4931 5083 5086
4 4932 5086 5087 4939
4 5085 5088 5087 5086
4 5089 5090 5087 5088
4 4940 4939 5087 5090
4 4940 5090 5091 4947
4 5089 5092 5091 5090
4 5093 5094 5091 5092
4 4948 4947 5091 5094
4 4948 5094 5095 4955
4 5093 5096 5095 5094
4 5097 5098 5095 5096
4 4956 4955 5095 5098
4 4956 5098 5099 4963
4 5097 5100 5099 5098
4 5101 5102 5099 5100
4 4964 4963 5099 5102
4 4964 5102 5103 4971
4 5101 5104 5103 5102
4 5105 5106 5103 5104
4 5107 5108 5103 5106
4 4972 4971 5103 5108
4 5107 5109 5110 5108
4 4975 4974 5110 5109
4 4972 5108 5110 4974
4 5107 5106 5111 5112
4 5105 5113 5111 5106
4 5114 5115 5111 5113
4 5116 5112 5111 5115
4 4975 5109 5117 4978
4 5107 5112 5117 5109
4 5116 5118 5117 5112
4 4979 4978 5117 5118
4 5116 5115 5119 5120
4 5114 5121 5119 5115
4 5122 5123 5119 5121
4 5124 5120 5119 5123
4 4979 5118 5125 4982
4 5116 5120 5125 5118
4 5124 5126 5125 5120
4 4983 4982 5125 5126
4 5124 5123 5127 5128
4 5122 5129 5127 5123
4 5130 5131 5127 5129
4 5132 5128 5127 5131
4 4983 5126 5133 4986
4 5124 5128 5133 5126
4 5132 5134 5133 5128
4 4987 4986 5133 5134
4 5132 5131 5135 5136
4 5130 5137 5135 5131
4 5138 5136 5135 5137
4 4987 5134 5139 4990
4 5132 5136 5139 5134
4 5138 5140 5139 5136
4 5141 5142 5139 5140
4 4991 4990 5139 5142
4 4991 5142 5143 4994
4 5141 5144 5143 5142
4 5145 5146 5143 5144
4 2183 4994 5143 5146
4 2183 5146 5147 2184
4 5145 5148 5147 5146
4 5149 5150 5147 5148
4 2185 2184 5147 5150
4 2185 5150 5151 2186
4 5149 5152 5151 5150
4 5153 5154 5151 5152
4 2187 2186 5151 5154
4 2187 5154 5155 2190
4 5153 5156 5155 5154
4 5157 5158 5155 5156
4 2191 2190 5155 5158
4 2191 5158 5159 2192
4 5157 5160 5159 5158
4 2233 2231 5159 5160
4 2193 2192 5159 2231
4 2229 2228 5161 4996
4 2227 5162 5161 2228
4 5163 5164 5161 5162
4 4997 4996 5161 5164
4 4997 5164 5165 5000
4 5163 5166 5165 5164
4 5167 5168 5165 5166
4 5001 5000 5165 5168
4 5001 5168 5169 5004
4 5167 5170 5169 5168
4 5171 5172 5169 5170
4 5005 5004 5169 5172
4 5173 5174 5175 5176
4 5177 5178 5175 5174
4 5179 5176 5175 5178
4 5005 5172 5180 5008
4 5171 5181 5180 5172
4 5173 5176 5180 5181
4 5179 5182 5180 5176
4 5009 5008 5180 5182
4 5179 5178 5183 5184
4 5177 5185 5183 5178
4 5186 5187 5183 5185
4 5188 5184 5183 5187
4 5009 5182 5189 5012
4 5179 5184 5189 5182
4 5188 5190 5189 5184
4 5013 5012 5189 5190
4 5188 5187 5191 5192
4 5186 5193 5191 5187
4 5194 5195 5191 5193
4 5019 5016 5191 5195
4 5015 5192 5191 5016
4 5013 5190 5196 5023
4 5188 5192 5196 5190
4 5015 5023 5196 5192
4 5019 5195 5197 5027
4 5194 5198 5197 5195
4 5199 5200 5197 5198
4 5028 5027 5197 5200
4 5028 5200 5201 5035
4 5199 5202 5201 5200
4 2273 5203 5201 5202
4 5036 5035 5201 5203
4 5036 5203 5204 5043
4 2273 2276 5204 5203
4 2285 5205 5204 2276
4 5044 5043 5204 5205
4 5044 5205 5206 5051
4 2285 2284 5206 5205
4 2283 5207 5206 2284
4 5052 5051 5206 5207
4 5052 5207 5208 5056
4 2283 2287 5208 5207
4 2293 5209 5208 2287
4 5057 5056 5208 5209
4 5057 5209 5210 5060
4 2293 2292 5210 5209
4 2291 5211 5210 2292
4 5061 5060 5210 5211
4 5061 5211 5212 5064
4 2291 2295 5212 5211
4 2301 5213 5212 2295
4 5065 5064 5212 5213
4 5065 5213 5214 5068
4 2301 2300 5214 5213
4 2299 5215 5214 2300
4 5069 5068 5214 5215
4 5069 5215 5216 5072
4 2299 2303 5216 5215
4 2309 5217 5216 2303
4 5073 5072 5216 5217
4 5073 5217 5218 5076
4 2309 2308 5218 5217
4 2307 5219 5218 2308
4 5077 5076 5218 5219
4 5077 5219 5220 5080
4 2307 2311 5220 5219
4 2317 5221 5220 2311
4 5081 5080 5220 5221
4 5081 5221 5222 5084
4 2317 2316 5222 5221
4 2315 5223 5222 2316
4 5085 5084 5222 5223
4 5085 5223 5224 5088
4 2315 2319 5224 5223
4 2325 5225 5224 2319
4 5089 5088 5224 5225
4 5089 5225 5226 5092
4 2325 2324 5226 5225
4 2323 5227 5226 2324
4 5093 5092 5226 5227
4 5093 5227 5228 5096
4 2323 2327 5228 5227
4 2333 5229 5228 2327
4 5097 5096 5228 5229
4 5097 5229 5230 5100
4 2333 2332 5230 5229
4 2331 5231 5230 2332
4 5101 5100 5230 5231
4 5101 5231 5232 5104
4 2331 2335 5232 5231
4 2343 5233 5232 2335
4 5105 5104 5232 5233
4 5105 5233 5234 5113
4 2343 2342 5234 5233
4 2341 5235 5234 2342
4 5114 5113 5234 5235
4 5114 5235 5236 5121
4 2341 5237 5236 5235
4 5238 5239 5236 5237
4 5122 5121 5236 5239
4 5122 5239 5240 5129
4 5238 5241 5240 5239
4 5242 5243 5240 5241
4 5130 5129 5240 5243
4 5130 5243 5244 5137
4 5242 5245 5244 5243
4 5246 5247 5244 5245
4 5248 5249 5244 5247
4 5138 5137 5244 5249
4 5248 5250 5251 5249
4 5141 5140 5251 5250
4 5138 5249 5251 5140
4 5248 5247 5252 5253
4 5246 5254 5252 5247
4 5255 5256 5252 5254
4 5257 5253 5252 5256
4 5141 5250 5258 5144
4 5248 5253 5258 5250
4 5257 5259 5258 5253
4 5145 5144 5258 5259
4 5257 5256 5260 5261
4 5255 5262 5260 5256
4 5263 5261 5260 5262
4 5145 5259 5264 5148
4 5257 5261 5264 5259
4 5263 5265 5264 5261
4 5266 5267 5264 5265
4 5149 5148 5264 5267
4 5149 5267 5268 5152
4 5266 5269 5268 5267
4 5270 5271 5268 5269
4 5153 5152 5268 5271
4 5153 5271 5272 5156
4 5270 5273 5272 5271
4 5274 5275 5272 5273
4 5157 5156 5272 5275
4 5157 5275 5276 5160
4 5274 5277 5276 5275
4 2235 2234 5276 5277
4 2233 5160 5276 2234
4 2215 2272 5278 2218
4 2271 5279 5278 2272
4 5280 5281 5278 5279
4 2219 2218 5278 5281
4 2219 5281 5282 2220
4 5280 5283 5282 5281
4 5284 5285 5282 5283
4 2221 2220 5282 5285
4 2221 5285 5286 2224
4 5284 5287 5286 5285
4 5288 5289 5286 5287
4 2225 2224 5286 5289
4 2225 5289 5290 2226
4 5288 5291 5290 5289
4 5292 5293 5290 5291
4 2227 2226 5290 5293
4 2227 5293 5294 5162
4 5292 5295 5294 5293
4 5296 5297 5294 5295
4 5163 5162 5294 5297
4 5298 5299 5300 5301
4 5302 5303 5300 5299
4 5304 5301 5300 5303
4 5163 5297 5305 5166
4 5296 5306 5305 5297
4 5298 5301 5305 5306
4 5304 5307 5305 5301
4 5167 5166 5305 5307
4 5304 5303 5308 5309
4 5302 5310 5308 5303
4 5311 5312 5308 5310
4 5313 5309 5308 5312
4 5167 5307 5314 5170
4 5304 5309 5314 5307
4 5313 5315 5314 5309
4 5171 5170 5314 5315
4 5313 5312 5316 5317
4 5311 5318 5316 5312
4 5319 5320 5316 5318
4 5177 5174 5316 5320
4 5173 5317 5316 5174
4 5171 5315 5321 5181
4 5313 5317 5321 5315
4 5173 5181 5321 5317
4 5177 5320 5322 5185
4 5319 5323 5322 5320
4 5324 5325 5322 5323
4 5186 5185 5322 5325
4 5186 5325 5326 5193
4 5324 5327 5326 5325
4 5328 5329 5326 5327
4 5194 5193 5326 5329
4 5194 5329 5330 5198
4 5328 5331 5330 5329
4 5332 5333 5330 5331
4 5199 5198 5330 5333
4 5199 5333 5334 5202
4 5332 5335 5334 5333
4 2277 2274 5334 5335
4 2273 5202 5334 2274
4 2341 2340 5336 5237
4 2339 5337 5336 2340
4 5338 5339 5336 5337
4 5238 5237 5336 5339
4 5238 5339 5340 5241
4 5338 5341 5340 5339
4 5342 5343 5340 5341
4 5242 5241 5340 5343
4 5242 5343 5344 5245
4 5342 5345 5344 5343
4 5346 5347 5344 5345
4 5246 5245 5344 5347
4 5246 5347 5348 5254
4 5346 5349 5348 5347
4 5350 5351 5348 5349
4 5255 5254 5348 5351
4 5255 5351 5352 5262
4 5350 5353 5352 5351
4 5354 5355 5352 5353
4 5356 5357 5352 5355
4 5263 5262 5352 5357
4 5356 5358 5359 5357
4 5266 5265 5359 5358
4 5263 5357 5359 5265
4 5356 5355 5360 5361
4 5354 5362 5360 5355
4 5363 5364 5360 5362
4 5365 5361 5360 5364
4 5266 5358 5366 5269
4 5356 5361 5366 5358
4 5365 5367 5366 5361
4 5270 5269 5366 5367
4 5365 5364 5368 5369
4 5363 5370 5368 5364
4 5371 5369 5368 5370
4 5270 5367 5372 5273
4 5365 5369 5372 5367
4 5371 5373 5372 5369
4 5374 5375 5372 5373
4 5274 5273 5372 5375
4 5274 5375 5376 5277
4 5374 5377 5376 5375
4 5378 5379 5376 5377
4 2235 5277 5376 5379
4 2235 5379 5380 2236
4 5378 5381 5380 5379
4 5382 5383 5380 5381
4 2237 2236 5380 5383
4 2237 5383 5384 2238
4 5382 5385 5384 5383
4 5386 5387 5384 5385
4 2239 2238 5384 5387
4 2239 5387 5388 2242
4 5386 5389 5388 5387
4 5390 5391 5388 5389
4 2243 2242 5388 5391
4 2243 5391 5392 2244
4 5390 5393 5392 5391
4 2346 2344 5392 5393
4 2245 2244 5392 2344
4 2271 2270 5394 5279
4 2269 5395 5394 2270
4 5396 5397 5394 5395
4 5280 5279 5394 5397
4 5280 5397 5398 5283
4 5396 5399 5398 5397
4 5400 5401 5398 5399
4 5284 5283 5398 5401
4 5284 5401 5402 5287
4 5400 5403 5402 5401
4 5404 5405 5402 5403
4 5288 5287 5402 5405
4 5406 5407 5408 5409
4 5410 5411 5408 5407
4 5412 5409 5408 5411
4 5288 5405 5413 5291
4 5404 5414 5413 5405
4 5406 5409 5413 5414
4 5412 5415 5413 5409
4 5292 5291 5413 5415
4 5412 5411 5416 5417
4 5410 5418 5416 5411
4 5419 5420 5416 5418
4 5421 5417 5416 5420
4 5292 5415 5422 5295
4 5412 5417 5422 5415
4 5421 5423 5422 5417
4 5296 5295 5422 5423
4 5421 5420 5424 5425
4 5419 5426 5424 5420
4 2380 5427 5424 5426
4 5302 5299 5424 5427
4 5298 5425 5424 5299
4 5296 5423 5428 5306
4 5421 5425 5428 5423
4 5298 5306 5428 5425
4 5302 5427 5429 5310
4 2380 2383 5429 5427
4 2391 5430 5429 2383
4 5311 5310 5429 5430
4 5311 5430 5431 5318
4 2391 2390 5431 5430
4 2389 5432 5431 2390
4 5319 5318 5431 5432
4 5319 5432 5433 5323
4 2389 2393 5433 5432
4 2397 5434 5433 2393
4 5324 5323 5433 5434
4 5324 5434 5435 5327
4 2397 2396 5435 5434
4 2395 5436 5435 2396
4 5328 5327 5435 5436
4 5328 5436 5437 5331
4 2395 2399 5437 5436
4 2402 5438 5437 2399
4 5332 5331 5437 5438
4 5332 5438 5439 5335
4 2402 2401 5439 5438
4 2279 2278 5439 2401
4 2277 5335 5439 2278
4 2339 2338 5440 5337
4 2337 2420 5440 2338
4 2424 5441 5440 2420
4 5338 5337 5440 5441
4 5338 5441 5442 5341
4 2424 2423 5442 5441
4 2422 5443 5442 2423
4 5342 5341 5442 5443
4 5342 5443 5444 5345
4 2422 2426 5444 5443
4 2430 5445 5444 2426
4 5346 5345 5444 5445
4 5346 5445 5446 5349
4 2430 2429 5446 5445
4 2428 5447 5446 2429
4 5350 5349 5446 5447
4 5350 5447 5448 5353
4 2428 2432 5448 5447
4 2440 5449 5448 2432
4 5354 5353 5448 5449
4 5354 5449 5450 5362
4 2440 2439 5450 5449
4 2438 5451 5450 2439
4 5363 5362 5450 5451
4 5363 5451 5452 5370
4 2438 5453 5452 5451
4 5454 5455 5452 5453
4 5456 5457 5452 5455
4 5371 5370 5452 5457
4 5456 5458 5459 5457
4 5374 5373 5459 5458
4 5371 5457 5459 5373
4 5456 5455 5460 5461
4 5454 5462 5460 5455
4 5463 5464 5460 5462
4 5465 5461 5460 5464
4 5374 5458 5466 5377
4 5456 5461 5466 5458
4 5465 5467 5466 5461
4 5378 5377 5466 5467
4 5465 5464 5468 5469
4 5463 5470 5468 5464
4 5471 5469 5468 5470
4 5378 5467 5472 5381
4 5465 5469 5472 5467
4 5471 5473 5472 5469
4 5474 5475 5472 5473
4 5382 5381 5472 5475
4 5382 5475 5476 5385
4 5474 5477 5476 5475
4 5478 5479 5476 5477
4 5386 5385 5476 5479
4 5386 5479 5480 5389
4 5478 5481 5480 5479
4 5482 5483 5480 5481
4 5390 5389 5480 5483
4 5390 5483 5484 5393
4 5482 5485 5484 5483
4 2348 2347 5484 5485
4 2346 5393 5484 2347
4 2263 2379 5486 2266
4 2378 5487 5486 2379
4 5488 5489 5486 5487
4 2267 2266 5486 5489
4 2267 5489 5490 2268
4 5488 5491 5490 5489
4 5492 5493 5490 5491
4 2269 2268 5490 5493
4 2269 5493 5494 5395
4 5492 5495 5494 5493
4 5496 5497 5494 5495
4 5396 5395 5494 5497
4 5498 5499 5500 5501
4 5502 5503 5500 5499
4 5504 5501 5500 5503
4 5396 5497 5505 5399
4 5496 5506 5505 5497
4 5498 5501 5505 5506
4 5504 5507 5505 5501
4 5400 5399 5505 5507
4 5504 5503 5508 5509
4 5502 5510 5508 5503
4 5511 5512 5508 5510
4 5513 5509 5508 5512
4 5400 5507 5514 5403
4 5504 5509 5514 5507
4 5513 5515 5514 5509
4 5404 5403 5514 5515
4 5513 5512 5516 5517
4 5511 5518 5516 5512
4 5519 5520 5516 5518
4 5410 5407 5516 5520
4 5406 5517 5516 5407
4 5404 5515 5521 5414
4 5513 5517 5521 5515
4 5406 5414 5521 5517
4 5410 5520 5522 5418
4 5519 5523 5522 5520
4 5524 5525 5522 5523
4 5419 5418 5522 5525
4 5419 5525 5526 5426
4 5524 5527 5526 5525
4 2384 2381 5526 5527
4 2380 5426 5526 2381
4 2438 2437 5528 5453
4 2436 5529 5528 2437
4 5530 5531 5528 5529
4 5454 5453 5528 5531
4 5454 5531 5532 5462
4 5530 5533 5532 5531
4 5534 5535 5532 5533
4 5463 5462 5532 5535
4 5463 5535 5536 5470
4 5534 5537 5536 5535
4 5538 5539 5536 5537
4 5540 5541 5536 5539
4 5471 5470 5536 5541
4 5540 5542 5543 5541
4 5474 5473 5543 5542
4 5471 5541 5543 5473
4 5540 5539 5544 5545
4 5538 5546 5544 5539
4 5547 5548 5544 5546
4 5549 5545 5544 5548
4 5474 5542 5550 5477
4 5540 5545 5550 5542
4 5549 5551 5550 5545
4 5478 5477 5550 5551
4 5549 5548 5552 5553
4 5547 5554 5552 5548
4 5555 5553 5552 5554
4 5478 5551 5556 5481
4 5549 5553 5556 5551
4 5555 5557 5556 5553
4 5558 5559 5556 5557
4 5482 5481 5556 5559
4 5482 5559 5560 5485
4 5558 5561 5560 5559
4 5562 5563 5560 5561
4 2348 5485 5560 5563
4 2348 5563 5564 2349
4 5562 5565 5564 5563
4 5566 5567 5564 5565
4 2350 2349 5564 5567
4 2350 5567 5568 2351
4 5566 5569 5568 5567
4 2443 2441 5568 5569
4 2352 2351 5568 2441
4 2378 2377 5570 5487
4 2376 5571 5570 2377
4 5572 5573 5570 5571
4 5488 5487 5570 5573
4 5488 5573 5574 5491
4 5572 5575 5574 5573
4 5576 5577 5574 5575
4 5492 5491 5574 5577
4 5578 5579 5580 5581
4 5582 5583 5580 5579
4 5584 5581 5580 5583
4 5492 5577 5585 5495
4 5576 5586 5585 5577
4 5578 5581 5585 5586
4 5584 5587 5585 5581
4 5496 5495 5585 5587
4 5584 5583 5588 5589
4 5582 5590 5588 5583
4 5591 5592 5588 5590
4 5502 5499 5588 5592
4 5498 5589 5588 5499
4 5496 5587 5593 5506
4 5584 5589 5593 5587
4 5498 5506 5593 5589
4 5502 5592 5594 5510
4 5591 5595 5594 5592
4 5596 5597 5594 5595
4 5511 5510 5594 5597
4 5511 5597 5598 5518
4 5596 5599 5598 5597
4 2477 5600 5598 5599
4 5519 5518 5598 5600
4 5519 5600 5601 5523
4 2477 2480 5601 5600
4 2488 5602 5601 2480
4 5524 5523 5601 5602
4 5524 5602 5603 5527
4 2488 2487 5603 5602
4 2386 2385 5603 2487
4 2384 5527 5603 2385
4 2436 2435 5604 5529
4 2434 2496 5604 2435
4 2504 5605 5604 2496
4 5530 5529 5604 5605
4 5530 5605 5606 5533
4 2504 2503 5606 5605
4 2502 5607 5606 2503
4 5534 5533 5606 5607
4 5534 5607 5608 5537
4 2502 5609 5608 5607
4 5610 5611 5608 5609
4 5538 5537 5608 5611
4 5538 5611 5612 5546
4 5610 5613 5612 5611
4 5614 5615 5612 5613
4 5547 5546 5612 5615
4 5547 5615 5616 5554
4 5614 5617 5616 5615
4 5618 5619 5616 5617
4 5620 5621 5616 5619
4 5555 5554 5616 5621
4 5620 5622 5623 5621
4 5558 5557 5623 5622
4 5555 5621 5623 5557
4 5620 5619 5624 5625
4 5618 5626 5624 5619
4 5627 5625 5624 5626
4 5558 5622 5628 5561
4 5620 5625 5628 5622
4 5627 5629 5628 5625
4 5630 5631 5628 5629
4 5562 5561 5628 5631
4 5562 5631 5632 5565
4 5630 5633 5632 5631
4 5634 5635 5632 5633
4 5566 5565 5632 5635
4 5566 5635 5636 5569
4 5634 5637 5636 5635
4 2445 2444 5636 5637
4 2443 5569 5636 2444
4 2370 2476 5638 2373
4 2475 5639 5638 2476
4 5640 5641 5638 5639
4 2374 2373 5638 5641
4 2374 5641 5642 2375
4 5640 5643 5642 5641
4 5644 5645 5642 5643
4 2376 2375 5642 5645
4 2376 5645 5646 5571
4 5644 5647 5646 5645
4 5648 5649 5646 5647
4 5572 5571 5646 5649
4 5650 5651 5652 5653
4 5654 5655 5652 5651
4 5656 5653 5652 5655
4 5572 5649 5657 5575
4 5648 5658 5657 5649
4 5650 5653 5657 5658
4 5656 5659 5657 5653
4 5576 5575 5657 5659
4 5656 5655 5660 5661
4 5654 5662 5660 5655
4 5663 5664 5660 5662
4 5582 5579 5660 5664
4 5578 5661 5660 5579
4 5576 5659 5665 5586
4 5656 5661 5665 5659
4 5578 5586 5665 5661
4 5582 5664 5666 5590
4 5663 5667 5666 5664
4 5668 5669 5666 5667
4 5591 5590 5666 5669
4 5591 5669 5670 5595
4 5668 5671 5670 5669
4 5672 5673 5670 5671
4 5596 5595 5670 5673
4 5596 5673 5674 5599
4 5672 5675 5674 5673
4 2481 2478 5674 5675
4 2477 5599 5674 2478
4 2502 2501 5676 5609
4 2500 5677 5676 2501
4 5678 5679 5676 5677
4 5610 5609 5676 5679
4 5610 5679 5680 5613
4 5678 5681 5680 5679
4 5682 5683 5680 5681
4 5614 5613 5680 5683
4 5614 5683 5684 5617
4 5682 5685 5684 5683
4 5686 5687 5684 5685
4 5618 5617 5684 5687
4 5618 5687 5688 5626
4 5686 5689 5688 5687
4 5690 5691 5688 5689
4 5692 5693 5688 5691
4 5627 5626 5688 5693
4 5692 5694 5695 5693
4 5630 5629 5695 5694
4 5627 5693 5695 5629
4 5692 5691 5696 5697
4 5690 5698 5696 5691
4 5699 5697 5696 5698
4 5630 5694 5700 5633
4 5692 5697 5700 5694
4 5699 5701 5700 5697
4 5702 5703 5700 5701
4 5634 5633 5700 5703
4 5634 5703 5704 5637
4 5702 5705 5704 5703
4 5706 5707 5704 5705
4 2445 5637 5704 5707
4 2445 5707 5708 2446
4 5706 5709 5708 5707
4 5710 5711 5708 5709
4 2447 2446 5708 5711
4 2447 5711 5712 2448
4 5710 5713 5712 5711
4 2507 2505 5712 5713
4 2449 2448 5712 2505
4 2475 2474 5714 5639
4 2473 5715 5714 2474
4 5716 5717 5714 5715
4 5640 5639 5714 5717
4 5640 5717 5718 5643
4 5716 5719 5718 5717
4 5720 5721 5718 5719
4 5644 5643 5718 5721
4 5722 5723 5724 5725
4 5726 5727 5724 5723
4 5728 5725 5724 5727
4 5644 5721 5729 5647
4 5720 5730 5729 5721
4 5722 5725 5729 5730
4 5728 5731 5729 5725
4 5648 5647 5729 5731
4 5728 5727 5732 5733
4 5726 5734 5732 5727
4 2541 5735 5732 5734
4 5654 5651 5732 5735
4 5650 5733 5732 5651
4 5648 5731 5736 5658
4 5728 5733 5736 5731
4 5650 5658 5736 5733
4 5654 5735 5737 5662
4 2541 2544 5737 5735
4 2553 5738 5737 2544
4 5663 5662 5737 5738
4 5663 5738 5739 5667
4 2553 2552 5739 5738
4 2551 5740 5739 2552
4 5668 5667 5739 5740
4 5668 5740 5741 5671
4 2551 2555 5741 5740
4 2559 5742 5741 2555
4 5672 5671 5741 5742
4 5672 5742 5743 5675
4 2559 2558 5743 5742
4 2483 2482 5743 2558
4 2481 5675 5743 2482
4 2500 2499 5744 5677
4 2498 2568 5744 2499
4 2574 5745 5744 2568
4 5678 5677 5744 5745
4 5678 5745 5746 5681
4 2574 2573 5746 5745
4 2572 5747 5746 2573
4 5682 5681 5746 5747
4 5682 5747 5748 5685
4 2572 2576 5748 5747
4 2584 5749 5748 2576
4 5686 5685 5748 5749
4 5686 5749 5750 5689
4 2584 2583 5750 5749
4 2582 5751 5750 2583
4 5690 5689 5750 5751
4 5690 5751 5752 5698
4 2582 5753 5752 5751
4 5754 5755 5752 5753
4 5756 5757 5752 5755
4 5699 5698 5752 5757
4 5756 5758 5759 5757
4 5702 5701 5759 5758
4 5699 5757 5759 5701
4 5756 5755 5760 5761
4 5754 5762 5760 5755
4 5763 5761 5760 5762
4 5702 5758 5764 5705
4 5756 5761 5764 5758
4 5763 5765 5764 5761
4 5766 5767 5764 5765
4 5706 5705 5764 5767
4 5706 5767 5768 5709
4 5766 5769 5768 5767
4 5770 5771 5768 5769
4 5710 5709 5768 5771
4 5710 5771 5772 5713
4 5770 5773 5772 5771
4 2509 2508 5772 5773
4 2507 5713 5772 2508
4 2467 2540 5774 2470
4 2539 5775 5774 2540
4 5776 5777 5774 5775
4 2471 2470 5774 5777
4 2471 5777 5778 2472
4 5776 5779 5778 5777
4 5780 5781 5778 5779
4 2473 2472 5778 5781
4 5782 5783 5784 5785
4 5786 5787 5784 5783
4 5788 5785 5784 5787
4 2473 5781 5789 5715
4 5780 5790 5789 5781
4 5782 5785 5789 5790
4 5788 5791 5789 5785
4 5716 5715 5789 5791
4 5788 5787 5792 5793
4 5786 5794 5792 5787
4 5795 5796 5792 5794
4 5797 5793 5792 5796
4 5716 5791 5798 5719
4 5788 5793 5798 5791
4 5797 5799 5798 5793
4 5720 5719 5798 5799
4 5797 5796 5800 5801
4 5795 5802 5800 5796
4 5803 5804 5800 5802
4 5726 5723 5800 5804
4 5722 5801 5800 5723
4 5720 5799 5805 5730
4 5797 5801 5805 5799
4 5722 5730 5805 5801
4 5726 5804 5806 5734
4 5803 5807 5806 5804
4 2545 2542 5806 5807
4 2541 5734 5806 2542
4 2582 2581 5808 5753
4 2580 5809 5808 2581
4 5810 5811 5808 5809
4 5754 5753 5808 5811
4 5754 5811 5812 5762
4 5810 5813 5812 5811
4 5814 5815 5812 5813
4 5816 5817 5812 5815
4 5763 5762 5812 5817
4 5816 5818 5819 5817
4 5766 5765 5819 5818
4 5763 5817 5819 5765
4 5816 5815 5820 5821
4 5814 5822 5820 5815
4 5823 5824 5820 5822
4 5825 5821 5820 5824
4 5766 5818 5826 5769
4 5816 5821 5826 5818
4 5825 5827 5826 5821
4 5770 5769 5826 5827
4 5825 5824 5828 5829
4 5823 5830 5828 5824
4 5831 5829 5828 5830
4 5770 5827 5832 5773
4 5825 5829 5832 5827
4 5831 5833 5832 5829
4 5834 5835 5832 5833
4 2509 5773 5832 5835
4 2509 5835 5836 2510
4 5834 5837 5836 5835
4 5838 5839 5836 5837
4 2511 2510 5836 5839
4 2511 5839 5840 2512
4 5838 5841 5840 5839
4 2587 2585 5840 5841
4 2513 2512 5840 2585
4 2539 2538 5842 5775
4 2537 5843 5842 2538
4 5844 5845 5842 5843
4 5776 5775 5842 5845
4 5776 5845 5846 5779
4 5844 5847 5846 5845
4 5848 5849 5846 5847
4 5780 5779 5846 5849
4 5850 5851 5852 5853
4 5854 5855 5852 5851
4 5786 5783 5852 5855
4 5782 5853 5852 5783
4 5780 5849 5856 5790
4 5848 5857 5856 5849
4 5850 5853 5856 5857
4 5782 5790 5856 5853
4 5786 5855 5858 5794
4 5854 5859 5858 5855
4 2613 5860 5858 5859
4 5795 5794 5858 5860
4 5795 5860 5861 5802
4 2613 2616 5861 5860
4 2624 5862 5861 2616
4 5803 5802 5861 5862
4 5803 5862 5863 5807
4 2624 2623 5863 5862
4 2547 2546 5863 2623
4 2545 5807 5863 2546
4 2580 2579 5864 5809
4 2578 2640 5864 2579
4 2648 5865 5864 2640
4 5810 5809 5864 5865
4 5810 5865 5866 5813
4 2648 2647 5866 5865
4 2646 5867 5866 2647
4 5814 5813 5866 5867
4 5814 5867 5868 5822
4 2646 5869 5868 5867
4 5870 5871 5868 5869
4 5823 5822 5868 5871
4 5823 5871 5872 5830
4 5870 5873 5872 5871
4 5874 5875 5872 5873
4 5831 5830 5872 5875
4 5874 5876 5877 5875
4 5878 5879 5877 5876
4 5834 5833 5877 5879
4 5831 5875 5877 5833
4 5834 5879 5880 5837
4 5878 5881 5880 5879
4 5882 5883 5880 5881
4 5838 5837 5880 5883
4 5838 5883 5884 5841
4 5882 5885 5884 5883
4 2589 2588 5884 5885
4 2587 5841 5884 2588
4 2531 2612 5886 2534
4 2611 5887 5886 2612
4 5888 5889 5886 5887
4 2535 2534 5886 5889
4 2535 5889 5890 2536
4 5888 5891 5890 5889
4 5892 5893 5890 5891
4 2537 2536 5890 5893
4 2537 5893 5894 5843
4 5892 5895 5894 5893
4 5896 5897 5894 5895
4 5844 5843 5894 5897
4 5898 5899 5900 5901
4 5902 5903 5900 5899
4 5904 5901 5900 5903
4 5844 5897 5905 5847
4 5896 5906 5905 5897
4 5898 5901 5905 5906
4 5904 5907 5905 5901
4 5848 5847 5905 5907
4 5904 5903 5908 5909
4 5902 5910 5908 5903
4 5911 5912 5908 5910
4 5854 5851 5908 5912
4 5850 5909 5908 5851
4 5848 5907 5913 5857
4 5904 5909 5913 5907
4 5850 5857 5913 5909
4 5854 5912 5914 5859
4 5911 5915 5914 5912
4 2617 2614 5914 5915
4 2613 5859 5914 2614
4 2646 2645 5916 5869
4 2644 5917 5916 2645
4 5918 5919 5916 5917
4 5870 5869 5916 5919
4 5870 5919 5920 5873
4 5918 5921 5920 5919
4 5922 5923 5920 5921
4 5924 5925 5920 5923
4 5874 5873 5920 5925
4 5924 5926 5927 5925
4 5878 5876 5927 5926
4 5874 5925 5927 5876
4 5924 5923 5928 5929
4 5922 5930 5928 5923
4 5931 5929 5928 5930
4 5878 5926 5932 5881
4 5924 5929 5932 5926
4 5931 5933 5932 5929
4 5934 5935 5932 5933
4 5882 5881 5932 5935
4 5882 5935 5936 5885
4 5934 5937 5936 5935
4 5938 5939 5936 5937
4 2589 5885 5936 5939
4 2589 5939 5940 2590
4 5938 5941 5940 5939
4 5942 5943 5940 5941
4 2591 2590 5940 5943
4 2591 5943 5944 2592
4 5942 5945 5944 5943
4 2651 2649 5944 5945
4 2593 2592 5944 2649
4 2611 2610 5946 5887
4 2609 5947 5946 2610
4 5948 5949 5946 5947
4 5888 5887 5946 5949
4 5888 5949 5950 5891
4 5948 5951 5950 5949
4 5952 5953 5950 5951
4 5892 5891 5950 5953
4 5954 5955 5956 5957
4 5958 5959 5956 5955
4 5960 5957 5956 5959
4 5892 5953 5961 5895
4 5952 5962 5961 5953
4 5954 5957 5961 5962
4 5960 5963 5961 5957
4 5896 5895 5961 5963
4 5960 5959 5964 5965
4 5958 5966 5964 5959
4 2667 5967 5964 5966
4 5902 5899 5964 5967
4 5898 5965 5964 5899
4 5896 5963 5968 5906
4 5960 5965 5968 5963
4 5898 5906 5968 5965
4 5902 5967 5969 5910
4 2667 2670 5969 5967
4 2678 5970 5969 2670
4 5911 5910 5969 5970
4 5911 5970 5971 5915
4 2678 2677 5971 5970
4 2619 2618 5971 2677
4 2617 5915 5971 2618
4 2644 2643 5972 5917
4 2642 2694 5972 2643
4 2702 5973 5972 2694
4 5918 5917 5972 5973
4 5918 5973 5974 5921
4 2702 2701 5974 5973
4 2700 5975 5974 2701
4 5922 5921 5974 5975
4 5922 5975 5976 5930
4 2700 5977 5976 5975
4 5978 5979 5976 5977
4 5980 5981 5976 5979
4 5931 5930 5976 5981
4 5980 5982 5983 5981
4 5934 5933 5983 5982
4 5931 5981 5983 5933
4 5980 5979 5984 5985
4 5978 5986 5984 5979
4 5987 5985 5984 5986
4 5934 5982 5988 5937
4 5980 5985 5988 5982
4 5987 5989 5988 5985
4 5990 5991 5988 5989
4 5938 5937 5988 5991
4 5938 5991 5992 5941
4 5990 5993 5992 5991
4 5994 5995 5992 5993
4 5942 5941 5992 5995
4 5942 5995 5996 5945
4 5994 5997 5996 5995
4 2653 2652 5996 5997
4 2651 5945 5996 2652
4 2603 2666 5998 2606
4 2665 5999 5998 2666
4 6000 6001 5998 5999
4 2607 2606 5998 6001
4 2607 6001 6002 2608
4 6000 6003 6002 6001
4 6004 6005 6002 6003
4 2609 2608 6002 6005
4 2609 6005 6006 5947
4 6004 6007 6006 6005
4 6008 6009 6006 6007
4 5948 5947 6006 6009
4 6010 6011 6012 6013
4 6014 6015 6012 6011
4 6016 6013 6012 6015
4 5948 6009 6017 5951
4 6008 6018 6017 6009
4 6010 6013 6017 6018
4 6016 6019 6017 6013
4 5952 5951 6017 6019
4 6016 6015 6020 6021
4 6014 6022 6020 6015
4 6023 6024 6020 6022
4 5958 5955 6020 6024
4 5954 6021 6020 5955
4 5952 6019 6025 5962
4 6016 6021 6025 6019
4 5954 5962 6025 6021
4 5958 6024 6026 5966
4 6023 6027 6026 6024
4 2671 2668 6026 6027
4 2667 5966 6026 2668
4 2700 2699 6028 5977
4 2698 6029 6028 2699
4 6030 6031 6028 6029
4 5978 5977 6028 6031
4 5978 6031 6032 5986
4 6030 6033 6032 6031
4 6034 6035 6032 6033
4 6036 6037 6032 6035
4 5987 5986 6032 6037
4 6036 6038 6039 6037
4 5990 5989 6039 6038
4 5987 6037 6039 5989
4 6036 6035 6040 6041
4 6034 6042 6040 6035
4 6043 6041 6040 6042
4 5990 6038 6044 5993
4 6036 6041 6044 6038
4 6043 6045 6044 6041
4 6046 6047 6044 6045
4 5994 5993 6044 6047
4 5994 6047 6048 5997
4 6046 6049 6048 6047
4 6050 6051 6048 6049
4 2653 5997 6048 6051
4 2653 6051 6052 2654
4 6050 6053 6052 6051
4 6054 6055 6052 6053
4 2655 2654 6052 6055
4 2655 6055 6056 2656
4 6054 6057 6056 6055
4 2705 2703 6056 6057
4 2657 2656 6056 2703
4 2665 2664 6058 5999
4 2663 6059 6058 2664
4 6060 6061 6058 6059
4 6000 5999 6058 6061
4 6000 6061 6062 6003
4 6060 6063 6062 6061
4 6064 6065 6062 6063
4 6004 6003 6062 6065
4 6066 6067 6068 6069
4 6070 6071 6068 6067
4 6072 6069 6068 6071
4 6004 6065 6073 6007
4 6064 6074 6073 6065
4 6066 6069 6073 6074
4 6072 6075 6073 6069
4 6008 6007 6073 6075
4 6072 6071 6076 6077
4 6070 6078 6076 6071
4 6079 6080 6076 6078
4 6014 6011 6076 6080
4 6010 6077 6076 6011
4 6008 6075 6081 6018
4 6072 6077 6081 6075
4 6010 6018 6081 6077
4 6014 6080 6082 6022
4 6079 6083 6082 6080
4 6084 6085 6082 6083
4 6023 6022 6082 6085
4 6023 6085 6086 6027
4 6084 6087 6086 6085
4 2673 2672 6086 6087
4 2671 6027 6086 2672
4 2698 2697 6088 6029
4 2696 6089 6088 2697
4 6090 6091 6088 6089
4 6030 6029 6088 6091
4 6030 6091 6092 6033
4 6090 6093 6092 6091
4 6094 6095 6092 6093
4 6034 6033 6092 6095
4 6034 6095 6096 6042
4 6094 6097 6096 6095
4 6098 6099 6096 6097
4 6100 6101 6096 6099
4 6043 6042 6096 6101
4 6100 6102 6103 6101
4 6046 6045 6103 6102
4 6043 6101 6103 6045
4 6100 6099 6104 6105
4 6098 6106 6104 6099
4 6107 6105 6104 6106
4 6046 6102 6108 6049
4 6100 6105 6108 6102
4 6107 6109 6108 6105
4 6110 6111 6108 6109
4 6050 6049 6108 6111
4 6050 6111 6112 6053
4 6110 6113 6112 6111
4 6114 6115 6112 6113
4 6054 6053 6112 6115
4 6054 6115 6116 6057
4 6114 6117 6116 6115
4 2707 2706 6116 6117
4 2705 6057 6116 2706
4 2663 2724 6118 6059
4 2723 6119 6118 2724
4 6120 6121 6118 6119
4 6060 6059 6118 6121
4 6060 6121 6122 6063
4 6120 6123 6122 6121
4 6124 6125 6122 6123
4 6064 6063 6122 6125
4 6126 6127 6128 6129
4 6130 6131 6128 6127
4 6070 6067 6128 6131
4 6066 6129 6128 6067
4 6064 6125 6132 6074
4 6124 6133 6132 6125
4 6126 6129 6132 6133
4 6066 6074 6132 6129
4 6070 6131 6134 6078
4 6130 6135 6134 6131
4 6136 6137 6134 6135
4 6079 6078 6134 6137
4 6079 6137 6138 6083
4 6136 6139 6138 6137
4 6140 6141 6138 6139
4 6084 6083 6138 6141
4 6084 6141 6142 6087
4 6140 6143 6142 6141
4 2727 2725 6142 6143
4 2673 6087 6142 2725
4 2696 2744 6144 6089
4 2743 6145 6144 2744
4 6146 6147 6144 6145
4 6090 6089 6144 6147
4 6090 6147 6148 6093
4 6146 6149 6148 6147
4 6150 6151 6148 6149
4 6094 6093 6148 6151
4 6094 6151 6152 6097
4 6150 6153 6152 6151
4 6154 6155 6152 6153
4 6098 6097 6152 6155
4 6098 6155 6156 6106
4 6154 6157 6156 6155
4 6158 6159 6156 6157
4 6107 6106 6156 6159
4 6158 6160 6161 6159
4 6162 6163 6161 6160
4 6110 6109 6161 6163
4 6107 6159 6161 6109
4 6110 6163 6164 6113
4 6162 6165 6164 6163
4 6166 6167 6164 6165
4 6114 6113 6164 6167
4 6114 6167 6168 6117
4 6166 6169 6168 6167
4 2747 2745 6168 6169
4 2707 6117 6168 2745
4 2723 2722 6170 6119
4 2721 6171 6170 2722
4 6172 6173 6170 6171
4 6120 6119 6170 6173
4 6174 6175 6176 6177
4 6178 6179 6176 6175
4 6180 6177 6176 6179
4 6120 6173 6181 6123
4 6172 6182 6181 6173
4 6174 6177 6181 6182
4 6180 6183 6181 6177
4 6124 6123 6181 6183
4 6180 6179 6184 6185
4 6178 6186 6184 6179
4 6187 6188 6184 6186
4 6130 6127 6184 6188
4 6126 6185 6184 6127
4 6124 6183 6189 6133
4 6180 6185 6189 6183
4 6126 6133 6189 6185
4 6130 6188 6190 6135
4 6187 6191 6190 6188
4 2771 6192 6190 6191
4 6136 6135 6190 6192
4 6136 6192 6193 6139
4 2771 2774 6193 6192
4 2781 6194 6193 2774
4 6140 6139 6193 6194
4 6140 6194 6195 6143
4 2781 2780 6195 6194
4 2729 2728 6195 2780
4 2727 6143 6195 2728
4 2743 2742 6196 6145
4 2741 2790 6196 2742
4 2798 6197 6196 2790
4 6146 6145 6196 6197
4 6146 6197 6198 6149
4 2798 2797 6198 6197
4 2796 6199 6198 2797
4 6150 6149 6198 6199
4 6150 6199 6200 6153
4 2796 6201 6200 6199
4 6202 6203 6200 6201
4 6154 6153 6200 6203
4 6154 6203 6204 6157
4 6202 6205 6204 6203
4 6206 6207 6204 6205
4 6208 6209 6204 6207
4 6158 6157 6204 6209
4 6208 6210 6211 6209
4 6162 6160 6211 6210
4 6158 6209 6211 6160
4 6208 6207 6212 6213
4 6206 6214 6212 6207
4 6215 6213 6212 6214
4 6162 6210 6216 6165
4 6208 6213 6216 6210
4 6215 6217 6216 6213
4 6218 6219 6216 6217
4 6166 6165 6216 6219
4 6166 6219 6220 6169
4 6218 6221 6220 6219
4 2749 2748 6220 6221
4 2747 6169 6220 2748
4 2715 2770 6222 2718
4 2769 6223 6222 2770
4 6224 6225 6222 6223
4 2719 2718 6222 6225
4 2719 6225 6226 2720
4 6224 6227 6226 6225
4 6228 6229 6226 6227
4 2721 2720 6226 6229
4 2721 6229 6230 6171
4 6228 6231 6230 6229
4 6232 6233 6230 6231
4 6172 6171 6230 6233
4 6234 6235 6236 6237
4 6238 6239 6236 6235
4 6178 6175 6236 6239
4 6174 6237 6236 6175
4 6172 6233 6240 6182
4 6232 6241 6240 6233
4 6234 6237 6240 6241
4 6174 6182 6240 6237
4 6178 6239 6242 6186
4 6238 6243 6242 6239
4 6244 6245 6242 6243
4 6187 6186 6242 6245
4 6187 6245 6246 6191
4 6244 6247 6246 6245
4 2775 2772 6246 6247
4 2771 6191 6246 2772
4 2796 2795 6248 6201
4 2794 6249 6248 2795
4 6250 6251 6248 6249
4 6202 6201 6248 6251
4 6202 6251 6252 6205
4 6250 6253 6252 6251
4 6254 6255 6252 6253
4 6206 6205 6252 6255
4 6206 6255 6256 6214
4 6254 6257 6256 6255
4 6258 6259 6256 6257
4 6215 6214 6256 6259
4 6258 6260 6261 6259
4 6262 6263 6261 6260
4 6218 6217 6261 6263
4 6215 6259 6261 6217
4 6218 6263 6264 6221
4 6262 6265 6264 6263
4 6266 6267 6264 6265
4 2749 6221 6264 6267
4 2749 6267 6268 2750
4 6266 6269 6268 6267
4 6270 6271 6268 6269
4 2751 2750 6268 6271
4 2751 6271 6272 2752
4 6270 6273 6272 6271
4 2801 2799 6272 6273
4 2753 2752 6272 2799
4 2769 2768 6274 6223
4 2767 6275 6274 2768
4 6276 6277 6274 6275
4 6224 6223 6274 6277
4 6224 6277 6278 6227
4 6276 6279 6278 6277
4 6280 6281 6278 6279
4 6228 6227 6278 6281
4 6282 6283 6284 6285
4 6286 6287 6284 6283
4 6288 6285 6284 6287
4 6228 6281 6289 6231
4 6280 6290 6289 6281
4 6282 6285 6289 6290
4 6288 6291 6289 6285
4 6232 6231 6289 6291
4 6288 6287 6292 6293
4 6286 6294 6292 6287
4 2819 6295 6292 6294
4 6238 6235 6292 6295
4 6234 6293 6292 6235
4 6232 6291 6296 6241
4 6288 6293 6296 6291
4 6234 6241 6296 6293
4 6238 6295 6297 6243
4 2819 2822 6297 6295
4 2830 6298 6297 2822
4 6244 6243 6297 6298
4 6244 6298 6299 6247
4 2830 2829 6299 6298
4 2777 2776 6299 2829
4 2775 6247 6299 2776
4 2794 2793 6300 6249
4 2792 2838 6300 2793
4 2846 6301 6300 2838
4 6250 6249 6300 6301
4 6250 6301 6302 6253
4 2846 2845 6302 6301
4 2844 6303 6302 2845
4 6254 6253 6302 6303
4 6254 6303 6304 6257
4 2844 6305 6304 6303
4 6306 6307 6304 6305
4 6308 6309 6304 6307
4 6258 6257 6304 6309
4 6308 6310 6311 6309
4 6262 6260 6311 6310
4 6258 6309 6311 6260
4 6308 6307 6312 6313
4 6306 6314 6312 6307
4 6315 6313 6312 6314
4 6262 6310 6316 6265
4 6308 6313 6316 6310
4 6315 6317 6316 6313
4 6318 6319 6316 6317
4 6266 6265 6316 6319
4 6266 6319 6320 6269
4 6318 6321 6320 6319
4 6322 6323 6320 6321
4 6270 6269 6320 6323
4 6270 6323 6324 6273
4 6322 6325 6324 6323
4 2803 2802 6324 6325
4 2801 6273 6324 2802
4 2767 2818 6326 6275
4 2817 6327 6326 2818
4 6328 6329 6326 6327
4 6276 6275 6326 6329
4 6276 6329 6330 6279
4 6328 6331 6330 6329
4 6332 6333 6330 6331
4 6280 6279 6330 6333
4 6334 6335 6336 6337
4 6338 6339 6336 6335
4 6286 6283 6336 6339
4 6282 6337 6336 6283
4 6280 6333 6340 6290
4 6332 6341 6340 6333
4 6334 6337 6340 6341
4 6282 6290 6340 6337
4 6286 6339 6342 6294
4 6338 6343 6342 6339
4 2823 2820 6342 6343
4 2819 6294 6342 2820
4 2844 2843 6344 6305
4 2842 6345 6344 2843
4 6346 6347 6344 6345
4 6306 6305 6344 6347
4 6306 6347 6348 6314
4 6346 6349 6348 6347
4 6350 6351 6348 6349
4 6315 6314 6348 6351
4 6350 6352 6353 6351
4 6354 6355 6353 6352
4 6318 6317 6353 6355
4 6315 6351 6353 6317
4 6318 6355 6356 6321
4 6354 6357 6356 6355
4 6358 6359 6356 6357
4 6322 6321 6356 6359
4 6322 6359 6360 6325
4 6358 6361 6360 6359
4 2849 2847 6360 6361
4 2803 6325 6360 2847
4 2817 2816 6362 6327
4 2815 6363 6362 2816
4 6364 6365 6362 6363
4 6328 6327 6362 6365
4 6366 6367 6368 6369
4 6370 6371 6368 6367
4 6372 6369 6368 6371
4 6328 6365 6373 6331
4 6364 6374 6373 6365
4 6366 6369 6373 6374
4 6372 6375 6373 6369
4 6332 6331 6373 6375
4 6372 6371 6376 6377
4 6370 6378 6376 6371
4 6379 6380 6376 6378
4 6338 6335 6376 6380
4 6334 6377 6376 6335
4 6332 6375 6381 6341
4 6372 6377 6381 6375
4 6334 6341 6381 6377
4 6338 6380 6382 6343
4 6379 6383 6382 6380
4 2825 2824 6382 6383
4 2823 6343 6382 2824
4 2842 2841 6384 6345
4 2840 6385 6384 2841
4 6386 6387 6384 6385
4 6346 6345 6384 6387
4 6346 6387 6388 6349
4 6386 6389 6388 6387
4 6390 6391 6388 6389
4 6392 6393 6388 6391
4 6350 6349 6388 6393
4 6392 6394 6395 6393
4 6354 6352 6395 6394
4 6350 6393 6395 6352
4 6392 6391 6396 6397
4 6390 6398 6396 6391
4 6399 6397 6396 6398
4 6354 6394 6400 6357
4 6392 6397 6400 6394
4 6399 6401 6400 6397
4 6402 6403 6400 6401
4 6358 6357 6400 6403
4 6358 6403 6404 6361
4 6402 6405 6404 6403
4 2851 2850 6404 6405
4 2849 6361 6404 2850
4 2815 2868 6406 6363
4 2867 6407 6406 2868
4 6408 6409 6406 6407
4 6364 6363 6406 6409
4 6410 6411 6412 6413
4 6414 6415 6412 6411
4 6370 6367 6412 6415
4 6366 6413 6412 6367
4 6364 6409 6416 6374
4 6408 6417 6416 6409
4 6410 6413 6416 6417
4 6366 6374 6416 6413
4 6370 6415 6418 6378
4 6414 6419 6418 6415
4 6420 6421 6418 6419
4 6379 6378 6418 6421
4 6379 6421 6422 6383
4 6420 6423 6422 6421
4 2871 2869 6422 6423
4 2825 6383 6422 2869
4 2840 2888 6424 6385
4 2887 6425 6424 2888
4 6426 6427 6424 6425
4 6386 6385 6424 6427
4 6386 6427 6428 6389
4 6426 6429 6428 6427
4 6430 6431 6428 6429
4 6390 6389 6428 6431
4 6390 6431 6432 6398
4 6430 6433 6432 6431
4 6434 6435 6432 6433
4 6399 6398 6432 6435
4 6434 6436 6437 6435
4 6438 6439 6437 6436
4 6402 6401 6437 6439
4 6399 6435 6437 6401
4 6402 6439 6440 6405
4 6438 6441 6440 6439
4 2891 2889 6440 6441
4 2851 6405 6440 2889
4 2867 2866 6442 6407
4 2865 6443 6442 2866
4 6444 6445 6442 6443
4 6408 6407 6442 6445
4 6446 6447 6448 6449
4 6450 6451 6448 6447
4 6414 6411 6448 6451
4 6410 6449 6448 6411
4 6408 6445 6452 6417
4 6444 6453 6452 6445
4 6446 6449 6452 6453
4 6410 6417 6452 6449
4 6414 6451 6454 6419
4 6450 6455 6454 6451
4 6456 6457 6454 6455
4 6420 6419 6454 6457
4 6420 6457 6458 6423
4 6456 6459 6458 6457
4 2873 2872 6458 6459
4 2871 6423 6458 2872
4 2887 2886 6460 6425
4 2885 6461 6460 2886
4 6462 6463 6460 6461
4 6426 6425 6460 6463
4 6426 6463 6464 6429
4 6462 6465 6464 6463
4 6466 6467 6464 6465
4 6430 6429 6464 6467
4 6430 6467 6468 6433
4 6466 6469 6468 6467
4 6470 6471 6468 6469
4 6434 6433 6468 6471
4 6470 6472 6473 6471
4 6474 6475 6473 6472
4 6438 6436 6473 6475
4 6434 6471 6473 6436
4 6438 6475 6476 6441
4 6474 6477 6476 6475
4 2893 2892 6476 6477
4 2891 6441 6476 2892
4 2859 2906 6478 2862
4 2905 6479 6478 2906
4 6480 6481 6478 6479
4 2863 2862 6478 6481
4 2863 6481 6482 2864
4 6480 6483 6482 6481
4 6484 6485 6482 6483
4 2865 2864 6482 6485
4 6486 6487 6488 6489
4 6490 6491 6488 6487
4 6492 6489 6488 6491
4 2865 6485 6493 6443
4 6484 6494 6493 6485
4 6486 6489 6493 6494
4 6492 6495 6493 6489
4 6444 6443 6493 6495
4 6492 6491 6496 6497
4 6490 6498 6496 6491
4 6499 6500 6496 6498
4 6450 6447 6496 6500
4 6446 6497 6496 6447
4 6444 6495 6501 6453
4 6492 6497 6501 6495
4 6446 6453 6501 6497
4 6450 6500 6502 6455
4 6499 6503 6502 6500
4 6504 6505 6502 6503
4 6456 6455 6502 6505
4 6456 6505 6506 6459
4 6504 6507 6506 6505
4 2909 2907 6506 6507
4 2873 6459 6506 2907
4 2885 2926 6508 6461
4 2925 6509 6508 2926
4 6510 6511 6508 6509
4 6462 6461 6508 6511
4 6462 6511 6512 6465
4 6510 6513 6512 6511
4 6514 6515 6512 6513
4 6466 6465 6512 6515
4 6466 6515 6516 6469
4 6514 6517 6516 6515
4 6518 6519 6516 6517
4 6520 6521 6516 6519
4 6470 6469 6516 6521
4 6520 6522 6523 6521
4 6474 6472 6523 6522
4 6470 6521 6523 6472
4 6520 6519 6524 6525
4 6518 6526 6524 6519
4 6527 6525 6524 6526
4 6474 6522 6528 6477
4 6520 6525 6528 6522
4 6527 6529 6528 6525
4 6530 6531 6528 6529
4 2893 6477 6528 6531
4 2893 6531 6532 2894
4 6530 6533 6532 6531
4 6534 6535 6532 6533
4 2895 2894 6532 6535
4 2895 6535 6536 2896
4 6534 6537 6536 6535
4 2929 2927 6536 6537
4 2897 2896 6536 2927
4 2905 2904 6538 6479
4 2903 6539 6538 2904
4 6540 6541 6538 6539
4 6480 6479 6538 6541
4 6480 6541 6542 6483
4 6540 6543 6542 6541
4 6544 6545 6542 6543
4 6484 6483 6542 6545
4 6546 6547 6548 6549
4 6550 6551 6548 6547
4 6490 6487 6548 6551
4 6486 6549 6548 6487
4 6484 6545 6552 6494
4 6544 6553 6552 6545
4 6546 6549 6552 6553
4 6486 6494 6552 6549
4 6490 6551 6554 6498
4 6550 6555 6554 6551
4 2939 6556 6554 6555
4 6499 6498 6554 6556
4 6499 6556 6557 6503
4 2939 2942 6557 6556
4 2949 6558 6557 2942
4 6504 6503 6557 6558
4 6504 6558 6559 6507
4 2949 2948 6559 6558
4 2911 2910 6559 2948
4 2909 6507 6559 2910
4 2925 2924 6560 6509
4 2923 2958 6560 2924
4 2966 6561 6560 2958
4 6510 6509 6560 6561
4 6510 6561 6562 6513
4 2966 2965 6562 6561
4 2964 6563 6562 2965
4 6514 6513 6562 6563
4 6514 6563 6564 6517
4 2964 6565 6564 6563
4 6566 6567 6564 6565
4 6518 6517 6564 6567
4 6518 6567 6568 6526
4 6566 6569 6568 6567
4 6570 6571 6568 6569
4 6527 6526 6568 6571
4 6570 6572 6573 6571
4 6574 6575 6573 6572
4 6530 6529 6573 6575
4 6527 6571 6573 6529
4 6530 6575 6576 6533
4 6574 6577 6576 6575
4 6578 6579 6576 6577
4 6534 6533 6576 6579
4 6534 6579 6580 6537
4 6578 6581 6580 6579
4 2931 2930 6580 6581
4 2929 6537 6580 2930
4 2903 2938 6582 6539
4 2937 6583 6582 2938
4 6584 6585 6582 6583
4 6540 6539 6582 6585
4 6540 6585 6586 6543
4 6584 6587 6586 6585
4 6588 6589 6586 6587
4 6544 6543 6586 6589
4 6590 6591 6592 6593
4 6594 6595 6592 6591
4 6550 6547 6592 6595
4 6546 6593 6592 6547
4 6544 6589 6596 6553
4 6588 6597 6596 6589
4 6590 6593 6596 6597
4 6546 6553 6596 6593
4 6550 6595 6598 6555
4 6594 6599 6598 6595
4 2943 2940 6598 6599
4 2939 6555 6598 2940
4 2964 2963 6600 6565
4 2962 6601 6600 2963
4 6602 6603 6600 6601
4 6566 6565 6600 6603
4 6566 6603 6604 6569
4 6602 6605 6604 6603
4 6606 6607 6604 6605
4 6570 6569 6604 6607
4 6606 6608 6609 6607
4 6610 6611 6609 6608
4 6574 6572 6609 6611
4 6570 6607 6609 6572
4 6574 6611 6612 6577
4 6610 6613 6612 6611
4 6614 6615 6612 6613
4 6578 6577 6612 6615
4 6578 6615 6616 6581
4 6614 6617 6616 6615
4 2969 2967 6616 6617
4 2931 6581 6616 2967
4 2937 2936 6618 6583
4 2935 6619 6618 2936
4 6620 6621 6618 6619
4 6584 6583 6618 6621
4 6584 6621 6622 6587
4 6620 6623 6622 6621
4 6624 6625 6622 6623
4 6588 6587 6622 6625
4 6626 6627 6628 6629
4 6630 6631 6628 6627
4 6594 6591 6628 6631
4 6590 6629 6628 6591
4 6588 6625 6632 6597
4 6624 6633 6632 6625
4 6626 6629 6632 6633
4 6590 6597 6632 6629
4 6594 6631 6634 6599
4 6630 6635 6634 6631
4 2945 2944 6634 6635
4 2943 6599 6634 2944
4 2962 2961 6636 6601
4 2960 6637 6636 2961
4 6638 6639 6636 6637
4 6602 6601 6636 6639
4 6602 6639 6640 6605
4 6638 6641 6640 6639
4 6642 6643 6640 6641
4 6606 6605 6640 6643
4 6642 6644 6645 6643
4 6646 6647 6645 6644
4 6610 6608 6645 6647
4 6606 6643 6645 6608
4 6610 6647 6648 6613
4 6646 6649 6648 6647
4 6650 6651 6648 6649
4 6614 6613 6648 6651
4 6614 6651 6652 6617
4 6650 6653 6652 6651
4 2971 2970 6652 6653
4 2969 6617 6652 2970
4 2935 2978 6654 6619
4 2977 6655 6654 2978
4 6656 6657 6654 6655
4 6620 6619 6654 6657
4 6620 6657 6658 6623
4 6656 6659 6658 6657
4 6660 6661 6658 6659
4 6624 6623 6658 6661
4 6662 6663 6664 6665
4 6666 6667 6664 6663
4 6630 6627 6664 6667
4 6626 6665 6664 6627
4 6624 6661 6668 6633
4 6660 6669 6668 6661
4 6662 6665 6668 6669
4 6626 6633 6668 6665
4 6630 6667 6670 6635
4 6666 6671 6670 6667
4 2981 2979 6670 6671
4 2945 6635 6670 2979
4 2960 2990 6672 6637
4 2989 6673 6672 2990
4 6674 6675 6672 6673
4 6638 6637 6672 6675
4 6638 6675 6676 6641
4 6674 6677 6676 6675
4 6678 6679 6676 6677
4 6642 6641 6676 6679
4 6678 6680 6681 6679
4 6682 6683 6681 6680
4 6646 6644 6681 6683
4 6642 6679 6681 6644
4 6646 6683 6684 6649
4 6682 6685 6684 6683
4 6686 6687 6684 6685
4 6650 6649 6684 6687
4 6650 6687 6688 6653
4 6686 6689 6688 6687
4 2993 2991 6688 6689
4 2971 6653 6688 2991
4 2977 2976 6690 6655
4 2975 6691 6690 2976
4 6692 6693 6690 6691
4 6656 6655 6690 6693
4 6694 6695 6696 6697
4 6698 6699 6696 6695
4 6700 6697 6696 6699
4 6656 6693 6701 6659
4 6692 6702 6701 6693
4 6694 6697 6701 6702
4 6700 6703 6701 6697
4 6660 6659 6701 6703
4 6700 6699 6704 6705
4 6698 6706 6704 6699
4 6707 6708 6704 6706
4 6666 6663 6704 6708
4 6662 6705 6704 6663
4 6660 6703 6709 6669
4 6700 6705 6709 6703
4 6662 6669 6709 6705
4 6666 6708 6710 6671
4 6707 6711 6710 6708
4 2983 2982 6710 6711
4 2981 6671 6710 2982
4 2989 2988 6712 6673
4 2987 6713 6712 2988
4 6714 6715 6712 6713
4 6674 6673 6712 6715
4 6674 6715 6716 6677
4 6714 6717 6716 6715
4 6718 6719 6716 6717
4 6720 6721 6716 6719
4 6678 6677 6716 6721
4 6720 6722 6723 6721
4 6682 6680 6723 6722
4 6678 6721 6723 6680
4 6720 6719 6724 6725
4 6718 6726 6724 6719
4 6727 6725 6724 6726
4 6682 6722 6728 6685
4 6720 6725 6728 6722
4 6727 6729 6728 6725
4 6730 6731 6728 6729
4 6686 6685 6728 6731
4 6686 6731 6732 6689
4 6730 6733 6732 6731
4 2995 2994 6732 6733
4 2993 6689 6732 2994
4 2975 3002 6734 6691
4 3001 6735 6734 3002
4 6736 6737 6734 6735
4 6692 6691 6734 6737
4 6738 6739 6740 6741
4 6742 6743 6740 6739
4 6698 6695 6740 6743
4 6694 6741 6740 6695
4 6692 6737 6744 6702
4 6736 6745 6744 6737
4 6738 6741 6744 6745
4 6694 6702 6744 6741
4 6698 6743 6746 6706
4 6742 6747 6746 6743
4 6748 6749 6746 6747
4 6707 6706 6746 6749
4 6707 6749 6750 6711
4 6748 6751 6750 6749
4 3005 3003 6750 6751
4 2983 6711 6750 3003
4 2987 3014 6752 6713
4 3013 6753 6752 3014
4 6754 6755 6752 6753
4 6714 6713 6752 6755
4 6714 6755 6756 6717
4 6754 6757 6756 6755
4 6758 6759 6756 6757
4 6718 6717 6756 6759
4 6718 6759 6760 6726
4 6758 6761 6760 6759
4 6762 6763 6760 6761
4 6727 6726 6760 6763
4 6762 6764 6765 6763
4 6766 6767 6765 6764
4 6730 6729 6765 6767
4 6727 6763 6765 6729
4 6730 6767 6768 6733
4 6766 6769 6768 6767
4 3017 3015 6768 6769
4 2995 6733 6768 3015
4 3001 3000 6770 6735
4 2999 6771 6770 3000
4 6772 6773 6770 6771
4 6736 6735 6770 6773
4 6774 6775 6776 6777
4 6778 6779 6776 6775
4 6742 6739 6776 6779
4 6738 6777 6776 6739
4 6736 6773 6780 6745
4 6772 6781 6780 6773
4 6774 6777 6780 6781
4 6738 6745 6780 6777
4 6742 6779 6782 6747
4 6778 6783 6782 6779
4 6784 6785 6782 6783
4 6748 6747 6782 6785
4 6748 6785 6786 6751
4 6784 6787 6786 6785
4 3007 3006 6786 6787
4 3005 6751 6786 3006
4 3013 3012 6788 6753
4 3011 6789 6788 3012
4 6790 6791 6788 6789
4 6754 6753 6788 6791
4 6754 6791 6792 6757
4 6790 6793 6792 6791
4 6794 6795 6792 6793
4 6758 6757 6792 6795
4 6758 6795 6796 6761
4 6794 6797 6796 6795
4 6798 6799 6796 6797
4 6762 6761 6796 6799
4 6798 6800 6801 6799
4 6802 6803 6801 6800
4 6766 6764 6801 6803
4 6762 6799 6801 6764
4 6766 6803 6804 6769
4 6802 6805 6804 6803
4 3019 3018 6804 6805
4 3017 6769 6804 3018
4 2999 3026 6806 6771
4 3025 6807 6806 3026
4 6808 6809 6806 6807
4 6772 6771 6806 6809
4 6810 6811 6812 6813
4 6814 6815 6812 6811
4 6778 6775 6812 6815
4 6774 6813 6812 6775
4 6772 6809 6816 6781
4 6808 6817 6816 6809
4 6810 6813 6816 6817
4 6774 6781 6816 6813
4 6778 6815 6818 6783
4 6814 6819 6818 6815
4 6820 6821 6818 6819
4 6784 6783 6818 6821
4 6784 6821 6822 6787
4 6820 6823 6822 6821
4 3029 3027 6822 6823
4 3007 6787 6822 3027
4 3011 3038 6824 6789
4 3037 6825 6824 3038
4 6826 6827 6824 6825
4 6790 6789 6824 6827
4 6790 6827 6828 6793
4 6826 6829 6828 6827
4 6830 6831 6828 6829
4 6794 6793 6828 6831
4 6794 6831 6832 6797
4 6830 6833 6832 6831
4 6834 6835 6832 6833
4 6798 6797 6832 6835
4 6834 6836 6837 6835
4 6838 6839 6837 6836
4 6802 6800 6837 6839
4 6798 6835 6837 6800
4 6802 6839 6840 6805
4 6838 6841 6840 6839
4 3041 3039 6840 6841
4 3019 6805 6840 3039
4 3025 3024 6842 6807
4 3023 6843 6842 3024
4 6844 6845 6842 6843
4 6808 6807 6842 6845
4 6846 6847 6848 6849
4 6850 6851 6848 6847
4 6814 6811 6848 6851
4 6810 6849 6848 6811
4 6808 6845 6852 6817
4 6844 6853 6852 6845
4 6846 6849 6852 6853
4 6810 6817 6852 6849
4 6814 6851 6854 6819
4 6850 6855 6854 6851
4 6856 6857 6854 6855
4 6820 6819 6854 6857
4 6820 6857 6858 6823
4 6856 6859 6858 6857
4 3031 3030 6858 6859
4 3029 6823 6858 3030
4 3037 3036 6860 6825
4 3035 6861 6860 3036
4 6862 6863 6860 6861
4 6826 6825 6860 6863
4 6826 6863 6864 6829
4 6862 6865 6864 6863
4 6866 6867 6864 6865
4 6830 6829 6864 6867
4 6830 6867 6868 6833
4 6866 6869 6868 6867
4 6870 6871 6868 6869
4 6834 6833 6868 6871
4 6870 6872 6873 6871
4 6874 6875 6873 6872
4 6838 6836 6873 6875
4 6834 6871 6873 6836
4 6838 6875 6876 6841
4 6874 6877 6876 6875
4 3043 3042 6876 6877
4 3041 6841 6876 3042
4 3023 3050 6878 6843
4 3049 6879 6878 3050
4 6880 6881 6878 6879
4 6844 6843 6878 6881
4 6882 6883 6884 6885
4 6886 6887 6884 6883
4 6850 6847 6884 6887
4 6846 6885 6884 6847
4 6844 6881 6888 6853
4 6880 6889 6888 6881
4 6882 6885 6888 6889
4 6846 6853 6888 6885
4 6850 6887 6890 6855
4 6886 6891 6890 6887
4 6892 6893 6890 6891
4 6856 6855 6890 6893
4 6856 6893 6894 6859
4 6892 6895 6894 6893
4 3053 3051 6894 6895
4 3031 6859 6894 3051
4 3035 3062 6896 6861
4 3061 6897 6896 3062
4 6898 6899 6896 6897
4 6862 6861 6896 6899
4 6862 6899 6900 6865
4 6898 6901 6900 6899
4 6902 6903 6900 6901
4 6866 6865 6900 6903
4 6866 6903 6904 6869
4 6902 6905 6904 6903
4 6906 6907 6904 6905
4 6870 6869 6904 6907
4 6906 6908 6909 6907
4 6910 6911 6909 6908
4 6874 6872 6909 6911
4 6870 6907 6909 6872
4 6874 6911 6912 6877
4 6910 6913 6912 6911
4 3065 3063 6912 6913
4 3043 6877 6912 3063
4 3049 3048 6914 6879
4 3047 6915 6914 3048
4 6916 6917 6914 6915
4 6880 6879 6914 6917
4 6918 6919 6920 6921
4 6922 6923 6920 6919
4 6886 6883 6920 6923
4 6882 6921 6920 6883
4 6880 6917 6924 6889
4 6916 6925 6924 6917
4 6918 6921 6924 6925
4 6882 6889 6924 6921
4 6886 6923 6926 6891
4 6922 6927 6926 6923
4 6928 6929 6926 6927
4 6892 6891 6926 6929
4 6892 6929 6930 6895
4 6928 6931 6930 6929
4 3055 3054 6930 6931
4 3053 6895 6930 3054
4 3061 3060 6932 6897
4 3059 6933 6932 3060
4 6934 6935 6932 6933
4 6898 6897 6932 6935
4 6898 6935 6936 6901
4 6934 6937 6936 6935
4 6938 6939 6936 6937
4 6902 6901 6936 6939
4 6902 6939 6940 6905
4 6938 6941 6940 6939
4 6942 6943 6940 6941
4 6906 6905 6940 6943
4 6942 6944 6945 6943
4 6946 6947 6945 6944
4 6910 6908 6945 6947
4 6906 6943 6945 6908
4 6910 6947 6948 6913
4 6946 6949 6948 6947
4 3067 3066 6948 6949
4 3065 6913 6948 3066
4 3047 3074 6950 6915
4 3073 6951 6950 3074
4 6952 6953 6950 6951
4 6916 6915 6950 6953
4 6954 6955 6956 6957
4 6958 6959 6956 6955
4 6922 6919 6956 6959
4 6918 6957 6956 6919
4 6916 6953 6960 6925
4 6952 6961 6960 6953
4 6954 6957 6960 6961
4 6918 6925 6960 6957
4 6922 6959 6962 6927
4 6958 6963 6962 6959
4 6964 6965 6962 6963
4 6928 6927 6962 6965
4 6928 6965 6966 6931
4 6964 6967 6966 6965
4 3077 3075 6966 6967
4 3055 6931 6966 3075
4 3059 3086 6968 6933
4 3085 6969 6968 3086
4 6970 6971 6968 6969
4 6934 6933 6968 6971
4 6934 6971 6972 6937
4 6970 6973 6972 6971
4 6974 6975 6972 6973
4 6938 6937 6972 6975
4 6938 6975 6976 6941
4 6974 6977 6976 6975
4 6978 6979 6976 6977
4 6942 6941 6976 6979
4 6978 6980 6981 6979
4 6982 6983 6981 6980
4 6946 6944 6981 6983
4 6942 6979 6981 6944
4 6946 6983 6984 6949
4 6982 6985 6984 6983
4 3089 3087 6984 6985
4 3067 6949 6984 3087
4 3073 3072 6986 6951
4 3071 6987 6986 3072
4 6988 6989 6986 6987
4 6952 6951 6986 6989
4 6990 6991 6992 6993
4 6958 6955 6992 6991
4 6954 6993 6992 6955
4 6952 6989 6994 6961
4 6988 6995 6994 6989
4 6996 6997 6994 6995
4 6990 6993 6994 6997
4 6954 6961 6994 6993
4 6958 6991 6998 6963
4 6990 6999 6998 6991
4 7000 7001 6998 6999
4 7002 7003 6998 7001
4 6964 6963 6998 7003
4 6990 6997 7004 6999
4 6996 7005 7004 6997
4 7000 6999 7004 7005
4 6964 7003 7006 6967
4 7002 7007 7006 7003
4 3079 3078 7006 7007
4 3077 6967 7006 3078
4 3085 3084 7008 6969
4 3083 7009 7008 3084
4 7010 7011 7008 7009
4 6970 6969 7008 7011
4 6970 7011 7012 6973
4 7010 7013 7012 7011
4 7014 7015 7012 7013
4 7016 7017 7012 7015
4 6974 6973 7012 7017
4 7014 7018 7019 7015
4 7020 7021 7019 7018
4 7016 7015 7019 7021
4 6974 7017 7022 6977
4 7016 7023 7022 7017
4 6978 6977 7022 7023
4 7016 7021 7024 7023
4 7020 7025 7024 7021
4 7026 7027 7024 7025
4 6982 6980 7024 7027
4 6978 7023 7024 6980
4 6982 7027 7028 6985
4 7026 7029 7028 7027
4 3091 3090 7028 7029
4 3089 6985 7028 3090
4 3071 3098 7030 6987
4 3097 7031 7030 3098
4 7032 7033 7030 7031
4 6988 6987 7030 7033
4 6988 7033 7034 6995
4 7032 7035 7034 7033
4 7036 7037 7034 7035
4 6996 6995 7034 7037
4 7038 7039 7040 7041
4 7042 7043 7040 7039
4 7002 7001 7040 7043
4 7000 7041 7040 7001
4 6996 7037 7044 7005
4 7036 7045 7044 7037
4 7038 7041 7044 7045
4 7000 7005 7044 7041
4 7002 7043 7046 7007
4 7042 7047 7046 7043
4 3101 3099 7046 7047
4 3079 7007 7046 3099
4 3083 3110 7048 7009
4 3109 7049 7048 3110
4 7050 7051 7048 7049
4 7010 7009 7048 7051
4 7010 7051 7052 7013
4 7050 7053 7052 7051
4 7054 7055 7052 7053
4 7014 7013 7052 7055
4 7054 7056 7057 7055
4 7058 7059 7057 7056
4 7020 7018 7057 7059
4 7014 7055 7057 7018
4 7020 7059 7060 7025
4 7058 7061 7060 7059
4 7062 7063 7060 7061
4 7026 7025 7060 7063
4 7026 7063 7064 7029
4 7062 7065 7064 7063
4 3113 3111 7064 7065
4 3091 7029 7064 3111
4 3097 3096 7066 7031
4 3095 7067 7066 3096
4 7068 7069 7066 7067
4 7032 7031 7066 7069
4 7032 7069 7070 7035
4 7068 7071 7070 7069
4 7072 7073 7070 7071
4 7036 7035 7070 7073
4 7074 7075 7076 7077
4 7078 7079 7076 7075
4 7042 7039 7076 7079
4 7038 7077 7076 7039
4 7036 7073 7080 7045
4 7072 7081 7080 7073
4 7074 7077 7080 7081
4 7038 7045 7080 7077
4 7042 7079 7082 7047
4 7078 7083 7082 7079
4 3103 3102 7082 7083
4 3101 7047 7082 3102
4 3109 3108 7084 7049
4 3107 7085 7084 3108
4 7086 7087 7084 7085
4 7050 7049 7084 7087
4 7050 7087 7088 7053
4 7086 7089 7088 7087
4 7090 7091 7088 7089
4 7054 7053 7088 7091
4 7090 7092 7093 7091
4 7094 7095 7093 7092
4 7058 7056 7093 7095
4 7054 7091 7093 7056
4 7058 7095 7096 7061
4 7094 7097 7096 7095
4 7098 7099 7096 7097
4 7062 7061 7096 7099
4 7062 7099 7100 7065
4 7098 7101 7100 7099
4 3115 3114 7100 7101
4 3113 7065 7100 3114
4 3095 3122 7102 7067
4 3121 7103 7102 3122
4 7104 7105 7102 7103
4 7068 7067 7102 7105
4 7068 7105 7106 7071
4 7104 7107 7106 7105
4 7108 7109 7106 7107
4 7072 7071 7106 7109
4 7110 7111 7112 7113
4 7114 7115 7112 7111
4 7078 7075 7112 7115
4 7074 7113 7112 7075
4 7072 7109 7116 7081
4 7108 7117 7116 7109
4 7110 7113 7116 7117
4 7074 7081 7116 7113
4 7078 7115 7118 7083
4 7114 7119 7118 7115
4 3125 3123 7118 7119
4 3103 7083 7118 3123
4 3107 3154 7120 7085
4 3153 7121 7120 3154
4 7122 7123 7120 7121
4 7086 7085 7120 7123
4 7086 7123 7124 7089
4 7122 7125 7124 7123
4 7126 7127 7124 7125
4 7090 7089 7124 7127
4 7126 7128 7129 7127
4 7130 7131 7129 7128
4 7094 7092 7129 7131
4 7090 7127 7129 7092
4 7094 7131 7132 7097
4 7130 7133 7132 7131
4 7134 7135 7132 7133
4 7098 7097 7132 7135
4 7098 7135 7136 7101
4 7134 7137 7136 7135
4 3157 3155 7136 7137
4 3115 7101 7136 3155
4 3121 3120 7138 7103
4 3119 7139 7138 3120
4 7140 7141 7138 7139
4 7104 7103 7138 7141
4 7104 7141 7142 7107
4 7140 7143 7142 7141
4 7144 7145 7142 7143
4 7108 7107 7142 7145
4 7146 7147 7148 7149
4 7150 7151 7148 7147
4 7114 7111 7148 7151
4 7110 7149 7148 7111
4 7108 7145 7152 7117
4 7144 7153 7152 7145
4 7146 7149 7152 7153
4 7110 7117 7152 7149
4 7114 7151 7154 7119
4 7150 7155 7154 7151
4 3127 3126 7154 7155
4 3125 7119 7154 3126
4 3153 3152 7156 7121
4 3151 7157 7156 3152
4 7158 7159 7156 7157
4 7122 7121 7156 7159
4 7122 7159 7160 7125
4 7158 7161 7160 7159
4 7162 7163 7160 7161
4 7126 7125 7160 7163
4 7162 7164 7165 7163
4 7166 7167 7165 7164
4 7130 7128 7165 7167
4 7126 7163 7165 7128
4 7130 7167 7168 7133
4 7166 7169 7168 7167
4 7170 7171 7168 7169
4 7134 7133 7168 7171
4 7134 7171 7172 7137
4 7170 7173 7172 7171
4 3159 3158 7172 7173
4 3157 7137 7172 3158
4 3119 3166 7174 7139
4 3165 7175 7174 3166
4 7176 7177 7174 7175
4 7140 7139 7174 7177
4 7140 7177 7178 7143
4 7176 7179 7178 7177
4 7180 7181 7178 7179
4 7144 7143 7178 7181
4 7182 7183 7184 7185
4 7150 7147 7184 7183
4 7146 7185 7184 7147
4 7144 7181 7186 7153
4 7180 7187 7186 7181
4 7188 7189 7186 7187
4 7182 7185 7186 7189
4 7146 7153 7186 7185
4 7150 7183 7190 7155
4 7182 7191 7190 7183
4 7192 7193 7190 7191
4 7194 7195 7190 7193
4 3127 7155 7190 7195
4 7182 7189 7196 7191
4 7188 7197 7196 7189
4 7192 7191 7196 7197
4 3127 7195 7198 3128
4 7194 7199 7198 7195
4 7200 7201 7198 7199
4 3129 3128 7198 7201
4 3129 7201 7202 3130
4 7200 7203 7202 7201
4 3169 3167 7202 7203
4 3131 3130 7202 3167
4 3145 3186 7204 3148
4 3185 7205 7204 3186
4 7206 7207 7204 7205
4 3149 3148 7204 7207
4 3149 7207 7208 3150
4 7206 7209 7208 7207
4 7210 7211 7208 7209
4 3151 3150 7208 7211
4 3151 7211 7212 7157
4 7210 7213 7212 7211
4 7214 7215 7212 7213
4 7216 7217 7212 7215
4 7158 7157 7212 7217
4 7214 7218 7219 7215
4 7220 7221 7219 7218
4 7216 7215 7219 7221
4 7158 7217 7222 7161
4 7216 7223 7222 7217
4 7162 7161 7222 7223
4 7216 7221 7224 7223
4 7220 7225 7224 7221
4 7226 7227 7224 7225
4 7166 7164 7224 7227
4 7162 7223 7224 7164
4 7166 7227 7228 7169
4 7226 7229 7228 7227
4 7230 7231 7228 7229
4 7170 7169 7228 7231
4 7170 7231 7232 7173
4 7230 7233 7232 7231
4 3189 3187 7232 7233
4 3159 7173 7232 3187
4 3165 3164 7234 7175
4 3163 3198 7234 3164
4 3206 7235 7234 3198
4 7176 7175 7234 7235
4 7176 7235 7236 7179
4 3206 3205 7236 7235
4 3204 7237 7236 3205
4 7180 7179 7236 7237
4 7180 7237 7238 7187
4 3204 7239 7238 7237
4 7240 7241 7238 7239
4 7188 7187 7238 7241
4 7242 7243 7244 7245
4 7246 7247 7244 7243
4 7194 7193 7244 7247
4 7192 7245 7244 7193
4 7188 7241 7248 7197
4 7240 7249 7248 7241
4 7242 7245 7248 7249
4 7192 7197 7248 7245
4 7194 7247 7250 7199
4 7246 7251 7250 7247
4 7252 7253 7250 7251
4 7200 7199 7250 7253
4 7200 7253 7254 7203
4 7252 7255 7254 7253
4 3171 3170 7254 7255
4 3169 7203 7254 3170
4 3185 3184 7256 7205
4 3183 7257 7256 3184
4 7258 7259 7256 7257
4 7206 7205 7256 7259
4 7206 7259 7260 7209
4 7258 7261 7260 7259
4 7262 7263 7260 7261
4 7210 7209 7260 7263
4 7210 7263 7264 7213
4 7262 7265 7264 7263
4 7266 7267 7264 7265
4 7214 7213 7264 7267
4 7266 7268 7269 7267
4 7270 7271 7269 7268
4 7220 7218 7269 7271
4 7214 7267 7269 7218
4 7220 7271 7272 7225
4 7270 7273 7272 7271
4 3231 7274 7272 7273
4 7226 7225 7272 7274
4 7226 7274 7275 7229
4 3231 3234 7275 7274
4 3242 7276 7275 3234
4 7230 7229 7275 7276
4 7230 7276 7277 7233
4 3242 3241 7277 7276
4 3191 3190 7277 3241
4 3189 7233 7277 3190
4 3204 3203 7278 7239
4 3202 7279 7278 3203
4 7280 7281 7278 7279
4 7240 7239 7278 7281
4 7282 7283 7284 7285
4 7286 7287 7284 7283
4 7246 7243 7284 7287
4 7242 7285 7284 7243
4 7240 7281 7288 7249
4 7280 7289 7288 7281
4 7282 7285 7288 7289
4 7242 7249 7288 7285
4 7246 7287 7290 7251
4 7286 7291 7290 7287
4 7292 7293 7290 7291
4 7252 7251 7290 7293
4 7252 7293 7294 7255
4 7292 7295 7294 7293
4 3209 3207 7294 7295
4 3171 7255 7294 3207
4 3183 3230 7296 7257
4 3229 7297 7296 3230
4 7298 7299 7296 7297
4 7258 7257 7296 7299
4 7258 7299 7300 7261
4 7298 7301 7300 7299
4 7302 7303 7300 7301
4 7262 7261 7300 7303
4 7262 7303 7304 7265
4 7302 7305 7304 7303
4 7306 7307 7304 7305
4 7266 7265 7304 7307
4 7306 7308 7309 7307
4 7310 7311 7309 7308
4 7270 7268 7309 7311
4 7266 7307 7309 7268
4 7270 7311 7312 7273
4 7310 7313 7312 7311
4 3235 3232 7312 7313
4 3231 7273 7312 3232
4 3202 3201 7314 7279
4 3200 7315 7314 3201
4 7316 7317 7314 7315
4 7280 7279 7314 7317
4 7318 7319 7320 7321
4 7286 7283 7320 7319
4 7282 7321 7320 7283
4 7280 7317 7322 7289
4 7316 7323 7322 7317
4 7324 7325 7322 7323
4 7318 7321 7322 7325
4 7282 7289 7322 7321
4 7286 7319 7326 7291
4 7318 7327 7326 7319
4 7328 7329 7326 7327
4 7330 7331 7326 7329
4 7292 7291 7326 7331
4 7318 7325 7332 7327
4 7324 7333 7332 7325
4 7328 7327 7332 7333
4 7292 7331 7334 7295
4 7330 7335 7334 7331
4 3211 3210 7334 7335
4 3209 7295 7334 3210
4 3229 3228 7336 7297
4 3227 7337 7336 3228
4 7338 7339 7336 7337
4 7298 7297 7336 7339
4 7298 7339 7340 7301
4 7338 7341 7340 7339
4 7342 7343 7340 7341
4 7344 7345 7340 7343
4 7302 7301 7340 7345
4 7342 7346 7347 7343
4 7348 7349 7347 7346
4 7344 7343 7347 7349
4 7302 7345 7350 7305
4 7344 7351 7350 7345
4 7306 7305 7350 7351
4 7344 7349 7352 7351
4 7348 7353 7352 7349
4 7354 7355 7352 7353
4 7310 7308 7352 7355
4 7306 7351 7352 7308
4 7310 7355 7356 7313
4 7354 7357 7356 7355
4 3237 3236 7356 7357
4 3235 7313 7356 3236
4 3200 3254 7358 7315
4 3253 7359 7358 3254
4 7360 7361 7358 7359
4 7316 7315 7358 7361
4 7316 7361 7362 7323
4 7360 7363 7362 7361
4 7364 7365 7362 7363
4 7324 7323 7362 7365
4 7366 7367 7368 7369
4 7370 7371 7368 7367
4 7330 7329 7368 7371
4 7328 7369 7368 7329
4 7324 7365 7372 7333
4 7364 7373 7372 7365
4 7366 7369 7372 7373
4 7328 7333 7372 7369
4 7330 7371 7374 7335
4 7370 7375 7374 7371
4 7376 7377 7374 7375
4 3211 7335 7374 7377
4 3211 7377 7378 3212
4 7376 7379 7378 7377
4 7380 7381 7378 7379
4 3213 3212 7378 7381
4 3213 7381 7382 3214
4 7380 7383 7382 7381
4 3257 3255 7382 7383
4 3215 3214 7382 3255
4 3221 3266 7384 3224
4 3265 7385 7384 3266
4 7386 7387 7384 7385
4 3225 3224 7384 7387
4 3225 7387 7388 3226
4 7386 7389 7388 7387
4 7390 7391 7388 7389
4 3227 3226 7388 7391
4 3227 7391 7392 7337
4 7390 7393 7392 7391
4 7394 7395 7392 7393
4 7338 7337 7392 7395
4 7338 7395 7396 7341
4 7394 7397 7396 7395
4 7398 7399 7396 7397
4 7342 7341 7396 7399
4 7398 7400 7401 7399
4 7402 7403 7401 7400
4 7348 7346 7401 7403
4 7342 7399 7401 7346
4 7348 7403 7404 7353
4 7402 7405 7404 7403
4 7406 7407 7404 7405
4 7354 7353 7404 7407
4 7354 7407 7408 7357
4 7406 7409 7408 7407
4 3269 3267 7408 7409
4 3237 7357 7408 3267
4 3253 3252 7410 7359
4 3251 7411 7410 3252
4 7412 7413 7410 7411
4 7360 7359 7410 7413
4 7360 7413 7414 7363
4 7412 7415 7414 7413
4 7416 7417 7414 7415
4 7364 7363 7414 7417
4 7418 7419 7420 7421
4 7370 7367 7420 7419
4 7366 7421 7420 7367
4 7364 7417 7422 7373
4 7416 7423 7422 7417
4 7424 7425 7422 7423
4 7418 7421 7422 7425
4 7366 7373 7422 7421
4 7370 7419 7426 7375
4 7418 7427 7426 7419
4 7428 7429 7426 7427
4 7430 7431 7426 7429
4 7376 7375 7426 7431
4 7418 7425 7432 7427
4 7424 7433 7432 7425
4 7428 7427 7432 7433
4 7376 7431 7434 7379
4 7430 7435 7434 7431
4 7436 7437 7434 7435
4 7380 7379 7434 7437
4 7380 7437 7438 7383
4 7436 7439 7438 7437
4 3259 3258 7438 7439
4 3257 7383 7438 3258
4 3265 3264 7440 7385
4 3263 7441 7440 3264
4 7442 7443 7440 7441
4 7386 7385 7440 7443
4 7386 7443 7444 7389
4 7442 7445 7444 7443
4 7446 7447 7444 7445
4 7390 7389 7444 7447
4 7390 7447 7448 7393
4 7446 7449 7448 7447
4 7450 7451 7448 7449
4 7452 7453 7448 7451
4 7394 7393 7448 7453
4 7450 7454 7455 7451
4 7456 7457 7455 7454
4 7452 7451 7455 7457
4 7394 7453 7458 7397
4 7452 7459 7458 7453
4 7398 7397 7458 7459
4 7452 7457 7460 7459
4 7456 7461 7460 7457
4 7462 7463 7460 7461
4 7402 7400 7460 7463
4 7398 7459 7460 7400
4 7402 7463 7464 7405
4 7462 7465 7464 7463
4 7466 7467 7464 7465
4 7406 7405 7464 7467
4 7406 7467 7468 7409
4 7466 7469 7468 7467
4 3271 3270 7468 7469
4 3269 7409 7468 3270
4 3251 3286 7470 7411
4 3285 7471 7470 3286
4 7472 7473 7470 7471
4 7412 7411 7470 7473
4 7412 7473 7474 7415
4 7472 7475 7474 7473
4 7476 7477 7474 7475
4 7416 7415 7474 7477
4 7416 7477 7478 7423
4 7476 7479 7478 7477
4 7480 7481 7478 7479
4 7424 7423 7478 7481
4 7482 7483 7484 7485
4 7486 7487 7484 7483
4 7430 7429 7484 7487
4 7428 7485 7484 7429
4 7424 7481 7488 7433
4 7480 7489 7488 7481
4 7482 7485 7488 7489
4 7428 7433 7488 7485
4 7430 7487 7490 7435
4 7486 7491 7490 7487
4 7492 7493 7490 7491
4 7436 7435 7490 7493
4 7436 7493 7494 7439
4 7492 7495 7494 7493
4 3289 3287 7494 7495
4 3259 7439 7494 3287
4 3263 3318 7496 7441
4 3317 7497 7496 3318
4 7498 7499 7496 7497
4 7442 7441 7496 7499
4 7442 7499 7500 7445
4 7498 7501 7500 7499
4 7502 7503 7500 7501
4 7446 7445 7500 7503
4 7446 7503 7504 7449
4 7502 7505 7504 7503
4 7506 7507 7504 7505
4 7450 7449 7504 7507
4 7506 7508 7509 7507
4 7510 7511 7509 7508
4 7456 7454 7509 7511
4 7450 7507 7509 7454
4 7456 7511 7512 7461
4 7510 7513 7512 7511
4 7514 7515 7512 7513
4 7462 7461 7512 7515
4 7462 7515 7516 7465
4 7514 7517 7516 7515
4 7518 7519 7516 7517
4 7466 7465 7516 7519
4 7466 7519 7520 7469
4 7518 7521 7520 7519
4 3321 3319 7520 7521
4 3271 7469 7520 3319
4 3285 3284 7522 7471
4 3283 3338 7522 3284
4 3346 7523 7522 3338
4 7472 7471 7522 7523
4 7472 7523 7524 7475
4 3346 3345 7524 7523
4 3344 7525 7524 3345
4 7476 7475 7524 7525
4 7476 7525 7526 7479
4 3344 7527 7526 7525
4 7528 7529 7526 7527
4 7480 7479 7526 7529
4 7530 7531 7532 7533
4 7486 7483 7532 7531
4 7482 7533 7532 7483
4 7480 7529 7534 7489
4 7528 7535 7534 7529
4 7536 7537 7534 7535
4 7530 7533 7534 7537
4 7482 7489 7534 7533
4 7486 7531 7538 7491
4 7530 7539 7538 7531
4 7540 7541 7538 7539
4 7542 7543 7538 7541
4 7492 7491 7538 7543
4 7530 7537 7544 7539
4 7536 7545 7544 7537
4 7540 7539 7544 7545
4 7492 7543 7546 7495
4 7542 7547 7546 7543
4 3291 3290 7546 7547
4 3289 7495 7546 3290
4 3317 3316 7548 7497
4 3315 7549 7548 3316
4 7550 7551 7548 7549
4 7498 7497 7548 7551
4 7498 7551 7552 7501
4 7550 7553 7552 7551
4 7554 7555 7552 7553
4 7556 7557 7552 7555
4 7502 7501 7552 7557
4 7554 7558 7559 7555
4 7560 7561 7559 7558
4 7556 7555 7559 7561
4 7502 7557 7562 7505
4 7556 7563 7562 7557
4 7506 7505 7562 7563
4 7556 7561 7564 7563
4 7560 7565 7564 7561
4 7566 7567 7564 7565
4 7510 7508 7564 7567
4 7506 7563 7564 7508
4 7510 7567 7568 7513
4 7566 7569 7568 7567
4 3367 7570 7568 7569
4 7514 7513 7568 7570
4 7514 7570 7571 7517
4 3367 3370 7571 7570
4 3378 7572 7571 3370
4 7518 7517 7571 7572
4 7518 7572 7573 7521
4 3378 3377 7573 7572
4 3323 3322 7573 3377
4 3321 7521 7573 3322
4 3344 3343 7574 7527
4 3342 7575 7574 3343
4 7576 7577 7574 7575
4 7528 7527 7574 7577
4 7528 7577 7578 7535
4 7576 7579 7578 7577
4 7580 7581 7578 7579
4 7536 7535 7578 7581
4 7582 7583 7584 7585
4 7586 7587 7584 7583
4 7542 7541 7584 7587
4 7540 7585 7584 7541
4 7536 7581 7588 7545
4 7580 7589 7588 7581
4 7582 7585 7588 7589
4 7540 7545 7588 7585
4 7542 7587 7590 7547
4 7586 7591 7590 7587
4 7592 7593 7590 7591
4 3291 7547 7590 7593
4 3291 7593 7594 3292
4 7592 7595 7594 7593
4 7596 7597 7594 7595
4 3293 3292 7594 7597
4 3293 7597 7598 3294
4 7596 7599 7598 7597
4 3349 3347 7598 7599
4 3295 3294 7598 3347
4 3309 3366 7600 3312
4 3365 7601 7600 3366
4 7602 7603 7600 7601
4 3313 3312 7600 7603
4 3313 7603 7604 3314
4 7602 7605 7604 7603
4 7606 7607 7604 7605
4 3315 3314 7604 7607
4 3315 7607 7608 7549
4 7606 7609 7608 7607
4 7610 7611 7608 7609
4 7550 7549 7608 7611
4 7550 7611 7612 7553
4 7610 7613 7612 7611
4 7614 7615 7612 7613
4 7554 7553 7612 7615
4 7614 7616 7617 7615
4 7618 7619 7617 7616
4 7560 7558 7617 7619
4 7554 7615 7617 7558
4 7560 7619 7620 7565
4 7618 7621 7620 7619
4 7622 7623 7620 7621
4 7566 7565 7620 7623
4 7566 7623 7624 7569
4 7622 7625 7624 7623
4 3371 3368 7624 7625
4 3367 7569 7624 3368
4 3342 3341 7626 7575
4 3340 7627 7626 3341
4 7628 7629 7626 7627
4 7576 7575 7626 7629
4 7576 7629 7630 7579
4 7628 7631 7630 7629
4 7632 7633 7630 7631
4 7580 7579 7630 7633
4 7634 7635 7636 7637
4 7586 7583 7636 7635
4 7582 7637 7636 7583
4 7580 7633 7638 7589
4 7632 7639 7638 7633
4 7640 7641 7638 7639
4 7634 7637 7638 7641
4 7582 7589 7638 7637
4 7586 7635 7642 7591
4 7634 7643 7642 7635
4 7644 7645 7642 7643
4 7646 7647 7642 7645
4 7592 7591 7642 7647
4 7634 7641 7648 7643
4 7640 7649 7648 7641
4 7644 7643 7648 7649
4 7592 7647 7650 7595
4 7646 7651 7650 7647
4 7652 7653 7650 7651
4 7596 7595 7650 7653
4 7596 7653 7654 7599
4 7652 7655 7654 7653
4 3351 3350 7654 7655
4 3349 7599 7654 3350
4 3365 3364 7656 7601
4 3363 7657 7656 3364
4 7658 7659 7656 7657
4 7602 7601 7656 7659
4 7602 7659 7660 7605
4 7658 7661 7660 7659
4 7662 7663 7660 7661
4 7606 7605 7660 7663
4 7606 7663 7664 7609
4 7662 7665 7664 7663
4 7666 7667 7664 7665
4 7668 7669 7664 7667
4 7610 7609 7664 7669
4 7666 7670 7671 7667
4 7672 7673 7671 7670
4 7668 7667 7671 7673
4 7610 7669 7674 7613
4 7668 7675 7674 7669
4 7614 7613 7674 7675
4 7668 7673 7676 7675
4 7672 7677 7676 7673
4 7678 7679 7676 7677
4 7618 7616 7676 7679
4 7614 7675 7676 7616
4 7618 7679 7680 7621
4 7678 7681 7680 7679
4 7682 7683 7680 7681
4 7622 7621 7680 7683
4 7622 7683 7684 7625
4 7682 7685 7684 7683
4 3373 3372 7684 7685
4 3371 7625 7684 3372
4 3340 3400 7686 7627
4 3399 7687 7686 3400
4 7688 7689 7686 7687
4 7628 7627 7686 7689
4 7628 7689 7690 7631
4 7688 7691 7690 7689
4 7692 7693 7690 7691
4 7632 7631 7690 7693
4 7694 7695 7696 7697
4 7698 7699 7696 7695
4 7700 7697 7696 7699
4 7632 7693 7701 7639
4 7692 7702 7701 7693
4 7694 7697 7701 7702
4 7700 7703 7701 7697
4 7640 7639 7701 7703
4 7700 7699 7704 7705
4 7698 7706 7704 7699
4 7707 7708 7704 7706
4 7646 7645 7704 7708
4 7644 7705 7704 7645
4 7640 7703 7709 7649
4 7700 7705 7709 7703
4 7644 7649 7709 7705
4 7646 7708 7710 7651
4 7707 7711 7710 7708
4 7712 7713 7710 7711
4 7652 7651 7710 7713
4 7652 7713 7714 7655
4 7712 7715 7714 7713
4 3403 3401 7714 7715
4 3351 7655 7714 3401
4 3363 3420 7716 7657
4 3419 7717 7716 3420
4 7718 7719 7716 7717
4 7658 7657 7716 7719
4 7658 7719 7720 7661
4 7718 7721 7720 7719
4 7722 7723 7720 7721
4 7662 7661 7720 7723
4 7662 7723 7724 7665
4 7722 7725 7724 7723
4 7726 7727 7724 7725
4 7728 7729 7724 7727
4 7666 7665 7724 7729
4 7728 7730 7731 7729
4 7672 7670 7731 7730
4 7666 7729 7731 7670
4 7728 7727 7732 7733
4 7726 7734 7732 7727
4 7735 7733 7732 7734
4 7672 7730 7736 7677
4 7728 7733 7736 7730
4 7735 7737 7736 7733
4 7738 7739 7736 7737
4 7678 7677 7736 7739
4 7678 7739 7740 7681
4 7738 7741 7740 7739
4 7742 7743 7740 7741
4 7682 7681 7740 7743
4 7682 7743 7744 7685
4 7742 7745 7744 7743
4 3423 3421 7744 7745
4 3373 7685 7744 3421
4 3399 3398 7746 7687
4 3397 7747 7746 3398
4 7748 7749 7746 7747
4 7688 7687 7746 7749
4 7688 7749 7750 7691
4 7748 7751 7750 7749
4 7752 7753 7750 7751
4 7692 7691 7750 7753
4 7754 7755 7756 7757
4 7758 7759 7756 7755
4 7698 7695 7756 7759
4 7694 7757 7756 7695
4 7692 7753 7760 7702
4 7752 7761 7760 7753
4 7754 7757 7760 7761
4 7694 7702 7760 7757
4 7698 7759 7762 7706
4 7758 7763 7762 7759
4 3447 7764 7762 7763
4 7707 7706 7762 7764
4 7707 7764 7765 7711
4 3447 3450 7765 7764
4 3457 7766 7765 3450
4 7712 7711 7765 7766
4 7712 7766 7767 7715
4 3457 3456 7767 7766
4 3405 3404 7767 3456
4 3403 7715 7767 3404
4 3419 3418 7768 7717
4 3417 3466 7768 3418
4 3474 7769 7768 3466
4 7718 7717 7768 7769
4 7718 7769 7770 7721
4 3474 3473 7770 7769
4 3472 7771 7770 3473
4 7722 7721 7770 7771
4 7722 7771 7772 7725
4 3472 7773 7772 7771
4 7774 7775 7772 7773
4 7726 7725 7772 7775
4 7726 7775 7776 7734
4 7774 7777 7776 7775
4 7778 7779 7776 7777
4 7735 7734 7776 7779
4 7778 7780 7781 7779
4 7782 7783 7781 7780
4 7738 7737 7781 7783
4 7735 7779 7781 7737
4 7738 7783 7784 7741
4 7782 7785 7784 7783
4 7786 7787 7784 7785
4 7742 7741 7784 7787
4 7742 7787 7788 7745
4 7786 7789 7788 7787
4 3425 3424 7788 7789
4 3423 7745 7788 3424
4 3391 3446 7790 3394
4 3445 7791 7790 3446
4 7792 7793 7790 7791
4 3395 3394 7790 7793
4 3395 7793 7794 3396
4 7792 7795 7794 7793
4 7796 7797 7794 7795
4 3397 3396 7794 7797
4 3397 7797 7798 7747
4 7796 7799 7798 7797
4 7800 7801 7798 7799
4 7748 7747 7798 7801
4 7802 7803 7804 7805
4 7806 7807 7804 7803
4 7808 7805 7804 7807
4 7748 7801 7809 7751
4 7800 7810 7809 7801
4 7802 7805 7809 7810
4 7808 7811 7809 7805
4 7752 7751 7809 7811
4 7808 7807 7812 7813
4 7806 7814 7812 7807
4 7815 7816 7812 7814
4 7758 7755 7812 7816
4 7754 7813 7812 7755
4 7752 7811 7817 7761
4 7808 7813 7817 7811
4 7754 7761 7817 7813
4 7758 7816 7818 7763
4 7815 7819 7818 7816
4 3451 3448 7818 7819
4 3447 7763 7818 3448
4 3472 3471 7820 7773
4 3470 7821 7820 3471
4 7822 7823 7820 7821
4 7774 7773 7820 7823
4 7774 7823 7824 7777
4 7822 7825 7824 7823
4 7826 7827 7824 7825
4 7828 7829 7824 7827
4 7778 7777 7824 7829
4 7828 7830 7831 7829
4 7782 7780 7831 7830
4 7778 7829 7831 7780
4 7828 7827 7832 7833
4 7826 7834 7832 7827
4 7835 7833 7832 7834
4 7782 7830 7836 7785
4 7828 7833 7836 7830
4 7835 7837 7836 7833
4 7838 7839 7836 7837
4 7786 7785 7836 7839
4 7786 7839 7840 7789
4 7838 7841 7840 7839
4 7842 7843 7840 7841
4 3425 7789 7840 7843
4 3425 7843 7844 3426
4 7842 7845 7844 7843
4 7846 7847 7844 7845
4 3427 3426 7844 7847
4 3427 7847 7848 3428
4 7846 7849 7848 7847
4 3477 3475 7848 7849
4 3429 3428 7848 3475
4 3445 3444 7850 7791
4 3443 7851 7850 3444
4 7852 7853 7850 7851
4 7792 7791 7850 7853
4 7792 7853 7854 7795
4 7852 7855 7854 7853
4 7856 7857 7854 7855
4 7796 7795 7854 7857
4 7796 7857 7858 7799
4 7856 7859 7858 7857
4 7860 7861 7858 7859
4 7800 7799 7858 7861
4 7862 7863 7864 7865
4 7866 7867 7864 7863
4 7806 7803 7864 7867
4 7802 7865 7864 7803
4 7800 7861 7868 7810
4 7860 7869 7868 7861
4 7862 7865 7868 7869
4 7802 7810 7868 7865
4 7806 7867 7870 7814
4 7866 7871 7870 7867
4 7872 7873 7870 7871
4 7815 7814 7870 7873
4 7815 7873 7874 7819
4 7872 7875 7874 7873
4 3453 3452 7874 7875
4 3451 7819 7874 3452
4 3470 3469 7876 7821
4 3468 7877 7876 3469
4 7878 7879 7876 7877
4 7822 7821 7876 7879
4 7822 7879 7880 7825
4 7878 7881 7880 7879
4 7882 7883 7880 7881
4 7826 7825 7880 7883
4 7826 7883 7884 7834
4 7882 7885 7884 7883
4 7886 7887 7884 7885
4 7835 7834 7884 7887
4 7886 7888 7889 7887
4 7890 7891 7889 7888
4 7838 7837 7889 7891
4 7835 7887 7889 7837
4 7838 7891 7892 7841
4 7890 7893 7892 7891
4 7894 7895 7892 7893
4 7842 7841 7892 7895
4 7842 7895 7896 7845
4 7894 7897 7896 7895
4 7898 7899 7896 7897
4 7846 7845 7896 7899
4 7846 7899 7900 7849
4 7898 7901 7900 7899
4 3479 3478 7900 7901
4 3477 7849 7900 3478
4 3443 3494 7902 7851
4 3493 7903 7902 3494
4 7904 7905 7902 7903
4 7852 7851 7902 7905
4 7852 7905 7906 7855
4 7904 7907 7906 7905
4 7908 7909 7906 7907
4 7856 7855 7906 7909
4 7910 7911 7912 7913
4 7914 7915 7912 7911
4 7916 7913 7912 7915
4 7856 7909 7917 7859
4 7908 7918 7917 7909
4 7910 7913 7917 7918
4 7916 7919 7917 7913
4 7860 7859 7917 7919
4 7916 7915 7920 7921
4 7914 7922 7920 7915
4 7923 7924 7920 7922
4 7866 7863 7920 7924
4 7862 7921 7920 7863
4 7860 7919 7925 7869
4 7916 7921 7925 7919
4 7862 7869 7925 7921
4 7866 7924 7926 7871
4 7923 7927 7926 7924
4 7928 7929 7926 7927
4 7872 7871 7926 7929
4 7872 7929 7930 7875
4 7928 7931 7930 7929
4 3497 3495 7930 7931
4 3453 7875 7930 3495
4 3468 3506 7932 7877
4 3505 7933 7932 3506
4 7934 7935 7932 7933
4 7878 7877 7932 7935
4 7878 7935 7936 7881
4 7934 7937 7936 7935
4 7938 7939 7936 7937
4 7882 7881 7936 7939
4 7882 7939 7940 7885
4 7938 7941 7940 7939
4 7942 7943 7940 7941
4 7944 7945 7940 7943
4 7886 7885 7940 7945
4 7944 7946 7947 7945
4 7890 7888 7947 7946
4 7886 7945 7947 7888
4 7944 7943 7948 7949
4 7942 7950 7948 7943
4 7951 7949 7948 7950
4 7890 7946 7952 7893
4 7944 7949 7952 7946
4 7951 7953 7952 7949
4 7954 7955 7952 7953
4 7894 7893 7952 7955
4 7894 7955 7956 7897
4 7954 7957 7956 7955
4 7958 7959 7956 7957
4 7898 7897 7956 7959
4 7898 7959 7960 7901
4 7958 7961 7960 7959
4 3509 3507 7960 7961
4 3479 7901 7960 3507
4 3493 3492 7962 7903
4 3491 7963 7962 3492
4 7964 7965 7962 7963
4 7904 7903 7962 7965
4 7904 7965 7966 7907
4 7964 7967 7966 7965
4 7968 7969 7966 7967
4 7908 7907 7966 7969
4 7970 7971 7972 7973
4 7974 7975 7972 7971
4 7914 7911 7972 7975
4 7910 7973 7972 7911
4 7908 7969 7976 7918
4 7968 7977 7976 7969
4 7970 7973 7976 7977
4 7910 7918 7976 7973
4 7914 7975 7978 7922
4 7974 7979 7978 7975
4 3529 7980 7978 7979
4 7923 7922 7978 7980
4 7923 7980 7981 7927
4 3529 3532 7981 7980
4 3540 7982 7981 3532
4 7928 7927 7981 7982
4 7928 7982 7983 7931
4 3540 3539 7983 7982
4 3499 3498 7983 3539
4 3497 7931 7983 3498
4 3505 3504 7984 7933
4 3503 3548 7984 3504
4 3556 7985 7984 3548
4 7934 7933 7984 7985
4 7934 7985 7986 7937
4 3556 3555 7986 7985
4 3554 7987 7986 3555
4 7938 7937 7986 7987
4 7938 7987 7988 7941
4 3554 7989 7988 7987
4 7990 7991 7988 7989
4 7942 7941 7988 7991
4 7942 7991 7992 7950
4 7990 7993 7992 7991
4 7994 7995 7992 7993
4 7951 7950 7992 7995
4 7994 7996 7997 7995
4 7998 7999 7997 7996
4 7954 7953 7997 7999
4 7951 7995 7997 7953
4 7954 7999 8000 7957
4 7998 8001 8000 7999
4 8002 8003 8000 8001
4 7958 7957 8000 8003
4 7958 8003 8004 7961
4 8002 8005 8004 8003
4 3511 3510 8004 8005
4 3509 7961 8004 3510
4 3491 3528 8006 7963
4 3527 8007 8006 3528
4 8008 8009 8006 8007
4 7964 7963 8006 8009
4 8010 8011 8012 8013
4 8014 8015 8012 8011
4 8016 8013 8012 8015
4 7964 8009 8017 7967
4 8008 8018 8017 8009
4 8010 8013 8017 8018
4 8016 8019 8017 8013
4 7968 7967 8017 8019
4 8016 8015 8020 8021
4 8014 8022 8020 8015
4 8023 8024 8020 8022
4 7974 7971 8020 8024
4 7970 8021 8020 7971
4 7968 8019 8025 7977
4 8016 8021 8025 8019
4 7970 7977 8025 8021
4 7974 8024 8026 7979
4 8023 8027 8026 8024
4 3533 3530 8026 8027
4 3529 7979 8026 3530
4 3554 3553 8028 7989
4 3552 8029 8028 3553
4 8030 8031 8028 8029
4 7990 7989 8028 8031
4 7990 8031 8032 7993
4 8030 8033 8032 8031
4 8034 8035 8032 8033
4 8036 8037 8032 8035
4 7994 7993 8032 8037
4 8036 8038 8039 8037
4 7998 7996 8039 8038
4 7994 8037 8039 7996
4 8036 8035 8040 8041
4 8034 8042 8040 8035
4 8043 8041 8040 8042
4 7998 8038 8044 8001
4 8036 8041 8044 8038
4 8043 8045 8044 8041
4 8046 8047 8044 8045
4 8002 8001 8044 8047
4 8002 8047 8048 8005
4 8046 8049 8048 8047
4 3559 3557 8048 8049
4 3511 8005 8048 3557
4 3527 3526 8050 8007
4 3525 8051 8050 3526
4 8052 8053 8050 8051
4 8008 8007 8050 8053
4 8054 8055 8056 8057
4 8058 8059 8056 8055
4 8014 8011 8056 8059
4 8010 8057 8056 8011
4 8008 8053 8060 8018
4 8052 8061 8060 8053
4 8054 8057 8060 8061
4 8010 8018 8060 8057
4 8014 8059 8062 8022
4 8058 8063 8062 8059
4 8064 8065 8062 8063
4 8023 8022 8062 8065
4 8023 8065 8066 8027
4 8064 8067 8066 8065
4 3535 3534 8066 8067
4 3533 8027 8066 3534
4 3552 3551 8068 8029
4 3550 8069 8068 3551
4 8070 8071 8068 8069
4 8030 8029 8068 8071
4 8030 8071 8072 8033
4 8070 8073 8072 8071
4 8074 8075 8072 8073
4 8034 8033 8072 8075
4 8034 8075 8076 8042
4 8074 8077 8076 8075
4 8078 8079 8076 8077
4 8043 8042 8076 8079
4 8078 8080 8081 8079
4 8082 8083 8081 8080
4 8046 8045 8081 8083
4 8043 8079 8081 8045
4 8046 8083 8084 8049
4 8082 8085 8084 8083
4 3561 3560 8084 8085
4 3559 8049 8084 3560
4 3519 3574 8086 3522
4 3573 8087 8086 3574
4 8088 8089 8086 8087
4 3523 3522 8086 8089
4 3523 8089 8090 3524
4 8088 8091 8090 8089
4 8092 8093 8090 8091
4 3525 3524 8090 8093
4 3525 8093 8094 8051
4 8092 8095 8094 8093
4 8096 8097 8094 8095
4 8052 8051 8094 8097
4 8098 8099 8100 8101
4 8102 8103 8100 8099
4 8058 8055 8100 8103
4 8054 8101 8100 8055
4 8052 8097 8104 8061
4 8096 8105 8104 8097
4 8098 8101 8104 8105
4 8054 8061 8104 8101
4 8058 8103 8106 8063
4 8102 8107 8106 8103
4 8108 8109 8106 8107
4 8064 8063 8106 8109
4 8064 8109 8110 8067
4 8108 8111 8110 8109
4 3577 3575 8110 8111
4 3535 8067 8110 3575
4 3550 3594 8112 8069
4 3593 8113 8112 3594
4 8114 8115 8112 8113
4 8070 8069 8112 8115
4 8070 8115 8116 8073
4 8114 8117 8116 8115
4 8118 8119 8116 8117
4 8074 8073 8116 8119
4 8074 8119 8120 8077
4 8118 8121 8120 8119
4 8122 8123 8120 8121
4 8078 8077 8120 8123
4 8122 8124 8125 8123
4 8126 8127 8125 8124
4 8082 8080 8125 8127
4 8078 8123 8125 8080
4 8082 8127 8128 8085
4 8126 8129 8128 8127
4 8130 8131 8128 8129
4 3561 8085 8128 8131
4 3561 8131 8132 3562
4 8130 8133 8132 8131
4 8134 8135 8132 8133
4 3563 3562 8132 8135
4 3563 8135 8136 3564
4 8134 8137 8136 8135
4 3597 3595 8136 8137
4 3565 3564 8136 3595
4 3573 3572 8138 8087
4 3571 8139 8138 3572
4 8140 8141 8138 8139
4 8088 8087 8138 8141
4 8088 8141 8142 8091
4 8140 8143 8142 8141
4 8144 8145 8142 8143
4 8092 8091 8142 8145
4 8146 8147 8148 8149
4 8150 8151 8148 8147
4 8152 8149 8148 8151
4 8092 8145 8153 8095
4 8144 8154 8153 8145
4 8146 8149 8153 8154
4 8152 8155 8153 8149
4 8096 8095 8153 8155
4 8152 8151 8156 8157
4 8150 8158 8156 8151
4 3607 8159 8156 8158
4 8102 8099 8156 8159
4 8098 8157 8156 8099
4 8096 8155 8160 8105
4 8152 8157 8160 8155
4 8098 8105 8160 8157
4 8102 8159 8161 8107
4 3607 3610 8161 8159
4 3617 8162 8161 3610
4 8108 8107 8161 8162
4 8108 8162 8163 8111
4 3617 3616 8163 8162
4 3579 3578 8163 3616
4 3577 8111 8163 3578
4 3593 3592 8164 8113
4 3591 3626 8164 3592
4 3634 8165 8164 3626
4 8114 8113 8164 8165
4 8114 8165 8166 8117
4 3634 3633 8166 8165
4 3632 8167 8166 3633
4 8118 8117 8166 8167
4 8118 8167 8168 8121
4 3632 8169 8168 8167
4 8170 8171 8168 8169
4 8172 8173 8168 8171
4 8122 8121 8168 8173
4 8172 8174 8175 8173
4 8126 8124 8175 8174
4 8122 8173 8175 8124
4 8172 8171 8176 8177
4 8170 8178 8176 8171
4 8179 8177 8176 8178
4 8126 8174 8180 8129
4 8172 8177 8180 8174
4 8179 8181 8180 8177
4 8182 8183 8180 8181
4 8130 8129 8180 8183
4 8130 8183 8184 8133
4 8182 8185 8184 8183
4 8186 8187 8184 8185
4 8134 8133 8184 8187
4 8134 8187 8188 8137
4 8186 8189 8188 8187
4 3599 3598 8188 8189
4 3597 8137 8188 3598
4 3571 3606 8190 8139
4 3605 8191 8190 3606
4 8192 8193 8190 8191
4 8140 8139 8190 8193
4 8140 8193 8194 8143
4 8192 8195 8194 8193
4 8196 8197 8194 8195
4 8144 8143 8194 8197
4 8198 8199 8200 8201
4 8202 8203 8200 8199
4 8150 8147 8200 8203
4 8146 8201 8200 8147
4 8144 8197 8204 8154
4 8196 8205 8204 8197
4 8198 8201 8204 8205
4 8146 8154 8204 8201
4 8150 8203 8206 8158
4 8202 8207 8206 8203
4 3611 3608 8206 8207
4 3607 8158 8206 3608
4 3632 3631 8208 8169
4 3630 8209 8208 3631
4 8210 8211 8208 8209
4 8170 8169 8208 8211
4 8170 8211 8212 8178
4 8210 8213 8212 8211
4 8214 8215 8212 8213
4 8179 8178 8212 8215
4 8214 8216 8217 8215
4 8218 8219 8217 8216
4 8182 8181 8217 8219
4 8179 8215 8217 8181
4 8182 8219 8220 8185
4 8218 8221 8220 8219
4 8222 8223 8220 8221
4 8186 8185 8220 8223
4 8186 8223 8224 8189
4 8222 8225 8224 8223
4 3637 3635 8224 8225
4 3599 8189 8224 3635
4 3605 3604 8226 8191
4 3603 8227 8226 3604
4 8228 8229 8226 8227
4 8192 8191 8226 8229
4 8192 8229 8230 8195
4 8228 8231 8230 8229
4 8232 8233 8230 8231
4 8196 8195 8230 8233
4 8234 8235 8236 8237
4 8238 8239 8236 8235
4 8202 8199 8236 8239
4 8198 8237 8236 8199
4 8196 8233 8240 8205
4 8232 8241 8240 8233
4 8234 8237 8240 8241
4 8198 8205 8240 8237
4 8202 8239 8242 8207
4 8238 8243 8242 8239
4 3613 3612 8242 8243
4 3611 8207 8242 3612
4 3630 3629 8244 8209
4 3628 8245 8244 3629
4 8246 8247 8244 8245
4 8210 8209 8244 8247
4 8210 8247 8248 8213
4 8246 8249 8248 8247
4 8250 8251 8248 8249
4 8214 8213 8248 8251
4 8250 8252 8253 8251
4 8254 8255 8253 8252
4 8218 8216 8253 8255
4 8214 8251 8253 8216
4 8218 8255 8256 8221
4 8254 8257 8256 8255
4 8258 8259 8256 8257
4 8222 8221 8256 8259
4 8222 8259 8260 8225
4 8258 8261 8260 8259
4 3639 3638 8260 8261
4 3637 8225 8260 3638
4 3603 3646 8262 8227
4 3645 8263 8262 3646
4 8264 8265 8262 8263
4 8228 8227 8262 8265
4 8228 8265 8266 8231
4 8264 8267 8266 8265
4 8268 8269 8266 8267
4 8232 8231 8266 8269
4 8270 8271 8272 8273
4 8274 8275 8272 8271
4 8238 8235 8272 8275
4 8234 8273 8272 8235
4 8232 8269 8276 8241
4 8268 8277 8276 8269
4 8270 8273 8276 8277
4 8234 8241 8276 8273
4 8238 8275 8278 8243
4 8274 8279 8278 8275
4 3649 3647 8278 8279
4 3613 8243 8278 3647
4 3628 3658 8280 8245
4 3657 8281 8280 3658
4 8282 8283 8280 8281
4 8246 8245 8280 8283
4 8246 8283 8284 8249
4 8282 8285 8284 8283
4 8286 8287 8284 8285
4 8250 8249 8284 8287
4 8286 8288 8289 8287
4 8290 8291 8289 8288
4 8254 8252 8289 8291
4 8250 8287 8289 8252
4 8254 8291 8292 8257
4 8290 8293 8292 8291
4 8294 8295 8292 8293
4 8258 8257 8292 8295
4 8258 8295 8296 8261
4 8294 8297 8296 8295
4 3661 3659 8296 8297
4 3639 8261 8296 3659
4 3645 3644 8298 8263
4 3643 8299 8298 3644
4 8300 8301 8298 8299
4 8264 8263 8298 8301
4 8264 8301 8302 8267
4 8300 8303 8302 8301
4 8304 8305 8302 8303
4 8268 8267 8302 8305
4 8306 8307 8308 8309
4 8310 8311 8308 8307
4 8274 8271 8308 8311
4 8270 8309 8308 8271
4 8268 8305 8312 8277
4 8304 8313 8312 8305
4 8306 8309 8312 8313
4 8270 8277 8312 8309
4 8274 8311 8314 8279
4 8310 8315 8314 8311
4 3651 3650 8314 8315
4 3649 8279 8314 3650
4 3657 3656 8316 8281
4 3655 8317 8316 3656
4 8318 8319 8316 8317
4 8282 8281 8316 8319
4 8282 8319 8320 8285
4 8318 8321 8320 8319
4 8322 8323 8320 8321
4 8286 8285 8320 8323
4 8322 8324 8325 8323
4 8326 8327 8325 8324
4 8290 8288 8325 8327
4 8286 8323 8325 8288
4 8290 8327 8328 8293
4 8326 8329 8328 8327
4 8330 8331 8328 8329
4 8294 8293 8328 8331
4 8294 8331 8332 8297
4 8330 8333 8332 8331
4 3663 3662 8332 8333
4 3661 8297 8332 3662
4 3643 3670 8334 8299
4 3669 8335 8334 3670
4 8336 8337 8334 8335
4 8300 8299 8334 8337
4 8338 8339 8340 8341
4 8342 8343 8340 8339
4 8344 8341 8340 8343
4 8300 8337 8345 8303
4 8336 8346 8345 8337
4 8338 8341 8345 8346
4 8344 8347 8345 8341
4 8304 8303 8345 8347
4 8344 8343 8348 8349
4 8342 8350 8348 8343
4 8351 8352 8348 8350
4 8310 8307 8348 8352
4 8306 8349 8348 8307
4 8304 8347 8353 8313
4 8344 8349 8353 8347
4 8306 8313 8353 8349
4 8310 8352 8354 8315
4 8351 8355 8354 8352
4 3673 3671 8354 8355
4 3651 8315 8354 3671
4 3655 3682 8356 8317
4 3681 8357 8356 3682
4 8358 8359 8356 8357
4 8318 8317 8356 8359
4 8318 8359 8360 8321
4 8358 8361 8360 8359
4 8362 8363 8360 8361
4 8364 8365 8360 8363
4 8322 8321 8360 8365
4 8364 8366 8367 8365
4 8326 8324 8367 8366
4 8322 8365 8367 8324
4 8364 8363 8368 8369
4 8362 8370 8368 8363
4 8371 8369 8368 8370
4 8326 8366 8372 8329
4 8364 8369 8372 8366
4 8371 8373 8372 8369
4 8374 8375 8372 8373
4 8330 8329 8372 8375
4 8330 8375 8376 8333
4 8374 8377 8376 8375
4 3685 3683 8376 8377
4 3663 8333 8376 3683
4 3669 3668 8378 8335
4 3667 8379 8378 3668
4 8380 8381 8378 8379
4 8336 8335 8378 8381
4 8382 8383 8384 8385
4 8386 8387 8384 8383
4 8342 8339 8384 8387
4 8338 8385 8384 8339
4 8336 8381 8388 8346
4 8380 8389 8388 8381
4 8382 8385 8388 8389
4 8338 8346 8388 8385
4 8342 8387 8390 8350
4 8386 8391 8390 8387
4 8392 8393 8390 8391
4 8351 8350 8390 8393
4 8351 8393 8394 8355
4 8392 8395 8394 8393
4 3675 3674 8394 8395
4 3673 8355 8394 3674
4 3681 3680 8396 8357
4 3679 8397 8396 3680
4 8398 8399 8396 8397
4 8358 8357 8396 8399
4 8358 8399 8400 8361
4 8398 8401 8400 8399
4 8402 8403 8400 8401
4 8362 8361 8400 8403
4 8362 8403 8404 8370
4 8402 8405 8404 8403
4 8406 8407 8404 8405
4 8371 8370 8404 8407
4 8406 8408 8409 8407
4 8410 8411 8409 8408
4 8374 8373 8409 8411
4 8371 8407 8409 8373
4 8374 8411 8412 8377
4 8410 8413 8412 8411
4 3687 3686 8412 8413
4 3685 8377 8412 3686
4 3667 3694 8414 8379
4 3693 8415 8414 3694
4 8416 8417 8414 8415
4 8380 8379 8414 8417
4 8418 8419 8420 8421
4 8422 8423 8420 8419
4 8386 8383 8420 8423
4 8382 8421 8420 8383
4 8380 8417 8424 8389
4 8416 8425 8424 8417
4 8418 8421 8424 8425
4 8382 8389 8424 8421
4 8386 8423 8426 8391
4 8422 8427 8426 8423
4 8428 8429 8426 8427
4 8392 8391 8426 8429
4 8392 8429 8430 8395
4 8428 8431 8430 8429
4 3697 3695 8430 8431
4 3675 8395 8430 3695
4 3679 3706 8432 8397
4 3705 8433 8432 3706
4 8434 8435 8432 8433
4 8398 8397 8432 8435
4 8398 8435 8436 8401
4 8434 8437 8436 8435
4 8438 8439 8436 8437
4 8402 8401 8436 8439
4 8402 8439 8440 8405
4 8438 8441 8440 8439
4 8442 8443 8440 8441
4 8406 8405 8440 8443
4 8442 8444 8445 8443
4 8446 8447 8445 8444
4 8410 8408 8445 8447
4 8406 8443 8445 8408
4 8410 8447 8448 8413
4 8446 8449 8448 8447
4 3709 3707 8448 8449
4 3687 8413 8448 3707
4 3693 3692 8450 8415
4 3691 8451 8450 3692
4 8452 8453 8450 8451
4 8416 8415 8450 8453
4 8454 8455 8456 8457
4 8458 8459 8456 8455
4 8422 8419 8456 8459
4 8418 8457 8456 8419
4 8416 8453 8460 8425
4 8452 8461 8460 8453
4 8454 8457 8460 8461
4 8418 8425 8460 8457
4 8422 8459 8462 8427
4 8458 8463 8462 8459
4 8464 8465 8462 8463
4 8428 8427 8462 8465
4 8428 8465 8466 8431
4 8464 8467 8466 8465
4 3699 3698 8466 8467
4 3697 8431 8466 3698
4 3705 3704 8468 8433
4 3703 8469 8468 3704
4 8470 8471 8468 8469
4 8434 8433 8468 8471
4 8434 8471 8472 8437
4 8470 8473 8472 8471
4 8474 8475 8472 8473
4 8438 8437 8472 8475
4 8438 8475 8476 8441
4 8474 8477 8476 8475
4 8478 8479 8476 8477
4 8442 8441 8476 8479
4 8478 8480 8481 8479
4 8482 8483 8481 8480
4 8446 8444 8481 8483
4 8442 8479 8481 8444
4 8446 8483 8484 8449
4 8482 8485 8484 8483
4 3711 3710 8484 8485
4 3709 8449 8484 3710
4 3691 3718 8486 8451
4 3717 8487 8486 3718
4 8488 8489 8486 8487
4 8452 8451 8486 8489
4 8490 8491 8492 8493
4 8494 8495 8492 8491
4 8458 8455 8492 8495
4 8454 8493 8492 8455
4 8452 8489 8496 8461
4 8488 8497 8496 8489
4 8490 8493 8496 8497
4 8454 8461 8496 8493
4 8458 8495 8498 8463
4 8494 8499 8498 8495
4 8500 8501 8498 8499
4 8464 8463 8498 8501
4 8464 8501 8502 8467
4 8500 8503 8502 8501
4 3721 3719 8502 8503
4 3699 8467 8502 3719
4 3703 3730 8504 8469
4 3729 8505 8504 3730
4 8506 8507 8504 8505
4 8470 8469 8504 8507
4 8470 8507 8508 8473
4 8506 8509 8508 8507
4 8510 8511 8508 8509
4 8474 8473 8508 8511
4 8474 8511 8512 8477
4 8510 8513 8512 8511
4 8514 8515 8512 8513
4 8478 8477 8512 8515
4 8514 8516 8517 8515
4 8518 8519 8517 8516
4 8482 8480 8517 8519
4 8478 8515 8517 8480
4 8482 8519 8520 8485
4 8518 8521 8520 8519
4 3733 3731 8520 8521
4 3711 8485 8520 3731
4 3717 3716 8522 8487
4 3715 8523 8522 3716
4 8524 8525 8522 8523
4 8488 8487 8522 8525
4 8526 8527 8528 8529
4 8530 8531 8528 8527
4 8494 8491 8528 8531
4 8490 8529 8528 8491
4 8488 8525 8532 8497
4 8524 8533 8532 8525
4 8526 8529 8532 8533
4 8490 8497 8532 8529
4 8494 8531 8534 8499
4 8530 8535 8534 8531
4 8536 8537 8534 8535
4 8500 8499 8534 8537
4 8500 8537 8538 8503
4 8536 8539 8538 8537
4 3723 3722 8538 8539
4 3721 8503 8538 3722
4 3729 3728 8540 8505
4 3727 8541 8540 3728
4 8542 8543 8540 8541
4 8506 8505 8540 8543
4 8506 8543 8544 8509
4 8542 8545 8544 8543
4 8546 8547 8544 8545
4 8510 8509 8544 8547
4 8510 8547 8548 8513
4 8546 8549 8548 8547
4 8550 8551 8548 8549
4 8514 8513 8548 8551
4 8550 8552 8553 8551
4 8554 8555 8553 8552
4 8518 8516 8553 8555
4 8514 8551 8553 8516
4 8518 8555 8556 8521
4 8554 8557 8556 8555
4 3735 3734 8556 8557
4 3733 8521 8556 3734
4 3715 3742 8558 8523
4 3741 8559 8558 3742
4 8560 8561 8558 8559
4 8524 8523 8558 8561
4 8562 8563 8564 8565
4 8566 8567 8564 8563
4 8530 8527 8564 8567
4 8526 8565 8564 8527
4 8524 8561 8568 8533
4 8560 8569 8568 8561
4 8562 8565 8568 8569
4 8526 8533 8568 8565
4 8530 8567 8570 8535
4 8566 8571 8570 8567
4 8572 8573 8570 8571
4 8536 8535 8570 8573
4 8536 8573 8574 8539
4 8572 8575 8574 8573
4 3745 3743 8574 8575
4 3723 8539 8574 3743
4 3727 3754 8576 8541
4 3753 8577 8576 3754
4 8578 8579 8576 8577
4 8542 8541 8576 8579
4 8542 8579 8580 8545
4 8578 8581 8580 8579
4 8582 8583 8580 8581
4 8546 8545 8580 8583
4 8546 8583 8584 8549
4 8582 8585 8584 8583
4 8586 8587 8584 8585
4 8550 8549 8584 8587
4 8586 8588 8589 8587
4 8590 8591 8589 8588
4 8554 8552 8589 8591
4 8550 8587 8589 8552
4 8554 8591 8592 8557
4 8590 8593 8592 8591
4 3757 3755 8592 8593
4 3735 8557 8592 3755
4 3741 3740 8594 8559
4 3739 8595 8594 3740
4 8596 8597 8594 8595
4 8560 8559 8594 8597
4 8598 8599 8600 8601
4 8602 8603 8600 8599
4 8566 8563 8600 8603
4 8562 8601 8600 8563
4 8560 8597 8604 8569
4 8596 8605 8604 8597
4 8598 8601 8604 8605
4 8562 8569 8604 8601
4 8566 8603 8606 8571
4 8602 8607 8606 8603
4 8608 8609 8606 8607
4 8572 8571 8606 8609
4 8572 8609 8610 8575
4 8608 8611 8610 8609
4 3747 3746 8610 8611
4 3745 8575 8610 3746
4 3753 3752 8612 8577
4 3751 8613 8612 3752
4 8614 8615 8612 8613
4 8578 8577 8612 8615
4 8578 8615 8616 8581
4 8614 8617 8616 8615
4 8618 8619 8616 8617
4 8582 8581 8616 8619
4 8582 8619 8620 8585
4 8618 8621 8620 8619
4 8622 8623 8620 8621
4 8586 8585 8620 8623
4 8622 8624 8625 8623
4 8626 8627 8625 8624
4 8590 8588 8625 8627
4 8586 8623 8625 8588
4 8590 8627 8628 8593
4 8626 8629 8628 8627
4 3759 3758 8628 8629
4 3757 8593 8628 3758
4 3739 3766 8630 8595
4 3765 8631 8630 3766
4 8632 8633 8630 8631
4 8596 8595 8630 8633
4 8634 8635 8636 8637
4 8602 8599 8636 8635
4 8598 8637 8636 8599
4 8596 8633 8638 8605
4 8632 8639 8638 8633
4 8640 8641 8638 8639
4 8634 8637 8638 8641
4 8598 8605 8638 8637
4 8602 8635 8642 8607
4 8634 8643 8642 8635
4 8644 8645 8642 8643
4 8646 8647 8642 8645
4 8608 8607 8642 8647
4 8634 8641 8648 8643
4 8640 8649 8648 8641
4 8644 8643 8648 8649
4 8608 8647 8650 8611
4 8646 8651 8650 8647
4 3769 3767 8650 8651
4 3747 8611 8650 3767
4 3751 3778 8652 8613
4 3777 8653 8652 3778
4 8654 8655 8652 8653
4 8614 8613 8652 8655
4 8614 8655 8656 8617
4 8654 8657 8656 8655
4 8658 8659 8656 8657
4 8660 8661 8656 8659
4 8618 8617 8656 8661
4 8658 8662 8663 8659
4 8664 8665 8663 8662
4 8660 8659 8663 8665
4 8618 8661 8666 8621
4 8660 8667 8666 8661
4 8622 8621 8666 8667
4 8660 8665 8668 8667
4 8664 8669 8668 8665
4 8670 8671 8668 8669
4 8626 8624 8668 8671
4 8622 8667 8668 8624
4 8626 8671 8672 8629
4 8670 8673 8672 8671
4 3781 3779 8672 8673
4 3759 8629 8672 3779
4 3765 3764 8674 8631
4 3763 8675 8674 3764
4 8676 8677 8674 8675
4 8632 8631 8674 8677
4 8632 8677 8678 8639
4 8676 8679 8678 8677
4 8680 8681 8678 8679
4 8640 8639 8678 8681
4 8682 8683 8684 8685
4 8686 8687 8684 8683
4 8646 8645 8684 8687
4 8644 8685 8684 8645
4 8640 8681 8688 8649
4 8680 8689 8688 8681
4 8682 8685 8688 8689
4 8644 8649 8688 8685
4 8646 8687 8690 8651
4 8686 8691 8690 8687
4 3771 3770 8690 8691
4 3769 8651 8690 3770
4 3777 3776 8692 8653
4 3775 8693 8692 3776
4 8694 8695 8692 8693
4 8654 8653 8692 8695
4 8654 8695 8696 8657
4 8694 8697 8696 8695
4 8698 8699 8696 8697
4 8658 8657 8696 8699
4 8698 8700 8701 8699
4 8702 8703 8701 8700
4 8664 8662 8701 8703
4 8658 8699 8701 8662
4 8664 8703 8704 8669
4 8702 8705 8704 8703
4 8706 8707 8704 8705
4 8670 8669 8704 8707
4 8670 8707 8708 8673
4 8706 8709 8708 8707
4 3783 3782 8708 8709
4 3781 8673 8708 3782
4 3763 3790 8710 8675
4 3789 8711 8710 3790
4 8712 8713 8710 8711
4 8676 8675 8710 8713
4 8676 8713 8714 8679
4 8712 8715 8714 8713
4 8716 8717 8714 8715
4 8680 8679 8714 8717
4 8718 8719 8720 8721
4 8722 8723 8720 8719
4 8686 8683 8720 8723
4 8682 8721 8720 8683
4 8680 8717 8724 8689
4 8716 8725 8724 8717
4 8718 8721 8724 8725
4 8682 8689 8724 8721
4 8686 8723 8726 8691
4 8722 8727 8726 8723
4 3793 3791 8726 8727
4 3771 8691 8726 3791
4 3775 3822 8728 8693
4 3821 8729 8728 3822
4 8730 8731 8728 8729
4 8694 8693 8728 8731
4 8694 8731 8732 8697
4 8730 8733 8732 8731
4 8734 8735 8732 8733
4 8698 8697 8732 8735
4 8734 8736 8737 8735
4 8738 8739 8737 8736
4 8702 8700 8737 8739
4 8698 8735 8737 8700
4 8702 8739 8740 8705
4 8738 8741 8740 8739
4 8742 8743 8740 8741
4 8706 8705 8740 8743
4 8706 8743 8744 8709
4 8742 8745 8744 8743
4 3825 3823 8744 8745
4 3783 8709 8744 3823
4 3789 3788 8746 8711
4 3787 8747 8746 3788
4 8748 8749 8746 8747
4 8712 8711 8746 8749
4 8712 8749 8750 8715
4 8748 8751 8750 8749
4 8752 8753 8750 8751
4 8716 8715 8750 8753
4 8754 8755 8756 8757
4 8758 8759 8756 8755
4 8722 8719 8756 8759
4 8718 8757 8756 8719
4 8716 8753 8760 8725
4 8752 8761 8760 8753
4 8754 8757 8760 8761
4 8718 8725 8760 8757
4 8722 8759 8762 8727
4 8758 8763 8762 8759
4 3795 3794 8762 8763
4 3793 8727 8762 3794
4 3821 3820 8764 8729
4 3819 8765 8764 3820
4 8766 8767 8764 8765
4 8730 8729 8764 8767
4 8730 8767 8768 8733
4 8766 8769 8768 8767
4 8770 8771 8768 8769
4 8734 8733 8768 8771
4 8770 8772 8773 8771
4 8774 8775 8773 8772
4 8738 8736 8773 8775
4 8734 8771 8773 8736
4 8738 8775 8776 8741
4 8774 8777 8776 8775
4 8778 8779 8776 8777
4 8742 8741 8776 8779
4 8742 8779 8780 8745
4 8778 8781 8780 8779
4 3827 3826 8780 8781
4 3825 8745 8780 3826
4 3787 3834 8782 8747
4 3833 8783 8782 3834
4 8784 8785 8782 8783
4 8748 8747 8782 8785
4 8748 8785 8786 8751
4 8784 8787 8786 8785
4 8788 8789 8786 8787
4 8752 8751 8786 8789
4 8790 8791 8792 8793
4 8794 8795 8792 8791
4 8758 8755 8792 8795
4 8754 8793 8792 8755
4 8752 8789 8796 8761
4 8788 8797 8796 8789
4 8790 8793 8796 8797
4 8754 8761 8796 8793
4 8758 8795 8798 8763
4 8794 8799 8798 8795
4 8800 8801 8798 8799
4 3795 8763 8798 8801
4 3795 8801 8802 3796
4 8800 8803 8802 8801
4 8804 8805 8802 8803
4 3797 3796 8802 8805
4 3797 8805 8806 3798
4 8804 8807 8806 8805
4 3837 3835 8806 8807
4 3799 3798 8806 3835
4 3813 3854 8808 3816
4 3853 8809 8808 3854
4 8810 8811 8808 8809
4 3817 3816 8808 8811
4 3817 8811 8812 3818
4 8810 8813 8812 8811
4 8814 8815 8812 8813
4 3819 3818 8812 8815
4 3819 8815 8816 8765
4 8814 8817 8816 8815
4 8818 8819 8816 8817
4 8766 8765 8816 8819
4 8766 8819 8820 8769
4 8818 8821 8820 8819
4 8822 8823 8820 8821
4 8770 8769 8820 8823
4 8822 8824 8825 8823
4 8826 8827 8825 8824
4 8774 8772 8825 8827
4 8770 8823 8825 8772
4 8774 8827 8828 8777
4 8826 8829 8828 8827
4 8830 8831 8828 8829
4 8778 8777 8828 8831
4 8778 8831 8832 8781
4 8830 8833 8832 8831
4 3857 3855 8832 8833
4 3827 8781 8832 3855
4 3833 3832 8834 8783
4 3831 3866 8834 3832
4 3874 8835 8834 3866
4 8784 8783 8834 8835
4 8784 8835 8836 8787
4 3874 3873 8836 8835
4 3872 8837 8836 3873
4 8788 8787 8836 8837
4 8838 8839 8840 8841
4 8794 8791 8840 8839
4 8790 8841 8840 8791
4 8788 8837 8842 8797
4 3872 8843 8842 8837
4 8844 8845 8842 8843
4 8838 8841 8842 8845
4 8790 8797 8842 8841
4 8794 8839 8846 8799
4 8838 8847 8846 8839
4 8848 8849 8846 8847
4 8850 8851 8846 8849
4 8800 8799 8846 8851
4 8838 8845 8852 8847
4 8844 8853 8852 8845
4 8848 8847 8852 8853
4 8800 8851 8854 8803
4 8850 8855 8854 8851
4 8856 8857 8854 8855
4 8804 8803 8854 8857
4 8804 8857 8858 8807
4 8856 8859 8858 8857
4 3839 3838 8858 8859
4 3837 8807 8858 3838
4 3853 3852 8860 8809
4 3851 8861 8860 3852
4 8862 8863 8860 8861
4 8810 8809 8860 8863
4 8810 8863 8864 8813
4 8862 8865 8864 8863
4 8866 8867 8864 8865
4 8814 8813 8864 8867
4 8814 8867 8868 8817
4 8866 8869 8868 8867
4 8870 8871 8868 8869
4 8872 8873 8868 8871
4 8818 8817 8868 8873
4 8870 8874 8875 8871
4 8876 8877 8875 8874
4 8872 8871 8875 8877
4 8818 8873 8878 8821
4 8872 8879 8878 8873
4 8822 8821 8878 8879
4 8872 8877 8880 8879
4 8876 8881 8880 8877
4 3895 8882 8880 8881
4 8826 8824 8880 8882
4 8822 8879 8880 8824
4 8826 8882 8883 8829
4 3895 3898 8883 8882
4 3906 8884 8883 3898
4 8830 8829 8883 8884
4 8830 8884 8885 8833
4 3906 3905 8885 8884
4 3859 3858 8885 3905
4 3857 8833 8885 3858
4 3872 3871 8886 8843
4 3870 8887 8886 3871
4 8888 8889 8886 8887
4 8844 8843 8886 8889
4 8890 8891 8892 8893
4 8894 8895 8892 8891
4 8850 8849 8892 8895
4 8848 8893 8892 8849
4 8844 8889 8896 8853
4 8888 8897 8896 8889
4 8890 8893 8896 8897
4 8848 8853 8896 8893
4 8850 8895 8898 8855
4 8894 8899 8898 8895
4 8900 8901 8898 8899
4 8856 8855 8898 8901
4 8856 8901 8902 8859
4 8900 8903 8902 8901
4 3877 3875 8902 8903
4 3839 8859 8902 3875
4 3851 3894 8904 8861
4 3893 8905 8904 3894
4 8906 8907 8904 8905
4 8862 8861 8904 8907
4 8862 8907 8908 8865
4 8906 8909 8908 8907
4 8910 8911 8908 8909
4 8866 8865 8908 8911
4 8866 8911 8912 8869
4 8910 8913 8912 8911
4 8914 8915 8912 8913
4 8870 8869 8912 8915
4 8914 8916 8917 8915
4 8918 8919 8917 8916
4 8876 8874 8917 8919
4 8870 8915 8917 8874
4 8876 8919 8920 8881
4 8918 8921 8920 8919
4 3899 3896 8920 8921
4 3895 8881 8920 3896
4 3870 3869 8922 8887
4 3868 8923 8922 3869
4 8924 8925 8922 8923
4 8888 8887 8922 8925
4 8926 8927 8928 8929
4 8930 8931 8928 8927
4 8894 8891 8928 8931
4 8890 8929 8928 8891
4 8888 8925 8932 8897
4 8924 8933 8932 8925
4 8926 8929 8932 8933
4 8890 8897 8932 8929
4 8894 8931 8934 8899
4 8930 8935 8934 8931
4 8936 8937 8934 8935
4 8900 8899 8934 8937
4 8900 8937 8938 8903
4 8936 8939 8938 8937
4 3879 3878 8938 8939
4 3877 8903 8938 3878
4 3893 3892 8940 8905
4 3891 8941 8940 3892
4 8942 8943 8940 8941
4 8906 8905 8940 8943
4 8906 8943 8944 8909
4 8942 8945 8944 8943
4 8946 8947 8944 8945
4 8910 8909 8944 8947
4 8910 8947 8948 8913
4 8946 8949 8948 8947
4 8950 8951 8948 8949
4 8914 8913 8948 8951
4 8950 8952 8953 8951
4 8954 8955 8953 8952
4 8918 8916 8953 8955
4 8914 8951 8953 8916
4 8918 8955 8956 8921
4 8954 8957 8956 8955
4 3901 3900 8956 8957
4 3899 8921 8956 3900
4 3868 3918 8958 8923
4 3917 8959 8958 3918
4 8960 8961 8958 8959
4 8924 8923 8958 8961
4 8962 8963 8964 8965
4 8930 8927 8964 8963
4 8926 8965 8964 8927
4 8924 8961 8966 8933
4 8960 8967 8966 8961
4 8968 8969 8966 8967
4 8962 8965 8966 8969
4 8926 8933 8966 8965
4 8930 8963 8970 8935
4 8962 8971 8970 8963
4 8972 8973 8970 8971
4 8974 8975 8970 8973
4 8936 8935 8970 8975
4 8962 8969 8976 8971
4 8968 8977 8976 8969
4 8972 8971 8976 8977
4 8936 8975 8978 8939
4 8974 8979 8978 8975
4 3921 3919 8978 8979
4 3879 8939 8978 3919
4 3891 3942 8980 8941
4 3941 8981 8980 3942
4 8982 8983 8980 8981
4 8942 8941 8980 8983
4 8942 8983 8984 8945
4 8982 8985 8984 8983
4 8986 8987 8984 8985
4 8988 8989 8984 8987
4 8946 8945 8984 8989
4 8986 8990 8991 8987
4 8992 8993 8991 8990
4 8988 8987 8991 8993
4 8946 8989 8994 8949
4 8988 8995 8994 8989
4 8950 8949 8994 8995
4 8988 8993 8996 8995
4 8992 8997 8996 8993
4 8998 8999 8996 8997
4 8954 8952 8996 8999
4 8950 8995 8996 8952
4 8954 8999 9000 8957
4 8998 9001 9000 8999
4 3945 3943 9000 9001
4 3901 8957 9000 3943
4 3917 3916 9002 8959
4 3915 9003 9002 3916
4 9004 9005 9002 9003
4 8960 8959 9002 9005
4 8960 9005 9006 8967
4 9004 9007 9006 9005
4 9008 9009 9006 9007
4 8968 8967 9006 9009
4 9010 9011 9012 9013
4 9014 9015 9012 9011
4 8974 8973 9012 9015
4 8972 9013 9012 8973
4 8968 9009 9016 8977
4 9008 9017 9016 9009
4 9010 9013 9016 9017
4 8972 8977 9016 9013
4 8974 9015 9018 8979
4 9014 9019 9018 9015
4 3923 3922 9018 9019
4 3921 8979 9018 3922
4 3941 3940 9020 8981
4 3939 9021 9020 3940
4 9022 9023 9020 9021
4 8982 8981 9020 9023
4 8982 9023 9024 8985
4 9022 9025 9024 9023
4 9026 9027 9024 9025
4 8986 8985 9024 9027
4 9026 9028 9029 9027
4 9030 9031 9029 9028
4 8992 8990 9029 9031
4 8986 9027 9029 8990
4 8992 9031 9032 8997
4 9030 9033 9032 9031
4 9034 9035 9032 9033
4 8998 8997 9032 9035
4 8998 9035 9036 9001
4 9034 9037 9036 9035
4 3947 3946 9036 9037
4 3945 9001 9036 3946
4 3915 3962 9038 9003
4 3961 9039 9038 3962
4 9040 9041 9038 9039
4 9004 9003 9038 9041
4 9004 9041 9042 9007
4 9040 9043 9042 9041
4 9044 9045 9042 9043
4 9008 9007 9042 9045
4 9046 9047 9048 9049
4 9014 9011 9048 9047
4 9010 9049 9048 9011
4 9008 9045 9050 9017
4 9044 9051 9050 9045
4 9052 9053 9050 9051
4 9046 9049 9050 9053
4 9010 9017 9050 9049
4 9014 9047 9054 9019
4 9046 9055 9054 9047
4 9056 9057 9054 9055
4 9058 9059 9054 9057
4 3923 9019 9054 9059
4 9046 9053 9060 9055
4 9052 9061 9060 9053
4 9056 9055 9060 9061
4 3923 9059 9062 3924
4 9058 9063 9062 9059
4 9064 9065 9062 9063
4 3925 3924 9062 9065
4 3925 9065 9066 3926
4 9064 9067 9066 9065
4 3965 3963 9066 9067
4 3927 3926 9066 3963
4 3933 3994 9068 3936
4 3993 9069 9068 3994
4 9070 9071 9068 9069
4 3937 3936 9068 9071
4 3937 9071 9072 3938
4 9070 9073 9072 9071
4 9074 9075 9072 9073
4 3939 3938 9072 9075
4 3939 9075 9076 9021
4 9074 9077 9076 9075
4 9078 9079 9076 9077
4 9080 9081 9076 9079
4 9022 9021 9076 9081
4 9078 9082 9083 9079
4 9084 9085 9083 9082
4 9080 9079 9083 9085
4 9022 9081 9086 9025
4 9080 9087 9086 9081
4 9026 9025 9086 9087
4 9080 9085 9088 9087
4 9084 9089 9088 9085
4 9090 9091 9088 9089
4 9030 9028 9088 9091
4 9026 9087 9088 9028
4 9030 9091 9092 9033
4 9090 9093 9092 9091
4 9094 9095 9092 9093
4 9034 9033 9092 9095
4 9034 9095 9096 9037
4 9094 9097 9096 9095
4 3997 3995 9096 9097
4 3947 9037 9096 3995
4 3961 3960 9098 9039
4 3959 4010 9098 3960
4 4018 9099 9098 4010
4 9040 9039 9098 9099
4 9040 9099 9100 9043
4 4018 4017 9100 9099
4 4016 9101 9100 4017
4 9044 9043 9100 9101
4 9044 9101 9102 9051
4 4016 9103 9102 9101
4 9104 9105 9102 9103
4 9052 9051 9102 9105
4 9106 9107 9108 9109
4 9110 9111 9108 9107
4 9058 9057 9108 9111
4 9056 9109 9108 9057
4 9052 9105 9112 9061
4 9104 9113 9112 9105
4 9106 9109 9112 9113
4 9056 9061 9112 9109
4 9058 9111 9114 9063
4 9110 9115 9114 9111
4 9116 9117 9114 9115
4 9064 9063 9114 9117
4 9064 9117 9118 9067
4 9116 9119 9118 9117
4 3967 3966 9118 9119
4 3965 9067 9118 3966
4 3993 3992 9120 9069
4 3991 9121 9120 3992
4 9122 9123 9120 9121
4 9070 9069 9120 9123
4 9070 9123 9124 9073
4 9122 9125 9124 9123
4 9126 9127 9124 9125
4 9074 9073 9124 9127
4 9074 9127 9128 9077
4 9126 9129 9128 9127
4 9130 9131 9128 9129
4 9078 9077 9128 9131
4 9130 9132 9133 9131
4 9134 9135 9133 9132
4 9084 9082 9133 9135
4 9078 9131 9133 9082
4 9084 9135 9136 9089
4 9134 9137 9136 9135
4 4039 9138 9136 9137
4 9090 9089 9136 9138
4 9090 9138 9139 9093
4 4039 4042 9139 9138
4 4049 9140 9139 4042
4 9094 9093 9139 9140
4 9094 9140 9141 9097
4 4049 4048 9141 9140
4 3999 3998 9141 4048
4 3997 9097 9141 3998
4 4016 4015 9142 9103
4 4014 9143 9142 4015
4 9144 9145 9142 9143
4 9104 9103 9142 9145
4 9146 9147 9148 9149
4 9110 9107 9148 9147
4 9106 9149 9148 9107
4 9104 9145 9150 9113
4 9144 9151 9150 9145
4 9152 9153 9150 9151
4 9146 9149 9150 9153
4 9106 9113 9150 9149
4 9110 9147 9154 9115
4 9146 9155 9154 9147
4 9156 9157 9154 9155
4 9158 9159 9154 9157
4 9116 9115 9154 9159
4 9146 9153 9160 9155
4 9152 9161 9160 9153
4 9156 9155 9160 9161
4 9116 9159 9162 9119
4 9158 9163 9162 9159
4 9164 9165 9162 9163
4 3967 9119 9162 9165
4 3967 9165 9166 3968
4 9164 9167 9166 9165
4 9168 9169 9166 9167
4 3969 3968 9166 9169
4 3969 9169 9170 3970
4 9168 9171 9170 9169
4 4021 4019 9170 9171
4 3971 3970 9170 4019
4 3985 4038 9172 3988
4 4037 9173 9172 4038
4 9174 9175 9172 9173
4 3989 3988 9172 9175
4 3989 9175 9176 3990
4 9174 9177 9176 9175
4 9178 9179 9176 9177
4 3991 3990 9176 9179
4 3991 9179 9180 9121
4 9178 9181 9180 9179
4 9182 9183 9180 9181
4 9122 9121 9180 9183
4 9122 9183 9184 9125
4 9182 9185 9184 9183
4 9186 9187 9184 9185
4 9188 9189 9184 9187
4 9126 9125 9184 9189
4 9186 9190 9191 9187
4 9192 9193 9191 9190
4 9188 9187 9191 9193
4 9126 9189 9194 9129
4 9188 9195 9194 9189
4 9130 9129 9194 9195
4 9188 9193 9196 9195
4 9192 9197 9196 9193
4 9198 9199 9196 9197
4 9134 9132 9196 9199
4 9130 9195 9196 9132
4 9134 9199 9200 9137
4 9198 9201 9200 9199
4 4043 4040 9200 9201
4 4039 9137 9200 4040
4 4014 4013 9202 9143
4 4012 9203 9202 4013
4 9204 9205 9202 9203
4 9144 9143 9202 9205
4 9144 9205 9206 9151
4 9204 9207 9206 9205
4 9208 9209 9206 9207
4 9152 9151 9206 9209
4 9210 9211 9212 9213
4 9214 9215 9212 9211
4 9158 9157 9212 9215
4 9156 9213 9212 9157
4 9152 9209 9216 9161
4 9208 9217 9216 9209
4 9210 9213 9216 9217
4 9156 9161 9216 9213
4 9158 9215 9218 9163
4 9214 9219 9218 9215
4 9220 9221 9218 9219
4 9164 9163 9218 9221
4 9164 9221 9222 9167
4 9220 9223 9222 9221
4 9224 9225 9222 9223
4 9168 9167 9222 9225
4 9168 9225 9226 9171
4 9224 9227 9226 9225
4 4023 4022 9226 9227
4 4021 9171 9226 4022
4 4037 4036 9228 9173
4 4035 9229 9228 4036
4 9230 9231 9228 9229
4 9174 9173 9228 9231
4 9174 9231 9232 9177
4 9230 9233 9232 9231
4 9234 9235 9232 9233
4 9178 9177 9232 9235
4 9178 9235 9236 9181
4 9234 9237 9236 9235
4 9238 9239 9236 9237
4 9182 9181 9236 9239
4 9182 9239 9240 9185
4 9238 9241 9240 9239
4 9242 9243 9240 9241
4 9186 9185 9240 9243
4 9242 9244 9245 9243
4 9246 9247 9245 9244
4 9192 9190 9245 9247
4 9186 9243 9245 9190
4 9192 9247 9248 9197
4 9246 9249 9248 9247
4 9250 9251 9248 9249
4 9198 9197 9248 9251
4 9198 9251 9252 9201
4 9250 9253 9252 9251
4 4045 4044 9252 9253
4 4043 9201 9252 4044
4 4012 4058 9254 9203
4 4057 9255 9254 4058
4 9256 9257 9254 9255
4 9204 9203 9254 9257
4 9204 9257 9258 9207
4 9256 9259 9258 9257
4 9260 9261 9258 9259
4 9208 9207 9258 9261
4 9262 9263 9264 9265
4 9214 9211 9264 9263
4 9210 9265 9264 9211
4 9208 9261 9266 9217
4 9260 9267 9266 9261
4 9268 9269 9266 9267
4 9262 9265 9266 9269
4 9210 9217 9266 9265
4 9214 9263 9270 9219
4 9262 9271 9270 9263
4 9272 9273 9270 9271
4 9274 9275 9270 9273
4 9220 9219 9270 9275
4 9262 9269 9276 9271
4 9268 9277 9276 9269
4 9272 9271 9276 9277
4 9220 9275 9278 9223
4 9274 9279 9278 9275
4 9280 9281 9278 9279
4 9224 9223 9278 9281
4 9224 9281 9282 9227
4 9280 9283 9282 9281
4 4061 4059 9282 9283
4 4023 9227 9282 4059
4 4035 4098 9284 9229
4 4097 9285 9284 4098
4 9286 9287 9284 9285
4 9230 9229 9284 9287
4 9230 9287 9288 9233
4 9286 9289 9288 9287
4 9290 9291 9288 9289
4 9234 9233 9288 9291
4 9234 9291 9292 9237
4 9290 9293 9292 9291
4 9294 9295 9292 9293
4 9296 9297 9292 9295
4 9238 9237 9292 9297
4 9294 9298 9299 9295
4 9300 9301 9299 9298
4 9296 9295 9299 9301
4 9238 9297 9302 9241
4 9296 9303 9302 9297
4 9242 9241 9302 9303
4 9296 9301 9304 9303
4 9300 9305 9304 9301
4 9306 9307 9304 9305
4 9246 9244 9304 9307
4 9242 9303 9304 9244
4 9246 9307 9308 9249
4 9306 9309 9308 9307
4 9310 9311 9308 9309
4 9250 9249 9308 9311
4 9250 9311 9312 9253
4 9310 9313 9312 9311
4 4101 4099 9312 9313
4 4045 9253 9312 4099
4 4057 4056 9314 9255
4 4055 4110 9314 4056
4 4118 9315 9314 4110
4 9256 9255 9314 9315
4 9256 9315 9316 9259
4 4118 4117 9316 9315
4 4116 9317 9316 4117
4 9260 9259 9316 9317
4 9260 9317 9318 9267
4 4116 9319 9318 9317
4 9320 9321 9318 9319
4 9268 9267 9318 9321
4 9322 9323 9324 9325
4 9274 9273 9324 9323
4 9272 9325 9324 9273
4 9268 9321 9326 9277
4 9320 9327 9326 9321
4 9328 9329 9326 9327
4 9322 9325 9326 9329
4 9272 9277 9326 9325
4 9274 9323 9330 9279
4 9322 9331 9330 9323
4 9332 9333 9330 9331
4 9334 9335 9330 9333
4 9280 9279 9330 9335
4 9322 9329 9336 9331
4 9328 9337 9336 9329
4 9332 9331 9336 9337
4 9280 9335 9338 9283
4 9334 9339 9338 9335
4 4063 4062 9338 9339
4 4061 9283 9338 4062
4 4097 4096 9340 9285
4 4095 9341 9340 4096
4 9342 9343 9340 9341
4 9286 9285 9340 9343
4 9286 9343 9344 9289
4 9342 9345 9344 9343
4 9346 9347 9344 9345
4 9348 9349 9344 9347
4 9290 9289 9344 9349
4 9346 9350 9351 9347
4 9352 9353 9351 9350
4 9348 9347 9351 9353
4 9290 9349 9354 9293
4 9348 9355 9354 9349
4 9294 9293 9354 9355
4 9348 9353 9356 9355
4 9352 9357 9356 9353
4 9358 9359 9356 9357
4 9300 9298 9356 9359
4 9294 9355 9356 9298
4 9300 9359 9360 9305
4 9358 9361 9360 9359
4 4151 9362 9360 9361
4 9306 9305 9360 9362
4 9306 9362 9363 9309
4 4151 4154 9363 9362
4 4162 9364 9363 4154
4 9310 9309 9363 9364
4 9310 9364 9365 9313
4 4162 4161 9365 9364
4 4103 4102 9365 4161
4 4101 9313 9365 4102
4 4116 4115 9366 9319
4 4114 9367 9366 4115
4 9368 9369 9366 9367
4 9320 9319 9366 9369
4 9320 9369 9370 9327
4 9368 9371 9370 9369
4 9372 9373 9370 9371
4 9328 9327 9370 9373
4 9374 9375 9376 9377
4 9334 9333 9376 9375
4 9332 9377 9376 9333
4 9328 9373 9378 9337
4 9372 9379 9378 9373
4 9380 9381 9378 9379
4 9374 9377 9378 9381
4 9332 9337 9378 9377
4 9334 9375 9382 9339
4 9374 9383 9382 9375
4 9384 9385 9382 9383
4 9386 9387 9382 9385
4 4063 9339 9382 9387
4 9374 9381 9388 9383
4 9380 9389 9388 9381
4 9384 9383 9388 9389
4 4063 9387 9390 4064
4 9386 9391 9390 9387
4 9392 9393 9390 9391
4 4065 4064 9390 9393
4 4065 9393 9394 4066
4 9392 9395 9394 9393
4 4121 4119 9394 9395
4 4067 4066 9394 4119
4 4089 4150 9396 4092
4 4149 9397 9396 4150
4 9398 9399 9396 9397
4 4093 4092 9396 9399
4 4093 9399 9400 4094
4 9398 9401 9400 9399
4 9402 9403 9400 9401
4 4095 4094 9400 9403
4 4095 9403 9404 9341
4 9402 9405 9404 9403
4 9406 9407 9404 9405
4 9408 9409 9404 9407
4 9342 9341 9404 9409
4 9406 9410 9411 9407
4 9412 9413 9411 9410
4 9408 9407 9411 9413
4 9342 9409 9414 9345
4 9408 9415 9414 9409
4 9346 9345 9414 9415
4 9408 9413 9416 9415
4 9412 9417 9416 9413
4 9418 9419 9416 9417
4 9352 9350 9416 9419
4 9346 9415 9416 9350
4 9352 9419 9420 9357
4 9418 9421 9420 9419
4 9422 9423 9420 9421
4 9358 9357 9420 9423
4 9358 9423 9424 9361
4 9422 9425 9424 9423
4 4155 4152 9424 9425
4 4151 9361 9424 4152
4 4114 4113 9426 9367
4 4112 4174 9426 4113
4 4182 9427 9426 4174
4 9368 9367 9426 9427
4 9368 9427 9428 9371
4 4182 4181 9428 9427
4 4180 9429 9428 4181
4 9372 9371 9428 9429
4 9372 9429 9430 9379
4 4180 9431 9430 9429
4 9432 9433 9430 9431
4 9380 9379 9430 9433
4 9434 9435 9436 9437
4 9386 9385 9436 9435
4 9384 9437 9436 9385
4 9380 9433 9438 9389
4 9432 9439 9438 9433
4 9440 9441 9438 9439
4 9434 9437 9438 9441
4 9384 9389 9438 9437
4 9386 9435 9442 9391
4 9434 9443 9442 9435
4 9444 9445 9442 9443
4 9446 9447 9442 9445
4 9392 9391 9442 9447
4 9434 9441 9448 9443
4 9440 9449 9448 9441
4 9444 9443 9448 9449
4 9392 9447 9450 9395
4 9446 9451 9450 9447
4 4123 4122 9450 9451
4 4121 9395 9450 4122
4 4149 4148 9452 9397
4 4147 9453 9452 4148
4 9454 9455 9452 9453
4 9398 9397 9452 9455
4 9398 9455 9456 9401
4 9454 9457 9456 9455
4 9458 9459 9456 9457
4 9460 9461 9456 9459
4 9402 9401 9456 9461
4 9458 9462 9463 9459
4 9464 9465 9463 9462
4 9460 9459 9463 9465
4 9402 9461 9466 9405
4 9460 9467 9466 9461
4 9406 9405 9466 9467
4 9460 9465 9468 9467
4 9464 9469 9468 9465
4 9470 9471 9468 9469
4 9412 9410 9468 9471
4 9406 9467 9468 9410
4 9412 9471 9472 9417
4 9470 9473 9472 9471
4 4227 9474 9472 9473
4 9418 9417 9472 9474
4 9418 9474 9475 9421
4 4227 4230 9475 9474
4 4238 9476 9475 4230
4 9422 9421 9475 9476
4 9422 9476 9477 9425
4 4238 4237 9477 9476
4 4157 4156 9477 4237
4 4155 9425 9477 4156
4 4180 4179 9478 9431
4 4178 9479 9478 4179
4 9480 9481 9478 9479
4 9432 9431 9478 9481
4 9432 9481 9482 9439
4 9480 9483 9482 9481
4 9484 9485 9482 9483
4 9440 9439 9482 9485
4 9486 9487 9488 9489
4 9490 9491 9488 9487
4 9446 9445 9488 9491
4 9444 9489 9488 9445
4 9440 9485 9492 9449
4 9484 9493 9492 9485
4 9486 9489 9492 9493
4 9444 9449 9492 9489
4 9446 9491 9494 9451
4 9490 9495 9494 9491
4 9496 9497 9494 9495
4 4123 9451 9494 9497
4 4123 9497 9498 4124
4 9496 9499 9498 9497
4 9500 9501 9498 9499
4 4125 4124 9498 9501
4 4125 9501 9502 4126
4 9500 9503 9502 9501
4 4185 4183 9502 9503
4 4127 4126 9502 4183
4 4141 4226 9504 4144
4 4225 9505 9504 4226
4 9506 9507 9504 9505
4 4145 4144 9504 9507
4 4145 9507 9508 4146
4 9506 9509 9508 9507
4 9510 9511 9508 9509
4 4147 4146 9508 9511
4 4147 9511 9512 9453
4 9510 9513 9512 9511
4 9514 9515 9512 9513
4 9454 9453 9512 9515
4 9454 9515 9516 9457
4 9514 9517 9516 9515
4 9518 9519 9516 9517
4 9458 9457 9516 9519
4 9518 9520 9521 9519
4 9522 9523 9521 9520
4 9464 9462 9521 9523
4 9458 9519 9521 9462
4 9464 9523 9524 9469
4 9522 9525 9524 9523
4 9526 9527 9524 9525
4 9470 9469 9524 9527
4 9470 9527 9528 9473
4 9526 9529 9528 9527
4 4231 4228 9528 9529
4 4227 9473 9528 4228
4 4178 4177 9530 9479
4 4176 4254 9530 4177
4 4262 9531 9530 4254
4 9480 9479 9530 9531
4 9480 9531 9532 9483
4 4262 4261 9532 9531
4 4260 9533 9532 4261
4 9484 9483 9532 9533
4 9534 9535 9536 9537
4 9490 9487 9536 9535
4 9486 9537 9536 9487
4 9484 9533 9538 9493
4 4260 9539 9538 9533
4 9540 9541 9538 9539
4 9534 9537 9538 9541
4 9486 9493 9538 9537
4 9490 9535 9542 9495
4 9534 9543 9542 9535
4 9544 9545 9542 9543
4 9496 9495 9542 9545
4 9534 9541 9546 9543
4 9540 9547 9546 9541
4 9548 9549 9546 9547
4 9544 9543 9546 9549
4 9496 9545 9550 9499
4 9544 9551 9550 9545
4 9552 9553 9550 9551
4 9554 9555 9550 9553
4 9500 9499 9550 9555
4 9544 9549 9556 9551
4 9548 9557 9556 9549
4 9552 9551 9556 9557
4 9500 9555 9558 9503
4 9554 9559 9558 9555
4 4187 4186 9558 9559
4 4185 9503 9558 4186
4 4225 4224 9560 9505
4 4223 9561 9560 4224
4 9562 9563 9560 9561
4 9506 9505 9560 9563
4 9506 9563 9564 9509
4 9562 9565 9564 9563
4 9566 9567 9564 9565
4 9568 9569 9564 9567
4 9510 9509 9564 9569
4 9566 9570 9571 9567
4 9572 9573 9571 9570
4 9568 9567 9571 9573
4 9510 9569 9574 9513
4 9568 9575 9574 9569
4 9576 9577 9574 9575
4 9514 9513 9574 9577
4 9568 9573 9578 9575
4 9572 9579 9578 9573
4 9580 9581 9578 9579
4 9576 9575 9578 9581
4 9514 9577 9582 9517
4 9576 9583 9582 9577
4 9518 9517 9582 9583
4 9576 9581 9584 9583
4 9580 9585 9584 9581
4 4287 9586 9584 9585
4 9522 9520 9584 9586
4 9518 9583 9584 9520
4 9522 9586 9587 9525
4 4287 4290 9587 9586
4 4298 9588 9587 4290
4 9526 9525 9587 9588
4 9526 9588 9589 9529
4 4298 4297 9589 9588
4 4233 4232 9589 4297
4 4231 9529 9589 4232
4 4260 4259 9590 9539
4 4258 9591 9590 4259
4 9592 9593 9590 9591
4 9540 9539 9590 9593
4 9540 9593 9594 9547
4 9592 9595 9594 9593
4 9596 9597 9594 9595
4 9548 9547 9594 9597
4 9598 9599 9600 9601
4 9554 9553 9600 9599
4 9552 9601 9600 9553
4 9548 9597 9602 9557
4 9596 9603 9602 9597
4 9604 9605 9602 9603
4 9598 9601 9602 9605
4 9552 9557 9602 9601
4 9554 9599 9606 9559
4 9598 9607 9606 9599
4 9608 9609 9606 9607
4 9610 9611 9606 9609
4 4187 9559 9606 9611
4 9598 9605 9612 9607
4 9604 9613 9612 9605
4 9608 9607 9612 9613
4 4187 9611 9614 4188
4 9610 9615 9614 9611
4 9616 9617 9614 9615
4 4189 4188 9614 9617
4 4189 9617 9618 4190
4 9616 9619 9618 9617
4 9620 9621 9618 9619
4 4191 4190 9618 9621
4 4191 9621 9622 4194
4 9620 9623 9622 9621
4 9624 9625 9622 9623
4 4195 4194 9622 9625
4 4195 9625 9626 4196
4 9624 9627 9626 9625
4 4265 4263 9626 9627
4 4197 4196 9626 4263
4 4211 4286 9628 4214
4 4285 9629 9628 4286
4 9630 9631 9628 9629
4 4215 4214 9628 9631
4 4215 9631 9632 4216
4 9630 9633 9632 9631
4 9634 9635 9632 9633
4 4217 4216 9632 9635
4 4217 9635 9636 4220
4 9634 9637 9636 9635
4 9638 9639 9636 9637
4 4221 4220 9636 9639
4 4221 9639 9640 4222
4 9638 9641 9640 9639
4 9642 9643 9640 9641
4 4223 4222 9640 9643
4 4223 9643 9644 9561
4 9642 9645 9644 9643
4 9646 9647 9644 9645
4 9648 9649 9644 9647
4 9562 9561 9644 9649
4 9646 9650 9651 9647
4 9652 9653 9651 9650
4 9648 9647 9651 9653
4 9562 9649 9654 9565
4 9648 9655 9654 9649
4 9566 9565 9654 9655
4 9648 9653 9656 9655
4 9652 9657 9656 9653
4 9658 9659 9656 9657
4 9572 9570 9656 9659
4 9566 9655 9656 9570
4 9572 9659 9660 9579
4 9658 9661 9660 9659
4 9662 9663 9660 9661
4 9580 9579 9660 9663
4 9580 9663 9664 9585
4 9662 9665 9664 9663
4 4291 4288 9664 9665
4 4287 9585 9664 4288
4 4258 4257 9666 9591
4 4256 4314 9666 4257
4 4322 9667 9666 4314
4 9592 9591 9666 9667
4 9592 9667 9668 9595
4 4322 4321 9668 9667
4 4320 9669 9668 4321
4 9596 9595 9668 9669
4 9596 9669 9670 9603
4 4320 9671 9670 9669
4 9672 9673 9670 9671
4 9604 9603 9670 9673
4 9674 9675 9676 9677
4 9610 9609 9676 9675
4 9608 9677 9676 9609
4 9604 9673 9678 9613
4 9672 9679 9678 9673
4 9680 9681 9678 9679
4 9674 9677 9678 9681
4 9608 9613 9678 9677
4 9610 9675 9682 9615
4 9674 9683 9682 9675
4 9684 9685 9682 9683
4 9686 9687 9682 9685
4 9616 9615 9682 9687
4 9674 9681 9688 9683
4 9680 9689 9688 9681
4 9684 9683 9688 9689
4 9616 9687 9690 9619
4 9686 9691 9690 9687
4 9692 9693 9690 9691
4 9620 9619 9690 9693
4 9620 9693 9694 9623
4 9692 9695 9694 9693
4 9696 9697 9694 9695
4 9624 9623 9694 9697
4 9624 9697 9698 9627
4 9696 9699 9698 9697
4 4267 4266 9698 9699
4 4265 9627 9698 4266
4 4285 4284 9700 9629
4 4283 9701 9700 4284
4 9702 9703 9700 9701
4 9630 9629 9700 9703
4 9630 9703 9704 9633
4 9702 9705 9704 9703
4 9706 9707 9704 9705
4 9634 9633 9704 9707
4 9634 9707 9708 9637
4 9706 9709 9708 9707
4 9710 9711 9708 9709
4 9638 9637 9708 9711
4 9638 9711 9712 9641
4 9710 9713 9712 9711
4 9714 9715 9712 9713
4 9716 9717 9712 9715
4 9642 9641 9712 9717
4 9714 9718 9719 9715
4 9720 9721 9719 9718
4 9716 9715 9719 9721
4 9642 9717 9722 9645
4 9716 9723 9722 9717
4 9646 9645 9722 9723
4 9716 9721 9724 9723
4 9720 9725 9724 9721
4 9726 9727 9724 9725
4 9652 9650 9724 9727
4 9646 9723 9724 9650
4 9652 9727 9728 9657
4 9726 9729 9728 9727
4 4397 9730 9728 9729
4 9658 9657 9728 9730
4 9658 9730 9731 9661
4 4397 4400 9731 9730
4 4408 9732 9731 4400
4 9662 9661 9731 9732
4 9662 9732 9733 9665
4 4408 4407 9733 9732
4 4293 4292 9733 4407
4 4291 9665 9733 4292
4 4320 4319 9734 9671
4 4318 9735 9734 4319
4 9736 9737 9734 9735
4 9672 9671 9734 9737
4 9672 9737 9738 9679
4 9736 9739 9738 9737
4 9740 9741 9738 9739
4 9680 9679 9738 9741
4 9742 9743 9744 9745
4 9686 9685 9744 9743
4 9684 9745 9744 9685
4 9680 9741 9746 9689
4 9740 9747 9746 9741
4 9748 9749 9746 9747
4 9742 9745 9746 9749
4 9684 9689 9746 9745
4 9686 9743 9750 9691
4 9742 9751 9750 9743
4 9752 9753 9750 9751
4 9754 9755 9750 9753
4 9692 9691 9750 9755
4 9742 9749 9756 9751
4 9748 9757 9756 9749
4 9752 9751 9756 9757
4 9692 9755 9758 9695
4 9754 9759 9758 9755
4 9760 9761 9758 9759
4 9696 9695 9758 9761
4 9696 9761 9762 9699
4 9760 9763 9762 9761
4 9764 9765 9762 9763
4 4267 9699 9762 9765
4 4267 9765 9766 4268
4 9764 9767 9766 9765
4 9768 9769 9766 9767
4 4269 4268 9766 9769
4 4269 9769 9770 4270
4 9768 9771 9770 9769
4 4325 4323 9770 9771
4 4271 4270 9770 4323
4 4277 4396 9772 4280
4 4395 9773 9772 4396
4 9774 9775 9772 9773
4 4281 4280 9772 9775
4 4281 9775 9776 4282
4 9774 9777 9776 9775
4 9778 9779 9776 9777
4 4283 4282 9776 9779
4 4283 9779 9780 9701
4 9778 9781 9780 9779
4 9782 9783 9780 9781
4 9702 9701 9780 9783
4 9702 9783 9784 9705
4 9782 9785 9784 9783
4 9786 9787 9784 9785
4 9706 9705 9784 9787
4 9706 9787 9788 9709
4 9786 9789 9788 9787
4 9790 9791 9788 9789
4 9792 9793 9788 9791
4 9710 9709 9788 9793
4 9790 9794 9795 9791
4 9796 9797 9795 9794
4 9792 9791 9795 9797
4 9710 9793 9798 9713
4 9792 9799 9798 9793
4 9714 9713 9798 9799
4 9792 9797 9800 9799
4 9796 9801 9800 9797
4 9802 9803 9800 9801
4 9720 9718 9800 9803
4 9714 9799 9800 9718
4 9720 9803 9804 9725
4 9802 9805 9804 9803
4 9806 9807 9804 9805
4 9726 9725 9804 9807
4 9726 9807 9808 9729
4 9806 9809 9808 9807
4 4401 4398 9808 9809
4 4397 9729 9808 4398
4 4318 4317 9810 9735
4 4316 4424 9810 4317
4 4432 9811 9810 4424
4 9736 9735 9810 9811
4 9736 9811 9812 9739
4 4432 4431 9812 9811
4 4430 9813 9812 4431
4 9740 9739 9812 9813
4 9740 9813 9814 9747
4 4430 9815 9814 9813
4 9816 9817 9814 9815
4 9748 9747 9814 9817
4 9818 9819 9820 9821
4 9754 9753 9820 9819
4 9752 9821 9820 9753
4 9748 9817 9822 9757
4 9816 9823 9822 9817
4 9824 9825 9822 9823
4 9818 9821 9822 9825
4 9752 9757 9822 9821
4 9754 9819 9826 9759
4 9818 9827 9826 9819
4 9828 9829 9826 9827
4 9760 9759 9826 9829
4 9818 9825 9830 9827
4 9824 9831 9830 9825
4 9832 9833 9830 9831
4 9828 9827 9830 9833
4 9760 9829 9834 9763
4 9828 9835 9834 9829
4 9836 9837 9834 9835
4 9838 9839 9834 9837
4 9764 9763 9834 9839
4 9828 9833 9840 9835
4 9832 9841 9840 9833
4 9836 9835 9840 9841
4 9764 9839 9842 9767
4 9838 9843 9842 9839
4 9844 9845 9842 9843
4 9768 9767 9842 9845
4 9768 9845 9846 9771
4 9844 9847 9846 9845
4 4327 4326 9846 9847
4 4325 9771 9846 4326
4 4395 4394 9848 9773
4 4393 9849 9848 4394
4 9850 9851 9848 9849
4 9774 9773 9848 9851
4 9774 9851 9852 9777
4 9850 9853 9852 9851
4 9854 9855 9852 9853
4 9778 9777 9852 9855
4 9778 9855 9856 9781
4 9854 9857 9856 9855
4 9858 9859 9856 9857
4 9860 9861 9856 9859
4 9782 9781 9856 9861
4 9858 9862 9863 9859
4 9864 9865 9863 9862
4 9860 9859 9863 9865
4 9782 9861 9866 9785
4 9860 9867 9866 9861
4 9868 9869 9866 9867
4 9786 9785 9866 9869
4 9860 9865 9870 9867
4 9864 9871 9870 9865
4 9872 9873 9870 9871
4 9868 9867 9870 9873
4 9786 9869 9874 9789
4 9868 9875 9874 9869
4 9790 9789 9874 9875
4 9868 9873 9876 9875
4 9872 9877 9876 9873
4 9878 9879 9876 9877
4 9796 9794 9876 9879
4 9790 9875 9876 9794
4 9796 9879 9880 9801
4 9878 9881 9880 9879
4 4487 9882 9880 9881
4 9802 9801 9880 9882
4 9802 9882 9883 9805
4 4487 4490 9883 9882
4 4498 9884 9883 4490
4 9806 9805 9883 9884
4 9806 9884 9885 9809
4 4498 4497 9885 9884
4 4403 4402 9885 4497
4 4401 9809 9885 4402
4 4430 4429 9886 9815
4 4428 9887 9886 4429
4 9888 9889 9886 9887
4 9816 9815 9886 9889
4 9816 9889 9890 9823
4 9888 9891 9890 9889
4 9892 9893 9890 9891
4 9824 9823 9890 9893
4 9824 9893 9894 9831
4 9892 9895 9894 9893
4 9896 9897 9894 9895
4 9832 9831 9894 9897
4 9898 9899 9900 9901
4 9838 9837 9900 9899
4 9836 9901 9900 9837
4 9832 9897 9902 9841
4 9896 9903 9902 9897
4 9904 9905 9902 9903
4 9898 9901 9902 9905
4 9836 9841 9902 9901
4 9838 9899 9906 9843
4 9898 9907 9906 9899
4 9908 9909 9906 9907
4 9844 9843 9906 9909
4 9898 9905 9910 9907
4 9904 9911 9910 9905
4 9912 9913 9910 9911
4 9908 9907 9910 9913
4 9844 9909 9914 9847
4 9908 9915 9914 9909
4 9916 9917 9914 9915
4 9918 9919 9914 9917
4 4327 9847 9914 9919
4 9908 9913 9920 9915
4 9912 9921 9920 9913
4 9916 9915 9920 9921
4 4327 9919 9922 4328
4 9918 9923 9922 9919
4 9924 9925 9922 9923
4 4329 4328 9922 9925
4 4329 9925 9926 4330
4 9924 9927 9926 9925
4 9928 9929 9926 9927
4 4331 4330 9926 9929
4 4331 9929 9930 4334
4 9928 9931 9930 9929
4 9932 9933 9930 9931
4 4335 4334 9930 9933
4 4335 9933 9934 4336
4 9932 9935 9934 9933
4 9936 9937 9934 9935
4 4337 4336 9934 9937
4 4337 9937 9938 4340
4 9936 9939 9938 9937
4 9940 9941 9938 9939
4 4341 4340 9938 9941
4 4341 9941 9942 4342
4 9940 9943 9942 9941
4 4435 4433 9942 9943
4 4343 4342 9942 4433
4 4375 4486 9944 4378
4 4485 9945 9944 4486
4 9946 9947 9944 9945
4 4379 4378 9944 9947
4 4379 9947 9948 4380
4 9946 9949 9948 9947
4 9950 9951 9948 9949
4 4381 4380 9948 9951
4 4381 9951 9952 4384
4 9950 9953 9952 9951
4 9954 9955 9952 9953
4 4385 4384 9952 9955
4 4385 9955 9956 4386
4 9954 9957 9956 9955
4 9958 9959 9956 9957
4 4387 4386 9956 9959
4 4387 9959 9960 4390
4 9958 9961 9960 9959
4 9962 9963 9960 9961
4 4391 4390 9960 9963
4 4391 9963 9964 4392
4 9962 9965 9964 9963
4 9966 9967 9964 9965
4 4393 4392 9964 9967
4 4393 9967 9968 9849
4 9966 9969 9968 9967
4 9970 9971 9968 9969
4 9972 9973 9968 9971
4 9850 9849 9968 9973
4 9970 9974 9975 9971
4 9976 9977 9975 9974
4 9972 9971 9975 9977
4 9850 9973 9978 9853
4 9972 9979 9978 9973
4 9980 9981 9978 9979
4 9854 9853 9978 9981
4 9972 9977 9982 9979
4 9976 9983 9982 9977
4 9984 9985 9982 9983
4 9980 9979 9982 9985
4 9854 9981 9986 9857
4 9980 9987 9986 9981
4 9858 9857 9986 9987
4 9980 9985 9988 9987
4 9984 9989 9988 9985
4 9990 9991 9988 9989
4 9864 9862 9988 9991
4 9858 9987 9988 9862
4 9864 9991 9992 9871
4 9990 9993 9992 9991
4 9994 9995 9992 9993
4 9872 9871 9992 9995
4 9872 9995 9996 9877
4 9994 9997 9996 9995
4 9998 9999 9996 9997
4 9878 9877 9996 9999
4 9878 9999 10000 9881
4 9998 10001 10000 9999
4 4491 4488 10000 10001
4 4487 9881 10000 4488
4 4428 4427 10002 9887
4 4426 4514 10002 4427
4 4520 10003 10002 4514
4 9888 9887 10002 10003
4 9888 10003 10004 9891
4 4520 4519 10004 10003
4 4518 10005 10004 4519
4 9892 9891 10004 10005
4 9892 10005 10006 9895
4 4518 4522 10006 10005
4 4530 10007 10006 4522
4 9896 9895 10006 10007
4 9896 10007 10008 9903
4 4530 4529 10008 10007
4 4528 10009 10008 4529
4 9904 9903 10008 10009
4 9904 10009 10010 9911
4 4528 10011 10010 10009
4 10012 10013 10010 10011
4 9912 9911 10010 10013
4 10014 10015 10016 10017
4 9918 9917 10016 10015
4 9916 10017 10016 9917
4 9912 10013 10018 9921
4 10012 10019 10018 10013
4 10020 10021 10018 10019
4 10014 10017 10018 10021
4 9916 9921 10018 10017
4 9918 10015 10022 9923
4 10014 10023 10022 10015
4 10024 10025 10022 10023
4 9924 9923 10022 10025
4 10014 10021 10026 10023
4 10020 10027 10026 10021
4 10028 10029 10026 10027
4 10024 10023 10026 10029
4 9924 10025 10030 9927
4 10024 10031 10030 10025
4 10032 10033 10030 10031
4 10034 10035 10030 10033
4 9928 9927 10030 10035
4 10024 10029 10036 10031
4 10028 10037 10036 10029
4 10032 10031 10036 10037
4 9928 10035 10038 9931
4 10034 10039 10038 10035
4 10040 10041 10038 10039
4 9932 9931 10038 10041
4 9932 10041 10042 9935
4 10040 10043 10042 10041
4 10044 10045 10042 10043
4 9936 9935 10042 10045
4 9936 10045 10046 9939
4 10044 10047 10046 10045
4 10048 10049 10046 10047
4 9940 9939 10046 10049
4 9940 10049 10050 9943
4 10048 10051 10050 10049
4 4437 4436 10050 10051
4 4435 9943 10050 4436
4 4485 4484 10052 9945
4 4483 10053 10052 4484
4 10054 10055 10052 10053
4 9946 9945 10052 10055
4 9946 10055 10056 9949
4 10054 10057 10056 10055
4 10058 10059 10056 10057
4 9950 9949 10056 10059
4 9950 10059 10060 9953
4 10058 10061 10060 10059
4 10062 10063 10060 10061
4 9954 9953 10060 10063
4 9954 10063 10064 9957
4 10062 10065 10064 10063
4 10066 10067 10064 10065
4 9958 9957 10064 10067
4 9958 10067 10068 9961
4 10066 10069 10068 10067
4 10070 10071 10068 10069
4 10072 10073 10068 10071
4 9962 9961 10068 10073
4 10070 10074 10075 10071
4 10076 10077 10075 10074
4 10072 10071 10075 10077
4 9962 10073 10078 9965
4 10072 10079 10078 10073
4 10080 10081 10078 10079
4 9966 9965 10078 10081
4 10072 10077 10082 10079
4 10076 10083 10082 10077
4 10084 10085 10082 10083
4 10080 10079 10082 10085
4 9966 10081 10086 9969
4 10080 10087 10086 10081
4 9970 9969 10086 10087
4 10080 10085 10088 10087
4 10084 10089 10088 10085
4 10090 10091 10088 10089
4 9976 9974 10088 10091
4 9970 10087 10088 9974
4 9976 10091 10092 9983
4 10090 10093 10092 10091
4 4531 10094 10092 10093
4 9984 9983 10092 10094
4 9984 10094 10095 9989
4 4531 4534 10095 10094
4 4543 10096 10095 4534
4 9990 9989 10095 10096
4 9990 10096 10097 9993
4 4543 4542 10097 10096
4 4541 10098 10097 4542
4 9994 9993 10097 10098
4 9994 10098 10099 9997
4 4541 4545 10099 10098
4 4550 10100 10099 4545
4 9998 9997 10099 10100
4 9998 10100 10101 10001
4 4550 4549 10101 10100
4 4493 4492 10101 4549
4 4491 10001 10101 4492
4 4528 4527 10102 10011
4 4526 10103 10102 4527
4 10104 10105 10102 10103
4 10012 10011 10102 10105
4 10012 10105 10106 10019
4 10104 10107 10106 10105
4 10108 10109 10106 10107
4 10020 10019 10106 10109
4 10020 10109 10110 10027
4 10108 10111 10110 10109
4 10112 10113 10110 10111
4 10028 10027 10110 10113
4 10114 10115 10116 10117
4 10034 10033 10116 10115
4 10032 10117 10116 10033
4 10028 10113 10118 10037
4 10112 10119 10118 10113
4 10120 10121 10118 10119
4 10114 10117 10118 10121
4 10032 10037 10118 10117
4 10034 10115 10122 10039
4 10114 10123 10122 10115
4 10124 10125 10122 10123
4 10040 10039 10122 10125
4 10114 10121 10126 10123
4 10120 10127 10126 10121
4 10128 10129 10126 10127
4 10124 10123 10126 10129
4 10040 10125 10130 10043
4 10124 10131 10130 10125
4 10132 10133 10130 10131
4 10134 10135 10130 10133
4 10044 10043 10130 10135
4 10124 10129 10136 10131
4 10128 10137 10136 10129
4 10132 10131 10136 10137
4 10044 10135 10138 10047
4 10134 10139 10138 10135
4 10140 10141 10138 10139
4 10048 10047 10138 10141
4 10048 10141 10142 10051
4 10140 10143 10142 10141
4 10144 10145 10142 10143
4 4437 10051 10142 10145
4 4437 10145 10146 4438
4 10144 10147 10146 10145
4 10148 10149 10146 10147
4 4439 4438 10146 10149
4 4439 10149 10150 4440
4 10148 10151 10150 10149
4 10152 10153 10150 10151
4 4441 4440 10150 10153
4 4441 10153 10154 4444
4 10152 10155 10154 10153
4 10156 10157 10154 10155
4 4445 4444 10154 10157
4 4445 10157 10158 4446
4 10156 10159 10158 10157
4 10160 10161 10158 10159
4 4447 4446 10158 10161
4 4447 10161 10162 4450
4 10160 10163 10162 10161
4 10164 10165 10162 10163
4 4451 4450 10162 10165
4 4451 10165 10166 4452
4 10164 10167 10166 10165
4 10168 10169 10166 10167
4 4453 4452 10166 10169
4 4453 10169 10170 4456
4 10168 10171 10170 10169
4 10172 10173 10170 10171
4 4457 4456 10170 10173
4 4457 10173 10174 4458
4 10172 10175 10174 10173
4 10176 10177 10174 10175
4 4459 4458 10174 10177
4 4459 10177 10178 4462
4 10176 10179 10178 10177
4 10180 10181 10178 10179
4 4463 4462 10178 10181
4 4463 10181 10182 4464
4 10180 10183 10182 10181
4 10184 10185 10182 10183
4 4465 4464 10182 10185
4 4465 10185 10186 4468
4 10184 10187 10186 10185
4 10188 10189 10186 10187
4 4469 4468 10186 10189
4 4469 10189 10190 4470
4 10188 10191 10190 10189
4 10192 10193 10190 10191
4 4471 4470 10190 10193
4 4471 10193 10194 4474
4 10192 10195 10194 10193
4 10196 10197 10194 10195
4 4475 4474 10194 10197
4 4475 10197 10198 4476
4 10196 10199 10198 10197
4 10200 10201 10198 10199
4 4477 4476 10198 10201
4 4477 10201 10202 4480
4 10200 10203 10202 10201
4 10204 10205 10202 10203
4 4481 4480 10202 10205
4 4481 10205 10206 4482
4 10204 10207 10206 10205
4 10208 10209 10206 10207
4 4483 4482 10206 10209
4 4483 10209 10210 10053
4 10208 10211 10210 10209
4 10212 10213 10210 10211
4 10054 10053 10210 10213
4 10054 10213 10214 10057
4 10212 10215 10214 10213
4 10216 10217 10214 10215
4 10058 10057 10214 10217
4 10058 10217 10218 10061
4 10216 10219 10218 10217
4 10220 10221 10218 10219
4 10222 10223 10218 10221
4 10062 10061 10218 10223
4 10220 10224 10225 10221
4 10226 10227 10225 10224
4 10222 10221 10225 10227
4 10062 10223 10228 10065
4 10222 10229 10228 10223
4 10230 10231 10228 10229
4 10066 10065 10228 10231
4 10222 10227 10232 10229
4 10226 10233 10232 10227
4 10234 10235 10232 10233
4 10230 10229 10232 10235
4 10066 10231 10236 10069
4 10230 10237 10236 10231
4 10070 10069 10236 10237
4 10230 10235 10238 10237
4 10234 10239 10238 10235
4 10240 10241 10238 10239
4 10076 10074 10238 10241
4 10070 10237 10238 10074
4 10076 10241 10242 10083
4 10240 10243 10242 10241
4 10244 10245 10242 10243
4 10084 10083 10242 10245
4 10084 10245 10246 10089
4 10244 10247 10246 10245
4 10248 10249 10246 10247
4 10090 10089 10246 10249
4 10090 10249 10250 10093
4 10248 10251 10250 10249
4 4535 4532 10250 10251
4 4531 10093 10250 4532
4 4526 4525 10252 10103
4 4524 4566 10252 4525
4 4572 10253 10252 4566
4 10104 10103 10252 10253
4 10104 10253 10254 10107
4 4572 4571 10254 10253
4 4570 10255 10254 4571
4 10108 10107 10254 10255
4 10108 10255 10256 10111
4 4570 4574 10256 10255
4 4582 10257 10256 4574
4 10112 10111 10256 10257
4 10112 10257 10258 10119
4 4582 4581 10258 10257
4 4580 10259 10258 4581
4 10120 10119 10258 10259
4 10120 10259 10260 10127
4 4580 10261 10260 10259
4 10262 10263 10260 10261
4 10128 10127 10260 10263
4 10264 10265 10266 10267
4 10134 10133 10266 10265
4 10132 10267 10266 10133
4 10128 10263 10268 10137
4 10262 10269 10268 10263
4 10270 10271 10268 10269
4 10264 10267 10268 10271
4 10132 10137 10268 10267
4 10134 10265 10272 10139
4 10264 10273 10272 10265
4 10274 10275 10272 10273
4 10140 10139 10272 10275
4 10264 10271 10276 10273
4 10270 10277 10276 10271
4 10278 10279 10276 10277
4 10274 10273 10276 10279
4 10140 10275 10280 10143
4 10274 10281 10280 10275
4 10282 10283 10280 10281
4 10144 10143 10280 10283
4 10274 10279 10284 10281
4 10278 10285 10284 10279
4 10286 10287 10284 10285
4 10282 10281 10284 10287
4 10144 10283 10288 10147
4 10282 10289 10288 10283
4 10290 10291 10288 10289
4 10148 10147 10288 10291
4 10282 10287 10292 10289
4 10286 10293 10292 10287
4 10294 10295 10292 10293
4 10290 10289 10292 10295
4 10148 10291 10296 10151
4 10290 10297 10296 10291
4 10298 10299 10296 10297
4 10300 10301 10296 10299
4 10152 10151 10296 10301
4 10290 10295 10302 10297
4 10294 10303 10302 10295
4 10298 10297 10302 10303
4 10152 10301 10304 10155
4 10300 10305 10304 10301
4 10306 10307 10304 10305
4 10156 10155 10304 10307
4 10156 10307 10308 10159
4 10306 10309 10308 10307
4 10310 10311 10308 10309
4 10160 10159 10308 10311
4 10160 10311 10312 10163
4 10310 10313 10312 10311
4 10314 10315 10312 10313
4 10164 10163 10312 10315
4 10164 10315 10316 10167
4 10314 10317 10316 10315
4 10318 10319 10316 10317
4 10168 10167 10316 10319
4 10168 10319 10320 10171
4 10318 10321 10320 10319
4 10322 10323 10320 10321
4 10172 10171 10320 10323
4 10172 10323 10324 10175
4 10322 10325 10324 10323
4 10326 10327 10324 10325
4 10176 10175 10324 10327
4 10176 10327 10328 10179
4 10326 10329 10328 10327
4 10330 10331 10328 10329
4 10180 10179 10328 10331
4 10180 10331 10332 10183
4 10330 10333 10332 10331
4 10334 10335 10332 10333
4 10184 10183 10332 10335
4 10184 10335 10336 10187
4 10334 10337 10336 10335
4 10338 10339 10336 10337
4 10188 10187 10336 10339
4 10188 10339 10340 10191
4 10338 10341 10340 10339
4 10342 10343 10340 10341
4 10192 10191 10340 10343
4 10192 10343 10344 10195
4 10342 10345 10344 10343
4 10346 10347 10344 10345
4 10196 10195 10344 10347
4 10196 10347 10348 10199
4 10346 10349 10348 10347
4 10350 10351 10348 10349
4 10200 10199 10348 10351
4 10200 10351 10352 10203
4 10350 10353 10352 10351
4 10354 10355 10352 10353
4 10356 10357 10352 10355
4 10204 10203 10352 10357
4 10354 10358 10359 10355
4 10360 10361 10359 10358
4 10356 10355 10359 10361
4 10204 10357 10362 10207
4 10356 10363 10362 10357
4 10364 10365 10362 10363
4 10208 10207 10362 10365
4 10356 10361 10366 10363
4 10360 10367 10366 10361
4 10368 10369 10366 10367
4 10364 10363 10366 10369
4 10208 10365 10370 10211
4 10364 10371 10370 10365
4 10372 10373 10370 10371
4 10212 10211 10370 10373
4 10364 10369 10374 10371
4 10368 10375 10374 10369
4 10376 10377 10374 10375
4 10372 10371 10374 10377
4 10212 10373 10378 10215
4 10372 10379 10378 10373
4 10380 10381 10378 10379
4 10216 10215 10378 10381
4 10372 10377 10382 10379
4 10376 10383 10382 10377
4 10384 10385 10382 10383
4 10380 10379 10382 10385
4 10216 10381 10386 10219
4 10380 10387 10386 10381
4 10220 10219 10386 10387
4 10380 10385 10388 10387
4 10384 10389 10388 10385
4 10390 10391 10388 10389
4 10226 10224 10388 10391
4 10220 10387 10388 10224
4 10226 10391 10392 10233
4 10390 10393 10392 10391
4 4583 10394 10392 10393
4 10234 10233 10392 10394
4 10234 10394 10395 10239
4 4583 4586 10395 10394
4 4595 10396 10395 4586
4 10240 10239 10395 10396
4 10240 10396 10397 10243
4 4595 4594 10397 10396
4 4593 10398 10397 4594
4 10244 10243 10397 10398
4 10244 10398 10399 10247
4 4593 4597 10399 10398
4 4601 10400 10399 4597
4 10248 10247 10399 10400
4 10248 10400 10401 10251
4 4601 4600 10401 10400
4 4537 4536 10401 4600
4 4535 10251 10401 4536
4 4580 4579 10402 10261
4 4578 10403 10402 4579
4 10404 10405 10402 10403
4 10262 10261 10402 10405
4 10262 10405 10406 10269
4 10404 10407 10406 10405
4 10408 10409 10406 10407
4 10270 10269 10406 10409
4 10270 10409 10410 10277
4 10408 10411 10410 10409
4 10412 10413 10410 10411
4 10278 10277 10410 10413
4 10278 10413 10414 10285
4 10412 10415 10414 10413
4 10416 10417 10414 10415
4 10286 10285 10414 10417
4 10286 10417 10418 10293
4 10416 10419 10418 10417
4 10420 10421 10418 10419
4 10294 10293 10418 10421
4 10422 10423 10424 10425
4 10300 10299 10424 10423
4 10298 10425 10424 10299
4 10294 10421 10426 10303
4 10420 10427 10426 10421
4 10428 10429 10426 10427
4 10422 10425 10426 10429
4 10298 10303 10426 10425
4 10300 10423 10430 10305
4 10422 10431 10430 10423
4 10432 10433 10430 10431
4 10306 10305 10430 10433
4 10422 10429 10434 10431
4 10428 10435 10434 10429
4 10436 10437 10434 10435
4 10432 10431 10434 10437
4 10306 10433 10438 10309
4 10432 10439 10438 10433
4 10440 10441 10438 10439
4 10310 10309 10438 10441
4 10432 10437 10442 10439
4 10436 10443 10442 10437
4 10444 10445 10442 10443
4 10440 10439 10442 10445
4 10310 10441 10446 10313
4 10440 10447 10446 10441
4 10448 10449 10446 10447
4 10314 10313 10446 10449
4 10440 10445 10450 10447
4 10444 10451 10450 10445
4 10452 10453 10450 10451
4 10448 10447 10450 10453
4 10314 10449 10454 10317
4 10448 10455 10454 10449
4 10456 10457 10454 10455
4 10318 10317 10454 10457
4 10448 10453 10458 10455
4 10452 10459 10458 10453
4 10460 10461 10458 10459
4 10456 10455 10458 10461
4 10318 10457 10462 10321
4 10456 10463 10462 10457
4 10464 10465 10462 10463
4 10322 10321 10462 10465
4 10456 10461 10466 10463
4 10460 10467 10466 10461
4 10468 10469 10466 10467
4 10464 10463 10466 10469
4 10322 10465 10470 10325
4 10464 10471 10470 10465
4 10472 10473 10470 10471
4 10326 10325 10470 10473
4 10464 10469 10474 10471
4 10468 10475 10474 10469
4 10476 10477 10474 10475
4 10472 10471 10474 10477
4 10326 10473 10478 10329
4 10472 10479 10478 10473
4 10480 10481 10478 10479
4 10330 10329 10478 10481
4 10472 10477 10482 10479
4 10476 10483 10482 10477
4 10484 10485 10482 10483
4 10480 10479 10482 10485
4 10330 10481 10486 10333
4 10480 10487 10486 10481
4 10488 10489 10486 10487
4 10334 10333 10486 10489
4 10480 10485 10490 10487
4 10484 10491 10490 10485
4 10492 10493 10490 10491
4 10488 10487 10490 10493
4 10334 10489 10494 10337
4 10488 10495 10494 10489
4 10496 10497 10494 10495
4 10338 10337 10494 10497
4 10488 10493 10498 10495
4 10492 10499 10498 10493
4 10500 10501 10498 10499
4 10496 10495 10498 10501
4 10338 10497 10502 10341
4 10496 10503 10502 10497
4 10504 10505 10502 10503
4 10342 10341 10502 10505
4 10496 10501 10506 10503
4 10500 10507 10506 10501
4 10508 10509 10506 10507
4 10504 10503 10506 10509
4 10342 10505 10510 10345
4 10504 10511 10510 10505
4 10512 10513 10510 10511
4 10346 10345 10510 10513
4 10504 10509 10514 10511
4 10508 10515 10514 10509
4 10516 10517 10514 10515
4 10512 10511 10514 10517
4 10346 10513 10518 10349
4 10512 10519 10518 10513
4 10520 10521 10518 10519
4 10350 10349 10518 10521
4 10512 10517 10522 10519
4 10516 10523 10522 10517
4 10524 10525 10522 10523
4 10520 10519 10522 10525
4 10350 10521 10526 10353
4 10520 10527 10526 10521
4 10354 10353 10526 10527
4 10520 10525 10528 10527
4 10524 10529 10528 10525
4 10530 10531 10528 10529
4 10360 10358 10528 10531
4 10354 10527 10528 10358
4 10360 10531 10532 10367
4 10530 10533 10532 10531
4 10534 10535 10532 10533
4 10368 10367 10532 10535
4 10368 10535 10536 10375
4 10534 10537 10536 10535
4 10538 10539 10536 10537
4 10376 10375 10536 10539
4 10376 10539 10540 10383
4 10538 10541 10540 10539
4 10542 10543 10540 10541
4 10384 10383 10540 10543
4 10384 10543 10544 10389
4 10542 10545 10544 10543
4 10546 10547 10544 10545
4 10390 10389 10544 10547
4 10390 10547 10548 10393
4 10546 10549 10548 10547
4 4587 4584 10548 10549
4 4583 10393 10548 4584
4 4578 4577 10550 10403
4 4576 4618 10550 4577
4 4624 10551 10550 4618
4 10404 10403 10550 10551
4 10404 10551 10552 10407
4 4624 4623 10552 10551
4 4622 10553 10552 4623
4 10408 10407 10552 10553
4 10408 10553 10554 10411
4 4622 4626 10554 10553
4 4632 10555 10554 4626
4 10412 10411 10554 10555
4 10412 10555 10556 10415
4 4632 4631 10556 10555
4 4630 10557 10556 4631
4 10416 10415 10556 10557
4 10416 10557 10558 10419
4 4630 4634 10558 10557
4 4640 10559 10558 4634
4 10420 10419 10558 10559
4 10420 10559 10560 10427
4 4640 4639 10560 10559
4 4638 10561 10560 4639
4 10428 10427 10560 10561
4 10428 10561 10562 10435
4 4638 4642 10562 10561
4 4648 10563 10562 4642
4 10436 10435 10562 10563
4 10436 10563 10564 10443
4 4648 4647 10564 10563
4 4646 10565 10564 4647
4 10444 10443 10564 10565
4 10444 10565 10566 10451
4 4646 4650 10566 10565
4 4656 10567 10566 4650
4 10452 10451 10566 10567
4 10452 10567 10568 10459
4 4656 4655 10568 10567
4 4654 10569 10568 4655
4 10460 10459 10568 10569
4 10460 10569 10570 10467
4 4654 4658 10570 10569
4 4664 10571 10570 4658
4 10468 10467 10570 10571
4 10468 10571 10572 10475
4 4664 4663 10572 10571
4 4662 10573 10572 4663
4 10476 10475 10572 10573
4 10476 10573 10574 10483
4 4662 4666 10574 10573
4 4672 10575 10574 4666
4 10484 10483 10574 10575
4 10484 10575 10576 10491
4 4672 4671 10576 10575
4 4670 10577 10576 4671
4 10492 10491 10576 10577
4 10492 10577 10578 10499
4 4670 4674 10578 10577
4 4680 10579 10578 4674
4 10500 10499 10578 10579
4 10500 10579 10580 10507
4 4680 4679 10580 10579
4 4678 10581 10580 4679
4 10508 10507 10580 10581
4 10508 10581 10582 10515
4 4678 4682 10582 10581
4 4688 10583 10582 4682
4 10516 10515 10582 10583
4 10516 10583 10584 10523
4 4688 4687 10584 10583
4 4686 10585 10584 4687
4 10524 10523 10584 10585
4 10524 10585 10586 10529
4 4686 4690 10586 10585
4 4696 10587 10586 4690
4 10530 10529 10586 10587
4 10530 10587 10588 10533
4 4696 4695 10588 10587
4 4694 10589 10588 4695
4 10534 10533 10588 10589
4 10534 10589 10590 10537
4 4694 4698 10590 10589
4 4704 10591 10590 4698
4 10538 10537 10590 10591
4 10538 10591 10592 10541
4 4704 4703 10592 10591
4 4702 10593 10592 4703
4 10542 10541 10592 10593
4 10542 10593 10594 10545
4 4702 4706 10594 10593
4 4711 10595 10594 4706
4 10546 10545 10594 10595
4 10546 10595 10596 10549
4 4711 4710 10596 10595
4 4589 4588 10596 4710
4 4587 10549 10596 4588
CELL_TYPES 10540
9
9
9
9
9
9
9
9
9
9
9
9
9
9
9
9
9
9
9
9
9
9
9
9
9
9
9
9
9
9
9
9
9
9
9
9
9
9
9
9
9
9
9
9
9
9
9
9
9
9
9
9
9
9
9
9
9
9
9
9
9
9
9
9
9
9
9
9
9
9
9
9
9
9
9
9
9
9
9
9
9
9
9
9
9
9
9
9
9
9
9
9
9
9
9
9
9
9
9
9
9
9
9
9
9
9
9
9
9
9
9
9
9
9
9
9
9
9
9
9
9
9
9
9
9
9
9
9
9
9
9
9
9
9
9
9
9
9
9
9
9
9
9
9
9
9
9
9
9
9
9
9
9
9
9
9
9
9
9
9
9
9
9
9
9
9
9
9
9
9
9
9
9
9
9
9
9
9
9
9
9
9
9
9
9
9
9
9
9
9
9
9
9
9
9
9
9
9
9
9
9
9
9
9
9
9
9
9
9
9
9
9
9
9
9
9
9
9
9
9
9
9
9
9
9
9
9
9
9
9
9
9
9
9
9
9
9
9
9
9
9
9
9
9
9
9
9
9
9
9
9
9
9
9
9
9
9
9
9
9
9
9
9
9
9
9
9
9
9
9
9
9
9
9
9
9
9
9
9
9
9
9
9
9
9
9
9
9
9
9
9
9
9
9
9
9
9
9
9
9
9
9
9
9
9
9
9
9
9
9
9
9
9
9
9
9
9
9
9
9
9
9
9
9
9
9
9
9
9
9
9
9
9
9
9
9
9
9
9
9
9
9
9
9
9
9
9
9
9
9
9
9
9
9
9
9
9
9
9
9
9
9
9
9
9
9
9
9
9
9
9
9
9
9
9
9
9
9
9
9
9
9
9
9
9
9
9
9
9
9
9
9
9
9
9
9
9
9
9
9
9
9
9
9
9
9
9
9
9
9
9
9
9
9
9
9
9
9
9
9
9
9
9
9
9
9
9
9
9
9
9
9
9
9
9
9
9
9
9
9
9
9
9
9
9
9
9
9
9
9
9
9
9
9
9
9
9
9
9
9
9
9
9
9
9
9
9
9
9
9
9
9
9
9
9
9
9
9
9
9
9
9
9
9
9
9
9
9
9
9
9
9
9
9
9
9
9
9
9
9
9
9
9
9
9
9
9
9
9
9
9
9
9
9
9
9
9
9
9
9
9
9
9
9
9
9
9
9
9
9
9
9
9
9
9
9
9
9
9
9
9
9
9
9
9
9
9
9
9
9
9
9
9
9
9
9
9
9
9
9
9
9
9
9
9
9
9
9
9
9
9
9
9
9
9
9
9
9
9
9
9
9
9
9
9
9
9
9
9
9
9
9
9
9
9
9
9
9
9
9
9
9
9
9
9
9
9
9
9
9
9
9
9
9
9
9
9
9
9
9
9
9
9
9
9
9
9
9
9
9
9
9
9
9
9
9
9
9
9
9
9
9
9
9
9
9
9
9
9
9
9
9
9
9
9
9
9
9
9
9
9
9
9
9
9
9
9
9
9
9
9
9
9
9
9
9
9
9
9
9
9
9
9
9
9
9
9
9
9
9
9
9
9
9
9
9
9
9
9
9
9
9
9
9
9
9
9
9
9
9
9
9
9
9
9
9
9
9
9
9
9
9
9
9
9
9
9
9
9
9
9
9
9
9
9
9
9
9
9
9
9
9
9
9
9
9
9
9
9
9
9
9
9
9
9
9
9
9
9
9
9
9
9
9
9
9
9
9
9
9
9
9
9
9
9
9
9
9
9
9
9
9
9
9
9
9
9
9
9
9
9
9
9
9
9
9
9
9
9
9
9
9
9
9
9
9
9
9
9
9
9
9
9
9
9
9
9
9
9
9
9
9
9
9
9
9
9
9
9
9
9
9
9
9
9
9
9
9
9
9
9
9
9
9
9
9
9
9
9
9
9
9
9
9
9
9
9
9
9
9
9
9
9
9
9
9
9
9
9
9
9
9
9
9
9
9
9
9
9
9
9
9
9
9
9
9
9
9
9
9
9
9
9
9
9
9
9
9
9
9
9
9
9
9
9
9
9
9
9
9
9
9
9
9
9
9
9
9
9
9
9
9
9
9
9
9
9
9
9
9
9
9
9
9
9
9
9
9
9
9
9
9
9
9
9
9
9
9
9
9
9
9
9
9
9
9
9
9
9
9
9
9
9
9
9
9
9
9
9
9
9
9
9
9
9
9
9
9
9
9
9
9
9
9
9
9
9
9
9
9
9
9
9
9
9
9
9
9
9
9
9
9
9
9
9
9
9
9
9
9
9
9
9
9
9
9
9
9
9
9
9
9
9
9
9
9
9
9
9
9
9
9
9
9
9
9
9
9
9
9
9
9
9
9
9
9
9
9
9
9
9
9
9
9
9
9
9
9
9
9
9
9
9
9
9
9
9
9
9
9
9
9
9
9
9
9
9
9
9
9
9
9
9
9
9
9
9
9
9
9
9
9
9
9
9
9
9
9
9
9
9
9
9
9
9
9
9
9
9
9
9
9
9
9
9
9
9
9
9
9
9
9
9
9
9
9
9
9
9
9
9
9
9
9
9
9
9
9
9
9
9
9
9
9
9
9
9
9
9
9
9
9
9
9
9
9
9
9
9
9
9
9
9
9
9
9
9
9
9
9
9
9
9
9
9
9
9
9
9
9
9
9
9
9
9
9
9
9
9
9
9
9
9
9
9
9
9
9
9
9
9
9
9
9
9
9
9
9
9
9
9
9
9
9
9
9
9
9
9
9
9
9
9
9
9
9
9
9
9
9
9
9
9
9
9
9
9
9
9
9
9
9
9
9
9
9
9
9
9
9
9
9
9
9
9
9
9
9
9
9
9
9
9
9
9
9
9
9
9
9
9
9
9
9
9
9
9
9
9
9
9
9
9
9
9
9
9
9
9
9
9
9
9
9
9
9
9
9
9
9
9
9
9
9
9
9
9
9
9
9
9
9
9
9
9
9
9
9
9
9
9
9
9
9
9
9
9
9
9
9
9
9
9
9
9
9
9
9
9
9
9
9
9
9
9
9
9
9
9
9
9
9
9
9
9
9
9
9
9
9
9
9
9
9
9
9
9
9
9
9
9
9
9
9
9
9
9
9
9
9
9
9
9
9
9
9
9
9
9
9
9
9
9
9
9
9
9
9
9
9
9
9
9
9
9
9
9
9
9
9
9
9
9
9
9
9
9
9
9
9
9
9
9
9
9
9
9
9
9
9
9
9
9
9
9
9
9
9
9
9
9
9
9
9
9
9
9
9
9
9
9
9
9
9
9
9
9
9
9
9
9
9
9
9
9
9
9
9
9
9
9
9
9
9
9
9
9
9
9
9
9
9
9
9
9
9
9
9
9
9
9
9
9
9
9
9
9
9
9
9
9
9
9
9
9
9
9
9
9
9
9
9
9
9
9
9
9
9
9
9
9
9
9
9
9
9
9
9
9
9
9
9
9
9
9
9
9
9
9
9
9
9
9
9
9
9
9
9
9
9
9
9
9
9
9
9
9
9
9
9
9
9
9
9
9
9
9
9
9
9
9
9
9
9
9
9
9
9
9
9
9
9
9
9
9
9
9
9
9
9
9
9
9
9
9
9
9
9
9
9
9
9
9
9
9
9
9
9
9
9
9
9
9
9
9
9
9
9
9
9
9
9
9
9
9
9
9
9
9
9
9
9
9
9
9
9
9
9
9
9
9
9
9
9
9
9
9
9
9
9
9
9
9
9
9
9
9
9
9
9
9
9
9
9
9
9
9
9
9
9
9
9
9
9
9
9
9
9
9
9
9
9
9
9
9
9
9
9
9
9
9
9
9
9
9
9
9
9
9
9
9
9
9
9
9
9
9
9
9
9
9
9
9
9
9
9
9
9
9
9
9
9
9
9
9
9
9
9
9
9
9
9
9
9
9
9
9
9
9
9
9
9
9
9
9
9
9
9
9
9
9
9
9
9
9
9
9
9
9
9
9
9
9
9
9
9
9
9
9
9
9
9
9
9
9
9
9
9
9
9
9
9
9
9
9
9
9
9
9
9
9
9
9
9
9
9
9
9
9
9
9
9
9
9
9
9
9
9
9
9
9
9
9
9
9
9
9
9
9
9
9
9
9
9
9
9
9
9
9
9
9
9
9
9
9
9
9
9
9
9
9
9
9
9
9
9
9
9
9
9
9
9
9
9
9
9
9
9
9
9
9
9
9
9
9
9
9
9
9
9
9
9
9
9
9
9
9
9
9
9
9
9
9
9
9
9
9
9
9
9
9
9
9
9
9
9
9
9
9
9
9
9
9
9
9
9
9
9
9
9
9
9
9
9
9
9
9
9
9
9
9
9
9
9
9
9
9
9
9
9
9
9
9
9
9
9
9
9
9
9
9
9
9
9
9
9
9
9
9
9
9
9
9
9
9
9
9
9
9
9
9
9
9
9
9
9
9
9
9
9
9
9
9
9
9
9
9
9
9
9
9
9
9
9
9
9
9
9
9
9
9
9
9
9
9
9
9
9
9
9
9
9
9
9
9
9
9
9
9
9
9
9
9
9
9
9
9
9
9
9
9
9
9
9
9
9
9
9
9
9
9
9
9
9
9
9
9
9
9
9
9
9
9
9
9
9
9
9
9
9
9
9
9
9
9
9
9
9
9
9
9
9
9
9
9
9
9
9
9
9
9
9
9
9
9
9
9
9
9
9
9
9
9
9
9
9
9
9
9
9
9
9
9
9
9
9
9
9
9
9
9
9
9
9
9
9
9
9
9
9
9
9
9
9
9
9
9
9
9
9
9
9
9
9
9
9
9
9
9
9
9
9
9
9
9
9
9
9
9
9
9
9
9
9
9
9
9
9
9
9
9
9
9
9
9
9
9
9
9
9
9
9
9
9
9
9
9
9
9
9
9
9
9
9
9
9
9
9
9
9
9
9
9
9
9
9
9
9
9
9
9
9
9
9
9
9
9
9
9
9
9
9
9
9
9
9
9
9
9
9
9
9
9
9
9
9
9
9
9
9
9
9
9
9
9
9
9
9
9
9
9
9
9
9
9
9
9
9
9
9
9
9
9
9
9
9
9
9
9
9
9
9
9
9
9
9
9
9
9
9
9
9
9
9
9
9
9
9
9
9
9
9
9
9
9
9
9
9
9
9
9
9
9
9
9
9
9
9
9
9
9
9
9
9
9
9
9
9
9
9
9
9
9
9
9
9
9
9
9
9
9
9
9
9
9
9
9
9
9
9
9
9
9
9
9
9
9
9
9
9
9
9
9
9
9
9
9
9
9
9
9
9
9
9
9
9
9
9
9
9
9
9
9
9
9
9
9
9
9
9
9
9
9
9
9
9
9
9
9
9
9
9
9
9
9
9
9
9
9
9
9
9
9
9
9
9
9
9
9
9
9
9
9
9
9
9
9
9
9
9
9
9
9
9
9
9
9
9
9
9
9
9
9
9
9
9
9
9
9
9
9
9
9
9
9
9
9
9
9
9
9
9
9
9
9
9
9
9
9
9
9
9
9
9
9
9
9
9
9
9
9
9
9
9
9
9
9
9
9
9
9
9
9
9
9
9
9
9
9
9
9
9
9
9
9
9
9
9
9
9
9
9
9
9
9
9
9
9
9
9
9
9
9
9
9
9
9
9
9
9
9
9
9
9
9
9
9
9
9
9
9
9
9
9
9
9
9
9
9
9
9
9
9
9
9
9
9
9
9
9
9
9
9
9
9
9
9
9
9
9
9
9
9
9
9
9
9
9
9
9
9
9
9
9
9
9
9
9
9
9
9
9
9
9
9
9
9
9
9
9
9
9
9
9
9
9
9
9
9
9
9
9
9
9
9
9
9
9
9
9
9
9
9
9
9
9
9
9
9
9
9
9
9
9
9
9
9
9
9
9
9
9
9
9
9
9
9
9
9
9
9
9
9
9
9
9
9
9
9
9
9
9
9
9
9
9
9
9
9
9
9
9
9
9
9
9
9
9
9
9
9
9
9
9
9
9
9
9
9
9
9
9
9
9
9
9
9
9
9
9
9
9
9
9
9
9
9
9
9
9
9
9
9
9
9
9
9
9
9
9
9
9
9
9
9
9
9
9
9
9
9
9
9
9
9
9
9
9
9
9
9
9
9
9
9
9
9
9
9
9
9
9
9
9
9
9
9
9
9
9
9
9
9
9
9
9
9
9
9
9
9
9
9
9
9
9
9
9
9
9
9
9
9
9
9
9
9
9
9
9
9
9
9
9
9
9
9
9
9
9
9
9
9
9
9
9
9
9
9
9
9
9
9
9
9
9
9
9
9
9
9
9
9
9
9
9
9
9
9
9
9
9
9
9
9
9
9
9
9
9
9
9
9
9
9
9
9
9
9
9
9
9
9
9
9
9
9
9
9
9
9
9
9
9
9
9
9
9
9
9
9
9
9
9
9
9
9
9
9
9
9
9
9
9
9
9
9
9
9
9
9
9
9
9
9
9
9
9
9
9
9
9
9
9
9
9
9
9
9
9
9
9
9
9
9
9
9
9
9
9
9
9
9
9
9
9
9
9
9
9
9
9
9
9
9
9
9
9
9
9
9
9
9
9
9
9
9
9
9
9
9
9
9
9
9
9
9
9
9
9
9
9
9
9
9
9
9
9
9
9
9
9
9
9
9
9
9
9
9
9
9
9
9
9
9
9
9
9
9
9
9
9
9
9
9
9
9
9
9
9
9
9
9
9
9
9
9
9
9
9
9
9
9
9
9
9
9
9
9
9
9
9
9
9
9
9
9
9
9
9
9
9
9
9
9
9
9
9
9
9
9
9
9
9
9
9
9
9
9
9
9
9
9
9
9
9
9
9
9
9
9
9
9
9
9
9
9
9
9
9
9
9
9
9
9
9
9
9
9
9
9
9
9
9
9
9
9
9
9
9
9
9
9
9
9
9
9
9
9
9
9
9
9
9
9
9
9
9
9
9
9
9
9
9
9
9
9
9
9
9
9
9
9
9
9
9
9
9
9
9
9
9
9
9
9
9
9
9
9
9
9
9
9
9
9
9
9
9
9
9
9
9
9
9
9
9
9
9
9
9
9
9
9
9
9
9
9
9
9
9
9
9
9
9
9
9
9
9
9
9
9
9
9
9
9
9
9
9
9
9
9
9
9
9
9
9
9
9
9
9
9
9
9
9
9
9
9
9
9
9
9
9
9
9
9
9
9
9
9
9
9
9
9
9
9
9
9
9
9
9
9
9
9
9
9
9
9
9
9
9
9
9
9
9
9
9
9
9
9
9
9
9
9
9
9
9
9
9
9
9
9
9
9
9
9
9
9
9
9
9
9
9
9
9
9
9
9
9
9
9
9
9
9
9
9
9
9
9
9
9
9
9
9
9
9
9
9
9
9
9
9
9
9
9
9
9
9
9
9
9
9
9
9
9
9
9
9
9
9
9
9
9
9
9
9
9
9
9
9
9
9
9
9
9
9
9
9
9
9
9
9
9
9
9
9
9
9
9
9
9
9
9
9
9
9
9
9
9
9
9
9
9
9
9
9
9
9
9
9
9
9
9
9
9
9
9
9
9
9
9
9
9
9
9
9
9
9
9
9
9
9
9
9
9
9
9
9
9
9
9
9
9
9
9
9
9
9
9
9
9
9
9
9
9
9
9
9
9
9
9
9
9
9
9
9
9
9
9
9
9
9
9
9
9
9
9
9
9
9
9
9
9
9
9
9
9
9
9
9
9
9
9
9
9
9
9
9
9
9
9
9
9
9
9
9
9
9
9
9
9
9
9
9
9
9
9
9
9
9
9
9
9
9
9
9
9
9
9
9
9
9
9
9
9
9
9
9
9
9
9
9
9
9
9
9
9
9
9
9
9
9
9
9
9
9
9
9
9
9
9
9
9
9
9
9
9
9
9
9
9
9
9
9
9
9
9
9
9
9
9
9
9
9
9
9
9
9
9
9
9
9
9
9
9
9
9
9
9
9
9
9
9
9
9
9
9
9
9
9
9
9
9
9
9
9
9
9
9
9
9
9
9
9
9
9
9
9
9
9
9
9
9
9
9
9
9
9
9
9
9
9
9
9
9
9
9
9
9
9
9
9
9
9
9
9
9
9
9
9
9
9
9
9
9
9
9
9
9
9
9
9
9
9
9
9
9
9
9
9
9
9
9
9
9
9
9
9
9
9
9
9
9
9
9
9
9
9
9
9
9
9
9
9
9
9
9
9
9
9
9
9
9
9
9
9
9
9
9
9
9
9
9
9
9
9
9
9
9
9
9
9
9
9
9
9
9
9
9
9
9
9
9
9
9
9
9
9
9
9
9
9
9
9
9
9
9
9
9
9
9
9
9
9
9
9
9
9
9
9
9
9
9
9
9
9
9
9
9
9
9
9
9
9
9
9
9
9
9
9
9
9
9
9
9
9
9
9
9
9
9
9
9
9
9
9
9
9
9
9
9
9
9
9
9
9
9
9
9
9
9
9
9
9
9
9
9
9
9
9
9
9
9
9
9
9
9
9
9
9
9
9
9
9
9
9
9
9
9
9
9
9
9
9
9
9
9
9
9
9
9
9
9
9
9
9
9
9
9
9
9
9
9
9
9
9
9
9
9
9
9
9
9
9
9
9
9
9
9
9
9
9
9
9
9
9
9
9
9
9
9
9
9
9
9
9
9
9
9
9
9
9
9
9
9
9
9
9
9
9
9
9
9
9
9
9
9
9
9
9
9
9
9
9
9
9
9
9
9
9
9
9
9
9
9
9
9
9
9
9
9
9
9
9
9
9
9
9
9
9
9
9
9
9
9
9
9
9
9
9
9
9
9
9
9
9
9
9
9
9
9
9
9
9
9
9
9
9
9
9
9
9
9
9
9
9
9
9
9
9
9
9
9
9
9
9
9
9
9
9
9
9
9
9
9
9
9
9
9
9
9
9
9
9
9
9
9
9
9
9
9
9
9
9
9
9
9
9
9
9
9
9
9
9
9
9
9
9
9
9
9
9
9
9
9
9
9
9
9
9
9
9
9
9
9
9
9
9
9
9
9
9
9
9
9
9
9
9
9
9
9
9
9
9
9
9
9
9
9
9
9
9
9
9
9
9
9
9
9
9
9
9
9
9
9
9
9
9
9
9
9
9
9
9
9
9
9
9
9
9
9
9
9
9
9
9
9
9
9
9
9
9
9
9
9
9
9
9
9
9
9
9
9
9
9
9
9
9
9
9
9
9
9
9
9
9
9
9
9
9
9
9
9
9
9
9
9
9
9
9
9
9
9
9
9
9
9
9
9
9
9
9
9
9
9
9
9
9
9
9
9
9
9
9
9
9
9
9
9
9
9
9
9
9
9
9
9
9
9
9
9
9
9
9
9
9
9
9
9
9
9
9
9
9
9
9
9
9
9
9
9
9
9
9
9
9
9
9
9
9
9
9
9
9
9
9
9
9
9
9
9
9
9
9
9
9
9
9
9
9
9
9
9
9
9
9
9
9
9
9
9
9
9
9
9
9
9
9
9
9
9
9
9
9
9
9
9
9
9
9
9
9
9
9
9
9
9
9
9
9
9
9
9
9
9
9
9
9
9
9
9
9
9
9
9
9
9
9
9
9
9
9
9
9
9
9
9
9
9
9
9
9
9
9
9
9
9
9
9
9
9
9
9
9
9
9
9
9
9
9
9
9
9
9
9
9
9
9
9
9
9
9
9
9
9
9
9
9
9
9
9
9
9
9
9
9
9
9
9
9
9
9
9
9
9
9
9
9
9
9
9
9
9
9
9
9
9
9
9
9
9
9
9
9
9
9
9
9
9
9
9
9
9
9
9
9
9
9
9
9
9
9
9
9
9
9
9
9
9
9
9
9
9
9
9
9
9
9
9
9
9
9
9
9
9
9
9
9
9
9
9
9
9
9
9
9
9
9
9
9
9
9
9
9
9
9
9
9
9
9
9
9
9
9
9
9
9
9
9
9
9
9
9
9
9
9
9
9
9
9
9
9
9
9
9
9
9
9
9
9
9
9
9
9
9
9
9
9
9
9
9
9
9
9
9
9
9
9
9
9
9
9
9
9
9
9
9
9
9
9
9
9
9
9
9
9
9
9
9
9
9
9
9
9
9
9
9
9
9
9
9
9
9
9
9
9
9
9
9
9
9
9
9
9
9
9
9
9
9
9
9
9
9
9
9
9
9
9
9
9
9
9
9
9
9
9
9
9
9
9
9
9
9
9
9
9
9
9
9
9
9
9
9
9
9
9
9
9
9
9
9
9
9
9
9
9
9
9
9
9
9
9
9
9
9
9
9
9
9
9
9
9
9
9
9
9
9
9
9
9
9
9
9
9
9
9
9
9
9
9
9
9
9
9
9
9
9
9
9
9
9
9
9
9
9
9
9
9
9
9
9
9
9
9
9
9
9
9
9
9
9
9
9
9
9
9
9
9
9
9
9
9
9
9
9
9
9
9
9
9
9
9
9
9
9
9
9
9
9
9
9
9
9
9
9
9
9
9
9
9
9
9
9
9
9
9
9
9
9
9
9
9
9
9
9
9
9
9
9
9
9
9
9
9
9
9
9
9
9
9
9
9
9
9
9
9
9
9
9
9
9
9
9
9
9
9
9
9
9
9
9
9
9
9
9
9
9
9
9
9
9
9
9
9
9
9
9
9
9
9
9
9
9
9
9
9
9
9
9
9
9
9
9
9
9
9
9
9
9
9
9
9
9
9
9
9
9
9
9
9
9
9
9
9
9
9
9
9
9
9
9
9
9
9
9
9
9
9
9
9
9
9
9
9
9
9
9
9
9
9
9
9
9
9
9
9
9
9
9
9
9
9
9
9
9
9
9
9
9
9
9
9
9
9
9
9
9
9
9
9
9
9
9
9
9
9
9
9
9
9
9
9
9
9
9
9
9
9
9
9
9
9
9
9
9
9
9
9
9
9
9
9
9
9
9
9
9
9
9
9
9
9
9
9
9
9
9
9
9
9
9
9
9
9
9
9
9
9
9
9
9
9
9
9
9
9
9
9
9
9
9
9
9
9
9
9
9
9
9
9
9
9
9
9
9
9
9
9
9
9
9
9
9
9
9
9
9
9
9
9
9
9
9
9
9
9
9
9
9
9
9
9
9
9
9
9
9
9
9
9
9
9
9
9
9
9
9
9
9
9
9
9
9
9
9
9
9
9
9
9
9
9
9
9
9
9
9
9
9
9
9
9
9
9
9
9
9
9
9
9
9
9
9
9
9
9
9
9
9
9
9
9
9
9
9
9
9
9
9
9
9
9
9
9
9
9
9
9
9
9
9
9
9
9
9
9
9
9
9
9
9
9
9
9
9
9
9
9
9
9
9
9
9
9
9
9
9
9
9
9
9
9
9
9
9
9
9
9
9
9
9
9
9
9
9
9
9
9
9
9
9
9
9
9
9
9
9
9
9
9
9
9
9
9
9
9
9
9
9
9
9
9
9
9
9
9
9
9
9
9
9
9
9
9
9
9
9
9
9
9
9
9
9
9
9
9
9
9
9
9
9
9
9
9
9
9
9
9
9
9
9
9
9
9
9
9
9
9
9
9
9
9
9
9
9
9
9
9
9
9
9
9
9
9
9
9
9
9
9
9
9
9
9
9
9
9
9
9
9
9
9
9
9
9
9
9
9
9
9
9
9
9
9
9
9
9
9
9
9
9
9
9
9
9
9
9
9
9
9
9
9
9
9
9
9
9
9
9
9
9
9
9
9
9
9
9
9
9
9
9
9
9
9
9
9
9
9
9
9
9
9
9
9
9
9
9
9
9
9
9
9
9
9
9
9
9
9
9
9
9
9
9
9
9
9
9
9
9
9
9
9
9
9
9
9
9
9
9
9
9
9
9
9
9
9
9
9
9
9
9
9
9
9
9
9
9
9
9
9
9
9
9
9
9
9
9
9
9
9
9
9
9
9
9
9
9
9
9
9
9
9
9
9
9
9
9
9
9
9
9
9
9
9
9
9
9
9
9
9
9
9
9
9
9
9
9
9
9
9
9
9
9
9
9
9
9
9
9
9
9
9
9
9
9
9
9
9
9
9
9
9
9
9
9
9
9
9
9
9
9
9
9
9
9
9
9
9
9
9
9
9
9
9
9
9
9
9
9
9
9
9
9
9
9
9
9
9
9
9
9
9
9
9
9
9
9
9
9
9
9
9
9
9
9
9
9
9
9
9
9
9
9
9
9
9
9
9
9
9
9
9
9
9
9
9
9
9
9
9
9
9
9
9
9
9
9
9
9
9
9
9
9
9
9
9
9
9
9
9
9
9
9
9
9
9
9
9
9
9
9
9
9
9
9
9
9
9
9
9
9
9
9
9
9
9
9
9
9
9
9
9
9
9
9
9
9
9
9
9
9
9
9
9
9
9
9
9
9
9
9
9
9
9
9
9
9
9
9
9
9
9
9
9
9
9
9
9
9
9
9
9
9
9
9
9
9
9
9
9
9
9
9
9
9
9
9
9
9
9
9
9
9
9
9
9
9
9
9
9
9
9
9
9
9
9
9
9
9
9
9
9
9
9
9
9
9
9
9
9
9
9
9
9
9
9
9
9
9
9
9
9
9
9
9
9
9
9
9
9
9
9
9
9
9
9
9
9
9
9
9
9
9
9
9
9
9
9
9
9
9
9
9
9
9
9
9
9
9
9
9
9
9
9
9
9
9
9
9
9
9
9
9
9
9
9
9
9
9
9
9
9
9
9
9
9
9
9
9
9
9
9
9
9
9
9
9
9
9
9
9
9
9
9
9
9
9
9
9
9
9
9
9
9
9
9
9
9
9
9
9
9
9
9
9
9
9
9
9
9
9
9
9
9
9
9
9
9
9
9
9
9
9
9
9
9
9
9
9
9
9
9
9
9
9
9
9
9
9
9
9
9
9
9
9
9
9
9
9
9
9
9
9
9
9
9
9
9
9
9
9
9
9
9
9
9
9
9
9
9
9
9
9
9
9
9
9
9
9
9
9
9
9
9
9
9
9
9
9
9
9
9
9
9
9
9
9
9
9
9
9
9
9
9
9
9
9
9
9
9
9
9
9
9
9
9
9
9
9
9
9
9
9
9
9
9
9
9
9
9
9
9
9
9
9
9
9
9
9
9
9
9
9
9
9
9
9
9
9
9
9
9
9
9
9
9
9
9
9
9
9
9
9
9
9
9
9
9
9
9
9
9
9
9
9
9
9
9
9
9
9
9
9
9
9
9
9
9
9
9
9
9
9
9
9
9
9
9
9
9
9
9
9
9
9
9
9
9
9
9
9
9
9
9
9
9
9
9
9
9
9
9
9
9
9
9
9
9
9
9
9
9
9
9
9
9
9
9
9
9
9
9
9
9
9
9
9
9
9
9
9
9
9
9
9
9
9
9
9
9
9
9
9
9
9
9
9
9
9
9
9
9
9
9
9
9
9
9
9
9
9
9
9
9
9
9
9
9
9
9
9
9
9
9
9
9
9
9
9
9
9
9
9
9
9
9
9
9
9
9
9
9
9
9
9
9
9
9
9
9
9
9
9
9
9
9
9
9
9
9
9
9
9
9
9
9
9
9
9
9
9
9
9
9
9
9
9
9
9
9
9
9
9
9
9
9
9
9
9
9
9
9
9
9
9
9
9
9
9
9
9
9
9
9
9
9
9
9
9
9
9
9
9
9
9
9
9
9
9
9
9
9
9
9
9
9
9
9
9
9
9
9
9
9
9
9
9
9
9
9
9
9
9
9
9
9
9
9
9
9
9
9
9
9
9
9
9
9
9
9
9
9
9
9
9
9
9
9
9
9
9
9
9
9
9
9
9
9
9
9
9
9
9
9
9
9
9
9
9
9
9
9
9
9
9
9
9
9
9
9
9
9
9
9
9
9
9
9
9
9
9
9
9
9
9
9
9
9
9
9
9
9
9
9
9
9
9
9
9
9
9
9
9
9
9
9
9
9
9
9
9
9
9
9
9
9
9
9
9
9
9
9
9
9
9
9
9
9
9
9
9
9
9
9
9
9
9
9
9
9
9
9
9
9
9
9
9
9
9
9
9
9
9
9
9
9
9
9
9
9
9
9
9
9
9
9
9
9
9
9
9
9
9
9
9
9
9
9
9
9
9
9
9
9
9
9
9
9
9
9
9
9
9
9
9
9
9
9
9
9
9
9
9
9
9
9
9
9
9
9
9
9
9
9
9
9
9
9
9
9
9
9
9
9
9
9
9
9
9
9
9
9
9
9
9
9
9
9
9
9
9
9
9
9
9
9
9
9
9
9
9
9
9
9
9
9
9
9
9
9
9
9
9
9
9
9
9
9
9
9
9
9
9
9
9
9
9
9
9
9
9
9
9
9
9
9
9
9
9
9
9
9
9
9
9
9
9
9
9
9
9
9
9
9
9
9
9
9
9
9
9
9
9
9
9
9
9
9
9
9
9
9
9
9
9
9
9
9
9
9
9
9
9
9
9
9
9
9
9
9
9
9
9
9
9
9
9
9
9
9
9
9
9
9
9
9
9
9
9
9
9
9
9
9
9
9
9
9
9
9
9
9
9
9
9
9
9
9
9
9
9
9
9
9
9
9
9
9
9
9
9
9
9
9
9
9
9
9
9
9
9
9
9
9
9
9
9
9
9
9
9
9
9
9
9
9
9
9
9
9
9
9
9
9
9
9
9
9
9
9
9
9
9
9
9
9
9
9
9
9
9
9
9
9
9
9
9
9
9
9
9
9
9
9
9
9
9
9
9
9
9
9
9
9
9
9
9
9
9
9
9
9
9
9
9
9
9
9
9
9
9
9
9
9
9
9
9
9
9
9
9
9
9
9
9
9
9
9
9
9
9
9
9
9
9
9
9
9
9
9
9
9
9
9
9
9
9
9
9
9
9
9
9
9
9
9
9
9
9
9
9
9
9
9
9
9
9
9
9
9
9
9
9
9
9
9
9
9
9
9
9
9
9
9
9
9
9
9
9
9
9
9
9
9
9
9
9
9
9
9
9
9
9
9
9
9
9
9
9
9
9
9
9
9
9
9
9
9
9
9
9
9
9
9
9
9
9
9
9
9
9
9
9
9
9
9
9
9
9
9
9
9
9
9
9
9
9
9
9
9
9
9
9
9
9
9
9
9
9
9
9
9
9
9
9
9
9
9
9
9
9
9
9
9
9
9
9
9
9
9
9
9
9
9
9
9
9
9
9
9
9
9
9
9
9
9
9
9
9
9
9
9
9
9
9
9
9
9
9
9
9
9
9
9
9
9
9
9
9
9
9
9
9
9
9
9
9
9
9
9
9
9
9
9
9
9
9
9
9
9
9
9
9
9
9
9
9
9
9
9
9
9
9
9
9
9
9
9
9
9
9
9
9
9
9
9
9
9
9
9
9
9
9
9
9
9
9
9
9
9
9
9
9
9
9
9
9
9
9
9
9
9
9
9
9
9
9
9
9
9
9
9
9
9
9
9
9
9
9
9
9
9
9
9
9
9
9
9
9
9
9
9
9
9
9
9
9
9
9
9
9
9
9
9
9
9
9
9
9
9
9
9
9
9
9
9
9
9
9
9
9
9
9
9
9
9
9
9
9
9
9
9
9
9
9
9
9
9
9
9
9
9
9
9
9
9
9
9
9
9
9
9
9
9
9
9
9
9
9
9
9
9
9
9
9
9
9
9
9
9
9
9
9
9
9
9
9
9
9
9
9
9
9
9
9
9
9
9
9
9
9
9
9
9
9
9
9
9
9
9
9
9
9
9
9
9
9
9
9
9
9
9
9
9
9
9
9
9
9
9
9
9
9
9
9
9
9
9
9
9
9
9
9
9
9
9
9
9
9
9
9
9
9
9
9
9
9
9
9
9
9
9
9
9
9
9
9
9
9
9
9
9
9
9
9
9
9
9
9
9
9
9
9
9
9
9
9
9
9
9
9
9
9
9
9
9
9
9
9
9
9
9
9
9
9
9
9
9
9
9
9
9
9
9
9
9
9
9
9
9
9
9
9
9
9
9
9
9
9
9
9
9
9
9
9
9
9
9
9
9
9
9
9
9
9
9
9
9
9
9
9
9
9
9
9
9
9
9
9
9
9
9
9
9
9
9
9
9
9
9
9
9
9
9
9
9
9
9
9
9
9
9
9
9
9
9
9
9
9
9
9
9
9
9
9
9
9
9
9
9
9
9
9
9
9
9
9
9
9
9
9
9
9
9
9
9
9
9
9
9
9
9
9
9
9
9
9
9
9
9
9
9
9
9
9
9
9
9
9
9
9
9
9
9
9
9
9
9
9
9
9
9
9
9
9
9
9
9
9
9
9
9
9
9
9
9
9
9
9
9
9
9
9
9
9
9
9
9
9
9
9
9
9
9
9
9
9
9
9
9
9
9
9
9
9
9
9
9
9
9
9
9
9
9
9
9
9
9
9
9
9
9
9
9
9
9
9
9
9
9
9
9
9
9
9
9
9
9
9
9
9
9
9
9
9
9
9
9
9
9
9
9
9
9
9
9
9
9
9
9
9
9
9
9
9
9
9
9
9
9
9
9
9
9
9
9
9
9
9
9
9
9
9
9
9
9
9
9
9
9
9
9
9
9
9
9
9
9
9
9
9
9
9
9
9
9
9
9
9
9
9
9
9
9
9
9
9
9
9
9
9
9
9
9
9
9
9
9
9
9
9
9
9
9
9
9
9
9
9
9
9
9
9
9
9
9
9
9
9
9
9
9
9
9
9
9
9
9
9
9
9
9
9
9
9
9
9
9
9
9
9
9
9
9
9
9
9
9
9
9
9
9
9
9
9
9
9
9
9
9
9
9
9
9
9
9
9
9
9
9
9
9
9
9
9
9
9
9
9
9
9
9
9
9
9
9
9
9
9
9
9
9
9
9
9
9
9
9
9
9
9
9
9
9
9
9
9
9
9
9
9
9
9
9
9
9
9
9
9
9
9
9
9
9
9
9
9
9
9
9
9
9
9
9
9
9
9
9
9
9
9
9
9
9
9
9
9
9
9
9
9
9
9
9
9
9
9
9
9
9
9
9
9
9
9
9
9
9
9
9
9
9
9
9
9
9
9
9
9
9
9
9
9
9
9
9
9
9
9
9
9
9
9
9
9
9
9
9
9
9
9
9
9
9
9
9
9
9
9
9
9
9
9
9
9
9
9
9
9
9
9
9
9
9
9
9
9
9
9
9
9
9
9
9
9
9
9
9
9
9
9
9
9
9
9
9
9
9
9
9
9
9
9
9
9
9
9
9
9
9
9
9
9
9
9
9
9
9
9
9
9
9
9
9
9
9
9
9
9
9
9
9
9
9
9
9
9
9
9
9
9
9
9
9
9
9
9
9
9
9
9
9
9
9
9
9
9
9
9
9
9
9
9
9
9
9
9
9
9
9
9
9
9
9
9
9
9
9
9
9
9
9
9
9
9
9
9
9
9
9
9
9
9
9
9
9
9
9
9
9
9
9
9
9
9
9
9
9
9
9
9
9
9
9
9
9
9
9
9
9
9
9
9
9
9
9
9
9
9
9
9
9
9
9
9
9
9
9
9
9
9
9
9
9
9
9
9
9
9
9
9
9
9
9
9
9
9
9
9
9
9
9
9
9
9
9
9
9
9
9
9
9
9
9
9
9
9
9
9
9
9
9
9
9
9
9
9
9
9
9
9
9
9
9
9
9
9
9
9
9
9
9
9
9
9
9
9
9
9
9
9
9
9
9
9
9
9
9
9
9
9
9
9
9
9
9
9
9
9
9
9
9
9
9
9
9
9
9
9
9
9
9
9
9
9
9
9
9
9
9
9
9
9
9
9
9
9
9
9
9
9
9
9
9
9
9
9
9
9
9
9
9
9
9
9
9
9
9
9
9
9
9
9
9
9
9
9
9
9
9
9
9
9
9
9
9
9
9
9
9
9
9
9
9
9
9
9
9
9
9
9
9
9
9
9
9
9
9
9
9
9
9
9
9
9
9
9
9
9
9
9
9
9
9
9
9
9
9
9
9
9
9
9
9
9
9
9
9
9
9
9
9
9
9
9
9
9
9
9
9
9
9
9
9
9
9
9
9
9
9
9
9
9
9
9
9
9
9
9
9
9
9
9
9
9
9
9
9
9
9
9
9
9
9
9
9
9
9
9
9
9
9
9
9
9
9
9
9
9
9
9
9
9
9
9
9
9
9
9
9
9
9
9
9
9
9
9
9
9
9
9
9
9
9
9
9
9
9
9
9
9
9
9
9
9
9
9
9
9
9
9
9
9
9
9
9
9
9
9
9
9
9
9
9
9
9
9
9
9
9
9
9
9
9
9
9
9
9
9
9
9
9
9
9
9
9
9
9
9
9
9
9
9
9
9
9
9
9
9
9
9
9
9
9
9
9
9
9
9
9
9
9
9
9
9
9
9
9
9
9
9
9
9
9
9
9
9
9
9
9
9
9
9
9
9
9
9
9
9
9
9
9
9
9
9
9
9
9
9
9
9
9
9
9
9
9
9
9
9
9
9
9
9
9
9
9
9
9
9
9
9
9
9
9
9
9
9
9
9
9
9
9
9
9
9
9
9
9
9
9
9
9
9
9
9
9
9
9
9
9
9
9
9
9
9
9
9
9
9
9
9
9
9
9
9
9
9
9
9
9
9
9
9
9
9
9
9
9
9
9
9
9
9
9
9
9
9
9
9
9
9
9
9
9
9
9
9
9
9
9
9
9
9
9
9
9
9
9
9
9
9
9
9
9
9
9
9
9
9
9
9
9
9
9
9
9
9
9
9
9
9
9
9
9
9
9
9
9
9
9
9
9
9
9
9
9
9
9
9
9
9
9
9
9
9
9
9
9
9
9
9
9
9
9
9
9
9
9
9
9
9
9
9
9
9
9
9
9
9
9
9
9
9
9
9
9
9
9
9
9
9
9
9
9
9
9
9
9
9
9
9
9
9
9
9
9
9
9
9
9
9
9
9
9
9
9
9
9
9
9
9
9
9
9
9
9
9
9
9
9
9
9
9
9
9
9
9
9
9
9
9
9
9
9
9
9
9
9
9
9
9
9
9
9
9
9
9
9
9
9
9
9
9
9
9
9
9
9
9
9
9
9
9
9
9
9
9
9
9
9
9
9
9
9
9
9
9
9
9
9
9
9
9
9
9
9
9
9
9
9
9
9
9
9
9
9
9
9
9
9
9
9
9
9
9
9
9
9
9
9
9
9
9
9
9
9
9
9
9
9
9
9
9
9
9
9
9
9
9
9
9
9
9
9
9
9
9
9
9
9
9
9
9
9
9
9
9
9
9
9
9
9
9
9
9
9
9
9
9
9
9
9
9
9
9
9
9
9
9
9
9
9
9
9
9
9
9
9
9
9
9
9
9
9
9
9
9
9
9
9
9
9
9
9
9
9
9
9
9
9
9
9
9
9
9
9
9
9
9
9
9
9
9
9
9
9
9
9
9
9
9
9
9
9
9
9
9
9
9
9
9
9
9
9
9
9
9
9
9
9
9
9
9
9
9
9
9
9
9
9
9
9
9
9
9
9
9
9
9
9
9
9
9
9
9
9
9
9
9
9
9
9
9
9
9
9
9
9
9
9
9
9
9
9
9
9
9
9
9
9
9
9
9
9
9
9
9
9
9
9
9
9
9
9
9
9
9
9
9
9
9
9
9
9
9
9
9
9
9
9
9
9
9
9
9
9
9
9
9
9
9
9
9
9
9
9
9
9
9
9
9
9
9
9
9
9
9
9
9
9
9
9
9
9
9
9
9
9
9
9
9
9
9
9
9
9
9
9
9
9
9
9
9
9
9
9
9
9
9
9
9
9
9
9
9
9
9
9
9
9
9
9
9
9
9
9
9
9
9
9
9
9
9
9
9
9
9
9
9
9
9
9
9
9
9
9
9
9
9
9
9
9
9
9
9
9
9
9
9
9
9
9
9
9
9
9
9
9
9
9
9
9
9
9
9
9
9
9
9
9
9
9
9
9
9
9
9
9
9
9
9
9
9
9
9
9
9
9
9
9
9
9
9
9
9
9
9
9
9
9
9
9
9
9
9
9
9
9
9
9
9
9
9
9
9
9
9
9
9
9
9
9
9
9
9
9
9
9
9
9
9
9
9
9
9
9
9
9
9
9
9
9
9
9
9
9
9
9
9
9
9
9
9
9
9
9
9
9
9
9
9
9
9
9
9
9
9
9
9
9
9
9
9
9
9
9
9
9
9
9
9
9
9
9
9
9
9
9
9
9
9
9
9
9
9
9
9
9
9
9
9
9
9
9
9
9
9
9
9
9
9
9
9
9
9
9
9
9
9
9
9
9
9
9
9
9
9
9
9
9
9
9
9
9
9
9
9
9
9
9
9
9
9
9
9
9
9
9
9
9
9
9
9
9
9
9
9
9
9
9
9
9
9
9
9
9
9
9
9
9
9
9
9
9
9
9
9
9
9
9
9
9
9
9
9
9
9
9
9
9
9
9
9
9
9
9
9
9
9
9
9
9
9
9
9
9
9
9
9
9
9
9
9
9
9
9
9
9
9
9
9
9
9
9
9
9
9
9
9
9
9
9
9
9
9
9
9
9
9
9
9
9
9
9
9
9
9
9
9
9
9
9
9
9
9
9
9
9
9
9
9
9
9
9
9
9
9
9
9
9
9
9
9
9
9
9
9
9
9
9
9
9
9
9
9
9
9
9
9
9
9
9
9
9
9
9
9
9
9
9
9
9
9
9
9
9
9
9
9
9
9
9
9
9
9
9
9
9
9
9
9
9
9
9
9
9
9
9
9
9
9
9
9
9
9
9
9
9
9
9
9
9
9
9
9
9
9
9
9
9
9
9
9
9
9
9
9
9
9
9
9
9
9
9
9
9
9
9
9
9
9
9
9
9
9
9
9
9
9
9
9
9
9
9
9
9
9
9
9
9
9
9
9
9
9
9
9
9
9
9
9
9
9
9
9
9
9
9
9
9
9
9
9
9
9
9
9
9
9
9
9
9
9
9
9
9
9
9
9
9
9
9
9
9
9
9
9
9
9
9
9
9
9
9
9
9
9
9
9
9
9
9
9
9
9
9
9
9
9
9
9
9
9
9
9
9
9
9
9
9
9
9
9
9
9
9
9
9
9
9
9
9
9
9
9
9
9
9
9
9
9
9
9
9
9
9
9
9
9
9
9
9
9
9
9
9
9
9
9
9
9
9
9
9
9
9
9
9
9
9
9
9
9
9
9
9
9
9
9
9
9
9
9
9
9
9
9
9
9
9
9
9
9
9
9
9
9
9
9
9
9
9
9
9
9
9
9
9
9
9
9
9
9
9
9
9
9
9
9
9
9
9
9
9
9
9
9
9
9
9
9
9
9
9
9
9
9
9
9
9
9
9
9
9
9
9
9
9
9
9
9
9
9
9
9
9
9
9
9
9
9
9
9
9
9
9
9
9
9
9
9
9
9
9
9
9
9
9
9
9
9
9
9
9
9
9
9
9
9
9
9
9
9
9
9
9
9
9
9
9
9
9
9
9
9
9
9
9
9
9
9
9
9
9
9
9
9
9
9
9
9
9
9
9
9
9
9
9
9
9
9
9
9
9
9
9
9
9
9
9
9
9
9
9
9
9
9
9
9
9
9
9
9
9
9
9
9
9
9
9
9
9
9
9
9
9
9
9
9
9
9
9
9
9
9
9
9
9
9
9
9
9
9
9
9
9
9
9
9
9
9
9
9
9
9
9
9
9
9
9
9
9
9
9
9
9
9
9
9
9
9
9
9
9
9
9
9
9
9
9
9
9
9
9
9
9
9
9
9
9
9
9
9
9
9
9
9
9
9
9
9
9
9
9
9
9
9
9
9
9
9
9
9
9
9
9
9
9
9
9
9
9
9
9
9
9
9
9
9
9
9
9
9
9
9
9
9
9
9
9
9
9
9
9
9
9
9
9
9
9
9
9
9
9
9
9
9
9
9
9
9
9
9
9
9
9
9
9
9
9
9
9
9
9
9
9
9
9
9
9
9
9
9
9
9
9
9
9
9
9
9
9
9
9
9
9
9
9
9
9
9
9
9
9
9
9
9
9
9
9
9
9
9
9
9
9
9
9
9
9
9
9
9
9
9
9
9
9
9
9
9
9
9
9
9
9
9
9
9
9
9
9
9
9
9
9
9
9
9
9
9
9
9
9
9
9
9
9
9
9
9
9
9
9
9
9
9
9
9
9
9
9
9
9
9
9
9
9
9
9
9
9
9
9
9
9
9
9
9
9
9
9
9
9
9
9
9
9
9
9
9
9
9
9
9
9
9
9
9
9
9
9
9
9
9
9
9
9
9
9
9
9
9
9
9
9
9
9
9
9
9
9
9
9
9
9
9
9
9
9
9
9
9
9
9
9
9
9
9
9
9
9
9
9
9
9
9
9
9
9
9
9
9
9
9
9
9
9
9
9
9
9
9
9
9
9
9
9
9
9
9
9
9
9
9
9
9
9
9
9
9
9
9
9
9
9
9
9
9
9
9
9
9
9
9
9
9
9
9
9
9
9
9
9
9
9
9
9
9
9
9
9
9
9
9
9
9
9
9
9
9
9
9
9
9
9
9
9
9
9
9
9
9
9
9
9
9
9
9
9
9
9
9
9
9
9
9
9
9
9
9
9
9
9
9
9
9
9
9
9
9
9
9
9
9
9
9
9
9
9
9
9
9
9
9
9
9
9
9
9
9
9
9
9
9
9
9
9
9
9
9
9
9
9
9
9
9
9
9
9
9
9
9
9
9
9
9
9
9
9
9
9
9
9
9
9
9
9
9
9
9
9
9
9
9
9
9
9
9
9
9
9
9
9
9
9
9
9
9
9
9
9
9
9
9
9
9
9
9
9
9
9
9
9
9
9
9
9
9
9
9
9
9
9
9
9
9
9
9
9
9
9
9
9
9
9
9
9
9
9
9
9
9
9
9
9
9
9
9
9
9
9
9
9
9
9
9
9
9
9
9
9
9
9
9
9
9
9
9
9
9
9
9
9
9
9
9
9
9
9
9
9
9
9
9
9
9
9
9
9
9
9
9
9
9
9
9
9
9
9
9
9
9
9
9
9
9
9
9
9
9
9
9
9
9
9
9
9
9
9
9
9
9
9
9
9
9
9
9
9
9
9
9
9
9
9
9
9
9
9
9
9
9
9
9
9
9
9
9
9
9
9
9
9
9
9
9
9
9
9
9
9
9
9
9
9
9
9
9
9
9
9
9
9
9
9
9
9
9
9
9
9
9
9
9
9
9
9
9
9
9
9
9
9
9
9
9
9
9
9
9
9
9
9
9
9
9
9
9
9
9
9
9
9
9
9
9
9
9
9
9
9
9
9
9
9
9
9
9
9
9
9
9
9
9
9
9
9
9
9
9
9
9
9
9
9
9
9
9
9
9
9
9
9
9
9
9
9
9
9
9
9
9
9
9
9
9
9
9
9
9
9
9
9
9
9
9
9
9
9
9
9
9
9
9
9
9
9
9
9
9
9
9
9
9
9
9
9
9
9
9
9
9
9
9
9
9
9
9
9
9
9
9
9
9
9
9
9
9
9
9
9
9
9
9
9
9
9
9
9
9
9
9
9
9
9
9
9
9
9
9
9
9
9
9
9
9
9
9
9
9
9
9
9
9
9
9
9
9
9
9
9
9
9
9
9
9
9
9
9
9
9
9
9
9
9
9
9
9
9
9
9
9
9
9
9
9
9
9
9
9
9
9
9
9
9
9
9
9
9
9
9
9
9
9
9
9
9
9
9
9
9
9
9
9
9
9
9
9
9
9
9
9
9
9
9
9
9
9
9
9
9
CELL_DATA 10540
SCALARS region int 1
LOOKUP_TABLE default
1
1
1
1
1
1
1
1
1
1
1
1
1
1
1
1
1
1
1
1
1
1
1
1
1
1
1
1
1
1
1
1
1
1
1
1
1
1
1
1
1
1
1
1
1
1
1
1
1
1
1
1
1
1
1
1
1
1
1
1
1
1
1
1
1
1
1
1
1
1
1
1
1
1
1
1
1
1
1
1
1
1
1
1
1
1
1
1
1
1
1
1
1
1
1
1
1
1
1
1
1
1
1
1
1
1
1
1
1
1
1
1
1
1
1
1
1
1
1
1
1
1
1
1
1
1
1
1
1
1
1
1
1
1
1
1
1
1
1
1
1
1
1
-1
-1
-1
-1
-1
-1
-1
-1
-1
-1
-1
-1
1
1
1
1
1
1
1
1
1
1
-1
-1
-1
-1
-1
-1
-1
-1
-1
-1
-1
-1
-1
-1
-1
-1
-1
-1
-1
-1
1
1
1
1
1
1
1
1
1
1
-1
-1
-1
-1
-1
-1
-1
-1
-1
-1
-1
-1
-1
-1
-1
-1
-1
-1
1
1
1
1
1
1
1
1
1
1
-1
-1
-1
-1
-1
-1
-1
-1
-1
-1
-1
-1
-1
-1
-1
-1
-1
-1
1
1
1
1
1
1
1
1
1
1
-1
-1
-1
-1
-1
-1
-1
-1
-1
-1
-1
-1
-1
-1
-1
-1
-1
-1
1
1
1
1
1
1
1
1
1
1
-1
-1
-1
-1
-1
-1
-1
-1
-1
-1
-1
-1
-1
-1
-1
-1
-1
-1
1
1
1
1
1
1
1
1
1
1
-1
-1
-1
-1
-1
-1
-1
-1
-1
-1
-1
-1
-1
-1
-1
-1
-1
-1
1
1
1
1
1
1
1
1
1
1
-1
-1
-1
-1
-1
-1
-1
-1
-1
-1
-1
-1
-1
-1
-1
-1
-1
-1
1
1
1
1
1
1
1
1
1
1
-1
-1
-1
-1
-1
-1
-1
-1
-1
-1
-1
-1
-1
-1
-1
-1
-1
-1
-1
-1
1
1
1
1
1
1
1
1
1
1
-1
-1
-1
-1
-1
-1
-1
-1
-1
-1
-1
-1
1
1
1
1
1
1
1
1
1
1
1
1
1
1
1
1
1
1
1
1
1
1
1
1
1
1
1
1
1
1
1
1
1
1
1
1
1
1
1
1
1
1
1
1
1
1
1
1
1
1
1
1
1
1
1
1
1
1
1
1
1
1
1
1
1
1
1
1
1
1
1
1
1
1
1
1
1
1
1
1
1
1
1
1
1
1
1
1
1
1
1
1
1
1
1
1
1
1
1
1
1
1
1
1
1
1
1
1
1
1
1
1
1
1
1
1
1
1
1
1
1
1
1
1
1
1
1
1
1
1
1
1
1
1
1
1
1
1
1
1
1
1
1
1
1
1
1
1
1
1
1
1
1
1
1
1
1
1
1
1
1
1
1
1
1
1
1
1
1
1
1
1
1
1
1
1
1
1
1
1
1
1
1
1
1
1
1
1
1
1
1
1
1
1
1
1
1
1
1
1
1
1
1
1
1
1
1
1
1
1
1
1
1
1
1
1
1
1
1
1
1
1
1
1
1
1
1
1
1
1
1
1
1
1
1
1
1
1
1
1
1
1
1
1
1
1
1
1
1
1
1
1
1
1
1
1
1
1
1
1
1
1
-1
-1
-1
-1
-1
-1
-1
-1
-1
-1
-1
-1
-1
-1
-1
-1
-1
-1
-1
-1
-1
-1
-1
-1
-1
-1
-1
-1
-1
-1
-1
-1
1
1
1
1
1
1
1
1
1
1
1
1
1
1
1
1
1
1
1
-1
-1
-1
-1
-1
-1
-1
-1
-1
-1
-1
-1
-1
-1
-1
-1
-1
-1
-1
-1
1
1
1
1
1
1
1
1
1
1
1
1
1
1
1
-1
-1
-1
-1
-1
-1
-1
-1
-1
-1
-1
-1
-1
-1
-1
-1
-1
-1
-1
-1
-1
-1
-1
-1
-1
-1
-1
-1
1
1
1
1
1
1
1
1
1
1
-1
-1
-1
-1
-1
-1
-1
-1
-1
-1
-1
-1
-1
-1
-1
-1
-1
-1
-1
-1
1
1
1
1
1
1
1
1
1
1
-1
-1
-1
-1
-1
-1
-1
-1
-1
-1
-1
-1
-1
-1
-1
-1
-1
-1
1
1
1
1
1
1
1
1
1
1
-1
-1
-1
-1
-1
-1
-1
-1
-1
-1
-1
-1
-1
-1
-1
-1
-1
-1
-1
-1
-1
-1
-1
-1
-1
-1
-1
-1
1
1
1
1
1
1
1
1
1
1
-1
-1
-1
-1
-1
-1
-1
-1
-1
-1
-1
-1
-1
-1
-1
-1
-1
-1
-1
-1
-1
-1
-1
-1
-1
-1
1
1
1
1
1
1
1
1
1
1
-1
-1
-1
-1
-1
-1
-1
-1
-1
-1
-1
-1
-1
-1
-1
-1
-1
-1
-1
-1
-1
-1
-1
-1
-1
-1
-1
-1
1
1
1
1
1
1
1
1
1
1
-1
-1
-1
-1
-1
-1
-1
-1
-1
-1
-1
-1
-1
-1
-1
-1
-1
-1
1
1
1
1
1
1
1
1
1
1
-1
-1
-1
-1
-1
-1
-1
-1
-1
-1
-1
-1
-1
-1
-1
-1
-1
-1
-1
-1
1
1
1
1
1
1
1
1
1
1
-1
-1
-1
-1
-1
-1
-1
-1
-1
-1
1
1
1
1
1
1
1
1
1
1
-1
-1
-1
-1
-1
-1
-1
-1
-1
-1
1
1
1
1
1
1
1
1
1
1
-1
-1
-1
-1
-1
-1
-1
-1
-1
-1
-1
-1
-1
-1
-1
-1
-1
-1
-1
-1
1
1
1
1
1
1
1
1
1
1
-1
-1
-1
-1
-1
-1
-1
-1
-1
-1
-1
-1
-1
-1
-1
-1
-1
-1
1
1
1
1
1
1
1
1
1
1
-1
-1
-1
-1
-1
-1
-1
-1
-1
-1
-1
-1
-1
-1
-1
-1
-1
-1
-1
-1
-1
-1
-1
-1
-1
-1
-1
-1
1
1
1
1
1
1
1
1
1
1
-1
-1
-1
-1
-1
-1
-1
-1
-1
-1
-1
-1
-1
-1
-1
-1
-1
-1
-1
-1
-1
-1
-1
-1
-1
-1
1
1
1
1
1
1
1
1
1
1
-1
-1
-1
-1
-1
-1
-1
-1
-1
-1
-1
-1
-1
-1
-1
-1
-1
-1
-1
-1
-1
-1
-1
-1
-1
-1
-1
-1
1
1
1
1
1
1
1
1
1
1
-1
-1
-1
-1
-1
-1
-1
-1
-1
-1
-1
-1
-1
-1
-1
-1
-1
-1
1
1
1
1
1
1
1
1
1
1
-1
-1
-1
-1
-1
-1
-1
-1
-1
-1
-1
-1
-1
-1
-1
-1
-1
-1
-1
-1
1
1
1
1
1
1
1
1
1
1
-1
-1
-1
-1
-1
-1
-1
-1
-1
-1
-1
-1
-1
-1
-1
-1
-1
-1
-1
-1
-1
-1
-1
-1
-1
-1
-1
-1
1
1
1
1
1
1
1
1
1
1
1
1
1
1
1
-1
-1
-1
-1
-1
-1
-1
-1
-1
-1
-1
-1
-1
-1
-1
-1
-1
-1
-1
-1
1
1
1
1
1
1
1
1
1
1
1
1
1
1
1
1
1
1
1
-1
-1
-1
-1
-1
-1
-1
-1
-1
-1
-1
-1
-1
-1
-1
-1
-1
-1
-1
-1
-1
-1
-1
-1
-1
-1
-1
-1
-1
-1
-1
-1
1
1
1
1
1
1
1
1
1
1
1
1
1
1
1
1
1
1
1
1
1
1
1
1
1
1
1
1
1
1
1
1
1
1
1
1
1
1
1
1
1
1
1
1
1
1
1
1
1
1
1
1
1
1
1
1
1
1
1
1
1
1
1
1
1
1
1
1
1
1
1
1
1
1
1
1
1
1
1
1
1
1
1
1
1
1
1
1
1
1
1
1
1
1
1
1
1
1
1
1
1
1
1
1
1
1
1
1
1
1
1
1
1
1
1
1
1
1
1
1
1
1
1
1
1
1
1
1
1
1
1
1
1
1
1
1
1
1
1
1
1
1
1
1
1
1
1
1
1
1
1
1
1
1
1
1
1
1
1
1
1
1
1
1
1
1
1
1
1
1
1
1
1
1
1
1
1
1
1
1
1
1
1
1
1
1
1
1
1
1
1
1
1
1
1
1
1
1
1
1
1
1
1
1
1
1
1
1
1
1
1
1
1
1
1
1
1
1
1
1
1
1
1
1
1
1
1
1
1
1
1
1
1
1
1
1
1
1
1
1
1
1
1
1
1
1
1
1
1
1
1
1
1
1
1
1
1
1
1
1
1
1
1
1
1
1
1
1
1
1
1
1
1
1
1
1
1
1
1
1
1
1
1
1
1
1
1
1
1
1
1
1
1
1
1
1
1
1
1
1
1
1
1
1
1
1
1
1
1
1
1
1
1
1
1
1
1
1
1
1
1
1
1
1
1
1
1
1
1
1
1
1
1
1
1
1
1
1
1
1
1
1
1
1
1
1
1
1
1
1
1
1
1
1
1
1
1
1
1
1
1
1
1
1
1
1
1
1
1
1
1
1
1
1
1
1
1
1
1
1
1
1
1
1
1
1
1
1
1
1
1
1
1
1
1
1
1
1
1
1
1
1
1
1
1
1
1
1
1
1
1
1
1
1
1
1
1
1
1
1
1
1
1
1
1
1
1
1
1
1
1
1
1
1
1
1
1
1
1
1
1
1
1
1
1
1
1
1
1
-1
-1
-1
-1
-1
-1
-1
-1
-1
-1
-1
-1
-1
-1
-1
-1
-1
-1
-1
-1
-1
-1
-1
-1
-1
-1
-1
-1
-1
-1
-1
-1
-1
-1
-1
-1
-1
-1
-1
-1
-1
-1
1
1
1
1
1
1
1
1
1
1
1
1
1
1
1
1
1
1
1
1
1
1
1
1
1
1
1
1
1
1
1
1
-1
-1
-1
-1
-1
-1
-1
-1
-1
-1
-1
-1
-1
-1
-1
-1
-1
-1
-1
-1
-1
-1
-1
-1
-1
-1
-1
-1
-1
-1
-1
-1
-1
-1
-1
-1
-1
-1
-1
-1
-1
-1
-1
-1
-1
-1
-1
-1
-1
-1
-1
-1
-1
-1
-1
-1
-1
-1
-1
-1
-1
-1
-1
-1
1
1
1
1
1
1
1
1
1
1
1
1
1
1
1
1
1
1
1
1
1
1
1
1
1
1
1
1
1
1
1
1
-1
-1
-1
-1
-1
-1
-1
-1
-1
-1
-1
-1
-1
-1
-1
-1
-1
-1
-1
-1
1
1
1
1
1
1
1
1
1
1
1
1
1
1
1
1
1
1
1
1
1
1
1
1
1
1
1
1
1
1
1
1
-1
-1
-1
-1
-1
-1
-1
-1
-1
-1
-1
-1
-1
-1
-1
-1
-1
-1
-1
-1
-1
-1
-1
-1
-1
-1
-1
-1
-1
-1
-1
-1
-1
-1
-1
-1
-1
-1
1
1
1
1
1
1
1
1
1
1
1
1
1
1
1
1
1
1
1
1
1
1
1
1
-1
-1
-1
-1
-1
-1
-1
-1
-1
-1
-1
-1
-1
-1
-1
-1
-1
-1
-1
-1
-1
-1
-1
-1
-1
-1
-1
-1
1
1
1
1
1
1
1
1
1
1
1
1
1
1
1
-1
-1
-1
-1
-1
-1
-1
-1
-1
-1
-1
-1
-1
-1
-1
-1
-1
-1
-1
-1
-1
-1
-1
-1
-1
-1
-1
-1
-1
-1
-1
-1
-1
-1
-1
-1
1
1
1
1
1
1
1
1
1
1
1
1
1
1
1
1
1
1
1
-1
-1
-1
-1
-1
-1
-1
-1
-1
-1
-1
-1
-1
-1
-1
-1
-1
-1
1
1
1
1
1
1
1
1
1
1
1
1
1
1
1
1
1
1
1
1
1
1
1
-1
-1
-1
-1
-1
-1
-1
-1
-1
-1
-1
-1
-1
-1
-1
-1
-1
-1
-1
-1
-1
-1
-1
-1
-1
-1
-1
-1
1
1
1
1
1
1
1
1
1
1
1
1
1
1
1
1
1
1
-1
-1
-1
-1
-1
-1
-1
-1
-1
-1
-1
-1
-1
-1
-1
-1
-1
-1
-1
-1
1
1
1
1
1
1
1
1
1
1
1
1
1
1
1
1
1
1
1
-1
-1
-1
-1
-1
-1
-1
-1
-1
-1
-1
-1
-1
-1
-1
-1
-1
-1
1
1
1
1
1
1
1
1
1
1
1
1
1
1
1
-1
-1
-1
-1
-1
-1
-1
-1
-1
-1
-1
-1
-1
-1
-1
-1
-1
-1
1
1
1
1
1
1
1
1
1
1
-1
-1
-1
-1
-1
-1
-1
-1
-1
-1
-1
-1
-1
-1
-1
-1
-1
-1
-1
-1
-1
-1
-1
-1
-1
-1
-1
-1
1
1
1
1
1
1
1
1
1
1
-1
-1
-1
-1
-1
-1
-1
-1
-1
-1
1
1
1
1
1
1
1
1
1
1
-1
-1
-1
-1
-1
-1
-1
-1
-1
-1
1
1
1
1
1
1
1
1
1
1
-1
-1
-1
-1
-1
-1
-1
-1
-1
-1
1
1
1
1
1
1
1
1
1
1
-1
-1
-1
-1
-1
-1
-1
-1
-1
-1
1
1
1
1
1
1
1
1
1
1
-1
-1
-1
-1
-1
-1
-1
-1
-1
-1
1
1
1
1
1
1
1
1
1
1
-1
-1
-1
-1
-1
-1
-1
-1
-1
-1
1
1
1
1
1
1
1
1
1
1
-1
-1
-1
-1
-1
-1
-1
-1
-1
-1
-1
-1
-1
-1
-1
-1
-1
-1
-1
-1
-1
-1
-1
-1
-1
-1
-1
-1
1
1
1
1
1
1
1
1
1
1
-1
-1
-1
-1
-1
-1
-1
-1
-1
-1
-1
-1
-1
-1
-1
-1
-1
-1
1
1
1
1
1
1
1
1
1
1
1
1
1
1
1
-1
-1
-1
-1
-1
-1
-1
-1
-1
-1
-1
-1
-1
-1
-1
-1
-1
-1
-1
-1
1
1
1
1
1
1
1
1
1
1
1
1
1
1
1
1
1
1
1
-1
-1
-1
-1
-1
-1
-1
-1
-1
-1
1
1
1
1
1
1
1
1
1
1
1
1
1
1
1
1
1
1
-1
-1
-1
-1
-1
-1
-1
-1
-1
-1
-1
-1
-1
-1
-1
-1
-1
-1
-1
-1
-1
-1
-1
-1
-1
-1
-1
-1
1
1
1
1
1
1
1
1
1
1
1
1
1
1
1
1
1
1
1
1
1
1
1
-1
-1
-1
-1
-1
-1
-1
-1
-1
-1
-1
-1
-1
-1
-1
-1
-1
-1
1
1
1
1
1
1
1
1
1
1
1
1
1
1
1
1
1
1
1
1
1
1
1
1
1
1
1
1
-1
-1
-1
-1
-1
-1
-1
-1
-1
-1
-1
-1
-1
-1
-1
-1
-1
-1
1
1
1
1
1
1
1
1
1
1
1
1
1
1
1
1
1
1
1
1
1
1
1
-1
-1
-1
-1
-1
-1
-1
-1
-1
-1
-1
-1
-1
-1
-1
-1
-1
-1
-1
-1
-1
-1
-1
-1
-1
-1
-1
-1
1
1
1
1
1
1
1
1
1
1
1
1
1
1
1
1
1
1
-1
-1
-1
-1
-1
-1
-1
-1
-1
-1
1
1
1
1
1
1
1
1
1
1
1
1
1
1
1
1
1
1
1
-1
-1
-1
-1
-1
-1
-1
-1
-1
-1
-1
-1
-1
-1
-1
-1
-1
-1
-1
-1
1
1
1
1
1
1
1
1
1
1
1
1
1
1
1
-1
-1
-1
-1
-1
-1
-1
-1
-1
-1
-1
-1
-1
-1
-1
-1
-1
-1
1
1
1
1
1
1
1
1
1
1
-1
-1
-1
-1
-1
-1
-1
-1
-1
-1
-1
-1
-1
-1
-1
-1
-1
-1
-1
-1
-1
-1
-1
-1
-1
-1
-1
-1
1
1
1
1
1
1
1
1
1
1
-1
-1
-1
-1
-1
-1
-1
-1
-1
-1
1
1
1
1
1
1
1
1
1
1
-1
-1
-1
-1
-1
-1
-1
-1
-1
-1
1
1
1
1
1
1
1
1
1
1
-1
-1
-1
-1
-1
-1
-1
-1
-1
-1
1
1
1
1
1
1
1
1
1
1
-1
-1
-1
-1
-1
-1
-1
-1
-1
-1
1
1
1
1
1
1
1
1
1
1
-1
-1
-1
-1
-1
-1
-1
-1
-1
-1
1
1
1
1
1
1
1
1
1
1
-1
-1
-1
-1
-1
-1
-1
-1
-1
-1
1
1
1
1
1
1
1
1
1
1
-1
-1
-1
-1
-1
-1
-1
-1
-1
-1
-1
-1
-1
-1
-1
-1
-1
-1
-1
-1
-1
-1
-1
-1
-1
-1
-1
-1
1
1
1
1
1
1
1
1
1
1
-1
-1
-1
-1
-1
-1
-1
-1
-1
-1
-1
-1
-1
-1
-1
-1
-1
-1
1
1
1
1
1
1
1
1
1
1
1
1
1
1
1
-1
-1
-1
-1
-1
-1
-1
-1
-1
-1
-1
-1
-1
-1
-1
-1
-1
-1
1
1
1
1
1
1
1
1
1
1
1
1
1
1
1
1
1
1
1
-1
-1
-1
-1
-1
-1
-1
-1
-1
-1
-1
-1
-1
-1
-1
-1
-1
-1
-1
-1
1
1
1
1
1
1
1
1
1
1
1
1
1
1
1
1
1
1
-1
-1
-1
-1
-1
-1
-1
-1
-1
-1
-1
-1
-1
-1
-1
-1
-1
-1
-1
-1
-1
-1
-1
-1
-1
-1
-1
-1
1
1
1
1
1
1
1
1
1
1
1
1
1
1
1
1
1
1
1
1
1
1
1
-1
-1
-1
-1
-1
-1
-1
-1
-1
-1
-1
-1
-1
-1
-1
-1
-1
-1
1
1
1
1
1
1
1
1
1
1
1
1
1
1
1
1
1
1
1
-1
-1
-1
-1
-1
-1
-1
-1
-1
-1
-1
-1
-1
-1
-1
-1
-1
-1
-1
-1
-1
-1
-1
-1
-1
-1
-1
-1
-1
-1
-1
-1
-1
-1
-1
-1
1
1
1
1
1
1
1
1
1
1
1
1
1
1
1
-1
-1
-1
-1
-1
-1
-1
-1
-1
-1
-1
-1
-1
-1
-1
-1
-1
-1
-1
-1
-1
-1
-1
-1
-1
-1
-1
-1
1
1
1
1
1
1
1
1
1
1
1
1
1
1
1
1
1
1
1
1
1
1
1
1
-1
-1
-1
-1
-1
-1
-1
-1
-1
-1
-1
-1
-1
-1
-1
-1
-1
-1
-1
-1
-1
-1
-1
-1
-1
-1
-1
-1
-1
-1
-1
-1
-1
-1
-1
-1
-1
-1
1
1
1
1
1
1
1
1
1
1
1
1
1
1
1
1
1
1
1
1
1
1
1
1
1
1
1
1
1
1
1
1
-1
-1
-1
-1
-1
-1
-1
-1
-1
-1
-1
-1
-1
-1
-1
-1
-1
-1
-1
-1
1
1
1
1
1
1
1
1
1
1
1
1
1
1
1
1
1
1
1
1
1
1
1
1
1
1
1
1
1
1
1
1
-1
-1
-1
-1
-1
-1
-1
-1
-1
-1
-1
-1
-1
-1
-1
-1
-1
-1
-1
-1
-1
-1
-1
-1
-1
-1
-1
-1
-1
-1
-1
-1
-1
-1
-1
-1
-1
-1
-1
-1
-1
-1
-1
-1
-1
-1
-1
-1
-1
-1
-1
-1
-1
-1
-1
-1
-1
-1
-1
-1
-1
-1
-1
-1
1
1
1
1
1
1
1
1
1
1
1
1
1
1
1
1
1
1
1
1
1
1
1
1
1
1
1
1
1
1
1
1
-1
-1
-1
-1
-1
-1
-1
-1
-1
-1
-1
-1
-1
-1
-1
-1
-1
-1
-1
-1
-1
-1
-1
-1
-1
-1
-1
-1
-1
-1
-1
-1
-1
-1
-1
-1
-1
-1
-1
-1
-1
-1
1
1
1
1
1
1
1
1
1
1
1
1
1
1
1
1
1
1
1
1
1
1
1
1
1
1
1
1
1
1
1
1
1
1
1
1
1
1
1
1
1
1
1
1
1
1
1
1
1
1
1
1
1
1
1
1
1
1
1
1
1
1
1
1
1
1
1
1
1
1
1
1
1
1
1
1
1
1
1
1
1
1
1
1
1
1
1
1
1
1
1
1
1
1
1
1
1
1
1
1
1
1
1
1
1
1
1
1
1
1
1
1
1
1
1
1
1
1
1
1
1
1
1
1
1
1
1
1
1
1
1
1
1
1
1
1
1
1
1
1
1
1
1
1
1
1
1
1
1
1
1
1
1
1
1
1
1
1
1
1
1
1
1
1
1
1
1
1
1
1
1
1
1
1
1
1
1
1
1
1
1
1
1
1
1
1
1
1
1
1
1
1
1
1
1
1
1
1
1
1
1
1
1
1
1
1
1
1
1
1
1
1
1
1
1
1
1
1
1
1
1
1
1
1
1
1
1
1
1
1
1
1
1
1
1
1
1
1
1
1
1
1
1
1
1
1
1
1
1
1
1
1
1
1
1
1
1
1
1
1
1
1
1
1
1
1
1
1
1
1
1
1
1
1
1
1
1
1
1
1
1
1
1
1
1
1
1
1
1
1
1
1
1
1
1
1
1
1
1
1
1
1
1
1
1
1
1
1
1
1
1
1
1
1
1
1
1
1
1
1
1
1
1
1
1
1
1
1
1
1
1
1
1
1
1
1
1
1
1
1
1
1
1
1
1
1
1
1
1
1
1
1
1
1
1
1
1
1
1
1
1
1
1
1
1
1
-1
-1
-1
1
1
1
1
1
-1
-1
-1
-1
1
1
1
1
-1
-1
-1
-1
1
1
1
1
-1
-1
-1
-1
1
1
1
1
-1
-1
-1
-1
1
1
1
1
-1
-1
-1
-1
1
1
1
1
-1
-1
-1
-1
1
1
1
1
-1
-1
-1
-1
1
1
1
1
-1
-1
-1
-1
1
1
1
1
-1
-1
-1
-1
1
1
1
1
-1
-1
-1
-1
1
1
1
1
-1
-1
-1
-1
1
1
1
1
-1
-1
-1
-1
1
1
1
1
-1
-1
-1
1
1
1
1
1
1
1
1
1
1
1
1
1
1
1
1
1
1
1
1
1
1
1
1
1
1
1
1
1
1
1
1
1
1
1
1
1
1
1
1
1
1
1
1
1
-1
-1
-1
1
1
1
1
1
-1
-1
-1
-1
1
1
1
1
-1
-1
-1
-1
1
1
1
1
-1
-1
-1
-1
1
1
1
1
-1
-1
-1
-1
-1
1
1
1
-1
-1
-1
-1
-1
-1
-1
-1
-1
-1
-1
-1
-1
-1
-1
-1
-1
-1
-1
-1
-1
-1
-1
-1
-1
-1
-1
-1
-1
-1
-1
-1
-1
-1
-1
-1
-1
-1
-1
-1
-1
-1
-1
-1
-1
-1
-1
-1
-1
-1
-1
-1
-1
1
1
1
-1
-1
-1
-1
1
1
1
1
-1
-1
-1
-1
1
1
1
1
-1
-1
-1
-1
1
1
1
1
-1
-1
-1
1
1
1
1
1
1
1
1
1
1
1
1
1
1
1
1
1
1
1
1
1
1
1
1
1
1
1
1
1
1
1
1
1
1
1
1
1
-1
-1
-1
1
1
1
1
1
-1
-1
-1
-1
1
1
1
1
-1
-1
-1
-1
-1
1
1
1
-1
-1
-1
-1
-1
-1
-1
-1
-1
-1
-1
-1
-1
-1
-1
-1
-1
-1
-1
-1
-1
-1
-1
-1
-1
-1
-1
-1
-1
-1
-1
-1
-1
-1
-1
-1
-1
-1
-1
-1
-1
-1
-1
-1
-1
-1
-1
-1
-1
-1
-1
-1
-1
-1
-1
-1
-1
-1
-1
-1
-1
-1
-1
-1
-1
-1
-1
-1
-1
-1
-1
-1
-1
-1
-1
-1
-1
-1
-1
-1
-1
-1
-1
-1
-1
1
1
1
-1
-1
-1
-1
1
1
1
1
-1
-1
-1
1
1
1
1
1
1
1
1
1
1
1
1
1
1
1
1
1
1
1
1
1
1
1
1
1
1
1
1
1
1
1
1
1
1
1
1
1
-1
-1
-1
1
1
1
1
1
-1
-1
-1
-1
1
1
1
1
-1
-1
-1
-1
-1
1
1
1
-1
-1
-1
-1
-1
-1
-1
-1
-1
-1
-1
-1
-1
-1
-1
-1
-1
-1
-1
-1
-1
-1
-1
-1
-1
-1
-1
-1
-1
-1
-1
-1
-1
-1
-1
-1
-1
1
1
1
-1
-1
-1
-1
1
1
1
1
-1
-1
-1
1
1
1
1
1
1
1
1
1
1
1
1
1
1
1
1
1
1
1
1
1
1
1
1
1
1
1
1
1
1
1
1
1
1
1
1
1
-1
-1
-1
1
1
1
1
1
-1
-1
-1
-1
1
1
1
1
-1
-1
-1
-1
-1
1
1
1
-1
-1
-1
-1
-1
-1
-1
-1
-1
-1
-1
-1
-1
-1
-1
-1
-1
-1
-1
-1
-1
-1
-1
-1
-1
-1
-1
-1
-1
-1
-1
-1
-1
-1
-1
-1
-1
-1
-1
-1
-1
-1
-1
-1
-1
-1
-1
-1
-1
-1
-1
-1
-1
1
1
1
-1
-1
-1
-1
1
1
1
1
-1
-1
-1
1
1
1
1
1
1
1
1
1
1
1
1
1
1
1
1
1
1
1
1
1
1
1
1
1
1
1
1
1
-1
-1
-1
1
1
1
1
1
-1
-1
-1
-1
1
1
1
1
-1
-1
-1
-1
-1
1
1
1
-1
-1
-1
-1
-1
-1
-1
-1
-1
-1
-1
-1
-1
-1
-1
-1
-1
-1
-1
-1
-1
1
1
1
-1
-1
-1
-1
1
1
1
1
-1
-1
-1
1
1
1
1
1
1
1
1
1
1
1
1
1
1
1
1
1
1
1
1
1
1
1
1
1
-1
-1
-1
1
1
1
1
1
-1
-1
-1
-1
-1
1
1
1
-1
-1
-1
-1
-1
-1
-1
-1
-1
-1
-1
-1
-1
-1
-1
-1
-1
-1
-1
-1
-1
-1
-1
-1
-1
-1
-1
-1
-1
-1
-1
-1
-1
-1
-1
-1
-1
1
1
1
-1
-1
-1
1
1
1
1
1
1
1
1
1
1
1
1
1
1
1
1
1
1
1
1
1
1
1
1
1
-1
-1
-1
1
1
1
1
1
-1
-1
-1
-1
-1
1
1
1
-1
-1
-1
-1
-1
-1
-1
-1
-1
-1
-1
-1
-1
-1
-1
-1
-1
-1
-1
-1
-1
-1
-1
-1
-1
-1
-1
-1
-1
1
1
1
-1
-1
-1
1
1
1
1
1
1
1
1
1
1
1
1
1
1
1
1
1
1
1
1
1
1
1
1
1
-1
-1
-1
1
1
1
1
1
-1
-1
-1
-1
-1
1
1
1
-1
-1
-1
-1
-1
-1
-1
-1
-1
-1
-1
-1
-1
-1
-1
-1
-1
-1
-1
-1
-1
-1
-1
-1
-1
-1
-1
-1
-1
-1
-1
-1
-1
-1
-1
-1
-1
1
1
1
-1
-1
-1
1
1
1
1
1
1
1
1
1
1
1
1
1
1
1
1
1
1
1
1
1
-1
-1
-1
1
1
1
1
1
-1
-1
-1
-1
1
1
1
1
-1
-1
-1
-1
-1
1
1
1
-1
-1
-1
-1
-1
-1
-1
-1
-1
-1
-1
-1
-1
1
1
1
-1
-1
-1
-1
1
1
1
1
-1
-1
-1
1
1
1
1
1
1
1
1
1
1
1
1
1
1
1
1
1
1
1
1
1
-1
-1
-1
-1
1
1
1
1
-1
-1
-1
-1
-1
-1
-1
-1
-1
-1
-1
-1
-1
-1
-1
-1
-1
-1
-1
-1
-1
-1
-1
-1
-1
-1
-1
-1
1
1
1
1
1
1
1
1
1
1
1
1
1
1
1
1
1
1
1
1
1
1
1
1
-1
-1
-1
1
1
1
1
1
-1
-1
-1
-1
-1
1
1
1
-1
-1
-1
-1
-1
-1
-1
-1
-1
-1
-1
-1
-1
1
1
1
-1
-1
-1
1
1
1
1
1
1
1
1
1
1
1
1
1
1
1
1
1
1
1
1
1
1
1
1
1
-1
-1
-1
1
1
1
1
1
-1
-1
-1
-1
-1
1
1
1
-1
-1
-1
-1
-1
-1
-1
-1
-1
-1
-1
-1
-1
-1
-1
-1
-1
-1
-1
-1
-1
1
1
1
-1
-1
-1
1
1
1
1
1
1
1
1
1
1
1
1
1
1
1
1
1
1
1
1
1
1
1
1
1
-1
-1
-1
1
1
1
1
1
-1
-1
-1
-1
-1
1
1
1
-1
-1
-1
-1
-1
-1
-1
-1
-1
-1
-1
-1
-1
1
1
1
-1
-1
-1
1
1
1
1
1
1
1
1
1
1
1
1
1
1
1
1
1
1
1
1
1
1
1
1
1
-1
-1
-1
1
1
1
1
1
-1
-1
-1
-1
-1
1
1
1
-1
-1
-1
-1
-1
-1
-1
-1
-1
-1
-1
-1
-1
-1
-1
-1
-1
-1
-1
-1
-1
1
1
1
-1
-1
-1
1
1
1
1
1
1
1
1
1
1
1
1
1
1
1
1
1
1
1
1
1
-1
-1
-1
-1
1
1
1
1
-1
-1
-1
-1
-1
-1
-1
-1
-1
-1
-1
-1
-1
-1
-1
-1
-1
-1
-1
-1
-1
-1
-1
-1
-1
-1
-1
-1
1
1
1
1
1
1
1
1
1
1
1
1
1
1
1
1
-1
-1
-1
1
1
1
1
1
-1
-1
-1
-1
-1
1
1
1
-1
-1
-1
-1
-1
-1
-1
-1
-1
-1
-1
-1
-1
-1
-1
-1
-1
-1
-1
-1
-1
-1
-1
-1
-1
-1
-1
-1
-1
1
1
1
-1
-1
-1
1
1
1
1
1
1
1
1
1
1
1
1
1
1
1
1
1
1
1
1
1
-1
-1
-1
-1
1
1
1
1
-1
-1
-1
-1
-1
-1
-1
-1
-1
-1
-1
-1
-1
-1
-1
-1
-1
-1
-1
-1
1
1
1
1
1
1
1
1
1
1
1
1
1
1
1
1
1
1
1
1
1
1
1
1
-1
-1
-1
1
1
1
1
1
-1
-1
-1
-1
-1
1
1
1
-1
-1
-1
-1
-1
-1
-1
-1
-1
-1
-1
-1
-1
-1
-1
-1
-1
-1
-1
-1
-1
1
1
1
-1
-1
-1
1
1
1
1
1
1
1
1
1
1
1
1
1
1
1
1
1
1
1
1
1
-1
-1
-1
-1
1
1
1
1
-1
-1
-1
-1
-1
-1
-1
-1
-1
-1
-1
-1
1
1
1
1
1
1
1
1
1
1
1
1
1
1
1
1
-1
-1
-1
1
1
1
1
1
-1
-1
-1
-1
-1
1
1
1
-1
-1
-1
-1
-1
-1
-1
-1
-1
-1
-1
-1
-1
1
1
1
-1
-1
-1
1
1
1
1
1
1
1
1
1
1
1
1
1
-1
-1
-1
-1
1
1
1
1
-1
-1
-1
-1
-1
-1
-1
-1
-1
-1
-1
-1
-1
-1
-1
-1
-1
-1
-1
-1
1
1
1
1
1
1
1
1
1
1
1
1
-1
-1
-1
-1
1
1
1
1
-1
-1
-1
-1
-1
-1
-1
-1
-1
-1
-1
-1
-1
-1
-1
-1
-1
-1
-1
-1
1
1
1
1
1
1
1
1
1
1
1
1
1
1
1
1
-1
-1
-1
1
1
1
1
1
-1
-1
-1
-1
-1
1
1
1
-1
-1
-1
-1
-1
-1
-1
-1
-1
-1
-1
-1
-1
-1
-1
-1
-1
-1
-1
-1
-1
1
1
1
-1
-1
-1
1
1
1
1
1
1
1
1
1
1
1
1
1
1
1
1
1
1
1
1
1
-1
-1
-1
-1
1
1
1
1
-1
-1
-1
-1
-1
-1
-1
-1
-1
-1
-1
-1
-1
-1
-1
-1
-1
-1
-1
-1
-1
-1
-1
-1
-1
-1
-1
-1
1
1
1
1
1
1
1
1
1
1
1
1
1
1
1
1
1
1
1
1
-1
-1
-1
-1
1
1
1
1
-1
-1
-1
-1
-1
-1
-1
-1
-1
-1
-1
-1
1
1
1
1
1
1
1
1
1
1
1
1
1
1
1
1
1
1
1
1
-1
-1
-1
-1
1
1
1
1
-1
-1
-1
-1
-1
-1
-1
-1
-1
-1
-1
-1
1
1
1
1
1
1
1
1
1
1
1
1
1
1
1
1
1
1
1
1
-1
-1
-1
-1
1
1
1
1
-1
-1
-1
-1
-1
-1
-1
-1
-1
-1
-1
-1
1
1
1
1
1
1
1
1
1
1
1
1
1
1
1
1
-1
-1
-1
1
1
1
1
1
-1
-1
-1
-1
-1
1
1
1
-1
-1
-1
-1
-1
-1
-1
-1
-1
-1
-1
-1
-1
1
1
1
-1
-1
-1
1
1
1
1
1
1
1
1
1
1
1
1
1
-1
-1
-1
-1
1
1
1
1
-1
-1
-1
-1
-1
-1
-1
-1
-1
-1
-1
-1
-1
-1
-1
-1
-1
-1
-1
-1
1
1
1
1
1
1
1
1
1
1
1
1
-1
-1
-1
-1
1
1
1
1
-1
-1
-1
-1
-1
-1
-1
-1
-1
-1
-1
-1
-1
-1
-1
-1
-1
-1
-1
-1
1
1
1
1
1
1
1
1
1
1
1
1
-1
-1
-1
-1
1
1
1
1
-1
-1
-1
-1
-1
-1
-1
-1
-1
-1
-1
-1
-1
-1
-1
-1
-1
-1
-1
-1
1
1
1
1
1
1
1
1
1
1
1
1
-1
-1
-1
-1
1
1
1
1
-1
-1
-1
-1
-1
-1
-1
-1
-1
-1
-1
-1
-1
-1
-1
-1
-1
-1
-1
-1
1
1
1
1
1
1
1
1
1
1
1
1
-1
-1
-1
-1
1
1
1
1
-1
-1
-1
-1
-1
-1
-1
-1
-1
-1
-1
-1
-1
-1
-1
-1
-1
-1
-1
-1
1
1
1
1
1
1
1
1
1
1
1
1
-1
-1
-1
-1
1
1
1
1
-1
-1
-1
-1
-1
-1
-1
-1
-1
-1
-1
-1
-1
-1
-1
-1
-1
-1
-1
-1
1
1
1
1
1
1
1
1
1
1
1
1
-1
-1
-1
-1
1
1
1
1
-1
-1
-1
-1
-1
-1
-1
-1
-1
-1
-1
-1
-1
-1
-1
-1
-1
-1
-1
-1
1
1
1
1
1
1
1
1
1
1
1
1
-1
-1
-1
1
1
1
1
1
-1
-1
-1
-1
-1
1
1
1
-1
-1
-1
-1
-1
-1
-1
-1
-1
-1
-1
-1
-1
1
1
1
-1
-1
-1
1
1
1
1
1
1
1
1
1
1
1
1
1
1
1
1
1
-1
-1
-1
-1
1
1
1
1
-1
-1
-1
-1
-1
-1
-1
-1
-1
-1
-1
-1
1
1
1
1
1
1
1
1
1
1
1
1
1
1
1
1
1
1
1
1
-1
-1
-1
-1
1
1
1
1
-1
-1
-1
-1
-1
-1
-1
-1
-1
-1
-1
-1
1
1
1
1
1
1
1
1
1
1
1
1
1
1
1
1
1
1
1
1
-1
-1
-1
-1
1
1
1
1
-1
-1
-1
-1
-1
-1
-1
-1
-1
-1
-1
-1
1
1
1
1
1
1
1
1
1
1
1
1
1
1
1
1
1
1
1
1
-1
-1
-1
-1
1
1
1
1
-1
-1
-1
-1
-1
-1
-1
-1
-1
-1
-1
-1
1
1
1
1
1
1
1
1
1
1
1
1
1
1
1
1
1
1
1
1
-1
-1
-1
1
1
1
1
1
-1
-1
-1
-1
-1
1
1
1
-1
-1
-1
-1
-1
-1
-1
-1
-1
-1
-1
-1
-1
-1
-1
-1
-1
-1
-1
-1
-1
1
1
1
-1
-1
-1
1
1
1
1
1
1
1
1
1
1
1
1
1
1
1
1
1
1
1
1
1
1
1
1
1
-1
-1
-1
-1
1
1
1
1
-1
-1
-1
-1
-1
-1
-1
-1
-1
-1
-1
-1
-1
-1
-1
-1
-1
-1
-1
-1
1
1
1
1
1
1
1
1
1
1
1
1
1
1
1
1
1
1
1
1
-1
-1
-1
-1
1
1
1
1
-1
-1
-1
-1
-1
-1
-1
-1
-1
-1
-1
-1
-1
-1
-1
-1
-1
-1
-1
-1
1
1
1
1
1
1
1
1
1
1
1
1
-1
-1
-1
1
1
1
1
1
-1
-1
-1
-1
-1
1
1
1
-1
-1
-1
-1
-1
-1
-1
-1
-1
-1
-1
-1
-1
1
1
1
-1
-1
-1
1
1
1
1
1
1
1
1
1
1
1
1
1
1
1
1
1
-1
-1
-1
-1
1
1
1
1
-1
-1
-1
-1
-1
-1
-1
-1
-1
-1
-1
-1
-1
-1
-1
-1
-1
-1
-1
-1
-1
-1
-1
-1
-1
-1
-1
-1
1
1
1
1
1
1
1
1
1
1
1
1
1
1
1
1
1
1
1
1
-1
-1
-1
1
1
1
1
1
-1
-1
-1
-1
-1
1
1
1
-1
-1
-1
-1
-1
-1
-1
-1
-1
-1
-1
-1
-1
-1
-1
-1
-1
-1
-1
-1
-1
1
1
1
-1
-1
-1
1
1
1
1
1
1
1
1
1
1
1
1
1
1
1
1
1
1
1
1
1
1
1
1
1
-1
-1
-1
-1
1
1
1
1
-1
-1
-1
-1
-1
-1
-1
-1
-1
-1
-1
-1
-1
-1
-1
-1
-1
-1
-1
-1
1
1
1
1
1
1
1
1
1
1
1
1
1
1
1
1
1
1
1
1
1
1
1
1
1
1
1
1
-1
-1
-1
1
1
1
1
1
-1
-1
-1
-1
-1
1
1
1
-1
-1
-1
-1
-1
-1
-1
-1
-1
-1
-1
-1
-1
1
1
1
-1
-1
-1
1
1
1
1
1
1
1
1
1
1
1
1
1
1
1
1
1
1
1
1
1
1
1
1
1
-1
-1
-1
-1
1
1
1
1
-1
-1
-1
-1
-1
-1
-1
-1
-1
-1
-1
-1
-1
-1
-1
-1
-1
-1
-1
-1
-1
-1
-1
-1
-1
-1
-1
-1
1
1
1
1
1
1
1
1
1
1
1
1
1
1
1
1
1
1
1
1
-1
-1
-1
1
1
1
1
1
-1
-1
-1
-1
-1
1
1
1
-1
-1
-1
-1
-1
-1
-1
-1
-1
-1
-1
-1
-1
-1
-1
-1
-1
-1
-1
-1
-1
1
1
1
-1
-1
-1
1
1
1
1
1
1
1
1
1
1
1
1
1
1
1
1
1
1
1
1
1
-1
-1
-1
1
1
1
1
1
-1
-1
-1
-1
-1
1
1
1
-1
-1
-1
-1
-1
-1
-1
-1
-1
-1
-1
-1
-1
-1
-1
-1
-1
-1
-1
-1
-1
1
1
1
-1
-1
-1
1
1
1
1
1
1
1
1
1
1
1
1
1
1
1
1
1
1
1
1
1
-1
-1
-1
-1
1
1
1
1
-1
-1
-1
-1
-1
-1
-1
-1
-1
-1
-1
-1
-1
-1
-1
-1
-1
-1
-1
-1
-1
-1
-1
-1
-1
-1
-1
-1
1
1
1
1
1
1
1
1
1
1
1
1
1
1
1
1
1
1
1
1
1
1
1
1
-1
-1
-1
1
1
1
1
1
-1
-1
-1
-1
-1
1
1
1
-1
-1
-1
-1
-1
-1
-1
-1
-1
-1
-1
-1
-1
1
1
1
-1
-1
-1
1
1
1
1
1
1
1
1
1
1
1
1
1
1
1
1
1
1
1
1
1
1
1
1
1
1
1
1
1
-1
-1
-1
-1
1
1
1
1
-1
-1
-1
-1
-1
-1
-1
-1
-1
-1
-1
-1
-1
-1
-1
-1
-1
-1
-1
-1
1
1
1
1
1
1
1
1
1
1
1
1
1
1
1
1
1
1
1
1
1
1
1
1
-1
-1
-1
1
1
1
1
1
-1
-1
-1
-1
-1
1
1
1
-1
-1
-1
-1
-1
-1
-1
-1
-1
-1
-1
-1
-1
-1
-1
-1
-1
-1
-1
-1
-1
1
1
1
-1
-1
-1
1
1
1
1
1
1
1
1
1
1
1
1
1
1
1
1
1
1
1
1
1
-1
-1
-1
-1
1
1
1
1
-1
-1
-1
-1
-1
-1
-1
-1
-1
-1
-1
-1
-1
-1
-1
-1
-1
-1
-1
-1
-1
-1
-1
-1
-1
-1
-1
-1
1
1
1
1
1
1
1
1
1
1
1
1
1
1
1
1
-1
-1
-1
1
1
1
1
1
-1
-1
-1
-1
-1
1
1
1
-1
-1
-1
-1
-1
-1
-1
-1
-1
-1
-1
-1
-1
1
1
1
-1
-1
-1
1
1
1
1
1
1
1
1
1
1
1
1
1
-1
-1
-1
-1
1
1
1
1
-1
-1
-1
-1
-1
-1
-1
-1
-1
-1
-1
-1
-1
-1
-1
-1
-1
-1
-1
-1
1
1
1
1
1
1
1
1
1
1
1
1
1
1
1
1
1
1
1
1
-1
-1
-1
-1
1
1
1
1
-1
-1
-1
-1
-1
-1
-1
-1
-1
-1
-1
-1
-1
-1
-1
-1
-1
-1
-1
-1
1
1
1
1
1
1
1
1
1
1
1
1
1
1
1
1
1
1
1
1
1
1
1
1
-1
-1
-1
1
1
1
1
1
-1
-1
-1
-1
-1
1
1
1
-1
-1
-1
-1
-1
-1
-1
-1
-1
-1
-1
-1
-1
-1
-1
-1
-1
-1
-1
-1
-1
1
1
1
-1
-1
-1
1
1
1
1
1
1
1
1
1
1
1
1
1
1
1
1
1
1
1
1
1
-1
-1
-1
-1
1
1
1
1
-1
-1
-1
-1
-1
-1
-1
-1
-1
-1
-1
-1
1
1
1
1
1
1
1
1
1
1
1
1
1
1
1
1
1
1
1
1
-1
-1
-1
-1
1
1
1
1
-1
-1
-1
-1
-1
-1
-1
-1
-1
-1
-1
-1
1
1
1
1
1
1
1
1
1
1
1
1
1
1
1
1
1
1
1
1
-1
-1
-1
-1
1
1
1
1
-1
-1
-1
-1
-1
-1
-1
-1
-1
-1
-1
-1
1
1
1
1
1
1
1
1
1
1
1
1
1
1
1
1
1
1
1
1
-1
-1
-1
-1
1
1
1
1
-1
-1
-1
-1
-1
-1
-1
-1
-1
-1
-1
-1
1
1
1
1
1
1
1
1
1
1
1
1
1
1
1
1
-1
-1
-1
1
1
1
1
1
-1
-1
-1
-1
-1
1
1
1
-1
-1
-1
-1
-1
-1
-1
-1
-1
-1
-1
-1
-1
1
1
1
-1
-1
-1
1
1
1
1
1
1
1
1
1
1
1
1
1
-1
-1
-1
-1
1
1
1
1
-1
-1
-1
-1
-1
-1
-1
-1
-1
-1
-1
-1
-1
-1
-1
-1
-1
-1
-1
-1
1
1
1
1
1
1
1
1
1
1
1
1
-1
-1
-1
-1
1
1
1
1
-1
-1
-1
-1
-1
-1
-1
-1
-1
-1
-1
-1
-1
-1
-1
-1
-1
-1
-1
-1
1
1
1
1
1
1
1
1
1
1
1
1
-1
-1
-1
-1
1
1
1
1
-1
-1
-1
-1
-1
-1
-1
-1
-1
-1
-1
-1
-1
-1
-1
-1
-1
-1
-1
-1
1
1
1
1
1
1
1
1
1
1
1
1
-1
-1
-1
-1
1
1
1
1
-1
-1
-1
-1
-1
-1
-1
-1
-1
-1
-1
-1
-1
-1
-1
-1
-1
-1
-1
-1
1
1
1
1
1
1
1
1
1
1
1
1
-1
-1
-1
-1
1
1
1
1
-1
-1
-1
-1
-1
-1
-1
-1
-1
-1
-1
-1
-1
-1
-1
-1
-1
-1
-1
-1
1
1
1
1
1
1
1
1
1
1
1
1
-1
-1
-1
-1
1
1
1
1
-1
-1
-1
-1
-1
-1
-1
-1
-1
-1
-1
-1
-1
-1
-1
-1
-1
-1
-1
-1
1
1
1
1
1
1
1
1
1
1
1
1
-1
-1
-1
-1
1
1
1
1
-1
-1
-1
-1
-1
-1
-1
-1
-1
-1
-1
-1
-1
-1
-1
-1
-1
-1
-1
-1
1
1
1
1
1
1
1
1
1
1
1
1
-1
-1
-1
1
1
1
1
1
-1
-1
-1
-1
-1
1
1
1
-1
-1
-1
-1
-1
-1
-1
-1
-1
-1
-1
-1
-1
1
1
1
-1
-1
-1
1
1
1
1
1
1
1
1
1
1
1
1
1
1
1
1
1
-1
-1
-1
-1
1
1
1
1
-1
-1
-1
-1
-1
-1
-1
-1
-1
-1
-1
-1
1
1
1
1
1
1
1
1
1
1
1
1
1
1
1
1
1
1
1
1
-1
-1
-1
-1
1
1
1
1
-1
-1
-1
-1
-1
-1
-1
-1
-1
-1
-1
-1
1
1
1
1
1
1
1
1
1
1
1
1
1
1
1
1
1
1
1
1
-1
-1
-1
-1
1
1
1
1
-1
-1
-1
-1
-1
-1
-1
-1
-1
-1
-1
-1
1
1
1
1
1
1
1
1
1
1
1
1
1
1
1
1
1
1
1
1
-1
-1
-1
-1
1
1
1
1
-1
-1
-1
-1
-1
-1
-1
-1
-1
-1
-1
-1
-1
-1
-1
-1
-1
-1
-1
-1
-1
-1
-1
-1
-1
-1
-1
-1
1
1
1
1
1
1
1
1
1
1
1
1
1
1
1
1
1
1
1
1
-1
-1
-1
1
1
1
1
1
-1
-1
-1
-1
-1
1
1
1
-1
-1
-1
-1
-1
-1
-1
-1
-1
-1
-1
-1
-1
-1
-1
-1
-1
-1
-1
-1
-1
1
1
1
-1
-1
-1
1
1
1
1
1
1
1
1
1
1
1
1
1
1
1
1
1
-1
-1
-1
-1
1
1
1
1
-1
-1
-1
-1
-1
-1
-1
-1
-1
-1
-1
-1
-1
-1
-1
-1
-1
-1
-1
-1
1
1
1
1
1
1
1
1
1
1
1
1
-1
-1
-1
-1
1
1
1
1
-1
-1
-1
-1
-1
-1
-1
-1
-1
-1
-1
-1
-1
-1
-1
-1
-1
-1
-1
-1
1
1
1
1
1
1
1
1
1
1
1
1
-1
-1
-1
1
1
1
1
1
-1
-1
-1
-1
-1
1
1
1
-1
-1
-1
-1
-1
-1
-1
-1
-1
-1
-1
-1
-1
1
1
1
-1
-1
-1
1
1
1
1
1
1
1
1
1
1
1
1
1
1
1
1
1
-1
-1
-1
-1
1
1
1
1
-1
-1
-1
-1
-1
-1
-1
-1
-1
-1
-1
-1
1
1
1
1
1
1
1
1
1
1
1
1
1
1
1
1
1
1
1
1
-1
-1
-1
1
1
1
1
1
-1
-1
-1
-1
-1
1
1
1
-1
-1
-1
-1
-1
-1
-1
-1
-1
-1
-1
-1
-1
-1
-1
-1
-1
-1
-1
-1
-1
1
1
1
-1
-1
-1
1
1
1
1
1
1
1
1
1
1
1
1
1
1
1
1
1
1
1
1
1
1
1
1
1
-1
-1
-1
-1
1
1
1
1
-1
-1
-1
-1
-1
-1
-1
-1
-1
-1
-1
-1
-1
-1
-1
-1
-1
-1
-1
-1
1
1
1
1
1
1
1
1
1
1
1
1
1
1
1
1
1
1
1
1
-1
-1
-1
1
1
1
1
1
-1
-1
-1
-1
-1
1
1
1
-1
-1
-1
-1
-1
-1
-1
-1
-1
-1
-1
-1
-1
-1
-1
-1
-1
-1
-1
-1
-1
-1
-1
-1
-1
-1
-1
-1
-1
1
1
1
-1
-1
-1
1
1
1
1
1
1
1
1
1
1
1
1
1
1
1
1
1
-1
-1
-1
-1
1
1
1
1
-1
-1
-1
-1
-1
-1
-1
-1
-1
-1
-1
-1
-1
-1
-1
-1
-1
-1
-1
-1
-1
-1
-1
-1
-1
-1
-1
-1
1
1
1
1
1
1
1
1
1
1
1
1
1
1
1
1
1
1
1
1
-1
-1
-1
1
1
1
1
1
-1
-1
-1
-1
-1
1
1
1
-1
-1
-1
-1
-1
-1
-1
-1
-1
-1
-1
-1
-1
-1
-1
-1
-1
-1
-1
-1
-1
1
1
1
-1
-1
-1
1
1
1
1
1
1
1
1
1
1
1
1
1
1
1
1
1
1
1
1
1
1
1
1
1
-1
-1
-1
1
1
1
1
1
-1
-1
-1
-1
-1
1
1
1
-1
-1
-1
-1
-1
-1
-1
-1
-1
-1
-1
-1
-1
1
1
1
-1
-1
-1
1
1
1
1
1
1
1
1
1
1
1
1
1
1
1
1
1
1
1
1
1
1
1
1
1
-1
-1
-1
1
1
1
1
1
-1
-1
-1
-1
-1
1
1
1
-1
-1
-1
-1
-1
-1
-1
-1
-1
-1
-1
-1
-1
-1
-1
-1
-1
-1
-1
-1
-1
1
1
1
-1
-1
-1
1
1
1
1
1
1
1
1
1
1
1
1
1
1
1
1
1
1
1
1
1
1
1
1
1
-1
-1
-1
1
1
1
1
1
-1
-1
-1
-1
-1
1
1
1
-1
-1
-1
-1
-1
-1
-1
-1
-1
-1
-1
-1
-1
1
1
1
-1
-1
-1
1
1
1
1
1
1
1
1
1
1
1
1
1
1
1
1
1
1
1
1
1
1
1
1
1
-1
-1
-1
-1
1
1
1
1
-1
-1
-1
-1
-1
-1
-1
-1
-1
-1
-1
-1
-1
-1
-1
-1
-1
-1
-1
-1
-1
-1
-1
-1
-1
-1
-1
-1
1
1
1
1
1
1
1
1
1
1
1
1
1
1
1
1
1
1
1
1
-1
-1
-1
1
1
1
1
1
-1
-1
-1
-1
1
1
1
1
-1
-1
-1
-1
-1
1
1
1
-1
-1
-1
-1
-1
-1
-1
-1
-1
-1
-1
-1
-1
1
1
1
-1
-1
-1
-1
1
1
1
1
-1
-1
-1
1
1
1
1
1
1
1
1
1
1
1
1
1
1
1
1
1
1
1
1
1
-1
-1
-1
1
1
1
1
1
-1
-1
-1
-1
-1
1
1
1
-1
-1
-1
-1
-1
-1
-1
-1
-1
-1
-1
-1
-1
-1
-1
-1
-1
-1
-1
-1
-1
-1
-1
-1
-1
-1
-1
-1
-1
-1
-1
-1
-1
-1
-1
-1
-1
1
1
1
-1
-1
-1
1
1
1
1
1
1
1
1
1
1
1
1
1
1
1
1
1
1
1
1
1
1
1
1
1
-1
-1
-1
1
1
1
1
1
-1
-1
-1
-1
-1
1
1
1
-1
-1
-1
-1
-1
-1
-1
-1
-1
-1
-1
-1
-1
-1
-1
-1
-1
-1
-1
-1
-1
-1
-1
-1
-1
-1
-1
-1
-1
1
1
1
-1
-1
-1
1
1
1
1
1
1
1
1
1
1
1
1
1
1
1
1
1
1
1
1
1
1
1
1
1
-1
-1
-1
1
1
1
1
1
-1
-1
-1
-1
-1
1
1
1
-1
-1
-1
-1
-1
-1
-1
-1
-1
-1
-1
-1
-1
-1
-1
-1
-1
-1
-1
-1
-1
-1
-1
-1
-1
-1
-1
-1
-1
-1
-1
-1
-1
-1
-1
-1
-1
1
1
1
-1
-1
-1
1
1
1
1
1
1
1
1
1
1
1
1
1
1
1
1
1
1
1
1
1
1
1
1
1
-1
-1
-1
1
1
1
1
1
-1
-1
-1
-1
1
1
1
1
-1
-1
-1
-1
-1
1
1
1
-1
-1
-1
-1
-1
-1
-1
-1
-1
-1
-1
-1
-1
-1
-1
-1
-1
-1
-1
-1
-1
1
1
1
-1
-1
-1
-1
1
1
1
1
-1
-1
-1
1
1
1
1
1
1
1
1
1
1
1
1
1
1
1
1
1
1
1
1
1
1
1
1
1
1
1
1
1
-1
-1
-1
1
1
1
1
1
-1
-1
-1
-1
1
1
1
1
-1
-1
-1
-1
-1
1
1
1
-1
-1
-1
-1
-1
-1
-1
-1
-1
-1
-1
-1
-1
-1
-1
-1
-1
-1
-1
-1
-1
-1
-1
-1
-1
-1
-1
-1
-1
-1
-1
-1
-1
-1
-1
-1
-1
-1
-1
-1
-1
-1
-1
-1
-1
-1
-1
-1
-1
-1
-1
-1
-1
1
1
1
-1
-1
-1
-1
1
1
1
1
-1
-1
-1
1
1
1
1
1
1
1
1
1
1
1
1
1
1
1
1
1
1
1
1
1
1
1
1
1
1
1
1
1
1
1
1
1
1
1
1
1
-1
-1
-1
1
1
1
1
1
-1
-1
-1
-1
1
1
1
1
-1
-1
-1
-1
-1
1
1
1
-1
-1
-1
-1
-1
-1
-1
-1
-1
-1
-1
-1
-1
-1
-1
-1
-1
-1
-1
-1
-1
-1
-1
-1
-1
-1
-1
-1
-1
-1
-1
-1
-1
-1
-1
-1
-1
1
1
1
-1
-1
-1
-1
1
1
1
1
-1
-1
-1
1
1
1
1
1
1
1
1
1
1
1
1
1
1
1
1
1
1
1
1
1
1
1
1
1
1
1
1
1
1
1
1
1
1
1
1
1
-1
-1
-1
1
1
1
1
1
-1
-1
-1
-1
1
1
1
1
-1
-1
-1
-1
-1
1
1
1
-1
-1
-1
-1
-1
-1
-1
-1
-1
-1
-1
-1
-1
-1
-1
-1
-1
-1
-1
-1
-1
-1
-1
-1
-1
-1
-1
-1
-1
-1
-1
-1
-1
-1
-1
-1
-1
-1
-1
-1
-1
-1
-1
-1
-1
-1
-1
-1
-1
-1
-1
-1
-1
-1
-1
-1
-1
-1
-1
-1
-1
-1
-1
-1
-1
-1
-1
-1
-1
-1
-1
-1
-1
-1
-1
-1
-1
-1
-1
-1
-1
-1
-1
-1
-1
1
1
1
-1
-1
-1
-1
1
1
1
1
-1
-1
-1
1
1
1
1
1
1
1
1
1
1
1
1
1
1
1
1
1
1
1
1
1
1
1
1
1
1
1
1
1
1
1
1
1
1
1
1
1
-1
-1
-1
1
1
1
1
1
-1
-1
-1
-1
1
1
1
1
-1
-1
-1
-1
1
1
1
1
-1
-1
-1
-1
1
1
1
1
-1
-1
-1
-1
-1
1
1
1
-1
-1
-1
-1
-1
-1
-1
-1
-1
-1
-1
-1
-1
-1
-1
-1
-1
-1
-1
-1
-1
-1
-1
-1
-1
-1
-1
-1
-1
-1
-1
-1
-1
-1
-1
-1
-1
-1
-1
-1
-1
-1
-1
-1
-1
-1
-1
-1
-1
-1
-1
-1
-1
1
1
1
-1
-1
-1
-1
1
1
1
1
-1
-1
-1
-1
1
1
1
1
-1
-1
-1
-1
1
1
1
1
-1
-1
-1
1
1
1
1
1
1
1
1
1
1
1
1
1
1
1
1
1
1
1
1
1
1
1
1
1
1
1
1
1
1
1
1
1
1
1
1
1
1
1
1
1
1
1
1
1
-1
-1
-1
1
1
1
1
1
-1
-1
-1
-1
1
1
1
1
-1
-1
-1
-1
1
1
1
1
-1
-1
-1
-1
1
1
1
1
-1
-1
-1
-1
1
1
1
1
-1
-1
-1
-1
1
1
1
1
-1
-1
-1
-1
1
1
1
1
-1
-1
-1
-1
1
1
1
1
-1
-1
-1
-1
1
1
1
1
-1
-1
-1
-1
1
1
1
1
-1
-1
-1
-1
1
1
1
1
-1
-1
-1
-1
1
1
1
1
-1
-1
-1
-1
1
1
1
1
-1
-1
-1
1
1
1
1
1
1
1
1
1
1
1
1
1
1
1
1
1
1
1
1
1
1
1
1
1
1
1
1
1
1
1
1
1
1
1
1
1
1
1
1
1
1
1
1
1
1
1
1
1
1
1
1
1
1
1
1
1
1
1
1
1
1
1
1
1
1
1
1
1
1
1
1
1
1
1
1
1
1
1
1
1
1
1
1
1
1
1
1
1
1
1
1
1
1
1
1
1
1
1
1
1
1
1
1
1
1
1
1
1
1
1
1
1
1
1
1
1
1
1
1
1
