# all-quad mesh
v -0.28477232 -0.28760932 0
v -0.14096766 -0.28760932 0
v -0.14096766 -0.14380466 0
v -0.28477232 -0.14380466 0
v 0.002837 -0.28760932 0
v 0.002837 -0 0
v -0.28477232 -0 0
v -0.14096766 0.14380466 0
v -0.28477232 0.14380466 0
v 0.002837 0.28760932 0
v -0.14096766 0.28760932 0
v -0.28477232 0.28760932 0
v 0.14664166 -0.28760932 0
v 0.14664166 -0.14380466 0
v 0.29044632 -0.28760932 0
v 0.29044632 -0.14380466 0
v 0.29044632 -0 0
v 0.29044632 0.14380466 0
v 0.14664166 0.14380466 0
v 0.29044632 0.28760932 0
v 0.14664166 0.28760932 0
v -1.14760028 -1.15043728 0
v -1.00379562 -1.15043728 0
v -1.00379562 -1.00663262 0
v -1.14760028 -1.00663262 0
v -1.00379562 -0.86282796 0
v -1.14760028 -0.86282796 0
v -1.00379562 -0.79092563 0
v -1.07569795 -0.79092563 0
v -1.00379562 -0.7190233 0
v -1.07569795 -0.7190233 0
v -1.14760028 -0.7190233 0
v -1.07569795 -0.64712097 0
v -1.14760028 -0.57521864 0
v -1.00379562 -0.64712097 0
v -1.00379562 -0.57521864 0
v -1.00379562 -0.50331631 0
v -1.07569795 -0.50331631 0
v -1.00379562 -0.43141398 0
v -1.07569795 -0.43141398 0
v -1.14760028 -0.43141398 0
v -1.07569795 -0.35951165 0
v -1.14760028 -0.35951165 0
v -1.00379562 -0.35951165 0
v -1.00379562 -0.28760932 0
v -1.07569795 -0.28760932 0
v -1.14760028 -0.28760932 0
v -1.14760028 0.28760932 0
v -1.07569795 0.28760932 0
v -1.07569795 0.35951165 0
v -1.14760028 0.35951165 0
v -1.00379562 0.28760932 0
v -1.00379562 0.35951165 0
v -1.00379562 0.43141398 0
v -1.07569795 0.43141398 0
v -1.14760028 0.43141398 0
v -1.07569795 0.50331631 0
v -1.14760028 0.57521864 0
v -1.00379562 0.50331631 0
v -1.00379562 0.57521864 0
v -1.00379562 0.64712097 0
v -1.07569795 0.64712097 0
v -1.00379562 0.7190233 0
v -1.07569795 0.7190233 0
v -1.14760028 0.7190233 0
v -1.07569795 0.79092563 0
v -1.14760028 0.86282796 0
v -1.00379562 0.79092563 0
v -1.00379562 0.86282796 0
v -1.00379562 1.00663262 0
v -1.14760028 1.00663262 0
v -1.00379562 1.15043728 0
v -1.14760028 1.15043728 0
v -0.85999096 -1.15043728 0
v -0.85999096 -1.00663262 0
v -0.85999096 -0.93473029 0
v -0.93189329 -0.93473029 0
v -0.85999096 -0.86282796 0
v -0.93189329 -0.86282796 0
v -0.93189329 -0.79092563 0
v -0.85999096 -0.79092563 0
v -0.85999096 -0.7190233 0
v -0.93189329 -0.7190233 0
v -0.93189329 0.7190233 0
v -0.93189329 0.79092563 0
v -0.85999096 0.7190233 0
v -0.85999096 0.79092563 0
v -0.85999096 0.86282796 0
v -0.93189329 0.86282796 0
v -0.93189329 0.93473029 0
v -0.85999096 0.93473029 0
v -0.85999096 1.00663262 0
v -0.85999096 1.15043728 0
v -0.7161863 -1.15043728 0
v -0.7161863 -1.07853495 0
v -0.78808863 -1.07853495 0
v -0.7161863 -1.00663262 0
v -0.78808863 -1.00663262 0
v -0.78808863 -0.93473029 0
v -0.7161863 -0.93473029 0
v -0.7161863 -0.86282796 0
v -0.78808863 -0.86282796 0
v -0.78808863 0.86282796 0
v -0.78808863 0.93473029 0
v -0.7161863 0.86282796 0
v -0.7161863 0.93473029 0
v -0.7161863 1.00663262 0
v -0.78808863 1.00663262 0
v -0.78808863 1.07853495 0
v -0.7161863 1.07853495 0
v -0.7161863 1.15043728 0
v -0.57238164 -1.15043728 0
v -0.64428397 -1.07853495 0
v -0.57238164 -1.00663262 0
v -0.64428397 -1.00663262 0
v -0.64428397 1.00663262 0
v -0.64428397 1.07853495 0
v -0.57238164 1.00663262 0
v -0.57238164 1.15043728 0
v -0.42857698 -1.15043728 0
v -0.42857698 -1.07853495 0
v -0.50047931 -1.07853495 0
v -0.42857698 -1.00663262 0
v -0.50047931 -1.00663262 0
v -0.57238164 -0.28760932 0
v -0.50047931 -0.28760932 0
v -0.50047931 -0.21570699 0
v -0.57238164 -0.21570699 0
v -0.42857698 -0.28760932 0
v -0.42857698 -0.14380466 0
v -0.57238164 -0.14380466 0
v -0.50047931 -0.07190233 0
v -0.57238164 -0.07190233 0
v -0.42857698 0 0
v -0.50047931 0 0
v -0.57238164 0 0
v -0.50047931 0.07190233 0
v -0.57238164 0.07190233 0
v -0.42857698 0.14380466 0
v -0.57238164 0.14380466 0
v -0.50047931 0.21570699 0
v -0.57238164 0.21570699 0
v -0.42857698 0.28760932 0
v -0.50047931 0.28760932 0
v -0.57238164 0.28760932 0
v -0.50047931 1.00663262 0
v -0.50047931 1.07853495 0
v -0.42857698 1.00663262 0
v -0.42857698 1.07853495 0
v -0.42857698 1.15043728 0
v -0.28477232 -1.15043728 0
v -0.35667465 -1.07853495 0
v -0.28477232 -1.00663262 0
v -0.35667465 -1.00663262 0
v -0.42857698 -0.57521864 0
v -0.35667465 -0.57521864 0
v -0.35667465 -0.50331631 0
v -0.42857698 -0.50331631 0
v -0.28477232 -0.57521864 0
v -0.28477232 -0.50331631 0
v -0.28477232 -0.43141398 0
v -0.35667465 -0.43141398 0
v -0.42857698 -0.43141398 0
v -0.35667465 -0.35951165 0
v -0.42857698 -0.35951165 0
v -0.35667465 0.35951165 0
v -0.42857698 0.35951165 0
v -0.28477232 0.43141398 0
v -0.35667465 0.43141398 0
v -0.42857698 0.43141398 0
v -0.35667465 0.50331631 0
v -0.42857698 0.50331631 0
v -0.28477232 0.50331631 0
v -0.28477232 0.57521864 0
v -0.35667465 0.57521864 0
v -0.42857698 0.57521864 0
v -0.35667465 1.00663262 0
v -0.35667465 1.07853495 0
v -0.28477232 1.00663262 0
v -0.28477232 1.15043728 0
v -0.14096766 -1.15043728 0
v -0.14096766 -1.07853495 0
v -0.21286999 -1.07853495 0
v -0.14096766 -1.00663262 0
v -0.21286999 -1.00663262 0
v -0.21286999 -0.57521864 0
v -0.21286999 -0.50331631 0
v -0.14096766 -0.57521864 0
v -0.14096766 -0.43141398 0
v -0.14096766 0.43141398 0
v -0.21286999 0.50331631 0
v -0.14096766 0.57521864 0
v -0.21286999 0.57521864 0
v -0.21286999 1.00663262 0
v -0.21286999 1.07853495 0
v -0.14096766 1.00663262 0
v -0.14096766 1.07853495 0
v -0.14096766 1.15043728 0
v -0.06906533 -0.57521864 0
v -0.06906533 -0.50331631 0
v 0.002837 -0.57521864 0
v 0.002837 -0.50331631 0
v 0.002837 -0.43141398 0
v 0.002837 0.43141398 0
v 0.002837 0.50331631 0
v -0.06906533 0.50331631 0
v 0.002837 0.57521864 0
v -0.06906533 0.57521864 0
v 0.07473933 -0.57521864 0
v 0.07473933 -0.50331631 0
v 0.14664166 -0.57521864 0
v 0.14664166 -0.43141398 0
v 0.14664166 0.43141398 0
v 0.07473933 0.50331631 0
v 0.14664166 0.57521864 0
v 0.07473933 0.57521864 0
v 0.21854399 -0.57521864 0
v 0.21854399 -0.50331631 0
v 0.29044632 -0.57521864 0
v 0.29044632 -0.50331631 0
v 0.29044632 -0.43141398 0
v 0.29044632 0.43141398 0
v 0.29044632 0.50331631 0
v 0.21854399 0.50331631 0
v 0.29044632 0.57521864 0
v 0.21854399 0.57521864 0
v 0.36234865 -0.43141398 0
v 0.36234865 -0.35951165 0
v 0.43425098 -0.43141398 0
v 0.43425098 -0.35951165 0
v 0.43425098 -0.28760932 0
v 0.43425098 -0.14380466 0
v 0.43425098 0 0
v 0.43425098 0.14380466 0
v 0.43425098 0.28760932 0
v 0.43425098 0.35951165 0
v 0.36234865 0.35951165 0
v 0.43425098 0.43141398 0
v 0.36234865 0.43141398 0
v 0.43425098 -1.15043728 0
v 0.57805564 -1.15043728 0
v 0.50615331 -1.07853495 0
v 0.43425098 -1.07853495 0
v 0.57805564 -1.00663262 0
v 0.50615331 -1.00663262 0
v 0.43425098 -1.00663262 0
v 0.50615331 -0.43141398 0
v 0.50615331 -0.35951165 0
v 0.57805564 -0.43141398 0
v 0.57805564 -0.35951165 0
v 0.57805564 -0.28760932 0
v 0.50615331 -0.28760932 0
v 0.50615331 -0.21570699 0
v 0.57805564 -0.21570699 0
v 0.57805564 -0.14380466 0
v 0.57805564 -0 0
v 0.57805564 0.14380466 0
v 0.57805564 0.21570699 0
v 0.50615331 0.21570699 0
v 0.57805564 0.28760932 0
v 0.50615331 0.28760932 0
v 0.50615331 0.35951165 0
v 0.57805564 0.35951165 0
v 0.57805564 0.43141398 0
v 0.50615331 0.43141398 0
v 0.43425098 1.00663262 0
v 0.50615331 1.00663262 0
v 0.50615331 1.07853495 0
v 0.43425098 1.07853495 0
v 0.57805564 1.00663262 0
v 0.57805564 1.15043728 0
v 0.43425098 1.15043728 0
v 0.7218603 -1.15043728 0
v 0.7218603 -1.00663262 0
v 0.64995797 -0.93473029 0
v 0.57805564 -0.93473029 0
v 0.7218603 -0.86282796 0
v 0.64995797 -0.86282796 0
v 0.57805564 -0.86282796 0
v 0.64995797 -0.14380466 0
v 0.64995797 -0.07190233 0
v 0.7218603 -0.14380466 0
v 0.7218603 -0.07190233 0
v 0.7218603 -0 0
v 0.7218603 0.07190233 0
v 0.64995797 0.07190233 0
v 0.7218603 0.14380466 0
v 0.64995797 0.14380466 0
v 0.57805564 0.86282796 0
v 0.64995797 0.86282796 0
v 0.64995797 0.93473029 0
v 0.57805564 0.93473029 0
v 0.7218603 0.86282796 0
v 0.7218603 1.00663262 0
v 0.7218603 1.15043728 0
v 0.86566496 -1.15043728 0
v 0.86566496 -1.00663262 0
v 0.86566496 -0.93473029 0
v 0.79376263 -0.93473029 0
v 0.86566496 -0.86282796 0
v 0.79376263 -0.86282796 0
v 0.79376263 0.86282796 0
v 0.79376263 0.93473029 0
v 0.86566496 0.86282796 0
v 0.86566496 0.93473029 0
v 0.86566496 1.00663262 0
v 0.86566496 1.15043728 0
v 1.00946962 -1.15043728 0
v 1.00946962 -1.00663262 0
v 0.93756729 -0.93473029 0
v 1.00946962 -0.86282796 0
v 0.93756729 -0.86282796 0
v 0.93756729 -0.79092563 0
v 0.86566496 -0.79092563 0
v 1.00946962 -0.79092563 0
v 1.00946962 -0.7190233 0
v 0.93756729 -0.7190233 0
v 0.86566496 -0.7190233 0
v 0.86566496 0.7190233 0
v 0.93756729 0.7190233 0
v 0.93756729 0.79092563 0
v 0.86566496 0.79092563 0
v 1.00946962 0.7190233 0
v 1.00946962 0.79092563 0
v 1.00946962 0.86282796 0
v 0.93756729 0.86282796 0
v 0.93756729 0.93473029 0
v 1.00946962 1.00663262 0
v 1.00946962 1.15043728 0
v 1.15327428 -1.15043728 0
v 1.15327428 -1.00663262 0
v 1.15327428 -0.86282796 0
v 1.08137195 -0.79092563 0
v 1.15327428 -0.7190233 0
v 1.08137195 -0.7190233 0
v 1.08137195 -0.64712097 0
v 1.00946962 -0.64712097 0
v 1.15327428 -0.64712097 0
v 1.15327428 -0.57521864 0
v 1.08137195 -0.57521864 0
v 1.00946962 -0.57521864 0
v 1.00946962 0.57521864 0
v 1.08137195 0.57521864 0
v 1.08137195 0.64712097 0
v 1.00946962 0.64712097 0
v 1.15327428 0.57521864 0
v 1.15327428 0.64712097 0
v 1.15327428 0.7190233 0
v 1.08137195 0.7190233 0
v 1.08137195 0.79092563 0
v 1.15327428 0.86282796 0
v 1.15327428 1.00663262 0
v 1.15327428 1.15043728 0
v -1.07569795 -0.21570699 0
v -1.14760028 -0.21570699 0
v -1.07569795 -0.14380466 0
v -1.14760028 -0.14380466 0
v -1.07569795 -0.07190233 0
v -1.14760028 -0.07190233 0
v -1.07569795 0 0
v -1.14760028 0 0
v -1.07569795 0.07190233 0
v -1.14760028 0.07190233 0
v -1.07569795 0.14380466 0
v -1.14760028 0.14380466 0
v -1.07569795 0.21570699 0
v -1.14760028 0.21570699 0
v -1.00379562 -0.21570699 0
v -1.00379562 -0.179755825 0
v -1.039746785 -0.179755825 0
v -1.00379562 -0.14380466 0
v -1.039746785 -0.14380466 0
v -1.039746785 -0.107853495 0
v -1.00379562 -0.107853495 0
v -1.00379562 -0.07190233 0
v -1.00379562 -0.035951165 0
v -1.039746785 -0.035951165 0
v -1.00379562 0 0
v -1.039746785 0 0
v -1.039746785 0.035951165 0
v -1.00379562 0.035951165 0
v -1.00379562 0.07190233 0
v -1.00379562 0.107853495 0
v -1.039746785 0.107853495 0
v -1.00379562 0.14380466 0
v -1.039746785 0.14380466 0
v -1.039746785 0.179755825 0
v -1.00379562 0.179755825 0
v -1.00379562 0.21570699 0
v -0.93189329 -0.64712097 0
v -0.93189329 -0.57521864 0
v -0.93189329 -0.539267475 0
v -0.967844455 -0.539267475 0
v -0.93189329 -0.50331631 0
v -0.967844455 -0.50331631 0
v -0.967844455 -0.467365145 0
v -0.93189329 -0.467365145 0
v -0.93189329 -0.43141398 0
v -0.93189329 -0.395462815 0
v -0.967844455 -0.395462815 0
v -0.93189329 -0.35951165 0
v -0.967844455 -0.35951165 0
v -0.967844455 -0.323560485 0
v -0.93189329 -0.323560485 0
v -0.93189329 -0.28760932 0
v -0.93189329 -0.251658155 0
v -0.967844455 -0.251658155 0
v -0.93189329 -0.21570699 0
v -0.967844455 -0.21570699 0
v -0.967844455 -0.179755825 0
v -0.93189329 -0.179755825 0
v -0.93189329 -0.14380466 0
v -0.967844455 -0.14380466 0
v -0.967844455 0.14380466 0
v -0.967844455 0.179755825 0
v -0.93189329 0.14380466 0
v -0.93189329 0.179755825 0
v -0.93189329 0.21570699 0
v -0.967844455 0.21570699 0
v -0.967844455 0.251658155 0
v -0.93189329 0.251658155 0
v -0.93189329 0.28760932 0
v -0.93189329 0.323560485 0
v -0.967844455 0.323560485 0
v -0.93189329 0.35951165 0
v -0.967844455 0.35951165 0
v -0.967844455 0.395462815 0
v -0.93189329 0.395462815 0
v -0.93189329 0.43141398 0
v -0.93189329 0.467365145 0
v -0.967844455 0.467365145 0
v -0.93189329 0.50331631 0
v -0.967844455 0.50331631 0
v -0.967844455 0.539267475 0
v -0.93189329 0.539267475 0
v -0.93189329 0.57521864 0
v -0.93189329 0.64712097 0
v -0.85999096 -0.64712097 0
v -0.85999096 -0.611169805 0
v -0.895942125 -0.611169805 0
v -0.85999096 -0.57521864 0
v -0.895942125 -0.57521864 0
v -0.895942125 -0.539267475 0
v -0.85999096 -0.539267475 0
v -0.85999096 -0.50331631 0
v -0.895942125 -0.50331631 0
v -0.895942125 0.50331631 0
v -0.895942125 0.539267475 0
v -0.85999096 0.50331631 0
v -0.85999096 0.539267475 0
v -0.85999096 0.57521864 0
v -0.895942125 0.57521864 0
v -0.895942125 0.611169805 0
v -0.85999096 0.611169805 0
v -0.85999096 0.64712097 0
v -0.78808863 -0.79092563 0
v -0.78808863 -0.7190233 0
v -0.78808863 -0.683072135 0
v -0.824039795 -0.683072135 0
v -0.78808863 -0.64712097 0
v -0.824039795 -0.64712097 0
v -0.824039795 -0.611169805 0
v -0.78808863 -0.611169805 0
v -0.78808863 -0.57521864 0
v -0.824039795 -0.57521864 0
v -0.824039795 0.57521864 0
v -0.824039795 0.611169805 0
v -0.78808863 0.57521864 0
v -0.78808863 0.611169805 0
v -0.78808863 0.64712097 0
v -0.824039795 0.64712097 0
v -0.824039795 0.683072135 0
v -0.78808863 0.683072135 0
v -0.78808863 0.7190233 0
v -0.78808863 0.79092563 0
v -0.7161863 -0.79092563 0
v -0.7161863 -0.754974465 0
v -0.752137465 -0.754974465 0
v -0.7161863 -0.7190233 0
v -0.752137465 -0.7190233 0
v -0.752137465 -0.683072135 0
v -0.7161863 -0.683072135 0
v -0.7161863 -0.64712097 0
v -0.752137465 -0.64712097 0
v -0.78808863 -0.14380466 0
v -0.752137465 -0.14380466 0
v -0.752137465 -0.107853495 0
v -0.78808863 -0.107853495 0
v -0.7161863 -0.14380466 0
v -0.7161863 -0.107853495 0
v -0.7161863 -0.07190233 0
v -0.752137465 -0.07190233 0
v -0.78808863 -0.07190233 0
v -0.752137465 -0.035951165 0
v -0.78808863 -0.035951165 0
v -0.7161863 0 0
v -0.78808863 0 0
v -0.752137465 0.035951165 0
v -0.78808863 0.035951165 0
v -0.7161863 0.07190233 0
v -0.752137465 0.07190233 0
v -0.78808863 0.07190233 0
v -0.752137465 0.107853495 0
v -0.78808863 0.107853495 0
v -0.7161863 0.107853495 0
v -0.7161863 0.14380466 0
v -0.752137465 0.14380466 0
v -0.78808863 0.14380466 0
v -0.752137465 0.64712097 0
v -0.752137465 0.683072135 0
v -0.7161863 0.64712097 0
v -0.7161863 0.683072135 0
v -0.7161863 0.7190233 0
v -0.752137465 0.7190233 0
v -0.752137465 0.754974465 0
v -0.7161863 0.754974465 0
v -0.7161863 0.79092563 0
v -0.64428397 -0.93473029 0
v -0.64428397 -0.86282796 0
v -0.64428397 -0.826876795 0
v -0.680235135 -0.826876795 0
v -0.64428397 -0.79092563 0
v -0.680235135 -0.79092563 0
v -0.7161863 -0.35951165 0
v -0.680235135 -0.35951165 0
v -0.680235135 -0.323560485 0
v -0.7161863 -0.323560485 0
v -0.64428397 -0.35951165 0
v -0.64428397 -0.323560485 0
v -0.64428397 -0.28760932 0
v -0.680235135 -0.28760932 0
v -0.7161863 -0.28760932 0
v -0.680235135 -0.251658155 0
v -0.7161863 -0.251658155 0
v -0.64428397 -0.21570699 0
v -0.7161863 -0.21570699 0
v -0.680235135 -0.179755825 0
v -0.7161863 -0.179755825 0
v -0.64428397 -0.14380466 0
v -0.680235135 -0.14380466 0
v -0.680235135 -0.107853495 0
v -0.64428397 -0.07190233 0
v -0.64428397 0 0
v -0.64428397 0.07190233 0
v -0.680235135 0.107853495 0
v -0.64428397 0.14380466 0
v -0.680235135 0.14380466 0
v -0.680235135 0.179755825 0
v -0.7161863 0.179755825 0
v -0.64428397 0.21570699 0
v -0.7161863 0.21570699 0
v -0.680235135 0.251658155 0
v -0.7161863 0.251658155 0
v -0.64428397 0.28760932 0
v -0.680235135 0.28760932 0
v -0.7161863 0.28760932 0
v -0.680235135 0.323560485 0
v -0.7161863 0.323560485 0
v -0.64428397 0.323560485 0
v -0.64428397 0.35951165 0
v -0.680235135 0.35951165 0
v -0.7161863 0.35951165 0
v -0.680235135 0.79092563 0
v -0.680235135 0.826876795 0
v -0.64428397 0.79092563 0
v -0.64428397 0.826876795 0
v -0.64428397 0.86282796 0
v -0.64428397 0.93473029 0
v -0.57238164 -0.93473029 0
v -0.57238164 -0.898779125 0
v -0.608332805 -0.898779125 0
v -0.57238164 -0.86282796 0
v -0.608332805 -0.86282796 0
v -0.608332805 -0.826876795 0
v -0.57238164 -0.826876795 0
v -0.57238164 -0.79092563 0
v -0.608332805 -0.79092563 0
v -0.64428397 -0.43141398 0
v -0.608332805 -0.43141398 0
v -0.608332805 -0.395462815 0
v -0.64428397 -0.395462815 0
v -0.57238164 -0.43141398 0
v -0.57238164 -0.395462815 0
v -0.57238164 -0.35951165 0
v -0.608332805 -0.35951165 0
v -0.608332805 -0.323560485 0
v -0.608332805 0.323560485 0
v -0.57238164 0.35951165 0
v -0.608332805 0.35951165 0
v -0.608332805 0.395462815 0
v -0.64428397 0.395462815 0
v -0.57238164 0.395462815 0
v -0.57238164 0.43141398 0
v -0.608332805 0.43141398 0
v -0.64428397 0.43141398 0
v -0.608332805 0.79092563 0
v -0.608332805 0.826876795 0
v -0.57238164 0.79092563 0
v -0.57238164 0.826876795 0
v -0.57238164 0.86282796 0
v -0.608332805 0.86282796 0
v -0.608332805 0.898779125 0
v -0.57238164 0.898779125 0
v -0.57238164 0.93473029 0
v -0.50047931 -0.93473029 0
v -0.536430475 -0.898779125 0
v -0.50047931 -0.86282796 0
v -0.536430475 -0.86282796 0
v -0.57238164 -0.50331631 0
v -0.536430475 -0.50331631 0
v -0.536430475 -0.467365145 0
v -0.57238164 -0.467365145 0
v -0.50047931 -0.50331631 0
v -0.50047931 -0.467365145 0
v -0.50047931 -0.43141398 0
v -0.536430475 -0.43141398 0
v -0.536430475 -0.395462815 0
v -0.50047931 -0.35951165 0
v -0.50047931 0.35951165 0
v -0.536430475 0.395462815 0
v -0.50047931 0.43141398 0
v -0.536430475 0.43141398 0
v -0.536430475 0.467365145 0
v -0.57238164 0.467365145 0
v -0.50047931 0.467365145 0
v -0.50047931 0.50331631 0
v -0.536430475 0.50331631 0
v -0.57238164 0.50331631 0
v -0.536430475 0.86282796 0
v -0.536430475 0.898779125 0
v -0.50047931 0.86282796 0
v -0.50047931 0.93473029 0
v -0.42857698 -0.93473029 0
v -0.42857698 -0.898779125 0
v -0.464528145 -0.898779125 0
v -0.42857698 -0.86282796 0
v -0.464528145 -0.86282796 0
v -0.50047931 -0.64712097 0
v -0.464528145 -0.64712097 0
v -0.464528145 -0.611169805 0
v -0.50047931 -0.611169805 0
v -0.42857698 -0.64712097 0
v -0.50047931 -0.57521864 0
v -0.464528145 -0.539267475 0
v -0.50047931 -0.539267475 0
v -0.464528145 -0.50331631 0
v -0.464528145 -0.467365145 0
v -0.464528145 0.467365145 0
v -0.464528145 0.50331631 0
v -0.464528145 0.539267475 0
v -0.50047931 0.539267475 0
v -0.50047931 0.57521864 0
v -0.464528145 0.611169805 0
v -0.50047931 0.611169805 0
v -0.42857698 0.64712097 0
v -0.464528145 0.64712097 0
v -0.50047931 0.64712097 0
v -0.464528145 0.86282796 0
v -0.464528145 0.898779125 0
v -0.42857698 0.86282796 0
v -0.42857698 0.898779125 0
v -0.42857698 0.93473029 0
v -0.35667465 -0.970681455 0
v -0.392625815 -0.970681455 0
v -0.35667465 -0.93473029 0
v -0.392625815 -0.93473029 0
v -0.392625815 -0.898779125 0
v -0.35667465 -0.898779125 0
v -0.35667465 -0.86282796 0
v -0.392625815 -0.86282796 0
v -0.392625815 -0.64712097 0
v -0.392625815 -0.611169805 0
v -0.35667465 -0.64712097 0
v -0.35667465 -0.611169805 0
v -0.35667465 0.611169805 0
v -0.392625815 0.611169805 0
v -0.35667465 0.64712097 0
v -0.392625815 0.64712097 0
v -0.392625815 0.86282796 0
v -0.392625815 0.898779125 0
v -0.35667465 0.86282796 0
v -0.35667465 0.898779125 0
v -0.35667465 0.93473029 0
v -0.392625815 0.93473029 0
v -0.392625815 0.970681455 0
v -0.35667465 0.970681455 0
v -0.320723485 -0.970681455 0
v -0.28477232 -0.93473029 0
v -0.320723485 -0.93473029 0
v -0.320723485 -0.64712097 0
v -0.320723485 -0.611169805 0
v -0.28477232 -0.64712097 0
v -0.320723485 0.611169805 0
v -0.28477232 0.64712097 0
v -0.320723485 0.64712097 0
v -0.320723485 0.93473029 0
v -0.320723485 0.970681455 0
v -0.28477232 0.93473029 0
v -0.21286999 -0.970681455 0
v -0.248821155 -0.970681455 0
v -0.21286999 -0.93473029 0
v -0.248821155 -0.93473029 0
v -0.28477232 -0.7190233 0
v -0.248821155 -0.7190233 0
v -0.248821155 -0.683072135 0
v -0.28477232 -0.683072135 0
v -0.21286999 -0.7190233 0
v -0.21286999 -0.64712097 0
v -0.21286999 0.64712097 0
v -0.248821155 0.683072135 0
v -0.28477232 0.683072135 0
v -0.21286999 0.7190233 0
v -0.248821155 0.7190233 0
v -0.28477232 0.7190233 0
v -0.248821155 0.93473029 0
v -0.248821155 0.970681455 0
v -0.21286999 0.93473029 0
v -0.21286999 0.970681455 0
v -0.176918825 -0.970681455 0
v -0.14096766 -0.93473029 0
v -0.176918825 -0.93473029 0
v -0.176918825 -0.7190233 0
v -0.176918825 -0.683072135 0
v -0.14096766 -0.7190233 0
v -0.14096766 -0.683072135 0
v -0.14096766 -0.64712097 0
v -0.14096766 0.64712097 0
v -0.14096766 0.683072135 0
v -0.176918825 0.683072135 0
v -0.14096766 0.7190233 0
v -0.176918825 0.7190233 0
v -0.176918825 0.93473029 0
v -0.176918825 0.970681455 0
v -0.14096766 0.93473029 0
v -0.06906533 -1.15043728 0
v -0.06906533 -1.07853495 0
v -0.06906533 -1.00663262 0
v -0.06906533 -0.970681455 0
v -0.105016495 -0.970681455 0
v -0.06906533 -0.93473029 0
v -0.105016495 -0.93473029 0
v -0.105016495 -0.7190233 0
v -0.105016495 -0.683072135 0
v -0.06906533 -0.7190233 0
v -0.06906533 -0.64712097 0
v -0.06906533 0.64712097 0
v -0.105016495 0.683072135 0
v -0.06906533 0.7190233 0
v -0.105016495 0.7190233 0
v -0.105016495 0.93473029 0
v -0.105016495 0.970681455 0
v -0.06906533 0.93473029 0
v -0.06906533 0.970681455 0
v -0.06906533 1.00663262 0
v -0.06906533 1.07853495 0
v -0.06906533 1.15043728 0
v 0.002837 -1.15043728 0
v 0.002837 -1.07853495 0
v 0.002837 -1.042583785 0
v -0.033114165 -1.042583785 0
v 0.002837 -1.00663262 0
v -0.033114165 -1.00663262 0
v -0.033114165 -0.7190233 0
v -0.033114165 -0.683072135 0
v 0.002837 -0.7190233 0
v 0.002837 -0.683072135 0
v 0.002837 -0.64712097 0
v 0.002837 0.64712097 0
v 0.002837 0.683072135 0
v -0.033114165 0.683072135 0
v 0.002837 0.7190233 0
v -0.033114165 0.7190233 0
v -0.033114165 1.00663262 0
v -0.033114165 1.042583785 0
v 0.002837 1.00663262 0
v 0.002837 1.042583785 0
v 0.002837 1.07853495 0
v 0.002837 1.15043728 0
v 0.07473933 -1.15043728 0
v 0.07473933 -1.07853495 0
v 0.038788165 -1.042583785 0
v 0.07473933 -1.00663262 0
v 0.038788165 -1.00663262 0
v 0.038788165 -0.7190233 0
v 0.038788165 -0.683072135 0
v 0.07473933 -0.7190233 0
v 0.07473933 -0.64712097 0
v 0.07473933 0.64712097 0
v 0.038788165 0.683072135 0
v 0.07473933 0.7190233 0
v 0.038788165 0.7190233 0
v 0.038788165 1.00663262 0
v 0.038788165 1.042583785 0
v 0.07473933 1.00663262 0
v 0.07473933 1.07853495 0
v 0.07473933 1.15043728 0
v 0.14664166 -1.15043728 0
v 0.14664166 -1.07853495 0
v 0.14664166 -1.042583785 0
v 0.110690495 -1.042583785 0
v 0.14664166 -1.00663262 0
v 0.110690495 -1.00663262 0
v 0.07473933 -0.79092563 0
v 0.110690495 -0.79092563 0
v 0.110690495 -0.754974465 0
v 0.07473933 -0.754974465 0
v 0.14664166 -0.79092563 0
v 0.14664166 -0.7190233 0
v 0.14664166 -0.64712097 0
v 0.14664166 0.64712097 0
v 0.14664166 0.7190233 0
v 0.110690495 0.754974465 0
v 0.07473933 0.754974465 0
v 0.14664166 0.79092563 0
v 0.110690495 0.79092563 0
v 0.07473933 0.79092563 0
v 0.110690495 1.00663262 0
v 0.110690495 1.042583785 0
v 0.14664166 1.00663262 0
v 0.14664166 1.042583785 0
v 0.14664166 1.07853495 0
v 0.14664166 1.15043728 0
v 0.21854399 -1.15043728 0
v 0.21854399 -1.07853495 0
v 0.182592825 -1.042583785 0
v 0.21854399 -1.00663262 0
v 0.182592825 -1.00663262 0
v 0.182592825 -0.79092563 0
v 0.182592825 -0.754974465 0
v 0.21854399 -0.79092563 0
v 0.21854399 -0.754974465 0
v 0.21854399 -0.7190233 0
v 0.21854399 -0.64712097 0
v 0.21854399 0.64712097 0
v 0.21854399 0.7190233 0
v 0.21854399 0.754974465 0
v 0.182592825 0.754974465 0
v 0.21854399 0.79092563 0
v 0.182592825 0.79092563 0
v 0.182592825 1.00663262 0
v 0.182592825 1.042583785 0
v 0.21854399 1.00663262 0
v 0.21854399 1.07853495 0
v 0.21854399 1.15043728 0
v 0.29044632 -1.15043728 0
v 0.29044632 -1.07853495 0
v 0.29044632 -1.042583785 0
v 0.254495155 -1.042583785 0
v 0.29044632 -1.00663262 0
v 0.254495155 -1.00663262 0
v 0.254495155 -0.7190233 0
v 0.254495155 -0.683072135 0
v 0.29044632 -0.7190233 0
v 0.29044632 -0.683072135 0
v 0.29044632 -0.64712097 0
v 0.29044632 0.64712097 0
v 0.29044632 0.683072135 0
v 0.254495155 0.683072135 0
v 0.29044632 0.7190233 0
v 0.254495155 0.7190233 0
v 0.254495155 1.00663262 0
v 0.254495155 1.042583785 0
v 0.29044632 1.00663262 0
v 0.29044632 1.042583785 0
v 0.29044632 1.07853495 0
v 0.29044632 1.15043728 0
v 0.36234865 -1.15043728 0
v 0.36234865 -1.07853495 0
v 0.326397485 -1.042583785 0
v 0.36234865 -1.00663262 0
v 0.326397485 -1.00663262 0
v 0.326397485 -0.970681455 0
v 0.29044632 -0.970681455 0
v 0.36234865 -0.970681455 0
v 0.36234865 -0.93473029 0
v 0.326397485 -0.93473029 0
v 0.29044632 -0.93473029 0
v 0.326397485 -0.64712097 0
v 0.326397485 -0.611169805 0
v 0.36234865 -0.64712097 0
v 0.36234865 -0.611169805 0
v 0.36234865 -0.57521864 0
v 0.36234865 -0.50331631 0
v 0.36234865 0.50331631 0
v 0.36234865 0.57521864 0
v 0.36234865 0.611169805 0
v 0.326397485 0.611169805 0
v 0.36234865 0.64712097 0
v 0.326397485 0.64712097 0
v 0.29044632 0.93473029 0
v 0.326397485 0.93473029 0
v 0.326397485 0.970681455 0
v 0.29044632 0.970681455 0
v 0.36234865 0.93473029 0
v 0.36234865 0.970681455 0
v 0.36234865 1.00663262 0
v 0.326397485 1.00663262 0
v 0.326397485 1.042583785 0
v 0.36234865 1.07853495 0
v 0.36234865 1.15043728 0
v 0.398299815 -0.970681455 0
v 0.43425098 -0.93473029 0
v 0.398299815 -0.93473029 0
v 0.398299815 -0.64712097 0
v 0.398299815 -0.611169805 0
v 0.43425098 -0.64712097 0
v 0.43425098 -0.611169805 0
v 0.43425098 -0.57521864 0
v 0.398299815 -0.57521864 0
v 0.398299815 -0.539267475 0
v 0.43425098 -0.539267475 0
v 0.43425098 -0.50331631 0
v 0.43425098 0.50331631 0
v 0.43425098 0.539267475 0
v 0.398299815 0.539267475 0
v 0.43425098 0.57521864 0
v 0.398299815 0.57521864 0
v 0.398299815 0.611169805 0
v 0.43425098 0.611169805 0
v 0.43425098 0.64712097 0
v 0.398299815 0.64712097 0
v 0.398299815 0.93473029 0
v 0.398299815 0.970681455 0
v 0.43425098 0.93473029 0
v 0.50615331 -0.93473029 0
v 0.470202145 -0.898779125 0
v 0.43425098 -0.898779125 0
v 0.50615331 -0.86282796 0
v 0.470202145 -0.86282796 0
v 0.43425098 -0.86282796 0
v 0.470202145 -0.57521864 0
v 0.470202145 -0.539267475 0
v 0.50615331 -0.57521864 0
v 0.50615331 -0.50331631 0
v 0.50615331 0.50331631 0
v 0.470202145 0.539267475 0
v 0.50615331 0.57521864 0
v 0.470202145 0.57521864 0
v 0.43425098 0.86282796 0
v 0.470202145 0.86282796 0
v 0.470202145 0.898779125 0
v 0.43425098 0.898779125 0
v 0.50615331 0.86282796 0
v 0.50615331 0.93473029 0
v 0.542104475 -0.826876795 0
v 0.50615331 -0.826876795 0
v 0.57805564 -0.79092563 0
v 0.542104475 -0.79092563 0
v 0.50615331 -0.79092563 0
v 0.542104475 -0.57521864 0
v 0.542104475 -0.539267475 0
v 0.57805564 -0.57521864 0
v 0.57805564 -0.539267475 0
v 0.57805564 -0.50331631 0
v 0.57805564 0.50331631 0
v 0.57805564 0.539267475 0
v 0.542104475 0.539267475 0
v 0.57805564 0.57521864 0
v 0.542104475 0.57521864 0
v 0.50615331 0.79092563 0
v 0.542104475 0.79092563 0
v 0.542104475 0.826876795 0
v 0.50615331 0.826876795 0
v 0.57805564 0.79092563 0
v 0.64995797 -0.826876795 0
v 0.614006805 -0.826876795 0
v 0.64995797 -0.79092563 0
v 0.614006805 -0.79092563 0
v 0.614006805 -0.50331631 0
v 0.614006805 -0.467365145 0
v 0.64995797 -0.50331631 0
v 0.64995797 -0.467365145 0
v 0.64995797 -0.43141398 0
v 0.64995797 -0.395462815 0
v 0.614006805 -0.395462815 0
v 0.64995797 -0.35951165 0
v 0.614006805 -0.35951165 0
v 0.614006805 -0.323560485 0
v 0.64995797 -0.323560485 0
v 0.64995797 -0.28760932 0
v 0.64995797 -0.21570699 0
v 0.64995797 0.21570699 0
v 0.64995797 0.28760932 0
v 0.64995797 0.323560485 0
v 0.614006805 0.323560485 0
v 0.64995797 0.35951165 0
v 0.614006805 0.35951165 0
v 0.614006805 0.395462815 0
v 0.64995797 0.395462815 0
v 0.64995797 0.43141398 0
v 0.64995797 0.467365145 0
v 0.614006805 0.467365145 0
v 0.64995797 0.50331631 0
v 0.614006805 0.50331631 0
v 0.614006805 0.79092563 0
v 0.614006805 0.826876795 0
v 0.64995797 0.79092563 0
v 0.64995797 0.826876795 0
v 0.685909135 -0.826876795 0
v 0.7218603 -0.79092563 0
v 0.685909135 -0.79092563 0
v 0.685909135 -0.754974465 0
v 0.64995797 -0.754974465 0
v 0.7218603 -0.754974465 0
v 0.7218603 -0.7190233 0
v 0.685909135 -0.7190233 0
v 0.64995797 -0.7190233 0
v 0.685909135 -0.35951165 0
v 0.685909135 -0.323560485 0
v 0.7218603 -0.35951165 0
v 0.7218603 -0.323560485 0
v 0.7218603 -0.28760932 0
v 0.685909135 -0.28760932 0
v 0.685909135 -0.251658155 0
v 0.7218603 -0.251658155 0
v 0.7218603 -0.21570699 0
v 0.7218603 0.21570699 0
v 0.7218603 0.251658155 0
v 0.685909135 0.251658155 0
v 0.7218603 0.28760932 0
v 0.685909135 0.28760932 0
v 0.685909135 0.323560485 0
v 0.7218603 0.323560485 0
v 0.7218603 0.35951165 0
v 0.685909135 0.35951165 0
v 0.64995797 0.7190233 0
v 0.685909135 0.7190233 0
v 0.685909135 0.754974465 0
v 0.64995797 0.754974465 0
v 0.7218603 0.7190233 0
v 0.7218603 0.754974465 0
v 0.7218603 0.79092563 0
v 0.685909135 0.79092563 0
v 0.685909135 0.826876795 0
v 0.79376263 -0.79092563 0
v 0.757811465 -0.754974465 0
v 0.79376263 -0.7190233 0
v 0.757811465 -0.7190233 0
v 0.757811465 -0.28760932 0
v 0.757811465 -0.251658155 0
v 0.79376263 -0.28760932 0
v 0.79376263 -0.251658155 0
v 0.79376263 -0.21570699 0
v 0.757811465 -0.21570699 0
v 0.757811465 -0.179755825 0
v 0.79376263 -0.179755825 0
v 0.79376263 -0.14380466 0
v 0.79376263 -0.107853495 0
v 0.757811465 -0.107853495 0
v 0.79376263 -0.07190233 0
v 0.757811465 -0.07190233 0
v 0.757811465 -0.035951165 0
v 0.79376263 -0.035951165 0
v 0.79376263 0 0
v 0.79376263 0.035951165 0
v 0.757811465 0.035951165 0
v 0.79376263 0.07190233 0
v 0.757811465 0.07190233 0
v 0.757811465 0.107853495 0
v 0.79376263 0.107853495 0
v 0.79376263 0.14380466 0
v 0.79376263 0.179755825 0
v 0.757811465 0.179755825 0
v 0.79376263 0.21570699 0
v 0.757811465 0.21570699 0
v 0.757811465 0.251658155 0
v 0.79376263 0.251658155 0
v 0.79376263 0.28760932 0
v 0.757811465 0.28760932 0
v 0.757811465 0.7190233 0
v 0.757811465 0.754974465 0
v 0.79376263 0.7190233 0
v 0.79376263 0.79092563 0
v 0.829713795 -0.683072135 0
v 0.79376263 -0.683072135 0
v 0.86566496 -0.64712097 0
v 0.829713795 -0.64712097 0
v 0.79376263 -0.64712097 0
v 0.829713795 -0.611169805 0
v 0.79376263 -0.611169805 0
v 0.86566496 -0.611169805 0
v 0.86566496 -0.57521864 0
v 0.829713795 -0.57521864 0
v 0.79376263 -0.57521864 0
v 0.79376263 0.57521864 0
v 0.829713795 0.57521864 0
v 0.829713795 0.611169805 0
v 0.79376263 0.611169805 0
v 0.86566496 0.57521864 0
v 0.86566496 0.611169805 0
v 0.86566496 0.64712097 0
v 0.829713795 0.64712097 0
v 0.79376263 0.64712097 0
v 0.829713795 0.683072135 0
v 0.79376263 0.683072135 0
v 0.93756729 -0.64712097 0
v 0.901616125 -0.611169805 0
v 0.93756729 -0.57521864 0
v 0.901616125 -0.57521864 0
v 0.901616125 -0.539267475 0
v 0.86566496 -0.539267475 0
v 0.93756729 -0.539267475 0
v 0.93756729 -0.50331631 0
v 0.901616125 -0.50331631 0
v 0.86566496 -0.50331631 0
v 0.86566496 0.50331631 0
v 0.901616125 0.50331631 0
v 0.901616125 0.539267475 0
v 0.86566496 0.539267475 0
v 0.93756729 0.50331631 0
v 0.93756729 0.539267475 0
v 0.93756729 0.57521864 0
v 0.901616125 0.57521864 0
v 0.901616125 0.611169805 0
v 0.93756729 0.64712097 0
v 0.973518455 -0.539267475 0
v 1.00946962 -0.50331631 0
v 0.973518455 -0.50331631 0
v 0.973518455 -0.467365145 0
v 0.93756729 -0.467365145 0
v 1.00946962 -0.467365145 0
v 1.00946962 -0.43141398 0
v 0.973518455 -0.43141398 0
v 0.93756729 -0.43141398 0
v 0.93756729 0.43141398 0
v 0.973518455 0.43141398 0
v 0.973518455 0.467365145 0
v 0.93756729 0.467365145 0
v 1.00946962 0.43141398 0
v 1.00946962 0.467365145 0
v 1.00946962 0.50331631 0
v 0.973518455 0.50331631 0
v 0.973518455 0.539267475 0
v 1.08137195 -0.50331631 0
v 1.045420785 -0.467365145 0
v 1.08137195 -0.43141398 0
v 1.045420785 -0.43141398 0
v 1.045420785 -0.395462815 0
v 1.00946962 -0.395462815 0
v 1.08137195 -0.35951165 0
v 1.00946962 -0.35951165 0
v 1.045420785 -0.323560485 0
v 1.00946962 -0.323560485 0
v 1.08137195 -0.28760932 0
v 1.045420785 -0.28760932 0
v 1.00946962 -0.28760932 0
v 1.045420785 -0.251658155 0
v 1.00946962 -0.251658155 0
v 1.08137195 -0.21570699 0
v 1.00946962 -0.21570699 0
v 1.045420785 -0.179755825 0
v 1.00946962 -0.179755825 0
v 1.08137195 -0.14380466 0
v 1.045420785 -0.14380466 0
v 1.00946962 -0.14380466 0
v 1.045420785 -0.107853495 0
v 1.00946962 -0.107853495 0
v 1.08137195 -0.07190233 0
v 1.00946962 -0.07190233 0
v 1.045420785 -0.035951165 0
v 1.00946962 -0.035951165 0
v 1.08137195 0 0
v 1.045420785 0 0
v 1.00946962 0 0
v 1.045420785 0.035951165 0
v 1.00946962 0.035951165 0
v 1.08137195 0.07190233 0
v 1.00946962 0.07190233 0
v 1.045420785 0.107853495 0
v 1.00946962 0.107853495 0
v 1.08137195 0.14380466 0
v 1.045420785 0.14380466 0
v 1.00946962 0.14380466 0
v 1.045420785 0.179755825 0
v 1.00946962 0.179755825 0
v 1.08137195 0.21570699 0
v 1.00946962 0.21570699 0
v 1.045420785 0.251658155 0
v 1.00946962 0.251658155 0
v 1.08137195 0.28760932 0
v 1.045420785 0.28760932 0
v 1.00946962 0.28760932 0
v 1.045420785 0.323560485 0
v 1.00946962 0.323560485 0
v 1.08137195 0.35951165 0
v 1.00946962 0.35951165 0
v 1.045420785 0.395462815 0
v 1.00946962 0.395462815 0
v 1.08137195 0.43141398 0
v 1.045420785 0.43141398 0
v 1.045420785 0.467365145 0
v 1.08137195 0.50331631 0
v 1.15327428 -0.50331631 0
v 1.15327428 -0.43141398 0
v 1.15327428 -0.35951165 0
v 1.15327428 -0.28760932 0
v 1.15327428 -0.21570699 0
v 1.15327428 -0.14380466 0
v 1.15327428 -0.07190233 0
v 1.15327428 0 0
v 1.15327428 0.07190233 0
v 1.15327428 0.14380466 0
v 1.15327428 0.21570699 0
v 1.15327428 0.28760932 0
v 1.15327428 0.35951165 0
v 1.15327428 0.43141398 0
v 1.15327428 0.50331631 0
v -0.967844455 -0.107853495 0
v -0.967844455 -0.07190233 0
v -0.967844455 -0.035951165 0
v -0.967844455 0 0
v -0.967844455 0.035951165 0
v -0.967844455 0.07190233 0
v -0.967844455 0.107853495 0
v -0.93189329 -0.107853495 0
v -0.93189329 -0.0898779125 0
v -0.9498688725 -0.0898779125 0
v -0.93189329 -0.07190233 0
v -0.9498688725 -0.07190233 0
v -0.9498688725 -0.0539267475 0
v -0.93189329 -0.0539267475 0
v -0.93189329 -0.035951165 0
v -0.93189329 -0.0179755825 0
v -0.9498688725 -0.0179755825 0
v -0.93189329 0 0
v -0.9498688725 0 0
v -0.9498688725 0.0179755825 0
v -0.93189329 0.0179755825 0
v -0.93189329 0.035951165 0
v -0.93189329 0.0539267475 0
v -0.9498688725 0.0539267475 0
v -0.93189329 0.07190233 0
v -0.9498688725 0.07190233 0
v -0.9498688725 0.0898779125 0
v -0.93189329 0.0898779125 0
v -0.93189329 0.107853495 0
v -0.895942125 -0.467365145 0
v -0.895942125 -0.43141398 0
v -0.895942125 -0.395462815 0
v -0.895942125 -0.35951165 0
v -0.895942125 -0.3415360675 0
v -0.9139177075 -0.3415360675 0
v -0.895942125 -0.323560485 0
v -0.9139177075 -0.323560485 0
v -0.9139177075 -0.3055849025 0
v -0.895942125 -0.3055849025 0
v -0.895942125 -0.28760932 0
v -0.895942125 -0.2696337375 0
v -0.9139177075 -0.2696337375 0
v -0.895942125 -0.251658155 0
v -0.9139177075 -0.251658155 0
v -0.9139177075 -0.2336825725 0
v -0.895942125 -0.2336825725 0
v -0.895942125 -0.21570699 0
v -0.895942125 -0.1977314075 0
v -0.9139177075 -0.1977314075 0
v -0.895942125 -0.179755825 0
v -0.9139177075 -0.179755825 0
v -0.9139177075 -0.1617802425 0
v -0.895942125 -0.1617802425 0
v -0.895942125 -0.14380466 0
v -0.895942125 -0.1258290775 0
v -0.9139177075 -0.1258290775 0
v -0.895942125 -0.107853495 0
v -0.9139177075 -0.107853495 0
v -0.9139177075 -0.0898779125 0
v -0.895942125 -0.0898779125 0
v -0.895942125 -0.07190233 0
v -0.9139177075 -0.07190233 0
v -0.9139177075 0.07190233 0
v -0.9139177075 0.0898779125 0
v -0.895942125 0.07190233 0
v -0.895942125 0.0898779125 0
v -0.895942125 0.107853495 0
v -0.9139177075 0.107853495 0
v -0.9139177075 0.1258290775 0
v -0.895942125 0.1258290775 0
v -0.895942125 0.14380466 0
v -0.895942125 0.1617802425 0
v -0.9139177075 0.1617802425 0
v -0.895942125 0.179755825 0
v -0.9139177075 0.179755825 0
v -0.9139177075 0.1977314075 0
v -0.895942125 0.1977314075 0
v -0.895942125 0.21570699 0
v -0.895942125 0.2336825725 0
v -0.9139177075 0.2336825725 0
v -0.895942125 0.251658155 0
v -0.9139177075 0.251658155 0
v -0.9139177075 0.2696337375 0
v -0.895942125 0.2696337375 0
v -0.895942125 0.28760932 0
v -0.895942125 0.3055849025 0
v -0.9139177075 0.3055849025 0
v -0.895942125 0.323560485 0
v -0.9139177075 0.323560485 0
v -0.9139177075 0.3415360675 0
v -0.895942125 0.3415360675 0
v -0.895942125 0.35951165 0
v -0.895942125 0.395462815 0
v -0.895942125 0.43141398 0
v -0.895942125 0.467365145 0
v -0.85999096 -0.467365145 0
v -0.85999096 -0.4493895625 0
v -0.8779665425 -0.4493895625 0
v -0.85999096 -0.43141398 0
v -0.8779665425 -0.43141398 0
v -0.8779665425 -0.4134383975 0
v -0.85999096 -0.4134383975 0
v -0.85999096 -0.395462815 0
v -0.85999096 -0.3774872325 0
v -0.8779665425 -0.3774872325 0
v -0.85999096 -0.35951165 0
v -0.8779665425 -0.35951165 0
v -0.8779665425 -0.3415360675 0
v -0.85999096 -0.3415360675 0
v -0.85999096 -0.323560485 0
v -0.8779665425 -0.323560485 0
v -0.8779665425 0.323560485 0
v -0.8779665425 0.3415360675 0
v -0.85999096 0.323560485 0
v -0.85999096 0.3415360675 0
v -0.85999096 0.35951165 0
v -0.8779665425 0.35951165 0
v -0.8779665425 0.3774872325 0
v -0.85999096 0.3774872325 0
v -0.85999096 0.395462815 0
v -0.85999096 0.4134383975 0
v -0.8779665425 0.4134383975 0
v -0.85999096 0.43141398 0
v -0.8779665425 0.43141398 0
v -0.8779665425 0.4493895625 0
v -0.85999096 0.4493895625 0
v -0.85999096 0.467365145 0
v -0.824039795 -0.539267475 0
v -0.824039795 -0.50331631 0
v -0.824039795 -0.4853407275 0
v -0.8420153775 -0.4853407275 0
v -0.824039795 -0.467365145 0
v -0.8420153775 -0.467365145 0
v -0.8420153775 -0.4493895625 0
v -0.824039795 -0.4493895625 0
v -0.824039795 -0.43141398 0
v -0.8420153775 -0.43141398 0
v -0.8420153775 0.43141398 0
v -0.8420153775 0.4493895625 0
v -0.824039795 0.43141398 0
v -0.824039795 0.4493895625 0
v -0.824039795 0.467365145 0
v -0.8420153775 0.467365145 0
v -0.8420153775 0.4853407275 0
v -0.824039795 0.4853407275 0
v -0.824039795 0.50331631 0
v -0.824039795 0.539267475 0
v -0.78808863 -0.539267475 0
v -0.78808863 -0.5212918925 0
v -0.8060642125 -0.5212918925 0
v -0.78808863 -0.50331631 0
v -0.8060642125 -0.50331631 0
v -0.824039795 -0.179755825 0
v -0.8060642125 -0.179755825 0
v -0.8060642125 -0.1617802425 0
v -0.824039795 -0.1617802425 0
v -0.78808863 -0.179755825 0
v -0.824039795 -0.14380466 0
v -0.8060642125 -0.1258290775 0
v -0.824039795 -0.1258290775 0
v -0.8060642125 -0.107853495 0
v -0.824039795 -0.107853495 0
v -0.8060642125 -0.0898779125 0
v -0.824039795 -0.0898779125 0
v -0.824039795 -0.07190233 0
v -0.8060642125 -0.0539267475 0
v -0.824039795 -0.0539267475 0
v -0.8060642125 -0.035951165 0
v -0.824039795 -0.035951165 0
v -0.8060642125 -0.0179755825 0
v -0.824039795 -0.0179755825 0
v -0.824039795 0 0
v -0.8060642125 0.0179755825 0
v -0.824039795 0.0179755825 0
v -0.8060642125 0.035951165 0
v -0.824039795 0.035951165 0
v -0.8060642125 0.0539267475 0
v -0.824039795 0.0539267475 0
v -0.824039795 0.07190233 0
v -0.8060642125 0.0898779125 0
v -0.824039795 0.0898779125 0
v -0.8060642125 0.107853495 0
v -0.824039795 0.107853495 0
v -0.8060642125 0.1258290775 0
v -0.824039795 0.1258290775 0
v -0.824039795 0.14380466 0
v -0.8060642125 0.1617802425 0
v -0.824039795 0.1617802425 0
v -0.78808863 0.179755825 0
v -0.8060642125 0.179755825 0
v -0.824039795 0.179755825 0
v -0.8060642125 0.50331631 0
v -0.8060642125 0.5212918925 0
v -0.78808863 0.50331631 0
v -0.78808863 0.5212918925 0
v -0.78808863 0.539267475 0
v -0.752137465 -0.611169805 0
v -0.752137465 -0.57521864 0
v -0.752137465 -0.5572430575 0
v -0.7701130475 -0.5572430575 0
v -0.752137465 -0.539267475 0
v -0.7701130475 -0.539267475 0
v -0.78808863 -0.35951165 0
v -0.7701130475 -0.35951165 0
v -0.7701130475 -0.3415360675 0
v -0.78808863 -0.3415360675 0
v -0.752137465 -0.35951165 0
v -0.752137465 -0.323560485 0
v -0.78808863 -0.323560485 0
v -0.7701130475 -0.3055849025 0
v -0.78808863 -0.3055849025 0
v -0.752137465 -0.28760932 0
v -0.7701130475 -0.28760932 0
v -0.78808863 -0.28760932 0
v -0.7701130475 -0.2696337375 0
v -0.78808863 -0.2696337375 0
v -0.752137465 -0.251658155 0
v -0.78808863 -0.251658155 0
v -0.7701130475 -0.2336825725 0
v -0.78808863 -0.2336825725 0
v -0.752137465 -0.21570699 0
v -0.7701130475 -0.21570699 0
v -0.78808863 -0.21570699 0
v -0.7701130475 -0.1977314075 0
v -0.78808863 -0.1977314075 0
v -0.752137465 -0.179755825 0
v -0.752137465 0.179755825 0
v -0.7701130475 0.1977314075 0
v -0.78808863 0.1977314075 0
v -0.752137465 0.21570699 0
v -0.7701130475 0.21570699 0
v -0.78808863 0.21570699 0
v -0.7701130475 0.2336825725 0
v -0.78808863 0.2336825725 0
v -0.752137465 0.251658155 0
v -0.78808863 0.251658155 0
v -0.7701130475 0.2696337375 0
v -0.78808863 0.2696337375 0
v -0.752137465 0.28760932 0
v -0.7701130475 0.28760932 0
v -0.78808863 0.28760932 0
v -0.7701130475 0.3055849025 0
v -0.78808863 0.3055849025 0
v -0.752137465 0.323560485 0
v -0.78808863 0.323560485 0
v -0.7701130475 0.3415360675 0
v -0.78808863 0.3415360675 0
v -0.752137465 0.35951165 0
v -0.7701130475 0.35951165 0
v -0.78808863 0.35951165 0
v -0.7701130475 0.539267475 0
v -0.7701130475 0.5572430575 0
v -0.752137465 0.539267475 0
v -0.752137465 0.5572430575 0
v -0.752137465 0.57521864 0
v -0.752137465 0.611169805 0
v -0.7161863 -0.611169805 0
v -0.7161863 -0.5931942225 0
v -0.7341618825 -0.5931942225 0
v -0.7161863 -0.57521864 0
v -0.7341618825 -0.57521864 0
v -0.752137465 -0.43141398 0
v -0.7341618825 -0.43141398 0
v -0.7341618825 -0.4134383975 0
v -0.752137465 -0.4134383975 0
v -0.7161863 -0.43141398 0
v -0.7161863 -0.4134383975 0
v -0.7161863 -0.395462815 0
v -0.7341618825 -0.395462815 0
v -0.752137465 -0.395462815 0
v -0.7341618825 -0.3774872325 0
v -0.752137465 -0.3774872325 0
v -0.7341618825 0.3774872325 0
v -0.752137465 0.3774872325 0
v -0.7161863 0.395462815 0
v -0.7341618825 0.395462815 0
v -0.752137465 0.395462815 0
v -0.7341618825 0.4134383975 0
v -0.752137465 0.4134383975 0
v -0.7161863 0.4134383975 0
v -0.7161863 0.43141398 0
v -0.7341618825 0.43141398 0
v -0.752137465 0.43141398 0
v -0.7341618825 0.57521864 0
v -0.7341618825 0.5931942225 0
v -0.7161863 0.57521864 0
v -0.7161863 0.5931942225 0
v -0.7161863 0.611169805 0
v -0.680235135 -0.754974465 0
v -0.680235135 -0.7190233 0
v -0.680235135 -0.683072135 0
v -0.680235135 -0.64712097 0
v -0.680235135 -0.6291453875 0
v -0.6982107175 -0.6291453875 0
v -0.680235135 -0.611169805 0
v -0.6982107175 -0.611169805 0
v -0.7161863 -0.467365145 0
v -0.6982107175 -0.467365145 0
v -0.6982107175 -0.4493895625 0
v -0.7161863 -0.4493895625 0
v -0.680235135 -0.467365145 0
v -0.680235135 -0.4493895625 0
v -0.680235135 -0.43141398 0
v -0.6982107175 -0.43141398 0
v -0.6982107175 -0.4134383975 0
v -0.680235135 -0.395462815 0
v -0.680235135 0.395462815 0
v -0.6982107175 0.4134383975 0
v -0.680235135 0.43141398 0
v -0.6982107175 0.43141398 0
v -0.6982107175 0.4493895625 0
v -0.7161863 0.4493895625 0
v -0.680235135 0.4493895625 0
v -0.680235135 0.467365145 0
v -0.6982107175 0.467365145 0
v -0.7161863 0.467365145 0
v -0.6982107175 0.611169805 0
v -0.6982107175 0.6291453875 0
v -0.680235135 0.611169805 0
v -0.680235135 0.6291453875 0
v -0.680235135 0.64712097 0
v -0.680235135 0.683072135 0
v -0.680235135 0.7190233 0
v -0.680235135 0.754974465 0
v -0.64428397 -0.754974465 0
v -0.64428397 -0.7369988825 0
v -0.6622595525 -0.7369988825 0
v -0.64428397 -0.7190233 0
v -0.6622595525 -0.7190233 0
v -0.6622595525 -0.7010477175 0
v -0.64428397 -0.7010477175 0
v -0.64428397 -0.683072135 0
v -0.64428397 -0.6650965525 0
v -0.6622595525 -0.6650965525 0
v -0.64428397 -0.64712097 0
v -0.6622595525 -0.64712097 0
v -0.680235135 -0.50331631 0
v -0.6622595525 -0.50331631 0
v -0.6622595525 -0.4853407275 0
v -0.680235135 -0.4853407275 0
v -0.64428397 -0.50331631 0
v -0.64428397 -0.4853407275 0
v -0.64428397 -0.467365145 0
v -0.6622595525 -0.467365145 0
v -0.6622595525 -0.4493895625 0
v -0.6622595525 0.4493895625 0
v -0.64428397 0.467365145 0
v -0.6622595525 0.467365145 0
v -0.6622595525 0.4853407275 0
v -0.680235135 0.4853407275 0
v -0.64428397 0.4853407275 0
v -0.64428397 0.50331631 0
v -0.6622595525 0.50331631 0
v -0.680235135 0.50331631 0
v -0.6622595525 0.64712097 0
v -0.6622595525 0.6650965525 0
v -0.64428397 0.64712097 0
v -0.64428397 0.6650965525 0
v -0.64428397 0.683072135 0
v -0.64428397 0.7010477175 0
v -0.6622595525 0.7010477175 0
v -0.64428397 0.7190233 0
v -0.6622595525 0.7190233 0
v -0.6622595525 0.7369988825 0
v -0.64428397 0.7369988825 0
v -0.64428397 0.754974465 0
v -0.608332805 -0.7729500475 0
v -0.6263083875 -0.7729500475 0
v -0.608332805 -0.754974465 0
v -0.6263083875 -0.754974465 0
v -0.6263083875 -0.7369988825 0
v -0.608332805 -0.7369988825 0
v -0.608332805 -0.7190233 0
v -0.6263083875 -0.7190233 0
v -0.64428397 -0.539267475 0
v -0.6263083875 -0.539267475 0
v -0.6263083875 -0.5212918925 0
v -0.64428397 -0.5212918925 0
v -0.608332805 -0.539267475 0
v -0.608332805 -0.5212918925 0
v -0.608332805 -0.50331631 0
v -0.6263083875 -0.50331631 0
v -0.6263083875 -0.4853407275 0
v -0.608332805 -0.467365145 0
v -0.608332805 0.467365145 0
v -0.6263083875 0.4853407275 0
v -0.608332805 0.50331631 0
v -0.6263083875 0.50331631 0
v -0.6263083875 0.5212918925 0
v -0.64428397 0.5212918925 0
v -0.608332805 0.5212918925 0
v -0.608332805 0.539267475 0
v -0.6263083875 0.539267475 0
v -0.64428397 0.539267475 0
v -0.6263083875 0.7190233 0
v -0.6263083875 0.7369988825 0
v -0.608332805 0.7190233 0
v -0.608332805 0.7369988825 0
v -0.608332805 0.754974465 0
v -0.6263083875 0.754974465 0
v -0.6263083875 0.7729500475 0
v -0.608332805 0.7729500475 0
v -0.5903572225 -0.7729500475 0
v -0.57238164 -0.754974465 0
v -0.5903572225 -0.754974465 0
v -0.608332805 -0.57521864 0
v -0.5903572225 -0.57521864 0
v -0.5903572225 -0.5572430575 0
v -0.608332805 -0.5572430575 0
v -0.57238164 -0.57521864 0
v -0.57238164 -0.5572430575 0
v -0.57238164 -0.539267475 0
v -0.5903572225 -0.539267475 0
v -0.5903572225 -0.5212918925 0
v -0.5903572225 0.5212918925 0
v -0.57238164 0.539267475 0
v -0.5903572225 0.539267475 0
v -0.5903572225 0.5572430575 0
v -0.608332805 0.5572430575 0
v -0.57238164 0.5572430575 0
v -0.57238164 0.57521864 0
v -0.5903572225 0.57521864 0
v -0.608332805 0.57521864 0
v -0.5903572225 0.754974465 0
v -0.5903572225 0.7729500475 0
v -0.57238164 0.754974465 0
v -0.536430475 -0.826876795 0
v -0.536430475 -0.79092563 0
v -0.536430475 -0.7729500475 0
v -0.5544060575 -0.7729500475 0
v -0.536430475 -0.754974465 0
v -0.5544060575 -0.754974465 0
v -0.57238164 -0.64712097 0
v -0.5544060575 -0.64712097 0
v -0.5544060575 -0.6291453875 0
v -0.57238164 -0.6291453875 0
v -0.536430475 -0.64712097 0
v -0.536430475 -0.611169805 0
v -0.57238164 -0.611169805 0
v -0.5544060575 -0.5931942225 0
v -0.57238164 -0.5931942225 0
v -0.536430475 -0.57521864 0
v -0.5544060575 -0.57521864 0
v -0.5544060575 -0.5572430575 0
v -0.536430475 -0.539267475 0
v -0.536430475 0.539267475 0
v -0.5544060575 0.5572430575 0
v -0.536430475 0.57521864 0
v -0.5544060575 0.57521864 0
v -0.5544060575 0.5931942225 0
v -0.57238164 0.5931942225 0
v -0.536430475 0.611169805 0
v -0.57238164 0.611169805 0
v -0.5544060575 0.6291453875 0
v -0.57238164 0.6291453875 0
v -0.536430475 0.64712097 0
v -0.5544060575 0.64712097 0
v -0.57238164 0.64712097 0
v -0.5544060575 0.754974465 0
v -0.5544060575 0.7729500475 0
v -0.536430475 0.754974465 0
v -0.536430475 0.7729500475 0
v -0.536430475 0.79092563 0
v -0.536430475 0.826876795 0
v -0.50047931 -0.826876795 0
v -0.50047931 -0.8089012125 0
v -0.5184548925 -0.8089012125 0
v -0.50047931 -0.79092563 0
v -0.5184548925 -0.79092563 0
v -0.536430475 -0.683072135 0
v -0.5184548925 -0.683072135 0
v -0.5184548925 -0.6650965525 0
v -0.536430475 -0.6650965525 0
v -0.50047931 -0.683072135 0
v -0.5184548925 0.6650965525 0
v -0.536430475 0.6650965525 0
v -0.50047931 0.683072135 0
v -0.5184548925 0.683072135 0
v -0.536430475 0.683072135 0
v -0.5184548925 0.79092563 0
v -0.5184548925 0.8089012125 0
v -0.50047931 0.79092563 0
v -0.50047931 0.8089012125 0
v -0.50047931 0.826876795 0
v -0.464528145 -0.826876795 0
v -0.4825037275 -0.8089012125 0
v -0.464528145 -0.79092563 0
v -0.4825037275 -0.79092563 0
v -0.4825037275 -0.683072135 0
v -0.4825037275 -0.6650965525 0
v -0.464528145 -0.683072135 0
v -0.464528145 -0.6650965525 0
v -0.464528145 0.6650965525 0
v -0.4825037275 0.6650965525 0
v -0.464528145 0.683072135 0
v -0.4825037275 0.683072135 0
v -0.4825037275 0.79092563 0
v -0.4825037275 0.8089012125 0
v -0.464528145 0.79092563 0
v -0.464528145 0.826876795 0
v -0.42857698 -0.826876795 0
v -0.42857698 -0.8089012125 0
v -0.4465525625 -0.8089012125 0
v -0.42857698 -0.79092563 0
v -0.4465525625 -0.79092563 0
v -0.464528145 -0.7190233 0
v -0.4465525625 -0.7190233 0
v -0.4465525625 -0.7010477175 0
v -0.464528145 -0.7010477175 0
v -0.42857698 -0.7190233 0
v -0.42857698 -0.7010477175 0
v -0.42857698 -0.683072135 0
v -0.4465525625 -0.683072135 0
v -0.4465525625 -0.6650965525 0
v -0.4465525625 0.6650965525 0
v -0.42857698 0.683072135 0
v -0.4465525625 0.683072135 0
v -0.4465525625 0.7010477175 0
v -0.464528145 0.7010477175 0
v -0.42857698 0.7010477175 0
v -0.42857698 0.7190233 0
v -0.4465525625 0.7190233 0
v -0.464528145 0.7190233 0
v -0.4465525625 0.79092563 0
v -0.4465525625 0.8089012125 0
v -0.42857698 0.79092563 0
v -0.42857698 0.8089012125 0
v -0.42857698 0.826876795 0
v -0.392625815 -0.8448523775 0
v -0.4106013975 -0.8448523775 0
v -0.392625815 -0.826876795 0
v -0.4106013975 -0.826876795 0
v -0.4106013975 -0.8089012125 0
v -0.392625815 -0.8089012125 0
v -0.392625815 -0.79092563 0
v -0.4106013975 -0.79092563 0
v -0.4106013975 -0.7190233 0
v -0.4106013975 -0.7010477175 0
v -0.392625815 -0.7190233 0
v -0.392625815 -0.683072135 0
v -0.392625815 0.683072135 0
v -0.4106013975 0.7010477175 0
v -0.392625815 0.7190233 0
v -0.4106013975 0.7190233 0
v -0.4106013975 0.79092563 0
v -0.4106013975 0.8089012125 0
v -0.392625815 0.79092563 0
v -0.392625815 0.8089012125 0
v -0.392625815 0.826876795 0
v -0.4106013975 0.826876795 0
v -0.4106013975 0.8448523775 0
v -0.392625815 0.8448523775 0
v -0.3746502325 -0.8448523775 0
v -0.35667465 -0.826876795 0
v -0.3746502325 -0.826876795 0
v -0.3746502325 -0.7190233 0
v -0.3746502325 -0.7010477175 0
v -0.35667465 -0.7190233 0
v -0.35667465 -0.7010477175 0
v -0.35667465 -0.683072135 0
v -0.35667465 0.683072135 0
v -0.35667465 0.7010477175 0
v -0.3746502325 0.7010477175 0
v -0.35667465 0.7190233 0
v -0.3746502325 0.7190233 0
v -0.3746502325 0.826876795 0
v -0.3746502325 0.8448523775 0
v -0.35667465 0.826876795 0
v -0.320723485 -0.898779125 0
v -0.320723485 -0.86282796 0
v -0.320723485 -0.8448523775 0
v -0.3386990675 -0.8448523775 0
v -0.320723485 -0.826876795 0
v -0.3386990675 -0.826876795 0
v -0.3386990675 -0.7190233 0
v -0.3386990675 -0.7010477175 0
v -0.320723485 -0.7190233 0
v -0.320723485 -0.683072135 0
v -0.320723485 0.683072135 0
v -0.3386990675 0.7010477175 0
v -0.320723485 0.7190233 0
v -0.3386990675 0.7190233 0
v -0.3386990675 0.826876795 0
v -0.3386990675 0.8448523775 0
v -0.320723485 0.826876795 0
v -0.320723485 0.8448523775 0
v -0.320723485 0.86282796 0
v -0.320723485 0.898779125 0
v -0.28477232 -0.898779125 0
v -0.28477232 -0.8808035425 0
v -0.3027479025 -0.8808035425 0
v -0.28477232 -0.86282796 0
v -0.3027479025 -0.86282796 0
v -0.320723485 -0.754974465 0
v -0.3027479025 -0.754974465 0
v -0.3027479025 -0.7369988825 0
v -0.320723485 -0.7369988825 0
v -0.28477232 -0.754974465 0
v -0.3027479025 0.7369988825 0
v -0.320723485 0.7369988825 0
v -0.28477232 0.754974465 0
v -0.3027479025 0.754974465 0
v -0.320723485 0.754974465 0
v -0.3027479025 0.86282796 0
v -0.3027479025 0.8808035425 0
v -0.28477232 0.86282796 0
v -0.28477232 0.8808035425 0
v -0.28477232 0.898779125 0
v -0.248821155 -0.898779125 0
v -0.2667967375 -0.8808035425 0
v -0.248821155 -0.86282796 0
v -0.2667967375 -0.86282796 0
v -0.2667967375 -0.754974465 0
v -0.2667967375 -0.7369988825 0
v -0.248821155 -0.754974465 0
v -0.248821155 -0.7369988825 0
v -0.248821155 0.7369988825 0
v -0.2667967375 0.7369988825 0
v -0.248821155 0.754974465 0
v -0.2667967375 0.754974465 0
v -0.2667967375 0.86282796 0
v -0.2667967375 0.8808035425 0
v -0.248821155 0.86282796 0
v -0.248821155 0.898779125 0
v -0.21286999 -0.898779125 0
v -0.21286999 -0.8808035425 0
v -0.2308455725 -0.8808035425 0
v -0.21286999 -0.86282796 0
v -0.2308455725 -0.86282796 0
v -0.248821155 -0.79092563 0
v -0.2308455725 -0.79092563 0
v -0.2308455725 -0.7729500475 0
v -0.248821155 -0.7729500475 0
v -0.21286999 -0.79092563 0
v -0.21286999 -0.7729500475 0
v -0.21286999 -0.754974465 0
v -0.2308455725 -0.754974465 0
v -0.2308455725 -0.7369988825 0
v -0.2308455725 0.7369988825 0
v -0.21286999 0.754974465 0
v -0.2308455725 0.754974465 0
v -0.2308455725 0.7729500475 0
v -0.248821155 0.7729500475 0
v -0.21286999 0.7729500475 0
v -0.21286999 0.79092563 0
v -0.2308455725 0.79092563 0
v -0.248821155 0.79092563 0
v -0.2308455725 0.86282796 0
v -0.2308455725 0.8808035425 0
v -0.21286999 0.86282796 0
v -0.21286999 0.8808035425 0
v -0.21286999 0.898779125 0
v -0.176918825 -0.898779125 0
v -0.1948944075 -0.8808035425 0
v -0.176918825 -0.86282796 0
v -0.1948944075 -0.86282796 0
v -0.1948944075 -0.79092563 0
v -0.1948944075 -0.7729500475 0
v -0.176918825 -0.79092563 0
v -0.176918825 -0.754974465 0
v -0.176918825 0.754974465 0
v -0.1948944075 0.7729500475 0
v -0.176918825 0.79092563 0
v -0.1948944075 0.79092563 0
v -0.1948944075 0.86282796 0
v -0.1948944075 0.8808035425 0
v -0.176918825 0.86282796 0
v -0.176918825 0.898779125 0
v -0.14096766 -0.898779125 0
v -0.14096766 -0.8808035425 0
v -0.1589432425 -0.8808035425 0
v -0.14096766 -0.86282796 0
v -0.1589432425 -0.86282796 0
v -0.1589432425 -0.79092563 0
v -0.1589432425 -0.7729500475 0
v -0.14096766 -0.79092563 0
v -0.14096766 -0.7729500475 0
v -0.14096766 -0.754974465 0
v -0.14096766 0.754974465 0
v -0.14096766 0.7729500475 0
v -0.1589432425 0.7729500475 0
v -0.14096766 0.79092563 0
v -0.1589432425 0.79092563 0
v -0.1589432425 0.86282796 0
v -0.1589432425 0.8808035425 0
v -0.14096766 0.86282796 0
v -0.14096766 0.8808035425 0
v -0.14096766 0.898779125 0
v -0.105016495 -0.898779125 0
v -0.1229920775 -0.8808035425 0
v -0.105016495 -0.86282796 0
v -0.1229920775 -0.86282796 0
v -0.1229920775 -0.79092563 0
v -0.1229920775 -0.7729500475 0
v -0.105016495 -0.79092563 0
v -0.105016495 -0.754974465 0
v -0.105016495 0.754974465 0
v -0.1229920775 0.7729500475 0
v -0.105016495 0.79092563 0
v -0.1229920775 0.79092563 0
v -0.1229920775 0.86282796 0
v -0.1229920775 0.8808035425 0
v -0.105016495 0.86282796 0
v -0.105016495 0.898779125 0
v -0.06906533 -0.898779125 0
v -0.06906533 -0.8808035425 0
v -0.0870409125 -0.8808035425 0
v -0.06906533 -0.86282796 0
v -0.0870409125 -0.86282796 0
v -0.0870409125 -0.79092563 0
v -0.0870409125 -0.7729500475 0
v -0.06906533 -0.79092563 0
v -0.06906533 -0.7729500475 0
v -0.06906533 -0.754974465 0
v -0.06906533 0.754974465 0
v -0.06906533 0.7729500475 0
v -0.0870409125 0.7729500475 0
v -0.06906533 0.79092563 0
v -0.0870409125 0.79092563 0
v -0.0870409125 0.86282796 0
v -0.0870409125 0.8808035425 0
v -0.06906533 0.86282796 0
v -0.06906533 0.8808035425 0
v -0.06906533 0.898779125 0
v -0.033114165 -0.970681455 0
v -0.033114165 -0.93473029 0
v -0.033114165 -0.9167547075 0
v -0.0510897475 -0.9167547075 0
v -0.033114165 -0.898779125 0
v -0.0510897475 -0.898779125 0
v -0.0510897475 -0.79092563 0
v -0.0510897475 -0.7729500475 0
v -0.033114165 -0.79092563 0
v -0.033114165 -0.754974465 0
v -0.033114165 0.754974465 0
v -0.0510897475 0.7729500475 0
v -0.033114165 0.79092563 0
v -0.0510897475 0.79092563 0
v -0.0510897475 0.898779125 0
v -0.0510897475 0.9167547075 0
v -0.033114165 0.898779125 0
v -0.033114165 0.9167547075 0
v -0.033114165 0.93473029 0
v -0.033114165 0.970681455 0
v 0.002837 -0.970681455 0
v 0.002837 -0.9527058725 0
v -0.0151385825 -0.9527058725 0
v 0.002837 -0.93473029 0
v -0.0151385825 -0.93473029 0
v -0.0151385825 -0.9167547075 0
v 0.002837 -0.9167547075 0
v 0.002837 -0.898779125 0
v -0.0151385825 -0.898779125 0
v -0.0151385825 -0.79092563 0
v -0.0151385825 -0.7729500475 0
v 0.002837 -0.79092563 0
v 0.002837 -0.7729500475 0
v 0.002837 -0.754974465 0
v 0.002837 0.754974465 0
v 0.002837 0.7729500475 0
v -0.0151385825 0.7729500475 0
v 0.002837 0.79092563 0
v -0.0151385825 0.79092563 0
v -0.0151385825 0.898779125 0
v -0.0151385825 0.9167547075 0
v 0.002837 0.898779125 0
v 0.002837 0.9167547075 0
v 0.002837 0.93473029 0
v -0.0151385825 0.93473029 0
v -0.0151385825 0.9527058725 0
v 0.002837 0.9527058725 0
v 0.002837 0.970681455 0
v 0.038788165 -0.9886570375 0
v 0.0208125825 -0.9886570375 0
v 0.038788165 -0.970681455 0
v 0.0208125825 -0.970681455 0
v 0.0208125825 -0.9527058725 0
v 0.038788165 -0.9527058725 0
v 0.038788165 -0.93473029 0
v 0.0208125825 -0.93473029 0
v 0.002837 -0.826876795 0
v 0.0208125825 -0.826876795 0
v 0.0208125825 -0.8089012125 0
v 0.002837 -0.8089012125 0
v 0.038788165 -0.826876795 0
v 0.038788165 -0.8089012125 0
v 0.038788165 -0.79092563 0
v 0.0208125825 -0.79092563 0
v 0.0208125825 -0.7729500475 0
v 0.038788165 -0.754974465 0
v 0.038788165 0.754974465 0
v 0.0208125825 0.7729500475 0
v 0.038788165 0.79092563 0
v 0.0208125825 0.79092563 0
v 0.0208125825 0.8089012125 0
v 0.002837 0.8089012125 0
v 0.038788165 0.8089012125 0
v 0.038788165 0.826876795 0
v 0.0208125825 0.826876795 0
v 0.002837 0.826876795 0
v 0.0208125825 0.93473029 0
v 0.0208125825 0.9527058725 0
v 0.038788165 0.93473029 0
v 0.038788165 0.9527058725 0
v 0.038788165 0.970681455 0
v 0.0208125825 0.970681455 0
v 0.0208125825 0.9886570375 0
v 0.038788165 0.9886570375 0
v 0.0567637475 -0.9886570375 0
v 0.07473933 -0.970681455 0
v 0.0567637475 -0.970681455 0
v 0.0567637475 -0.826876795 0
v 0.0567637475 -0.8089012125 0
v 0.07473933 -0.826876795 0
v 0.0567637475 0.8089012125 0
v 0.07473933 0.826876795 0
v 0.0567637475 0.826876795 0
v 0.0567637475 0.970681455 0
v 0.0567637475 0.9886570375 0
v 0.07473933 0.970681455 0
v 0.110690495 -0.9886570375 0
v 0.0927149125 -0.9886570375 0
v 0.110690495 -0.970681455 0
v 0.0927149125 -0.970681455 0
v 0.07473933 -0.86282796 0
v 0.0927149125 -0.86282796 0
v 0.0927149125 -0.8448523775 0
v 0.07473933 -0.8448523775 0
v 0.110690495 -0.86282796 0
v 0.110690495 -0.826876795 0
v 0.110690495 0.826876795 0
v 0.0927149125 0.8448523775 0
v 0.07473933 0.8448523775 0
v 0.110690495 0.86282796 0
v 0.0927149125 0.86282796 0
v 0.07473933 0.86282796 0
v 0.0927149125 0.970681455 0
v 0.0927149125 0.9886570375 0
v 0.110690495 0.970681455 0
v 0.110690495 0.9886570375 0
v 0.1286660775 -0.9886570375 0
v 0.14664166 -0.970681455 0
v 0.1286660775 -0.970681455 0
v 0.1286660775 -0.86282796 0
v 0.1286660775 -0.8448523775 0
v 0.14664166 -0.86282796 0
v 0.14664166 -0.8448523775 0
v 0.14664166 -0.826876795 0
v 0.14664166 0.826876795 0
v 0.14664166 0.8448523775 0
v 0.1286660775 0.8448523775 0
v 0.14664166 0.86282796 0
v 0.1286660775 0.86282796 0
v 0.1286660775 0.970681455 0
v 0.1286660775 0.9886570375 0
v 0.14664166 0.970681455 0
v 0.182592825 -0.970681455 0
v 0.1646172425 -0.9527058725 0
v 0.14664166 -0.9527058725 0
v 0.182592825 -0.93473029 0
v 0.1646172425 -0.93473029 0
v 0.14664166 -0.93473029 0
v 0.1646172425 -0.86282796 0
v 0.1646172425 -0.8448523775 0
v 0.182592825 -0.86282796 0
v 0.182592825 -0.8448523775 0
v 0.182592825 -0.826876795 0
v 0.1646172425 -0.826876795 0
v 0.1646172425 -0.8089012125 0
v 0.182592825 -0.8089012125 0
v 0.182592825 0.8089012125 0
v 0.1646172425 0.8089012125 0
v 0.182592825 0.826876795 0
v 0.1646172425 0.826876795 0
v 0.1646172425 0.8448523775 0
v 0.182592825 0.8448523775 0
v 0.182592825 0.86282796 0
v 0.1646172425 0.86282796 0
v 0.14664166 0.93473029 0
v 0.1646172425 0.93473029 0
v 0.1646172425 0.9527058725 0
v 0.14664166 0.9527058725 0
v 0.182592825 0.93473029 0
v 0.182592825 0.970681455 0
v 0.21854399 -0.970681455 0
v 0.21854399 -0.9527058725 0
v 0.2005684075 -0.9527058725 0
v 0.21854399 -0.93473029 0
v 0.2005684075 -0.93473029 0
v 0.2005684075 -0.826876795 0
v 0.2005684075 -0.8089012125 0
v 0.21854399 -0.826876795 0
v 0.2005684075 0.8089012125 0
v 0.21854399 0.826876795 0
v 0.2005684075 0.826876795 0
v 0.2005684075 0.93473029 0
v 0.2005684075 0.9527058725 0
v 0.21854399 0.93473029 0
v 0.21854399 0.9527058725 0
v 0.21854399 0.970681455 0
v 0.254495155 -0.970681455 0
v 0.2365195725 -0.9527058725 0
v 0.254495155 -0.93473029 0
v 0.2365195725 -0.93473029 0
v 0.2365195725 -0.826876795 0
v 0.2365195725 -0.8089012125 0
v 0.254495155 -0.826876795 0
v 0.254495155 -0.8089012125 0
v 0.254495155 -0.79092563 0
v 0.254495155 -0.754974465 0
v 0.254495155 0.754974465 0
v 0.254495155 0.79092563 0
v 0.254495155 0.8089012125 0
v 0.2365195725 0.8089012125 0
v 0.254495155 0.826876795 0
v 0.2365195725 0.826876795 0
v 0.2365195725 0.93473029 0
v 0.2365195725 0.9527058725 0
v 0.254495155 0.93473029 0
v 0.254495155 0.970681455 0
v 0.2724707375 -0.9167547075 0
v 0.254495155 -0.9167547075 0
v 0.29044632 -0.898779125 0
v 0.2724707375 -0.898779125 0
v 0.254495155 -0.898779125 0
v 0.2724707375 -0.79092563 0
v 0.2724707375 -0.7729500475 0
v 0.29044632 -0.79092563 0
v 0.29044632 -0.7729500475 0
v 0.29044632 -0.754974465 0
v 0.29044632 0.754974465 0
v 0.29044632 0.7729500475 0
v 0.2724707375 0.7729500475 0
v 0.29044632 0.79092563 0
v 0.2724707375 0.79092563 0
v 0.254495155 0.898779125 0
v 0.2724707375 0.898779125 0
v 0.2724707375 0.9167547075 0
v 0.254495155 0.9167547075 0
v 0.29044632 0.898779125 0
v 0.326397485 -0.9167547075 0
v 0.3084219025 -0.9167547075 0
v 0.326397485 -0.898779125 0
v 0.3084219025 -0.898779125 0
v 0.3084219025 -0.754974465 0
v 0.3084219025 -0.7369988825 0
v 0.326397485 -0.754974465 0
v 0.326397485 -0.7369988825 0
v 0.326397485 -0.7190233 0
v 0.326397485 -0.683072135 0
v 0.326397485 0.683072135 0
v 0.326397485 0.7190233 0
v 0.326397485 0.7369988825 0
v 0.3084219025 0.7369988825 0
v 0.326397485 0.754974465 0
v 0.3084219025 0.754974465 0
v 0.3084219025 0.898779125 0
v 0.3084219025 0.9167547075 0
v 0.326397485 0.898779125 0
v 0.326397485 0.9167547075 0
v 0.3443730675 -0.9167547075 0
v 0.36234865 -0.898779125 0
v 0.3443730675 -0.898779125 0
v 0.3443730675 -0.8808035425 0
v 0.326397485 -0.8808035425 0
v 0.36234865 -0.8808035425 0
v 0.36234865 -0.86282796 0
v 0.3443730675 -0.86282796 0
v 0.326397485 -0.86282796 0
v 0.3443730675 -0.754974465 0
v 0.3443730675 -0.7369988825 0
v 0.36234865 -0.754974465 0
v 0.36234865 -0.7369988825 0
v 0.36234865 -0.7190233 0
v 0.3443730675 -0.7190233 0
v 0.3443730675 -0.7010477175 0
v 0.36234865 -0.7010477175 0
v 0.36234865 -0.683072135 0
v 0.36234865 0.683072135 0
v 0.36234865 0.7010477175 0
v 0.3443730675 0.7010477175 0
v 0.36234865 0.7190233 0
v 0.3443730675 0.7190233 0
v 0.3443730675 0.7369988825 0
v 0.36234865 0.7369988825 0
v 0.36234865 0.754974465 0
v 0.3443730675 0.754974465 0
v 0.326397485 0.86282796 0
v 0.3443730675 0.86282796 0
v 0.3443730675 0.8808035425 0
v 0.326397485 0.8808035425 0
v 0.36234865 0.86282796 0
v 0.36234865 0.8808035425 0
v 0.36234865 0.898779125 0
v 0.3443730675 0.898779125 0
v 0.3443730675 0.9167547075 0
v 0.398299815 -0.898779125 0
v 0.3803242325 -0.8808035425 0
v 0.398299815 -0.86282796 0
v 0.3803242325 -0.86282796 0
v 0.3803242325 -0.8448523775 0
v 0.36234865 -0.8448523775 0
v 0.398299815 -0.8448523775 0
v 0.398299815 -0.826876795 0
v 0.3803242325 -0.826876795 0
v 0.36234865 -0.826876795 0
v 0.3803242325 -0.7190233 0
v 0.3803242325 -0.7010477175 0
v 0.398299815 -0.7190233 0
v 0.398299815 -0.7010477175 0
v 0.398299815 -0.683072135 0
v 0.3803242325 -0.683072135 0
v 0.3803242325 -0.6650965525 0
v 0.398299815 -0.6650965525 0
v 0.398299815 0.6650965525 0
v 0.3803242325 0.6650965525 0
v 0.398299815 0.683072135 0
v 0.3803242325 0.683072135 0
v 0.3803242325 0.7010477175 0
v 0.398299815 0.7010477175 0
v 0.398299815 0.7190233 0
v 0.3803242325 0.7190233 0
v 0.36234865 0.826876795 0
v 0.3803242325 0.826876795 0
v 0.3803242325 0.8448523775 0
v 0.36234865 0.8448523775 0
v 0.398299815 0.826876795 0
v 0.398299815 0.8448523775 0
v 0.398299815 0.86282796 0
v 0.3803242325 0.86282796 0
v 0.3803242325 0.8808035425 0
v 0.398299815 0.898779125 0
v 0.4162753975 -0.8448523775 0
v 0.43425098 -0.826876795 0
v 0.4162753975 -0.826876795 0
v 0.4162753975 -0.683072135 0
v 0.4162753975 -0.6650965525 0
v 0.43425098 -0.683072135 0
v 0.4162753975 0.6650965525 0
v 0.43425098 0.683072135 0
v 0.4162753975 0.683072135 0
v 0.4162753975 0.826876795 0
v 0.4162753975 0.8448523775 0
v 0.43425098 0.826876795 0
v 0.470202145 -0.826876795 0
v 0.4522265625 -0.8089012125 0
v 0.43425098 -0.8089012125 0
v 0.470202145 -0.79092563 0
v 0.4522265625 -0.79092563 0
v 0.43425098 -0.79092563 0
v 0.4522265625 -0.683072135 0
v 0.4522265625 -0.6650965525 0
v 0.470202145 -0.683072135 0
v 0.470202145 -0.6650965525 0
v 0.470202145 -0.64712097 0
v 0.470202145 -0.611169805 0
v 0.470202145 0.611169805 0
v 0.470202145 0.64712097 0
v 0.470202145 0.6650965525 0
v 0.4522265625 0.6650965525 0
v 0.470202145 0.683072135 0
v 0.4522265625 0.683072135 0
v 0.43425098 0.79092563 0
v 0.4522265625 0.79092563 0
v 0.4522265625 0.8089012125 0
v 0.43425098 0.8089012125 0
v 0.470202145 0.79092563 0
v 0.470202145 0.826876795 0
v 0.4881777275 -0.7729500475 0
v 0.470202145 -0.7729500475 0
v 0.50615331 -0.754974465 0
v 0.4881777275 -0.754974465 0
v 0.470202145 -0.754974465 0
v 0.4881777275 -0.64712097 0
v 0.4881777275 -0.6291453875 0
v 0.50615331 -0.64712097 0
v 0.50615331 -0.6291453875 0
v 0.50615331 -0.611169805 0
v 0.50615331 0.611169805 0
v 0.50615331 0.6291453875 0
v 0.4881777275 0.6291453875 0
v 0.50615331 0.64712097 0
v 0.4881777275 0.64712097 0
v 0.470202145 0.754974465 0
v 0.4881777275 0.754974465 0
v 0.4881777275 0.7729500475 0
v 0.470202145 0.7729500475 0
v 0.50615331 0.754974465 0
v 0.542104475 -0.7729500475 0
v 0.5241288925 -0.7729500475 0
v 0.542104475 -0.754974465 0
v 0.5241288925 -0.754974465 0
v 0.5241288925 -0.64712097 0
v 0.5241288925 -0.6291453875 0
v 0.542104475 -0.64712097 0
v 0.542104475 -0.6291453875 0
v 0.542104475 -0.611169805 0
v 0.5241288925 -0.611169805 0
v 0.5241288925 -0.5931942225 0
v 0.542104475 -0.5931942225 0
v 0.542104475 0.5931942225 0
v 0.5241288925 0.5931942225 0
v 0.542104475 0.611169805 0
v 0.5241288925 0.611169805 0
v 0.5241288925 0.6291453875 0
v 0.542104475 0.6291453875 0
v 0.542104475 0.64712097 0
v 0.5241288925 0.64712097 0
v 0.5241288925 0.754974465 0
v 0.5241288925 0.7729500475 0
v 0.542104475 0.754974465 0
v 0.542104475 0.7729500475 0
v 0.5600800575 -0.7729500475 0
v 0.57805564 -0.754974465 0
v 0.5600800575 -0.754974465 0
v 0.5600800575 -0.7369988825 0
v 0.542104475 -0.7369988825 0
v 0.57805564 -0.7369988825 0
v 0.57805564 -0.7190233 0
v 0.5600800575 -0.7190233 0
v 0.542104475 -0.7190233 0
v 0.5600800575 -0.611169805 0
v 0.5600800575 -0.5931942225 0
v 0.57805564 -0.611169805 0
v 0.5600800575 0.5931942225 0
v 0.57805564 0.611169805 0
v 0.5600800575 0.611169805 0
v 0.542104475 0.7190233 0
v 0.5600800575 0.7190233 0
v 0.5600800575 0.7369988825 0
v 0.542104475 0.7369988825 0
v 0.57805564 0.7190233 0
v 0.57805564 0.7369988825 0
v 0.57805564 0.754974465 0
v 0.5600800575 0.754974465 0
v 0.5600800575 0.7729500475 0
v 0.614006805 -0.754974465 0
v 0.5960312225 -0.7369988825 0
v 0.614006805 -0.7190233 0
v 0.5960312225 -0.7190233 0
v 0.5960312225 -0.611169805 0
v 0.5960312225 -0.5931942225 0
v 0.614006805 -0.611169805 0
v 0.614006805 -0.5931942225 0
v 0.614006805 -0.57521864 0
v 0.614006805 -0.539267475 0
v 0.614006805 0.539267475 0
v 0.614006805 0.57521864 0
v 0.614006805 0.5931942225 0
v 0.5960312225 0.5931942225 0
v 0.614006805 0.611169805 0
v 0.5960312225 0.611169805 0
v 0.5960312225 0.7190233 0
v 0.5960312225 0.7369988825 0
v 0.614006805 0.7190233 0
v 0.614006805 0.754974465 0
v 0.6319823875 -0.7010477175 0
v 0.614006805 -0.7010477175 0
v 0.64995797 -0.683072135 0
v 0.6319823875 -0.683072135 0
v 0.614006805 -0.683072135 0
v 0.6319823875 -0.57521864 0
v 0.6319823875 -0.5572430575 0
v 0.64995797 -0.57521864 0
v 0.64995797 -0.5572430575 0
v 0.64995797 -0.539267475 0
v 0.64995797 0.539267475 0
v 0.64995797 0.5572430575 0
v 0.6319823875 0.5572430575 0
v 0.64995797 0.57521864 0
v 0.6319823875 0.57521864 0
v 0.614006805 0.683072135 0
v 0.6319823875 0.683072135 0
v 0.6319823875 0.7010477175 0
v 0.614006805 0.7010477175 0
v 0.64995797 0.683072135 0
v 0.685909135 -0.7010477175 0
v 0.6679335525 -0.7010477175 0
v 0.685909135 -0.683072135 0
v 0.6679335525 -0.683072135 0
v 0.6679335525 -0.57521864 0
v 0.6679335525 -0.5572430575 0
v 0.685909135 -0.57521864 0
v 0.685909135 -0.5572430575 0
v 0.685909135 -0.539267475 0
v 0.6679335525 -0.539267475 0
v 0.6679335525 -0.5212918925 0
v 0.685909135 -0.5212918925 0
v 0.685909135 -0.50331631 0
v 0.685909135 -0.4853407275 0
v 0.6679335525 -0.4853407275 0
v 0.685909135 -0.467365145 0
v 0.6679335525 -0.467365145 0
v 0.6679335525 -0.4493895625 0
v 0.685909135 -0.4493895625 0
v 0.685909135 -0.43141398 0
v 0.685909135 -0.395462815 0
v 0.685909135 0.395462815 0
v 0.685909135 0.43141398 0
v 0.685909135 0.4493895625 0
v 0.6679335525 0.4493895625 0
v 0.685909135 0.467365145 0
v 0.6679335525 0.467365145 0
v 0.6679335525 0.4853407275 0
v 0.685909135 0.4853407275 0
v 0.685909135 0.50331631 0
v 0.685909135 0.5212918925 0
v 0.6679335525 0.5212918925 0
v 0.685909135 0.539267475 0
v 0.6679335525 0.539267475 0
v 0.6679335525 0.5572430575 0
v 0.685909135 0.5572430575 0
v 0.685909135 0.57521864 0
v 0.6679335525 0.57521864 0
v 0.6679335525 0.683072135 0
v 0.6679335525 0.7010477175 0
v 0.685909135 0.683072135 0
v 0.685909135 0.7010477175 0
v 0.7038847175 -0.7010477175 0
v 0.7218603 -0.683072135 0
v 0.7038847175 -0.683072135 0
v 0.7038847175 -0.6650965525 0
v 0.685909135 -0.6650965525 0
v 0.7218603 -0.6650965525 0
v 0.7218603 -0.64712097 0
v 0.7038847175 -0.64712097 0
v 0.685909135 -0.64712097 0
v 0.7038847175 -0.467365145 0
v 0.7038847175 -0.4493895625 0
v 0.7218603 -0.467365145 0
v 0.7218603 -0.4493895625 0
v 0.7218603 -0.43141398 0
v 0.7038847175 -0.43141398 0
v 0.7038847175 -0.4134383975 0
v 0.7218603 -0.4134383975 0
v 0.7218603 -0.395462815 0
v 0.7218603 0.395462815 0
v 0.7218603 0.4134383975 0
v 0.7038847175 0.4134383975 0
v 0.7218603 0.43141398 0
v 0.7038847175 0.43141398 0
v 0.7038847175 0.4493895625 0
v 0.7218603 0.4493895625 0
v 0.7218603 0.467365145 0
v 0.7038847175 0.467365145 0
v 0.685909135 0.64712097 0
v 0.7038847175 0.64712097 0
v 0.7038847175 0.6650965525 0
v 0.685909135 0.6650965525 0
v 0.7218603 0.64712097 0
v 0.7218603 0.6650965525 0
v 0.7218603 0.683072135 0
v 0.7038847175 0.683072135 0
v 0.7038847175 0.7010477175 0
v 0.757811465 -0.683072135 0
v 0.7398358825 -0.6650965525 0
v 0.757811465 -0.64712097 0
v 0.7398358825 -0.64712097 0
v 0.7398358825 -0.395462815 0
v 0.7398358825 -0.3774872325 0
v 0.757811465 -0.395462815 0
v 0.757811465 -0.3774872325 0
v 0.757811465 -0.35951165 0
v 0.757811465 -0.323560485 0
v 0.757811465 0.323560485 0
v 0.757811465 0.35951165 0
v 0.757811465 0.3774872325 0
v 0.7398358825 0.3774872325 0
v 0.757811465 0.395462815 0
v 0.7398358825 0.395462815 0
v 0.7398358825 0.64712097 0
v 0.7398358825 0.6650965525 0
v 0.757811465 0.64712097 0
v 0.757811465 0.683072135 0
v 0.7757870475 -0.6291453875 0
v 0.757811465 -0.6291453875 0
v 0.7757870475 -0.611169805 0
v 0.757811465 -0.611169805 0
v 0.7757870475 -0.5931942225 0
v 0.757811465 -0.5931942225 0
v 0.757811465 -0.57521864 0
v 0.7757870475 -0.5572430575 0
v 0.757811465 -0.5572430575 0
v 0.79376263 -0.539267475 0
v 0.7757870475 -0.539267475 0
v 0.757811465 -0.539267475 0
v 0.7757870475 -0.35951165 0
v 0.7757870475 -0.3415360675 0
v 0.79376263 -0.35951165 0
v 0.79376263 -0.3415360675 0
v 0.79376263 -0.323560485 0
v 0.79376263 0.323560485 0
v 0.79376263 0.3415360675 0
v 0.7757870475 0.3415360675 0
v 0.79376263 0.35951165 0
v 0.7757870475 0.35951165 0
v 0.757811465 0.539267475 0
v 0.7757870475 0.539267475 0
v 0.7757870475 0.5572430575 0
v 0.757811465 0.5572430575 0
v 0.79376263 0.539267475 0
v 0.757811465 0.57521864 0
v 0.7757870475 0.5931942225 0
v 0.757811465 0.5931942225 0
v 0.7757870475 0.611169805 0
v 0.757811465 0.611169805 0
v 0.7757870475 0.6291453875 0
v 0.757811465 0.6291453875 0
v 0.829713795 -0.539267475 0
v 0.8117382125 -0.5212918925 0
v 0.79376263 -0.5212918925 0
v 0.829713795 -0.50331631 0
v 0.8117382125 -0.50331631 0
v 0.79376263 -0.50331631 0
v 0.8117382125 -0.4853407275 0
v 0.79376263 -0.4853407275 0
v 0.829713795 -0.4853407275 0
v 0.829713795 -0.467365145 0
v 0.8117382125 -0.467365145 0
v 0.79376263 -0.467365145 0
v 0.8117382125 -0.323560485 0
v 0.8117382125 -0.3055849025 0
v 0.829713795 -0.323560485 0
v 0.829713795 -0.3055849025 0
v 0.829713795 -0.28760932 0
v 0.829713795 -0.2696337375 0
v 0.8117382125 -0.2696337375 0
v 0.829713795 -0.251658155 0
v 0.8117382125 -0.251658155 0
v 0.8117382125 -0.2336825725 0
v 0.829713795 -0.2336825725 0
v 0.829713795 -0.21570699 0
v 0.829713795 -0.1977314075 0
v 0.8117382125 -0.1977314075 0
v 0.829713795 -0.179755825 0
v 0.8117382125 -0.179755825 0
v 0.8117382125 -0.1617802425 0
v 0.829713795 -0.1617802425 0
v 0.829713795 -0.14380466 0
v 0.829713795 -0.1258290775 0
v 0.8117382125 -0.1258290775 0
v 0.829713795 -0.107853495 0
v 0.8117382125 -0.107853495 0
v 0.8117382125 -0.0898779125 0
v 0.829713795 -0.0898779125 0
v 0.829713795 -0.07190233 0
v 0.829713795 -0.0539267475 0
v 0.8117382125 -0.0539267475 0
v 0.829713795 -0.035951165 0
v 0.8117382125 -0.035951165 0
v 0.8117382125 -0.0179755825 0
v 0.829713795 -0.0179755825 0
v 0.829713795 0 0
v 0.829713795 0.0179755825 0
v 0.8117382125 0.0179755825 0
v 0.829713795 0.035951165 0
v 0.8117382125 0.035951165 0
v 0.8117382125 0.0539267475 0
v 0.829713795 0.0539267475 0
v 0.829713795 0.07190233 0
v 0.829713795 0.0898779125 0
v 0.8117382125 0.0898779125 0
v 0.829713795 0.107853495 0
v 0.8117382125 0.107853495 0
v 0.8117382125 0.1258290775 0
v 0.829713795 0.1258290775 0
v 0.829713795 0.14380466 0
v 0.829713795 0.1617802425 0
v 0.8117382125 0.1617802425 0
v 0.829713795 0.179755825 0
v 0.8117382125 0.179755825 0
v 0.8117382125 0.1977314075 0
v 0.829713795 0.1977314075 0
v 0.829713795 0.21570699 0
v 0.829713795 0.2336825725 0
v 0.8117382125 0.2336825725 0
v 0.829713795 0.251658155 0
v 0.8117382125 0.251658155 0
v 0.8117382125 0.2696337375 0
v 0.829713795 0.2696337375 0
v 0.829713795 0.28760932 0
v 0.829713795 0.3055849025 0
v 0.8117382125 0.3055849025 0
v 0.829713795 0.323560485 0
v 0.8117382125 0.323560485 0
v 0.79376263 0.467365145 0
v 0.8117382125 0.467365145 0
v 0.8117382125 0.4853407275 0
v 0.79376263 0.4853407275 0
v 0.829713795 0.467365145 0
v 0.829713795 0.4853407275 0
v 0.829713795 0.50331631 0
v 0.8117382125 0.50331631 0
v 0.79376263 0.50331631 0
v 0.8117382125 0.5212918925 0
v 0.79376263 0.5212918925 0
v 0.829713795 0.539267475 0
v 0.8476893775 -0.4853407275 0
v 0.86566496 -0.467365145 0
v 0.8476893775 -0.467365145 0
v 0.8476893775 -0.4493895625 0
v 0.829713795 -0.4493895625 0
v 0.86566496 -0.4493895625 0
v 0.86566496 -0.43141398 0
v 0.8476893775 -0.43141398 0
v 0.829713795 -0.43141398 0
v 0.8476893775 -0.035951165 0
v 0.8476893775 -0.0179755825 0
v 0.86566496 -0.035951165 0
v 0.86566496 -0.0179755825 0
v 0.86566496 0 0
v 0.8476893775 0 0
v 0.8476893775 0.0179755825 0
v 0.86566496 0.0179755825 0
v 0.86566496 0.035951165 0
v 0.8476893775 0.035951165 0
v 0.829713795 0.43141398 0
v 0.8476893775 0.43141398 0
v 0.8476893775 0.4493895625 0
v 0.829713795 0.4493895625 0
v 0.86566496 0.43141398 0
v 0.86566496 0.4493895625 0
v 0.86566496 0.467365145 0
v 0.8476893775 0.467365145 0
v 0.8476893775 0.4853407275 0
v 0.901616125 -0.467365145 0
v 0.8836405425 -0.4493895625 0
v 0.901616125 -0.43141398 0
v 0.8836405425 -0.43141398 0
v 0.8836405425 -0.4134383975 0
v 0.86566496 -0.4134383975 0
v 0.901616125 -0.4134383975 0
v 0.901616125 -0.395462815 0
v 0.8836405425 -0.395462815 0
v 0.86566496 -0.395462815 0
v 0.86566496 0.395462815 0
v 0.8836405425 0.395462815 0
v 0.8836405425 0.4134383975 0
v 0.86566496 0.4134383975 0
v 0.901616125 0.395462815 0
v 0.901616125 0.4134383975 0
v 0.901616125 0.43141398 0
v 0.8836405425 0.43141398 0
v 0.8836405425 0.4493895625 0
v 0.901616125 0.467365145 0
v 0.9195917075 -0.4134383975 0
v 0.93756729 -0.395462815 0
v 0.9195917075 -0.395462815 0
v 0.9195917075 -0.3774872325 0
v 0.901616125 -0.3774872325 0
v 0.93756729 -0.3774872325 0
v 0.93756729 -0.35951165 0
v 0.9195917075 -0.35951165 0
v 0.901616125 -0.35951165 0
v 0.901616125 -0.21570699 0
v 0.9195917075 -0.21570699 0
v 0.9195917075 -0.1977314075 0
v 0.901616125 -0.1977314075 0
v 0.93756729 -0.21570699 0
v 0.93756729 -0.1977314075 0
v 0.93756729 -0.179755825 0
v 0.9195917075 -0.179755825 0
v 0.901616125 -0.179755825 0
v 0.9195917075 -0.1617802425 0
v 0.901616125 -0.1617802425 0
v 0.93756729 -0.14380466 0
v 0.901616125 -0.14380466 0
v 0.9195917075 -0.1258290775 0
v 0.901616125 -0.1258290775 0
v 0.93756729 -0.107853495 0
v 0.9195917075 -0.107853495 0
v 0.901616125 -0.107853495 0
v 0.901616125 0.107853495 0
v 0.9195917075 0.107853495 0
v 0.9195917075 0.1258290775 0
v 0.901616125 0.1258290775 0
v 0.93756729 0.107853495 0
v 0.93756729 0.14380466 0
v 0.901616125 0.14380466 0
v 0.9195917075 0.1617802425 0
v 0.901616125 0.1617802425 0
v 0.93756729 0.179755825 0
v 0.9195917075 0.179755825 0
v 0.901616125 0.179755825 0
v 0.9195917075 0.1977314075 0
v 0.901616125 0.1977314075 0
v 0.93756729 0.1977314075 0
v 0.93756729 0.21570699 0
v 0.9195917075 0.21570699 0
v 0.901616125 0.21570699 0
v 0.901616125 0.35951165 0
v 0.9195917075 0.35951165 0
v 0.9195917075 0.3774872325 0
v 0.901616125 0.3774872325 0
v 0.93756729 0.35951165 0
v 0.93756729 0.3774872325 0
v 0.93756729 0.395462815 0
v 0.9195917075 0.395462815 0
v 0.9195917075 0.4134383975 0
v 0.973518455 -0.395462815 0
v 0.9555428725 -0.3774872325 0
v 0.973518455 -0.35951165 0
v 0.9555428725 -0.35951165 0
v 0.9555428725 -0.3415360675 0
v 0.93756729 -0.3415360675 0
v 0.973518455 -0.323560485 0
v 0.93756729 -0.323560485 0
v 0.9555428725 -0.3055849025 0
v 0.93756729 -0.3055849025 0
v 0.973518455 -0.28760932 0
v 0.9555428725 -0.28760932 0
v 0.93756729 -0.28760932 0
v 0.9555428725 -0.2696337375 0
v 0.93756729 -0.2696337375 0
v 0.973518455 -0.251658155 0
v 0.93756729 -0.251658155 0
v 0.9555428725 -0.2336825725 0
v 0.93756729 -0.2336825725 0
v 0.973518455 -0.21570699 0
v 0.9555428725 -0.21570699 0
v 0.9555428725 -0.1977314075 0
v 0.973518455 -0.179755825 0
v 0.973518455 -0.14380466 0
v 0.973518455 -0.107853495 0
v 0.9555428725 -0.0898779125 0
v 0.93756729 -0.0898779125 0
v 0.973518455 -0.07190233 0
v 0.9555428725 -0.07190233 0
v 0.93756729 -0.07190233 0
v 0.9555428725 -0.0539267475 0
v 0.93756729 -0.0539267475 0
v 0.973518455 -0.035951165 0
v 0.93756729 -0.035951165 0
v 0.9555428725 -0.0179755825 0
v 0.93756729 -0.0179755825 0
v 0.973518455 0 0
v 0.9555428725 0 0
v 0.93756729 -0 0
v 0.9555428725 0.0179755825 0
v 0.93756729 0.0179755825 0
v 0.973518455 0.035951165 0
v 0.93756729 0.035951165 0
v 0.9555428725 0.0539267475 0
v 0.93756729 0.0539267475 0
v 0.973518455 0.07190233 0
v 0.9555428725 0.07190233 0
v 0.93756729 0.07190233 0
v 0.9555428725 0.0898779125 0
v 0.93756729 0.0898779125 0
v 0.973518455 0.107853495 0
v 0.973518455 0.14380466 0
v 0.973518455 0.179755825 0
v 0.9555428725 0.1977314075 0
v 0.973518455 0.21570699 0
v 0.9555428725 0.21570699 0
v 0.9555428725 0.2336825725 0
v 0.93756729 0.2336825725 0
v 0.973518455 0.251658155 0
v 0.93756729 0.251658155 0
v 0.9555428725 0.2696337375 0
v 0.93756729 0.2696337375 0
v 0.973518455 0.28760932 0
v 0.9555428725 0.28760932 0
v 0.93756729 0.28760932 0
v 0.9555428725 0.3055849025 0
v 0.93756729 0.3055849025 0
v 0.973518455 0.323560485 0
v 0.93756729 0.323560485 0
v 0.9555428725 0.3415360675 0
v 0.93756729 0.3415360675 0
v 0.973518455 0.35951165 0
v 0.9555428725 0.35951165 0
v 0.9555428725 0.3774872325 0
v 0.973518455 0.395462815 0
v -0.9139177075 -0.0539267475 0
v -0.9139177075 -0.035951165 0
v -0.9139177075 -0.0179755825 0
v -0.9139177075 0 0
v -0.9139177075 0.0179755825 0
v -0.9139177075 0.035951165 0
v -0.9139177075 0.0539267475 0
v -0.895942125 -0.0539267475 0
v -0.895942125 -0.04493895625 0
v -0.90492991625 -0.04493895625 0
v -0.895942125 -0.035951165 0
v -0.90492991625 -0.035951165 0
v -0.90492991625 -0.02696337375 0
v -0.895942125 -0.02696337375 0
v -0.895942125 -0.0179755825 0
v -0.89655384082 -0.00637645317086 0
v -0.905606333651 -0.00874272547341 0
v -0.898647794605 0.000980263106357 0
v -0.906282751053 0.000490131553179 0
v -0.905606333651 0.00923285702659 0
v -0.896623286434 0.00733371447423 0
v -0.895942125 0.0179755825 0
v -0.895942125 0.02696337375 0
v -0.90492991625 0.02696337375 0
v -0.895942125 0.035951165 0
v -0.90492991625 0.035951165 0
v -0.90492991625 0.04493895625 0
v -0.895942125 0.04493895625 0
v -0.895942125 0.0539267475 0
v -0.8779665425 -0.3055849025 0
v -0.8779665425 -0.28760932 0
v -0.8779665425 -0.2696337375 0
v -0.8779665425 -0.251658155 0
v -0.8779665425 -0.2336825725 0
v -0.8779665425 -0.21570699 0
v -0.8779665425 -0.1977314075 0
v -0.8779665425 -0.179755825 0
v -0.8779665425 -0.1617802425 0
v -0.8779665425 -0.14380466 0
v -0.8779665425 -0.1258290775 0
v -0.8779665425 -0.107853495 0
v -0.8779665425 -0.09886570375 0
v -0.88695433375 -0.09886570375 0
v -0.8779665425 -0.0898779125 0
v -0.88695433375 -0.0898779125 0
v -0.88695433375 -0.08089012125 0
v -0.8779665425 -0.08089012125 0
v -0.8779665425 -0.07190233 0
v -0.878674406527 -0.0631709976275 0
v -0.887308265763 -0.0630427681888 0
v -0.879382270554 -0.0544396652551 0
v -0.887662197777 -0.0541832063775 0
v -0.878035571768 -0.0449639655285 0
v -0.877362222375 -0.0402261156652 0
v -0.878717261322 -0.0386848074723 0
v -0.879731455493 -0.0402830783076 0
v -0.876688872982 -0.0354882658019 0
v -0.8790581061 -0.0355452284443 0
v -0.881427339217 -0.0356021910867 0
v -0.888684732109 -0.0357766780434 0
v -0.887486632114 -0.045164742578 0
v -0.878708921161 -0.0497018153918 0
v -0.880974051937 -0.0267604054721 0
v -0.884620396133 -0.0267888867934 0
v -0.877327707741 -0.0267319241509 0
v -0.8779665425 -0.0179755825 0
v -0.882889997774 -0.0179755825 0
v -0.887813453048 -0.0179755825 0
v -0.891877789024 -0.0179755825 0
v -0.890281260566 -0.0268761302717 0
v -0.884518134512 -0.0094371808125 0
v -0.891069726524 -0.00898779125 0
v -0.8779665425 -0.009886570375 0
v -0.8779665425 -0.00179755825 0
v -0.88614627125 -0.000898779125 0
v -0.894326 0 0
v -0.8779665425 -0.000898779125 0
v -0.886077223741 -0.000258808334105 0
v -0.8779665425 0 0
v -0.886008176232 0.000381162456791 0
v -0.894049809963 0.000762324913582 0
v -0.894187904982 0.000381162456791 0
v -0.896348802284 0.00087129400997 0
v -0.896384028923 0.000443764711495 0
v -0.898580152865 0.000506366966198 0
v -0.898512511125 3.24708260396e-05 0
v -0.896419255562 1.62354130198e-05 0
v -0.897227318062 -0.00897155583698 0
v -0.894148522293 -0.00897967354349 0
v -0.884449087003 0.0091783724784 0
v -0.890931631506 0.00936895370679 0
v -0.879935857464 0.00790586100889 0
v -0.8779665425 0.0179755825 0
v -0.882889997774 0.0179755825 0
v -0.887813453048 0.0179755825 0
v -0.891877789024 0.0179755825 0
v -0.894113295654 0.00942343825498 0
v -0.880974051937 0.0267604054721 0
v -0.884620396133 0.0267888867934 0
v -0.877327707741 0.0267319241509 0
v -0.876688872982 0.0354882658019 0
v -0.8790581061 0.0355452284443 0
v -0.881427339217 0.0356021910867 0
v -0.888684732109 0.0357766780434 0
v -0.890281260566 0.0268761302717 0
v -0.878717261323 0.0386848074724 0
v -0.879731455493 0.0402830783076 0
v -0.877362222375 0.0402261156652 0
v -0.878035571768 0.0449639655285 0
v -0.878708921161 0.0497018153918 0
v -0.887486632114 0.045164742578 0
v -0.879382270554 0.0544396652551 0
v -0.887662197777 0.0541832063775 0
v -0.887308265763 0.0630427681888 0
v -0.878674406527 0.0631709976275 0
v -0.8779665425 0.07190233 0
v -0.8779665425 0.08089012125 0
v -0.88695433375 0.08089012125 0
v -0.8779665425 0.0898779125 0
v -0.88695433375 0.0898779125 0
v -0.88695433375 0.09886570375 0
v -0.8779665425 0.09886570375 0
v -0.8779665425 0.107853495 0
v -0.8779665425 0.1258290775 0
v -0.8779665425 0.14380466 0
v -0.8779665425 0.1617802425 0
v -0.8779665425 0.179755825 0
v -0.8779665425 0.1977314075 0
v -0.8779665425 0.21570699 0
v -0.8779665425 0.2336825725 0
v -0.8779665425 0.251658155 0
v -0.8779665425 0.2696337375 0
v -0.8779665425 0.28760932 0
v -0.8779665425 0.3055849025 0
v -0.85999096 -0.3055849025 0
v -0.85999096 -0.29659711125 0
v -0.86897875125 -0.29659711125 0
v -0.85999096 -0.28760932 0
v -0.86897875125 -0.28760932 0
v -0.86897875125 -0.27862152875 0
v -0.85999096 -0.27862152875 0
v -0.85999096 -0.2696337375 0
v -0.85999096 -0.26064594625 0
v -0.86897875125 -0.26064594625 0
v -0.85999096 -0.251658155 0
v -0.86897875125 -0.251658155 0
v -0.86897875125 -0.24267036375 0
v -0.85999096 -0.24267036375 0
v -0.85999096 -0.2336825725 0
v -0.85999096 -0.22469478125 0
v -0.86897875125 -0.22469478125 0
v -0.85999096 -0.21570699 0
v -0.86897875125 -0.21570699 0
v -0.86897875125 -0.20671919875 0
v -0.85999096 -0.20671919875 0
v -0.85999096 -0.1977314075 0
v -0.85999096 -0.18874361625 0
v -0.86897875125 -0.18874361625 0
v -0.85999096 -0.179755825 0
v -0.86897875125 -0.179755825 0
v -0.86897875125 -0.17076803375 0
v -0.85999096 -0.17076803375 0
v -0.85999096 -0.1617802425 0
v -0.85999096 -0.15279245125 0
v -0.86897875125 -0.15279245125 0
v -0.85999096 -0.14380466 0
v -0.86897875125 -0.14380466 0
v -0.86897875125 -0.13481686875 0
v -0.857744336668 -0.134855053488 0
v -0.85999096 -0.1258290775 0
v -0.860008418222 -0.116847611358 0
v -0.868987480361 -0.116844448804 0
v -0.860025876445 -0.107866145215 0
v -0.868996209472 -0.107859820108 0
v -0.858679177659 -0.0983904454885 0
v -0.858005828266 -0.0936525956252 0
v -0.859348129318 -0.0921464458865 0
v -0.860355954541 -0.0937622959489 0
v -0.857332478873 -0.0889147457619 0
v -0.859682605148 -0.0890244460855 0
v -0.862032731423 -0.0891341464092 0
v -0.869999636961 -0.0895060294546 0
v -0.868817554427 -0.0988326478505 0
v -0.859352527052 -0.103128295352 0
v -0.861907995622 -0.0804633880428 0
v -0.865154271808 -0.0805182382046 0
v -0.858661719436 -0.0804085378809 0
v -0.85999096 -0.07190233 0
v -0.864133386096 -0.07190233 0
v -0.868275812192 -0.07190233 0
v -0.873121177346 -0.07190233 0
v -0.871560407154 -0.0807041797273 0
v -0.865726407907 -0.0630114610861 0
v -0.871461855815 -0.0631083834221 0
v -0.85999096 -0.06291453875 0
v -0.85999096 -0.0539267475 0
v -0.867319429719 -0.0541205921721 0
v -0.874647899437 -0.0543144368442 0
v -0.877015084995 -0.0543770510496 0
v -0.875068131171 -0.0631396905248 0
v -0.868515807051 -0.0447391534423 0
v -0.876341735602 -0.0496392011863 0
v -0.85999096 -0.04493895625 0
v -0.85999096 -0.035951165 0
v -0.868339916491 -0.0357197154009 0
v -0.877355247253 -0.0512393558759 0
v -0.86865933387 -0.0268476489505 0
v -0.85999096 -0.02696337375 0
v -0.85999096 -0.0179755825 0
v -0.86897875125 -0.0179755825 0
v -0.86897875125 -0.00898779125 0
v -0.879935857464 -0.00790586100889 0
v -0.85999096 0 0
v -0.86897875125 0.00898779125 0
v -0.85999096 0.0179755825 0
v -0.86897875125 0.0179755825 0
v -0.86865933387 0.0268476489505 0
v -0.85999096 0.02696337375 0
v -0.85999096 0.035951165 0
v -0.868339916491 0.0357197154009 0
v -0.874647899437 0.0543144368442 0
v -0.877015084995 0.0543770510496 0
v -0.877355247253 0.0512393558759 0
v -0.876341735602 0.0496392011863 0
v -0.868515807051 0.0447391534423 0
v -0.85999096 0.04493895625 0
v -0.85999096 0.0539267475 0
v -0.867319429719 0.0541205921721 0
v -0.865726407907 0.0630114610861 0
v -0.871461855815 0.0631083834221 0
v -0.85999096 0.06291453875 0
v -0.85999096 0.07190233 0
v -0.864133386096 0.07190233 0
v -0.868275812192 0.07190233 0
v -0.873121177346 0.07190233 0
v -0.875068131171 0.0631396905248 0
v -0.861907995622 0.0804633880428 0
v -0.865154271808 0.0805182382046 0
v -0.858661719436 0.0804085378809 0
v -0.857332478873 0.0889147457619 0
v -0.859682605148 0.0890244460855 0
v -0.862032731423 0.0891341464092 0
v -0.869999636961 0.0895060294546 0
v -0.871560407154 0.0807041797273 0
v -0.859348129318 0.0921464458865 0
v -0.860355954541 0.0937622959489 0
v -0.858005828266 0.0936525956252 0
v -0.858679177659 0.0983904454885 0
v -0.859352527052 0.103128295352 0
v -0.868817554427 0.0988326478505 0
v -0.860025876445 0.107866145215 0
v -0.868996209472 0.107859820108 0
v -0.868987480361 0.116844448804 0
v -0.860008418222 0.116847611358 0
v -0.85999096 0.1258290775 0
v -0.857744336668 0.134855053488 0
v -0.86897875125 0.13481686875 0
v -0.85999096 0.14380466 0
v -0.86897875125 0.14380466 0
v -0.86897875125 0.15279245125 0
v -0.85999096 0.15279245125 0
v -0.85999096 0.1617802425 0
v -0.85999096 0.17076803375 0
v -0.86897875125 0.17076803375 0
v -0.85999096 0.179755825 0
v -0.86897875125 0.179755825 0
v -0.86897875125 0.18874361625 0
v -0.85999096 0.18874361625 0
v -0.85999096 0.1977314075 0
v -0.85999096 0.20671919875 0
v -0.86897875125 0.20671919875 0
v -0.85999096 0.21570699 0
v -0.86897875125 0.21570699 0
v -0.86897875125 0.22469478125 0
v -0.85999096 0.22469478125 0
v -0.85999096 0.2336825725 0
v -0.85999096 0.24267036375 0
v -0.86897875125 0.24267036375 0
v -0.85999096 0.251658155 0
v -0.86897875125 0.251658155 0
v -0.86897875125 0.26064594625 0
v -0.85999096 0.26064594625 0
v -0.85999096 0.2696337375 0
v -0.85999096 0.27862152875 0
v -0.86897875125 0.27862152875 0
v -0.85999096 0.28760932 0
v -0.86897875125 0.28760932 0
v -0.86897875125 0.29659711125 0
v -0.85999096 0.29659711125 0
v -0.85999096 0.3055849025 0
v -0.8420153775 -0.4134383975 0
v -0.8420153775 -0.395462815 0
v -0.8420153775 -0.3774872325 0
v -0.8420153775 -0.35951165 0
v -0.8420153775 -0.35052385875 0
v -0.85100316875 -0.35052385875 0
v -0.8420153775 -0.3415360675 0
v -0.85100316875 -0.3415360675 0
v -0.85100316875 -0.33254827625 0
v -0.8420153775 -0.33254827625 0
v -0.8420153775 -0.323560485 0
v -0.842219134829 -0.314661307547 0
v -0.851105047415 -0.314617000648 0
v -0.842422892159 -0.305762130093 0
v -0.851206926079 -0.305673516297 0
v -0.854720539648 -0.305638070778 0
v -0.848571715903 -0.305700100436 0
v -0.844923107338 -0.301417363747 0
v -0.848344269824 -0.300589035389 0
v -0.841501944852 -0.302245692105 0
v -0.840580997545 -0.298729254117 0
v -0.841274498773 -0.297134627058 0
v -0.841968 -0.29554 0
v -0.84030729324 -0.297684173461 0
v -0.840860862164 -0.296969448975 0
v -0.840033588935 -0.296639092804 0
v -0.841000794468 -0.296089546402 0
v -0.838838937323 -0.292077574159 0
v -0.840446169641 -0.291807490458 0
v -0.837644285712 -0.287516055515 0
v -0.839891544814 -0.287525434515 0
v -0.842138803917 -0.287534813515 0
v -0.842053401958 -0.291537406758 0
v -0.851064881958 -0.287572066758 0
v -0.852168422655 -0.295215524733 0
v -0.857355749824 -0.305611486639 0
v -0.840083234149 -0.278541396534 0
v -0.842330500433 -0.278550438947 0
v -0.837835967865 -0.278532354121 0
v -0.838027650018 -0.269548652727 0
v -0.840274923484 -0.269557358553 0
v -0.84252219695 -0.269566064379 0
v -0.851256578475 -0.26959990094 0
v -0.851160730217 -0.278585983849 0
v -0.840466613075 -0.260573308609 0
v -0.842713893977 -0.260581665884 0
v -0.838219332172 -0.260564951334 0
v -0.838411014325 -0.25158124994 0
v -0.840658302665 -0.251589258665 0
v -0.842905591005 -0.251597267389 0
v -0.851448275502 -0.251627711195 0
v -0.851352426989 -0.260613806067 0
v -0.840849992524 -0.242605196108 0
v -0.84309728857 -0.242612843669 0
v -0.838602696479 -0.242597548546 0
v -0.838794378632 -0.233613847153 0
v -0.841041682384 -0.233621133551 0
v -0.843288986136 -0.233628419949 0
v -0.851639973068 -0.233655496224 0
v -0.851544124285 -0.24264160371 0
v -0.841233372527 -0.224637057684 0
v -0.843480684269 -0.224643969609 0
v -0.838986060786 -0.224630145759 0
v -0.839177742939 -0.215646444365 0
v -0.841425062671 -0.215652981817 0
v -0.843672382402 -0.215659519268 0
v -0.851831671201 -0.215683254634 0
v -0.851735822134 -0.224669375429 0
v -0.841616753114 -0.20666889189 0
v -0.843864081136 -0.206675040809 0
v -0.839369425092 -0.206662742972 0
v -0.839561107246 -0.197679041578 0
v -0.841808443558 -0.197684801964 0
v -0.844055779869 -0.19769056235 0
v -0.852023369935 -0.197710984925 0
v -0.851927520568 -0.20669711978 0
v -0.842000134318 -0.188700697171 0
v -0.844247479237 -0.188706054158 0
v -0.839752789399 -0.188695340184 0
v -0.839944471553 -0.179711638791 0
v -0.842191825079 -0.179716592378 0
v -0.844439178605 -0.179721545965 0
v -0.852215069302 -0.179738685483 0
v -0.852119219619 -0.188724835204 0
v -0.842383516175 -0.170732471849 0
v -0.844630878644 -0.1707370063 0
v -0.840136153706 -0.170727937397 0
v -0.84032783586 -0.161744236003 0
v -0.842575207272 -0.161748351319 0
v -0.844822578684 -0.161752466635 0
v -0.852406769342 -0.161766354568 0
v -0.852310919322 -0.170752520025 0
v -0.842766898724 -0.152764214114 0
v -0.845014279434 -0.152767893619 0
v -0.840519518013 -0.15276053461 0
v -0.840711200166 -0.143776833216 0
v -0.842958590176 -0.14378007691 0
v -0.845205980185 -0.143783320603 0
v -0.852598470093 -0.143793990302 0
v -0.852502619717 -0.152780172435 0
v -0.843168117296 -0.139357027294 0
v -0.845298990093 -0.139424160302 0
v -0.8410372445 -0.139289894287 0
v -0.841363288833 -0.134802955358 0
v -0.843377644417 -0.134933977679 0
v -0.845392 -0.135065 0
v -0.841689333167 -0.130316016429 0
v -0.844377209418 -0.130381527589 0
v -0.8420153775 -0.1258290775 0
v -0.845376774418 -0.1258290775 0
v -0.848738171337 -0.1258290775 0
v -0.847065085668 -0.13044703875 0
v -0.854364565668 -0.1258290775 0
v -0.853528022834 -0.131283785062 0
v -0.85999096 -0.132120531375 0
v -0.85999096 -0.13841198525 0
v -0.85269148 -0.136738492625 0
v -0.85999096 -0.141108322625 0
v -0.852644975046 -0.140266241463 0
v -0.847004069365 -0.116843609719 0
v -0.851992761229 -0.116845933187 0
v -0.8420153775 -0.11684128625 0
v -0.8420153775 -0.107853495 0
v -0.848631364311 -0.107858141937 0
v -0.855247351122 -0.107862788874 0
v -0.857636613783 -0.107864467045 0
v -0.856000589726 -0.116846772272 0
v -0.84984639542 -0.0984047359136 0
v -0.85696326439 -0.103126617181 0
v -0.8420153775 -0.09886570375 0
v -0.8420153775 -0.0898779125 0
v -0.849673928186 -0.0893963291309 0
v -0.857984135075 -0.104706459859 0
v -0.850338548468 -0.0806493295655 0
v -0.8420153775 -0.08089012125 0
v -0.8420153775 -0.07190233 0
v -0.85100316875 -0.07190233 0
v -0.85100316875 -0.06291453875 0
v -0.8420153775 -0.0539267475 0
v -0.85100316875 -0.04493895625 0
v -0.8420153775 -0.035951165 0
v -0.85100316875 -0.035951165 0
v -0.85100316875 -0.02696337375 0
v -0.8420153775 -0.0179755825 0
v -0.8420153775 0 0
v -0.8420153775 0.0179755825 0
v -0.85100316875 0.02696337375 0
v -0.8420153775 0.035951165 0
v -0.85100316875 0.035951165 0
v -0.85100316875 0.04493895625 0
v -0.8420153775 0.0539267475 0
v -0.85100316875 0.06291453875 0
v -0.8420153775 0.07190233 0
v -0.85100316875 0.07190233 0
v -0.850338548468 0.0806493295655 0
v -0.8420153775 0.08089012125 0
v -0.8420153775 0.0898779125 0
v -0.849673928186 0.0893963291309 0
v -0.855247351122 0.107862788874 0
v -0.857636613783 0.107864467045 0
v -0.857984135075 0.104706459859 0
v -0.85696326439 0.103126617181 0
v -0.84984639542 0.0984047359136 0
v -0.8420153775 0.09886570375 0
v -0.8420153775 0.107853495 0
v -0.848631364311 0.107858141937 0
v -0.847004069365 0.116843609719 0
v -0.851992761229 0.116845933187 0
v -0.8420153775 0.11684128625 0
v -0.8420153775 0.1258290775 0
v -0.845376774418 0.1258290775 0
v -0.848738171337 0.1258290775 0
v -0.854364565668 0.1258290775 0
v -0.856000589726 0.116846772272 0
v -0.844393511634 0.130157180643 0
v -0.847065085668 0.13044703875 0
v -0.8417219376 0.129867322536 0
v -0.8414284977 0.133905567572 0
v -0.84341024885 0.134485283786 0
v -0.845392 0.135065 0
v -0.841069848933 0.138841200394 0
v -0.843184419513 0.139132680348 0
v -0.840711200166 0.143776833216 0
v -0.842958590176 0.14378007691 0
v -0.845205980185 0.143783320603 0
v -0.845298990093 0.139424160302 0
v -0.852598470093 0.143793990302 0
v -0.852644975046 0.140266241463 0
v -0.85999096 0.141108322625 0
v -0.85999096 0.13841198525 0
v -0.85269148 0.136738492625 0
v -0.85999096 0.132120531375 0
v -0.853528022834 0.131283785062 0
v -0.842766898724 0.152764214114 0
v -0.845014279434 0.152767893619 0
v -0.840519518013 0.15276053461 0
v -0.84032783586 0.161744236003 0
v -0.842575207272 0.161748351319 0
v -0.844822578684 0.161752466635 0
v -0.852406769342 0.161766354568 0
v -0.852502619717 0.152780172435 0
v -0.842383516175 0.170732471849 0
v -0.844630878644 0.1707370063 0
v -0.840136153706 0.170727937397 0
v -0.839944471553 0.179711638791 0
v -0.842191825079 0.179716592378 0
v -0.844439178605 0.179721545965 0
v -0.852215069302 0.179738685483 0
v -0.852310919322 0.170752520025 0
v -0.842000134318 0.188700697171 0
v -0.844247479237 0.188706054158 0
v -0.839752789399 0.188695340184 0
v -0.839561107246 0.197679041578 0
v -0.841808443558 0.197684801964 0
v -0.844055779869 0.19769056235 0
v -0.852023369935 0.197710984925 0
v -0.852119219619 0.188724835204 0
v -0.841616753114 0.20666889189 0
v -0.843864081136 0.206675040809 0
v -0.839369425092 0.206662742972 0
v -0.839177742939 0.215646444365 0
v -0.841425062671 0.215652981817 0
v -0.843672382402 0.215659519268 0
v -0.851831671201 0.215683254634 0
v -0.851927520568 0.20669711978 0
v -0.841233372527 0.224637057684 0
v -0.843480684269 0.224643969609 0
v -0.838986060786 0.224630145759 0
v -0.838794378632 0.233613847153 0
v -0.841041682384 0.233621133551 0
v -0.843288986136 0.233628419949 0
v -0.851639973068 0.233655496224 0
v -0.851735822134 0.224669375429 0
v -0.840849992524 0.242605196108 0
v -0.84309728857 0.242612843669 0
v -0.838602696479 0.242597548546 0
v -0.838411014325 0.25158124994 0
v -0.840658302665 0.251589258665 0
v -0.842905591005 0.251597267389 0
v -0.851448275502 0.251627711195 0
v -0.851544124285 0.24264160371 0
v -0.840466613075 0.260573308609 0
v -0.842713893977 0.260581665884 0
v -0.838219332172 0.260564951334 0
v -0.838027650018 0.269548652727 0
v -0.840274923484 0.269557358553 0
v -0.84252219695 0.269566064379 0
v -0.851256578475 0.26959990094 0
v -0.851352426989 0.260613806067 0
v -0.840083234149 0.278541396534 0
v -0.842330500433 0.278550438947 0
v -0.837835967865 0.278532354121 0
v -0.837644285712 0.287516055515 0
v -0.839891544814 0.287525434515 0
v -0.842138803917 0.287534813515 0
v -0.851064881958 0.287572066758 0
v -0.851160730217 0.278585983849 0
v -0.84038643706 0.291579414526 0
v -0.842053401958 0.291537406758 0
v -0.838719472162 0.291621422295 0
v -0.839794658613 0.295726789075 0
v -0.840881329306 0.295633394538 0
v -0.841968 0.29554 0
v -0.840187828079 0.297228021596 0
v -0.840781218701 0.296665347724 0
v -0.840580997545 0.298729254117 0
v -0.841274498773 0.297134627058 0
v -0.841501944852 0.302245692105 0
v -0.843825103098 0.301428440472 0
v -0.842422892159 0.305762130093 0
v -0.846375707423 0.305722253885 0
v -0.850328522687 0.305682377676 0
v -0.846148261344 0.300611188838 0
v -0.855159741344 0.305633640088 0
v -0.851917309943 0.295776966347 0
v -0.851206926079 0.305673516297 0
v -0.851105047415 0.314617000648 0
v -0.842219134829 0.314661307547 0
v -0.8420153775 0.323560485 0
v -0.8420153775 0.33254827625 0
v -0.85100316875 0.33254827625 0
v -0.8420153775 0.3415360675 0
v -0.85100316875 0.3415360675 0
v -0.85100316875 0.35052385875 0
v -0.8420153775 0.35052385875 0
v -0.8420153775 0.35951165 0
v -0.8420153775 0.3774872325 0
v -0.8420153775 0.395462815 0
v -0.8420153775 0.4134383975 0
v -0.824039795 -0.4134383975 0
v -0.824039795 -0.40445060625 0
v -0.83302758625 -0.40445060625 0
v -0.824039795 -0.395462815 0
v -0.83302758625 -0.395462815 0
v -0.83302758625 -0.38647502375 0
v -0.824039795 -0.38647502375 0
v -0.824039795 -0.3774872325 0
v -0.824039795 -0.36849944125 0
v -0.83302758625 -0.36849944125 0
v -0.824039795 -0.35951165 0
v -0.83302758625 -0.35951165 0
v -0.833621516711 -0.350782158333 0
v -0.825227655923 -0.351040457916 0
v -0.826415516845 -0.342569265831 0
v -0.834215447173 -0.342052666666 0
v -0.825321595466 -0.333816510624 0
v -0.824680695233 -0.328688497812 0
v -0.826381106031 -0.326979160208 0
v -0.827551761548 -0.328688497812 0
v -0.824039795 -0.323560485 0
v -0.826910861315 -0.323560485 0
v -0.829781927629 -0.323560485 0
v -0.835898652565 -0.323560485 0
v -0.834271315784 -0.333185053869 0
v -0.825868556156 -0.338192888227 0
v -0.828851096847 -0.31460523883 0
v -0.833662398693 -0.314637783909 0
v -0.824039795 -0.31457269375 0
v -0.824039795 -0.3055849025 0
v -0.830791332378 -0.305649992659 0
v -0.837542869757 -0.305715082819 0
v -0.839982880958 -0.305738606456 0
v -0.837940766761 -0.314649545728 0
v -0.831607885423 -0.296667773544 0
v -0.839061933651 -0.302222168468 0
v -0.826282846981 -0.296464852863 0
v -0.824039795 -0.28760932 0
v -0.832668109839 -0.288871979442 0
v -0.839112641628 -0.293122654816 0
v -0.840182253158 -0.303402155678 0
v -0.830937881432 -0.278576941435 0
v -0.824039795 -0.27862152875 0
v -0.824039795 -0.2696337375 0
v -0.831033722509 -0.269591195114 0
v -0.831129563586 -0.260605448792 0
v -0.824039795 -0.251658155 0
v -0.831321245739 -0.242633956148 0
v -0.824039795 -0.2336825725 0
v -0.831417086816 -0.233648209826 0
v -0.831512927893 -0.224662463504 0
v -0.824039795 -0.21570699 0
v -0.831704610046 -0.206690970861 0
v -0.824039795 -0.1977314075 0
v -0.831800451123 -0.197705224539 0
v -0.8318962922 -0.188719478217 0
v -0.832087974353 -0.170747985573 0
v -0.83218381543 -0.161762239252 0
v -0.832279656506 -0.15277649293 0
v -0.832701541917 -0.134809912054 0
v -0.83302758625 -0.1258290775 0
v -0.83302758625 -0.11684128625 0
v -0.83302758625 -0.09886570375 0
v -0.83302758625 -0.0898779125 0
v -0.83302758625 -0.08089012125 0
v -0.83302758625 0.08089012125 0
v -0.83302758625 0.0898779125 0
v -0.83302758625 0.09886570375 0
v -0.83302758625 0.11684128625 0
v -0.83302758625 0.1258290775 0
v -0.832701541917 0.134809912054 0
v -0.843377644417 0.134933977679 0
v -0.832279656506 0.15277649293 0
v -0.83218381543 0.161762239252 0
v -0.832087974353 0.170747985573 0
v -0.8318962922 0.188719478217 0
v -0.824039795 0.1977314075 0
v -0.831800451123 0.197705224539 0
v -0.831704610046 0.206690970861 0
v -0.824039795 0.21570699 0
v -0.831512927893 0.224662463504 0
v -0.824039795 0.2336825725 0
v -0.831417086816 0.233648209826 0
v -0.831321245739 0.242633956148 0
v -0.824039795 0.251658155 0
v -0.831129563586 0.260605448792 0
v -0.824039795 0.2696337375 0
v -0.831033722509 0.269591195114 0
v -0.830937881432 0.278576941435 0
v -0.824039795 0.27862152875 0
v -0.824039795 0.28760932 0
v -0.832668109839 0.288871979442 0
v -0.837542869757 0.305715082819 0
v -0.839982880958 0.305738606456 0
v -0.840182253156 0.303402155677 0
v -0.839061933651 0.302222168468 0
v -0.839112641628 0.293122654816 0
v -0.831607885423 0.296667773544 0
v -0.826282846981 0.296464852863 0
v -0.824039795 0.3055849025 0
v -0.830791332378 0.305649992659 0
v -0.828851096847 0.31460523883 0
v -0.833662398693 0.314637783909 0
v -0.824039795 0.31457269375 0
v -0.824039795 0.323560485 0
v -0.826910861315 0.323560485 0
v -0.829781927629 0.323560485 0
v -0.835898652565 0.323560485 0
v -0.837940766761 0.314649545728 0
v -0.826381106032 0.326979160208 0
v -0.827551761548 0.328688497812 0
v -0.824680695233 0.328688497812 0
v -0.825321595466 0.333816510624 0
v -0.825868556156 0.338192888227 0
v -0.834271315784 0.333185053869 0
v -0.826415516845 0.342569265831 0
v -0.834215447173 0.342052666666 0
v -0.833621516711 0.350782158333 0
v -0.825227655923 0.351040457916 0
v -0.824039795 0.35951165 0
v -0.83302758625 0.35951165 0
v -0.83302758625 0.36849944125 0
v -0.824039795 0.36849944125 0
v -0.824039795 0.3774872325 0
v -0.824039795 0.38647502375 0
v -0.83302758625 0.38647502375 0
v -0.824039795 0.395462815 0
v -0.83302758625 0.395462815 0
v -0.83302758625 0.40445060625 0
v -0.824039795 0.40445060625 0
v -0.824039795 0.4134383975 0
v -0.8060642125 -0.4853407275 0
v -0.8060642125 -0.467365145 0
v -0.8060642125 -0.4493895625 0
v -0.8060642125 -0.43141398 0
v -0.8060642125 -0.42242618875 0
v -0.81505200375 -0.42242618875 0
v -0.8060642125 -0.4134383975 0
v -0.81505200375 -0.4134383975 0
v -0.81505200375 -0.40445060625 0
v -0.8060642125 -0.40445060625 0
v -0.8060642125 -0.395462815 0
v -0.81505200375 -0.395462815 0
v -0.803700052889 -0.383532784336 0
v -0.802933055048 -0.379662357092 0
v -0.804257619619 -0.378494688897 0
v -0.805303400829 -0.379846068423 0
v -0.802166057206 -0.375791929848 0
v -0.804536402988 -0.37597564118 0
v -0.80690674877 -0.376159352511 0
v -0.815473271885 -0.376823292505 0
v -0.814402325834 -0.386120018957 0
v -0.804882132694 -0.389497799668 0
v -0.807320957837 -0.36774364559 0
v -0.810526780822 -0.367835501255 0
v -0.804115134853 -0.367651789924 0
v -0.8060642125 -0.35951165 0
v -0.810105512687 -0.35951165 0
v -0.814146812873 -0.35951165 0
v -0.819093303937 -0.35951165 0
v -0.817283287911 -0.368167471253 0
v -0.811974033007 -0.350721304787 0
v -0.817883853515 -0.350918750823 0
v -0.8060642125 -0.35052385875 0
v -0.8060642125 -0.3415360675 0
v -0.813842553328 -0.341930959573 0
v -0.821620894156 -0.342325851646 0
v -0.824018205501 -0.342447558739 0
v -0.821555754719 -0.350979604369 0
v -0.815196163091 -0.332583032883 0
v -0.823471244811 -0.338071181135 0
v -0.8060642125 -0.33254827625 0
v -0.8060642125 -0.323560485 0
v -0.81505200375 -0.323560485 0
v -0.824452668822 -0.3395705427 0
v -0.81505200375 -0.31457269375 0
v -0.8060642125 -0.3055849025 0
v -0.81505200375 -0.29659711125 0
v -0.8060642125 -0.28760932 0
v -0.81505200375 -0.28760932 0
v -0.81505200375 -0.27862152875 0
v -0.8060642125 -0.2696337375 0
v -0.8060642125 -0.251658155 0
v -0.8060642125 -0.2336825725 0
v -0.8060642125 -0.21570699 0
v -0.8060642125 -0.1977314075 0
v -0.8060642125 0.1977314075 0
v -0.8060642125 0.21570699 0
v -0.8060642125 0.2336825725 0
v -0.8060642125 0.251658155 0
v -0.8060642125 0.2696337375 0
v -0.81505200375 0.27862152875 0
v -0.8060642125 0.28760932 0
v -0.81505200375 0.28760932 0
v -0.81505200375 0.29659711125 0
v -0.8060642125 0.3055849025 0
v -0.81505200375 0.31457269375 0
v -0.8060642125 0.323560485 0
v -0.81505200375 0.323560485 0
v -0.821620894156 0.342325851646 0
v -0.824018205501 0.342447558739 0
v -0.824452668825 0.339570542701 0
v -0.823471244811 0.338071181135 0
v -0.81519616309 0.332583032883 0
v -0.8060642125 0.33254827625 0
v -0.8060642125 0.3415360675 0
v -0.813842553328 0.341930959573 0
v -0.811974033007 0.350721304787 0
v -0.817883853515 0.350918750823 0
v -0.8060642125 0.35052385875 0
v -0.8060642125 0.35951165 0
v -0.810105512687 0.35951165 0
v -0.814146812873 0.35951165 0
v -0.819093303937 0.35951165 0
v -0.821555754719 0.350979604369 0
v -0.807320957837 0.36774364559 0
v -0.810526780822 0.367835501255 0
v -0.804115134853 0.367651789924 0
v -0.802166057206 0.375791929848 0
v -0.804536402988 0.37597564118 0
v -0.80690674877 0.376159352511 0
v -0.815473271885 0.376823292505 0
v -0.817283287911 0.368167471253 0
v -0.804257619622 0.378494688898 0
v -0.805303400829 0.379846068423 0
v -0.802933055048 0.379662357092 0
v -0.803700052889 0.383532784336 0
v -0.804882132694 0.389497799668 0
v -0.814402325834 0.386120018957 0
v -0.8060642125 0.395462815 0
v -0.81505200375 0.395462815 0
v -0.81505200375 0.40445060625 0
v -0.8060642125 0.40445060625 0
v -0.8060642125 0.4134383975 0
v -0.81505200375 0.4134383975 0
v -0.81505200375 0.42242618875 0
v -0.8060642125 0.42242618875 0
v -0.8060642125 0.43141398 0
v -0.8060642125 0.4493895625 0
v -0.8060642125 0.467365145 0
v -0.8060642125 0.4853407275 0
v -0.78808863 -0.4853407275 0
v -0.78808863 -0.47635293625 0
v -0.79707642125 -0.47635293625 0
v -0.78808863 -0.467365145 0
v -0.79707642125 -0.467365145 0
v -0.79707642125 -0.45837735375 0
v -0.786169540398 -0.457208649523 0
v -0.78808863 -0.4493895625 0
v -0.78808863 -0.44040177125 0
v -0.79707642125 -0.44040177125 0
v -0.78808863 -0.43141398 0
v -0.79707642125 -0.43141398 0
v -0.78709392544 -0.421716682391 0
v -0.786626303666 -0.417157873988 0
v -0.788074508804 -0.415705908408 0
v -0.789032422259 -0.417259329818 0
v -0.786158681893 -0.412599065586 0
v -0.788564800485 -0.412700521416 0
v -0.790970919077 -0.412801977245 0
v -0.798517565789 -0.413120187373 0
v -0.797082908618 -0.422487690303 0
v -0.78759127772 -0.426565331195 0
v -0.790932482272 -0.404081668208 0
v -0.794741308597 -0.404132396123 0
v -0.787123655946 -0.404030940293 0
v -0.78808863 -0.395462815 0
v -0.793300164059 -0.395462815 0
v -0.798511698117 -0.395462815 0
v -0.802287955309 -0.395462815 0
v -0.800402760549 -0.404291501186 0
v -0.795142379352 -0.385520413211 0
v -0.801105875503 -0.389497799668 0
v -0.78808863 -0.38647502375 0
v -0.78808863 -0.3774872325 0
v -0.795127343603 -0.376639581174 0
v -0.802758654503 -0.391486138112 0
v -0.796101882427 -0.368075615587 0
v -0.79707642125 -0.35052385875 0
v -0.79707642125 -0.3415360675 0
v -0.79707642125 -0.33254827625 0
v -0.79707642125 0.33254827625 0
v -0.79707642125 0.3415360675 0
v -0.79707642125 0.35052385875 0
v -0.796101882427 0.368075615587 0
v -0.78808863 0.3774872325 0
v -0.795127343603 0.376639581174 0
v -0.798511698117 0.395462815 0
v -0.802287955309 0.395462815 0
v -0.802758654503 0.391486138112 0
v -0.801105875503 0.389497799668 0
v -0.795142379352 0.385520413211 0
v -0.78808863 0.38647502375 0
v -0.78808863 0.395462815 0
v -0.793300164059 0.395462815 0
v -0.790932482272 0.404081668208 0
v -0.794741308597 0.404132396123 0
v -0.787123655946 0.404030940293 0
v -0.786158681893 0.412599065586 0
v -0.788564800485 0.412700521416 0
v -0.790970919077 0.412801977245 0
v -0.798517565789 0.413120187373 0
v -0.800402760549 0.404291501186 0
v -0.788074508804 0.415705908408 0
v -0.789032422259 0.417259329818 0
v -0.786626303666 0.417157873988 0
v -0.78709392544 0.421716682391 0
v -0.78759127772 0.426565331195 0
v -0.797082908618 0.422487690303 0
v -0.78808863 0.43141398 0
v -0.79707642125 0.43141398 0
v -0.79707642125 0.44040177125 0
v -0.78808863 0.44040177125 0
v -0.78808863 0.4493895625 0
v -0.786169540398 0.457208649523 0
v -0.79707642125 0.45837735375 0
v -0.78808863 0.467365145 0
v -0.79707642125 0.467365145 0
v -0.79707642125 0.47635293625 0
v -0.78808863 0.47635293625 0
v -0.78808863 0.4853407275 0
v -0.7701130475 -0.5212918925 0
v -0.7701130475 -0.50331631 0
v -0.7701130475 -0.49432851875 0
v -0.77910083875 -0.49432851875 0
v -0.7701130475 -0.4853407275 0
v -0.77910083875 -0.4853407275 0
v -0.77910083875 -0.47635293625 0
v -0.7701130475 -0.47635293625 0
v -0.7701130475 -0.467365145 0
v -0.7785417803 -0.465188857307 0
v -0.769800320141 -0.455109892847 0
v -0.769721318134 -0.452013938868 0
v -0.772335483537 -0.450827500709 0
v -0.772248660071 -0.452665946423 0
v -0.769642316128 -0.44891798489 0
v -0.772422307003 -0.448989054994 0
v -0.775202297879 -0.449060125098 0
v -0.774949648939 -0.449641062549 0
v -0.774697 -0.450222 0
v -0.781645463939 -0.449224843799 0
v -0.78151913947 -0.449740007306 0
v -0.78808863 -0.449838952063 0
v -0.78808863 -0.450288341625 0
v -0.781392815 -0.450255170812 0
v -0.78808863 -0.458826743312 0
v -0.779295891749 -0.459055211564 0
v -0.769956683821 -0.461237518923 0
v -0.774458561217 -0.440201517497 0
v -0.77903944062 -0.440237052549 0
v -0.769877681814 -0.440165982445 0
v -0.7701130475 -0.43141398 0
v -0.77649481543 -0.43141398 0
v -0.782876583361 -0.43141398 0
v -0.78548260668 -0.43141398 0
v -0.78356403531 -0.4403194119 0
v -0.778052940184 -0.421875802347 0
v -0.7849852544 -0.426565331195 0
v -0.7701130475 -0.42242618875 0
v -0.7701130475 -0.4134383975 0
v -0.778135864696 -0.413018731543 0
v -0.786019712933 -0.428181547463 0
v -0.778618351723 -0.404240773272 0
v -0.7701130475 -0.40445060625 0
v -0.7701130475 -0.395462815 0
v -0.77910083875 -0.395462815 0
v -0.77910083875 -0.38647502375 0
v -0.7701130475 -0.3774872325 0
v -0.7701130475 0.3774872325 0
v -0.77910083875 0.38647502375 0
v -0.7701130475 0.395462815 0
v -0.77910083875 0.395462815 0
v -0.778618351723 0.404240773272 0
v -0.7701130475 0.40445060625 0
v -0.7701130475 0.4134383975 0
v -0.778135864696 0.413018731543 0
v -0.782876583361 0.43141398 0
v -0.78548260668 0.43141398 0
v -0.786019712933 0.428181547463 0
v -0.7849852544 0.426565331195 0
v -0.778052940184 0.421875802347 0
v -0.7701130475 0.42242618875 0
v -0.7701130475 0.43141398 0
v -0.77649481543 0.43141398 0
v -0.774458561217 0.440201517497 0
v -0.77903944062 0.440237052549 0
v -0.769877681814 0.440165982445 0
v -0.769642316128 0.44891798489 0
v -0.772422307003 0.448989054994 0
v -0.775202297879 0.449060125098 0
v -0.781645463939 0.449224843799 0
v -0.78356403531 0.4403194119 0
v -0.772301866676 0.449510113221 0
v -0.774949648939 0.449641062549 0
v -0.769654084412 0.449379163892 0
v -0.769665852696 0.449840342895 0
v -0.772181426348 0.450031171448 0
v -0.774697 0.450222 0
v -0.769733086419 0.452475117871 0
v -0.771387724276 0.451724078579 0
v -0.769800320141 0.455109892847 0
v -0.772248660071 0.452665946423 0
v -0.769956683821 0.461237518923 0
v -0.777763159298 0.460788141308 0
v -0.7701130475 0.467365145 0
v -0.7785417803 0.465188857307 0
v -0.78808863 0.464668807625 0
v -0.78808863 0.46197247025 0
v -0.781392815 0.456097235125 0
v -0.78808863 0.455681016375 0
v -0.78151913947 0.452661039462 0
v -0.77910083875 0.47635293625 0
v -0.7701130475 0.47635293625 0
v -0.7701130475 0.4853407275 0
v -0.77910083875 0.4853407275 0
v -0.77910083875 0.49432851875 0
v -0.7701130475 0.49432851875 0
v -0.7701130475 0.50331631 0
v -0.7701130475 0.5212918925 0
v -0.752137465 -0.5212918925 0
v -0.752137465 -0.51230410125 0
v -0.76112525625 -0.51230410125 0
v -0.752137465 -0.50331631 0
v -0.76112525625 -0.50331631 0
v -0.76112525625 -0.49432851875 0
v -0.752137465 -0.49432851875 0
v -0.752137465 -0.4853407275 0
v -0.76112525625 -0.4853407275 0
v -0.751813744648 -0.473064191723 0
v -0.751732174929 -0.46997080085 0
v -0.753770664197 -0.468994241026 0
v -0.754830693689 -0.470052656549 0
v -0.751650605209 -0.466877409977 0
v -0.754749123969 -0.466959265676 0
v -0.757847642729 -0.467041121375 0
v -0.763980345114 -0.467203133187 0
v -0.761403471962 -0.476631244416 0
v -0.751975604824 -0.479202459612 0
v -0.759465398923 -0.456716864271 0
v -0.763823981435 -0.461075507111 0
v -0.751894035105 -0.458133486238 0
v -0.752137465 -0.4493895625 0
v -0.760889890564 -0.449153773695 0
v -0.76592033679 -0.463172053074 0
v -0.761007573407 -0.440283876847 0
v -0.76112525625 -0.42242618875 0
v -0.76112525625 -0.4134383975 0
v -0.76112525625 -0.40445060625 0
v -0.76112525625 0.40445060625 0
v -0.76112525625 0.4134383975 0
v -0.76112525625 0.42242618875 0
v -0.761007573407 0.440283876847 0
v -0.752137465 0.4493895625 0
v -0.760889890564 0.449153773695 0
v -0.757847642729 0.467041121375 0
v -0.763980345114 0.467203133187 0
v -0.76592033679 0.463172053074 0
v -0.763823981435 0.461075507111 0
v -0.769721318134 0.452013938868 0
v -0.759465398923 0.456716864271 0
v -0.751894035105 0.458133486238 0
v -0.751650605209 0.466877409977 0
v -0.754749123969 0.466959265676 0
v -0.753770664197 0.468994241026 0
v -0.754830693689 0.470052656549 0
v -0.751732174929 0.46997080085 0
v -0.751813744648 0.473064191723 0
v -0.751975604824 0.479202459612 0
v -0.761403471962 0.476631244416 0
v -0.752137465 0.4853407275 0
v -0.76112525625 0.4853407275 0
v -0.76112525625 0.49432851875 0
v -0.752137465 0.49432851875 0
v -0.752137465 0.50331631 0
v -0.76112525625 0.50331631 0
v -0.76112525625 0.51230410125 0
v -0.752137465 0.51230410125 0
v -0.752137465 0.5212918925 0
v -0.7341618825 -0.5572430575 0
v -0.7341618825 -0.539267475 0
v -0.7341618825 -0.53027968375 0
v -0.74314967375 -0.53027968375 0
v -0.7341618825 -0.5212918925 0
v -0.74314967375 -0.5212918925 0
v -0.74314967375 -0.51230410125 0
v -0.7341618825 -0.51230410125 0
v -0.7341618825 -0.50331631 0
v -0.74314967375 -0.50331631 0
v -0.733827151702 -0.491018508023 0
v -0.733743022996 -0.487927671543 0
v -0.735778944382 -0.486953674992 0
v -0.736838969427 -0.488012094955 0
v -0.733658894291 -0.484836835064 0
v -0.736754840721 -0.484921258476 0
v -0.739850787152 -0.485005681888 0
v -0.745994126076 -0.485173204694 0
v -0.743421965479 -0.494600897558 0
v -0.733994517101 -0.497167409011 0
v -0.741479373032 -0.47468198192 0
v -0.7458322659 -0.479034936806 0
v -0.733910388395 -0.476100990032 0
v -0.7341618825 -0.467365145 0
v -0.742906243855 -0.467121277488 0
v -0.747933998933 -0.481136867037 0
v -0.743027958802 -0.458255419994 0
v -0.7341618825 -0.4493895625 0
v -0.7341618825 0.4493895625 0
v -0.743027958802 0.458255419994 0
v -0.7341618825 0.467365145 0
v -0.742906243855 0.467121277488 0
v -0.739850787152 0.485005681888 0
v -0.745994126076 0.485173204694 0
v -0.747933998933 0.481136867037 0
v -0.7458322659 0.479034936806 0
v -0.741479373032 0.474681981919 0
v -0.733910388395 0.476100990032 0
v -0.733658894291 0.484836835064 0
v -0.736754840721 0.484921258476 0
v -0.735778944382 0.486953674992 0
v -0.736838969427 0.488012094955 0
v -0.733743022996 0.487927671543 0
v -0.733827151702 0.491018508023 0
v -0.733994517101 0.497167409011 0
v -0.74342196548 0.494600897558 0
v -0.7341618825 0.50331631 0
v -0.74314967375 0.50331631 0
v -0.74314967375 0.51230410125 0
v -0.7341618825 0.51230410125 0
v -0.7341618825 0.5212918925 0
v -0.74314967375 0.5212918925 0
v -0.74314967375 0.53027968375 0
v -0.7341618825 0.53027968375 0
v -0.7341618825 0.539267475 0
v -0.7341618825 0.5572430575 0
v -0.7161863 -0.5572430575 0
v -0.7161863 -0.54825526625 0
v -0.72517409125 -0.54825526625 0
v -0.7161863 -0.539267475 0
v -0.72517409125 -0.539267475 0
v -0.72517409125 -0.53027968375 0
v -0.7161863 -0.53027968375 0
v -0.7161863 -0.5212918925 0
v -0.72517409125 -0.5212918925 0
v -0.71584054139 -0.508972841656 0
v -0.715753862381 -0.505884550903 0
v -0.717787224607 -0.504913108918 0
v -0.718847245225 -0.505971533302 0
v -0.715667183372 -0.502796260151 0
v -0.718760566216 -0.502883242549 0
v -0.721853949061 -0.502970224947 0
v -0.72800791578 -0.503143267474 0
v -0.725440460587 -0.512570552289 0
v -0.716013420695 -0.515132367078 0
v -0.723493344894 -0.49264709731 0
v -0.727840550381 -0.496994366485 0
v -0.715926741686 -0.494068493825 0
v -0.7161863 -0.4853407275 0
v -0.724922597145 -0.485088781282 0
v -0.729947661088 -0.49910168099 0
v -0.725048344198 -0.476226963141 0
v -0.725048344198 0.476226963141 0
v -0.7161863 0.4853407275 0
v -0.724922597145 0.485088781282 0
v -0.721853949061 0.502970224947 0
v -0.72800791578 0.503143267474 0
v -0.729947661088 0.49910168099 0
v -0.727840550381 0.496994366485 0
v -0.723493344894 0.49264709731 0
v -0.715926741686 0.494068493825 0
v -0.715667183372 0.502796260151 0
v -0.718760566216 0.502883242549 0
v -0.717787224607 0.504913108918 0
v -0.718847245225 0.505971533302 0
v -0.715753862381 0.505884550903 0
v -0.71584054139 0.508972841656 0
v -0.716013420695 0.515132367078 0
v -0.725440460588 0.512570552289 0
v -0.7161863 0.5212918925 0
v -0.72517409125 0.5212918925 0
v -0.72517409125 0.53027968375 0
v -0.7161863 0.53027968375 0
v -0.7161863 0.539267475 0
v -0.72517409125 0.539267475 0
v -0.72517409125 0.54825526625 0
v -0.7161863 0.54825526625 0
v -0.7161863 0.5572430575 0
v -0.6982107175 -0.5931942225 0
v -0.6982107175 -0.57521864 0
v -0.6982107175 -0.56623084875 0
v -0.70719850875 -0.56623084875 0
v -0.6982107175 -0.5572430575 0
v -0.70719850875 -0.5572430575 0
v -0.70719850875 -0.54825526625 0
v -0.6982107175 -0.54825526625 0
v -0.6982107175 -0.539267475 0
v -0.70719850875 -0.539267475 0
v -0.697853913801 -0.526927192535 0
v -0.697764693127 -0.523841438887 0
v -0.699795504874 -0.522872542805 0
v -0.700855521083 -0.523930971588 0
v -0.697675472453 -0.520755685238 0
v -0.70076630041 -0.520845217939 0
v -0.703857128366 -0.520934750641 0
v -0.710021714183 -0.52111332157 0
v -0.707458957278 -0.530540208599 0
v -0.69803231565 -0.533097333768 0
v -0.705507314519 -0.510612210451 0
v -0.709848834878 -0.514953796148 0
v -0.697943094977 -0.512035997619 0
v -0.6982107175 -0.50331631 0
v -0.706938950436 -0.503056285075 0
v -0.711961323252 -0.517066494933 0
v -0.707068729593 -0.494198506288 0
v -0.6982107175 -0.4853407275 0
v -0.6982107175 0.4853407275 0
v -0.707068729593 0.494198506288 0
v -0.6982107175 0.50331631 0
v -0.706938950436 0.503056285075 0
v -0.703857128366 0.520934750641 0
v -0.710021714183 0.52111332157 0
v -0.711961323252 0.517066494933 0
v -0.709848834878 0.514953796148 0
v -0.705507314518 0.510612210451 0
v -0.697943094977 0.512035997619 0
v -0.697675472453 0.520755685238 0
v -0.70076630041 0.520845217939 0
v -0.69979550487 0.522872542802 0
v -0.700855521083 0.523930971588 0
v -0.697764693127 0.523841438887 0
v -0.697853913801 0.526927192535 0
v -0.69803231565 0.533097333768 0
v -0.707458957278 0.530540208599 0
v -0.6982107175 0.539267475 0
v -0.70719850875 0.539267475 0
v -0.70719850875 0.54825526625 0
v -0.6982107175 0.54825526625 0
v -0.6982107175 0.5572430575 0
v -0.70719850875 0.5572430575 0
v -0.70719850875 0.56623084875 0
v -0.6982107175 0.56623084875 0
v -0.6982107175 0.57521864 0
v -0.6982107175 0.5931942225 0
v -0.680235135 -0.5931942225 0
v -0.680235135 -0.58420643125 0
v -0.68922292625 -0.58420643125 0
v -0.680235135 -0.57521864 0
v -0.68922292625 -0.57521864 0
v -0.68922292625 -0.56623084875 0
v -0.680235135 -0.56623084875 0
v -0.680235135 -0.5572430575 0
v -0.68922292625 -0.5572430575 0
v -0.679867269023 -0.544881560573 0
v -0.679775515279 -0.541798335449 0
v -0.681803785177 -0.540831976651 0
v -0.682863797001 -0.541890409816 0
v -0.679683761535 -0.538715110325 0
v -0.682772043257 -0.538807184691 0
v -0.685860324979 -0.538899259058 0
v -0.69203552124 -0.539083367029 0
v -0.689477455544 -0.548509866482 0
v -0.680051202011 -0.551062309037 0
v -0.687521281912 -0.528577321351 0
v -0.69185711939 -0.532913225797 0
v -0.679959448267 -0.530003501413 0
v -0.680235135 -0.5212918925 0
v -0.688955303727 -0.521023788869 0
v -0.693974985427 -0.535031308865 0
v -0.689089114988 -0.512170049435 0
v -0.689089114988 0.512170049435 0
v -0.680235135 0.5212918925 0
v -0.688955303727 0.521023788869 0
v -0.685860324979 0.538899259058 0
v -0.69203552124 0.539083367029 0
v -0.693974985426 0.535031308864 0
v -0.69185711939 0.532913225797 0
v -0.687521281912 0.528577321351 0
v -0.679959448267 0.530003501413 0
v -0.679683761535 0.538715110325 0
v -0.682772043257 0.538807184691 0
v -0.681803785181 0.540831976654 0
v -0.682863797001 0.541890409816 0
v -0.679775515279 0.541798335449 0
v -0.679867269023 0.544881560573 0
v -0.680051202011 0.551062309037 0
v -0.689477455544 0.548509866482 0
v -0.680235135 0.5572430575 0
v -0.68922292625 0.5572430575 0
v -0.68922292625 0.56623084875 0
v -0.680235135 0.56623084875 0
v -0.680235135 0.57521864 0
v -0.68922292625 0.57521864 0
v -0.68922292625 0.58420643125 0
v -0.680235135 0.58420643125 0
v -0.680235135 0.5931942225 0
v -0.6622595525 -0.6291453875 0
v -0.6622595525 -0.611169805 0
v -0.6622595525 -0.60218201375 0
v -0.67124734375 -0.60218201375 0
v -0.6622595525 -0.5931942225 0
v -0.67124734375 -0.5931942225 0
v -0.67124734375 -0.58420643125 0
v -0.6622595525 -0.58420643125 0
v -0.6622595525 -0.57521864 0
v -0.67124734375 -0.57521864 0
v -0.661880607142 -0.562835945683 0
v -0.661786328879 -0.559755240548 0
v -0.66381206552 -0.558791410458 0
v -0.664872072977 -0.559849847984 0
v -0.661692050616 -0.556674535412 0
v -0.664777794714 -0.556769142849 0
v -0.667863538813 -0.556863750285 0
v -0.674049336906 -0.557053403893 0
v -0.671495955377 -0.566479525928 0
v -0.662070079821 -0.569027292841 0
v -0.669535247082 -0.546542430017 0
v -0.673865403918 -0.550872655429 0
v -0.661975801558 -0.547971005206 0
v -0.6622595525 -0.539267475 0
v -0.670971657017 -0.538991292663 0
v -0.675988647611 -0.552996122785 0
v -0.671109500384 -0.530141592581 0
v -0.6622595525 -0.5212918925 0
v -0.6622595525 0.5212918925 0
v -0.671109500384 0.530141592581 0
v -0.6622595525 0.539267475 0
v -0.670971657017 0.538991292663 0
v -0.667863538813 0.556863750285 0
v -0.674049336906 0.557053403893 0
v -0.675988647611 0.552996122785 0
v -0.673865403918 0.550872655429 0
v -0.669535247083 0.546542430017 0
v -0.661975801558 0.547971005206 0
v -0.661692050616 0.556674535412 0
v -0.664777794714 0.556769142849 0
v -0.66381206552 0.558791410458 0
v -0.664872072977 0.559849847984 0
v -0.661786328879 0.559755240548 0
v -0.661880607142 0.562835945683 0
v -0.662070079821 0.569027292841 0
v -0.671495955377 0.566479525928 0
v -0.6622595525 0.57521864 0
v -0.67124734375 0.57521864 0
v -0.67124734375 0.58420643125 0
v -0.6622595525 0.58420643125 0
v -0.6622595525 0.5931942225 0
v -0.67124734375 0.5931942225 0
v -0.67124734375 0.60218201375 0
v -0.6622595525 0.60218201375 0
v -0.6622595525 0.611169805 0
v -0.6622595525 0.6291453875 0
v -0.64428397 -0.6291453875 0
v -0.64428397 -0.62015759625 0
v -0.65327176125 -0.62015759625 0
v -0.64428397 -0.611169805 0
v -0.65327176125 -0.611169805 0
v -0.65327176125 -0.60218201375 0
v -0.642196948687 -0.601349477559 0
v -0.64428397 -0.5931942225 0
v -0.65327176125 -0.5931942225 0
v -0.643893928245 -0.580790347778 0
v -0.643797133971 -0.577712154139 0
v -0.645820345909 -0.576750844231 0
v -0.646880349012 -0.577809286094 0
v -0.643700339697 -0.574633960499 0
v -0.646783554738 -0.574731092455 0
v -0.649866769779 -0.57482822441 0
v -0.65606316114 -0.575023432205 0
v -0.653514456769 -0.584449186932 0
v -0.644088949123 -0.586992285139 0
v -0.651549210039 -0.564507536457 0
v -0.655873688461 -0.568832085047 0
v -0.643992154849 -0.565938509 0
v -0.64428397 -0.5572430575 0
v -0.652988010308 -0.556958796456 0
v -0.658002309807 -0.570960936698 0
v -0.653129885779 -0.548113135728 0
v -0.653129885779 0.548113135728 0
v -0.64428397 0.5572430575 0
v -0.652988010308 0.556958796456 0
v -0.649866769779 0.57482822441 0
v -0.65606316114 0.575023432205 0
v -0.658002309806 0.570960936697 0
v -0.655873688461 0.568832085047 0
v -0.651549210039 0.564507536457 0
v -0.643992154849 0.565938509 0
v -0.643700339697 0.574633960499 0
v -0.646783554738 0.574731092455 0
v -0.645820345908 0.57675084423 0
v -0.646880349012 0.577809286094 0
v -0.643797133971 0.577712154139 0
v -0.643893928245 0.580790347778 0
v -0.644088949123 0.586992285139 0
v -0.653514456769 0.584449186932 0
v -0.64428397 0.5931942225 0
v -0.65327176125 0.5931942225 0
v -0.65327176125 0.60218201375 0
v -0.642196948687 0.601349477559 0
v -0.64428397 0.611169805 0
v -0.65327176125 0.611169805 0
v -0.65327176125 0.62015759625 0
v -0.64428397 0.62015759625 0
v -0.64428397 0.6291453875 0
v -0.6263083875 -0.7010477175 0
v -0.6263083875 -0.683072135 0
v -0.6263083875 -0.6650965525 0
v -0.6263083875 -0.64712097 0
v -0.6263083875 -0.63813317875 0
v -0.63529617875 -0.63813317875 0
v -0.6263083875 -0.6291453875 0
v -0.63529617875 -0.6291453875 0
v -0.63529617875 -0.62015759625 0
v -0.6263083875 -0.62015759625 0
v -0.6263083875 -0.611169805 0
v -0.634401342219 -0.609108727113 0
v -0.643385190875 -0.611169805 0
v -0.634846789188 -0.611169805 0
v -0.631092288956 -0.604837519218 0
v -0.636039595437 -0.6035664025 0
v -0.626144982475 -0.606108635935 0
v -0.625981577449 -0.601047466871 0
v -0.627337788725 -0.598505233435 0
v -0.628694 -0.595963 0
v -0.625845103114 -0.596820426229 0
v -0.626755400517 -0.595556819972 0
v -0.625708628779 -0.592593385587 0
v -0.626173012309 -0.592608406509 0
v -0.62663739584 -0.592623427432 0
v -0.62766569792 -0.594293213716 0
v -0.629253706816 -0.592708054476 0
v -0.629067137874 -0.593793036314 0
v -0.631870017793 -0.592792681519 0
v -0.630282008896 -0.59437784076 0
v -0.638076993896 -0.59299345201 0
v -0.638572492231 -0.599609805585 0
v -0.643834580438 -0.611169805 0
v -0.628789323286 -0.592693033553 0
v -0.633563170788 -0.582472640679 0
v -0.637881973019 -0.586791514649 0
v -0.626008508139 -0.583906012793 0
v -0.6263083875 -0.57521864 0
v -0.635004363599 -0.57492630025 0
v -0.640015972012 -0.588925750599 0
v -0.635150271174 -0.566084678875 0
v -0.6263083875 -0.5572430575 0
v -0.6263083875 0.5572430575 0
v -0.635150271174 0.566084678875 0
v -0.6263083875 0.57521864 0
v -0.635004363599 0.57492630025 0
v -0.631870017793 0.592792681519 0
v -0.638076993896 0.59299345201 0
v -0.640015972012 0.588925750599 0
v -0.637881973019 0.586791514649 0
v -0.633563170788 0.582472640679 0
v -0.626008508139 0.583906012793 0
v -0.625708628779 0.592593385587 0
v -0.628789323286 0.592693033553 0
v -0.628002815821 0.593717818416 0
v -0.630282008896 0.59437784076 0
v -0.625723622747 0.593057796072 0
v -0.625738616715 0.593522206557 0
v -0.627216308357 0.594742603279 0
v -0.628694 0.595963 0
v -0.625860097082 0.597284836714 0
v -0.626804731388 0.596844224476 0
v -0.625981577449 0.601047466871 0
v -0.627337788725 0.598505233435 0
v -0.626144982475 0.606108635935 0
v -0.6281712568 0.604837519218 0
v -0.6263083875 0.611169805 0
v -0.629004724875 0.611169805 0
v -0.63170106225 0.611169805 0
v -0.630197531125 0.6035664025 0
v -0.637992516125 0.611169805 0
v -0.637192225074 0.601861435449 0
v -0.634401342219 0.609108727113 0
v -0.63529617875 0.62015759625 0
v -0.6263083875 0.62015759625 0
v -0.6263083875 0.6291453875 0
v -0.63529617875 0.6291453875 0
v -0.63529617875 0.63813317875 0
v -0.6263083875 0.63813317875 0
v -0.6263083875 0.64712097 0
v -0.6263083875 0.6650965525 0
v -0.6263083875 0.683072135 0
v -0.6263083875 0.7010477175 0
v -0.608332805 -0.7010477175 0
v -0.608332805 -0.69205992625 0
v -0.61732059625 -0.69205992625 0
v -0.608332805 -0.683072135 0
v -0.61732059625 -0.683072135 0
v -0.61732059625 -0.67408434375 0
v -0.608332805 -0.67408434375 0
v -0.608332805 -0.6650965525 0
v -0.608332805 -0.65610876125 0
v -0.61732059625 -0.65610876125 0
v -0.608332805 -0.64712097 0
v -0.61732059625 -0.64712097 0
v -0.607240664771 -0.636177520485 0
v -0.606839326702 -0.632156037911 0
v -0.608358481267 -0.630899630547 0
v -0.609318727582 -0.63228216815 0
v -0.606437988633 -0.628134555337 0
v -0.608917389513 -0.628260685576 0
v -0.611396790393 -0.628386815815 0
v -0.618852588947 -0.628766101657 0
v -0.617263023359 -0.638139374912 0
v -0.607786734886 -0.641649245242 0
v -0.611687293461 -0.619715245288 0
v -0.615989190106 -0.619778310407 0
v -0.607385396817 -0.619652180169 0
v -0.608332805 -0.611169805 0
v -0.614457197409 -0.611169805 0
v -0.620581589819 -0.611169805 0
v -0.623444988659 -0.611169805 0
v -0.621148788803 -0.619967953329 0
v -0.616524088568 -0.601518751105 0
v -0.623281583634 -0.606108635935 0
v -0.608332805 -0.60218201375 0
v -0.608332805 -0.5931942225 0
v -0.617020716889 -0.592893804043 0
v -0.624290518253 -0.607795692288 0
v -0.61717065657 -0.584056222022 0
v -0.61717065657 0.584056222022 0
v -0.608332805 0.5931942225 0
v -0.617020716889 0.592893804043 0
v -0.620581589819 0.611169805 0
v -0.623444988659 0.611169805 0
v -0.624290518253 0.607795692288 0
v -0.623281583634 0.606108635935 0
v -0.625845103114 0.596820426229 0
v -0.616524088569 0.601518751105 0
v -0.608332805 0.60218201375 0
v -0.608332805 0.611169805 0
v -0.614457197409 0.611169805 0
v -0.611687293461 0.619715245288 0
v -0.615989190106 0.619778310407 0
v -0.607385396817 0.619652180169 0
v -0.606437988633 0.628134555337 0
v -0.608917389513 0.628260685576 0
v -0.611396790393 0.628386815815 0
v -0.618852588947 0.628766101657 0
v -0.621148788803 0.619967953329 0
v -0.608358481267 0.630899630547 0
v -0.609318727582 0.63228216815 0
v -0.606839326702 0.632156037911 0
v -0.607240664771 0.636177520485 0
v -0.607786734886 0.641649245242 0
v -0.617263023359 0.638139374912 0
v -0.608332805 0.64712097 0
v -0.61732059625 0.64712097 0
v -0.61732059625 0.65610876125 0
v -0.608332805 0.65610876125 0
v -0.608332805 0.6650965525 0
v -0.608332805 0.67408434375 0
v -0.61732059625 0.67408434375 0
v -0.608332805 0.683072135 0
v -0.61732059625 0.683072135 0
v -0.61732059625 0.69205992625 0
v -0.608332805 0.69205992625 0
v -0.608332805 0.7010477175 0
v -0.5903572225 -0.7369988825 0
v -0.5903572225 -0.7190233 0
v -0.5903572225 -0.71003550875 0
v -0.59934501375 -0.71003550875 0
v -0.5903572225 -0.7010477175 0
v -0.59934501375 -0.7010477175 0
v -0.59934501375 -0.69205992625 0
v -0.5903572225 -0.69205992625 0
v -0.5903572225 -0.683072135 0
v -0.59934501375 -0.683072135 0
v -0.588616012738 -0.671089642202 0
v -0.588070823483 -0.667337810309 0
v -0.589523582842 -0.666205861503 0
v -0.590522557152 -0.667515803049 0
v -0.587525634228 -0.663585978417 0
v -0.589977367897 -0.663763971157 0
v -0.592429101566 -0.663941963897 0
v -0.600380953283 -0.664519258198 0
v -0.598974405886 -0.673867710693 0
v -0.589486617619 -0.677080888601 0
v -0.592928648801 -0.655442470578 0
v -0.596915869238 -0.655531466948 0
v -0.588941428364 -0.655353474208 0
v -0.5903572225 -0.64712097 0
v -0.595879929705 -0.64712097 0
v -0.60140263691 -0.64712097 0
v -0.604867720955 -0.64712097 0
v -0.602624337119 -0.655820114099 0
v -0.598045703386 -0.63730200361 0
v -0.604321650841 -0.641649245242 0
v -0.5903572225 -0.63813317875 0
v -0.5903572225 -0.6291453875 0
v -0.598397605567 -0.628639971419 0
v -0.605658702228 -0.643473153496 0
v -0.598871309658 -0.619904888209 0
v -0.5903572225 -0.62015759625 0
v -0.5903572225 -0.611169805 0
v -0.59934501375 -0.611169805 0
v -0.59934501375 -0.60218201375 0
v -0.5903572225 -0.5931942225 0
v -0.5903572225 0.5931942225 0
v -0.59934501375 0.60218201375 0
v -0.5903572225 0.611169805 0
v -0.59934501375 0.611169805 0
v -0.598871309658 0.619904888209 0
v -0.5903572225 0.62015759625 0
v -0.5903572225 0.6291453875 0
v -0.598397605567 0.628639971419 0
v -0.60140263691 0.64712097 0
v -0.604867720955 0.64712097 0
v -0.605658702228 0.643473153496 0
v -0.604321650841 0.641649245242 0
v -0.598045703386 0.63730200361 0
v -0.5903572225 0.63813317875 0
v -0.5903572225 0.64712097 0
v -0.595879929705 0.64712097 0
v -0.592928648801 0.655442470578 0
v -0.596915869238 0.655531466948 0
v -0.588941428364 0.655353474208 0
v -0.587525634228 0.663585978417 0
v -0.589977367897 0.663763971157 0
v -0.592429101566 0.663941963897 0
v -0.600380953283 0.664519258198 0
v -0.602624337119 0.655820114099 0
v -0.589523582846 0.666205861508 0
v -0.590522557152 0.667515803049 0
v -0.588070823483 0.667337810309 0
v -0.588616012738 0.671089642202 0
v -0.589486617619 0.677080888601 0
v -0.598974405886 0.673867710693 0
v -0.5903572225 0.683072135 0
v -0.59934501375 0.683072135 0
v -0.59934501375 0.69205992625 0
v -0.5903572225 0.69205992625 0
v -0.5903572225 0.7010477175 0
v -0.59934501375 0.7010477175 0
v -0.59934501375 0.71003550875 0
v -0.5903572225 0.71003550875 0
v -0.5903572225 0.7190233 0
v -0.5903572225 0.7369988825 0
v -0.57238164 -0.7369988825 0
v -0.570739879553 -0.726477012665 0
v -0.58136943125 -0.72801109125 0
v -0.57238164 -0.7190233 0
v -0.58136943125 -0.7190233 0
v -0.569943376547 -0.706091710765 0
v -0.569278328185 -0.70256455613 0
v -0.570674635317 -0.701538427674 0
v -0.571705313062 -0.702788940761 0
v -0.568613279823 -0.699037401496 0
v -0.5710402647 -0.699261786126 0
v -0.573467249578 -0.699486170756 0
v -0.581912236039 -0.700266944128 0
v -0.580688679833 -0.709600803075 0
v -0.571162508274 -0.712557505383 0
v -0.574171463351 -0.691166960563 0
v -0.57784546679 -0.691279152878 0
v -0.570497459911 -0.691054768248 0
v -0.57238164 -0.683072135 0
v -0.577302662001 -0.683072135 0
v -0.582223684002 -0.683072135 0
v -0.586290453251 -0.683072135 0
v -0.584101344645 -0.691669539564 0
v -0.579638384574 -0.673005789715 0
v -0.58541984837 -0.677080888601 0
v -0.57238164 -0.67408434375 0
v -0.57238164 -0.6650965525 0
v -0.579953637114 -0.664341265458 0
v -0.587065639747 -0.679077970735 0
v -0.580661534182 -0.655731117729 0
v -0.58136943125 -0.63813317875 0
v -0.58136943125 -0.6291453875 0
v -0.58136943125 -0.62015759625 0
v -0.58136943125 0.62015759625 0
v -0.58136943125 0.6291453875 0
v -0.58136943125 0.63813317875 0
v -0.580661534182 0.655731117729 0
v -0.57238164 0.6650965525 0
v -0.579953637114 0.664341265458 0
v -0.582223684002 0.683072135 0
v -0.586290453251 0.683072135 0
v -0.587065639746 0.679077970733 0
v -0.58541984837 0.677080888601 0
v -0.579638384573 0.673005789715 0
v -0.57238164 0.67408434375 0
v -0.57238164 0.683072135 0
v -0.577302662001 0.683072135 0
v -0.574171463351 0.691166960563 0
v -0.57784546679 0.691279152878 0
v -0.570497459911 0.691054768248 0
v -0.568613279823 0.699037401496 0
v -0.5710402647 0.699261786126 0
v -0.573467249578 0.699486170756 0
v -0.581912236039 0.700266944128 0
v -0.584101344645 0.691669539564 0
v -0.570674635314 0.70153842767 0
v -0.571705313062 0.702788940761 0
v -0.569278328185 0.70256455613 0
v -0.569943376547 0.706091710765 0
v -0.571162508274 0.712557505383 0
v -0.580688679833 0.709600803075 0
v -0.57238164 0.7190233 0
v -0.58136943125 0.7190233 0
v -0.58136943125 0.72801109125 0
v -0.570739879553 0.726477012665 0
v -0.57238164 0.7369988825 0
v -0.5544060575 -0.74598667375 0
v -0.56339384875 -0.74598667375 0
v -0.5544060575 -0.7369988825 0
v -0.563337963538 -0.734752629773 0
v -0.571482860875 -0.7369988825 0
v -0.562944459188 -0.7369988825 0
v -0.560706138059 -0.728663094716 0
v -0.567216930437 -0.72809894125 0
v -0.55419534568 -0.729227248182 0
v -0.553984633859 -0.721455613864 0
v -0.55846781693 -0.720327306932 0
v -0.562951 -0.719199 0
v -0.553922238499 -0.719154300533 0
v -0.558597380672 -0.718875301155 0
v -0.553859843139 -0.716852987202 0
v -0.558726944414 -0.717423295378 0
v -0.563594045689 -0.717993603554 0
v -0.563272522845 -0.718596301777 0
v -0.567987842845 -0.718508451777 0
v -0.567827081422 -0.71903449567 0
v -0.57238164 -0.719472689563 0
v -0.57238164 -0.719922079125 0
v -0.56766632 -0.719560539562 0
v -0.57238164 -0.728460480813 0
v -0.569799285219 -0.728279711031 0
v -0.571932250437 -0.7369988825 0
v -0.561264766751 -0.708175160611 0
v -0.566768711118 -0.71204265716 0
v -0.55413295032 -0.708950352351 0
v -0.5544060575 -0.7010477175 0
v -0.561509668661 -0.700042559498 0
v -0.568639687413 -0.714369538108 0
v -0.562451758706 -0.691557347249 0
v -0.5544060575 -0.69205992625 0
v -0.5544060575 -0.683072135 0
v -0.56339384875 -0.683072135 0
v -0.56339384875 -0.67408434375 0
v -0.5544060575 -0.6650965525 0
v -0.5544060575 0.6650965525 0
v -0.56339384875 0.67408434375 0
v -0.5544060575 0.683072135 0
v -0.56339384875 0.683072135 0
v -0.562451758706 0.691557347249 0
v -0.5544060575 0.69205992625 0
v -0.5544060575 0.7010477175 0
v -0.561509668661 0.700042559498 0
v -0.563594045689 0.717993603554 0
v -0.567987842845 0.718508451777 0
v -0.568639687412 0.714369538106 0
v -0.566768711118 0.71204265716 0
v -0.561264766751 0.708175160611 0
v -0.55413295032 0.708950352351 0
v -0.553859843139 0.716852987202 0
v -0.558726944414 0.717423295378 0
v -0.558597380672 0.718875301155 0
v -0.563272522845 0.718596301777 0
v -0.553922238499 0.719154300533 0
v -0.553984633859 0.721455613864 0
v -0.55846781693 0.720327306932 0
v -0.562951 0.719199 0
v -0.55419534568 0.729227248182 0
v -0.557785105902 0.728663094716 0
v -0.5544060575 0.7369988825 0
v -0.557102394875 0.7369988825 0
v -0.55979873225 0.7369988825 0
v -0.561374866125 0.72809894125 0
v -0.566090186125 0.7369988825 0
v -0.566878253063 0.729403184938 0
v -0.57238164 0.730707428625 0
v -0.57238164 0.72441597475 0
v -0.56766632 0.721807487375 0
v -0.57238164 0.721719637375 0
v -0.567827081422 0.720157969576 0
v -0.563337963538 0.734752629773 0
v -0.56339384875 0.74598667375 0
v -0.5544060575 0.74598667375 0
v -0.54541826625 -0.74598667375 0
v -0.536430475 -0.7369988825 0
v -0.54541826625 -0.7369988825 0
v -0.536430475 -0.725873563972 0
v -0.536430475 -0.722448431986 0
v -0.54517635675 -0.720801366259 0
v -0.54520755443 -0.723664588918 0
v -0.536430475 -0.7190233 0
v -0.54514515907 -0.717938143601 0
v -0.54531291034 -0.730331735709 0
v -0.536430475 -0.731436223236 0
v -0.54528171266 -0.70949293055 0
v -0.536430475 -0.71003550875 0
v -0.536430475 -0.7010477175 0
v -0.54541826625 -0.7010477175 0
v -0.54541826625 -0.69205992625 0
v -0.54541826625 0.69205992625 0
v -0.536430475 0.7010477175 0
v -0.54541826625 0.7010477175 0
v -0.54528171266 0.70949293055 0
v -0.536430475 0.71003550875 0
v -0.536430475 0.7190233 0
v -0.54514515907 0.717938143601 0
v -0.536430475 0.725873563972 0
v -0.536430475 0.731436223236 0
v -0.54531291034 0.730331735709 0
v -0.54520755443 0.723664588918 0
v -0.536430475 0.7369988825 0
v -0.54541826625 0.7369988825 0
v -0.54517635675 0.720801366259 0
v -0.536430475 0.722448431986 0
v -0.54541826625 0.74598667375 0
v -0.5184548925 -0.7729500475 0
v -0.5184548925 -0.754974465 0
v -0.5184548925 -0.74598667375 0
v -0.52744268375 -0.74598667375 0
v -0.5184548925 -0.7369988825 0
v -0.52744268375 -0.7369988825 0
v -0.5184548925 -0.730397576046 0
v -0.5184548925 -0.724710438023 0
v -0.52744268375 -0.723579435004 0
v -0.52744268375 -0.728135570009 0
v -0.5184548925 -0.7190233 0
v -0.52744268375 -0.7190233 0
v -0.52744268375 -0.732567226254 0
v -0.5184548925 -0.733698229273 0
v -0.52744268375 -0.71003550875 0
v -0.5184548925 -0.7010477175 0
v -0.5184548925 0.7010477175 0
v -0.52744268375 0.71003550875 0
v -0.5184548925 0.7190233 0
v -0.52744268375 0.7190233 0
v -0.5184548925 0.730397576046 0
v -0.5184548925 0.733698229273 0
v -0.52744268375 0.732567226254 0
v -0.52744268375 0.728135570009 0
v -0.5184548925 0.7369988825 0
v -0.52744268375 0.7369988825 0
v -0.52744268375 0.723579435004 0
v -0.5184548925 0.724710438023 0
v -0.52744268375 0.74598667375 0
v -0.5184548925 0.74598667375 0
v -0.5184548925 0.754974465 0
v -0.5184548925 0.7729500475 0
v -0.50047931 -0.7729500475 0
v -0.50047931 -0.76396225625 0
v -0.50946710125 -0.76396225625 0
v -0.50047931 -0.754974465 0
v -0.50946710125 -0.754974465 0
v -0.509618385889 -0.746587783886 0
v -0.500781879279 -0.747188894022 0
v -0.501084448557 -0.739403323045 0
v -0.509769670529 -0.738201102772 0
v -0.500947872073 -0.73480366257 0
v -0.500713591036 -0.726913481285 0
v -0.509584241768 -0.725811959654 0
v -0.509701382286 -0.732600619308 0
v -0.50047931 -0.7190233 0
v -0.50946710125 -0.7190233 0
v -0.509735526407 -0.73540086104 0
v -0.501016160315 -0.737103492807 0
v -0.50946710125 -0.71003550875 0
v -0.50047931 -0.71003550875 0
v -0.50047931 -0.7010477175 0
v -0.50047931 0.7010477175 0
v -0.50047931 0.71003550875 0
v -0.50946710125 0.71003550875 0
v -0.50047931 0.7190233 0
v -0.50946710125 0.7190233 0
v -0.500947872073 0.73480366257 0
v -0.501016160315 0.737103492807 0
v -0.509735526407 0.73540086104 0
v -0.509701382286 0.732600619308 0
v -0.501084448557 0.739403323045 0
v -0.509769670529 0.738201102772 0
v -0.509584241768 0.725811959654 0
v -0.500713591036 0.726913481285 0
v -0.509618385889 0.746587783886 0
v -0.500781879279 0.747188894022 0
v -0.50047931 0.754974465 0
v -0.50946710125 0.754974465 0
v -0.50946710125 0.76396225625 0
v -0.50047931 0.76396225625 0
v -0.50047931 0.7729500475 0
v -0.4825037275 -0.7729500475 0
v -0.49149151875 -0.76396225625 0
v -0.4825037275 -0.754974465 0
v -0.49149151875 -0.754974465 0
v -0.48210500876 -0.739545947897 0
v -0.482045517097 -0.737243903777 0
v -0.485208757063 -0.737220132968 0
v -0.486820122878 -0.738359269624 0
v -0.481986025435 -0.734941859656 0
v -0.486760631215 -0.736057225503 0
v -0.491535236996 -0.737172591351 0
v -0.496309842777 -0.738287957198 0
v -0.491558616896 -0.746555605929 0
v -0.48230436813 -0.747260206449 0
v -0.491467702847 -0.727616360228 0
v -0.496241554534 -0.73598812696 0
v -0.482244876467 -0.726982579828 0
v -0.4825037275 -0.7190233 0
v -0.49149151875 -0.7190233 0
v -0.497855852543 -0.737126525657 0
v -0.49149151875 -0.71003550875 0
v -0.4825037275 -0.7010477175 0
v -0.4825037275 0.7010477175 0
v -0.49149151875 0.71003550875 0
v -0.4825037275 0.7190233 0
v -0.49149151875 0.7190233 0
v -0.491535236996 0.737172591351 0
v -0.496309842777 0.738287957198 0
v -0.497855852543 0.737126525657 0
v -0.496241554534 0.73598812696 0
v -0.491467702846 0.727616360228 0
v -0.482244876467 0.726982579828 0
v -0.481986025435 0.734941859656 0
v -0.486760631215 0.736057225503 0
v -0.485208757063 0.737220132968 0
v -0.486820122878 0.738359269624 0
v -0.482045517097 0.737243903777 0
v -0.48210500876 0.739545947897 0
v -0.48230436813 0.747260206449 0
v -0.491558616896 0.746555605929 0
v -0.4825037275 0.754974465 0
v -0.49149151875 0.754974465 0
v -0.49149151875 0.76396225625 0
v -0.4825037275 0.7729500475 0
v -0.464528145 -0.7729500475 0
v -0.464528145 -0.76396225625 0
v -0.47351593625 -0.76396225625 0
v -0.464528145 -0.754974465 0
v -0.47351593625 -0.754974465 0
v -0.464528145 -0.74396961227 0
v -0.464528145 -0.740484247385 0
v -0.473286831049 -0.738864075581 0
v -0.47331657688 -0.741757780083 0
v -0.464528145 -0.7369988825 0
v -0.473257085217 -0.735970371078 0
v -0.473416256565 -0.748366122542 0
v -0.464528145 -0.749472038635 0
v -0.473386510734 -0.727496835539 0
v -0.473386510734 0.727496835539 0
v -0.464528145 0.7369988825 0
v -0.473257085217 0.735970371078 0
v -0.464528145 0.74396961227 0
v -0.464528145 0.749472038635 0
v -0.473416256565 0.748366122542 0
v -0.47331657688 0.741757780083 0
v -0.464528145 0.754974465 0
v -0.47351593625 0.754974465 0
v -0.473286831049 0.738864075581 0
v -0.464528145 0.740484247385 0
v -0.47351593625 0.76396225625 0
v -0.464528145 0.76396225625 0
v -0.464528145 0.7729500475 0
v -0.4465525625 -0.7729500475 0
v -0.45554035375 -0.76396225625 0
v -0.4465525625 -0.754974465 0
v -0.45554035375 -0.754974465 0
v -0.4465525625 -0.748493624344 0
v -0.4465525625 -0.742746253422 0
v -0.45554035375 -0.741615250404 0
v -0.45554035375 -0.746231618307 0
v -0.4465525625 -0.7369988825 0
v -0.45554035375 -0.7369988825 0
v -0.45554035375 -0.750603041654 0
v -0.4465525625 -0.751734044672 0
v -0.45554035375 -0.72801109125 0
v -0.4465525625 -0.72801109125 0
v -0.4465525625 0.72801109125 0
v -0.45554035375 0.72801109125 0
v -0.4465525625 0.7369988825 0
v -0.45554035375 0.7369988825 0
v -0.4465525625 0.748493624344 0
v -0.4465525625 0.751734044672 0
v -0.45554035375 0.750603041654 0
v -0.45554035375 0.746231618307 0
v -0.4465525625 0.754974465 0
v -0.45554035375 0.754974465 0
v -0.45554035375 0.741615250404 0
v -0.4465525625 0.742746253422 0
v -0.45554035375 0.76396225625 0
v -0.4465525625 0.7729500475 0
v -0.42857698 -0.7729500475 0
v -0.428893805426 -0.7652211215 0
v -0.437723183963 -0.764591688875 0
v -0.429210630853 -0.757492195499 0
v -0.437881596676 -0.75623333025 0
v -0.429068453471 -0.752893944632 0
v -0.428822716736 -0.744946413566 0
v -0.437687639618 -0.743846333494 0
v -0.437810507986 -0.750693784488 0
v -0.42857698 -0.7369988825 0
v -0.43756477125 -0.7369988825 0
v -0.437846052331 -0.753463557369 0
v -0.429139542162 -0.755193070066 0
v -0.43756477125 -0.72801109125 0
v -0.43756477125 0.72801109125 0
v -0.42857698 0.7369988825 0
v -0.43756477125 0.7369988825 0
v -0.429068453471 0.752893944632 0
v -0.429139542162 0.755193070066 0
v -0.437846052331 0.753463557369 0
v -0.437810507986 0.750693784488 0
v -0.429210630853 0.757492195499 0
v -0.437881596676 0.75623333025 0
v -0.437687639618 0.743846333494 0
v -0.428822716736 0.744946413566 0
v -0.437723183963 0.764591688875 0
v -0.428893805426 0.7652211215 0
v -0.42857698 0.7729500475 0
v -0.4106013975 -0.78193783875 0
v -0.41958918875 -0.78193783875 0
v -0.4106013975 -0.7729500475 0
v -0.41958918875 -0.7729500475 0
v -0.410225313849 -0.7576362995 0
v -0.41016876079 -0.755333515805 0
v -0.413332980289 -0.755309498469 0
v -0.41494336657 -0.756448881653 0
v -0.41011220773 -0.753030732111 0
v -0.414886813511 -0.754146097958 0
v -0.419661419292 -0.755261463805 0
v -0.424436025072 -0.756376829652 0
v -0.419670404879 -0.764587997234 0
v -0.410413355675 -0.7652931735 0
v -0.41957948317 -0.745648745027 0
v -0.424364936381 -0.754077704219 0
v -0.410356802615 -0.745014807305 0
v -0.4106013975 -0.7369988825 0
v -0.41958918875 -0.7369988825 0
v -0.425980167871 -0.755215867977 0
v -0.41958918875 -0.72801109125 0
v -0.4106013975 -0.72801109125 0
v -0.4106013975 0.72801109125 0
v -0.41958918875 0.72801109125 0
v -0.4106013975 0.7369988825 0
v -0.41958918875 0.7369988825 0
v -0.419661419292 0.755261463805 0
v -0.424436025072 0.756376829652 0
v -0.425980167871 0.755215867977 0
v -0.424364936381 0.754077704219 0
v -0.41957948317 0.745648745027 0
v -0.410356802615 0.745014807305 0
v -0.41011220773 0.753030732111 0
v -0.414886813511 0.754146097958 0
v -0.413332980289 0.755309498469 0
v -0.41494336657 0.756448881653 0
v -0.41016876079 0.755333515805 0
v -0.410225313849 0.7576362995 0
v -0.410413355675 0.7652931735 0
v -0.419670404879 0.764587997234 0
v -0.4106013975 0.7729500475 0
v -0.41958918875 0.7729500475 0
v -0.41958918875 0.78193783875 0
v -0.4106013975 0.78193783875 0
v -0.40161360625 -0.78193783875 0
v -0.392625815 -0.7729500475 0
v -0.4014903109 -0.770706484992 0
v -0.40520872275 -0.7729500475 0
v -0.398917268875 -0.7729500475 0
v -0.397840338187 -0.767407636506 0
v -0.403054861375 -0.76646652375 0
v -0.392625815 -0.768348749261 0
v -0.392625815 -0.763747451022 0
v -0.3967634075 -0.761865225511 0
v -0.400901 -0.759983 0
v -0.392625815 -0.759360958011 0
v -0.396006090705 -0.758274065289 0
v -0.392625815 -0.754974465 0
v -0.39524877391 -0.754682905067 0
v -0.397871732819 -0.754391345133 0
v -0.39938636641 -0.757187172567 0
v -0.403991970275 -0.753711038622 0
v -0.4047775636 -0.756260344186 0
v -0.405563156925 -0.75880964975 0
v -0.406734108525 -0.765879848625 0
v -0.407905060125 -0.7729500475 0
v -0.401193706794 -0.756242697388 0
v -0.401491308808 -0.745500740528 0
v -0.392625815 -0.74598667375 0
v -0.392625815 -0.7369988825 0
v -0.40161360625 -0.7369988825 0
v -0.40161360625 -0.72801109125 0
v -0.40161360625 0.72801109125 0
v -0.392625815 0.7369988825 0
v -0.40161360625 0.7369988825 0
v -0.401491308808 0.745500740528 0
v -0.392625815 0.74598667375 0
v -0.392625815 0.754974465 0
v -0.401193706794 0.756242697388 0
v -0.397871732819 0.754391345133 0
v -0.39524877391 0.754682905067 0
v -0.396006090705 0.758274065289 0
v -0.39938636641 0.757187172567 0
v -0.392625815 0.759360958011 0
v -0.392625815 0.763747451022 0
v -0.3967634075 0.761865225511 0
v -0.400901 0.759983 0
v -0.392625815 0.768348749261 0
v -0.396941559063 0.767407636506 0
v -0.392625815 0.7729500475 0
v -0.397119710625 0.7729500475 0
v -0.40161360625 0.7729500475 0
v -0.401257303125 0.76646652375 0
v -0.406107501875 0.7729500475 0
v -0.4058353294 0.765879848625 0
v -0.405563156925 0.75880964975 0
v -0.4047775636 0.756260344186 0
v -0.403991970275 0.753711038622 0
v -0.4014903109 0.770706484992 0
v -0.40161360625 0.78193783875 0
v -0.3746502325 -0.8089012125 0
v -0.3746502325 -0.79092563 0
v -0.375387408295 -0.78355833163 0
v -0.384006611647 -0.78274808519 0
v -0.376124584089 -0.77619103326 0
v -0.384375199545 -0.77457054038 0
v -0.375792019719 -0.771405285602 0
v -0.375221126109 -0.763189875301 0
v -0.383923470555 -0.761275416656 0
v -0.384208917359 -0.767576368312 0
v -0.3746502325 -0.754974465 0
v -0.38363802375 -0.754974465 0
v -0.384292058452 -0.771073454346 0
v -0.375958301904 -0.773798159431 0
v -0.38363802375 -0.74598667375 0
v -0.3746502325 -0.7369988825 0
v -0.3746502325 0.7369988825 0
v -0.38363802375 0.74598667375 0
v -0.3746502325 0.754974465 0
v -0.38363802375 0.754974465 0
v -0.375792019719 0.771405285602 0
v -0.375958301904 0.773798159431 0
v -0.384292058452 0.771073454346 0
v -0.384208917359 0.767576368312 0
v -0.376124584089 0.77619103326 0
v -0.384375199545 0.77457054038 0
v -0.383923470555 0.761275416656 0
v -0.375221126109 0.763189875301 0
v -0.384006611647 0.78274808519 0
v -0.375387408295 0.78355833163 0
v -0.3746502325 0.79092563 0
v -0.3746502325 0.8089012125 0
v -0.35667465 -0.8089012125 0
v -0.35667465 -0.79991342125 0
v -0.36566244125 -0.79991342125 0
v -0.35667465 -0.79092563 0
v -0.36566244125 -0.79092563 0
v -0.35667465 -0.780101937336 0
v -0.35667465 -0.776525992418 0
v -0.360510221252 -0.775973140545 0
v -0.362428006878 -0.777484687066 0
v -0.35667465 -0.7729500475 0
v -0.362428006878 -0.773908742148 0
v -0.368181363755 -0.774867436796 0
v -0.372152973922 -0.775529235028 0
v -0.366549438019 -0.783630410255 0
v -0.35667465 -0.785513783668 0
v -0.365900299879 -0.764411642257 0
v -0.371986691737 -0.773136361199 0
v -0.35667465 -0.76396225625 0
v -0.35667465 -0.754974465 0
v -0.36566244125 -0.754974465 0
v -0.373365989187 -0.774154585217 0
v -0.36566244125 -0.74598667375 0
v -0.35667465 -0.74598667375 0
v -0.35667465 -0.7369988825 0
v -0.35667465 0.7369988825 0
v -0.35667465 0.74598667375 0
v -0.36566244125 0.74598667375 0
v -0.35667465 0.754974465 0
v -0.36566244125 0.754974465 0
v -0.368181363755 0.774867436796 0
v -0.372152973922 0.775529235028 0
v -0.373365989187 0.774154585217 0
v -0.371986691737 0.773136361199 0
v -0.365900299879 0.764411642257 0
v -0.35667465 0.76396225625 0
v -0.35667465 0.7729500475 0
v -0.362428006878 0.773908742148 0
v -0.360510221252 0.775973140545 0
v -0.362428006878 0.777484687066 0
v -0.35667465 0.776525992418 0
v -0.35667465 0.780101937336 0
v -0.35667465 0.785513783668 0
v -0.366549438019 0.783630410255 0
v -0.35667465 0.79092563 0
v -0.36566244125 0.79092563 0
v -0.36566244125 0.79991342125 0
v -0.35667465 0.79991342125 0
v -0.35667465 0.8089012125 0
v -0.3386990675 -0.81788900375 0
v -0.34768685875 -0.81788900375 0
v -0.3386990675 -0.8089012125 0
v -0.34768685875 -0.8089012125 0
v -0.347902694803 -0.800387881738 0
v -0.339130739606 -0.800862342226 0
v -0.339562411712 -0.792823471952 0
v -0.348118530856 -0.791874550976 0
v -0.339352092725 -0.787982113845 0
v -0.339025580113 -0.780466080672 0
v -0.347850115056 -0.778496036545 0
v -0.348013371363 -0.78404202559 0
v -0.3386990675 -0.7729500475 0
v -0.34768685875 -0.7729500475 0
v -0.348065951109 -0.787958288283 0
v -0.339457252219 -0.790402792898 0
v -0.34768685875 -0.76396225625 0
v -0.3386990675 -0.76396225625 0
v -0.3386990675 -0.754974465 0
v -0.34768685875 -0.754974465 0
v -0.34768685875 -0.74598667375 0
v -0.3386990675 -0.7369988825 0
v -0.3386990675 0.7369988825 0
v -0.34768685875 0.74598667375 0
v -0.3386990675 0.754974465 0
v -0.34768685875 0.754974465 0
v -0.34768685875 0.76396225625 0
v -0.3386990675 0.76396225625 0
v -0.3386990675 0.7729500475 0
v -0.34768685875 0.7729500475 0
v -0.339352092725 0.787982113845 0
v -0.339457252219 0.790402792898 0
v -0.348065951109 0.787958288283 0
v -0.348013371363 0.78404202559 0
v -0.339562411712 0.792823471952 0
v -0.348118530856 0.791874550976 0
v -0.347850115056 0.778496036545 0
v -0.339025580113 0.780466080672 0
v -0.347902694803 0.800387881738 0
v -0.339130739606 0.800862342226 0
v -0.3386990675 0.8089012125 0
v -0.34768685875 0.8089012125 0
v -0.34768685875 0.81788900375 0
v -0.3386990675 0.81788900375 0
v -0.32971127625 -0.81788900375 0
v -0.320723485 -0.8089012125 0
v -0.32971127625 -0.8089012125 0
v -0.320723485 -0.796456423651 0
v -0.320723485 -0.793691026825 0
v -0.324041404118 -0.793103476547 0
v -0.325700363678 -0.794192399822 0
v -0.320723485 -0.79092563 0
v -0.325700363678 -0.791427002997 0
v -0.330677242355 -0.791928375994 0
v -0.335119827034 -0.792375923973 0
v -0.330312161896 -0.8010019057 0
v -0.320723485 -0.802678818075 0
v -0.32965601922 -0.781938135175 0
v -0.33501466754 -0.789955244919 0
v -0.320723485 -0.78193783875 0
v -0.320723485 -0.7729500475 0
v -0.32971127625 -0.7729500475 0
v -0.336530582264 -0.790911320597 0
v -0.32971127625 -0.76396225625 0
v -0.32971127625 0.76396225625 0
v -0.320723485 0.7729500475 0
v -0.32971127625 0.7729500475 0
v -0.330677242355 0.791928375994 0
v -0.335119827034 0.792375923973 0
v -0.336530582264 0.790911320597 0
v -0.33501466754 0.789955244919 0
v -0.32965601922 0.781938135175 0
v -0.320723485 0.78193783875 0
v -0.320723485 0.79092563 0
v -0.325700363678 0.791427002997 0
v -0.324041404118 0.793103476547 0
v -0.325700363678 0.794192399822 0
v -0.320723485 0.793691026825 0
v -0.320723485 0.796456423651 0
v -0.320723485 0.802678818075 0
v -0.330312161896 0.8010019057 0
v -0.320723485 0.8089012125 0
v -0.32971127625 0.8089012125 0
v -0.32971127625 0.81788900375 0
v -0.3027479025 -0.8448523775 0
v -0.3027479025 -0.826876795 0
v -0.302874070918 -0.818166352822 0
v -0.311798777959 -0.818027678286 0
v -0.303000239335 -0.809455910643 0
v -0.311861862168 -0.809178561572 0
v -0.302933422988 -0.804549271983 0
v -0.302840662744 -0.797737450991 0
v -0.311782073872 -0.795714238908 0
v -0.311828453994 -0.800502847817 0
v -0.3027479025 -0.79092563 0
v -0.31173569375 -0.79092563 0
v -0.311845158081 -0.804840704694 0
v -0.302966831161 -0.807002591313 0
v -0.31173569375 -0.78193783875 0
v -0.3027479025 -0.7729500475 0
v -0.3027479025 0.7729500475 0
v -0.31173569375 0.78193783875 0
v -0.3027479025 0.79092563 0
v -0.31173569375 0.79092563 0
v -0.302933422988 0.804549271983 0
v -0.302966831161 0.807002591313 0
v -0.311845158081 0.804840704694 0
v -0.311828453994 0.800502847817 0
v -0.303000239335 0.809455910643 0
v -0.311861862168 0.809178561572 0
v -0.311782073872 0.795714238908 0
v -0.302840662744 0.797737450991 0
v -0.311798777959 0.818027678286 0
v -0.302874070918 0.818166352822 0
v -0.3027479025 0.826876795 0
v -0.3027479025 0.8448523775 0
v -0.28477232 -0.8448523775 0
v -0.28477232 -0.83586458625 0
v -0.29376011125 -0.83586458625 0
v -0.28477232 -0.826876795 0
v -0.29376011125 -0.826876795 0
v -0.284485706172 -0.812941292998 0
v -0.284435406379 -0.810495657806 0
v -0.287521161906 -0.809914760747 0
v -0.289089189566 -0.810847129813 0
v -0.284385106586 -0.808050022615 0
v -0.289038889774 -0.808401494622 0
v -0.293692672961 -0.808752966629 0
v -0.298346456148 -0.809104438636 0
v -0.294058106121 -0.818335293181 0
v -0.284629013086 -0.819909043999 0
v -0.293390852003 -0.799318024414 0
v -0.298313047974 -0.806651119306 0
v -0.284578713293 -0.799487826308 0
v -0.28477232 -0.79092563 0
v -0.29376011125 -0.79092563 0
v -0.299875445094 -0.80758604975 0
v -0.29376011125 -0.78193783875 0
v -0.28477232 -0.78193783875 0
v -0.28477232 -0.7729500475 0
v -0.28477232 0.7729500475 0
v -0.28477232 0.78193783875 0
v -0.29376011125 0.78193783875 0
v -0.28477232 0.79092563 0
v -0.29376011125 0.79092563 0
v -0.293692672961 0.808752966629 0
v -0.298346456148 0.809104438636 0
v -0.299875445094 0.80758604975 0
v -0.298313047974 0.806651119306 0
v -0.293390852003 0.799318024414 0
v -0.284578713293 0.799487826308 0
v -0.284385106586 0.808050022615 0
v -0.289038889774 0.808401494622 0
v -0.287521161906 0.809914760747 0
v -0.289089189566 0.810847129813 0
v -0.284435406379 0.810495657806 0
v -0.284485706172 0.812941292998 0
v -0.284629013086 0.819909043999 0
v -0.294058106121 0.818335293181 0
v -0.28477232 0.826876795 0
v -0.29376011125 0.826876795 0
v -0.29376011125 0.83586458625 0
v -0.28477232 0.83586458625 0
v -0.28477232 0.8448523775 0
v -0.2667967375 -0.85384016875 0
v -0.27578452875 -0.85384016875 0
v -0.2667967375 -0.8448523775 0
v -0.27578452875 -0.8448523775 0
v -0.27578452875 -0.83586458625 0
v -0.2667967375 -0.83586458625 0
v -0.2667967375 -0.826876795 0
v -0.27578452875 -0.826876795 0
v -0.2667967375 -0.820988153122 0
v -0.2667967375 -0.814944682811 0
v -0.27561607194 -0.812720170309 0
v -0.275641221836 -0.81696472306 0
v -0.2667967375 -0.8089012125 0
v -0.275590922043 -0.808475617558 0
v -0.275712875293 -0.82192075903 0
v -0.2667967375 -0.823932474061 0
v -0.275687725397 -0.799700623779 0
v -0.2667967375 -0.79991342125 0
v -0.2667967375 -0.79092563 0
v -0.27578452875 -0.79092563 0
v -0.27578452875 -0.78193783875 0
v -0.2667967375 -0.7729500475 0
v -0.2667967375 0.7729500475 0
v -0.27578452875 0.78193783875 0
v -0.2667967375 0.79092563 0
v -0.27578452875 0.79092563 0
v -0.275687725397 0.799700623779 0
v -0.2667967375 0.79991342125 0
v -0.2667967375 0.8089012125 0
v -0.275590922043 0.808475617558 0
v -0.2667967375 0.820988153122 0
v -0.2667967375 0.823932474061 0
v -0.275712875293 0.82192075903 0
v -0.275641221836 0.81696472306 0
v -0.2667967375 0.826876795 0
v -0.27578452875 0.826876795 0
v -0.27561607194 0.812720170309 0
v -0.2667967375 0.814944682811 0
v -0.27578452875 0.83586458625 0
v -0.2667967375 0.83586458625 0
v -0.2667967375 0.8448523775 0
v -0.27578452875 0.8448523775 0
v -0.27578452875 0.85384016875 0
v -0.2667967375 0.85384016875 0
v -0.25780894625 -0.85384016875 0
v -0.248821155 -0.8448523775 0
v -0.25780894625 -0.8448523775 0
v -0.248061891072 -0.829510791804 0
v -0.24794241264 -0.827096626556 0
v -0.250786911773 -0.826625479052 0
v -0.252268900556 -0.827596987925 0
v -0.247822934209 -0.824682461307 0
v -0.252149422124 -0.825182822677 0
v -0.25647591004 -0.825683184047 0
v -0.26163632377 -0.826279989523 0
v -0.257798609308 -0.835764211891 0
v -0.248441523036 -0.837181584652 0
v -0.257147381812 -0.816669434192 0
v -0.26163632377 -0.823335668584 0
v -0.248322044605 -0.816791836903 0
v -0.248821155 -0.8089012125 0
v -0.25780894625 -0.8089012125 0
v -0.263356461679 -0.824516044054 0
v -0.25780894625 -0.79991342125 0
v -0.25780894625 0.79991342125 0
v -0.248821155 0.8089012125 0
v -0.25780894625 0.8089012125 0
v -0.25647591004 0.825683184047 0
v -0.26163632377 0.826279989523 0
v -0.263356461679 0.824516044054 0
v -0.26163632377 0.823335668584 0
v -0.257147381812 0.816669434192 0
v -0.248322044605 0.816791836903 0
v -0.247822934209 0.824682461307 0
v -0.252149422124 0.825182822677 0
v -0.250786911774 0.826625479054 0
v -0.252268900556 0.827596987925 0
v -0.24794241264 0.827096626556 0
v -0.248061891072 0.829510791804 0
v -0.248441523036 0.837181584652 0
v -0.257798609308 0.835764211891 0
v -0.248821155 0.8448523775 0
v -0.25780894625 0.8448523775 0
v -0.25780894625 0.85384016875 0
v -0.2308455725 -0.85384016875 0
v -0.23983336375 -0.85384016875 0
v -0.2308455725 -0.8448523775 0
v -0.240411068976 -0.842680965254 0
v -0.24702359675 -0.8448523775 0
v -0.238934584625 -0.8448523775 0
v -0.238019250988 -0.838078065523 0
v -0.245183798375 -0.83825468875 0
v -0.230854703602 -0.837901442296 0
v -0.230863834704 -0.830950507092 0
v -0.237103917352 -0.831303753546 0
v -0.243344 -0.831657 0
v -0.230866790914 -0.828700129215 0
v -0.236953639978 -0.828567476687 0
v -0.230869747125 -0.826449751337 0
v -0.236803362605 -0.825831199827 0
v -0.242736978084 -0.825212648316 0
v -0.243040489042 -0.828434824158 0
v -0.245279956147 -0.824947554812 0
v -0.245491450841 -0.827765725357 0
v -0.245702945536 -0.830583895902 0
v -0.246812660705 -0.837718136701 0
v -0.247922375875 -0.8448523775 0
v -0.240579253074 -0.827444590144 0
v -0.239589852209 -0.817233659411 0
v -0.2308455725 -0.8089012125 0
v -0.2308455725 0.8089012125 0
v -0.239589852209 0.817233659411 0
v -0.230869747125 0.826449751337 0
v -0.240579253074 0.827444590144 0
v -0.242736978084 0.825212648316 0
v -0.236803362605 0.825831199827 0
v -0.236953639978 0.828567476687 0
v -0.243040489042 0.828434824158 0
v -0.230866790914 0.828700129215 0
v -0.230863834704 0.830950507092 0
v -0.237103917352 0.831303753546 0
v -0.243344 0.831657 0
v -0.230854703602 0.837901442296 0
v -0.237345166645 0.838078065523 0
v -0.2308455725 0.8448523775 0
v -0.237586415938 0.8448523775 0
v -0.244327259375 0.8448523775 0
v -0.243835629687 0.83825468875 0
v -0.246574207188 0.8448523775 0
v -0.246138576362 0.837718136701 0
v -0.245702945536 0.830583895902 0
v -0.245491450841 0.827765725357 0
v -0.245279956147 0.824947554812 0
v -0.240411068976 0.842680965254 0
v -0.23983336375 0.85384016875 0
v -0.2308455725 0.85384016875 0
v -0.22185778125 -0.85384016875 0
v -0.21286999 -0.8448523775 0
v -0.22185778125 -0.8448523775 0
v -0.212932675013 -0.829935437432 0
v -0.212942130163 -0.827685427455 0
v -0.221904460539 -0.828192778335 0
v -0.221898254858 -0.830442972262 0
v -0.212951585313 -0.825435417478 0
v -0.221910666219 -0.825942584408 0
v -0.221878018054 -0.837647674881 0
v -0.212901332507 -0.837393907466 0
v -0.221884223735 -0.817421898454 0
v -0.212910787657 -0.817168314989 0
v -0.21286999 -0.8089012125 0
v -0.21286999 0.8089012125 0
v -0.212910787657 0.817168314989 0
v -0.221884223735 0.817421898454 0
v -0.212951585313 0.825435417478 0
v -0.221910666219 0.825942584408 0
v -0.212932675013 0.829935437432 0
v -0.212901332507 0.837393907466 0
v -0.221878018054 0.837647674881 0
v -0.221898254858 0.830442972262 0
v -0.21286999 0.8448523775 0
v -0.22185778125 0.8448523775 0
v -0.221904460539 0.828192778335 0
v -0.212942130163 0.827685427455 0
v -0.22185778125 0.85384016875 0
v -0.1948944075 -0.85384016875 0
v -0.20388219875 -0.85384016875 0
v -0.1948944075 -0.8448523775 0
v -0.20388219875 -0.8448523775 0
v -0.195002809548 -0.828920441038 0
v -0.195018116525 -0.826670762328 0
v -0.203980123344 -0.827178094891 0
v -0.203967742281 -0.829427939235 0
v -0.195033423501 -0.824421083618 0
v -0.203992504407 -0.824928250548 0
v -0.203924970515 -0.837140158367 0
v -0.194948608524 -0.836886409269 0
v -0.203937351579 -0.816914731524 0
v -0.1948944075 -0.8089012125 0
v -0.1948944075 0.8089012125 0
v -0.203937351579 0.816914731524 0
v -0.195033423501 0.824421083618 0
v -0.203992504407 0.824928250548 0
v -0.195002809548 0.828920441038 0
v -0.194948608524 0.836886409269 0
v -0.203924970515 0.837140158367 0
v -0.203967742281 0.829427939235 0
v -0.1948944075 0.8448523775 0
v -0.20388219875 0.8448523775 0
v -0.203980123344 0.827178094891 0
v -0.195018116525 0.826670762328 0
v -0.20388219875 0.85384016875 0
v -0.1948944075 0.85384016875 0
v -0.18590661625 -0.85384016875 0
v -0.176918825 -0.8448523775 0
v -0.18590661625 -0.8448523775 0
v -0.177074054172 -0.827905507484 0
v -0.177094657931 -0.825656128621 0
v -0.186056387228 -0.826163445474 0
v -0.18603843186 -0.828412974261 0
v -0.177115261689 -0.823406749758 0
v -0.186074342595 -0.823913916688 0
v -0.185972524055 -0.83663267588 0
v -0.176996439586 -0.836378942492 0
v -0.185990479423 -0.816407564594 0
v -0.177017043345 -0.816153981129 0
v -0.176918825 -0.8089012125 0
v -0.176918825 0.8089012125 0
v -0.177017043345 0.816153981129 0
v -0.185990479423 0.816407564594 0
v -0.177115261689 0.823406749758 0
v -0.186074342595 0.823913916688 0
v -0.177074054172 0.827905507484 0
v -0.176996439586 0.836378942492 0
v -0.185972524055 0.83663267588 0
v -0.18603843186 0.828412974261 0
v -0.176918825 0.8448523775 0
v -0.18590661625 0.8448523775 0
v -0.186056387228 0.826163445474 0
v -0.177094657931 0.825656128621 0
v -0.18590661625 0.85384016875 0
v -0.1589432425 -0.85384016875 0
v -0.16793103375 -0.85384016875 0
v -0.1589432425 -0.8448523775 0
v -0.16793103375 -0.8448523775 0
v -0.159146258099 -0.826890628236 0
v -0.159171678988 -0.824641522067 0
v -0.168133168459 -0.825148825344 0
v -0.168110156136 -0.82739806786 0
v -0.159197099877 -0.822392415898 0
v -0.168156180783 -0.822899582828 0
v -0.168020594943 -0.83612522268 0
v -0.1590447503 -0.835871502868 0
v -0.168043607267 -0.815900397664 0
v -0.159070171189 -0.815646814199 0
v -0.1589432425 -0.8089012125 0
v -0.16793103375 -0.8089012125 0
v -0.16793103375 -0.79991342125 0
v -0.1589432425 -0.79991342125 0
v -0.1589432425 0.79991342125 0
v -0.16793103375 0.79991342125 0
v -0.1589432425 0.8089012125 0
v -0.16793103375 0.8089012125 0
v -0.168043607267 0.815900397664 0
v -0.159070171189 0.815646814199 0
v -0.159197099877 0.822392415898 0
v -0.168156180783 0.822899582828 0
v -0.159146258099 0.826890628236 0
v -0.1590447503 0.835871502868 0
v -0.168020594943 0.83612522268 0
v -0.168110156136 0.82739806786 0
v -0.1589432425 0.8448523775 0
v -0.16793103375 0.8448523775 0
v -0.168133168459 0.825148825344 0
v -0.159171678988 0.824641522067 0
v -0.16793103375 0.85384016875 0
v -0.1589432425 0.85384016875 0
v -0.14995545125 -0.85384016875 0
v -0.14096766 -0.8448523775 0
v -0.14995545125 -0.8448523775 0
v -0.149984029513 -0.826371961266 0
v -0.154590564695 -0.824382188582 0
v -0.156109129164 -0.825218335135 0
v -0.154565143806 -0.826631294751 0
v -0.150256230718 -0.836101363473 0
v -0.140869309575 -0.837601942067 0
v -0.14077095915 -0.830351506634 0
v -0.145377494332 -0.82836173395 0
v -0.143855733915 -0.827525406478 0
v -0.145398121297 -0.826112356401 0
v -0.140791586115 -0.828102129085 0
v -0.140812213081 -0.825852751536 0
v -0.14088993654 -0.817376982018 0
v -0.149664562574 -0.817149508967 0
v -0.14096766 -0.8089012125 0
v -0.14995545125 -0.8089012125 0
v -0.14995545125 -0.79991342125 0
v -0.14995545125 0.79991342125 0
v -0.14096766 0.8089012125 0
v -0.14995545125 0.8089012125 0
v -0.140812213081 0.825852751536 0
v -0.140791586115 0.828102129085 0
v -0.143855733915 0.827525406478 0
v -0.145398121297 0.826112356401 0
v -0.14077095915 0.830351506634 0
v -0.145377494332 0.82836173395 0
v -0.149984029513 0.826371961266 0
v -0.154590564695 0.824382188582 0
v -0.149664562574 0.817149508967 0
v -0.14088993654 0.817376982018 0
v -0.150256230718 0.836101363473 0
v -0.154565143806 0.826631294751 0
v -0.140869309575 0.837601942067 0
v -0.14096766 0.8448523775 0
v -0.14995545125 0.8448523775 0
v -0.156109129164 0.825218335135 0
v -0.14995545125 0.85384016875 0
v -0.1229920775 -0.8448523775 0
v -0.131895873497 -0.837348358602 0
v -0.122852797338 -0.829337172774 0
v -0.131811878244 -0.829844339704 0
v -0.122883462441 -0.82483781825 0
v -0.12293776997 -0.816869515375 0
v -0.131913853255 -0.817123248697 0
v -0.131847837761 -0.825345284893 0
v -0.1229920775 -0.8089012125 0
v -0.13197986875 -0.8089012125 0
v -0.131829858002 -0.827594812299 0
v -0.122868129889 -0.827087495512 0
v -0.13197986875 -0.79991342125 0
v -0.1229920775 -0.79991342125 0
v -0.1229920775 0.79991342125 0
v -0.13197986875 0.79991342125 0
v -0.1229920775 0.8089012125 0
v -0.13197986875 0.8089012125 0
v -0.122883462441 0.82483781825 0
v -0.122868129889 0.827087495512 0
v -0.131829858002 0.827594812299 0
v -0.131847837761 0.825345284893 0
v -0.122852797338 0.829337172774 0
v -0.131811878244 0.829844339704 0
v -0.131913853255 0.817123248697 0
v -0.12293776997 0.816869515375 0
v -0.131895873497 0.837348358602 0
v -0.1229920775 0.8448523775 0
v -0.105016495 -0.8448523775 0
v -0.104975565263 -0.836587608207 0
v -0.113949001341 -0.836841191672 0
v -0.104934635526 -0.828322838915 0
v -0.113893716432 -0.828830005845 0
v -0.104953602475 -0.823822822167 0
v -0.104985048738 -0.816362017333 0
v -0.113961409354 -0.816615766354 0
v -0.113918532458 -0.824330320209 0
v -0.105016495 -0.8089012125 0
v -0.11400428625 -0.8089012125 0
v -0.113906124445 -0.826580163027 0
v -0.104944119 -0.826072830541 0
v -0.11400428625 -0.79991342125 0
v -0.11400428625 0.79991342125 0
v -0.105016495 0.8089012125 0
v -0.11400428625 0.8089012125 0
v -0.104953602475 0.823822822167 0
v -0.104944119 0.826072830541 0
v -0.113906124445 0.826580163027 0
v -0.113918532458 0.824330320209 0
v -0.104934635526 0.828322838915 0
v -0.113893716432 0.828830005845 0
v -0.113961409354 0.816615766354 0
v -0.104985048738 0.816362017333 0
v -0.113949001341 0.836841191672 0
v -0.104975565263 0.836587608207 0
v -0.105016495 0.8448523775 0
v -0.0870409125 -0.8448523775 0
v -0.0960021291849 -0.836334024742 0
v -0.0870164737138 -0.827308505055 0
v -0.0959755546198 -0.827815671985 0
v -0.0870224492216 -0.822807752871 0
v -0.0870316808608 -0.815854482686 0
v -0.0960083647992 -0.81610825001 0
v -0.0959880258484 -0.823315287519 0
v -0.0870409125 -0.8089012125 0
v -0.09602870375 -0.8089012125 0
v -0.0959817902341 -0.825565479752 0
v -0.0870194614677 -0.825058128963 0
v -0.09602870375 -0.79991342125 0
v -0.0870409125 -0.79991342125 0
v -0.0870409125 0.79991342125 0
v -0.09602870375 0.79991342125 0
v -0.0870409125 0.8089012125 0
v -0.09602870375 0.8089012125 0
v -0.0870224492216 0.822807752871 0
v -0.0870194614677 0.825058128963 0
v -0.0959817902341 0.825565479752 0
v -0.0959880258484 0.823315287519 0
v -0.0870164737138 0.827308505055 0
v -0.0959755546198 0.827815671985 0
v -0.0960083647992 0.81610825001 0
v -0.0870316808608 0.815854482686 0
v -0.0960021291849 0.836334024742 0
v -0.0870409125 0.8448523775 0
v -0.06906533 -0.8448523775 0
v -0.06906533 -0.83586458625 0
v -0.0780470115534 -0.835972513764 0
v -0.06906533 -0.826876795 0
v -0.0780409018569 -0.827092650027 0
v -0.06906533 -0.821791213661 0
v -0.06906533 -0.815346213081 0
v -0.0780485054304 -0.815600347883 0
v -0.0780438896108 -0.822299483266 0
v -0.06906533 -0.8089012125 0
v -0.07805312125 -0.8089012125 0
v -0.0780423957338 -0.824696066647 0
v -0.06906533 -0.824334004331 0
v -0.07805312125 -0.79991342125 0
v -0.07805312125 0.79991342125 0
v -0.06906533 0.8089012125 0
v -0.07805312125 0.8089012125 0
v -0.06906533 0.821791213661 0
v -0.06906533 0.824334004331 0
v -0.0780423957338 0.824696066647 0
v -0.0780438896108 0.822299483266 0
v -0.06906533 0.826876795 0
v -0.0780409018569 0.827092650027 0
v -0.0780485054304 0.815600347883 0
v -0.06906533 0.815346213081 0
v -0.0780470115534 0.835972513764 0
v -0.06906533 0.83586458625 0
v -0.06906533 0.8448523775 0
v -0.0510897475 -0.8808035425 0
v -0.0510897475 -0.86282796 0
v -0.0510897475 -0.85384016875 0
v -0.06007753875 -0.85384016875 0
v -0.0510897475 -0.8448523775 0
v -0.06007753875 -0.8448523775 0
v -0.0605672130824 -0.836576545084 0
v -0.0520690961648 -0.837288503918 0
v -0.0530484448297 -0.829724630335 0
v -0.0600791221207 -0.82627765817 0
v -0.0610568874148 -0.828300712668 0
v -0.0570526661222 -0.829012671501 0
v -0.0560672290498 -0.825942296441 0
v -0.0593269437074 -0.824721356334 0
v -0.0528075143922 -0.827163236549 0
v -0.0525665839547 -0.824601842763 0
v -0.0550817919773 -0.822871921381 0
v -0.057597 -0.821142 0
v -0.0518281657273 -0.816751527631 0
v -0.0533104645199 -0.815886566941 0
v -0.0510897475 -0.8089012125 0
v -0.0515391370625 -0.8089012125 0
v -0.051988526625 -0.8089012125 0
v -0.0547927633125 -0.81502160625 0
v -0.0605269283125 -0.8089012125 0
v -0.0619290466562 -0.815183909665 0
v -0.063331165 -0.821466606831 0
v -0.0641961368537 -0.824527680332 0
v -0.0650611087074 -0.827588753834 0
v -0.0596312759454 -0.811103398682 0
v -0.06007753875 -0.79991342125 0
v -0.0510897475 -0.79991342125 0
v -0.0510897475 0.79991342125 0
v -0.06007753875 0.79991342125 0
v -0.0510897475 0.8089012125 0
v -0.0596312759454 0.811103398682 0
v -0.055583643125 0.8089012125 0
v -0.0533366953125 0.8089012125 0
v -0.0542092436449 0.815886566941 0
v -0.0565903215625 0.81502160625 0
v -0.0518281657273 0.816751527631 0
v -0.0525665839547 0.824601842763 0
v -0.0550817919773 0.822871921381 0
v -0.057597 0.821142 0
v -0.0528075143922 0.827163236549 0
v -0.0558670179852 0.825977894383 0
v -0.0530484448297 0.829724630335 0
v -0.056652243993 0.829083867385 0
v -0.0602560431563 0.828443104434 0
v -0.0589265215782 0.824792552217 0
v -0.0646606865782 0.827659949717 0
v -0.0639959257891 0.824563278274 0
v -0.063331165 0.821466606831 0
v -0.0628278257812 0.815183909665 0
v -0.0623244865625 0.8089012125 0
v -0.0600791221207 0.82627765817 0
v -0.0605672130824 0.836576545084 0
v -0.0520690961648 0.837288503918 0
v -0.0510897475 0.8448523775 0
v -0.06007753875 0.8448523775 0
v -0.06007753875 0.85384016875 0
v -0.0510897475 0.85384016875 0
v -0.0510897475 0.86282796 0
v -0.0510897475 0.8808035425 0
v -0.033114165 -0.8808035425 0
v -0.033114165 -0.87181575125 0
v -0.04210195625 -0.87181575125 0
v -0.033114165 -0.86282796 0
v -0.04210195625 -0.86282796 0
v -0.04210195625 -0.85384016875 0
v -0.033114165 -0.85384016875 0
v -0.033114165 -0.8448523775 0
v -0.04210195625 -0.8448523775 0
v -0.033114165 -0.837980917244 0
v -0.033114165 -0.832428856122 0
v -0.037570184606 -0.831214761434 0
v -0.039798194409 -0.833383744651 0
v -0.033114165 -0.826876795 0
v -0.039798194409 -0.827831683529 0
v -0.046482223818 -0.828786572057 0
v -0.0497653343238 -0.829255601196 0
v -0.0438149329374 -0.838001621943 0
v -0.033114165 -0.841416647372 0
v -0.0424464041485 -0.818349179623 0
v -0.0495244038863 -0.82669420741 0
v -0.033114165 -0.81788900375 0
v -0.033114165 -0.8089012125 0
v -0.04210195625 -0.8089012125 0
v -0.0506990842008 -0.827704348386 0
v -0.04210195625 -0.79991342125 0
v -0.04210195625 0.79991342125 0
v -0.033114165 0.8089012125 0
v -0.04210195625 0.8089012125 0
v -0.046482223818 0.828786572057 0
v -0.0497653343238 0.829255601196 0
v -0.0506990842008 0.827704348385 0
v -0.0495244038863 0.82669420741 0
v -0.0424464041485 0.818349179623 0
v -0.033114165 0.81788900375 0
v -0.033114165 0.826876795 0
v -0.039798194409 0.827831683529 0
v -0.037570184606 0.831214761434 0
v -0.039798194409 0.833383744651 0
v -0.033114165 0.832428856122 0
v -0.033114165 0.837980917244 0
v -0.033114165 0.841416647372 0
v -0.0438149329374 0.838001621943 0
v -0.033114165 0.8448523775 0
v -0.04210195625 0.8448523775 0
v -0.04210195625 0.85384016875 0
v -0.033114165 0.85384016875 0
v -0.033114165 0.86282796 0
v -0.04210195625 0.86282796 0
v -0.04210195625 0.87181575125 0
v -0.033114165 0.87181575125 0
v -0.033114165 0.8808035425 0
v -0.0151385825 -0.8808035425 0
v -0.02412637375 -0.87181575125 0
v -0.0151385825 -0.86282796 0
v -0.02412637375 -0.86282796 0
v -0.0151385825 -0.850344246333 0
v -0.0151385825 -0.847598311917 0
v -0.0178002049099 -0.846683000444 0
v -0.0191310161148 -0.847598311917 0
v -0.0151385825 -0.8448523775 0
v -0.0191310161148 -0.8448523775 0
v -0.0231234497296 -0.8448523775 0
v -0.0281188073648 -0.8448523775 0
v -0.0245868952928 -0.854361183961 0
v -0.0151385825 -0.856586103167 0
v -0.0234539348616 -0.835068565757 0
v -0.0281188073648 -0.841416647372 0
v -0.0151385825 -0.83586458625 0
v -0.0151385825 -0.826876795 0
v -0.02412637375 -0.826876795 0
v -0.0297839265765 -0.842561890748 0
v -0.02412637375 -0.81788900375 0
v -0.0151385825 -0.8089012125 0
v -0.0151385825 0.8089012125 0
v -0.02412637375 0.81788900375 0
v -0.0151385825 0.826876795 0
v -0.02412637375 0.826876795 0
v -0.0231234497296 0.8448523775 0
v -0.0281188073648 0.8448523775 0
v -0.0297839265765 0.842561890748 0
v -0.0281188073648 0.841416647372 0
v -0.0234539348616 0.835068565757 0
v -0.0151385825 0.83586458625 0
v -0.0151385825 0.8448523775 0
v -0.0191310161148 0.8448523775 0
v -0.0178002049099 0.846683000444 0
v -0.0191310161148 0.847598311917 0
v -0.0151385825 0.847598311917 0
v -0.0151385825 0.850344246333 0
v -0.0151385825 0.856586103167 0
v -0.0245868952928 0.854361183961 0
v -0.0151385825 0.86282796 0
v -0.02412637375 0.86282796 0
v -0.02412637375 0.87181575125 0
v -0.0151385825 0.8808035425 0
v 0.002837 -0.8808035425 0
v 0.00159178606592 -0.873626222009 0
v -0.00677339821704 -0.87272098663 0
v 0.00034657213184 -0.866448901518 0
v -0.00739600518408 -0.864638430759 0
v 0.000929311312224 -0.861395496493 0
v 0.00188315565611 -0.853123936996 0
v -0.00662771342194 -0.850361124456 0
v -0.00710463559389 -0.855869871413 0
v 0.002837 -0.8448523775 0
v -0.00615079125 -0.8448523775 0
v -0.00725032038898 -0.860254151086 0
v 0.000637941722032 -0.863922199005 0
v -0.00615079125 -0.83586458625 0
v -0.00615079125 0.83586458625 0
v 0.002837 0.8448523775 0
v -0.00615079125 0.8448523775 0
v 0.000929311312224 0.861395496493 0
v 0.000637941722032 0.863922199005 0
v -0.00725032038898 0.860254151086 0
v -0.00710463559389 0.855869871413 0
v 0.00034657213184 0.866448901518 0
v -0.00739600518408 0.864638430759 0
v -0.00662771342194 0.850361124456 0
v 0.00188315565611 0.853123936996 0
v -0.00677339821704 0.87272098663 0
v 0.00159178606592 0.873626222009 0
v 0.002837 0.8808035425 0
v 0.0208125825 -0.9167547075 0
v 0.0208125825 -0.898779125 0
v 0.0208125825 -0.88979133375 0
v 0.01182479125 -0.88979133375 0
v 0.0208125825 -0.8808035425 0
v 0.01182479125 -0.8808035425 0
v 0.0208125825 -0.875070904511 0
v 0.0208125825 -0.868949432256 0
v 0.0160930984888 -0.867743934514 0
v 0.0137333564831 -0.870201921771 0
v 0.0208125825 -0.86282796 0
v 0.0137333564831 -0.864080449515 0
v 0.0066541304663 -0.86533293903 0
v 0.00350035129907 -0.865890920274 0
v 0.00976911614785 -0.874317338426 0
v 0.0208125825 -0.877937223506 0
v 0.0112703955989 -0.854560605731 0
v 0.00379172088926 -0.863364217761 0
v 0.0208125825 -0.85384016875 0
v 0.0208125825 -0.8448523775 0
v 0.01182479125 -0.8448523775 0
v 0.00264333797012 -0.86439244568 0
v 0.01182479125 -0.83586458625 0
v 0.0208125825 -0.83586458625 0
v 0.0208125825 0.83586458625 0
v 0.01182479125 0.83586458625 0
v 0.0208125825 0.8448523775 0
v 0.01182479125 0.8448523775 0
v 0.0066541304663 0.86533293903 0
v 0.00350035129907 0.865890920274 0
v 0.00264333797012 0.86439244568 0
v 0.00379172088926 0.863364217761 0
v 0.0112703955989 0.854560605731 0
v 0.0208125825 0.85384016875 0
v 0.0208125825 0.86282796 0
v 0.0137333564831 0.864080449515 0
v 0.0160930984888 0.867743934514 0
v 0.0137333564831 0.870201921771 0
v 0.0208125825 0.868949432256 0
v 0.0208125825 0.875070904511 0
v 0.0208125825 0.877937223506 0
v 0.00976911614785 0.874317338426 0
v 0.0208125825 0.8808035425 0
v 0.01182479125 0.8808035425 0
v 0.01182479125 0.88979133375 0
v 0.0208125825 0.88979133375 0
v 0.0208125825 0.898779125 0
v 0.0208125825 0.9167547075 0
v 0.038788165 -0.9167547075 0
v 0.038788165 -0.90776691625 0
v 0.02980037375 -0.90776691625 0
v 0.038788165 -0.898779125 0
v 0.02980037375 -0.898779125 0
v 0.038788165 -0.8874342336 0
v 0.038788165 -0.88411888805 0
v 0.0355746148296 -0.883013772867 0
v 0.0339678397444 -0.88411888805 0
v 0.038788165 -0.8808035425 0
v 0.0339678397444 -0.8808035425 0
v 0.0291475144888 -0.8808035425 0
v 0.0249800484944 -0.8808035425 0
v 0.0291665053244 -0.8905353418 0
v 0.038788165 -0.8931066793 0
v 0.0302961380876 -0.871250731278 0
v 0.0249800484944 -0.877937223506 0
v 0.038788165 -0.87181575125 0
v 0.038788165 -0.86282796 0
v 0.02980037375 -0.86282796 0
v 0.0235908931629 -0.87889266317 0
v 0.02980037375 -0.85384016875 0
v 0.038788165 -0.85384016875 0
v 0.038788165 -0.8448523775 0
v 0.02980037375 -0.8448523775 0
v 0.02980037375 -0.83586458625 0
v 0.02980037375 0.83586458625 0
v 0.038788165 0.8448523775 0
v 0.02980037375 0.8448523775 0
v 0.02980037375 0.85384016875 0
v 0.038788165 0.85384016875 0
v 0.038788165 0.86282796 0
v 0.02980037375 0.86282796 0
v 0.0291475144888 0.8808035425 0
v 0.0249800484944 0.8808035425 0
v 0.0235908931629 0.87889266317 0
v 0.0249800484944 0.877937223506 0
v 0.0302961380876 0.871250731278 0
v 0.038788165 0.87181575125 0
v 0.038788165 0.8808035425 0
v 0.0339678397444 0.8808035425 0
v 0.0355746148296 0.883013772867 0
v 0.0339678397444 0.88411888805 0
v 0.038788165 0.88411888805 0
v 0.038788165 0.8874342336 0
v 0.038788165 0.8931066793 0
v 0.0291665053244 0.8905353418 0
v 0.038788165 0.898779125 0
v 0.02980037375 0.898779125 0
v 0.02980037375 0.90776691625 0
v 0.038788165 0.90776691625 0
v 0.038788165 0.9167547075 0
v 0.0567637475 -0.9527058725 0
v 0.0567637475 -0.93473029 0
v 0.0567637475 -0.92574249875 0
v 0.04777595625 -0.92574249875 0
v 0.0567637475 -0.9167547075 0
v 0.04777595625 -0.9167547075 0
v 0.0583308198615 -0.90087537095 0
v 0.0585828414295 -0.898321605473 0
v 0.056497311535 -0.897796244108 0
v 0.0553285358037 -0.898810446165 0
v 0.0588348629976 -0.895767839995 0
v 0.0555805573718 -0.896256680688 0
v 0.052326251746 -0.89674552138 0
v 0.045557208373 -0.89776232319 0
v 0.0481650105107 -0.907251624543 0
v 0.0575472836807 -0.908815039225 0
v 0.0495585899007 -0.88757696483 0
v 0.045557208373 -0.89208987749 0
v 0.0577993052488 -0.888285691248 0
v 0.0567637475 -0.8808035425 0
v 0.04777595625 -0.8808035425 0
v 0.043300860582 -0.89431962666 0
v 0.04777595625 -0.87181575125 0
v 0.0567637475 -0.87181575125 0
v 0.0567637475 -0.86282796 0
v 0.04777595625 -0.86282796 0
v 0.04777595625 -0.85384016875 0
v 0.0567637475 -0.8448523775 0
v 0.0567637475 0.8448523775 0
v 0.04777595625 0.85384016875 0
v 0.0567637475 0.86282796 0
v 0.04777595625 0.86282796 0
v 0.04777595625 0.87181575125 0
v 0.0567637475 0.87181575125 0
v 0.0567637475 0.8808035425 0
v 0.04777595625 0.8808035425 0
v 0.052326251746 0.89674552138 0
v 0.045557208373 0.89776232319 0
v 0.043300860582 0.89431962666 0
v 0.045557208373 0.89208987749 0
v 0.0495585899007 0.88757696483 0
v 0.0577993052488 0.888285691248 0
v 0.0588348629976 0.895767839995 0
v 0.0555805573718 0.896256680688 0
v 0.056497311535 0.897796244109 0
v 0.0553285358037 0.898810446165 0
v 0.0585828414295 0.898321605473 0
v 0.0583308198615 0.90087537095 0
v 0.0575472836807 0.908815039225 0
v 0.0481650105107 0.907251624543 0
v 0.0567637475 0.9167547075 0
v 0.04777595625 0.9167547075 0
v 0.04777595625 0.92574249875 0
v 0.0567637475 0.92574249875 0
v 0.0567637475 0.93473029 0
v 0.0567637475 0.9527058725 0
v 0.07473933 -0.9527058725 0
v 0.07473933 -0.94371808125 0
v 0.06575153875 -0.94371808125 0
v 0.07473933 -0.93473029 0
v 0.06575153875 -0.93473029 0
v 0.0656511071962 -0.925888520559 0
v 0.0745384668925 -0.926034542368 0
v 0.0743376037849 -0.917338794737 0
v 0.0655506756425 -0.917046751118 0
v 0.0744539289149 -0.911964597302 0
v 0.0745966294574 -0.905371861151 0
v 0.0665897354435 -0.901846733312 0
v 0.0663923743882 -0.906419984126 0
v 0.07473933 -0.898779125 0
v 0.0667870964988 -0.897273482498 0
v 0.0659715250153 -0.911733367622 0
v 0.0743957663499 -0.914651696019 0
v 0.0662693176244 -0.889038512499 0
v 0.07473933 -0.88979133375 0
v 0.07473933 -0.8808035425 0
v 0.06575153875 -0.8808035425 0
v 0.06575153875 -0.87181575125 0
v 0.06575153875 0.87181575125 0
v 0.07473933 0.8808035425 0
v 0.06575153875 0.8808035425 0
v 0.0662693176244 0.889038512499 0
v 0.07473933 0.88979133375 0
v 0.07473933 0.898779125 0
v 0.0667870964988 0.897273482498 0
v 0.0744539289149 0.911964597302 0
v 0.0743957663499 0.914651696019 0
v 0.0659715250153 0.911733367622 0
v 0.0663923743882 0.906419984126 0
v 0.0743376037849 0.917338794737 0
v 0.0655506756425 0.917046751118 0
v 0.0665897354435 0.901846733312 0
v 0.0745966294574 0.905371861151 0
v 0.0656511071962 0.925888520559 0
v 0.0745384668925 0.926034542368 0
v 0.07473933 0.93473029 0
v 0.06575153875 0.93473029 0
v 0.06575153875 0.94371808125 0
v 0.07473933 0.94371808125 0
v 0.07473933 0.9527058725 0
v 0.0927149125 -0.9527058725 0
v 0.08372712125 -0.94371808125 0
v 0.0927149125 -0.93473029 0
v 0.08372712125 -0.93473029 0
v 0.0927149125 -0.924524220867 0
v 0.0927149125 -0.920639464183 0
v 0.089115754487 -0.91945893757 0
v 0.0873161754805 -0.920811052605 0
v 0.0927149125 -0.9167547075 0
v 0.0873161754805 -0.916926295921 0
v 0.0819174384611 -0.917097884342 0
v 0.078127521123 -0.917218339539 0
v 0.0828594945224 -0.926814321052 0
v 0.0927149125 -0.929627255433 0
v 0.0840144220377 -0.907455640037 0
v 0.078185683688 -0.914531240822 0
v 0.0927149125 -0.90776691625 0
v 0.0927149125 -0.898779125 0
v 0.08372712125 -0.898779125 0
v 0.0769029903869 -0.915467092127 0
v 0.08372712125 -0.88979133375 0
v 0.0927149125 -0.8808035425 0
v 0.0927149125 0.8808035425 0
v 0.08372712125 0.88979133375 0
v 0.0927149125 0.898779125 0
v 0.08372712125 0.898779125 0
v 0.0819174384611 0.917097884342 0
v 0.078127521123 0.917218339539 0
v 0.076902990387 0.915467092127 0
v 0.078185683688 0.914531240822 0
v 0.0840144220377 0.907455640037 0
v 0.0927149125 0.90776691625 0
v 0.0927149125 0.9167547075 0
v 0.0873161754805 0.916926295921 0
v 0.089115754487 0.91945893757 0
v 0.0873161754805 0.920811052605 0
v 0.0927149125 0.920639464183 0
v 0.0927149125 0.924524220867 0
v 0.0927149125 0.929627255433 0
v 0.0828594945224 0.926814321052 0
v 0.0927149125 0.93473029 0
v 0.08372712125 0.93473029 0
v 0.08372712125 0.94371808125 0
v 0.0927149125 0.9527058725 0
v 0.110690495 -0.9527058725 0
v 0.110690495 -0.94371808125 0
v 0.10170270375 -0.94371808125 0
v 0.110690495 -0.93473029 0
v 0.100528344892 -0.932814655446 0
v 0.09451247075 -0.93473029 0
v 0.102601482875 -0.93473029 0
v 0.103332615188 -0.929800959599 0
v 0.095974735375 -0.931251145 0
v 0.110690495 -0.928350774197 0
v 0.110690495 -0.921971258395 0
v 0.1040637475 -0.924871629197 0
v 0.097437 -0.927772 0
v 0.110690495 -0.919362982947 0
v 0.104231394313 -0.920813168349 0
v 0.110690495 -0.9167547075 0
v 0.104399041125 -0.9167547075 0
v 0.09810758725 -0.9167547075 0
v 0.097772293625 -0.92226335375 0
v 0.095411249875 -0.9167547075 0
v 0.0952436030625 -0.921451408967 0
v 0.09507595625 -0.926148110433 0
v 0.0943448239375 -0.930439200217 0
v 0.093613691625 -0.93473029 0
v 0.100891412476 -0.918850078813 0
v 0.10170270375 -0.90776691625 0
v 0.110690495 -0.90776691625 0
v 0.110690495 -0.898779125 0
v 0.10170270375 -0.898779125 0
v 0.10170270375 -0.88979133375 0
v 0.110690495 -0.88979133375 0
v 0.110690495 -0.8808035425 0
v 0.110690495 0.8808035425 0
v 0.110690495 0.88979133375 0
v 0.10170270375 0.88979133375 0
v 0.110690495 0.898779125 0
v 0.10170270375 0.898779125 0
v 0.10170270375 0.90776691625 0
v 0.110690495 0.90776691625 0
v 0.110690495 0.9167547075 0
v 0.100891412476 0.918850078813 0
v 0.09810758725 0.9167547075 0
v 0.104399041125 0.9167547075 0
v 0.104231394313 0.920813168349 0
v 0.097772293625 0.92226335375 0
v 0.110690495 0.919362982947 0
v 0.110690495 0.921971258395 0
v 0.1040637475 0.924871629197 0
v 0.097437 0.927772 0
v 0.110690495 0.928350774197 0
v 0.104006699531 0.929800959599 0
v 0.110690495 0.93473029 0
v 0.103949651562 0.93473029 0
v 0.097208808125 0.93473029 0
v 0.0973229040625 0.931251145 0
v 0.0949618603125 0.93473029 0
v 0.0950189082812 0.930439200217 0
v 0.09507595625 0.926148110433 0
v 0.0952436030625 0.921451408967 0
v 0.095411249875 0.9167547075 0
v 0.100528344892 0.932814655446 0
v 0.10170270375 0.94371808125 0
v 0.110690495 0.94371808125 0
v 0.110690495 0.9527058725 0
v 0.1286660775 -0.9527058725 0
v 0.11967828625 -0.94371808125 0
v 0.1286660775 -0.93473029 0
v 0.11967828625 -0.93473029 0
v 0.120381290734 -0.917729826078 0
v 0.115535892867 -0.917242266789 0
v 0.113920760245 -0.918818597324 0
v 0.115535892867 -0.919850542237 0
v 0.120229263747 -0.926781493692 0
v 0.129080138688 -0.926688542938 0
v 0.129494199876 -0.918646795876 0
v 0.124937745305 -0.918188310977 0
v 0.126389628098 -0.916735277049 0
v 0.124837342209 -0.915779517636 0
v 0.12939379678 -0.916238002535 0
v 0.129293393684 -0.913829209194 0
v 0.128979735592 -0.906304167097 0
v 0.119610401632 -0.907750098233 0
v 0.1286660775 -0.898779125 0
v 0.11967828625 -0.898779125 0
v 0.11967828625 -0.88979133375 0
v 0.1286660775 -0.8808035425 0
v 0.1286660775 0.8808035425 0
v 0.11967828625 0.88979133375 0
v 0.1286660775 0.898779125 0
v 0.11967828625 0.898779125 0
v 0.129293393684 0.913829209194 0
v 0.12939379678 0.916238002535 0
v 0.126389628098 0.916735277049 0
v 0.124837342209 0.915779517636 0
v 0.129494199876 0.918646795876 0
v 0.124937745305 0.918188310977 0
v 0.120381290734 0.917729826078 0
v 0.115535892867 0.917242266789 0
v 0.119610401632 0.907750098233 0
v 0.128979735592 0.906304167097 0
v 0.120229263747 0.926781493692 0
v 0.115535892867 0.919850542237 0
v 0.129080138688 0.926688542938 0
v 0.1286660775 0.93473029 0
v 0.11967828625 0.93473029 0
v 0.113920760245 0.918818597325 0
v 0.11967828625 0.94371808125 0
v 0.1286660775 0.9527058725 0
v 0.137860899344 -0.926215520844 0
v 0.14664166 -0.9167547075 0
v 0.138067929938 -0.917700751688 0
v 0.14664166 -0.906236282937 0
v 0.14664166 -0.902507703968 0
v 0.137810697796 -0.904405935533 0
v 0.137967526842 -0.910032746065 0
v 0.14664166 -0.898779125 0
v 0.13765386875 -0.898779125 0
v 0.13801772839 -0.913866748877 0
v 0.14664166 -0.911495495218 0
v 0.13765386875 -0.88979133375 0
v 0.14664166 -0.88979133375 0
v 0.14664166 -0.8808035425 0
v 0.14664166 0.8808035425 0
v 0.14664166 0.88979133375 0
v 0.13765386875 0.88979133375 0
v 0.14664166 0.898779125 0
v 0.13765386875 0.898779125 0
v 0.14664166 0.906236282937 0
v 0.14664166 0.911495495218 0
v 0.13801772839 0.913866748877 0
v 0.137967526842 0.910032746065 0
v 0.14664166 0.9167547075 0
v 0.138067929938 0.917700751688 0
v 0.137810697796 0.904405935533 0
v 0.14664166 0.902507703968 0
v 0.137860899344 0.926215520844 0
v 0.1646172425 -0.92574249875 0
v 0.15562945125 -0.92574249875 0
v 0.1646172425 -0.9167547075 0
v 0.15562945125 -0.9167547075 0
v 0.158480519974 -0.901054693657 0
v 0.152561089987 -0.899916909328 0
v 0.150587946658 -0.902023367198 0
v 0.152561089987 -0.903645488297 0
v 0.156567637334 -0.909651545682 0
v 0.165442806366 -0.90965315896 0
v 0.166268370231 -0.90255161042 0
v 0.162374445103 -0.901803152038 0
v 0.163552270268 -0.900470066659 0
v 0.162194220286 -0.899429294779 0
v 0.166088145415 -0.90017775316 0
v 0.165907920598 -0.8978038959 0
v 0.165262581549 -0.8893037192 0
v 0.155961572516 -0.890401996826 0
v 0.1646172425 -0.8808035425 0
v 0.15562945125 -0.8808035425 0
v 0.15562945125 -0.87181575125 0
v 0.1646172425 -0.87181575125 0
v 0.1646172425 0.87181575125 0
v 0.15562945125 0.87181575125 0
v 0.1646172425 0.8808035425 0
v 0.15562945125 0.8808035425 0
v 0.165907920598 0.8978038959 0
v 0.166088145415 0.90017775316 0
v 0.163552270268 0.90047006666 0
v 0.162194220286 0.899429294779 0
v 0.166268370231 0.90255161042 0
v 0.162374445103 0.901803152038 0
v 0.158480519974 0.901054693657 0
v 0.152561089987 0.899916909328 0
v 0.155961572516 0.890401996826 0
v 0.165262581549 0.8893037192 0
v 0.156567637334 0.909651545682 0
v 0.152561089987 0.903645488297 0
v 0.165442806366 0.90965315896 0
v 0.1646172425 0.9167547075 0
v 0.15562945125 0.9167547075 0
v 0.150587946658 0.902023367198 0
v 0.15562945125 0.92574249875 0
v 0.1646172425 0.92574249875 0
v 0.17360503375 -0.92574249875 0
v 0.182592825 -0.9167547075 0
v 0.17360503375 -0.9167547075 0
v 0.174017815683 -0.908710037605 0
v 0.182592825 -0.90776691625 0
v 0.182592825 -0.898779125 0
v 0.174430597616 -0.90066536771 0
v 0.182592825 -0.890501307478 0
v 0.182592825 -0.885652424989 0
v 0.173927703275 -0.887478072095 0
v 0.174250372799 -0.894152601689 0
v 0.182592825 -0.8808035425 0
v 0.17360503375 -0.8808035425 0
v 0.174340485207 -0.8974089847 0
v 0.182592825 -0.894640216239 0
v 0.17360503375 -0.87181575125 0
v 0.17360503375 0.87181575125 0
v 0.182592825 0.8808035425 0
v 0.17360503375 0.8808035425 0
v 0.182592825 0.890501307478 0
v 0.182592825 0.894640216239 0
v 0.174340485207 0.8974089847 0
v 0.174250372799 0.894152601689 0
v 0.182592825 0.898779125 0
v 0.174430597616 0.90066536771 0
v 0.173927703275 0.887478072095 0
v 0.182592825 0.885652424989 0
v 0.174017815683 0.908710037605 0
v 0.182592825 0.90776691625 0
v 0.182592825 0.9167547075 0
v 0.17360503375 0.9167547075 0
v 0.17360503375 0.92574249875 0
v 0.2005684075 -0.9167547075 0
v 0.19158061625 -0.90776691625 0
v 0.2005684075 -0.898779125 0
v 0.19158061625 -0.898779125 0
v 0.199702068126 -0.883012996023 0
v 0.199570456927 -0.880617861731 0
v 0.191081640964 -0.88313514336 0
v 0.191147446563 -0.88675715175 0
v 0.199438845728 -0.878222727439 0
v 0.191015835364 -0.87951313497 0
v 0.191364031407 -0.892768138375 0
v 0.200135237813 -0.890896060511 0
v 0.191298225807 -0.871170547485 0
v 0.200003626614 -0.87052534372 0
v 0.2005684075 -0.86282796 0
v 0.2005684075 -0.8448523775 0
v 0.2005684075 0.8448523775 0
v 0.2005684075 0.86282796 0
v 0.200003626614 0.87052534372 0
v 0.191298225807 0.871170547485 0
v 0.199438845728 0.878222727439 0
v 0.191015835364 0.87951313497 0
v 0.199702068126 0.883012996023 0
v 0.200135237813 0.890896060511 0
v 0.191364031407 0.892768138375 0
v 0.191147446563 0.88675715175 0
v 0.2005684075 0.898779125 0
v 0.19158061625 0.898779125 0
v 0.191081640964 0.88313514336 0
v 0.199570456927 0.880617861731 0
v 0.19158061625 0.90776691625 0
v 0.2005684075 0.9167547075 0
v 0.21854399 -0.9167547075 0
v 0.21854399 -0.90776691625 0
v 0.20955619875 -0.90776691625 0
v 0.21854399 -0.898779125 0
v 0.20955619875 -0.898779125 0
v 0.208003453176 -0.879379675933 0
v 0.203721149452 -0.878801201686 0
v 0.202381455677 -0.880205133133 0
v 0.203852760651 -0.881196335978 0
v 0.209475242813 -0.8895759349 0
v 0.21854399 -0.88979133375 0
v 0.21854399 -0.8808035425 0
v 0.213273721588 -0.880091609217 0
v 0.215030477725 -0.878316516816 0
v 0.213273721588 -0.877073003976 0
v 0.21854399 -0.87778493726 0
v 0.21854399 -0.87476633202 0
v 0.21854399 -0.86879714601 0
v 0.208869714644 -0.870472827662 0
v 0.21854399 -0.86282796 0
v 0.20955619875 -0.86282796 0
v 0.20955619875 -0.85384016875 0
v 0.21854399 -0.85384016875 0
v 0.21854399 -0.8448523775 0
v 0.21854399 0.8448523775 0
v 0.21854399 0.85384016875 0
v 0.20955619875 0.85384016875 0
v 0.21854399 0.86282796 0
v 0.20955619875 0.86282796 0
v 0.21854399 0.87476633202 0
v 0.21854399 0.87778493726 0
v 0.215030477726 0.878316516818 0
v 0.213273721588 0.877073003976 0
v 0.21854399 0.8808035425 0
v 0.213273721588 0.880091609217 0
v 0.208003453176 0.879379675933 0
v 0.203721149452 0.878801201686 0
v 0.208869714644 0.870472827662 0
v 0.21854399 0.86879714601 0
v 0.209475242813 0.8895759349 0
v 0.203852760651 0.881196335978 0
v 0.21854399 0.88979133375 0
v 0.21854399 0.898779125 0
v 0.20955619875 0.898779125 0
v 0.202381455677 0.880205133131 0
v 0.20955619875 0.90776691625 0
v 0.21854399 0.90776691625 0
v 0.21854399 0.9167547075 0
v 0.2365195725 -0.9167547075 0
v 0.22753178125 -0.90776691625 0
v 0.2365195725 -0.898779125 0
v 0.22753178125 -0.898779125 0
v 0.22753178125 -0.88979133375 0
v 0.2365195725 -0.88979133375 0
v 0.2365195725 -0.8808035425 0
v 0.22753178125 -0.8808035425 0
v 0.236292962439 -0.86699802616 0
v 0.236252989261 -0.864562784071 0
v 0.227398489631 -0.866679965041 0
v 0.22741847622 -0.87088217909 0
v 0.236213016084 -0.862127541983 0
v 0.227378503042 -0.862477750991 0
v 0.227475128735 -0.875842860795 0
v 0.23640626747 -0.87390078433 0
v 0.227455142146 -0.853665064246 0
v 0.236366294292 -0.853489959741 0
v 0.2365195725 -0.8448523775 0
v 0.22753178125 -0.8448523775 0
v 0.22753178125 -0.83586458625 0
v 0.2365195725 -0.83586458625 0
v 0.2365195725 0.83586458625 0
v 0.22753178125 0.83586458625 0
v 0.2365195725 0.8448523775 0
v 0.22753178125 0.8448523775 0
v 0.227455142146 0.853665064246 0
v 0.236366294292 0.853489959741 0
v 0.236213016084 0.862127541983 0
v 0.227378503042 0.862477750991 0
v 0.236292962439 0.86699802616 0
v 0.23640626747 0.87390078433 0
v 0.227475128735 0.875842860795 0
v 0.22741847622 0.87088217909 0
v 0.2365195725 0.8808035425 0
v 0.22753178125 0.8808035425 0
v 0.227398489631 0.866679965041 0
v 0.236252989261 0.864562784071 0
v 0.22753178125 0.88979133375 0
v 0.2365195725 0.88979133375 0
v 0.2365195725 0.898779125 0
v 0.22753178125 0.898779125 0
v 0.22753178125 0.90776691625 0
v 0.2365195725 0.9167547075 0
v 0.24550736375 -0.88979133375 0
v 0.254495155 -0.8808035425 0
v 0.24550736375 -0.8808035425 0
v 0.245557737288 -0.862943053118 0
v 0.240885376686 -0.862535297551 0
v 0.239354571938 -0.864022873756 0
v 0.240925349864 -0.864970539639 0
v 0.245846427577 -0.872389474687 0
v 0.254698806747 -0.872281053377 0
v 0.254902458493 -0.863758564253 0
v 0.250230097891 -0.863350808686 0
v 0.251752653614 -0.861866842887 0
v 0.250177751173 -0.860920982203 0
v 0.254850111776 -0.861328737771 0
v 0.254797765058 -0.858898911289 0
v 0.254646460029 -0.851875644394 0
v 0.245221411285 -0.853382184388 0
v 0.254495155 -0.8448523775 0
v 0.24550736375 -0.8448523775 0
v 0.24550736375 -0.83586458625 0
v 0.24550736375 0.83586458625 0
v 0.254495155 0.8448523775 0
v 0.24550736375 0.8448523775 0
v 0.254797765058 0.858898911289 0
v 0.254850111776 0.861328737771 0
v 0.251752653613 0.861866842886 0
v 0.250177751173 0.860920982203 0
v 0.254902458493 0.863758564253 0
v 0.250230097891 0.863350808686 0
v 0.245557737288 0.862943053118 0
v 0.240885376686 0.862535297551 0
v 0.245221411285 0.853382184388 0
v 0.254646460029 0.851875644394 0
v 0.245846427577 0.872389474687 0
v 0.240925349864 0.864970539639 0
v 0.254698806747 0.872281053377 0
v 0.254495155 0.8808035425 0
v 0.24550736375 0.8808035425 0
v 0.239354571937 0.864022873754 0
v 0.24550736375 0.88979133375 0
v 0.2724707375 -0.8808035425 0
v 0.263584772123 -0.872048402313 0
v 0.2724707375 -0.86282796 0
v 0.263686597997 -0.863293262127 0
v 0.2724707375 -0.851163868832 0
v 0.2724707375 -0.848008123166 0
v 0.263558598765 -0.84994188378 0
v 0.263634251279 -0.85503139006 0
v 0.2724707375 -0.8448523775 0
v 0.26348294625 -0.8448523775 0
v 0.263660424638 -0.859162326093 0
v 0.2724707375 -0.856995914416 0
v 0.26348294625 -0.83586458625 0
v 0.2724707375 -0.83586458625 0
v 0.2724707375 -0.826876795 0
v 0.2724707375 -0.8089012125 0
v 0.2724707375 0.8089012125 0
v 0.2724707375 0.826876795 0
v 0.2724707375 0.83586458625 0
v 0.26348294625 0.83586458625 0
v 0.2724707375 0.8448523775 0
v 0.26348294625 0.8448523775 0
v 0.2724707375 0.851163868832 0
v 0.2724707375 0.856995914416 0
v 0.263660424638 0.859162326093 0
v 0.263634251279 0.85503139006 0
v 0.2724707375 0.86282796 0
v 0.263686597997 0.863293262127 0
v 0.263558598765 0.84994188378 0
v 0.2724707375 0.848008123166 0
v 0.263584772123 0.872048402313 0
v 0.2724707375 0.8808035425 0
v 0.29044632 -0.8808035425 0
v 0.29044632 -0.87181575125 0
v 0.28145852875 -0.87181575125 0
v 0.29044632 -0.86282796 0
v 0.280606236586 -0.860748928365 0
v 0.273369516625 -0.86282796 0
v 0.281907918312 -0.86282796 0
v 0.282994750711 -0.854592852581 0
v 0.274703258312 -0.85621548 0
v 0.288290640695 -0.853206275063 0
v 0.29044632 -0.8448523775 0
v 0.286530845025 -0.8448523775 0
v 0.28261537005 -0.8448523775 0
v 0.279326185025 -0.84722768875 0
v 0.276037 -0.849603 0
v 0.2784418329 -0.8448523775 0
v 0.277640221933 -0.846435918333 0
v 0.27426829575 -0.8448523775 0
v 0.275152647875 -0.84722768875 0
v 0.273369516625 -0.8448523775 0
v 0.273811692687 -0.847617905958 0
v 0.27425386875 -0.850383434416 0
v 0.273586997906 -0.856605697208 0
v 0.272920127063 -0.86282796 0
v 0.28783600335 -0.842967316471 0
v 0.286530845025 -0.842024785958 0
v 0.29044632 -0.842024785958 0
v 0.29044632 -0.839197194416 0
v 0.29044632 -0.833036994708 0
v 0.280989343989 -0.83534204512 0
v 0.29044632 -0.826876795 0
v 0.28145852875 -0.826876795 0
v 0.277543053775 -0.8448523775 0
v 0.28145852875 -0.81788900375 0
v 0.29044632 -0.81788900375 0
v 0.29044632 -0.8089012125 0
v 0.29044632 0.8089012125 0
v 0.29044632 0.81788900375 0
v 0.28145852875 0.81788900375 0
v 0.29044632 0.826876795 0
v 0.28145852875 0.826876795 0
v 0.29044632 0.839197194416 0
v 0.29044632 0.842024785958 0
v 0.28783600335 0.842967316473 0
v 0.286530845025 0.842024785958 0
v 0.29044632 0.8448523775 0
v 0.286530845025 0.8448523775 0
v 0.28261537005 0.8448523775 0
v 0.277543053775 0.8448523775 0
v 0.280989343989 0.83534204512 0
v 0.29044632 0.833036994708 0
v 0.27426829575 0.8448523775 0
v 0.2784418329 0.8448523775 0
v 0.277640221933 0.846435918333 0
v 0.275152647875 0.84722768875 0
v 0.279326185025 0.84722768875 0
v 0.276037 0.849603 0
v 0.284886252513 0.848062286156 0
v 0.29044632 0.848896883562 0
v 0.29044632 0.852941389625 0
v 0.28324166 0.851272194812 0
v 0.29044632 0.857884674812 0
v 0.281084196658 0.856923115956 0
v 0.29044632 0.86282796 0
v 0.280606236586 0.860748928365 0
v 0.27425386875 0.850383434416 0
v 0.273811692687 0.847617905958 0
v 0.273369516625 0.8448523775 0
v 0.28145852875 0.87181575125 0
v 0.29044632 0.87181575125 0
v 0.29044632 0.8808035425 0
v 0.3084219025 -0.8808035425 0
v 0.29943411125 -0.87181575125 0
v 0.3084219025 -0.86282796 0
v 0.29943411125 -0.86282796 0
v 0.29943411125 -0.85384016875 0
v 0.3084219025 -0.85384016875 0
v 0.3084219025 -0.8448523775 0
v 0.29943411125 -0.8448523775 0
v 0.304442203473 -0.829089955324 0
v 0.297444261737 -0.827983375162 0
v 0.295111614491 -0.831721314913 0
v 0.297444261737 -0.83414357487 0
v 0.30147558464 -0.838247683521 0
v 0.309580571349 -0.837469039657 0
v 0.310739240198 -0.830085701814 0
v 0.307590721836 -0.829587828569 0
v 0.308452904981 -0.828041329141 0
v 0.307309737373 -0.827019142804 0
v 0.310458255735 -0.827517016049 0
v 0.310177271272 -0.824948330284 0
v 0.309299586886 -0.816924771392 0
v 0.299906549479 -0.818486849711 0
v 0.3084219025 -0.8089012125 0
v 0.29943411125 -0.8089012125 0
v 0.29943411125 -0.79991342125 0
v 0.3084219025 -0.79991342125 0
v 0.3084219025 -0.79092563 0
v 0.3084219025 -0.7729500475 0
v 0.3084219025 0.7729500475 0
v 0.3084219025 0.79092563 0
v 0.3084219025 0.79991342125 0
v 0.29943411125 0.79991342125 0
v 0.3084219025 0.8089012125 0
v 0.29943411125 0.8089012125 0
v 0.310177271272 0.824948330284 0
v 0.310458255735 0.827517016049 0
v 0.30845290498 0.828041329139 0
v 0.307309737373 0.827019142804 0
v 0.310739240198 0.830085701814 0
v 0.307590721836 0.829587828569 0
v 0.304442203473 0.829089955324 0
v 0.297444261737 0.827983375162 0
v 0.299906549479 0.818486849711 0
v 0.309299586886 0.816924771392 0
v 0.301475584639 0.83824768352 0
v 0.297444261737 0.83414357487 0
v 0.309580571349 0.837469039657 0
v 0.3084219025 0.8448523775 0
v 0.29943411125 0.8448523775 0
v 0.295111614491 0.831721314914 0
v 0.29943411125 0.85384016875 0
v 0.288290640695 0.853206275063 0
v 0.3084219025 0.85384016875 0
v 0.3084219025 0.86282796 0
v 0.29943411125 0.86282796 0
v 0.29943411125 0.87181575125 0
v 0.3084219025 0.8808035425 0
v 0.31740969375 -0.85384016875 0
v 0.326397485 -0.8448523775 0
v 0.31740969375 -0.8448523775 0
v 0.317989028175 -0.836666812954 0
v 0.326397485 -0.83586458625 0
v 0.326397485 -0.826876795 0
v 0.318568362599 -0.828481248407 0
v 0.32598923595 -0.813529593638 0
v 0.325906293445 -0.81081789029 0
v 0.317602940166 -0.813871330841 0
v 0.318083253611 -0.819238961961 0
v 0.32582335094 -0.808106186942 0
v 0.31712262672 -0.808503699721 0
v 0.318325808105 -0.823860105184 0
v 0.326193360475 -0.820203194319 0
v 0.317266160235 -0.799714664861 0
v 0.32611041797 -0.799515908471 0
v 0.326397485 -0.79092563 0
v 0.31740969375 -0.79092563 0
v 0.31740969375 -0.78193783875 0
v 0.326397485 -0.78193783875 0
v 0.326397485 -0.7729500475 0
v 0.326397485 0.7729500475 0
v 0.326397485 0.78193783875 0
v 0.31740969375 0.78193783875 0
v 0.326397485 0.79092563 0
v 0.31740969375 0.79092563 0
v 0.317266160235 0.799714664861 0
v 0.32611041797 0.799515908471 0
v 0.32582335094 0.808106186942 0
v 0.31712262672 0.808503699721 0
v 0.32598923595 0.813529593638 0
v 0.326193360475 0.820203194319 0
v 0.318325808105 0.823860105184 0
v 0.318083253611 0.819238961961 0
v 0.326397485 0.826876795 0
v 0.318568362599 0.828481248407 0
v 0.317602940166 0.813871330841 0
v 0.325906293445 0.81081789029 0
v 0.317989028175 0.836666812954 0
v 0.326397485 0.83586458625 0
v 0.326397485 0.8448523775 0
v 0.31740969375 0.8448523775 0
v 0.31740969375 0.85384016875 0
v 0.3443730675 -0.8448523775 0
v 0.33538527625 -0.83586458625 0
v 0.3443730675 -0.826876795 0
v 0.33538527625 -0.826876795 0
v 0.333069203874 -0.808416738225 0
v 0.329446277407 -0.808261462584 0
v 0.328293930255 -0.810017506269 0
v 0.329529219912 -0.810973165931 0
v 0.335603800973 -0.818115466661 0
v 0.3443730675 -0.81788900375 0
v 0.3443730675 -0.8089012125 0
v 0.338721135687 -0.808658975362 0
v 0.340605112958 -0.805857171167 0
v 0.338721135687 -0.804335150501 0
v 0.3443730675 -0.804577387639 0
v 0.3443730675 -0.800253562778 0
v 0.3443730675 -0.795589596389 0
v 0.334357892982 -0.798669233154 0
v 0.3443730675 -0.79092563 0
v 0.33538527625 -0.79092563 0
v 0.33538527625 -0.78193783875 0
v 0.3443730675 -0.78193783875 0
v 0.3443730675 -0.7729500475 0
v 0.33538527625 -0.7729500475 0
v 0.33538527625 -0.76396225625 0
v 0.3443730675 -0.76396225625 0
v 0.3443730675 0.76396225625 0
v 0.33538527625 0.76396225625 0
v 0.3443730675 0.7729500475 0
v 0.33538527625 0.7729500475 0
v 0.33538527625 0.78193783875 0
v 0.3443730675 0.78193783875 0
v 0.3443730675 0.79092563 0
v 0.33538527625 0.79092563 0
v 0.3443730675 0.800253562778 0
v 0.3443730675 0.804577387639 0
v 0.340605112958 0.805857171167 0
v 0.338721135687 0.804335150501 0
v 0.3443730675 0.8089012125 0
v 0.338721135687 0.808658975362 0
v 0.333069203874 0.808416738225 0
v 0.329446277407 0.808261462584 0
v 0.334357892982 0.798669233154 0
v 0.3443730675 0.795589596389 0
v 0.335603800973 0.818115466661 0
v 0.329529219912 0.810973165931 0
v 0.3443730675 0.81788900375 0
v 0.3443730675 0.826876795 0
v 0.33538527625 0.826876795 0
v 0.328293930255 0.810017506269 0
v 0.33538527625 0.83586458625 0
v 0.3443730675 0.8448523775 0
v 0.35336085875 -0.81788900375 0
v 0.36234865 -0.8089012125 0
v 0.35336085875 -0.8089012125 0
v 0.356210923377 -0.791704760559 0
v 0.350291995438 -0.79131519528 0
v 0.348319019459 -0.794294651112 0
v 0.350291995438 -0.795979161668 0
v 0.354555889301 -0.801367763585 0
v 0.362797159001 -0.800534488947 0
v 0.363245668001 -0.792167765395 0
v 0.359728295689 -0.791936262977 0
v 0.360817319532 -0.790225948727 0
v 0.359603145297 -0.789255040392 0
v 0.363120517609 -0.78948654281 0
v 0.362995367218 -0.786805320225 0
v 0.362672008609 -0.779877683862 0
v 0.353272609196 -0.781865535846 0
v 0.36234865 -0.7729500475 0
v 0.35336085875 -0.7729500475 0
v 0.35336085875 -0.76396225625 0
v 0.35336085875 0.76396225625 0
v 0.36234865 0.7729500475 0
v 0.35336085875 0.7729500475 0
v 0.362995367218 0.786805320225 0
v 0.363120517609 0.78948654281 0
v 0.360817319532 0.790225948727 0
v 0.359603145297 0.789255040392 0
v 0.363245668001 0.792167765395 0
v 0.359728295689 0.791936262977 0
v 0.356210923377 0.791704760559 0
v 0.350291995438 0.79131519528 0
v 0.353272609196 0.781865535846 0
v 0.362672008609 0.779877683862 0
v 0.354555889301 0.801367763585 0
v 0.350291995438 0.795979161668 0
v 0.362797159001 0.800534488947 0
v 0.36234865 0.8089012125 0
v 0.35336085875 0.8089012125 0
v 0.348319019459 0.794294651112 0
v 0.35336085875 0.81788900375 0
v 0.3803242325 -0.8089012125 0
v 0.37156069575 -0.800223955099 0
v 0.3803242325 -0.79092563 0
v 0.371784950251 -0.791546697697 0
v 0.378828282407 -0.775371453999 0
v 0.378579030575 -0.772779852261 0
v 0.370625519592 -0.776328768062 0
v 0.370911824812 -0.781088387112 0
v 0.378329778743 -0.770188250523 0
v 0.370339214372 -0.771569149011 0
v 0.371348387531 -0.786317542405 0
v 0.379576257453 -0.783148542 0
v 0.370837827811 -0.763271807006 0
v 0.379327005622 -0.762581357761 0
v 0.3803242325 -0.754974465 0
v 0.3803242325 -0.7369988825 0
v 0.3803242325 0.7369988825 0
v 0.3803242325 0.754974465 0
v 0.379327005622 0.762581357761 0
v 0.370837827811 0.763271807006 0
v 0.378329778743 0.770188250523 0
v 0.370339214372 0.771569149011 0
v 0.378828282407 0.775371453999 0
v 0.379576257453 0.783148542 0
v 0.371348387531 0.786317542405 0
v 0.370911824812 0.781088387112 0
v 0.3803242325 0.79092563 0
v 0.371784950251 0.791546697697 0
v 0.370625519592 0.776328768062 0
v 0.378579030575 0.772779852261 0
v 0.37156069575 0.800223955099 0
v 0.3803242325 0.8089012125 0
v 0.398299815 -0.8089012125 0
v 0.398299815 -0.79991342125 0
v 0.38931202375 -0.79991342125 0
v 0.398299815 -0.79092563 0
v 0.38931202375 -0.79092563 0
v 0.384771953705 -0.771079184275 0
v 0.381550866224 -0.770633717399 0
v 0.380643338286 -0.772212962935 0
v 0.381800118056 -0.773225319137 0
v 0.388965439041 -0.781491484137 0
v 0.398299815 -0.78193783875 0
v 0.398299815 -0.7729500475 0
v 0.391535884352 -0.772014615888 0
v 0.393790527902 -0.768446387638 0
v 0.391535884352 -0.766194557707 0
v 0.398299815 -0.767129989319 0
v 0.398299815 -0.761309931139 0
v 0.398299815 -0.758142198069 0
v 0.387481362864 -0.761789152622 0
v 0.398299815 -0.754974465 0
v 0.38931202375 -0.754974465 0
v 0.38931202375 -0.74598667375 0
v 0.398299815 -0.74598667375 0
v 0.398299815 -0.7369988825 0
v 0.398299815 0.7369988825 0
v 0.398299815 0.74598667375 0
v 0.38931202375 0.74598667375 0
v 0.398299815 0.754974465 0
v 0.38931202375 0.754974465 0
v 0.398299815 0.761309931139 0
v 0.398299815 0.767129989319 0
v 0.393790527902 0.768446387638 0
v 0.391535884352 0.766194557707 0
v 0.398299815 0.7729500475 0
v 0.391535884352 0.772014615888 0
v 0.384771953705 0.771079184275 0
v 0.381550866224 0.770633717399 0
v 0.387481362864 0.761789152622 0
v 0.398299815 0.758142198069 0
v 0.38896543904 0.781491484137 0
v 0.381800118056 0.773225319137 0
v 0.398299815 0.78193783875 0
v 0.398299815 0.79092563 0
v 0.38931202375 0.79092563 0
v 0.380643338286 0.772212962935 0
v 0.38931202375 0.79991342125 0
v 0.398299815 0.79991342125 0
v 0.398299815 0.8089012125 0
v 0.4162753975 -0.8089012125 0
v 0.40728760625 -0.79991342125 0
v 0.4162753975 -0.79092563 0
v 0.40728760625 -0.79092563 0
v 0.40728760625 -0.78193783875 0
v 0.4162753975 -0.78193783875 0
v 0.4162753975 -0.7729500475 0
v 0.40728760625 -0.7729500475 0
v 0.407072779112 -0.754974465 0
v 0.402686297056 -0.754974465 0
v 0.401224136372 -0.757086287048 0
v 0.402686297056 -0.758142198069 0
v 0.407858173563 -0.764609279053 0
v 0.4162753975 -0.76396225625 0
v 0.4162753975 -0.754974465 0
v 0.411674088306 -0.754974465 0
v 0.413207858038 -0.752759216866 0
v 0.411674088306 -0.751651592796 0
v 0.4162753975 -0.751651592796 0
v 0.4162753975 -0.748328720593 0
v 0.4162753975 -0.742663801546 0
v 0.406668769142 -0.74527874761 0
v 0.4162753975 -0.7369988825 0
v 0.40728760625 -0.7369988825 0
v 0.40728760625 -0.72801109125 0
v 0.4162753975 -0.72801109125 0
v 0.4162753975 -0.7190233 0
v 0.4162753975 -0.7010477175 0
v 0.4162753975 0.7010477175 0
v 0.4162753975 0.7190233 0
v 0.4162753975 0.72801109125 0
v 0.40728760625 0.72801109125 0
v 0.4162753975 0.7369988825 0
v 0.40728760625 0.7369988825 0
v 0.4162753975 0.748328720593 0
v 0.4162753975 0.751651592796 0
v 0.413207858038 0.752759216866 0
v 0.411674088306 0.751651592796 0
v 0.4162753975 0.754974465 0
v 0.411674088306 0.754974465 0
v 0.407072779112 0.754974465 0
v 0.402686297056 0.754974465 0
v 0.406668769142 0.74527874761 0
v 0.4162753975 0.742663801546 0
v 0.407858173563 0.764609279053 0
v 0.402686297056 0.758142198069 0
v 0.4162753975 0.76396225625 0
v 0.4162753975 0.7729500475 0
v 0.40728760625 0.7729500475 0
v 0.401224136372 0.757086287048 0
v 0.40728760625 0.78193783875 0
v 0.4162753975 0.78193783875 0
v 0.4162753975 0.79092563 0
v 0.40728760625 0.79092563 0
v 0.40728760625 0.79991342125 0
v 0.4162753975 0.8089012125 0
v 0.42526318875 -0.78193783875 0
v 0.43425098 -0.7729500475 0
v 0.42526318875 -0.7729500475 0
v 0.42526318875 -0.76396225625 0
v 0.43425098 -0.76396225625 0
v 0.43425098 -0.754974465 0
v 0.425586853826 -0.752750950802 0
v 0.434838807652 -0.750748903172 0
v 0.43552460658 -0.74581908104 0
v 0.431864813937 -0.74285431216 0
v 0.431119403826 -0.745521951586 0
v 0.436210405507 -0.740889258908 0
v 0.432610224049 -0.740186672733 0
v 0.42901004259 -0.739484086559 0
v 0.428205021295 -0.73988954328 0
v 0.4274 -0.740295 0
v 0.428124847247 -0.739311338042 0
v 0.427883231487 -0.739639225342 0
v 0.427239651904 -0.739138589524 0
v 0.427319825952 -0.739716794762 0
v 0.421757524702 -0.738068736012 0
v 0.421797611726 -0.741190298154 0
v 0.42183769875 -0.744311860296 0
v 0.425414805119 -0.749504015026 0
v 0.434544893826 -0.752861684086 0
v 0.433666476748 -0.738816063495 0
v 0.432394512371 -0.737779465792 0
v 0.435994693829 -0.738482051966 0
v 0.435778982152 -0.736074845025 0
v 0.435014981076 -0.727549072512 0
v 0.425693317086 -0.728711468619 0
v 0.43425098 -0.7190233 0
v 0.42526318875 -0.7190233 0
v 0.422642720045 -0.73824148453 0
v 0.42526318875 -0.71003550875 0
v 0.43425098 -0.71003550875 0
v 0.43425098 -0.7010477175 0
v 0.43425098 0.7010477175 0
v 0.43425098 0.71003550875 0
v 0.42526318875 0.71003550875 0
v 0.43425098 0.7190233 0
v 0.42526318875 0.7190233 0
v 0.435778982152 0.736074845025 0
v 0.435994693829 0.738482051966 0
v 0.433666476748 0.738816063494 0
v 0.432394512371 0.737779465792 0
v 0.436210405507 0.740889258908 0
v 0.432610224049 0.740186672733 0
v 0.42901004259 0.739484086559 0
v 0.422642720045 0.73824148453 0
v 0.425693317086 0.728711468619 0
v 0.435014981076 0.727549072512 0
v 0.426242901504 0.738944070704 0
v 0.427626472047 0.739214078631 0
v 0.427550981378 0.739574385777 0
v 0.426821450752 0.739619535352 0
v 0.428205021295 0.73988954328 0
v 0.4274 0.740295 0
v 0.432158727763 0.740741531246 0
v 0.436112434232 0.741593519212 0
v 0.436014462956 0.742297779517 0
v 0.431707231478 0.741296389758 0
v 0.435132721478 0.748636122258 0
v 0.426638607346 0.748660467143 0
v 0.43425098 0.754974465 0
v 0.425586853826 0.752750950802 0
v 0.42183769875 0.744311860296 0
v 0.421548424126 0.741141668449 0
v 0.421259149502 0.737971476602 0
v 0.42526318875 0.76396225625 0
v 0.43425098 0.76396225625 0
v 0.43425098 0.7729500475 0
v 0.42526318875 0.7729500475 0
v 0.42526318875 0.78193783875 0
v 0.4522265625 -0.7729500475 0
v 0.44323877125 -0.76396225625 0
v 0.4522265625 -0.754974465 0
v 0.44323877125 -0.754974465 0
v 0.443728627627 -0.746959267852 0
v 0.43362207666 -0.746363063454 0
v 0.4522265625 -0.74598667375 0
v 0.4522265625 -0.7369988825 0
v 0.444218484004 -0.738944070704 0
v 0.4522265625 -0.727790862939 0
v 0.4522265625 -0.72340708147 0
v 0.443620771788 -0.725478076991 0
v 0.444002772326 -0.731932853982 0
v 0.4522265625 -0.7190233 0
v 0.44323877125 -0.7190233 0
v 0.444110628165 -0.735438462343 0
v 0.4522265625 -0.73239487272 0
v 0.44323877125 -0.71003550875 0
v 0.4522265625 -0.71003550875 0
v 0.4522265625 -0.7010477175 0
v 0.44323877125 -0.7010477175 0
v 0.44323877125 -0.69205992625 0
v 0.4522265625 -0.69205992625 0
v 0.4522265625 0.69205992625 0
v 0.44323877125 0.69205992625 0
v 0.4522265625 0.7010477175 0
v 0.44323877125 0.7010477175 0
v 0.44323877125 0.71003550875 0
v 0.4522265625 0.71003550875 0
v 0.4522265625 0.7190233 0
v 0.44323877125 0.7190233 0
v 0.4522265625 0.727790862939 0
v 0.4522265625 0.73239487272 0
v 0.444110628165 0.735438462343 0
v 0.444002772326 0.731932853982 0
v 0.4522265625 0.7369988825 0
v 0.444218484004 0.738944070704 0
v 0.443620771788 0.725478076991 0
v 0.4522265625 0.72340708147 0
v 0.443728627627 0.746959267852 0
v 0.43362207666 0.746363063454 0
v 0.4522265625 0.74598667375 0
v 0.4522265625 0.754974465 0
v 0.44323877125 0.754974465 0
v 0.44323877125 0.76396225625 0
v 0.4522265625 0.7729500475 0
v 0.46121435375 -0.74598667375 0
v 0.470202145 -0.7369988825 0
v 0.46121435375 -0.7369988825 0
v 0.464858973088 -0.72142842781 0
v 0.458542767794 -0.720225863905 0
v 0.456437366029 -0.722747530249 0
v 0.458542767794 -0.724609645375 0
v 0.462433736001 -0.730102429469 0
v 0.471155429288 -0.729903806585 0
v 0.472108713576 -0.722808730669 0
v 0.468483843332 -0.72211857924 0
v 0.469551394692 -0.720742279325 0
v 0.46827273525 -0.719709053653 0
v 0.471897605494 -0.720399205083 0
v 0.471686497411 -0.717989679497 0
v 0.470944321206 -0.709518698498 0
v 0.46162109792 -0.710701333487 0
v 0.470202145 -0.7010477175 0
v 0.46121435375 -0.7010477175 0
v 0.46121435375 -0.69205992625 0
v 0.46121435375 0.69205992625 0
v 0.470202145 0.7010477175 0
v 0.46121435375 0.7010477175 0
v 0.471686497411 0.717989679497 0
v 0.471897605494 0.720399205083 0
v 0.469551394692 0.720742279325 0
v 0.46827273525 0.719709053653 0
v 0.472108713576 0.722808730669 0
v 0.468483843332 0.72211857924 0
v 0.464858973088 0.72142842781 0
v 0.458542767794 0.720225863905 0
v 0.46162109792 0.710701333487 0
v 0.470944321206 0.709518698498 0
v 0.462433736001 0.730102429469 0
v 0.458542767794 0.724609645375 0
v 0.471155429288 0.729903806585 0
v 0.470202145 0.7369988825 0
v 0.46121435375 0.7369988825 0
v 0.456437366029 0.722747530249 0
v 0.46121435375 0.74598667375 0
v 0.4881777275 -0.7369988825 0
v 0.479666578394 -0.728957448917 0
v 0.4881777275 -0.7190233 0
v 0.480143220538 -0.720916015335 0
v 0.4881777275 -0.7096837128 0
v 0.4881777275 -0.70536571515 0
v 0.479561024353 -0.707442206824 0
v 0.479932112456 -0.713836696148 0
v 0.4881777275 -0.7010477175 0
v 0.47918993625 -0.7010477175 0
v 0.480037666497 -0.717376355741 0
v 0.4881777275 -0.7143535064 0
v 0.47918993625 -0.69205992625 0
v 0.4881777275 -0.69205992625 0
v 0.4881777275 -0.683072135 0
v 0.4881777275 -0.6650965525 0
v 0.4881777275 0.6650965525 0
v 0.4881777275 0.683072135 0
v 0.4881777275 0.69205992625 0
v 0.47918993625 0.69205992625 0
v 0.4881777275 0.7010477175 0
v 0.47918993625 0.7010477175 0
v 0.4881777275 0.7096837128 0
v 0.4881777275 0.7143535064 0
v 0.480037666497 0.717376355741 0
v 0.479932112456 0.713836696148 0
v 0.4881777275 0.7190233 0
v 0.480143220538 0.720916015335 0
v 0.479561024353 0.707442206824 0
v 0.4881777275 0.70536571515 0
v 0.479666578394 0.728957448917 0
v 0.4881777275 0.7369988825 0
v 0.50615331 -0.7369988825 0
v 0.50615331 -0.72801109125 0
v 0.49716551875 -0.72801109125 0
v 0.50615331 -0.7190233 0
v 0.49716551875 -0.7190233 0
v 0.500706952953 -0.703373247856 0
v 0.494442340226 -0.702210482678 0
v 0.492354135985 -0.704701559386 0
v 0.494442340226 -0.706528480328 0
v 0.498356310799 -0.712077563159 0
v 0.507080165823 -0.711875751216 0
v 0.508007021646 -0.704728202431 0
v 0.504356987299 -0.704050725144 0
v 0.505436031506 -0.702668636746 0
v 0.504150536436 -0.701638853904 0
v 0.507800570783 -0.702316331191 0
v 0.50759411992 -0.699904459951 0
v 0.50687371496 -0.691488297476 0
v 0.497548822952 -0.692691172963 0
v 0.50615331 -0.683072135 0
v 0.49716551875 -0.683072135 0
v 0.49716551875 -0.67408434375 0
v 0.50615331 -0.67408434375 0
v 0.50615331 -0.6650965525 0
v 0.50615331 0.6650965525 0
v 0.50615331 0.67408434375 0
v 0.49716551875 0.67408434375 0
v 0.50615331 0.683072135 0
v 0.49716551875 0.683072135 0
v 0.50759411992 0.699904459951 0
v 0.507800570783 0.702316331191 0
v 0.505436031506 0.702668636746 0
v 0.504150536436 0.701638853904 0
v 0.508007021646 0.704728202431 0
v 0.504356987299 0.704050725144 0
v 0.500706952953 0.703373247856 0
v 0.494442340226 0.702210482678 0
v 0.497548822952 0.692691172963 0
v 0.50687371496 0.691488297476 0
v 0.498356310799 0.712077563159 0
v 0.494442340226 0.706528480328 0
v 0.507080165823 0.711875751216 0
v 0.50615331 0.7190233 0
v 0.49716551875 0.7190233 0
v 0.492354135985 0.704701559386 0
v 0.49716551875 0.72801109125 0
v 0.50615331 0.72801109125 0
v 0.50615331 0.7369988825 0
v 0.5241288925 -0.7369988825 0
v 0.51514110125 -0.72801109125 0
v 0.5241288925 -0.7190233 0
v 0.51514110125 -0.7190233 0
v 0.515604529161 -0.710955629983 0
v 0.5241288925 -0.71003550875 0
v 0.5241288925 -0.7010477175 0
v 0.516067957073 -0.702887959966 0
v 0.5241288925 -0.69157656266 0
v 0.5241288925 -0.68732434883 0
v 0.51550130373 -0.689406323153 0
v 0.51586150621 -0.695740511306 0
v 0.5241288925 -0.683072135 0
v 0.51514110125 -0.683072135 0
v 0.515964731641 -0.699314235636 0
v 0.5241288925 -0.69631214008 0
v 0.51514110125 -0.67408434375 0
v 0.5241288925 -0.67408434375 0
v 0.5241288925 -0.6650965525 0
v 0.51514110125 -0.6650965525 0
v 0.51514110125 -0.65610876125 0
v 0.5241288925 -0.65610876125 0
v 0.5241288925 0.65610876125 0
v 0.51514110125 0.65610876125 0
v 0.5241288925 0.6650965525 0
v 0.51514110125 0.6650965525 0
v 0.51514110125 0.67408434375 0
v 0.5241288925 0.67408434375 0
v 0.5241288925 0.683072135 0
v 0.51514110125 0.683072135 0
v 0.5241288925 0.69157656266 0
v 0.5241288925 0.69631214008 0
v 0.515964731641 0.699314235636 0
v 0.51586150621 0.695740511306 0
v 0.5241288925 0.7010477175 0
v 0.516067957073 0.702887959966 0
v 0.51550130373 0.689406323153 0
v 0.5241288925 0.68732434883 0
v 0.515604529161 0.710955629983 0
v 0.5241288925 0.71003550875 0
v 0.5241288925 0.7190233 0
v 0.51514110125 0.7190233 0
v 0.51514110125 0.72801109125 0
v 0.5241288925 0.7369988825 0
v 0.53311668375 -0.71003550875 0
v 0.542104475 -0.7010477175 0
v 0.53311668375 -0.7010477175 0
v 0.536553954463 -0.68531856066 0
v 0.530341423481 -0.68419534783 0
v 0.528270579821 -0.686655752773 0
v 0.530341423481 -0.68844756166 0
v 0.534279157879 -0.694052777369 0
v 0.543004902357 -0.693847695847 0
v 0.543905329715 -0.686647674193 0
v 0.540229642089 -0.685983117427 0
v 0.541320378581 -0.684595140098 0
v 0.540027903013 -0.68356887305 0
v 0.543703590639 -0.684233429816 0
v 0.543501851564 -0.681819185439 0
v 0.542803163282 -0.67345786897 0
v 0.533476491545 -0.674680985662 0
v 0.542104475 -0.6650965525 0
v 0.53311668375 -0.6650965525 0
v 0.53311668375 -0.65610876125 0
v 0.53311668375 0.65610876125 0
v 0.542104475 0.6650965525 0
v 0.53311668375 0.6650965525 0
v 0.543501851564 0.681819185439 0
v 0.543703590639 0.684233429816 0
v 0.541320378581 0.684595140098 0
v 0.540027903013 0.68356887305 0
v 0.543905329715 0.686647674193 0
v 0.540229642089 0.685983117427 0
v 0.536553954463 0.68531856066 0
v 0.530341423481 0.68419534783 0
v 0.533476491545 0.674680985662 0
v 0.542803163282 0.67345786897 0
v 0.534279157879 0.694052777369 0
v 0.530341423481 0.68844756166 0
v 0.543004902357 0.693847695847 0
v 0.542104475 0.7010477175 0
v 0.53311668375 0.7010477175 0
v 0.528270579821 0.686655752773 0
v 0.53311668375 0.71003550875 0
v 0.5600800575 -0.7010477175 0
v 0.551542479929 -0.692953811048 0
v 0.5600800575 -0.683072135 0
v 0.553209590459 -0.682971006366 0
v 0.558462584721 -0.683429688919 0
v 0.559271321111 -0.68325091196 0
v 0.55939842493 -0.678496139176 0
v 0.558716792361 -0.67872884446 0
v 0.5600800575 -0.678263433892 0
v 0.5600800575 -0.673454732784 0
v 0.55952552875 -0.673741366392 0
v 0.558971 -0.674028 0
v 0.5600800575 -0.669275642642 0
v 0.559578098344 -0.669418959446 0
v 0.5600800575 -0.6650965525 0
v 0.559630667938 -0.6650965525 0
v 0.559181278375 -0.6650965525 0
v 0.559076139187 -0.66956227625 0
v 0.550642876688 -0.6650965525 0
v 0.550939651235 -0.67151007261 0
v 0.551236425782 -0.67792359272 0
v 0.5512101915 -0.681481137138 0
v 0.551183957218 -0.685038681556 0
v 0.552578688125 -0.666781582019 0
v 0.55109226625 -0.65610876125 0
v 0.5600800575 -0.65610876125 0
v 0.5600800575 -0.64712097 0
v 0.5600800575 -0.6291453875 0
v 0.5600800575 0.6291453875 0
v 0.5600800575 0.64712097 0
v 0.5600800575 0.65610876125 0
v 0.55109226625 0.65610876125 0
v 0.5600800575 0.6650965525 0
v 0.552578688125 0.666781582019 0
v 0.55468738275 0.6650965525 0
v 0.557383720125 0.6650965525 0
v 0.558454624438 0.669418959446 0
v 0.556829191375 0.66956227625 0
v 0.5600800575 0.669275642642 0
v 0.5600800575 0.673454732784 0
v 0.55952552875 0.673741366392 0
v 0.558971 0.674028 0
v 0.5600800575 0.678263433892 0
v 0.559600609028 0.678451444936 0
v 0.5600800575 0.683072135 0
v 0.559675689305 0.68316152348 0
v 0.559271321111 0.68325091196 0
v 0.559121160555 0.67863945598 0
v 0.551588325413 0.684949293076 0
v 0.551412375597 0.681436442898 0
v 0.551236425782 0.67792359272 0
v 0.549816177328 0.67151007261 0
v 0.548395928875 0.6650965525 0
v 0.553209590459 0.682971006366 0
v 0.551542479929 0.692953811048 0
v 0.5600800575 0.7010477175 0
v 0.57805564 -0.7010477175 0
v 0.57805564 -0.69205992625 0
v 0.56906784875 -0.69205992625 0
v 0.57805564 -0.683072135 0
v 0.56906784875 -0.683072135 0
v 0.57232640667 -0.667124645758 0
v 0.566203232085 -0.666110599129 0
v 0.564162173891 -0.668558643681 0
v 0.566203232085 -0.670289689271 0
v 0.570198193578 -0.675966109089 0
v 0.578897039161 -0.675712136207 0
v 0.579738438321 -0.668352137413 0
v 0.576032422495 -0.667738391586 0
v 0.577139368124 -0.666323092647 0
v 0.575839833027 -0.665308570265 0
v 0.579545848853 -0.665922316093 0
v 0.579353259385 -0.663492494772 0
v 0.578704449693 -0.655306732386 0
v 0.569368184642 -0.656608919111 0
v 0.57805564 -0.64712097 0
v 0.56906784875 -0.64712097 0
v 0.56906784875 -0.63813317875 0
v 0.57805564 -0.63813317875 0
v 0.57805564 -0.6291453875 0
v 0.57805564 0.6291453875 0
v 0.57805564 0.63813317875 0
v 0.56906784875 0.63813317875 0
v 0.57805564 0.64712097 0
v 0.56906784875 0.64712097 0
v 0.579353259385 0.663492494772 0
v 0.579545848853 0.665922316093 0
v 0.577139368124 0.666323092647 0
v 0.575839833027 0.665308570265 0
v 0.579738438321 0.668352137413 0
v 0.576032422495 0.667738391586 0
v 0.57232640667 0.667124645758 0
v 0.566203232085 0.666110599129 0
v 0.569368184642 0.656608919111 0
v 0.578704449693 0.655306732386 0
v 0.570198193578 0.675966109089 0
v 0.566203232085 0.670289689271 0
v 0.578897039161 0.675712136207 0
v 0.57805564 0.683072135 0
v 0.56906784875 0.683072135 0
v 0.564162173891 0.668558643681 0
v 0.56906784875 0.69205992625 0
v 0.57805564 0.69205992625 0
v 0.57805564 0.7010477175 0
v 0.5960312225 -0.7010477175 0
v 0.58704343125 -0.69205992625 0
v 0.5960312225 -0.683072135 0
v 0.58704343125 -0.683072135 0
v 0.58746413083 -0.674898239978 0
v 0.5960312225 -0.67408434375 0
v 0.5960312225 -0.6650965525 0
v 0.587884830411 -0.666724344957 0
v 0.5960312225 -0.654871724902 0
v 0.5960312225 -0.650996347451 0
v 0.587367836096 -0.653151539918 0
v 0.587692240943 -0.659182109837 0
v 0.5960312225 -0.64712097 0
v 0.58704343125 -0.64712097 0
v 0.587788535677 -0.662953227397 0
v 0.5960312225 -0.659984138701 0
v 0.58704343125 -0.63813317875 0
v 0.5960312225 -0.63813317875 0
v 0.5960312225 -0.6291453875 0
v 0.58704343125 -0.6291453875 0
v 0.58704343125 -0.62015759625 0
v 0.5960312225 -0.62015759625 0
v 0.5960312225 0.62015759625 0
v 0.58704343125 0.62015759625 0
v 0.5960312225 0.6291453875 0
v 0.58704343125 0.6291453875 0
v 0.58704343125 0.63813317875 0
v 0.5960312225 0.63813317875 0
v 0.5960312225 0.64712097 0
v 0.58704343125 0.64712097 0
v 0.5960312225 0.654871724902 0
v 0.5960312225 0.659984138701 0
v 0.587788535677 0.662953227397 0
v 0.587692240943 0.659182109837 0
v 0.5960312225 0.6650965525 0
v 0.587884830411 0.666724344957 0
v 0.587367836096 0.653151539918 0
v 0.5960312225 0.650996347451 0
v 0.58746413083 0.674898239978 0
v 0.5960312225 0.67408434375 0
v 0.5960312225 0.683072135 0
v 0.58704343125 0.683072135 0
v 0.58704343125 0.69205992625 0
v 0.5960312225 0.7010477175 0
v 0.60501901375 -0.67408434375 0
v 0.614006805 -0.6650965525 0
v 0.60501901375 -0.6650965525 0
v 0.607776170303 -0.64880081016 0
v 0.601903696401 -0.64796089008 0
v 0.599946205099 -0.650264501685 0
v 0.601903696401 -0.651836267531 0
v 0.606021815719 -0.657767490735 0
v 0.614724316737 -0.65749687791 0
v 0.615441828474 -0.649897203321 0
v 0.611608999388 -0.64934900674 0
v 0.612774026426 -0.64790368576 0
v 0.611440125406 -0.646906926983 0
v 0.615272954491 -0.647455123564 0
v 0.615104080509 -0.645013043807 0
v 0.614555442755 -0.637079215653 0
v 0.605208955149 -0.638474369643 0
v 0.614006805 -0.6291453875 0
v 0.60501901375 -0.6291453875 0
v 0.60501901375 -0.62015759625 0
v 0.60501901375 0.62015759625 0
v 0.614006805 0.6291453875 0
v 0.60501901375 0.6291453875 0
v 0.615104080509 0.645013043807 0
v 0.615272954491 0.647455123564 0
v 0.612774026426 0.64790368576 0
v 0.611440125406 0.646906926983 0
v 0.615441828474 0.649897203321 0
v 0.611608999388 0.64934900674 0
v 0.607776170303 0.64880081016 0
v 0.601903696401 0.64796089008 0
v 0.605208955148 0.638474369643 0
v 0.614555442755 0.637079215653 0
v 0.606021815719 0.657767490735 0
v 0.601903696401 0.651836267531 0
v 0.614724316737 0.65749687791 0
v 0.614006805 0.6650965525 0
v 0.60501901375 0.6650965525 0
v 0.599946205099 0.650264501685 0
v 0.60501901375 0.67408434375 0
v 0.6319823875 -0.6650965525 0
v 0.623353352118 -0.65680281958 0
v 0.6319823875 -0.64712097 0
v 0.623712107987 -0.64850908666 0
v 0.6319823875 -0.636288717019 0
v 0.6319823875 -0.63271705226 0
v 0.623268915127 -0.634898133957 0
v 0.623543234005 -0.640650880413 0
v 0.6319823875 -0.6291453875 0
v 0.62299459625 -0.6291453875 0
v 0.623627670996 -0.644579983537 0
v 0.6319823875 -0.64170484351 0
v 0.62299459625 -0.62015759625 0
v 0.6319823875 -0.62015759625 0
v 0.6319823875 -0.611169805 0
v 0.6319823875 -0.5931942225 0
v 0.6319823875 0.5931942225 0
v 0.6319823875 0.611169805 0
v 0.6319823875 0.62015759625 0
v 0.62299459625 0.62015759625 0
v 0.6319823875 0.6291453875 0
v 0.62299459625 0.6291453875 0
v 0.6319823875 0.636288717019 0
v 0.6319823875 0.64170484351 0
v 0.623627670996 0.644579983537 0
v 0.623543234005 0.640650880413 0
v 0.6319823875 0.64712097 0
v 0.623712107987 0.64850908666 0
v 0.623268915127 0.634898133957 0
v 0.6319823875 0.63271705226 0
v 0.623353352118 0.65680281958 0
v 0.6319823875 0.6650965525 0
v 0.64995797 -0.6650965525 0
v 0.64995797 -0.65610876125 0
v 0.64097017875 -0.65610876125 0
v 0.64995797 -0.64712097 0
v 0.64097017875 -0.64712097 0
v 0.643200682615 -0.630490026864 0
v 0.637591535057 -0.629817707182 0
v 0.635721819206 -0.631974710462 0
v 0.637591535057 -0.633389371942 0
v 0.641850516781 -0.639571201729 0
v 0.650551594313 -0.639281619614 0
v 0.651145218626 -0.631442269228 0
v 0.64717295062 -0.630966148046 0
v 0.648401187239 -0.629488154301 0
v 0.647029171544 -0.628511096837 0
v 0.65100143955 -0.628987218018 0
v 0.650857660474 -0.626532166809 0
v 0.650407815237 -0.618850985904 0
v 0.641048455299 -0.62033898925 0
v 0.64995797 -0.611169805 0
v 0.64097017875 -0.611169805 0
v 0.64097017875 -0.60218201375 0
v 0.64995797 -0.60218201375 0
v 0.64995797 -0.5931942225 0
v 0.64995797 0.5931942225 0
v 0.64995797 0.60218201375 0
v 0.64097017875 0.60218201375 0
v 0.64995797 0.611169805 0
v 0.64097017875 0.611169805 0
v 0.650857660474 0.626532166809 0
v 0.65100143955 0.628987218018 0
v 0.648401187239 0.629488154301 0
v 0.647029171544 0.628511096837 0
v 0.651145218626 0.631442269228 0
v 0.64717295062 0.630966148046 0
v 0.643200682615 0.630490026864 0
v 0.637591535057 0.629817707182 0
v 0.641048455299 0.62033898925 0
v 0.650407815237 0.618850985904 0
v 0.641850516781 0.639571201729 0
v 0.637591535057 0.633389371942 0
v 0.650551594313 0.639281619614 0
v 0.64995797 0.64712097 0
v 0.64097017875 0.64712097 0
v 0.635721819206 0.631974710462 0
v 0.64097017875 0.65610876125 0
v 0.64995797 0.65610876125 0
v 0.64995797 0.6650965525 0
v 0.6679335525 -0.6650965525 0
v 0.65894576125 -0.65610876125 0
v 0.6679335525 -0.64712097 0
v 0.65894576125 -0.64712097 0
v 0.659242573407 -0.638707399182 0
v 0.6679335525 -0.63813317875 0
v 0.6679335525 -0.6291453875 0
v 0.659539385563 -0.630293828364 0
v 0.6679335525 -0.617705709137 0
v 0.6679335525 -0.614437757068 0
v 0.659170683869 -0.616644371486 0
v 0.659395606487 -0.622118937973 0
v 0.6679335525 -0.611169805 0
v 0.65894576125 -0.611169805 0
v 0.659467496025 -0.626206383168 0
v 0.6679335525 -0.623425548318 0
v 0.65894576125 -0.60218201375 0
v 0.6679335525 -0.60218201375 0
v 0.6679335525 -0.5931942225 0
v 0.65894576125 -0.5931942225 0
v 0.65894576125 -0.58420643125 0
v 0.6679335525 -0.58420643125 0
v 0.6679335525 0.58420643125 0
v 0.65894576125 0.58420643125 0
v 0.6679335525 0.5931942225 0
v 0.65894576125 0.5931942225 0
v 0.65894576125 0.60218201375 0
v 0.6679335525 0.60218201375 0
v 0.6679335525 0.611169805 0
v 0.65894576125 0.611169805 0
v 0.6679335525 0.617705709137 0
v 0.6679335525 0.623425548318 0
v 0.659467496025 0.626206383168 0
v 0.659395606487 0.622118937973 0
v 0.6679335525 0.6291453875 0
v 0.659539385563 0.630293828364 0
v 0.659170683869 0.616644371486 0
v 0.6679335525 0.614437757068 0
v 0.659242573407 0.638707399182 0
v 0.6679335525 0.63813317875 0
v 0.6679335525 0.64712097 0
v 0.65894576125 0.64712097 0
v 0.65894576125 0.65610876125 0
v 0.6679335525 0.6650965525 0
v 0.67692134375 -0.63813317875 0
v 0.685909135 -0.6291453875 0
v 0.67692134375 -0.6291453875 0
v 0.678595974974 -0.612194347242 0
v 0.673264763737 -0.611682076121 0
v 0.671487693324 -0.613689953793 0
v 0.673264763737 -0.614950028189 0
v 0.677683904905 -0.621377712761 0
v 0.686378871889 -0.621066361318 0
v 0.686848608779 -0.612987335135 0
v 0.682722291876 -0.612590841188 0
v 0.684019610315 -0.611077139336 0
v 0.682605111083 -0.610122041437 0
v 0.686731427986 -0.610518535383 0
v 0.686614247193 -0.608049735632 0
v 0.686261691096 -0.600621979066 0
v 0.676886638822 -0.60220254553 0
v 0.685909135 -0.5931942225 0
v 0.67692134375 -0.5931942225 0
v 0.67692134375 -0.58420643125 0
v 0.67692134375 0.58420643125 0
v 0.685909135 0.5931942225 0
v 0.67692134375 0.5931942225 0
v 0.686614247193 0.608049735632 0
v 0.686731427986 0.610518535383 0
v 0.684019610313 0.611077139334 0
v 0.682605111083 0.610122041437 0
v 0.686848608779 0.612987335135 0
v 0.682722291876 0.612590841188 0
v 0.678595974974 0.612194347242 0
v 0.673264763737 0.611682076121 0
v 0.676886638822 0.60220254553 0
v 0.686261691096 0.600621979066 0
v 0.677683904905 0.621377712761 0
v 0.673264763737 0.614950028189 0
v 0.686378871889 0.621066361318 0
v 0.685909135 0.6291453875 0
v 0.67692134375 0.6291453875 0
v 0.671487693322 0.613689953791 0
v 0.67692134375 0.63813317875 0
v 0.7038847175 -0.6291453875 0
v 0.695131794695 -0.620611978784 0
v 0.7038847175 -0.611169805 0
v 0.695366663139 -0.612078570068 0
v 0.7038847175 -0.599122701255 0
v 0.7038847175 -0.596158461877 0
v 0.695073204298 -0.598390220472 0
v 0.695249482346 -0.603586218443 0
v 0.7038847175 -0.5931942225 0
v 0.69489692625 -0.5931942225 0
v 0.695308072743 -0.607832394255 0
v 0.7038847175 -0.605146253127 0
v 0.69489692625 -0.58420643125 0
v 0.7038847175 -0.58420643125 0
v 0.7038847175 -0.57521864 0
v 0.7038847175 -0.56623084875 0
v 0.69489692625 -0.56623084875 0
v 0.7038847175 -0.5572430575 0
v 0.69489692625 -0.5572430575 0
v 0.69489692625 -0.54825526625 0
v 0.7038847175 -0.54825526625 0
v 0.7038847175 -0.539267475 0
v 0.7038847175 -0.5212918925 0
v 0.7038847175 -0.50331631 0
v 0.7038847175 -0.4853407275 0
v 0.7038847175 0.4853407275 0
v 0.7038847175 0.50331631 0
v 0.7038847175 0.5212918925 0
v 0.7038847175 0.539267475 0
v 0.7038847175 0.54825526625 0
v 0.69489692625 0.54825526625 0
v 0.7038847175 0.5572430575 0
v 0.69489692625 0.5572430575 0
v 0.69489692625 0.56623084875 0
v 0.7038847175 0.56623084875 0
v 0.7038847175 0.57521864 0
v 0.7038847175 0.58420643125 0
v 0.69489692625 0.58420643125 0
v 0.7038847175 0.5931942225 0
v 0.69489692625 0.5931942225 0
v 0.7038847175 0.599122701255 0
v 0.7038847175 0.605146253127 0
v 0.695308072743 0.607832394255 0
v 0.695249482346 0.603586218443 0
v 0.7038847175 0.611169805 0
v 0.695366663139 0.612078570068 0
v 0.695073204298 0.598390220472 0
v 0.7038847175 0.596158461877 0
v 0.695131794695 0.620611978784 0
v 0.7038847175 0.6291453875 0
v 0.7218603 -0.6291453875 0
v 0.7218603 -0.62015759625 0
v 0.71287250875 -0.62015759625 0
v 0.7218603 -0.611169805 0
v 0.712480344853 -0.60895734439 0
v 0.717170322426 -0.610063574695 0
v 0.719515311213 -0.610616689848 0
v 0.717515977532 -0.605813581815 0
v 0.713666161213 -0.602970787348 0
v 0.72136579385 -0.608656376283 0
v 0.720871287701 -0.606142947566 0
v 0.71551664385 -0.601010473783 0
v 0.710162 -0.595878 0
v 0.720376781551 -0.603629518849 0
v 0.716971854366 -0.601045679231 0
v 0.719882275402 -0.601116090132 0
v 0.715022137701 -0.598497045066 0
v 0.711321172426 -0.602417672195 0
v 0.713270889094 -0.604966306362 0
v 0.71482533364 -0.609510459543 0
v 0.720871287701 -0.597155156316 0
v 0.72136579385 -0.595174689408 0
v 0.71735856573 -0.594855400329 0
v 0.71551664385 -0.596516578158 0
v 0.7218603 -0.5931942225 0
v 0.71920048761 -0.5931942225 0
v 0.716540675221 -0.5931942225 0
v 0.71335133761 -0.59453611125 0
v 0.713880862831 -0.5931942225 0
v 0.712641241885 -0.594088814998 0
v 0.711221050441 -0.5931942225 0
v 0.710691525221 -0.59453611125 0
v 0.716971854366 -0.598049748814 0
v 0.720376781551 -0.599135623224 0
v 0.70702335875 -0.597500350627 0
v 0.705977145 -0.600048984794 0
v 0.70702335875 -0.600512126564 0
v 0.7038847175 -0.602134477191 0
v 0.7038847175 -0.608158029064 0
v 0.706528491544 -0.605564408206 0
v 0.706033624338 -0.610616689848 0
v 0.708182531176 -0.610063574695 0
v 0.709172265588 -0.602970787348 0
v 0.710331438015 -0.609510459543 0
v 0.710274958679 -0.604966306364 0
v 0.707552883971 -0.5931942225 0
v 0.705718800735 -0.5931942225 0
v 0.706371079743 -0.594606226719 0
v 0.708857441985 -0.59453611125 0
v 0.7038847175 -0.594676342189 0
v 0.70702335875 -0.596018230939 0
v 0.7038847175 -0.597640581566 0
v 0.705977144995 -0.597053054373 0
v 0.709645311462 -0.594088814993 0
v 0.709386967206 -0.5931942225 0
v 0.718559607871 -0.584398334589 0
v 0.714702871255 -0.584370816176 0
v 0.722416344487 -0.584425853001 0
v 0.722972388974 -0.575657483503 0
v 0.720578540522 -0.575602446678 0
v 0.71818469207 -0.575547409852 0
v 0.711034704785 -0.575383024926 0
v 0.709293794378 -0.584288623713 0
v 0.721006029496 -0.572478673757 0
v 0.720022849759 -0.570889268885 0
v 0.722416698211 -0.57094430571 0
v 0.721861007447 -0.566231127917 0
v 0.721305316684 -0.561517950124 0
v 0.712368152436 -0.565973994742 0
v 0.72074962592 -0.556804772331 0
v 0.71231717171 -0.557023914916 0
v 0.71259484023 -0.548145694958 0
v 0.72130496296 -0.548036123666 0
v 0.7218603 -0.539267475 0
v 0.71287250875 -0.539267475 0
v 0.71287250875 -0.53027968375 0
v 0.7218603 -0.53027968375 0
v 0.7218603 -0.5212918925 0
v 0.7218603 -0.51230410125 0
v 0.71287250875 -0.51230410125 0
v 0.7218603 -0.50331631 0
v 0.71287250875 -0.50331631 0
v 0.71287250875 -0.49432851875 0
v 0.7218603 -0.49432851875 0
v 0.7218603 -0.4853407275 0
v 0.7218603 0.4853407275 0
v 0.7218603 0.49432851875 0
v 0.71287250875 0.49432851875 0
v 0.7218603 0.50331631 0
v 0.71287250875 0.50331631 0
v 0.71287250875 0.51230410125 0
v 0.7218603 0.51230410125 0
v 0.7218603 0.5212918925 0
v 0.7218603 0.53027968375 0
v 0.71287250875 0.53027968375 0
v 0.7218603 0.539267475 0
v 0.71287250875 0.539267475 0
v 0.71259484023 0.548145694958 0
v 0.72130496296 0.548036123666 0
v 0.72074962592 0.556804772331 0
v 0.71231717171 0.557023914916 0
v 0.721861007447 0.566231127917 0
v 0.722416698211 0.57094430571 0
v 0.721006029501 0.57247867376 0
v 0.720022849759 0.570889268885 0
v 0.722972388974 0.575657483503 0
v 0.720578540522 0.575602446678 0
v 0.71818469207 0.575547409852 0
v 0.711034704785 0.575383024926 0
v 0.712368152436 0.565973994742 0
v 0.721305316684 0.561517950124 0
v 0.718559607871 0.584398334589 0
v 0.714702871255 0.584370816176 0
v 0.722416344487 0.584425853001 0
v 0.7218603 0.5931942225 0
v 0.716540675221 0.5931942225 0
v 0.711221050441 0.5931942225 0
v 0.707552883971 0.5931942225 0
v 0.709293794378 0.584288623713 0
v 0.720871287701 0.606142947566 0
v 0.72136579385 0.608656376283 0
v 0.717515977532 0.605813581815 0
v 0.71551664385 0.601010473783 0
v 0.7218603 0.611169805 0
v 0.719515311213 0.610616689848 0
v 0.717170322426 0.610063574695 0
v 0.713666161213 0.602970787348 0
v 0.710162 0.595878 0
v 0.71482533364 0.609510459543 0
v 0.713270889094 0.604966306362 0
v 0.712480344853 0.60895734439 0
v 0.711321172426 0.602417672195 0
v 0.715022137701 0.598497045066 0
v 0.716971854366 0.601045679231 0
v 0.719882275402 0.601116090132 0
v 0.720376781551 0.603629518849 0
v 0.708182531176 0.610063574695 0
v 0.706033624338 0.610616689848 0
v 0.706528491544 0.605564408206 0
v 0.709172265588 0.602970787348 0
v 0.7038847175 0.608158029064 0
v 0.70702335875 0.600512126564 0
v 0.7038847175 0.602134477191 0
v 0.705977145 0.600048984794 0
v 0.70702335875 0.597500350627 0
v 0.710274958679 0.604966306364 0
v 0.710331438015 0.609510459543 0
v 0.710691525221 0.59453611125 0
v 0.712641241885 0.594088814998 0
v 0.71335133761 0.59453611125 0
v 0.713880862831 0.5931942225 0
v 0.71920048761 0.5931942225 0
v 0.71735856573 0.594855400329 0
v 0.72136579385 0.595174689408 0
v 0.720871287701 0.597155156316 0
v 0.71551664385 0.596516578158 0
v 0.720376781551 0.599135623224 0
v 0.716971854366 0.598049748814 0
v 0.7038847175 0.594676342189 0
v 0.706371079743 0.594606226719 0
v 0.70702335875 0.596018230939 0
v 0.705718800735 0.5931942225 0
v 0.708857441985 0.59453611125 0
v 0.709386967206 0.5931942225 0
v 0.709645311462 0.594088814993 0
v 0.705977144995 0.597053054373 0
v 0.7038847175 0.597640581566 0
v 0.71287250875 0.62015759625 0
v 0.7218603 0.62015759625 0
v 0.7218603 0.6291453875 0
v 0.7398358825 -0.6291453875 0
v 0.73084809125 -0.62015759625 0
v 0.7398358825 -0.611169805 0
v 0.73084809125 -0.611169805 0
v 0.73084809125 -0.60218201375 0
v 0.7398358825 -0.5931942225 0
v 0.731126113494 -0.584316142126 0
v 0.7398358825 -0.57521864 0
v 0.731404135737 -0.575438061751 0
v 0.725537374405 -0.556914715271 0
v 0.723143500163 -0.556859743801 0
v 0.72271600259 -0.559983538506 0
v 0.723699190926 -0.561572921594 0
v 0.731353158626 -0.566487994961 0
v 0.7398358825 -0.56623084875 0
v 0.7398358825 -0.5572430575 0
v 0.732686628453 -0.557078886385 0
v 0.734427581046 -0.548173180693 0
v 0.729019279592 -0.548091095135 0
v 0.7398358825 -0.54825526625 0
v 0.7398358825 -0.539267475 0
v 0.736168533639 -0.539267475 0
v 0.732501184779 -0.539267475 0
v 0.727180742389 -0.539267475 0
v 0.725162121276 -0.548063609401 0
v 0.738813221877 -0.530979383207 0
v 0.73580486423 -0.53089550306 0
v 0.741821579525 -0.531063263354 0
v 0.743807276549 -0.522859051707 0
v 0.741457910115 -0.522691291413 0
v 0.73910854368 -0.522523531119 0
v 0.73048442184 -0.52190771181 0
v 0.728832582115 -0.530587593405 0
v 0.74169362666 -0.520053495861 0
v 0.74063680171 -0.518650717933 0
v 0.742986168144 -0.518818478228 0
v 0.742165059739 -0.514777904748 0
v 0.74100047112 -0.509047107374 0
v 0.73148612683 -0.512627500204 0
v 0.7398358825 -0.50331631 0
v 0.73084809125 -0.50331631 0
v 0.73084809125 -0.49432851875 0
v 0.7398358825 -0.49432851875 0
v 0.7398358825 -0.4853407275 0
v 0.73084809125 -0.4853407275 0
v 0.73084809125 -0.47635293625 0
v 0.7398358825 -0.47635293625 0
v 0.7398358825 -0.467365145 0
v 0.7398358825 -0.4493895625 0
v 0.7398358825 -0.43141398 0
v 0.7398358825 -0.4134383975 0
v 0.7398358825 0.4134383975 0
v 0.7398358825 0.43141398 0
v 0.7398358825 0.4493895625 0
v 0.7398358825 0.467365145 0
v 0.7398358825 0.47635293625 0
v 0.73084809125 0.47635293625 0
v 0.7398358825 0.4853407275 0
v 0.73084809125 0.4853407275 0
v 0.73084809125 0.49432851875 0
v 0.7398358825 0.49432851875 0
v 0.7398358825 0.50331631 0
v 0.73084809125 0.50331631 0
v 0.742165059739 0.514777904748 0
v 0.742986168144 0.518818478228 0
v 0.74169362666 0.520053495861 0
v 0.74063680171 0.518650717933 0
v 0.743807276549 0.522859051707 0
v 0.741457910115 0.522691291413 0
v 0.73910854368 0.522523531119 0
v 0.73048442184 0.52190771181 0
v 0.73148612683 0.512627500204 0
v 0.74100047112 0.509047107374 0
v 0.738813221877 0.530979383207 0
v 0.73580486423 0.53089550306 0
v 0.741821579525 0.531063263354 0
v 0.7398358825 0.539267475 0
v 0.736168533639 0.539267475 0
v 0.732501184779 0.539267475 0
v 0.727180742389 0.539267475 0
v 0.728832582115 0.530587593405 0
v 0.734427581046 0.548173180693 0
v 0.729019279592 0.548091095135 0
v 0.7398358825 0.54825526625 0
v 0.7398358825 0.5572430575 0
v 0.732686628453 0.557078886385 0
v 0.725537374405 0.556914715271 0
v 0.723143500163 0.556859743801 0
v 0.725162121276 0.548063609401 0
v 0.731353158626 0.566487994961 0
v 0.723699190926 0.561572921594 0
v 0.7398358825 0.56623084875 0
v 0.7398358825 0.57521864 0
v 0.731404135737 0.575438061751 0
v 0.72271600259 0.559983538506 0
v 0.731126113494 0.584316142126 0
v 0.7398358825 0.5931942225 0
v 0.73084809125 0.60218201375 0
v 0.7398358825 0.611169805 0
v 0.73084809125 0.611169805 0
v 0.73084809125 0.62015759625 0
v 0.7398358825 0.6291453875 0
v 0.74882367375 -0.56623084875 0
v 0.74882367375 -0.5572430575 0
v 0.74882367375 -0.54825526625 0
v 0.749816522262 -0.530671473552 0
v 0.757811465 -0.5212918925 0
v 0.750809370775 -0.522075472104 0
v 0.746687941004 -0.50331631 0
v 0.743261911752 -0.50331631 0
v 0.742896294414 -0.507136841583 0
v 0.744426500372 -0.509047107374 0
v 0.750664552967 -0.513109750009 0
v 0.757811465 -0.51230410125 0
v 0.757811465 -0.50331631 0
v 0.752249703002 -0.50331631 0
v 0.754176274926 -0.494447672419 0
v 0.750194552642 -0.494430080367 0
v 0.758157997211 -0.494465264472 0
v 0.758504529422 -0.485614218943 0
v 0.75610284685 -0.485579034838 0
v 0.753701164279 -0.485543850733 0
v 0.74676852339 -0.485442289117 0
v 0.745015217571 -0.494379299558 0
v 0.756532947198 -0.482448644344 0
v 0.755547156087 -0.480865857045 0
v 0.757948838658 -0.48090104115 0
v 0.757393147895 -0.476187863357 0
v 0.756837457131 -0.471474685565 0
v 0.748108716384 -0.476009393079 0
v 0.756281766368 -0.466761507772 0
v 0.748058824434 -0.467063326386 0
v 0.748441249092 -0.458226444443 0
v 0.757046615684 -0.458075535136 0
v 0.757811465 -0.4493895625 0
v 0.757811465 -0.44040177125 0
v 0.74882367375 -0.44040177125 0
v 0.757811465 -0.43141398 0
v 0.74882367375 -0.43141398 0
v 0.74882367375 -0.42242618875 0
v 0.757811465 -0.42242618875 0
v 0.757811465 -0.4134383975 0
v 0.757811465 0.4134383975 0
v 0.757811465 0.42242618875 0
v 0.74882367375 0.42242618875 0
v 0.757811465 0.43141398 0
v 0.74882367375 0.43141398 0
v 0.74882367375 0.44040177125 0
v 0.757811465 0.44040177125 0
v 0.757811465 0.4493895625 0
v 0.757046615684 0.458075535136 0
v 0.748441249092 0.458226444443 0
v 0.756281766368 0.466761507772 0
v 0.748058824434 0.467063326386 0
v 0.757393147895 0.476187863357 0
v 0.757948838658 0.48090104115 0
v 0.756532947201 0.482448644346 0
v 0.755547156087 0.480865857045 0
v 0.758504529422 0.485614218943 0
v 0.75610284685 0.485579034838 0
v 0.753701164279 0.485543850733 0
v 0.74676852339 0.485442289117 0
v 0.748108716384 0.476009393079 0
v 0.756837457131 0.471474685565 0
v 0.754176274926 0.494447672419 0
v 0.750194552642 0.494430080367 0
v 0.758157997211 0.494465264472 0
v 0.757811465 0.50331631 0
v 0.752249703002 0.50331631 0
v 0.746687941004 0.50331631 0
v 0.743261911752 0.50331631 0
v 0.745015217571 0.494379299558 0
v 0.750664552968 0.513109750009 0
v 0.744426500372 0.509047107374 0
v 0.757811465 0.51230410125 0
v 0.757811465 0.5212918925 0
v 0.750809370775 0.522075472104 0
v 0.742896294414 0.507136841583 0
v 0.749816522262 0.530671473552 0
v 0.74882367375 0.54825526625 0
v 0.74882367375 0.5572430575 0
v 0.74882367375 0.56623084875 0
v 0.7757870475 -0.5212918925 0
v 0.76679925625 -0.51230410125 0
v 0.7757870475 -0.50331631 0
v 0.76679925625 -0.50331631 0
v 0.766972522355 -0.494396891611 0
v 0.7757870475 -0.49432851875 0
v 0.7757870475 -0.4853407275 0
v 0.767145788461 -0.485477473222 0
v 0.761054612683 -0.466909214831 0
v 0.758668189525 -0.466835361301 0
v 0.758243175651 -0.469952861988 0
v 0.759223880289 -0.471548539094 0
v 0.767093758268 -0.476523687686 0
v 0.7757870475 -0.47635293625 0
v 0.7757870475 -0.467365145 0
v 0.768420830091 -0.467137179916 0
v 0.770149195756 -0.458263371208 0
v 0.764511344012 -0.458149388666 0
v 0.7757870475 -0.45837735375 0
v 0.7757870475 -0.4493895625 0
v 0.771877561421 -0.4493895625 0
v 0.767968075342 -0.4493895625 0
v 0.762889770171 -0.4493895625 0
v 0.760778979848 -0.458112461901 0
v 0.774430962921 -0.441025999404 0
v 0.771298693594 -0.440949323983 0
v 0.777563232248 -0.441102674824 0
v 0.779339416997 -0.432815787148 0
v 0.776984364421 -0.432662436307 0
v 0.774629311845 -0.432509085467 0
v 0.766220388423 -0.431961532733 0
v 0.764555079297 -0.440675547617 0
v 0.777258559637 -0.429927130572 0
v 0.776218130956 -0.428482802284 0
v 0.778573183532 -0.428636153125 0
v 0.777806950067 -0.424456519102 0
v 0.776796998783 -0.418947458301 0
v 0.767298928048 -0.422666839626 0
v 0.7757870475 -0.4134383975 0
v 0.76679925625 -0.4134383975 0
v 0.76679925625 -0.40445060625 0
v 0.7757870475 -0.40445060625 0
v 0.7757870475 -0.395462815 0
v 0.7757870475 -0.3774872325 0
v 0.7757870475 0.3774872325 0
v 0.7757870475 0.395462815 0
v 0.7757870475 0.40445060625 0
v 0.76679925625 0.40445060625 0
v 0.7757870475 0.4134383975 0
v 0.76679925625 0.4134383975 0
v 0.777806950067 0.424456519102 0
v 0.778573183532 0.428636153125 0
v 0.777258559636 0.429927130572 0
v 0.776218130956 0.428482802284 0
v 0.779339416997 0.432815787148 0
v 0.776984364421 0.432662436307 0
v 0.774629311845 0.432509085467 0
v 0.766220388423 0.431961532733 0
v 0.767298928048 0.422666839626 0
v 0.776796998783 0.418947458301 0
v 0.774430962921 0.441025999404 0
v 0.771298693594 0.440949323983 0
v 0.777563232248 0.441102674824 0
v 0.7757870475 0.4493895625 0
v 0.771877561421 0.4493895625 0
v 0.767968075342 0.4493895625 0
v 0.762889770171 0.4493895625 0
v 0.764555079297 0.440675547617 0
v 0.770149195756 0.458263371208 0
v 0.764511344012 0.458149388666 0
v 0.7757870475 0.45837735375 0
v 0.7757870475 0.467365145 0
v 0.768420830091 0.467137179916 0
v 0.761054612683 0.466909214831 0
v 0.758668189525 0.466835361301 0
v 0.760778979848 0.458112461901 0
v 0.767093758268 0.476523687686 0
v 0.759223880289 0.471548539094 0
v 0.7757870475 0.47635293625 0
v 0.7757870475 0.4853407275 0
v 0.767145788461 0.485477473222 0
v 0.758243175651 0.469952861988 0
v 0.766972522355 0.494396891611 0
v 0.7757870475 0.49432851875 0
v 0.7757870475 0.50331631 0
v 0.76679925625 0.50331631 0
v 0.76679925625 0.51230410125 0
v 0.7757870475 0.5212918925 0
v 0.78477483875 -0.49432851875 0
v 0.78477483875 -0.4853407275 0
v 0.78477483875 -0.47635293625 0
v 0.78477483875 -0.45837735375 0
v 0.79376263 -0.4493895625 0
v 0.78477483875 -0.4493895625 0
v 0.785662931124 -0.440752223037 0
v 0.79376263 -0.44040177125 0
v 0.79376263 -0.43141398 0
v 0.785241492896 -0.430288985419 0
v 0.787195697678 -0.4134383975 0
v 0.783738320401 -0.4134383975 0
v 0.782145880268 -0.416136265 0
v 0.783078348839 -0.41748519875 0
v 0.780280943125 -0.4134383975 0
v 0.779620971562 -0.41748519875 0
v 0.778961 -0.421532 0
v 0.778033995313 -0.4134383975 0
v 0.7781036511 -0.41764175446 0
v 0.776586330637 -0.417798310171 0
v 0.777385613773 -0.422158222842 0
v 0.778173306887 -0.421845111421 0
v 0.77759628192 -0.423307370972 0
v 0.778051187956 -0.422715580653 0
v 0.778383975033 -0.422994259551 0
v 0.786725723825 -0.423728252835 0
v 0.791519771173 -0.422290694272 0
v 0.79376263 -0.4134383975 0
v 0.790479163839 -0.4134383975 0
v 0.791573652559 -0.411286926495 0
v 0.790479163839 -0.410211190993 0
v 0.79376263 -0.410211190993 0
v 0.79376263 -0.406983984485 0
v 0.79376263 -0.401223399743 0
v 0.784297619427 -0.403970754292 0
v 0.79376263 -0.395462815 0
v 0.78477483875 -0.395462815 0
v 0.781491372589 -0.4134383975 0
v 0.78477483875 -0.38647502375 0
v 0.79376263 -0.38647502375 0
v 0.79376263 -0.3774872325 0
v 0.79376263 0.3774872325 0
v 0.79376263 0.38647502375 0
v 0.78477483875 0.38647502375 0
v 0.79376263 0.395462815 0
v 0.78477483875 0.395462815 0
v 0.79376263 0.406983984485 0
v 0.79376263 0.410211190993 0
v 0.791573652559 0.411286926495 0
v 0.790479163839 0.410211190993 0
v 0.79376263 0.4134383975 0
v 0.790479163839 0.4134383975 0
v 0.787195697678 0.4134383975 0
v 0.781491372589 0.4134383975 0
v 0.784297619427 0.403970754292 0
v 0.79376263 0.401223399743 0
v 0.776685826625 0.4134383975 0
v 0.781940762151 0.4134383975 0
v 0.780947508102 0.416136265 0
v 0.777823413313 0.41748519875 0
v 0.783078348839 0.41748519875 0
v 0.778961 0.421532 0
v 0.788420489419 0.416809966812 0
v 0.79376263 0.416134734875 0
v 0.79376263 0.41883107225 0
v 0.786361815 0.420181536125 0
v 0.79376263 0.425122526125 0
v 0.786276681839 0.426109708453 0
v 0.79376263 0.43141398 0
v 0.785241492896 0.430288985419 0
v 0.778383975033 0.422994259551 0
v 0.777310206048 0.418216328525 0
v 0.776236437063 0.4134383975 0
v 0.785662931124 0.440752223037 0
v 0.79376263 0.44040177125 0
v 0.79376263 0.4493895625 0
v 0.78477483875 0.4493895625 0
v 0.78477483875 0.45837735375 0
v 0.78477483875 0.47635293625 0
v 0.78477483875 0.4853407275 0
v 0.78477483875 0.49432851875 0
v 0.8117382125 -0.4493895625 0
v 0.80275042125 -0.44040177125 0
v 0.8117382125 -0.43141398 0
v 0.80275042125 -0.43141398 0
v 0.80275042125 -0.42242618875 0
v 0.8117382125 -0.42242618875 0
v 0.8117382125 -0.4134383975 0
v 0.80275042125 -0.4134383975 0
v 0.805432893211 -0.395513682211 0
v 0.799597761606 -0.395488248605 0
v 0.797652717737 -0.399320160565 0
v 0.799597761606 -0.401248833348 0
v 0.804105868539 -0.405815223339 0
v 0.811776882038 -0.404489949911 0
v 0.811815551576 -0.395541502323 0
v 0.808624222394 -0.395527592267 0
v 0.809679039146 -0.39344066289 0
v 0.808610782931 -0.392390243174 0
v 0.811802112114 -0.39240415323 0
v 0.811788672651 -0.389266804137 0
v 0.811763442576 -0.383377018318 0
v 0.802322381437 -0.386044789896 0
v 0.8117382125 -0.3774872325 0
v 0.80275042125 -0.3774872325 0
v 0.80275042125 -0.36849944125 0
v 0.8117382125 -0.36849944125 0
v 0.8117382125 -0.35951165 0
v 0.8117382125 -0.3415360675 0
v 0.8117382125 0.3415360675 0
v 0.8117382125 0.35951165 0
v 0.8117382125 0.36849944125 0
v 0.80275042125 0.36849944125 0
v 0.8117382125 0.3774872325 0
v 0.80275042125 0.3774872325 0
v 0.811788672651 0.389266804137 0
v 0.811802112114 0.39240415323 0
v 0.809679039146 0.39344066289 0
v 0.808610782931 0.392390243174 0
v 0.811815551576 0.395541502323 0
v 0.808624222394 0.395527592267 0
v 0.805432893211 0.395513682211 0
v 0.799597761606 0.395488248605 0
v 0.802322381437 0.386044789896 0
v 0.811763442576 0.383377018318 0
v 0.804105868539 0.405815223339 0
v 0.799597761606 0.401248833348 0
v 0.811776882038 0.404489949911 0
v 0.8117382125 0.4134383975 0
v 0.80275042125 0.4134383975 0
v 0.797652717737 0.399320160565 0
v 0.80275042125 0.42242618875 0
v 0.791519771173 0.422290694272 0
v 0.8117382125 0.42242618875 0
v 0.8117382125 0.43141398 0
v 0.80275042125 0.43141398 0
v 0.80275042125 0.44040177125 0
v 0.8117382125 0.4493895625 0
v 0.82072600375 -0.42242618875 0
v 0.829713795 -0.4134383975 0
v 0.82072600375 -0.4134383975 0
v 0.820745338519 -0.404470278081 0
v 0.829713795 -0.40445060625 0
v 0.829713795 -0.395462815 0
v 0.820764673288 -0.395502158661 0
v 0.823617366557 -0.377640785756 0
v 0.817677789528 -0.377564009128 0
v 0.815714750569 -0.381464940797 0
v 0.817703019604 -0.383453794946 0
v 0.822176100008 -0.387927085871 0
v 0.829829452467 -0.386592697465 0
v 0.829945109933 -0.37772257993 0
v 0.826781238245 -0.377681682843 0
v 0.827809512207 -0.375620841462 0
v 0.826741713348 -0.374569972231 0
v 0.829905585036 -0.374610869318 0
v 0.829866060139 -0.371499158706 0
v 0.82978992757 -0.365505404353 0
v 0.820355083298 -0.368126820152 0
v 0.829713795 -0.35951165 0
v 0.82072600375 -0.35951165 0
v 0.82072600375 -0.35052385875 0
v 0.829713795 -0.35052385875 0
v 0.829713795 -0.3415360675 0
v 0.829713795 0.3415360675 0
v 0.829713795 0.35052385875 0
v 0.82072600375 0.35052385875 0
v 0.829713795 0.35951165 0
v 0.82072600375 0.35951165 0
v 0.829866060139 0.371499158706 0
v 0.829905585036 0.374610869318 0
v 0.827809512207 0.375620841462 0
v 0.826741713348 0.374569972231 0
v 0.829945109933 0.37772257993 0
v 0.826781238245 0.377681682843 0
v 0.823617366557 0.377640785756 0
v 0.817677789528 0.377564009128 0
v 0.820355083298 0.368126820152 0
v 0.82978992757 0.365505404353 0
v 0.822176100008 0.387927085872 0
v 0.817703019604 0.383453794946 0
v 0.829829452467 0.386592697465 0
v 0.829713795 0.395462815 0
v 0.820764673288 0.395502158661 0
v 0.815714750569 0.381464940797 0
v 0.820745338519 0.404470278081 0
v 0.829713795 0.40445060625 0
v 0.829713795 0.4134383975 0
v 0.82072600375 0.4134383975 0
v 0.82072600375 0.42242618875 0
v 0.8476893775 -0.4134383975 0
v 0.83870158625 -0.40445060625 0
v 0.8476893775 -0.395462815 0
v 0.83870158625 -0.395462815 0
v 0.838759414983 -0.386533860607 0
v 0.8476893775 -0.38647502375 0
v 0.8476893775 -0.3774872325 0
v 0.838817243717 -0.377604906215 0
v 0.841800005275 -0.359769692493 0
v 0.835756900137 -0.359640671247 0
v 0.833793286804 -0.363593500399 0
v 0.835833032707 -0.3656344256 0
v 0.84025092724 -0.370052719084 0
v 0.847882022895 -0.368695445018 0
v 0.848074668291 -0.359903657537 0
v 0.844937336783 -0.359836675015 0
v 0.845939945168 -0.357801059454 0
v 0.844872583608 -0.356749760414 0
v 0.848009915116 -0.356816742936 0
v 0.847945161941 -0.353729828334 0
v 0.847817269721 -0.347632947917 0
v 0.838387624106 -0.350208690993 0
v 0.8476893775 -0.3415360675 0
v 0.83870158625 -0.3415360675 0
v 0.83870158625 -0.33254827625 0
v 0.8476893775 -0.33254827625 0
v 0.8476893775 -0.323560485 0
v 0.8476893775 -0.3055849025 0
v 0.8476893775 -0.28760932 0
v 0.8476893775 -0.2696337375 0
v 0.8476893775 -0.251658155 0
v 0.8476893775 -0.2336825725 0
v 0.8476893775 -0.21570699 0
v 0.8476893775 -0.1977314075 0
v 0.8476893775 -0.179755825 0
v 0.8476893775 -0.17076803375 0
v 0.83870158625 -0.17076803375 0
v 0.8476893775 -0.1617802425 0
v 0.83870158625 -0.1617802425 0
v 0.83870158625 -0.15279245125 0
v 0.8476893775 -0.15279245125 0
v 0.8476893775 -0.14380466 0
v 0.849665288396 -0.135886705467 0
v 0.83870158625 -0.13481686875 0
v 0.8476893775 -0.1258290775 0
v 0.83870158625 -0.1258290775 0
v 0.83870158625 -0.11684128625 0
v 0.8476893775 -0.11684128625 0
v 0.8476893775 -0.107853495 0
v 0.8476893775 -0.0898779125 0
v 0.8476893775 -0.07190233 0
v 0.8476893775 -0.0539267475 0
v 0.8476893775 0.0539267475 0
v 0.8476893775 0.07190233 0
v 0.8476893775 0.0898779125 0
v 0.8476893775 0.107853495 0
v 0.8476893775 0.11684128625 0
v 0.83870158625 0.11684128625 0
v 0.8476893775 0.1258290775 0
v 0.83870158625 0.1258290775 0
v 0.83870158625 0.13481686875 0
v 0.849665288396 0.135886705467 0
v 0.8476893775 0.14380466 0
v 0.8476893775 0.15279245125 0
v 0.83870158625 0.15279245125 0
v 0.8476893775 0.1617802425 0
v 0.83870158625 0.1617802425 0
v 0.83870158625 0.17076803375 0
v 0.8476893775 0.17076803375 0
v 0.8476893775 0.179755825 0
v 0.8476893775 0.1977314075 0
v 0.8476893775 0.21570699 0
v 0.8476893775 0.2336825725 0
v 0.8476893775 0.251658155 0
v 0.8476893775 0.2696337375 0
v 0.8476893775 0.28760932 0
v 0.8476893775 0.3055849025 0
v 0.8476893775 0.323560485 0
v 0.8476893775 0.33254827625 0
v 0.83870158625 0.33254827625 0
v 0.8476893775 0.3415360675 0
v 0.83870158625 0.3415360675 0
v 0.847945161941 0.353729828334 0
v 0.848009915116 0.356816742936 0
v 0.845939945169 0.357801059455 0
v 0.844872583608 0.356749760414 0
v 0.848074668291 0.359903657537 0
v 0.844937336783 0.359836675015 0
v 0.841800005275 0.359769692493 0
v 0.835756900137 0.359640671247 0
v 0.838387624106 0.350208690993 0
v 0.847817269721 0.347632947917 0
v 0.840250927239 0.370052719084 0
v 0.835833032707 0.3656344256 0
v 0.847882022895 0.368695445018 0
v 0.8476893775 0.3774872325 0
v 0.838817243717 0.377604906215 0
v 0.833793286804 0.363593500399 0
v 0.838759414983 0.386533860607 0
v 0.8476893775 0.38647502375 0
v 0.8476893775 0.395462815 0
v 0.83870158625 0.395462815 0
v 0.83870158625 0.40445060625 0
v 0.8476893775 0.4134383975 0
v 0.85667716875 -0.38647502375 0
v 0.86566496 -0.3774872325 0
v 0.85667716875 -0.3774872325 0
v 0.856773491448 -0.368597443134 0
v 0.86566496 -0.36849944125 0
v 0.86566496 -0.35951165 0
v 0.856869814145 -0.359707653768 0
v 0.859980899792 -0.341900313545 0
v 0.853835138646 -0.341718190523 0
v 0.851871813078 -0.345722069793 0
v 0.853963030867 -0.34781507094 0
v 0.858325967274 -0.352178574758 0
v 0.865934593324 -0.350798192572 0
v 0.866204226648 -0.342084735144 0
v 0.86309256322 -0.341992524345 0
v 0.864070340453 -0.339981314472 0
v 0.863003397359 -0.338929604137 0
v 0.866115060787 -0.339021814936 0
v 0.866025894926 -0.335958894729 0
v 0.865845427463 -0.329759689864 0
v 0.856420011254 -0.332290410326 0
v 0.86566496 -0.323560485 0
v 0.85667716875 -0.323560485 0
v 0.85667716875 -0.31457269375 0
v 0.86566496 -0.31457269375 0
v 0.86566496 -0.3055849025 0
v 0.86566496 -0.28760932 0
v 0.86566496 -0.2696337375 0
v 0.86566496 -0.26064594625 0
v 0.85667716875 -0.26064594625 0
v 0.86566496 -0.251658155 0
v 0.85667716875 -0.251658155 0
v 0.85667716875 -0.24267036375 0
v 0.86566496 -0.24267036375 0
v 0.86566496 -0.2336825725 0
v 0.86566496 -0.22469478125 0
v 0.85667716875 -0.22469478125 0
v 0.86566496 -0.21570699 0
v 0.85667716875 -0.21570699 0
v 0.85667716875 -0.20671919875 0
v 0.86566496 -0.20671919875 0
v 0.86566496 -0.1977314075 0
v 0.865295667607 -0.188814559797 0
v 0.856492522554 -0.188779088023 0
v 0.864926375214 -0.179897712093 0
v 0.856307876357 -0.179826768547 0
v 0.85547529525 -0.170998921714 0
v 0.863261213 -0.171229809678 0
v 0.861596050785 -0.162561907262 0
v 0.854642714143 -0.162171074881 0
v 0.864344087453 -0.153046199729 0
v 0.865718105787 -0.148288345963 0
v 0.864654885347 -0.146723890187 0
v 0.863436265959 -0.148320589182 0
v 0.867092124121 -0.143530492196 0
v 0.864810284293 -0.143562735416 0
v 0.862528444465 -0.143594978635 0
v 0.855108910982 -0.143699819317 0
v 0.855536887496 -0.152856792731 0
v 0.862970069119 -0.157804053495 0
v 0.864653413312 -0.142891267657 0
v 0.862448722232 -0.143179989317 0
v 0.866858104392 -0.142602545997 0
v 0.866624084664 -0.141674599797 0
v 0.864496542332 -0.142219799898 0
v 0.862369 -0.142765 0
v 0.865654083447 -0.137828304661 0
v 0.864559055632 -0.139473869774 0
v 0.86468408223 -0.133982009525 0
v 0.863526541115 -0.138373504763 0
v 0.863547905891 -0.129476788863 0
v 0.858016984215 -0.131564107585 0
v 0.862411729553 -0.124971568202 0
v 0.855923206642 -0.12747089065 0
v 0.8476893775 -0.126278467063 0
v 0.8476893775 -0.126727856625 0
v 0.85502918875 -0.134746428312 0
v 0.8476893775 -0.135266258312 0
v 0.855069049866 -0.139223123815 0
v 0.855863861138 -0.116626908925 0
v 0.864038344776 -0.116412531601 0
v 0.86566496 -0.107853495 0
v 0.85667716875 -0.107853495 0
v 0.85667716875 -0.09886570375 0
v 0.86566496 -0.09886570375 0
v 0.86566496 -0.0898779125 0
v 0.86566496 -0.08089012125 0
v 0.85667716875 -0.08089012125 0
v 0.86566496 -0.07190233 0
v 0.85667716875 -0.07190233 0
v 0.85667716875 -0.06291453875 0
v 0.86566496 -0.06291453875 0
v 0.86566496 -0.0539267475 0
v 0.86566496 0.0539267475 0
v 0.86566496 0.06291453875 0
v 0.85667716875 0.06291453875 0
v 0.86566496 0.07190233 0
v 0.85667716875 0.07190233 0
v 0.85667716875 0.08089012125 0
v 0.86566496 0.08089012125 0
v 0.86566496 0.0898779125 0
v 0.86566496 0.09886570375 0
v 0.85667716875 0.09886570375 0
v 0.86566496 0.107853495 0
v 0.85667716875 0.107853495 0
v 0.855863861138 0.116626908925 0
v 0.864038344776 0.116412531601 0
v 0.862411729553 0.124971568202 0
v 0.855923206642 0.12747089065 0
v 0.86468408223 0.133982009525 0
v 0.865654083447 0.137828304661 0
v 0.86455905563 0.139473869774 0
v 0.863526541115 0.138373504763 0
v 0.866624084664 0.141674599797 0
v 0.864496542332 0.142219799898 0
v 0.862369 0.142765 0
v 0.866858104392 0.142602545997 0
v 0.864653413312 0.142891267657 0
v 0.867092124121 0.143530492196 0
v 0.864810284293 0.143562735416 0
v 0.862528444465 0.143594978635 0
v 0.862448722232 0.143179989317 0
v 0.855108910982 0.143699819317 0
v 0.855069049866 0.143267629877 0
v 0.8476893775 0.143355270438 0
v 0.8476893775 0.142905880875 0
v 0.85502918875 0.142835440438 0
v 0.8476893775 0.134367479187 0
v 0.85568495333 0.134096856494 0
v 0.863547905891 0.129476788863 0
v 0.864654885346 0.146723890187 0
v 0.863436265959 0.148320589182 0
v 0.865718105787 0.148288345963 0
v 0.864344087453 0.153046199729 0
v 0.862970069119 0.157804053495 0
v 0.855536887496 0.152856792731 0
v 0.861596050785 0.162561907262 0
v 0.854642714143 0.162171074881 0
v 0.85547529525 0.170998921714 0
v 0.863261213 0.171229809678 0
v 0.864926375214 0.179897712093 0
v 0.856307876357 0.179826768547 0
v 0.856492522554 0.188779088023 0
v 0.865295667607 0.188814559797 0
v 0.86566496 0.1977314075 0
v 0.86566496 0.20671919875 0
v 0.85667716875 0.20671919875 0
v 0.86566496 0.21570699 0
v 0.85667716875 0.21570699 0
v 0.85667716875 0.22469478125 0
v 0.86566496 0.22469478125 0
v 0.86566496 0.2336825725 0
v 0.86566496 0.24267036375 0
v 0.85667716875 0.24267036375 0
v 0.86566496 0.251658155 0
v 0.85667716875 0.251658155 0
v 0.85667716875 0.26064594625 0
v 0.86566496 0.26064594625 0
v 0.86566496 0.2696337375 0
v 0.86566496 0.28760932 0
v 0.86566496 0.3055849025 0
v 0.86566496 0.31457269375 0
v 0.85667716875 0.31457269375 0
v 0.86566496 0.323560485 0
v 0.85667716875 0.323560485 0
v 0.866025894926 0.335958894729 0
v 0.866115060787 0.339021814936 0
v 0.864070340458 0.339981314474 0
v 0.863003397359 0.338929604137 0
v 0.866204226648 0.342084735144 0
v 0.86309256322 0.341992524345 0
v 0.859980899792 0.341900313545 0
v 0.853835138646 0.341718190523 0
v 0.856420011254 0.332290410326 0
v 0.865845427463 0.329759689864 0
v 0.858325967274 0.352178574759 0
v 0.853963030867 0.34781507094 0
v 0.865934593324 0.350798192572 0
v 0.86566496 0.35951165 0
v 0.856869814145 0.359707653768 0
v 0.851871813077 0.345722069793 0
v 0.856773491448 0.368597443134 0
v 0.86566496 0.36849944125 0
v 0.86566496 0.3774872325 0
v 0.85667716875 0.3774872325 0
v 0.85667716875 0.38647502375 0
v 0.8836405425 -0.3774872325 0
v 0.87465275125 -0.36849944125 0
v 0.8836405425 -0.35951165 0
v 0.87465275125 -0.35951165 0
v 0.874787567912 -0.350661025661 0
v 0.8836405425 -0.35052385875 0
v 0.8836405425 -0.3415360675 0
v 0.874922384574 -0.341810401322 0
v 0.878160134691 -0.32403256578 0
v 0.871912547346 -0.32379652539 0
v 0.869950329873 -0.327850648503 0
v 0.872093014809 -0.329995730254 0
v 0.876401212348 -0.334304645224 0
v 0.883987163753 -0.332900940126 0
v 0.884333785006 -0.324265812751 0
v 0.881246959848 -0.324149189265 0
v 0.882200700313 -0.322161604309 0
v 0.881134157971 -0.321109500089 0
v 0.884220983128 -0.321226123575 0
v 0.884108181251 -0.318186434398 0
v 0.883874361876 -0.311885668449 0
v 0.874452251661 -0.314371985507 0
v 0.8836405425 -0.3055849025 0
v 0.87465275125 -0.3055849025 0
v 0.87465275125 -0.29659711125 0
v 0.8836405425 -0.29659711125 0
v 0.8836405425 -0.28760932 0
v 0.882929158763 -0.278758190339 0
v 0.874297059381 -0.278689859545 0
v 0.882217775026 -0.269907060678 0
v 0.873941367513 -0.269770399089 0
v 0.884965811693 -0.260391353146 0
v 0.886339830027 -0.255633499379 0
v 0.885282809337 -0.254101316036 0
v 0.884067289825 -0.255714151248 0
v 0.887713848361 -0.250875645613 0
v 0.885441308159 -0.250956297481 0
v 0.883168767958 -0.251036949349 0
v 0.874416863979 -0.251347552175 0
v 0.874837267903 -0.260472716031 0
v 0.883591793359 -0.265149206912 0
v 0.883770072414 -0.242256779664 0
v 0.881491458682 -0.242305816132 0
v 0.886048686147 -0.242207743197 0
v 0.884383523932 -0.233539840782 0
v 0.882098836669 -0.233557261848 0
v 0.879814149406 -0.233574682914 0
v 0.872739554703 -0.233628627707 0
v 0.873578209341 -0.242488089941 0
v 0.881054965387 -0.224632125924 0
v 0.878097897557 -0.224640836457 0
v 0.884012033216 -0.224623415391 0
v 0.8836405425 -0.21570699 0
v 0.880011094104 -0.21570699 0
v 0.876381645708 -0.21570699 0
v 0.871023302854 -0.21570699 0
v 0.871881428779 -0.224667808853 0
v 0.879147786601 -0.20671919875 0
v 0.874655030702 -0.20671919875 0
v 0.8836405425 -0.20671919875 0
v 0.8836405425 -0.1977314075 0
v 0.878284479098 -0.1977314075 0
v 0.872928415697 -0.1977314075 0
v 0.869296687848 -0.1977314075 0
v 0.870159995351 -0.20671919875 0
v 0.877426322107 -0.188770426929 0
v 0.871212101714 -0.188797237608 0
v 0.8836405425 -0.18874361625 0
v 0.8836405425 -0.179755825 0
v 0.876568165115 -0.179809446358 0
v 0.86949578773 -0.179863067717 0
v 0.867211081472 -0.179880389905 0
v 0.86825388466 -0.188805898702 0
v 0.875729507752 -0.170949969938 0
v 0.867818473004 -0.171131906126 0
v 0.8836405425 -0.17076803375 0
v 0.8836405425 -0.1617802425 0
v 0.874890850389 -0.162090493518 0
v 0.866141158278 -0.162400744536 0
v 0.863868604532 -0.162481325899 0
v 0.865539843002 -0.171180857902 0
v 0.874470435504 -0.152965283852 0
v 0.865242622866 -0.157723472133 0
v 0.8836405425 -0.15279245125 0
v 0.8836405425 -0.14380466 0
v 0.87536633331 -0.143667576098 0
v 0.864027098839 -0.159336283842 0
v 0.867010156979 -0.125157315482 0
v 0.864710943266 -0.125064441842 0
v 0.864701989587 -0.128036964403 0
v 0.865847119604 -0.129569662504 0
v 0.865888103175 -0.138756250861 0
v 0.874707060491 -0.13454867293 0
v 0.8836405425 -0.13481686875 0
v 0.8836405425 -0.1258290775 0
v 0.875325349739 -0.125493196491 0
v 0.876465615331 -0.116673345746 0
v 0.869290688161 -0.116505405241 0
v 0.8836405425 -0.11684128625 0
v 0.8836405425 -0.107853495 0
v 0.877605880922 -0.107853495 0
v 0.871571219344 -0.107853495 0
v 0.868618089672 -0.107853495 0
v 0.866664516469 -0.116458968421 0
v 0.878790413449 -0.09886570375 0
v 0.873940284399 -0.09886570375 0
v 0.8836405425 -0.09886570375 0
v 0.8836405425 -0.0898779125 0
v 0.879974945977 -0.0898779125 0
v 0.876309349453 -0.0898779125 0
v 0.870987154727 -0.0898779125 0
v 0.869802622199 -0.09886570375 0
v 0.881614071991 -0.0811139098862 0
v 0.878627168054 -0.0810845407436 0
v 0.884600975927 -0.0811432790288 0
v 0.885561409354 -0.0724086455577 0
v 0.883253198005 -0.0723499072725 0
v 0.880944986655 -0.0722911689873 0
v 0.873304973328 -0.0720967494936 0
v 0.872146064027 -0.0809873309968 0
v 0.883312497513 -0.0691863820189 0
v 0.882188041592 -0.0675752502495 0
v 0.884496252941 -0.0676339885347 0
v 0.883431096528 -0.0628593315118 0
v 0.882365940116 -0.0580846744889 0
v 0.874064814874 -0.0628223984674 0
v 0.881300783703 -0.053310017466 0
v 0.873482871851 -0.053618382483 0
v 0.874067811551 -0.0447847737415 0
v 0.882470663101 -0.044630591233 0
v 0.8836405425 -0.035951165 0
v 0.8836405425 -0.02696337375 0
v 0.87465275125 -0.02696337375 0
v 0.8836405425 -0.0179755825 0
v 0.87465275125 -0.0179755825 0
v 0.87465275125 -0.00898779125 0
v 0.885609857464 -0.00790586100889 0
v 0.8836405425 -0 0
v 0.885609857464 0.00790586100889 0
v 0.87465275125 0.00898779125 0
v 0.8836405425 0.0179755825 0
v 0.87465275125 0.0179755825 0
v 0.87465275125 0.02696337375 0
v 0.8836405425 0.02696337375 0
v 0.8836405425 0.035951165 0
v 0.882470663101 0.044630591233 0
v 0.874067811551 0.0447847737415 0
v 0.881300783703 0.053310017466 0
v 0.873482871851 0.053618382483 0
v 0.883431096528 0.0628593315118 0
v 0.884496252941 0.0676339885347 0
v 0.883312497513 0.0691863820189 0
v 0.882188041592 0.0675752502495 0
v 0.885561409354 0.0724086455577 0
v 0.883253198005 0.0723499072725 0
v 0.880944986655 0.0722911689873 0
v 0.873304973328 0.0720967494936 0
v 0.874064814875 0.0628223984674 0
v 0.882365940116 0.0580846744889 0
v 0.881614071991 0.0811139098862 0
v 0.878627168054 0.0810845407436 0
v 0.884600975927 0.0811432790288 0
v 0.8836405425 0.0898779125 0
v 0.879974945977 0.0898779125 0
v 0.876309349453 0.0898779125 0
v 0.870987154727 0.0898779125 0
v 0.872146064027 0.0809873309968 0
v 0.878790413449 0.09886570375 0
v 0.873940284399 0.09886570375 0
v 0.8836405425 0.09886570375 0
v 0.8836405425 0.107853495 0
v 0.877605880922 0.107853495 0
v 0.871571219344 0.107853495 0
v 0.868618089672 0.107853495 0
v 0.869802622199 0.09886570375 0
v 0.876465615331 0.116673345746 0
v 0.869290688161 0.116505405241 0
v 0.8836405425 0.11684128625 0
v 0.8836405425 0.1258290775 0
v 0.875325349739 0.125493196491 0
v 0.867010156979 0.125157315482 0
v 0.864710943266 0.125064441842 0
v 0.866664516469 0.116458968421 0
v 0.874707060491 0.13454867293 0
v 0.865847119604 0.129569662504 0
v 0.8836405425 0.13481686875 0
v 0.8836405425 0.14380466 0
v 0.87536633331 0.143667576098 0
v 0.865888103175 0.138756250861 0
v 0.864701989587 0.128036964403 0
v 0.866141158278 0.162400744536 0
v 0.863868604532 0.162481325899 0
v 0.86402709884 0.159336283843 0
v 0.865242622866 0.157723472133 0
v 0.874470435504 0.152965283852 0
v 0.8836405425 0.15279245125 0
v 0.8836405425 0.1617802425 0
v 0.874890850389 0.162090493518 0
v 0.875729507752 0.170949969938 0
v 0.867818473004 0.171131906126 0
v 0.8836405425 0.17076803375 0
v 0.8836405425 0.179755825 0
v 0.876568165115 0.179809446358 0
v 0.86949578773 0.179863067717 0
v 0.867211081472 0.179880389905 0
v 0.865539843002 0.171180857902 0
v 0.877426322107 0.188770426929 0
v 0.871212101714 0.188797237608 0
v 0.8836405425 0.18874361625 0
v 0.8836405425 0.1977314075 0
v 0.878284479098 0.1977314075 0
v 0.872928415697 0.1977314075 0
v 0.869296687848 0.1977314075 0
v 0.86825388466 0.188805898702 0
v 0.879147786601 0.20671919875 0
v 0.874655030702 0.20671919875 0
v 0.8836405425 0.20671919875 0
v 0.8836405425 0.21570699 0
v 0.880011094104 0.21570699 0
v 0.876381645708 0.21570699 0
v 0.871023302854 0.21570699 0
v 0.870159995351 0.20671919875 0
v 0.881054965387 0.224632125924 0
v 0.878097897557 0.224640836457 0
v 0.884012033216 0.224623415391 0
v 0.884383523932 0.233539840782 0
v 0.882098836669 0.233557261848 0
v 0.879814149406 0.233574682914 0
v 0.872739554703 0.233628627707 0
v 0.871881428779 0.224667808853 0
v 0.883770072414 0.242256779664 0
v 0.881491458682 0.242305816132 0
v 0.886048686147 0.242207743197 0
v 0.887713848361 0.250875645613 0
v 0.885441308159 0.250956297481 0
v 0.883168767958 0.251036949349 0
v 0.874416863979 0.251347552175 0
v 0.873578209341 0.242488089941 0
v 0.885282809337 0.254101316036 0
v 0.884067289825 0.255714151248 0
v 0.886339830027 0.255633499379 0
v 0.884965811693 0.260391353146 0
v 0.883591793359 0.265149206912 0
v 0.874837267903 0.260472716031 0
v 0.882217775026 0.269907060678 0
v 0.873941367513 0.269770399089 0
v 0.874297059381 0.278689859545 0
v 0.882929158763 0.278758190339 0
v 0.8836405425 0.28760932 0
v 0.8836405425 0.29659711125 0
v 0.87465275125 0.29659711125 0
v 0.8836405425 0.3055849025 0
v 0.87465275125 0.3055849025 0
v 0.884108181251 0.318186434398 0
v 0.884220983128 0.321226123575 0
v 0.882200700314 0.322161604309 0
v 0.881134157971 0.321109500089 0
v 0.884333785006 0.324265812751 0
v 0.881246959848 0.324149189265 0
v 0.878160134691 0.32403256578 0
v 0.871912547346 0.32379652539 0
v 0.874452251661 0.314371985507 0
v 0.883874361876 0.311885668449 0
v 0.876401212348 0.334304645224 0
v 0.872093014809 0.329995730254 0
v 0.883987163753 0.332900940126 0
v 0.8836405425 0.3415360675 0
v 0.874922384574 0.341810401322 0
v 0.869950329872 0.327850648503 0
v 0.874787567912 0.350661025661 0
v 0.8836405425 0.35052385875 0
v 0.8836405425 0.35951165 0
v 0.87465275125 0.35951165 0
v 0.87465275125 0.36849944125 0
v 0.8836405425 0.3774872325 0
v 0.89262833375 -0.35052385875 0
v 0.901616125 -0.3415360675 0
v 0.89262833375 -0.3415360675 0
v 0.892801644376 -0.332724608188 0
v 0.901616125 -0.33254827625 0
v 0.901616125 -0.323560485 0
v 0.893146272429 -0.321672741589 0
v 0.901616125 -0.31097757725 0
v 0.901616125 -0.308281239875 0
v 0.897762261441 -0.307611345562 0
v 0.8978925625 -0.309637788625 0
v 0.901616125 -0.3055849025 0
v 0.897631960383 -0.3055849025 0
v 0.893647795766 -0.3055849025 0
v 0.893908397883 -0.30694145125 0
v 0.894169 -0.308298 0
v 0.888644169133 -0.3055849025 0
v 0.888891379879 -0.30941355985 0
v 0.889138590626 -0.313242217199 0
v 0.893771571293 -0.31746755673 0
v 0.901616125 -0.317269031125 0
v 0.89676865288 -0.29659711125 0
v 0.89192118076 -0.29659711125 0
v 0.901616125 -0.29659711125 0
v 0.901616125 -0.28760932 0
v 0.895905345377 -0.28760932 0
v 0.890194565754 -0.28760932 0
v 0.886917554127 -0.28760932 0
v 0.88778086163 -0.29659711125 0
v 0.895052076426 -0.278673783834 0
v 0.888488027853 -0.278726038917 0
v 0.901616125 -0.27862152875 0
v 0.901616125 -0.2696337375 0
v 0.894198807476 -0.269738247667 0
v 0.886781489951 -0.269842757835 0
v 0.884499632489 -0.269874909256 0
v 0.885708593308 -0.278742114628 0
v 0.89377081651 -0.260581213237 0
v 0.885873650822 -0.26511705549 0
v 0.901616125 -0.26064594625 0
v 0.901616125 -0.251658155 0
v 0.894664986681 -0.251266900306 0
v 0.884655025558 -0.266713723886 0
v 0.893832405573 -0.242439053474 0
v 0.901616125 -0.24267036375 0
v 0.901616125 -0.2336825725 0
v 0.892999824466 -0.233611206641 0
v 0.892814079108 -0.22465909832 0
v 0.89262833375 -0.20671919875 0
v 0.89262833375 -0.1977314075 0
v 0.89262833375 -0.18874361625 0
v 0.89262833375 -0.17076803375 0
v 0.89262833375 -0.1617802425 0
v 0.89262833375 -0.15279245125 0
v 0.89262833375 -0.13481686875 0
v 0.89262833375 -0.1258290775 0
v 0.89262833375 -0.11684128625 0
v 0.89262833375 -0.09886570375 0
v 0.901616125 -0.0898779125 0
v 0.89262833375 -0.0898779125 0
v 0.893108550464 -0.0810167001394 0
v 0.901616125 -0.08089012125 0
v 0.901616125 -0.07190233 0
v 0.893588767177 -0.0721554877788 0
v 0.885911278821 -0.0534499821739 0
v 0.883606031262 -0.05337999982 0
v 0.883547719684 -0.0565397770506 0
v 0.884671187674 -0.0581546568429 0
v 0.893006177316 -0.0629515953272 0
v 0.901616125 -0.06291453875 0
v 0.901616125 -0.0539267475 0
v 0.89376370191 -0.053688364837 0
v 0.89491681715 -0.0448197649185 0
v 0.888217509301 -0.044700573587 0
v 0.901616125 -0.04493895625 0
v 0.901616125 -0.035951165 0
v 0.896069932391 -0.035951165 0
v 0.890523739781 -0.035951165 0
v 0.887082141141 -0.035951165 0
v 0.885344086201 -0.04466558241 0
v 0.897254464918 -0.02696337375 0
v 0.892892804836 -0.02696337375 0
v 0.901616125 -0.02696337375 0
v 0.901616125 -0.0179755825 0
v 0.898438997445 -0.0179755825 0
v 0.895261869891 -0.0179755825 0
v 0.889451206195 -0.0179755825 0
v 0.888266673668 -0.02696337375 0
v 0.900249643004 -0.00927214554849 0
v 0.897630934945 -0.00898779125 0
v 0.902868351062 -0.00955649984697 0
v 0.904120577124 -0.00113741719395 0
v 0.902060288562 -0.000568708596975 0
v 0.9 0 0
v 0.904259713353 -0.000201963565836 0
v 0.902092116058 4.21990889538e-05 0
v 0.904398849582 0.000733490062278 0
v 0.902123943554 0.000653106774883 0
v 0.899849037526 0.000572723487487 0
v 0.899924518763 0.000286361743744 0
v 0.891744790013 0.000286361743744 0
v 0.891782530632 -8.15139093782e-05 0
v 0.8836405425 -0.0004493895625 0
v 0.8836405425 -0.000898779125 0
v 0.89182027125 -0.0004493895625 0
v 0.8836405425 -0.0094371808125 0
v 0.890635738723 -0.00921248603125 0
v 0.9002814705 0.00931434463744 0
v 0.897555453708 0.00927415299374 0
v 0.902319761344 0.00721542256406 0
v 0.901616125 0.0179755825 0
v 0.898438997445 0.0179755825 0
v 0.895261869891 0.0179755825 0
v 0.889451206195 0.0179755825 0
v 0.890597998104 0.00913097212187 0
v 0.897254464918 0.02696337375 0
v 0.892892804836 0.02696337375 0
v 0.901616125 0.02696337375 0
v 0.901616125 0.035951165 0
v 0.896069932391 0.035951165 0
v 0.890523739781 0.035951165 0
v 0.887082141141 0.035951165 0
v 0.888266673668 0.02696337375 0
v 0.89491681715 0.0448197649185 0
v 0.888217509301 0.044700573587 0
v 0.901616125 0.04493895625 0
v 0.901616125 0.0539267475 0
v 0.89376370191 0.053688364837 0
v 0.885911278821 0.0534499821739 0
v 0.883606031262 0.05337999982 0
v 0.885344086201 0.04466558241 0
v 0.893006177316 0.0629515953272 0
v 0.884671187674 0.0581546568429 0
v 0.901616125 0.06291453875 0
v 0.901616125 0.07190233 0
v 0.893588767177 0.0721554877788 0
v 0.883547719684 0.0565397770506 0
v 0.893108550464 0.0810167001394 0
v 0.901616125 0.08089012125 0
v 0.901616125 0.0898779125 0
v 0.89262833375 0.0898779125 0
v 0.89262833375 0.09886570375 0
v 0.89262833375 0.11684128625 0
v 0.89262833375 0.1258290775 0
v 0.89262833375 0.13481686875 0
v 0.89262833375 0.15279245125 0
v 0.89262833375 0.1617802425 0
v 0.89262833375 0.17076803375 0
v 0.89262833375 0.18874361625 0
v 0.89262833375 0.1977314075 0
v 0.89262833375 0.20671919875 0
v 0.892814079108 0.22465909832 0
v 0.901616125 0.2336825725 0
v 0.892999824466 0.233611206641 0
v 0.893832405573 0.242439053474 0
v 0.901616125 0.24267036375 0
v 0.901616125 0.251658155 0
v 0.894664986681 0.251266900306 0
v 0.886781489951 0.269842757835 0
v 0.884499632489 0.269874909256 0
v 0.884655025556 0.266713723886 0
v 0.885873650822 0.26511705549 0
v 0.89377081651 0.260581213237 0
v 0.901616125 0.26064594625 0
v 0.901616125 0.2696337375 0
v 0.894198807476 0.269738247667 0
v 0.895052076426 0.278673783834 0
v 0.888488027853 0.278726038917 0
v 0.901616125 0.27862152875 0
v 0.901616125 0.28760932 0
v 0.895905345377 0.28760932 0
v 0.890194565754 0.28760932 0
v 0.886917554127 0.28760932 0
v 0.885708593308 0.278742114628 0
v 0.89676865288 0.29659711125 0
v 0.89192118076 0.29659711125 0
v 0.901616125 0.29659711125 0
v 0.901616125 0.3055849025 0
v 0.897631960383 0.3055849025 0
v 0.893647795766 0.3055849025 0
v 0.888644169133 0.3055849025 0
v 0.88778086163 0.29659711125 0
v 0.897762261441 0.307611345562 0
v 0.893908397883 0.30694145125 0
v 0.901616125 0.308281239875 0
v 0.901616125 0.31097757725 0
v 0.8978925625 0.309637788625 0
v 0.894169 0.308298 0
v 0.901616125 0.317269031125 0
v 0.893771571293 0.31746755673 0
v 0.901616125 0.323560485 0
v 0.893146272429 0.321672741589 0
v 0.889138590626 0.313242217199 0
v 0.888891379879 0.30941355985 0
v 0.892801644376 0.332724608188 0
v 0.901616125 0.33254827625 0
v 0.901616125 0.3415360675 0
v 0.89262833375 0.3415360675 0
v 0.89262833375 0.35052385875 0
v 0.9195917075 -0.3415360675 0
v 0.91060391625 -0.33254827625 0
v 0.9195917075 -0.323560485 0
v 0.91060391625 -0.323560485 0
v 0.91060391625 -0.31457269375 0
v 0.899897799528 -0.313124891262 0
v 0.9195917075 -0.3055849025 0
v 0.91060391625 -0.29659711125 0
v 0.9195917075 -0.28760932 0
v 0.91060391625 -0.28760932 0
v 0.91060391625 -0.27862152875 0
v 0.9195917075 -0.2696337375 0
v 0.91060391625 -0.26064594625 0
v 0.9195917075 -0.251658155 0
v 0.91060391625 -0.251658155 0
v 0.91060391625 -0.24267036375 0
v 0.9195917075 -0.2336825725 0
v 0.9195917075 -0.0898779125 0
v 0.91060391625 -0.08089012125 0
v 0.9195917075 -0.07190233 0
v 0.91060391625 -0.07190233 0
v 0.91060391625 -0.06291453875 0
v 0.9195917075 -0.0539267475 0
v 0.91060391625 -0.04493895625 0
v 0.9195917075 -0.035951165 0
v 0.91060391625 -0.035951165 0
v 0.91060391625 -0.02696337375 0
v 0.9195917075 -0.0179755825 0
v 0.911299597395 -0.00880441873443 0
v 0.902267373304 -0.00649948882895 0
v 0.9195917075 -0 0
v 0.911995278541 0.000366745031139 0
v 0.911299597395 0.00917116376557 0
v 0.9195917075 0.0179755825 0
v 0.91060391625 0.02696337375 0
v 0.9195917075 0.035951165 0
v 0.91060391625 0.035951165 0
v 0.91060391625 0.04493895625 0
v 0.9195917075 0.0539267475 0
v 0.91060391625 0.06291453875 0
v 0.9195917075 0.07190233 0
v 0.91060391625 0.07190233 0
v 0.91060391625 0.08089012125 0
v 0.9195917075 0.0898779125 0
v 0.9195917075 0.2336825725 0
v 0.91060391625 0.24267036375 0
v 0.9195917075 0.251658155 0
v 0.91060391625 0.251658155 0
v 0.91060391625 0.26064594625 0
v 0.9195917075 0.2696337375 0
v 0.91060391625 0.27862152875 0
v 0.9195917075 0.28760932 0
v 0.91060391625 0.28760932 0
v 0.91060391625 0.29659711125 0
v 0.9195917075 0.3055849025 0
v 0.91060391625 0.31457269375 0
v 0.899897799528 0.313124891262 0
v 0.9195917075 0.323560485 0
v 0.91060391625 0.323560485 0
v 0.91060391625 0.33254827625 0
v 0.9195917075 0.3415360675 0
g interior
f 1 2 3 4
f 2 5 6 3
f 4 3 6 7
f 7 6 8 9
f 6 10 11 8
f 8 11 12 9
f 5 13 14 6
f 13 15 16 14
f 14 16 17 6
f 6 17 18 19
f 19 18 20 21
f 6 19 21 10
g exterior
f 22 23 24 25
f 25 24 26 27
f 27 26 28 29
f 29 28 30 31
f 27 29 31 32
f 32 31 33 34
f 31 30 35 33
f 33 35 36 34
f 34 36 37 38
f 38 37 39 40
f 34 38 40 41
f 41 40 42 43
f 40 39 44 42
f 42 44 45 46
f 43 42 46 47
f 48 49 50 51
f 49 52 53 50
f 50 53 54 55
f 51 50 55 56
f 56 55 57 58
f 55 54 59 57
f 57 59 60 58
f 58 60 61 62
f 62 61 63 64
f 58 62 64 65
f 65 64 66 67
f 64 63 68 66
f 66 68 69 67
f 67 69 70 71
f 71 70 72 73
f 23 74 75 24
f 24 75 76 77
f 77 76 78 79
f 24 77 79 26
f 26 79 80 28
f 79 78 81 80
f 80 81 82 83
f 28 80 83 30
f 63 84 85 68
f 84 86 87 85
f 85 87 88 89
f 68 85 89 69
f 69 89 90 70
f 89 88 91 90
f 90 91 92 70
f 70 92 93 72
f 74 94 95 96
f 96 95 97 98
f 74 96 98 75
f 75 98 99 76
f 98 97 100 99
f 99 100 101 102
f 76 99 102 78
f 88 103 104 91
f 103 105 106 104
f 104 106 107 108
f 91 104 108 92
f 92 108 109 93
f 108 107 110 109
f 109 110 111 93
f 94 112 113 95
f 112 114 115 113
f 113 115 97 95
f 107 116 117 110
f 116 118 119 117
f 110 117 119 111
f 112 120 121 122
f 122 121 123 124
f 112 122 124 114
g interior
f 125 126 127 128
f 126 129 130 127
f 128 127 130 131
f 131 130 132 133
f 130 134 135 132
f 132 135 136 133
f 136 135 137 138
f 135 134 139 137
f 138 137 139 140
f 140 139 141 142
f 139 143 144 141
f 141 144 145 142
g exterior
f 118 146 147 119
f 146 148 149 147
f 147 149 150 119
f 120 151 152 121
f 151 153 154 152
f 152 154 123 121
g interior
f 155 156 157 158
f 156 159 160 157
f 157 160 161 162
f 158 157 162 163
f 163 162 164 165
f 162 161 1 164
f 165 164 1 129
f 129 1 4 130
f 130 4 7 134
f 134 7 9 139
f 139 9 12 143
f 143 12 166 167
f 12 168 169 166
f 166 169 170 167
f 170 169 171 172
f 169 168 173 171
f 171 173 174 175
f 172 171 175 176
g exterior
f 148 177 178 149
f 177 179 180 178
f 149 178 180 150
f 151 181 182 183
f 183 182 184 185
f 151 183 185 153
g interior
f 159 186 187 160
f 186 188 189 187
f 160 187 189 161
f 161 189 2 1
f 12 11 190 168
f 168 190 191 173
f 190 192 193 191
f 191 193 174 173
g exterior
f 179 194 195 180
f 194 196 197 195
f 195 197 198 180
g interior
f 188 199 200 189
f 199 201 202 200
f 200 202 203 189
f 189 203 5 2
f 11 10 204 190
f 190 204 205 206
f 206 205 207 208
f 190 206 208 192
f 201 209 210 202
f 209 211 212 210
f 202 210 212 203
f 203 212 13 5
f 10 21 213 204
f 204 213 214 205
f 213 215 216 214
f 214 216 207 205
f 211 217 218 212
f 217 219 220 218
f 218 220 221 212
f 212 221 15 13
f 21 20 222 213
f 213 222 223 224
f 224 223 225 226
f 213 224 226 215
f 221 227 228 15
f 227 229 230 228
f 228 230 231 15
f 15 231 232 16
f 16 232 233 17
f 17 233 234 18
f 18 234 235 20
f 20 235 236 237
f 237 236 238 239
f 20 237 239 222
g exterior
f 240 241 242 243
f 241 244 245 242
f 242 245 246 243
g interior
f 229 247 248 230
f 247 249 250 248
f 248 250 251 252
f 230 248 252 231
f 231 252 253 232
f 252 251 254 253
f 253 254 255 232
f 232 255 256 233
f 233 256 257 234
f 234 257 258 259
f 259 258 260 261
f 234 259 261 235
f 235 261 262 236
f 261 260 263 262
f 262 263 264 265
f 236 262 265 238
g exterior
f 266 267 268 269
f 267 270 271 268
f 269 268 271 272
f 241 273 274 244
f 244 274 275 276
f 274 277 278 275
f 275 278 279 276
g interior
f 255 280 281 256
f 280 282 283 281
f 281 283 284 256
f 256 284 285 286
f 286 285 287 288
f 256 286 288 257
g exterior
f 289 290 291 292
f 290 293 294 291
f 292 291 294 270
f 270 294 295 271
f 273 296 297 274
f 274 297 298 299
f 299 298 300 301
f 274 299 301 277
f 293 302 303 294
f 302 304 305 303
f 303 305 306 294
f 294 306 307 295
f 296 308 309 297
f 297 309 310 298
f 309 311 312 310
f 310 312 300 298
f 300 312 313 314
f 312 311 315 313
f 313 315 316 317
f 314 313 317 318
f 319 320 321 322
f 320 323 324 321
f 321 324 325 326
f 322 321 326 304
f 304 326 327 305
f 326 325 328 327
f 305 327 328 306
f 306 328 329 307
f 308 330 331 309
f 309 331 332 311
f 311 332 333 315
f 332 334 335 333
f 333 335 316 315
f 316 335 336 337
f 335 334 338 336
f 336 338 339 340
f 337 336 340 341
f 342 343 344 345
f 343 346 347 344
f 344 347 348 349
f 345 344 349 323
f 323 349 350 324
f 349 348 351 350
f 324 350 351 325
f 325 351 352 328
f 328 352 353 329
f 47 46 354 355
f 355 354 356 357
f 357 356 358 359
f 359 358 360 361
f 361 360 362 363
f 363 362 364 365
f 365 364 366 367
f 367 366 49 48
f 46 45 368 354
f 354 368 369 370
f 370 369 371 372
f 354 370 372 356
f 356 372 373 358
f 372 371 374 373
f 373 374 375 358
f 358 375 376 377
f 377 376 378 379
f 358 377 379 360
f 360 379 380 362
f 379 378 381 380
f 380 381 382 362
f 362 382 383 384
f 384 383 385 386
f 362 384 386 364
f 364 386 387 366
f 386 385 388 387
f 387 388 389 366
f 366 389 52 49
f 30 83 390 35
f 35 390 391 36
f 36 391 392 393
f 393 392 394 395
f 36 393 395 37
f 37 395 396 39
f 395 394 397 396
f 396 397 398 39
f 39 398 399 400
f 400 399 401 402
f 39 400 402 44
f 44 402 403 45
f 402 401 404 403
f 403 404 405 45
f 45 405 406 407
f 407 406 408 409
f 45 407 409 368
f 368 409 410 369
f 409 408 411 410
f 410 411 412 413
f 369 410 413 371
f 385 414 415 388
f 414 416 417 415
f 415 417 418 419
f 388 415 419 389
f 389 419 420 52
f 419 418 421 420
f 420 421 422 52
f 52 422 423 424
f 424 423 425 426
f 52 424 426 53
f 53 426 427 54
f 426 425 428 427
f 427 428 429 54
f 54 429 430 431
f 431 430 432 433
f 54 431 433 59
f 59 433 434 60
f 433 432 435 434
f 434 435 436 60
f 60 436 437 61
f 61 437 84 63
f 83 82 438 390
f 390 438 439 440
f 440 439 441 442
f 390 440 442 391
f 391 442 443 392
f 442 441 444 443
f 443 444 445 446
f 392 443 446 394
f 432 447 448 435
f 447 449 450 448
f 448 450 451 452
f 435 448 452 436
f 436 452 453 437
f 452 451 454 453
f 453 454 455 437
f 437 455 86 84
f 78 102 456 81
f 81 456 457 82
f 82 457 458 459
f 459 458 460 461
f 82 459 461 438
f 438 461 462 439
f 461 460 463 462
f 462 463 464 465
f 439 462 465 441
f 451 466 467 454
f 466 468 469 467
f 467 469 470 471
f 454 467 471 455
f 455 471 472 86
f 471 470 473 472
f 472 473 474 86
f 86 474 475 87
f 87 475 103 88
f 102 101 476 456
f 456 476 477 478
f 478 477 479 480
f 456 478 480 457
f 457 480 481 458
f 480 479 482 481
f 481 482 483 484
f 458 481 484 460
g interior
f 485 486 487 488
f 486 489 490 487
f 487 490 491 492
f 488 487 492 493
f 493 492 494 495
f 492 491 496 494
f 495 494 496 497
f 497 496 498 499
f 496 500 501 498
f 498 501 502 499
f 502 501 503 504
f 501 500 505 503
f 503 505 506 507
f 504 503 507 508
g exterior
f 470 509 510 473
f 509 511 512 510
f 510 512 513 514
f 473 510 514 474
f 474 514 515 475
f 514 513 516 515
f 515 516 517 475
f 475 517 105 103
f 97 115 518 100
f 100 518 519 101
f 101 519 520 521
f 521 520 522 523
f 101 521 523 476
g interior
f 524 525 526 527
f 525 528 529 526
f 526 529 530 531
f 527 526 531 532
f 532 531 533 534
f 531 530 535 533
f 534 533 535 536
f 536 535 537 538
f 535 539 540 537
f 537 540 489 538
f 489 540 541 490
f 540 539 542 541
f 490 541 542 491
f 491 542 543 496
f 496 543 544 500
f 500 544 545 505
f 544 546 547 545
f 545 547 506 505
f 506 547 548 549
f 547 546 550 548
f 549 548 550 551
f 551 550 552 553
f 550 554 555 552
f 552 555 556 553
f 556 555 557 558
f 555 554 559 557
f 557 559 560 561
f 558 557 561 562
g exterior
f 517 563 564 105
f 563 565 566 564
f 564 566 567 105
f 105 567 568 106
f 106 568 116 107
f 115 114 569 518
f 518 569 570 571
f 571 570 572 573
f 518 571 573 519
f 519 573 574 520
f 573 572 575 574
f 574 575 576 577
f 520 574 577 522
g interior
f 578 579 580 581
f 579 582 583 580
f 580 583 584 585
f 581 580 585 528
f 528 585 586 529
f 585 584 125 586
f 529 586 125 530
f 530 125 128 535
f 535 128 131 539
f 539 131 133 542
f 542 133 136 543
f 543 136 138 544
f 544 138 140 546
f 546 140 142 550
f 550 142 145 554
f 554 145 587 559
f 145 588 589 587
f 587 589 560 559
f 560 589 590 591
f 589 588 592 590
f 590 592 593 594
f 591 590 594 595
g exterior
f 565 596 597 566
f 596 598 599 597
f 597 599 600 601
f 566 597 601 567
f 567 601 602 568
f 601 600 603 602
f 602 603 604 568
f 568 604 118 116
f 114 124 605 569
f 569 605 606 570
f 605 607 608 606
f 606 608 572 570
g interior
f 609 610 611 612
f 610 613 614 611
f 611 614 615 616
f 612 611 616 582
f 582 616 617 583
f 616 615 618 617
f 583 617 618 584
f 584 618 126 125
f 145 144 619 588
f 588 619 620 592
f 619 621 622 620
f 620 622 593 592
f 593 622 623 624
f 622 621 625 623
f 623 625 626 627
f 624 623 627 628
g exterior
f 600 629 630 603
f 629 631 632 630
f 603 630 632 604
f 604 632 146 118
f 124 123 633 605
f 605 633 634 635
f 635 634 636 637
f 605 635 637 607
g interior
f 638 639 640 641
f 639 642 155 640
f 641 640 155 643
f 643 155 644 645
f 155 158 646 644
f 644 646 613 645
f 613 646 647 614
f 646 158 163 647
f 614 647 163 615
f 615 163 165 618
f 618 165 129 126
f 144 143 167 619
f 619 167 170 621
f 621 170 648 625
f 170 172 649 648
f 648 649 626 625
f 626 649 650 651
f 649 172 176 650
f 651 650 176 652
f 652 176 653 654
f 176 655 656 653
f 653 656 657 654
g exterior
f 631 658 659 632
f 658 660 661 659
f 659 661 662 632
f 632 662 148 146
f 123 154 663 664
f 664 663 665 666
f 123 664 666 633
f 633 666 667 634
f 666 665 668 667
f 667 668 669 670
f 634 667 670 636
g interior
f 642 671 672 155
f 671 673 674 672
f 672 674 156 155
f 176 175 675 676
f 676 675 677 678
f 176 676 678 655
g exterior
f 660 679 680 661
f 679 681 682 680
f 680 682 683 684
f 661 680 684 662
f 662 684 685 148
f 684 683 686 685
f 685 686 177 148
f 154 153 687 663
f 153 688 689 687
f 687 689 665 663
g interior
f 673 690 691 674
f 690 692 159 691
f 674 691 159 156
f 175 174 693 675
f 174 694 695 693
f 693 695 677 675
g exterior
f 683 696 697 686
f 696 698 179 697
f 686 697 179 177
f 153 185 699 700
f 700 699 701 702
f 153 700 702 688
g interior
f 703 704 705 706
f 704 707 708 705
f 706 705 708 692
f 692 708 186 159
f 174 193 709 694
f 694 709 710 711
f 709 712 713 710
f 710 713 714 711
g exterior
f 698 715 716 179
f 715 717 718 716
f 716 718 194 179
f 185 184 719 699
f 184 720 721 719
f 719 721 701 699
g interior
f 707 722 723 708
f 722 724 725 723
f 723 725 726 708
f 708 726 188 186
f 193 192 727 709
f 709 727 728 729
f 729 728 730 731
f 709 729 731 712
g exterior
f 717 732 733 718
f 732 734 196 733
f 718 733 196 194
f 181 735 736 182
f 182 736 737 184
f 184 737 738 739
f 739 738 740 741
f 184 739 741 720
g interior
f 724 742 743 725
f 742 744 745 743
f 725 743 745 726
f 726 745 199 188
f 192 208 746 727
f 727 746 747 728
f 746 748 749 747
f 747 749 730 728
g exterior
f 734 750 751 196
f 750 752 753 751
f 751 753 754 196
f 196 754 755 197
f 197 755 756 198
f 735 757 758 736
f 736 758 759 760
f 760 759 761 762
f 736 760 762 737
g interior
f 744 763 764 745
f 763 765 766 764
f 764 766 767 745
f 745 767 201 199
f 208 207 768 746
f 746 768 769 770
f 770 769 771 772
f 746 770 772 748
g exterior
f 754 773 774 755
f 773 775 776 774
f 774 776 777 755
f 755 777 778 756
f 757 779 780 758
f 758 780 781 759
f 780 782 783 781
f 781 783 761 759
g interior
f 765 784 785 766
f 784 786 787 785
f 766 785 787 767
f 767 787 209 201
f 207 216 788 768
f 768 788 789 769
f 788 790 791 789
f 789 791 771 769
g exterior
f 775 792 793 776
f 792 794 795 793
f 776 793 795 777
f 777 795 796 778
f 779 797 798 780
f 780 798 799 800
f 800 799 801 802
f 780 800 802 782
g interior
f 803 804 805 806
f 804 807 808 805
f 806 805 808 786
f 786 808 809 787
f 787 809 211 209
f 216 215 810 788
f 788 810 811 790
f 790 811 812 813
f 811 814 815 812
f 812 815 816 813
g exterior
f 794 817 818 795
f 817 819 820 818
f 818 820 821 795
f 795 821 822 796
f 797 823 824 798
f 798 824 825 799
f 824 826 827 825
f 825 827 801 799
g interior
f 807 828 829 808
f 828 830 831 829
f 829 831 832 808
f 808 832 833 809
f 809 833 217 211
f 215 226 834 810
f 810 834 835 811
f 811 835 836 837
f 837 836 838 839
f 811 837 839 814
g exterior
f 819 840 841 820
f 840 842 843 841
f 820 841 843 821
f 821 843 844 822
f 823 845 846 824
f 824 846 847 848
f 848 847 849 850
f 824 848 850 826
g interior
f 832 851 852 833
f 851 853 854 852
f 852 854 855 833
f 833 855 219 217
f 226 225 856 834
f 834 856 857 858
f 858 857 859 860
f 834 858 860 835
g exterior
f 842 861 862 843
f 861 863 864 862
f 862 864 865 843
f 843 865 866 844
f 845 867 868 846
f 846 868 869 847
f 868 870 871 869
f 869 871 849 847
f 849 871 872 873
f 871 870 874 872
f 872 874 875 876
f 873 872 876 877
g interior
f 855 878 879 219
f 878 880 881 879
f 879 881 882 219
f 219 882 883 220
f 220 883 227 221
f 222 239 884 223
f 223 884 885 225
f 225 885 886 887
f 887 886 888 889
f 225 887 889 856
g exterior
f 890 891 892 893
f 891 894 895 892
f 892 895 896 897
f 893 892 897 863
f 863 897 898 864
f 897 896 899 898
f 864 898 899 865
f 865 899 900 866
f 867 240 243 868
f 868 243 246 870
f 870 246 901 874
f 246 902 903 901
f 901 903 875 874
g interior
f 880 904 905 881
f 904 906 907 905
f 905 907 908 909
f 881 905 909 882
f 882 909 910 883
f 909 908 911 910
f 910 911 912 883
f 883 912 229 227
f 239 238 913 884
f 884 913 914 915
f 915 914 916 917
f 884 915 917 885
f 885 917 918 886
f 917 916 919 918
f 918 919 920 921
f 886 918 921 888
g exterior
f 894 922 923 895
f 922 924 266 923
f 895 923 266 896
f 896 266 269 899
f 899 269 272 900
f 246 245 925 902
f 902 925 926 927
f 925 928 929 926
f 926 929 930 927
g interior
f 908 931 932 911
f 931 933 934 932
f 911 932 934 912
f 912 934 247 229
f 238 265 935 913
f 913 935 936 914
f 935 937 938 936
f 936 938 916 914
g exterior
f 939 940 941 942
f 940 943 944 941
f 942 941 944 924
f 924 944 267 266
f 245 244 276 925
f 925 276 279 928
f 928 279 945 946
f 279 947 948 945
f 945 948 949 946
g interior
f 933 950 951 934
f 950 952 953 951
f 951 953 954 934
f 934 954 249 247
f 265 264 955 935
f 935 955 956 957
f 957 956 958 959
f 935 957 959 937
g exterior
f 960 961 962 963
f 961 964 289 962
f 963 962 289 943
f 943 289 292 944
f 944 292 270 267
f 279 278 965 966
f 966 965 967 968
f 279 966 968 947
g interior
f 954 969 970 249
f 969 971 972 970
f 970 972 973 249
f 249 973 974 975
f 975 974 976 977
f 249 975 977 250
f 250 977 978 251
f 977 976 979 978
f 978 979 980 251
f 251 980 981 254
f 254 981 280 255
f 257 288 982 258
f 258 982 983 260
f 260 983 984 985
f 985 984 986 987
f 260 985 987 263
f 263 987 988 264
f 987 986 989 988
f 988 989 990 264
f 264 990 991 992
f 992 991 993 994
f 264 992 994 955
g exterior
f 964 995 996 289
f 995 997 998 996
f 996 998 290 289
f 278 277 999 965
f 277 1000 1001 999
f 999 1001 967 965
f 967 1001 1002 1003
f 1001 1000 1004 1002
f 1002 1004 1005 1006
f 1003 1002 1006 1007
g interior
f 976 1008 1009 979
f 1008 1010 1011 1009
f 1009 1011 1012 1013
f 979 1009 1013 980
f 980 1013 1014 981
f 1013 1012 1015 1014
f 1014 1015 1016 981
f 981 1016 282 280
f 288 287 1017 982
f 982 1017 1018 1019
f 1019 1018 1020 1021
f 982 1019 1021 983
f 983 1021 1022 984
f 1021 1020 1023 1022
f 1022 1023 1024 1025
f 984 1022 1025 986
g exterior
f 1026 1027 1028 1029
f 1027 1030 1031 1028
f 1028 1031 1032 1033
f 1029 1028 1033 997
f 997 1033 1034 998
f 1033 1032 293 1034
f 998 1034 293 290
f 277 301 1035 1000
f 1000 1035 1036 1004
f 1035 1037 1038 1036
f 1036 1038 1005 1004
g interior
f 1012 1039 1040 1015
f 1039 1041 1042 1040
f 1040 1042 1043 1044
f 1015 1040 1044 1016
f 1016 1044 1045 282
f 1044 1043 1046 1045
f 1045 1046 1047 282
f 282 1047 1048 1049
f 1049 1048 1050 1051
f 282 1049 1051 283
f 283 1051 1052 284
f 1051 1050 1053 1052
f 1052 1053 1054 284
f 284 1054 1055 1056
f 1056 1055 1057 1058
f 284 1056 1058 285
f 285 1058 1059 287
f 1058 1057 1060 1059
f 1059 1060 1061 287
f 287 1061 1062 1063
f 1063 1062 1064 1065
f 287 1063 1065 1017
f 1017 1065 1066 1018
f 1065 1064 1067 1066
f 1066 1067 1068 1069
f 1018 1066 1069 1020
g exterior
f 1030 1070 1071 1031
f 1070 1072 1073 1071
f 1031 1071 1073 1032
f 1032 1073 302 293
f 301 300 314 1035
f 1035 314 318 1037
f 1037 318 1074 1075
f 318 1076 1077 1074
f 1074 1077 1078 1075
f 1078 1077 1079 1080
f 1077 1076 1081 1079
f 1079 1081 1082 1083
f 1080 1079 1083 1084
f 1085 1086 1087 1088
f 1086 1089 1090 1087
f 1087 1090 1091 1092
f 1088 1087 1092 1093
f 1093 1092 1094 1095
f 1092 1091 319 1094
f 1095 1094 319 1072
f 1072 319 322 1073
f 1073 322 304 302
f 318 317 1096 1076
f 1076 1096 1097 1081
f 1096 1098 1099 1097
f 1097 1099 1082 1081
f 1082 1099 1100 1101
f 1099 1098 1102 1100
f 1100 1102 1103 1104
f 1101 1100 1104 1105
f 1106 1107 1108 1109
f 1107 1110 1111 1108
f 1108 1111 1112 1113
f 1109 1108 1113 1089
f 1089 1113 1114 1090
f 1113 1112 1115 1114
f 1090 1114 1115 1091
f 1091 1115 320 319
f 317 316 337 1096
f 1096 337 341 1098
f 1098 341 1116 1102
f 341 1117 1118 1116
f 1116 1118 1103 1102
f 1103 1118 1119 1120
f 1118 1117 1121 1119
f 1119 1121 1122 1123
f 1120 1119 1123 1124
f 1125 1126 1127 1128
f 1126 1129 1130 1127
f 1127 1130 1131 1132
f 1128 1127 1132 1110
f 1110 1132 1133 1111
f 1132 1131 342 1133
f 1111 1133 342 1112
f 1112 342 345 1115
f 1115 345 323 320
f 341 340 1134 1117
f 1117 1134 1135 1121
f 1134 1136 1137 1135
f 1135 1137 1122 1121
f 1122 1137 1138 1139
f 1137 1136 1140 1138
f 1139 1138 1140 1141
f 1141 1140 1142 1143
f 1140 1144 1145 1142
f 1142 1145 1146 1143
f 1146 1145 1147 1148
f 1145 1144 1149 1147
f 1148 1147 1149 1150
f 1150 1149 1151 1152
f 1149 1153 1154 1151
f 1151 1154 1155 1152
f 1155 1154 1156 1157
f 1154 1153 1158 1156
f 1157 1156 1158 1159
f 1159 1158 1160 1161
f 1158 1162 1163 1160
f 1160 1163 1164 1161
f 1164 1163 1165 1166
f 1163 1162 1167 1165
f 1166 1165 1167 1168
f 1168 1167 1169 1170
f 1167 1171 1172 1169
f 1169 1172 1173 1170
f 1173 1172 1174 1175
f 1172 1171 1176 1174
f 1175 1174 1176 1177
f 1177 1176 1178 1179
f 1176 1180 1181 1178
f 1178 1181 1182 1179
f 1182 1181 1183 1184
f 1181 1180 1185 1183
f 1184 1183 1185 1186
f 1186 1185 1187 1188
f 1185 1189 1190 1187
f 1187 1190 1129 1188
f 1129 1190 1191 1130
f 1190 1189 1192 1191
f 1130 1191 1192 1131
f 1131 1192 343 342
f 340 339 1193 1134
f 1134 1193 1194 1136
f 1136 1194 1195 1140
f 1140 1195 1196 1144
f 1144 1196 1197 1149
f 1149 1197 1198 1153
f 1153 1198 1199 1158
f 1158 1199 1200 1162
f 1162 1200 1201 1167
f 1167 1201 1202 1171
f 1171 1202 1203 1176
f 1176 1203 1204 1180
f 1180 1204 1205 1185
f 1185 1205 1206 1189
f 1189 1206 1207 1192
f 1192 1207 346 343
f 371 413 1208 374
f 374 1208 1209 375
f 375 1209 1210 376
f 376 1210 1211 378
f 378 1211 1212 381
f 381 1212 1213 382
f 382 1213 1214 383
f 383 1214 414 385
f 413 412 1215 1208
f 1208 1215 1216 1217
f 1217 1216 1218 1219
f 1208 1217 1219 1209
f 1209 1219 1220 1210
f 1219 1218 1221 1220
f 1220 1221 1222 1210
f 1210 1222 1223 1224
f 1224 1223 1225 1226
f 1210 1224 1226 1211
f 1211 1226 1227 1212
f 1226 1225 1228 1227
f 1227 1228 1229 1212
f 1212 1229 1230 1231
f 1231 1230 1232 1233
f 1212 1231 1233 1213
f 1213 1233 1234 1214
f 1233 1232 1235 1234
f 1234 1235 1236 1214
f 1214 1236 416 414
f 394 446 1237 397
f 397 1237 1238 398
f 398 1238 1239 399
f 399 1239 1240 401
f 401 1240 1241 1242
f 1242 1241 1243 1244
f 401 1242 1244 404
f 404 1244 1245 405
f 1244 1243 1246 1245
f 1245 1246 1247 405
f 405 1247 1248 1249
f 1249 1248 1250 1251
f 405 1249 1251 406
f 406 1251 1252 408
f 1251 1250 1253 1252
f 1252 1253 1254 408
f 408 1254 1255 1256
f 1256 1255 1257 1258
f 408 1256 1258 411
f 411 1258 1259 412
f 1258 1257 1260 1259
f 1259 1260 1261 412
f 412 1261 1262 1263
f 1263 1262 1264 1265
f 412 1263 1265 1215
f 1215 1265 1266 1216
f 1265 1264 1267 1266
f 1266 1267 1268 1269
f 1216 1266 1269 1218
f 1232 1270 1271 1235
f 1270 1272 1273 1271
f 1271 1273 1274 1275
f 1235 1271 1275 1236
f 1236 1275 1276 416
f 1275 1274 1277 1276
f 1276 1277 1278 416
f 416 1278 1279 1280
f 1280 1279 1281 1282
f 416 1280 1282 417
f 417 1282 1283 418
f 1282 1281 1284 1283
f 1283 1284 1285 418
f 418 1285 1286 1287
f 1287 1286 1288 1289
f 418 1287 1289 421
f 421 1289 1290 422
f 1289 1288 1291 1290
f 1290 1291 1292 422
f 422 1292 1293 1294
f 1294 1293 1295 1296
f 422 1294 1296 423
f 423 1296 1297 425
f 1296 1295 1298 1297
f 1297 1298 1299 425
f 425 1299 1300 428
f 428 1300 1301 429
f 429 1301 1302 430
f 430 1302 447 432
f 446 445 1303 1237
f 1237 1303 1304 1305
f 1305 1304 1306 1307
f 1237 1305 1307 1238
f 1238 1307 1308 1239
f 1307 1306 1309 1308
f 1308 1309 1310 1239
f 1239 1310 1311 1312
f 1312 1311 1313 1314
f 1239 1312 1314 1240
f 1240 1314 1315 1241
f 1314 1313 1316 1315
f 1315 1316 1317 1318
f 1241 1315 1318 1243
f 1295 1319 1320 1298
f 1319 1321 1322 1320
f 1320 1322 1323 1324
f 1298 1320 1324 1299
f 1299 1324 1325 1300
f 1324 1323 1326 1325
f 1325 1326 1327 1300
f 1300 1327 1328 1329
f 1329 1328 1330 1331
f 1300 1329 1331 1301
f 1301 1331 1332 1302
f 1331 1330 1333 1332
f 1332 1333 1334 1302
f 1302 1334 449 447
f 441 465 1335 444
f 444 1335 1336 445
f 445 1336 1337 1338
f 1338 1337 1339 1340
f 445 1338 1340 1303
f 1303 1340 1341 1304
f 1340 1339 1342 1341
f 1341 1342 1343 1344
f 1304 1341 1344 1306
f 1330 1345 1346 1333
f 1345 1347 1348 1346
f 1346 1348 1349 1350
f 1333 1346 1350 1334
f 1334 1350 1351 449
f 1350 1349 1352 1351
f 1351 1352 1353 449
f 449 1353 1354 450
f 450 1354 466 451
f 465 464 1355 1335
f 1335 1355 1356 1357
f 1357 1356 1358 1359
f 1335 1357 1359 1336
g interior
f 1360 1361 1362 1363
f 1361 1364 485 1362
f 1363 1362 485 1365
f 1365 485 1366 1367
f 485 488 1368 1366
f 1366 1368 1369 1367
f 1369 1368 1370 1371
f 1368 488 493 1370
f 1371 1370 493 1372
f 1372 493 1373 1374
f 493 495 1375 1373
f 1373 1375 1376 1374
f 1376 1375 1377 1378
f 1375 495 497 1377
f 1378 1377 497 1379
f 1379 497 1380 1381
f 497 499 1382 1380
f 1380 1382 1383 1381
f 1383 1382 1384 1385
f 1382 499 502 1384
f 1385 1384 502 1386
f 1386 502 1387 1388
f 502 504 1389 1387
f 1387 1389 1390 1388
f 1390 1389 1391 1392
f 1389 504 508 1391
f 1392 1391 508 1393
f 1393 508 1394 1395
f 508 1396 1397 1394
f 1394 1397 1398 1395
g exterior
f 1353 1399 1400 1354
f 1399 1401 1402 1400
f 1400 1402 1403 1354
f 1354 1403 468 466
f 460 484 1404 463
f 463 1404 1405 464
f 464 1405 1406 1407
f 1407 1406 1408 1409
f 464 1407 1409 1355
g interior
f 1410 1411 1412 1413
f 1411 1414 1415 1412
f 1413 1412 1415 1416
f 1416 1415 1417 1418
f 1415 1419 1420 1417
f 1417 1420 1421 1418
f 1421 1420 1422 1423
f 1420 1419 1424 1422
f 1423 1422 1424 1425
f 1425 1424 1426 1427
f 1424 1428 1429 1426
f 1426 1429 1430 1427
f 1430 1429 1431 1432
f 1429 1428 1433 1431
f 1432 1431 1433 1364
f 1364 1433 486 485
f 508 507 1434 1396
f 1396 1434 1435 1436
f 1434 1437 1438 1435
f 1435 1438 1439 1436
f 1439 1438 1440 1441
f 1438 1437 1442 1440
f 1441 1440 1442 1443
f 1443 1442 1444 1445
f 1442 1446 1447 1444
f 1444 1447 1448 1445
f 1448 1447 1449 1450
f 1447 1446 1451 1449
f 1450 1449 1451 1452
f 1452 1451 1453 1454
f 1451 1455 1456 1453
f 1453 1456 1457 1454
g exterior
f 1403 1458 1459 468
f 1458 1460 1461 1459
f 1459 1461 1462 468
f 468 1462 1463 469
f 469 1463 509 470
f 484 483 1464 1404
f 1404 1464 1465 1466
f 1466 1465 1467 1468
f 1404 1466 1468 1405
g interior
f 1469 1470 1471 1472
f 1470 1473 1474 1471
f 1471 1474 1475 1476
f 1472 1471 1476 1477
f 1477 1476 1478 1479
f 1476 1475 524 1478
f 1479 1478 524 1414
f 1414 524 527 1415
f 1415 527 532 1419
f 1419 532 534 1424
f 1424 534 536 1428
f 1428 536 538 1433
f 1433 538 489 486
f 507 506 549 1434
f 1434 549 551 1437
f 1437 551 553 1442
f 1442 553 556 1446
f 1446 556 558 1451
f 1451 558 562 1455
f 1455 562 1480 1481
f 562 1482 1483 1480
f 1480 1483 1484 1481
f 1484 1483 1485 1486
f 1483 1482 1487 1485
f 1485 1487 1488 1489
f 1486 1485 1489 1490
g exterior
f 1462 1491 1492 1463
f 1491 1493 1494 1492
f 1492 1494 1495 1463
f 1463 1495 511 509
f 476 523 1496 477
f 477 1496 1497 479
f 479 1497 1498 482
f 482 1498 1499 483
f 483 1499 1500 1501
f 1501 1500 1502 1503
f 483 1501 1503 1464
g interior
f 1504 1505 1506 1507
f 1505 1508 1509 1506
f 1506 1509 1510 1511
f 1507 1506 1511 1473
f 1473 1511 1512 1474
f 1511 1510 1513 1512
f 1474 1512 1513 1475
f 1475 1513 525 524
f 562 561 1514 1482
f 1482 1514 1515 1487
f 1514 1516 1517 1515
f 1515 1517 1488 1487
f 1488 1517 1518 1519
f 1517 1516 1520 1518
f 1518 1520 1521 1522
f 1519 1518 1522 1523
g exterior
f 1495 1524 1525 511
f 1524 1526 1527 1525
f 1525 1527 1528 511
f 511 1528 1529 512
f 512 1529 1530 513
f 513 1530 1531 516
f 516 1531 563 517
f 523 522 1532 1496
f 1496 1532 1533 1534
f 1534 1533 1535 1536
f 1496 1534 1536 1497
f 1497 1536 1537 1498
f 1536 1535 1538 1537
f 1537 1538 1539 1498
f 1498 1539 1540 1541
f 1541 1540 1542 1543
f 1498 1541 1543 1499
g interior
f 1544 1545 1546 1547
f 1545 1548 1549 1546
f 1546 1549 1550 1551
f 1547 1546 1551 1508
f 1508 1551 1552 1509
f 1551 1550 578 1552
f 1509 1552 578 1510
f 1510 578 581 1513
f 1513 581 528 525
f 561 560 591 1514
f 1514 591 595 1516
f 1516 595 1553 1520
f 595 1554 1555 1553
f 1553 1555 1521 1520
f 1521 1555 1556 1557
f 1555 1554 1558 1556
f 1556 1558 1559 1560
f 1557 1556 1560 1561
g exterior
f 1528 1562 1563 1529
f 1562 1564 1565 1563
f 1563 1565 1566 1529
f 1529 1566 1567 1568
f 1568 1567 1569 1570
f 1529 1568 1570 1530
f 1530 1570 1571 1531
f 1570 1569 1572 1571
f 1571 1572 1573 1531
f 1531 1573 565 563
f 522 577 1574 1575
f 1575 1574 1576 1577
f 522 1575 1577 1532
f 1532 1577 1578 1533
f 1577 1576 1579 1578
f 1578 1579 1580 1581
f 1533 1578 1581 1535
g interior
f 1582 1583 1584 1585
f 1583 1586 1587 1584
f 1584 1587 1588 1589
f 1585 1584 1589 1548
f 1548 1589 1590 1549
f 1589 1588 1591 1590
f 1549 1590 1591 1550
f 1550 1591 579 578
f 595 594 1592 1554
f 1554 1592 1593 1558
f 1592 1594 1595 1593
f 1593 1595 1559 1558
f 1559 1595 1596 1597
f 1595 1594 1598 1596
f 1596 1598 1599 1600
f 1597 1596 1600 1601
g exterior
f 1569 1602 1603 1572
f 1602 1604 1605 1603
f 1603 1605 1606 1607
f 1572 1603 1607 1573
f 1573 1607 1608 565
f 1607 1606 1609 1608
f 1608 1609 596 565
f 577 576 1610 1574
f 576 1611 1612 1610
f 1610 1612 1576 1574
g interior
f 1613 1614 1615 1616
f 1614 1617 1618 1615
f 1615 1618 1619 1620
f 1616 1615 1620 1586
f 1586 1620 1621 1587
f 1620 1619 609 1621
f 1587 1621 609 1588
f 1588 609 612 1591
f 1591 612 582 579
f 594 593 624 1592
f 1592 624 628 1594
f 1594 628 1622 1598
f 628 1623 1624 1622
f 1622 1624 1599 1598
f 1599 1624 1625 1626
f 1624 1623 1627 1625
f 1625 1627 1628 1629
f 1626 1625 1629 1630
g exterior
f 1606 1631 1632 1609
f 1631 1633 598 1632
f 1609 1632 598 596
f 572 608 1634 575
f 575 1634 1635 576
f 576 1635 1636 1637
f 1637 1636 1638 1639
f 576 1637 1639 1611
g interior
f 1640 1641 1642 1643
f 1641 1644 1645 1642
f 1643 1642 1645 1646
f 1646 1645 1647 1648
f 1645 1649 1650 1647
f 1647 1650 1617 1648
f 1617 1650 1651 1618
f 1650 1649 1652 1651
f 1618 1651 1652 1619
f 1619 1652 610 609
f 628 627 1653 1623
f 1623 1653 1654 1627
f 1653 1655 1656 1654
f 1654 1656 1628 1627
f 1628 1656 1657 1658
f 1656 1655 1659 1657
f 1658 1657 1659 1660
f 1660 1659 1661 1662
f 1659 1663 1664 1661
f 1661 1664 1665 1662
g exterior
f 1633 1666 1667 598
f 1666 1668 1669 1667
f 1667 1669 1670 598
f 598 1670 1671 599
f 599 1671 629 600
f 608 607 1672 1634
f 1634 1672 1673 1674
f 1674 1673 1675 1676
f 1634 1674 1676 1635
g interior
f 1677 1678 1679 1680
f 1678 1681 638 1679
f 1680 1679 638 1644
f 1644 638 641 1645
f 1645 641 643 1649
f 1649 643 645 1652
f 1652 645 613 610
f 627 626 651 1653
f 1653 651 652 1655
f 1655 652 654 1659
f 1659 654 657 1663
f 1663 657 1682 1683
f 657 1684 1685 1682
f 1682 1685 1686 1683
g exterior
f 1670 1687 1688 1671
f 1687 1689 1690 1688
f 1688 1690 1691 1671
f 1671 1691 631 629
f 607 637 1692 1672
f 1672 1692 1693 1673
f 1692 1694 1695 1693
f 1693 1695 1675 1673
g interior
f 1681 1696 1697 638
f 1696 1698 1699 1697
f 1697 1699 639 638
f 657 656 1700 1701
f 1701 1700 1702 1703
f 657 1701 1703 1684
g exterior
f 1689 1704 1705 1690
f 1704 1706 1707 1705
f 1690 1705 1707 1691
f 1691 1707 658 631
f 637 636 1708 1692
f 1692 1708 1709 1710
f 1710 1709 1711 1712
f 1692 1710 1712 1694
g interior
f 1713 1714 1715 1716
f 1714 1717 1718 1715
f 1715 1718 1719 1720
f 1716 1715 1720 1698
f 1698 1720 1721 1699
f 1720 1719 642 1721
f 1699 1721 642 639
f 656 655 1722 1700
f 655 1723 1724 1722
f 1722 1724 1702 1700
f 1702 1724 1725 1726
f 1724 1723 1727 1725
f 1725 1727 1728 1729
f 1726 1725 1729 1730
g exterior
f 1706 1731 1732 1707
f 1731 1733 1734 1732
f 1732 1734 1735 1707
f 1707 1735 660 658
f 636 670 1736 1737
f 1737 1736 1738 1739
f 636 1737 1739 1708
f 1708 1739 1740 1709
f 1739 1738 1741 1740
f 1740 1741 1742 1743
f 1709 1740 1743 1711
g interior
f 1717 1744 1745 1718
f 1744 1746 1747 1745
f 1718 1745 1747 1719
f 1719 1747 671 642
f 655 678 1748 1723
f 1723 1748 1749 1727
f 1748 1750 1751 1749
f 1749 1751 1728 1727
g exterior
f 1733 1752 1753 1734
f 1752 1754 1755 1753
f 1753 1755 1756 1757
f 1734 1753 1757 1735
f 1735 1757 1758 660
f 1757 1756 1759 1758
f 1758 1759 679 660
f 670 669 1760 1736
f 669 1761 1762 1760
f 1760 1762 1738 1736
g interior
f 1746 1763 1764 1747
f 1763 1765 1766 1764
f 1764 1766 1767 1747
f 1747 1767 673 671
f 678 677 1768 1748
f 1748 1768 1769 1770
f 1770 1769 1771 1772
f 1748 1770 1772 1750
g exterior
f 1756 1773 1774 1759
f 1773 1775 681 1774
f 1759 1774 681 679
f 665 689 1776 668
f 668 1776 1777 669
f 669 1777 1778 1779
f 1779 1778 1780 1781
f 669 1779 1781 1761
g interior
f 1765 1782 1783 1766
f 1782 1784 1785 1783
f 1766 1783 1785 1767
f 1767 1785 690 673
f 677 695 1786 1768
f 1768 1786 1787 1769
f 1786 1788 1789 1787
f 1787 1789 1771 1769
g exterior
f 1775 1790 1791 681
f 1790 1792 1793 1791
f 1791 1793 1794 681
f 681 1794 1795 682
f 682 1795 696 683
f 689 688 1796 1776
f 1776 1796 1797 1798
f 1798 1797 1799 1800
f 1776 1798 1800 1777
g interior
f 1801 1802 1803 1804
f 1802 1805 703 1803
f 1804 1803 703 1784
f 1784 703 706 1785
f 1785 706 692 690
f 695 694 711 1786
f 1786 711 714 1788
f 1788 714 1806 1807
f 714 1808 1809 1806
f 1806 1809 1810 1807
g exterior
f 1794 1811 1812 1795
f 1811 1813 1814 1812
f 1812 1814 1815 1795
f 1795 1815 698 696
f 688 702 1816 1796
f 1796 1816 1817 1797
f 1816 1818 1819 1817
f 1817 1819 1799 1797
g interior
f 1805 1820 1821 703
f 1820 1822 1823 1821
f 1821 1823 704 703
f 714 713 1824 1825
f 1825 1824 1826 1827
f 714 1825 1827 1808
g exterior
f 1813 1828 1829 1814
f 1828 1830 1831 1829
f 1814 1829 1831 1815
f 1815 1831 715 698
f 702 701 1832 1816
f 1816 1832 1833 1834
f 1834 1833 1835 1836
f 1816 1834 1836 1818
g interior
f 1837 1838 1839 1840
f 1838 1841 1842 1839
f 1839 1842 1843 1844
f 1840 1839 1844 1822
f 1822 1844 1845 1823
f 1844 1843 707 1845
f 1823 1845 707 704
f 713 712 1846 1824
f 712 1847 1848 1846
f 1846 1848 1826 1824
f 1826 1848 1849 1850
f 1848 1847 1851 1849
f 1849 1851 1852 1853
f 1850 1849 1853 1854
g exterior
f 1830 1855 1856 1831
f 1855 1857 1858 1856
f 1856 1858 1859 1831
f 1831 1859 717 715
f 701 721 1860 1832
f 1832 1860 1861 1833
f 1860 1862 1863 1861
f 1861 1863 1835 1833
g interior
f 1841 1864 1865 1842
f 1864 1866 1867 1865
f 1842 1865 1867 1843
f 1843 1867 722 707
f 712 731 1868 1847
f 1847 1868 1869 1851
f 1868 1870 1871 1869
f 1869 1871 1852 1851
g exterior
f 1857 1872 1873 1858
f 1872 1874 1875 1873
f 1858 1873 1875 1859
f 1859 1875 732 717
f 721 720 1876 1860
f 1860 1876 1877 1878
f 1878 1877 1879 1880
f 1860 1878 1880 1862
g interior
f 1866 1881 1882 1867
f 1881 1883 1884 1882
f 1882 1884 1885 1867
f 1867 1885 724 722
f 731 730 1886 1868
f 1868 1886 1887 1888
f 1888 1887 1889 1890
f 1868 1888 1890 1870
g exterior
f 1874 1891 1892 1875
f 1891 1893 1894 1892
f 1892 1894 1895 1875
f 1875 1895 734 732
f 720 741 1896 1876
f 1876 1896 1897 1877
f 1896 1898 1899 1897
f 1897 1899 1879 1877
g interior
f 1883 1900 1901 1884
f 1900 1902 1903 1901
f 1884 1901 1903 1885
f 1885 1903 742 724
f 730 749 1904 1886
f 1886 1904 1905 1887
f 1904 1906 1907 1905
f 1905 1907 1889 1887
g exterior
f 1893 1908 1909 1894
f 1908 1910 1911 1909
f 1894 1909 1911 1895
f 1895 1911 750 734
f 741 740 1912 1896
f 1896 1912 1913 1914
f 1914 1913 1915 1916
f 1896 1914 1916 1898
g interior
f 1902 1917 1918 1903
f 1917 1919 1920 1918
f 1918 1920 1921 1903
f 1903 1921 744 742
f 749 748 1922 1904
f 1904 1922 1923 1924
f 1924 1923 1925 1926
f 1904 1924 1926 1906
g exterior
f 1910 1927 1928 1911
f 1927 1929 1930 1928
f 1928 1930 1931 1911
f 1911 1931 752 750
f 737 762 1932 738
f 738 1932 1933 740
f 740 1933 1934 1935
f 1935 1934 1936 1937
f 740 1935 1937 1912
g interior
f 1919 1938 1939 1920
f 1938 1940 1941 1939
f 1920 1939 1941 1921
f 1921 1941 763 744
f 748 772 1942 1922
f 1922 1942 1943 1923
f 1942 1944 1945 1943
f 1943 1945 1925 1923
g exterior
f 1931 1946 1947 752
f 1946 1948 1949 1947
f 1947 1949 1950 752
f 752 1950 1951 753
f 753 1951 773 754
f 762 761 1952 1932
f 1932 1952 1953 1954
f 1954 1953 1955 1956
f 1932 1954 1956 1933
f 1933 1956 1957 1934
f 1956 1955 1958 1957
f 1957 1958 1959 1960
f 1934 1957 1960 1936
g interior
f 1940 1961 1962 1941
f 1961 1963 1964 1962
f 1962 1964 1965 1941
f 1941 1965 765 763
f 772 771 1966 1942
f 1942 1966 1967 1968
f 1968 1967 1969 1970
f 1942 1968 1970 1944
g exterior
f 1948 1971 1972 1949
f 1971 1973 1974 1972
f 1972 1974 1975 1976
f 1949 1972 1976 1950
f 1950 1976 1977 1951
f 1976 1975 1978 1977
f 1977 1978 1979 1951
f 1951 1979 775 773
f 761 783 1980 1981
f 1981 1980 1982 1983
f 761 1981 1983 1952
f 1952 1983 1984 1953
f 1983 1982 1985 1984
f 1984 1985 1986 1987
f 1953 1984 1987 1955
g interior
f 1988 1989 1990 1991
f 1989 1992 1993 1990
f 1990 1993 1994 1995
f 1991 1990 1995 1963
f 1963 1995 1996 1964
f 1995 1994 1997 1996
f 1964 1996 1997 1965
f 1965 1997 784 765
f 771 791 1998 1966
f 1966 1998 1999 1967
f 1998 2000 2001 1999
f 1999 2001 1969 1967
f 1969 2001 2002 2003
f 2001 2000 2004 2002
f 2002 2004 2005 2006
f 2003 2002 2006 2007
g exterior
f 1975 2008 2009 1978
f 2008 2010 2011 2009
f 2009 2011 2012 2013
f 1978 2009 2013 1979
f 1979 2013 2014 775
f 2013 2012 2015 2014
f 2014 2015 792 775
f 783 782 2016 1980
f 782 2017 2018 2016
f 2016 2018 1982 1980
g interior
f 1992 2019 2020 1993
f 2019 2021 803 2020
f 1993 2020 803 1994
f 1994 803 806 1997
f 1997 806 786 784
f 791 790 813 1998
f 1998 813 816 2000
f 2000 816 2022 2004
f 816 2023 2024 2022
f 2022 2024 2005 2004
g exterior
f 2012 2025 2026 2015
f 2025 2027 794 2026
f 2015 2026 794 792
f 782 802 2028 2029
f 2029 2028 2030 2031
f 782 2029 2031 2017
g interior
f 2032 2033 2034 2035
f 2033 2036 2037 2034
f 2035 2034 2037 2021
f 2021 2037 804 803
f 816 815 2038 2023
f 2023 2038 2039 2040
f 2038 2041 2042 2039
f 2039 2042 2043 2040
g exterior
f 2027 2044 2045 794
f 2044 2046 2047 2045
f 2045 2047 817 794
f 802 801 2048 2028
f 801 2049 2050 2048
f 2048 2050 2030 2028
g interior
f 2036 2051 2052 2037
f 2051 2053 2054 2052
f 2052 2054 2055 2037
f 2037 2055 807 804
f 815 814 2056 2038
f 2038 2056 2057 2058
f 2058 2057 2059 2060
f 2038 2058 2060 2041
g exterior
f 2046 2061 2062 2047
f 2061 2063 819 2062
f 2047 2062 819 817
f 801 827 2064 2049
f 2049 2064 2065 2066
f 2064 2067 2068 2065
f 2065 2068 2069 2066
g interior
f 2053 2070 2071 2054
f 2070 2072 2073 2071
f 2071 2073 2074 2075
f 2054 2071 2075 2055
f 2055 2075 2076 807
f 2075 2074 2077 2076
f 2076 2077 828 807
f 814 839 2078 2079
f 2079 2078 2080 2081
f 814 2079 2081 2056
f 2056 2081 2082 2057
f 2081 2080 2083 2082
f 2082 2083 2084 2085
f 2057 2082 2085 2059
g exterior
f 2086 2087 2088 2089
f 2087 2090 2091 2088
f 2089 2088 2091 2063
f 2063 2091 840 819
f 827 826 2092 2064
f 2064 2092 2093 2094
f 2094 2093 2095 2096
f 2064 2094 2096 2067
g interior
f 2074 2097 2098 2077
f 2097 2099 830 2098
f 2077 2098 830 828
f 839 838 2100 2078
f 838 2101 2102 2100
f 2100 2102 2080 2078
g exterior
f 2090 2103 2104 2091
f 2103 2105 2106 2104
f 2104 2106 2107 2091
f 2091 2107 842 840
f 826 850 2108 2092
f 2092 2108 2109 2093
f 2108 2110 2111 2109
f 2109 2111 2095 2093
g interior
f 2099 2112 2113 830
f 2112 2114 2115 2113
f 2113 2115 2116 830
f 830 2116 2117 831
f 831 2117 851 832
f 835 860 2118 836
f 836 2118 2119 838
f 838 2119 2120 2121
f 2121 2120 2122 2123
f 838 2121 2123 2101
g exterior
f 2105 2124 2125 2106
f 2124 2126 2127 2125
f 2106 2125 2127 2107
f 2107 2127 861 842
f 850 849 873 2108
f 2108 873 877 2110
f 2110 877 2128 2129
f 877 2130 2131 2128
f 2128 2131 2132 2129
g interior
f 2116 2133 2134 2117
f 2133 2135 2136 2134
f 2134 2136 2137 2117
f 2117 2137 853 851
f 860 859 2138 2118
f 2118 2138 2139 2140
f 2140 2139 2141 2142
f 2118 2140 2142 2119
g exterior
f 2143 2144 2145 2146
f 2144 2147 890 2145
f 2146 2145 890 2126
f 2126 890 893 2127
f 2127 893 863 861
f 877 876 2148 2149
f 2149 2148 2150 2151
f 877 2149 2151 2130
g interior
f 2137 2152 2153 853
f 2152 2154 2155 2153
f 2153 2155 2156 853
f 853 2156 2157 854
f 854 2157 878 855
f 856 889 2158 857
f 857 2158 2159 859
f 859 2159 2160 2161
f 2161 2160 2162 2163
f 859 2161 2163 2138
g exterior
f 2147 2164 2165 890
f 2164 2166 2167 2165
f 2165 2167 891 890
f 876 875 2168 2148
f 875 2169 2170 2168
f 2168 2170 2150 2148
f 2150 2170 2171 2172
f 2170 2169 2173 2171
f 2171 2173 2174 2175
f 2172 2171 2175 2176
g interior
f 2154 2177 2178 2155
f 2177 2179 2180 2178
f 2178 2180 2181 2182
f 2155 2178 2182 2156
f 2156 2182 2183 2157
f 2182 2181 2184 2183
f 2183 2184 2185 2157
f 2157 2185 880 878
f 889 888 2186 2158
f 2158 2186 2187 2188
f 2188 2187 2189 2190
f 2158 2188 2190 2159
f 2159 2190 2191 2160
f 2190 2189 2192 2191
f 2191 2192 2193 2194
f 2160 2191 2194 2162
g exterior
f 2195 2196 2197 2198
f 2196 2199 2200 2197
f 2197 2200 2201 2202
f 2198 2197 2202 2166
f 2166 2202 2203 2167
f 2202 2201 894 2203
f 2167 2203 894 891
f 875 903 2204 2169
f 2169 2204 2205 2173
f 2204 2206 2207 2205
f 2205 2207 2174 2173
f 2174 2207 2208 2209
f 2207 2206 2210 2208
f 2208 2210 2211 2212
f 2209 2208 2212 2213
g interior
f 2181 2214 2215 2184
f 2214 2216 2217 2215
f 2215 2217 2218 2219
f 2184 2215 2219 2185
f 2185 2219 2220 880
f 2219 2218 2221 2220
f 2220 2221 904 880
f 888 921 2222 2223
f 2223 2222 2224 2225
f 888 2223 2225 2186
f 2186 2225 2226 2187
f 2225 2224 2227 2226
f 2226 2227 2228 2229
f 2187 2226 2229 2189
g exterior
f 2230 2231 2232 2233
f 2231 2234 2235 2232
f 2232 2235 2236 2237
f 2233 2232 2237 2199
f 2199 2237 2238 2200
f 2237 2236 2239 2238
f 2200 2238 2239 2201
f 2201 2239 922 894
f 903 902 927 2204
f 2204 927 930 2206
f 2206 930 2240 2210
f 930 2241 2242 2240
f 2240 2242 2211 2210
g interior
f 2218 2243 2244 2221
f 2243 2245 906 2244
f 2221 2244 906 904
f 921 920 2246 2222
f 920 2247 2248 2246
f 2246 2248 2224 2222
g exterior
f 2234 2249 2250 2235
f 2249 2251 939 2250
f 2235 2250 939 2236
f 2236 939 942 2239
f 2239 942 924 922
f 930 929 2252 2241
f 2241 2252 2253 2254
f 2252 2255 2256 2253
f 2253 2256 2257 2254
g interior
f 2245 2258 2259 906
f 2258 2260 2261 2259
f 2259 2261 2262 906
f 906 2262 2263 907
f 907 2263 931 908
f 916 938 2264 919
f 919 2264 2265 920
f 920 2265 2266 2267
f 2267 2266 2268 2269
f 920 2267 2269 2247
g exterior
f 2270 2271 2272 2273
f 2271 2274 2275 2272
f 2273 2272 2275 2251
f 2251 2275 940 939
f 929 928 946 2252
f 2252 946 949 2255
f 2255 949 2276 2277
f 949 2278 2279 2276
f 2276 2279 2280 2277
g interior
f 2262 2281 2282 2263
f 2281 2283 2284 2282
f 2282 2284 2285 2263
f 2263 2285 933 931
f 938 937 2286 2264
f 2264 2286 2287 2288
f 2288 2287 2289 2290
f 2264 2288 2290 2265
g exterior
f 2291 2292 2293 2294
f 2292 2295 960 2293
f 2294 2293 960 2274
f 2274 960 963 2275
f 2275 963 943 940
f 949 948 2296 2297
f 2297 2296 2298 2299
f 949 2297 2299 2278
g interior
f 2283 2300 2301 2284
f 2300 2302 2303 2301
f 2301 2303 2304 2305
f 2284 2301 2305 2285
f 2285 2305 2306 933
f 2305 2304 2307 2306
f 2306 2307 950 933
f 937 959 2308 2309
f 2309 2308 2310 2311
f 937 2309 2311 2286
f 2286 2311 2312 2287
f 2311 2310 2313 2312
f 2312 2313 2314 2315
f 2287 2312 2315 2289
g exterior
f 2295 2316 2317 960
f 2316 2318 2319 2317
f 2317 2319 961 960
f 948 947 2320 2296
f 947 2321 2322 2320
f 2320 2322 2298 2296
f 2298 2322 2323 2324
f 2322 2321 2325 2323
f 2323 2325 2326 2327
f 2324 2323 2327 2328
g interior
f 2304 2329 2330 2307
f 2329 2331 952 2330
f 2307 2330 952 950
f 959 958 2332 2308
f 958 2333 2334 2332
f 2332 2334 2310 2308
g exterior
f 2335 2336 2337 2338
f 2336 2339 2340 2337
f 2337 2340 2341 2342
f 2338 2337 2342 2318
f 2318 2342 2343 2319
f 2342 2341 964 2343
f 2319 2343 964 961
f 947 968 2344 2321
f 2321 2344 2345 2325
f 2344 2346 2347 2345
f 2345 2347 2326 2325
g interior
f 2331 2348 2349 952
f 2348 2350 2351 2349
f 2349 2351 2352 952
f 952 2352 2353 953
f 953 2353 969 954
f 955 994 2354 956
f 956 2354 2355 958
f 958 2355 2356 2357
f 2357 2356 2358 2359
f 958 2357 2359 2333
g exterior
f 2339 2360 2361 2340
f 2360 2362 2363 2361
f 2340 2361 2363 2341
f 2341 2363 995 964
f 968 967 1003 2344
f 2344 1003 1007 2346
f 2346 1007 2364 2365
f 1007 2366 2367 2364
f 2364 2367 2368 2365
g interior
f 2352 2369 2370 2353
f 2369 2371 2372 2370
f 2370 2372 2373 2353
f 2353 2373 971 969
f 994 993 2374 2354
f 2354 2374 2375 2376
f 2376 2375 2377 2378
f 2354 2376 2378 2355
g exterior
f 2379 2380 2381 2382
f 2380 2383 1026 2381
f 2382 2381 1026 2362
f 2362 1026 1029 2363
f 2363 1029 997 995
f 1007 1006 2384 2385
f 2385 2384 2386 2387
f 1007 2385 2387 2366
g interior
f 2371 2388 2389 2372
f 2388 2390 2391 2389
f 2389 2391 2392 2393
f 2372 2389 2393 2373
f 2373 2393 2394 971
f 2393 2392 2395 2394
f 2394 2395 2396 971
f 971 2396 2397 2398
f 2398 2397 2399 2400
f 971 2398 2400 972
f 972 2400 2401 973
f 2400 2399 2402 2401
f 2401 2402 2403 973
f 973 2403 2404 974
f 974 2404 1008 976
f 986 1025 2405 989
f 989 2405 2406 990
f 990 2406 2407 2408
f 2408 2407 2409 2410
f 990 2408 2410 991
f 991 2410 2411 993
f 2410 2409 2412 2411
f 2411 2412 2413 993
f 993 2413 2414 2415
f 2415 2414 2416 2417
f 993 2415 2417 2374
f 2374 2417 2418 2375
f 2417 2416 2419 2418
f 2418 2419 2420 2421
f 2375 2418 2421 2377
g exterior
f 2383 2422 2423 1026
f 2422 2424 2425 2423
f 2423 2425 1027 1026
f 1006 1005 2426 2384
f 1005 2427 2428 2426
f 2426 2428 2386 2384
f 2386 2428 2429 2430
f 2428 2427 2431 2429
f 2429 2431 2432 2433
f 2430 2429 2433 2434
g interior
f 2399 2435 2436 2402
f 2435 2437 2438 2436
f 2436 2438 2439 2440
f 2402 2436 2440 2403
f 2403 2440 2441 2404
f 2440 2439 2442 2441
f 2441 2442 2443 2404
f 2404 2443 1010 1008
f 1025 1024 2444 2405
f 2405 2444 2445 2446
f 2446 2445 2447 2448
f 2405 2446 2448 2406
f 2406 2448 2449 2407
f 2448 2447 2450 2449
f 2449 2450 2451 2452
f 2407 2449 2452 2409
g exterior
f 2453 2454 2455 2456
f 2454 2457 2458 2455
f 2455 2458 2459 2460
f 2456 2455 2460 2424
f 2424 2460 2461 2425
f 2460 2459 1030 2461
f 2425 2461 1030 1027
f 1005 1038 2462 2427
f 2427 2462 2463 2431
f 2462 2464 2465 2463
f 2463 2465 2432 2431
g interior
f 2443 2466 2467 1010
f 2466 2468 2469 2467
f 2467 2469 2470 1010
f 1010 2470 2471 1011
f 1011 2471 1039 1012
f 1020 1069 2472 1023
f 1023 2472 2473 1024
f 1024 2473 2474 2475
f 2475 2474 2476 2477
f 1024 2475 2477 2444
g exterior
f 2457 2478 2479 2458
f 2478 2480 2481 2479
f 2458 2479 2481 2459
f 2459 2481 1070 1030
f 1038 1037 1075 2462
f 2462 1075 1078 2464
f 2464 1078 2482 2483
f 1078 1080 2484 2482
f 2482 2484 2485 2483
f 2485 2484 2486 2487
f 2484 1080 1084 2486
f 2487 2486 1084 2488
f 2488 1084 2489 2490
f 1084 2491 2492 2489
f 2489 2492 2493 2490
g interior
f 2470 2494 2495 2471
f 2494 2496 2497 2495
f 2495 2497 2498 2471
f 2471 2498 1041 1039
f 1069 1068 2499 2472
f 2472 2499 2500 2501
f 2501 2500 2502 2503
f 2472 2501 2503 2473
g exterior
f 2504 2505 2506 2507
f 2505 2508 1085 2506
f 2507 2506 1085 2509
f 2509 1085 2510 2511
f 1085 1088 2512 2510
f 2510 2512 2513 2511
f 2513 2512 2514 2515
f 2512 1088 1093 2514
f 2515 2514 1093 2480
f 2480 1093 1095 2481
f 2481 1095 1072 1070
f 1084 1083 2516 2491
f 2491 2516 2517 2518
f 2516 2519 2520 2517
f 2517 2520 2521 2518
f 2521 2520 2522 2523
f 2520 2519 2524 2522
f 2522 2524 2525 2526
f 2523 2522 2526 2527
g interior
f 2498 2528 2529 1041
f 2528 2530 2531 2529
f 2529 2531 2532 1041
f 1041 2532 2533 2534
f 2534 2533 2535 2536
f 1041 2534 2536 1042
f 1042 2536 2537 1043
f 2536 2535 2538 2537
f 2537 2538 2539 1043
f 1043 2539 2540 2541
f 2541 2540 2542 2543
f 1043 2541 2543 1046
f 1046 2543 2544 1047
f 2543 2542 2545 2544
f 2544 2545 2546 1047
f 1047 2546 2547 2548
f 2548 2547 2549 2550
f 1047 2548 2550 1048
f 1048 2550 2551 1050
f 2550 2549 2552 2551
f 2551 2552 2553 1050
f 1050 2553 2554 2555
f 2555 2554 2556 2557
f 1050 2555 2557 1053
f 1053 2557 2558 1054
f 2557 2556 2559 2558
f 2558 2559 2560 1054
f 1054 2560 2561 2562
f 2562 2561 2563 2564
f 1054 2562 2564 1055
f 1055 2564 2565 1057
f 2564 2563 2566 2565
f 2565 2566 2567 1057
f 1057 2567 2568 2569
f 2569 2568 2570 2571
f 1057 2569 2571 1060
f 1060 2571 2572 1061
f 2571 2570 2573 2572
f 2572 2573 2574 1061
f 1061 2574 2575 2576
f 2576 2575 2577 2578
f 1061 2576 2578 1062
f 1062 2578 2579 1064
f 2578 2577 2580 2579
f 2579 2580 2581 1064
f 1064 2581 2582 2583
f 2583 2582 2584 2585
f 1064 2583 2585 1067
f 1067 2585 2586 1068
f 2585 2584 2587 2586
f 2586 2587 2588 1068
f 1068 2588 2589 2590
f 2590 2589 2591 2592
f 1068 2590 2592 2499
g exterior
f 2593 2594 2595 2596
f 2594 2597 2598 2595
f 2595 2598 2599 2600
f 2596 2595 2600 2601
f 2601 2600 2602 2603
f 2600 2599 2604 2602
f 2603 2602 2604 2508
f 2508 2604 1086 1085
f 1083 1082 1101 2516
f 2516 1101 1105 2519
f 2519 1105 2605 2524
f 1105 2606 2607 2605
f 2605 2607 2525 2524
f 2525 2607 2608 2609
f 2607 2606 2610 2608
f 2608 2610 2611 2612
f 2609 2608 2612 2613
g interior
f 2556 2614 2615 2559
f 2614 2616 2617 2615
f 2615 2617 2618 2619
f 2559 2615 2619 2560
f 2560 2619 2620 2561
f 2619 2618 2621 2620
f 2620 2621 2622 2623
f 2561 2620 2623 2563
g exterior
f 2624 2625 2626 2627
f 2625 2628 2629 2626
f 2626 2629 2630 2631
f 2627 2626 2631 2597
f 2597 2631 2632 2598
f 2631 2630 1106 2632
f 2598 2632 1106 2599
f 2599 1106 1109 2604
f 2604 1109 1089 1086
f 1105 1104 2633 2606
f 2606 2633 2634 2610
f 2633 2635 2636 2634
f 2634 2636 2611 2610
f 2611 2636 2637 2638
f 2636 2635 2639 2637
f 2637 2639 2640 2641
f 2638 2637 2641 2642
f 2643 2644 2645 2646
f 2644 2647 2648 2645
f 2645 2648 2649 2650
f 2646 2645 2650 2628
f 2628 2650 2651 2629
f 2650 2649 2652 2651
f 2629 2651 2652 2630
f 2630 2652 1107 1106
f 1104 1103 1120 2633
f 2633 1120 1124 2635
f 2635 1124 2653 2639
f 1124 2654 2655 2653
f 2653 2655 2640 2639
f 2640 2655 2656 2657
f 2655 2654 2658 2656
f 2656 2658 2659 2660
f 2657 2656 2660 2661
f 2662 2663 2664 2665
f 2663 2666 2667 2664
f 2664 2667 2668 2669
f 2665 2664 2669 2670
f 2670 2669 2671 2672
f 2669 2668 2673 2671
f 2672 2671 2673 2674
f 2674 2673 2675 2676
f 2673 2677 2678 2675
f 2675 2678 2679 2676
f 2680 2681 2682 2683
f 2681 2684 2685 2682
f 2683 2682 2685 2686
f 2686 2685 2687 2688
f 2685 2689 2690 2687
f 2687 2690 2691 2688
f 2691 2690 2692 2693
f 2690 2689 2694 2692
f 2692 2694 2695 2696
f 2693 2692 2696 2697
f 2698 2699 2700 2701
f 2699 2702 2703 2700
f 2700 2703 2704 2705
f 2701 2700 2705 2647
f 2647 2705 2706 2648
f 2705 2704 1125 2706
f 2648 2706 1125 2649
f 2649 1125 1128 2652
f 2652 1128 1110 1107
f 1124 1123 2707 2654
f 2654 2707 2708 2658
f 2707 2709 2710 2708
f 2708 2710 2659 2658
f 2659 2710 2711 2712
f 2710 2709 2713 2711
f 2712 2711 2713 2714
f 2714 2713 2715 2716
f 2713 2717 2718 2715
f 2715 2718 2719 2716
f 2719 2718 2720 2721
f 2718 2717 2722 2720
f 2721 2720 2722 2723
f 2723 2722 2724 2725
f 2722 2726 2727 2724
f 2724 2727 2666 2725
f 2666 2727 2728 2667
f 2727 2726 2729 2728
f 2667 2728 2729 2668
f 2668 2729 2730 2673
f 2673 2730 2731 2677
f 2677 2731 2732 2733
f 2731 2734 2735 2732
f 2732 2735 2736 2733
f 2736 2735 2737 2738
f 2735 2734 2739 2737
f 2738 2737 2739 2740
f 2740 2739 2741 2742
f 2739 2743 2744 2741
f 2741 2744 2745 2742
f 2745 2744 2746 2747
f 2744 2743 2748 2746
f 2747 2746 2748 2749
f 2749 2748 2750 2751
f 2748 2752 2753 2750
f 2750 2753 2754 2751
f 2754 2753 2755 2756
f 2753 2752 2757 2755
f 2756 2755 2757 2684
f 2684 2757 2758 2685
f 2685 2758 2759 2689
f 2689 2759 2760 2694
f 2759 2761 2762 2760
f 2760 2762 2695 2694
f 2695 2762 2763 2764
f 2762 2761 2765 2763
f 2764 2763 2765 2766
f 2766 2765 2767 2768
f 2765 2769 2770 2767
f 2767 2770 2771 2768
f 2771 2770 2772 2773
f 2770 2769 2774 2772
f 2773 2772 2774 2775
f 2775 2774 2776 2777
f 2774 2778 2779 2776
f 2776 2779 2702 2777
f 2702 2779 2780 2703
f 2779 2778 2781 2780
f 2703 2780 2781 2704
f 2704 2781 1126 1125
f 1123 1122 1139 2707
f 2707 1139 1141 2709
f 2709 1141 1143 2713
f 2713 1143 1146 2717
f 2717 1146 1148 2722
f 2722 1148 1150 2726
f 2726 1150 1152 2729
f 2729 1152 1155 2730
f 2730 1155 1157 2731
f 2731 1157 1159 2734
f 2734 1159 1161 2739
f 2739 1161 1164 2743
f 2743 1164 1166 2748
f 2748 1166 1168 2752
f 2752 1168 1170 2757
f 2757 1170 1173 2758
f 2758 1173 1175 2759
f 2759 1175 1177 2761
f 2761 1177 1179 2765
f 2765 1179 1182 2769
f 2769 1182 1184 2774
f 2774 1184 1186 2778
f 2778 1186 1188 2781
f 2781 1188 1129 1126
f 1218 1269 2782 1221
f 1221 2782 2783 1222
f 1222 2783 2784 1223
f 1223 2784 2785 1225
f 1225 2785 2786 1228
f 1228 2786 2787 1229
f 1229 2787 2788 1230
f 1230 2788 1270 1232
f 1269 1268 2789 2782
f 2782 2789 2790 2791
f 2791 2790 2792 2793
f 2782 2791 2793 2783
f 2783 2793 2794 2784
f 2793 2792 2795 2794
f 2794 2795 2796 2784
f 2784 2796 2797 2798
f 2798 2797 2799 2800
f 2784 2798 2800 2785
f 2785 2800 2801 2786
f 2800 2799 2802 2801
f 2801 2802 2803 2786
f 2786 2803 2804 2805
f 2805 2804 2806 2807
f 2786 2805 2807 2787
f 2787 2807 2808 2788
f 2807 2806 2809 2808
f 2808 2809 2810 2788
f 2788 2810 1272 1270
f 1243 1318 2811 1246
f 1246 2811 2812 1247
f 1247 2812 2813 1248
f 1248 2813 2814 1250
f 1250 2814 2815 1253
f 1253 2815 2816 1254
f 1254 2816 2817 1255
f 1255 2817 2818 1257
f 1257 2818 2819 1260
f 1260 2819 2820 1261
f 1261 2820 2821 1262
f 1262 2821 2822 1264
f 1264 2822 2823 2824
f 2824 2823 2825 2826
f 1264 2824 2826 1267
f 1267 2826 2827 1268
f 2826 2825 2828 2827
f 2827 2828 2829 1268
f 1268 2829 2830 2831
f 2831 2830 2832 2833
f 1268 2831 2833 2789
g interior
f 2834 2835 2836 2837
f 2838 2839 2836 2835
f 2840 2837 2836 2839
g exterior
f 2840 2841 2842 2837
f 2792 2790 2842 2841
f 2789 2833 2842 2790
f 2832 2843 2842 2833
f 2834 2837 2842 2843
g interior
f 2840 2839 2844 2845
f 2838 2846 2844 2839
f 2847 2848 2844 2846
f 2849 2845 2844 2848
g exterior
f 2849 2850 2851 2845
f 2796 2795 2851 2850
f 2792 2841 2851 2795
f 2840 2845 2851 2841
g interior
f 2849 2848 2852 2853
f 2847 2854 2852 2848
f 2855 2856 2852 2854
f 2857 2853 2852 2856
f 2855 2858 2859 2856
f 2860 2861 2859 2858
f 2862 2863 2859 2861
f 2857 2856 2859 2863
g exterior
f 2862 2864 2865 2863
f 2799 2866 2865 2864
f 2867 2868 2865 2866
f 2857 2863 2865 2868
f 2867 2869 2870 2868
f 2796 2850 2870 2869
f 2849 2853 2870 2850
f 2857 2868 2870 2853
g interior
f 2862 2861 2871 2872
f 2860 2873 2871 2861
f 2874 2875 2871 2873
f 2876 2872 2871 2875
g exterior
f 2876 2877 2878 2872
f 2803 2802 2878 2877
f 2799 2864 2878 2802
f 2862 2872 2878 2864
g interior
f 2876 2875 2879 2880
f 2874 2881 2879 2875
f 2882 2883 2879 2881
f 2884 2880 2879 2883
g exterior
f 2884 2885 2886 2880
f 2806 2804 2886 2885
f 2803 2877 2886 2804
f 2876 2880 2886 2877
g interior
f 2884 2883 2887 2888
f 2882 2889 2887 2883
f 2890 2888 2887 2889
g exterior
f 2890 2891 2892 2888
f 2893 2894 2892 2891
f 2810 2809 2892 2894
f 2806 2885 2892 2809
f 2884 2888 2892 2885
f 2810 2894 2895 1272
f 2894 2893 2896 2895
f 2895 2896 2897 1272
f 1272 2897 2898 2899
f 2899 2898 2900 2901
f 1272 2899 2901 1273
f 1273 2901 2902 1274
f 2901 2900 2903 2902
f 2902 2903 2904 1274
f 1274 2904 2905 1277
f 1277 2905 2906 1278
f 1278 2906 2907 1279
f 1279 2907 2908 1281
f 1281 2908 2909 1284
f 1284 2909 2910 1285
f 1285 2910 2911 1286
f 1286 2911 2912 1288
f 1288 2912 2913 1291
f 1291 2913 2914 1292
f 1292 2914 2915 1293
f 1293 2915 1319 1295
f 1318 1317 2916 2811
f 2811 2916 2917 2918
f 2918 2917 2919 2920
f 2811 2918 2920 2812
f 2812 2920 2921 2813
f 2920 2919 2922 2921
f 2921 2922 2923 2813
f 2813 2923 2924 2925
f 2925 2924 2926 2927
f 2813 2925 2927 2814
f 2814 2927 2928 2815
f 2927 2926 2929 2928
f 2928 2929 2930 2815
f 2815 2930 2931 2932
f 2932 2931 2933 2934
f 2815 2932 2934 2816
f 2816 2934 2935 2817
f 2934 2933 2936 2935
f 2935 2936 2937 2817
f 2817 2937 2938 2939
f 2939 2938 2940 2941
f 2817 2939 2941 2818
f 2818 2941 2942 2819
f 2941 2940 2943 2942
f 2942 2943 2944 2819
f 2819 2944 2945 2946
f 2946 2945 2947 2948
f 2819 2946 2948 2820
f 2820 2948 2949 2821
f 2948 2947 2950 2949
f 2949 2950 2951 2821
f 2821 2951 2952 2953
f 2953 2952 2954 2955
f 2821 2953 2955 2822
g interior
f 2956 2957 2958 2959
f 2960 2961 2958 2957
f 2962 2959 2958 2961
g exterior
f 2962 2963 2964 2959
f 2825 2823 2964 2963
f 2822 2955 2964 2823
f 2954 2965 2964 2955
f 2956 2959 2964 2965
g interior
f 2962 2961 2966 2967
f 2960 2968 2966 2961
f 2969 2970 2966 2968
f 2971 2967 2966 2970
g exterior
f 2971 2972 2973 2967
f 2829 2828 2973 2972
f 2825 2963 2973 2828
f 2962 2967 2973 2963
g interior
f 2971 2970 2974 2975
f 2969 2976 2974 2970
f 2977 2978 2974 2976
f 2979 2975 2974 2978
g exterior
f 2979 2980 2981 2975
f 2832 2830 2981 2980
f 2829 2972 2981 2830
f 2971 2975 2981 2972
g interior
f 2979 2978 2982 2983
f 2977 2984 2982 2978
f 2985 2986 2982 2984
f 2838 2835 2982 2986
f 2834 2983 2982 2835
g exterior
f 2834 2843 2987 2983
f 2832 2980 2987 2843
f 2979 2983 2987 2980
g interior
f 2838 2986 2988 2846
f 2986 2985 2989 2988
f 2988 2989 2990 2991
f 2846 2988 2991 2847
f 2847 2991 2992 2993
f 2991 2990 2994 2992
f 2993 2992 2994 2860
f 2860 2994 2995 2873
f 2994 2996 2997 2995
f 2995 2997 2874 2873
f 2874 2997 2998 2881
f 2997 2996 2999 2998
f 2998 2999 3000 3001
f 2881 2998 3001 2882
g exterior
f 3002 3003 3004 3005
f 2893 2891 3004 3003
f 2890 3005 3004 2891
g interior
f 2890 2889 3006 3005
f 2882 3001 3006 2889
f 3000 3007 3006 3001
f 3008 3009 3006 3007
f 3002 3005 3006 3009
f 3002 3009 3010 3011
f 3008 3012 3010 3009
f 3013 3014 3010 3012
f 3015 3011 3010 3014
g exterior
f 3015 3016 3017 3011
f 2897 2896 3017 3016
f 2893 3003 3017 2896
f 3002 3011 3017 3003
g interior
f 3015 3014 3018 3019
f 3013 3020 3018 3014
f 3021 3022 3018 3020
f 3023 3019 3018 3022
g exterior
f 3023 3024 3025 3019
f 2900 2898 3025 3024
f 2897 3016 3025 2898
f 3015 3019 3025 3016
g interior
f 3023 3022 3026 3027
f 3021 3028 3026 3022
f 3029 3027 3026 3028
g exterior
f 3029 3030 3031 3027
f 3032 3033 3031 3030
f 2904 2903 3031 3033
f 2900 3024 3031 2903
f 3023 3027 3031 3024
f 2904 3033 3034 2905
f 3033 3032 3035 3034
f 3034 3035 3036 2905
f 2905 3036 3037 3038
f 3038 3037 3039 3040
f 2905 3038 3040 2906
f 2906 3040 3041 2907
f 3040 3039 3042 3041
f 3041 3042 3043 2907
f 2907 3043 3044 3045
f 3045 3044 3046 3047
f 2907 3045 3047 2908
f 2908 3047 3048 2909
f 3047 3046 3049 3048
f 3048 3049 3050 2909
f 2909 3050 3051 3052
f 3052 3051 3053 3054
f 2909 3052 3054 2910
f 2910 3054 3055 2911
f 3054 3053 3056 3055
f 3055 3056 3057 2911
f 2911 3057 3058 3059
f 3059 3058 3060 3061
f 2911 3059 3061 2912
f 2912 3061 3062 2913
f 3061 3060 3063 3062
f 3062 3063 3064 2913
f 2913 3064 3065 3066
f 3066 3065 3067 3068
f 2913 3066 3068 2914
f 2914 3068 3069 2915
f 3068 3067 3070 3069
f 3069 3070 3071 2915
f 2915 3071 1321 1319
f 1306 1344 3072 1309
f 1309 3072 3073 1310
f 1310 3073 3074 1311
f 1311 3074 3075 1313
f 1313 3075 3076 3077
f 3077 3076 3078 3079
f 1313 3077 3079 1316
f 1316 3079 3080 1317
f 3079 3078 3081 3080
f 3080 3081 3082 1317
f 1317 3082 3083 3084
f 3084 3083 3085 3086
f 1317 3084 3086 2916
f 3087 3088 3089 3090
f 3085 3091 3089 3088
f 3092 3093 3089 3091
f 3094 3090 3089 3093
g interior
f 3092 3095 3096 3093
f 3097 3098 3096 3095
f 3094 3093 3096 3098
f 3097 3099 3100 3098
f 3101 3102 3100 3099
f 3103 3104 3100 3102
f 3094 3098 3100 3104
g exterior
f 3103 3105 3106 3104
f 2919 2917 3106 3105
f 2916 3107 3106 2917
f 3087 3090 3106 3107
f 3094 3104 3106 3090
g interior
f 3103 3102 3108 3109
f 3101 3110 3108 3102
f 3111 3112 3108 3110
f 3113 3109 3108 3112
g exterior
f 3113 3114 3115 3109
f 2923 2922 3115 3114
f 2919 3105 3115 2922
f 3103 3109 3115 3105
g interior
f 3113 3112 3116 3117
f 3111 3118 3116 3112
f 3119 3120 3116 3118
f 3121 3117 3116 3120
g exterior
f 3121 3122 3123 3117
f 2926 2924 3123 3122
f 2923 3114 3123 2924
f 3113 3117 3123 3114
g interior
f 3121 3120 3124 3125
f 3119 3126 3124 3120
f 3127 3128 3124 3126
f 3129 3125 3124 3128
g exterior
f 3129 3130 3131 3125
f 2930 2929 3131 3130
f 2926 3122 3131 2929
f 3121 3125 3131 3122
g interior
f 3129 3128 3132 3133
f 3127 3134 3132 3128
f 3135 3136 3132 3134
f 3137 3133 3132 3136
g exterior
f 3137 3138 3139 3133
f 2933 2931 3139 3138
f 2930 3130 3139 2931
f 3129 3133 3139 3130
g interior
f 3137 3136 3140 3141
f 3135 3142 3140 3136
f 3143 3144 3140 3142
f 3145 3141 3140 3144
g exterior
f 3145 3146 3147 3141
f 2937 2936 3147 3146
f 2933 3138 3147 2936
f 3137 3141 3147 3138
g interior
f 3145 3144 3148 3149
f 3143 3150 3148 3144
f 3151 3152 3148 3150
f 3153 3149 3148 3152
g exterior
f 3153 3154 3155 3149
f 2940 2938 3155 3154
f 2937 3146 3155 2938
f 3145 3149 3155 3146
g interior
f 3153 3152 3156 3157
f 3151 3158 3156 3152
f 3159 3160 3156 3158
f 3161 3157 3156 3160
g exterior
f 3161 3162 3163 3157
f 2944 2943 3163 3162
f 2940 3154 3163 2943
f 3153 3157 3163 3154
g interior
f 3161 3160 3164 3165
f 3159 3166 3164 3160
f 3167 3168 3164 3166
f 3169 3165 3164 3168
g exterior
f 3169 3170 3171 3165
f 2947 2945 3171 3170
f 2944 3162 3171 2945
f 3161 3165 3171 3162
g interior
f 3169 3168 3172 3173
f 3167 3174 3172 3168
f 3175 3176 3172 3174
f 3177 3173 3172 3176
f 3175 3178 3179 3176
f 3180 3181 3179 3178
f 3182 3183 3179 3181
f 3177 3176 3179 3183
g exterior
f 3182 3184 3185 3183
f 2951 3186 3185 3184
f 3187 3188 3185 3186
f 3177 3183 3185 3188
f 3187 3189 3190 3188
f 2947 3170 3190 3189
f 3169 3173 3190 3170
f 3177 3188 3190 3173
g interior
f 3182 3181 3191 3192
f 3180 3193 3191 3181
f 3194 3195 3191 3193
f 3196 3192 3191 3195
g exterior
f 3196 3197 3198 3192
f 2954 2952 3198 3197
f 2951 3184 3198 2952
f 3182 3192 3198 3184
g interior
f 3196 3195 3199 3200
f 3194 3201 3199 3195
f 3202 3203 3199 3201
f 2960 2957 3199 3203
f 2956 3200 3199 2957
g exterior
f 2956 2965 3204 3200
f 2954 3197 3204 2965
f 3196 3200 3204 3197
g interior
f 2960 3203 3205 2968
f 3203 3202 3206 3205
f 3205 3206 3207 3208
f 2968 3205 3208 2969
f 2969 3208 3209 2976
f 3208 3207 3210 3209
f 2976 3209 3210 2977
f 2977 3210 3211 2984
f 3210 3212 3213 3211
f 3211 3213 2985 2984
f 2985 3213 3214 2989
f 3213 3212 3215 3214
f 2989 3214 3215 2990
f 2990 3215 3216 2994
f 2994 3216 3217 2996
f 2996 3217 3218 2999
f 3217 3219 3220 3218
f 3218 3220 3000 2999
f 3000 3220 3221 3007
f 3220 3219 3222 3221
f 3007 3221 3222 3008
f 3008 3222 3223 3012
f 3222 3224 3225 3223
f 3223 3225 3013 3012
f 3013 3225 3226 3020
f 3225 3224 3227 3226
f 3226 3227 3228 3229
f 3020 3226 3229 3021
g exterior
f 3230 3231 3232 3233
f 3032 3030 3232 3231
f 3029 3233 3232 3030
g interior
f 3029 3028 3234 3233
f 3021 3229 3234 3028
f 3228 3235 3234 3229
f 3236 3237 3234 3235
f 3230 3233 3234 3237
f 3230 3237 3238 3239
f 3236 3240 3238 3237
f 3241 3242 3238 3240
f 3243 3239 3238 3242
g exterior
f 3243 3244 3245 3239
f 3036 3035 3245 3244
f 3032 3231 3245 3035
f 3230 3239 3245 3231
g interior
f 3243 3242 3246 3247
f 3241 3248 3246 3242
f 3249 3250 3246 3248
f 3251 3247 3246 3250
f 3249 3252 3253 3250
f 3254 3255 3253 3252
f 3256 3257 3253 3255
f 3251 3250 3253 3257
g exterior
f 3256 3258 3259 3257
f 3039 3260 3259 3258
f 3261 3262 3259 3260
f 3251 3257 3259 3262
f 3261 3263 3264 3262
f 3036 3244 3264 3263
f 3243 3247 3264 3244
f 3251 3262 3264 3247
g interior
f 3256 3255 3265 3266
f 3254 3267 3265 3255
f 3268 3269 3265 3267
f 3270 3266 3265 3269
g exterior
f 3270 3271 3272 3266
f 3043 3042 3272 3271
f 3039 3258 3272 3042
f 3256 3266 3272 3258
g interior
f 3270 3269 3273 3274
f 3268 3275 3273 3269
f 3276 3277 3273 3275
f 3278 3274 3273 3277
g exterior
f 3278 3279 3280 3274
f 3046 3044 3280 3279
f 3043 3271 3280 3044
f 3270 3274 3280 3271
g interior
f 3278 3277 3281 3282
f 3276 3283 3281 3277
f 3284 3285 3281 3283
f 3286 3282 3281 3285
g exterior
f 3286 3287 3288 3282
f 3050 3049 3288 3287
f 3046 3279 3288 3049
f 3278 3282 3288 3279
g interior
f 3286 3285 3289 3290
f 3284 3291 3289 3285
f 3292 3293 3289 3291
f 3294 3290 3289 3293
g exterior
f 3294 3295 3296 3290
f 3053 3051 3296 3295
f 3050 3287 3296 3051
f 3286 3290 3296 3287
g interior
f 3294 3293 3297 3298
f 3292 3299 3297 3293
f 3300 3301 3297 3299
f 3302 3298 3297 3301
g exterior
f 3302 3303 3304 3298
f 3057 3056 3304 3303
f 3053 3295 3304 3056
f 3294 3298 3304 3295
g interior
f 3302 3301 3305 3306
f 3300 3307 3305 3301
f 3308 3309 3305 3307
f 3310 3306 3305 3309
g exterior
f 3310 3311 3312 3306
f 3060 3058 3312 3311
f 3057 3303 3312 3058
f 3302 3306 3312 3303
g interior
f 3310 3309 3313 3314
f 3308 3315 3313 3309
f 3316 3317 3313 3315
f 3318 3314 3313 3317
g exterior
f 3318 3319 3320 3314
f 3064 3063 3320 3319
f 3060 3311 3320 3063
f 3310 3314 3320 3311
g interior
f 3318 3317 3321 3322
f 3316 3323 3321 3317
f 3324 3325 3321 3323
f 3326 3322 3321 3325
g exterior
f 3326 3327 3328 3322
f 3067 3065 3328 3327
f 3064 3319 3328 3065
f 3318 3322 3328 3319
g interior
f 3326 3325 3329 3330
f 3324 3331 3329 3325
f 3332 3333 3329 3331
f 3334 3330 3329 3333
f 3332 3335 3336 3333
f 3337 3338 3336 3335
f 3334 3333 3336 3338
g exterior
f 3337 3339 3340 3338
f 3341 3342 3340 3339
f 3343 3344 3340 3342
f 3334 3338 3340 3344
f 3343 3345 3346 3344
f 3071 3070 3346 3345
f 3067 3327 3346 3070
f 3326 3330 3346 3327
f 3334 3344 3346 3330
f 3071 3347 3348 1321
f 3347 3341 3349 3348
f 3348 3349 3350 1321
f 1321 3350 3351 3352
f 3352 3351 3353 3354
f 1321 3352 3354 1322
f 1322 3354 3355 1323
f 3354 3353 3356 3355
f 3355 3356 3357 1323
f 1323 3357 3358 1326
f 1326 3358 3359 1327
f 1327 3359 3360 1328
f 1328 3360 1345 1330
f 1344 1343 3361 3072
f 3072 3361 3362 3363
f 3363 3362 3364 3365
f 3072 3363 3365 3073
f 3073 3365 3366 3074
f 3365 3364 3367 3366
f 3366 3367 3368 3074
f 3074 3368 3369 3370
f 3370 3369 3371 3372
f 3074 3370 3372 3075
f 3075 3372 3373 3076
f 3372 3371 3374 3373
f 3373 3374 3375 3376
f 3076 3373 3376 3078
g interior
f 3377 3378 3379 3380
f 3381 3382 3379 3378
f 3383 3380 3379 3382
g exterior
f 3383 3384 3385 3380
f 3082 3081 3385 3384
f 3078 3376 3385 3081
f 3375 3386 3385 3376
f 3377 3380 3385 3386
g interior
f 3383 3382 3387 3388
f 3381 3389 3387 3382
f 3390 3391 3387 3389
f 3392 3388 3387 3391
g exterior
f 3392 3393 3394 3388
f 3085 3083 3394 3393
f 3082 3384 3394 3083
f 3383 3388 3394 3384
g interior
f 3392 3391 3395 3396
f 3390 3397 3395 3391
f 3398 3399 3395 3397
f 3101 3400 3395 3399
f 3092 3396 3395 3400
g exterior
f 3092 3091 3401 3396
f 3085 3393 3401 3091
f 3392 3396 3401 3393
g interior
f 3101 3399 3402 3110
f 3399 3398 3403 3402
f 3402 3403 3404 3405
f 3110 3402 3405 3111
f 3111 3405 3406 3118
f 3405 3404 3407 3406
f 3118 3406 3407 3119
f 3119 3407 3408 3126
f 3407 3409 3410 3408
f 3408 3410 3127 3126
f 3127 3410 3411 3134
f 3410 3409 3412 3411
f 3134 3411 3412 3135
f 3135 3412 3413 3142
f 3412 3414 3415 3413
f 3413 3415 3143 3142
f 3143 3415 3416 3150
f 3415 3414 1360 3416
f 3150 3416 1360 3151
f 3151 1360 3417 3158
f 1360 1363 3418 3417
f 3417 3418 3159 3158
f 3159 3418 3419 3166
f 3418 1363 1365 3419
f 3166 3419 1365 3167
f 3167 1365 3420 3176
f 1365 1367 3421 3420
f 3420 3421 3180 3176
f 3180 3421 3422 3193
f 3421 1367 1369 3422
f 3193 3422 1369 3194
f 3194 1369 3423 3201
f 1369 1371 3424 3423
f 3423 3424 3202 3201
f 3202 3424 3425 3206
f 3424 1371 1372 3425
f 3206 3425 1372 3207
f 3207 1372 1374 3210
f 3210 1374 1376 3212
f 3212 1376 1378 3215
f 3215 1378 1379 3216
f 3216 1379 1381 3217
f 3217 1381 1383 3219
f 3219 1383 1385 3222
f 3222 1385 1386 3224
f 3224 1386 3426 3227
f 1386 1388 3427 3426
f 3426 3427 3228 3227
f 3228 3427 3428 3235
f 3427 1388 1390 3428
f 3235 3428 1390 3236
f 3236 1390 3429 3240
f 1390 1392 3430 3429
f 3429 3430 3241 3240
f 3241 3430 3431 3432
f 3430 1392 1393 3431
f 3432 3431 1393 3254
f 3254 1393 3433 3267
f 1393 1395 3434 3433
f 3433 3434 3268 3267
f 3268 3434 3435 3275
f 3434 1395 1398 3435
f 3275 3435 1398 3276
f 3276 1398 3436 3283
f 1398 3437 3438 3436
f 3436 3438 3284 3283
f 3284 3438 3439 3291
f 3438 3437 3440 3439
f 3291 3439 3440 3292
f 3292 3440 3441 3299
f 3440 3442 3443 3441
f 3441 3443 3300 3299
f 3300 3443 3444 3307
f 3443 3442 3445 3444
f 3307 3444 3445 3308
f 3308 3445 3446 3315
f 3445 3447 3448 3446
f 3446 3448 3316 3315
f 3316 3448 3449 3323
f 3448 3447 3450 3449
f 3449 3450 3451 3452
f 3323 3449 3452 3324
g exterior
f 3453 3454 3455 3456
f 3341 3339 3455 3454
f 3337 3456 3455 3339
g interior
f 3337 3457 3458 3456
f 3324 3452 3458 3457
f 3451 3459 3458 3452
f 3460 3461 3458 3459
f 3453 3456 3458 3461
f 3453 3461 3462 3463
f 3460 3464 3462 3461
f 3465 3466 3462 3464
f 3467 3463 3462 3466
g exterior
f 3467 3468 3469 3463
f 3350 3349 3469 3468
f 3341 3454 3469 3349
f 3453 3463 3469 3454
g interior
f 3467 3466 3470 3471
f 3465 3472 3470 3466
f 3473 3471 3470 3472
g exterior
f 3473 3474 3475 3471
f 3476 3477 3475 3474
f 3353 3351 3475 3477
f 3350 3468 3475 3351
f 3467 3471 3475 3468
f 3353 3477 3478 3356
f 3477 3476 3479 3478
f 3478 3479 3480 3481
f 3356 3478 3481 3357
f 3357 3481 3482 3358
f 3481 3480 3483 3482
f 3482 3483 3484 3358
f 3358 3484 3485 3486
f 3486 3485 3487 3488
f 3358 3486 3488 3359
f 3359 3488 3489 3360
f 3488 3487 3490 3489
f 3489 3490 3491 3360
f 3360 3491 1347 1345
f 1336 1359 3492 1337
f 1337 3492 3493 1339
f 1339 3493 3494 1342
f 1342 3494 3495 1343
f 1343 3495 3496 3497
f 3497 3496 3498 3499
f 1343 3497 3499 3361
f 3361 3499 3500 3362
f 3499 3498 3501 3500
f 3500 3501 3502 3503
f 3362 3500 3503 3364
g interior
f 3504 3505 3506 3507
f 3508 3509 3506 3505
f 3510 3507 3506 3509
g exterior
f 3510 3511 3512 3507
f 3368 3367 3512 3511
f 3364 3503 3512 3367
f 3502 3513 3512 3503
f 3504 3507 3512 3513
g interior
f 3510 3509 3514 3515
f 3508 3516 3514 3509
f 3517 3518 3514 3516
f 3519 3515 3514 3518
g exterior
f 3519 3520 3521 3515
f 3371 3369 3521 3520
f 3368 3511 3521 3369
f 3510 3515 3521 3511
g interior
f 3519 3518 3522 3523
f 3517 3524 3522 3518
f 3525 3526 3522 3524
f 3527 3523 3522 3526
g exterior
f 3527 3528 3529 3523
f 3375 3374 3529 3528
f 3371 3520 3529 3374
f 3519 3523 3529 3520
g interior
f 3527 3526 3530 3531
f 3525 3532 3530 3526
f 3533 3534 3530 3532
f 3381 3378 3530 3534
f 3377 3531 3530 3378
g exterior
f 3377 3386 3535 3531
f 3375 3528 3535 3386
f 3527 3531 3535 3528
g interior
f 3381 3534 3536 3389
f 3534 3533 3537 3536
f 3389 3536 3537 3390
f 3390 3537 3538 3397
f 3537 3539 3540 3538
f 3538 3540 3398 3397
f 3398 3540 3541 3403
f 3540 3539 3542 3541
f 3403 3541 3542 3404
f 3404 3542 3543 3407
f 3407 3543 3544 3409
f 3409 3544 3545 3412
f 3412 3545 3546 3414
f 3414 3546 1361 1360
f 1398 1397 3547 3437
f 3437 3547 3548 3440
f 3440 3548 3549 3442
f 3442 3549 3550 3445
f 3445 3550 3551 3447
f 3447 3551 3552 3450
f 3551 3553 3554 3552
f 3552 3554 3451 3450
f 3451 3554 3555 3459
f 3554 3553 3556 3555
f 3459 3555 3556 3460
f 3460 3556 3557 3464
f 3556 3558 3559 3557
f 3557 3559 3465 3464
g exterior
f 3560 3561 3562 3563
f 3476 3474 3562 3561
f 3473 3563 3562 3474
g interior
f 3473 3472 3564 3563
f 3465 3559 3564 3472
f 3558 3565 3564 3559
f 3566 3567 3564 3565
f 3560 3563 3564 3567
f 3560 3567 3568 3569
f 3566 3570 3568 3567
f 3571 3572 3568 3570
f 3573 3569 3568 3572
g exterior
f 3573 3574 3575 3569
f 3480 3479 3575 3574
f 3476 3561 3575 3479
f 3560 3569 3575 3561
g interior
f 3573 3572 3576 3577
f 3571 3578 3576 3572
f 3579 3580 3576 3578
f 3581 3577 3576 3580
g exterior
f 3581 3582 3583 3577
f 3484 3483 3583 3582
f 3480 3574 3583 3483
f 3573 3577 3583 3574
g interior
f 3581 3580 3584 3585
f 3579 3586 3584 3580
f 3587 3585 3584 3586
g exterior
f 3587 3588 3589 3585
f 3590 3591 3589 3588
f 3487 3485 3589 3591
f 3484 3582 3589 3485
f 3581 3585 3589 3582
f 3487 3591 3592 3490
f 3591 3590 3593 3592
f 3592 3593 3594 3595
f 3490 3592 3595 3491
f 3491 3595 3596 1347
f 3595 3594 3597 3596
f 3596 3597 3598 1347
f 1347 3598 3599 1348
f 1348 3599 3600 1349
f 1349 3600 3601 1352
f 1352 3601 1399 1353
f 1359 1358 3602 3492
f 3492 3602 3603 3604
f 3604 3603 3605 3606
f 3492 3604 3606 3493
f 3493 3606 3607 3494
f 3606 3605 3608 3607
f 3607 3608 3609 3494
f 3494 3609 3610 3611
f 3611 3610 3612 3613
f 3494 3611 3613 3495
g interior
f 3614 3615 3616 3617
f 3618 3619 3616 3615
f 3620 3617 3616 3619
g exterior
f 3620 3621 3622 3617
f 3498 3496 3622 3621
f 3495 3613 3622 3496
f 3612 3623 3622 3613
f 3614 3617 3622 3623
g interior
f 3620 3619 3624 3625
f 3618 3626 3624 3619
f 3627 3628 3624 3626
f 3629 3625 3624 3628
g exterior
f 3629 3630 3631 3625
f 3502 3501 3631 3630
f 3498 3621 3631 3501
f 3620 3625 3631 3621
g interior
f 3629 3628 3632 3633
f 3627 3634 3632 3628
f 3635 3636 3632 3634
f 3508 3505 3632 3636
f 3504 3633 3632 3505
g exterior
f 3504 3513 3637 3633
f 3502 3630 3637 3513
f 3629 3633 3637 3630
g interior
f 3508 3636 3638 3516
f 3636 3635 1410 3638
f 3516 3638 1410 3517
f 3517 1410 3639 3524
f 1410 1413 3640 3639
f 3639 3640 3525 3524
f 3525 3640 3641 3532
f 3640 1413 1416 3641
f 3532 3641 1416 3533
f 3533 1416 1418 3537
f 3537 1418 1421 3539
f 3539 1421 1423 3542
f 3542 1423 1425 3543
f 3543 1425 1427 3544
f 3544 1427 1430 3545
f 3545 1430 1432 3546
f 3546 1432 1364 1361
f 1397 1396 1436 3547
f 3547 1436 1439 3548
f 3548 1439 1441 3549
f 3549 1441 1443 3550
f 3550 1443 1445 3551
f 3551 1445 1448 3553
f 3553 1448 1450 3556
f 3556 1450 1452 3558
f 3558 1452 3642 3565
f 1452 1454 3643 3642
f 3642 3643 3566 3565
f 3566 3643 3644 3570
f 3643 1454 1457 3644
f 3570 3644 1457 3571
f 3571 1457 3645 3578
f 1457 3646 3647 3645
f 3645 3647 3579 3578
g exterior
f 3648 3649 3650 3651
f 3590 3588 3650 3649
f 3587 3651 3650 3588
g interior
f 3587 3586 3652 3651
f 3579 3647 3652 3586
f 3646 3653 3652 3647
f 3654 3655 3652 3653
f 3648 3651 3652 3655
f 3648 3655 3656 3657
f 3654 3658 3656 3655
f 3659 3660 3656 3658
f 3661 3657 3656 3660
g exterior
f 3661 3662 3663 3657
f 3594 3593 3663 3662
f 3590 3649 3663 3593
f 3648 3657 3663 3649
g interior
f 3661 3660 3664 3665
f 3659 3666 3664 3660
f 3667 3665 3664 3666
g exterior
f 3667 3668 3669 3665
f 3670 3671 3669 3668
f 3598 3597 3669 3671
f 3594 3662 3669 3597
f 3661 3665 3669 3662
f 3598 3671 3672 3599
f 3671 3670 3673 3672
f 3672 3673 3674 3599
f 3599 3674 3675 3676
f 3676 3675 3677 3678
f 3599 3676 3678 3600
f 3600 3678 3679 3601
f 3678 3677 3680 3679
f 3679 3680 3681 3601
f 3601 3681 1401 1399
f 1355 1409 3682 1356
f 1356 3682 3683 1358
f 1358 3683 3684 3685
f 3685 3684 3686 3687
f 1358 3685 3687 3602
f 3602 3687 3688 3603
f 3687 3686 3689 3688
f 3688 3689 3690 3691
f 3603 3688 3691 3605
g interior
f 3692 3693 3694 3695
f 3696 3697 3694 3693
f 3698 3699 3694 3697
f 3700 3695 3694 3699
g exterior
f 3698 3701 3702 3699
f 3609 3703 3702 3701
f 3704 3705 3702 3703
f 3700 3699 3702 3705
f 3704 3706 3707 3705
f 3605 3691 3707 3706
f 3690 3708 3707 3691
f 3692 3695 3707 3708
f 3700 3705 3707 3695
g interior
f 3698 3697 3709 3710
f 3696 3711 3709 3697
f 3712 3713 3709 3711
f 3714 3710 3709 3713
g exterior
f 3714 3715 3716 3710
f 3612 3610 3716 3715
f 3609 3701 3716 3610
f 3698 3710 3716 3701
g interior
f 3714 3713 3717 3718
f 3712 3719 3717 3713
f 3720 3721 3717 3719
f 3618 3615 3717 3721
f 3614 3718 3717 3615
g exterior
f 3614 3623 3722 3718
f 3612 3715 3722 3623
f 3714 3718 3722 3715
g interior
f 3618 3721 3723 3626
f 3721 3720 3724 3723
f 3723 3724 3725 3726
f 3626 3723 3726 3627
f 3627 3726 3727 3634
f 3726 3725 3728 3727
f 3634 3727 3728 3635
f 3635 3728 1411 1410
f 1457 1456 3729 3646
f 3646 3729 3730 3653
f 3729 3731 3732 3730
f 3730 3732 3654 3653
f 3654 3732 3733 3658
f 3732 3731 3734 3733
f 3733 3734 3735 3736
f 3658 3733 3736 3659
g exterior
f 3737 3738 3739 3740
f 3670 3668 3739 3738
f 3667 3740 3739 3668
g interior
f 3667 3666 3741 3740
f 3659 3736 3741 3666
f 3735 3742 3741 3736
f 3743 3744 3741 3742
f 3737 3740 3741 3744
f 3737 3744 3745 3746
f 3743 3747 3745 3744
f 3748 3749 3745 3747
f 3750 3746 3745 3749
g exterior
f 3750 3751 3752 3746
f 3674 3673 3752 3751
f 3670 3738 3752 3673
f 3737 3746 3752 3738
g interior
f 3750 3749 3753 3754
f 3748 3755 3753 3749
f 3756 3757 3753 3755
f 3758 3754 3753 3757
f 3756 3759 3760 3757
f 3761 3762 3760 3759
f 3758 3757 3760 3762
g exterior
f 3761 3763 3764 3762
f 3765 3766 3764 3763
f 3677 3767 3764 3766
f 3768 3769 3764 3767
f 3758 3762 3764 3769
f 3768 3770 3771 3769
f 3674 3751 3771 3770
f 3750 3754 3771 3751
f 3758 3769 3771 3754
f 3677 3766 3772 3680
f 3766 3765 3773 3772
f 3772 3773 3774 3775
f 3680 3772 3775 3681
f 3681 3775 3776 1401
f 3775 3774 3777 3776
f 3776 3777 3778 1401
f 1401 3778 3779 1402
f 1402 3779 1458 1403
f 1409 1408 3780 3682
f 3682 3780 3781 3782
f 3782 3781 3783 3784
f 3682 3782 3784 3683
f 3683 3784 3785 3684
f 3784 3783 3786 3785
f 3785 3786 3787 3788
f 3684 3785 3788 3686
g interior
f 3789 3790 3791 3792
f 3793 3794 3791 3790
f 3795 3792 3791 3794
g exterior
f 3795 3796 3797 3792
f 3690 3689 3797 3796
f 3686 3788 3797 3689
f 3787 3798 3797 3788
f 3789 3792 3797 3798
g interior
f 3795 3794 3799 3800
f 3793 3801 3799 3794
f 3802 3803 3799 3801
f 3696 3693 3799 3803
f 3692 3800 3799 3693
g exterior
f 3692 3708 3804 3800
f 3690 3796 3804 3708
f 3795 3800 3804 3796
g interior
f 3696 3803 3805 3711
f 3803 3802 1469 3805
f 3711 3805 1469 3712
f 3712 1469 3806 3719
f 1469 1472 3807 3806
f 3806 3807 3720 3719
f 3720 3807 3808 3724
f 3807 1472 1477 3808
f 3724 3808 1477 3725
f 3725 1477 1479 3728
f 3728 1479 1414 1411
f 1456 1455 1481 3729
f 3729 1481 1484 3731
f 3731 1484 3809 3734
f 1484 1486 3810 3809
f 3809 3810 3735 3734
f 3735 3810 3811 3742
f 3810 1486 1490 3811
f 3742 3811 1490 3743
f 3743 1490 3812 3747
f 1490 3813 3814 3812
f 3812 3814 3748 3747
g exterior
f 3815 3816 3817 3818
f 3765 3763 3817 3816
f 3761 3818 3817 3763
g interior
f 3761 3819 3820 3818
f 3748 3814 3820 3819
f 3813 3821 3820 3814
f 3822 3823 3820 3821
f 3815 3818 3820 3823
f 3815 3823 3824 3825
f 3822 3826 3824 3823
f 3827 3825 3824 3826
g exterior
f 3827 3828 3829 3825
f 3830 3831 3829 3828
f 3774 3773 3829 3831
f 3765 3816 3829 3773
f 3815 3825 3829 3816
f 3774 3831 3832 3777
f 3831 3830 3833 3832
f 3832 3833 3834 3835
f 3777 3832 3835 3778
f 3778 3835 3836 3779
f 3835 3834 3837 3836
f 3836 3837 3838 3779
f 3779 3838 1460 1458
f 1405 1468 3839 1406
f 1406 3839 3840 1408
f 1408 3840 3841 3842
f 3842 3841 3843 3844
f 1408 3842 3844 3780
f 3780 3844 3845 3781
f 3844 3843 3846 3845
f 3845 3846 3847 3848
f 3781 3845 3848 3783
g interior
f 3849 3850 3851 3852
f 3853 3854 3851 3850
f 3855 3852 3851 3854
g exterior
f 3855 3856 3857 3852
f 3787 3786 3857 3856
f 3783 3848 3857 3786
f 3847 3858 3857 3848
f 3849 3852 3857 3858
g interior
f 3855 3854 3859 3860
f 3853 3861 3859 3854
f 3862 3863 3859 3861
f 3793 3790 3859 3863
f 3789 3860 3859 3790
g exterior
f 3789 3798 3864 3860
f 3787 3856 3864 3798
f 3855 3860 3864 3856
g interior
f 3793 3863 3865 3801
f 3863 3862 3866 3865
f 3801 3865 3866 3802
f 3802 3866 1470 1469
f 1490 1489 3867 3813
f 3813 3867 3868 3821
f 3867 3869 3870 3868
f 3868 3870 3822 3821
g exterior
f 3871 3872 3873 3874
f 3830 3828 3873 3872
f 3827 3874 3873 3828
g interior
f 3827 3826 3875 3874
f 3822 3870 3875 3826
f 3869 3876 3875 3870
f 3877 3878 3875 3876
f 3871 3874 3875 3878
f 3871 3878 3879 3880
f 3877 3881 3879 3878
f 3882 3880 3879 3881
g exterior
f 3882 3883 3884 3880
f 3885 3886 3884 3883
f 3834 3833 3884 3886
f 3830 3872 3884 3833
f 3871 3880 3884 3872
f 3834 3886 3887 3837
f 3886 3885 3888 3887
f 3887 3888 3889 3890
f 3837 3887 3890 3838
f 3838 3890 3891 1460
f 3890 3889 3892 3891
f 3891 3892 3893 1460
f 1460 3893 3894 1461
f 1461 3894 1491 1462
f 1468 1467 3895 3839
f 3839 3895 3896 3897
f 3897 3896 3898 3899
f 3839 3897 3899 3840
f 3840 3899 3900 3841
f 3899 3898 3901 3900
f 3900 3901 3902 3903
f 3841 3900 3903 3843
g interior
f 3904 3905 3906 3907
f 3908 3909 3906 3905
f 3910 3907 3906 3909
g exterior
f 3910 3911 3912 3907
f 3847 3846 3912 3911
f 3843 3903 3912 3846
f 3902 3913 3912 3903
f 3904 3907 3912 3913
g interior
f 3910 3909 3914 3915
f 3908 3916 3914 3909
f 3917 3918 3914 3916
f 3853 3850 3914 3918
f 3849 3915 3914 3850
g exterior
f 3849 3858 3919 3915
f 3847 3911 3919 3858
f 3910 3915 3919 3911
g interior
f 3853 3918 3920 3861
f 3918 3917 1504 3920
f 3861 3920 1504 3862
f 3862 1504 1507 3866
f 3866 1507 1473 1470
f 1489 1488 1519 3867
f 3867 1519 1523 3869
f 3869 1523 3921 3876
f 1523 3922 3923 3921
f 3921 3923 3877 3876
g exterior
f 3924 3925 3926 3927
f 3885 3883 3926 3925
f 3882 3927 3926 3883
g interior
f 3882 3881 3928 3927
f 3877 3923 3928 3881
f 3922 3929 3928 3923
f 3930 3931 3928 3929
f 3924 3927 3928 3931
f 3924 3931 3932 3933
f 3930 3934 3932 3931
f 3935 3933 3932 3934
g exterior
f 3935 3936 3937 3933
f 3938 3939 3937 3936
f 3889 3888 3937 3939
f 3885 3925 3937 3888
f 3924 3933 3937 3925
f 3889 3939 3940 3892
f 3939 3938 3941 3940
f 3940 3941 3942 3943
f 3892 3940 3943 3893
f 3893 3943 3944 3894
f 3943 3942 3945 3944
f 3944 3945 3946 3894
f 3894 3946 1493 1491
f 1464 1503 3947 1465
f 1465 3947 3948 1467
f 1467 3948 3949 3950
f 3950 3949 3951 3952
f 1467 3950 3952 3895
f 3895 3952 3953 3896
f 3952 3951 3954 3953
f 3953 3954 3955 3956
f 3896 3953 3956 3898
g interior
f 3957 3958 3959 3960
f 3961 3962 3959 3958
f 3963 3960 3959 3962
g exterior
f 3963 3964 3965 3960
f 3902 3901 3965 3964
f 3898 3956 3965 3901
f 3955 3966 3965 3956
f 3957 3960 3965 3966
g interior
f 3963 3962 3967 3968
f 3961 3969 3967 3962
f 3970 3971 3967 3969
f 3908 3905 3967 3971
f 3904 3968 3967 3905
g exterior
f 3904 3913 3972 3968
f 3902 3964 3972 3913
f 3963 3968 3972 3964
g interior
f 3908 3971 3973 3916
f 3971 3970 3974 3973
f 3916 3973 3974 3917
f 3917 3974 1505 1504
f 1523 1522 3975 3922
f 3922 3975 3976 3929
f 3975 3977 3978 3976
f 3976 3978 3930 3929
g exterior
f 3979 3980 3981 3982
f 3938 3936 3981 3980
f 3935 3982 3981 3936
g interior
f 3935 3934 3983 3982
f 3930 3978 3983 3934
f 3977 3984 3983 3978
f 3985 3986 3983 3984
f 3979 3982 3983 3986
f 3979 3986 3987 3988
f 3985 3989 3987 3986
f 3990 3988 3987 3989
g exterior
f 3990 3991 3992 3988
f 3993 3994 3992 3991
f 3942 3941 3992 3994
f 3938 3980 3992 3941
f 3979 3988 3992 3980
f 3942 3994 3995 3945
f 3994 3993 3996 3995
f 3995 3996 3997 3998
f 3945 3995 3998 3946
f 3946 3998 3999 1493
f 3998 3997 4000 3999
f 3999 4000 4001 1493
f 1493 4001 4002 1494
f 1494 4002 1524 1495
f 1503 1502 4003 3947
f 3947 4003 4004 4005
f 4005 4004 4006 4007
f 3947 4005 4007 3948
f 3948 4007 4008 3949
f 4007 4006 4009 4008
f 4008 4009 4010 4011
f 3949 4008 4011 3951
g interior
f 4012 4013 4014 4015
f 4016 4017 4014 4013
f 4018 4015 4014 4017
g exterior
f 4018 4019 4020 4015
f 3955 3954 4020 4019
f 3951 4011 4020 3954
f 4010 4021 4020 4011
f 4012 4015 4020 4021
g interior
f 4018 4017 4022 4023
f 4016 4024 4022 4017
f 4025 4026 4022 4024
f 3961 3958 4022 4026
f 3957 4023 4022 3958
g exterior
f 3957 3966 4027 4023
f 3955 4019 4027 3966
f 4018 4023 4027 4019
g interior
f 3961 4026 4028 3969
f 4026 4025 1544 4028
f 3969 4028 1544 3970
f 3970 1544 1547 3974
f 3974 1547 1508 1505
f 1522 1521 1557 3975
f 3975 1557 1561 3977
f 3977 1561 4029 3984
f 1561 4030 4031 4029
f 4029 4031 3985 3984
g exterior
f 4032 4033 4034 4035
f 3993 3991 4034 4033
f 3990 4035 4034 3991
g interior
f 3990 3989 4036 4035
f 3985 4031 4036 3989
f 4030 4037 4036 4031
f 4038 4039 4036 4037
f 4032 4035 4036 4039
f 4032 4039 4040 4041
f 4038 4042 4040 4039
f 4043 4041 4040 4042
g exterior
f 4043 4044 4045 4041
f 4046 4047 4045 4044
f 3997 3996 4045 4047
f 3993 4033 4045 3996
f 4032 4041 4045 4033
f 3997 4047 4048 4000
f 4047 4046 4049 4048
f 4048 4049 4050 4051
f 4000 4048 4051 4001
f 4001 4051 4052 4002
f 4051 4050 4053 4052
f 4052 4053 4054 4002
f 4002 4054 1526 1524
f 1499 1543 4055 1500
f 1500 4055 4056 1502
f 1502 4056 4057 4058
f 4058 4057 4059 4060
f 1502 4058 4060 4003
f 4003 4060 4061 4004
f 4060 4059 4062 4061
f 4061 4062 4063 4064
f 4004 4061 4064 4006
g interior
f 4065 4066 4067 4068
f 4069 4070 4067 4066
f 4071 4068 4067 4070
g exterior
f 4071 4072 4073 4068
f 4010 4009 4073 4072
f 4006 4064 4073 4009
f 4063 4074 4073 4064
f 4065 4068 4073 4074
g interior
f 4071 4070 4075 4076
f 4069 4077 4075 4070
f 4078 4079 4075 4077
f 4016 4013 4075 4079
f 4012 4076 4075 4013
g exterior
f 4012 4021 4080 4076
f 4010 4072 4080 4021
f 4071 4076 4080 4072
g interior
f 4016 4079 4081 4024
f 4079 4078 4082 4081
f 4024 4081 4082 4025
f 4025 4082 1545 1544
f 1561 1560 4083 4030
f 4030 4083 4084 4037
f 4083 4085 4086 4084
f 4084 4086 4038 4037
g exterior
f 4087 4088 4089 4090
f 4046 4044 4089 4088
f 4043 4090 4089 4044
g interior
f 4043 4042 4091 4090
f 4038 4086 4091 4042
f 4085 4092 4091 4086
f 4093 4094 4091 4092
f 4087 4090 4091 4094
f 4087 4094 4095 4096
f 4093 4097 4095 4094
f 4098 4096 4095 4097
g exterior
f 4098 4099 4100 4096
f 4101 4102 4100 4099
f 4050 4049 4100 4102
f 4046 4088 4100 4049
f 4087 4096 4100 4088
f 4050 4102 4103 4053
f 4102 4101 4104 4103
f 4103 4104 4105 4106
f 4053 4103 4106 4054
f 4054 4106 4107 1526
f 4106 4105 4108 4107
f 4107 4108 4109 1526
f 1526 4109 4110 1527
f 1527 4110 1562 1528
f 1543 1542 4111 4055
f 4055 4111 4112 4113
f 4113 4112 4114 4115
f 4055 4113 4115 4056
f 4056 4115 4116 4057
f 4115 4114 4117 4116
f 4116 4117 4118 4119
f 4057 4116 4119 4059
g interior
f 4120 4121 4122 4123
f 4124 4125 4122 4121
f 4126 4123 4122 4125
g exterior
f 4126 4127 4128 4123
f 4063 4062 4128 4127
f 4059 4119 4128 4062
f 4118 4129 4128 4119
f 4120 4123 4128 4129
g interior
f 4126 4125 4130 4131
f 4124 4132 4130 4125
f 4133 4134 4130 4132
f 4069 4066 4130 4134
f 4065 4131 4130 4066
g exterior
f 4065 4074 4135 4131
f 4063 4127 4135 4074
f 4126 4131 4135 4127
g interior
f 4069 4134 4136 4077
f 4134 4133 1582 4136
f 4077 4136 1582 4078
f 4078 1582 1585 4082
f 4082 1585 1548 1545
f 1560 1559 1597 4083
f 4083 1597 1601 4085
f 4085 1601 4137 4092
f 1601 4138 4139 4137
f 4137 4139 4093 4092
g exterior
f 4140 4141 4142 4143
f 4101 4099 4142 4141
f 4098 4143 4142 4099
g interior
f 4098 4097 4144 4143
f 4093 4139 4144 4097
f 4138 4145 4144 4139
f 4146 4147 4144 4145
f 4140 4143 4144 4147
f 4140 4147 4148 4149
f 4146 4150 4148 4147
f 4151 4149 4148 4150
g exterior
f 4151 4152 4153 4149
f 4154 4155 4153 4152
f 4105 4104 4153 4155
f 4101 4141 4153 4104
f 4140 4149 4153 4141
f 4105 4155 4156 4108
f 4155 4154 4157 4156
f 4156 4157 4158 4159
f 4108 4156 4159 4109
f 4109 4159 4160 4110
f 4159 4158 4161 4160
f 4160 4161 4162 4110
f 4110 4162 1564 1562
f 1535 1581 4163 1538
f 1538 4163 4164 1539
f 1539 4164 4165 1540
f 1540 4165 4166 1542
f 1542 4166 4167 4168
f 4168 4167 4169 4170
f 1542 4168 4170 4111
f 4111 4170 4171 4112
f 4170 4169 4172 4171
f 4171 4172 4173 4174
f 4112 4171 4174 4114
f 4175 4176 4177 4178
f 4173 4179 4177 4176
f 4180 4181 4177 4179
f 4182 4178 4177 4181
g interior
f 4180 4183 4184 4181
f 4185 4186 4184 4183
f 4187 4188 4184 4186
f 4182 4181 4184 4188
f 4187 4189 4190 4188
f 4191 4192 4190 4189
f 4182 4188 4190 4192
g exterior
f 4191 4193 4194 4192
f 4118 4117 4194 4193
f 4114 4195 4194 4117
f 4175 4178 4194 4195
f 4182 4192 4194 4178
g interior
f 4191 4196 4197 4198
f 4185 4199 4197 4196
f 4200 4201 4197 4199
f 4124 4121 4197 4201
f 4120 4198 4197 4121
g exterior
f 4120 4129 4202 4198
f 4118 4193 4202 4129
f 4191 4198 4202 4193
g interior
f 4124 4201 4203 4132
f 4201 4200 4204 4203
f 4132 4203 4204 4133
f 4133 4204 1583 1582
f 1601 1600 4205 4138
f 4138 4205 4206 4145
f 4205 4207 4208 4206
f 4206 4208 4146 4145
g exterior
f 4209 4210 4211 4212
f 4154 4152 4211 4210
f 4151 4212 4211 4152
g interior
f 4151 4150 4213 4212
f 4146 4208 4213 4150
f 4207 4214 4213 4208
f 4215 4216 4213 4214
f 4209 4212 4213 4216
f 4209 4216 4217 4218
f 4215 4219 4217 4216
f 4220 4221 4217 4219
f 4222 4218 4217 4221
f 4220 4223 4224 4221
f 4225 4226 4224 4223
f 4222 4221 4224 4226
g exterior
f 4225 4227 4228 4226
f 4229 4230 4228 4227
f 4231 4232 4228 4230
f 4222 4226 4228 4232
f 4231 4233 4234 4232
f 4158 4157 4234 4233
f 4154 4210 4234 4157
f 4209 4218 4234 4210
f 4222 4232 4234 4218
f 4158 4235 4236 4161
f 4235 4229 4237 4236
f 4236 4237 4238 4239
f 4161 4236 4239 4162
f 4162 4239 4240 1564
f 4239 4238 4241 4240
f 4240 4241 4242 1564
f 1564 4242 4243 1565
f 1565 4243 4244 1566
f 1566 4244 4245 1567
f 1567 4245 1602 1569
f 1581 1580 4246 4163
f 4163 4246 4247 4248
f 4248 4247 4249 4250
f 4163 4248 4250 4164
f 4164 4250 4251 4165
f 4250 4249 4252 4251
f 4251 4252 4253 4165
f 4165 4253 4254 4255
f 4255 4254 4256 4257
f 4165 4255 4257 4166
g interior
f 4258 4259 4260 4261
f 4262 4263 4260 4259
f 4264 4261 4260 4263
g exterior
f 4264 4265 4266 4261
f 4169 4167 4266 4265
f 4166 4257 4266 4167
f 4256 4267 4266 4257
f 4258 4261 4266 4267
g interior
f 4264 4263 4268 4269
f 4262 4270 4268 4263
f 4271 4272 4268 4270
f 4273 4269 4268 4272
g exterior
f 4273 4274 4275 4269
f 4173 4172 4275 4274
f 4169 4265 4275 4172
f 4264 4269 4275 4265
g interior
f 4273 4272 4276 4277
f 4271 4278 4276 4272
f 4279 4280 4276 4278
f 4185 4183 4276 4280
f 4180 4277 4276 4183
g exterior
f 4180 4179 4281 4277
f 4173 4274 4281 4179
f 4273 4277 4281 4274
g interior
f 4185 4280 4282 4199
f 4280 4279 1613 4282
f 4199 4282 1613 4200
f 4200 1613 1616 4204
f 4204 1616 1586 1583
f 1600 1599 1626 4205
f 4205 1626 1630 4207
f 4207 1630 4283 4214
f 1630 4284 4285 4283
f 4283 4285 4215 4214
g exterior
f 4286 4287 4288 4289
f 4229 4227 4288 4287
f 4225 4289 4288 4227
g interior
f 4225 4290 4291 4289
f 4215 4285 4291 4290
f 4284 4292 4291 4285
f 4293 4294 4291 4292
f 4286 4289 4291 4294
f 4286 4294 4295 4296
f 4293 4297 4295 4294
f 4298 4299 4295 4297
f 4300 4296 4295 4299
g exterior
f 4300 4301 4302 4296
f 4238 4237 4302 4301
f 4229 4287 4302 4237
f 4286 4296 4302 4287
g interior
f 4300 4299 4303 4304
f 4298 4305 4303 4299
f 4306 4304 4303 4305
g exterior
f 4306 4307 4308 4304
f 4309 4310 4308 4307
f 4242 4241 4308 4310
f 4238 4301 4308 4241
f 4300 4304 4308 4301
f 4242 4310 4311 4243
f 4310 4309 4312 4311
f 4311 4312 4313 4243
f 4243 4313 4314 4315
f 4315 4314 4316 4317
f 4243 4315 4317 4244
f 4244 4317 4318 4245
f 4317 4316 4319 4318
f 4318 4319 4320 4245
f 4245 4320 1604 1602
f 1576 1612 4321 1579
f 1579 4321 4322 1580
f 1580 4322 4323 4324
f 4324 4323 4325 4326
f 1580 4324 4326 4246
f 4246 4326 4327 4247
f 4326 4325 4328 4327
f 4327 4328 4329 4330
f 4247 4327 4330 4249
g interior
f 4331 4332 4333 4334
f 4335 4336 4333 4332
f 4337 4334 4333 4336
g exterior
f 4337 4338 4339 4334
f 4253 4252 4339 4338
f 4249 4330 4339 4252
f 4329 4340 4339 4330
f 4331 4334 4339 4340
g interior
f 4337 4336 4341 4342
f 4335 4343 4341 4336
f 4344 4345 4341 4343
f 4346 4342 4341 4345
g exterior
f 4346 4347 4348 4342
f 4256 4254 4348 4347
f 4253 4338 4348 4254
f 4337 4342 4348 4338
g interior
f 4346 4345 4349 4350
f 4344 4351 4349 4345
f 4352 4353 4349 4351
f 4262 4259 4349 4353
f 4258 4350 4349 4259
g exterior
f 4258 4267 4354 4350
f 4256 4347 4354 4267
f 4346 4350 4354 4347
g interior
f 4262 4353 4355 4270
f 4353 4352 4356 4355
f 4355 4356 4357 4358
f 4270 4355 4358 4271
f 4271 4358 4359 4278
f 4358 4357 4360 4359
f 4278 4359 4360 4279
f 4279 4360 1614 1613
f 1630 1629 4361 4284
f 4284 4361 4362 4292
f 4361 4363 4364 4362
f 4362 4364 4293 4292
f 4293 4364 4365 4297
f 4364 4363 4366 4365
f 4365 4366 4367 4368
f 4297 4365 4368 4298
g exterior
f 4369 4370 4371 4372
f 4309 4307 4371 4370
f 4306 4372 4371 4307
g interior
f 4306 4305 4373 4372
f 4298 4368 4373 4305
f 4367 4374 4373 4368
f 4375 4376 4373 4374
f 4369 4372 4373 4376
f 4369 4376 4377 4378
f 4375 4379 4377 4376
f 4380 4381 4377 4379
f 4382 4378 4377 4381
g exterior
f 4382 4383 4384 4378
f 4313 4312 4384 4383
f 4309 4370 4384 4312
f 4369 4378 4384 4370
g interior
f 4382 4381 4385 4386
f 4380 4387 4385 4381
f 4388 4386 4385 4387
g exterior
f 4388 4389 4390 4386
f 4391 4392 4390 4389
f 4316 4314 4390 4392
f 4313 4383 4390 4314
f 4382 4386 4390 4383
f 4316 4392 4393 4319
f 4392 4391 4394 4393
f 4393 4394 4395 4396
f 4319 4393 4396 4320
f 4320 4396 4397 1604
f 4396 4395 4398 4397
f 4397 4398 4399 1604
f 1604 4399 4400 1605
f 1605 4400 1631 1606
f 1612 1611 4401 4321
f 4321 4401 4402 4403
f 4403 4402 4404 4405
f 4321 4403 4405 4322
g interior
f 4406 4407 4408 4409
f 4410 4411 4408 4407
f 4412 4409 4408 4411
g exterior
f 4412 4413 4414 4409
f 4325 4323 4414 4413
f 4322 4405 4414 4323
f 4404 4415 4414 4405
f 4406 4409 4414 4415
g interior
f 4412 4411 4416 4417
f 4410 4418 4416 4411
f 4419 4420 4416 4418
f 4421 4417 4416 4420
g exterior
f 4421 4422 4423 4417
f 4329 4328 4423 4422
f 4325 4413 4423 4328
f 4412 4417 4423 4413
g interior
f 4421 4420 4424 4425
f 4419 4426 4424 4420
f 4427 4428 4424 4426
f 4335 4332 4424 4428
f 4331 4425 4424 4332
g exterior
f 4331 4340 4429 4425
f 4329 4422 4429 4340
f 4421 4425 4429 4422
g interior
f 4335 4428 4430 4343
f 4428 4427 1640 4430
f 4343 4430 1640 4344
f 4344 1640 4431 4351
f 1640 1643 4432 4431
f 4431 4432 4352 4351
f 4352 4432 4433 4356
f 4432 1643 1646 4433
f 4356 4433 1646 4357
f 4357 1646 1648 4360
f 4360 1648 1617 1614
f 1629 1628 1658 4361
f 4361 1658 1660 4363
f 4363 1660 4434 4366
f 1660 1662 4435 4434
f 4434 4435 4367 4366
f 4367 4435 4436 4374
f 4435 1662 1665 4436
f 4374 4436 1665 4375
f 4375 1665 4437 4379
f 1665 4438 4439 4437
f 4437 4439 4380 4379
g exterior
f 4440 4441 4442 4443
f 4391 4389 4442 4441
f 4388 4443 4442 4389
g interior
f 4388 4387 4444 4443
f 4380 4439 4444 4387
f 4438 4445 4444 4439
f 4446 4447 4444 4445
f 4440 4443 4444 4447
f 4440 4447 4448 4449
f 4446 4450 4448 4447
f 4451 4452 4448 4450
f 4453 4449 4448 4452
g exterior
f 4453 4454 4455 4449
f 4395 4394 4455 4454
f 4391 4441 4455 4394
f 4440 4449 4455 4441
g interior
f 4453 4452 4456 4457
f 4451 4458 4456 4452
f 4459 4457 4456 4458
g exterior
f 4459 4460 4461 4457
f 4462 4463 4461 4460
f 4399 4398 4461 4463
f 4395 4454 4461 4398
f 4453 4457 4461 4454
f 4399 4463 4464 4400
f 4463 4462 4465 4464
f 4464 4465 4466 4400
f 4400 4466 1633 1631
f 1611 1639 4467 4468
f 4468 4467 4469 4470
f 1611 4468 4470 4401
f 4471 4472 4473 4474
f 4469 4475 4473 4472
f 4476 4477 4473 4475
f 4478 4474 4473 4477
g interior
f 4476 4479 4480 4477
f 4481 4482 4480 4479
f 4483 4484 4480 4482
f 4478 4477 4480 4484
g exterior
f 4483 4485 4486 4484
f 4404 4487 4486 4485
f 4488 4489 4486 4487
f 4478 4484 4486 4489
f 4488 4490 4491 4489
f 4401 4492 4491 4490
f 4471 4474 4491 4492
f 4478 4489 4491 4474
g interior
f 4483 4482 4493 4494
f 4481 4495 4493 4482
f 4496 4497 4493 4495
f 4410 4407 4493 4497
f 4406 4494 4493 4407
g exterior
f 4406 4415 4498 4494
f 4404 4485 4498 4415
f 4483 4494 4498 4485
g interior
f 4410 4497 4499 4418
f 4497 4496 4500 4499
f 4499 4500 4501 4502
f 4418 4499 4502 4419
f 4419 4502 4503 4426
f 4502 4501 4504 4503
f 4426 4503 4504 4427
f 4427 4504 1641 1640
f 1665 1664 4505 4438
f 4438 4505 4506 4445
f 4505 4507 4508 4506
f 4506 4508 4446 4445
f 4446 4508 4509 4450
f 4508 4507 4510 4509
f 4509 4510 4511 4512
f 4450 4509 4512 4451
g exterior
f 4513 4514 4515 4516
f 4462 4460 4515 4514
f 4459 4516 4515 4460
g interior
f 4459 4458 4517 4516
f 4451 4512 4517 4458
f 4511 4518 4517 4512
f 4519 4520 4517 4518
f 4513 4516 4517 4520
f 4513 4520 4521 4522
f 4519 4523 4521 4520
f 4524 4525 4521 4523
f 4526 4522 4521 4525
g exterior
f 4524 4527 4528 4525
f 4529 4530 4528 4527
f 4531 4532 4528 4530
f 4526 4525 4528 4532
f 4531 4533 4534 4532
f 4466 4535 4534 4533
f 4536 4537 4534 4535
f 4526 4532 4534 4537
f 4536 4538 4539 4537
f 4462 4514 4539 4538
f 4513 4522 4539 4514
f 4526 4537 4539 4522
f 4466 4540 4541 1633
f 4540 4529 4542 4541
f 4541 4542 1666 1633
f 1639 1638 4543 4467
f 1638 4544 4545 4543
f 4543 4545 4469 4467
g interior
f 4546 4547 4548 4549
f 4550 4551 4548 4547
f 4481 4479 4548 4551
f 4476 4549 4548 4479
g exterior
f 4476 4475 4552 4549
f 4469 4545 4552 4475
f 4544 4553 4552 4545
f 4546 4549 4552 4553
g interior
f 4481 4551 4554 4495
f 4551 4550 4555 4554
f 4554 4555 4556 4557
f 4495 4554 4557 4496
f 4496 4557 4558 4500
f 4557 4556 1677 4558
f 4500 4558 1677 4501
f 4501 1677 1680 4504
f 4504 1680 1644 1641
f 1664 1663 1683 4505
f 4505 1683 1686 4507
f 4507 1686 4559 4510
f 1686 4560 4561 4559
f 4559 4561 4511 4510
f 4511 4561 4562 4518
f 4561 4560 4563 4562
f 4562 4563 4564 4565
f 4518 4562 4565 4519
g exterior
f 4566 4567 4568 4569
f 4570 4571 4568 4567
f 4529 4527 4568 4571
f 4524 4569 4568 4527
g interior
f 4524 4523 4572 4569
f 4519 4565 4572 4523
f 4564 4573 4572 4565
f 4566 4569 4572 4573
g exterior
f 4529 4571 4574 4542
f 4571 4570 1668 4574
f 4542 4574 1668 1666
f 1635 1676 4575 1636
f 1636 4575 4576 1638
f 1638 4576 4577 4578
f 4578 4577 4579 4580
f 1638 4578 4580 4544
g interior
f 4581 4582 4583 4584
f 4585 4586 4583 4582
f 4550 4547 4583 4586
f 4546 4584 4583 4547
g exterior
f 4546 4553 4587 4584
f 4544 4580 4587 4553
f 4579 4588 4587 4580
f 4581 4584 4587 4588
g interior
f 4550 4586 4589 4555
f 4586 4585 4590 4589
f 4555 4589 4590 4556
f 4556 4590 1678 1677
f 1686 1685 4591 4560
f 4560 4591 4592 4563
f 4591 4593 4594 4592
f 4592 4594 4564 4563
g exterior
f 4595 4596 4597 4598
f 4599 4600 4597 4596
f 4570 4567 4597 4600
f 4566 4598 4597 4567
g interior
f 4566 4573 4601 4598
f 4564 4594 4601 4573
f 4593 4602 4601 4594
f 4595 4598 4601 4602
g exterior
f 4570 4600 4603 1668
f 4600 4599 4604 4603
f 4603 4604 4605 1668
f 1668 4605 4606 1669
f 1669 4606 1687 1670
f 1676 1675 4607 4575
f 4575 4607 4608 4609
f 4609 4608 4610 4611
f 4575 4609 4611 4576
f 4576 4611 4612 4577
f 4611 4610 4613 4612
f 4612 4613 4614 4615
f 4577 4612 4615 4579
g interior
f 4616 4617 4618 4619
f 4620 4621 4618 4617
f 4585 4582 4618 4621
f 4581 4619 4618 4582
g exterior
f 4581 4588 4622 4619
f 4579 4615 4622 4588
f 4614 4623 4622 4615
f 4616 4619 4622 4623
g interior
f 4585 4621 4624 4590
f 4621 4620 4625 4624
f 4624 4625 4626 4590
f 4590 4626 1681 1678
f 1685 1684 4627 4591
f 4591 4627 4628 4629
f 4629 4628 4630 4631
f 4591 4629 4631 4593
g exterior
f 4632 4633 4634 4635
f 4636 4637 4634 4633
f 4599 4596 4634 4637
f 4595 4635 4634 4596
g interior
f 4595 4602 4638 4635
f 4593 4631 4638 4602
f 4630 4639 4638 4631
f 4632 4635 4638 4639
g exterior
f 4599 4637 4640 4604
f 4637 4636 4641 4640
f 4640 4641 4642 4643
f 4604 4640 4643 4605
f 4605 4643 4644 4606
f 4643 4642 4645 4644
f 4644 4645 4646 4606
f 4606 4646 1689 1687
f 1675 1695 4647 4607
f 4607 4647 4648 4608
f 4647 4649 4650 4648
f 4648 4650 4610 4608
g interior
f 4651 4652 4653 4654
f 4655 4656 4653 4652
f 4657 4654 4653 4656
g exterior
f 4657 4658 4659 4654
f 4614 4613 4659 4658
f 4610 4650 4659 4613
f 4649 4660 4659 4650
f 4651 4654 4659 4660
g interior
f 4657 4656 4661 4662
f 4655 4663 4661 4656
f 4664 4665 4661 4663
f 4620 4617 4661 4665
f 4616 4662 4661 4617
g exterior
f 4616 4623 4666 4662
f 4614 4658 4666 4623
f 4657 4662 4666 4658
g interior
f 4620 4665 4667 4625
f 4665 4664 4668 4667
f 4625 4667 4668 4626
f 4626 4668 1696 1681
f 1684 1703 4669 4627
f 4627 4669 4670 4628
f 4669 4671 4672 4670
f 4670 4672 4630 4628
g exterior
f 4673 4674 4675 4676
f 4636 4633 4675 4674
f 4632 4676 4675 4633
g interior
f 4632 4639 4677 4676
f 4630 4672 4677 4639
f 4671 4678 4677 4672
f 4679 4680 4677 4678
f 4673 4676 4677 4680
f 4673 4680 4681 4682
f 4679 4683 4681 4680
f 4684 4682 4681 4683
g exterior
f 4684 4685 4686 4682
f 4687 4688 4686 4685
f 4642 4641 4686 4688
f 4636 4674 4686 4641
f 4673 4682 4686 4674
f 4642 4688 4689 4645
f 4688 4687 4690 4689
f 4645 4689 4690 4646
f 4646 4690 1704 1689
f 1695 1694 4691 4647
f 4647 4691 4692 4693
f 4693 4692 4694 4695
f 4647 4693 4695 4649
g interior
f 4696 4697 4698 4699
f 4700 4701 4698 4697
f 4655 4652 4698 4701
f 4651 4699 4698 4652
g exterior
f 4651 4660 4702 4699
f 4649 4695 4702 4660
f 4694 4703 4702 4695
f 4696 4699 4702 4703
g interior
f 4655 4701 4704 4663
f 4701 4700 1713 4704
f 4663 4704 1713 4664
f 4664 1713 1716 4668
f 4668 1716 1698 1696
f 1703 1702 1726 4669
f 4669 1726 1730 4671
f 4671 1730 4705 4678
f 1730 4706 4707 4705
f 4705 4707 4679 4678
g exterior
f 4708 4709 4710 4711
f 4712 4713 4710 4709
f 4687 4685 4710 4713
f 4684 4711 4710 4685
g interior
f 4684 4683 4714 4711
f 4679 4707 4714 4683
f 4706 4715 4714 4707
f 4708 4711 4714 4715
g exterior
f 4687 4713 4716 4690
f 4713 4712 4717 4716
f 4716 4717 4718 4690
f 4690 4718 1706 1704
f 1694 1712 4719 4691
f 4691 4719 4720 4692
f 4719 4721 4722 4720
f 4720 4722 4694 4692
g interior
f 4723 4724 4725 4726
f 4727 4728 4725 4724
f 4700 4697 4725 4728
f 4696 4726 4725 4697
g exterior
f 4696 4703 4729 4726
f 4694 4722 4729 4703
f 4721 4730 4729 4722
f 4723 4726 4729 4730
g interior
f 4700 4728 4731 1713
f 4728 4727 4732 4731
f 4731 4732 1714 1713
f 1730 1729 4733 4734
f 4734 4733 4735 4736
f 1730 4734 4736 4706
g exterior
f 4737 4738 4739 4740
f 4741 4742 4739 4738
f 4712 4709 4739 4742
f 4708 4740 4739 4709
g interior
f 4708 4715 4743 4740
f 4706 4736 4743 4715
f 4735 4744 4743 4736
f 4737 4740 4743 4744
g exterior
f 4712 4742 4745 4717
f 4742 4741 4746 4745
f 4717 4745 4746 4718
f 4718 4746 1731 1706
f 1712 1711 4747 4719
f 4719 4747 4748 4749
f 4749 4748 4750 4751
f 4719 4749 4751 4721
g interior
f 4752 4753 4754 4755
f 4756 4757 4754 4753
f 4727 4724 4754 4757
f 4723 4755 4754 4724
g exterior
f 4723 4730 4758 4755
f 4721 4751 4758 4730
f 4750 4759 4758 4751
f 4752 4755 4758 4759
g interior
f 4727 4757 4760 4732
f 4757 4756 1717 4760
f 4732 4760 1717 1714
f 1729 1728 4761 4733
f 1728 4762 4763 4761
f 4761 4763 4735 4733
g exterior
f 4764 4765 4766 4767
f 4768 4769 4766 4765
f 4741 4738 4766 4769
f 4737 4767 4766 4738
g interior
f 4737 4744 4770 4767
f 4735 4763 4770 4744
f 4762 4771 4770 4763
f 4764 4767 4770 4771
g exterior
f 4741 4769 4772 4746
f 4769 4768 4773 4772
f 4772 4773 4774 4746
f 4746 4774 1733 1731
f 1711 1743 4775 4776
f 4776 4775 4777 4778
f 1711 4776 4778 4747
g interior
f 4779 4780 4781 4782
f 4783 4784 4781 4780
f 4785 4782 4781 4784
g exterior
f 4785 4786 4787 4782
f 4750 4748 4787 4786
f 4747 4778 4787 4748
f 4777 4788 4787 4778
f 4779 4782 4787 4788
g interior
f 4785 4784 4789 4790
f 4783 4791 4789 4784
f 4792 4793 4789 4791
f 4756 4753 4789 4793
f 4752 4790 4789 4753
g exterior
f 4752 4759 4794 4790
f 4750 4786 4794 4759
f 4785 4790 4794 4786
g interior
f 4756 4793 4795 1717
f 4793 4792 4796 4795
f 4795 4796 1744 1717
f 1728 1751 4797 4798
f 4798 4797 4799 4800
f 1728 4798 4800 4762
g exterior
f 4801 4802 4803 4804
f 4768 4765 4803 4802
f 4764 4804 4803 4765
g interior
f 4764 4771 4805 4804
f 4762 4800 4805 4771
f 4799 4806 4805 4800
f 4807 4808 4805 4806
f 4801 4804 4805 4808
f 4801 4808 4809 4810
f 4807 4811 4809 4808
f 4812 4810 4809 4811
g exterior
f 4812 4813 4814 4810
f 4815 4816 4814 4813
f 4774 4773 4814 4816
f 4768 4802 4814 4773
f 4801 4810 4814 4802
f 4774 4816 4817 1733
f 4816 4815 4818 4817
f 4817 4818 1752 1733
f 1743 1742 4819 4775
f 1742 4820 4821 4819
f 4819 4821 4777 4775
f 4822 4823 4824 4825
f 4820 4826 4824 4823
f 4827 4828 4824 4826
f 4829 4825 4824 4828
g interior
f 4827 4830 4831 4828
f 4832 4833 4831 4830
f 4834 4835 4831 4833
f 4829 4828 4831 4835
f 4834 4836 4837 4835
f 4783 4780 4837 4836
f 4779 4838 4837 4780
f 4829 4835 4837 4838
g exterior
f 4779 4788 4839 4838
f 4777 4840 4839 4788
f 4822 4825 4839 4840
f 4829 4838 4839 4825
g interior
f 4783 4841 4842 4791
f 4841 4832 4843 4842
f 4842 4843 4844 4845
f 4791 4842 4845 4792
f 4792 4845 4846 4796
f 4845 4844 1746 4846
f 4796 4846 1746 1744
f 1751 1750 4847 4797
f 1750 4848 4849 4847
f 4847 4849 4799 4797
f 4799 4849 4850 4806
f 4849 4848 4851 4850
f 4850 4851 4852 4853
f 4806 4850 4853 4807
f 4854 4855 4856 4857
f 4852 4858 4856 4855
f 4859 4860 4856 4858
f 4861 4857 4856 4860
g exterior
f 4859 4862 4863 4860
f 4864 4865 4863 4862
f 4866 4867 4863 4865
f 4861 4860 4863 4867
f 4866 4868 4869 4867
f 4815 4813 4869 4868
f 4812 4870 4869 4813
f 4861 4867 4869 4870
g interior
f 4812 4811 4871 4870
f 4807 4872 4871 4811
f 4854 4857 4871 4872
f 4861 4870 4871 4857
g exterior
f 4815 4873 4874 4818
f 4873 4864 1754 4874
f 4818 4874 1754 1752
f 1738 1762 4875 1741
f 1741 4875 4876 1742
f 1742 4876 4877 4878
f 4878 4877 4879 4880
f 1742 4878 4880 4820
g interior
f 4881 4882 4883 4884
f 4885 4886 4883 4882
f 4832 4830 4883 4886
f 4827 4884 4883 4830
g exterior
f 4827 4826 4887 4884
f 4820 4880 4887 4826
f 4879 4888 4887 4880
f 4881 4884 4887 4888
g interior
f 4832 4886 4889 4843
f 4886 4885 4890 4889
f 4843 4889 4890 4844
f 4844 4890 1763 1746
f 1750 1772 4891 4848
f 4848 4891 4892 4851
f 4891 4893 4894 4892
f 4892 4894 4852 4851
g exterior
f 4895 4896 4897 4898
f 4899 4900 4897 4896
f 4864 4862 4897 4900
f 4859 4898 4897 4862
g interior
f 4859 4858 4901 4898
f 4852 4894 4901 4858
f 4893 4902 4901 4894
f 4895 4898 4901 4902
g exterior
f 4864 4900 4903 1754
f 4900 4899 4904 4903
f 4903 4904 4905 1754
f 1754 4905 4906 1755
f 1755 4906 1773 1756
f 1762 1761 4907 4875
f 4875 4907 4908 4909
f 4909 4908 4910 4911
f 4875 4909 4911 4876
g interior
f 4912 4913 4914 4915
f 4916 4917 4914 4913
f 4918 4915 4914 4917
g exterior
f 4918 4919 4920 4915
f 4879 4877 4920 4919
f 4876 4911 4920 4877
f 4910 4921 4920 4911
f 4912 4915 4920 4921
g interior
f 4918 4917 4922 4923
f 4916 4924 4922 4917
f 4925 4926 4922 4924
f 4885 4882 4922 4926
f 4881 4923 4922 4882
g exterior
f 4881 4888 4927 4923
f 4879 4919 4927 4888
f 4918 4923 4927 4919
g interior
f 4885 4926 4928 4890
f 4926 4925 4929 4928
f 4928 4929 4930 4890
f 4890 4930 1765 1763
f 1772 1771 4931 4891
f 4891 4931 4932 4933
f 4933 4932 4934 4935
f 4891 4933 4935 4893
g exterior
f 4936 4937 4938 4939
f 4899 4896 4938 4937
f 4895 4939 4938 4896
g interior
f 4895 4902 4940 4939
f 4893 4935 4940 4902
f 4934 4941 4940 4935
f 4942 4943 4940 4941
f 4936 4939 4940 4943
f 4936 4943 4944 4945
f 4942 4946 4944 4943
f 4947 4945 4944 4946
g exterior
f 4947 4948 4949 4945
f 4950 4951 4949 4948
f 4905 4904 4949 4951
f 4899 4937 4949 4904
f 4936 4945 4949 4937
f 4905 4951 4952 4906
f 4951 4950 4953 4952
f 4952 4953 4954 4906
f 4906 4954 1775 1773
f 1761 1781 4955 4956
f 4956 4955 4957 4958
f 1761 4956 4958 4907
f 4907 4958 4959 4908
f 4958 4957 4960 4959
f 4959 4960 4961 4962
f 4908 4959 4962 4910
g interior
f 4963 4964 4965 4966
f 4967 4968 4965 4964
f 4916 4913 4965 4968
f 4912 4966 4965 4913
g exterior
f 4912 4921 4969 4966
f 4910 4962 4969 4921
f 4961 4970 4969 4962
f 4963 4966 4969 4970
g interior
f 4916 4968 4971 4924
f 4968 4967 4972 4971
f 4971 4972 4973 4974
f 4924 4971 4974 4925
f 4925 4974 4975 4929
f 4974 4973 4976 4975
f 4929 4975 4976 4930
f 4930 4976 1782 1765
f 1771 1789 4977 4931
f 4931 4977 4978 4932
f 4977 4979 4980 4978
f 4978 4980 4934 4932
f 4934 4980 4981 4941
f 4980 4979 4982 4981
f 4981 4982 4983 4984
f 4941 4981 4984 4942
g exterior
f 4985 4986 4987 4988
f 4989 4990 4987 4986
f 4950 4948 4987 4990
f 4947 4988 4987 4948
g interior
f 4947 4946 4991 4988
f 4942 4984 4991 4946
f 4983 4992 4991 4984
f 4985 4988 4991 4992
g exterior
f 4950 4990 4993 4953
f 4990 4989 4994 4993
f 4993 4994 4995 4996
f 4953 4993 4996 4954
f 4954 4996 4997 1775
f 4996 4995 4998 4997
f 4997 4998 1790 1775
f 1781 1780 4999 4955
f 1780 5000 5001 4999
f 4999 5001 4957 4955
g interior
f 5002 5003 5004 5005
f 5006 5007 5004 5003
f 5008 5005 5004 5007
g exterior
f 5008 5009 5010 5005
f 4961 4960 5010 5009
f 4957 5001 5010 4960
f 5000 5011 5010 5001
f 5002 5005 5010 5011
g interior
f 5008 5007 5012 5013
f 5006 5014 5012 5007
f 5015 5016 5012 5014
f 4967 4964 5012 5016
f 4963 5013 5012 4964
g exterior
f 4963 4970 5017 5013
f 4961 5009 5017 4970
f 5008 5013 5017 5009
g interior
f 4967 5016 5018 4972
f 5016 5015 1801 5018
f 4972 5018 1801 4973
f 4973 1801 1804 4976
f 4976 1804 1784 1782
f 1789 1788 1807 4977
f 4977 1807 1810 4979
f 4979 1810 5019 4982
f 1810 5020 5021 5019
f 5019 5021 4983 4982
g exterior
f 5022 5023 5024 5025
f 4989 4986 5024 5023
f 4985 5025 5024 4986
g interior
f 4985 4992 5026 5025
f 4983 5021 5026 4992
f 5020 5027 5026 5021
f 5028 5029 5026 5027
f 5022 5025 5026 5029
f 5022 5029 5030 5031
f 5028 5032 5030 5029
f 5033 5031 5030 5032
g exterior
f 5033 5034 5035 5031
f 5036 5037 5035 5034
f 4995 4994 5035 5037
f 4989 5023 5035 4994
f 5022 5031 5035 5023
f 4995 5037 5038 4998
f 5037 5036 1792 5038
f 4998 5038 1792 1790
f 1777 1800 5039 1778
f 1778 5039 5040 1780
f 1780 5040 5041 5042
f 5042 5041 5043 5044
f 1780 5042 5044 5000
g interior
f 5045 5046 5047 5048
f 5049 5050 5047 5046
f 5006 5003 5047 5050
f 5002 5048 5047 5003
g exterior
f 5002 5011 5051 5048
f 5000 5044 5051 5011
f 5043 5052 5051 5044
f 5045 5048 5051 5052
g interior
f 5006 5050 5053 5014
f 5050 5049 5054 5053
f 5014 5053 5054 5015
f 5015 5054 1802 1801
f 1810 1809 5055 5020
f 5020 5055 5056 5027
f 5055 5057 5058 5056
f 5056 5058 5028 5027
g exterior
f 5059 5060 5061 5062
f 5063 5064 5061 5060
f 5036 5034 5061 5064
f 5033 5062 5061 5034
g interior
f 5033 5032 5065 5062
f 5028 5058 5065 5032
f 5057 5066 5065 5058
f 5059 5062 5065 5066
g exterior
f 5036 5064 5067 1792
f 5064 5063 5068 5067
f 5067 5068 5069 1792
f 1792 5069 5070 1793
f 1793 5070 1811 1794
f 1800 1799 5071 5039
f 5039 5071 5072 5073
f 5073 5072 5074 5075
f 5039 5073 5075 5040
g interior
f 5076 5077 5078 5079
f 5080 5081 5078 5077
f 5082 5079 5078 5081
g exterior
f 5082 5083 5084 5079
f 5043 5041 5084 5083
f 5040 5075 5084 5041
f 5074 5085 5084 5075
f 5076 5079 5084 5085
g interior
f 5082 5081 5086 5087
f 5080 5088 5086 5081
f 5089 5090 5086 5088
f 5049 5046 5086 5090
f 5045 5087 5086 5046
g exterior
f 5045 5052 5091 5087
f 5043 5083 5091 5052
f 5082 5087 5091 5083
g interior
f 5049 5090 5092 5054
f 5090 5089 5093 5092
f 5092 5093 5094 5054
f 5054 5094 1805 1802
f 1809 1808 5095 5055
f 5055 5095 5096 5097
f 5097 5096 5098 5099
f 5055 5097 5099 5057
g exterior
f 5100 5101 5102 5103
f 5063 5060 5102 5101
f 5059 5103 5102 5060
g interior
f 5059 5066 5104 5103
f 5057 5099 5104 5066
f 5098 5105 5104 5099
f 5106 5107 5104 5105
f 5100 5103 5104 5107
f 5100 5107 5108 5109
f 5106 5110 5108 5107
f 5111 5109 5108 5110
g exterior
f 5111 5112 5113 5109
f 5114 5115 5113 5112
f 5069 5068 5113 5115
f 5063 5101 5113 5068
f 5100 5109 5113 5101
f 5069 5115 5116 5070
f 5115 5114 5117 5116
f 5116 5117 5118 5070
f 5070 5118 1813 1811
f 1799 1819 5119 5120
f 5120 5119 5121 5122
f 1799 5120 5122 5071
f 5071 5122 5123 5072
f 5122 5121 5124 5123
f 5123 5124 5125 5126
f 5072 5123 5126 5074
g interior
f 5127 5128 5129 5130
f 5131 5132 5129 5128
f 5080 5077 5129 5132
f 5076 5130 5129 5077
g exterior
f 5076 5085 5133 5130
f 5074 5126 5133 5085
f 5125 5134 5133 5126
f 5127 5130 5133 5134
g interior
f 5080 5132 5135 5088
f 5132 5131 5136 5135
f 5135 5136 5137 5138
f 5088 5135 5138 5089
f 5089 5138 5139 5093
f 5138 5137 5140 5139
f 5093 5139 5140 5094
f 5094 5140 1820 1805
f 1808 1827 5141 5095
f 5095 5141 5142 5096
f 5141 5143 5144 5142
f 5142 5144 5098 5096
f 5098 5144 5145 5105
f 5144 5143 5146 5145
f 5145 5146 5147 5148
f 5105 5145 5148 5106
g exterior
f 5149 5150 5151 5152
f 5153 5154 5151 5150
f 5114 5112 5151 5154
f 5111 5152 5151 5112
g interior
f 5111 5110 5155 5152
f 5106 5148 5155 5110
f 5147 5156 5155 5148
f 5149 5152 5155 5156
g exterior
f 5114 5154 5157 5117
f 5154 5153 5158 5157
f 5157 5158 5159 5160
f 5117 5157 5160 5118
f 5118 5160 5161 1813
f 5160 5159 5162 5161
f 5161 5162 1828 1813
f 1819 1818 5163 5119
f 1818 5164 5165 5163
f 5163 5165 5121 5119
g interior
f 5166 5167 5168 5169
f 5170 5171 5168 5167
f 5172 5169 5168 5171
g exterior
f 5172 5173 5174 5169
f 5125 5124 5174 5173
f 5121 5165 5174 5124
f 5164 5175 5174 5165
f 5166 5169 5174 5175
g interior
f 5172 5171 5176 5177
f 5170 5178 5176 5171
f 5179 5180 5176 5178
f 5131 5128 5176 5180
f 5127 5177 5176 5128
g exterior
f 5127 5134 5181 5177
f 5125 5173 5181 5134
f 5172 5177 5181 5173
g interior
f 5131 5180 5182 5136
f 5180 5179 1837 5182
f 5136 5182 1837 5137
f 5137 1837 1840 5140
f 5140 1840 1822 1820
f 1827 1826 1850 5141
f 5141 1850 1854 5143
f 5143 1854 5183 5146
f 1854 5184 5185 5183
f 5183 5185 5147 5146
g exterior
f 5186 5187 5188 5189
f 5153 5150 5188 5187
f 5149 5189 5188 5150
g interior
f 5149 5156 5190 5189
f 5147 5185 5190 5156
f 5184 5191 5190 5185
f 5192 5193 5190 5191
f 5186 5189 5190 5193
f 5186 5193 5194 5195
f 5192 5196 5194 5193
f 5197 5195 5194 5196
g exterior
f 5197 5198 5199 5195
f 5200 5201 5199 5198
f 5159 5158 5199 5201
f 5153 5187 5199 5158
f 5186 5195 5199 5187
f 5159 5201 5202 5162
f 5201 5200 1830 5202
f 5162 5202 1830 1828
f 1818 1836 5203 5204
f 5204 5203 5205 5206
f 1818 5204 5206 5164
f 5207 5208 5209 5210
f 5205 5211 5209 5208
f 5212 5213 5209 5211
f 5214 5210 5209 5213
g interior
f 5212 5215 5216 5213
f 5217 5218 5216 5215
f 5219 5220 5216 5218
f 5214 5213 5216 5220
f 5219 5221 5222 5220
f 5170 5167 5222 5221
f 5166 5223 5222 5167
f 5214 5220 5222 5223
g exterior
f 5166 5175 5224 5223
f 5164 5225 5224 5175
f 5207 5210 5224 5225
f 5214 5223 5224 5210
g interior
f 5170 5226 5227 5178
f 5226 5217 5228 5227
f 5178 5227 5228 5179
f 5179 5228 1838 1837
f 1854 1853 5229 5184
f 5184 5229 5230 5191
f 5229 5231 5232 5230
f 5230 5232 5192 5191
f 5233 5234 5235 5236
f 5231 5237 5235 5234
f 5238 5239 5235 5237
f 5240 5236 5235 5239
g exterior
f 5238 5241 5242 5239
f 5243 5244 5242 5241
f 5245 5246 5242 5244
f 5240 5239 5242 5246
f 5245 5247 5248 5246
f 5200 5198 5248 5247
f 5197 5249 5248 5198
f 5240 5246 5248 5249
g interior
f 5197 5196 5250 5249
f 5192 5251 5250 5196
f 5233 5236 5250 5251
f 5240 5249 5250 5236
g exterior
f 5200 5252 5253 1830
f 5252 5243 5254 5253
f 5253 5254 1855 1830
f 1836 1835 5255 5203
f 1835 5256 5257 5255
f 5255 5257 5205 5203
g interior
f 5258 5259 5260 5261
f 5262 5263 5260 5259
f 5217 5215 5260 5263
f 5212 5261 5260 5215
g exterior
f 5212 5211 5264 5261
f 5205 5257 5264 5211
f 5256 5265 5264 5257
f 5258 5261 5264 5265
g interior
f 5217 5263 5266 5228
f 5263 5262 5267 5266
f 5266 5267 5268 5228
f 5228 5268 1841 1838
f 1853 1852 5269 5229
f 5229 5269 5270 5271
f 5271 5270 5272 5273
f 5229 5271 5273 5231
g exterior
f 5274 5275 5276 5277
f 5278 5279 5276 5275
f 5243 5241 5276 5279
f 5238 5277 5276 5241
g interior
f 5238 5237 5280 5277
f 5231 5273 5280 5237
f 5272 5281 5280 5273
f 5274 5277 5280 5281
g exterior
f 5243 5279 5282 5254
f 5279 5278 1857 5282
f 5254 5282 1857 1855
f 1835 1863 5283 5284
f 5284 5283 5285 5286
f 1835 5284 5286 5256
g interior
f 5287 5288 5289 5290
f 5291 5292 5289 5288
f 5262 5259 5289 5292
f 5258 5290 5289 5259
g exterior
f 5258 5265 5293 5290
f 5256 5286 5293 5265
f 5285 5294 5293 5286
f 5287 5290 5293 5294
g interior
f 5262 5292 5295 5267
f 5292 5291 5296 5295
f 5267 5295 5296 5268
f 5268 5296 1864 1841
f 1852 1871 5297 5269
f 5269 5297 5298 5270
f 5297 5299 5300 5298
f 5298 5300 5272 5270
g exterior
f 5301 5302 5303 5304
f 5305 5306 5303 5302
f 5278 5275 5303 5306
f 5274 5304 5303 5275
g interior
f 5274 5281 5307 5304
f 5272 5300 5307 5281
f 5299 5308 5307 5300
f 5301 5304 5307 5308
g exterior
f 5278 5306 5309 1857
f 5306 5305 5310 5309
f 5309 5310 1872 1857
f 1863 1862 5311 5283
f 1862 5312 5313 5311
f 5311 5313 5285 5283
g interior
f 5314 5315 5316 5317
f 5318 5319 5316 5315
f 5291 5288 5316 5319
f 5287 5317 5316 5288
g exterior
f 5287 5294 5320 5317
f 5285 5313 5320 5294
f 5312 5321 5320 5313
f 5314 5317 5320 5321
g interior
f 5291 5319 5322 5296
f 5319 5318 5323 5322
f 5322 5323 5324 5296
f 5296 5324 1866 1864
f 1871 1870 5325 5297
f 5297 5325 5326 5327
f 5327 5326 5328 5329
f 5297 5327 5329 5299
g exterior
f 5330 5331 5332 5333
f 5334 5335 5332 5331
f 5305 5302 5332 5335
f 5301 5333 5332 5302
g interior
f 5301 5308 5336 5333
f 5299 5329 5336 5308
f 5328 5337 5336 5329
f 5330 5333 5336 5337
g exterior
f 5305 5335 5338 5310
f 5335 5334 1874 5338
f 5310 5338 1874 1872
f 1862 1880 5339 5340
f 5340 5339 5341 5342
f 1862 5340 5342 5312
g interior
f 5343 5344 5345 5346
f 5347 5348 5345 5344
f 5318 5315 5345 5348
f 5314 5346 5345 5315
g exterior
f 5314 5321 5349 5346
f 5312 5342 5349 5321
f 5341 5350 5349 5342
f 5343 5346 5349 5350
g interior
f 5318 5348 5351 5323
f 5348 5347 5352 5351
f 5351 5352 5353 5354
f 5323 5351 5354 5324
f 5324 5354 5355 1866
f 5354 5353 5356 5355
f 5355 5356 1881 1866
f 1870 1890 5357 5358
f 5358 5357 5359 5360
f 1870 5358 5360 5325
f 5325 5360 5361 5326
f 5360 5359 5362 5361
f 5361 5362 5363 5364
f 5326 5361 5364 5328
g exterior
f 5365 5366 5367 5368
f 5369 5370 5367 5366
f 5334 5331 5367 5370
f 5330 5368 5367 5331
g interior
f 5330 5337 5371 5368
f 5328 5364 5371 5337
f 5363 5372 5371 5364
f 5365 5368 5371 5372
g exterior
f 5334 5370 5373 1874
f 5370 5369 5374 5373
f 5373 5374 1891 1874
f 1880 1879 5375 5339
f 1879 5376 5377 5375
f 5375 5377 5341 5339
g interior
f 5378 5379 5380 5381
f 5347 5344 5380 5379
f 5343 5381 5380 5344
g exterior
f 5343 5350 5382 5381
f 5341 5377 5382 5350
f 5376 5383 5382 5377
f 5384 5385 5382 5383
f 5378 5381 5382 5385
f 5378 5385 5386 5387
f 5384 5388 5386 5385
f 5389 5387 5386 5388
g interior
f 5389 5390 5391 5387
f 5392 5393 5391 5390
f 5353 5352 5391 5393
f 5347 5379 5391 5352
f 5378 5387 5391 5379
f 5353 5393 5394 5356
f 5393 5392 1883 5394
f 5356 5394 1883 1881
f 1890 1889 5395 5357
f 1889 5396 5397 5395
f 5395 5397 5359 5357
g exterior
f 5398 5399 5400 5401
f 5402 5403 5400 5399
f 5404 5401 5400 5403
g interior
f 5404 5405 5406 5401
f 5363 5362 5406 5405
f 5359 5397 5406 5362
f 5396 5407 5406 5397
f 5398 5401 5406 5407
g exterior
f 5404 5403 5408 5409
f 5402 5410 5408 5403
f 5411 5412 5408 5410
f 5369 5366 5408 5412
f 5365 5409 5408 5366
g interior
f 5365 5372 5413 5409
f 5363 5405 5413 5372
f 5404 5409 5413 5405
g exterior
f 5369 5412 5414 5374
f 5412 5411 1893 5414
f 5374 5414 1893 1891
f 1879 1899 5415 5376
f 5376 5415 5416 5383
f 5415 5417 5418 5416
f 5416 5418 5384 5383
g interior
f 5419 5420 5421 5422
f 5423 5424 5421 5420
f 5392 5390 5421 5424
f 5389 5422 5421 5390
g exterior
f 5389 5388 5425 5422
f 5384 5418 5425 5388
f 5417 5426 5425 5418
f 5419 5422 5425 5426
g interior
f 5392 5424 5427 1883
f 5424 5423 5428 5427
f 5427 5428 1900 1883
f 1889 1907 5429 5430
f 5430 5429 5431 5432
f 1889 5430 5432 5396
g exterior
f 5433 5434 5435 5436
f 5437 5438 5435 5434
f 5402 5399 5435 5438
f 5398 5436 5435 5399
g interior
f 5398 5407 5439 5436
f 5396 5432 5439 5407
f 5431 5440 5439 5432
f 5433 5436 5439 5440
g exterior
f 5402 5438 5441 5410
f 5438 5437 5442 5441
f 5410 5441 5442 5411
f 5411 5442 1908 1893
f 1899 1898 5443 5415
f 5415 5443 5444 5445
f 5445 5444 5446 5447
f 5415 5445 5447 5417
g interior
f 5448 5449 5450 5451
f 5452 5453 5450 5449
f 5423 5420 5450 5453
f 5419 5451 5450 5420
g exterior
f 5419 5426 5454 5451
f 5417 5447 5454 5426
f 5446 5455 5454 5447
f 5448 5451 5454 5455
g interior
f 5423 5453 5456 5428
f 5453 5452 1902 5456
f 5428 5456 1902 1900
f 1907 1906 5457 5429
f 1906 5458 5459 5457
f 5457 5459 5431 5429
g exterior
f 5460 5461 5462 5463
f 5464 5465 5462 5461
f 5437 5434 5462 5465
f 5433 5463 5462 5434
g interior
f 5433 5440 5466 5463
f 5431 5459 5466 5440
f 5458 5467 5466 5459
f 5460 5463 5466 5467
g exterior
f 5437 5465 5468 5442
f 5465 5464 5469 5468
f 5468 5469 5470 5442
f 5442 5470 1910 1908
f 1898 1916 5471 5443
f 5443 5471 5472 5444
f 5471 5473 5474 5472
f 5472 5474 5446 5444
g interior
f 5475 5476 5477 5478
f 5479 5480 5477 5476
f 5452 5449 5477 5480
f 5448 5478 5477 5449
g exterior
f 5448 5455 5481 5478
f 5446 5474 5481 5455
f 5473 5482 5481 5474
f 5475 5478 5481 5482
g interior
f 5452 5480 5483 1902
f 5480 5479 5484 5483
f 5483 5484 1917 1902
f 1906 1926 5485 5486
f 5486 5485 5487 5488
f 1906 5486 5488 5458
g exterior
f 5489 5490 5491 5492
f 5493 5494 5491 5490
f 5464 5461 5491 5494
f 5460 5492 5491 5461
g interior
f 5460 5467 5495 5492
f 5458 5488 5495 5467
f 5487 5496 5495 5488
f 5489 5492 5495 5496
g exterior
f 5464 5494 5497 5469
f 5494 5493 5498 5497
f 5469 5497 5498 5470
f 5470 5498 1927 1910
f 1916 1915 5499 5471
f 5471 5499 5500 5501
f 5501 5500 5502 5503
f 5471 5501 5503 5473
g interior
f 5504 5505 5506 5507
f 5508 5509 5506 5505
f 5479 5476 5506 5509
f 5475 5507 5506 5476
g exterior
f 5475 5482 5510 5507
f 5473 5503 5510 5482
f 5502 5511 5510 5503
f 5504 5507 5510 5511
g interior
f 5479 5509 5512 5484
f 5509 5508 1919 5512
f 5484 5512 1919 1917
f 1926 1925 5513 5485
f 1925 5514 5515 5513
f 5513 5515 5487 5485
g exterior
f 5516 5517 5518 5519
f 5520 5521 5518 5517
f 5493 5490 5518 5521
f 5489 5519 5518 5490
g interior
f 5489 5496 5522 5519
f 5487 5515 5522 5496
f 5514 5523 5522 5515
f 5516 5519 5522 5523
g exterior
f 5493 5521 5524 5498
f 5521 5520 5525 5524
f 5524 5525 5526 5498
f 5498 5526 1929 1927
f 1912 1937 5527 1913
f 1913 5527 5528 1915
f 1915 5528 5529 5530
f 5530 5529 5531 5532
f 1915 5530 5532 5499
f 5499 5532 5533 5500
f 5532 5531 5534 5533
f 5533 5534 5535 5536
f 5500 5533 5536 5502
f 5537 5538 5539 5540
f 5535 5541 5539 5538
f 5542 5543 5539 5541
f 5544 5540 5539 5543
g interior
f 5542 5545 5546 5543
f 5547 5548 5546 5545
f 5549 5550 5546 5548
f 5544 5543 5546 5550
f 5549 5551 5552 5550
f 5508 5505 5552 5551
f 5504 5553 5552 5505
f 5544 5550 5552 5553
g exterior
f 5504 5511 5554 5553
f 5502 5555 5554 5511
f 5537 5540 5554 5555
f 5544 5553 5554 5540
g interior
f 5508 5556 5557 1919
f 5556 5547 5558 5557
f 5557 5558 1938 1919
f 1925 1945 5559 5560
f 5560 5559 5561 5562
f 1925 5560 5562 5514
f 5563 5564 5565 5566
f 5561 5567 5565 5564
f 5568 5569 5565 5567
f 5570 5566 5565 5569
g exterior
f 5568 5571 5572 5569
f 5573 5574 5572 5571
f 5575 5576 5572 5574
f 5570 5569 5572 5576
f 5575 5577 5578 5576
f 5520 5517 5578 5577
f 5516 5579 5578 5517
f 5570 5576 5578 5579
g interior
f 5516 5523 5580 5579
f 5514 5581 5580 5523
f 5563 5566 5580 5581
f 5570 5579 5580 5566
g exterior
f 5520 5582 5583 5525
f 5582 5573 5584 5583
f 5583 5584 5585 5586
f 5525 5583 5586 5526
f 5526 5586 5587 1929
f 5586 5585 5588 5587
f 5587 5588 5589 1929
f 1929 5589 5590 1930
f 1930 5590 1946 1931
f 1937 1936 5591 5527
f 5527 5591 5592 5593
f 5593 5592 5594 5595
f 5527 5593 5595 5528
f 5528 5595 5596 5529
f 5595 5594 5597 5596
f 5596 5597 5598 5599
f 5529 5596 5599 5531
g interior
f 5600 5601 5602 5603
f 5604 5605 5602 5601
f 5606 5603 5602 5605
g exterior
f 5606 5607 5608 5603
f 5535 5534 5608 5607
f 5531 5599 5608 5534
f 5598 5609 5608 5599
f 5600 5603 5608 5609
g interior
f 5606 5605 5610 5611
f 5604 5612 5610 5605
f 5613 5614 5610 5612
f 5547 5545 5610 5614
f 5542 5611 5610 5545
g exterior
f 5542 5541 5615 5611
f 5535 5607 5615 5541
f 5606 5611 5615 5607
g interior
f 5547 5614 5616 5558
f 5614 5613 1940 5616
f 5558 5616 1940 1938
f 1945 1944 5617 5559
f 1944 5618 5619 5617
f 5617 5619 5561 5559
g exterior
f 5620 5621 5622 5623
f 5573 5571 5622 5621
f 5568 5623 5622 5571
g interior
f 5568 5567 5624 5623
f 5561 5619 5624 5567
f 5618 5625 5624 5619
f 5626 5627 5624 5625
f 5620 5623 5624 5627
f 5620 5627 5628 5629
f 5626 5630 5628 5627
f 5631 5629 5628 5630
g exterior
f 5631 5632 5633 5629
f 5634 5635 5633 5632
f 5585 5584 5633 5635
f 5573 5621 5633 5584
f 5620 5629 5633 5621
f 5585 5635 5636 5588
f 5635 5634 5637 5636
f 5636 5637 5638 5639
f 5588 5636 5639 5589
f 5589 5639 5640 5590
f 5639 5638 5641 5640
f 5640 5641 5642 5590
f 5590 5642 1948 1946
f 1936 1960 5643 5591
f 5591 5643 5644 5592
f 5643 5645 5646 5644
f 5644 5646 5594 5592
g interior
f 5647 5648 5649 5650
f 5651 5652 5649 5648
f 5653 5650 5649 5652
g exterior
f 5653 5654 5655 5650
f 5598 5597 5655 5654
f 5594 5646 5655 5597
f 5645 5656 5655 5646
f 5647 5650 5655 5656
g interior
f 5653 5652 5657 5658
f 5651 5659 5657 5652
f 5660 5661 5657 5659
f 5604 5601 5657 5661
f 5600 5658 5657 5601
g exterior
f 5600 5609 5662 5658
f 5598 5654 5662 5609
f 5653 5658 5662 5654
g interior
f 5604 5661 5663 5612
f 5661 5660 5664 5663
f 5612 5663 5664 5613
f 5613 5664 1961 1940
f 1944 1970 5665 5618
f 5618 5665 5666 5625
f 5665 5667 5668 5666
f 5666 5668 5626 5625
g exterior
f 5669 5670 5671 5672
f 5634 5632 5671 5670
f 5631 5672 5671 5632
g interior
f 5631 5630 5673 5672
f 5626 5668 5673 5630
f 5667 5674 5673 5668
f 5675 5676 5673 5674
f 5669 5672 5673 5676
f 5669 5676 5677 5678
f 5675 5679 5677 5676
f 5680 5678 5677 5679
g exterior
f 5680 5681 5682 5678
f 5683 5684 5682 5681
f 5638 5637 5682 5684
f 5634 5670 5682 5637
f 5669 5678 5682 5670
f 5638 5684 5685 5641
f 5684 5683 5686 5685
f 5641 5685 5686 5642
f 5642 5686 1971 1948
f 1960 1959 5687 5643
f 5643 5687 5688 5689
f 5689 5688 5690 5691
f 5643 5689 5691 5645
g interior
f 5692 5693 5694 5695
f 5696 5697 5694 5693
f 5651 5648 5694 5697
f 5647 5695 5694 5648
g exterior
f 5647 5656 5698 5695
f 5645 5691 5698 5656
f 5690 5699 5698 5691
f 5692 5695 5698 5699
g interior
f 5651 5697 5700 5659
f 5697 5696 1988 5700
f 5659 5700 1988 5660
f 5660 1988 1991 5664
f 5664 1991 1963 1961
f 1970 1969 2003 5665
f 5665 2003 2007 5667
f 5667 2007 5701 5674
f 2007 5702 5703 5701
f 5701 5703 5675 5674
g exterior
f 5704 5705 5706 5707
f 5708 5709 5706 5705
f 5683 5681 5706 5709
f 5680 5707 5706 5681
g interior
f 5680 5679 5710 5707
f 5675 5703 5710 5679
f 5702 5711 5710 5703
f 5704 5707 5710 5711
g exterior
f 5683 5709 5712 5686
f 5709 5708 5713 5712
f 5712 5713 5714 5686
f 5686 5714 1973 1971
f 1955 1987 5715 1958
f 1958 5715 5716 1959
f 1959 5716 5717 5718
f 5718 5717 5719 5720
f 1959 5718 5720 5687
g interior
f 5721 5722 5723 5724
f 5725 5726 5723 5722
f 5727 5724 5723 5726
g exterior
f 5727 5728 5729 5724
f 5690 5688 5729 5728
f 5687 5720 5729 5688
f 5719 5730 5729 5720
f 5721 5724 5729 5730
g interior
f 5727 5726 5731 5732
f 5725 5733 5731 5726
f 5734 5735 5731 5733
f 5696 5693 5731 5735
f 5692 5732 5731 5693
g exterior
f 5692 5699 5736 5732
f 5690 5728 5736 5699
f 5727 5732 5736 5728
g interior
f 5696 5735 5737 1988
f 5735 5734 5738 5737
f 5737 5738 1989 1988
f 2007 2006 5739 5740
f 5740 5739 5741 5742
f 2007 5740 5742 5702
g exterior
f 5743 5744 5745 5746
f 5708 5705 5745 5744
f 5704 5746 5745 5705
g interior
f 5704 5711 5747 5746
f 5702 5742 5747 5711
f 5741 5748 5747 5742
f 5749 5750 5747 5748
f 5743 5746 5747 5750
f 5743 5750 5751 5752
f 5749 5753 5751 5750
f 5754 5752 5751 5753
g exterior
f 5754 5755 5756 5752
f 5757 5758 5756 5755
f 5714 5713 5756 5758
f 5708 5744 5756 5713
f 5743 5752 5756 5744
f 5714 5758 5759 1973
f 5758 5757 5760 5759
f 5759 5760 5761 1973
f 1973 5761 5762 1974
f 1974 5762 2008 1975
f 1987 1986 5763 5715
f 5715 5763 5764 5765
f 5765 5764 5766 5767
f 5715 5765 5767 5716
g interior
f 5768 5769 5770 5771
f 5772 5773 5770 5769
f 5774 5771 5770 5773
g exterior
f 5774 5775 5776 5771
f 5719 5717 5776 5775
f 5716 5767 5776 5717
f 5766 5777 5776 5767
f 5768 5771 5776 5777
g interior
f 5774 5773 5778 5779
f 5772 5780 5778 5773
f 5781 5782 5778 5780
f 5725 5722 5778 5782
f 5721 5779 5778 5722
g exterior
f 5721 5730 5783 5779
f 5719 5775 5783 5730
f 5774 5779 5783 5775
g interior
f 5725 5782 5784 5733
f 5782 5781 5785 5784
f 5784 5785 5786 5787
f 5733 5784 5787 5734
f 5734 5787 5788 5738
f 5787 5786 1992 5788
f 5738 5788 1992 1989
f 2006 2005 5789 5739
f 2005 5790 5791 5789
f 5789 5791 5741 5739
f 5741 5791 5792 5748
f 5791 5790 5793 5792
f 5792 5793 5794 5795
f 5748 5792 5795 5749
g exterior
f 5796 5797 5798 5799
f 5757 5755 5798 5797
f 5754 5799 5798 5755
g interior
f 5754 5753 5800 5799
f 5749 5795 5800 5753
f 5794 5801 5800 5795
f 5802 5803 5800 5801
f 5796 5799 5800 5803
f 5796 5803 5804 5805
f 5802 5806 5804 5803
f 5807 5805 5804 5806
g exterior
f 5807 5808 5809 5805
f 5810 5811 5809 5808
f 5761 5760 5809 5811
f 5757 5797 5809 5760
f 5796 5805 5809 5797
f 5761 5811 5812 5762
f 5811 5810 5813 5812
f 5812 5813 5814 5762
f 5762 5814 2010 2008
f 1982 2018 5815 1985
f 1985 5815 5816 1986
f 1986 5816 5817 5818
f 5818 5817 5819 5820
f 1986 5818 5820 5763
g interior
f 5821 5822 5823 5824
f 5825 5826 5823 5822
f 5827 5824 5823 5826
g exterior
f 5827 5828 5829 5824
f 5766 5764 5829 5828
f 5763 5820 5829 5764
f 5819 5830 5829 5820
f 5821 5824 5829 5830
g interior
f 5827 5826 5831 5832
f 5825 5833 5831 5826
f 5834 5835 5831 5833
f 5772 5769 5831 5835
f 5768 5832 5831 5769
g exterior
f 5768 5777 5836 5832
f 5766 5828 5836 5777
f 5827 5832 5836 5828
g interior
f 5772 5835 5837 5780
f 5835 5834 5838 5837
f 5837 5838 5839 5840
f 5780 5837 5840 5781
f 5781 5840 5841 5785
f 5840 5839 5842 5841
f 5785 5841 5842 5786
f 5786 5842 2019 1992
f 2005 2024 5843 5790
f 5790 5843 5844 5793
f 5843 5845 5846 5844
f 5844 5846 5794 5793
f 5794 5846 5847 5801
f 5846 5845 5848 5847
f 5847 5848 5849 5850
f 5801 5847 5850 5802
g exterior
f 5851 5852 5853 5854
f 5810 5808 5853 5852
f 5807 5854 5853 5808
g interior
f 5807 5806 5855 5854
f 5802 5850 5855 5806
f 5849 5856 5855 5850
f 5857 5858 5855 5856
f 5851 5854 5855 5858
f 5851 5858 5859 5860
f 5857 5861 5859 5858
f 5862 5860 5859 5861
g exterior
f 5862 5863 5864 5860
f 5865 5866 5864 5863
f 5814 5813 5864 5866
f 5810 5852 5864 5813
f 5851 5860 5864 5852
f 5814 5866 5867 2010
f 5866 5865 5868 5867
f 5867 5868 5869 2010
f 2010 5869 5870 2011
f 2011 5870 2025 2012
f 2018 2017 5871 5815
f 5815 5871 5872 5873
f 5873 5872 5874 5875
f 5815 5873 5875 5816
f 5816 5875 5876 5817
f 5875 5874 5877 5876
f 5876 5877 5878 5879
f 5817 5876 5879 5819
g interior
f 5880 5881 5882 5883
f 5884 5885 5882 5881
f 5825 5822 5882 5885
f 5821 5883 5882 5822
g exterior
f 5821 5830 5886 5883
f 5819 5879 5886 5830
f 5878 5887 5886 5879
f 5880 5883 5886 5887
g interior
f 5825 5885 5888 5833
f 5885 5884 5889 5888
f 5888 5889 5890 5891
f 5833 5888 5891 5834
f 5834 5891 5892 5838
f 5891 5890 2032 5892
f 5838 5892 2032 5839
f 5839 2032 2035 5842
f 5842 2035 2021 2019
f 2024 2023 2040 5843
f 5843 2040 2043 5845
f 5845 2043 5893 5848
f 2043 5894 5895 5893
f 5893 5895 5849 5848
f 5849 5895 5896 5856
f 5895 5894 5897 5896
f 5896 5897 5898 5899
f 5856 5896 5899 5857
g exterior
f 5900 5901 5902 5903
f 5904 5905 5902 5901
f 5865 5863 5902 5905
f 5862 5903 5902 5863
g interior
f 5862 5861 5906 5903
f 5857 5899 5906 5861
f 5898 5907 5906 5899
f 5900 5903 5906 5907
g exterior
f 5865 5905 5908 5868
f 5905 5904 5909 5908
f 5908 5909 5910 5911
f 5868 5908 5911 5869
f 5869 5911 5912 5870
f 5911 5910 5913 5912
f 5912 5913 5914 5870
f 5870 5914 2027 2025
f 2017 2031 5915 5871
f 5871 5915 5916 5872
f 5915 5917 5918 5916
f 5916 5918 5874 5872
g interior
f 5919 5920 5921 5922
f 5923 5924 5921 5920
f 5925 5922 5921 5924
g exterior
f 5925 5926 5927 5922
f 5878 5877 5927 5926
f 5874 5918 5927 5877
f 5917 5928 5927 5918
f 5919 5922 5927 5928
g interior
f 5925 5924 5929 5930
f 5923 5931 5929 5924
f 5932 5933 5929 5931
f 5884 5881 5929 5933
f 5880 5930 5929 5881
g exterior
f 5880 5887 5934 5930
f 5878 5926 5934 5887
f 5925 5930 5934 5926
g interior
f 5884 5933 5935 5889
f 5933 5932 5936 5935
f 5889 5935 5936 5890
f 5890 5936 2033 2032
f 2043 2042 5937 5894
f 5894 5937 5938 5897
f 5937 5939 5940 5938
f 5938 5940 5898 5897
g exterior
f 5941 5942 5943 5944
f 5904 5901 5943 5942
f 5900 5944 5943 5901
g interior
f 5900 5907 5945 5944
f 5898 5940 5945 5907
f 5939 5946 5945 5940
f 5947 5948 5945 5946
f 5941 5944 5945 5948
f 5941 5948 5949 5950
f 5947 5951 5949 5948
f 5952 5950 5949 5951
g exterior
f 5952 5953 5954 5950
f 5955 5956 5954 5953
f 5910 5909 5954 5956
f 5904 5942 5954 5909
f 5941 5950 5954 5942
f 5910 5956 5957 5913
f 5956 5955 5958 5957
f 5913 5957 5958 5914
f 5914 5958 2044 2027
f 2031 2030 5959 5915
f 5915 5959 5960 5961
f 5961 5960 5962 5963
f 5915 5961 5963 5917
f 5964 5965 5966 5967
f 5962 5968 5966 5965
f 5969 5970 5966 5968
f 5971 5967 5966 5970
g interior
f 5969 5972 5973 5970
f 5974 5975 5973 5972
f 5976 5977 5973 5975
f 5971 5970 5973 5977
f 5976 5978 5979 5977
f 5923 5920 5979 5978
f 5919 5980 5979 5920
f 5971 5977 5979 5980
g exterior
f 5919 5928 5981 5980
f 5917 5982 5981 5928
f 5964 5967 5981 5982
f 5971 5980 5981 5967
g interior
f 5923 5983 5984 5931
f 5983 5974 5985 5984
f 5984 5985 5986 5987
f 5931 5984 5987 5932
f 5932 5987 5988 5936
f 5987 5986 5989 5988
f 5988 5989 5990 5936
f 5936 5990 2036 2033
f 2042 2041 5991 5937
f 5937 5991 5992 5993
f 5993 5992 5994 5995
f 5937 5993 5995 5939
f 5939 5995 5996 5946
f 5995 5994 5997 5996
f 5996 5997 5998 5999
f 5946 5996 5999 5947
f 6000 6001 6002 6003
f 5998 6004 6002 6001
f 6005 6006 6002 6004
f 6007 6003 6002 6006
g exterior
f 6005 6008 6009 6006
f 6010 6011 6009 6008
f 6012 6013 6009 6011
f 6007 6006 6009 6013
f 6012 6014 6015 6013
f 5955 5953 6015 6014
f 5952 6016 6015 5953
f 6007 6013 6015 6016
g interior
f 5952 5951 6017 6016
f 5947 6018 6017 5951
f 6000 6003 6017 6018
f 6007 6016 6017 6003
g exterior
f 5955 6019 6020 5958
f 6019 6010 6021 6020
f 6020 6021 6022 5958
f 5958 6022 2046 2044
f 2030 2050 6023 5959
f 5959 6023 6024 5960
f 6023 6025 6026 6024
f 6024 6026 5962 5960
g interior
f 6027 6028 6029 6030
f 5974 5972 6029 6028
f 5969 6030 6029 5972
g exterior
f 5969 5968 6031 6030
f 5962 6026 6031 5968
f 6025 6032 6031 6026
f 6033 6034 6031 6032
f 6027 6030 6031 6034
f 6027 6034 6035 6036
f 6033 6037 6035 6034
f 6038 6036 6035 6037
g interior
f 6038 6039 6040 6036
f 6041 6042 6040 6039
f 5986 5985 6040 6042
f 5974 6028 6040 5985
f 6027 6036 6040 6028
f 5986 6042 6043 5989
f 6042 6041 6044 6043
f 5989 6043 6044 5990
f 5990 6044 2051 2036
f 2041 2060 6045 5991
f 5991 6045 6046 5992
f 6045 6047 6048 6046
f 6046 6048 5994 5992
g exterior
f 6049 6050 6051 6052
f 6053 6054 6051 6050
f 6055 6052 6051 6054
g interior
f 6055 6056 6057 6052
f 5998 5997 6057 6056
f 5994 6048 6057 5997
f 6047 6058 6057 6048
f 6049 6052 6057 6058
g exterior
f 6055 6054 6059 6060
f 6053 6061 6059 6054
f 6062 6063 6059 6061
f 6010 6008 6059 6063
f 6005 6060 6059 6008
g interior
f 6005 6004 6064 6060
f 5998 6056 6064 6004
f 6055 6060 6064 6056
g exterior
f 6010 6063 6065 6021
f 6063 6062 6066 6065
f 6021 6065 6066 6022
f 6022 6066 2061 2046
f 2050 2049 2066 6023
f 6023 2066 2069 6025
f 6025 2069 6067 6032
f 2069 6068 6069 6067
f 6067 6069 6033 6032
g interior
f 6070 6071 6072 6073
f 6074 6075 6072 6071
f 6041 6039 6072 6075
f 6038 6073 6072 6039
g exterior
f 6038 6037 6076 6073
f 6033 6069 6076 6037
f 6068 6077 6076 6069
f 6070 6073 6076 6077
g interior
f 6041 6075 6078 6044
f 6075 6074 6079 6078
f 6078 6079 6080 6044
f 6044 6080 2053 2051
f 2060 2059 6081 6045
f 6045 6081 6082 6083
f 6083 6082 6084 6085
f 6045 6083 6085 6047
g exterior
f 6086 6087 6088 6089
f 6090 6091 6088 6087
f 6053 6050 6088 6091
f 6049 6089 6088 6050
g interior
f 6049 6058 6092 6089
f 6047 6085 6092 6058
f 6084 6093 6092 6085
f 6086 6089 6092 6093
g exterior
f 6053 6091 6094 6061
f 6091 6090 2086 6094
f 6061 6094 2086 6062
f 6062 2086 2089 6066
f 6066 2089 2063 2061
f 2069 2068 6095 6096
f 6096 6095 6097 6098
f 2069 6096 6098 6068
g interior
f 6099 6100 6101 6102
f 6074 6071 6101 6100
f 6070 6102 6101 6071
g exterior
f 6070 6077 6103 6102
f 6068 6098 6103 6077
f 6097 6104 6103 6098
f 6105 6106 6103 6104
f 6099 6102 6103 6106
f 6099 6106 6107 6108
f 6105 6109 6107 6106
f 6110 6108 6107 6109
g interior
f 6110 6111 6112 6108
f 6113 6114 6112 6111
f 6080 6079 6112 6114
f 6074 6100 6112 6079
f 6099 6108 6112 6100
f 6080 6114 6115 2053
f 6114 6113 6116 6115
f 6115 6116 2070 2053
f 2059 2085 6117 6118
f 6118 6117 6119 6120
f 2059 6118 6120 6081
g exterior
f 6121 6122 6123 6124
f 6125 6126 6123 6122
f 6127 6124 6123 6126
g interior
f 6127 6128 6129 6124
f 6084 6082 6129 6128
f 6081 6120 6129 6082
f 6119 6130 6129 6120
f 6121 6124 6129 6130
g exterior
f 6127 6126 6131 6132
f 6125 6133 6131 6126
f 6134 6135 6131 6133
f 6090 6087 6131 6135
f 6086 6132 6131 6087
g interior
f 6086 6093 6136 6132
f 6084 6128 6136 6093
f 6127 6132 6136 6128
g exterior
f 6090 6135 6137 2086
f 6135 6134 6138 6137
f 6137 6138 2087 2086
f 2068 2067 6139 6095
f 2067 6140 6141 6139
f 6139 6141 6097 6095
f 6097 6141 6142 6104
f 6141 6140 6143 6142
f 6142 6143 6144 6145
f 6104 6142 6145 6105
g interior
f 6146 6147 6148 6149
f 6150 6151 6148 6147
f 6113 6111 6148 6151
f 6110 6149 6148 6111
g exterior
f 6110 6109 6152 6149
f 6105 6145 6152 6109
f 6144 6153 6152 6145
f 6146 6149 6152 6153
g interior
f 6113 6151 6154 6116
f 6151 6150 2072 6154
f 6116 6154 2072 2070
f 2085 2084 6155 6117
f 2084 6156 6157 6155
f 6155 6157 6119 6117
g exterior
f 6158 6159 6160 6161
f 6162 6163 6160 6159
f 6125 6122 6160 6163
f 6121 6161 6160 6122
g interior
f 6121 6130 6164 6161
f 6119 6157 6164 6130
f 6156 6165 6164 6157
f 6158 6161 6164 6165
g exterior
f 6125 6163 6166 6133
f 6163 6162 6167 6166
f 6166 6167 6168 6169
f 6133 6166 6169 6134
f 6134 6169 6170 6138
f 6169 6168 2090 6170
f 6138 6170 2090 2087
f 2067 2096 6171 6140
f 6140 6171 6172 6143
f 6171 6173 6174 6172
f 6172 6174 6144 6143
g interior
f 6175 6176 6177 6178
f 6179 6180 6177 6176
f 6150 6147 6177 6180
f 6146 6178 6177 6147
g exterior
f 6146 6153 6181 6178
f 6144 6174 6181 6153
f 6173 6182 6181 6174
f 6175 6178 6181 6182
g interior
f 6150 6180 6183 2072
f 6180 6179 6184 6183
f 6183 6184 6185 2072
f 2072 6185 6186 2073
f 2073 6186 2097 2074
f 2080 2102 6187 2083
f 2083 6187 6188 2084
f 2084 6188 6189 6190
f 6190 6189 6191 6192
f 2084 6190 6192 6156
g exterior
f 6193 6194 6195 6196
f 6197 6198 6195 6194
f 6162 6159 6195 6198
f 6158 6196 6195 6159
g interior
f 6158 6165 6199 6196
f 6156 6192 6199 6165
f 6191 6200 6199 6192
f 6193 6196 6199 6200
g exterior
f 6162 6198 6201 6167
f 6198 6197 6202 6201
f 6167 6201 6202 6168
f 6168 6202 2103 2090
f 2096 2095 6203 6171
f 6171 6203 6204 6205
f 6205 6204 6206 6207
f 6171 6205 6207 6173
g interior
f 6208 6209 6210 6211
f 6179 6176 6210 6209
f 6175 6211 6210 6176
g exterior
f 6175 6182 6212 6211
f 6173 6207 6212 6182
f 6206 6213 6212 6207
f 6214 6215 6212 6213
f 6208 6211 6212 6215
f 6208 6215 6216 6217
f 6214 6218 6216 6215
f 6219 6217 6216 6218
g interior
f 6219 6220 6221 6217
f 6222 6223 6221 6220
f 6185 6184 6221 6223
f 6179 6209 6221 6184
f 6208 6217 6221 6209
f 6185 6223 6224 6186
f 6223 6222 6225 6224
f 6224 6225 6226 6186
f 6186 6226 2099 2097
f 2102 2101 6227 6187
f 6187 6227 6228 6229
f 6229 6228 6230 6231
f 6187 6229 6231 6188
g exterior
f 6232 6233 6234 6235
f 6236 6237 6234 6233
f 6238 6235 6234 6237
g interior
f 6238 6239 6240 6235
f 6191 6189 6240 6239
f 6188 6231 6240 6189
f 6230 6241 6240 6231
f 6232 6235 6240 6241
g exterior
f 6238 6237 6242 6243
f 6236 6244 6242 6237
f 6245 6246 6242 6244
f 6197 6194 6242 6246
f 6193 6243 6242 6194
g interior
f 6193 6200 6247 6243
f 6191 6239 6247 6200
f 6238 6243 6247 6239
g exterior
f 6197 6246 6248 6202
f 6246 6245 6249 6248
f 6248 6249 6250 6202
f 6202 6250 2105 2103
f 2095 2111 6251 6203
f 6203 6251 6252 6204
f 6251 6253 6254 6252
f 6252 6254 6206 6204
f 6206 6254 6255 6213
f 6254 6253 6256 6255
f 6255 6256 6257 6258
f 6213 6255 6258 6214
g interior
f 6259 6260 6261 6262
f 6263 6264 6261 6260
f 6222 6220 6261 6264
f 6219 6262 6261 6220
g exterior
f 6219 6218 6265 6262
f 6214 6258 6265 6218
f 6257 6266 6265 6258
f 6259 6262 6265 6266
g interior
f 6222 6264 6267 6225
f 6264 6263 6268 6267
f 6267 6268 6269 6270
f 6225 6267 6270 6226
f 6226 6270 6271 2099
f 6270 6269 6272 6271
f 6271 6272 2112 2099
f 2101 2123 6273 6274
f 6274 6273 6275 6276
f 2101 6274 6276 6227
f 6227 6276 6277 6228
f 6276 6275 6278 6277
f 6277 6278 6279 6280
f 6228 6277 6280 6230
g exterior
f 6281 6282 6283 6284
f 6285 6286 6283 6282
f 6236 6233 6283 6286
f 6232 6284 6283 6233
g interior
f 6232 6241 6287 6284
f 6230 6280 6287 6241
f 6279 6288 6287 6280
f 6281 6284 6287 6288
g exterior
f 6236 6286 6289 6244
f 6286 6285 6290 6289
f 6289 6290 6291 6292
f 6244 6289 6292 6245
f 6245 6292 6293 6249
f 6292 6291 6294 6293
f 6249 6293 6294 6250
f 6250 6294 2124 2105
f 2111 2110 2129 6251
f 6251 2129 2132 6253
f 6253 2132 6295 6256
f 2132 6296 6297 6295
f 6295 6297 6257 6256
g interior
f 6298 6299 6300 6301
f 6263 6260 6300 6299
f 6259 6301 6300 6260
g exterior
f 6259 6266 6302 6301
f 6257 6297 6302 6266
f 6296 6303 6302 6297
f 6304 6305 6302 6303
f 6298 6301 6302 6305
f 6298 6305 6306 6307
f 6304 6308 6306 6305
f 6309 6307 6306 6308
g interior
f 6309 6310 6311 6307
f 6312 6313 6311 6310
f 6269 6268 6311 6313
f 6263 6299 6311 6268
f 6298 6307 6311 6299
f 6269 6313 6314 6272
f 6313 6312 2114 6314
f 6272 6314 2114 2112
f 2123 2122 6315 6273
f 2122 6316 6317 6315
f 6315 6317 6275 6273
g exterior
f 6318 6319 6320 6321
f 6322 6323 6320 6319
f 6324 6321 6320 6323
g interior
f 6324 6325 6326 6321
f 6279 6278 6326 6325
f 6275 6317 6326 6278
f 6316 6327 6326 6317
f 6318 6321 6326 6327
g exterior
f 6324 6323 6328 6329
f 6322 6330 6328 6323
f 6331 6332 6328 6330
f 6285 6282 6328 6332
f 6281 6329 6328 6282
g interior
f 6281 6288 6333 6329
f 6279 6325 6333 6288
f 6324 6329 6333 6325
g exterior
f 6285 6332 6334 6290
f 6332 6331 2143 6334
f 6290 6334 2143 6291
f 6291 2143 2146 6294
f 6294 2146 2126 2124
f 2132 2131 6335 6296
f 6296 6335 6336 6303
f 6335 6337 6338 6336
f 6336 6338 6304 6303
g interior
f 6339 6340 6341 6342
f 6343 6344 6341 6340
f 6312 6310 6341 6344
f 6309 6342 6341 6310
g exterior
f 6309 6308 6345 6342
f 6304 6338 6345 6308
f 6337 6346 6345 6338
f 6339 6342 6345 6346
g interior
f 6312 6344 6347 2114
f 6344 6343 6348 6347
f 6347 6348 6349 2114
f 2114 6349 6350 2115
f 2115 6350 2133 2116
f 2119 2142 6351 2120
f 2120 6351 6352 2122
f 2122 6352 6353 6354
f 6354 6353 6355 6356
f 2122 6354 6356 6316
g exterior
f 6357 6358 6359 6360
f 6361 6362 6359 6358
f 6322 6319 6359 6362
f 6318 6360 6359 6319
g interior
f 6318 6327 6363 6360
f 6316 6356 6363 6327
f 6355 6364 6363 6356
f 6357 6360 6363 6364
g exterior
f 6322 6362 6365 6330
f 6362 6361 6366 6365
f 6330 6365 6366 6331
f 6331 6366 2144 2143
f 2131 2130 6367 6335
f 6335 6367 6368 6369
f 6369 6368 6370 6371
f 6335 6369 6371 6337
f 6372 6373 6374 6375
f 6370 6376 6374 6373
f 6377 6378 6374 6376
f 6379 6380 6374 6378
f 6381 6375 6374 6380
g interior
f 6379 6382 6383 6380
f 6384 6385 6383 6382
f 6381 6380 6383 6385
f 6384 6386 6387 6385
f 6343 6340 6387 6386
f 6339 6388 6387 6340
f 6381 6385 6387 6388
g exterior
f 6339 6346 6389 6388
f 6337 6390 6389 6346
f 6372 6375 6389 6390
f 6381 6388 6389 6375
f 6379 6378 6391 6392
f 6377 6393 6391 6378
f 6394 6392 6391 6393
g interior
f 6394 6395 6396 6392
f 6397 6398 6396 6395
f 6349 6348 6396 6398
f 6343 6399 6396 6348
f 6379 6392 6396 6399
f 6349 6398 6400 6350
f 6398 6397 6401 6400
f 6400 6401 6402 6350
f 6350 6402 2135 2133
f 2142 2141 6403 6351
f 6351 6403 6404 6405
f 6405 6404 6406 6407
f 6351 6405 6407 6352
g exterior
f 6408 6409 6410 6411
f 6412 6413 6410 6409
f 6414 6411 6410 6413
g interior
f 6414 6415 6416 6411
f 6355 6353 6416 6415
f 6352 6407 6416 6353
f 6406 6417 6416 6407
f 6408 6411 6416 6417
f 6418 6419 6420 6421
f 6414 6422 6420 6419
f 6423 6421 6420 6422
g exterior
f 6414 6413 6424 6422
f 6412 6425 6424 6413
f 6426 6427 6424 6425
f 6423 6422 6424 6427
f 6426 6428 6429 6427
f 6430 6431 6429 6428
f 6361 6358 6429 6431
f 6357 6432 6429 6358
f 6423 6427 6429 6432
g interior
f 6357 6364 6433 6432
f 6355 6434 6433 6364
f 6418 6421 6433 6434
f 6423 6432 6433 6421
g exterior
f 6361 6431 6435 6366
f 6431 6430 6436 6435
f 6435 6436 6437 6366
f 6366 6437 2147 2144
f 2130 2151 6438 6367
f 6367 6438 6439 6368
f 6438 6440 6441 6439
f 6439 6441 6370 6368
f 6370 6441 6442 6376
f 6441 6440 6443 6442
f 6442 6443 6444 6445
f 6376 6442 6445 6377
g interior
f 6446 6447 6448 6449
f 6397 6395 6448 6447
f 6394 6449 6448 6395
g exterior
f 6394 6393 6450 6449
f 6377 6445 6450 6393
f 6444 6451 6450 6445
f 6452 6453 6450 6451
f 6446 6449 6450 6453
f 6446 6453 6454 6455
f 6452 6456 6454 6453
f 6457 6455 6454 6456
g interior
f 6457 6458 6459 6455
f 6460 6461 6459 6458
f 6402 6401 6459 6461
f 6397 6447 6459 6401
f 6446 6455 6459 6447
f 6402 6461 6462 2135
f 6461 6460 6463 6462
f 6462 6463 6464 2135
f 2135 6464 6465 2136
f 2136 6465 2152 2137
f 2138 2163 6466 2139
f 2139 6466 6467 2141
f 2141 6467 6468 6469
f 6469 6468 6470 6471
f 2141 6469 6471 6403
g exterior
f 6472 6473 6474 6475
f 6476 6477 6474 6473
f 6478 6475 6474 6477
g interior
f 6478 6479 6480 6475
f 6406 6404 6480 6479
f 6403 6471 6480 6404
f 6470 6481 6480 6471
f 6472 6475 6480 6481
g exterior
f 6478 6477 6482 6483
f 6476 6484 6482 6477
f 6485 6486 6482 6484
f 6412 6409 6482 6486
f 6408 6483 6482 6409
g interior
f 6408 6417 6487 6483
f 6406 6479 6487 6417
f 6478 6483 6487 6479
g exterior
f 6412 6486 6488 6489
f 6486 6485 6490 6488
f 6488 6490 6491 6492
f 6489 6488 6492 6430
f 6430 6492 6493 6436
f 6492 6491 6494 6493
f 6436 6493 6494 6437
f 6437 6494 2164 2147
f 2151 2150 2172 6438
f 6438 2172 2176 6440
f 6440 2176 6495 6443
f 2176 6496 6497 6495
f 6495 6497 6444 6443
f 6444 6497 6498 6451
f 6497 6496 6499 6498
f 6498 6499 6500 6501
f 6451 6498 6501 6452
g interior
f 6502 6503 6504 6505
f 6506 6507 6504 6503
f 6460 6458 6504 6507
f 6457 6505 6504 6458
g exterior
f 6457 6456 6508 6505
f 6452 6501 6508 6456
f 6500 6509 6508 6501
f 6502 6505 6508 6509
g interior
f 6460 6507 6510 6463
f 6507 6506 6511 6510
f 6510 6511 6512 6513
f 6463 6510 6513 6464
f 6464 6513 6514 6465
f 6513 6512 6515 6514
f 6514 6515 6516 6465
f 6465 6516 2154 2152
f 2163 2162 6517 6466
f 6466 6517 6518 6519
f 6519 6518 6520 6521
f 6466 6519 6521 6467
f 6467 6521 6522 6468
f 6521 6520 6523 6522
f 6522 6523 6524 6525
f 6468 6522 6525 6470
g exterior
f 6526 6527 6528 6529
f 6530 6531 6528 6527
f 6476 6473 6528 6531
f 6472 6529 6528 6473
g interior
f 6472 6481 6532 6529
f 6470 6525 6532 6481
f 6524 6533 6532 6525
f 6526 6529 6532 6533
g exterior
f 6476 6531 6534 6484
f 6531 6530 6535 6534
f 6534 6535 6536 6537
f 6484 6534 6537 6485
f 6485 6537 6538 6490
f 6537 6536 2195 6538
f 6490 6538 2195 6491
f 6491 2195 2198 6494
f 6494 2198 2166 2164
f 2176 2175 6539 6496
f 6496 6539 6540 6499
f 6539 6541 6542 6540
f 6540 6542 6500 6499
g interior
f 6543 6544 6545 6546
f 6506 6503 6545 6544
f 6502 6546 6545 6503
g exterior
f 6502 6509 6547 6546
f 6500 6542 6547 6509
f 6541 6548 6547 6542
f 6549 6550 6547 6548
f 6543 6546 6547 6550
f 6543 6550 6551 6552
f 6549 6553 6551 6550
f 6554 6552 6551 6553
g interior
f 6554 6555 6556 6552
f 6557 6558 6556 6555
f 6512 6511 6556 6558
f 6506 6544 6556 6511
f 6543 6552 6556 6544
f 6512 6558 6559 6515
f 6558 6557 6560 6559
f 6559 6560 6561 6562
f 6515 6559 6562 6516
f 6516 6562 6563 2154
f 6562 6561 6564 6563
f 6563 6564 2177 2154
f 2162 2194 6565 6566
f 6566 6565 6567 6568
f 2162 6566 6568 6517
f 6517 6568 6569 6518
f 6568 6567 6570 6569
f 6569 6570 6571 6572
f 6518 6569 6572 6520
g exterior
f 6573 6574 6575 6576
f 6577 6578 6575 6574
f 6579 6576 6575 6578
g interior
f 6579 6580 6581 6576
f 6524 6523 6581 6580
f 6520 6572 6581 6523
f 6571 6582 6581 6572
f 6573 6576 6581 6582
g exterior
f 6579 6578 6583 6584
f 6577 6585 6583 6578
f 6586 6587 6583 6585
f 6530 6527 6583 6587
f 6526 6584 6583 6527
g interior
f 6526 6533 6588 6584
f 6524 6580 6588 6533
f 6579 6584 6588 6580
g exterior
f 6530 6587 6589 6535
f 6587 6586 6590 6589
f 6535 6589 6590 6536
f 6536 6590 2196 2195
f 2175 2174 2209 6539
f 6539 2209 2213 6541
f 6541 2213 6591 6548
f 2213 6592 6593 6591
f 6591 6593 6549 6548
g interior
f 6594 6595 6596 6597
f 6557 6555 6596 6595
f 6554 6597 6596 6555
g exterior
f 6554 6553 6598 6597
f 6549 6593 6598 6553
f 6592 6599 6598 6593
f 6600 6601 6598 6599
f 6594 6597 6598 6601
f 6594 6601 6602 6603
f 6600 6604 6602 6601
f 6605 6603 6602 6604
g interior
f 6605 6606 6607 6603
f 6608 6609 6607 6606
f 6561 6560 6607 6609
f 6557 6595 6607 6560
f 6594 6603 6607 6595
f 6561 6609 6610 6564
f 6609 6608 2179 6610
f 6564 6610 2179 2177
f 2194 2193 6611 6565
f 2193 6612 6613 6611
f 6611 6613 6567 6565
g exterior
f 6614 6615 6616 6617
f 6618 6619 6616 6615
f 6620 6617 6616 6619
g interior
f 6620 6621 6622 6617
f 6571 6570 6622 6621
f 6567 6613 6622 6570
f 6612 6623 6622 6613
f 6614 6617 6622 6623
g exterior
f 6620 6619 6624 6625
f 6618 6626 6624 6619
f 6627 6628 6624 6626
f 6577 6574 6624 6628
f 6573 6625 6624 6574
g interior
f 6573 6582 6629 6625
f 6571 6621 6629 6582
f 6620 6625 6629 6621
g exterior
f 6577 6628 6630 6585
f 6628 6627 2230 6630
f 6585 6630 2230 6586
f 6586 2230 2233 6590
f 6590 2233 2199 2196
f 2213 2212 6631 6592
f 6592 6631 6632 6599
f 6631 6633 6634 6632
f 6632 6634 6600 6599
g interior
f 6635 6636 6637 6638
f 6639 6640 6637 6636
f 6608 6606 6637 6640
f 6605 6638 6637 6606
g exterior
f 6605 6604 6641 6638
f 6600 6634 6641 6604
f 6633 6642 6641 6634
f 6635 6638 6641 6642
g interior
f 6608 6640 6643 2179
f 6640 6639 6644 6643
f 6643 6644 6645 2179
f 2179 6645 6646 2180
f 2180 6646 2214 2181
f 2189 2229 6647 2192
f 2192 6647 6648 2193
f 2193 6648 6649 6650
f 6650 6649 6651 6652
f 2193 6650 6652 6612
g exterior
f 6653 6654 6655 6656
f 6657 6658 6655 6654
f 6618 6615 6655 6658
f 6614 6656 6655 6615
g interior
f 6614 6623 6659 6656
f 6612 6652 6659 6623
f 6651 6660 6659 6652
f 6653 6656 6659 6660
g exterior
f 6618 6658 6661 6626
f 6658 6657 6662 6661
f 6626 6661 6662 6627
f 6627 6662 2231 2230
f 2212 2211 6663 6631
f 6631 6663 6664 6665
f 6665 6664 6666 6667
f 6631 6665 6667 6633
g interior
f 6668 6669 6670 6671
f 6639 6636 6670 6669
f 6635 6671 6670 6636
g exterior
f 6635 6642 6672 6671
f 6633 6667 6672 6642
f 6666 6673 6672 6667
f 6674 6675 6672 6673
f 6668 6671 6672 6675
f 6668 6675 6676 6677
f 6674 6678 6676 6675
f 6679 6677 6676 6678
g interior
f 6679 6680 6681 6677
f 6682 6683 6681 6680
f 6645 6644 6681 6683
f 6639 6669 6681 6644
f 6668 6677 6681 6669
f 6645 6683 6684 6646
f 6683 6682 6685 6684
f 6684 6685 6686 6646
f 6646 6686 2216 2214
f 2229 2228 6687 6647
f 6647 6687 6688 6689
f 6689 6688 6690 6691
f 6647 6689 6691 6648
g exterior
f 6692 6693 6694 6695
f 6696 6697 6694 6693
f 6698 6695 6694 6697
g interior
f 6698 6699 6700 6695
f 6651 6649 6700 6699
f 6648 6691 6700 6649
f 6690 6701 6700 6691
f 6692 6695 6700 6701
g exterior
f 6698 6697 6702 6703
f 6696 6704 6702 6697
f 6705 6706 6702 6704
f 6657 6654 6702 6706
f 6653 6703 6702 6654
g interior
f 6653 6660 6707 6703
f 6651 6699 6707 6660
f 6698 6703 6707 6699
g exterior
f 6657 6706 6708 6662
f 6706 6705 6709 6708
f 6708 6709 6710 6662
f 6662 6710 2234 2231
f 2211 2242 6711 6663
f 6663 6711 6712 6664
f 6711 6713 6714 6712
f 6712 6714 6666 6664
f 6666 6714 6715 6673
f 6714 6713 6716 6715
f 6715 6716 6717 6718
f 6673 6715 6718 6674
g interior
f 6719 6720 6721 6722
f 6682 6680 6721 6720
f 6679 6722 6721 6680
g exterior
f 6679 6678 6723 6722
f 6674 6718 6723 6678
f 6717 6724 6723 6718
f 6725 6726 6723 6724
f 6719 6722 6723 6726
f 6719 6726 6727 6728
f 6725 6729 6727 6726
f 6730 6728 6727 6729
g interior
f 6730 6731 6732 6728
f 6733 6734 6732 6731
f 6686 6685 6732 6734
f 6682 6720 6732 6685
f 6719 6728 6732 6720
f 6686 6734 6735 2216
f 6734 6733 6736 6735
f 6735 6736 6737 2216
f 2216 6737 6738 2217
f 2217 6738 2243 2218
f 2224 2248 6739 2227
f 2227 6739 6740 2228
f 2228 6740 6741 6742
f 6742 6741 6743 6744
f 2228 6742 6744 6687
g exterior
f 6745 6746 6747 6748
f 6749 6750 6747 6746
f 6751 6748 6747 6750
g interior
f 6751 6752 6753 6748
f 6690 6688 6753 6752
f 6687 6744 6753 6688
f 6743 6754 6753 6744
f 6745 6748 6753 6754
g exterior
f 6751 6750 6755 6756
f 6749 6757 6755 6750
f 6758 6759 6755 6757
f 6696 6693 6755 6759
f 6692 6756 6755 6693
g interior
f 6692 6701 6760 6756
f 6690 6752 6760 6701
f 6751 6756 6760 6752
g exterior
f 6696 6759 6761 6704
f 6759 6758 6762 6761
f 6761 6762 6763 6764
f 6704 6761 6764 6705
f 6705 6764 6765 6709
f 6764 6763 6766 6765
f 6709 6765 6766 6710
f 6710 6766 2249 2234
f 2242 2241 2254 6711
f 6711 2254 2257 6713
f 6713 2257 6767 6716
f 2257 6768 6769 6767
f 6767 6769 6717 6716
f 6717 6769 6770 6724
f 6769 6768 6771 6770
f 6770 6771 6772 6773
f 6724 6770 6773 6725
f 6774 6775 6776 6777
f 6778 6779 6776 6775
f 6780 6781 6776 6779
f 6782 6777 6776 6781
g interior
f 6780 6783 6784 6781
f 6785 6786 6784 6783
f 6782 6781 6784 6786
f 6785 6787 6788 6786
f 6733 6731 6788 6787
f 6730 6789 6788 6731
f 6782 6786 6788 6789
g exterior
f 6730 6729 6790 6789
f 6725 6773 6790 6729
f 6772 6791 6790 6773
f 6774 6777 6790 6791
f 6782 6789 6790 6777
f 6780 6779 6792 6793
f 6778 6794 6792 6779
f 6795 6793 6792 6794
g interior
f 6795 6796 6797 6793
f 6798 6799 6797 6796
f 6737 6736 6797 6799
f 6733 6800 6797 6736
f 6780 6793 6797 6800
f 6737 6799 6801 6738
f 6799 6798 6802 6801
f 6801 6802 6803 6738
f 6738 6803 2245 2243
f 2248 2247 6804 6739
f 6739 6804 6805 6806
f 6806 6805 6807 6808
f 6739 6806 6808 6740
g exterior
f 6809 6810 6811 6812
f 6813 6814 6811 6810
f 6815 6812 6811 6814
g interior
f 6815 6816 6817 6812
f 6743 6741 6817 6816
f 6740 6808 6817 6741
f 6807 6818 6817 6808
f 6809 6812 6817 6818
f 6819 6820 6821 6822
f 6815 6823 6821 6820
f 6824 6822 6821 6823
g exterior
f 6815 6814 6825 6823
f 6813 6826 6825 6814
f 6827 6828 6825 6826
f 6824 6823 6825 6828
f 6827 6829 6830 6828
f 6831 6832 6830 6829
f 6749 6746 6830 6832
f 6745 6833 6830 6746
f 6824 6828 6830 6833
g interior
f 6745 6754 6834 6833
f 6743 6835 6834 6754
f 6819 6822 6834 6835
f 6824 6833 6834 6822
g exterior
f 6749 6832 6836 6757
f 6832 6831 6837 6836
f 6836 6837 6838 6839
f 6757 6836 6839 6758
f 6758 6839 6840 6762
f 6839 6838 2270 6840
f 6762 6840 2270 6763
f 6763 2270 2273 6766
f 6766 2273 2251 2249
f 2257 2256 6841 6768
f 6768 6841 6842 6771
f 6841 6843 6844 6842
f 6842 6844 6772 6771
f 6772 6844 6845 6846
f 6844 6843 6847 6845
f 6845 6847 6848 6849
f 6846 6845 6849 6778
g interior
f 6850 6851 6852 6853
f 6854 6855 6852 6851
f 6798 6796 6852 6855
f 6795 6853 6852 6796
g exterior
f 6795 6794 6856 6853
f 6778 6849 6856 6794
f 6848 6857 6856 6849
f 6850 6853 6856 6857
g interior
f 6798 6855 6858 6802
f 6855 6854 6859 6858
f 6858 6859 6860 6861
f 6802 6858 6861 6803
f 6803 6861 6862 2245
f 6861 6860 6863 6862
f 6862 6863 2258 2245
f 2247 2269 6864 6865
f 6865 6864 6866 6867
f 2247 6865 6867 6804
f 6804 6867 6868 6805
f 6867 6866 6869 6868
f 6868 6869 6870 6871
f 6805 6868 6871 6807
g exterior
f 6872 6873 6874 6875
f 6876 6877 6874 6873
f 6813 6810 6874 6877
f 6809 6875 6874 6810
g interior
f 6809 6818 6878 6875
f 6807 6871 6878 6818
f 6870 6879 6878 6871
f 6872 6875 6878 6879
g exterior
f 6813 6877 6880 6881
f 6877 6876 6882 6880
f 6880 6882 6883 6884
f 6881 6880 6884 6831
f 6831 6884 6885 6837
f 6884 6883 6886 6885
f 6837 6885 6886 6838
f 6838 6886 2271 2270
f 2256 2255 2277 6841
f 6841 2277 2280 6843
f 6843 2280 6887 6847
f 2280 6888 6889 6887
f 6887 6889 6848 6847
g interior
f 6890 6891 6892 6893
f 6854 6851 6892 6891
f 6850 6893 6892 6851
g exterior
f 6850 6857 6894 6893
f 6848 6889 6894 6857
f 6888 6895 6894 6889
f 6896 6897 6894 6895
f 6890 6893 6894 6897
f 6890 6897 6898 6899
f 6896 6900 6898 6897
f 6901 6899 6898 6900
g interior
f 6901 6902 6903 6899
f 6904 6905 6903 6902
f 6860 6859 6903 6905
f 6854 6891 6903 6859
f 6890 6899 6903 6891
f 6860 6905 6906 6863
f 6905 6904 2260 6906
f 6863 6906 2260 2258
f 2269 2268 6907 6864
f 2268 6908 6909 6907
f 6907 6909 6866 6864
g exterior
f 6910 6911 6912 6913
f 6914 6915 6912 6911
f 6916 6913 6912 6915
g interior
f 6916 6917 6918 6913
f 6870 6869 6918 6917
f 6866 6909 6918 6869
f 6908 6919 6918 6909
f 6910 6913 6918 6919
g exterior
f 6916 6915 6920 6921
f 6914 6922 6920 6915
f 6923 6924 6920 6922
f 6876 6873 6920 6924
f 6872 6921 6920 6873
g interior
f 6872 6879 6925 6921
f 6870 6917 6925 6879
f 6916 6921 6925 6917
g exterior
f 6876 6924 6926 6882
f 6924 6923 2291 6926
f 6882 6926 2291 6883
f 6883 2291 2294 6886
f 6886 2294 2274 2271
f 2280 2279 6927 6888
f 6888 6927 6928 6895
f 6927 6929 6930 6928
f 6928 6930 6896 6895
g interior
f 6931 6932 6933 6934
f 6935 6936 6933 6932
f 6904 6902 6933 6936
f 6901 6934 6933 6902
g exterior
f 6901 6900 6937 6934
f 6896 6930 6937 6900
f 6929 6938 6937 6930
f 6931 6934 6937 6938
g interior
f 6904 6936 6939 2260
f 6936 6935 6940 6939
f 6939 6940 6941 2260
f 2260 6941 6942 2261
f 2261 6942 2281 2262
f 2265 2290 6943 2266
f 2266 6943 6944 2268
f 2268 6944 6945 6946
f 6946 6945 6947 6948
f 2268 6946 6948 6908
g exterior
f 6949 6950 6951 6952
f 6953 6954 6951 6950
f 6914 6911 6951 6954
f 6910 6952 6951 6911
g interior
f 6910 6919 6955 6952
f 6908 6948 6955 6919
f 6947 6956 6955 6948
f 6949 6952 6955 6956
g exterior
f 6914 6954 6957 6922
f 6954 6953 6958 6957
f 6922 6957 6958 6923
f 6923 6958 2292 2291
f 2279 2278 6959 6927
f 6927 6959 6960 6961
f 6961 6960 6962 6963
f 6927 6961 6963 6929
g interior
f 6964 6965 6966 6967
f 6935 6932 6966 6965
f 6931 6967 6966 6932
g exterior
f 6931 6938 6968 6967
f 6929 6963 6968 6938
f 6962 6969 6968 6963
f 6970 6971 6968 6969
f 6964 6967 6968 6971
f 6964 6971 6972 6973
f 6970 6974 6972 6971
f 6975 6973 6972 6974
g interior
f 6975 6976 6977 6973
f 6978 6979 6977 6976
f 6941 6940 6977 6979
f 6935 6965 6977 6940
f 6964 6973 6977 6965
f 6941 6979 6980 6942
f 6979 6978 6981 6980
f 6980 6981 6982 6942
f 6942 6982 2283 2281
f 2290 2289 6983 6943
f 6943 6983 6984 6985
f 6985 6984 6986 6987
f 6943 6985 6987 6944
g exterior
f 6988 6989 6990 6991
f 6992 6993 6990 6989
f 6994 6991 6990 6993
g interior
f 6994 6995 6996 6991
f 6947 6945 6996 6995
f 6944 6987 6996 6945
f 6986 6997 6996 6987
f 6988 6991 6996 6997
g exterior
f 6994 6993 6998 6999
f 6992 7000 6998 6993
f 7001 7002 6998 7000
f 6953 6950 6998 7002
f 6949 6999 6998 6950
g interior
f 6949 6956 7003 6999
f 6947 6995 7003 6956
f 6994 6999 7003 6995
g exterior
f 6953 7002 7004 6958
f 7002 7001 7005 7004
f 7004 7005 7006 6958
f 6958 7006 2295 2292
f 2278 2299 7007 6959
f 6959 7007 7008 6960
f 7007 7009 7010 7008
f 7008 7010 6962 6960
f 6962 7010 7011 6969
f 7010 7009 7012 7011
f 7011 7012 7013 7014
f 6969 7011 7014 6970
g interior
f 7015 7016 7017 7018
f 7019 7020 7017 7016
f 6978 6976 7017 7020
f 6975 7018 7017 6976
g exterior
f 6975 6974 7021 7018
f 6970 7014 7021 6974
f 7013 7022 7021 7014
f 7015 7018 7021 7022
g interior
f 6978 7020 7023 6981
f 7020 7019 7024 7023
f 7023 7024 7025 7026
f 6981 7023 7026 6982
f 6982 7026 7027 2283
f 7026 7025 7028 7027
f 7027 7028 2300 2283
f 2289 2315 7029 7030
f 7030 7029 7031 7032
f 2289 7030 7032 6983
f 6983 7032 7033 6984
f 7032 7031 7034 7033
f 7033 7034 7035 7036
f 6984 7033 7036 6986
g exterior
f 7037 7038 7039 7040
f 7041 7042 7039 7038
f 6992 6989 7039 7042
f 6988 7040 7039 6989
g interior
f 6988 6997 7043 7040
f 6986 7036 7043 6997
f 7035 7044 7043 7036
f 7037 7040 7043 7044
g exterior
f 6992 7042 7045 7000
f 7042 7041 7046 7045
f 7045 7046 7047 7048
f 7000 7045 7048 7001
f 7001 7048 7049 7005
f 7048 7047 7050 7049
f 7005 7049 7050 7006
f 7006 7050 2316 2295
f 2299 2298 2324 7007
f 7007 2324 2328 7009
f 7009 2328 7051 7012
f 2328 7052 7053 7051
f 7051 7053 7013 7012
g interior
f 7054 7055 7056 7057
f 7019 7016 7056 7055
f 7015 7057 7056 7016
g exterior
f 7015 7022 7058 7057
f 7013 7053 7058 7022
f 7052 7059 7058 7053
f 7060 7061 7058 7059
f 7054 7057 7058 7061
f 7054 7061 7062 7063
f 7060 7064 7062 7061
f 7065 7063 7062 7064
g interior
f 7065 7066 7067 7063
f 7068 7069 7067 7066
f 7025 7024 7067 7069
f 7019 7055 7067 7024
f 7054 7063 7067 7055
f 7025 7069 7070 7028
f 7069 7068 2302 7070
f 7028 7070 2302 2300
f 2315 2314 7071 7029
f 2314 7072 7073 7071
f 7071 7073 7031 7029
g exterior
f 7074 7075 7076 7077
f 7078 7079 7076 7075
f 7080 7077 7076 7079
g interior
f 7080 7081 7082 7077
f 7035 7034 7082 7081
f 7031 7073 7082 7034
f 7072 7083 7082 7073
f 7074 7077 7082 7083
g exterior
f 7080 7079 7084 7085
f 7078 7086 7084 7079
f 7087 7088 7084 7086
f 7041 7038 7084 7088
f 7037 7085 7084 7038
g interior
f 7037 7044 7089 7085
f 7035 7081 7089 7044
f 7080 7085 7089 7081
g exterior
f 7041 7088 7090 7046
f 7088 7087 2335 7090
f 7046 7090 2335 7047
f 7047 2335 2338 7050
f 7050 2338 2318 2316
f 2328 2327 7091 7052
f 7052 7091 7092 7059
f 7091 7093 7094 7092
f 7092 7094 7060 7059
f 7095 7096 7097 7098
f 7093 7099 7097 7096
f 7100 7101 7097 7099
f 7102 7098 7097 7101
g interior
f 7100 7103 7104 7101
f 7105 7106 7104 7103
f 7107 7108 7104 7106
f 7102 7101 7104 7108
f 7107 7109 7110 7108
f 7068 7066 7110 7109
f 7065 7111 7110 7066
f 7102 7108 7110 7111
g exterior
f 7065 7064 7112 7111
f 7060 7113 7112 7064
f 7095 7098 7112 7113
f 7102 7111 7112 7098
g interior
f 7068 7114 7115 2302
f 7114 7105 7116 7115
f 7115 7116 7117 2302
f 2302 7117 7118 2303
f 2303 7118 2329 2304
f 2310 2334 7119 2313
f 2313 7119 7120 2314
f 2314 7120 7121 7122
f 7122 7121 7123 7124
f 2314 7122 7124 7072
f 7125 7126 7127 7128
f 7123 7129 7127 7126
f 7130 7131 7127 7129
f 7132 7128 7127 7131
g exterior
f 7130 7133 7134 7131
f 7135 7136 7134 7133
f 7137 7138 7134 7136
f 7132 7131 7134 7138
f 7137 7139 7140 7138
f 7078 7075 7140 7139
f 7074 7141 7140 7075
f 7132 7138 7140 7141
g interior
f 7074 7083 7142 7141
f 7072 7143 7142 7083
f 7125 7128 7142 7143
f 7132 7141 7142 7128
g exterior
f 7078 7144 7145 7086
f 7144 7135 7146 7145
f 7086 7145 7146 7087
f 7087 7146 2336 2335
f 2327 2326 7147 7091
f 7091 7147 7148 7149
f 7149 7148 7150 7151
f 7091 7149 7151 7093
g interior
f 7152 7153 7154 7155
f 7105 7103 7154 7153
f 7100 7155 7154 7103
g exterior
f 7100 7099 7156 7155
f 7093 7151 7156 7099
f 7150 7157 7156 7151
f 7158 7159 7156 7157
f 7152 7155 7156 7159
f 7152 7159 7160 7161
f 7158 7162 7160 7159
f 7163 7161 7160 7162
g interior
f 7163 7164 7165 7161
f 7166 7167 7165 7164
f 7117 7116 7165 7167
f 7105 7153 7165 7116
f 7152 7161 7165 7153
f 7117 7167 7168 7118
f 7167 7166 7169 7168
f 7168 7169 7170 7118
f 7118 7170 2331 2329
f 2334 2333 7171 7119
f 7119 7171 7172 7173
f 7173 7172 7174 7175
f 7119 7173 7175 7120
g exterior
f 7176 7177 7178 7179
f 7180 7181 7178 7177
f 7182 7179 7178 7181
g interior
f 7182 7183 7184 7179
f 7123 7121 7184 7183
f 7120 7175 7184 7121
f 7174 7185 7184 7175
f 7176 7179 7184 7185
g exterior
f 7182 7181 7186 7187
f 7180 7188 7186 7181
f 7189 7190 7186 7188
f 7135 7133 7186 7190
f 7130 7187 7186 7133
g interior
f 7130 7129 7191 7187
f 7123 7183 7191 7129
f 7182 7187 7191 7183
g exterior
f 7135 7190 7192 7146
f 7190 7189 7193 7192
f 7192 7193 7194 7146
f 7146 7194 2339 2336
f 2326 2347 7195 7147
f 7147 7195 7196 7148
f 7195 7197 7198 7196
f 7196 7198 7150 7148
f 7150 7198 7199 7157
f 7198 7197 7200 7199
f 7199 7200 7201 7202
f 7157 7199 7202 7158
g interior
f 7203 7204 7205 7206
f 7207 7208 7205 7204
f 7166 7164 7205 7208
f 7163 7206 7205 7164
g exterior
f 7163 7162 7209 7206
f 7158 7202 7209 7162
f 7201 7210 7209 7202
f 7203 7206 7209 7210
g interior
f 7166 7208 7211 7169
f 7208 7207 7212 7211
f 7211 7212 7213 7214
f 7169 7211 7214 7170
f 7170 7214 7215 2331
f 7214 7213 7216 7215
f 7215 7216 2348 2331
f 2333 2359 7217 7218
f 7218 7217 7219 7220
f 2333 7218 7220 7171
f 7171 7220 7221 7172
f 7220 7219 7222 7221
f 7221 7222 7223 7224
f 7172 7221 7224 7174
g exterior
f 7225 7226 7227 7228
f 7229 7230 7227 7226
f 7180 7177 7227 7230
f 7176 7228 7227 7177
g interior
f 7176 7185 7231 7228
f 7174 7224 7231 7185
f 7223 7232 7231 7224
f 7225 7228 7231 7232
g exterior
f 7180 7230 7233 7188
f 7230 7229 7234 7233
f 7233 7234 7235 7236
f 7188 7233 7236 7189
f 7189 7236 7237 7193
f 7236 7235 7238 7237
f 7193 7237 7238 7194
f 7194 7238 2360 2339
f 2347 2346 2365 7195
f 7195 2365 2368 7197
f 7197 2368 7239 7200
f 2368 7240 7241 7239
f 7239 7241 7201 7200
g interior
f 7242 7243 7244 7245
f 7207 7204 7244 7243
f 7203 7245 7244 7204
g exterior
f 7203 7210 7246 7245
f 7201 7241 7246 7210
f 7240 7247 7246 7241
f 7248 7249 7246 7247
f 7242 7245 7246 7249
f 7242 7249 7250 7251
f 7248 7252 7250 7249
f 7253 7251 7250 7252
g interior
f 7253 7254 7255 7251
f 7256 7257 7255 7254
f 7213 7212 7255 7257
f 7207 7243 7255 7212
f 7242 7251 7255 7243
f 7213 7257 7258 7216
f 7257 7256 2350 7258
f 7216 7258 2350 2348
f 2359 2358 7259 7217
f 2358 7260 7261 7259
f 7259 7261 7219 7217
g exterior
f 7262 7263 7264 7265
f 7266 7267 7264 7263
f 7268 7265 7264 7267
g interior
f 7268 7269 7270 7265
f 7223 7222 7270 7269
f 7219 7261 7270 7222
f 7260 7271 7270 7261
f 7262 7265 7270 7271
g exterior
f 7268 7267 7272 7273
f 7266 7274 7272 7267
f 7275 7276 7272 7274
f 7229 7226 7272 7276
f 7225 7273 7272 7226
g interior
f 7225 7232 7277 7273
f 7223 7269 7277 7232
f 7268 7273 7277 7269
g exterior
f 7229 7276 7278 7234
f 7276 7275 2379 7278
f 7234 7278 2379 7235
f 7235 2379 2382 7238
f 7238 2382 2362 2360
f 2368 2367 7279 7240
f 7240 7279 7280 7247
f 7279 7281 7282 7280
f 7280 7282 7248 7247
g interior
f 7283 7284 7285 7286
f 7287 7288 7285 7284
f 7256 7254 7285 7288
f 7253 7286 7285 7254
g exterior
f 7253 7252 7289 7286
f 7248 7282 7289 7252
f 7281 7290 7289 7282
f 7283 7286 7289 7290
g interior
f 7256 7288 7291 2350
f 7288 7287 7292 7291
f 7291 7292 7293 2350
f 2350 7293 7294 2351
f 2351 7294 2369 2352
f 2355 2378 7295 2356
f 2356 7295 7296 2358
f 2358 7296 7297 7298
f 7298 7297 7299 7300
f 2358 7298 7300 7260
g exterior
f 7301 7302 7303 7304
f 7305 7306 7303 7302
f 7266 7263 7303 7306
f 7262 7304 7303 7263
g interior
f 7262 7271 7307 7304
f 7260 7300 7307 7271
f 7299 7308 7307 7300
f 7301 7304 7307 7308
g exterior
f 7266 7306 7309 7274
f 7306 7305 7310 7309
f 7274 7309 7310 7275
f 7275 7310 2380 2379
f 2367 2366 7311 7279
f 7279 7311 7312 7313
f 7313 7312 7314 7315
f 7279 7313 7315 7281
g interior
f 7316 7317 7318 7319
f 7287 7284 7318 7317
f 7283 7319 7318 7284
g exterior
f 7283 7290 7320 7319
f 7281 7315 7320 7290
f 7314 7321 7320 7315
f 7322 7323 7320 7321
f 7316 7319 7320 7323
f 7316 7323 7324 7325
f 7322 7326 7324 7323
f 7327 7325 7324 7326
g interior
f 7327 7328 7329 7325
f 7330 7331 7329 7328
f 7293 7292 7329 7331
f 7287 7317 7329 7292
f 7316 7325 7329 7317
f 7293 7331 7332 7294
f 7331 7330 7333 7332
f 7332 7333 7334 7294
f 7294 7334 2371 2369
f 2378 2377 7335 7295
f 7295 7335 7336 7337
f 7337 7336 7338 7339
f 7295 7337 7339 7296
g exterior
f 7340 7341 7342 7343
f 7344 7345 7342 7341
f 7346 7343 7342 7345
g interior
f 7346 7347 7348 7343
f 7299 7297 7348 7347
f 7296 7339 7348 7297
f 7338 7349 7348 7339
f 7340 7343 7348 7349
g exterior
f 7346 7345 7350 7351
f 7344 7352 7350 7345
f 7353 7354 7350 7352
f 7305 7302 7350 7354
f 7301 7351 7350 7302
g interior
f 7301 7308 7355 7351
f 7299 7347 7355 7308
f 7346 7351 7355 7347
g exterior
f 7305 7354 7356 7310
f 7354 7353 7357 7356
f 7356 7357 7358 7310
f 7310 7358 2383 2380
f 2366 2387 7359 7311
f 7311 7359 7360 7312
f 7359 7361 7362 7360
f 7360 7362 7314 7312
f 7314 7362 7363 7321
f 7362 7361 7364 7363
f 7363 7364 7365 7366
f 7321 7363 7366 7322
g interior
f 7367 7368 7369 7370
f 7371 7372 7369 7368
f 7330 7328 7369 7372
f 7327 7370 7369 7328
g exterior
f 7327 7326 7373 7370
f 7322 7366 7373 7326
f 7365 7374 7373 7366
f 7367 7370 7373 7374
g interior
f 7330 7372 7375 7333
f 7372 7371 7376 7375
f 7375 7376 7377 7378
f 7333 7375 7378 7334
f 7334 7378 7379 2371
f 7378 7377 7380 7379
f 7379 7380 2388 2371
f 2377 2421 7381 7382
f 7382 7381 7383 7384
f 2377 7382 7384 7335
f 7335 7384 7385 7336
f 7384 7383 7386 7385
f 7385 7386 7387 7388
f 7336 7385 7388 7338
g exterior
f 7389 7390 7391 7392
f 7393 7394 7391 7390
f 7344 7341 7391 7394
f 7340 7392 7391 7341
g interior
f 7340 7349 7395 7392
f 7338 7388 7395 7349
f 7387 7396 7395 7388
f 7389 7392 7395 7396
g exterior
f 7344 7394 7397 7352
f 7394 7393 7398 7397
f 7397 7398 7399 7400
f 7352 7397 7400 7353
f 7353 7400 7401 7357
f 7400 7399 7402 7401
f 7357 7401 7402 7358
f 7358 7402 2422 2383
f 2387 2386 2430 7359
f 7359 2430 2434 7361
f 7361 2434 7403 7364
f 2434 7404 7405 7403
f 7403 7405 7365 7364
g interior
f 7406 7407 7408 7409
f 7371 7368 7408 7407
f 7367 7409 7408 7368
g exterior
f 7367 7374 7410 7409
f 7365 7405 7410 7374
f 7404 7411 7410 7405
f 7412 7413 7410 7411
f 7406 7409 7410 7413
f 7406 7413 7414 7415
f 7412 7416 7414 7413
f 7417 7415 7414 7416
g interior
f 7417 7418 7419 7415
f 7420 7421 7419 7418
f 7377 7376 7419 7421
f 7371 7407 7419 7376
f 7406 7415 7419 7407
f 7377 7421 7422 7380
f 7421 7420 2390 7422
f 7380 7422 2390 2388
f 2421 2420 7423 7381
f 2420 7424 7425 7423
f 7423 7425 7383 7381
g exterior
f 7426 7427 7428 7429
f 7430 7431 7428 7427
f 7432 7429 7428 7431
g interior
f 7432 7433 7434 7429
f 7387 7386 7434 7433
f 7383 7425 7434 7386
f 7424 7435 7434 7425
f 7426 7429 7434 7435
g exterior
f 7432 7431 7436 7437
f 7430 7438 7436 7431
f 7439 7440 7436 7438
f 7393 7390 7436 7440
f 7389 7437 7436 7390
g interior
f 7389 7396 7441 7437
f 7387 7433 7441 7396
f 7432 7437 7441 7433
g exterior
f 7393 7440 7442 7398
f 7440 7439 2453 7442
f 7398 7442 2453 7399
f 7399 2453 2456 7402
f 7402 2456 2424 2422
f 2434 2433 7443 7404
f 7404 7443 7444 7411
f 7443 7445 7446 7444
f 7444 7446 7412 7411
g interior
f 7447 7448 7449 7450
f 7451 7452 7449 7448
f 7420 7418 7449 7452
f 7417 7450 7449 7418
g exterior
f 7417 7416 7453 7450
f 7412 7446 7453 7416
f 7445 7454 7453 7446
f 7447 7450 7453 7454
g interior
f 7420 7452 7455 2390
f 7452 7451 7456 7455
f 7455 7456 7457 2390
f 2390 7457 7458 7459
f 7459 7458 7460 7461
f 2390 7459 7461 2391
f 2391 7461 7462 2392
f 7461 7460 7463 7462
f 7462 7463 7464 2392
f 2392 7464 7465 2395
f 2395 7465 7466 2396
f 2396 7466 7467 2397
f 2397 7467 2435 2399
f 2409 2452 7468 2412
f 2412 7468 7469 2413
f 2413 7469 7470 2414
f 2414 7470 7471 2416
f 2416 7471 7472 7473
f 7473 7472 7474 7475
f 2416 7473 7475 2419
f 2419 7475 7476 2420
f 7475 7474 7477 7476
f 7476 7477 7478 2420
f 2420 7478 7479 7480
f 7480 7479 7481 7482
f 2420 7480 7482 7424
g exterior
f 7483 7484 7485 7486
f 7487 7488 7485 7484
f 7430 7427 7485 7488
f 7426 7486 7485 7427
g interior
f 7426 7435 7489 7486
f 7424 7482 7489 7435
f 7481 7490 7489 7482
f 7483 7486 7489 7490
g exterior
f 7430 7488 7491 7438
f 7488 7487 7492 7491
f 7438 7491 7492 7439
f 7439 7492 2454 2453
f 2433 2432 7493 7443
f 7443 7493 7494 7495
f 7495 7494 7496 7497
f 7443 7495 7497 7445
f 7498 7499 7500 7501
f 7496 7502 7500 7499
f 7503 7504 7500 7502
f 7505 7501 7500 7504
f 7503 7506 7507 7504
f 7508 7509 7507 7506
f 7505 7504 7507 7509
f 7505 7510 7511 7501
f 7497 7512 7511 7510
f 7498 7501 7511 7512
f 7513 7514 7515 7516
f 7517 7518 7515 7514
f 7519 7520 7515 7518
f 7505 7516 7515 7520
f 7519 7521 7522 7520
f 7523 7524 7522 7521
f 7505 7520 7522 7524
f 7505 7509 7525 7516
f 7508 7526 7525 7509
f 7513 7516 7525 7526
f 7505 7527 7528 7529
f 7447 7530 7528 7527
f 7454 7529 7528 7530
f 7454 7531 7532 7529
f 7445 7533 7532 7531
f 7534 7535 7532 7533
f 7505 7529 7532 7535
f 7534 7536 7537 7535
f 7497 7510 7537 7536
f 7505 7535 7537 7510
g interior
f 7538 7539 7540 7541
f 7451 7542 7540 7539
f 7448 7543 7540 7542
f 7505 7541 7540 7543
f 7448 7544 7545 7543
f 7447 7527 7545 7544
f 7505 7543 7545 7527
f 7505 7524 7546 7541
f 7523 7547 7546 7524
f 7538 7541 7546 7547
g exterior
f 7523 7519 7548 7549
f 7517 7550 7548 7519
f 7551 7552 7548 7550
f 7553 7549 7548 7552
g interior
f 7553 7554 7555 7549
f 7457 7456 7555 7554
f 7451 7538 7555 7456
f 7523 7549 7555 7538
g exterior
f 7553 7552 7556 7557
f 7551 7558 7556 7552
f 7559 7557 7556 7558
g interior
f 7559 7560 7561 7557
f 7562 7563 7561 7560
f 7460 7458 7561 7563
f 7457 7554 7561 7458
f 7553 7557 7561 7554
f 7460 7563 7564 7463
f 7563 7562 7565 7564
f 7564 7565 7566 7567
f 7463 7564 7567 7464
f 7464 7567 7568 7465
f 7567 7566 7569 7568
f 7568 7569 7570 7465
f 7465 7570 7571 7572
f 7572 7571 7573 7574
f 7465 7572 7574 7466
f 7466 7574 7575 7467
f 7574 7573 7576 7575
f 7575 7576 7577 7467
f 7467 7577 2437 2435
f 2452 2451 7578 7468
f 7468 7578 7579 7580
f 7580 7579 7581 7582
f 7468 7580 7582 7469
f 7469 7582 7583 7470
f 7582 7581 7584 7583
f 7583 7584 7585 7470
f 7470 7585 7586 7587
f 7587 7586 7588 7589
f 7470 7587 7589 7471
f 7471 7589 7590 7472
f 7589 7588 7591 7590
f 7590 7591 7592 7593
f 7472 7590 7593 7474
g exterior
f 7594 7595 7596 7597
f 7598 7599 7596 7595
f 7600 7597 7596 7599
g interior
f 7600 7601 7602 7597
f 7478 7477 7602 7601
f 7474 7593 7602 7477
f 7592 7603 7602 7593
f 7594 7597 7602 7603
g exterior
f 7600 7599 7604 7605
f 7598 7606 7604 7599
f 7607 7608 7604 7606
f 7609 7605 7604 7608
g interior
f 7609 7610 7611 7605
f 7481 7479 7611 7610
f 7478 7601 7611 7479
f 7600 7605 7611 7601
g exterior
f 7612 7613 7614 7615
f 7616 7617 7614 7613
f 7618 7619 7614 7617
f 7620 7615 7614 7619
f 7618 7621 7622 7619
f 7623 7624 7622 7621
f 7620 7619 7622 7624
f 7620 7625 7626 7615
f 7627 7628 7626 7625
f 7612 7615 7626 7628
f 7629 7630 7631 7632
f 7487 7633 7631 7630
f 7484 7634 7631 7633
f 7620 7632 7631 7634
f 7484 7635 7636 7634
f 7483 7637 7636 7635
f 7620 7634 7636 7637
f 7620 7624 7638 7632
f 7623 7639 7638 7624
f 7629 7632 7638 7639
f 7620 7640 7641 7642
f 7609 7643 7641 7640
f 7608 7642 7641 7643
f 7608 7644 7645 7642
f 7607 7646 7645 7644
f 7647 7648 7645 7646
f 7620 7642 7645 7648
f 7647 7649 7650 7648
f 7627 7625 7650 7649
f 7620 7648 7650 7625
g interior
f 7490 7651 7652 7653
f 7481 7654 7652 7651
f 7610 7655 7652 7654
f 7620 7653 7652 7655
f 7610 7656 7657 7655
f 7609 7640 7657 7656
f 7620 7655 7657 7640
f 7620 7637 7658 7653
f 7483 7659 7658 7637
f 7490 7653 7658 7659
g exterior
f 7487 7623 7660 7492
f 7623 7616 7661 7660
f 7660 7661 7662 7492
f 7492 7662 2457 2454
f 2432 2465 7663 7493
f 7493 7663 7664 7494
f 7663 7665 7666 7664
f 7664 7666 7496 7494
f 7496 7666 7667 7508
f 7666 7665 7668 7667
f 7508 7667 7668 7517
f 7517 7668 7669 7550
f 7668 7670 7671 7669
f 7669 7671 7551 7550
g interior
f 7672 7673 7674 7675
f 7562 7560 7674 7673
f 7559 7675 7674 7560
g exterior
f 7559 7558 7676 7675
f 7551 7671 7676 7558
f 7670 7677 7676 7671
f 7678 7679 7676 7677
f 7672 7675 7676 7679
f 7672 7679 7680 7681
f 7678 7682 7680 7679
f 7683 7684 7680 7682
f 7685 7681 7680 7684
g interior
f 7685 7686 7687 7681
f 7566 7565 7687 7686
f 7562 7673 7687 7565
f 7672 7681 7687 7673
g exterior
f 7685 7684 7688 7689
f 7683 7690 7688 7684
f 7691 7692 7688 7690
f 7693 7689 7688 7692
g interior
f 7693 7694 7695 7689
f 7570 7569 7695 7694
f 7566 7686 7695 7569
f 7685 7689 7695 7686
g exterior
f 7693 7692 7696 7697
f 7691 7698 7696 7692
f 7699 7697 7696 7698
g interior
f 7699 7700 7701 7697
f 7702 7703 7701 7700
f 7573 7571 7701 7703
f 7570 7694 7701 7571
f 7693 7697 7701 7694
f 7573 7703 7704 7576
f 7703 7702 7705 7704
f 7704 7705 7706 7707
f 7576 7704 7707 7577
f 7577 7707 7708 2437
f 7707 7706 7709 7708
f 7708 7709 7710 2437
f 2437 7710 7711 2438
f 2438 7711 7712 2439
f 2439 7712 7713 2442
f 2442 7713 2466 2443
f 2444 2477 7714 2445
f 2445 7714 7715 2447
f 2447 7715 7716 2450
f 2450 7716 7717 2451
f 2451 7717 7718 7719
f 7719 7718 7720 7721
f 2451 7719 7721 7578
f 7578 7721 7722 7579
f 7721 7720 7723 7722
f 7722 7723 7724 7725
f 7579 7722 7725 7581
g exterior
f 7726 7727 7728 7729
f 7730 7731 7728 7727
f 7732 7729 7728 7731
g interior
f 7732 7733 7734 7729
f 7585 7584 7734 7733
f 7581 7725 7734 7584
f 7724 7735 7734 7725
f 7726 7729 7734 7735
g exterior
f 7732 7731 7736 7737
f 7730 7738 7736 7731
f 7739 7740 7736 7738
f 7741 7737 7736 7740
g interior
f 7741 7742 7743 7737
f 7588 7586 7743 7742
f 7585 7733 7743 7586
f 7732 7737 7743 7733
g exterior
f 7741 7740 7744 7745
f 7739 7746 7744 7740
f 7747 7748 7744 7746
f 7749 7745 7744 7748
g interior
f 7749 7750 7751 7745
f 7592 7591 7751 7750
f 7588 7742 7751 7591
f 7741 7745 7751 7742
g exterior
f 7749 7748 7752 7753
f 7747 7754 7752 7748
f 7755 7756 7752 7754
f 7598 7595 7752 7756
f 7594 7753 7752 7595
g interior
f 7594 7603 7757 7753
f 7592 7750 7757 7603
f 7749 7753 7757 7750
g exterior
f 7598 7756 7758 7606
f 7756 7755 7759 7758
f 7606 7758 7759 7607
f 7607 7759 7760 7627
f 7759 7761 7762 7760
f 7760 7762 7616 7627
f 7616 7762 7763 7661
f 7762 7761 7764 7763
f 7661 7763 7764 7662
f 7662 7764 2478 2457
f 2465 2464 2483 7663
f 7663 2483 2485 7665
f 7665 2485 2487 7668
f 7668 2487 2488 7670
f 7670 2488 7765 7677
f 2488 2490 7766 7765
f 7765 7766 7678 7677
f 7678 7766 7767 7682
f 7766 2490 2493 7767
f 7682 7767 2493 7683
f 7683 2493 7768 7690
f 2493 7769 7770 7768
f 7768 7770 7691 7690
g interior
f 7771 7772 7773 7774
f 7702 7700 7773 7772
f 7699 7774 7773 7700
g exterior
f 7699 7698 7775 7774
f 7691 7770 7775 7698
f 7769 7776 7775 7770
f 7777 7778 7775 7776
f 7771 7774 7775 7778
f 7771 7778 7779 7780
f 7777 7781 7779 7778
f 7782 7783 7779 7781
f 7784 7780 7779 7783
g interior
f 7784 7785 7786 7780
f 7706 7705 7786 7785
f 7702 7772 7786 7705
f 7771 7780 7786 7772
g exterior
f 7784 7783 7787 7788
f 7782 7789 7787 7783
f 7790 7788 7787 7789
g interior
f 7790 7791 7792 7788
f 7793 7794 7792 7791
f 7710 7709 7792 7794
f 7706 7785 7792 7709
f 7784 7788 7792 7785
f 7710 7794 7795 7711
f 7794 7793 7796 7795
f 7795 7796 7797 7711
f 7711 7797 7798 7799
f 7799 7798 7800 7801
f 7711 7799 7801 7712
f 7712 7801 7802 7713
f 7801 7800 7803 7802
f 7802 7803 7804 7713
f 7713 7804 2468 2466
f 2477 2476 7805 7714
f 7714 7805 7806 7807
f 7807 7806 7808 7809
f 7714 7807 7809 7715
f 7715 7809 7810 7716
f 7809 7808 7811 7810
f 7810 7811 7812 7716
f 7716 7812 7813 7814
f 7814 7813 7815 7816
f 7716 7814 7816 7717
g exterior
f 7817 7818 7819 7820
f 7821 7822 7819 7818
f 7823 7820 7819 7822
g interior
f 7823 7824 7825 7820
f 7720 7718 7825 7824
f 7717 7816 7825 7718
f 7815 7826 7825 7816
f 7817 7820 7825 7826
g exterior
f 7823 7822 7827 7828
f 7821 7829 7827 7822
f 7830 7831 7827 7829
f 7832 7828 7827 7831
g interior
f 7832 7833 7834 7828
f 7724 7723 7834 7833
f 7720 7824 7834 7723
f 7823 7828 7834 7824
g exterior
f 7832 7831 7835 7836
f 7830 7837 7835 7831
f 7838 7839 7835 7837
f 7730 7727 7835 7839
f 7726 7836 7835 7727
g interior
f 7726 7735 7840 7836
f 7724 7833 7840 7735
f 7832 7836 7840 7833
g exterior
f 7730 7839 7841 7738
f 7839 7838 2504 7841
f 7738 7841 2504 7739
f 7739 2504 7842 7746
f 2504 2507 7843 7842
f 7842 7843 7747 7746
f 7747 7843 7844 7754
f 7843 2507 2509 7844
f 7754 7844 2509 7755
f 7755 2509 2511 7759
f 7759 2511 2513 7761
f 7761 2513 2515 7764
f 7764 2515 2480 2478
f 2493 2492 7845 7769
f 7769 7845 7846 7776
f 7845 7847 7848 7846
f 7846 7848 7777 7776
f 7777 7848 7849 7781
f 7848 7847 7850 7849
f 7849 7850 7851 7852
f 7781 7849 7852 7782
g interior
f 7853 7854 7855 7856
f 7793 7791 7855 7854
f 7790 7856 7855 7791
g exterior
f 7790 7789 7857 7856
f 7782 7852 7857 7789
f 7851 7858 7857 7852
f 7859 7860 7857 7858
f 7853 7856 7857 7860
f 7853 7860 7861 7862
f 7859 7863 7861 7860
f 7864 7865 7861 7863
f 7866 7862 7861 7865
g interior
f 7866 7867 7868 7862
f 7797 7796 7868 7867
f 7793 7854 7868 7796
f 7853 7862 7868 7854
g exterior
f 7866 7865 7869 7870
f 7864 7871 7869 7865
f 7872 7873 7869 7871
f 7874 7870 7869 7873
g interior
f 7874 7875 7876 7870
f 7800 7798 7876 7875
f 7797 7867 7876 7798
f 7866 7870 7876 7867
g exterior
f 7874 7873 7877 7878
f 7872 7879 7877 7873
f 7880 7878 7877 7879
g interior
f 7880 7881 7882 7878
f 7883 7884 7882 7881
f 7804 7803 7882 7884
f 7800 7875 7882 7803
f 7874 7878 7882 7875
f 7804 7884 7885 2468
f 7884 7883 7886 7885
f 7885 7886 7887 2468
f 2468 7887 7888 2469
f 2469 7888 2494 2470
f 2473 2503 7889 2474
f 2474 7889 7890 2476
f 2476 7890 7891 7892
f 7892 7891 7893 7894
f 2476 7892 7894 7805
g exterior
f 7895 7896 7897 7898
f 7899 7900 7897 7896
f 7901 7898 7897 7900
g interior
f 7901 7902 7903 7898
f 7808 7806 7903 7902
f 7805 7894 7903 7806
f 7893 7904 7903 7894
f 7895 7898 7903 7904
g exterior
f 7901 7900 7905 7906
f 7899 7907 7905 7900
f 7908 7909 7905 7907
f 7910 7906 7905 7909
g interior
f 7910 7911 7912 7906
f 7812 7811 7912 7911
f 7808 7902 7912 7811
f 7901 7906 7912 7902
g exterior
f 7910 7909 7913 7914
f 7908 7915 7913 7909
f 7916 7917 7913 7915
f 7918 7914 7913 7917
g interior
f 7918 7919 7920 7914
f 7815 7813 7920 7919
f 7812 7911 7920 7813
f 7910 7914 7920 7911
g exterior
f 7918 7917 7921 7922
f 7916 7923 7921 7917
f 7924 7925 7921 7923
f 7821 7818 7921 7925
f 7817 7922 7921 7818
g interior
f 7817 7826 7926 7922
f 7815 7919 7926 7826
f 7918 7922 7926 7919
g exterior
f 7821 7925 7927 7829
f 7925 7924 7928 7927
f 7927 7928 7929 7930
f 7829 7927 7930 7830
f 7830 7930 7931 7837
f 7930 7929 7932 7931
f 7837 7931 7932 7838
f 7838 7932 2505 2504
f 2492 2491 2518 7845
f 7845 2518 2521 7847
f 7847 2521 7933 7850
f 2521 2523 7934 7933
f 7933 7934 7851 7850
f 7851 7934 7935 7858
f 7934 2523 2527 7935
f 7858 7935 2527 7859
f 7859 2527 7936 7863
f 2527 7937 7938 7936
f 7936 7938 7864 7863
f 7864 7938 7939 7871
f 7938 7937 7940 7939
f 7939 7940 7941 7942
f 7871 7939 7942 7872
g interior
f 7943 7944 7945 7946
f 7947 7948 7945 7944
f 7949 7946 7945 7948
f 7947 7950 7951 7948
f 7883 7952 7951 7950
f 7953 7954 7951 7952
f 7949 7948 7951 7954
f 7953 7955 7956 7954
f 7880 7957 7956 7955
f 7949 7954 7956 7957
g exterior
f 7880 7879 7958 7957
f 7872 7942 7958 7879
f 7941 7959 7958 7942
f 7960 7961 7958 7959
f 7943 7946 7958 7961
f 7949 7957 7958 7946
f 7943 7961 7962 7963
f 7960 7964 7962 7961
f 7965 7963 7962 7964
g interior
f 7965 7966 7967 7963
f 7968 7969 7967 7966
f 7887 7886 7967 7969
f 7883 7970 7967 7886
f 7943 7963 7967 7970
f 7887 7969 7971 7888
f 7969 7968 7972 7971
f 7971 7972 7973 7888
f 7888 7973 2496 2494
f 2503 2502 7974 7889
f 7889 7974 7975 7976
f 7976 7975 7977 7978
f 7889 7976 7978 7890
g exterior
f 7979 7980 7981 7982
f 7983 7984 7981 7980
f 7985 7982 7981 7984
g interior
f 7985 7986 7987 7982
f 7893 7891 7987 7986
f 7890 7978 7987 7891
f 7977 7988 7987 7978
f 7979 7982 7987 7988
f 7989 7990 7991 7992
f 7985 7993 7991 7990
f 7994 7992 7991 7993
g exterior
f 7985 7984 7995 7993
f 7983 7996 7995 7984
f 7997 7998 7995 7996
f 7994 7993 7995 7998
f 7997 7999 8000 7998
f 8001 8002 8000 7999
f 7899 7896 8000 8002
f 7895 8003 8000 7896
f 7994 7998 8000 8003
g interior
f 7895 7904 8004 8003
f 7893 8005 8004 7904
f 7989 7992 8004 8005
f 7994 8003 8004 7992
g exterior
f 7899 8002 8006 7907
f 8002 8001 8007 8006
f 8006 8007 8008 8009
f 7907 8006 8009 7908
f 7908 8009 8010 7915
f 8009 8008 2593 8010
f 7915 8010 2593 7916
f 7916 2593 8011 7923
f 2593 2596 8012 8011
f 8011 8012 7924 7923
f 7924 8012 8013 7928
f 8012 2596 2601 8013
f 7928 8013 2601 7929
f 7929 2601 2603 7932
f 7932 2603 2508 2505
f 2527 2526 8014 7937
f 7937 8014 8015 7940
f 8014 8016 8017 8015
f 8015 8017 7941 7940
f 7941 8017 8018 7959
f 8017 8016 8019 8018
f 8018 8019 8020 8021
f 7959 8018 8021 7960
g interior
f 8022 8023 8024 8025
f 7968 7966 8024 8023
f 7965 8025 8024 7966
g exterior
f 7965 7964 8026 8025
f 7960 8021 8026 7964
f 8020 8027 8026 8021
f 8028 8029 8026 8027
f 8022 8025 8026 8029
f 8022 8029 8030 8031
f 8028 8032 8030 8029
f 8033 8031 8030 8032
g interior
f 8033 8034 8035 8031
f 8036 8037 8035 8034
f 7973 7972 8035 8037
f 7968 8023 8035 7972
f 8022 8031 8035 8023
f 7973 8037 8038 2496
f 8037 8036 8039 8038
f 8038 8039 8040 2496
f 2496 8040 8041 2497
f 2497 8041 2528 2498
f 2499 2592 8042 2500
f 2500 8042 8043 2502
f 2502 8043 8044 8045
f 8045 8044 8046 8047
f 2502 8045 8047 7974
g exterior
f 8048 8049 8050 8051
f 8052 8053 8050 8049
f 8054 8051 8050 8053
g interior
f 8054 8055 8056 8051
f 7977 7975 8056 8055
f 7974 8047 8056 7975
f 8046 8057 8056 8047
f 8048 8051 8056 8057
g exterior
f 8054 8053 8058 8059
f 8052 8060 8058 8053
f 8061 8062 8058 8060
f 7983 7980 8058 8062
f 7979 8059 8058 7980
g interior
f 7979 7988 8063 8059
f 7977 8055 8063 7988
f 8054 8059 8063 8055
g exterior
f 7983 8062 8064 8065
f 8062 8061 8066 8064
f 8064 8066 8067 8068
f 8065 8064 8068 8001
f 8001 8068 8069 8007
f 8068 8067 8070 8069
f 8007 8069 8070 8008
f 8008 8070 2594 2593
f 2526 2525 2609 8014
f 8014 2609 2613 8016
f 8016 2613 8071 8019
f 2613 8072 8073 8071
f 8071 8073 8020 8019
f 8020 8073 8074 8027
f 8073 8072 8075 8074
f 8074 8075 8076 8077
f 8027 8074 8077 8028
g interior
f 8078 8079 8080 8081
f 8036 8034 8080 8079
f 8033 8081 8080 8034
g exterior
f 8033 8032 8082 8081
f 8028 8077 8082 8032
f 8076 8083 8082 8077
f 8084 8085 8082 8083
f 8078 8081 8082 8085
f 8078 8085 8086 8087
f 8084 8088 8086 8085
f 8089 8087 8086 8088
g interior
f 8089 8090 8091 8087
f 8092 8093 8091 8090
f 8040 8039 8091 8093
f 8036 8079 8091 8039
f 8078 8087 8091 8079
f 8040 8093 8094 8041
f 8093 8092 8095 8094
f 8094 8095 8096 8041
f 8041 8096 2530 2528
f 2592 2591 8097 8042
f 8042 8097 8098 8099
f 8099 8098 8100 8101
f 8042 8099 8101 8043
g exterior
f 8102 8103 8104 8105
f 8106 8107 8104 8103
f 8108 8105 8104 8107
g interior
f 8108 8109 8110 8105
f 8046 8044 8110 8109
f 8043 8101 8110 8044
f 8100 8111 8110 8101
f 8102 8105 8110 8111
g exterior
f 8108 8107 8112 8113
f 8106 8114 8112 8107
f 8115 8116 8112 8114
f 8052 8049 8112 8116
f 8048 8113 8112 8049
g interior
f 8048 8057 8117 8113
f 8046 8109 8117 8057
f 8108 8113 8117 8109
g exterior
f 8052 8116 8118 8060
f 8116 8115 8119 8118
f 8118 8119 8120 8121
f 8060 8118 8121 8061
f 8061 8121 8122 8066
f 8121 8120 2624 8122
f 8066 8122 2624 8067
f 8067 2624 2627 8070
f 8070 2627 2597 2594
f 2613 2612 8123 8072
f 8072 8123 8124 8075
f 8123 8125 8126 8124
f 8124 8126 8076 8075
f 8076 8126 8127 8083
f 8126 8125 8128 8127
f 8127 8128 8129 8130
f 8083 8127 8130 8084
g interior
f 8131 8132 8133 8134
f 8092 8090 8133 8132
f 8089 8134 8133 8090
g exterior
f 8089 8088 8135 8134
f 8084 8130 8135 8088
f 8129 8136 8135 8130
f 8137 8138 8135 8136
f 8131 8134 8135 8138
f 8131 8138 8139 8140
f 8137 8141 8139 8138
f 8142 8140 8139 8141
g interior
f 8142 8143 8144 8140
f 8145 8146 8144 8143
f 8096 8095 8144 8146
f 8092 8132 8144 8095
f 8131 8140 8144 8132
f 8096 8146 8147 2530
f 8146 8145 8148 8147
f 8147 8148 8149 2530
f 2530 8149 8150 2531
f 2531 8150 8151 2532
f 2532 8151 8152 2533
f 2533 8152 8153 2535
f 2535 8153 8154 2538
f 2538 8154 8155 2539
f 2539 8155 8156 2540
f 2540 8156 8157 2542
f 2542 8157 8158 8159
f 8159 8158 8160 8161
f 2542 8159 8161 2545
f 2545 8161 8162 2546
f 8161 8160 8163 8162
f 8162 8163 8164 2546
f 2546 8164 8165 8166
f 8166 8165 8167 8168
f 2546 8166 8168 2547
f 2547 8168 8169 2549
f 8168 8167 8170 8169
f 8169 8170 8171 2549
f 2549 8171 8172 2552
f 2552 8172 8173 2553
f 2553 8173 8174 2554
f 2554 8174 2614 2556
f 2563 2623 8175 2566
f 2566 8175 8176 2567
f 2567 8176 8177 2568
f 2568 8177 8178 2570
f 2570 8178 8179 8180
f 8180 8179 8181 8182
f 2570 8180 8182 2573
f 2573 8182 8183 2574
f 8182 8181 8184 8183
f 8183 8184 8185 2574
f 2574 8185 8186 8187
f 8187 8186 8188 8189
f 2574 8187 8189 2575
f 2575 8189 8190 2577
f 8189 8188 8191 8190
f 8190 8191 8192 2577
f 2577 8192 8193 2580
f 2580 8193 8194 2581
f 2581 8194 8195 2582
f 2582 8195 8196 2584
f 2584 8196 8197 2587
f 2587 8197 8198 2588
f 2588 8198 8199 2589
f 2589 8199 8200 2591
f 2591 8200 8201 8202
f 8202 8201 8203 8204
f 2591 8202 8204 8097
g exterior
f 8205 8206 8207 8208
f 8209 8210 8207 8206
f 8211 8208 8207 8210
g interior
f 8211 8212 8213 8208
f 8100 8098 8213 8212
f 8097 8204 8213 8098
f 8203 8214 8213 8204
f 8205 8208 8213 8214
g exterior
f 8211 8210 8215 8216
f 8209 8217 8215 8210
f 8218 8219 8215 8217
f 8106 8103 8215 8219
f 8102 8216 8215 8103
g interior
f 8102 8111 8220 8216
f 8100 8212 8220 8111
f 8211 8216 8220 8212
g exterior
f 8106 8219 8221 8114
f 8219 8218 8222 8221
f 8221 8222 8223 8224
f 8114 8221 8224 8115
f 8115 8224 8225 8119
f 8224 8223 8226 8225
f 8119 8225 8226 8120
f 8120 8226 2625 2624
f 2612 2611 2638 8123
f 8123 2638 2642 8125
f 8125 2642 8227 8128
f 2642 8228 8229 8227
f 8227 8229 8129 8128
f 8129 8229 8230 8136
f 8229 8228 8231 8230
f 8230 8231 8232 8233
f 8136 8230 8233 8137
g interior
f 8234 8235 8236 8237
f 8145 8143 8236 8235
f 8142 8237 8236 8143
g exterior
f 8142 8141 8238 8237
f 8137 8233 8238 8141
f 8232 8239 8238 8233
f 8240 8241 8238 8239
f 8234 8237 8238 8241
f 8234 8241 8242 8243
f 8240 8244 8242 8241
f 8245 8243 8242 8244
g interior
f 8245 8246 8247 8243
f 8248 8249 8247 8246
f 8149 8148 8247 8249
f 8145 8235 8247 8148
f 8234 8243 8247 8235
f 8149 8249 8250 8150
f 8249 8248 8251 8250
f 8250 8251 8252 8150
f 8150 8252 8253 8151
f 8151 8253 8254 8152
f 8152 8254 8255 8256
f 8256 8255 8257 8258
f 8152 8256 8258 8153
f 8153 8258 8259 8154
f 8258 8257 8260 8259
f 8259 8260 8261 8154
f 8154 8261 8262 8263
f 8263 8262 8264 8265
f 8154 8263 8265 8155
f 8155 8265 8266 8156
f 8265 8264 8267 8266
f 8266 8267 8268 8156
f 8156 8268 8269 8270
f 8270 8269 8271 8272
f 8156 8270 8272 8157
f 8157 8272 8273 8158
f 8272 8271 8274 8273
f 8273 8274 8275 8276
f 8158 8273 8276 8160
g exterior
f 8277 8278 8279 8280
f 8281 8282 8279 8278
f 8283 8280 8279 8282
g interior
f 8283 8284 8285 8280
f 8164 8163 8285 8284
f 8160 8276 8285 8163
f 8275 8286 8285 8276
f 8277 8280 8285 8286
g exterior
f 8283 8282 8287 8288
f 8281 8289 8287 8282
f 8290 8291 8287 8289
f 8292 8288 8287 8291
f 8290 8293 8294 8291
f 8295 8296 8294 8293
f 8292 8291 8294 8296
g interior
f 8295 8297 8298 8296
f 8299 8300 8298 8297
f 8167 8301 8298 8300
f 8302 8303 8298 8301
f 8292 8296 8298 8303
f 8302 8304 8305 8303
f 8164 8284 8305 8304
f 8283 8288 8305 8284
f 8292 8303 8305 8288
f 8167 8300 8306 8170
f 8300 8299 8307 8306
f 8306 8307 8308 8309
f 8170 8306 8309 8171
f 8171 8309 8310 8172
f 8309 8308 8311 8310
f 8310 8311 8312 8172
f 8172 8312 8313 8314
f 8314 8313 8315 8316
f 8172 8314 8316 8173
f 8173 8316 8317 8174
f 8316 8315 8318 8317
f 8317 8318 8319 8174
f 8174 8319 2616 2614
f 2623 2622 8320 8175
f 8175 8320 8321 8322
f 8322 8321 8323 8324
f 8175 8322 8324 8176
f 8176 8324 8325 8177
f 8324 8323 8326 8325
f 8325 8326 8327 8177
f 8177 8327 8328 8329
f 8329 8328 8330 8331
f 8177 8329 8331 8178
f 8178 8331 8332 8179
f 8331 8330 8333 8332
f 8332 8333 8334 8335
f 8179 8332 8335 8181
g exterior
f 8336 8337 8338 8339
f 8340 8341 8338 8337
f 8342 8339 8338 8341
f 8340 8343 8344 8341
f 8345 8346 8344 8343
f 8347 8348 8344 8346
f 8342 8341 8344 8348
g interior
f 8347 8349 8350 8348
f 8185 8351 8350 8349
f 8352 8353 8350 8351
f 8342 8348 8350 8353
f 8352 8354 8355 8353
f 8181 8335 8355 8354
f 8334 8356 8355 8335
f 8336 8339 8355 8356
f 8342 8353 8355 8339
g exterior
f 8347 8346 8357 8358
f 8345 8359 8357 8346
f 8360 8358 8357 8359
g interior
f 8360 8361 8362 8358
f 8363 8364 8362 8361
f 8188 8186 8362 8364
f 8185 8349 8362 8186
f 8347 8358 8362 8349
f 8188 8364 8365 8191
f 8364 8363 8366 8365
f 8365 8366 8367 8368
f 8191 8365 8368 8192
f 8192 8368 8369 8193
f 8368 8367 8370 8369
f 8369 8370 8371 8193
f 8193 8371 8372 8373
f 8373 8372 8374 8375
f 8193 8373 8375 8194
f 8194 8375 8376 8195
f 8375 8374 8377 8376
f 8376 8377 8378 8195
f 8195 8378 8379 8380
f 8380 8379 8381 8382
f 8195 8380 8382 8196
f 8196 8382 8383 8197
f 8382 8381 8384 8383
f 8383 8384 8385 8197
f 8197 8385 8386 8198
f 8198 8386 8387 8199
f 8199 8387 8388 8389
f 8389 8388 8390 8391
f 8199 8389 8391 8200
g exterior
f 8392 8393 8394 8395
f 8396 8397 8394 8393
f 8398 8395 8394 8397
g interior
f 8398 8399 8400 8395
f 8203 8201 8400 8399
f 8200 8391 8400 8201
f 8390 8401 8400 8391
f 8392 8395 8400 8401
g exterior
f 8398 8397 8402 8403
f 8396 8404 8402 8397
f 8405 8406 8402 8404
f 8209 8206 8402 8406
f 8205 8403 8402 8206
g interior
f 8205 8214 8407 8403
f 8203 8399 8407 8214
f 8398 8403 8407 8399
g exterior
f 8209 8406 8408 8217
f 8406 8405 8409 8408
f 8408 8409 8410 8411
f 8217 8408 8411 8218
f 8218 8411 8412 8222
f 8411 8410 2643 8412
f 8222 8412 2643 8223
f 8223 2643 2646 8226
f 8226 2646 2628 2625
f 2642 2641 8413 8228
f 8228 8413 8414 8231
f 8413 8415 8416 8414
f 8414 8416 8232 8231
f 8232 8416 8417 8239
f 8416 8415 8418 8417
f 8417 8418 8419 8420
f 8239 8417 8420 8240
g interior
f 8421 8422 8423 8424
f 8248 8246 8423 8422
f 8245 8424 8423 8246
g exterior
f 8245 8244 8425 8424
f 8240 8420 8425 8244
f 8419 8426 8425 8420
f 8427 8428 8425 8426
f 8421 8424 8425 8428
f 8421 8428 8429 8430
f 8427 8431 8429 8428
f 8432 8430 8429 8431
g interior
f 8432 8433 8434 8430
f 8435 8436 8434 8433
f 8252 8251 8434 8436
f 8248 8422 8434 8251
f 8421 8430 8434 8422
f 8252 8436 8437 8253
f 8436 8435 8438 8437
f 8437 8438 8439 8253
f 8253 8439 8440 8441
f 8441 8440 8442 8443
f 8253 8441 8443 8254
g exterior
f 8444 8445 8446 8447
f 8448 8449 8446 8445
f 8450 8447 8446 8449
g interior
f 8450 8451 8452 8447
f 8257 8255 8452 8451
f 8254 8443 8452 8255
f 8442 8453 8452 8443
f 8444 8447 8452 8453
g exterior
f 8450 8449 8454 8455
f 8448 8456 8454 8449
f 8457 8458 8454 8456
f 8459 8455 8454 8458
g interior
f 8459 8460 8461 8455
f 8261 8260 8461 8460
f 8257 8451 8461 8260
f 8450 8455 8461 8451
g exterior
f 8459 8458 8462 8463
f 8457 8464 8462 8458
f 8465 8466 8462 8464
f 8467 8463 8462 8466
g interior
f 8467 8468 8469 8463
f 8264 8262 8469 8468
f 8261 8460 8469 8262
f 8459 8463 8469 8460
g exterior
f 8467 8466 8470 8471
f 8465 8472 8470 8466
f 8473 8474 8470 8472
f 8475 8471 8470 8474
g interior
f 8475 8476 8477 8471
f 8268 8267 8477 8476
f 8264 8468 8477 8267
f 8467 8471 8477 8468
g exterior
f 8475 8474 8478 8479
f 8473 8480 8478 8474
f 8481 8482 8478 8480
f 8483 8479 8478 8482
g interior
f 8483 8484 8485 8479
f 8271 8269 8485 8484
f 8268 8476 8485 8269
f 8475 8479 8485 8476
g exterior
f 8483 8482 8486 8487
f 8481 8488 8486 8482
f 8489 8490 8486 8488
f 8491 8487 8486 8490
g interior
f 8491 8492 8493 8487
f 8275 8274 8493 8492
f 8271 8484 8493 8274
f 8483 8487 8493 8484
g exterior
f 8491 8490 8494 8495
f 8489 8496 8494 8490
f 8497 8498 8494 8496
f 8281 8278 8494 8498
f 8277 8495 8494 8278
g interior
f 8277 8286 8499 8495
f 8275 8492 8499 8286
f 8491 8495 8499 8492
f 8500 8501 8502 8503
f 8299 8297 8502 8501
f 8295 8503 8502 8297
g exterior
f 8295 8504 8505 8503
f 8281 8498 8505 8504
f 8497 8506 8505 8498
f 8507 8508 8505 8506
f 8500 8503 8505 8508
f 8500 8508 8509 8510
f 8507 8511 8509 8508
f 8512 8513 8509 8511
f 8514 8510 8509 8513
g interior
f 8514 8515 8516 8510
f 8308 8307 8516 8515
f 8299 8501 8516 8307
f 8500 8510 8516 8501
g exterior
f 8514 8513 8517 8518
f 8512 8519 8517 8513
f 8520 8521 8517 8519
f 8522 8518 8517 8521
g interior
f 8522 8523 8524 8518
f 8312 8311 8524 8523
f 8308 8515 8524 8311
f 8514 8518 8524 8515
g exterior
f 8522 8521 8525 8526
f 8520 8527 8525 8521
f 8528 8529 8525 8527
f 8530 8526 8525 8529
g interior
f 8530 8531 8532 8526
f 8315 8313 8532 8531
f 8312 8523 8532 8313
f 8522 8526 8532 8523
g exterior
f 8530 8529 8533 8534
f 8528 8535 8533 8529
f 8536 8534 8533 8535
g interior
f 8536 8537 8538 8534
f 8539 8540 8538 8537
f 8319 8318 8538 8540
f 8315 8531 8538 8318
f 8530 8534 8538 8531
f 8319 8540 8541 2616
f 8540 8539 8542 8541
f 8541 8542 8543 2616
f 2616 8543 8544 8545
f 8545 8544 8546 8547
f 2616 8545 8547 2617
f 2617 8547 8548 2618
f 8547 8546 8549 8548
f 8548 8549 8550 2618
f 2618 8550 8551 8552
f 8552 8551 8553 8554
f 2618 8552 8554 2621
f 2621 8554 8555 2622
f 8554 8553 8556 8555
f 8555 8556 8557 2622
f 2622 8557 8558 8559
f 8559 8558 8560 8561
f 2622 8559 8561 8320
g exterior
f 8562 8563 8564 8565
f 8566 8567 8564 8563
f 8568 8565 8564 8567
g interior
f 8568 8569 8570 8565
f 8323 8321 8570 8569
f 8320 8561 8570 8321
f 8560 8571 8570 8561
f 8562 8565 8570 8571
g exterior
f 8568 8567 8572 8573
f 8566 8574 8572 8567
f 8575 8576 8572 8574
f 8577 8573 8572 8576
g interior
f 8577 8578 8579 8573
f 8327 8326 8579 8578
f 8323 8569 8579 8326
f 8568 8573 8579 8569
g exterior
f 8577 8576 8580 8581
f 8575 8582 8580 8576
f 8583 8584 8580 8582
f 8585 8581 8580 8584
g interior
f 8585 8586 8587 8581
f 8330 8328 8587 8586
f 8327 8578 8587 8328
f 8577 8581 8587 8578
g exterior
f 8585 8584 8588 8589
f 8583 8590 8588 8584
f 8591 8592 8588 8590
f 8593 8589 8588 8592
g interior
f 8593 8594 8595 8589
f 8334 8333 8595 8594
f 8330 8586 8595 8333
f 8585 8589 8595 8586
g exterior
f 8593 8592 8596 8597
f 8591 8598 8596 8592
f 8599 8600 8596 8598
f 8345 8601 8596 8600
f 8336 8597 8596 8601
g interior
f 8336 8356 8602 8597
f 8334 8594 8602 8356
f 8593 8597 8602 8594
f 8603 8604 8605 8606
f 8363 8361 8605 8604
f 8360 8606 8605 8361
g exterior
f 8360 8359 8607 8606
f 8345 8600 8607 8359
f 8599 8608 8607 8600
f 8609 8610 8607 8608
f 8603 8606 8607 8610
f 8603 8610 8611 8612
f 8609 8613 8611 8610
f 8614 8615 8611 8613
f 8616 8612 8611 8615
g interior
f 8616 8617 8618 8612
f 8367 8366 8618 8617
f 8363 8604 8618 8366
f 8603 8612 8618 8604
g exterior
f 8616 8615 8619 8620
f 8614 8621 8619 8615
f 8622 8623 8619 8621
f 8624 8620 8619 8623
g interior
f 8624 8625 8626 8620
f 8371 8370 8626 8625
f 8367 8617 8626 8370
f 8616 8620 8626 8617
g exterior
f 8624 8623 8627 8628
f 8622 8629 8627 8623
f 8630 8631 8627 8629
f 8632 8628 8627 8631
g interior
f 8632 8633 8634 8628
f 8374 8372 8634 8633
f 8371 8625 8634 8372
f 8624 8628 8634 8625
g exterior
f 8632 8631 8635 8636
f 8630 8637 8635 8631
f 8638 8639 8635 8637
f 8640 8636 8635 8639
g interior
f 8640 8641 8642 8636
f 8378 8377 8642 8641
f 8374 8633 8642 8377
f 8632 8636 8642 8633
g exterior
f 8640 8639 8643 8644
f 8638 8645 8643 8639
f 8646 8647 8643 8645
f 8648 8644 8643 8647
g interior
f 8648 8649 8650 8644
f 8381 8379 8650 8649
f 8378 8641 8650 8379
f 8640 8644 8650 8641
g exterior
f 8648 8647 8651 8652
f 8646 8653 8651 8647
f 8654 8652 8651 8653
g interior
f 8654 8655 8656 8652
f 8657 8658 8656 8655
f 8385 8384 8656 8658
f 8381 8649 8656 8384
f 8648 8652 8656 8649
f 8385 8658 8659 8386
f 8658 8657 8660 8659
f 8659 8660 8661 8386
f 8386 8661 8662 8663
f 8663 8662 8664 8665
f 8386 8663 8665 8387
g exterior
f 8666 8667 8668 8669
f 8670 8671 8668 8667
f 8672 8669 8668 8671
g interior
f 8672 8673 8674 8669
f 8390 8388 8674 8673
f 8387 8665 8674 8388
f 8664 8675 8674 8665
f 8666 8669 8674 8675
g exterior
f 8672 8671 8676 8677
f 8670 8678 8676 8671
f 8679 8680 8676 8678
f 8396 8393 8676 8680
f 8392 8677 8676 8393
g interior
f 8392 8401 8681 8677
f 8390 8673 8681 8401
f 8672 8677 8681 8673
g exterior
f 8396 8680 8682 8404
f 8680 8679 8683 8682
f 8682 8683 8684 8685
f 8404 8682 8685 8405
f 8405 8685 8686 8409
f 8685 8684 8687 8686
f 8409 8686 8687 8410
f 8410 8687 2644 2643
f 2641 2640 2657 8413
f 8413 2657 2661 8415
f 8415 2661 8688 8418
f 2661 8689 8690 8688
f 8688 8690 8419 8418
f 8419 8690 8691 8426
f 8690 8689 8692 8691
f 8691 8692 8693 8694
f 8426 8691 8694 8427
f 8695 8696 8697 8698
f 8699 8700 8697 8696
f 8701 8702 8697 8700
f 8703 8698 8697 8702
g interior
f 8701 8704 8705 8702
f 8435 8433 8705 8704
f 8432 8706 8705 8433
f 8703 8702 8705 8706
g exterior
f 8432 8431 8707 8706
f 8427 8694 8707 8431
f 8693 8708 8707 8694
f 8695 8698 8707 8708
f 8703 8706 8707 8698
f 8701 8700 8709 8710
f 8699 8711 8709 8700
f 8712 8713 8709 8711
f 8714 8710 8709 8713
g interior
f 8714 8715 8716 8710
f 8439 8438 8716 8715
f 8435 8704 8716 8438
f 8701 8710 8716 8704
g exterior
f 8714 8713 8717 8718
f 8712 8719 8717 8713
f 8720 8721 8717 8719
f 8722 8718 8717 8721
g interior
f 8722 8723 8724 8718
f 8442 8440 8724 8723
f 8439 8715 8724 8440
f 8714 8718 8724 8715
g exterior
f 8722 8721 8725 8726
f 8720 8727 8725 8721
f 8728 8729 8725 8727
f 8448 8445 8725 8729
f 8444 8726 8725 8445
g interior
f 8444 8453 8730 8726
f 8442 8723 8730 8453
f 8722 8726 8730 8723
g exterior
f 8448 8729 8731 8456
f 8729 8728 8732 8731
f 8731 8732 8733 8734
f 8456 8731 8734 8457
f 8457 8734 8735 8464
f 8734 8733 2662 8735
f 8464 8735 2662 8465
f 8465 2662 8736 8472
f 2662 2665 8737 8736
f 8736 8737 8473 8472
f 8473 8737 8738 8480
f 8737 2665 2670 8738
f 8480 8738 2670 8481
f 8481 2670 8739 8488
f 2670 2672 8740 8739
f 8739 8740 8489 8488
f 8489 8740 8741 8496
f 8740 2672 2674 8741
f 8496 8741 2674 8497
f 8497 2674 8742 8506
f 2674 2676 8743 8742
f 8742 8743 8507 8506
f 8507 8743 8744 8511
f 8743 2676 2679 8744
f 8511 8744 2679 8512
f 8512 2679 8745 8519
f 2679 8746 8747 8745
f 8745 8747 8520 8519
f 8520 8747 8748 8527
f 8747 8746 8749 8748
f 8748 8749 8750 8751
f 8527 8748 8751 8528
g interior
f 8752 8753 8754 8755
f 8539 8537 8754 8753
f 8536 8755 8754 8537
g exterior
f 8536 8535 8756 8755
f 8528 8751 8756 8535
f 8750 8757 8756 8751
f 8758 8759 8756 8757
f 8752 8755 8756 8759
f 8752 8759 8760 8761
f 8758 8762 8760 8759
f 8763 8764 8760 8762
f 8765 8761 8760 8764
g interior
f 8765 8766 8767 8761
f 8543 8542 8767 8766
f 8539 8753 8767 8542
f 8752 8761 8767 8753
g exterior
f 8765 8764 8768 8769
f 8763 8770 8768 8764
f 8771 8772 8768 8770
f 8773 8769 8768 8772
g interior
f 8773 8774 8775 8769
f 8546 8544 8775 8774
f 8543 8766 8775 8544
f 8765 8769 8775 8766
g exterior
f 8773 8772 8776 8777
f 8771 8778 8776 8772
f 8779 8780 8776 8778
f 8781 8777 8776 8780
f 8779 8782 8783 8780
f 8784 8785 8783 8782
f 8786 8787 8783 8785
f 8781 8780 8783 8787
g interior
f 8786 8788 8789 8787
f 8550 8790 8789 8788
f 8791 8792 8789 8790
f 8781 8787 8789 8792
f 8791 8793 8794 8792
f 8546 8774 8794 8793
f 8773 8777 8794 8774
f 8781 8792 8794 8777
g exterior
f 8786 8785 8795 8796
f 8784 8797 8795 8785
f 8798 8799 8795 8797
f 8800 8796 8795 8799
g interior
f 8800 8801 8802 8796
f 8553 8551 8802 8801
f 8550 8788 8802 8551
f 8786 8796 8802 8788
g exterior
f 8800 8799 8803 8804
f 8798 8805 8803 8799
f 8806 8807 8803 8805
f 8808 8804 8803 8807
g interior
f 8808 8809 8810 8804
f 8557 8556 8810 8809
f 8553 8801 8810 8556
f 8800 8804 8810 8801
g exterior
f 8808 8807 8811 8812
f 8806 8813 8811 8807
f 8814 8815 8811 8813
f 8816 8812 8811 8815
g interior
f 8816 8817 8818 8812
f 8560 8558 8818 8817
f 8557 8809 8818 8558
f 8808 8812 8818 8809
g exterior
f 8816 8815 8819 8820
f 8814 8821 8819 8815
f 8822 8823 8819 8821
f 8566 8563 8819 8823
f 8562 8820 8819 8563
g interior
f 8562 8571 8824 8820
f 8560 8817 8824 8571
f 8816 8820 8824 8817
g exterior
f 8566 8823 8825 8574
f 8823 8822 8826 8825
f 8825 8826 8827 8828
f 8574 8825 8828 8575
f 8575 8828 8829 8582
f 8828 8827 2680 8829
f 8582 8829 2680 8583
f 8583 2680 8830 8590
f 2680 2683 8831 8830
f 8830 8831 8591 8590
f 8591 8831 8832 8598
f 8831 2683 2686 8832
f 8598 8832 2686 8599
f 8599 2686 8833 8608
f 2686 2688 8834 8833
f 8833 8834 8609 8608
f 8609 8834 8835 8613
f 8834 2688 2691 8835
f 8613 8835 2691 8614
f 8614 2691 8836 8621
f 2691 2693 8837 8836
f 8836 8837 8622 8621
f 8622 8837 8838 8629
f 8837 2693 2697 8838
f 8629 8838 2697 8630
f 8630 2697 8839 8637
f 2697 8840 8841 8839
f 8839 8841 8638 8637
f 8638 8841 8842 8645
f 8841 8840 8843 8842
f 8842 8843 8844 8845
f 8645 8842 8845 8646
g interior
f 8846 8847 8848 8849
f 8657 8655 8848 8847
f 8654 8849 8848 8655
g exterior
f 8654 8653 8850 8849
f 8646 8845 8850 8653
f 8844 8851 8850 8845
f 8852 8853 8850 8851
f 8846 8849 8850 8853
f 8846 8853 8854 8855
f 8852 8856 8854 8853
f 8857 8858 8854 8856
f 8859 8855 8854 8858
g interior
f 8859 8860 8861 8855
f 8661 8660 8861 8860
f 8657 8847 8861 8660
f 8846 8855 8861 8847
g exterior
f 8859 8858 8862 8863
f 8857 8864 8862 8858
f 8865 8866 8862 8864
f 8867 8863 8862 8866
g interior
f 8867 8868 8869 8863
f 8664 8662 8869 8868
f 8661 8860 8869 8662
f 8859 8863 8869 8860
g exterior
f 8867 8866 8870 8871
f 8865 8872 8870 8866
f 8873 8874 8870 8872
f 8875 8871 8870 8874
f 8873 8876 8877 8874
f 8878 8879 8877 8876
f 8670 8667 8877 8879
f 8666 8880 8877 8667
f 8875 8874 8877 8880
g interior
f 8666 8675 8881 8880
f 8664 8868 8881 8675
f 8867 8871 8881 8868
f 8875 8880 8881 8871
g exterior
f 8670 8879 8882 8678
f 8879 8878 8883 8882
f 8882 8883 8884 8885
f 8678 8882 8885 8679
f 8679 8885 8886 8683
f 8885 8884 2698 8886
f 8683 8886 2698 8684
f 8684 2698 2701 8687
f 8687 2701 2647 2644
f 2661 2660 8887 8689
f 8689 8887 8888 8692
f 8887 8889 8890 8888
f 8888 8890 8693 8692
f 8693 8890 8891 8892
f 8890 8889 8893 8891
f 8892 8891 8893 8699
f 8699 8893 8894 8711
f 8893 8895 8896 8894
f 8894 8896 8712 8711
f 8712 8896 8897 8719
f 8896 8895 8898 8897
f 8719 8897 8898 8720
f 8720 8898 8899 8727
f 8898 8900 8901 8899
f 8899 8901 8728 8727
f 8728 8901 8902 8732
f 8901 8900 8903 8902
f 8732 8902 8903 8733
f 8733 8903 2663 2662
f 2679 2678 8904 8746
f 8746 8904 8905 8749
f 8904 8906 8907 8905
f 8905 8907 8750 8749
f 8750 8907 8908 8757
f 8907 8906 8909 8908
f 8757 8908 8909 8758
f 8758 8909 8910 8762
f 8909 8911 8912 8910
f 8910 8912 8763 8762
f 8763 8912 8913 8770
f 8912 8911 8914 8913
f 8770 8913 8914 8771
f 8771 8914 8915 8916
f 8914 8917 8918 8915
f 8915 8918 8784 8916
f 8784 8918 8919 8797
f 8918 8917 8920 8919
f 8797 8919 8920 8798
f 8798 8920 8921 8805
f 8920 8922 8923 8921
f 8921 8923 8806 8805
f 8806 8923 8924 8813
f 8923 8922 8925 8924
f 8813 8924 8925 8814
f 8814 8925 8926 8821
f 8925 8927 8928 8926
f 8926 8928 8822 8821
f 8822 8928 8929 8826
f 8928 8927 8930 8929
f 8826 8929 8930 8827
f 8827 8930 2681 2680
f 2697 2696 8931 8840
f 8840 8931 8932 8843
f 8931 8933 8934 8932
f 8932 8934 8844 8843
f 8844 8934 8935 8851
f 8934 8933 8936 8935
f 8851 8935 8936 8852
f 8852 8936 8937 8856
f 8936 8938 8939 8937
f 8937 8939 8857 8856
f 8857 8939 8940 8864
f 8939 8938 8941 8940
f 8864 8940 8941 8865
f 8865 8941 8942 8943
f 8941 8944 8945 8942
f 8942 8945 8878 8943
f 8878 8945 8946 8883
f 8945 8944 8947 8946
f 8883 8946 8947 8884
f 8884 8947 2699 2698
f 2660 2659 2712 8887
f 8887 2712 2714 8889
f 8889 2714 2716 8893
f 8893 2716 2719 8895
f 8895 2719 2721 8898
f 8898 2721 2723 8900
f 8900 2723 2725 8903
f 8903 2725 2666 2663
f 2678 2677 2733 8904
f 8904 2733 2736 8906
f 8906 2736 2738 8909
f 8909 2738 2740 8911
f 8911 2740 2742 8914
f 8914 2742 2745 8917
f 8917 2745 2747 8920
f 8920 2747 2749 8922
f 8922 2749 2751 8925
f 8925 2751 2754 8927
f 8927 2754 2756 8930
f 8930 2756 2684 2681
f 2696 2695 2764 8931
f 8931 2764 2766 8933
f 8933 2766 2768 8936
f 8936 2768 2771 8938
f 8938 2771 2773 8941
f 8941 2773 2775 8944
f 8944 2775 2777 8947
f 8947 2777 2702 2699
